ISO-10303-21;
HEADER;
FILE_DESCRIPTION(('CATIA V5 STEP Exchange'),'2;1');

FILE_NAME('C:\\Users\\Administrator\\Desktop\\\X2\63D0624B57AB5708\X0\.stp','2020-07-31T07:25:15+00:00',('none'),('none'),'CATIA Version 5 Release 20 GA (IN-10)','CATIA V5 STEP AP203','none');

FILE_SCHEMA(('CONFIG_CONTROL_DESIGN'));

ENDSEC;
/* file written by CATIA V5R20 */
DATA;
#5=PRODUCT('\X2\63D0624B57AB5708\X0\','','',(#2)) ;
#1=APPLICATION_CONTEXT('configuration controlled 3D design of mechanical parts and assemblies') ;
#14=PRODUCT_DEFINITION('',' ',#6,#3) ;
#16=SECURITY_CLASSIFICATION(' ',' ',#15) ;
#15=SECURITY_CLASSIFICATION_LEVEL('unclassified') ;
#47=CARTESIAN_POINT(' ',(0.,0.,0.)) ;
#52=CARTESIAN_POINT('Axis2P3D Location',(0.,0.,1.5)) ;
#57=CARTESIAN_POINT('Line Origine',(-48.,0.,1.5)) ;
#61=CARTESIAN_POINT('Vertex',(-48.,10.,1.5)) ;
#63=CARTESIAN_POINT('Vertex',(-48.,-10.,1.5)) ;
#66=CARTESIAN_POINT('Line Origine',(-42.25,-10.,1.5)) ;
#70=CARTESIAN_POINT('Vertex',(-36.5,-10.,1.5)) ;
#73=CARTESIAN_POINT('Axis2P3D Location',(-36.5,-5.,1.5)) ;
#77=CARTESIAN_POINT('Vertex',(-31.5,-5.,1.5)) ;
#80=CARTESIAN_POINT('Line Origine',(-31.5,-4.25,1.5)) ;
#84=CARTESIAN_POINT('Vertex',(-31.5,-3.5,1.5)) ;
#87=CARTESIAN_POINT('Line Origine',(-15.75,-3.5,1.5)) ;
#91=CARTESIAN_POINT('Vertex',(0.,-3.5,1.5)) ;
#94=CARTESIAN_POINT('Line Origine',(15.75,-3.5,1.5)) ;
#98=CARTESIAN_POINT('Vertex',(31.5,-3.5,1.5)) ;
#101=CARTESIAN_POINT('Line Origine',(31.5,-4.25,1.5)) ;
#105=CARTESIAN_POINT('Vertex',(31.5,-5.,1.5)) ;
#108=CARTESIAN_POINT('Axis2P3D Location',(36.5,-5.,1.5)) ;
#112=CARTESIAN_POINT('Vertex',(36.5,-10.,1.5)) ;
#115=CARTESIAN_POINT('Line Origine',(42.25,-10.,1.5)) ;
#119=CARTESIAN_POINT('Vertex',(48.,-10.,1.5)) ;
#122=CARTESIAN_POINT('Line Origine',(48.,0.,1.5)) ;
#126=CARTESIAN_POINT('Vertex',(48.,10.,1.5)) ;
#129=CARTESIAN_POINT('Line Origine',(42.25,10.,1.5)) ;
#133=CARTESIAN_POINT('Vertex',(36.5,10.,1.5)) ;
#136=CARTESIAN_POINT('Axis2P3D Location',(36.5,5.,1.5)) ;
#140=CARTESIAN_POINT('Vertex',(31.5,5.,1.5)) ;
#143=CARTESIAN_POINT('Line Origine',(31.5,4.25,1.5)) ;
#147=CARTESIAN_POINT('Vertex',(31.5,3.5,1.5)) ;
#150=CARTESIAN_POINT('Line Origine',(15.75,3.5,1.5)) ;
#154=CARTESIAN_POINT('Vertex',(0.,3.5,1.5)) ;
#157=CARTESIAN_POINT('Line Origine',(-15.75,3.5,1.5)) ;
#161=CARTESIAN_POINT('Vertex',(-31.5,3.5,1.5)) ;
#164=CARTESIAN_POINT('Line Origine',(-31.5,4.25,1.5)) ;
#168=CARTESIAN_POINT('Vertex',(-31.5,5.,1.5)) ;
#171=CARTESIAN_POINT('Axis2P3D Location',(-36.5,5.,1.5)) ;
#175=CARTESIAN_POINT('Vertex',(-36.5,10.,1.5)) ;
#178=CARTESIAN_POINT('Line Origine',(-42.25,10.,1.5)) ;
#204=CARTESIAN_POINT('Line Origine',(-65.5,-3.75,1.5)) ;
#208=CARTESIAN_POINT('Vertex',(-65.5,9.23705556488E-014,1.5)) ;
#210=CARTESIAN_POINT('Vertex',(-65.5,-7.5,1.5)) ;
#213=CARTESIAN_POINT('Axis2P3D Location',(-63.,-7.5,1.5)) ;
#217=CARTESIAN_POINT('Vertex',(-63.,-10.,1.5)) ;
#220=CARTESIAN_POINT('Line Origine',(-59.25,-10.,1.5)) ;
#224=CARTESIAN_POINT('Vertex',(-55.5,-10.,1.5)) ;
#227=CARTESIAN_POINT('Line Origine',(-55.5,0.,1.5)) ;
#231=CARTESIAN_POINT('Vertex',(-55.5,10.,1.5)) ;
#234=CARTESIAN_POINT('Line Origine',(-59.25,10.,1.5)) ;
#238=CARTESIAN_POINT('Vertex',(-63.,10.,1.5)) ;
#241=CARTESIAN_POINT('Axis2P3D Location',(-63.,7.5,1.5)) ;
#245=CARTESIAN_POINT('Vertex',(-65.5,7.5,1.5)) ;
#248=CARTESIAN_POINT('Line Origine',(-65.5,3.75,1.5)) ;
#263=CARTESIAN_POINT('Line Origine',(59.25,10.,1.5)) ;
#267=CARTESIAN_POINT('Vertex',(63.,10.,1.5)) ;
#269=CARTESIAN_POINT('Vertex',(55.5,10.,1.5)) ;
#272=CARTESIAN_POINT('Line Origine',(55.5,0.,1.5)) ;
#276=CARTESIAN_POINT('Vertex',(55.5,-10.,1.5)) ;
#279=CARTESIAN_POINT('Line Origine',(59.25,-10.,1.5)) ;
#283=CARTESIAN_POINT('Vertex',(63.,-10.,1.5)) ;
#286=CARTESIAN_POINT('Axis2P3D Location',(63.,-7.5,1.5)) ;
#290=CARTESIAN_POINT('Vertex',(65.5,-7.5,1.5)) ;
#293=CARTESIAN_POINT('Line Origine',(65.5,-3.75,1.5)) ;
#297=CARTESIAN_POINT('Vertex',(65.5,9.23705556488E-014,1.5)) ;
#300=CARTESIAN_POINT('Line Origine',(65.5,3.75,1.5)) ;
#304=CARTESIAN_POINT('Vertex',(65.5,7.5,1.5)) ;
#307=CARTESIAN_POINT('Axis2P3D Location',(63.,7.5,1.5)) ;
#322=CARTESIAN_POINT('Axis2P3D Location',(-31.5,-5.,1.5)) ;
#327=CARTESIAN_POINT('Line Origine',(-31.5,4.25,0.75)) ;
#331=CARTESIAN_POINT('Vertex',(-31.5,3.5,0.75)) ;
#333=CARTESIAN_POINT('Vertex',(-31.5,5.,0.75)) ;
#336=CARTESIAN_POINT('Line Origine',(-31.5,5.,1.125)) ;
#341=CARTESIAN_POINT('Line Origine',(-31.5,3.5,1.125)) ;
#353=CARTESIAN_POINT('Axis2P3D Location',(0.,0.,0.75)) ;
#358=CARTESIAN_POINT('Line Origine',(-49.75,-11.5,0.75)) ;
#362=CARTESIAN_POINT('Vertex',(-63.,-11.5,0.75)) ;
#364=CARTESIAN_POINT('Vertex',(-36.5,-11.5,0.75)) ;
#367=CARTESIAN_POINT('Axis2P3D Location',(-36.5,-5.,0.75)) ;
#371=CARTESIAN_POINT('Vertex',(-30.,-5.,0.75)) ;
#374=CARTESIAN_POINT('Line Origine',(-15.,-5.,0.75)) ;
#378=CARTESIAN_POINT('Vertex',(0.,-5.,0.75)) ;
#381=CARTESIAN_POINT('Line Origine',(15.,-5.,0.75)) ;
#385=CARTESIAN_POINT('Vertex',(30.,-5.,0.75)) ;
#388=CARTESIAN_POINT('Axis2P3D Location',(36.5,-5.,0.75)) ;
#392=CARTESIAN_POINT('Vertex',(36.5,-11.5,0.75)) ;
#395=CARTESIAN_POINT('Line Origine',(49.75,-11.5,0.75)) ;
#399=CARTESIAN_POINT('Vertex',(63.,-11.5,0.75)) ;
#402=CARTESIAN_POINT('Axis2P3D Location',(63.,-7.5,0.75)) ;
#406=CARTESIAN_POINT('Vertex',(67.,-7.5,0.75)) ;
#409=CARTESIAN_POINT('Line Origine',(67.,-3.75,0.75)) ;
#413=CARTESIAN_POINT('Vertex',(67.,-3.21520587931E-013,0.75)) ;
#416=CARTESIAN_POINT('Line Origine',(67.,3.75,0.75)) ;
#420=CARTESIAN_POINT('Vertex',(67.,7.5,0.75)) ;
#423=CARTESIAN_POINT('Axis2P3D Location',(63.,7.5,0.75)) ;
#427=CARTESIAN_POINT('Vertex',(63.,11.5,0.75)) ;
#430=CARTESIAN_POINT('Line Origine',(49.75,11.5,0.75)) ;
#434=CARTESIAN_POINT('Vertex',(36.5,11.5,0.75)) ;
#437=CARTESIAN_POINT('Axis2P3D Location',(36.5,5.,0.75)) ;
#441=CARTESIAN_POINT('Vertex',(30.,5.,0.75)) ;
#444=CARTESIAN_POINT('Line Origine',(15.,5.,0.75)) ;
#448=CARTESIAN_POINT('Vertex',(3.5527136788E-015,5.,0.75)) ;
#451=CARTESIAN_POINT('Line Origine',(-15.,5.,0.75)) ;
#455=CARTESIAN_POINT('Vertex',(-30.,5.,0.75)) ;
#458=CARTESIAN_POINT('Axis2P3D Location',(-36.5,5.,0.75)) ;
#462=CARTESIAN_POINT('Vertex',(-36.5,11.5,0.75)) ;
#465=CARTESIAN_POINT('Line Origine',(-49.75,11.5,0.75)) ;
#469=CARTESIAN_POINT('Vertex',(-63.,11.5,0.75)) ;
#472=CARTESIAN_POINT('Axis2P3D Location',(-63.,7.5,0.75)) ;
#476=CARTESIAN_POINT('Vertex',(-67.,7.5,0.75)) ;
#479=CARTESIAN_POINT('Line Origine',(-67.,3.75,0.75)) ;
#483=CARTESIAN_POINT('Vertex',(-67.,4.61852778244E-014,0.75)) ;
#486=CARTESIAN_POINT('Line Origine',(-67.,-3.75,0.75)) ;
#490=CARTESIAN_POINT('Vertex',(-67.,-7.5,0.75)) ;
#493=CARTESIAN_POINT('Axis2P3D Location',(-63.,-7.5,0.75)) ;
#520=CARTESIAN_POINT('Line Origine',(-49.5,3.5527136788E-015,0.75)) ;
#524=CARTESIAN_POINT('Vertex',(-49.5,-8.5,0.75)) ;
#526=CARTESIAN_POINT('Vertex',(-49.5,8.5,0.75)) ;
#529=CARTESIAN_POINT('Line Origine',(-51.75,-8.5,0.75)) ;
#533=CARTESIAN_POINT('Vertex',(-54.,-8.5,0.75)) ;
#536=CARTESIAN_POINT('Line Origine',(-54.,1.06581410364E-014,0.75)) ;
#540=CARTESIAN_POINT('Vertex',(-54.,8.5,0.75)) ;
#543=CARTESIAN_POINT('Line Origine',(-51.75,8.5,0.75)) ;
#554=CARTESIAN_POINT('Line Origine',(51.75,-8.5,0.75)) ;
#558=CARTESIAN_POINT('Vertex',(49.5,-8.5,0.75)) ;
#560=CARTESIAN_POINT('Vertex',(54.,-8.5,0.75)) ;
#563=CARTESIAN_POINT('Line Origine',(49.5,0.,0.75)) ;
#567=CARTESIAN_POINT('Vertex',(49.5,8.5,0.75)) ;
#570=CARTESIAN_POINT('Line Origine',(51.75,8.5,0.75)) ;
#574=CARTESIAN_POINT('Vertex',(54.,8.5,0.75)) ;
#577=CARTESIAN_POINT('Line Origine',(54.,-5.3290705182E-014,0.75)) ;
#588=CARTESIAN_POINT('Line Origine',(-15.75,3.5,0.75)) ;
#592=CARTESIAN_POINT('Vertex',(0.,3.5,0.75)) ;
#595=CARTESIAN_POINT('Line Origine',(15.75,3.5,0.75)) ;
#599=CARTESIAN_POINT('Vertex',(31.5,3.5,0.75)) ;
#602=CARTESIAN_POINT('Line Origine',(31.5,4.25,0.75)) ;
#606=CARTESIAN_POINT('Vertex',(31.5,5.,0.75)) ;
#609=CARTESIAN_POINT('Axis2P3D Location',(36.5,5.,0.75)) ;
#613=CARTESIAN_POINT('Vertex',(36.5,10.,0.75)) ;
#616=CARTESIAN_POINT('Line Origine',(42.25,10.,0.75)) ;
#620=CARTESIAN_POINT('Vertex',(48.,10.,0.75)) ;
#623=CARTESIAN_POINT('Line Origine',(48.,0.,0.75)) ;
#627=CARTESIAN_POINT('Vertex',(48.,-10.,0.75)) ;
#630=CARTESIAN_POINT('Line Origine',(42.25,-10.,0.75)) ;
#634=CARTESIAN_POINT('Vertex',(36.5,-10.,0.75)) ;
#637=CARTESIAN_POINT('Axis2P3D Location',(36.5,-5.,0.75)) ;
#641=CARTESIAN_POINT('Vertex',(31.5,-5.,0.75)) ;
#644=CARTESIAN_POINT('Line Origine',(31.5,-4.25,0.75)) ;
#648=CARTESIAN_POINT('Vertex',(31.5,-3.5,0.75)) ;
#651=CARTESIAN_POINT('Line Origine',(15.75,-3.5,0.75)) ;
#655=CARTESIAN_POINT('Vertex',(0.,-3.5,0.75)) ;
#658=CARTESIAN_POINT('Line Origine',(-15.75,-3.5,0.75)) ;
#662=CARTESIAN_POINT('Vertex',(-31.5,-3.5,0.75)) ;
#665=CARTESIAN_POINT('Line Origine',(-31.5,-4.25,0.75)) ;
#669=CARTESIAN_POINT('Vertex',(-31.5,-5.,0.75)) ;
#672=CARTESIAN_POINT('Axis2P3D Location',(-36.5,-5.,0.75)) ;
#676=CARTESIAN_POINT('Vertex',(-36.5,-10.,0.75)) ;
#679=CARTESIAN_POINT('Line Origine',(-42.25,-10.,0.75)) ;
#683=CARTESIAN_POINT('Vertex',(-48.,-10.,0.75)) ;
#686=CARTESIAN_POINT('Line Origine',(-48.,0.,0.75)) ;
#690=CARTESIAN_POINT('Vertex',(-48.,10.,0.75)) ;
#693=CARTESIAN_POINT('Line Origine',(-42.25,10.,0.75)) ;
#697=CARTESIAN_POINT('Vertex',(-36.5,10.,0.75)) ;
#700=CARTESIAN_POINT('Axis2P3D Location',(-36.5,5.,0.75)) ;
#725=CARTESIAN_POINT('Line Origine',(-59.25,10.,0.75)) ;
#729=CARTESIAN_POINT('Vertex',(-55.5,10.,0.75)) ;
#731=CARTESIAN_POINT('Vertex',(-63.,10.,0.75)) ;
#734=CARTESIAN_POINT('Line Origine',(-55.5,0.,0.75)) ;
#738=CARTESIAN_POINT('Vertex',(-55.5,-10.,0.75)) ;
#741=CARTESIAN_POINT('Line Origine',(-59.25,-10.,0.75)) ;
#745=CARTESIAN_POINT('Vertex',(-63.,-10.,0.75)) ;
#748=CARTESIAN_POINT('Axis2P3D Location',(-63.,-7.5,0.75)) ;
#752=CARTESIAN_POINT('Vertex',(-65.5,-7.5,0.75)) ;
#755=CARTESIAN_POINT('Line Origine',(-65.5,-3.75,0.75)) ;
#759=CARTESIAN_POINT('Vertex',(-65.5,9.23705556488E-014,0.75)) ;
#762=CARTESIAN_POINT('Line Origine',(-65.5,3.75,0.75)) ;
#766=CARTESIAN_POINT('Vertex',(-65.5,7.5,0.75)) ;
#769=CARTESIAN_POINT('Axis2P3D Location',(-63.,7.5,0.75)) ;
#783=CARTESIAN_POINT('Line Origine',(65.5,-3.75,0.75)) ;
#787=CARTESIAN_POINT('Vertex',(65.5,-7.5,0.75)) ;
#789=CARTESIAN_POINT('Vertex',(65.5,9.23705556488E-014,0.75)) ;
#792=CARTESIAN_POINT('Axis2P3D Location',(63.,-7.5,0.75)) ;
#796=CARTESIAN_POINT('Vertex',(63.,-10.,0.75)) ;
#799=CARTESIAN_POINT('Line Origine',(59.25,-10.,0.75)) ;
#803=CARTESIAN_POINT('Vertex',(55.5,-10.,0.75)) ;
#806=CARTESIAN_POINT('Line Origine',(55.5,0.,0.75)) ;
#810=CARTESIAN_POINT('Vertex',(55.5,10.,0.75)) ;
#813=CARTESIAN_POINT('Line Origine',(59.25,10.,0.75)) ;
#817=CARTESIAN_POINT('Vertex',(63.,10.,0.75)) ;
#820=CARTESIAN_POINT('Axis2P3D Location',(63.,7.5,0.75)) ;
#824=CARTESIAN_POINT('Vertex',(65.5,7.5,0.75)) ;
#827=CARTESIAN_POINT('Line Origine',(65.5,3.75,0.75)) ;
#842=CARTESIAN_POINT('Axis2P3D Location',(-36.5,5.,1.125)) ;
#847=CARTESIAN_POINT('Line Origine',(-36.5,10.,0.)) ;
#859=CARTESIAN_POINT('Axis2P3D Location',(0.,3.5,1.5)) ;
#864=CARTESIAN_POINT('Line Origine',(-1.7763568394E-015,3.5,1.125)) ;
#876=CARTESIAN_POINT('Line Origine',(31.5,3.5,1.125)) ;
#888=CARTESIAN_POINT('Axis2P3D Location',(31.5,-5.,1.5)) ;
#893=CARTESIAN_POINT('Line Origine',(31.5,5.,1.125)) ;
#905=CARTESIAN_POINT('Axis2P3D Location',(36.5,5.,1.125)) ;
#910=CARTESIAN_POINT('Line Origine',(36.5,10.,0.)) ;
#922=CARTESIAN_POINT('Axis2P3D Location',(-36.5,10.,1.5)) ;
#927=CARTESIAN_POINT('Line Origine',(48.,10.,1.125)) ;
#939=CARTESIAN_POINT('Axis2P3D Location',(48.,-10.,1.5)) ;
#944=CARTESIAN_POINT('Line Origine',(48.,-10.,1.125)) ;
#956=CARTESIAN_POINT('Axis2P3D Location',(-48.,-10.,1.5)) ;
#961=CARTESIAN_POINT('Line Origine',(36.5,-10.,1.125)) ;
#973=CARTESIAN_POINT('Axis2P3D Location',(36.5,-5.,1.125)) ;
#978=CARTESIAN_POINT('Line Origine',(31.5,-5.,0.)) ;
#990=CARTESIAN_POINT('Line Origine',(31.5,-3.5,1.125)) ;
#1002=CARTESIAN_POINT('Axis2P3D Location',(-31.5,-3.5,1.5)) ;
#1007=CARTESIAN_POINT('Line Origine',(0.,-3.5,1.125)) ;
#1019=CARTESIAN_POINT('Line Origine',(-31.5,-3.5,1.125)) ;
#1031=CARTESIAN_POINT('Line Origine',(-31.5,-5.,1.125)) ;
#1043=CARTESIAN_POINT('Axis2P3D Location',(-36.5,-5.,1.125)) ;
#1048=CARTESIAN_POINT('Line Origine',(-36.5,-10.,0.)) ;
#1060=CARTESIAN_POINT('Line Origine',(-48.,-10.,1.125)) ;
#1072=CARTESIAN_POINT('Axis2P3D Location',(-48.,-10.,1.5)) ;
#1077=CARTESIAN_POINT('Line Origine',(-48.,10.,1.125)) ;
#1096=CARTESIAN_POINT('Line Origine',(-63.,10.,1.125)) ;
#1101=CARTESIAN_POINT('Line Origine',(-55.5,10.,1.125)) ;
#1113=CARTESIAN_POINT('Axis2P3D Location',(-55.5,10.,1.5)) ;
#1118=CARTESIAN_POINT('Line Origine',(-55.5,-10.,1.125)) ;
#1130=CARTESIAN_POINT('Line Origine',(-63.,-10.,1.125)) ;
#1142=CARTESIAN_POINT('Axis2P3D Location',(-63.,-7.5,1.125)) ;
#1147=CARTESIAN_POINT('Line Origine',(-65.5,-7.5,0.)) ;
#1159=CARTESIAN_POINT('Axis2P3D Location',(-65.5,7.5,1.5)) ;
#1164=CARTESIAN_POINT('Line Origine',(-65.5,9.14823772291E-014,1.125)) ;
#1176=CARTESIAN_POINT('Line Origine',(-65.5,7.5,1.125)) ;
#1188=CARTESIAN_POINT('Axis2P3D Location',(-63.,7.5,1.125)) ;
#1200=CARTESIAN_POINT('Axis2P3D Location',(65.5,7.5,1.5)) ;
#1205=CARTESIAN_POINT('Line Origine',(65.5,9.14823772291E-014,1.125)) ;
#1210=CARTESIAN_POINT('Line Origine',(65.5,-7.5,1.125)) ;
#1222=CARTESIAN_POINT('Axis2P3D Location',(63.,-7.5,1.125)) ;
#1227=CARTESIAN_POINT('Line Origine',(63.,-10.,0.)) ;
#1239=CARTESIAN_POINT('Line Origine',(55.5,-10.,1.125)) ;
#1251=CARTESIAN_POINT('Axis2P3D Location',(55.5,10.,1.5)) ;
#1256=CARTESIAN_POINT('Line Origine',(55.5,10.,1.125)) ;
#1268=CARTESIAN_POINT('Line Origine',(63.,10.,1.125)) ;
#1280=CARTESIAN_POINT('Axis2P3D Location',(63.,7.5,1.125)) ;
#1285=CARTESIAN_POINT('Line Origine',(65.5,7.5,0.)) ;
#1304=CARTESIAN_POINT('Axis2P3D Location',(-36.5,-5.,0.)) ;
#1309=CARTESIAN_POINT('Line Origine',(-30.,-5.,0.)) ;
#1313=CARTESIAN_POINT('Vertex',(-30.,-5.,-0.75)) ;
#1316=CARTESIAN_POINT('Line Origine',(-36.5,-11.5,0.)) ;
#1320=CARTESIAN_POINT('Vertex',(-36.5,-11.5,-0.75)) ;
#1323=CARTESIAN_POINT('Axis2P3D Location',(-36.5,-5.,-0.75)) ;
#1335=CARTESIAN_POINT('Axis2P3D Location',(-30.,-5.,0.)) ;
#1340=CARTESIAN_POINT('Line Origine',(0.,-5.,0.)) ;
#1344=CARTESIAN_POINT('Vertex',(0.,-5.,-0.75)) ;
#1347=CARTESIAN_POINT('Line Origine',(-15.,-5.,-0.75)) ;
#1359=CARTESIAN_POINT('Line Origine',(30.,-5.,0.)) ;
#1363=CARTESIAN_POINT('Vertex',(30.,-5.,-0.75)) ;
#1366=CARTESIAN_POINT('Line Origine',(15.,-5.,-0.75)) ;
#1378=CARTESIAN_POINT('Axis2P3D Location',(36.5,-5.,0.)) ;
#1383=CARTESIAN_POINT('Line Origine',(36.5,-11.5,0.)) ;
#1387=CARTESIAN_POINT('Vertex',(36.5,-11.5,-0.75)) ;
#1390=CARTESIAN_POINT('Axis2P3D Location',(36.5,-5.,-0.75)) ;
#1402=CARTESIAN_POINT('Axis2P3D Location',(36.5,5.,0.)) ;
#1407=CARTESIAN_POINT('Line Origine',(30.,5.,0.)) ;
#1411=CARTESIAN_POINT('Vertex',(30.,5.,-0.75)) ;
#1414=CARTESIAN_POINT('Line Origine',(36.5,11.5,0.)) ;
#1418=CARTESIAN_POINT('Vertex',(36.5,11.5,-0.75)) ;
#1421=CARTESIAN_POINT('Axis2P3D Location',(36.5,5.,-0.75)) ;
#1433=CARTESIAN_POINT('Axis2P3D Location',(30.,5.,0.)) ;
#1438=CARTESIAN_POINT('Line Origine',(3.5527136788E-015,5.,0.)) ;
#1442=CARTESIAN_POINT('Vertex',(0.,5.,-0.75)) ;
#1445=CARTESIAN_POINT('Line Origine',(15.,5.,-0.75)) ;
#1457=CARTESIAN_POINT('Line Origine',(-30.,5.,0.)) ;
#1461=CARTESIAN_POINT('Vertex',(-30.,5.,-0.75)) ;
#1464=CARTESIAN_POINT('Line Origine',(-15.,5.,-0.75)) ;
#1476=CARTESIAN_POINT('Axis2P3D Location',(-36.5,5.,0.)) ;
#1481=CARTESIAN_POINT('Line Origine',(-36.5,11.5,0.)) ;
#1485=CARTESIAN_POINT('Vertex',(-36.5,11.5,-0.75)) ;
#1488=CARTESIAN_POINT('Axis2P3D Location',(-36.5,5.,-0.75)) ;
#1500=CARTESIAN_POINT('Axis2P3D Location',(-54.,8.5,0.)) ;
#1505=CARTESIAN_POINT('Line Origine',(-49.5,8.5,0.)) ;
#1509=CARTESIAN_POINT('Vertex',(-49.5,8.5,-0.75)) ;
#1512=CARTESIAN_POINT('Line Origine',(-54.,8.5,0.)) ;
#1516=CARTESIAN_POINT('Vertex',(-54.,8.5,-0.75)) ;
#1519=CARTESIAN_POINT('Line Origine',(-51.75,8.5,-0.75)) ;
#1531=CARTESIAN_POINT('Axis2P3D Location',(-49.5,-8.5,0.)) ;
#1536=CARTESIAN_POINT('Line Origine',(-49.5,3.5527136788E-015,-0.75)) ;
#1540=CARTESIAN_POINT('Vertex',(-49.5,-8.5,-0.75)) ;
#1543=CARTESIAN_POINT('Line Origine',(-49.5,-8.5,0.)) ;
#1555=CARTESIAN_POINT('Axis2P3D Location',(-49.5,-8.5,0.)) ;
#1560=CARTESIAN_POINT('Line Origine',(-54.,-8.5,0.)) ;
#1564=CARTESIAN_POINT('Vertex',(-54.,-8.5,-0.75)) ;
#1567=CARTESIAN_POINT('Line Origine',(-51.75,-8.5,-0.75)) ;
#1579=CARTESIAN_POINT('Axis2P3D Location',(-54.,8.5,0.)) ;
#1584=CARTESIAN_POINT('Line Origine',(-54.,1.06581410364E-014,-0.75)) ;
#1596=CARTESIAN_POINT('Axis2P3D Location',(54.,8.5,0.)) ;
#1601=CARTESIAN_POINT('Line Origine',(54.,-8.5,0.)) ;
#1605=CARTESIAN_POINT('Vertex',(54.,-8.5,-0.75)) ;
#1608=CARTESIAN_POINT('Line Origine',(54.,8.5,0.)) ;
#1612=CARTESIAN_POINT('Vertex',(54.,8.5,-0.75)) ;
#1615=CARTESIAN_POINT('Line Origine',(54.,-1.06581410364E-013,-0.75)) ;
#1627=CARTESIAN_POINT('Line Origine',(49.5,-8.5,0.)) ;
#1631=CARTESIAN_POINT('Vertex',(49.5,-8.5,-0.75)) ;
#1634=CARTESIAN_POINT('Line Origine',(51.75,-8.5,-0.75)) ;
#1646=CARTESIAN_POINT('Axis2P3D Location',(49.5,-8.5,0.)) ;
#1651=CARTESIAN_POINT('Line Origine',(49.5,8.5,0.)) ;
#1655=CARTESIAN_POINT('Vertex',(49.5,8.5,-0.75)) ;
#1658=CARTESIAN_POINT('Line Origine',(49.5,0.,-0.75)) ;
#1670=CARTESIAN_POINT('Line Origine',(51.75,8.5,-0.75)) ;
#1682=CARTESIAN_POINT('Axis2P3D Location',(67.,-3.21520587931E-013,0.)) ;
#1687=CARTESIAN_POINT('Line Origine',(67.,3.75,-0.75)) ;
#1691=CARTESIAN_POINT('Vertex',(67.,-3.21520587931E-013,-0.75)) ;
#1693=CARTESIAN_POINT('Vertex',(67.,7.5,-0.75)) ;
#1696=CARTESIAN_POINT('Line Origine',(67.,7.5,0.)) ;
#1701=CARTESIAN_POINT('Line Origine',(67.,-3.21520587931E-013,0.)) ;
#1713=CARTESIAN_POINT('Axis2P3D Location',(67.,11.5,0.)) ;
#1718=CARTESIAN_POINT('Line Origine',(63.,11.5,0.)) ;
#1722=CARTESIAN_POINT('Vertex',(63.,11.5,-0.75)) ;
#1725=CARTESIAN_POINT('Line Origine',(49.75,11.5,-0.75)) ;
#1737=CARTESIAN_POINT('Axis2P3D Location',(63.,7.5,0.)) ;
#1742=CARTESIAN_POINT('Axis2P3D Location',(63.,7.5,-0.75)) ;
#1754=CARTESIAN_POINT('Axis2P3D Location',(-67.,-11.5,0.)) ;
#1759=CARTESIAN_POINT('Line Origine',(63.,-11.5,0.)) ;
#1763=CARTESIAN_POINT('Vertex',(63.,-11.5,-0.75)) ;
#1766=CARTESIAN_POINT('Line Origine',(49.75,-11.5,-0.75)) ;
#1778=CARTESIAN_POINT('Line Origine',(67.,-3.75,-0.75)) ;
#1782=CARTESIAN_POINT('Vertex',(67.,-7.5,-0.75)) ;
#1785=CARTESIAN_POINT('Line Origine',(67.,-7.5,0.)) ;
#1797=CARTESIAN_POINT('Axis2P3D Location',(63.,-7.5,0.)) ;
#1802=CARTESIAN_POINT('Axis2P3D Location',(63.,-7.5,-0.75)) ;
#1814=CARTESIAN_POINT('Line Origine',(-63.,11.5,0.)) ;
#1818=CARTESIAN_POINT('Vertex',(-63.,11.5,-0.75)) ;
#1821=CARTESIAN_POINT('Line Origine',(-49.75,11.5,-0.75)) ;
#1833=CARTESIAN_POINT('Axis2P3D Location',(-67.,4.61852778244E-014,0.)) ;
#1838=CARTESIAN_POINT('Line Origine',(-67.,4.61852778244E-014,0.)) ;
#1842=CARTESIAN_POINT('Vertex',(-67.,9.23705556488E-014,-0.75)) ;
#1845=CARTESIAN_POINT('Line Origine',(-67.,7.5,0.)) ;
#1849=CARTESIAN_POINT('Vertex',(-67.,7.5,-0.75)) ;
#1852=CARTESIAN_POINT('Line Origine',(-67.,3.75,-0.75)) ;
#1864=CARTESIAN_POINT('Axis2P3D Location',(-63.,7.5,0.)) ;
#1869=CARTESIAN_POINT('Axis2P3D Location',(-63.,7.5,-0.75)) ;
#1881=CARTESIAN_POINT('Line Origine',(-67.,-7.5,0.)) ;
#1885=CARTESIAN_POINT('Vertex',(-67.,-7.5,-0.75)) ;
#1888=CARTESIAN_POINT('Line Origine',(-67.,-3.75,-0.75)) ;
#1900=CARTESIAN_POINT('Line Origine',(-63.,-11.5,0.)) ;
#1904=CARTESIAN_POINT('Vertex',(-63.,-11.5,-0.75)) ;
#1907=CARTESIAN_POINT('Line Origine',(-49.75,-11.5,-0.75)) ;
#1919=CARTESIAN_POINT('Axis2P3D Location',(-63.,-7.5,0.)) ;
#1924=CARTESIAN_POINT('Axis2P3D Location',(-63.,-7.5,-0.75)) ;
#1936=CARTESIAN_POINT('Axis2P3D Location',(0.,0.,-1.5)) ;
#1941=CARTESIAN_POINT('Line Origine',(-42.25,10.,-1.5)) ;
#1945=CARTESIAN_POINT('Vertex',(-36.5,10.,-1.5)) ;
#1947=CARTESIAN_POINT('Vertex',(-48.,10.,-1.5)) ;
#1950=CARTESIAN_POINT('Axis2P3D Location',(-36.5,5.,-1.5)) ;
#1954=CARTESIAN_POINT('Vertex',(-31.5,5.,-1.5)) ;
#1957=CARTESIAN_POINT('Line Origine',(-31.5,4.25,-1.5)) ;
#1961=CARTESIAN_POINT('Vertex',(-31.5,3.5,-1.5)) ;
#1964=CARTESIAN_POINT('Line Origine',(-15.75,3.5,-1.5)) ;
#1968=CARTESIAN_POINT('Vertex',(0.,3.5,-1.5)) ;
#1971=CARTESIAN_POINT('Line Origine',(15.75,3.5,-1.5)) ;
#1975=CARTESIAN_POINT('Vertex',(31.5,3.5,-1.5)) ;
#1978=CARTESIAN_POINT('Line Origine',(31.5,4.25,-1.5)) ;
#1982=CARTESIAN_POINT('Vertex',(31.5,5.,-1.5)) ;
#1985=CARTESIAN_POINT('Axis2P3D Location',(36.5,5.,-1.5)) ;
#1989=CARTESIAN_POINT('Vertex',(36.5,10.,-1.5)) ;
#1992=CARTESIAN_POINT('Line Origine',(42.25,10.,-1.5)) ;
#1996=CARTESIAN_POINT('Vertex',(48.,10.,-1.5)) ;
#1999=CARTESIAN_POINT('Line Origine',(48.,0.,-1.5)) ;
#2003=CARTESIAN_POINT('Vertex',(48.,-10.,-1.5)) ;
#2006=CARTESIAN_POINT('Line Origine',(42.25,-10.,-1.5)) ;
#2010=CARTESIAN_POINT('Vertex',(36.5,-10.,-1.5)) ;
#2013=CARTESIAN_POINT('Axis2P3D Location',(36.5,-5.,-1.5)) ;
#2017=CARTESIAN_POINT('Vertex',(31.5,-5.,-1.5)) ;
#2020=CARTESIAN_POINT('Line Origine',(31.5,-4.25,-1.5)) ;
#2024=CARTESIAN_POINT('Vertex',(31.5,-3.5,-1.5)) ;
#2027=CARTESIAN_POINT('Line Origine',(15.75,-3.5,-1.5)) ;
#2031=CARTESIAN_POINT('Vertex',(0.,-3.5,-1.5)) ;
#2034=CARTESIAN_POINT('Line Origine',(-15.75,-3.5,-1.5)) ;
#2038=CARTESIAN_POINT('Vertex',(-31.5,-3.5,-1.5)) ;
#2041=CARTESIAN_POINT('Line Origine',(-31.5,-4.25,-1.5)) ;
#2045=CARTESIAN_POINT('Vertex',(-31.5,-5.,-1.5)) ;
#2048=CARTESIAN_POINT('Axis2P3D Location',(-36.5,-5.,-1.5)) ;
#2052=CARTESIAN_POINT('Vertex',(-36.5,-10.,-1.5)) ;
#2055=CARTESIAN_POINT('Line Origine',(-42.25,-10.,-1.5)) ;
#2059=CARTESIAN_POINT('Vertex',(-48.,-10.,-1.5)) ;
#2062=CARTESIAN_POINT('Line Origine',(-48.,0.,-1.5)) ;
#2088=CARTESIAN_POINT('Line Origine',(-65.5,3.75,-1.5)) ;
#2092=CARTESIAN_POINT('Vertex',(-65.5,7.5,-1.5)) ;
#2094=CARTESIAN_POINT('Vertex',(-65.5,9.23705556488E-014,-1.5)) ;
#2097=CARTESIAN_POINT('Axis2P3D Location',(-63.,7.5,-1.5)) ;
#2101=CARTESIAN_POINT('Vertex',(-63.,10.,-1.5)) ;
#2104=CARTESIAN_POINT('Line Origine',(-59.25,10.,-1.5)) ;
#2108=CARTESIAN_POINT('Vertex',(-55.5,10.,-1.5)) ;
#2111=CARTESIAN_POINT('Line Origine',(-55.5,0.,-1.5)) ;
#2115=CARTESIAN_POINT('Vertex',(-55.5,-10.,-1.5)) ;
#2118=CARTESIAN_POINT('Line Origine',(-59.25,-10.,-1.5)) ;
#2122=CARTESIAN_POINT('Vertex',(-63.,-10.,-1.5)) ;
#2125=CARTESIAN_POINT('Axis2P3D Location',(-63.,-7.5,-1.5)) ;
#2129=CARTESIAN_POINT('Vertex',(-65.5,-7.5,-1.5)) ;
#2132=CARTESIAN_POINT('Line Origine',(-65.5,-3.75,-1.5)) ;
#2147=CARTESIAN_POINT('Axis2P3D Location',(63.,7.5,-1.5)) ;
#2151=CARTESIAN_POINT('Vertex',(65.5,7.5,-1.5)) ;
#2153=CARTESIAN_POINT('Vertex',(63.,10.,-1.5)) ;
#2156=CARTESIAN_POINT('Line Origine',(65.5,3.75,-1.5)) ;
#2160=CARTESIAN_POINT('Vertex',(65.5,9.23705556488E-014,-1.5)) ;
#2163=CARTESIAN_POINT('Line Origine',(65.5,-3.75,-1.5)) ;
#2167=CARTESIAN_POINT('Vertex',(65.5,-7.5,-1.5)) ;
#2170=CARTESIAN_POINT('Axis2P3D Location',(63.,-7.5,-1.5)) ;
#2174=CARTESIAN_POINT('Vertex',(63.,-10.,-1.5)) ;
#2177=CARTESIAN_POINT('Line Origine',(59.25,-10.,-1.5)) ;
#2181=CARTESIAN_POINT('Vertex',(55.5,-10.,-1.5)) ;
#2184=CARTESIAN_POINT('Line Origine',(55.5,0.,-1.5)) ;
#2188=CARTESIAN_POINT('Vertex',(55.5,10.,-1.5)) ;
#2191=CARTESIAN_POINT('Line Origine',(59.25,10.,-1.5)) ;
#2206=CARTESIAN_POINT('Line Origine',(-31.5,3.5,-1.125)) ;
#2210=CARTESIAN_POINT('Vertex',(-31.5,3.5,-0.75)) ;
#2213=CARTESIAN_POINT('Line Origine',(-31.5,5.,-1.125)) ;
#2217=CARTESIAN_POINT('Vertex',(-31.5,5.,-0.75)) ;
#2220=CARTESIAN_POINT('Line Origine',(-31.5,4.25,-0.75)) ;
#2232=CARTESIAN_POINT('Axis2P3D Location',(0.,0.,-0.75)) ;
#2259=CARTESIAN_POINT('Axis2P3D Location',(-36.5,5.,-0.75)) ;
#2263=CARTESIAN_POINT('Vertex',(-36.5,10.,-0.75)) ;
#2266=CARTESIAN_POINT('Line Origine',(-42.25,10.,-0.75)) ;
#2270=CARTESIAN_POINT('Vertex',(-48.,10.,-0.75)) ;
#2273=CARTESIAN_POINT('Line Origine',(-48.,0.,-0.75)) ;
#2277=CARTESIAN_POINT('Vertex',(-48.,-10.,-0.75)) ;
#2280=CARTESIAN_POINT('Line Origine',(-42.25,-10.,-0.75)) ;
#2284=CARTESIAN_POINT('Vertex',(-36.5,-10.,-0.75)) ;
#2287=CARTESIAN_POINT('Axis2P3D Location',(-36.5,-5.,-0.75)) ;
#2291=CARTESIAN_POINT('Vertex',(-31.5,-5.,-0.75)) ;
#2294=CARTESIAN_POINT('Line Origine',(-31.5,-4.25,-0.75)) ;
#2298=CARTESIAN_POINT('Vertex',(-31.5,-3.5,-0.75)) ;
#2301=CARTESIAN_POINT('Line Origine',(-15.75,-3.5,-0.75)) ;
#2305=CARTESIAN_POINT('Vertex',(0.,-3.5,-0.75)) ;
#2308=CARTESIAN_POINT('Line Origine',(15.75,-3.5,-0.75)) ;
#2312=CARTESIAN_POINT('Vertex',(31.5,-3.5,-0.75)) ;
#2315=CARTESIAN_POINT('Line Origine',(31.5,-4.25,-0.75)) ;
#2319=CARTESIAN_POINT('Vertex',(31.5,-5.,-0.75)) ;
#2322=CARTESIAN_POINT('Axis2P3D Location',(36.5,-5.,-0.75)) ;
#2326=CARTESIAN_POINT('Vertex',(36.5,-10.,-0.75)) ;
#2329=CARTESIAN_POINT('Line Origine',(42.25,-10.,-0.75)) ;
#2333=CARTESIAN_POINT('Vertex',(48.,-10.,-0.75)) ;
#2336=CARTESIAN_POINT('Line Origine',(48.,0.,-0.75)) ;
#2340=CARTESIAN_POINT('Vertex',(48.,10.,-0.75)) ;
#2343=CARTESIAN_POINT('Line Origine',(42.25,10.,-0.75)) ;
#2347=CARTESIAN_POINT('Vertex',(36.5,10.,-0.75)) ;
#2350=CARTESIAN_POINT('Axis2P3D Location',(36.5,5.,-0.75)) ;
#2354=CARTESIAN_POINT('Vertex',(31.5,5.,-0.75)) ;
#2357=CARTESIAN_POINT('Line Origine',(31.5,4.25,-0.75)) ;
#2361=CARTESIAN_POINT('Vertex',(31.5,3.5,-0.75)) ;
#2364=CARTESIAN_POINT('Line Origine',(15.75,3.5,-0.75)) ;
#2368=CARTESIAN_POINT('Vertex',(0.,3.5,-0.75)) ;
#2371=CARTESIAN_POINT('Line Origine',(-15.75,3.5,-0.75)) ;
#2396=CARTESIAN_POINT('Axis2P3D Location',(-63.,7.5,-0.75)) ;
#2400=CARTESIAN_POINT('Vertex',(-63.,10.,-0.75)) ;
#2402=CARTESIAN_POINT('Vertex',(-65.5,7.5,-0.75)) ;
#2405=CARTESIAN_POINT('Line Origine',(-65.5,3.75,-0.75)) ;
#2409=CARTESIAN_POINT('Vertex',(-65.5,9.23705556488E-014,-0.75)) ;
#2412=CARTESIAN_POINT('Line Origine',(-65.5,-3.75,-0.75)) ;
#2416=CARTESIAN_POINT('Vertex',(-65.5,-7.5,-0.75)) ;
#2419=CARTESIAN_POINT('Axis2P3D Location',(-63.,-7.5,-0.75)) ;
#2423=CARTESIAN_POINT('Vertex',(-63.,-10.,-0.75)) ;
#2426=CARTESIAN_POINT('Line Origine',(-59.25,-10.,-0.75)) ;
#2430=CARTESIAN_POINT('Vertex',(-55.5,-10.,-0.75)) ;
#2433=CARTESIAN_POINT('Line Origine',(-55.5,0.,-0.75)) ;
#2437=CARTESIAN_POINT('Vertex',(-55.5,10.,-0.75)) ;
#2440=CARTESIAN_POINT('Line Origine',(-59.25,10.,-0.75)) ;
#2454=CARTESIAN_POINT('Line Origine',(65.5,3.75,-0.75)) ;
#2458=CARTESIAN_POINT('Vertex',(65.5,9.23705556488E-014,-0.75)) ;
#2460=CARTESIAN_POINT('Vertex',(65.5,7.5,-0.75)) ;
#2463=CARTESIAN_POINT('Axis2P3D Location',(63.,7.5,-0.75)) ;
#2467=CARTESIAN_POINT('Vertex',(63.,10.,-0.75)) ;
#2470=CARTESIAN_POINT('Line Origine',(59.25,10.,-0.75)) ;
#2474=CARTESIAN_POINT('Vertex',(55.5,10.,-0.75)) ;
#2477=CARTESIAN_POINT('Line Origine',(55.5,0.,-0.75)) ;
#2481=CARTESIAN_POINT('Vertex',(55.5,-10.,-0.75)) ;
#2484=CARTESIAN_POINT('Line Origine',(59.25,-10.,-0.75)) ;
#2488=CARTESIAN_POINT('Vertex',(63.,-10.,-0.75)) ;
#2491=CARTESIAN_POINT('Axis2P3D Location',(63.,-7.5,-0.75)) ;
#2495=CARTESIAN_POINT('Vertex',(65.5,-7.5,-0.75)) ;
#2498=CARTESIAN_POINT('Line Origine',(65.5,-3.75,-0.75)) ;
#2525=CARTESIAN_POINT('Line Origine',(-36.5,10.,0.)) ;
#2537=CARTESIAN_POINT('Line Origine',(-1.7763568394E-015,3.5,-1.125)) ;
#2549=CARTESIAN_POINT('Line Origine',(31.5,3.5,-1.125)) ;
#2561=CARTESIAN_POINT('Line Origine',(31.5,5.,-1.125)) ;
#2573=CARTESIAN_POINT('Line Origine',(36.5,10.,0.)) ;
#2585=CARTESIAN_POINT('Line Origine',(48.,10.,-1.125)) ;
#2597=CARTESIAN_POINT('Line Origine',(48.,-10.,-1.125)) ;
#2609=CARTESIAN_POINT('Line Origine',(36.5,-10.,-1.125)) ;
#2621=CARTESIAN_POINT('Line Origine',(31.5,-5.,0.)) ;
#2633=CARTESIAN_POINT('Line Origine',(31.5,-3.5,-1.125)) ;
#2645=CARTESIAN_POINT('Line Origine',(0.,-3.5,-1.125)) ;
#2657=CARTESIAN_POINT('Line Origine',(-31.5,-3.5,-1.125)) ;
#2669=CARTESIAN_POINT('Line Origine',(-31.5,-5.,-1.125)) ;
#2681=CARTESIAN_POINT('Line Origine',(-36.5,-10.,0.)) ;
#2693=CARTESIAN_POINT('Line Origine',(-48.,-10.,-1.125)) ;
#2705=CARTESIAN_POINT('Line Origine',(-48.,10.,-1.125)) ;
#2724=CARTESIAN_POINT('Line Origine',(-55.5,10.,-1.125)) ;
#2729=CARTESIAN_POINT('Line Origine',(-63.,10.,-1.125)) ;
#2741=CARTESIAN_POINT('Line Origine',(-55.5,-10.,-1.125)) ;
#2753=CARTESIAN_POINT('Line Origine',(-63.,-10.,-1.125)) ;
#2765=CARTESIAN_POINT('Line Origine',(-65.5,-7.5,0.)) ;
#2777=CARTESIAN_POINT('Line Origine',(-65.5,9.14823772291E-014,-1.125)) ;
#2789=CARTESIAN_POINT('Line Origine',(-65.5,7.5,-1.125)) ;
#2808=CARTESIAN_POINT('Line Origine',(65.5,-7.5,-1.125)) ;
#2813=CARTESIAN_POINT('Line Origine',(65.5,9.14823772291E-014,-1.125)) ;
#2825=CARTESIAN_POINT('Line Origine',(63.,-10.,0.)) ;
#2837=CARTESIAN_POINT('Line Origine',(55.5,-10.,-1.125)) ;
#2849=CARTESIAN_POINT('Line Origine',(55.5,10.,-1.125)) ;
#2861=CARTESIAN_POINT('Line Origine',(63.,10.,-1.125)) ;
#2873=CARTESIAN_POINT('Line Origine',(65.5,7.5,0.)) ;
#53=DIRECTION('Axis2P3D Direction',(0.,0.,1.)) ;
#54=DIRECTION('Axis2P3D XDirection',(1.,0.,0.)) ;
#58=DIRECTION('Vector Direction',(0.,1.,0.)) ;
#67=DIRECTION('Vector Direction',(1.,0.,0.)) ;
#74=DIRECTION('Axis2P3D Direction',(0.,0.,1.)) ;
#81=DIRECTION('Vector Direction',(0.,1.,0.)) ;
#88=DIRECTION('Vector Direction',(1.,0.,0.)) ;
#95=DIRECTION('Vector Direction',(-1.,0.,0.)) ;
#102=DIRECTION('Vector Direction',(0.,1.,0.)) ;
#109=DIRECTION('Axis2P3D Direction',(0.,0.,1.)) ;
#116=DIRECTION('Vector Direction',(-1.,0.,0.)) ;
#123=DIRECTION('Vector Direction',(0.,1.,0.)) ;
#130=DIRECTION('Vector Direction',(1.,0.,0.)) ;
#137=DIRECTION('Axis2P3D Direction',(0.,0.,1.)) ;
#144=DIRECTION('Vector Direction',(0.,-1.,0.)) ;
#151=DIRECTION('Vector Direction',(1.,0.,0.)) ;
#158=DIRECTION('Vector Direction',(-1.,0.,0.)) ;
#165=DIRECTION('Vector Direction',(0.,-1.,0.)) ;
#172=DIRECTION('Axis2P3D Direction',(0.,0.,1.)) ;
#179=DIRECTION('Vector Direction',(-1.,0.,0.)) ;
#205=DIRECTION('Vector Direction',(0.,-1.,0.)) ;
#214=DIRECTION('Axis2P3D Direction',(0.,0.,1.)) ;
#221=DIRECTION('Vector Direction',(1.,0.,0.)) ;
#228=DIRECTION('Vector Direction',(0.,-1.,0.)) ;
#235=DIRECTION('Vector Direction',(-1.,0.,0.)) ;
#242=DIRECTION('Axis2P3D Direction',(0.,0.,1.)) ;
#249=DIRECTION('Vector Direction',(0.,-1.,0.)) ;
#264=DIRECTION('Vector Direction',(1.,0.,0.)) ;
#273=DIRECTION('Vector Direction',(0.,-1.,0.)) ;
#280=DIRECTION('Vector Direction',(-1.,0.,0.)) ;
#287=DIRECTION('Axis2P3D Direction',(0.,0.,1.)) ;
#294=DIRECTION('Vector Direction',(0.,-1.,0.)) ;
#301=DIRECTION('Vector Direction',(0.,-1.,0.)) ;
#308=DIRECTION('Axis2P3D Direction',(0.,0.,1.)) ;
#323=DIRECTION('Axis2P3D Direction',(-1.,0.,0.)) ;
#324=DIRECTION('Axis2P3D XDirection',(0.,1.,0.)) ;
#328=DIRECTION('Vector Direction',(0.,-1.,0.)) ;
#337=DIRECTION('Vector Direction',(0.,0.,-1.)) ;
#342=DIRECTION('Vector Direction',(0.,0.,-1.)) ;
#354=DIRECTION('Axis2P3D Direction',(0.,0.,1.)) ;
#355=DIRECTION('Axis2P3D XDirection',(1.,0.,0.)) ;
#359=DIRECTION('Vector Direction',(1.,0.,0.)) ;
#368=DIRECTION('Axis2P3D Direction',(0.,0.,1.)) ;
#375=DIRECTION('Vector Direction',(1.,0.,0.)) ;
#382=DIRECTION('Vector Direction',(1.,0.,0.)) ;
#389=DIRECTION('Axis2P3D Direction',(0.,0.,1.)) ;
#396=DIRECTION('Vector Direction',(1.,0.,0.)) ;
#403=DIRECTION('Axis2P3D Direction',(0.,0.,1.)) ;
#410=DIRECTION('Vector Direction',(0.,1.,0.)) ;
#417=DIRECTION('Vector Direction',(0.,1.,0.)) ;
#424=DIRECTION('Axis2P3D Direction',(0.,0.,1.)) ;
#431=DIRECTION('Vector Direction',(-1.,0.,0.)) ;
#438=DIRECTION('Axis2P3D Direction',(0.,0.,1.)) ;
#445=DIRECTION('Vector Direction',(-1.,0.,0.)) ;
#452=DIRECTION('Vector Direction',(-1.,0.,0.)) ;
#459=DIRECTION('Axis2P3D Direction',(0.,0.,1.)) ;
#466=DIRECTION('Vector Direction',(-1.,0.,0.)) ;
#473=DIRECTION('Axis2P3D Direction',(0.,0.,1.)) ;
#480=DIRECTION('Vector Direction',(0.,-1.,0.)) ;
#487=DIRECTION('Vector Direction',(0.,-1.,0.)) ;
#494=DIRECTION('Axis2P3D Direction',(0.,0.,1.)) ;
#521=DIRECTION('Vector Direction',(0.,1.,0.)) ;
#530=DIRECTION('Vector Direction',(1.,0.,0.)) ;
#537=DIRECTION('Vector Direction',(0.,-1.,0.)) ;
#544=DIRECTION('Vector Direction',(-1.,0.,0.)) ;
#555=DIRECTION('Vector Direction',(1.,0.,0.)) ;
#564=DIRECTION('Vector Direction',(0.,-1.,0.)) ;
#571=DIRECTION('Vector Direction',(-1.,0.,0.)) ;
#578=DIRECTION('Vector Direction',(0.,1.,0.)) ;
#589=DIRECTION('Vector Direction',(-1.,0.,0.)) ;
#596=DIRECTION('Vector Direction',(1.,0.,0.)) ;
#603=DIRECTION('Vector Direction',(0.,-1.,0.)) ;
#610=DIRECTION('Axis2P3D Direction',(0.,0.,1.)) ;
#617=DIRECTION('Vector Direction',(1.,0.,0.)) ;
#624=DIRECTION('Vector Direction',(0.,1.,0.)) ;
#631=DIRECTION('Vector Direction',(-1.,0.,0.)) ;
#638=DIRECTION('Axis2P3D Direction',(0.,0.,1.)) ;
#645=DIRECTION('Vector Direction',(0.,1.,0.)) ;
#652=DIRECTION('Vector Direction',(-1.,0.,0.)) ;
#659=DIRECTION('Vector Direction',(1.,0.,0.)) ;
#666=DIRECTION('Vector Direction',(0.,1.,0.)) ;
#673=DIRECTION('Axis2P3D Direction',(0.,0.,1.)) ;
#680=DIRECTION('Vector Direction',(1.,0.,0.)) ;
#687=DIRECTION('Vector Direction',(0.,1.,0.)) ;
#694=DIRECTION('Vector Direction',(-1.,0.,0.)) ;
#701=DIRECTION('Axis2P3D Direction',(0.,0.,1.)) ;
#726=DIRECTION('Vector Direction',(-1.,0.,0.)) ;
#735=DIRECTION('Vector Direction',(0.,-1.,0.)) ;
#742=DIRECTION('Vector Direction',(1.,0.,0.)) ;
#749=DIRECTION('Axis2P3D Direction',(0.,0.,1.)) ;
#756=DIRECTION('Vector Direction',(0.,-1.,0.)) ;
#763=DIRECTION('Vector Direction',(0.,-1.,0.)) ;
#770=DIRECTION('Axis2P3D Direction',(0.,0.,1.)) ;
#784=DIRECTION('Vector Direction',(0.,-1.,0.)) ;
#793=DIRECTION('Axis2P3D Direction',(0.,0.,1.)) ;
#800=DIRECTION('Vector Direction',(-1.,0.,0.)) ;
#807=DIRECTION('Vector Direction',(0.,-1.,0.)) ;
#814=DIRECTION('Vector Direction',(1.,0.,0.)) ;
#821=DIRECTION('Axis2P3D Direction',(0.,0.,1.)) ;
#828=DIRECTION('Vector Direction',(0.,-1.,0.)) ;
#843=DIRECTION('Axis2P3D Direction',(0.,0.,1.)) ;
#844=DIRECTION('Axis2P3D XDirection',(1.,8.881784197E-016,0.)) ;
#848=DIRECTION('Vector Direction',(0.,0.,1.)) ;
#860=DIRECTION('Axis2P3D Direction',(-0.,1.,0.)) ;
#861=DIRECTION('Axis2P3D XDirection',(1.,0.,0.)) ;
#865=DIRECTION('Vector Direction',(0.,0.,-1.)) ;
#877=DIRECTION('Vector Direction',(0.,0.,-1.)) ;
#889=DIRECTION('Axis2P3D Direction',(-1.,0.,0.)) ;
#890=DIRECTION('Axis2P3D XDirection',(0.,1.,0.)) ;
#894=DIRECTION('Vector Direction',(0.,0.,-1.)) ;
#906=DIRECTION('Axis2P3D Direction',(0.,0.,1.)) ;
#907=DIRECTION('Axis2P3D XDirection',(-1.49307989452E-015,1.,0.)) ;
#911=DIRECTION('Vector Direction',(0.,0.,1.)) ;
#923=DIRECTION('Axis2P3D Direction',(-0.,-1.,-0.)) ;
#924=DIRECTION('Axis2P3D XDirection',(-1.,0.,0.)) ;
#928=DIRECTION('Vector Direction',(0.,0.,-1.)) ;
#940=DIRECTION('Axis2P3D Direction',(-1.,0.,0.)) ;
#941=DIRECTION('Axis2P3D XDirection',(0.,1.,0.)) ;
#945=DIRECTION('Vector Direction',(0.,0.,-1.)) ;
#957=DIRECTION('Axis2P3D Direction',(-0.,1.,0.)) ;
#958=DIRECTION('Axis2P3D XDirection',(1.,0.,0.)) ;
#962=DIRECTION('Vector Direction',(0.,0.,-1.)) ;
#974=DIRECTION('Axis2P3D Direction',(0.,0.,1.)) ;
#975=DIRECTION('Axis2P3D XDirection',(-1.,2.34291072917E-015,0.)) ;
#979=DIRECTION('Vector Direction',(0.,0.,1.)) ;
#991=DIRECTION('Vector Direction',(0.,0.,-1.)) ;
#1003=DIRECTION('Axis2P3D Direction',(-0.,1.,0.)) ;
#1004=DIRECTION('Axis2P3D XDirection',(1.,0.,0.)) ;
#1008=DIRECTION('Vector Direction',(0.,0.,-1.)) ;
#1020=DIRECTION('Vector Direction',(0.,0.,-1.)) ;
#1032=DIRECTION('Vector Direction',(0.,0.,-1.)) ;
#1044=DIRECTION('Axis2P3D Direction',(0.,0.,1.)) ;
#1045=DIRECTION('Axis2P3D XDirection',(-1.96005385927E-015,-1.,-0.)) ;
#1049=DIRECTION('Vector Direction',(0.,0.,1.)) ;
#1061=DIRECTION('Vector Direction',(0.,0.,-1.)) ;
#1073=DIRECTION('Axis2P3D Direction',(-1.,0.,0.)) ;
#1074=DIRECTION('Axis2P3D XDirection',(0.,1.,0.)) ;
#1078=DIRECTION('Vector Direction',(0.,0.,-1.)) ;
#1097=DIRECTION('Vector Direction',(0.,0.,-1.)) ;
#1102=DIRECTION('Vector Direction',(0.,0.,-1.)) ;
#1114=DIRECTION('Axis2P3D Direction',(1.,0.,0.)) ;
#1115=DIRECTION('Axis2P3D XDirection',(0.,-1.,0.)) ;
#1119=DIRECTION('Vector Direction',(0.,0.,-1.)) ;
#1131=DIRECTION('Vector Direction',(0.,0.,-1.)) ;
#1143=DIRECTION('Axis2P3D Direction',(0.,0.,1.)) ;
#1144=DIRECTION('Axis2P3D XDirection',(-1.,-3.21624529935E-016,-0.)) ;
#1148=DIRECTION('Vector Direction',(0.,0.,1.)) ;
#1160=DIRECTION('Axis2P3D Direction',(1.,0.,0.)) ;
#1161=DIRECTION('Axis2P3D XDirection',(0.,-1.,0.)) ;
#1165=DIRECTION('Vector Direction',(0.,0.,-1.)) ;
#1177=DIRECTION('Vector Direction',(0.,0.,-1.)) ;
#1189=DIRECTION('Axis2P3D Direction',(0.,0.,1.)) ;
#1190=DIRECTION('Axis2P3D XDirection',(6.12323399574E-017,1.,0.)) ;
#1201=DIRECTION('Axis2P3D Direction',(1.,0.,0.)) ;
#1202=DIRECTION('Axis2P3D XDirection',(0.,-1.,0.)) ;
#1206=DIRECTION('Vector Direction',(0.,0.,-1.)) ;
#1211=DIRECTION('Vector Direction',(0.,0.,-1.)) ;
#1223=DIRECTION('Axis2P3D Direction',(0.,0.,1.)) ;
#1224=DIRECTION('Axis2P3D XDirection',(-1.83697019872E-016,-1.,-0.)) ;
#1228=DIRECTION('Vector Direction',(0.,0.,1.)) ;
#1240=DIRECTION('Vector Direction',(0.,0.,-1.)) ;
#1252=DIRECTION('Axis2P3D Direction',(1.,0.,0.)) ;
#1253=DIRECTION('Axis2P3D XDirection',(0.,-1.,0.)) ;
#1257=DIRECTION('Vector Direction',(0.,0.,-1.)) ;
#1269=DIRECTION('Vector Direction',(0.,0.,-1.)) ;
#1281=DIRECTION('Axis2P3D Direction',(0.,0.,1.)) ;
#1282=DIRECTION('Axis2P3D XDirection',(1.,-2.44929359829E-016,0.)) ;
#1286=DIRECTION('Vector Direction',(0.,0.,1.)) ;
#1305=DIRECTION('Axis2P3D Direction',(0.,0.,1.)) ;
#1306=DIRECTION('Axis2P3D XDirection',(7.04481399828E-016,-1.,0.)) ;
#1310=DIRECTION('Vector Direction',(0.,0.,1.)) ;
#1317=DIRECTION('Vector Direction',(0.,0.,1.)) ;
#1324=DIRECTION('Axis2P3D Direction',(0.,0.,1.)) ;
#1336=DIRECTION('Axis2P3D Direction',(0.,-1.,0.)) ;
#1337=DIRECTION('Axis2P3D XDirection',(1.,0.,0.)) ;
#1341=DIRECTION('Vector Direction',(0.,0.,1.)) ;
#1348=DIRECTION('Vector Direction',(1.,0.,0.)) ;
#1360=DIRECTION('Vector Direction',(0.,0.,1.)) ;
#1367=DIRECTION('Vector Direction',(1.,0.,0.)) ;
#1379=DIRECTION('Axis2P3D Direction',(0.,0.,1.)) ;
#1380=DIRECTION('Axis2P3D XDirection',(-1.,-3.21624529935E-016,-0.)) ;
#1384=DIRECTION('Vector Direction',(0.,0.,1.)) ;
#1391=DIRECTION('Axis2P3D Direction',(0.,0.,1.)) ;
#1403=DIRECTION('Axis2P3D Direction',(0.,0.,1.)) ;
#1404=DIRECTION('Axis2P3D XDirection',(-1.60812264968E-016,1.,0.)) ;
#1408=DIRECTION('Vector Direction',(0.,0.,1.)) ;
#1415=DIRECTION('Vector Direction',(0.,0.,1.)) ;
#1422=DIRECTION('Axis2P3D Direction',(0.,0.,1.)) ;
#1434=DIRECTION('Axis2P3D Direction',(0.,1.,-0.)) ;
#1435=DIRECTION('Axis2P3D XDirection',(-1.,0.,0.)) ;
#1439=DIRECTION('Vector Direction',(0.,0.,1.)) ;
#1446=DIRECTION('Vector Direction',(-1.,0.,0.)) ;
#1458=DIRECTION('Vector Direction',(0.,0.,1.)) ;
#1465=DIRECTION('Vector Direction',(-1.,0.,0.)) ;
#1477=DIRECTION('Axis2P3D Direction',(0.,0.,1.)) ;
#1478=DIRECTION('Axis2P3D XDirection',(1.,8.198570028E-016,0.)) ;
#1482=DIRECTION('Vector Direction',(0.,0.,1.)) ;
#1489=DIRECTION('Axis2P3D Direction',(0.,0.,1.)) ;
#1501=DIRECTION('Axis2P3D Direction',(0.,-1.,0.)) ;
#1502=DIRECTION('Axis2P3D XDirection',(1.,0.,0.)) ;
#1506=DIRECTION('Vector Direction',(0.,0.,1.)) ;
#1513=DIRECTION('Vector Direction',(0.,0.,1.)) ;
#1520=DIRECTION('Vector Direction',(-1.,0.,0.)) ;
#1532=DIRECTION('Axis2P3D Direction',(1.,0.,0.)) ;
#1533=DIRECTION('Axis2P3D XDirection',(0.,1.,0.)) ;
#1537=DIRECTION('Vector Direction',(0.,1.,0.)) ;
#1544=DIRECTION('Vector Direction',(0.,0.,1.)) ;
#1556=DIRECTION('Axis2P3D Direction',(0.,1.,-0.)) ;
#1557=DIRECTION('Axis2P3D XDirection',(-1.,0.,0.)) ;
#1561=DIRECTION('Vector Direction',(0.,0.,1.)) ;
#1568=DIRECTION('Vector Direction',(1.,0.,0.)) ;
#1580=DIRECTION('Axis2P3D Direction',(-1.,0.,0.)) ;
#1581=DIRECTION('Axis2P3D XDirection',(0.,-1.,0.)) ;
#1585=DIRECTION('Vector Direction',(0.,-1.,0.)) ;
#1597=DIRECTION('Axis2P3D Direction',(-1.,0.,0.)) ;
#1598=DIRECTION('Axis2P3D XDirection',(0.,-1.,0.)) ;
#1602=DIRECTION('Vector Direction',(0.,0.,1.)) ;
#1609=DIRECTION('Vector Direction',(0.,0.,1.)) ;
#1616=DIRECTION('Vector Direction',(0.,1.,0.)) ;
#1628=DIRECTION('Vector Direction',(0.,0.,1.)) ;
#1635=DIRECTION('Vector Direction',(1.,0.,0.)) ;
#1647=DIRECTION('Axis2P3D Direction',(1.,0.,0.)) ;
#1648=DIRECTION('Axis2P3D XDirection',(0.,1.,0.)) ;
#1652=DIRECTION('Vector Direction',(0.,0.,1.)) ;
#1659=DIRECTION('Vector Direction',(0.,-1.,0.)) ;
#1671=DIRECTION('Vector Direction',(-1.,0.,0.)) ;
#1683=DIRECTION('Axis2P3D Direction',(-1.,0.,0.)) ;
#1684=DIRECTION('Axis2P3D XDirection',(0.,-1.,0.)) ;
#1688=DIRECTION('Vector Direction',(0.,1.,0.)) ;
#1697=DIRECTION('Vector Direction',(0.,0.,1.)) ;
#1702=DIRECTION('Vector Direction',(0.,0.,1.)) ;
#1714=DIRECTION('Axis2P3D Direction',(0.,1.,-0.)) ;
#1715=DIRECTION('Axis2P3D XDirection',(-1.,0.,0.)) ;
#1719=DIRECTION('Vector Direction',(0.,0.,1.)) ;
#1726=DIRECTION('Vector Direction',(-1.,0.,0.)) ;
#1738=DIRECTION('Axis2P3D Direction',(0.,-0.,1.)) ;
#1739=DIRECTION('Axis2P3D XDirection',(1.,-1.83697019872E-016,-0.)) ;
#1743=DIRECTION('Axis2P3D Direction',(0.,-0.,1.)) ;
#1755=DIRECTION('Axis2P3D Direction',(0.,-1.,0.)) ;
#1756=DIRECTION('Axis2P3D XDirection',(1.,0.,0.)) ;
#1760=DIRECTION('Vector Direction',(0.,0.,1.)) ;
#1767=DIRECTION('Vector Direction',(1.,0.,0.)) ;
#1779=DIRECTION('Vector Direction',(0.,1.,0.)) ;
#1786=DIRECTION('Vector Direction',(0.,0.,1.)) ;
#1798=DIRECTION('Axis2P3D Direction',(0.,0.,1.)) ;
#1799=DIRECTION('Axis2P3D XDirection',(-1.83697019872E-016,-1.,-0.)) ;
#1803=DIRECTION('Axis2P3D Direction',(0.,0.,1.)) ;
#1815=DIRECTION('Vector Direction',(0.,0.,1.)) ;
#1822=DIRECTION('Vector Direction',(-1.,0.,0.)) ;
#1834=DIRECTION('Axis2P3D Direction',(-1.,0.,0.)) ;
#1835=DIRECTION('Axis2P3D XDirection',(0.,-1.,0.)) ;
#1839=DIRECTION('Vector Direction',(0.,0.,1.)) ;
#1846=DIRECTION('Vector Direction',(0.,0.,1.)) ;
#1853=DIRECTION('Vector Direction',(0.,-1.,0.)) ;
#1865=DIRECTION('Axis2P3D Direction',(0.,0.,1.)) ;
#1866=DIRECTION('Axis2P3D XDirection',(1.83697019872E-016,1.,-0.)) ;
#1870=DIRECTION('Axis2P3D Direction',(0.,0.,1.)) ;
#1882=DIRECTION('Vector Direction',(0.,0.,1.)) ;
#1889=DIRECTION('Vector Direction',(0.,-1.,0.)) ;
#1901=DIRECTION('Vector Direction',(0.,0.,1.)) ;
#1908=DIRECTION('Vector Direction',(1.,0.,0.)) ;
#1920=DIRECTION('Axis2P3D Direction',(0.,0.,1.)) ;
#1921=DIRECTION('Axis2P3D XDirection',(-1.,1.83697019872E-016,0.)) ;
#1925=DIRECTION('Axis2P3D Direction',(0.,0.,1.)) ;
#1937=DIRECTION('Axis2P3D Direction',(0.,0.,1.)) ;
#1938=DIRECTION('Axis2P3D XDirection',(1.,0.,0.)) ;
#1942=DIRECTION('Vector Direction',(-1.,0.,0.)) ;
#1951=DIRECTION('Axis2P3D Direction',(0.,0.,1.)) ;
#1958=DIRECTION('Vector Direction',(0.,-1.,0.)) ;
#1965=DIRECTION('Vector Direction',(-1.,0.,0.)) ;
#1972=DIRECTION('Vector Direction',(1.,0.,0.)) ;
#1979=DIRECTION('Vector Direction',(0.,-1.,0.)) ;
#1986=DIRECTION('Axis2P3D Direction',(0.,0.,1.)) ;
#1993=DIRECTION('Vector Direction',(1.,0.,0.)) ;
#2000=DIRECTION('Vector Direction',(0.,1.,0.)) ;
#2007=DIRECTION('Vector Direction',(-1.,0.,0.)) ;
#2014=DIRECTION('Axis2P3D Direction',(0.,0.,1.)) ;
#2021=DIRECTION('Vector Direction',(0.,1.,0.)) ;
#2028=DIRECTION('Vector Direction',(-1.,0.,0.)) ;
#2035=DIRECTION('Vector Direction',(1.,0.,0.)) ;
#2042=DIRECTION('Vector Direction',(0.,1.,0.)) ;
#2049=DIRECTION('Axis2P3D Direction',(0.,0.,1.)) ;
#2056=DIRECTION('Vector Direction',(1.,0.,0.)) ;
#2063=DIRECTION('Vector Direction',(0.,1.,0.)) ;
#2089=DIRECTION('Vector Direction',(0.,-1.,0.)) ;
#2098=DIRECTION('Axis2P3D Direction',(0.,0.,1.)) ;
#2105=DIRECTION('Vector Direction',(-1.,0.,0.)) ;
#2112=DIRECTION('Vector Direction',(0.,-1.,0.)) ;
#2119=DIRECTION('Vector Direction',(1.,0.,0.)) ;
#2126=DIRECTION('Axis2P3D Direction',(0.,0.,1.)) ;
#2133=DIRECTION('Vector Direction',(0.,-1.,0.)) ;
#2148=DIRECTION('Axis2P3D Direction',(0.,0.,1.)) ;
#2157=DIRECTION('Vector Direction',(0.,-1.,0.)) ;
#2164=DIRECTION('Vector Direction',(0.,-1.,0.)) ;
#2171=DIRECTION('Axis2P3D Direction',(0.,0.,1.)) ;
#2178=DIRECTION('Vector Direction',(-1.,0.,0.)) ;
#2185=DIRECTION('Vector Direction',(0.,-1.,0.)) ;
#2192=DIRECTION('Vector Direction',(1.,0.,0.)) ;
#2207=DIRECTION('Vector Direction',(0.,0.,1.)) ;
#2214=DIRECTION('Vector Direction',(0.,0.,1.)) ;
#2221=DIRECTION('Vector Direction',(0.,-1.,0.)) ;
#2233=DIRECTION('Axis2P3D Direction',(0.,0.,1.)) ;
#2234=DIRECTION('Axis2P3D XDirection',(1.,0.,0.)) ;
#2260=DIRECTION('Axis2P3D Direction',(0.,0.,1.)) ;
#2267=DIRECTION('Vector Direction',(-1.,0.,0.)) ;
#2274=DIRECTION('Vector Direction',(0.,1.,0.)) ;
#2281=DIRECTION('Vector Direction',(1.,0.,0.)) ;
#2288=DIRECTION('Axis2P3D Direction',(0.,0.,1.)) ;
#2295=DIRECTION('Vector Direction',(0.,1.,0.)) ;
#2302=DIRECTION('Vector Direction',(1.,0.,0.)) ;
#2309=DIRECTION('Vector Direction',(-1.,0.,0.)) ;
#2316=DIRECTION('Vector Direction',(0.,1.,0.)) ;
#2323=DIRECTION('Axis2P3D Direction',(0.,0.,1.)) ;
#2330=DIRECTION('Vector Direction',(-1.,0.,0.)) ;
#2337=DIRECTION('Vector Direction',(0.,1.,0.)) ;
#2344=DIRECTION('Vector Direction',(1.,0.,0.)) ;
#2351=DIRECTION('Axis2P3D Direction',(0.,0.,1.)) ;
#2358=DIRECTION('Vector Direction',(0.,-1.,0.)) ;
#2365=DIRECTION('Vector Direction',(1.,0.,0.)) ;
#2372=DIRECTION('Vector Direction',(-1.,0.,0.)) ;
#2397=DIRECTION('Axis2P3D Direction',(0.,0.,1.)) ;
#2406=DIRECTION('Vector Direction',(0.,-1.,0.)) ;
#2413=DIRECTION('Vector Direction',(0.,-1.,0.)) ;
#2420=DIRECTION('Axis2P3D Direction',(0.,0.,1.)) ;
#2427=DIRECTION('Vector Direction',(1.,0.,0.)) ;
#2434=DIRECTION('Vector Direction',(0.,-1.,0.)) ;
#2441=DIRECTION('Vector Direction',(-1.,0.,0.)) ;
#2455=DIRECTION('Vector Direction',(0.,-1.,0.)) ;
#2464=DIRECTION('Axis2P3D Direction',(0.,0.,1.)) ;
#2471=DIRECTION('Vector Direction',(1.,0.,0.)) ;
#2478=DIRECTION('Vector Direction',(0.,-1.,0.)) ;
#2485=DIRECTION('Vector Direction',(-1.,0.,0.)) ;
#2492=DIRECTION('Axis2P3D Direction',(0.,0.,1.)) ;
#2499=DIRECTION('Vector Direction',(0.,-1.,0.)) ;
#2526=DIRECTION('Vector Direction',(0.,0.,1.)) ;
#2538=DIRECTION('Vector Direction',(0.,0.,1.)) ;
#2550=DIRECTION('Vector Direction',(0.,0.,1.)) ;
#2562=DIRECTION('Vector Direction',(0.,0.,1.)) ;
#2574=DIRECTION('Vector Direction',(0.,0.,1.)) ;
#2586=DIRECTION('Vector Direction',(0.,0.,1.)) ;
#2598=DIRECTION('Vector Direction',(0.,0.,1.)) ;
#2610=DIRECTION('Vector Direction',(0.,0.,1.)) ;
#2622=DIRECTION('Vector Direction',(0.,0.,1.)) ;
#2634=DIRECTION('Vector Direction',(0.,0.,1.)) ;
#2646=DIRECTION('Vector Direction',(0.,0.,1.)) ;
#2658=DIRECTION('Vector Direction',(0.,0.,1.)) ;
#2670=DIRECTION('Vector Direction',(0.,0.,1.)) ;
#2682=DIRECTION('Vector Direction',(0.,0.,1.)) ;
#2694=DIRECTION('Vector Direction',(0.,0.,1.)) ;
#2706=DIRECTION('Vector Direction',(0.,0.,1.)) ;
#2725=DIRECTION('Vector Direction',(0.,0.,1.)) ;
#2730=DIRECTION('Vector Direction',(0.,0.,1.)) ;
#2742=DIRECTION('Vector Direction',(0.,0.,1.)) ;
#2754=DIRECTION('Vector Direction',(0.,0.,1.)) ;
#2766=DIRECTION('Vector Direction',(0.,0.,1.)) ;
#2778=DIRECTION('Vector Direction',(0.,0.,1.)) ;
#2790=DIRECTION('Vector Direction',(0.,0.,1.)) ;
#2809=DIRECTION('Vector Direction',(0.,0.,1.)) ;
#2814=DIRECTION('Vector Direction',(0.,0.,1.)) ;
#2826=DIRECTION('Vector Direction',(0.,0.,1.)) ;
#2838=DIRECTION('Vector Direction',(0.,0.,1.)) ;
#2850=DIRECTION('Vector Direction',(0.,0.,1.)) ;
#2862=DIRECTION('Vector Direction',(0.,0.,1.)) ;
#2874=DIRECTION('Vector Direction',(0.,0.,1.)) ;
#48=AXIS2_PLACEMENT_3D(' ',#47,$,$) ;
#55=AXIS2_PLACEMENT_3D('Plane Axis2P3D',#52,#53,#54) ;
#75=AXIS2_PLACEMENT_3D('Circle Axis2P3D',#73,#74,$) ;
#110=AXIS2_PLACEMENT_3D('Circle Axis2P3D',#108,#109,$) ;
#138=AXIS2_PLACEMENT_3D('Circle Axis2P3D',#136,#137,$) ;
#173=AXIS2_PLACEMENT_3D('Circle Axis2P3D',#171,#172,$) ;
#215=AXIS2_PLACEMENT_3D('Circle Axis2P3D',#213,#214,$) ;
#243=AXIS2_PLACEMENT_3D('Circle Axis2P3D',#241,#242,$) ;
#288=AXIS2_PLACEMENT_3D('Circle Axis2P3D',#286,#287,$) ;
#309=AXIS2_PLACEMENT_3D('Circle Axis2P3D',#307,#308,$) ;
#325=AXIS2_PLACEMENT_3D('Plane Axis2P3D',#322,#323,#324) ;
#356=AXIS2_PLACEMENT_3D('Plane Axis2P3D',#353,#354,#355) ;
#369=AXIS2_PLACEMENT_3D('Circle Axis2P3D',#367,#368,$) ;
#390=AXIS2_PLACEMENT_3D('Circle Axis2P3D',#388,#389,$) ;
#404=AXIS2_PLACEMENT_3D('Circle Axis2P3D',#402,#403,$) ;
#425=AXIS2_PLACEMENT_3D('Circle Axis2P3D',#423,#424,$) ;
#439=AXIS2_PLACEMENT_3D('Circle Axis2P3D',#437,#438,$) ;
#460=AXIS2_PLACEMENT_3D('Circle Axis2P3D',#458,#459,$) ;
#474=AXIS2_PLACEMENT_3D('Circle Axis2P3D',#472,#473,$) ;
#495=AXIS2_PLACEMENT_3D('Circle Axis2P3D',#493,#494,$) ;
#611=AXIS2_PLACEMENT_3D('Circle Axis2P3D',#609,#610,$) ;
#639=AXIS2_PLACEMENT_3D('Circle Axis2P3D',#637,#638,$) ;
#674=AXIS2_PLACEMENT_3D('Circle Axis2P3D',#672,#673,$) ;
#702=AXIS2_PLACEMENT_3D('Circle Axis2P3D',#700,#701,$) ;
#750=AXIS2_PLACEMENT_3D('Circle Axis2P3D',#748,#749,$) ;
#771=AXIS2_PLACEMENT_3D('Circle Axis2P3D',#769,#770,$) ;
#794=AXIS2_PLACEMENT_3D('Circle Axis2P3D',#792,#793,$) ;
#822=AXIS2_PLACEMENT_3D('Circle Axis2P3D',#820,#821,$) ;
#845=AXIS2_PLACEMENT_3D('Cylinder Axis2P3D',#842,#843,#844) ;
#862=AXIS2_PLACEMENT_3D('Plane Axis2P3D',#859,#860,#861) ;
#891=AXIS2_PLACEMENT_3D('Plane Axis2P3D',#888,#889,#890) ;
#908=AXIS2_PLACEMENT_3D('Cylinder Axis2P3D',#905,#906,#907) ;
#925=AXIS2_PLACEMENT_3D('Plane Axis2P3D',#922,#923,#924) ;
#942=AXIS2_PLACEMENT_3D('Plane Axis2P3D',#939,#940,#941) ;
#959=AXIS2_PLACEMENT_3D('Plane Axis2P3D',#956,#957,#958) ;
#976=AXIS2_PLACEMENT_3D('Cylinder Axis2P3D',#973,#974,#975) ;
#1005=AXIS2_PLACEMENT_3D('Plane Axis2P3D',#1002,#1003,#1004) ;
#1046=AXIS2_PLACEMENT_3D('Cylinder Axis2P3D',#1043,#1044,#1045) ;
#1075=AXIS2_PLACEMENT_3D('Plane Axis2P3D',#1072,#1073,#1074) ;
#1116=AXIS2_PLACEMENT_3D('Plane Axis2P3D',#1113,#1114,#1115) ;
#1145=AXIS2_PLACEMENT_3D('Cylinder Axis2P3D',#1142,#1143,#1144) ;
#1162=AXIS2_PLACEMENT_3D('Plane Axis2P3D',#1159,#1160,#1161) ;
#1191=AXIS2_PLACEMENT_3D('Cylinder Axis2P3D',#1188,#1189,#1190) ;
#1203=AXIS2_PLACEMENT_3D('Plane Axis2P3D',#1200,#1201,#1202) ;
#1225=AXIS2_PLACEMENT_3D('Cylinder Axis2P3D',#1222,#1223,#1224) ;
#1254=AXIS2_PLACEMENT_3D('Plane Axis2P3D',#1251,#1252,#1253) ;
#1283=AXIS2_PLACEMENT_3D('Cylinder Axis2P3D',#1280,#1281,#1282) ;
#1307=AXIS2_PLACEMENT_3D('Cylinder Axis2P3D',#1304,#1305,#1306) ;
#1325=AXIS2_PLACEMENT_3D('Circle Axis2P3D',#1323,#1324,$) ;
#1338=AXIS2_PLACEMENT_3D('Plane Axis2P3D',#1335,#1336,#1337) ;
#1381=AXIS2_PLACEMENT_3D('Cylinder Axis2P3D',#1378,#1379,#1380) ;
#1392=AXIS2_PLACEMENT_3D('Circle Axis2P3D',#1390,#1391,$) ;
#1405=AXIS2_PLACEMENT_3D('Cylinder Axis2P3D',#1402,#1403,#1404) ;
#1423=AXIS2_PLACEMENT_3D('Circle Axis2P3D',#1421,#1422,$) ;
#1436=AXIS2_PLACEMENT_3D('Plane Axis2P3D',#1433,#1434,#1435) ;
#1479=AXIS2_PLACEMENT_3D('Cylinder Axis2P3D',#1476,#1477,#1478) ;
#1490=AXIS2_PLACEMENT_3D('Circle Axis2P3D',#1488,#1489,$) ;
#1503=AXIS2_PLACEMENT_3D('Plane Axis2P3D',#1500,#1501,#1502) ;
#1534=AXIS2_PLACEMENT_3D('Plane Axis2P3D',#1531,#1532,#1533) ;
#1558=AXIS2_PLACEMENT_3D('Plane Axis2P3D',#1555,#1556,#1557) ;
#1582=AXIS2_PLACEMENT_3D('Plane Axis2P3D',#1579,#1580,#1581) ;
#1599=AXIS2_PLACEMENT_3D('Plane Axis2P3D',#1596,#1597,#1598) ;
#1649=AXIS2_PLACEMENT_3D('Plane Axis2P3D',#1646,#1647,#1648) ;
#1685=AXIS2_PLACEMENT_3D('Plane Axis2P3D',#1682,#1683,#1684) ;
#1716=AXIS2_PLACEMENT_3D('Plane Axis2P3D',#1713,#1714,#1715) ;
#1740=AXIS2_PLACEMENT_3D('Cylinder Axis2P3D',#1737,#1738,#1739) ;
#1744=AXIS2_PLACEMENT_3D('Circle Axis2P3D',#1742,#1743,$) ;
#1757=AXIS2_PLACEMENT_3D('Plane Axis2P3D',#1754,#1755,#1756) ;
#1800=AXIS2_PLACEMENT_3D('Cylinder Axis2P3D',#1797,#1798,#1799) ;
#1804=AXIS2_PLACEMENT_3D('Circle Axis2P3D',#1802,#1803,$) ;
#1836=AXIS2_PLACEMENT_3D('Plane Axis2P3D',#1833,#1834,#1835) ;
#1867=AXIS2_PLACEMENT_3D('Cylinder Axis2P3D',#1864,#1865,#1866) ;
#1871=AXIS2_PLACEMENT_3D('Circle Axis2P3D',#1869,#1870,$) ;
#1922=AXIS2_PLACEMENT_3D('Cylinder Axis2P3D',#1919,#1920,#1921) ;
#1926=AXIS2_PLACEMENT_3D('Circle Axis2P3D',#1924,#1925,$) ;
#1939=AXIS2_PLACEMENT_3D('Plane Axis2P3D',#1936,#1937,#1938) ;
#1952=AXIS2_PLACEMENT_3D('Circle Axis2P3D',#1950,#1951,$) ;
#1987=AXIS2_PLACEMENT_3D('Circle Axis2P3D',#1985,#1986,$) ;
#2015=AXIS2_PLACEMENT_3D('Circle Axis2P3D',#2013,#2014,$) ;
#2050=AXIS2_PLACEMENT_3D('Circle Axis2P3D',#2048,#2049,$) ;
#2099=AXIS2_PLACEMENT_3D('Circle Axis2P3D',#2097,#2098,$) ;
#2127=AXIS2_PLACEMENT_3D('Circle Axis2P3D',#2125,#2126,$) ;
#2149=AXIS2_PLACEMENT_3D('Circle Axis2P3D',#2147,#2148,$) ;
#2172=AXIS2_PLACEMENT_3D('Circle Axis2P3D',#2170,#2171,$) ;
#2235=AXIS2_PLACEMENT_3D('Plane Axis2P3D',#2232,#2233,#2234) ;
#2261=AXIS2_PLACEMENT_3D('Circle Axis2P3D',#2259,#2260,$) ;
#2289=AXIS2_PLACEMENT_3D('Circle Axis2P3D',#2287,#2288,$) ;
#2324=AXIS2_PLACEMENT_3D('Circle Axis2P3D',#2322,#2323,$) ;
#2352=AXIS2_PLACEMENT_3D('Circle Axis2P3D',#2350,#2351,$) ;
#2398=AXIS2_PLACEMENT_3D('Circle Axis2P3D',#2396,#2397,$) ;
#2421=AXIS2_PLACEMENT_3D('Circle Axis2P3D',#2419,#2420,$) ;
#2465=AXIS2_PLACEMENT_3D('Circle Axis2P3D',#2463,#2464,$) ;
#2493=AXIS2_PLACEMENT_3D('Circle Axis2P3D',#2491,#2492,$) ;
#40=PRODUCT_DEFINITION_SHAPE(' ',' ',#14) ;
#31=APPROVAL_PERSON_ORGANIZATION(#25,#21,#19) ;
#25=PERSON_AND_ORGANIZATION(#22,#23) ;
#22=PERSON(' ',' ',' ',$,$,$) ;
#23=ORGANIZATION(' ',' ',' ') ;
#21=APPROVAL(#20,' ') ;
#20=APPROVAL_STATUS('not_yet_approved') ;
#19=APPROVAL_ROLE('APPROVER') ;
#13=DATE_AND_TIME(#11,#12) ;
#12=LOCAL_TIME(15,25,15.,#10) ;
#10=COORDINATED_UNIVERSAL_TIME_OFFSET(0,0,.AHEAD.) ;
#184=ORIENTED_EDGE('',*,*,#65,.T.) ;
#185=ORIENTED_EDGE('',*,*,#72,.T.) ;
#186=ORIENTED_EDGE('',*,*,#79,.T.) ;
#187=ORIENTED_EDGE('',*,*,#86,.T.) ;
#188=ORIENTED_EDGE('',*,*,#93,.T.) ;
#189=ORIENTED_EDGE('',*,*,#100,.T.) ;
#190=ORIENTED_EDGE('',*,*,#107,.T.) ;
#191=ORIENTED_EDGE('',*,*,#114,.T.) ;
#192=ORIENTED_EDGE('',*,*,#121,.T.) ;
#193=ORIENTED_EDGE('',*,*,#128,.T.) ;
#194=ORIENTED_EDGE('',*,*,#135,.T.) ;
#195=ORIENTED_EDGE('',*,*,#142,.T.) ;
#196=ORIENTED_EDGE('',*,*,#149,.T.) ;
#197=ORIENTED_EDGE('',*,*,#156,.T.) ;
#198=ORIENTED_EDGE('',*,*,#163,.T.) ;
#199=ORIENTED_EDGE('',*,*,#170,.T.) ;
#200=ORIENTED_EDGE('',*,*,#177,.T.) ;
#201=ORIENTED_EDGE('',*,*,#182,.T.) ;
#254=ORIENTED_EDGE('',*,*,#212,.T.) ;
#255=ORIENTED_EDGE('',*,*,#219,.T.) ;
#256=ORIENTED_EDGE('',*,*,#226,.T.) ;
#257=ORIENTED_EDGE('',*,*,#233,.T.) ;
#258=ORIENTED_EDGE('',*,*,#240,.T.) ;
#259=ORIENTED_EDGE('',*,*,#247,.T.) ;
#260=ORIENTED_EDGE('',*,*,#252,.T.) ;
#313=ORIENTED_EDGE('',*,*,#271,.T.) ;
#314=ORIENTED_EDGE('',*,*,#278,.T.) ;
#315=ORIENTED_EDGE('',*,*,#285,.T.) ;
#316=ORIENTED_EDGE('',*,*,#292,.T.) ;
#317=ORIENTED_EDGE('',*,*,#299,.T.) ;
#318=ORIENTED_EDGE('',*,*,#306,.T.) ;
#319=ORIENTED_EDGE('',*,*,#311,.T.) ;
#347=ORIENTED_EDGE('',*,*,#335,.T.) ;
#348=ORIENTED_EDGE('',*,*,#340,.F.) ;
#349=ORIENTED_EDGE('',*,*,#170,.F.) ;
#350=ORIENTED_EDGE('',*,*,#345,.T.) ;
#499=ORIENTED_EDGE('',*,*,#366,.T.) ;
#500=ORIENTED_EDGE('',*,*,#373,.T.) ;
#501=ORIENTED_EDGE('',*,*,#380,.T.) ;
#502=ORIENTED_EDGE('',*,*,#387,.T.) ;
#503=ORIENTED_EDGE('',*,*,#394,.T.) ;
#504=ORIENTED_EDGE('',*,*,#401,.T.) ;
#505=ORIENTED_EDGE('',*,*,#408,.T.) ;
#506=ORIENTED_EDGE('',*,*,#415,.T.) ;
#507=ORIENTED_EDGE('',*,*,#422,.T.) ;
#508=ORIENTED_EDGE('',*,*,#429,.T.) ;
#509=ORIENTED_EDGE('',*,*,#436,.T.) ;
#510=ORIENTED_EDGE('',*,*,#443,.T.) ;
#511=ORIENTED_EDGE('',*,*,#450,.T.) ;
#512=ORIENTED_EDGE('',*,*,#457,.T.) ;
#513=ORIENTED_EDGE('',*,*,#464,.T.) ;
#514=ORIENTED_EDGE('',*,*,#471,.T.) ;
#515=ORIENTED_EDGE('',*,*,#478,.T.) ;
#516=ORIENTED_EDGE('',*,*,#485,.T.) ;
#517=ORIENTED_EDGE('',*,*,#492,.T.) ;
#518=ORIENTED_EDGE('',*,*,#497,.T.) ;
#549=ORIENTED_EDGE('',*,*,#528,.F.) ;
#550=ORIENTED_EDGE('',*,*,#535,.F.) ;
#551=ORIENTED_EDGE('',*,*,#542,.F.) ;
#552=ORIENTED_EDGE('',*,*,#547,.F.) ;
#583=ORIENTED_EDGE('',*,*,#562,.F.) ;
#584=ORIENTED_EDGE('',*,*,#569,.F.) ;
#585=ORIENTED_EDGE('',*,*,#576,.F.) ;
#586=ORIENTED_EDGE('',*,*,#581,.F.) ;
#706=ORIENTED_EDGE('',*,*,#335,.F.) ;
#707=ORIENTED_EDGE('',*,*,#594,.F.) ;
#708=ORIENTED_EDGE('',*,*,#601,.F.) ;
#709=ORIENTED_EDGE('',*,*,#608,.F.) ;
#710=ORIENTED_EDGE('',*,*,#615,.F.) ;
#711=ORIENTED_EDGE('',*,*,#622,.F.) ;
#712=ORIENTED_EDGE('',*,*,#629,.F.) ;
#713=ORIENTED_EDGE('',*,*,#636,.F.) ;
#714=ORIENTED_EDGE('',*,*,#643,.F.) ;
#715=ORIENTED_EDGE('',*,*,#650,.F.) ;
#716=ORIENTED_EDGE('',*,*,#657,.F.) ;
#717=ORIENTED_EDGE('',*,*,#664,.F.) ;
#718=ORIENTED_EDGE('',*,*,#671,.F.) ;
#719=ORIENTED_EDGE('',*,*,#678,.F.) ;
#720=ORIENTED_EDGE('',*,*,#685,.F.) ;
#721=ORIENTED_EDGE('',*,*,#692,.F.) ;
#722=ORIENTED_EDGE('',*,*,#699,.F.) ;
#723=ORIENTED_EDGE('',*,*,#704,.F.) ;
#775=ORIENTED_EDGE('',*,*,#733,.F.) ;
#776=ORIENTED_EDGE('',*,*,#740,.F.) ;
#777=ORIENTED_EDGE('',*,*,#747,.F.) ;
#778=ORIENTED_EDGE('',*,*,#754,.F.) ;
#779=ORIENTED_EDGE('',*,*,#761,.F.) ;
#780=ORIENTED_EDGE('',*,*,#768,.F.) ;
#781=ORIENTED_EDGE('',*,*,#773,.F.) ;
#833=ORIENTED_EDGE('',*,*,#791,.F.) ;
#834=ORIENTED_EDGE('',*,*,#798,.F.) ;
#835=ORIENTED_EDGE('',*,*,#805,.F.) ;
#836=ORIENTED_EDGE('',*,*,#812,.F.) ;
#837=ORIENTED_EDGE('',*,*,#819,.F.) ;
#838=ORIENTED_EDGE('',*,*,#826,.F.) ;
#839=ORIENTED_EDGE('',*,*,#831,.F.) ;
#853=ORIENTED_EDGE('',*,*,#704,.T.) ;
#854=ORIENTED_EDGE('',*,*,#851,.F.) ;
#855=ORIENTED_EDGE('',*,*,#177,.F.) ;
#856=ORIENTED_EDGE('',*,*,#340,.T.) ;
#870=ORIENTED_EDGE('',*,*,#594,.T.) ;
#871=ORIENTED_EDGE('',*,*,#345,.F.) ;
#872=ORIENTED_EDGE('',*,*,#163,.F.) ;
#873=ORIENTED_EDGE('',*,*,#868,.T.) ;
#882=ORIENTED_EDGE('',*,*,#601,.T.) ;
#883=ORIENTED_EDGE('',*,*,#868,.F.) ;
#884=ORIENTED_EDGE('',*,*,#156,.F.) ;
#885=ORIENTED_EDGE('',*,*,#880,.T.) ;
#899=ORIENTED_EDGE('',*,*,#608,.T.) ;
#900=ORIENTED_EDGE('',*,*,#880,.F.) ;
#901=ORIENTED_EDGE('',*,*,#149,.F.) ;
#902=ORIENTED_EDGE('',*,*,#897,.T.) ;
#916=ORIENTED_EDGE('',*,*,#615,.T.) ;
#917=ORIENTED_EDGE('',*,*,#897,.F.) ;
#918=ORIENTED_EDGE('',*,*,#142,.F.) ;
#919=ORIENTED_EDGE('',*,*,#914,.T.) ;
#933=ORIENTED_EDGE('',*,*,#622,.T.) ;
#934=ORIENTED_EDGE('',*,*,#914,.F.) ;
#935=ORIENTED_EDGE('',*,*,#135,.F.) ;
#936=ORIENTED_EDGE('',*,*,#931,.T.) ;
#950=ORIENTED_EDGE('',*,*,#629,.T.) ;
#951=ORIENTED_EDGE('',*,*,#931,.F.) ;
#952=ORIENTED_EDGE('',*,*,#128,.F.) ;
#953=ORIENTED_EDGE('',*,*,#948,.T.) ;
#967=ORIENTED_EDGE('',*,*,#636,.T.) ;
#968=ORIENTED_EDGE('',*,*,#948,.F.) ;
#969=ORIENTED_EDGE('',*,*,#121,.F.) ;
#970=ORIENTED_EDGE('',*,*,#965,.T.) ;
#984=ORIENTED_EDGE('',*,*,#643,.T.) ;
#985=ORIENTED_EDGE('',*,*,#965,.F.) ;
#986=ORIENTED_EDGE('',*,*,#114,.F.) ;
#987=ORIENTED_EDGE('',*,*,#982,.T.) ;
#996=ORIENTED_EDGE('',*,*,#650,.T.) ;
#997=ORIENTED_EDGE('',*,*,#982,.F.) ;
#998=ORIENTED_EDGE('',*,*,#107,.F.) ;
#999=ORIENTED_EDGE('',*,*,#994,.T.) ;
#1013=ORIENTED_EDGE('',*,*,#657,.T.) ;
#1014=ORIENTED_EDGE('',*,*,#994,.F.) ;
#1015=ORIENTED_EDGE('',*,*,#100,.F.) ;
#1016=ORIENTED_EDGE('',*,*,#1011,.T.) ;
#1025=ORIENTED_EDGE('',*,*,#664,.T.) ;
#1026=ORIENTED_EDGE('',*,*,#1011,.F.) ;
#1027=ORIENTED_EDGE('',*,*,#93,.F.) ;
#1028=ORIENTED_EDGE('',*,*,#1023,.T.) ;
#1037=ORIENTED_EDGE('',*,*,#671,.T.) ;
#1038=ORIENTED_EDGE('',*,*,#1023,.F.) ;
#1039=ORIENTED_EDGE('',*,*,#86,.F.) ;
#1040=ORIENTED_EDGE('',*,*,#1035,.T.) ;
#1054=ORIENTED_EDGE('',*,*,#678,.T.) ;
#1055=ORIENTED_EDGE('',*,*,#1035,.F.) ;
#1056=ORIENTED_EDGE('',*,*,#79,.F.) ;
#1057=ORIENTED_EDGE('',*,*,#1052,.T.) ;
#1066=ORIENTED_EDGE('',*,*,#685,.T.) ;
#1067=ORIENTED_EDGE('',*,*,#1052,.F.) ;
#1068=ORIENTED_EDGE('',*,*,#72,.F.) ;
#1069=ORIENTED_EDGE('',*,*,#1064,.T.) ;
#1083=ORIENTED_EDGE('',*,*,#692,.T.) ;
#1084=ORIENTED_EDGE('',*,*,#1064,.F.) ;
#1085=ORIENTED_EDGE('',*,*,#65,.F.) ;
#1086=ORIENTED_EDGE('',*,*,#1081,.T.) ;
#1090=ORIENTED_EDGE('',*,*,#699,.T.) ;
#1091=ORIENTED_EDGE('',*,*,#1081,.F.) ;
#1092=ORIENTED_EDGE('',*,*,#182,.F.) ;
#1093=ORIENTED_EDGE('',*,*,#851,.T.) ;
#1107=ORIENTED_EDGE('',*,*,#733,.T.) ;
#1108=ORIENTED_EDGE('',*,*,#1100,.F.) ;
#1109=ORIENTED_EDGE('',*,*,#240,.F.) ;
#1110=ORIENTED_EDGE('',*,*,#1105,.T.) ;
#1124=ORIENTED_EDGE('',*,*,#740,.T.) ;
#1125=ORIENTED_EDGE('',*,*,#1105,.F.) ;
#1126=ORIENTED_EDGE('',*,*,#233,.F.) ;
#1127=ORIENTED_EDGE('',*,*,#1122,.T.) ;
#1136=ORIENTED_EDGE('',*,*,#747,.T.) ;
#1137=ORIENTED_EDGE('',*,*,#1122,.F.) ;
#1138=ORIENTED_EDGE('',*,*,#226,.F.) ;
#1139=ORIENTED_EDGE('',*,*,#1134,.T.) ;
#1153=ORIENTED_EDGE('',*,*,#754,.T.) ;
#1154=ORIENTED_EDGE('',*,*,#1134,.F.) ;
#1155=ORIENTED_EDGE('',*,*,#219,.F.) ;
#1156=ORIENTED_EDGE('',*,*,#1151,.T.) ;
#1170=ORIENTED_EDGE('',*,*,#761,.T.) ;
#1171=ORIENTED_EDGE('',*,*,#1151,.F.) ;
#1172=ORIENTED_EDGE('',*,*,#212,.F.) ;
#1173=ORIENTED_EDGE('',*,*,#1168,.T.) ;
#1182=ORIENTED_EDGE('',*,*,#768,.T.) ;
#1183=ORIENTED_EDGE('',*,*,#1168,.F.) ;
#1184=ORIENTED_EDGE('',*,*,#252,.F.) ;
#1185=ORIENTED_EDGE('',*,*,#1180,.T.) ;
#1194=ORIENTED_EDGE('',*,*,#773,.T.) ;
#1195=ORIENTED_EDGE('',*,*,#1180,.F.) ;
#1196=ORIENTED_EDGE('',*,*,#247,.F.) ;
#1197=ORIENTED_EDGE('',*,*,#1100,.T.) ;
#1216=ORIENTED_EDGE('',*,*,#791,.T.) ;
#1217=ORIENTED_EDGE('',*,*,#1209,.F.) ;
#1218=ORIENTED_EDGE('',*,*,#299,.F.) ;
#1219=ORIENTED_EDGE('',*,*,#1214,.T.) ;
#1233=ORIENTED_EDGE('',*,*,#798,.T.) ;
#1234=ORIENTED_EDGE('',*,*,#1214,.F.) ;
#1235=ORIENTED_EDGE('',*,*,#292,.F.) ;
#1236=ORIENTED_EDGE('',*,*,#1231,.T.) ;
#1245=ORIENTED_EDGE('',*,*,#805,.T.) ;
#1246=ORIENTED_EDGE('',*,*,#1231,.F.) ;
#1247=ORIENTED_EDGE('',*,*,#285,.F.) ;
#1248=ORIENTED_EDGE('',*,*,#1243,.T.) ;
#1262=ORIENTED_EDGE('',*,*,#812,.T.) ;
#1263=ORIENTED_EDGE('',*,*,#1243,.F.) ;
#1264=ORIENTED_EDGE('',*,*,#278,.F.) ;
#1265=ORIENTED_EDGE('',*,*,#1260,.T.) ;
#1274=ORIENTED_EDGE('',*,*,#819,.T.) ;
#1275=ORIENTED_EDGE('',*,*,#1260,.F.) ;
#1276=ORIENTED_EDGE('',*,*,#271,.F.) ;
#1277=ORIENTED_EDGE('',*,*,#1272,.T.) ;
#1291=ORIENTED_EDGE('',*,*,#826,.T.) ;
#1292=ORIENTED_EDGE('',*,*,#1272,.F.) ;
#1293=ORIENTED_EDGE('',*,*,#311,.F.) ;
#1294=ORIENTED_EDGE('',*,*,#1289,.T.) ;
#1298=ORIENTED_EDGE('',*,*,#831,.T.) ;
#1299=ORIENTED_EDGE('',*,*,#1289,.F.) ;
#1300=ORIENTED_EDGE('',*,*,#306,.F.) ;
#1301=ORIENTED_EDGE('',*,*,#1209,.T.) ;
#1329=ORIENTED_EDGE('',*,*,#1315,.T.) ;
#1330=ORIENTED_EDGE('',*,*,#373,.F.) ;
#1331=ORIENTED_EDGE('',*,*,#1322,.F.) ;
#1332=ORIENTED_EDGE('',*,*,#1327,.T.) ;
#1353=ORIENTED_EDGE('',*,*,#1346,.T.) ;
#1354=ORIENTED_EDGE('',*,*,#380,.F.) ;
#1355=ORIENTED_EDGE('',*,*,#1315,.F.) ;
#1356=ORIENTED_EDGE('',*,*,#1351,.T.) ;
#1372=ORIENTED_EDGE('',*,*,#1365,.T.) ;
#1373=ORIENTED_EDGE('',*,*,#387,.F.) ;
#1374=ORIENTED_EDGE('',*,*,#1346,.F.) ;
#1375=ORIENTED_EDGE('',*,*,#1370,.T.) ;
#1396=ORIENTED_EDGE('',*,*,#1389,.T.) ;
#1397=ORIENTED_EDGE('',*,*,#394,.F.) ;
#1398=ORIENTED_EDGE('',*,*,#1365,.F.) ;
#1399=ORIENTED_EDGE('',*,*,#1394,.T.) ;
#1427=ORIENTED_EDGE('',*,*,#1413,.T.) ;
#1428=ORIENTED_EDGE('',*,*,#443,.F.) ;
#1429=ORIENTED_EDGE('',*,*,#1420,.F.) ;
#1430=ORIENTED_EDGE('',*,*,#1425,.T.) ;
#1451=ORIENTED_EDGE('',*,*,#1444,.T.) ;
#1452=ORIENTED_EDGE('',*,*,#450,.F.) ;
#1453=ORIENTED_EDGE('',*,*,#1413,.F.) ;
#1454=ORIENTED_EDGE('',*,*,#1449,.T.) ;
#1470=ORIENTED_EDGE('',*,*,#1463,.T.) ;
#1471=ORIENTED_EDGE('',*,*,#457,.F.) ;
#1472=ORIENTED_EDGE('',*,*,#1444,.F.) ;
#1473=ORIENTED_EDGE('',*,*,#1468,.T.) ;
#1494=ORIENTED_EDGE('',*,*,#1487,.T.) ;
#1495=ORIENTED_EDGE('',*,*,#464,.F.) ;
#1496=ORIENTED_EDGE('',*,*,#1463,.F.) ;
#1497=ORIENTED_EDGE('',*,*,#1492,.T.) ;
#1525=ORIENTED_EDGE('',*,*,#1511,.T.) ;
#1526=ORIENTED_EDGE('',*,*,#547,.T.) ;
#1527=ORIENTED_EDGE('',*,*,#1518,.F.) ;
#1528=ORIENTED_EDGE('',*,*,#1523,.F.) ;
#1549=ORIENTED_EDGE('',*,*,#1542,.F.) ;
#1550=ORIENTED_EDGE('',*,*,#1547,.T.) ;
#1551=ORIENTED_EDGE('',*,*,#528,.T.) ;
#1552=ORIENTED_EDGE('',*,*,#1511,.F.) ;
#1573=ORIENTED_EDGE('',*,*,#1566,.T.) ;
#1574=ORIENTED_EDGE('',*,*,#535,.T.) ;
#1575=ORIENTED_EDGE('',*,*,#1547,.F.) ;
#1576=ORIENTED_EDGE('',*,*,#1571,.F.) ;
#1590=ORIENTED_EDGE('',*,*,#1588,.F.) ;
#1591=ORIENTED_EDGE('',*,*,#1518,.T.) ;
#1592=ORIENTED_EDGE('',*,*,#542,.T.) ;
#1593=ORIENTED_EDGE('',*,*,#1566,.F.) ;
#1621=ORIENTED_EDGE('',*,*,#1607,.T.) ;
#1622=ORIENTED_EDGE('',*,*,#581,.T.) ;
#1623=ORIENTED_EDGE('',*,*,#1614,.F.) ;
#1624=ORIENTED_EDGE('',*,*,#1619,.F.) ;
#1640=ORIENTED_EDGE('',*,*,#1633,.T.) ;
#1641=ORIENTED_EDGE('',*,*,#562,.T.) ;
#1642=ORIENTED_EDGE('',*,*,#1607,.F.) ;
#1643=ORIENTED_EDGE('',*,*,#1638,.F.) ;
#1664=ORIENTED_EDGE('',*,*,#1657,.T.) ;
#1665=ORIENTED_EDGE('',*,*,#569,.T.) ;
#1666=ORIENTED_EDGE('',*,*,#1633,.F.) ;
#1667=ORIENTED_EDGE('',*,*,#1662,.F.) ;
#1676=ORIENTED_EDGE('',*,*,#1614,.T.) ;
#1677=ORIENTED_EDGE('',*,*,#576,.T.) ;
#1678=ORIENTED_EDGE('',*,*,#1657,.F.) ;
#1679=ORIENTED_EDGE('',*,*,#1674,.F.) ;
#1707=ORIENTED_EDGE('',*,*,#1695,.T.) ;
#1708=ORIENTED_EDGE('',*,*,#1700,.T.) ;
#1709=ORIENTED_EDGE('',*,*,#422,.F.) ;
#1710=ORIENTED_EDGE('',*,*,#1705,.F.) ;
#1731=ORIENTED_EDGE('',*,*,#1420,.T.) ;
#1732=ORIENTED_EDGE('',*,*,#436,.F.) ;
#1733=ORIENTED_EDGE('',*,*,#1724,.F.) ;
#1734=ORIENTED_EDGE('',*,*,#1729,.T.) ;
#1748=ORIENTED_EDGE('',*,*,#1724,.T.) ;
#1749=ORIENTED_EDGE('',*,*,#429,.F.) ;
#1750=ORIENTED_EDGE('',*,*,#1700,.F.) ;
#1751=ORIENTED_EDGE('',*,*,#1746,.T.) ;
#1772=ORIENTED_EDGE('',*,*,#1765,.T.) ;
#1773=ORIENTED_EDGE('',*,*,#401,.F.) ;
#1774=ORIENTED_EDGE('',*,*,#1389,.F.) ;
#1775=ORIENTED_EDGE('',*,*,#1770,.T.) ;
#1791=ORIENTED_EDGE('',*,*,#1784,.T.) ;
#1792=ORIENTED_EDGE('',*,*,#1705,.T.) ;
#1793=ORIENTED_EDGE('',*,*,#415,.F.) ;
#1794=ORIENTED_EDGE('',*,*,#1789,.F.) ;
#1808=ORIENTED_EDGE('',*,*,#1789,.T.) ;
#1809=ORIENTED_EDGE('',*,*,#408,.F.) ;
#1810=ORIENTED_EDGE('',*,*,#1765,.F.) ;
#1811=ORIENTED_EDGE('',*,*,#1806,.T.) ;
#1827=ORIENTED_EDGE('',*,*,#1820,.T.) ;
#1828=ORIENTED_EDGE('',*,*,#471,.F.) ;
#1829=ORIENTED_EDGE('',*,*,#1487,.F.) ;
#1830=ORIENTED_EDGE('',*,*,#1825,.T.) ;
#1858=ORIENTED_EDGE('',*,*,#1844,.T.) ;
#1859=ORIENTED_EDGE('',*,*,#485,.F.) ;
#1860=ORIENTED_EDGE('',*,*,#1851,.F.) ;
#1861=ORIENTED_EDGE('',*,*,#1856,.T.) ;
#1875=ORIENTED_EDGE('',*,*,#1851,.T.) ;
#1876=ORIENTED_EDGE('',*,*,#478,.F.) ;
#1877=ORIENTED_EDGE('',*,*,#1820,.F.) ;
#1878=ORIENTED_EDGE('',*,*,#1873,.T.) ;
#1894=ORIENTED_EDGE('',*,*,#1887,.T.) ;
#1895=ORIENTED_EDGE('',*,*,#492,.F.) ;
#1896=ORIENTED_EDGE('',*,*,#1844,.F.) ;
#1897=ORIENTED_EDGE('',*,*,#1892,.T.) ;
#1913=ORIENTED_EDGE('',*,*,#1322,.T.) ;
#1914=ORIENTED_EDGE('',*,*,#366,.F.) ;
#1915=ORIENTED_EDGE('',*,*,#1906,.F.) ;
#1916=ORIENTED_EDGE('',*,*,#1911,.T.) ;
#1930=ORIENTED_EDGE('',*,*,#1906,.T.) ;
#1931=ORIENTED_EDGE('',*,*,#497,.F.) ;
#1932=ORIENTED_EDGE('',*,*,#1887,.F.) ;
#1933=ORIENTED_EDGE('',*,*,#1928,.T.) ;
#2068=ORIENTED_EDGE('',*,*,#1949,.F.) ;
#2069=ORIENTED_EDGE('',*,*,#1956,.F.) ;
#2070=ORIENTED_EDGE('',*,*,#1963,.F.) ;
#2071=ORIENTED_EDGE('',*,*,#1970,.F.) ;
#2072=ORIENTED_EDGE('',*,*,#1977,.F.) ;
#2073=ORIENTED_EDGE('',*,*,#1984,.F.) ;
#2074=ORIENTED_EDGE('',*,*,#1991,.F.) ;
#2075=ORIENTED_EDGE('',*,*,#1998,.F.) ;
#2076=ORIENTED_EDGE('',*,*,#2005,.F.) ;
#2077=ORIENTED_EDGE('',*,*,#2012,.F.) ;
#2078=ORIENTED_EDGE('',*,*,#2019,.F.) ;
#2079=ORIENTED_EDGE('',*,*,#2026,.F.) ;
#2080=ORIENTED_EDGE('',*,*,#2033,.F.) ;
#2081=ORIENTED_EDGE('',*,*,#2040,.F.) ;
#2082=ORIENTED_EDGE('',*,*,#2047,.F.) ;
#2083=ORIENTED_EDGE('',*,*,#2054,.F.) ;
#2084=ORIENTED_EDGE('',*,*,#2061,.F.) ;
#2085=ORIENTED_EDGE('',*,*,#2066,.F.) ;
#2138=ORIENTED_EDGE('',*,*,#2096,.F.) ;
#2139=ORIENTED_EDGE('',*,*,#2103,.F.) ;
#2140=ORIENTED_EDGE('',*,*,#2110,.F.) ;
#2141=ORIENTED_EDGE('',*,*,#2117,.F.) ;
#2142=ORIENTED_EDGE('',*,*,#2124,.F.) ;
#2143=ORIENTED_EDGE('',*,*,#2131,.F.) ;
#2144=ORIENTED_EDGE('',*,*,#2136,.F.) ;
#2197=ORIENTED_EDGE('',*,*,#2155,.F.) ;
#2198=ORIENTED_EDGE('',*,*,#2162,.F.) ;
#2199=ORIENTED_EDGE('',*,*,#2169,.F.) ;
#2200=ORIENTED_EDGE('',*,*,#2176,.F.) ;
#2201=ORIENTED_EDGE('',*,*,#2183,.F.) ;
#2202=ORIENTED_EDGE('',*,*,#2190,.F.) ;
#2203=ORIENTED_EDGE('',*,*,#2195,.F.) ;
#2226=ORIENTED_EDGE('',*,*,#2212,.F.) ;
#2227=ORIENTED_EDGE('',*,*,#1963,.T.) ;
#2228=ORIENTED_EDGE('',*,*,#2219,.T.) ;
#2229=ORIENTED_EDGE('',*,*,#2224,.F.) ;
#2238=ORIENTED_EDGE('',*,*,#1928,.F.) ;
#2239=ORIENTED_EDGE('',*,*,#1892,.F.) ;
#2240=ORIENTED_EDGE('',*,*,#1856,.F.) ;
#2241=ORIENTED_EDGE('',*,*,#1873,.F.) ;
#2242=ORIENTED_EDGE('',*,*,#1825,.F.) ;
#2243=ORIENTED_EDGE('',*,*,#1492,.F.) ;
#2244=ORIENTED_EDGE('',*,*,#1468,.F.) ;
#2245=ORIENTED_EDGE('',*,*,#1449,.F.) ;
#2246=ORIENTED_EDGE('',*,*,#1425,.F.) ;
#2247=ORIENTED_EDGE('',*,*,#1729,.F.) ;
#2248=ORIENTED_EDGE('',*,*,#1746,.F.) ;
#2249=ORIENTED_EDGE('',*,*,#1695,.F.) ;
#2250=ORIENTED_EDGE('',*,*,#1784,.F.) ;
#2251=ORIENTED_EDGE('',*,*,#1806,.F.) ;
#2252=ORIENTED_EDGE('',*,*,#1770,.F.) ;
#2253=ORIENTED_EDGE('',*,*,#1394,.F.) ;
#2254=ORIENTED_EDGE('',*,*,#1370,.F.) ;
#2255=ORIENTED_EDGE('',*,*,#1351,.F.) ;
#2256=ORIENTED_EDGE('',*,*,#1327,.F.) ;
#2257=ORIENTED_EDGE('',*,*,#1911,.F.) ;
#2377=ORIENTED_EDGE('',*,*,#2265,.T.) ;
#2378=ORIENTED_EDGE('',*,*,#2272,.T.) ;
#2379=ORIENTED_EDGE('',*,*,#2279,.T.) ;
#2380=ORIENTED_EDGE('',*,*,#2286,.T.) ;
#2381=ORIENTED_EDGE('',*,*,#2293,.T.) ;
#2382=ORIENTED_EDGE('',*,*,#2300,.T.) ;
#2383=ORIENTED_EDGE('',*,*,#2307,.T.) ;
#2384=ORIENTED_EDGE('',*,*,#2314,.T.) ;
#2385=ORIENTED_EDGE('',*,*,#2321,.T.) ;
#2386=ORIENTED_EDGE('',*,*,#2328,.T.) ;
#2387=ORIENTED_EDGE('',*,*,#2335,.T.) ;
#2388=ORIENTED_EDGE('',*,*,#2342,.T.) ;
#2389=ORIENTED_EDGE('',*,*,#2349,.T.) ;
#2390=ORIENTED_EDGE('',*,*,#2356,.T.) ;
#2391=ORIENTED_EDGE('',*,*,#2363,.T.) ;
#2392=ORIENTED_EDGE('',*,*,#2370,.T.) ;
#2393=ORIENTED_EDGE('',*,*,#2375,.T.) ;
#2394=ORIENTED_EDGE('',*,*,#2224,.T.) ;
#2446=ORIENTED_EDGE('',*,*,#2404,.T.) ;
#2447=ORIENTED_EDGE('',*,*,#2411,.T.) ;
#2448=ORIENTED_EDGE('',*,*,#2418,.T.) ;
#2449=ORIENTED_EDGE('',*,*,#2425,.T.) ;
#2450=ORIENTED_EDGE('',*,*,#2432,.T.) ;
#2451=ORIENTED_EDGE('',*,*,#2439,.T.) ;
#2452=ORIENTED_EDGE('',*,*,#2444,.T.) ;
#2504=ORIENTED_EDGE('',*,*,#2462,.T.) ;
#2505=ORIENTED_EDGE('',*,*,#2469,.T.) ;
#2506=ORIENTED_EDGE('',*,*,#2476,.T.) ;
#2507=ORIENTED_EDGE('',*,*,#2483,.T.) ;
#2508=ORIENTED_EDGE('',*,*,#2490,.T.) ;
#2509=ORIENTED_EDGE('',*,*,#2497,.T.) ;
#2510=ORIENTED_EDGE('',*,*,#2502,.T.) ;
#2513=ORIENTED_EDGE('',*,*,#1523,.T.) ;
#2514=ORIENTED_EDGE('',*,*,#1588,.T.) ;
#2515=ORIENTED_EDGE('',*,*,#1571,.T.) ;
#2516=ORIENTED_EDGE('',*,*,#1542,.T.) ;
#2519=ORIENTED_EDGE('',*,*,#1619,.T.) ;
#2520=ORIENTED_EDGE('',*,*,#1674,.T.) ;
#2521=ORIENTED_EDGE('',*,*,#1662,.T.) ;
#2522=ORIENTED_EDGE('',*,*,#1638,.T.) ;
#2531=ORIENTED_EDGE('',*,*,#2219,.F.) ;
#2532=ORIENTED_EDGE('',*,*,#1956,.T.) ;
#2533=ORIENTED_EDGE('',*,*,#2529,.T.) ;
#2534=ORIENTED_EDGE('',*,*,#2265,.F.) ;
#2543=ORIENTED_EDGE('',*,*,#2541,.F.) ;
#2544=ORIENTED_EDGE('',*,*,#1970,.T.) ;
#2545=ORIENTED_EDGE('',*,*,#2212,.T.) ;
#2546=ORIENTED_EDGE('',*,*,#2375,.F.) ;
#2555=ORIENTED_EDGE('',*,*,#2553,.F.) ;
#2556=ORIENTED_EDGE('',*,*,#1977,.T.) ;
#2557=ORIENTED_EDGE('',*,*,#2541,.T.) ;
#2558=ORIENTED_EDGE('',*,*,#2370,.F.) ;
#2567=ORIENTED_EDGE('',*,*,#2565,.F.) ;
#2568=ORIENTED_EDGE('',*,*,#1984,.T.) ;
#2569=ORIENTED_EDGE('',*,*,#2553,.T.) ;
#2570=ORIENTED_EDGE('',*,*,#2363,.F.) ;
#2579=ORIENTED_EDGE('',*,*,#2577,.F.) ;
#2580=ORIENTED_EDGE('',*,*,#1991,.T.) ;
#2581=ORIENTED_EDGE('',*,*,#2565,.T.) ;
#2582=ORIENTED_EDGE('',*,*,#2356,.F.) ;
#2591=ORIENTED_EDGE('',*,*,#2589,.F.) ;
#2592=ORIENTED_EDGE('',*,*,#1998,.T.) ;
#2593=ORIENTED_EDGE('',*,*,#2577,.T.) ;
#2594=ORIENTED_EDGE('',*,*,#2349,.F.) ;
#2603=ORIENTED_EDGE('',*,*,#2601,.F.) ;
#2604=ORIENTED_EDGE('',*,*,#2005,.T.) ;
#2605=ORIENTED_EDGE('',*,*,#2589,.T.) ;
#2606=ORIENTED_EDGE('',*,*,#2342,.F.) ;
#2615=ORIENTED_EDGE('',*,*,#2613,.F.) ;
#2616=ORIENTED_EDGE('',*,*,#2012,.T.) ;
#2617=ORIENTED_EDGE('',*,*,#2601,.T.) ;
#2618=ORIENTED_EDGE('',*,*,#2335,.F.) ;
#2627=ORIENTED_EDGE('',*,*,#2625,.F.) ;
#2628=ORIENTED_EDGE('',*,*,#2019,.T.) ;
#2629=ORIENTED_EDGE('',*,*,#2613,.T.) ;
#2630=ORIENTED_EDGE('',*,*,#2328,.F.) ;
#2639=ORIENTED_EDGE('',*,*,#2637,.F.) ;
#2640=ORIENTED_EDGE('',*,*,#2026,.T.) ;
#2641=ORIENTED_EDGE('',*,*,#2625,.T.) ;
#2642=ORIENTED_EDGE('',*,*,#2321,.F.) ;
#2651=ORIENTED_EDGE('',*,*,#2649,.F.) ;
#2652=ORIENTED_EDGE('',*,*,#2033,.T.) ;
#2653=ORIENTED_EDGE('',*,*,#2637,.T.) ;
#2654=ORIENTED_EDGE('',*,*,#2314,.F.) ;
#2663=ORIENTED_EDGE('',*,*,#2661,.F.) ;
#2664=ORIENTED_EDGE('',*,*,#2040,.T.) ;
#2665=ORIENTED_EDGE('',*,*,#2649,.T.) ;
#2666=ORIENTED_EDGE('',*,*,#2307,.F.) ;
#2675=ORIENTED_EDGE('',*,*,#2673,.F.) ;
#2676=ORIENTED_EDGE('',*,*,#2047,.T.) ;
#2677=ORIENTED_EDGE('',*,*,#2661,.T.) ;
#2678=ORIENTED_EDGE('',*,*,#2300,.F.) ;
#2687=ORIENTED_EDGE('',*,*,#2685,.F.) ;
#2688=ORIENTED_EDGE('',*,*,#2054,.T.) ;
#2689=ORIENTED_EDGE('',*,*,#2673,.T.) ;
#2690=ORIENTED_EDGE('',*,*,#2293,.F.) ;
#2699=ORIENTED_EDGE('',*,*,#2697,.F.) ;
#2700=ORIENTED_EDGE('',*,*,#2061,.T.) ;
#2701=ORIENTED_EDGE('',*,*,#2685,.T.) ;
#2702=ORIENTED_EDGE('',*,*,#2286,.F.) ;
#2711=ORIENTED_EDGE('',*,*,#2709,.F.) ;
#2712=ORIENTED_EDGE('',*,*,#2066,.T.) ;
#2713=ORIENTED_EDGE('',*,*,#2697,.T.) ;
#2714=ORIENTED_EDGE('',*,*,#2279,.F.) ;
#2718=ORIENTED_EDGE('',*,*,#2529,.F.) ;
#2719=ORIENTED_EDGE('',*,*,#1949,.T.) ;
#2720=ORIENTED_EDGE('',*,*,#2709,.T.) ;
#2721=ORIENTED_EDGE('',*,*,#2272,.F.) ;
#2735=ORIENTED_EDGE('',*,*,#2728,.F.) ;
#2736=ORIENTED_EDGE('',*,*,#2110,.T.) ;
#2737=ORIENTED_EDGE('',*,*,#2733,.T.) ;
#2738=ORIENTED_EDGE('',*,*,#2444,.F.) ;
#2747=ORIENTED_EDGE('',*,*,#2745,.F.) ;
#2748=ORIENTED_EDGE('',*,*,#2117,.T.) ;
#2749=ORIENTED_EDGE('',*,*,#2728,.T.) ;
#2750=ORIENTED_EDGE('',*,*,#2439,.F.) ;
#2759=ORIENTED_EDGE('',*,*,#2757,.F.) ;
#2760=ORIENTED_EDGE('',*,*,#2124,.T.) ;
#2761=ORIENTED_EDGE('',*,*,#2745,.T.) ;
#2762=ORIENTED_EDGE('',*,*,#2432,.F.) ;
#2771=ORIENTED_EDGE('',*,*,#2769,.F.) ;
#2772=ORIENTED_EDGE('',*,*,#2131,.T.) ;
#2773=ORIENTED_EDGE('',*,*,#2757,.T.) ;
#2774=ORIENTED_EDGE('',*,*,#2425,.F.) ;
#2783=ORIENTED_EDGE('',*,*,#2781,.F.) ;
#2784=ORIENTED_EDGE('',*,*,#2136,.T.) ;
#2785=ORIENTED_EDGE('',*,*,#2769,.T.) ;
#2786=ORIENTED_EDGE('',*,*,#2418,.F.) ;
#2795=ORIENTED_EDGE('',*,*,#2793,.F.) ;
#2796=ORIENTED_EDGE('',*,*,#2096,.T.) ;
#2797=ORIENTED_EDGE('',*,*,#2781,.T.) ;
#2798=ORIENTED_EDGE('',*,*,#2411,.F.) ;
#2802=ORIENTED_EDGE('',*,*,#2733,.F.) ;
#2803=ORIENTED_EDGE('',*,*,#2103,.T.) ;
#2804=ORIENTED_EDGE('',*,*,#2793,.T.) ;
#2805=ORIENTED_EDGE('',*,*,#2404,.F.) ;
#2819=ORIENTED_EDGE('',*,*,#2812,.F.) ;
#2820=ORIENTED_EDGE('',*,*,#2169,.T.) ;
#2821=ORIENTED_EDGE('',*,*,#2817,.T.) ;
#2822=ORIENTED_EDGE('',*,*,#2502,.F.) ;
#2831=ORIENTED_EDGE('',*,*,#2829,.F.) ;
#2832=ORIENTED_EDGE('',*,*,#2176,.T.) ;
#2833=ORIENTED_EDGE('',*,*,#2812,.T.) ;
#2834=ORIENTED_EDGE('',*,*,#2497,.F.) ;
#2843=ORIENTED_EDGE('',*,*,#2841,.F.) ;
#2844=ORIENTED_EDGE('',*,*,#2183,.T.) ;
#2845=ORIENTED_EDGE('',*,*,#2829,.T.) ;
#2846=ORIENTED_EDGE('',*,*,#2490,.F.) ;
#2855=ORIENTED_EDGE('',*,*,#2853,.F.) ;
#2856=ORIENTED_EDGE('',*,*,#2190,.T.) ;
#2857=ORIENTED_EDGE('',*,*,#2841,.T.) ;
#2858=ORIENTED_EDGE('',*,*,#2483,.F.) ;
#2867=ORIENTED_EDGE('',*,*,#2865,.F.) ;
#2868=ORIENTED_EDGE('',*,*,#2195,.T.) ;
#2869=ORIENTED_EDGE('',*,*,#2853,.T.) ;
#2870=ORIENTED_EDGE('',*,*,#2476,.F.) ;
#2879=ORIENTED_EDGE('',*,*,#2877,.F.) ;
#2880=ORIENTED_EDGE('',*,*,#2155,.T.) ;
#2881=ORIENTED_EDGE('',*,*,#2865,.T.) ;
#2882=ORIENTED_EDGE('',*,*,#2469,.F.) ;
#2886=ORIENTED_EDGE('',*,*,#2817,.F.) ;
#2887=ORIENTED_EDGE('',*,*,#2162,.T.) ;
#2888=ORIENTED_EDGE('',*,*,#2877,.T.) ;
#2889=ORIENTED_EDGE('',*,*,#2462,.F.) ;
#553=FACE_BOUND('',#548,.T.) ;
#587=FACE_BOUND('',#582,.T.) ;
#724=FACE_BOUND('',#705,.T.) ;
#782=FACE_BOUND('',#774,.T.) ;
#840=FACE_BOUND('',#832,.T.) ;
#2395=FACE_BOUND('',#2376,.T.) ;
#2453=FACE_BOUND('',#2445,.T.) ;
#2511=FACE_BOUND('',#2503,.T.) ;
#2517=FACE_BOUND('',#2512,.T.) ;
#2523=FACE_BOUND('',#2518,.T.) ;
#51=CLOSED_SHELL('Closed Shell',(#203,#262,#321,#352,#841,#858,#875,#887,#904,#921,#938,#955,#972,#989,#1001,#1018,#1030,#1042,#1059,#1071,#1088,#1095,#1112,#1129,#1141,#1158,#1175,#1187,#1199,#1221,#1238,#1250,#1267,#1279,#1296,#1303,#1334,#1358,#1377,#1401,#1432,#1456,#1475,#1499,#1530,#1554,#1578,#1595,#1626,#1645,#1669,#1681,#1712,#1736,#1753,#1777,#1796,#1813,#1832,#1863,#1880,#1899,#1918,#1935,#2087,#2146,#2205,#2231,#2524,#2536,#2548,#2560,#2572,#2584,#2596,#2608,#2620,#2632,#2644,#2656,#2668,#2680,#2692,#2704,#2716,#2723,#2740,#2752,#2764,#2776,#2788,#2800,#2807,#2824,#2836,#2848,#2860,#2872,#2884,#2891)) ;
#59=VECTOR('Line Direction',#58,1.) ;
#68=VECTOR('Line Direction',#67,1.) ;
#82=VECTOR('Line Direction',#81,1.) ;
#89=VECTOR('Line Direction',#88,1.) ;
#96=VECTOR('Line Direction',#95,1.) ;
#103=VECTOR('Line Direction',#102,1.) ;
#117=VECTOR('Line Direction',#116,1.) ;
#124=VECTOR('Line Direction',#123,1.) ;
#131=VECTOR('Line Direction',#130,1.) ;
#145=VECTOR('Line Direction',#144,1.) ;
#152=VECTOR('Line Direction',#151,1.) ;
#159=VECTOR('Line Direction',#158,1.) ;
#166=VECTOR('Line Direction',#165,1.) ;
#180=VECTOR('Line Direction',#179,1.) ;
#206=VECTOR('Line Direction',#205,1.) ;
#222=VECTOR('Line Direction',#221,1.) ;
#229=VECTOR('Line Direction',#228,1.) ;
#236=VECTOR('Line Direction',#235,1.) ;
#250=VECTOR('Line Direction',#249,1.) ;
#265=VECTOR('Line Direction',#264,1.) ;
#274=VECTOR('Line Direction',#273,1.) ;
#281=VECTOR('Line Direction',#280,1.) ;
#295=VECTOR('Line Direction',#294,1.) ;
#302=VECTOR('Line Direction',#301,1.) ;
#329=VECTOR('Line Direction',#328,1.) ;
#338=VECTOR('Line Direction',#337,1.) ;
#343=VECTOR('Line Direction',#342,1.) ;
#360=VECTOR('Line Direction',#359,1.) ;
#376=VECTOR('Line Direction',#375,1.) ;
#383=VECTOR('Line Direction',#382,1.) ;
#397=VECTOR('Line Direction',#396,1.) ;
#411=VECTOR('Line Direction',#410,1.) ;
#418=VECTOR('Line Direction',#417,1.) ;
#432=VECTOR('Line Direction',#431,1.) ;
#446=VECTOR('Line Direction',#445,1.) ;
#453=VECTOR('Line Direction',#452,1.) ;
#467=VECTOR('Line Direction',#466,1.) ;
#481=VECTOR('Line Direction',#480,1.) ;
#488=VECTOR('Line Direction',#487,1.) ;
#522=VECTOR('Line Direction',#521,1.) ;
#531=VECTOR('Line Direction',#530,1.) ;
#538=VECTOR('Line Direction',#537,1.) ;
#545=VECTOR('Line Direction',#544,1.) ;
#556=VECTOR('Line Direction',#555,1.) ;
#565=VECTOR('Line Direction',#564,1.) ;
#572=VECTOR('Line Direction',#571,1.) ;
#579=VECTOR('Line Direction',#578,1.) ;
#590=VECTOR('Line Direction',#589,1.) ;
#597=VECTOR('Line Direction',#596,1.) ;
#604=VECTOR('Line Direction',#603,1.) ;
#618=VECTOR('Line Direction',#617,1.) ;
#625=VECTOR('Line Direction',#624,1.) ;
#632=VECTOR('Line Direction',#631,1.) ;
#646=VECTOR('Line Direction',#645,1.) ;
#653=VECTOR('Line Direction',#652,1.) ;
#660=VECTOR('Line Direction',#659,1.) ;
#667=VECTOR('Line Direction',#666,1.) ;
#681=VECTOR('Line Direction',#680,1.) ;
#688=VECTOR('Line Direction',#687,1.) ;
#695=VECTOR('Line Direction',#694,1.) ;
#727=VECTOR('Line Direction',#726,1.) ;
#736=VECTOR('Line Direction',#735,1.) ;
#743=VECTOR('Line Direction',#742,1.) ;
#757=VECTOR('Line Direction',#756,1.) ;
#764=VECTOR('Line Direction',#763,1.) ;
#785=VECTOR('Line Direction',#784,1.) ;
#801=VECTOR('Line Direction',#800,1.) ;
#808=VECTOR('Line Direction',#807,1.) ;
#815=VECTOR('Line Direction',#814,1.) ;
#829=VECTOR('Line Direction',#828,1.) ;
#849=VECTOR('Line Direction',#848,1.) ;
#866=VECTOR('Line Direction',#865,1.) ;
#878=VECTOR('Line Direction',#877,1.) ;
#895=VECTOR('Line Direction',#894,1.) ;
#912=VECTOR('Line Direction',#911,1.) ;
#929=VECTOR('Line Direction',#928,1.) ;
#946=VECTOR('Line Direction',#945,1.) ;
#963=VECTOR('Line Direction',#962,1.) ;
#980=VECTOR('Line Direction',#979,1.) ;
#992=VECTOR('Line Direction',#991,1.) ;
#1009=VECTOR('Line Direction',#1008,1.) ;
#1021=VECTOR('Line Direction',#1020,1.) ;
#1033=VECTOR('Line Direction',#1032,1.) ;
#1050=VECTOR('Line Direction',#1049,1.) ;
#1062=VECTOR('Line Direction',#1061,1.) ;
#1079=VECTOR('Line Direction',#1078,1.) ;
#1098=VECTOR('Line Direction',#1097,1.) ;
#1103=VECTOR('Line Direction',#1102,1.) ;
#1120=VECTOR('Line Direction',#1119,1.) ;
#1132=VECTOR('Line Direction',#1131,1.) ;
#1149=VECTOR('Line Direction',#1148,1.) ;
#1166=VECTOR('Line Direction',#1165,1.) ;
#1178=VECTOR('Line Direction',#1177,1.) ;
#1207=VECTOR('Line Direction',#1206,1.) ;
#1212=VECTOR('Line Direction',#1211,1.) ;
#1229=VECTOR('Line Direction',#1228,1.) ;
#1241=VECTOR('Line Direction',#1240,1.) ;
#1258=VECTOR('Line Direction',#1257,1.) ;
#1270=VECTOR('Line Direction',#1269,1.) ;
#1287=VECTOR('Line Direction',#1286,1.) ;
#1311=VECTOR('Line Direction',#1310,1.) ;
#1318=VECTOR('Line Direction',#1317,1.) ;
#1342=VECTOR('Line Direction',#1341,1.) ;
#1349=VECTOR('Line Direction',#1348,1.) ;
#1361=VECTOR('Line Direction',#1360,1.) ;
#1368=VECTOR('Line Direction',#1367,1.) ;
#1385=VECTOR('Line Direction',#1384,1.) ;
#1409=VECTOR('Line Direction',#1408,1.) ;
#1416=VECTOR('Line Direction',#1415,1.) ;
#1440=VECTOR('Line Direction',#1439,1.) ;
#1447=VECTOR('Line Direction',#1446,1.) ;
#1459=VECTOR('Line Direction',#1458,1.) ;
#1466=VECTOR('Line Direction',#1465,1.) ;
#1483=VECTOR('Line Direction',#1482,1.) ;
#1507=VECTOR('Line Direction',#1506,1.) ;
#1514=VECTOR('Line Direction',#1513,1.) ;
#1521=VECTOR('Line Direction',#1520,1.) ;
#1538=VECTOR('Line Direction',#1537,1.) ;
#1545=VECTOR('Line Direction',#1544,1.) ;
#1562=VECTOR('Line Direction',#1561,1.) ;
#1569=VECTOR('Line Direction',#1568,1.) ;
#1586=VECTOR('Line Direction',#1585,1.) ;
#1603=VECTOR('Line Direction',#1602,1.) ;
#1610=VECTOR('Line Direction',#1609,1.) ;
#1617=VECTOR('Line Direction',#1616,1.) ;
#1629=VECTOR('Line Direction',#1628,1.) ;
#1636=VECTOR('Line Direction',#1635,1.) ;
#1653=VECTOR('Line Direction',#1652,1.) ;
#1660=VECTOR('Line Direction',#1659,1.) ;
#1672=VECTOR('Line Direction',#1671,1.) ;
#1689=VECTOR('Line Direction',#1688,1.) ;
#1698=VECTOR('Line Direction',#1697,1.) ;
#1703=VECTOR('Line Direction',#1702,1.) ;
#1720=VECTOR('Line Direction',#1719,1.) ;
#1727=VECTOR('Line Direction',#1726,1.) ;
#1761=VECTOR('Line Direction',#1760,1.) ;
#1768=VECTOR('Line Direction',#1767,1.) ;
#1780=VECTOR('Line Direction',#1779,1.) ;
#1787=VECTOR('Line Direction',#1786,1.) ;
#1816=VECTOR('Line Direction',#1815,1.) ;
#1823=VECTOR('Line Direction',#1822,1.) ;
#1840=VECTOR('Line Direction',#1839,1.) ;
#1847=VECTOR('Line Direction',#1846,1.) ;
#1854=VECTOR('Line Direction',#1853,1.) ;
#1883=VECTOR('Line Direction',#1882,1.) ;
#1890=VECTOR('Line Direction',#1889,1.) ;
#1902=VECTOR('Line Direction',#1901,1.) ;
#1909=VECTOR('Line Direction',#1908,1.) ;
#1943=VECTOR('Line Direction',#1942,1.) ;
#1959=VECTOR('Line Direction',#1958,1.) ;
#1966=VECTOR('Line Direction',#1965,1.) ;
#1973=VECTOR('Line Direction',#1972,1.) ;
#1980=VECTOR('Line Direction',#1979,1.) ;
#1994=VECTOR('Line Direction',#1993,1.) ;
#2001=VECTOR('Line Direction',#2000,1.) ;
#2008=VECTOR('Line Direction',#2007,1.) ;
#2022=VECTOR('Line Direction',#2021,1.) ;
#2029=VECTOR('Line Direction',#2028,1.) ;
#2036=VECTOR('Line Direction',#2035,1.) ;
#2043=VECTOR('Line Direction',#2042,1.) ;
#2057=VECTOR('Line Direction',#2056,1.) ;
#2064=VECTOR('Line Direction',#2063,1.) ;
#2090=VECTOR('Line Direction',#2089,1.) ;
#2106=VECTOR('Line Direction',#2105,1.) ;
#2113=VECTOR('Line Direction',#2112,1.) ;
#2120=VECTOR('Line Direction',#2119,1.) ;
#2134=VECTOR('Line Direction',#2133,1.) ;
#2158=VECTOR('Line Direction',#2157,1.) ;
#2165=VECTOR('Line Direction',#2164,1.) ;
#2179=VECTOR('Line Direction',#2178,1.) ;
#2186=VECTOR('Line Direction',#2185,1.) ;
#2193=VECTOR('Line Direction',#2192,1.) ;
#2208=VECTOR('Line Direction',#2207,1.) ;
#2215=VECTOR('Line Direction',#2214,1.) ;
#2222=VECTOR('Line Direction',#2221,1.) ;
#2268=VECTOR('Line Direction',#2267,1.) ;
#2275=VECTOR('Line Direction',#2274,1.) ;
#2282=VECTOR('Line Direction',#2281,1.) ;
#2296=VECTOR('Line Direction',#2295,1.) ;
#2303=VECTOR('Line Direction',#2302,1.) ;
#2310=VECTOR('Line Direction',#2309,1.) ;
#2317=VECTOR('Line Direction',#2316,1.) ;
#2331=VECTOR('Line Direction',#2330,1.) ;
#2338=VECTOR('Line Direction',#2337,1.) ;
#2345=VECTOR('Line Direction',#2344,1.) ;
#2359=VECTOR('Line Direction',#2358,1.) ;
#2366=VECTOR('Line Direction',#2365,1.) ;
#2373=VECTOR('Line Direction',#2372,1.) ;
#2407=VECTOR('Line Direction',#2406,1.) ;
#2414=VECTOR('Line Direction',#2413,1.) ;
#2428=VECTOR('Line Direction',#2427,1.) ;
#2435=VECTOR('Line Direction',#2434,1.) ;
#2442=VECTOR('Line Direction',#2441,1.) ;
#2456=VECTOR('Line Direction',#2455,1.) ;
#2472=VECTOR('Line Direction',#2471,1.) ;
#2479=VECTOR('Line Direction',#2478,1.) ;
#2486=VECTOR('Line Direction',#2485,1.) ;
#2500=VECTOR('Line Direction',#2499,1.) ;
#2527=VECTOR('Line Direction',#2526,1.) ;
#2539=VECTOR('Line Direction',#2538,1.) ;
#2551=VECTOR('Line Direction',#2550,1.) ;
#2563=VECTOR('Line Direction',#2562,1.) ;
#2575=VECTOR('Line Direction',#2574,1.) ;
#2587=VECTOR('Line Direction',#2586,1.) ;
#2599=VECTOR('Line Direction',#2598,1.) ;
#2611=VECTOR('Line Direction',#2610,1.) ;
#2623=VECTOR('Line Direction',#2622,1.) ;
#2635=VECTOR('Line Direction',#2634,1.) ;
#2647=VECTOR('Line Direction',#2646,1.) ;
#2659=VECTOR('Line Direction',#2658,1.) ;
#2671=VECTOR('Line Direction',#2670,1.) ;
#2683=VECTOR('Line Direction',#2682,1.) ;
#2695=VECTOR('Line Direction',#2694,1.) ;
#2707=VECTOR('Line Direction',#2706,1.) ;
#2726=VECTOR('Line Direction',#2725,1.) ;
#2731=VECTOR('Line Direction',#2730,1.) ;
#2743=VECTOR('Line Direction',#2742,1.) ;
#2755=VECTOR('Line Direction',#2754,1.) ;
#2767=VECTOR('Line Direction',#2766,1.) ;
#2779=VECTOR('Line Direction',#2778,1.) ;
#2791=VECTOR('Line Direction',#2790,1.) ;
#2810=VECTOR('Line Direction',#2809,1.) ;
#2815=VECTOR('Line Direction',#2814,1.) ;
#2827=VECTOR('Line Direction',#2826,1.) ;
#2839=VECTOR('Line Direction',#2838,1.) ;
#2851=VECTOR('Line Direction',#2850,1.) ;
#2863=VECTOR('Line Direction',#2862,1.) ;
#2875=VECTOR('Line Direction',#2874,1.) ;
#2893=ADVANCED_BREP_SHAPE_REPRESENTATION('NONE',(#2892),#46) ;
#49=SHAPE_REPRESENTATION(' ',(#48),#46) ;
#203=ADVANCED_FACE('\X2\96F64EF651E04F554F53\X0\',(#202),#56,.T.) ;
#262=ADVANCED_FACE('\X2\96F64EF651E04F554F53\X0\',(#261),#56,.T.) ;
#321=ADVANCED_FACE('\X2\96F64EF651E04F554F53\X0\',(#320),#56,.T.) ;
#352=ADVANCED_FACE('\X2\96F64EF651E04F554F53\X0\',(#351),#326,.F.) ;
#841=ADVANCED_FACE('\X2\96F64EF651E04F554F53\X0\',(#519,#553,#587,#724,#782,#840),#357,.T.) ;
#858=ADVANCED_FACE('\X2\96F64EF651E04F554F53\X0\',(#857),#846,.T.) ;
#875=ADVANCED_FACE('\X2\96F64EF651E04F554F53\X0\',(#874),#863,.T.) ;
#887=ADVANCED_FACE('\X2\96F64EF651E04F554F53\X0\',(#886),#863,.T.) ;
#904=ADVANCED_FACE('\X2\96F64EF651E04F554F53\X0\',(#903),#892,.T.) ;
#921=ADVANCED_FACE('\X2\96F64EF651E04F554F53\X0\',(#920),#909,.T.) ;
#938=ADVANCED_FACE('\X2\96F64EF651E04F554F53\X0\',(#937),#926,.F.) ;
#955=ADVANCED_FACE('\X2\96F64EF651E04F554F53\X0\',(#954),#943,.F.) ;
#972=ADVANCED_FACE('\X2\96F64EF651E04F554F53\X0\',(#971),#960,.F.) ;
#989=ADVANCED_FACE('\X2\96F64EF651E04F554F53\X0\',(#988),#977,.T.) ;
#1001=ADVANCED_FACE('\X2\96F64EF651E04F554F53\X0\',(#1000),#892,.T.) ;
#1018=ADVANCED_FACE('\X2\96F64EF651E04F554F53\X0\',(#1017),#1006,.F.) ;
#1030=ADVANCED_FACE('\X2\96F64EF651E04F554F53\X0\',(#1029),#1006,.F.) ;
#1042=ADVANCED_FACE('\X2\96F64EF651E04F554F53\X0\',(#1041),#326,.F.) ;
#1059=ADVANCED_FACE('\X2\96F64EF651E04F554F53\X0\',(#1058),#1047,.T.) ;
#1071=ADVANCED_FACE('\X2\96F64EF651E04F554F53\X0\',(#1070),#960,.F.) ;
#1088=ADVANCED_FACE('\X2\96F64EF651E04F554F53\X0\',(#1087),#1076,.T.) ;
#1095=ADVANCED_FACE('\X2\96F64EF651E04F554F53\X0\',(#1094),#926,.F.) ;
#1112=ADVANCED_FACE('\X2\96F64EF651E04F554F53\X0\',(#1111),#926,.F.) ;
#1129=ADVANCED_FACE('\X2\96F64EF651E04F554F53\X0\',(#1128),#1117,.T.) ;
#1141=ADVANCED_FACE('\X2\96F64EF651E04F554F53\X0\',(#1140),#960,.F.) ;
#1158=ADVANCED_FACE('\X2\96F64EF651E04F554F53\X0\',(#1157),#1146,.T.) ;
#1175=ADVANCED_FACE('\X2\96F64EF651E04F554F53\X0\',(#1174),#1163,.F.) ;
#1187=ADVANCED_FACE('\X2\96F64EF651E04F554F53\X0\',(#1186),#1163,.F.) ;
#1199=ADVANCED_FACE('\X2\96F64EF651E04F554F53\X0\',(#1198),#1192,.T.) ;
#1221=ADVANCED_FACE('\X2\96F64EF651E04F554F53\X0\',(#1220),#1204,.T.) ;
#1238=ADVANCED_FACE('\X2\96F64EF651E04F554F53\X0\',(#1237),#1226,.T.) ;
#1250=ADVANCED_FACE('\X2\96F64EF651E04F554F53\X0\',(#1249),#960,.F.) ;
#1267=ADVANCED_FACE('\X2\96F64EF651E04F554F53\X0\',(#1266),#1255,.F.) ;
#1279=ADVANCED_FACE('\X2\96F64EF651E04F554F53\X0\',(#1278),#926,.F.) ;
#1296=ADVANCED_FACE('\X2\96F64EF651E04F554F53\X0\',(#1295),#1284,.T.) ;
#1303=ADVANCED_FACE('\X2\96F64EF651E04F554F53\X0\',(#1302),#1204,.T.) ;
#1334=ADVANCED_FACE('\X2\96F64EF651E04F554F53\X0\',(#1333),#1308,.T.) ;
#1358=ADVANCED_FACE('\X2\96F64EF651E04F554F53\X0\',(#1357),#1339,.T.) ;
#1377=ADVANCED_FACE('\X2\96F64EF651E04F554F53\X0\',(#1376),#1339,.T.) ;
#1401=ADVANCED_FACE('\X2\96F64EF651E04F554F53\X0\',(#1400),#1382,.T.) ;
#1432=ADVANCED_FACE('\X2\96F64EF651E04F554F53\X0\',(#1431),#1406,.T.) ;
#1456=ADVANCED_FACE('\X2\96F64EF651E04F554F53\X0\',(#1455),#1437,.T.) ;
#1475=ADVANCED_FACE('\X2\96F64EF651E04F554F53\X0\',(#1474),#1437,.T.) ;
#1499=ADVANCED_FACE('\X2\96F64EF651E04F554F53\X0\',(#1498),#1480,.T.) ;
#1530=ADVANCED_FACE('\X2\96F64EF651E04F554F53\X0\',(#1529),#1504,.T.) ;
#1554=ADVANCED_FACE('\X2\96F64EF651E04F554F53\X0\',(#1553),#1535,.F.) ;
#1578=ADVANCED_FACE('\X2\96F64EF651E04F554F53\X0\',(#1577),#1559,.T.) ;
#1595=ADVANCED_FACE('\X2\96F64EF651E04F554F53\X0\',(#1594),#1583,.F.) ;
#1626=ADVANCED_FACE('\X2\96F64EF651E04F554F53\X0\',(#1625),#1600,.T.) ;
#1645=ADVANCED_FACE('\X2\96F64EF651E04F554F53\X0\',(#1644),#1559,.T.) ;
#1669=ADVANCED_FACE('\X2\96F64EF651E04F554F53\X0\',(#1668),#1650,.T.) ;
#1681=ADVANCED_FACE('\X2\96F64EF651E04F554F53\X0\',(#1680),#1504,.T.) ;
#1712=ADVANCED_FACE('\X2\96F64EF651E04F554F53\X0\',(#1711),#1686,.F.) ;
#1736=ADVANCED_FACE('\X2\96F64EF651E04F554F53\X0\',(#1735),#1717,.T.) ;
#1753=ADVANCED_FACE('\X2\96F64EF651E04F554F53\X0\',(#1752),#1741,.T.) ;
#1777=ADVANCED_FACE('\X2\96F64EF651E04F554F53\X0\',(#1776),#1758,.T.) ;
#1796=ADVANCED_FACE('\X2\96F64EF651E04F554F53\X0\',(#1795),#1686,.F.) ;
#1813=ADVANCED_FACE('\X2\96F64EF651E04F554F53\X0\',(#1812),#1801,.T.) ;
#1832=ADVANCED_FACE('\X2\96F64EF651E04F554F53\X0\',(#1831),#1717,.T.) ;
#1863=ADVANCED_FACE('\X2\96F64EF651E04F554F53\X0\',(#1862),#1837,.T.) ;
#1880=ADVANCED_FACE('\X2\96F64EF651E04F554F53\X0\',(#1879),#1868,.T.) ;
#1899=ADVANCED_FACE('\X2\96F64EF651E04F554F53\X0\',(#1898),#1837,.T.) ;
#1918=ADVANCED_FACE('\X2\96F64EF651E04F554F53\X0\',(#1917),#1758,.T.) ;
#1935=ADVANCED_FACE('\X2\96F64EF651E04F554F53\X0\',(#1934),#1923,.T.) ;
#2087=ADVANCED_FACE('\X2\96F64EF651E04F554F53\X0\',(#2086),#1940,.F.) ;
#2146=ADVANCED_FACE('\X2\96F64EF651E04F554F53\X0\',(#2145),#1940,.F.) ;
#2205=ADVANCED_FACE('\X2\96F64EF651E04F554F53\X0\',(#2204),#1940,.F.) ;
#2231=ADVANCED_FACE('\X2\96F64EF651E04F554F53\X0\',(#2230),#326,.F.) ;
#2524=ADVANCED_FACE('\X2\96F64EF651E04F554F53\X0\',(#2258,#2395,#2453,#2511,#2517,#2523),#2236,.F.) ;
#2536=ADVANCED_FACE('\X2\96F64EF651E04F554F53\X0\',(#2535),#846,.T.) ;
#2548=ADVANCED_FACE('\X2\96F64EF651E04F554F53\X0\',(#2547),#863,.T.) ;
#2560=ADVANCED_FACE('\X2\96F64EF651E04F554F53\X0\',(#2559),#863,.T.) ;
#2572=ADVANCED_FACE('\X2\96F64EF651E04F554F53\X0\',(#2571),#892,.T.) ;
#2584=ADVANCED_FACE('\X2\96F64EF651E04F554F53\X0\',(#2583),#909,.T.) ;
#2596=ADVANCED_FACE('\X2\96F64EF651E04F554F53\X0\',(#2595),#926,.F.) ;
#2608=ADVANCED_FACE('\X2\96F64EF651E04F554F53\X0\',(#2607),#943,.F.) ;
#2620=ADVANCED_FACE('\X2\96F64EF651E04F554F53\X0\',(#2619),#960,.F.) ;
#2632=ADVANCED_FACE('\X2\96F64EF651E04F554F53\X0\',(#2631),#977,.T.) ;
#2644=ADVANCED_FACE('\X2\96F64EF651E04F554F53\X0\',(#2643),#892,.T.) ;
#2656=ADVANCED_FACE('\X2\96F64EF651E04F554F53\X0\',(#2655),#1006,.F.) ;
#2668=ADVANCED_FACE('\X2\96F64EF651E04F554F53\X0\',(#2667),#1006,.F.) ;
#2680=ADVANCED_FACE('\X2\96F64EF651E04F554F53\X0\',(#2679),#326,.F.) ;
#2692=ADVANCED_FACE('\X2\96F64EF651E04F554F53\X0\',(#2691),#1047,.T.) ;
#2704=ADVANCED_FACE('\X2\96F64EF651E04F554F53\X0\',(#2703),#960,.F.) ;
#2716=ADVANCED_FACE('\X2\96F64EF651E04F554F53\X0\',(#2715),#1076,.T.) ;
#2723=ADVANCED_FACE('\X2\96F64EF651E04F554F53\X0\',(#2722),#926,.F.) ;
#2740=ADVANCED_FACE('\X2\96F64EF651E04F554F53\X0\',(#2739),#926,.F.) ;
#2752=ADVANCED_FACE('\X2\96F64EF651E04F554F53\X0\',(#2751),#1117,.T.) ;
#2764=ADVANCED_FACE('\X2\96F64EF651E04F554F53\X0\',(#2763),#960,.F.) ;
#2776=ADVANCED_FACE('\X2\96F64EF651E04F554F53\X0\',(#2775),#1146,.T.) ;
#2788=ADVANCED_FACE('\X2\96F64EF651E04F554F53\X0\',(#2787),#1163,.F.) ;
#2800=ADVANCED_FACE('\X2\96F64EF651E04F554F53\X0\',(#2799),#1163,.F.) ;
#2807=ADVANCED_FACE('\X2\96F64EF651E04F554F53\X0\',(#2806),#1192,.T.) ;
#2824=ADVANCED_FACE('\X2\96F64EF651E04F554F53\X0\',(#2823),#1204,.T.) ;
#2836=ADVANCED_FACE('\X2\96F64EF651E04F554F53\X0\',(#2835),#1226,.T.) ;
#2848=ADVANCED_FACE('\X2\96F64EF651E04F554F53\X0\',(#2847),#960,.F.) ;
#2860=ADVANCED_FACE('\X2\96F64EF651E04F554F53\X0\',(#2859),#1255,.F.) ;
#2872=ADVANCED_FACE('\X2\96F64EF651E04F554F53\X0\',(#2871),#926,.F.) ;
#2884=ADVANCED_FACE('\X2\96F64EF651E04F554F53\X0\',(#2883),#1284,.T.) ;
#2891=ADVANCED_FACE('\X2\96F64EF651E04F554F53\X0\',(#2890),#1204,.T.) ;
#4=APPLICATION_PROTOCOL_DEFINITION('international standard','config_control_design',1994,#1) ;
#32=APPROVAL_DATE_TIME(#13,#21) ;
#2892=MANIFOLD_SOLID_BREP('\X2\96F64EF651E04F554F53\X0\',#51) ;
#11=CALENDAR_DATE(2020,31,7) ;
#30=CC_DESIGN_APPROVAL(#21,(#16,#6,#14)) ;
#18=CC_DESIGN_DATE_AND_TIME_ASSIGNMENT(#13,#17,(#16)) ;
#29=CC_DESIGN_DATE_AND_TIME_ASSIGNMENT(#13,#28,(#14)) ;
#17=DATE_TIME_ROLE('classification_date') ;
#28=DATE_TIME_ROLE('creation_date') ;
#27=CC_DESIGN_PERSON_AND_ORGANIZATION_ASSIGNMENT(#25,#26,(#16)) ;
#33=CC_DESIGN_PERSON_AND_ORGANIZATION_ASSIGNMENT(#25,#34,(#6)) ;
#35=CC_DESIGN_PERSON_AND_ORGANIZATION_ASSIGNMENT(#25,#36,(#6,#14)) ;
#37=CC_DESIGN_PERSON_AND_ORGANIZATION_ASSIGNMENT(#25,#38,(#5)) ;
#26=PERSON_AND_ORGANIZATION_ROLE('classification_officer') ;
#34=PERSON_AND_ORGANIZATION_ROLE('design_supplier') ;
#36=PERSON_AND_ORGANIZATION_ROLE('creator') ;
#38=PERSON_AND_ORGANIZATION_ROLE('design_owner') ;
#39=CC_DESIGN_SECURITY_CLASSIFICATION(#16,(#6)) ;
#76=CIRCLE('generated circle',#75,5.) ;
#111=CIRCLE('generated circle',#110,5.) ;
#139=CIRCLE('generated circle',#138,5.) ;
#174=CIRCLE('generated circle',#173,5.) ;
#216=CIRCLE('generated circle',#215,2.5) ;
#244=CIRCLE('generated circle',#243,2.5) ;
#289=CIRCLE('generated circle',#288,2.5) ;
#310=CIRCLE('generated circle',#309,2.5) ;
#370=CIRCLE('generated circle',#369,6.5) ;
#391=CIRCLE('generated circle',#390,6.5) ;
#405=CIRCLE('generated circle',#404,4.) ;
#426=CIRCLE('generated circle',#425,4.) ;
#440=CIRCLE('generated circle',#439,6.5) ;
#461=CIRCLE('generated circle',#460,6.5) ;
#475=CIRCLE('generated circle',#474,4.) ;
#496=CIRCLE('generated circle',#495,4.) ;
#612=CIRCLE('generated circle',#611,5.) ;
#640=CIRCLE('generated circle',#639,5.) ;
#675=CIRCLE('generated circle',#674,5.) ;
#703=CIRCLE('generated circle',#702,5.) ;
#751=CIRCLE('generated circle',#750,2.5) ;
#772=CIRCLE('generated circle',#771,2.5) ;
#795=CIRCLE('generated circle',#794,2.5) ;
#823=CIRCLE('generated circle',#822,2.5) ;
#1326=CIRCLE('generated circle',#1325,6.5) ;
#1393=CIRCLE('generated circle',#1392,6.5) ;
#1424=CIRCLE('generated circle',#1423,6.5) ;
#1491=CIRCLE('generated circle',#1490,6.5) ;
#1745=CIRCLE('generated circle',#1744,4.) ;
#1805=CIRCLE('generated circle',#1804,4.) ;
#1872=CIRCLE('generated circle',#1871,4.) ;
#1927=CIRCLE('generated circle',#1926,4.) ;
#1953=CIRCLE('generated circle',#1952,5.) ;
#1988=CIRCLE('generated circle',#1987,5.) ;
#2016=CIRCLE('generated circle',#2015,5.) ;
#2051=CIRCLE('generated circle',#2050,5.) ;
#2100=CIRCLE('generated circle',#2099,2.5) ;
#2128=CIRCLE('generated circle',#2127,2.5) ;
#2150=CIRCLE('generated circle',#2149,2.5) ;
#2173=CIRCLE('generated circle',#2172,2.5) ;
#2262=CIRCLE('generated circle',#2261,5.) ;
#2290=CIRCLE('generated circle',#2289,5.) ;
#2325=CIRCLE('generated circle',#2324,5.) ;
#2353=CIRCLE('generated circle',#2352,5.) ;
#2399=CIRCLE('generated circle',#2398,2.5) ;
#2422=CIRCLE('generated circle',#2421,2.5) ;
#2466=CIRCLE('generated circle',#2465,2.5) ;
#2494=CIRCLE('generated circle',#2493,2.5) ;
#2894=SHAPE_REPRESENTATION_RELATIONSHIP(' ',' ',#49,#2893) ;
#846=CYLINDRICAL_SURFACE('generated cylinder',#845,5.) ;
#909=CYLINDRICAL_SURFACE('generated cylinder',#908,5.) ;
#977=CYLINDRICAL_SURFACE('generated cylinder',#976,5.) ;
#1047=CYLINDRICAL_SURFACE('generated cylinder',#1046,5.) ;
#1146=CYLINDRICAL_SURFACE('generated cylinder',#1145,2.5) ;
#1192=CYLINDRICAL_SURFACE('generated cylinder',#1191,2.5) ;
#1226=CYLINDRICAL_SURFACE('generated cylinder',#1225,2.5) ;
#1284=CYLINDRICAL_SURFACE('generated cylinder',#1283,2.5) ;
#1308=CYLINDRICAL_SURFACE('generated cylinder',#1307,6.5) ;
#1382=CYLINDRICAL_SURFACE('generated cylinder',#1381,6.5) ;
#1406=CYLINDRICAL_SURFACE('generated cylinder',#1405,6.5) ;
#1480=CYLINDRICAL_SURFACE('generated cylinder',#1479,6.5) ;
#1741=CYLINDRICAL_SURFACE('generated cylinder',#1740,4.) ;
#1801=CYLINDRICAL_SURFACE('generated cylinder',#1800,4.) ;
#1868=CYLINDRICAL_SURFACE('generated cylinder',#1867,4.) ;
#1923=CYLINDRICAL_SURFACE('generated cylinder',#1922,4.) ;
#3=DESIGN_CONTEXT(' ',#1,'design') ;
#65=EDGE_CURVE('',#62,#64,#60,.F.) ;
#72=EDGE_CURVE('',#64,#71,#69,.T.) ;
#79=EDGE_CURVE('',#71,#78,#76,.T.) ;
#86=EDGE_CURVE('',#78,#85,#83,.T.) ;
#93=EDGE_CURVE('',#85,#92,#90,.T.) ;
#100=EDGE_CURVE('',#92,#99,#97,.F.) ;
#107=EDGE_CURVE('',#99,#106,#104,.F.) ;
#114=EDGE_CURVE('',#106,#113,#111,.T.) ;
#121=EDGE_CURVE('',#113,#120,#118,.F.) ;
#128=EDGE_CURVE('',#120,#127,#125,.T.) ;
#135=EDGE_CURVE('',#127,#134,#132,.F.) ;
#142=EDGE_CURVE('',#134,#141,#139,.T.) ;
#149=EDGE_CURVE('',#141,#148,#146,.T.) ;
#156=EDGE_CURVE('',#148,#155,#153,.F.) ;
#163=EDGE_CURVE('',#155,#162,#160,.T.) ;
#170=EDGE_CURVE('',#162,#169,#167,.F.) ;
#177=EDGE_CURVE('',#169,#176,#174,.T.) ;
#182=EDGE_CURVE('',#176,#62,#181,.T.) ;
#212=EDGE_CURVE('',#209,#211,#207,.T.) ;
#219=EDGE_CURVE('',#211,#218,#216,.T.) ;
#226=EDGE_CURVE('',#218,#225,#223,.T.) ;
#233=EDGE_CURVE('',#225,#232,#230,.F.) ;
#240=EDGE_CURVE('',#232,#239,#237,.T.) ;
#247=EDGE_CURVE('',#239,#246,#244,.T.) ;
#252=EDGE_CURVE('',#246,#209,#251,.T.) ;
#271=EDGE_CURVE('',#268,#270,#266,.F.) ;
#278=EDGE_CURVE('',#270,#277,#275,.T.) ;
#285=EDGE_CURVE('',#277,#284,#282,.F.) ;
#292=EDGE_CURVE('',#284,#291,#289,.T.) ;
#299=EDGE_CURVE('',#291,#298,#296,.F.) ;
#306=EDGE_CURVE('',#298,#305,#303,.F.) ;
#311=EDGE_CURVE('',#305,#268,#310,.T.) ;
#335=EDGE_CURVE('',#332,#334,#330,.F.) ;
#340=EDGE_CURVE('',#169,#334,#339,.T.) ;
#345=EDGE_CURVE('',#162,#332,#344,.T.) ;
#366=EDGE_CURVE('',#363,#365,#361,.T.) ;
#373=EDGE_CURVE('',#365,#372,#370,.T.) ;
#380=EDGE_CURVE('',#372,#379,#377,.T.) ;
#387=EDGE_CURVE('',#379,#386,#384,.T.) ;
#394=EDGE_CURVE('',#386,#393,#391,.T.) ;
#401=EDGE_CURVE('',#393,#400,#398,.T.) ;
#408=EDGE_CURVE('',#400,#407,#405,.T.) ;
#415=EDGE_CURVE('',#407,#414,#412,.T.) ;
#422=EDGE_CURVE('',#414,#421,#419,.T.) ;
#429=EDGE_CURVE('',#421,#428,#426,.T.) ;
#436=EDGE_CURVE('',#428,#435,#433,.T.) ;
#443=EDGE_CURVE('',#435,#442,#440,.T.) ;
#450=EDGE_CURVE('',#442,#449,#447,.T.) ;
#457=EDGE_CURVE('',#449,#456,#454,.T.) ;
#464=EDGE_CURVE('',#456,#463,#461,.T.) ;
#471=EDGE_CURVE('',#463,#470,#468,.T.) ;
#478=EDGE_CURVE('',#470,#477,#475,.T.) ;
#485=EDGE_CURVE('',#477,#484,#482,.T.) ;
#492=EDGE_CURVE('',#484,#491,#489,.T.) ;
#497=EDGE_CURVE('',#491,#363,#496,.T.) ;
#528=EDGE_CURVE('',#525,#527,#523,.T.) ;
#535=EDGE_CURVE('',#534,#525,#532,.T.) ;
#542=EDGE_CURVE('',#541,#534,#539,.T.) ;
#547=EDGE_CURVE('',#527,#541,#546,.T.) ;
#562=EDGE_CURVE('',#559,#561,#557,.T.) ;
#569=EDGE_CURVE('',#568,#559,#566,.T.) ;
#576=EDGE_CURVE('',#575,#568,#573,.T.) ;
#581=EDGE_CURVE('',#561,#575,#580,.T.) ;
#594=EDGE_CURVE('',#593,#332,#591,.T.) ;
#601=EDGE_CURVE('',#600,#593,#598,.F.) ;
#608=EDGE_CURVE('',#607,#600,#605,.T.) ;
#615=EDGE_CURVE('',#614,#607,#612,.T.) ;
#622=EDGE_CURVE('',#621,#614,#619,.F.) ;
#629=EDGE_CURVE('',#628,#621,#626,.T.) ;
#636=EDGE_CURVE('',#635,#628,#633,.F.) ;
#643=EDGE_CURVE('',#642,#635,#640,.T.) ;
#650=EDGE_CURVE('',#649,#642,#647,.F.) ;
#657=EDGE_CURVE('',#656,#649,#654,.F.) ;
#664=EDGE_CURVE('',#663,#656,#661,.T.) ;
#671=EDGE_CURVE('',#670,#663,#668,.T.) ;
#678=EDGE_CURVE('',#677,#670,#675,.T.) ;
#685=EDGE_CURVE('',#684,#677,#682,.T.) ;
#692=EDGE_CURVE('',#691,#684,#689,.F.) ;
#699=EDGE_CURVE('',#698,#691,#696,.T.) ;
#704=EDGE_CURVE('',#334,#698,#703,.T.) ;
#733=EDGE_CURVE('',#730,#732,#728,.T.) ;
#740=EDGE_CURVE('',#739,#730,#737,.F.) ;
#747=EDGE_CURVE('',#746,#739,#744,.T.) ;
#754=EDGE_CURVE('',#753,#746,#751,.T.) ;
#761=EDGE_CURVE('',#760,#753,#758,.T.) ;
#768=EDGE_CURVE('',#767,#760,#765,.T.) ;
#773=EDGE_CURVE('',#732,#767,#772,.T.) ;
#791=EDGE_CURVE('',#788,#790,#786,.F.) ;
#798=EDGE_CURVE('',#797,#788,#795,.T.) ;
#805=EDGE_CURVE('',#804,#797,#802,.F.) ;
#812=EDGE_CURVE('',#811,#804,#809,.T.) ;
#819=EDGE_CURVE('',#818,#811,#816,.F.) ;
#826=EDGE_CURVE('',#825,#818,#823,.T.) ;
#831=EDGE_CURVE('',#790,#825,#830,.F.) ;
#851=EDGE_CURVE('',#176,#698,#850,.F.) ;
#868=EDGE_CURVE('',#155,#593,#867,.T.) ;
#880=EDGE_CURVE('',#148,#600,#879,.T.) ;
#897=EDGE_CURVE('',#141,#607,#896,.T.) ;
#914=EDGE_CURVE('',#134,#614,#913,.F.) ;
#931=EDGE_CURVE('',#127,#621,#930,.T.) ;
#948=EDGE_CURVE('',#120,#628,#947,.T.) ;
#965=EDGE_CURVE('',#113,#635,#964,.T.) ;
#982=EDGE_CURVE('',#106,#642,#981,.F.) ;
#994=EDGE_CURVE('',#99,#649,#993,.T.) ;
#1011=EDGE_CURVE('',#92,#656,#1010,.T.) ;
#1023=EDGE_CURVE('',#85,#663,#1022,.T.) ;
#1035=EDGE_CURVE('',#78,#670,#1034,.T.) ;
#1052=EDGE_CURVE('',#71,#677,#1051,.F.) ;
#1064=EDGE_CURVE('',#64,#684,#1063,.T.) ;
#1081=EDGE_CURVE('',#62,#691,#1080,.T.) ;
#1100=EDGE_CURVE('',#239,#732,#1099,.T.) ;
#1105=EDGE_CURVE('',#232,#730,#1104,.T.) ;
#1122=EDGE_CURVE('',#225,#739,#1121,.T.) ;
#1134=EDGE_CURVE('',#218,#746,#1133,.T.) ;
#1151=EDGE_CURVE('',#211,#753,#1150,.F.) ;
#1168=EDGE_CURVE('',#209,#760,#1167,.T.) ;
#1180=EDGE_CURVE('',#246,#767,#1179,.T.) ;
#1209=EDGE_CURVE('',#298,#790,#1208,.T.) ;
#1214=EDGE_CURVE('',#291,#788,#1213,.T.) ;
#1231=EDGE_CURVE('',#284,#797,#1230,.F.) ;
#1243=EDGE_CURVE('',#277,#804,#1242,.T.) ;
#1260=EDGE_CURVE('',#270,#811,#1259,.T.) ;
#1272=EDGE_CURVE('',#268,#818,#1271,.T.) ;
#1289=EDGE_CURVE('',#305,#825,#1288,.F.) ;
#1315=EDGE_CURVE('',#1314,#372,#1312,.T.) ;
#1322=EDGE_CURVE('',#1321,#365,#1319,.T.) ;
#1327=EDGE_CURVE('',#1321,#1314,#1326,.T.) ;
#1346=EDGE_CURVE('',#1345,#379,#1343,.T.) ;
#1351=EDGE_CURVE('',#1314,#1345,#1350,.T.) ;
#1365=EDGE_CURVE('',#1364,#386,#1362,.T.) ;
#1370=EDGE_CURVE('',#1345,#1364,#1369,.T.) ;
#1389=EDGE_CURVE('',#1388,#393,#1386,.T.) ;
#1394=EDGE_CURVE('',#1364,#1388,#1393,.T.) ;
#1413=EDGE_CURVE('',#1412,#442,#1410,.T.) ;
#1420=EDGE_CURVE('',#1419,#435,#1417,.T.) ;
#1425=EDGE_CURVE('',#1419,#1412,#1424,.T.) ;
#1444=EDGE_CURVE('',#1443,#449,#1441,.T.) ;
#1449=EDGE_CURVE('',#1412,#1443,#1448,.T.) ;
#1463=EDGE_CURVE('',#1462,#456,#1460,.T.) ;
#1468=EDGE_CURVE('',#1443,#1462,#1467,.T.) ;
#1487=EDGE_CURVE('',#1486,#463,#1484,.T.) ;
#1492=EDGE_CURVE('',#1462,#1486,#1491,.T.) ;
#1511=EDGE_CURVE('',#1510,#527,#1508,.T.) ;
#1518=EDGE_CURVE('',#1517,#541,#1515,.T.) ;
#1523=EDGE_CURVE('',#1510,#1517,#1522,.T.) ;
#1542=EDGE_CURVE('',#1541,#1510,#1539,.T.) ;
#1547=EDGE_CURVE('',#1541,#525,#1546,.T.) ;
#1566=EDGE_CURVE('',#1565,#534,#1563,.T.) ;
#1571=EDGE_CURVE('',#1565,#1541,#1570,.T.) ;
#1588=EDGE_CURVE('',#1517,#1565,#1587,.T.) ;
#1607=EDGE_CURVE('',#1606,#561,#1604,.T.) ;
#1614=EDGE_CURVE('',#1613,#575,#1611,.T.) ;
#1619=EDGE_CURVE('',#1606,#1613,#1618,.T.) ;
#1633=EDGE_CURVE('',#1632,#559,#1630,.T.) ;
#1638=EDGE_CURVE('',#1632,#1606,#1637,.T.) ;
#1657=EDGE_CURVE('',#1656,#568,#1654,.T.) ;
#1662=EDGE_CURVE('',#1656,#1632,#1661,.T.) ;
#1674=EDGE_CURVE('',#1613,#1656,#1673,.T.) ;
#1695=EDGE_CURVE('',#1692,#1694,#1690,.T.) ;
#1700=EDGE_CURVE('',#1694,#421,#1699,.T.) ;
#1705=EDGE_CURVE('',#1692,#414,#1704,.T.) ;
#1724=EDGE_CURVE('',#1723,#428,#1721,.T.) ;
#1729=EDGE_CURVE('',#1723,#1419,#1728,.T.) ;
#1746=EDGE_CURVE('',#1694,#1723,#1745,.T.) ;
#1765=EDGE_CURVE('',#1764,#400,#1762,.T.) ;
#1770=EDGE_CURVE('',#1388,#1764,#1769,.T.) ;
#1784=EDGE_CURVE('',#1783,#1692,#1781,.T.) ;
#1789=EDGE_CURVE('',#1783,#407,#1788,.T.) ;
#1806=EDGE_CURVE('',#1764,#1783,#1805,.T.) ;
#1820=EDGE_CURVE('',#1819,#470,#1817,.T.) ;
#1825=EDGE_CURVE('',#1486,#1819,#1824,.T.) ;
#1844=EDGE_CURVE('',#1843,#484,#1841,.T.) ;
#1851=EDGE_CURVE('',#1850,#477,#1848,.T.) ;
#1856=EDGE_CURVE('',#1850,#1843,#1855,.T.) ;
#1873=EDGE_CURVE('',#1819,#1850,#1872,.T.) ;
#1887=EDGE_CURVE('',#1886,#491,#1884,.T.) ;
#1892=EDGE_CURVE('',#1843,#1886,#1891,.T.) ;
#1906=EDGE_CURVE('',#1905,#363,#1903,.T.) ;
#1911=EDGE_CURVE('',#1905,#1321,#1910,.T.) ;
#1928=EDGE_CURVE('',#1886,#1905,#1927,.T.) ;
#1949=EDGE_CURVE('',#1946,#1948,#1944,.T.) ;
#1956=EDGE_CURVE('',#1955,#1946,#1953,.T.) ;
#1963=EDGE_CURVE('',#1962,#1955,#1960,.F.) ;
#1970=EDGE_CURVE('',#1969,#1962,#1967,.T.) ;
#1977=EDGE_CURVE('',#1976,#1969,#1974,.F.) ;
#1984=EDGE_CURVE('',#1983,#1976,#1981,.T.) ;
#1991=EDGE_CURVE('',#1990,#1983,#1988,.T.) ;
#1998=EDGE_CURVE('',#1997,#1990,#1995,.F.) ;
#2005=EDGE_CURVE('',#2004,#1997,#2002,.T.) ;
#2012=EDGE_CURVE('',#2011,#2004,#2009,.F.) ;
#2019=EDGE_CURVE('',#2018,#2011,#2016,.T.) ;
#2026=EDGE_CURVE('',#2025,#2018,#2023,.F.) ;
#2033=EDGE_CURVE('',#2032,#2025,#2030,.F.) ;
#2040=EDGE_CURVE('',#2039,#2032,#2037,.T.) ;
#2047=EDGE_CURVE('',#2046,#2039,#2044,.T.) ;
#2054=EDGE_CURVE('',#2053,#2046,#2051,.T.) ;
#2061=EDGE_CURVE('',#2060,#2053,#2058,.T.) ;
#2066=EDGE_CURVE('',#1948,#2060,#2065,.F.) ;
#2096=EDGE_CURVE('',#2093,#2095,#2091,.T.) ;
#2103=EDGE_CURVE('',#2102,#2093,#2100,.T.) ;
#2110=EDGE_CURVE('',#2109,#2102,#2107,.T.) ;
#2117=EDGE_CURVE('',#2116,#2109,#2114,.F.) ;
#2124=EDGE_CURVE('',#2123,#2116,#2121,.T.) ;
#2131=EDGE_CURVE('',#2130,#2123,#2128,.T.) ;
#2136=EDGE_CURVE('',#2095,#2130,#2135,.T.) ;
#2155=EDGE_CURVE('',#2152,#2154,#2150,.T.) ;
#2162=EDGE_CURVE('',#2161,#2152,#2159,.F.) ;
#2169=EDGE_CURVE('',#2168,#2161,#2166,.F.) ;
#2176=EDGE_CURVE('',#2175,#2168,#2173,.T.) ;
#2183=EDGE_CURVE('',#2182,#2175,#2180,.F.) ;
#2190=EDGE_CURVE('',#2189,#2182,#2187,.T.) ;
#2195=EDGE_CURVE('',#2154,#2189,#2194,.F.) ;
#2212=EDGE_CURVE('',#1962,#2211,#2209,.T.) ;
#2219=EDGE_CURVE('',#1955,#2218,#2216,.T.) ;
#2224=EDGE_CURVE('',#2211,#2218,#2223,.F.) ;
#2265=EDGE_CURVE('',#2218,#2264,#2262,.T.) ;
#2272=EDGE_CURVE('',#2264,#2271,#2269,.T.) ;
#2279=EDGE_CURVE('',#2271,#2278,#2276,.F.) ;
#2286=EDGE_CURVE('',#2278,#2285,#2283,.T.) ;
#2293=EDGE_CURVE('',#2285,#2292,#2290,.T.) ;
#2300=EDGE_CURVE('',#2292,#2299,#2297,.T.) ;
#2307=EDGE_CURVE('',#2299,#2306,#2304,.T.) ;
#2314=EDGE_CURVE('',#2306,#2313,#2311,.F.) ;
#2321=EDGE_CURVE('',#2313,#2320,#2318,.F.) ;
#2328=EDGE_CURVE('',#2320,#2327,#2325,.T.) ;
#2335=EDGE_CURVE('',#2327,#2334,#2332,.F.) ;
#2342=EDGE_CURVE('',#2334,#2341,#2339,.T.) ;
#2349=EDGE_CURVE('',#2341,#2348,#2346,.F.) ;
#2356=EDGE_CURVE('',#2348,#2355,#2353,.T.) ;
#2363=EDGE_CURVE('',#2355,#2362,#2360,.T.) ;
#2370=EDGE_CURVE('',#2362,#2369,#2367,.F.) ;
#2375=EDGE_CURVE('',#2369,#2211,#2374,.T.) ;
#2404=EDGE_CURVE('',#2401,#2403,#2399,.T.) ;
#2411=EDGE_CURVE('',#2403,#2410,#2408,.T.) ;
#2418=EDGE_CURVE('',#2410,#2417,#2415,.T.) ;
#2425=EDGE_CURVE('',#2417,#2424,#2422,.T.) ;
#2432=EDGE_CURVE('',#2424,#2431,#2429,.T.) ;
#2439=EDGE_CURVE('',#2431,#2438,#2436,.F.) ;
#2444=EDGE_CURVE('',#2438,#2401,#2443,.T.) ;
#2462=EDGE_CURVE('',#2459,#2461,#2457,.F.) ;
#2469=EDGE_CURVE('',#2461,#2468,#2466,.T.) ;
#2476=EDGE_CURVE('',#2468,#2475,#2473,.F.) ;
#2483=EDGE_CURVE('',#2475,#2482,#2480,.T.) ;
#2490=EDGE_CURVE('',#2482,#2489,#2487,.F.) ;
#2497=EDGE_CURVE('',#2489,#2496,#2494,.T.) ;
#2502=EDGE_CURVE('',#2496,#2459,#2501,.F.) ;
#2529=EDGE_CURVE('',#1946,#2264,#2528,.T.) ;
#2541=EDGE_CURVE('',#1969,#2369,#2540,.T.) ;
#2553=EDGE_CURVE('',#1976,#2362,#2552,.T.) ;
#2565=EDGE_CURVE('',#1983,#2355,#2564,.T.) ;
#2577=EDGE_CURVE('',#1990,#2348,#2576,.T.) ;
#2589=EDGE_CURVE('',#1997,#2341,#2588,.T.) ;
#2601=EDGE_CURVE('',#2004,#2334,#2600,.T.) ;
#2613=EDGE_CURVE('',#2011,#2327,#2612,.T.) ;
#2625=EDGE_CURVE('',#2018,#2320,#2624,.T.) ;
#2637=EDGE_CURVE('',#2025,#2313,#2636,.T.) ;
#2649=EDGE_CURVE('',#2032,#2306,#2648,.T.) ;
#2661=EDGE_CURVE('',#2039,#2299,#2660,.T.) ;
#2673=EDGE_CURVE('',#2046,#2292,#2672,.T.) ;
#2685=EDGE_CURVE('',#2053,#2285,#2684,.T.) ;
#2697=EDGE_CURVE('',#2060,#2278,#2696,.T.) ;
#2709=EDGE_CURVE('',#1948,#2271,#2708,.T.) ;
#2728=EDGE_CURVE('',#2109,#2438,#2727,.T.) ;
#2733=EDGE_CURVE('',#2102,#2401,#2732,.T.) ;
#2745=EDGE_CURVE('',#2116,#2431,#2744,.T.) ;
#2757=EDGE_CURVE('',#2123,#2424,#2756,.T.) ;
#2769=EDGE_CURVE('',#2130,#2417,#2768,.T.) ;
#2781=EDGE_CURVE('',#2095,#2410,#2780,.T.) ;
#2793=EDGE_CURVE('',#2093,#2403,#2792,.T.) ;
#2812=EDGE_CURVE('',#2168,#2496,#2811,.T.) ;
#2817=EDGE_CURVE('',#2161,#2459,#2816,.T.) ;
#2829=EDGE_CURVE('',#2175,#2489,#2828,.T.) ;
#2841=EDGE_CURVE('',#2182,#2482,#2840,.T.) ;
#2853=EDGE_CURVE('',#2189,#2475,#2852,.T.) ;
#2865=EDGE_CURVE('',#2154,#2468,#2864,.T.) ;
#2877=EDGE_CURVE('',#2152,#2461,#2876,.T.) ;
#183=EDGE_LOOP('',(#184,#185,#186,#187,#188,#189,#190,#191,#192,#193,#194,#195,#196,#197,#198,#199,#200,#201)) ;
#253=EDGE_LOOP('',(#254,#255,#256,#257,#258,#259,#260)) ;
#312=EDGE_LOOP('',(#313,#314,#315,#316,#317,#318,#319)) ;
#346=EDGE_LOOP('',(#347,#348,#349,#350)) ;
#498=EDGE_LOOP('',(#499,#500,#501,#502,#503,#504,#505,#506,#507,#508,#509,#510,#511,#512,#513,#514,#515,#516,#517,#518)) ;
#548=EDGE_LOOP('',(#549,#550,#551,#552)) ;
#582=EDGE_LOOP('',(#583,#584,#585,#586)) ;
#705=EDGE_LOOP('',(#706,#707,#708,#709,#710,#711,#712,#713,#714,#715,#716,#717,#718,#719,#720,#721,#722,#723)) ;
#774=EDGE_LOOP('',(#775,#776,#777,#778,#779,#780,#781)) ;
#832=EDGE_LOOP('',(#833,#834,#835,#836,#837,#838,#839)) ;
#852=EDGE_LOOP('',(#853,#854,#855,#856)) ;
#869=EDGE_LOOP('',(#870,#871,#872,#873)) ;
#881=EDGE_LOOP('',(#882,#883,#884,#885)) ;
#898=EDGE_LOOP('',(#899,#900,#901,#902)) ;
#915=EDGE_LOOP('',(#916,#917,#918,#919)) ;
#932=EDGE_LOOP('',(#933,#934,#935,#936)) ;
#949=EDGE_LOOP('',(#950,#951,#952,#953)) ;
#966=EDGE_LOOP('',(#967,#968,#969,#970)) ;
#983=EDGE_LOOP('',(#984,#985,#986,#987)) ;
#995=EDGE_LOOP('',(#996,#997,#998,#999)) ;
#1012=EDGE_LOOP('',(#1013,#1014,#1015,#1016)) ;
#1024=EDGE_LOOP('',(#1025,#1026,#1027,#1028)) ;
#1036=EDGE_LOOP('',(#1037,#1038,#1039,#1040)) ;
#1053=EDGE_LOOP('',(#1054,#1055,#1056,#1057)) ;
#1065=EDGE_LOOP('',(#1066,#1067,#1068,#1069)) ;
#1082=EDGE_LOOP('',(#1083,#1084,#1085,#1086)) ;
#1089=EDGE_LOOP('',(#1090,#1091,#1092,#1093)) ;
#1106=EDGE_LOOP('',(#1107,#1108,#1109,#1110)) ;
#1123=EDGE_LOOP('',(#1124,#1125,#1126,#1127)) ;
#1135=EDGE_LOOP('',(#1136,#1137,#1138,#1139)) ;
#1152=EDGE_LOOP('',(#1153,#1154,#1155,#1156)) ;
#1169=EDGE_LOOP('',(#1170,#1171,#1172,#1173)) ;
#1181=EDGE_LOOP('',(#1182,#1183,#1184,#1185)) ;
#1193=EDGE_LOOP('',(#1194,#1195,#1196,#1197)) ;
#1215=EDGE_LOOP('',(#1216,#1217,#1218,#1219)) ;
#1232=EDGE_LOOP('',(#1233,#1234,#1235,#1236)) ;
#1244=EDGE_LOOP('',(#1245,#1246,#1247,#1248)) ;
#1261=EDGE_LOOP('',(#1262,#1263,#1264,#1265)) ;
#1273=EDGE_LOOP('',(#1274,#1275,#1276,#1277)) ;
#1290=EDGE_LOOP('',(#1291,#1292,#1293,#1294)) ;
#1297=EDGE_LOOP('',(#1298,#1299,#1300,#1301)) ;
#1328=EDGE_LOOP('',(#1329,#1330,#1331,#1332)) ;
#1352=EDGE_LOOP('',(#1353,#1354,#1355,#1356)) ;
#1371=EDGE_LOOP('',(#1372,#1373,#1374,#1375)) ;
#1395=EDGE_LOOP('',(#1396,#1397,#1398,#1399)) ;
#1426=EDGE_LOOP('',(#1427,#1428,#1429,#1430)) ;
#1450=EDGE_LOOP('',(#1451,#1452,#1453,#1454)) ;
#1469=EDGE_LOOP('',(#1470,#1471,#1472,#1473)) ;
#1493=EDGE_LOOP('',(#1494,#1495,#1496,#1497)) ;
#1524=EDGE_LOOP('',(#1525,#1526,#1527,#1528)) ;
#1548=EDGE_LOOP('',(#1549,#1550,#1551,#1552)) ;
#1572=EDGE_LOOP('',(#1573,#1574,#1575,#1576)) ;
#1589=EDGE_LOOP('',(#1590,#1591,#1592,#1593)) ;
#1620=EDGE_LOOP('',(#1621,#1622,#1623,#1624)) ;
#1639=EDGE_LOOP('',(#1640,#1641,#1642,#1643)) ;
#1663=EDGE_LOOP('',(#1664,#1665,#1666,#1667)) ;
#1675=EDGE_LOOP('',(#1676,#1677,#1678,#1679)) ;
#1706=EDGE_LOOP('',(#1707,#1708,#1709,#1710)) ;
#1730=EDGE_LOOP('',(#1731,#1732,#1733,#1734)) ;
#1747=EDGE_LOOP('',(#1748,#1749,#1750,#1751)) ;
#1771=EDGE_LOOP('',(#1772,#1773,#1774,#1775)) ;
#1790=EDGE_LOOP('',(#1791,#1792,#1793,#1794)) ;
#1807=EDGE_LOOP('',(#1808,#1809,#1810,#1811)) ;
#1826=EDGE_LOOP('',(#1827,#1828,#1829,#1830)) ;
#1857=EDGE_LOOP('',(#1858,#1859,#1860,#1861)) ;
#1874=EDGE_LOOP('',(#1875,#1876,#1877,#1878)) ;
#1893=EDGE_LOOP('',(#1894,#1895,#1896,#1897)) ;
#1912=EDGE_LOOP('',(#1913,#1914,#1915,#1916)) ;
#1929=EDGE_LOOP('',(#1930,#1931,#1932,#1933)) ;
#2067=EDGE_LOOP('',(#2068,#2069,#2070,#2071,#2072,#2073,#2074,#2075,#2076,#2077,#2078,#2079,#2080,#2081,#2082,#2083,#2084,#2085)) ;
#2137=EDGE_LOOP('',(#2138,#2139,#2140,#2141,#2142,#2143,#2144)) ;
#2196=EDGE_LOOP('',(#2197,#2198,#2199,#2200,#2201,#2202,#2203)) ;
#2225=EDGE_LOOP('',(#2226,#2227,#2228,#2229)) ;
#2237=EDGE_LOOP('',(#2238,#2239,#2240,#2241,#2242,#2243,#2244,#2245,#2246,#2247,#2248,#2249,#2250,#2251,#2252,#2253,#2254,#2255,#2256,#2257)) ;
#2376=EDGE_LOOP('',(#2377,#2378,#2379,#2380,#2381,#2382,#2383,#2384,#2385,#2386,#2387,#2388,#2389,#2390,#2391,#2392,#2393,#2394)) ;
#2445=EDGE_LOOP('',(#2446,#2447,#2448,#2449,#2450,#2451,#2452)) ;
#2503=EDGE_LOOP('',(#2504,#2505,#2506,#2507,#2508,#2509,#2510)) ;
#2512=EDGE_LOOP('',(#2513,#2514,#2515,#2516)) ;
#2518=EDGE_LOOP('',(#2519,#2520,#2521,#2522)) ;
#2530=EDGE_LOOP('',(#2531,#2532,#2533,#2534)) ;
#2542=EDGE_LOOP('',(#2543,#2544,#2545,#2546)) ;
#2554=EDGE_LOOP('',(#2555,#2556,#2557,#2558)) ;
#2566=EDGE_LOOP('',(#2567,#2568,#2569,#2570)) ;
#2578=EDGE_LOOP('',(#2579,#2580,#2581,#2582)) ;
#2590=EDGE_LOOP('',(#2591,#2592,#2593,#2594)) ;
#2602=EDGE_LOOP('',(#2603,#2604,#2605,#2606)) ;
#2614=EDGE_LOOP('',(#2615,#2616,#2617,#2618)) ;
#2626=EDGE_LOOP('',(#2627,#2628,#2629,#2630)) ;
#2638=EDGE_LOOP('',(#2639,#2640,#2641,#2642)) ;
#2650=EDGE_LOOP('',(#2651,#2652,#2653,#2654)) ;
#2662=EDGE_LOOP('',(#2663,#2664,#2665,#2666)) ;
#2674=EDGE_LOOP('',(#2675,#2676,#2677,#2678)) ;
#2686=EDGE_LOOP('',(#2687,#2688,#2689,#2690)) ;
#2698=EDGE_LOOP('',(#2699,#2700,#2701,#2702)) ;
#2710=EDGE_LOOP('',(#2711,#2712,#2713,#2714)) ;
#2717=EDGE_LOOP('',(#2718,#2719,#2720,#2721)) ;
#2734=EDGE_LOOP('',(#2735,#2736,#2737,#2738)) ;
#2746=EDGE_LOOP('',(#2747,#2748,#2749,#2750)) ;
#2758=EDGE_LOOP('',(#2759,#2760,#2761,#2762)) ;
#2770=EDGE_LOOP('',(#2771,#2772,#2773,#2774)) ;
#2782=EDGE_LOOP('',(#2783,#2784,#2785,#2786)) ;
#2794=EDGE_LOOP('',(#2795,#2796,#2797,#2798)) ;
#2801=EDGE_LOOP('',(#2802,#2803,#2804,#2805)) ;
#2818=EDGE_LOOP('',(#2819,#2820,#2821,#2822)) ;
#2830=EDGE_LOOP('',(#2831,#2832,#2833,#2834)) ;
#2842=EDGE_LOOP('',(#2843,#2844,#2845,#2846)) ;
#2854=EDGE_LOOP('',(#2855,#2856,#2857,#2858)) ;
#2866=EDGE_LOOP('',(#2867,#2868,#2869,#2870)) ;
#2878=EDGE_LOOP('',(#2879,#2880,#2881,#2882)) ;
#2885=EDGE_LOOP('',(#2886,#2887,#2888,#2889)) ;
#202=FACE_OUTER_BOUND('',#183,.T.) ;
#261=FACE_OUTER_BOUND('',#253,.T.) ;
#320=FACE_OUTER_BOUND('',#312,.T.) ;
#351=FACE_OUTER_BOUND('',#346,.T.) ;
#519=FACE_OUTER_BOUND('',#498,.T.) ;
#857=FACE_OUTER_BOUND('',#852,.T.) ;
#874=FACE_OUTER_BOUND('',#869,.T.) ;
#886=FACE_OUTER_BOUND('',#881,.T.) ;
#903=FACE_OUTER_BOUND('',#898,.T.) ;
#920=FACE_OUTER_BOUND('',#915,.T.) ;
#937=FACE_OUTER_BOUND('',#932,.T.) ;
#954=FACE_OUTER_BOUND('',#949,.T.) ;
#971=FACE_OUTER_BOUND('',#966,.T.) ;
#988=FACE_OUTER_BOUND('',#983,.T.) ;
#1000=FACE_OUTER_BOUND('',#995,.T.) ;
#1017=FACE_OUTER_BOUND('',#1012,.T.) ;
#1029=FACE_OUTER_BOUND('',#1024,.T.) ;
#1041=FACE_OUTER_BOUND('',#1036,.T.) ;
#1058=FACE_OUTER_BOUND('',#1053,.T.) ;
#1070=FACE_OUTER_BOUND('',#1065,.T.) ;
#1087=FACE_OUTER_BOUND('',#1082,.T.) ;
#1094=FACE_OUTER_BOUND('',#1089,.T.) ;
#1111=FACE_OUTER_BOUND('',#1106,.T.) ;
#1128=FACE_OUTER_BOUND('',#1123,.T.) ;
#1140=FACE_OUTER_BOUND('',#1135,.T.) ;
#1157=FACE_OUTER_BOUND('',#1152,.T.) ;
#1174=FACE_OUTER_BOUND('',#1169,.T.) ;
#1186=FACE_OUTER_BOUND('',#1181,.T.) ;
#1198=FACE_OUTER_BOUND('',#1193,.T.) ;
#1220=FACE_OUTER_BOUND('',#1215,.T.) ;
#1237=FACE_OUTER_BOUND('',#1232,.T.) ;
#1249=FACE_OUTER_BOUND('',#1244,.T.) ;
#1266=FACE_OUTER_BOUND('',#1261,.T.) ;
#1278=FACE_OUTER_BOUND('',#1273,.T.) ;
#1295=FACE_OUTER_BOUND('',#1290,.T.) ;
#1302=FACE_OUTER_BOUND('',#1297,.T.) ;
#1333=FACE_OUTER_BOUND('',#1328,.T.) ;
#1357=FACE_OUTER_BOUND('',#1352,.T.) ;
#1376=FACE_OUTER_BOUND('',#1371,.T.) ;
#1400=FACE_OUTER_BOUND('',#1395,.T.) ;
#1431=FACE_OUTER_BOUND('',#1426,.T.) ;
#1455=FACE_OUTER_BOUND('',#1450,.T.) ;
#1474=FACE_OUTER_BOUND('',#1469,.T.) ;
#1498=FACE_OUTER_BOUND('',#1493,.T.) ;
#1529=FACE_OUTER_BOUND('',#1524,.T.) ;
#1553=FACE_OUTER_BOUND('',#1548,.T.) ;
#1577=FACE_OUTER_BOUND('',#1572,.T.) ;
#1594=FACE_OUTER_BOUND('',#1589,.T.) ;
#1625=FACE_OUTER_BOUND('',#1620,.T.) ;
#1644=FACE_OUTER_BOUND('',#1639,.T.) ;
#1668=FACE_OUTER_BOUND('',#1663,.T.) ;
#1680=FACE_OUTER_BOUND('',#1675,.T.) ;
#1711=FACE_OUTER_BOUND('',#1706,.T.) ;
#1735=FACE_OUTER_BOUND('',#1730,.T.) ;
#1752=FACE_OUTER_BOUND('',#1747,.T.) ;
#1776=FACE_OUTER_BOUND('',#1771,.T.) ;
#1795=FACE_OUTER_BOUND('',#1790,.T.) ;
#1812=FACE_OUTER_BOUND('',#1807,.T.) ;
#1831=FACE_OUTER_BOUND('',#1826,.T.) ;
#1862=FACE_OUTER_BOUND('',#1857,.T.) ;
#1879=FACE_OUTER_BOUND('',#1874,.T.) ;
#1898=FACE_OUTER_BOUND('',#1893,.T.) ;
#1917=FACE_OUTER_BOUND('',#1912,.T.) ;
#1934=FACE_OUTER_BOUND('',#1929,.T.) ;
#2086=FACE_OUTER_BOUND('',#2067,.T.) ;
#2145=FACE_OUTER_BOUND('',#2137,.T.) ;
#2204=FACE_OUTER_BOUND('',#2196,.T.) ;
#2230=FACE_OUTER_BOUND('',#2225,.T.) ;
#2258=FACE_OUTER_BOUND('',#2237,.T.) ;
#2535=FACE_OUTER_BOUND('',#2530,.T.) ;
#2547=FACE_OUTER_BOUND('',#2542,.T.) ;
#2559=FACE_OUTER_BOUND('',#2554,.T.) ;
#2571=FACE_OUTER_BOUND('',#2566,.T.) ;
#2583=FACE_OUTER_BOUND('',#2578,.T.) ;
#2595=FACE_OUTER_BOUND('',#2590,.T.) ;
#2607=FACE_OUTER_BOUND('',#2602,.T.) ;
#2619=FACE_OUTER_BOUND('',#2614,.T.) ;
#2631=FACE_OUTER_BOUND('',#2626,.T.) ;
#2643=FACE_OUTER_BOUND('',#2638,.T.) ;
#2655=FACE_OUTER_BOUND('',#2650,.T.) ;
#2667=FACE_OUTER_BOUND('',#2662,.T.) ;
#2679=FACE_OUTER_BOUND('',#2674,.T.) ;
#2691=FACE_OUTER_BOUND('',#2686,.T.) ;
#2703=FACE_OUTER_BOUND('',#2698,.T.) ;
#2715=FACE_OUTER_BOUND('',#2710,.T.) ;
#2722=FACE_OUTER_BOUND('',#2717,.T.) ;
#2739=FACE_OUTER_BOUND('',#2734,.T.) ;
#2751=FACE_OUTER_BOUND('',#2746,.T.) ;
#2763=FACE_OUTER_BOUND('',#2758,.T.) ;
#2775=FACE_OUTER_BOUND('',#2770,.T.) ;
#2787=FACE_OUTER_BOUND('',#2782,.T.) ;
#2799=FACE_OUTER_BOUND('',#2794,.T.) ;
#2806=FACE_OUTER_BOUND('',#2801,.T.) ;
#2823=FACE_OUTER_BOUND('',#2818,.T.) ;
#2835=FACE_OUTER_BOUND('',#2830,.T.) ;
#2847=FACE_OUTER_BOUND('',#2842,.T.) ;
#2859=FACE_OUTER_BOUND('',#2854,.T.) ;
#2871=FACE_OUTER_BOUND('',#2866,.T.) ;
#2883=FACE_OUTER_BOUND('',#2878,.T.) ;
#2890=FACE_OUTER_BOUND('',#2885,.T.) ;
#45=UNCERTAINTY_MEASURE_WITH_UNIT(LENGTH_MEASURE(0.005),#41,'distance_accuracy_value','CONFUSED CURVE UNCERTAINTY') ;
#60=LINE('Line',#57,#59) ;
#69=LINE('Line',#66,#68) ;
#83=LINE('Line',#80,#82) ;
#90=LINE('Line',#87,#89) ;
#97=LINE('Line',#94,#96) ;
#104=LINE('Line',#101,#103) ;
#118=LINE('Line',#115,#117) ;
#125=LINE('Line',#122,#124) ;
#132=LINE('Line',#129,#131) ;
#146=LINE('Line',#143,#145) ;
#153=LINE('Line',#150,#152) ;
#160=LINE('Line',#157,#159) ;
#167=LINE('Line',#164,#166) ;
#181=LINE('Line',#178,#180) ;
#207=LINE('Line',#204,#206) ;
#223=LINE('Line',#220,#222) ;
#230=LINE('Line',#227,#229) ;
#237=LINE('Line',#234,#236) ;
#251=LINE('Line',#248,#250) ;
#266=LINE('Line',#263,#265) ;
#275=LINE('Line',#272,#274) ;
#282=LINE('Line',#279,#281) ;
#296=LINE('Line',#293,#295) ;
#303=LINE('Line',#300,#302) ;
#330=LINE('Line',#327,#329) ;
#339=LINE('Line',#336,#338) ;
#344=LINE('Line',#341,#343) ;
#361=LINE('Line',#358,#360) ;
#377=LINE('Line',#374,#376) ;
#384=LINE('Line',#381,#383) ;
#398=LINE('Line',#395,#397) ;
#412=LINE('Line',#409,#411) ;
#419=LINE('Line',#416,#418) ;
#433=LINE('Line',#430,#432) ;
#447=LINE('Line',#444,#446) ;
#454=LINE('Line',#451,#453) ;
#468=LINE('Line',#465,#467) ;
#482=LINE('Line',#479,#481) ;
#489=LINE('Line',#486,#488) ;
#523=LINE('Line',#520,#522) ;
#532=LINE('Line',#529,#531) ;
#539=LINE('Line',#536,#538) ;
#546=LINE('Line',#543,#545) ;
#557=LINE('Line',#554,#556) ;
#566=LINE('Line',#563,#565) ;
#573=LINE('Line',#570,#572) ;
#580=LINE('Line',#577,#579) ;
#591=LINE('Line',#588,#590) ;
#598=LINE('Line',#595,#597) ;
#605=LINE('Line',#602,#604) ;
#619=LINE('Line',#616,#618) ;
#626=LINE('Line',#623,#625) ;
#633=LINE('Line',#630,#632) ;
#647=LINE('Line',#644,#646) ;
#654=LINE('Line',#651,#653) ;
#661=LINE('Line',#658,#660) ;
#668=LINE('Line',#665,#667) ;
#682=LINE('Line',#679,#681) ;
#689=LINE('Line',#686,#688) ;
#696=LINE('Line',#693,#695) ;
#728=LINE('Line',#725,#727) ;
#737=LINE('Line',#734,#736) ;
#744=LINE('Line',#741,#743) ;
#758=LINE('Line',#755,#757) ;
#765=LINE('Line',#762,#764) ;
#786=LINE('Line',#783,#785) ;
#802=LINE('Line',#799,#801) ;
#809=LINE('Line',#806,#808) ;
#816=LINE('Line',#813,#815) ;
#830=LINE('Line',#827,#829) ;
#850=LINE('Line',#847,#849) ;
#867=LINE('Line',#864,#866) ;
#879=LINE('Line',#876,#878) ;
#896=LINE('Line',#893,#895) ;
#913=LINE('Line',#910,#912) ;
#930=LINE('Line',#927,#929) ;
#947=LINE('Line',#944,#946) ;
#964=LINE('Line',#961,#963) ;
#981=LINE('Line',#978,#980) ;
#993=LINE('Line',#990,#992) ;
#1010=LINE('Line',#1007,#1009) ;
#1022=LINE('Line',#1019,#1021) ;
#1034=LINE('Line',#1031,#1033) ;
#1051=LINE('Line',#1048,#1050) ;
#1063=LINE('Line',#1060,#1062) ;
#1080=LINE('Line',#1077,#1079) ;
#1099=LINE('Line',#1096,#1098) ;
#1104=LINE('Line',#1101,#1103) ;
#1121=LINE('Line',#1118,#1120) ;
#1133=LINE('Line',#1130,#1132) ;
#1150=LINE('Line',#1147,#1149) ;
#1167=LINE('Line',#1164,#1166) ;
#1179=LINE('Line',#1176,#1178) ;
#1208=LINE('Line',#1205,#1207) ;
#1213=LINE('Line',#1210,#1212) ;
#1230=LINE('Line',#1227,#1229) ;
#1242=LINE('Line',#1239,#1241) ;
#1259=LINE('Line',#1256,#1258) ;
#1271=LINE('Line',#1268,#1270) ;
#1288=LINE('Line',#1285,#1287) ;
#1312=LINE('Line',#1309,#1311) ;
#1319=LINE('Line',#1316,#1318) ;
#1343=LINE('Line',#1340,#1342) ;
#1350=LINE('Line',#1347,#1349) ;
#1362=LINE('Line',#1359,#1361) ;
#1369=LINE('Line',#1366,#1368) ;
#1386=LINE('Line',#1383,#1385) ;
#1410=LINE('Line',#1407,#1409) ;
#1417=LINE('Line',#1414,#1416) ;
#1441=LINE('Line',#1438,#1440) ;
#1448=LINE('Line',#1445,#1447) ;
#1460=LINE('Line',#1457,#1459) ;
#1467=LINE('Line',#1464,#1466) ;
#1484=LINE('Line',#1481,#1483) ;
#1508=LINE('Line',#1505,#1507) ;
#1515=LINE('Line',#1512,#1514) ;
#1522=LINE('Line',#1519,#1521) ;
#1539=LINE('Line',#1536,#1538) ;
#1546=LINE('Line',#1543,#1545) ;
#1563=LINE('Line',#1560,#1562) ;
#1570=LINE('Line',#1567,#1569) ;
#1587=LINE('Line',#1584,#1586) ;
#1604=LINE('Line',#1601,#1603) ;
#1611=LINE('Line',#1608,#1610) ;
#1618=LINE('Line',#1615,#1617) ;
#1630=LINE('Line',#1627,#1629) ;
#1637=LINE('Line',#1634,#1636) ;
#1654=LINE('Line',#1651,#1653) ;
#1661=LINE('Line',#1658,#1660) ;
#1673=LINE('Line',#1670,#1672) ;
#1690=LINE('Line',#1687,#1689) ;
#1699=LINE('Line',#1696,#1698) ;
#1704=LINE('Line',#1701,#1703) ;
#1721=LINE('Line',#1718,#1720) ;
#1728=LINE('Line',#1725,#1727) ;
#1762=LINE('Line',#1759,#1761) ;
#1769=LINE('Line',#1766,#1768) ;
#1781=LINE('Line',#1778,#1780) ;
#1788=LINE('Line',#1785,#1787) ;
#1817=LINE('Line',#1814,#1816) ;
#1824=LINE('Line',#1821,#1823) ;
#1841=LINE('Line',#1838,#1840) ;
#1848=LINE('Line',#1845,#1847) ;
#1855=LINE('Line',#1852,#1854) ;
#1884=LINE('Line',#1881,#1883) ;
#1891=LINE('Line',#1888,#1890) ;
#1903=LINE('Line',#1900,#1902) ;
#1910=LINE('Line',#1907,#1909) ;
#1944=LINE('Line',#1941,#1943) ;
#1960=LINE('Line',#1957,#1959) ;
#1967=LINE('Line',#1964,#1966) ;
#1974=LINE('Line',#1971,#1973) ;
#1981=LINE('Line',#1978,#1980) ;
#1995=LINE('Line',#1992,#1994) ;
#2002=LINE('Line',#1999,#2001) ;
#2009=LINE('Line',#2006,#2008) ;
#2023=LINE('Line',#2020,#2022) ;
#2030=LINE('Line',#2027,#2029) ;
#2037=LINE('Line',#2034,#2036) ;
#2044=LINE('Line',#2041,#2043) ;
#2058=LINE('Line',#2055,#2057) ;
#2065=LINE('Line',#2062,#2064) ;
#2091=LINE('Line',#2088,#2090) ;
#2107=LINE('Line',#2104,#2106) ;
#2114=LINE('Line',#2111,#2113) ;
#2121=LINE('Line',#2118,#2120) ;
#2135=LINE('Line',#2132,#2134) ;
#2159=LINE('Line',#2156,#2158) ;
#2166=LINE('Line',#2163,#2165) ;
#2180=LINE('Line',#2177,#2179) ;
#2187=LINE('Line',#2184,#2186) ;
#2194=LINE('Line',#2191,#2193) ;
#2209=LINE('Line',#2206,#2208) ;
#2216=LINE('Line',#2213,#2215) ;
#2223=LINE('Line',#2220,#2222) ;
#2269=LINE('Line',#2266,#2268) ;
#2276=LINE('Line',#2273,#2275) ;
#2283=LINE('Line',#2280,#2282) ;
#2297=LINE('Line',#2294,#2296) ;
#2304=LINE('Line',#2301,#2303) ;
#2311=LINE('Line',#2308,#2310) ;
#2318=LINE('Line',#2315,#2317) ;
#2332=LINE('Line',#2329,#2331) ;
#2339=LINE('Line',#2336,#2338) ;
#2346=LINE('Line',#2343,#2345) ;
#2360=LINE('Line',#2357,#2359) ;
#2367=LINE('Line',#2364,#2366) ;
#2374=LINE('Line',#2371,#2373) ;
#2408=LINE('Line',#2405,#2407) ;
#2415=LINE('Line',#2412,#2414) ;
#2429=LINE('Line',#2426,#2428) ;
#2436=LINE('Line',#2433,#2435) ;
#2443=LINE('Line',#2440,#2442) ;
#2457=LINE('Line',#2454,#2456) ;
#2473=LINE('Line',#2470,#2472) ;
#2480=LINE('Line',#2477,#2479) ;
#2487=LINE('Line',#2484,#2486) ;
#2501=LINE('Line',#2498,#2500) ;
#2528=LINE('Line',#2525,#2527) ;
#2540=LINE('Line',#2537,#2539) ;
#2552=LINE('Line',#2549,#2551) ;
#2564=LINE('Line',#2561,#2563) ;
#2576=LINE('Line',#2573,#2575) ;
#2588=LINE('Line',#2585,#2587) ;
#2600=LINE('Line',#2597,#2599) ;
#2612=LINE('Line',#2609,#2611) ;
#2624=LINE('Line',#2621,#2623) ;
#2636=LINE('Line',#2633,#2635) ;
#2648=LINE('Line',#2645,#2647) ;
#2660=LINE('Line',#2657,#2659) ;
#2672=LINE('Line',#2669,#2671) ;
#2684=LINE('Line',#2681,#2683) ;
#2696=LINE('Line',#2693,#2695) ;
#2708=LINE('Line',#2705,#2707) ;
#2727=LINE('Line',#2724,#2726) ;
#2732=LINE('Line',#2729,#2731) ;
#2744=LINE('Line',#2741,#2743) ;
#2756=LINE('Line',#2753,#2755) ;
#2768=LINE('Line',#2765,#2767) ;
#2780=LINE('Line',#2777,#2779) ;
#2792=LINE('Line',#2789,#2791) ;
#2811=LINE('Line',#2808,#2810) ;
#2816=LINE('Line',#2813,#2815) ;
#2828=LINE('Line',#2825,#2827) ;
#2840=LINE('Line',#2837,#2839) ;
#2852=LINE('Line',#2849,#2851) ;
#2864=LINE('Line',#2861,#2863) ;
#2876=LINE('Line',#2873,#2875) ;
#2=MECHANICAL_CONTEXT(' ',#1,'mechanical') ;
#24=PERSONAL_ADDRESS(' ',' ',' ',' ',' ',' ',' ',' ',' ',' ',' ',' ',(#22),' ') ;
#56=PLANE('Plane',#55) ;
#326=PLANE('Plane',#325) ;
#357=PLANE('Plane',#356) ;
#863=PLANE('Plane',#862) ;
#892=PLANE('Plane',#891) ;
#926=PLANE('Plane',#925) ;
#943=PLANE('Plane',#942) ;
#960=PLANE('Plane',#959) ;
#1006=PLANE('Plane',#1005) ;
#1076=PLANE('Plane',#1075) ;
#1117=PLANE('Plane',#1116) ;
#1163=PLANE('Plane',#1162) ;
#1204=PLANE('Plane',#1203) ;
#1255=PLANE('Plane',#1254) ;
#1339=PLANE('Plane',#1338) ;
#1437=PLANE('Plane',#1436) ;
#1504=PLANE('Plane',#1503) ;
#1535=PLANE('Plane',#1534) ;
#1559=PLANE('Plane',#1558) ;
#1583=PLANE('Plane',#1582) ;
#1600=PLANE('Plane',#1599) ;
#1650=PLANE('Plane',#1649) ;
#1686=PLANE('Plane',#1685) ;
#1717=PLANE('Plane',#1716) ;
#1758=PLANE('Plane',#1757) ;
#1837=PLANE('Plane',#1836) ;
#1940=PLANE('Plane',#1939) ;
#2236=PLANE('Plane',#2235) ;
#43=PLANE_ANGLE_MEASURE_WITH_UNIT(PLANE_ANGLE_MEASURE(0.0174532925199),#42) ;
#7=PRODUCT_CATEGORY('part',$) ;
#9=PRODUCT_CATEGORY_RELATIONSHIP(' ',' ',#7,#8) ;
#6=PRODUCT_DEFINITION_FORMATION_WITH_SPECIFIED_SOURCE('',' ',#5,.NOT_KNOWN.) ;
#8=PRODUCT_RELATED_PRODUCT_CATEGORY('detail',$,(#5)) ;
#50=SHAPE_DEFINITION_REPRESENTATION(#40,#49) ;
#62=VERTEX_POINT('',#61) ;
#64=VERTEX_POINT('',#63) ;
#71=VERTEX_POINT('',#70) ;
#78=VERTEX_POINT('',#77) ;
#85=VERTEX_POINT('',#84) ;
#92=VERTEX_POINT('',#91) ;
#99=VERTEX_POINT('',#98) ;
#106=VERTEX_POINT('',#105) ;
#113=VERTEX_POINT('',#112) ;
#120=VERTEX_POINT('',#119) ;
#127=VERTEX_POINT('',#126) ;
#134=VERTEX_POINT('',#133) ;
#141=VERTEX_POINT('',#140) ;
#148=VERTEX_POINT('',#147) ;
#155=VERTEX_POINT('',#154) ;
#162=VERTEX_POINT('',#161) ;
#169=VERTEX_POINT('',#168) ;
#176=VERTEX_POINT('',#175) ;
#209=VERTEX_POINT('',#208) ;
#211=VERTEX_POINT('',#210) ;
#218=VERTEX_POINT('',#217) ;
#225=VERTEX_POINT('',#224) ;
#232=VERTEX_POINT('',#231) ;
#239=VERTEX_POINT('',#238) ;
#246=VERTEX_POINT('',#245) ;
#268=VERTEX_POINT('',#267) ;
#270=VERTEX_POINT('',#269) ;
#277=VERTEX_POINT('',#276) ;
#284=VERTEX_POINT('',#283) ;
#291=VERTEX_POINT('',#290) ;
#298=VERTEX_POINT('',#297) ;
#305=VERTEX_POINT('',#304) ;
#332=VERTEX_POINT('',#331) ;
#334=VERTEX_POINT('',#333) ;
#363=VERTEX_POINT('',#362) ;
#365=VERTEX_POINT('',#364) ;
#372=VERTEX_POINT('',#371) ;
#379=VERTEX_POINT('',#378) ;
#386=VERTEX_POINT('',#385) ;
#393=VERTEX_POINT('',#392) ;
#400=VERTEX_POINT('',#399) ;
#407=VERTEX_POINT('',#406) ;
#414=VERTEX_POINT('',#413) ;
#421=VERTEX_POINT('',#420) ;
#428=VERTEX_POINT('',#427) ;
#435=VERTEX_POINT('',#434) ;
#442=VERTEX_POINT('',#441) ;
#449=VERTEX_POINT('',#448) ;
#456=VERTEX_POINT('',#455) ;
#463=VERTEX_POINT('',#462) ;
#470=VERTEX_POINT('',#469) ;
#477=VERTEX_POINT('',#476) ;
#484=VERTEX_POINT('',#483) ;
#491=VERTEX_POINT('',#490) ;
#525=VERTEX_POINT('',#524) ;
#527=VERTEX_POINT('',#526) ;
#534=VERTEX_POINT('',#533) ;
#541=VERTEX_POINT('',#540) ;
#559=VERTEX_POINT('',#558) ;
#561=VERTEX_POINT('',#560) ;
#568=VERTEX_POINT('',#567) ;
#575=VERTEX_POINT('',#574) ;
#593=VERTEX_POINT('',#592) ;
#600=VERTEX_POINT('',#599) ;
#607=VERTEX_POINT('',#606) ;
#614=VERTEX_POINT('',#613) ;
#621=VERTEX_POINT('',#620) ;
#628=VERTEX_POINT('',#627) ;
#635=VERTEX_POINT('',#634) ;
#642=VERTEX_POINT('',#641) ;
#649=VERTEX_POINT('',#648) ;
#656=VERTEX_POINT('',#655) ;
#663=VERTEX_POINT('',#662) ;
#670=VERTEX_POINT('',#669) ;
#677=VERTEX_POINT('',#676) ;
#684=VERTEX_POINT('',#683) ;
#691=VERTEX_POINT('',#690) ;
#698=VERTEX_POINT('',#697) ;
#730=VERTEX_POINT('',#729) ;
#732=VERTEX_POINT('',#731) ;
#739=VERTEX_POINT('',#738) ;
#746=VERTEX_POINT('',#745) ;
#753=VERTEX_POINT('',#752) ;
#760=VERTEX_POINT('',#759) ;
#767=VERTEX_POINT('',#766) ;
#788=VERTEX_POINT('',#787) ;
#790=VERTEX_POINT('',#789) ;
#797=VERTEX_POINT('',#796) ;
#804=VERTEX_POINT('',#803) ;
#811=VERTEX_POINT('',#810) ;
#818=VERTEX_POINT('',#817) ;
#825=VERTEX_POINT('',#824) ;
#1314=VERTEX_POINT('',#1313) ;
#1321=VERTEX_POINT('',#1320) ;
#1345=VERTEX_POINT('',#1344) ;
#1364=VERTEX_POINT('',#1363) ;
#1388=VERTEX_POINT('',#1387) ;
#1412=VERTEX_POINT('',#1411) ;
#1419=VERTEX_POINT('',#1418) ;
#1443=VERTEX_POINT('',#1442) ;
#1462=VERTEX_POINT('',#1461) ;
#1486=VERTEX_POINT('',#1485) ;
#1510=VERTEX_POINT('',#1509) ;
#1517=VERTEX_POINT('',#1516) ;
#1541=VERTEX_POINT('',#1540) ;
#1565=VERTEX_POINT('',#1564) ;
#1606=VERTEX_POINT('',#1605) ;
#1613=VERTEX_POINT('',#1612) ;
#1632=VERTEX_POINT('',#1631) ;
#1656=VERTEX_POINT('',#1655) ;
#1692=VERTEX_POINT('',#1691) ;
#1694=VERTEX_POINT('',#1693) ;
#1723=VERTEX_POINT('',#1722) ;
#1764=VERTEX_POINT('',#1763) ;
#1783=VERTEX_POINT('',#1782) ;
#1819=VERTEX_POINT('',#1818) ;
#1843=VERTEX_POINT('',#1842) ;
#1850=VERTEX_POINT('',#1849) ;
#1886=VERTEX_POINT('',#1885) ;
#1905=VERTEX_POINT('',#1904) ;
#1946=VERTEX_POINT('',#1945) ;
#1948=VERTEX_POINT('',#1947) ;
#1955=VERTEX_POINT('',#1954) ;
#1962=VERTEX_POINT('',#1961) ;
#1969=VERTEX_POINT('',#1968) ;
#1976=VERTEX_POINT('',#1975) ;
#1983=VERTEX_POINT('',#1982) ;
#1990=VERTEX_POINT('',#1989) ;
#1997=VERTEX_POINT('',#1996) ;
#2004=VERTEX_POINT('',#2003) ;
#2011=VERTEX_POINT('',#2010) ;
#2018=VERTEX_POINT('',#2017) ;
#2025=VERTEX_POINT('',#2024) ;
#2032=VERTEX_POINT('',#2031) ;
#2039=VERTEX_POINT('',#2038) ;
#2046=VERTEX_POINT('',#2045) ;
#2053=VERTEX_POINT('',#2052) ;
#2060=VERTEX_POINT('',#2059) ;
#2093=VERTEX_POINT('',#2092) ;
#2095=VERTEX_POINT('',#2094) ;
#2102=VERTEX_POINT('',#2101) ;
#2109=VERTEX_POINT('',#2108) ;
#2116=VERTEX_POINT('',#2115) ;
#2123=VERTEX_POINT('',#2122) ;
#2130=VERTEX_POINT('',#2129) ;
#2152=VERTEX_POINT('',#2151) ;
#2154=VERTEX_POINT('',#2153) ;
#2161=VERTEX_POINT('',#2160) ;
#2168=VERTEX_POINT('',#2167) ;
#2175=VERTEX_POINT('',#2174) ;
#2182=VERTEX_POINT('',#2181) ;
#2189=VERTEX_POINT('',#2188) ;
#2211=VERTEX_POINT('',#2210) ;
#2218=VERTEX_POINT('',#2217) ;
#2264=VERTEX_POINT('',#2263) ;
#2271=VERTEX_POINT('',#2270) ;
#2278=VERTEX_POINT('',#2277) ;
#2285=VERTEX_POINT('',#2284) ;
#2292=VERTEX_POINT('',#2291) ;
#2299=VERTEX_POINT('',#2298) ;
#2306=VERTEX_POINT('',#2305) ;
#2313=VERTEX_POINT('',#2312) ;
#2320=VERTEX_POINT('',#2319) ;
#2327=VERTEX_POINT('',#2326) ;
#2334=VERTEX_POINT('',#2333) ;
#2341=VERTEX_POINT('',#2340) ;
#2348=VERTEX_POINT('',#2347) ;
#2355=VERTEX_POINT('',#2354) ;
#2362=VERTEX_POINT('',#2361) ;
#2369=VERTEX_POINT('',#2368) ;
#2401=VERTEX_POINT('',#2400) ;
#2403=VERTEX_POINT('',#2402) ;
#2410=VERTEX_POINT('',#2409) ;
#2417=VERTEX_POINT('',#2416) ;
#2424=VERTEX_POINT('',#2423) ;
#2431=VERTEX_POINT('',#2430) ;
#2438=VERTEX_POINT('',#2437) ;
#2459=VERTEX_POINT('',#2458) ;
#2461=VERTEX_POINT('',#2460) ;
#2468=VERTEX_POINT('',#2467) ;
#2475=VERTEX_POINT('',#2474) ;
#2482=VERTEX_POINT('',#2481) ;
#2489=VERTEX_POINT('',#2488) ;
#2496=VERTEX_POINT('',#2495) ;
#41=(LENGTH_UNIT()NAMED_UNIT(*)SI_UNIT(.MILLI.,.METRE.)) ;
#42=(NAMED_UNIT(*)PLANE_ANGLE_UNIT()SI_UNIT($,.RADIAN.)) ;
#44=(NAMED_UNIT(*)SI_UNIT($,.STERADIAN.)SOLID_ANGLE_UNIT()) ;
#46=(GEOMETRIC_REPRESENTATION_CONTEXT(3)GLOBAL_UNCERTAINTY_ASSIGNED_CONTEXT((#45))GLOBAL_UNIT_ASSIGNED_CONTEXT((#41,#42,#44))REPRESENTATION_CONTEXT(' ',' ')) ;
ENDSEC;
END-ISO-10303-21;
