ISO-10303-21;
HEADER;
FILE_DESCRIPTION (( 'STEP AP203' ),
    '1' );
FILE_NAME ('锁扣壳.STEP',
    '2020-07-30T03:48:15',
    ( '' ),
    ( '' ),
    'SwSTEP 2.0',
    'SolidWorks 2020',
    '' );
FILE_SCHEMA (( 'CONFIG_CONTROL_DESIGN' ));
ENDSEC;

DATA;
#1 = VERTEX_POINT ( 'NONE', #998 ) ;
#2 = AXIS2_PLACEMENT_3D ( 'NONE', #587, #1088, #825 ) ;
#3 = ADVANCED_FACE ( 'NONE', ( #870 ), #592, .F. ) ;
#4 = VERTEX_POINT ( 'NONE', #1130 ) ;
#5 = FACE_OUTER_BOUND ( 'NONE', #141, .T. ) ;
#6 = DIRECTION ( 'NONE',  ( -1.000000000000000000, 0.000000000000000000, 0.000000000000000000 ) ) ;
#7 = AXIS2_PLACEMENT_3D ( 'NONE', #348, #1644, #1402 ) ;
#8 = ORIENTED_EDGE ( 'NONE', *, *, #432, .F. ) ;
#9 = ORIENTED_EDGE ( 'NONE', *, *, #130, .T. ) ;
#10 = FACE_OUTER_BOUND ( 'NONE', #1067, .T. ) ;
#11 = CC_DESIGN_DATE_AND_TIME_ASSIGNMENT ( #849, #988, ( #899 ) ) ;
#12 = CARTESIAN_POINT ( 'NONE',  ( 40.36874999999999147, 0.7993894154290610565, 4.399999999999963052 ) ) ;
#13 = VECTOR ( 'NONE', #169, 1000.000000000000000 ) ;
#14 = DIRECTION ( 'NONE',  ( 1.000000000000000000, -0.000000000000000000, 0.000000000000000000 ) ) ;
#15 = EDGE_CURVE ( 'NONE', #1171, #529, #1385, .T. ) ;
#16 = ORIENTED_EDGE ( 'NONE', *, *, #462, .T. ) ;
#17 = EDGE_CURVE ( 'NONE', #78, #208, #735, .T. ) ;
#18 = AXIS2_PLACEMENT_3D ( 'NONE', #1243, #235, #851 ) ;
#19 = ORIENTED_EDGE ( 'NONE', *, *, #980, .F. ) ;
#20 = CARTESIAN_POINT ( 'NONE',  ( 36.00000000000000000, 1.499999999999999778, 4.399999999999963052 ) ) ;
#21 = CARTESIAN_POINT ( 'NONE',  ( 19.80000000000000071, 0.000000000000000000, 5.400000000000000355 ) ) ;
#22 = CIRCLE ( 'NONE', #343, 2.750000000000000000 ) ;
#23 = CARTESIAN_POINT ( 'NONE',  ( 0.000000000000000000, -4.599999999999999645, 7.000000000000000000 ) ) ;
#24 = CARTESIAN_POINT ( 'NONE',  ( 33.09999999999999432, -9.402769590586176562, 1.199999999999999956 ) ) ;
#25 = CARTESIAN_POINT ( 'NONE',  ( 0.000000000000000000, 0.000000000000000000, 1.199999999999999734 ) ) ;
#26 = VERTEX_POINT ( 'NONE', #725 ) ;
#27 = ORIENTED_EDGE ( 'NONE', *, *, #191, .F. ) ;
#28 = CARTESIAN_POINT ( 'NONE',  ( 9.900000000000000355, -4.599999999999999645, 7.000000000000000000 ) ) ;
#29 = VECTOR ( 'NONE', #451, 1000.000000000000000 ) ;
#30 = VERTEX_POINT ( 'NONE', #469 ) ;
#31 = CARTESIAN_POINT ( 'NONE',  ( 19.99999999999999645, 6.764858116140294975, 5.400000000000000355 ) ) ;
#32 = DIRECTION ( 'NONE',  ( -0.000000000000000000, -0.000000000000000000, 1.000000000000000000 ) ) ;
#33 = VECTOR ( 'NONE', #1214, 1000.000000000000000 ) ;
#34 = CIRCLE ( 'NONE', #886, 0.8000000000000021538 ) ;
#35 = CARTESIAN_POINT ( 'NONE',  ( 43.00000000000000000, 0.000000000000000000, 5.400000000000000355 ) ) ;
#36 = EDGE_CURVE ( 'NONE', #631, #1106, #981, .T. ) ;
#37 = CARTESIAN_POINT ( 'NONE',  ( 38.00000000000000000, 0.000000000000000000, 3.500000000000000444 ) ) ;
#38 = ORIENTED_EDGE ( 'NONE', *, *, #1574, .F. ) ;
#39 = ORIENTED_EDGE ( 'NONE', *, *, #869, .F. ) ;
#40 = CARTESIAN_POINT ( 'NONE',  ( 43.00000000000000000, -6.200000000000000178, 7.000000000000000000 ) ) ;
#41 = ORIENTED_EDGE ( 'NONE', *, *, #1152, .F. ) ;
#42 = CARTESIAN_POINT ( 'NONE',  ( 37.00000000000000000, -1.500000000000000222, -0.001000000000000132727 ) ) ;
#43 = ADVANCED_FACE ( 'NONE', ( #862, #782 ), #1420, .F. ) ;
#44 = ADVANCED_FACE ( 'NONE', ( #1545 ), #743, .T. ) ;
#45 = DIRECTION ( 'NONE',  ( -1.000000000000000000, -0.000000000000000000, -0.000000000000000000 ) ) ;
#46 = CARTESIAN_POINT ( 'NONE',  ( 33.09999999999999432, -6.200000000000000178, 7.000000000000000000 ) ) ;
#47 = CARTESIAN_POINT ( 'NONE',  ( 43.00000000000000000, 0.000000000000000000, -7.778174593052027852 ) ) ;
#48 = DIRECTION ( 'NONE',  ( -1.000000000000000000, 1.264902534566421675E-16, 0.000000000000000000 ) ) ;
#49 = CARTESIAN_POINT ( 'NONE',  ( 19.80000000000000071, 3.199999999999998845, 0.000000000000000000 ) ) ;
#50 = ORIENTED_EDGE ( 'NONE', *, *, #368, .T. ) ;
#51 = DIRECTION ( 'NONE',  ( -0.000000000000000000, -0.000000000000000000, -1.000000000000000000 ) ) ;
#52 = VECTOR ( 'NONE', #1254, 1000.000000000000000 ) ;
#53 = LINE ( 'NONE', #1080, #209 ) ;
#54 = DIRECTION ( 'NONE',  ( -1.000000000000000000, 0.000000000000000000, -0.000000000000000000 ) ) ;
#55 = ORIENTED_EDGE ( 'NONE', *, *, #927, .T. ) ;
#56 = ORIENTED_EDGE ( 'NONE', *, *, #1375, .T. ) ;
#57 = EDGE_CURVE ( 'NONE', #786, #569, #759, .T. ) ;
#58 = CARTESIAN_POINT ( 'NONE',  ( 0.000000000000000000, -3.000000000000000888, 7.000000000000000000 ) ) ;
#59 = DIRECTION ( 'NONE',  ( -0.000000000000000000, -1.000000000000000000, -0.000000000000000000 ) ) ;
#60 = VECTOR ( 'NONE', #1238, 1000.000000000000000 ) ;
#61 = DIRECTION ( 'NONE',  ( 0.000000000000000000, 1.000000000000000000, 0.000000000000000000 ) ) ;
#62 = DIRECTION ( 'NONE',  ( -1.000000000000000000, 0.000000000000000000, 0.000000000000000000 ) ) ;
#63 = CIRCLE ( 'NONE', #642, 2.500000000000002220 ) ;
#64 = VERTEX_POINT ( 'NONE', #1121 ) ;
#65 = ORIENTED_EDGE ( 'NONE', *, *, #1352, .T. ) ;
#66 = DIRECTION ( 'NONE',  ( -0.000000000000000000, -1.000000000000000000, -0.000000000000000000 ) ) ;
#67 = VECTOR ( 'NONE', #66, 1000.000000000000000 ) ;
#68 = EDGE_CURVE ( 'NONE', #1186, #846, #874, .T. ) ;
#69 = DIRECTION ( 'NONE',  ( 1.000000000000000000, 0.000000000000000000, 0.000000000000000000 ) ) ;
#70 = LINE ( 'NONE', #1089, #29 ) ;
#71 = ORIENTED_EDGE ( 'NONE', *, *, #1467, .T. ) ;
#72 = EDGE_CURVE ( 'NONE', #1060, #30, #97, .T. ) ;
#73 = VERTEX_POINT ( 'NONE', #487 ) ;
#74 = CARTESIAN_POINT ( 'NONE',  ( 0.000000000000000000, 4.599999999999999645, 5.400000000000000355 ) ) ;
#75 = CARTESIAN_POINT ( 'NONE',  ( 28.69999999999999929, 0.000000000000000000, 5.400000000000000355 ) ) ;
#76 = DIRECTION ( 'NONE',  ( 0.000000000000000000, 0.000000000000000000, -1.000000000000000000 ) ) ;
#77 = PERSON_AND_ORGANIZATION_ROLE ( 'creator' ) ;
#78 = VERTEX_POINT ( 'NONE', #1515 ) ;
#80 = VERTEX_POINT ( 'NONE', #118 ) ;
#79 = AXIS2_PLACEMENT_3D ( 'NONE', #712, #495, #94 ) ;
#81 = FACE_OUTER_BOUND ( 'NONE', #1333, .T. ) ;
#82 = AXIS2_PLACEMENT_3D ( 'NONE', #1371, #222, #1249 ) ;
#83 = LINE ( 'NONE', #466, #1285 ) ;
#84 = CIRCLE ( 'NONE', #512, 0.8000000000000020428 ) ;
#85 = DIRECTION ( 'NONE',  ( -0.000000000000000000, -0.000000000000000000, -1.000000000000000000 ) ) ;
#86 = DATE_AND_TIME ( #193, #1624 ) ;
#87 = EDGE_LOOP ( 'NONE', ( #346, #119, #887, #678 ) ) ;
#88 = ORIENTED_EDGE ( 'NONE', *, *, #1069, .F. ) ;
#89 = CARTESIAN_POINT ( 'NONE',  ( 0.000000000000000000, 4.599999999999999645, 0.000000000000000000 ) ) ;
#90 = DIRECTION ( 'NONE',  ( 0.000000000000000000, -1.000000000000000000, 0.000000000000000000 ) ) ;
#91 = VECTOR ( 'NONE', #317, 1000.000000000000000 ) ;
#92 = EDGE_CURVE ( 'NONE', #577, #1171, #233, .T. ) ;
#93 = EDGE_CURVE ( 'NONE', #142, #1557, #647, .T. ) ;
#94 = DIRECTION ( 'NONE',  ( 1.000000000000000000, 0.000000000000000000, 0.000000000000000000 ) ) ;
#95 = APPROVAL_DATE_TIME ( #336, #1077 ) ;
#96 = VECTOR ( 'NONE', #394, 1000.000000000000000 ) ;
#97 = LINE ( 'NONE', #496, #957 ) ;
#98 = ORIENTED_EDGE ( 'NONE', *, *, #139, .F. ) ;
#99 = LINE ( 'NONE', #1115, #603 ) ;
#100 = LINE ( 'NONE', #1148, #1636 ) ;
#101 = DIRECTION ( 'NONE',  ( -1.000000000000000000, 0.000000000000000000, 0.000000000000000000 ) ) ;
#102 = CIRCLE ( 'NONE', #1224, 0.8000000000000020428 ) ;
#103 = DIRECTION ( 'NONE',  ( 1.000000000000000000, 0.000000000000000000, 0.000000000000000000 ) ) ;
#104 = ORIENTED_EDGE ( 'NONE', *, *, #278, .T. ) ;
#105 = DIRECTION ( 'NONE',  ( 0.000000000000000000, 0.000000000000000000, -1.000000000000000000 ) ) ;
#106 = EDGE_LOOP ( 'NONE', ( #1602, #283, #668, #9, #795 ) ) ;
#107 = ADVANCED_FACE ( 'NONE', ( #525 ), #1498, .F. ) ;
#108 = CYLINDRICAL_SURFACE ( 'NONE', #1339, 2.750000000000000000 ) ;
#109 = LINE ( 'NONE', #742, #291 ) ;
#110 = CIRCLE ( 'NONE', #672, 3.500000000000031086 ) ;
#111 = CARTESIAN_POINT ( 'NONE',  ( 34.83772233983158628, -1.500000000000000000, 5.400000000000000355 ) ) ;
#112 = ORIENTED_EDGE ( 'NONE', *, *, #1535, .T. ) ;
#113 = DIRECTION ( 'NONE',  ( -1.000000000000000000, 0.000000000000000000, 0.000000000000000000 ) ) ;
#114 = ORIENTED_EDGE ( 'NONE', *, *, #626, .T. ) ;
#115 = DIRECTION ( 'NONE',  ( -0.000000000000000000, -0.000000000000000000, 1.000000000000000000 ) ) ;
#116 = EDGE_CURVE ( 'NONE', #1433, #315, #1594, .T. ) ;
#117 = CARTESIAN_POINT ( 'NONE',  ( 0.000000000000000000, 0.000000000000000000, 5.400000000000000355 ) ) ;
#118 = CARTESIAN_POINT ( 'NONE',  ( 37.19999999999999574, 9.797174393178861896E-17, 5.400000000000000355 ) ) ;
#119 = ORIENTED_EDGE ( 'NONE', *, *, #639, .T. ) ;
#120 = DIRECTION ( 'NONE',  ( 0.000000000000000000, -0.000000000000000000, -1.000000000000000000 ) ) ;
#121 = VERTEX_POINT ( 'NONE', #1296 ) ;
#122 = CARTESIAN_POINT ( 'NONE',  ( 34.83772233983158628, 1.500000000000000000, 5.400000000000000355 ) ) ;
#123 = DIRECTION ( 'NONE',  ( 1.000000000000000000, 0.000000000000000000, -0.000000000000000000 ) ) ;
#124 = EDGE_CURVE ( 'NONE', #814, #26, #292, .T. ) ;
#125 = AXIS2_PLACEMENT_3D ( 'NONE', #818, #1274, #48 ) ;
#126 = ORIENTED_EDGE ( 'NONE', *, *, #281, .F. ) ;
#127 = EDGE_LOOP ( 'NONE', ( #1225, #324, #708, #41 ) ) ;
#128 = DIRECTION ( 'NONE',  ( 1.000000000000000000, 0.000000000000000000, 0.000000000000000000 ) ) ;
#129 = PLANE ( 'NONE',  #1287 ) ;
#130 = EDGE_CURVE ( 'NONE', #499, #445, #1159, .T. ) ;
#131 = ORIENTED_EDGE ( 'NONE', *, *, #337, .T. ) ;
#132 = VECTOR ( 'NONE', #1321, 1000.000000000000000 ) ;
#133 = VERTEX_POINT ( 'NONE', #158 ) ;
#134 = DIRECTION ( 'NONE',  ( -0.000000000000000000, -0.000000000000000000, -1.000000000000000000 ) ) ;
#135 = DIRECTION ( 'NONE',  ( 1.000000000000000000, 0.000000000000000000, 0.000000000000000000 ) ) ;
#136 = CARTESIAN_POINT ( 'NONE',  ( 38.00000000000000000, 0.000000000000000000, 3.500000000000000444 ) ) ;
#137 = EDGE_CURVE ( 'NONE', #1060, #863, #310, .T. ) ;
#138 = AXIS2_PLACEMENT_3D ( 'NONE', #1521, #14, #1011 ) ;
#139 = EDGE_CURVE ( 'NONE', #236, #1311, #813, .T. ) ;
#140 = CIRCLE ( 'NONE', #1589, 4.599999999999999645 ) ;
#141 = EDGE_LOOP ( 'NONE', ( #999, #693, #478, #488 ) ) ;
#142 = VERTEX_POINT ( 'NONE', #1439 ) ;
#143 = DIRECTION ( 'NONE',  ( 0.000000000000000000, 0.000000000000000000, 1.000000000000000000 ) ) ;
#144 = LINE ( 'NONE', #31, #1309 ) ;
#145 = CIRCLE ( 'NONE', #1459, 2.750000000000002665 ) ;
#146 = DIRECTION ( 'NONE',  ( 1.000000000000000000, -1.264902534566421675E-16, 0.000000000000000000 ) ) ;
#147 = CARTESIAN_POINT ( 'NONE',  ( 38.00000000000000000, 0.000000000000000000, 3.500000000000000444 ) ) ;
#148 = FACE_BOUND ( 'NONE', #1426, .T. ) ;
#149 = ORIENTED_EDGE ( 'NONE', *, *, #997, .T. ) ;
#150 = AXIS2_PLACEMENT_3D ( 'NONE', #1633, #1508, #907 ) ;
#151 = ORIENTED_EDGE ( 'NONE', *, *, #510, .F. ) ;
#152 = DIRECTION ( 'NONE',  ( -0.000000000000000000, -0.000000000000000000, 1.000000000000000000 ) ) ;
#153 = ORIENTED_EDGE ( 'NONE', *, *, #1103, .T. ) ;
#154 = CARTESIAN_POINT ( 'NONE',  ( 0.000000000000000000, 0.000000000000000000, 1.199999999999999956 ) ) ;
#155 = EDGE_CURVE ( 'NONE', #1106, #707, #790, .T. ) ;
#156 = DIRECTION ( 'NONE',  ( 1.000000000000000000, 0.000000000000000000, 0.000000000000000000 ) ) ;
#158 = CARTESIAN_POINT ( 'NONE',  ( 19.99999999999999645, -4.599999999999998757, 1.199999999999999956 ) ) ;
#157 = AXIS2_PLACEMENT_3D ( 'NONE', #184, #293, #170 ) ;
#159 = DIRECTION ( 'NONE',  ( 0.000000000000000000, 1.000000000000000000, 0.000000000000000000 ) ) ;
#160 = VECTOR ( 'NONE', #539, 1000.000000000000000 ) ;
#161 = ORIENTED_EDGE ( 'NONE', *, *, #1550, .F. ) ;
#162 = EDGE_CURVE ( 'NONE', #646, #64, #917, .T. ) ;
#163 = VERTEX_POINT ( 'NONE', #280 ) ;
#164 = CARTESIAN_POINT ( 'NONE',  ( 28.69999999999999929, 3.199999999999998845, 5.400000000000000355 ) ) ;
#165 = EDGE_LOOP ( 'NONE', ( #1509, #1092, #272, #197 ) ) ;
#166 = FACE_OUTER_BOUND ( 'NONE', #923, .T. ) ;
#167 = DIRECTION ( 'NONE',  ( -0.000000000000000000, -0.000000000000000000, 1.000000000000000000 ) ) ;
#168 = VECTOR ( 'NONE', #433, 1000.000000000000000 ) ;
#169 = DIRECTION ( 'NONE',  ( 0.000000000000000000, 0.000000000000000000, -1.000000000000000000 ) ) ;
#170 = DIRECTION ( 'NONE',  ( 0.000000000000000000, 0.000000000000000000, -1.000000000000000000 ) ) ;
#171 = DIRECTION ( 'NONE',  ( 1.000000000000000000, 0.000000000000000000, 0.000000000000000000 ) ) ;
#172 = CARTESIAN_POINT ( 'NONE',  ( 9.900000000000000355, 4.599999999999999645, 0.000000000000000000 ) ) ;
#173 = VERTEX_POINT ( 'NONE', #664 ) ;
#174 = CARTESIAN_POINT ( 'NONE',  ( 0.000000000000000000, 0.000000000000000000, 7.000000000000000000 ) ) ;
#175 = LINE ( 'NONE', #1428, #216 ) ;
#176 = LINE ( 'NONE', #1592, #374 ) ;
#177 = LINE ( 'NONE', #666, #205 ) ;
#178 = EDGE_CURVE ( 'NONE', #1454, #1461, #145, .T. ) ;
#179 = ORIENTED_EDGE ( 'NONE', *, *, #1023, .T. ) ;
#180 = ORIENTED_EDGE ( 'NONE', *, *, #591, .F. ) ;
#181 = CARTESIAN_POINT ( 'NONE',  ( 19.80000000000000071, -3.000000000000000888, 0.000000000000000000 ) ) ;
#182 = CC_DESIGN_APPROVAL ( #1475, ( #1004 ) ) ;
#183 = DIRECTION ( 'NONE',  ( 0.000000000000000000, 0.000000000000000000, -1.000000000000000000 ) ) ;
#184 = CARTESIAN_POINT ( 'NONE',  ( 19.99999999999999645, 6.764858116140294975, 0.000000000000000000 ) ) ;
#185 = CARTESIAN_POINT ( 'NONE',  ( 0.000000000000000000, 0.000000000000000000, 5.400000000000000355 ) ) ;
#186 = EDGE_CURVE ( 'NONE', #196, #1424, #415, .T. ) ;
#187 = EDGE_LOOP ( 'NONE', ( #1068, #1086 ) ) ;
#188 = ORIENTED_EDGE ( 'NONE', *, *, #1330, .T. ) ;
#189 = CARTESIAN_POINT ( 'NONE',  ( 33.09999999999999432, 4.599999999999999645, 0.000000000000000000 ) ) ;
#190 = LINE ( 'NONE', #697, #33 ) ;
#191 = EDGE_CURVE ( 'NONE', #499, #364, #1185, .T. ) ;
#192 = LINE ( 'NONE', #1190, #168 ) ;
#193 = CALENDAR_DATE ( 2020, 30, 7 ) ;
#194 = EDGE_CURVE ( 'NONE', #298, #1566, #641, .T. ) ;
#195 = AXIS2_PLACEMENT_3D ( 'NONE', #23, #1551, #1412 ) ;
#196 = VERTEX_POINT ( 'NONE', #164 ) ;
#197 = ORIENTED_EDGE ( 'NONE', *, *, #823, .T. ) ;
#198 = CARTESIAN_POINT ( 'NONE',  ( 0.000000000000000000, 0.000000000000000000, 0.000000000000000000 ) ) ;
#199 = DIRECTION ( 'NONE',  ( 0.000000000000000000, 0.000000000000000000, 1.000000000000000000 ) ) ;
#200 = FACE_OUTER_BOUND ( 'NONE', #618, .T. ) ;
#201 = VERTEX_POINT ( 'NONE', #1155 ) ;
#202 = EDGE_LOOP ( 'NONE', ( #472, #942, #934, #179 ) ) ;
#203 = DIRECTION ( 'NONE',  ( 1.000000000000000000, 0.000000000000000000, -0.000000000000000000 ) ) ;
#204 = DIRECTION ( 'NONE',  ( 1.000000000000000000, 0.000000000000000000, 0.000000000000000000 ) ) ;
#205 = VECTOR ( 'NONE', #159, 1000.000000000000000 ) ;
#206 = CYLINDRICAL_SURFACE ( 'NONE', #850, 6.199999999999997513 ) ;
#207 = SECURITY_CLASSIFICATION_LEVEL ( 'unclassified' ) ;
#208 = VERTEX_POINT ( 'NONE', #785 ) ;
#210 = ORIENTED_EDGE ( 'NONE', *, *, #1084, .T. ) ;
#209 = VECTOR ( 'NONE', #810, 1000.000000000000000 ) ;
#211 = EDGE_CURVE ( 'NONE', #1595, #1557, #545, .T. ) ;
#212 = LINE ( 'NONE', #719, #91 ) ;
#213 = AXIS2_PLACEMENT_3D ( 'NONE', #1561, #1284, #1533 ) ;
#214 = ADVANCED_FACE ( 'NONE', ( #1568 ), #1559, .F. ) ;
#215 = LINE ( 'NONE', #986, #614 ) ;
#216 = VECTOR ( 'NONE', #682, 1000.000000000000000 ) ;
#217 = LINE ( 'NONE', #842, #797 ) ;
#218 = APPLICATION_PROTOCOL_DEFINITION ( 'international standard', 'config_control_design', 1994, #661 ) ;
#219 = DIRECTION ( 'NONE',  ( -0.000000000000000000, -0.000000000000000000, -1.000000000000000000 ) ) ;
#220 = ORIENTED_EDGE ( 'NONE', *, *, #473, .T. ) ;
#221 = CARTESIAN_POINT ( 'NONE',  ( 10.00000000000000000, -6.200000000000000178, 5.400000000000000355 ) ) ;
#222 = DIRECTION ( 'NONE',  ( -0.000000000000000000, -0.000000000000000000, 1.000000000000000000 ) ) ;
#223 = AXIS2_PLACEMENT_3D ( 'NONE', #555, #447, #709 ) ;
#224 = DIRECTION ( 'NONE',  ( 1.000000000000000000, 8.881784197001252323E-16, 0.000000000000000000 ) ) ;
#225 = APPROVAL_STATUS ( 'not_yet_approved' ) ;
#226 = AXIS2_PLACEMENT_3D ( 'NONE', #541, #800, #674 ) ;
#227 = EDGE_CURVE ( 'NONE', #236, #901, #794, .T. ) ;
#228 = DIRECTION ( 'NONE',  ( 1.000000000000000000, 0.000000000000000000, -0.000000000000000000 ) ) ;
#229 = ORIENTED_EDGE ( 'NONE', *, *, #408, .F. ) ;
#230 = CARTESIAN_POINT ( 'NONE',  ( 28.69999999999999929, -3.000000000000000888, 0.000000000000000000 ) ) ;
#231 = DIRECTION ( 'NONE',  ( -1.000000000000000000, -0.000000000000000000, -0.000000000000000000 ) ) ;
#232 = DIRECTION ( 'NONE',  ( -0.000000000000000000, -0.000000000000000000, -1.000000000000000000 ) ) ;
#233 = CIRCLE ( 'NONE', #1295, 0.8000000000000021538 ) ;
#234 = PRODUCT_DEFINITION_FORMATION_WITH_SPECIFIED_SOURCE ( '任何', '', #718, .NOT_KNOWN. ) ;
#235 = DIRECTION ( 'NONE',  ( 0.000000000000000000, 0.000000000000000000, 1.000000000000000000 ) ) ;
#236 = VERTEX_POINT ( 'NONE', #401 ) ;
#237 = ADVANCED_FACE ( 'NONE', ( #10 ), #420, .F. ) ;
#238 = CARTESIAN_POINT ( 'NONE',  ( 43.00000000000000000, 0.000000000000000000, 5.400000000000000355 ) ) ;
#239 = APPLICATION_CONTEXT ( 'configuration controlled 3d designs of mechanical parts and assemblies' ) ;
#240 = ORIENTED_EDGE ( 'NONE', *, *, #36, .T. ) ;
#241 = CYLINDRICAL_SURFACE ( 'NONE', #909, 0.8000000000000021538 ) ;
#242 = CARTESIAN_POINT ( 'NONE',  ( 43.00000000000000000, 0.000000000000000000, 5.400000000000000355 ) ) ;
#243 = ORIENTED_EDGE ( 'NONE', *, *, #436, .T. ) ;
#244 = ORIENTED_EDGE ( 'NONE', *, *, #260, .F. ) ;
#245 = LINE ( 'NONE', #1653, #305 ) ;
#246 = CIRCLE ( 'NONE', #1528, 6.200000000000000178 ) ;
#247 = ORIENTED_EDGE ( 'NONE', *, *, #1375, .F. ) ;
#248 = DIRECTION ( 'NONE',  ( 0.000000000000000000, -0.000000000000000000, 1.000000000000000000 ) ) ;
#249 = LINE ( 'NONE', #532, #491 ) ;
#250 = ORIENTED_EDGE ( 'NONE', *, *, #130, .F. ) ;
#251 = CARTESIAN_POINT ( 'NONE',  ( 33.09999999999999432, -4.599999999999999645, 1.199999999999999956 ) ) ;
#252 = ORIENTED_EDGE ( 'NONE', *, *, #1453, .T. ) ;
#253 = DIRECTION ( 'NONE',  ( -0.000000000000000000, -1.000000000000000000, -0.000000000000000000 ) ) ;
#254 = CARTESIAN_POINT ( 'NONE',  ( 33.09999999999999432, 6.200000000000000178, 7.000000000000000000 ) ) ;
#255 = ADVANCED_FACE ( 'NONE', ( #521 ), #1173, .F. ) ;
#256 = ORGANIZATION ( '未指定', '未指定', '' ) ;
#257 = ORIENTED_EDGE ( 'NONE', *, *, #1591, .F. ) ;
#258 = ORIENTED_EDGE ( 'NONE', *, *, #823, .F. ) ;
#259 = DIRECTION ( 'NONE',  ( 0.000000000000000000, -0.000000000000000000, -1.000000000000000000 ) ) ;
#260 = EDGE_CURVE ( 'NONE', #402, #1652, #246, .T. ) ;
#261 = CARTESIAN_POINT ( 'NONE',  ( -6.200000000000000178, 0.000000000000000000, 7.000000000000000000 ) ) ;
#262 = ADVANCED_FACE ( 'NONE', ( #649 ), #1031, .T. ) ;
#263 = FACE_OUTER_BOUND ( 'NONE', #1423, .T. ) ;
#264 = ORIENTED_EDGE ( 'NONE', *, *, #186, .F. ) ;
#265 = ORIENTED_EDGE ( 'NONE', *, *, #1485, .F. ) ;
#266 = CARTESIAN_POINT ( 'NONE',  ( 0.000000000000000000, 0.000000000000000000, 7.000000000000000000 ) ) ;
#267 = DIRECTION ( 'NONE',  ( 0.000000000000000000, 0.000000000000000000, 1.000000000000000000 ) ) ;
#268 = CARTESIAN_POINT ( 'NONE',  ( 24.99999999999999645, 1.500000000000001332, -0.001000000000000132727 ) ) ;
#269 = VECTOR ( 'NONE', #636, 1000.000000000000000 ) ;
#270 = VERTEX_POINT ( 'NONE', #1162 ) ;
#271 = DESIGN_CONTEXT ( 'detailed design', #661, 'design' ) ;
#272 = ORIENTED_EDGE ( 'NONE', *, *, #124, .F. ) ;
#273 = EDGE_CURVE ( 'NONE', #30, #951, #1416, .T. ) ;
#274 = ORIENTED_EDGE ( 'NONE', *, *, #489, .F. ) ;
#275 = DIRECTION ( 'NONE',  ( 1.000000000000000000, 0.000000000000000000, 0.000000000000000000 ) ) ;
#276 = EDGE_LOOP ( 'NONE', ( #126, #1107, #38, #1028, #973, #717 ) ) ;
#277 = DIRECTION ( 'NONE',  ( 1.000000000000000000, 0.000000000000000000, 0.000000000000000000 ) ) ;
#278 = EDGE_CURVE ( 'NONE', #755, #4, #110, .T. ) ;
#279 = CARTESIAN_POINT ( 'NONE',  ( 0.000000000000000000, 0.000000000000000000, -7.778174593052027852 ) ) ;
#280 = CARTESIAN_POINT ( 'NONE',  ( 19.99999999999999645, -6.200000000000000178, 5.400000000000000355 ) ) ;
#281 = EDGE_CURVE ( 'NONE', #208, #1301, #768, .T. ) ;
#282 =( LENGTH_UNIT ( ) NAMED_UNIT ( * ) SI_UNIT ( .MILLI., .METRE. ) );
#283 = ORIENTED_EDGE ( 'NONE', *, *, #68, .T. ) ;
#284 = VECTOR ( 'NONE', #1207, 1000.000000000000000 ) ;
#285 = VERTEX_POINT ( 'NONE', #20 ) ;
#286 = DIRECTION ( 'NONE',  ( 0.000000000000000000, -0.000000000000000000, 1.000000000000000000 ) ) ;
#287 = CC_DESIGN_PERSON_AND_ORGANIZATION_ASSIGNMENT ( #477, #77, ( #234 ) ) ;
#288 = ORIENTED_EDGE ( 'NONE', *, *, #1221, .T. ) ;
#289 = LINE ( 'NONE', #42, #295 ) ;
#290 = CARTESIAN_POINT ( 'NONE',  ( 34.83772233983158628, -1.500000000000000000, 5.400000000000000355 ) ) ;
#292 = LINE ( 'NONE', #1431, #1534 ) ;
#291 = VECTOR ( 'NONE', #85, 1000.000000000000000 ) ;
#293 = DIRECTION ( 'NONE',  ( 1.000000000000000000, 0.000000000000000000, 0.000000000000000000 ) ) ;
#294 = FACE_OUTER_BOUND ( 'NONE', #1637, .T. ) ;
#295 = VECTOR ( 'NONE', #547, 1000.000000000000000 ) ;
#296 = PLANE ( 'NONE',  #1040 ) ;
#297 = AXIS2_PLACEMENT_3D ( 'NONE', #1614, #841, #69 ) ;
#298 = VERTEX_POINT ( 'NONE', #172 ) ;
#299 = CARTESIAN_POINT ( 'NONE',  ( 0.000000000000000000, -3.000000000000000888, 5.400000000000000355 ) ) ;
#300 = CARTESIAN_POINT ( 'NONE',  ( 33.09999999999999432, -9.402769590586176562, -0.000000000000000000 ) ) ;
#301 = ADVANCED_FACE ( 'NONE', ( #1310 ), #296, .F. ) ;
#302 = DIRECTION ( 'NONE',  ( -0.000000000000000000, -0.000000000000000000, 1.000000000000000000 ) ) ;
#303 = CARTESIAN_POINT ( 'NONE',  ( 28.69999999999999929, 3.199999999999998845, 7.000000000000000000 ) ) ;
#304 = ADVANCED_FACE ( 'NONE', ( #677 ), #1193, .F. ) ;
#305 = VECTOR ( 'NONE', #1491, 1000.000000000000000 ) ;
#306 = ORIENTED_EDGE ( 'NONE', *, *, #1522, .F. ) ;
#307 = ORIENTED_EDGE ( 'NONE', *, *, #36, .F. ) ;
#308 = LINE ( 'NONE', #181, #1507 ) ;
#309 = LINE ( 'NONE', #1607, #329 ) ;
#310 = CIRCLE ( 'NONE', #867, 2.500000000000002220 ) ;
#311 = CC_DESIGN_DATE_AND_TIME_ASSIGNMENT ( #978, #1506, ( #1004 ) ) ;
#312 = LINE ( 'NONE', #542, #506 ) ;
#313 = LINE ( 'NONE', #1044, #284 ) ;
#314 = PRODUCT_RELATED_PRODUCT_CATEGORY ( 'detail', '', ( #718 ) ) ;
#315 = VERTEX_POINT ( 'NONE', #895 ) ;
#316 = ORIENTED_EDGE ( 'NONE', *, *, #68, .F. ) ;
#317 = DIRECTION ( 'NONE',  ( 0.000000000000000000, -1.000000000000000000, 0.000000000000000000 ) ) ;
#318 = ADVANCED_FACE ( 'NONE', ( #1408 ), #928, .F. ) ;
#319 = VECTOR ( 'NONE', #498, 1000.000000000000000 ) ;
#320 = CARTESIAN_POINT ( 'NONE',  ( 0.000000000000000000, 6.200000000000000178, 7.000000000000000000 ) ) ;
#321 = EDGE_CURVE ( 'NONE', #716, #1546, #963, .T. ) ;
#322 = DIRECTION ( 'NONE',  ( -1.000000000000000000, 0.000000000000000000, 0.000000000000000000 ) ) ;
#323 = DIRECTION ( 'NONE',  ( -0.000000000000000000, 0.000000000000000000, 1.000000000000000000 ) ) ;
#324 = ORIENTED_EDGE ( 'NONE', *, *, #1133, .T. ) ;
#325 = VERTEX_POINT ( 'NONE', #443 ) ;
#326 = DIRECTION ( 'NONE',  ( 0.000000000000000000, 0.000000000000000000, 1.000000000000000000 ) ) ;
#327 = CARTESIAN_POINT ( 'NONE',  ( -4.599999999999999645, 0.000000000000000000, 0.000000000000000000 ) ) ;
#328 = DIRECTION ( 'NONE',  ( -0.000000000000000000, -0.000000000000000000, 1.000000000000000000 ) ) ;
#329 = VECTOR ( 'NONE', #970, 1000.000000000000000 ) ;
#330 = ORIENTED_EDGE ( 'NONE', *, *, #1027, .F. ) ;
#331 = EDGE_LOOP ( 'NONE', ( #151, #958, #1526, #932 ) ) ;
#332 = EDGE_CURVE ( 'NONE', #1483, #1186, #1317, .T. ) ;
#333 = CYLINDRICAL_SURFACE ( 'NONE', #779, 2.500000000000002220 ) ;
#334 = CARTESIAN_POINT ( 'NONE',  ( 33.09999999999999432, 6.199999999999999289, 0.000000000000000000 ) ) ;
#335 = DIRECTION ( 'NONE',  ( 1.000000000000000000, 0.000000000000000000, -0.000000000000000000 ) ) ;
#336 = DATE_AND_TIME ( #1609, #1356 ) ;
#337 = EDGE_CURVE ( 'NONE', #1643, #298, #826, .T. ) ;
#338 = EDGE_CURVE ( 'NONE', #1645, #1301, #1346, .T. ) ;
#339 = ORIENTED_EDGE ( 'NONE', *, *, #1381, .F. ) ;
#340 = ORIENTED_EDGE ( 'NONE', *, *, #556, .F. ) ;
#341 = LINE ( 'NONE', #58, #1374 ) ;
#342 = CARTESIAN_POINT ( 'NONE',  ( 2.304886114323221769, 1.500000000000000000, -7.778174593052027852 ) ) ;
#343 = AXIS2_PLACEMENT_3D ( 'NONE', #25, #1441, #1593 ) ;
#344 = DIRECTION ( 'NONE',  ( 0.000000000000000000, 0.000000000000000000, -1.000000000000000000 ) ) ;
#345 = COORDINATED_UNIVERSAL_TIME_OFFSET ( 8, 0, .AHEAD. ) ;
#346 = ORIENTED_EDGE ( 'NONE', *, *, #781, .T. ) ;
#347 = EDGE_LOOP ( 'NONE', ( #702, #481 ) ) ;
#348 = CARTESIAN_POINT ( 'NONE',  ( 0.000000000000000000, -6.200000000000000178, 7.000000000000000000 ) ) ;
#349 = DIRECTION ( 'NONE',  ( -1.000000000000000000, 0.000000000000000000, 0.000000000000000000 ) ) ;
#350 = CIRCLE ( 'NONE', #1017, 2.750000000000002665 ) ;
#351 = CARTESIAN_POINT ( 'NONE',  ( 0.000000000000000000, 0.000000000000000000, 1.199999999999999956 ) ) ;
#352 = EDGE_CURVE ( 'NONE', #529, #270, #34, .T. ) ;
#353 = COORDINATED_UNIVERSAL_TIME_OFFSET ( 8, 0, .AHEAD. ) ;
#354 = CARTESIAN_POINT ( 'NONE',  ( 36.00000000000000000, -1.500000000000000222, 4.399999999999963052 ) ) ;
#355 = ORIENTED_EDGE ( 'NONE', *, *, #1342, .T. ) ;
#356 = DIRECTION ( 'NONE',  ( 1.000000000000000000, 0.000000000000000000, 0.000000000000000000 ) ) ;
#357 = AXIS2_PLACEMENT_3D ( 'NONE', #1390, #1648, #501 ) ;
#358 = DIRECTION ( 'NONE',  ( -0.000000000000000000, -0.000000000000000000, 1.000000000000000000 ) ) ;
#359 = AXIS2_PLACEMENT_3D ( 'NONE', #578, #570, #1470 ) ;
#360 = CARTESIAN_POINT ( 'NONE',  ( -0.8000000000000021538, 9.797174393178852035E-17, 5.400000000000000355 ) ) ;
#361 = CC_DESIGN_PERSON_AND_ORGANIZATION_ASSIGNMENT ( #1105, #1355, ( #234 ) ) ;
#362 = VECTOR ( 'NONE', #902, 1000.000000000000000 ) ;
#363 = EDGE_LOOP ( 'NONE', ( #753, #153, #1611, #1478, #1131, #1524, #1297 ) ) ;
#364 = VERTEX_POINT ( 'NONE', #425 ) ;
#365 = DIRECTION ( 'NONE',  ( 0.000000000000000000, -0.000000000000000000, -1.000000000000000000 ) ) ;
#366 = ORIENTED_EDGE ( 'NONE', *, *, #1364, .T. ) ;
#367 = DIRECTION ( 'NONE',  ( -0.000000000000000000, -0.000000000000000000, 1.000000000000000000 ) ) ;
#368 = EDGE_CURVE ( 'NONE', #1236, #786, #192, .T. ) ;
#369 = DIRECTION ( 'NONE',  ( 0.000000000000000000, 0.000000000000000000, 1.000000000000000000 ) ) ;
#370 = DIRECTION ( 'NONE',  ( -1.000000000000000000, 0.000000000000000000, 0.000000000000000000 ) ) ;
#371 = ORIENTED_EDGE ( 'NONE', *, *, #954, .T. ) ;
#372 = CARTESIAN_POINT ( 'NONE',  ( 24.99999999999999645, -1.499999999999998668, 3.500000000000000444 ) ) ;
#373 = ORIENTED_EDGE ( 'NONE', *, *, #680, .T. ) ;
#374 = VECTOR ( 'NONE', #987, 1000.000000000000000 ) ;
#375 = CARTESIAN_POINT ( 'NONE',  ( 35.60040738320265774, 1.500000000000000000, 4.719674093437828510 ) ) ;
#376 = AXIS2_PLACEMENT_3D ( 'NONE', #404, #660, #277 ) ;
#377 = CYLINDRICAL_SURFACE ( 'NONE', #861, 2.500000000000002220 ) ;
#378 = ORIENTED_EDGE ( 'NONE', *, *, #1248, .F. ) ;
#379 = LINE ( 'NONE', #230, #727 ) ;
#380 = VECTOR ( 'NONE', #1003, 1000.000000000000000 ) ;
#381 = ORIENTED_EDGE ( 'NONE', *, *, #337, .F. ) ;
#382 = CARTESIAN_POINT ( 'NONE',  ( 40.72381523863589337, 1.556232246388509877, 5.035231254094105324 ) ) ;
#383 = CARTESIAN_POINT ( 'NONE',  ( 0.000000000000000000, -4.599999999999999645, 1.199999999999999734 ) ) ;
#384 = ADVANCED_FACE ( 'NONE', ( #699 ), #1601, .F. ) ;
#385 = ORIENTED_EDGE ( 'NONE', *, *, #1205, .F. ) ;
#386 = EDGE_CURVE ( 'NONE', #1424, #412, #70, .T. ) ;
#387 = ORIENTED_EDGE ( 'NONE', *, *, #260, .T. ) ;
#388 = DIRECTION ( 'NONE',  ( 0.000000000000000000, -0.000000000000000000, 1.000000000000000000 ) ) ;
#389 = FACE_OUTER_BOUND ( 'NONE', #1058, .T. ) ;
#390 = CARTESIAN_POINT ( 'NONE',  ( 40.36874999999999147, -0.7993894154290610565, 4.399999999999963052 ) ) ;
#391 = APPROVAL_PERSON_ORGANIZATION ( #1365, #1077, #700 ) ;
#392 = ORIENTED_EDGE ( 'NONE', *, *, #186, .T. ) ;
#393 = VERTEX_POINT ( 'NONE', #557 ) ;
#394 = DIRECTION ( 'NONE',  ( -1.000000000000000000, -0.000000000000000000, 0.000000000000000000 ) ) ;
#395 = DIRECTION ( 'NONE',  ( 0.000000000000000000, 0.000000000000000000, 1.000000000000000000 ) ) ;
#396 = DIRECTION ( 'NONE',  ( 1.000000000000000000, 0.000000000000000000, -0.000000000000000000 ) ) ;
#397 = VERTEX_POINT ( 'NONE', #1323 ) ;
#398 = ADVANCED_FACE ( 'NONE', ( #665 ), #1473, .F. ) ;
#399 = ORIENTED_EDGE ( 'NONE', *, *, #57, .T. ) ;
#400 = ORIENTED_EDGE ( 'NONE', *, *, #805, .T. ) ;
#401 = CARTESIAN_POINT ( 'NONE',  ( -4.599999999999999645, 0.000000000000000000, 5.400000000000000355 ) ) ;
#402 = VERTEX_POINT ( 'NONE', #939 ) ;
#403 = CIRCLE ( 'NONE', #1552, 2.750000000000000000 ) ;
#404 = CARTESIAN_POINT ( 'NONE',  ( 38.00000000000000000, 0.000000000000000000, 4.399999999999963052 ) ) ;
#405 = PLANE ( 'NONE',  #1213 ) ;
#406 = DIRECTION ( 'NONE',  ( 1.000000000000000000, 0.000000000000000000, 0.000000000000000000 ) ) ;
#407 = CARTESIAN_POINT ( 'NONE',  ( 2.304886114323221769, 1.500000000000000000, -7.778174593052027852 ) ) ;
#408 = EDGE_CURVE ( 'NONE', #1643, #1393, #1564, .T. ) ;
#409 = ORIENTED_EDGE ( 'NONE', *, *, #1348, .T. ) ;
#410 = ORIENTED_EDGE ( 'NONE', *, *, #227, .F. ) ;
#411 = DIRECTION ( 'NONE',  ( -0.000000000000000000, -0.000000000000000000, -1.000000000000000000 ) ) ;
#412 = VERTEX_POINT ( 'NONE', #1179 ) ;
#413 = LINE ( 'NONE', #924, #1012 ) ;
#414 = FACE_OUTER_BOUND ( 'NONE', #331, .T. ) ;
#415 = LINE ( 'NONE', #1563, #96 ) ;
#416 = DIRECTION ( 'NONE',  ( 1.000000000000000000, -1.264902534566421675E-16, 0.000000000000000000 ) ) ;
#417 = DIRECTION ( 'NONE',  ( -1.000000000000000000, 0.000000000000000000, 0.000000000000000000 ) ) ;
#418 = ORIENTED_EDGE ( 'NONE', *, *, #1485, .T. ) ;
#419 = APPROVAL_PERSON_ORGANIZATION ( #1223, #1177, #836 ) ;
#420 = PLANE ( 'NONE',  #1026 ) ;
#421 = ORIENTED_EDGE ( 'NONE', *, *, #162, .T. ) ;
#422 = PLANE ( 'NONE',  #635 ) ;
#423 = CARTESIAN_POINT ( 'NONE',  ( 43.00000000000000000, 0.000000000000000000, -7.778174593052027852 ) ) ;
#424 = VECTOR ( 'NONE', #76, 1000.000000000000000 ) ;
#425 = CARTESIAN_POINT ( 'NONE',  ( 43.00000000000000000, -6.200000000000000178, 0.000000000000000000 ) ) ;
#426 = FACE_BOUND ( 'NONE', #503, .T. ) ;
#427 = CIRCLE ( 'NONE', #1606, 4.599999999999999645 ) ;
#428 = ORIENTED_EDGE ( 'NONE', *, *, #580, .T. ) ;
#429 = AXIS2_PLACEMENT_3D ( 'NONE', #320, #90, #1344 ) ;
#430 = ORIENTED_EDGE ( 'NONE', *, *, #1300, .F. ) ;
#431 = FACE_OUTER_BOUND ( 'NONE', #505, .T. ) ;
#432 = EDGE_CURVE ( 'NONE', #577, #270, #312, .T. ) ;
#433 = DIRECTION ( 'NONE',  ( -1.000000000000000000, 1.264902534566421675E-16, -0.000000000000000000 ) ) ;
#434 = DIRECTION ( 'NONE',  ( 0.000000000000000000, 0.000000000000000000, -1.000000000000000000 ) ) ;
#435 = AXIS2_PLACEMENT_3D ( 'NONE', #198, #1087, #960 ) ;
#436 = EDGE_CURVE ( 'NONE', #4, #951, #1054, .T. ) ;
#437 = ORIENTED_EDGE ( 'NONE', *, *, #432, .T. ) ;
#438 = ADVANCED_FACE ( 'NONE', ( #955 ), #1440, .F. ) ;
#439 = EDGE_LOOP ( 'NONE', ( #257, #568, #1218, #71, #1530, #985, #838, #1579, #180, #244 ) ) ;
#440 = DIRECTION ( 'NONE',  ( 1.000000000000000000, 0.000000000000000000, -0.000000000000000000 ) ) ;
#441 = DIRECTION ( 'NONE',  ( -0.000000000000000000, -0.000000000000000000, 1.000000000000000000 ) ) ;
#442 = AXIS2_PLACEMENT_3D ( 'NONE', #1035, #1651, #989 ) ;
#443 = CARTESIAN_POINT ( 'NONE',  ( 43.00000000000000000, 6.200000000000000178, 0.000000000000000000 ) ) ;
#444 = CARTESIAN_POINT ( 'NONE',  ( -6.200000000000000178, 0.000000000000000000, 0.000000000000000000 ) ) ;
#445 = VERTEX_POINT ( 'NONE', #1449 ) ;
#446 = ORIENTED_EDGE ( 'NONE', *, *, #194, .F. ) ;
#447 = DIRECTION ( 'NONE',  ( 0.000000000000000000, 0.000000000000000000, -1.000000000000000000 ) ) ;
#448 = CLOSED_SHELL ( 'NONE', ( #751, #747, #1051, #1102, #1345, #44, #1328, #1279, #731, #945, #1151, #1537, #607, #1192, #1451, #492, #837, #1126, #3, #214, #1043, #1082, #1502, #1646, #438, #255, #398, #656, #533, #1577, #694, #979, #1625, #757, #43, #628, #262, #318, #483, #819, #384, #1253, #1208, #107, #301, #1169, #704, #621, #237, #1401, #304 ) ) ;
#449 = VECTOR ( 'NONE', #1458, 1000.000000000000000 ) ;
#450 = CARTESIAN_POINT ( 'NONE',  ( 40.36874999999999147, 0.7993894154290628329, 3.500000000000000444 ) ) ;
#451 = DIRECTION ( 'NONE',  ( -0.000000000000000000, -0.000000000000000000, 1.000000000000000000 ) ) ;
#452 = EDGE_CURVE ( 'NONE', #623, #142, #1206, .T. ) ;
#453 = EDGE_LOOP ( 'NONE', ( #584, #1388, #1281, #1547, #210, #418, #39 ) ) ;
#454 = ORIENTED_EDGE ( 'NONE', *, *, #573, .F. ) ;
#455 = LINE ( 'NONE', #1588, #1292 ) ;
#456 = LINE ( 'NONE', #474, #1497 ) ;
#457 = EDGE_CURVE ( 'NONE', #445, #325, #53, .T. ) ;
#458 = CARTESIAN_POINT ( 'NONE',  ( 38.00000000000000000, 0.000000000000000000, 4.399999999999963052 ) ) ;
#459 = AXIS2_PLACEMENT_3D ( 'NONE', #711, #1204, #1598 ) ;
#460 = PERSON_AND_ORGANIZATION_ROLE ( 'creator' ) ;
#461 = AXIS2_PLACEMENT_3D ( 'NONE', #47, #550, #690 ) ;
#462 = EDGE_CURVE ( 'NONE', #133, #1377, #176, .T. ) ;
#463 = ORIENTED_EDGE ( 'NONE', *, *, #765, .F. ) ;
#464 = ORIENTED_EDGE ( 'NONE', *, *, #575, .F. ) ;
#465 = DIRECTION ( 'NONE',  ( -0.000000000000000000, -0.000000000000000000, 1.000000000000000000 ) ) ;
#466 = CARTESIAN_POINT ( 'NONE',  ( 10.00000000000000000, 6.764858116140294975, 5.400000000000000355 ) ) ;
#467 = DIRECTION ( 'NONE',  ( 0.000000000000000000, 0.000000000000000000, 1.000000000000000000 ) ) ;
#468 = MECHANICAL_CONTEXT ( 'NONE', #239, 'mechanical' ) ;
#469 = CARTESIAN_POINT ( 'NONE',  ( 37.00000000000000000, 1.499999999999999778, 3.500000000000000444 ) ) ;
#470 = ORIENTED_EDGE ( 'NONE', *, *, #1591, .T. ) ;
#471 = DIRECTION ( 'NONE',  ( -1.000000000000000000, 1.264902534566421675E-16, 0.000000000000000000 ) ) ;
#472 = ORIENTED_EDGE ( 'NONE', *, *, #903, .F. ) ;
#473 = EDGE_CURVE ( 'NONE', #1393, #1184, #217, .T. ) ;
#474 = CARTESIAN_POINT ( 'NONE',  ( 45.75000000000000000, 0.000000000000000000, -7.778174593052027852 ) ) ;
#475 = LOCAL_TIME ( 11, 48, 15.00000000000000000, #353 ) ;
#476 = LINE ( 'NONE', #1487, #424 ) ;
#477 = PERSON_AND_ORGANIZATION ( #788, #256 ) ;
#478 = ORIENTED_EDGE ( 'NONE', *, *, #116, .T. ) ;
#479 = EDGE_LOOP ( 'NONE', ( #1358, #1046, #264, #56 ) ) ;
#480 = DIRECTION ( 'NONE',  ( 0.000000000000000000, 0.000000000000000000, 1.000000000000000000 ) ) ;
#481 = ORIENTED_EDGE ( 'NONE', *, *, #1399, .F. ) ;
#482 = DIRECTION ( 'NONE',  ( 0.000000000000000000, 1.000000000000000000, 0.000000000000000000 ) ) ;
#483 = ADVANCED_FACE ( 'NONE', ( #1495, #1222 ), #1119, .F. ) ;
#484 = CARTESIAN_POINT ( 'NONE',  ( 28.69999999999999929, -3.000000000000000888, 5.400000000000000355 ) ) ;
#485 = APPLICATION_PROTOCOL_DEFINITION ( 'international standard', 'config_control_design', 1994, #239 ) ;
#486 = VECTOR ( 'NONE', #115, 1000.000000000000000 ) ;
#487 = CARTESIAN_POINT ( 'NONE',  ( 37.19999999999999574, 9.797174393178861896E-17, 3.500000000000000444 ) ) ;
#488 = ORIENTED_EDGE ( 'NONE', *, *, #1421, .T. ) ;
#489 = EDGE_CURVE ( 'NONE', #1483, #402, #848, .T. ) ;
#490 = DIRECTION ( 'NONE',  ( 1.000000000000000000, 0.000000000000000000, 0.000000000000000000 ) ) ;
#491 = VECTOR ( 'NONE', #1025, 1000.000000000000000 ) ;
#492 = ADVANCED_FACE ( 'NONE', ( #200 ), #206, .T. ) ;
#493 = ORIENTED_EDGE ( 'NONE', *, *, #680, .F. ) ;
#494 = LINE ( 'NONE', #992, #696 ) ;
#495 = DIRECTION ( 'NONE',  ( 0.000000000000000000, 0.000000000000000000, 1.000000000000000000 ) ) ;
#496 = CARTESIAN_POINT ( 'NONE',  ( 24.99999999999999645, 1.500000000000001332, 3.500000000000000444 ) ) ;
#497 = VERTEX_POINT ( 'NONE', #484 ) ;
#498 = DIRECTION ( 'NONE',  ( 0.000000000000000000, 1.000000000000000000, -0.000000000000000000 ) ) ;
#499 = VERTEX_POINT ( 'NONE', #1615 ) ;
#500 = CARTESIAN_POINT ( 'NONE',  ( 43.00000000000000000, 0.000000000000000000, 7.000000000000000000 ) ) ;
#501 = DIRECTION ( 'NONE',  ( 1.000000000000000000, 0.000000000000000000, 0.000000000000000000 ) ) ;
#502 = AXIS2_PLACEMENT_3D ( 'NONE', #407, #54, #323 ) ;
#503 = EDGE_LOOP ( 'NONE', ( #265, #104, #243, #428, #50, #554, #493 ) ) ;
#504 = DIRECTION ( 'NONE',  ( 0.000000000000000000, -0.000000000000000000, 1.000000000000000000 ) ) ;
#505 = EDGE_LOOP ( 'NONE', ( #701, #1183, #544, #1273 ) ) ;
#506 = VECTOR ( 'NONE', #1331, 1000.000000000000000 ) ;
#507 = DIRECTION ( 'NONE',  ( -0.000000000000000000, -0.000000000000000000, -1.000000000000000000 ) ) ;
#508 = AXIS2_PLACEMENT_3D ( 'NONE', #832, #688, #840 ) ;
#509 = LINE ( 'NONE', #383, #1585 ) ;
#510 = EDGE_CURVE ( 'NONE', #1595, #623, #1307, .T. ) ;
#511 = EDGE_CURVE ( 'NONE', #1433, #982, #109, .T. ) ;
#512 = AXIS2_PLACEMENT_3D ( 'NONE', #579, #183, #1329 ) ;
#513 = ORIENTED_EDGE ( 'NONE', *, *, #1623, .T. ) ;
#514 = ORIENTED_EDGE ( 'NONE', *, *, #573, .T. ) ;
#515 = CYLINDRICAL_SURFACE ( 'NONE', #1181, 4.599999999999999645 ) ;
#516 = CARTESIAN_POINT ( 'NONE',  ( 40.72514224103991864, -1.558081339905676321, 5.037323901664174208 ) ) ;
#517 = VECTOR ( 'NONE', #1619, 1000.000000000000000 ) ;
#518 = ORIENTED_EDGE ( 'NONE', *, *, #116, .F. ) ;
#519 = VECTOR ( 'NONE', #1304, 1000.000000000000000 ) ;
#520 = EDGE_LOOP ( 'NONE', ( #611, #1452 ) ) ;
#521 = FACE_OUTER_BOUND ( 'NONE', #165, .T. ) ;
#522 = CARTESIAN_POINT ( 'NONE',  ( -0.8000000000000021538, 9.797174393178852035E-17, 1.199999999999999734 ) ) ;
#523 = EDGE_CURVE ( 'NONE', #783, #1, #1505, .T. ) ;
#524 = DIRECTION ( 'NONE',  ( 0.000000000000000000, 0.000000000000000000, 1.000000000000000000 ) ) ;
#525 = FACE_OUTER_BOUND ( 'NONE', #1567, .T. ) ;
#526 = EDGE_CURVE ( 'NONE', #1560, #412, #859, .T. ) ;
#527 = AXIS2_PLACEMENT_3D ( 'NONE', #238, #105, #1262 ) ;
#528 = ORIENTED_EDGE ( 'NONE', *, *, #1500, .T. ) ;
#529 = VERTEX_POINT ( 'NONE', #360 ) ;
#530 = CARTESIAN_POINT ( 'NONE',  ( 38.00000000000000000, 0.000000000000000000, 5.400000000000000355 ) ) ;
#531 = CARTESIAN_POINT ( 'NONE',  ( 33.09999999999999432, 6.199999999999999289, 1.199999999999999956 ) ) ;
#532 = CARTESIAN_POINT ( 'NONE',  ( 33.09999999999999432, 4.599999999999999645, 7.000000000000000000 ) ) ;
#533 = ADVANCED_FACE ( 'NONE', ( #1363 ), #1239, .T. ) ;
#534 = DIRECTION ( 'NONE',  ( 1.000000000000000000, 0.000000000000000000, 0.000000000000000000 ) ) ;
#535 = ORIENTED_EDGE ( 'NONE', *, *, #1164, .F. ) ;
#536 = ORIENTED_EDGE ( 'NONE', *, *, #1430, .F. ) ;
#537 = DIRECTION ( 'NONE',  ( 1.000000000000000000, 0.000000000000000000, 0.000000000000000000 ) ) ;
#538 = ORIENTED_EDGE ( 'NONE', *, *, #1322, .T. ) ;
#539 = DIRECTION ( 'NONE',  ( 0.000000000000000000, 1.000000000000000000, 0.000000000000000000 ) ) ;
#540 = DIRECTION ( 'NONE',  ( 1.000000000000000000, 0.000000000000000000, 0.000000000000000000 ) ) ;
#541 = CARTESIAN_POINT ( 'NONE',  ( 43.00000000000000000, 0.000000000000000000, 7.000000000000000000 ) ) ;
#542 = CARTESIAN_POINT ( 'NONE',  ( 0.8000000000000021538, 0.000000000000000000, -7.778174593052027852 ) ) ;
#543 = ORIENTED_EDGE ( 'NONE', *, *, #1544, .F. ) ;
#544 = ORIENTED_EDGE ( 'NONE', *, *, #1467, .F. ) ;
#545 = LINE ( 'NONE', #1283, #572 ) ;
#546 = EDGE_LOOP ( 'NONE', ( #538, #1370 ) ) ;
#547 = DIRECTION ( 'NONE',  ( 0.000000000000000000, 0.000000000000000000, 1.000000000000000000 ) ) ;
#548 = DIRECTION ( 'NONE',  ( -1.000000000000000000, -0.000000000000000000, -0.000000000000000000 ) ) ;
#549 = CARTESIAN_POINT ( 'NONE',  ( 2.304886114323221769, 1.500000000000000000, 1.199999999999999734 ) ) ;
#550 = DIRECTION ( 'NONE',  ( -0.000000000000000000, -0.000000000000000000, 1.000000000000000000 ) ) ;
#551 = CARTESIAN_POINT ( 'NONE',  ( 9.900000000000000355, -6.200000000000000178, 1.199999999999999956 ) ) ;
#552 = EDGE_CURVE ( 'NONE', #569, #1263, #868, .T. ) ;
#553 = ORIENTED_EDGE ( 'NONE', *, *, #855, .T. ) ;
#554 = ORIENTED_EDGE ( 'NONE', *, *, #1200, .T. ) ;
#555 = CARTESIAN_POINT ( 'NONE',  ( 0.000000000000000000, 0.000000000000000000, 5.400000000000000355 ) ) ;
#556 = EDGE_CURVE ( 'NONE', #1403, #1386, #476, .T. ) ;
#557 = CARTESIAN_POINT ( 'NONE',  ( 40.96875000000002132, -1.853786243745513040, 5.400000000000000355 ) ) ;
#558 = CARTESIAN_POINT ( 'NONE',  ( 2.304886114323221769, -1.500000000000000000, -7.778174593052027852 ) ) ;
#559 = EDGE_CURVE ( 'NONE', #1377, #1433, #1631, .T. ) ;
#560 = ORIENTED_EDGE ( 'NONE', *, *, #954, .F. ) ;
#561 = AXIS2_PLACEMENT_3D ( 'NONE', #1486, #1094, #953 ) ;
#562 = EDGE_LOOP ( 'NONE', ( #316, #371, #1435, #464 ) ) ;
#563 = DIRECTION ( 'NONE',  ( -0.000000000000000000, -0.000000000000000000, 1.000000000000000000 ) ) ;
#564 = DIRECTION ( 'NONE',  ( 1.000000000000000000, 0.000000000000000000, 0.000000000000000000 ) ) ;
#565 = CARTESIAN_POINT ( 'NONE',  ( 43.79999999999999716, 0.000000000000000000, -7.778174593052027852 ) ) ;
#566 = FACE_OUTER_BOUND ( 'NONE', #1569, .T. ) ;
#567 = CIRCLE ( 'NONE', #223, 0.8000000000000021538 ) ;
#568 = ORIENTED_EDGE ( 'NONE', *, *, #1623, .F. ) ;
#569 = VERTEX_POINT ( 'NONE', #1111 ) ;
#570 = DIRECTION ( 'NONE',  ( -0.000000000000000000, -0.000000000000000000, -1.000000000000000000 ) ) ;
#571 = LINE ( 'NONE', #858, #1476 ) ;
#572 = VECTOR ( 'NONE', #658, 1000.000000000000000 ) ;
#573 = EDGE_CURVE ( 'NONE', #1252, #569, #1361, .T. ) ;
#574 = DIRECTION ( 'NONE',  ( 0.000000000000000000, 0.000000000000000000, 1.000000000000000000 ) ) ;
#575 = EDGE_CURVE ( 'NONE', #846, #716, #604, .T. ) ;
#576 = EDGE_LOOP ( 'NONE', ( #686, #990, #1247, #8 ) ) ;
#577 = VERTEX_POINT ( 'NONE', #1257 ) ;
#578 = CARTESIAN_POINT ( 'NONE',  ( 0.000000000000000000, 0.000000000000000000, 7.000000000000000000 ) ) ;
#579 = CARTESIAN_POINT ( 'NONE',  ( 43.00000000000000000, 0.000000000000000000, 5.400000000000000355 ) ) ;
#580 = EDGE_CURVE ( 'NONE', #951, #1236, #1096, .T. ) ;
#581 = DIRECTION ( 'NONE',  ( -0.000000000000000000, -0.000000000000000000, -1.000000000000000000 ) ) ;
#582 = VECTOR ( 'NONE', #581, 1000.000000000000000 ) ;
#583 = AXIS2_PLACEMENT_3D ( 'NONE', #1024, #395, #135 ) ;
#584 = ORIENTED_EDGE ( 'NONE', *, *, #772, .T. ) ;
#585 = ORIENTED_EDGE ( 'NONE', *, *, #332, .F. ) ;
#586 = DIRECTION ( 'NONE',  ( -1.000000000000000000, 0.000000000000000000, 0.000000000000000000 ) ) ;
#587 = CARTESIAN_POINT ( 'NONE',  ( 43.00000000000000000, 0.000000000000000000, 0.000000000000000000 ) ) ;
#588 = CARTESIAN_POINT ( 'NONE',  ( 37.00000000000000000, -1.500000000000000222, -0.001000000000000132727 ) ) ;
#589 = PERSON_AND_ORGANIZATION ( #788, #256 ) ;
#590 = AXIS2_PLACEMENT_3D ( 'NONE', #922, #933, #775 ) ;
#591 = EDGE_CURVE ( 'NONE', #1652, #716, #996, .T. ) ;
#592 = PLANE ( 'NONE',  #739 ) ;
#593 = ORIENTED_EDGE ( 'NONE', *, *, #828, .T. ) ;
#594 = CARTESIAN_POINT ( 'NONE',  ( 28.69999999999999929, -3.000000000000000888, 7.000000000000000000 ) ) ;
#595 = CARTESIAN_POINT ( 'NONE',  ( 0.000000000000000000, 0.000000000000000000, 5.400000000000000355 ) ) ;
#596 = AXIS2_PLACEMENT_3D ( 'NONE', #24, #534, #1573 ) ;
#597 = CARTESIAN_POINT ( 'NONE',  ( 0.000000000000000000, -4.599999999999999645, 5.400000000000000355 ) ) ;
#598 = CARTESIAN_POINT ( 'NONE',  ( 0.000000000000000000, 0.000000000000000000, 1.199999999999999734 ) ) ;
#599 = ORIENTED_EDGE ( 'NONE', *, *, #1421, .F. ) ;
#600 = EDGE_CURVE ( 'NONE', #285, #1153, #63, .T. ) ;
#601 = CARTESIAN_POINT ( 'NONE',  ( 43.00000000000000000, 4.599999999999999645, 7.000000000000000000 ) ) ;
#602 = CARTESIAN_POINT ( 'NONE',  ( 43.00000000000000000, 0.000000000000000000, 3.500000000000001332 ) ) ;
#603 = VECTOR ( 'NONE', #356, 1000.000000000000000 ) ;
#604 = LINE ( 'NONE', #733, #582 ) ;
#605 = PERSON_AND_ORGANIZATION ( #788, #256 ) ;
#606 = EDGE_CURVE ( 'NONE', #871, #1235, #897, .T. ) ;
#607 = ADVANCED_FACE ( 'NONE', ( #1405 ), #1150, .T. ) ;
#608 = DIRECTION ( 'NONE',  ( -0.000000000000000000, -0.000000000000000000, 1.000000000000000000 ) ) ;
#609 = ORIENTED_EDGE ( 'NONE', *, *, #962, .T. ) ;
#610 = LINE ( 'NONE', #1007, #319 ) ;
#611 = ORIENTED_EDGE ( 'NONE', *, *, #881, .T. ) ;
#612 = CARTESIAN_POINT ( 'NONE',  ( 40.36874999999999147, 0.7993894154290613896, 3.949999999999982858 ) ) ;
#613 = CARTESIAN_POINT ( 'NONE',  ( 38.80000000000000426, 0.000000000000000000, 3.500000000000000444 ) ) ;
#614 = VECTOR ( 'NONE', #721, 1000.000000000000000 ) ;
#615 = EDGE_LOOP ( 'NONE', ( #966, #593 ) ) ;
#616 = ORIENTED_EDGE ( 'NONE', *, *, #523, .F. ) ;
#617 = DIRECTION ( 'NONE',  ( -0.000000000000000000, -0.000000000000000000, 1.000000000000000000 ) ) ;
#618 = EDGE_LOOP ( 'NONE', ( #767, #1518, #250, #632 ) ) ;
#619 = CARTESIAN_POINT ( 'NONE',  ( 0.000000000000000000, 0.000000000000000000, -7.778174593052027852 ) ) ;
#620 = DIRECTION ( 'NONE',  ( 0.000000000000000000, 0.000000000000000000, -1.000000000000000000 ) ) ;
#621 = ADVANCED_FACE ( 'NONE', ( #1272 ), #764, .F. ) ;
#622 = DIRECTION ( 'NONE',  ( 0.000000000000000000, 0.000000000000000000, 1.000000000000000000 ) ) ;
#623 = VERTEX_POINT ( 'NONE', #750 ) ;
#624 = LINE ( 'NONE', #1245, #685 ) ;
#625 = ORIENTED_EDGE ( 'NONE', *, *, #1522, .T. ) ;
#626 = EDGE_CURVE ( 'NONE', #1301, #26, #509, .T. ) ;
#627 = DIRECTION ( 'NONE',  ( -0.000000000000000000, -0.000000000000000000, -1.000000000000000000 ) ) ;
#628 = ADVANCED_FACE ( 'NONE', ( #1543 ), #1266, .F. ) ;
#629 = DIRECTION ( 'NONE',  ( 0.000000000000000000, -0.000000000000000000, 1.000000000000000000 ) ) ;
#630 = VECTOR ( 'NONE', #1554, 1000.000000000000000 ) ;
#631 = VERTEX_POINT ( 'NONE', #1280 ) ;
#632 = ORIENTED_EDGE ( 'NONE', *, *, #191, .T. ) ;
#633 = VECTOR ( 'NONE', #302, 1000.000000000000000 ) ;
#634 = FACE_OUTER_BOUND ( 'NONE', #793, .T. ) ;
#635 = AXIS2_PLACEMENT_3D ( 'NONE', #915, #679, #904 ) ;
#636 = DIRECTION ( 'NONE',  ( -0.000000000000000000, 0.000000000000000000, 1.000000000000000000 ) ) ;
#637 = VECTOR ( 'NONE', #847, 1000.000000000000000 ) ;
#638 = ORIENTED_EDGE ( 'NONE', *, *, #155, .F. ) ;
#639 = EDGE_CURVE ( 'NONE', #1306, #121, #249, .T. ) ;
#640 = EDGE_LOOP ( 'NONE', ( #1211, #1008 ) ) ;
#641 = LINE ( 'NONE', #1048, #362 ) ;
#642 = AXIS2_PLACEMENT_3D ( 'NONE', #458, #971, #1481 ) ;
#643 = LINE ( 'NONE', #1312, #160 ) ;
#644 = CYLINDRICAL_SURFACE ( 'NONE', #1504, 2.750000000000002665 ) ;
#645 = VECTOR ( 'NONE', #1076, 1000.000000000000000 ) ;
#646 = VERTEX_POINT ( 'NONE', #906 ) ;
#647 = CIRCLE ( 'NONE', #442, 0.8000000000000020428 ) ;
#648 = ORIENTED_EDGE ( 'NONE', *, *, #927, .F. ) ;
#649 = FACE_OUTER_BOUND ( 'NONE', #1539, .T. ) ;
#650 = CC_DESIGN_PERSON_AND_ORGANIZATION_ASSIGNMENT ( #605, #1120, ( #718 ) ) ;
#651 = DIRECTION ( 'NONE',  ( -0.000000000000000000, -1.000000000000000000, -0.000000000000000000 ) ) ;
#652 = DIRECTION ( 'NONE',  ( 1.000000000000000000, 0.000000000000000000, -0.000000000000000000 ) ) ;
#653 = CARTESIAN_POINT ( 'NONE',  ( 0.000000000000000000, 0.000000000000000000, 5.400000000000000355 ) ) ;
#654 = CARTESIAN_POINT ( 'NONE',  ( 38.00000000000000000, 0.000000000000000000, 5.400000000000000355 ) ) ;
#655 = ORIENTED_EDGE ( 'NONE', *, *, #772, .F. ) ;
#656 = ADVANCED_FACE ( 'NONE', ( #1418 ), #129, .F. ) ;
#657 = ORIENTED_EDGE ( 'NONE', *, *, #780, .F. ) ;
#658 = DIRECTION ( 'NONE',  ( -0.000000000000000000, -0.000000000000000000, 1.000000000000000000 ) ) ;
#659 = ORIENTED_EDGE ( 'NONE', *, *, #1364, .F. ) ;
#660 = DIRECTION ( 'NONE',  ( 0.000000000000000000, 0.000000000000000000, 1.000000000000000000 ) ) ;
#661 = APPLICATION_CONTEXT ( 'configuration controlled 3d designs of mechanical parts and assemblies' ) ;
#662 = CIRCLE ( 'NONE', #583, 3.500000000000031086 ) ;
#663 = CARTESIAN_POINT ( 'NONE',  ( 43.00000000000000000, 0.000000000000000000, -7.778174593052027852 ) ) ;
#664 = CARTESIAN_POINT ( 'NONE',  ( 45.75000000000000000, 0.000000000000000000, 5.400000000000000355 ) ) ;
#665 = FACE_OUTER_BOUND ( 'NONE', #1047, .T. ) ;
#666 = CARTESIAN_POINT ( 'NONE',  ( 9.900000000000000355, -9.402769590586176562, -0.000000000000000000 ) ) ;
#667 = ORIENTED_EDGE ( 'NONE', *, *, #994, .T. ) ;
#668 = ORIENTED_EDGE ( 'NONE', *, *, #898, .T. ) ;
#669 = CARTESIAN_POINT ( 'NONE',  ( 43.00000000000000000, 0.000000000000000000, -7.778174593052027852 ) ) ;
#670 = ORIENTED_EDGE ( 'NONE', *, *, #765, .T. ) ;
#671 = CARTESIAN_POINT ( 'NONE',  ( 0.000000000000000000, 6.200000000000000178, 1.199999999999999734 ) ) ;
#672 = AXIS2_PLACEMENT_3D ( 'NONE', #530, #1318, #537 ) ;
#673 = LINE ( 'NONE', #1188, #720 ) ;
#674 = DIRECTION ( 'NONE',  ( 1.000000000000000000, 0.000000000000000000, 0.000000000000000000 ) ) ;
#675 = CARTESIAN_POINT ( 'NONE',  ( 0.000000000000000000, 0.000000000000000000, 1.199999999999999956 ) ) ;
#676 = DIRECTION ( 'NONE',  ( -0.000000000000000000, -0.000000000000000000, 1.000000000000000000 ) ) ;
#677 = FACE_OUTER_BOUND ( 'NONE', #479, .T. ) ;
#678 = ORIENTED_EDGE ( 'NONE', *, *, #606, .F. ) ;
#679 = DIRECTION ( 'NONE',  ( 0.000000000000000000, 0.000000000000000000, 1.000000000000000000 ) ) ;
#680 = EDGE_CURVE ( 'NONE', #173, #393, #1078, .T. ) ;
#681 = EDGE_CURVE ( 'NONE', #393, #1252, #738, .T. ) ;
#682 = DIRECTION ( 'NONE',  ( 1.000000000000000000, 0.000000000000000000, -0.000000000000000000 ) ) ;
#683 = DIRECTION ( 'NONE',  ( 1.000000000000000000, 0.000000000000000000, -0.000000000000000000 ) ) ;
#684 = LINE ( 'NONE', #1324, #630 ) ;
#685 = VECTOR ( 'NONE', #504, 1000.000000000000000 ) ;
#686 = ORIENTED_EDGE ( 'NONE', *, *, #730, .F. ) ;
#687 = VERTEX_POINT ( 'NONE', #1136 ) ;
#688 = DIRECTION ( 'NONE',  ( -1.000000000000000000, 0.000000000000000000, 0.000000000000000000 ) ) ;
#689 = CARTESIAN_POINT ( 'NONE',  ( 38.00000000000000000, 0.000000000000000000, 4.399999999999963052 ) ) ;
#690 = DIRECTION ( 'NONE',  ( 1.000000000000000000, 0.000000000000000000, 0.000000000000000000 ) ) ;
#691 = DIRECTION ( 'NONE',  ( 0.000000000000000000, 0.000000000000000000, -1.000000000000000000 ) ) ;
#692 = ORIENTED_EDGE ( 'NONE', *, *, #1258, .T. ) ;
#693 = ORIENTED_EDGE ( 'NONE', *, *, #511, .F. ) ;
#694 = ADVANCED_FACE ( 'NONE', ( #263 ), #405, .T. ) ;
#695 = CARTESIAN_POINT ( 'NONE',  ( 36.00000000000000000, -1.500000000000000666, 3.500000000000000444 ) ) ;
#696 = VECTOR ( 'NONE', #627, 1000.000000000000000 ) ;
#697 = CARTESIAN_POINT ( 'NONE',  ( -6.200000000000000178, 0.000000000000000000, 7.000000000000000000 ) ) ;
#698 = AXIS2_PLACEMENT_3D ( 'NONE', #242, #620, #6 ) ;
#699 = FACE_OUTER_BOUND ( 'NONE', #852, .T. ) ;
#700 = APPROVAL_ROLE ( '' ) ;
#701 = ORIENTED_EDGE ( 'NONE', *, *, #1205, .T. ) ;
#702 = ORIENTED_EDGE ( 'NONE', *, *, #1023, .F. ) ;
#703 = PLANE ( 'NONE',  #508 ) ;
#704 = ADVANCED_FACE ( 'NONE', ( #778 ), #770, .F. ) ;
#705 = DIRECTION ( 'NONE',  ( 1.000000000000000000, 0.000000000000000000, -0.000000000000000000 ) ) ;
#706 = CARTESIAN_POINT ( 'NONE',  ( 36.00000000000000000, -1.500000000000000222, 3.500000000000000444 ) ) ;
#707 = VERTEX_POINT ( 'NONE', #1166 ) ;
#708 = ORIENTED_EDGE ( 'NONE', *, *, #408, .T. ) ;
#709 = DIRECTION ( 'NONE',  ( -1.000000000000000000, 0.000000000000000000, 0.000000000000000000 ) ) ;
#710 = AXIS2_PLACEMENT_3D ( 'NONE', #654, #691, #417 ) ;
#711 = CARTESIAN_POINT ( 'NONE',  ( 38.00000000000000000, 0.000000000000000000, 5.400000000000000355 ) ) ;
#712 = CARTESIAN_POINT ( 'NONE',  ( 43.00000000000000000, 0.000000000000000000, 1.199999999999999734 ) ) ;
#713 = APPROVAL_DATE_TIME ( #1622, #1475 ) ;
#714 = AXIS2_PLACEMENT_3D ( 'NONE', #588, #101, #467 ) ;
#715 = CONICAL_SURFACE ( 'NONE', #376, 2.500000000000002220, 0.7853981633974439491 ) ;
#716 = VERTEX_POINT ( 'NONE', #1286 ) ;
#717 = ORIENTED_EDGE ( 'NONE', *, *, #626, .F. ) ;
#718 = PRODUCT ( '锁扣壳', '锁扣壳', '', ( #468 ) ) ;
#719 = CARTESIAN_POINT ( 'NONE',  ( 19.80000000000000071, 0.000000000000000000, 7.000000000000000000 ) ) ;
#720 = VECTOR ( 'NONE', #45, 1000.000000000000000 ) ;
#721 = DIRECTION ( 'NONE',  ( -0.000000000000000000, -0.000000000000000000, 1.000000000000000000 ) ) ;
#722 = DIRECTION ( 'NONE',  ( 0.000000000000000000, 0.000000000000000000, 1.000000000000000000 ) ) ;
#723 = APPROVAL_ROLE ( '' ) ;
#724 = CC_DESIGN_PERSON_AND_ORGANIZATION_ASSIGNMENT ( #589, #1488, ( #899 ) ) ;
#725 = CARTESIAN_POINT ( 'NONE',  ( 10.00000000000000000, -4.599999999999998757, 1.199999999999999956 ) ) ;
#726 = ORIENTED_EDGE ( 'NONE', *, *, #1430, .T. ) ;
#727 = VECTOR ( 'NONE', #617, 1000.000000000000000 ) ;
#728 = DIRECTION ( 'NONE',  ( 0.000000000000000000, -1.000000000000000000, 0.000000000000000000 ) ) ;
#729 = LINE ( 'NONE', #1647, #1045 ) ;
#730 = EDGE_CURVE ( 'NONE', #1171, #577, #1129, .T. ) ;
#731 = ADVANCED_FACE ( 'NONE', ( #892 ), #377, .T. ) ;
#732 = VECTOR ( 'NONE', #411, 1000.000000000000000 ) ;
#733 = CARTESIAN_POINT ( 'NONE',  ( 0.000000000000000000, -6.200000000000000178, 7.000000000000000000 ) ) ;
#734 = COORDINATED_UNIVERSAL_TIME_OFFSET ( 8, 0, .AHEAD. ) ;
#735 = LINE ( 'NONE', #1113, #1599 ) ;
#736 = EDGE_LOOP ( 'NONE', ( #306, #1122, #830, #355, #894, #1392, #657, #1634 ) ) ;
#737 = FACE_OUTER_BOUND ( 'NONE', #1376, .T. ) ;
#738 = B_SPLINE_CURVE_WITH_KNOTS ( 'NONE', 3,
 ( #885, #1041, #516, #1536, #1018, #390 ),
 .UNSPECIFIED., .F., .F.,
 ( 4, 2, 4 ),
 ( 2.856480329835474225E-07, 0.0007877502017520990069, 0.001575214755471214577 ),
 .UNSPECIFIED. ) ;
#739 = AXIS2_PLACEMENT_3D ( 'NONE', #1251, #1267, #228 ) ;
#740 = CARTESIAN_POINT ( 'NONE',  ( 35.21690166264934163, 1.500000000000000000, 5.057408485215893812 ) ) ;
#741 = CIRCLE ( 'NONE', #1278, 2.750000000000002665 ) ;
#742 = CARTESIAN_POINT ( 'NONE',  ( 43.00000000000000000, -4.599999999999999645, 7.000000000000000000 ) ) ;
#743 = CYLINDRICAL_SURFACE ( 'NONE', #1090, 6.200000000000000178 ) ;
#744 = ORIENTED_EDGE ( 'NONE', *, *, #552, .F. ) ;
#745 = CARTESIAN_POINT ( 'NONE',  ( 19.80000000000000071, -3.000000000000000888, 7.000000000000000000 ) ) ;
#746 = ORIENTED_EDGE ( 'NONE', *, *, #211, .F. ) ;
#747 = ADVANCED_FACE ( 'NONE', ( #1657 ), #644, .T. ) ;
#748 = DIRECTION ( 'NONE',  ( 0.000000000000000000, 0.000000000000000000, -1.000000000000000000 ) ) ;
#749 = AXIS2_PLACEMENT_3D ( 'NONE', #1315, #574, #947 ) ;
#750 = CARTESIAN_POINT ( 'NONE',  ( 43.79999999999999716, 0.000000000000000000, 1.199999999999999734 ) ) ;
#751 = ADVANCED_FACE ( 'NONE', ( #414 ), #1313, .F. ) ;
#752 = ORIENTED_EDGE ( 'NONE', *, *, #853, .T. ) ;
#753 = ORIENTED_EDGE ( 'NONE', *, *, #137, .T. ) ;
#754 = LINE ( 'NONE', #601, #1456 ) ;
#755 = VERTEX_POINT ( 'NONE', #1438 ) ;
#756 = DIRECTION ( 'NONE',  ( 0.000000000000000000, 0.000000000000000000, 1.000000000000000000 ) ) ;
#757 = ADVANCED_FACE ( 'NONE', ( #1062 ), #789, .F. ) ;
#758 = CARTESIAN_POINT ( 'NONE',  ( 0.000000000000000000, 0.000000000000000000, 5.400000000000000355 ) ) ;
#759 = B_SPLINE_CURVE_WITH_KNOTS ( 'NONE', 3,
 ( #111, #878, #1642, #354 ),
 .UNSPECIFIED., .F., .F.,
 ( 4, 4 ),
 ( 0.002366173814227575615, 0.003899652356992947336 ),
 .UNSPECIFIED. ) ;
#760 = ORIENTED_EDGE ( 'NONE', *, *, #281, .T. ) ;
#761 = LINE ( 'NONE', #983, #517 ) ;
#762 = EDGE_LOOP ( 'NONE', ( #943, #247, #889, #726 ) ) ;
#763 = CARTESIAN_POINT ( 'NONE',  ( 2.304886114323221769, 1.500000000000000000, 5.400000000000000355 ) ) ;
#764 = PLANE ( 'NONE',  #138 ) ;
#765 = EDGE_CURVE ( 'NONE', #1645, #1406, #175, .T. ) ;
#766 = EDGE_LOOP ( 'NONE', ( #528, #744, #1587, #1099, #378 ) ) ;
#767 = ORIENTED_EDGE ( 'NONE', *, *, #891, .T. ) ;
#768 = LINE ( 'NONE', #28, #969 ) ;
#769 = LINE ( 'NONE', #777, #1145 ) ;
#770 = PLANE ( 'NONE',  #1639 ) ;
#771 = AXIS2_PLACEMENT_3D ( 'NONE', #595, #199, #705 ) ;
#772 = EDGE_CURVE ( 'NONE', #1091, #687, #350, .T. ) ;
#773 = ORIENTED_EDGE ( 'NONE', *, *, #552, .T. ) ;
#774 = ORIENTED_EDGE ( 'NONE', *, *, #905, .F. ) ;
#775 = DIRECTION ( 'NONE',  ( 0.000000000000000000, 0.000000000000000000, 1.000000000000000000 ) ) ;
#776 = AXIS2_PLACEMENT_3D ( 'NONE', #663, #32, #156 ) ;
#777 = CARTESIAN_POINT ( 'NONE',  ( 0.000000000000000000, 4.599999999999999645, 1.199999999999999734 ) ) ;
#778 = FACE_OUTER_BOUND ( 'NONE', #127, .T. ) ;
#779 = AXIS2_PLACEMENT_3D ( 'NONE', #975, #1351, #1455 ) ;
#780 = EDGE_CURVE ( 'NONE', #325, #871, #799, .T. ) ;
#781 = EDGE_CURVE ( 'NONE', #871, #1306, #1196, .T. ) ;
#782 = FACE_OUTER_BOUND ( 'NONE', #1160, .T. ) ;
#783 = VERTEX_POINT ( 'NONE', #1562 ) ;
#784 = ORIENTED_EDGE ( 'NONE', *, *, #526, .F. ) ;
#785 = CARTESIAN_POINT ( 'NONE',  ( 9.900000000000000355, -4.599999999999999645, 0.000000000000000000 ) ) ;
#786 = VERTEX_POINT ( 'NONE', #290 ) ;
#787 = DIRECTION ( 'NONE',  ( 1.000000000000000000, 0.000000000000000000, -0.000000000000000000 ) ) ;
#788 = PERSON ( '未指定', '未指定', '未指定', ('未指定'), ('未指定'), ('未指定') ) ;
#789 = CYLINDRICAL_SURFACE ( 'NONE', #1149, 0.8000000000000021538 ) ;
#790 = LINE ( 'NONE', #46, #13 ) ;
#791 = CARTESIAN_POINT ( 'NONE',  ( 38.00000000000000000, 0.000000000000000000, 3.500000000000000444 ) ) ;
#792 = ORIENTED_EDGE ( 'NONE', *, *, #1029, .T. ) ;
#793 = EDGE_LOOP ( 'NONE', ( #112, #831, #543, #616 ) ) ;
#794 = LINE ( 'NONE', #1299, #732 ) ;
#795 = ORIENTED_EDGE ( 'NONE', *, *, #1027, .T. ) ;
#796 = LINE ( 'NONE', #671, #1391 ) ;
#797 = VECTOR ( 'NONE', #344, 1000.000000000000000 ) ;
#798 = VECTOR ( 'NONE', #1549, 1000.000000000000000 ) ;
#799 = LINE ( 'NONE', #1448, #1073 ) ;
#800 = DIRECTION ( 'NONE',  ( 0.000000000000000000, 0.000000000000000000, 1.000000000000000000 ) ) ;
#801 = CARTESIAN_POINT ( 'NONE',  ( 24.99999999999999645, 1.500000000000001332, 5.400000000000000355 ) ) ;
#802 = VECTOR ( 'NONE', #916, 1000.000000000000000 ) ;
#803 = EDGE_CURVE ( 'NONE', #1469, #1406, #1303, .T. ) ;
#804 = DIRECTION ( 'NONE',  ( 0.000000000000000000, 0.000000000000000000, 1.000000000000000000 ) ) ;
#805 = EDGE_CURVE ( 'NONE', #163, #1469, #673, .T. ) ;
#806 = ORIENTED_EDGE ( 'NONE', *, *, #1069, .T. ) ;
#807 = CARTESIAN_POINT ( 'NONE',  ( 33.09999999999999432, -6.200000000000000178, 1.199999999999999956 ) ) ;
#808 = AXIS2_PLACEMENT_3D ( 'NONE', #669, #152, #1548 ) ;
#809 = DIRECTION ( 'NONE',  ( 1.000000000000000000, 0.000000000000000000, 0.000000000000000000 ) ) ;
#810 = DIRECTION ( 'NONE',  ( -0.000000000000000000, -0.000000000000000000, -1.000000000000000000 ) ) ;
#811 = FACE_OUTER_BOUND ( 'NONE', #363, .T. ) ;
#812 = ORIENTED_EDGE ( 'NONE', *, *, #1164, .T. ) ;
#813 = CIRCLE ( 'NONE', #1085, 4.599999999999999645 ) ;
#814 = VERTEX_POINT ( 'NONE', #1101 ) ;
#815 = CARTESIAN_POINT ( 'NONE',  ( 37.00000000000000000, -1.500000000000000222, 3.500000000000000444 ) ) ;
#816 = FACE_OUTER_BOUND ( 'NONE', #1596, .T. ) ;
#817 = DIRECTION ( 'NONE',  ( 0.000000000000000000, 1.000000000000000000, 0.000000000000000000 ) ) ;
#818 = CARTESIAN_POINT ( 'NONE',  ( 24.99999999999999645, -1.499999999999998668, -0.001000000000000132727 ) ) ;
#819 = ADVANCED_FACE ( 'NONE', ( #1590 ), #1463, .F. ) ;
#820 = AXIS2_PLACEMENT_3D ( 'NONE', #791, #434, #1576 ) ;
#821 = ORIENTED_EDGE ( 'NONE', *, *, #828, .F. ) ;
#822 = ORIENTED_EDGE ( 'NONE', *, *, #1276, .F. ) ;
#823 = EDGE_CURVE ( 'NONE', #814, #1469, #83, .T. ) ;
#824 = PLANE ( 'NONE',  #435 ) ;
#825 = DIRECTION ( 'NONE',  ( 1.000000000000000000, 0.000000000000000000, 0.000000000000000000 ) ) ;
#826 = LINE ( 'NONE', #1197, #1610 ) ;
#827 = CALENDAR_DATE ( 2020, 30, 7 ) ;
#828 = EDGE_CURVE ( 'NONE', #1557, #142, #84, .T. ) ;
#829 = B_SPLINE_CURVE_WITH_KNOTS ( 'NONE', 3,
 ( #1135, #375, #740, #122 ),
 .UNSPECIFIED., .F., .F.,
 ( 4, 4 ),
 ( 0.002900086000993609345, 0.004434423353413300198 ),
 .UNSPECIFIED. ) ;
#830 = ORIENTED_EDGE ( 'NONE', *, *, #931, .T. ) ;
#831 = ORIENTED_EDGE ( 'NONE', *, *, #1276, .T. ) ;
#832 = CARTESIAN_POINT ( 'NONE',  ( 9.900000000000000355, -9.402769590586176562, 1.199999999999999956 ) ) ;
#833 = AXIS2_PLACEMENT_3D ( 'NONE', #689, #1229, #564 ) ;
#834 = LINE ( 'NONE', #342, #637 ) ;
#835 = DIRECTION ( 'NONE',  ( 0.000000000000000000, 0.000000000000000000, -1.000000000000000000 ) ) ;
#836 = APPROVAL_ROLE ( '' ) ;
#837 = ADVANCED_FACE ( 'NONE', ( #961 ), #1220, .F. ) ;
#838 = ORIENTED_EDGE ( 'NONE', *, *, #1453, .F. ) ;
#839 = ORIENTED_EDGE ( 'NONE', *, *, #1544, .T. ) ;
#840 = DIRECTION ( 'NONE',  ( 0.000000000000000000, 0.000000000000000000, 1.000000000000000000 ) ) ;
#841 = DIRECTION ( 'NONE',  ( 0.000000000000000000, 0.000000000000000000, 1.000000000000000000 ) ) ;
#842 = CARTESIAN_POINT ( 'NONE',  ( 9.900000000000000355, 6.200000000000000178, 7.000000000000000000 ) ) ;
#843 = ORIENTED_EDGE ( 'NONE', *, *, #386, .T. ) ;
#844 = ORIENTED_EDGE ( 'NONE', *, *, #1248, .T. ) ;
#845 = FACE_OUTER_BOUND ( 'NONE', #439, .T. ) ;
#846 = VERTEX_POINT ( 'NONE', #976 ) ;
#847 = DIRECTION ( 'NONE',  ( -0.000000000000000000, -0.000000000000000000, 1.000000000000000000 ) ) ;
#848 = LINE ( 'NONE', #1354, #1578 ) ;
#849 = DATE_AND_TIME ( #1097, #1116 ) ;
#850 = AXIS2_PLACEMENT_3D ( 'NONE', #1250, #1128, #1621 ) ;
#851 = DIRECTION ( 'NONE',  ( 1.000000000000000000, 0.000000000000000000, -0.000000000000000000 ) ) ;
#852 = EDGE_LOOP ( 'NONE', ( #1001, #114, #1013, #463 ) ) ;
#853 = EDGE_CURVE ( 'NONE', #497, #196, #1480, .T. ) ;
#854 = LINE ( 'NONE', #1369, #52 ) ;
#855 = EDGE_CURVE ( 'NONE', #73, #783, #1366, .T. ) ;
#856 = AXIS2_PLACEMENT_3D ( 'NONE', #1336, #1360, #204 ) ;
#857 = ORIENTED_EDGE ( 'NONE', *, *, #920, .T. ) ;
#858 = CARTESIAN_POINT ( 'NONE',  ( 33.09999999999999432, -9.402769590586176562, -0.000000000000000000 ) ) ;
#859 = LINE ( 'NONE', #1608, #1442 ) ;
#860 = CALENDAR_DATE ( 2020, 30, 7 ) ;
#861 = AXIS2_PLACEMENT_3D ( 'NONE', #136, #1143, #1398 ) ;
#862 = FACE_BOUND ( 'NONE', #640, .T. ) ;
#863 = VERTEX_POINT ( 'NONE', #450 ) ;
#864 = VECTOR ( 'NONE', #465, 1000.000000000000000 ) ;
#865 = CARTESIAN_POINT ( 'NONE',  ( 38.00000000000000000, 0.000000000000000000, 3.500000000000000444 ) ) ;
#866 = CARTESIAN_POINT ( 'NONE',  ( 0.000000000000000000, 0.000000000000000000, -7.778174593052027852 ) ) ;
#867 = AXIS2_PLACEMENT_3D ( 'NONE', #147, #1553, #1063 ) ;
#868 = LINE ( 'NONE', #706, #1656 ) ;
#869 = EDGE_CURVE ( 'NONE', #1091, #173, #456, .T. ) ;
#870 = FACE_OUTER_BOUND ( 'NONE', #736, .T. ) ;
#871 = VERTEX_POINT ( 'NONE', #334 ) ;
#872 = PLANE ( 'NONE',  #7 ) ;
#873 = ORIENTED_EDGE ( 'NONE', *, *, #1382, .F. ) ;
#874 = CIRCLE ( 'NONE', #150, 6.200000000000000178 ) ;
#875 = DIRECTION ( 'NONE',  ( 1.000000000000000000, 0.000000000000000000, 0.000000000000000000 ) ) ;
#876 = DIRECTION ( 'NONE',  ( 1.000000000000000000, 0.000000000000000000, 0.000000000000000000 ) ) ;
#877 = VECTOR ( 'NONE', #61, 1000.000000000000000 ) ;
#878 = CARTESIAN_POINT ( 'NONE',  ( 35.21705034908910648, -1.500000000000000000, 5.057274145842511004 ) ) ;
#879 = AXIS2_PLACEMENT_3D ( 'NONE', #154, #1175, #1293 ) ;
#880 = ORIENTED_EDGE ( 'NONE', *, *, #511, .T. ) ;
#881 = EDGE_CURVE ( 'NONE', #623, #1595, #1447, .T. ) ;
#882 = FACE_OUTER_BOUND ( 'NONE', #1308, .T. ) ;
#883 = ORIENTED_EDGE ( 'NONE', *, *, #1649, .F. ) ;
#884 = DIRECTION ( 'NONE',  ( 0.000000000000000000, -1.000000000000000000, -0.000000000000000000 ) ) ;
#885 = CARTESIAN_POINT ( 'NONE',  ( 40.96875000000002132, -1.853786243745513040, 5.400000000000000355 ) ) ;
#886 = AXIS2_PLACEMENT_3D ( 'NONE', #1575, #835, #322 ) ;
#887 = ORIENTED_EDGE ( 'NONE', *, *, #1242, .F. ) ;
#888 = CARTESIAN_POINT ( 'NONE',  ( 43.00000000000000000, -4.599999999999999645, 5.400000000000000355 ) ) ;
#889 = ORIENTED_EDGE ( 'NONE', *, *, #853, .F. ) ;
#890 = CARTESIAN_POINT ( 'NONE',  ( 40.84011650769579660, 1.712838611770951314, 5.216237868136825995 ) ) ;
#891 = EDGE_CURVE ( 'NONE', #364, #325, #1234, .T. ) ;
#892 = FACE_OUTER_BOUND ( 'NONE', #1036, .T. ) ;
#893 = ORIENTED_EDGE ( 'NONE', *, *, #681, .F. ) ;
#894 = ORIENTED_EDGE ( 'NONE', *, *, #1382, .T. ) ;
#895 = CARTESIAN_POINT ( 'NONE',  ( 43.00000000000000000, 4.599999999999999645, 5.400000000000000355 ) ) ;
#896 = DIRECTION ( 'NONE',  ( 1.000000000000000000, 0.000000000000000000, 0.000000000000000000 ) ) ;
#897 = LINE ( 'NONE', #254, #269 ) ;
#898 = EDGE_CURVE ( 'NONE', #846, #499, #1109, .T. ) ;
#899 = SECURITY_CLASSIFICATION ( '', '', #207 ) ;
#900 = EDGE_LOOP ( 'NONE', ( #655, #1057 ) ) ;
#901 = VERTEX_POINT ( 'NONE', #327 ) ;
#902 = DIRECTION ( 'NONE',  ( -1.000000000000000000, 0.000000000000000000, 0.000000000000000000 ) ) ;
#903 = EDGE_CURVE ( 'NONE', #64, #974, #834, .T. ) ;
#904 = DIRECTION ( 'NONE',  ( 1.000000000000000000, 0.000000000000000000, -0.000000000000000000 ) ) ;
#905 = EDGE_CURVE ( 'NONE', #901, #78, #1582, .T. ) ;
#906 = CARTESIAN_POINT ( 'NONE',  ( 2.304886114323221769, -1.499999999999999556, 1.199999999999999734 ) ) ;
#907 = DIRECTION ( 'NONE',  ( 1.000000000000000000, 0.000000000000000000, 0.000000000000000000 ) ) ;
#908 = UNCERTAINTY_MEASURE_WITH_UNIT (LENGTH_MEASURE( 1.000000000000000082E-05 ), #282, 'distance_accuracy_value', 'NONE');
#909 = AXIS2_PLACEMENT_3D ( 'NONE', #866, #358, #128 ) ;
#910 = ORIENTED_EDGE ( 'NONE', *, *, #920, .F. ) ;
#911 = ORIENTED_EDGE ( 'NONE', *, *, #903, .T. ) ;
#912 = CARTESIAN_POINT ( 'NONE',  ( 9.900000000000000355, -9.402769590586176562, 1.199999999999999956 ) ) ;
#913 = ORIENTED_EDGE ( 'NONE', *, *, #473, .F. ) ;
#914 = AXIS2_PLACEMENT_3D ( 'NONE', #117, #524, #1033 ) ;
#915 = CARTESIAN_POINT ( 'NONE',  ( 0.000000000000000000, 0.000000000000000000, 7.000000000000000000 ) ) ;
#916 = DIRECTION ( 'NONE',  ( -0.000000000000000000, -0.000000000000000000, -1.000000000000000000 ) ) ;
#917 = LINE ( 'NONE', #549, #519 ) ;
#918 = FACE_BOUND ( 'NONE', #347, .T. ) ;
#919 = EDGE_LOOP ( 'NONE', ( #366, #188, #307, #1350 ) ) ;
#920 = EDGE_CURVE ( 'NONE', #80, #1, #1555, .T. ) ;
#921 = VERTEX_POINT ( 'NONE', #1620 ) ;
#922 = CARTESIAN_POINT ( 'NONE',  ( 10.00000000000000000, 6.764858116140294975, 0.000000000000000000 ) ) ;
#923 = EDGE_LOOP ( 'NONE', ( #1492, #1432, #149, #959 ) ) ;
#924 = CARTESIAN_POINT ( 'NONE',  ( 33.09999999999999432, -9.402769590586176562, 1.199999999999999956 ) ) ;
#925 = CARTESIAN_POINT ( 'NONE',  ( 10.00000000000000000, -6.200000000000000178, 0.000000000000000000 ) ) ;
#926 = DIRECTION ( 'NONE',  ( 0.000000000000000000, 0.000000000000000000, 1.000000000000000000 ) ) ;
#927 = EDGE_CURVE ( 'NONE', #1060, #285, #215, .T. ) ;
#928 = CYLINDRICAL_SURFACE ( 'NONE', #461, 0.8000000000000020428 ) ;
#929 = LINE ( 'NONE', #558, #1466 ) ;
#930 =( GEOMETRIC_REPRESENTATION_CONTEXT ( 3 ) GLOBAL_UNCERTAINTY_ASSIGNED_CONTEXT ( ( #908 ) ) GLOBAL_UNIT_ASSIGNED_CONTEXT ( ( #282, #1055, #972 ) ) REPRESENTATION_CONTEXT ( 'NONE', 'WORKASPACE' ) );
#931 = EDGE_CURVE ( 'NONE', #1386, #982, #309, .T. ) ;
#932 = ORIENTED_EDGE ( 'NONE', *, *, #452, .F. ) ;
#933 = DIRECTION ( 'NONE',  ( -1.000000000000000000, 0.000000000000000000, 0.000000000000000000 ) ) ;
#934 = ORIENTED_EDGE ( 'NONE', *, *, #1641, .T. ) ;
#935 = DIRECTION ( 'NONE',  ( -1.000000000000000000, 0.000000000000000000, 0.000000000000000000 ) ) ;
#936 = VECTOR ( 'NONE', #416, 1000.000000000000000 ) ;
#937 = CIRCLE ( 'NONE', #1231, 2.750000000000002665 ) ;
#938 = CARTESIAN_POINT ( 'NONE',  ( 43.00000000000000000, 0.000000000000000000, 1.199999999999999734 ) ) ;
#939 = CARTESIAN_POINT ( 'NONE',  ( 0.000000000000000000, 6.200000000000000178, 0.000000000000000000 ) ) ;
#940 = DIRECTION ( 'NONE',  ( 0.000000000000000000, 0.000000000000000000, 1.000000000000000000 ) ) ;
#941 = VECTOR ( 'NONE', #1353, 1000.000000000000000 ) ;
#942 = ORIENTED_EDGE ( 'NONE', *, *, #1649, .T. ) ;
#943 = ORIENTED_EDGE ( 'NONE', *, *, #1494, .T. ) ;
#944 = DIRECTION ( 'NONE',  ( 0.000000000000000000, -1.000000000000000000, 0.000000000000000000 ) ) ;
#945 = ADVANCED_FACE ( 'NONE', ( #816 ), #1209, .T. ) ;
#946 = VECTOR ( 'NONE', #586, 1000.000000000000000 ) ;
#947 = DIRECTION ( 'NONE',  ( 1.000000000000000000, 0.000000000000000000, 0.000000000000000000 ) ) ;
#948 = CARTESIAN_POINT ( 'NONE',  ( 0.000000000000000000, 6.200000000000000178, 0.000000000000000000 ) ) ;
#949 = ORIENTED_EDGE ( 'NONE', *, *, #92, .F. ) ;
#950 = VECTOR ( 'NONE', #1059, 1000.000000000000000 ) ;
#951 = VERTEX_POINT ( 'NONE', #1079 ) ;
#952 = LINE ( 'NONE', #1613, #645 ) ;
#953 = DIRECTION ( 'NONE',  ( -1.000000000000000000, 0.000000000000000000, 0.000000000000000000 ) ) ;
#954 = EDGE_CURVE ( 'NONE', #1186, #1652, #190, .T. ) ;
#955 = FACE_OUTER_BOUND ( 'NONE', #965, .T. ) ;
#956 = FACE_BOUND ( 'NONE', #187, .T. ) ;
#957 = VECTOR ( 'NONE', #1005, 1000.000000000000000 ) ;
#958 = ORIENTED_EDGE ( 'NONE', *, *, #211, .T. ) ;
#959 = ORIENTED_EDGE ( 'NONE', *, *, #278, .F. ) ;
#960 = DIRECTION ( 'NONE',  ( 1.000000000000000000, 0.000000000000000000, -0.000000000000000000 ) ) ;
#961 = FACE_OUTER_BOUND ( 'NONE', #1445, .T. ) ;
#962 = EDGE_CURVE ( 'NONE', #1386, #707, #571, .T. ) ;
#963 = LINE ( 'NONE', #1464, #964 ) ;
#964 = VECTOR ( 'NONE', #1071, 1000.000000000000000 ) ;
#965 = EDGE_LOOP ( 'NONE', ( #1516, #667, #806, #1511 ) ) ;
#966 = ORIENTED_EDGE ( 'NONE', *, *, #93, .T. ) ;
#967 = LINE ( 'NONE', #1479, #864 ) ;
#968 = AXIS2_PLACEMENT_3D ( 'NONE', #1256, #482, #248 ) ;
#969 = VECTOR ( 'NONE', #286, 1000.000000000000000 ) ;
#970 = DIRECTION ( 'NONE',  ( 1.000000000000000000, 0.000000000000000000, 0.000000000000000000 ) ) ;
#971 = DIRECTION ( 'NONE',  ( -0.000000000000000000, -0.000000000000000000, -1.000000000000000000 ) ) ;
#972 =( NAMED_UNIT ( * ) SI_UNIT ( $, .STERADIAN. ) SOLID_ANGLE_UNIT ( ) );
#973 = ORIENTED_EDGE ( 'NONE', *, *, #124, .T. ) ;
#974 = VERTEX_POINT ( 'NONE', #763 ) ;
#975 = CARTESIAN_POINT ( 'NONE',  ( 38.00000000000000000, 0.000000000000000000, 3.500000000000000444 ) ) ;
#976 = CARTESIAN_POINT ( 'NONE',  ( 0.000000000000000000, -6.200000000000000178, 7.000000000000000000 ) ) ;
#977 = DIRECTION ( 'NONE',  ( 0.000000000000000000, 0.000000000000000000, -1.000000000000000000 ) ) ;
#978 = DATE_AND_TIME ( #860, #1142 ) ;
#979 = ADVANCED_FACE ( 'NONE', ( #1271 ), #108, .T. ) ;
#980 = EDGE_CURVE ( 'NONE', #863, #1153, #1512, .T. ) ;
#981 = LINE ( 'NONE', #1626, #1165 ) ;
#982 = VERTEX_POINT ( 'NONE', #1630 ) ;
#983 = CARTESIAN_POINT ( 'NONE',  ( 40.24999999999999289, 3.367778697655222984E-16, -7.778174593052027852 ) ) ;
#984 = AXIS2_PLACEMENT_3D ( 'NONE', #1269, #1387, #490 ) ;
#985 = ORIENTED_EDGE ( 'NONE', *, *, #17, .T. ) ;
#986 = CARTESIAN_POINT ( 'NONE',  ( 36.00000000000000000, 1.499999999999999778, 3.500000000000000444 ) ) ;
#987 = DIRECTION ( 'NONE',  ( 0.000000000000000000, 0.000000000000000000, 1.000000000000000000 ) ) ;
#988 = DATE_TIME_ROLE ( 'classification_date' ) ;
#989 = DIRECTION ( 'NONE',  ( -1.000000000000000000, 0.000000000000000000, 0.000000000000000000 ) ) ;
#990 = ORIENTED_EDGE ( 'NONE', *, *, #15, .T. ) ;
#991 = CARTESIAN_POINT ( 'NONE',  ( 40.36874999999999147, -0.7993894154290640541, 3.500000000000000444 ) ) ;
#992 = CARTESIAN_POINT ( 'NONE',  ( -2.816687638038912056E-16, 4.599999999999999645, 7.000000000000000000 ) ) ;
#993 = DIRECTION ( 'NONE',  ( -0.000000000000000000, -0.000000000000000000, -1.000000000000000000 ) ) ;
#994 = EDGE_CURVE ( 'NONE', #133, #631, #1380, .T. ) ;
#995 = CARTESIAN_POINT ( 'NONE',  ( 0.000000000000000000, 0.000000000000000000, 0.000000000000000000 ) ) ;
#996 = CIRCLE ( 'NONE', #1422, 6.200000000000000178 ) ;
#997 = EDGE_CURVE ( 'NONE', #285, #4, #829, .T. ) ;
#998 = CARTESIAN_POINT ( 'NONE',  ( 38.80000000000000426, 0.000000000000000000, 5.400000000000000355 ) ) ;
#999 = ORIENTED_EDGE ( 'NONE', *, *, #1342, .F. ) ;
#1000 = DIRECTION ( 'NONE',  ( -1.000000000000000000, 0.000000000000000000, 0.000000000000000000 ) ) ;
#1001 = ORIENTED_EDGE ( 'NONE', *, *, #338, .T. ) ;
#1002 = CARTESIAN_POINT ( 'NONE',  ( 19.99999999999999645, 6.764858116140294975, 1.199999999999999956 ) ) ;
#1003 = DIRECTION ( 'NONE',  ( -0.000000000000000000, -1.000000000000000000, -0.000000000000000000 ) ) ;
#1004 = PRODUCT_DEFINITION ( '未知', '', #234, #271 ) ;
#1005 = DIRECTION ( 'NONE',  ( 1.000000000000000000, -1.264902534566421675E-16, 0.000000000000000000 ) ) ;
#1006 = ORIENTED_EDGE ( 'NONE', *, *, #580, .F. ) ;
#1007 = CARTESIAN_POINT ( 'NONE',  ( 28.69999999999999929, 0.000000000000000000, 7.000000000000000000 ) ) ;
#1008 = ORIENTED_EDGE ( 'NONE', *, *, #730, .T. ) ;
#1009 = DIRECTION ( 'NONE',  ( -1.000000000000000000, 0.000000000000000000, 0.000000000000000000 ) ) ;
#1010 = CC_DESIGN_APPROVAL ( #1077, ( #899 ) ) ;
#1011 = DIRECTION ( 'NONE',  ( 0.000000000000000000, 0.000000000000000000, -1.000000000000000000 ) ) ;
#1012 = VECTOR ( 'NONE', #1436, 1000.000000000000000 ) ;
#1013 = ORIENTED_EDGE ( 'NONE', *, *, #1117, .F. ) ;
#1014 = CARTESIAN_POINT ( 'NONE',  ( 9.900000000000000355, 6.199999999999999289, 1.199999999999999956 ) ) ;
#1015 = ORIENTED_EDGE ( 'NONE', *, *, #1227, .F. ) ;
#1016 = CARTESIAN_POINT ( 'NONE',  ( 40.36874999999999147, 0.7993894154290610565, 4.399999999999963052 ) ) ;
#1017 = AXIS2_PLACEMENT_3D ( 'NONE', #938, #1052, #809 ) ;
#1018 = CARTESIAN_POINT ( 'NONE',  ( 40.43563165066296961, -1.019535366714233726, 4.533763301325895334 ) ) ;
#1019 = ORIENTED_EDGE ( 'NONE', *, *, #1056, .F. ) ;
#1020 = ORIENTED_EDGE ( 'NONE', *, *, #457, .T. ) ;
#1021 = DIRECTION ( 'NONE',  ( -0.000000000000000000, 1.000000000000000000, 0.000000000000000000 ) ) ;
#1022 = VECTOR ( 'NONE', #1000, 1000.000000000000000 ) ;
#1023 = EDGE_CURVE ( 'NONE', #397, #974, #403, .T. ) ;
#1024 = CARTESIAN_POINT ( 'NONE',  ( 38.00000000000000000, 0.000000000000000000, 5.400000000000000355 ) ) ;
#1025 = DIRECTION ( 'NONE',  ( -0.000000000000000000, 0.000000000000000000, 1.000000000000000000 ) ) ;
#1026 = AXIS2_PLACEMENT_3D ( 'NONE', #1038, #1540, #259 ) ;
#1027 = EDGE_CURVE ( 'NONE', #445, #1483, #100, .T. ) ;
#1028 = ORIENTED_EDGE ( 'NONE', *, *, #1550, .T. ) ;
#1029 = EDGE_CURVE ( 'NONE', #201, #1566, #494, .T. ) ;
#1030 = ORIENTED_EDGE ( 'NONE', *, *, #436, .F. ) ;
#1031 = CYLINDRICAL_SURFACE ( 'NONE', #808, 2.750000000000002665 ) ;
#1032 = DIRECTION ( 'NONE',  ( -1.000000000000000000, 1.332267629550187217E-14, 0.000000000000000000 ) ) ;
#1033 = DIRECTION ( 'NONE',  ( 1.000000000000000000, 0.000000000000000000, -0.000000000000000000 ) ) ;
#1034 = AXIS2_PLACEMENT_3D ( 'NONE', #995, #1233, #1347 ) ;
#1035 = CARTESIAN_POINT ( 'NONE',  ( 43.00000000000000000, 0.000000000000000000, 5.400000000000000355 ) ) ;
#1036 = EDGE_LOOP ( 'NONE', ( #1580, #514, #773, #1019 ) ) ;
#1037 = ORIENTED_EDGE ( 'NONE', *, *, #338, .F. ) ;
#1038 = CARTESIAN_POINT ( 'NONE',  ( 19.80000000000000071, -3.000000000000000888, 0.000000000000000000 ) ) ;
#1039 = CARTESIAN_POINT ( 'NONE',  ( 37.00000000000000000, -1.500000000000000222, 5.400000000000000355 ) ) ;
#1040 = AXIS2_PLACEMENT_3D ( 'NONE', #912, #1425, #804 ) ;
#1041 = CARTESIAN_POINT ( 'NONE',  ( 40.84010230357763049, -1.712823047886443240, 5.216217576539463607 ) ) ;
#1042 = DIRECTION ( 'NONE',  ( 0.000000000000000000, 0.000000000000000000, 1.000000000000000000 ) ) ;
#1043 = ADVANCED_FACE ( 'NONE', ( #1141 ), #1389, .T. ) ;
#1044 = CARTESIAN_POINT ( 'NONE',  ( 0.000000000000000000, -4.599999999999999645, 7.000000000000000000 ) ) ;
#1045 = VECTOR ( 'NONE', #756, 1000.000000000000000 ) ;
#1046 = ORIENTED_EDGE ( 'NONE', *, *, #386, .F. ) ;
#1047 = EDGE_LOOP ( 'NONE', ( #822, #553, #1349, #910 ) ) ;
#1048 = CARTESIAN_POINT ( 'NONE',  ( 0.000000000000000000, 4.599999999999999645, 0.000000000000000000 ) ) ;
#1049 = ORIENTED_EDGE ( 'NONE', *, *, #1227, .T. ) ;
#1050 = FACE_OUTER_BOUND ( 'NONE', #87, .T. ) ;
#1051 = ADVANCED_FACE ( 'NONE', ( #1503 ), #241, .F. ) ;
#1052 = DIRECTION ( 'NONE',  ( 0.000000000000000000, 0.000000000000000000, 1.000000000000000000 ) ) ;
#1053 = DIRECTION ( 'NONE',  ( -0.000000000000000000, -0.000000000000000000, 1.000000000000000000 ) ) ;
#1054 = LINE ( 'NONE', #801, #936 ) ;
#1055 =( NAMED_UNIT ( * ) PLANE_ANGLE_UNIT ( ) SI_UNIT ( $, .RADIAN. ) );
#1056 = EDGE_CURVE ( 'NONE', #1461, #1263, #1265, .T. ) ;
#1057 = ORIENTED_EDGE ( 'NONE', *, *, #1600, .F. ) ;
#1058 = EDGE_LOOP ( 'NONE', ( #560, #585, #1629, #387 ) ) ;
#1059 = DIRECTION ( 'NONE',  ( -0.000000000000000000, -0.000000000000000000, -1.000000000000000000 ) ) ;
#1060 = VERTEX_POINT ( 'NONE', #1264 ) ;
#1061 = CARTESIAN_POINT ( 'NONE',  ( 40.36874999999999147, -0.7993894154290610565, 4.399999999999963052 ) ) ;
#1062 = FACE_OUTER_BOUND ( 'NONE', #1604, .T. ) ;
#1063 = DIRECTION ( 'NONE',  ( -1.000000000000000000, 0.000000000000000000, 0.000000000000000000 ) ) ;
#1064 = DIRECTION ( 'NONE',  ( 0.000000000000000000, 0.000000000000000000, -1.000000000000000000 ) ) ;
#1065 = PLANE ( 'NONE',  #502 ) ;
#1066 = VECTOR ( 'NONE', #471, 1000.000000000000000 ) ;
#1067 = EDGE_LOOP ( 'NONE', ( #1140, #536, #535, #409 ) ) ;
#1068 = ORIENTED_EDGE ( 'NONE', *, *, #1535, .F. ) ;
#1069 = EDGE_CURVE ( 'NONE', #631, #163, #729, .T. ) ;
#1070 = LINE ( 'NONE', #815, #1443 ) ;
#1071 = DIRECTION ( 'NONE',  ( 1.000000000000000000, 0.000000000000000000, 0.000000000000000000 ) ) ;
#1072 = LINE ( 'NONE', #948, #449 ) ;
#1073 = VECTOR ( 'NONE', #548, 1000.000000000000000 ) ;
#1074 = ORIENTED_EDGE ( 'NONE', *, *, #155, .T. ) ;
#1075 = ORIENTED_EDGE ( 'NONE', *, *, #997, .F. ) ;
#1076 = DIRECTION ( 'NONE',  ( 0.000000000000000000, 0.000000000000000000, -1.000000000000000000 ) ) ;
#1077 = APPROVAL ( #225, '未指定' ) ;
#1078 = CIRCLE ( 'NONE', #698, 2.750000000000002665 ) ;
#1079 = CARTESIAN_POINT ( 'NONE',  ( 37.00000000000000000, 1.499999999999999778, 5.400000000000000355 ) ) ;
#1080 = CARTESIAN_POINT ( 'NONE',  ( 43.00000000000000000, 6.200000000000000178, 7.000000000000000000 ) ) ;
#1081 = DIRECTION ( 'NONE',  ( 0.000000000000000000, 0.000000000000000000, 1.000000000000000000 ) ) ;
#1082 = ADVANCED_FACE ( 'NONE', ( #5 ), #515, .F. ) ;
#1083 = ORIENTED_EDGE ( 'NONE', *, *, #1514, .T. ) ;
#1084 = EDGE_CURVE ( 'NONE', #1153, #755, #1429, .T. ) ;
#1085 = AXIS2_PLACEMENT_3D ( 'NONE', #653, #926, #406 ) ;
#1086 = ORIENTED_EDGE ( 'NONE', *, *, #855, .F. ) ;
#1087 = DIRECTION ( 'NONE',  ( 0.000000000000000000, 0.000000000000000000, 1.000000000000000000 ) ) ;
#1088 = DIRECTION ( 'NONE',  ( 0.000000000000000000, 0.000000000000000000, 1.000000000000000000 ) ) ;
#1089 = CARTESIAN_POINT ( 'NONE',  ( 19.80000000000000071, 3.199999999999998845, 0.000000000000000000 ) ) ;
#1090 = AXIS2_PLACEMENT_3D ( 'NONE', #1367, #219, #370 ) ;
#1091 = VERTEX_POINT ( 'NONE', #1277 ) ;
#1092 = ORIENTED_EDGE ( 'NONE', *, *, #1117, .T. ) ;
#1093 = CARTESIAN_POINT ( 'NONE',  ( 19.80000000000000071, -3.000000000000000888, 5.400000000000000355 ) ) ;
#1094 = DIRECTION ( 'NONE',  ( 0.000000000000000000, 0.000000000000000000, -1.000000000000000000 ) ) ;
#1095 = AXIS2_PLACEMENT_3D ( 'NONE', #1383, #232, #224 ) ;
#1096 = LINE ( 'NONE', #1640, #380 ) ;
#1097 = CALENDAR_DATE ( 2020, 30, 7 ) ;
#1098 = ORIENTED_EDGE ( 'NONE', *, *, #881, .F. ) ;
#1099 = ORIENTED_EDGE ( 'NONE', *, *, #368, .F. ) ;
#1100 = CYLINDRICAL_SURFACE ( 'NONE', #359, 4.599999999999999645 ) ;
#1101 = CARTESIAN_POINT ( 'NONE',  ( 10.00000000000000000, -4.599999999999999645, 5.400000000000000355 ) ) ;
#1102 = ADVANCED_FACE ( 'NONE', ( #634 ), #1493, .F. ) ;
#1103 = EDGE_CURVE ( 'NONE', #863, #1454, #937, .T. ) ;
#1104 = DIRECTION ( 'NONE',  ( -1.000000000000000000, -0.000000000000000000, 0.000000000000000000 ) ) ;
#1105 = PERSON_AND_ORGANIZATION ( #788, #256 ) ;
#1106 = VERTEX_POINT ( 'NONE', #807 ) ;
#1107 = ORIENTED_EDGE ( 'NONE', *, *, #17, .F. ) ;
#1108 = PLANE ( 'NONE',  #1241 ) ;
#1109 = LINE ( 'NONE', #1471, #941 ) ;
#1110 = PRODUCT_DEFINITION_SHAPE ( 'NONE', 'NONE',  #1004 ) ;
#1111 = CARTESIAN_POINT ( 'NONE',  ( 36.00000000000000000, -1.500000000000000222, 4.399999999999963052 ) ) ;
#1112 = PERSON_AND_ORGANIZATION ( #788, #256 ) ;
#1113 = CARTESIAN_POINT ( 'NONE',  ( 0.000000000000000000, -4.599999999999999645, 0.000000000000000000 ) ) ;
#1114 = ORIENTED_EDGE ( 'NONE', *, *, #162, .F. ) ;
#1115 = CARTESIAN_POINT ( 'NONE',  ( 0.000000000000000000, -6.200000000000000178, 0.000000000000000000 ) ) ;
#1116 = LOCAL_TIME ( 11, 48, 15.00000000000000000, #345 ) ;
#1117 = EDGE_CURVE ( 'NONE', #1406, #26, #643, .T. ) ;
#1118 = DIRECTION ( 'NONE',  ( -0.000000000000000000, -0.000000000000000000, 1.000000000000000000 ) ) ;
#1119 = PLANE ( 'NONE',  #1144 ) ;
#1120 = PERSON_AND_ORGANIZATION_ROLE ( 'design_owner' ) ;
#1121 = CARTESIAN_POINT ( 'NONE',  ( 2.304886114323221769, 1.500000000000000000, 1.199999999999999734 ) ) ;
#1122 = ORIENTED_EDGE ( 'NONE', *, *, #962, .F. ) ;
#1123 = CARTESIAN_POINT ( 'NONE',  ( 19.80000000000000071, 3.199999999999998845, 5.400000000000000355 ) ) ;
#1124 = ORIENTED_EDGE ( 'NONE', *, *, #559, .F. ) ;
#1125 = DIRECTION ( 'NONE',  ( 0.000000000000000000, 0.000000000000000000, -1.000000000000000000 ) ) ;
#1126 = ADVANCED_FACE ( 'NONE', ( #1157, #1570 ), #422, .T. ) ;
#1127 = AXIS2_PLACEMENT_3D ( 'NONE', #1638, #748, #1655 ) ;
#1128 = DIRECTION ( 'NONE',  ( -0.000000000000000000, -0.000000000000000000, -1.000000000000000000 ) ) ;
#1129 = CIRCLE ( 'NONE', #357, 0.8000000000000021538 ) ;
#1130 = CARTESIAN_POINT ( 'NONE',  ( 34.83772233983158628, 1.500000000000000000, 5.400000000000000355 ) ) ;
#1131 = ORIENTED_EDGE ( 'NONE', *, *, #1500, .F. ) ;
#1132 = FACE_OUTER_BOUND ( 'NONE', #1407, .T. ) ;
#1133 = EDGE_CURVE ( 'NONE', #121, #1643, #769, .T. ) ;
#1134 = ORIENTED_EDGE ( 'NONE', *, *, #805, .F. ) ;
#1135 = CARTESIAN_POINT ( 'NONE',  ( 36.00000000000000000, 1.499999999999999778, 4.399999999999963052 ) ) ;
#1136 = CARTESIAN_POINT ( 'NONE',  ( 40.24999999999999289, 3.367778697655221998E-16, 1.199999999999999734 ) ) ;
#1137 = DIRECTION ( 'NONE',  ( 1.000000000000000000, 0.000000000000000000, 0.000000000000000000 ) ) ;
#1138 = ORIENTED_EDGE ( 'NONE', *, *, #178, .F. ) ;
#1139 = CARTESIAN_POINT ( 'NONE',  ( 33.09999999999999432, -4.599999999999999645, 0.000000000000000000 ) ) ;
#1140 = ORIENTED_EDGE ( 'NONE', *, *, #1300, .T. ) ;
#1141 = FACE_OUTER_BOUND ( 'NONE', #276, .T. ) ;
#1142 = LOCAL_TIME ( 11, 48, 15.00000000000000000, #734 ) ;
#1143 = DIRECTION ( 'NONE',  ( -0.000000000000000000, -0.000000000000000000, 1.000000000000000000 ) ) ;
#1144 = AXIS2_PLACEMENT_3D ( 'NONE', #351, #722, #335 ) ;
#1145 = VECTOR ( 'NONE', #935, 1000.000000000000000 ) ;
#1146 = ORIENTED_EDGE ( 'NONE', *, *, #803, .F. ) ;
#1147 = ORIENTED_EDGE ( 'NONE', *, *, #681, .T. ) ;
#1148 = CARTESIAN_POINT ( 'NONE',  ( 0.000000000000000000, 6.200000000000000178, 7.000000000000000000 ) ) ;
#1149 = AXIS2_PLACEMENT_3D ( 'NONE', #279, #1176, #540 ) ;
#1150 = PLANE ( 'NONE',  #195 ) ;
#1151 = ADVANCED_FACE ( 'NONE', ( #166 ), #715, .T. ) ;
#1152 = EDGE_CURVE ( 'NONE', #1235, #1393, #796, .T. ) ;
#1153 = VERTEX_POINT ( 'NONE', #12 ) ;
#1154 = ORIENTED_EDGE ( 'NONE', *, *, #1399, .T. ) ;
#1155 = CARTESIAN_POINT ( 'NONE',  ( -2.816687638038912056E-16, 4.599999999999999645, 5.400000000000000355 ) ) ;
#1156 = VECTOR ( 'NONE', #1581, 1000.000000000000000 ) ;
#1157 = FACE_BOUND ( 'NONE', #1538, .T. ) ;
#1158 = DIRECTION ( 'NONE',  ( -1.264902534566421675E-16, -1.000000000000000000, 0.000000000000000000 ) ) ;
#1159 = CIRCLE ( 'NONE', #226, 6.199999999999997513 ) ;
#1160 = EDGE_LOOP ( 'NONE', ( #1114, #883 ) ) ;
#1161 = ORIENTED_EDGE ( 'NONE', *, *, #15, .F. ) ;
#1162 = CARTESIAN_POINT ( 'NONE',  ( 0.8000000000000021538, 0.000000000000000000, 5.400000000000000355 ) ) ;
#1163 = LINE ( 'NONE', #21, #798 ) ;
#1164 = EDGE_CURVE ( 'NONE', #1282, #497, #1427, .T. ) ;
#1165 = VECTOR ( 'NONE', #1489, 1000.000000000000000 ) ;
#1166 = CARTESIAN_POINT ( 'NONE',  ( 33.09999999999999432, -6.200000000000000178, 0.000000000000000000 ) ) ;
#1167 = CIRCLE ( 'NONE', #984, 4.599999999999999645 ) ;
#1168 = DIRECTION ( 'NONE',  ( 0.000000000000000000, 0.000000000000000000, -1.000000000000000000 ) ) ;
#1169 = ADVANCED_FACE ( 'NONE', ( #1050 ), #1320, .F. ) ;
#1170 = CARTESIAN_POINT ( 'NONE',  ( 0.000000000000000000, 4.599999999999999645, 0.000000000000000000 ) ) ;
#1171 = VERTEX_POINT ( 'NONE', #522 ) ;
#1172 = ORIENTED_EDGE ( 'NONE', *, *, #1330, .F. ) ;
#1173 = PLANE ( 'NONE',  #590 ) ;
#1174 = ORIENTED_EDGE ( 'NONE', *, *, #1133, .F. ) ;
#1175 = DIRECTION ( 'NONE',  ( 0.000000000000000000, -0.000000000000000000, 1.000000000000000000 ) ) ;
#1176 = DIRECTION ( 'NONE',  ( -0.000000000000000000, -0.000000000000000000, 1.000000000000000000 ) ) ;
#1177 = APPROVAL ( #1338, '未指定' ) ;
#1178 = CARTESIAN_POINT ( 'NONE',  ( 43.00000000000000000, 0.000000000000000000, 3.500000000000001332 ) ) ;
#1179 = CARTESIAN_POINT ( 'NONE',  ( 19.80000000000000071, 3.199999999999998845, 7.000000000000000000 ) ) ;
#1180 = CARTESIAN_POINT ( 'NONE',  ( 9.900000000000000355, 4.599999999999999645, 1.199999999999999956 ) ) ;
#1181 = AXIS2_PLACEMENT_3D ( 'NONE', #500, #507, #1009 ) ;
#1182 = VECTOR ( 'NONE', #817, 1000.000000000000000 ) ;
#1183 = ORIENTED_EDGE ( 'NONE', *, *, #227, .T. ) ;
#1184 = VERTEX_POINT ( 'NONE', #1541 ) ;
#1185 = LINE ( 'NONE', #40, #950 ) ;
#1186 = VERTEX_POINT ( 'NONE', #261 ) ;
#1187 = DIRECTION ( 'NONE',  ( -1.000000000000000000, 0.000000000000000000, 0.000000000000000000 ) ) ;
#1188 = CARTESIAN_POINT ( 'NONE',  ( 10.00000000000000000, -6.200000000000000178, 5.400000000000000355 ) ) ;
#1189 = DIRECTION ( 'NONE',  ( 1.000000000000000000, 0.000000000000000000, 0.000000000000000000 ) ) ;
#1190 = CARTESIAN_POINT ( 'NONE',  ( 24.99999999999999645, -1.499999999999998668, 5.400000000000000355 ) ) ;
#1191 = FACE_OUTER_BOUND ( 'NONE', #766, .T. ) ;
#1192 = ADVANCED_FACE ( 'NONE', ( #389 ), #1195, .T. ) ;
#1193 = PLANE ( 'NONE',  #1397 ) ;
#1194 = ORIENTED_EDGE ( 'NONE', *, *, #1494, .F. ) ;
#1195 = CYLINDRICAL_SURFACE ( 'NONE', #1362, 6.200000000000000178 ) ;
#1196 = LINE ( 'NONE', #300, #132 ) ;
#1197 = CARTESIAN_POINT ( 'NONE',  ( 9.900000000000000355, 4.599999999999999645, 7.000000000000000000 ) ) ;
#1198 = PLANE ( 'NONE',  #125 ) ;
#1199 = APPROVAL_PERSON_ORGANIZATION ( #1112, #1475, #723 ) ;
#1200 = EDGE_CURVE ( 'NONE', #786, #393, #662, .T. ) ;
#1201 = ORIENTED_EDGE ( 'NONE', *, *, #1413, .F. ) ;
#1202 = ORIENTED_EDGE ( 'NONE', *, *, #139, .T. ) ;
#1203 = CARTESIAN_POINT ( 'NONE',  ( 37.19999999999999574, 9.797174393178855733E-17, 3.500000000000000444 ) ) ;
#1204 = DIRECTION ( 'NONE',  ( 0.000000000000000000, 0.000000000000000000, -1.000000000000000000 ) ) ;
#1205 = EDGE_CURVE ( 'NONE', #201, #236, #427, .T. ) ;
#1206 = LINE ( 'NONE', #565, #633 ) ;
#1207 = DIRECTION ( 'NONE',  ( -0.000000000000000000, 0.000000000000000000, -1.000000000000000000 ) ) ;
#1208 = ADVANCED_FACE ( 'NONE', ( #1409 ), #1302, .F. ) ;
#1209 = CONICAL_SURFACE ( 'NONE', #833, 2.500000000000002220, 0.7853981633974439491 ) ;
#1210 = ORIENTED_EDGE ( 'NONE', *, *, #559, .T. ) ;
#1211 = ORIENTED_EDGE ( 'NONE', *, *, #92, .T. ) ;
#1212 = CARTESIAN_POINT ( 'NONE',  ( 33.09999999999999432, -9.402769590586176562, 1.199999999999999956 ) ) ;
#1213 = AXIS2_PLACEMENT_3D ( 'NONE', #268, #1158, #146 ) ;
#1214 = DIRECTION ( 'NONE',  ( -0.000000000000000000, -0.000000000000000000, -1.000000000000000000 ) ) ;
#1215 = DIRECTION ( 'NONE',  ( 0.000000000000000000, -0.000000000000000000, 1.000000000000000000 ) ) ;
#1216 = COORDINATED_UNIVERSAL_TIME_OFFSET ( 8, 0, .AHEAD. ) ;
#1217 = ORIENTED_EDGE ( 'NONE', *, *, #72, .T. ) ;
#1218 = ORIENTED_EDGE ( 'NONE', *, *, #194, .T. ) ;
#1219 = LINE ( 'NONE', #1203, #1156 ) ;
#1220 = PLANE ( 'NONE',  #429 ) ;
#1221 = EDGE_CURVE ( 'NONE', #1377, #163, #144, .T. ) ;
#1222 = FACE_OUTER_BOUND ( 'NONE', #900, .T. ) ;
#1223 = PERSON_AND_ORGANIZATION ( #788, #256 ) ;
#1224 = AXIS2_PLACEMENT_3D ( 'NONE', #865, #1378, #62 ) ;
#1225 = ORIENTED_EDGE ( 'NONE', *, *, #1242, .T. ) ;
#1226 = ORIENTED_EDGE ( 'NONE', *, *, #780, .T. ) ;
#1227 = EDGE_CURVE ( 'NONE', #1424, #1282, #1163, .T. ) ;
#1228 = CARTESIAN_POINT ( 'NONE',  ( 43.00000000000000000, 4.599999999999999645, 0.000000000000000000 ) ) ;
#1229 = DIRECTION ( 'NONE',  ( 0.000000000000000000, 0.000000000000000000, 1.000000000000000000 ) ) ;
#1230 = VECTOR ( 'NONE', #1232, 1000.000000000000000 ) ;
#1231 = AXIS2_PLACEMENT_3D ( 'NONE', #602, #1118, #1032 ) ;
#1232 = DIRECTION ( 'NONE',  ( -0.000000000000000000, -0.000000000000000000, 1.000000000000000000 ) ) ;
#1233 = DIRECTION ( 'NONE',  ( 0.000000000000000000, 0.000000000000000000, 1.000000000000000000 ) ) ;
#1234 = CIRCLE ( 'NONE', #2, 6.199999999999997513 ) ;
#1235 = VERTEX_POINT ( 'NONE', #531 ) ;
#1236 = VERTEX_POINT ( 'NONE', #1039 ) ;
#1237 = LINE ( 'NONE', #89, #1022 ) ;
#1238 = DIRECTION ( 'NONE',  ( 0.000000000000000000, 1.000000000000000000, -0.000000000000000000 ) ) ;
#1239 = PLANE ( 'NONE',  #714 ) ;
#1240 = PERSON_AND_ORGANIZATION ( #788, #256 ) ;
#1241 = AXIS2_PLACEMENT_3D ( 'NONE', #1510, #113, #480 ) ;
#1242 = EDGE_CURVE ( 'NONE', #1235, #121, #413, .T. ) ;
#1243 = CARTESIAN_POINT ( 'NONE',  ( 0.000000000000000000, 0.000000000000000000, 1.199999999999999956 ) ) ;
#1244 = ORIENTED_EDGE ( 'NONE', *, *, #273, .T. ) ;
#1245 = CARTESIAN_POINT ( 'NONE',  ( 9.900000000000000355, -6.200000000000000178, 7.000000000000000000 ) ) ;
#1246 = AXIS2_PLACEMENT_3D ( 'NONE', #266, #134, #1532 ) ;
#1247 = ORIENTED_EDGE ( 'NONE', *, *, #1322, .F. ) ;
#1248 = EDGE_CURVE ( 'NONE', #921, #1236, #289, .T. ) ;
#1249 = DIRECTION ( 'NONE',  ( 1.000000000000000000, 0.000000000000000000, 0.000000000000000000 ) ) ;
#1250 = CARTESIAN_POINT ( 'NONE',  ( 43.00000000000000000, 0.000000000000000000, 7.000000000000000000 ) ) ;
#1251 = CARTESIAN_POINT ( 'NONE',  ( 0.000000000000000000, 0.000000000000000000, 0.000000000000000000 ) ) ;
#1252 = VERTEX_POINT ( 'NONE', #1061 ) ;
#1253 = ADVANCED_FACE ( 'NONE', ( #1484 ), #703, .F. ) ;
#1254 = DIRECTION ( 'NONE',  ( 0.000000000000000000, 1.000000000000000000, 0.000000000000000000 ) ) ;
#1255 = CIRCLE ( 'NONE', #710, 0.8000000000000020428 ) ;
#1256 = CARTESIAN_POINT ( 'NONE',  ( 0.000000000000000000, -4.599999999999999645, 7.000000000000000000 ) ) ;
#1257 = CARTESIAN_POINT ( 'NONE',  ( 0.8000000000000021538, 0.000000000000000000, 1.199999999999999734 ) ) ;
#1258 = EDGE_CURVE ( 'NONE', #30, #921, #1070, .T. ) ;
#1259 = CARTESIAN_POINT ( 'NONE',  ( -0.8000000000000021538, 9.797174393178852035E-17, -7.778174593052027852 ) ) ;
#1260 = EDGE_LOOP ( 'NONE', ( #746, #1098, #1477, #821 ) ) ;
#1261 = VECTOR ( 'NONE', #143, 1000.000000000000000 ) ;
#1262 = DIRECTION ( 'NONE',  ( -1.000000000000000000, 0.000000000000000000, 0.000000000000000000 ) ) ;
#1263 = VERTEX_POINT ( 'NONE', #695 ) ;
#1264 = CARTESIAN_POINT ( 'NONE',  ( 36.00000000000000000, 1.500000000000000444, 3.500000000000000444 ) ) ;
#1265 = CIRCLE ( 'NONE', #1127, 2.500000000000002220 ) ;
#1266 = PLANE ( 'NONE',  #914 ) ;
#1267 = DIRECTION ( 'NONE',  ( 0.000000000000000000, 0.000000000000000000, 1.000000000000000000 ) ) ;
#1268 = ORIENTED_EDGE ( 'NONE', *, *, #1600, .T. ) ;
#1269 = CARTESIAN_POINT ( 'NONE',  ( 0.000000000000000000, 0.000000000000000000, 0.000000000000000000 ) ) ;
#1270 = ORIENTED_EDGE ( 'NONE', *, *, #1381, .T. ) ;
#1271 = FACE_OUTER_BOUND ( 'NONE', #202, .T. ) ;
#1272 = FACE_OUTER_BOUND ( 'NONE', #762, .T. ) ;
#1273 = ORIENTED_EDGE ( 'NONE', *, *, #1029, .F. ) ;
#1274 = DIRECTION ( 'NONE',  ( 1.264902534566421675E-16, 1.000000000000000000, -0.000000000000000000 ) ) ;
#1275 = ORIENTED_EDGE ( 'NONE', *, *, #1289, .F. ) ;
#1276 = EDGE_CURVE ( 'NONE', #73, #80, #1219, .T. ) ;
#1277 = CARTESIAN_POINT ( 'NONE',  ( 45.75000000000000000, 0.000000000000000000, 1.199999999999999734 ) ) ;
#1278 = AXIS2_PLACEMENT_3D ( 'NONE', #1565, #940, #171 ) ;
#1279 = ADVANCED_FACE ( 'NONE', ( #81 ), #333, .T. ) ;
#1280 = CARTESIAN_POINT ( 'NONE',  ( 19.99999999999999645, -6.200000000000000178, 1.199999999999999512 ) ) ;
#1281 = ORIENTED_EDGE ( 'NONE', *, *, #1103, .F. ) ;
#1282 = VERTEX_POINT ( 'NONE', #1093 ) ;
#1283 = CARTESIAN_POINT ( 'NONE',  ( 42.19999999999999574, 9.797174393178856965E-17, -7.778174593052027852 ) ) ;
#1284 = DIRECTION ( 'NONE',  ( 1.000000000000000000, 0.000000000000000000, 0.000000000000000000 ) ) ;
#1285 = VECTOR ( 'NONE', #59, 1000.000000000000000 ) ;
#1286 = CARTESIAN_POINT ( 'NONE',  ( 0.000000000000000000, -6.200000000000000178, 0.000000000000000000 ) ) ;
#1287 = AXIS2_PLACEMENT_3D ( 'NONE', #758, #1529, #123 ) ;
#1288 = ORIENTED_EDGE ( 'NONE', *, *, #352, .F. ) ;
#1289 = EDGE_CURVE ( 'NONE', #315, #201, #1605, .T. ) ;
#1290 = ORIENTED_EDGE ( 'NONE', *, *, #273, .F. ) ;
#1291 = CARTESIAN_POINT ( 'NONE',  ( 37.00000000000000000, 1.499999999999999778, -0.001000000000000132727 ) ) ;
#1292 = VECTOR ( 'NONE', #440, 1000.000000000000000 ) ;
#1293 = DIRECTION ( 'NONE',  ( 1.000000000000000000, 0.000000000000000000, -0.000000000000000000 ) ) ;
#1294 = CARTESIAN_POINT ( 'NONE',  ( 0.000000000000000000, 0.000000000000000000, 1.199999999999999956 ) ) ;
#1295 = AXIS2_PLACEMENT_3D ( 'NONE', #598, #622, #1137 ) ;
#1296 = CARTESIAN_POINT ( 'NONE',  ( 33.09999999999999432, 4.599999999999999645, 1.199999999999999734 ) ) ;
#1297 = ORIENTED_EDGE ( 'NONE', *, *, #72, .F. ) ;
#1298 = ORIENTED_EDGE ( 'NONE', *, *, #898, .F. ) ;
#1299 = CARTESIAN_POINT ( 'NONE',  ( -4.599999999999999645, 0.000000000000000000, 7.000000000000000000 ) ) ;
#1300 = EDGE_CURVE ( 'NONE', #1490, #1414, #341, .T. ) ;
#1301 = VERTEX_POINT ( 'NONE', #1343 ) ;
#1302 = PLANE ( 'NONE',  #879 ) ;
#1303 = LINE ( 'NONE', #925, #802 ) ;
#1304 = DIRECTION ( 'NONE',  ( 0.000000000000000000, 1.000000000000000000, 0.000000000000000000 ) ) ;
#1305 = DIRECTION ( 'NONE',  ( 1.000000000000000000, 0.000000000000000000, -0.000000000000000000 ) ) ;
#1306 = VERTEX_POINT ( 'NONE', #189 ) ;
#1307 = CIRCLE ( 'NONE', #79, 0.8000000000000020428 ) ;
#1308 = EDGE_LOOP ( 'NONE', ( #381, #1174, #1556, #873, #599, #1368, #792, #446 ) ) ;
#1309 = VECTOR ( 'NONE', #651, 1000.000000000000000 ) ;
#1310 = FACE_OUTER_BOUND ( 'NONE', #1499, .T. ) ;
#1311 = VERTEX_POINT ( 'NONE', #1597 ) ;
#1312 = CARTESIAN_POINT ( 'NONE',  ( 10.00000000000000000, 6.764858116140294975, 1.199999999999999956 ) ) ;
#1313 = CYLINDRICAL_SURFACE ( 'NONE', #776, 0.8000000000000020428 ) ;
#1314 = DIRECTION ( 'NONE',  ( -1.000000000000000000, 0.000000000000000000, 0.000000000000000000 ) ) ;
#1315 = CARTESIAN_POINT ( 'NONE',  ( 0.000000000000000000, 0.000000000000000000, 7.000000000000000000 ) ) ;
#1316 = CARTESIAN_POINT ( 'NONE',  ( 42.19999999999999574, 9.797174393178863128E-17, 5.400000000000000355 ) ) ;
#1317 = CIRCLE ( 'NONE', #749, 6.200000000000000178 ) ;
#1318 = DIRECTION ( 'NONE',  ( 0.000000000000000000, 0.000000000000000000, 1.000000000000000000 ) ) ;
#1319 = EDGE_LOOP ( 'NONE', ( #340, #659, #16, #1210, #880, #1468 ) ) ;
#1320 = PLANE ( 'NONE',  #213 ) ;
#1321 = DIRECTION ( 'NONE',  ( -0.000000000000000000, -1.000000000000000000, -0.000000000000000000 ) ) ;
#1322 = EDGE_CURVE ( 'NONE', #270, #529, #567, .T. ) ;
#1323 = CARTESIAN_POINT ( 'NONE',  ( 2.304886114323221769, -1.500000000000000000, 5.400000000000000355 ) ) ;
#1324 = CARTESIAN_POINT ( 'NONE',  ( 0.000000000000000000, -4.599999999999999645, 5.400000000000000355 ) ) ;
#1325 = EDGE_LOOP ( 'NONE', ( #252, #760, #1037, #1460 ) ) ;
#1326 = ORIENTED_EDGE ( 'NONE', *, *, #575, .T. ) ;
#1327 = DIRECTION ( 'NONE',  ( 1.000000000000000000, 0.000000000000000000, 0.000000000000000000 ) ) ;
#1328 = ADVANCED_FACE ( 'NONE', ( #845 ), #824, .F. ) ;
#1329 = DIRECTION ( 'NONE',  ( -1.000000000000000000, 0.000000000000000000, 0.000000000000000000 ) ) ;
#1330 = EDGE_CURVE ( 'NONE', #1403, #1106, #1335, .T. ) ;
#1331 = DIRECTION ( 'NONE',  ( -0.000000000000000000, -0.000000000000000000, 1.000000000000000000 ) ) ;
#1332 = CARTESIAN_POINT ( 'NONE',  ( 42.19999999999999574, 9.797174393178863128E-17, 1.199999999999999734 ) ) ;
#1333 = EDGE_LOOP ( 'NONE', ( #19, #1627, #55, #1531 ) ) ;
#1334 = ORIENTED_EDGE ( 'NONE', *, *, #1348, .F. ) ;
#1335 = LINE ( 'NONE', #1212, #67 ) ;
#1336 = CARTESIAN_POINT ( 'NONE',  ( 0.000000000000000000, 0.000000000000000000, 0.000000000000000000 ) ) ;
#1337 = CARTESIAN_POINT ( 'NONE',  ( 9.900000000000000355, -9.402769590586176562, 1.199999999999999956 ) ) ;
#1338 = APPROVAL_STATUS ( 'not_yet_approved' ) ;
#1339 = AXIS2_PLACEMENT_3D ( 'NONE', #619, #367, #875 ) ;
#1340 = EDGE_LOOP ( 'NONE', ( #410, #1202, #1612, #774 ) ) ;
#1341 = VERTEX_POINT ( 'NONE', #1228 ) ;
#1342 = EDGE_CURVE ( 'NONE', #982, #1341, #140, .T. ) ;
#1343 = CARTESIAN_POINT ( 'NONE',  ( 9.900000000000000355, -4.599999999999999645, 1.199999999999999956 ) ) ;
#1344 = DIRECTION ( 'NONE',  ( 0.000000000000000000, -0.000000000000000000, -1.000000000000000000 ) ) ;
#1345 = ADVANCED_FACE ( 'NONE', ( #431 ), #1100, .F. ) ;
#1346 = LINE ( 'NONE', #1337, #1182 ) ;
#1347 = DIRECTION ( 'NONE',  ( 1.000000000000000000, 0.000000000000000000, 0.000000000000000000 ) ) ;
#1348 = EDGE_CURVE ( 'NONE', #1282, #1490, #308, .T. ) ;
#1349 = ORIENTED_EDGE ( 'NONE', *, *, #523, .T. ) ;
#1350 = ORIENTED_EDGE ( 'NONE', *, *, #994, .F. ) ;
#1351 = DIRECTION ( 'NONE',  ( -0.000000000000000000, -0.000000000000000000, 1.000000000000000000 ) ) ;
#1352 = EDGE_CURVE ( 'NONE', #1252, #1461, #952, .T. ) ;
#1353 = DIRECTION ( 'NONE',  ( 1.000000000000000000, 0.000000000000000000, 0.000000000000000000 ) ) ;
#1354 = CARTESIAN_POINT ( 'NONE',  ( 0.000000000000000000, 6.200000000000000178, 7.000000000000000000 ) ) ;
#1355 = PERSON_AND_ORGANIZATION_ROLE ( 'design_supplier' ) ;
#1356 = LOCAL_TIME ( 11, 48, 15.00000000000000000, #1216 ) ;
#1357 = ORIENTED_EDGE ( 'NONE', *, *, #556, .T. ) ;
#1358 = ORIENTED_EDGE ( 'NONE', *, *, #526, .T. ) ;
#1359 = CARTESIAN_POINT ( 'NONE',  ( 43.00000000000000000, 0.000000000000000000, 0.000000000000000000 ) ) ;
#1360 = DIRECTION ( 'NONE',  ( 0.000000000000000000, 0.000000000000000000, 1.000000000000000000 ) ) ;
#1361 = CIRCLE ( 'NONE', #1095, 2.500000000000002220 ) ;
#1362 = AXIS2_PLACEMENT_3D ( 'NONE', #174, #51, #1446 ) ;
#1363 = FACE_OUTER_BOUND ( 'NONE', #1616, .T. ) ;
#1364 = EDGE_CURVE ( 'NONE', #133, #1403, #455, .T. ) ;
#1365 = PERSON_AND_ORGANIZATION ( #788, #256 ) ;
#1366 = CIRCLE ( 'NONE', #561, 0.8000000000000020428 ) ;
#1367 = CARTESIAN_POINT ( 'NONE',  ( 0.000000000000000000, 0.000000000000000000, 7.000000000000000000 ) ) ;
#1368 = ORIENTED_EDGE ( 'NONE', *, *, #1289, .T. ) ;
#1369 = CARTESIAN_POINT ( 'NONE',  ( 9.900000000000000355, -9.402769590586176562, -0.000000000000000000 ) ) ;
#1370 = ORIENTED_EDGE ( 'NONE', *, *, #352, .T. ) ;
#1371 = CARTESIAN_POINT ( 'NONE',  ( 38.00000000000000000, 0.000000000000000000, 3.500000000000000444 ) ) ;
#1372 = DIRECTION ( 'NONE',  ( 1.000000000000000000, 0.000000000000000000, 0.000000000000000000 ) ) ;
#1373 = APPROVAL_DATE_TIME ( #86, #1177 ) ;
#1374 = VECTOR ( 'NONE', #203, 1000.000000000000000 ) ;
#1375 = EDGE_CURVE ( 'NONE', #196, #1560, #967, .T. ) ;
#1376 = EDGE_LOOP ( 'NONE', ( #1270, #1334, #1015, #843 ) ) ;
#1377 = VERTEX_POINT ( 'NONE', #1462 ) ;
#1378 = DIRECTION ( 'NONE',  ( 0.000000000000000000, 0.000000000000000000, -1.000000000000000000 ) ) ;
#1379 = AXIS2_PLACEMENT_3D ( 'NONE', #35, #1042, #1189 ) ;
#1380 = LINE ( 'NONE', #1002, #1419 ) ;
#1381 = EDGE_CURVE ( 'NONE', #412, #1490, #212, .T. ) ;
#1382 = EDGE_CURVE ( 'NONE', #1341, #1306, #1237, .T. ) ;
#1383 = CARTESIAN_POINT ( 'NONE',  ( 38.00000000000000000, 0.000000000000000000, 4.399999999999963052 ) ) ;
#1384 = VECTOR ( 'NONE', #608, 1000.000000000000000 ) ;
#1385 = LINE ( 'NONE', #1259, #1384 ) ;
#1386 = VERTEX_POINT ( 'NONE', #1139 ) ;
#1387 = DIRECTION ( 'NONE',  ( 0.000000000000000000, 0.000000000000000000, 1.000000000000000000 ) ) ;
#1388 = ORIENTED_EDGE ( 'NONE', *, *, #1413, .T. ) ;
#1389 = PLANE ( 'NONE',  #968 ) ;
#1390 = CARTESIAN_POINT ( 'NONE',  ( 0.000000000000000000, 0.000000000000000000, 1.199999999999999734 ) ) ;
#1391 = VECTOR ( 'NONE', #1187, 1000.000000000000000 ) ;
#1392 = ORIENTED_EDGE ( 'NONE', *, *, #781, .F. ) ;
#1393 = VERTEX_POINT ( 'NONE', #1014 ) ;
#1394 = CARTESIAN_POINT ( 'NONE',  ( 0.000000000000000000, 4.599999999999999645, 7.000000000000000000 ) ) ;
#1395 = ORIENTED_EDGE ( 'NONE', *, *, #321, .T. ) ;
#1396 = CARTESIAN_POINT ( 'NONE',  ( 0.000000000000000000, 0.000000000000000000, 5.400000000000000355 ) ) ;
#1397 = AXIS2_PLACEMENT_3D ( 'NONE', #49, #1021, #388 ) ;
#1398 = DIRECTION ( 'NONE',  ( 1.000000000000000000, 0.000000000000000000, 0.000000000000000000 ) ) ;
#1399 = EDGE_CURVE ( 'NONE', #974, #397, #245, .T. ) ;
#1400 = ORIENTED_EDGE ( 'NONE', *, *, #606, .T. ) ;
#1401 = ADVANCED_FACE ( 'NONE', ( #737 ), #1108, .F. ) ;
#1402 = DIRECTION ( 'NONE',  ( 0.000000000000000000, -0.000000000000000000, 1.000000000000000000 ) ) ;
#1403 = VERTEX_POINT ( 'NONE', #251 ) ;
#1404 = CARTESIAN_POINT ( 'NONE',  ( 40.96875000000002132, 1.853786243745513040, 5.400000000000000355 ) ) ;
#1405 = FACE_OUTER_BOUND ( 'NONE', #1319, .T. ) ;
#1406 = VERTEX_POINT ( 'NONE', #1628 ) ;
#1407 = EDGE_LOOP ( 'NONE', ( #1395, #1083, #670, #1146, #1134, #88, #240, #1074, #625, #27, #1298, #1326 ) ) ;
#1408 = FACE_OUTER_BOUND ( 'NONE', #1260, .T. ) ;
#1409 = FACE_OUTER_BOUND ( 'NONE', #919, .T. ) ;
#1410 = CIRCLE ( 'NONE', #527, 2.750000000000002665 ) ;
#1411 = ADVANCED_BREP_SHAPE_REPRESENTATION ( '锁扣壳', ( #1558, #1034 ), #930 ) ;
#1412 = DIRECTION ( 'NONE',  ( 0.000000000000000000, -0.000000000000000000, 1.000000000000000000 ) ) ;
#1413 = EDGE_CURVE ( 'NONE', #687, #1454, #761, .T. ) ;
#1414 = VERTEX_POINT ( 'NONE', #594 ) ;
#1415 = ORIENTED_EDGE ( 'NONE', *, *, #1641, .F. ) ;
#1416 = LINE ( 'NONE', #1291, #1261 ) ;
#1417 = CARTESIAN_POINT ( 'NONE',  ( 0.000000000000000000, 0.000000000000000000, 5.400000000000000355 ) ) ;
#1418 = FACE_OUTER_BOUND ( 'NONE', #1617, .T. ) ;
#1419 = VECTOR ( 'NONE', #884, 1000.000000000000000 ) ;
#1420 = PLANE ( 'NONE',  #18 ) ;
#1421 = EDGE_CURVE ( 'NONE', #315, #1341, #754, .T. ) ;
#1422 = AXIS2_PLACEMENT_3D ( 'NONE', #1513, #369, #876 ) ;
#1423 = EDGE_LOOP ( 'NONE', ( #1217, #1244, #1030, #1075, #648 ) ) ;
#1424 = VERTEX_POINT ( 'NONE', #1123 ) ;
#1425 = DIRECTION ( 'NONE',  ( -1.000000000000000000, 0.000000000000000000, 0.000000000000000000 ) ) ;
#1426 = EDGE_LOOP ( 'NONE', ( #812, #752, #392, #1049 ) ) ;
#1427 = LINE ( 'NONE', #299, #1523 ) ;
#1428 = CARTESIAN_POINT ( 'NONE',  ( 0.000000000000000000, -6.200000000000000178, 1.199999999999999734 ) ) ;
#1429 = B_SPLINE_CURVE_WITH_KNOTS ( 'NONE', 3,
 ( #1016, #1519, #1527, #382, #890, #1404 ),
 .UNSPECIFIED., .F., .F.,
 ( 4, 2, 4 ),
 ( 3.919864588014962118E-07, 0.0007878546973442017475, 0.001575317408229602156 ),
 .UNSPECIFIED. ) ;
#1430 = EDGE_CURVE ( 'NONE', #497, #1414, #379, .T. ) ;
#1431 = CARTESIAN_POINT ( 'NONE',  ( 10.00000000000000000, -4.599999999999998757, 0.000000000000000000 ) ) ;
#1432 = ORIENTED_EDGE ( 'NONE', *, *, #600, .F. ) ;
#1433 = VERTEX_POINT ( 'NONE', #888 ) ;
#1434 = DIRECTION ( 'NONE',  ( 0.000000000000000000, 0.000000000000000000, 1.000000000000000000 ) ) ;
#1435 = ORIENTED_EDGE ( 'NONE', *, *, #591, .T. ) ;
#1436 = DIRECTION ( 'NONE',  ( -0.000000000000000000, -1.000000000000000000, -0.000000000000000000 ) ) ;
#1437 = AXIS2_PLACEMENT_3D ( 'NONE', #1394, #728, #120 ) ;
#1438 = CARTESIAN_POINT ( 'NONE',  ( 40.96875000000002132, 1.853786243745513040, 5.400000000000000355 ) ) ;
#1439 = CARTESIAN_POINT ( 'NONE',  ( 43.79999999999999716, 0.000000000000000000, 5.400000000000000355 ) ) ;
#1440 = PLANE ( 'NONE',  #157 ) ;
#1441 = DIRECTION ( 'NONE',  ( 0.000000000000000000, 0.000000000000000000, 1.000000000000000000 ) ) ;
#1442 = VECTOR ( 'NONE', #1104, 1000.000000000000000 ) ;
#1443 = VECTOR ( 'NONE', #944, 1000.000000000000000 ) ;
#1444 = CARTESIAN_POINT ( 'NONE',  ( 0.000000000000000000, 0.000000000000000000, 0.000000000000000000 ) ) ;
#1445 = EDGE_LOOP ( 'NONE', ( #1482, #220, #470, #274, #330, #1020, #1226, #1400 ) ) ;
#1446 = DIRECTION ( 'NONE',  ( -1.000000000000000000, 0.000000000000000000, 0.000000000000000000 ) ) ;
#1447 = CIRCLE ( 'NONE', #297, 0.8000000000000020428 ) ;
#1448 = CARTESIAN_POINT ( 'NONE',  ( 0.000000000000000000, 6.200000000000000178, 0.000000000000000000 ) ) ;
#1449 = CARTESIAN_POINT ( 'NONE',  ( 43.00000000000000000, 6.200000000000000178, 7.000000000000000000 ) ) ;
#1450 = CARTESIAN_POINT ( 'NONE',  ( 9.900000000000000355, -6.200000000000000178, 0.000000000000000000 ) ) ;
#1451 = ADVANCED_FACE ( 'NONE', ( #1132 ), #872, .F. ) ;
#1452 = ORIENTED_EDGE ( 'NONE', *, *, #510, .T. ) ;
#1453 = EDGE_CURVE ( 'NONE', #1546, #208, #854, .T. ) ;
#1454 = VERTEX_POINT ( 'NONE', #1635 ) ;
#1455 = DIRECTION ( 'NONE',  ( 1.000000000000000000, 0.000000000000000000, 0.000000000000000000 ) ) ;
#1456 = VECTOR ( 'NONE', #365, 1000.000000000000000 ) ;
#1457 = CARTESIAN_POINT ( 'NONE',  ( 9.900000000000000355, -9.402769590586176562, 1.199999999999999956 ) ) ;
#1458 = DIRECTION ( 'NONE',  ( -1.000000000000000000, -0.000000000000000000, -0.000000000000000000 ) ) ;
#1459 = AXIS2_PLACEMENT_3D ( 'NONE', #1178, #1053, #1314 ) ;
#1460 = ORIENTED_EDGE ( 'NONE', *, *, #1514, .F. ) ;
#1461 = VERTEX_POINT ( 'NONE', #991 ) ;
#1462 = CARTESIAN_POINT ( 'NONE',  ( 19.99999999999999645, -4.599999999999998757, 5.400000000000000355 ) ) ;
#1463 = PLANE ( 'NONE',  #771 ) ;
#1464 = CARTESIAN_POINT ( 'NONE',  ( 0.000000000000000000, -6.200000000000000178, 0.000000000000000000 ) ) ;
#1465 = PLANE ( 'NONE',  #820 ) ;
#1466 = VECTOR ( 'NONE', #676, 1000.000000000000000 ) ;
#1467 = EDGE_CURVE ( 'NONE', #1566, #901, #1167, .T. ) ;
#1468 = ORIENTED_EDGE ( 'NONE', *, *, #931, .F. ) ;
#1469 = VERTEX_POINT ( 'NONE', #221 ) ;
#1470 = DIRECTION ( 'NONE',  ( -1.000000000000000000, 0.000000000000000000, 0.000000000000000000 ) ) ;
#1471 = CARTESIAN_POINT ( 'NONE',  ( 0.000000000000000000, -6.200000000000000178, 7.000000000000000000 ) ) ;
#1472 = AXIS2_PLACEMENT_3D ( 'NONE', #675, #1215, #683 ) ;
#1473 = CYLINDRICAL_SURFACE ( 'NONE', #1520, 0.8000000000000020428 ) ;
#1474 = COORDINATED_UNIVERSAL_TIME_OFFSET ( 8, 0, .AHEAD. ) ;
#1475 = APPROVAL ( #1632, '未指定' ) ;
#1476 = VECTOR ( 'NONE', #253, 1000.000000000000000 ) ;
#1477 = ORIENTED_EDGE ( 'NONE', *, *, #452, .T. ) ;
#1478 = ORIENTED_EDGE ( 'NONE', *, *, #1056, .T. ) ;
#1479 = CARTESIAN_POINT ( 'NONE',  ( 28.69999999999999929, 3.199999999999998845, 0.000000000000000000 ) ) ;
#1480 = LINE ( 'NONE', #75, #60 ) ;
#1481 = DIRECTION ( 'NONE',  ( 1.000000000000000000, 3.552713678800500929E-15, 0.000000000000000000 ) ) ;
#1482 = ORIENTED_EDGE ( 'NONE', *, *, #1152, .T. ) ;
#1483 = VERTEX_POINT ( 'NONE', #1501 ) ;
#1484 = FACE_OUTER_BOUND ( 'NONE', #1325, .T. ) ;
#1485 = EDGE_CURVE ( 'NONE', #755, #173, #1410, .T. ) ;
#1486 = CARTESIAN_POINT ( 'NONE',  ( 38.00000000000000000, 0.000000000000000000, 3.500000000000000444 ) ) ;
#1487 = CARTESIAN_POINT ( 'NONE',  ( 33.09999999999999432, -4.599999999999999645, 7.000000000000000000 ) ) ;
#1488 = PERSON_AND_ORGANIZATION_ROLE ( 'classification_officer' ) ;
#1489 = DIRECTION ( 'NONE',  ( 1.000000000000000000, 0.000000000000000000, -0.000000000000000000 ) ) ;
#1490 = VERTEX_POINT ( 'NONE', #745 ) ;
#1491 = DIRECTION ( 'NONE',  ( 0.000000000000000000, -1.000000000000000000, 0.000000000000000000 ) ) ;
#1492 = ORIENTED_EDGE ( 'NONE', *, *, #1084, .F. ) ;
#1493 = CYLINDRICAL_SURFACE ( 'NONE', #82, 0.8000000000000020428 ) ;
#1494 = EDGE_CURVE ( 'NONE', #1414, #1560, #610, .T. ) ;
#1495 = FACE_BOUND ( 'NONE', #520, .T. ) ;
#1496 = SHAPE_DEFINITION_REPRESENTATION ( #1110, #1411 ) ;
#1497 = VECTOR ( 'NONE', #441, 1000.000000000000000 ) ;
#1498 = PLANE ( 'NONE',  #596 ) ;
#1499 = EDGE_LOOP ( 'NONE', ( #229, #131, #513, #913 ) ) ;
#1500 = EDGE_CURVE ( 'NONE', #921, #1263, #1517, .T. ) ;
#1501 = CARTESIAN_POINT ( 'NONE',  ( 0.000000000000000000, 6.200000000000000178, 7.000000000000000000 ) ) ;
#1502 = ADVANCED_FACE ( 'NONE', ( #882 ), #1525, .T. ) ;
#1503 = FACE_OUTER_BOUND ( 'NONE', #576, .T. ) ;
#1504 = AXIS2_PLACEMENT_3D ( 'NONE', #423, #167, #1572 ) ;
#1505 = LINE ( 'NONE', #613, #1230 ) ;
#1506 = DATE_TIME_ROLE ( 'creation_date' ) ;
#1507 = VECTOR ( 'NONE', #563, 1000.000000000000000 ) ;
#1508 = DIRECTION ( 'NONE',  ( 0.000000000000000000, 0.000000000000000000, 1.000000000000000000 ) ) ;
#1509 = ORIENTED_EDGE ( 'NONE', *, *, #803, .T. ) ;
#1510 = CARTESIAN_POINT ( 'NONE',  ( 19.80000000000000071, -3.000000000000000888, 0.000000000000000000 ) ) ;
#1511 = ORIENTED_EDGE ( 'NONE', *, *, #1221, .F. ) ;
#1512 = LINE ( 'NONE', #612, #486 ) ;
#1513 = CARTESIAN_POINT ( 'NONE',  ( 0.000000000000000000, 0.000000000000000000, 0.000000000000000000 ) ) ;
#1514 = EDGE_CURVE ( 'NONE', #1546, #1645, #624, .T. ) ;
#1515 = CARTESIAN_POINT ( 'NONE',  ( 0.000000000000000000, -4.599999999999999645, 0.000000000000000000 ) ) ;
#1516 = ORIENTED_EDGE ( 'NONE', *, *, #462, .F. ) ;
#1517 = LINE ( 'NONE', #372, #1066 ) ;
#1518 = ORIENTED_EDGE ( 'NONE', *, *, #457, .F. ) ;
#1519 = CARTESIAN_POINT ( 'NONE',  ( 40.43572067938274017, 1.019828411398606249, 4.533941358765466667 ) ) ;
#1520 = AXIS2_PLACEMENT_3D ( 'NONE', #37, #328, #1583 ) ;
#1521 = CARTESIAN_POINT ( 'NONE',  ( 28.69999999999999929, -3.000000000000000888, 0.000000000000000000 ) ) ;
#1522 = EDGE_CURVE ( 'NONE', #707, #364, #99, .T. ) ;
#1523 = VECTOR ( 'NONE', #787, 1000.000000000000000 ) ;
#1524 = ORIENTED_EDGE ( 'NONE', *, *, #1258, .F. ) ;
#1525 = PLANE ( 'NONE',  #1437 ) ;
#1526 = ORIENTED_EDGE ( 'NONE', *, *, #93, .F. ) ;
#1527 = CARTESIAN_POINT ( 'NONE',  ( 40.52177672156329180, 1.208836322576357203, 4.694510663053966582 ) ) ;
#1528 = AXIS2_PLACEMENT_3D ( 'NONE', #1444, #1434, #275 ) ;
#1529 = DIRECTION ( 'NONE',  ( 0.000000000000000000, 0.000000000000000000, 1.000000000000000000 ) ) ;
#1530 = ORIENTED_EDGE ( 'NONE', *, *, #905, .T. ) ;
#1531 = ORIENTED_EDGE ( 'NONE', *, *, #600, .T. ) ;
#1532 = DIRECTION ( 'NONE',  ( -1.000000000000000000, 0.000000000000000000, 0.000000000000000000 ) ) ;
#1533 = DIRECTION ( 'NONE',  ( 0.000000000000000000, 0.000000000000000000, -1.000000000000000000 ) ) ;
#1534 = VECTOR ( 'NONE', #1168, 1000.000000000000000 ) ;
#1535 = EDGE_CURVE ( 'NONE', #783, #73, #102, .T. ) ;
#1536 = CARTESIAN_POINT ( 'NONE',  ( 40.52343382231327240, -1.212111897805347560, 4.697448315284272091 ) ) ;
#1537 = ADVANCED_FACE ( 'NONE', ( #956, #811 ), #1465, .T. ) ;
#1538 = EDGE_LOOP ( 'NONE', ( #1194, #430, #339, #784 ) ) ;
#1539 = EDGE_LOOP ( 'NONE', ( #1201, #1268, #1586, #373, #1147, #65, #1138 ) ) ;
#1540 = DIRECTION ( 'NONE',  ( 0.000000000000000000, -1.000000000000000000, 0.000000000000000000 ) ) ;
#1541 = CARTESIAN_POINT ( 'NONE',  ( 9.900000000000000355, 6.199999999999999289, 0.000000000000000000 ) ) ;
#1542 = CC_DESIGN_APPROVAL ( #1177, ( #234 ) ) ;
#1543 = FACE_OUTER_BOUND ( 'NONE', #546, .T. ) ;
#1544 = EDGE_CURVE ( 'NONE', #1, #80, #1255, .T. ) ;
#1545 = FACE_OUTER_BOUND ( 'NONE', #562, .T. ) ;
#1546 = VERTEX_POINT ( 'NONE', #1450 ) ;
#1547 = ORIENTED_EDGE ( 'NONE', *, *, #980, .T. ) ;
#1548 = DIRECTION ( 'NONE',  ( 1.000000000000000000, 0.000000000000000000, 0.000000000000000000 ) ) ;
#1549 = DIRECTION ( 'NONE',  ( 0.000000000000000000, -1.000000000000000000, 0.000000000000000000 ) ) ;
#1550 = EDGE_CURVE ( 'NONE', #1311, #814, #684, .T. ) ;
#1551 = DIRECTION ( 'NONE',  ( 0.000000000000000000, 1.000000000000000000, 0.000000000000000000 ) ) ;
#1552 = AXIS2_PLACEMENT_3D ( 'NONE', #1396, #1125, #349 ) ;
#1553 = DIRECTION ( 'NONE',  ( 0.000000000000000000, 0.000000000000000000, -1.000000000000000000 ) ) ;
#1554 = DIRECTION ( 'NONE',  ( 1.000000000000000000, 0.000000000000000000, 0.000000000000000000 ) ) ;
#1555 = CIRCLE ( 'NONE', #459, 0.8000000000000020428 ) ;
#1556 = ORIENTED_EDGE ( 'NONE', *, *, #639, .F. ) ;
#1557 = VERTEX_POINT ( 'NONE', #1316 ) ;
#1558 = MANIFOLD_SOLID_BREP ( '切除-拉伸4', #448 ) ;
#1559 = CYLINDRICAL_SURFACE ( 'NONE', #1246, 4.599999999999999645 ) ;
#1560 = VERTEX_POINT ( 'NONE', #303 ) ;
#1561 = CARTESIAN_POINT ( 'NONE',  ( 33.09999999999999432, -9.402769590586176562, 1.199999999999999956 ) ) ;
#1562 = CARTESIAN_POINT ( 'NONE',  ( 38.80000000000000426, 0.000000000000000000, 3.500000000000000444 ) ) ;
#1563 = CARTESIAN_POINT ( 'NONE',  ( 0.000000000000000000, 3.199999999999998845, 5.400000000000000355 ) ) ;
#1564 = LINE ( 'NONE', #1457, #877 ) ;
#1565 = CARTESIAN_POINT ( 'NONE',  ( 43.00000000000000000, 0.000000000000000000, 1.199999999999999734 ) ) ;
#1566 = VERTEX_POINT ( 'NONE', #1170 ) ;
#1567 = EDGE_LOOP ( 'NONE', ( #1357, #609, #638, #1172 ) ) ;
#1568 = FACE_OUTER_BOUND ( 'NONE', #1340, .T. ) ;
#1569 = EDGE_LOOP ( 'NONE', ( #385, #1275, #518, #1124, #288, #400, #258, #161, #98 ) ) ;
#1570 = FACE_OUTER_BOUND ( 'NONE', #106, .T. ) ;
#1571 = CC_DESIGN_SECURITY_CLASSIFICATION ( #899, ( #234 ) ) ;
#1572 = DIRECTION ( 'NONE',  ( 1.000000000000000000, 0.000000000000000000, 0.000000000000000000 ) ) ;
#1573 = DIRECTION ( 'NONE',  ( 0.000000000000000000, 0.000000000000000000, -1.000000000000000000 ) ) ;
#1574 = EDGE_CURVE ( 'NONE', #1311, #78, #313, .T. ) ;
#1575 = CARTESIAN_POINT ( 'NONE',  ( 0.000000000000000000, 0.000000000000000000, 5.400000000000000355 ) ) ;
#1576 = DIRECTION ( 'NONE',  ( -1.000000000000000000, 0.000000000000000000, -0.000000000000000000 ) ) ;
#1577 = ADVANCED_FACE ( 'NONE', ( #1191 ), #1198, .T. ) ;
#1578 = VECTOR ( 'NONE', #993, 1000.000000000000000 ) ;
#1579 = ORIENTED_EDGE ( 'NONE', *, *, #321, .F. ) ;
#1580 = ORIENTED_EDGE ( 'NONE', *, *, #1352, .F. ) ;
#1581 = DIRECTION ( 'NONE',  ( -0.000000000000000000, -0.000000000000000000, 1.000000000000000000 ) ) ;
#1582 = CIRCLE ( 'NONE', #856, 4.599999999999999645 ) ;
#1583 = DIRECTION ( 'NONE',  ( 1.000000000000000000, 0.000000000000000000, 0.000000000000000000 ) ) ;
#1584 = PLANE ( 'NONE',  #1650 ) ;
#1585 = VECTOR ( 'NONE', #396, 1000.000000000000000 ) ;
#1586 = ORIENTED_EDGE ( 'NONE', *, *, #869, .T. ) ;
#1587 = ORIENTED_EDGE ( 'NONE', *, *, #57, .F. ) ;
#1588 = CARTESIAN_POINT ( 'NONE',  ( 0.000000000000000000, -4.599999999999999645, 1.199999999999999734 ) ) ;
#1589 = AXIS2_PLACEMENT_3D ( 'NONE', #1359, #326, #1327 ) ;
#1590 = FACE_OUTER_BOUND ( 'NONE', #615, .T. ) ;
#1591 = EDGE_CURVE ( 'NONE', #1184, #402, #1072, .T. ) ;
#1592 = CARTESIAN_POINT ( 'NONE',  ( 19.99999999999999645, -4.599999999999998757, 0.000000000000000000 ) ) ;
#1593 = DIRECTION ( 'NONE',  ( 1.000000000000000000, 0.000000000000000000, 0.000000000000000000 ) ) ;
#1594 = CIRCLE ( 'NONE', #1379, 4.599999999999999645 ) ;
#1595 = VERTEX_POINT ( 'NONE', #1332 ) ;
#1596 = EDGE_LOOP ( 'NONE', ( #893, #1654, #399, #454 ) ) ;
#1597 = CARTESIAN_POINT ( 'NONE',  ( 0.000000000000000000, -4.599999999999999645, 5.400000000000000355 ) ) ;
#1598 = DIRECTION ( 'NONE',  ( -1.000000000000000000, 0.000000000000000000, 0.000000000000000000 ) ) ;
#1599 = VECTOR ( 'NONE', #103, 1000.000000000000000 ) ;
#1600 = EDGE_CURVE ( 'NONE', #687, #1091, #741, .T. ) ;
#1601 = PLANE ( 'NONE',  #1472 ) ;
#1602 = ORIENTED_EDGE ( 'NONE', *, *, #332, .T. ) ;
#1604 = EDGE_LOOP ( 'NONE', ( #1161, #949, #437, #1288 ) ) ;
#1603 = VECTOR ( 'NONE', #1372, 1000.000000000000000 ) ;
#1605 = LINE ( 'NONE', #74, #946 ) ;
#1606 = AXIS2_PLACEMENT_3D ( 'NONE', #1417, #267, #896 ) ;
#1607 = CARTESIAN_POINT ( 'NONE',  ( 0.000000000000000000, -4.599999999999999645, 0.000000000000000000 ) ) ;
#1608 = CARTESIAN_POINT ( 'NONE',  ( 0.000000000000000000, 3.199999999999998845, 7.000000000000000000 ) ) ;
#1609 = CALENDAR_DATE ( 2020, 30, 7 ) ;
#1610 = VECTOR ( 'NONE', #1064, 1000.000000000000000 ) ;
#1611 = ORIENTED_EDGE ( 'NONE', *, *, #178, .T. ) ;
#1612 = ORIENTED_EDGE ( 'NONE', *, *, #1574, .T. ) ;
#1613 = CARTESIAN_POINT ( 'NONE',  ( 40.36874999999999147, -0.7993894154290613896, 3.949999999999982858 ) ) ;
#1614 = CARTESIAN_POINT ( 'NONE',  ( 43.00000000000000000, 0.000000000000000000, 1.199999999999999734 ) ) ;
#1615 = CARTESIAN_POINT ( 'NONE',  ( 43.00000000000000000, -6.200000000000000178, 7.000000000000000000 ) ) ;
#1616 = EDGE_LOOP ( 'NONE', ( #692, #844, #1006, #1290 ) ) ;
#1617 = EDGE_LOOP ( 'NONE', ( #839, #857 ) ) ;
#1618 = CC_DESIGN_PERSON_AND_ORGANIZATION_ASSIGNMENT ( #1240, #460, ( #1004 ) ) ;
#1619 = DIRECTION ( 'NONE',  ( -0.000000000000000000, -0.000000000000000000, 1.000000000000000000 ) ) ;
#1620 = CARTESIAN_POINT ( 'NONE',  ( 37.00000000000000000, -1.500000000000000222, 3.500000000000000444 ) ) ;
#1621 = DIRECTION ( 'NONE',  ( -1.000000000000000000, 0.000000000000000000, 0.000000000000000000 ) ) ;
#1622 = DATE_AND_TIME ( #827, #475 ) ;
#1623 = EDGE_CURVE ( 'NONE', #298, #1184, #177, .T. ) ;
#1624 = LOCAL_TIME ( 11, 48, 15.00000000000000000, #1474 ) ;
#1625 = ADVANCED_FACE ( 'NONE', ( #294 ), #1065, .F. ) ;
#1626 = CARTESIAN_POINT ( 'NONE',  ( 0.000000000000000000, -6.200000000000000178, 1.199999999999999734 ) ) ;
#1627 = ORIENTED_EDGE ( 'NONE', *, *, #137, .F. ) ;
#1628 = CARTESIAN_POINT ( 'NONE',  ( 10.00000000000000000, -6.200000000000000178, 1.199999999999999956 ) ) ;
#1629 = ORIENTED_EDGE ( 'NONE', *, *, #489, .T. ) ;
#1630 = CARTESIAN_POINT ( 'NONE',  ( 43.00000000000000000, -4.599999999999999645, 0.000000000000000000 ) ) ;
#1631 = LINE ( 'NONE', #597, #1603 ) ;
#1632 = APPROVAL_STATUS ( 'not_yet_approved' ) ;
#1633 = CARTESIAN_POINT ( 'NONE',  ( 0.000000000000000000, 0.000000000000000000, 7.000000000000000000 ) ) ;
#1634 = ORIENTED_EDGE ( 'NONE', *, *, #891, .F. ) ;
#1635 = CARTESIAN_POINT ( 'NONE',  ( 40.24999999999999289, 3.367778697655221998E-16, 3.500000000000001332 ) ) ;
#1636 = VECTOR ( 'NONE', #231, 1000.000000000000000 ) ;
#1637 = EDGE_LOOP ( 'NONE', ( #1415, #421, #911, #1154 ) ) ;
#1638 = CARTESIAN_POINT ( 'NONE',  ( 38.00000000000000000, 0.000000000000000000, 3.500000000000000444 ) ) ;
#1639 = AXIS2_PLACEMENT_3D ( 'NONE', #1294, #629, #652 ) ;
#1640 = CARTESIAN_POINT ( 'NONE',  ( 37.00000000000000000, -1.500000000000000222, 5.400000000000000355 ) ) ;
#1641 = EDGE_CURVE ( 'NONE', #646, #397, #929, .T. ) ;
#1642 = CARTESIAN_POINT ( 'NONE',  ( 35.60074261123835271, -1.500000000000000000, 4.719405911009281418 ) ) ;
#1643 = VERTEX_POINT ( 'NONE', #1180 ) ;
#1644 = DIRECTION ( 'NONE',  ( 0.000000000000000000, 1.000000000000000000, 0.000000000000000000 ) ) ;
#1645 = VERTEX_POINT ( 'NONE', #551 ) ;
#1646 = ADVANCED_FACE ( 'NONE', ( #148, #426, #918, #566 ), #1584, .F. ) ;
#1647 = CARTESIAN_POINT ( 'NONE',  ( 19.99999999999999645, -6.200000000000000178, 0.000000000000000000 ) ) ;
#1648 = DIRECTION ( 'NONE',  ( 0.000000000000000000, 0.000000000000000000, 1.000000000000000000 ) ) ;
#1649 = EDGE_CURVE ( 'NONE', #64, #646, #22, .T. ) ;
#1650 = AXIS2_PLACEMENT_3D ( 'NONE', #185, #1081, #1305 ) ;
#1651 = DIRECTION ( 'NONE',  ( 0.000000000000000000, 0.000000000000000000, -1.000000000000000000 ) ) ;
#1652 = VERTEX_POINT ( 'NONE', #444 ) ;
#1653 = CARTESIAN_POINT ( 'NONE',  ( 2.304886114323221769, 1.500000000000000000, 5.400000000000000355 ) ) ;
#1654 = ORIENTED_EDGE ( 'NONE', *, *, #1200, .F. ) ;
#1655 = DIRECTION ( 'NONE',  ( -1.000000000000000000, 0.000000000000000000, 0.000000000000000000 ) ) ;
#1656 = VECTOR ( 'NONE', #977, 1000.000000000000000 ) ;
#1657 = FACE_OUTER_BOUND ( 'NONE', #453, .T. ) ;
ENDSEC;
END-ISO-10303-21;
