ISO-10303-21;
HEADER;
FILE_DESCRIPTION((''),'2;1');
FILE_NAME('GX12-CE-L-2','2024-09-26T',('Administrator'),(''),
'PRO/ENGINEER BY PARAMETRIC TECHNOLOGY CORPORATION, 2001280',
'PRO/ENGINEER BY PARAMETRIC TECHNOLOGY CORPORATION, 2001280','');
FILE_SCHEMA(('CONFIG_CONTROL_DESIGN'));
ENDSEC;
DATA;
#1=CARTESIAN_POINT('',(-4.280716010304E1,4.669134073868E1,1.501345883847E0));
#2=DIRECTION('',(-2.304800857119E-1,9.506059430235E-1,-2.079116908178E-1));
#3=DIRECTION('',(9.718430452728E-1,2.356291479313E-1,0.E0));
#4=AXIS2_PLACEMENT_3D('',#1,#2,#3);
#6=CARTESIAN_POINT('',(-4.280716010304E1,4.669134073868E1,1.501345883847E0));
#7=DIRECTION('',(-2.304800857119E-1,9.506059430235E-1,-2.079116908178E-1));
#8=DIRECTION('',(-9.718430452728E-1,-2.356291479313E-1,0.E0));
#9=AXIS2_PLACEMENT_3D('',#6,#7,#8);
#11=CARTESIAN_POINT('',(-5.196728793039E1,4.160795658311E1,-1.158626901397E1));
#12=DIRECTION('',(-2.304800857119E-1,9.506059430235E-1,-2.079116908178E-1));
#13=DIRECTION('',(-9.718430452728E-1,-2.356291479313E-1,0.E0));
#14=AXIS2_PLACEMENT_3D('',#11,#12,#13);
#16=CARTESIAN_POINT('',(-5.196728793039E1,4.160795658311E1,-1.158626901397E1));
#17=DIRECTION('',(-2.304800857119E-1,9.506059430235E-1,-2.079116908178E-1));
#18=DIRECTION('',(9.718430452728E-1,2.356291479313E-1,0.E0));
#19=AXIS2_PLACEMENT_3D('',#16,#17,#18);
#21=CARTESIAN_POINT('',(-7.649250181715E1,4.030928878771E1,9.663387785180E0));
#22=DIRECTION('',(2.304800857119E-1,-9.506059430235E-1,2.079116908178E-1));
#23=DIRECTION('',(9.718430452728E-1,2.356291479313E-1,0.E0));
#24=AXIS2_PLACEMENT_3D('',#21,#22,#23);
#26=CARTESIAN_POINT('',(-7.649250181715E1,4.030928878771E1,9.663387785180E0));
#27=DIRECTION('',(2.304800857119E-1,-9.506059430235E-1,2.079116908178E-1));
#28=DIRECTION('',(-9.718430452728E-1,-2.356291479313E-1,0.E0));
#29=AXIS2_PLACEMENT_3D('',#26,#27,#28);
#31=CARTESIAN_POINT('',(-7.626403568880E1,3.869076796583E1,2.009982636229E0));
#32=DIRECTION('',(-2.304800857119E-1,9.506059430235E-1,-2.079116908178E-1));
#33=DIRECTION('',(-8.378843015865E-1,-8.522927036118E-2,5.391529176668E-1));
#34=AXIS2_PLACEMENT_3D('',#31,#32,#33);
#36=CARTESIAN_POINT('',(-7.626403568880E1,3.869076796583E1,2.009982636229E0));
#37=DIRECTION('',(-2.304800857119E-1,9.506059430235E-1,-2.079116908178E-1));
#38=DIRECTION('',(8.378843015865E-1,8.522927036117E-2,-5.391529176668E-1));
#39=AXIS2_PLACEMENT_3D('',#36,#37,#38);
#41=DIRECTION('',(-3.112322019187E-4,2.135921359306E-1,9.769228744395E-1));
#42=VECTOR('',#41,1.2E0);
#43=CARTESIAN_POINT('',(-6.768134505401E1,3.664167630406E1,-1.687312090251E1));
#44=LINE('',#43,#42);
#45=DIRECTION('',(9.730769924160E-1,2.252259961567E-1,-4.893278538765E-2));
#46=VECTOR('',#45,8.199999981700E0);
#47=CARTESIAN_POINT('',(-7.566057637401E1,3.479482313970E1,-1.647187206323E1));
#48=LINE('',#47,#46);
#49=DIRECTION('',(3.112322019187E-4,-2.135921359306E-1,-9.769228744395E-1));
#50=VECTOR('',#49,1.2E0);
#51=CARTESIAN_POINT('',(-7.566094985266E1,3.505113370281E1,-1.529956461390E1));
#52=LINE('',#51,#50);
#53=DIRECTION('',(9.730769924160E-1,2.252259961567E-1,-4.893278538765E-2));
#54=VECTOR('',#53,8.199999981700E0);
#55=CARTESIAN_POINT('',(-7.566094985266E1,3.505113370281E1,-1.529956461390E1));
#56=LINE('',#55,#54);
#57=DIRECTION('',(3.112322019187E-4,-2.135921359306E-1,-9.769228744395E-1));
#58=VECTOR('',#57,1.2E0);
#59=CARTESIAN_POINT('',(-7.566468463539E1,3.761423680235E1,-3.576501699738E0));
#60=LINE('',#59,#58);
#61=DIRECTION('',(-9.730769924160E-1,-2.252259961567E-1,4.893278538765E-2));
#62=VECTOR('',#61,8.199999981700E0);
#63=CARTESIAN_POINT('',(-6.768545331539E1,3.946108996671E1,-3.977750539021E0));
#64=LINE('',#63,#62);
#65=DIRECTION('',(-3.112322019187E-4,2.135921359306E-1,9.769228744395E-1));
#66=VECTOR('',#65,1.2E0);
#67=CARTESIAN_POINT('',(-6.768507983674E1,3.920477940360E1,-5.150057988348E0));
#68=LINE('',#67,#66);
#69=DIRECTION('',(-9.730769924160E-1,-2.252259961567E-1,4.893278538765E-2));
#70=VECTOR('',#69,8.199999981700E0);
#71=CARTESIAN_POINT('',(-6.768507983674E1,3.920477940360E1,-5.150057988348E0));
#72=LINE('',#71,#70);
#73=DIRECTION('',(-3.112322019305E-4,2.135921359306E-1,9.769228744395E-1));
#74=VECTOR('',#73,1.2E0);
#75=CARTESIAN_POINT('',(-4.865851750743E1,4.612676036735E1,5.406503388934E0));
#76=LINE('',#75,#74);
#77=DIRECTION('',(9.730769924160E-1,2.252259961567E-1,-4.893278538765E-2));
#78=VECTOR('',#77,8.199999981701E0);
#79=CARTESIAN_POINT('',(-5.663774882744E1,4.427990720298E1,5.807752228217E0));
#80=LINE('',#79,#78);
#81=DIRECTION('',(3.112322019187E-4,-2.135921359306E-1,-9.769228744395E-1));
#82=VECTOR('',#81,1.2E0);
#83=CARTESIAN_POINT('',(-5.663812230608E1,4.453621776610E1,6.980059677545E0));
#84=LINE('',#83,#82);
#85=DIRECTION('',(9.730769924160E-1,2.252259961567E-1,-4.893278538765E-2));
#86=VECTOR('',#85,8.199999981700E0);
#87=CARTESIAN_POINT('',(-5.663812230608E1,4.453621776610E1,6.980059677545E0));
#88=LINE('',#87,#86);
#89=DIRECTION('',(-9.730769924445E-1,-2.252259766481E-1,4.893287461586E-2));
#90=VECTOR('',#89,2.165411735203E0);
#91=CARTESIAN_POINT('',(-5.793983902830E1,4.633536449047E1,1.664906550576E1));
#92=LINE('',#91,#90);
#93=DIRECTION('',(-3.112322019200E-4,2.135921359306E-1,9.769228744395E-1));
#94=VECTOR('',#93,2.821812449219E0);
#95=CARTESIAN_POINT('',(-5.761051458765E1,4.384108907090E1,4.879762139166E0));
#96=LINE('',#95,#94);
#97=DIRECTION('',(-9.730769924160E-1,-2.252259961567E-1,4.893278538765E-2));
#98=VECTOR('',#97,1.019999998170E1);
#99=CARTESIAN_POINT('',(-4.768512928281E1,4.613839422757E1,4.380647729107E0));
#100=LINE('',#99,#98);
#101=DIRECTION('',(3.112322019181E-4,-2.135921359306E-1,-9.769228744395E-1));
#102=VECTOR('',#101,2.823680600880E0);
#103=CARTESIAN_POINT('',(-4.768600810314E1,4.674151019830E1,7.139165898217E0));
#104=LINE('',#103,#102);
#105=DIRECTION('',(-5.395333867213E-1,5.297221067180E-2,8.402961796352E-1));
#106=VECTOR('',#105,5.123644135747E0);
#107=CARTESIAN_POINT('',(-4.599349256604E1,4.847328464152E1,1.318088460436E1));
#108=LINE('',#107,#106);
#109=DIRECTION('',(-3.112322019092E-4,2.135921359306E-1,9.769228744395E-1));
#110=VECTOR('',#109,1.E0);
#111=CARTESIAN_POINT('',(-6.004695136700E1,4.584765751757E1,1.675502532669E1));
#112=LINE('',#111,#110);
#113=DIRECTION('',(9.730769924160E-1,2.252259961567E-1,-4.893278538765E-2));
#114=VECTOR('',#113,1.8E0);
#115=CARTESIAN_POINT('',(-7.152856585034E1,4.271356021271E1,1.515334514955E1));
#116=LINE('',#115,#114);
#117=DIRECTION('',(-3.113210788399E-4,2.135921153593E-1,9.769228789088E-1));
#118=VECTOR('',#117,1.E0);
#119=CARTESIAN_POINT('',(-6.977702726399E1,4.311896700579E1,1.506526613585E1));
#120=LINE('',#119,#118);
#121=DIRECTION('',(-3.113210788683E-4,2.135921153593E-1,9.769228789088E-1));
#122=VECTOR('',#121,3.E0);
#123=CARTESIAN_POINT('',(-7.250102020060E1,4.206114998583E1,1.324843217712E1));
#124=LINE('',#123,#122);
#125=DIRECTION('',(-9.730769924160E-1,-2.252259961567E-1,4.893278538765E-2));
#126=VECTOR('',#125,1.E0);
#127=CARTESIAN_POINT('',(-7.152794320818E1,4.228637598199E1,1.319949939173E1));
#128=LINE('',#127,#126);
#129=DIRECTION('',(3.113210788612E-4,-2.135921153593E-1,-9.769228789088E-1));
#130=VECTOR('',#129,2.E0);
#131=CARTESIAN_POINT('',(-7.152856585034E1,4.271356021271E1,1.515334514955E1));
#132=LINE('',#131,#130);
#133=DIRECTION('',(-9.730769924160E-1,-2.252259961567E-1,4.893278538765E-2));
#134=VECTOR('',#133,8.699999844696E0);
#135=CARTESIAN_POINT('',(-6.670795682939E1,3.665331016429E1,-1.789897656234E1));
#136=LINE('',#135,#134);
#137=DIRECTION('',(3.112322019215E-4,-2.135921359306E-1,-9.769228744395E-1));
#138=VECTOR('',#137,2.831802259636E0);
#139=CARTESIAN_POINT('',(-6.670883817745E1,3.725816085745E1,-1.513252415901E1));
#140=LINE('',#139,#138);
#141=DIRECTION('',(3.112322019191E-4,-2.135921359306E-1,-9.769228744395E-1));
#142=VECTOR('',#141,2.781299592723E0);
#143=CARTESIAN_POINT('',(-6.671268755517E1,3.989990809880E1,-3.049760449969E0));
#144=LINE('',#143,#142);
#145=DIRECTION('',(9.730769924160E-1,2.252259961567E-1,-4.893278538765E-2));
#146=VECTOR('',#145,1.019999998170E1);
#147=CARTESIAN_POINT('',(-7.663807286001E1,3.760260294212E1,-2.550646039911E0));
#148=LINE('',#147,#146);
#149=DIRECTION('',(-3.112322019217E-4,2.135921359306E-1,9.769228744395E-1));
#150=VECTOR('',#149,2.778607971983E0);
#151=CARTESIAN_POINT('',(-7.663720806773E1,3.700911413047E1,-5.265131726841E0));
#152=LINE('',#151,#150);
#153=DIRECTION('',(-3.112322019232E-4,2.135921359306E-1,9.769228744395E-1));
#154=VECTOR('',#153,1.329112365145E0);
#155=CARTESIAN_POINT('',(-7.663380898257E1,3.467639324077E1,-1.593447770678E1));
#156=LINE('',#155,#154);
#157=DIRECTION('',(9.641699394942E-1,2.519399746082E-1,8.308174871886E-2));
#158=VECTOR('',#157,2.787025217990E0);
#159=CARTESIAN_POINT('',(-7.421460178587E1,3.935857306574E1,2.791399950963E0));
#160=LINE('',#159,#158);
#161=DIRECTION('',(9.641699394942E-1,2.519399746082E-1,8.308174871886E-2));
#162=VECTOR('',#161,7.174082403215E-1);
#163=CARTESIAN_POINT('',(-7.917882437657E1,3.803694552566E1,2.251783609932E0));
#164=LINE('',#163,#162);
#165=CARTESIAN_POINT('',(-8.216680343659E1,3.714836024746E1,1.501345883847E0));
#166=DIRECTION('',(-2.304800857119E-1,9.506059430235E-1,-2.079116908178E-1));
#167=DIRECTION('',(-9.705367947261E-1,-2.091412345999E-1,1.196589907728E-1));
#168=AXIS2_PLACEMENT_3D('',#165,#166,#167);
#170=DIRECTION('',(-9.641699394942E-1,-2.519399746082E-1,-8.308174871886E-2));
#171=VECTOR('',#170,7.174082403215E-1);
#172=CARTESIAN_POINT('',(-7.835576164671E1,3.803637582572E1,1.336774319574E0));
#173=LINE('',#172,#171);
#174=CARTESIAN_POINT('',(-7.626403568880E1,3.869076796583E1,2.009982636229E0));
#175=DIRECTION('',(-2.304800857119E-1,9.506059430235E-1,-2.079116908178E-1));
#176=DIRECTION('',(-1.314023556345E-1,-2.421119223062E-1,-9.613091271859E-1));
#177=AXIS2_PLACEMENT_3D('',#174,#175,#176);
#179=DIRECTION('',(-1.313592701943E-1,1.813135137901E-1,9.746128215097E-1));
#180=VECTOR('',#179,2.046967221221E0);
#181=CARTESIAN_POINT('',(-7.629642185051E1,3.776452021534E1,-2.189070565481E0));
#182=LINE('',#181,#180);
#183=DIRECTION('',(-9.641699394942E-1,-2.519399746082E-1,-8.308174871886E-2));
#184=VECTOR('',#183,1.226898562561E0);
#185=CARTESIAN_POINT('',(-7.511348313768E1,3.807362500804E1,-2.087137687403E0));
#186=LINE('',#185,#184);
#187=DIRECTION('',(1.313592701943E-1,-1.813135137901E-1,-9.746128215097E-1));
#188=VECTOR('',#187,2.046967221221E0);
#189=CARTESIAN_POINT('',(-7.538237125797E1,3.844476782753E1,
-9.213718839051E-2));
#190=LINE('',#189,#188);
#191=DIRECTION('',(-9.641699394942E-1,-2.519399746082E-1,-8.308174871886E-2));
#192=VECTOR('',#191,2.787025217990E0);
#193=CARTESIAN_POINT('',(-7.136627135029E1,3.983828283895E1,1.827199810034E0));
#194=LINE('',#193,#192);
#195=DIRECTION('',(1.313592701943E-1,-1.813135137901E-1,-9.746128215097E-1));
#196=VECTOR('',#195,1.226898562560E0);
#197=CARTESIAN_POINT('',(-7.152743585007E1,4.006073612839E1,3.022950879797E0));
#198=LINE('',#197,#196);
#199=DIRECTION('',(-4.942361366782E-1,-2.984123563327E-1,-8.165051786666E-1));
#200=VECTOR('',#199,2.665871348446E0);
#201=CARTESIAN_POINT('',(-5.254493572427E1,4.100112010486E1,-1.372047343449E1));
#202=LINE('',#201,#200);
#203=DIRECTION('',(4.942361366782E-1,2.984123563327E-1,8.165051786666E-1));
#204=VECTOR('',#203,2.665871348446E0);
#205=CARTESIAN_POINT('',(-5.489091425372E1,4.010077633545E1,-1.523636128177E1));
#206=LINE('',#205,#204);
#207=DIRECTION('',(-8.382180929160E-1,-8.543071272329E-2,5.386019142483E-1));
#208=VECTOR('',#207,1.226898562560E0);
#209=CARTESIAN_POINT('',(-5.386250568041E1,4.020559115409E1,-1.589717119616E1));
#210=LINE('',#209,#208);
#211=CARTESIAN_POINT('',(-8.478331152906E1,3.817372029115E1,9.089982936804E0));
#212=CARTESIAN_POINT('',(-8.485162186258E1,3.795331896143E1,8.157997623251E0));
#213=CARTESIAN_POINT('',(-8.499146899489E1,3.750205661062E1,6.247633602629E0));
#214=CARTESIAN_POINT('',(-8.516639242578E1,3.693495723531E1,3.847367117388E0));
#215=CARTESIAN_POINT('',(-8.527279923964E1,3.658732025072E1,2.379325486684E0));
#216=CARTESIAN_POINT('',(-8.530831708181E1,3.647156319984E1,1.889438723696E0));
#218=CARTESIAN_POINT('',(-7.543396661243E1,4.241341465780E1,1.811035517480E1));
#219=CARTESIAN_POINT('',(-7.673360979853E1,4.207137286951E1,1.798720152393E1));
#220=CARTESIAN_POINT('',(-7.910940996608E1,4.134974642319E1,1.731875304423E1));
#221=CARTESIAN_POINT('',(-8.209813820984E1,4.017319804015E1,1.525390163366E1));
#222=CARTESIAN_POINT('',(-8.410701386694E1,3.905740631933E1,1.237788166388E1));
#223=CARTESIAN_POINT('',(-8.468858209282E1,3.844497207342E1,1.022517791679E1));
#224=CARTESIAN_POINT('',(-8.478331152906E1,3.817372029115E1,9.089982936804E0));
#226=CARTESIAN_POINT('',(-4.979710740653E1,4.929233893240E1,2.114222311550E1));
#227=CARTESIAN_POINT('',(-5.399519582247E1,4.816506088838E1,2.064190767031E1));
#228=CARTESIAN_POINT('',(-6.261022637367E1,4.585049929018E1,1.960586558620E1));
#229=CARTESIAN_POINT('',(-7.112438674329E1,4.356666501731E1,1.860582662964E1));
#230=CARTESIAN_POINT('',(-7.543396661243E1,4.241341465780E1,1.811035517480E1));
#232=DIRECTION('',(-5.395333867208E-1,5.297221067200E-2,8.402961796356E-1));
#233=VECTOR('',#232,2.058510484200E1);
#234=CARTESIAN_POINT('',(-3.869075607512E1,4.820190042201E1,3.844638159371E0));
#235=LINE('',#234,#233);
#236=CARTESIAN_POINT('',(-4.432404670699E1,4.607431902354E1,3.617641991385E-1));
#237=DIRECTION('',(2.304800857119E-1,-9.506059430235E-1,2.079116908178E-1));
#238=DIRECTION('',(8.527904022156E-1,9.442191219610E-2,-5.136467973093E-1));
#239=AXIS2_PLACEMENT_3D('',#236,#237,#238);
#241=DIRECTION('',(4.686442787223E-1,2.956904523073E-1,8.324299949156E-1));
#242=VECTOR('',#241,1.491507780506E1);
#243=CARTESIAN_POINT('',(-4.538159355112E1,4.232090595501E1,-1.562710717797E1));
#244=LINE('',#243,#242);
#245=CARTESIAN_POINT('',(-7.008786375714E1,3.510848756844E1,-2.121536680192E1));
#246=CARTESIAN_POINT('',(-6.879338849525E1,3.539189515990E1,-2.135456930878E1));
#247=CARTESIAN_POINT('',(-6.623859519004E1,3.596245172219E1,-2.158068698153E1));
#248=CARTESIAN_POINT('',(-6.262559373103E1,3.679752982275E1,-2.176667857106E1));
#249=CARTESIAN_POINT('',(-5.914845494511E1,3.763326524211E1,-2.180042808708E1));
#250=CARTESIAN_POINT('',(-5.627548564825E1,3.836568483846E1,-2.163643970672E1));
#251=CARTESIAN_POINT('',(-5.407200151405E1,3.896588272843E1,-2.133491709631E1));
#252=CARTESIAN_POINT('',(-5.249848816231E1,3.941800875943E1,-2.101202990380E1));
#253=CARTESIAN_POINT('',(-5.105301484313E1,3.986467404677E1,-2.057220678558E1));
#254=CARTESIAN_POINT('',(-4.933180934251E1,4.045597110624E1,-1.977661045035E1));
#255=CARTESIAN_POINT('',(-4.737649012874E1,4.127473428466E1,-1.820164065983E1));
#256=CARTESIAN_POINT('',(-4.602655322426E1,4.196618755818E1,-1.653396842587E1));
#257=CARTESIAN_POINT('',(-4.538159355112E1,4.232090595501E1,-1.562710717797E1));
#259=CARTESIAN_POINT('',(-8.543713379682E1,3.605110115909E1,1.098176461885E-1));
#260=CARTESIAN_POINT('',(-8.543603282010E1,3.604463107064E1,7.901486778947E-2));
#261=CARTESIAN_POINT('',(-8.543476451404E1,3.603727817820E1,4.202369738806E-2));
#262=CARTESIAN_POINT('',(-8.534764550357E1,3.556710086235E1,-2.197227683333E0));
#263=CARTESIAN_POINT('',(-8.476610405392E1,3.486132576633E1,-6.079013694975E0));
#264=CARTESIAN_POINT('',(-8.349761937673E1,3.434090068231E1,-9.860964483175E0));
#265=CARTESIAN_POINT('',(-8.230993999785E1,3.407845609261E1,-1.237798789849E1));
#266=CARTESIAN_POINT('',(-8.135111853258E1,3.394758231454E1,-1.403916580711E1));
#267=CARTESIAN_POINT('',(-8.035624942842E1,3.387661223090E1,-1.546654045198E1));
#268=CARTESIAN_POINT('',(-7.903043120291E1,3.385155546359E1,-1.705081942487E1));
#269=CARTESIAN_POINT('',(-7.736674910327E1,3.392986667347E1,-1.853711407544E1));
#270=CARTESIAN_POINT('',(-7.530836958457E1,3.415315620068E1,-1.979771721376E1));
#271=CARTESIAN_POINT('',(-7.286129772801E1,3.453979035506E1,-2.074374252966E1));
#272=CARTESIAN_POINT('',(-7.104074120590E1,3.490228714949E1,-2.110183815779E1));
#273=CARTESIAN_POINT('',(-7.008786375714E1,3.510848756844E1,-2.121536680192E1));
#275=CARTESIAN_POINT('',(-8.530831708181E1,3.647156319984E1,1.889438723696E0));
#276=CARTESIAN_POINT('',(-8.534197782401E1,3.636185866798E1,1.425166374052E0));
#277=CARTESIAN_POINT('',(-8.538521082427E1,3.622276028142E1,8.317289675115E-1));
#278=CARTESIAN_POINT('',(-8.542781671773E1,3.608155998488E1,2.387519043697E-1));
#279=CARTESIAN_POINT('',(-8.543713379682E1,3.605110115909E1,1.098176461885E-1));
#281=DIRECTION('',(2.134839826592E-1,-9.545734567921E-1,2.078800248602E-1));
#282=VECTOR('',#281,5.000761640220E0);
#283=CARTESIAN_POINT('',(-3.964867020591E1,4.745713546945E1,1.501345883847E0));
#284=LINE('',#283,#282);
#285=DIRECTION('',(2.474059822979E-1,-9.463488654758E-1,2.078800248602E-1));
#286=VECTOR('',#285,5.000761640220E0);
#287=CARTESIAN_POINT('',(-4.596565000018E1,4.592554600790E1,1.501345883847E0));
#288=LINE('',#287,#286);
#289=CARTESIAN_POINT('',(-4.165475967448E1,4.193831102356E1,2.540904337936E0));
#290=DIRECTION('',(-2.304800857119E-1,9.506059430235E-1,-2.079116908178E-1));
#291=DIRECTION('',(9.718430452728E-1,2.356291479313E-1,0.E0));
#292=AXIS2_PLACEMENT_3D('',#289,#290,#291);
#294=CARTESIAN_POINT('',(-4.165475967448E1,4.193831102356E1,2.540904337936E0));
#295=DIRECTION('',(-2.304800857119E-1,9.506059430235E-1,-2.079116908178E-1));
#296=DIRECTION('',(-9.718430452728E-1,-2.356291479313E-1,0.E0));
#297=AXIS2_PLACEMENT_3D('',#294,#295,#296);
#299=CARTESIAN_POINT('',(-4.165475967448E1,4.193831102356E1,2.540904337936E0));
#300=DIRECTION('',(-2.304800857119E-1,9.506059430235E-1,-2.079116908178E-1));
#301=DIRECTION('',(9.718430452728E-1,2.356291479313E-1,0.E0));
#302=AXIS2_PLACEMENT_3D('',#299,#300,#301);
#304=CARTESIAN_POINT('',(-4.165475967448E1,4.193831102356E1,2.540904337936E0));
#305=DIRECTION('',(-2.304800857119E-1,9.506059430235E-1,-2.079116908178E-1));
#306=DIRECTION('',(-9.718430452728E-1,-2.356291479313E-1,0.E0));
#307=AXIS2_PLACEMENT_3D('',#304,#305,#306);
#309=CARTESIAN_POINT('',(-8.101440300803E1,3.239533053234E1,2.540904337936E0));
#310=DIRECTION('',(-2.304800857119E-1,9.506059430235E-1,-2.079116908178E-1));
#311=DIRECTION('',(9.718430452728E-1,2.356291479313E-1,3.298948416029E-14));
#312=AXIS2_PLACEMENT_3D('',#309,#310,#311);
#314=CARTESIAN_POINT('',(-8.101440300803E1,3.239533053234E1,2.540904337936E0));
#315=DIRECTION('',(-2.304800857119E-1,9.506059430235E-1,-2.079116908178E-1));
#316=DIRECTION('',(-9.718430452728E-1,-2.356291479313E-1,0.E0));
#317=AXIS2_PLACEMENT_3D('',#314,#315,#316);
#319=DIRECTION('',(9.641699394942E-1,2.519399746082E-1,8.308174871886E-2));
#320=VECTOR('',#319,8.195290733987E-1);
#321=CARTESIAN_POINT('',(-7.808773249434E1,3.324907585906E1,3.200011625354E0));
#322=LINE('',#321,#320);
#323=CARTESIAN_POINT('',(-7.511163526024E1,3.393773825072E1,3.049541090317E0));
#324=DIRECTION('',(-2.304800857119E-1,9.506059430235E-1,-2.079116908178E-1));
#325=DIRECTION('',(-9.236922696602E-1,-2.809335764300E-1,-2.605166340261E-1));
#326=AXIS2_PLACEMENT_3D('',#323,#324,#325);
#328=DIRECTION('',(-9.641699394942E-1,-2.519399746082E-1,-8.308174871886E-2));
#329=VECTOR('',#328,8.195290733987E-1);
#330=CARTESIAN_POINT('',(-7.718913677294E1,3.330588287077E1,2.463606013181E0));
#331=LINE('',#330,#329);
#332=DIRECTION('',(-2.304800857119E-1,9.506059430235E-1,-2.079116908178E-1));
#333=VECTOR('',#332,2.E0);
#334=CARTESIAN_POINT('',(-4.063432447695E1,4.218572162889E1,2.540904337936E0));
#335=LINE('',#334,#333);
#336=DIRECTION('',(-2.304800857119E-1,9.506059430235E-1,-2.079116908178E-1));
#337=VECTOR('',#336,2.E0);
#338=CARTESIAN_POINT('',(-4.267519487202E1,4.169090041823E1,2.540904337936E0));
#339=LINE('',#338,#337);
#340=CARTESIAN_POINT('',(-8.147536317946E1,3.429654241839E1,2.125080956300E0));
#341=DIRECTION('',(-2.304800857119E-1,9.506059430235E-1,-2.079116908178E-1));
#342=DIRECTION('',(9.718430452728E-1,2.356291479313E-1,0.E0));
#343=AXIS2_PLACEMENT_3D('',#340,#341,#342);
#345=CARTESIAN_POINT('',(-8.147536317946E1,3.429654241839E1,2.125080956300E0));
#346=DIRECTION('',(-2.304800857119E-1,9.506059430235E-1,-2.079116908178E-1));
#347=DIRECTION('',(-9.718430452728E-1,-2.356291479313E-1,0.E0));
#348=AXIS2_PLACEMENT_3D('',#345,#346,#347);
#350=CARTESIAN_POINT('',(-4.211571984591E1,4.383952290961E1,2.125080956300E0));
#351=DIRECTION('',(-2.304800857119E-1,9.506059430235E-1,-2.079116908178E-1));
#352=DIRECTION('',(9.718430452728E-1,2.356291479313E-1,0.E0));
#353=AXIS2_PLACEMENT_3D('',#350,#351,#352);
#355=CARTESIAN_POINT('',(-4.211571984591E1,4.383952290961E1,2.125080956300E0));
#356=DIRECTION('',(-2.304800857119E-1,9.506059430235E-1,-2.079116908178E-1));
#357=DIRECTION('',(-9.718430452728E-1,-2.356291479313E-1,0.E0));
#358=AXIS2_PLACEMENT_3D('',#355,#356,#357);
#360=CARTESIAN_POINT('',(-4.211571984591E1,4.383952290961E1,2.125080956300E0));
#361=DIRECTION('',(-2.304800857119E-1,9.506059430235E-1,-2.079116908178E-1));
#362=DIRECTION('',(9.718430452728E-1,2.356291479313E-1,0.E0));
#363=AXIS2_PLACEMENT_3D('',#360,#361,#362);
#365=CARTESIAN_POINT('',(-4.211571984591E1,4.383952290961E1,2.125080956300E0));
#366=DIRECTION('',(-2.304800857119E-1,9.506059430235E-1,-2.079116908178E-1));
#367=DIRECTION('',(-9.718430452728E-1,-2.356291479313E-1,0.E0));
#368=AXIS2_PLACEMENT_3D('',#365,#366,#367);
#370=CARTESIAN_POINT('',(-8.147536317946E1,3.429654241839E1,2.125080956300E0));
#371=DIRECTION('',(-2.304800857119E-1,9.506059430235E-1,-2.079116908178E-1));
#372=DIRECTION('',(9.718430452728E-1,2.356291479313E-1,0.E0));
#373=AXIS2_PLACEMENT_3D('',#370,#371,#372);
#375=CARTESIAN_POINT('',(-8.147536317946E1,3.429654241839E1,2.125080956300E0));
#376=DIRECTION('',(-2.304800857119E-1,9.506059430235E-1,-2.079116908178E-1));
#377=DIRECTION('',(-9.718430452728E-1,-2.356291479313E-1,0.E0));
#378=AXIS2_PLACEMENT_3D('',#375,#376,#377);
#380=DIRECTION('',(-2.134839826782E-1,9.545734568707E-1,-2.078800244801E-1));
#381=VECTOR('',#380,5.304298351639E0);
#382=CARTESIAN_POINT('',(-7.953167708891E1,3.476780071425E1,2.125080956300E0));
#383=LINE('',#382,#381);
#384=CARTESIAN_POINT('',(-8.274300365086E1,3.952487510498E1,9.815666568105E-1));
#385=DIRECTION('',(-2.304800857119E-1,9.506059430235E-1,-2.079116908178E-1));
#386=DIRECTION('',(9.718430452728E-1,2.356291479313E-1,0.E0));
#387=AXIS2_PLACEMENT_3D('',#384,#385,#386);
#389=CARTESIAN_POINT('',(-8.046891633404E1,3.987494370750E1,1.023148995166E0));
#390=DIRECTION('',(-4.899005463913E-2,2.020575307311E-1,9.781476007338E-1));
#391=DIRECTION('',(-2.304800892823E-1,9.506059421578E-1,-2.079116908178E-1));
#392=AXIS2_PLACEMENT_3D('',#389,#390,#391);
#394=CARTESIAN_POINT('',(-8.269771210401E1,3.933807192206E1,1.022423297669E0));
#395=DIRECTION('',(-2.304800857119E-1,9.506059430235E-1,-2.079116908178E-1));
#396=DIRECTION('',(9.718430452728E-1,2.356291479313E-1,0.E0));
#397=AXIS2_PLACEMENT_3D('',#394,#395,#396);
#399=DIRECTION('',(1.199769900300E-2,2.164240357010E-1,9.762257382335E-1));
#400=VECTOR('',#399,5.516433126732E0);
#401=CARTESIAN_POINT('',(-4.254117877230E1,4.971631259586E1,3.012818489234E0));
#402=LINE('',#401,#400);
#403=DIRECTION('',(-5.395333867214E-1,5.297221067177E-2,8.402961796352E-1));
#404=VECTOR('',#403,1.460195680394E1);
#405=CARTESIAN_POINT('',(-4.247499426808E1,5.091020131582E1,8.398102490794E0));
#406=LINE('',#405,#404);
#407=CARTESIAN_POINT('',(-5.035323747527E1,5.168369924786E1,2.066807100834E1));
#408=CARTESIAN_POINT('',(-5.456049907321E1,5.055396223211E1,2.016668165831E1));
#409=CARTESIAN_POINT('',(-6.318430106697E1,4.823626317840E1,1.912968431072E1));
#410=CARTESIAN_POINT('',(-7.170728664695E1,4.595083694415E1,1.812848369132E1));
#411=CARTESIAN_POINT('',(-7.601666533744E1,4.479764026764E1,1.763303466769E1));
#413=CARTESIAN_POINT('',(-7.601666533744E1,4.479764026764E1,1.763303466769E1));
#414=CARTESIAN_POINT('',(-7.732081807650E1,4.445440134926E1,1.750940659990E1));
#415=CARTESIAN_POINT('',(-7.970551753553E1,4.372948649165E1,1.683853217449E1));
#416=CARTESIAN_POINT('',(-8.270528799858E1,4.254886671689E1,1.476593674129E1));
#417=CARTESIAN_POINT('',(-8.472235448684E1,4.142830696710E1,1.187857096497E1));
#418=CARTESIAN_POINT('',(-8.530672285093E1,4.081361105532E1,9.715882015259E0));
#419=CARTESIAN_POINT('',(-8.540184531272E1,4.054116809362E1,8.575676457577E0));
#421=CARTESIAN_POINT('',(-8.540184531272E1,4.054116809362E1,8.575676457577E0));
#422=CARTESIAN_POINT('',(-8.547016115960E1,4.032074903669E1,7.643616204151E0));
#423=CARTESIAN_POINT('',(-8.560990367584E1,3.986904531475E1,5.733264872426E0));
#424=CARTESIAN_POINT('',(-8.581858812866E1,3.919192580372E1,2.868701468541E0));
#425=CARTESIAN_POINT('',(-8.596812746577E1,3.870464100417E1,8.065279300023E-1));
#426=CARTESIAN_POINT('',(-8.604647960197E1,3.844858659905E1,
-2.773372018362E-1));
#427=CARTESIAN_POINT('',(-8.605585188045E1,3.841794719103E1,
-4.070359200737E-1));
#429=CARTESIAN_POINT('',(-8.605585188045E1,3.841794719103E1,
-4.070359200737E-1));
#430=CARTESIAN_POINT('',(-8.605472404887E1,3.841130613157E1,
-4.386501755720E-1));
#431=CARTESIAN_POINT('',(-8.605332552988E1,3.840339459616E1,
-4.763733229542E-1));
#432=CARTESIAN_POINT('',(-8.596642945815E1,3.793384927853E1,-2.719539071268E0));
#433=CARTESIAN_POINT('',(-8.538357998452E1,3.722504817310E1,-6.606409197238E0));
#434=CARTESIAN_POINT('',(-8.411330239900E1,3.670452184971E1,-1.039450355694E1));
#435=CARTESIAN_POINT('',(-8.292350078184E1,3.644151254543E1,-1.291597690151E1));
#436=CARTESIAN_POINT('',(-8.196278701310E1,3.631039540855E1,-1.458046301076E1));
#437=CARTESIAN_POINT('',(-8.096568245037E1,3.623925485329E1,-1.601106741081E1));
#438=CARTESIAN_POINT('',(-7.963630675175E1,3.621412844447E1,-1.759962617446E1));
#439=CARTESIAN_POINT('',(-7.796733668351E1,3.629264882204E1,-1.909075168832E1));
#440=CARTESIAN_POINT('',(-7.590147829979E1,3.651681751112E1,-2.035591926132E1));
#441=CARTESIAN_POINT('',(-7.344696761754E1,3.690442351403E1,-2.130466467210E1));
#442=CARTESIAN_POINT('',(-7.162175138368E1,3.726841300284E1,-2.166378552031E1));
#443=CARTESIAN_POINT('',(-7.066671196957E1,3.747508390064E1,-2.177755970121E1));
#445=CARTESIAN_POINT('',(-7.066671196957E1,3.747508390064E1,-2.177755970121E1));
#446=CARTESIAN_POINT('',(-6.937162534616E1,3.775862467214E1,-2.191683101096E1));
#447=CARTESIAN_POINT('',(-6.681558874417E1,3.832890101898E1,-2.214292436076E1));
#448=CARTESIAN_POINT('',(-6.320098963949E1,3.916457254722E1,-2.232905526155E1));
#449=CARTESIAN_POINT('',(-5.972165419977E1,4.000077242856E1,-2.236282418327E1));
#450=CARTESIAN_POINT('',(-5.684578330894E1,4.073394058371E1,-2.219870144455E1));
#451=CARTESIAN_POINT('',(-5.463910393385E1,4.133500298602E1,-2.189675671021E1));
#452=CARTESIAN_POINT('',(-5.306253866364E1,4.178800500181E1,-2.157325633590E1));
#453=CARTESIAN_POINT('',(-5.161272864587E1,4.223598434393E1,-2.113220615995E1));
#454=CARTESIAN_POINT('',(-4.988335257816E1,4.283011303337E1,-2.033284986533E1));
#455=CARTESIAN_POINT('',(-4.792055611049E1,4.365187309530E1,-1.875148376120E1));
#456=CARTESIAN_POINT('',(-4.656785977384E1,4.434543144572E1,-1.707995138722E1));
#457=CARTESIAN_POINT('',(-4.592161268305E1,4.470088958521E1,-1.617113508030E1));
#459=DIRECTION('',(4.686442787223E-1,2.956904523073E-1,8.324299949156E-1));
#460=VECTOR('',#459,6.859883586304E0);
#461=CARTESIAN_POINT('',(-4.592161268305E1,4.470088958521E1,-1.617113508030E1));
#462=LINE('',#461,#460);
#463=DIRECTION('',(1.199769900300E-2,2.164240357010E-1,9.762257382335E-1));
#464=VECTOR('',#463,9.534893601585E0);
#465=CARTESIAN_POINT('',(-4.270676748763E1,4.672929166562E1,-1.046076222143E1));
#466=LINE('',#465,#464);
#467=DIRECTION('',(-9.595761312452E-1,-2.575022210171E-1,-1.136056975495E-1));
#468=VECTOR('',#467,8.764025814132E-1);
#469=CARTESIAN_POINT('',(-6.054519680061E1,4.837320218712E1,1.683021793578E1));
#470=LINE('',#469,#468);
#471=DIRECTION('',(4.705021927938E-1,-7.815913899658E-2,-8.789305066770E-1));
#472=VECTOR('',#471,3.311695164104E-1);
#473=CARTESIAN_POINT('',(-6.138617179910E1,4.814752657590E1,1.673065360918E1));
#474=LINE('',#473,#472);
#475=DIRECTION('',(9.595761312452E-1,2.575022210170E-1,1.136056975495E-1));
#476=VECTOR('',#475,7.665471046344E-1);
#477=CARTESIAN_POINT('',(-6.123035581544E1,4.812164265164E1,1.643957861833E1));
#478=LINE('',#477,#476);
#479=DIRECTION('',(-1.613135349281E-1,1.733818573530E-1,9.715537427183E-1));
#480=VECTOR('',#479,3.124430338504E-1);
#481=CARTESIAN_POINT('',(-6.049479551036E1,4.831903023359E1,1.652666273686E1));
#482=LINE('',#481,#480);
#483=DIRECTION('',(-9.595761312452E-1,-2.575022210170E-1,-1.136056975495E-1));
#484=VECTOR('',#483,7.641058718171E-1);
#485=CARTESIAN_POINT('',(-6.018550609178E1,4.826663376219E1,1.594423541719E1));
#486=LINE('',#485,#484);
#487=DIRECTION('',(4.705021927938E-1,-7.815913899659E-2,-8.789305066770E-1));
#488=VECTOR('',#487,3.311695164103E-1);
#489=CARTESIAN_POINT('',(-6.091872384812E1,4.806987480311E1,1.585742863662E1));
#490=LINE('',#489,#488);
#491=DIRECTION('',(9.595761312452E-1,2.575022210171E-1,1.136056975495E-1));
#492=VECTOR('',#491,8.739613485959E-1);
#493=CARTESIAN_POINT('',(-6.076290786447E1,4.804399087884E1,1.556635364577E1));
#494=LINE('',#493,#492);
#495=DIRECTION('',(-6.839945610149E-1,-6.294799525359E-3,7.294599481815E-1));
#496=VECTOR('',#495,3.819192314533E-1);
#497=CARTESIAN_POINT('',(-5.992427541472E1,4.826903786719E1,1.566564063440E1));
#498=LINE('',#497,#496);
#499=DIRECTION('',(9.595761312452E-1,2.575022210171E-1,1.136056975495E-1));
#500=VECTOR('',#499,1.967633650749E0);
#501=CARTESIAN_POINT('',(-6.253409366741E1,4.797487605896E1,1.721379394021E1));
#502=LINE('',#501,#500);
#503=DIRECTION('',(8.744920541503E-1,1.086354180976E-1,-4.727176674959E-1));
#504=VECTOR('',#503,1.074263654876E0);
#505=CARTESIAN_POINT('',(-6.064599938112E1,4.848154609417E1,1.743732833363E1));
#506=LINE('',#505,#504);
#507=DIRECTION('',(1.613135349280E-1,-1.733818573530E-1,-9.715537427183E-1));
#508=VECTOR('',#507,6.248860677007E-1);
#509=CARTESIAN_POINT('',(-5.970656435087E1,4.859824917547E1,1.692950492442E1));
#510=LINE('',#509,#508);
#511=DIRECTION('',(6.821792637752E-1,5.481877670642E-3,-7.311644145418E-1));
#512=VECTOR('',#511,7.624371378594E-1);
#513=CARTESIAN_POINT('',(-5.960576177036E1,4.848990526841E1,1.632239452657E1));
#514=LINE('',#513,#512);
#515=DIRECTION('',(-4.176679408245E-1,-2.896241159442E-1,-8.612034386084E-1));
#516=VECTOR('',#515,7.626001740399E-1);
#517=CARTESIAN_POINT('',(-5.908564296498E1,4.849408485553E1,1.576492762304E1));
#518=LINE('',#517,#516);
#519=DIRECTION('',(-9.595761312452E-1,-2.575022210171E-1,-1.136056975495E-1));
#520=VECTOR('',#519,1.967633650749E0);
#521=CARTESIAN_POINT('',(-5.940415660934E1,4.827321745431E1,1.510817373088E1));
#522=LINE('',#521,#520);
#523=DIRECTION('',(-4.690196289678E-1,7.868163634870E-2,8.796759561023E-1));
#524=VECTOR('',#523,2.647741576422E0);
#525=CARTESIAN_POINT('',(-6.129225089564E1,4.776654741909E1,1.488463933746E1));
#526=LINE('',#525,#524);
#527=DIRECTION('',(9.595761312452E-1,2.575022210171E-1,1.136056975495E-1));
#528=VECTOR('',#527,2.624325278605E0);
#529=CARTESIAN_POINT('',(-6.846388970236E1,3.895763648956E1,-1.744102319684E1));
#530=LINE('',#529,#528);
#531=DIRECTION('',(4.675338382752E-1,-7.920453114592E-2,-8.804196455746E-1));
#532=VECTOR('',#531,6.615337613076E-1);
#533=CARTESIAN_POINT('',(-6.594564980438E1,3.963340607747E1,-1.714288489297E1));
#534=LINE('',#533,#532);
#535=DIRECTION('',(-9.595761312452E-1,-2.575022210171E-1,-1.136056975495E-1));
#536=VECTOR('',#535,1.750363930009E0);
#537=CARTESIAN_POINT('',(-6.563636038581E1,3.958100960607E1,-1.772531221263E1));
#538=LINE('',#537,#536);
#539=DIRECTION('',(4.705021927937E-1,-7.815913899664E-2,-8.789305066771E-1));
#540=VECTOR('',#539,3.311695164103E-1);
#541=CARTESIAN_POINT('',(-6.731596783404E1,3.913028700651E1,-1.792416352787E1));
#542=LINE('',#541,#540);
#543=DIRECTION('',(9.595761312452E-1,2.575022210171E-1,1.136056975495E-1));
#544=VECTOR('',#543,1.750363930009E0);
#545=CARTESIAN_POINT('',(-6.716015185038E1,3.910440308224E1,-1.821523851872E1));
#546=LINE('',#545,#544);
#547=DIRECTION('',(4.705021927939E-1,-7.815913899659E-2,-8.789305066770E-1));
#548=VECTOR('',#547,6.623390328207E-1);
#549=CARTESIAN_POINT('',(-6.548054440215E1,3.955512568181E1,-1.801638720349E1));
#550=LINE('',#549,#548);
#551=DIRECTION('',(-9.595761312452E-1,-2.575022210171E-1,-1.136056975495E-1));
#552=VECTOR('',#551,1.750363930009E0);
#553=CARTESIAN_POINT('',(-6.516891243484E1,3.950335783328E1,-1.859853718519E1));
#554=LINE('',#553,#552);
#555=DIRECTION('',(4.705021927939E-1,-7.815913899657E-2,-8.789305066770E-1));
#556=VECTOR('',#555,3.311695164103E-1);
#557=CARTESIAN_POINT('',(-6.684851988307E1,3.905263523371E1,-1.879738850043E1));
#558=LINE('',#557,#556);
#559=DIRECTION('',(9.595761312452E-1,2.575022210171E-1,1.136056975495E-1));
#560=VECTOR('',#559,1.747922697192E0);
#561=CARTESIAN_POINT('',(-6.669270389941E1,3.902675130945E1,-1.908846349128E1));
#562=LINE('',#561,#560);
#563=DIRECTION('',(4.705021927939E-1,-7.815913899658E-2,-8.789305066770E-1));
#564=VECTOR('',#563,6.623390328207E-1);
#565=CARTESIAN_POINT('',(-6.501543899992E1,3.947684528614E1,-1.888988951401E1));
#566=LINE('',#565,#564);
#567=DIRECTION('',(-9.595761312452E-1,-2.575022210171E-1,-1.136056975495E-1));
#568=VECTOR('',#567,2.624325278605E0);
#569=CARTESIAN_POINT('',(-6.470380703261E1,3.942507743761E1,-1.947203949572E1));
#570=LINE('',#569,#568);
#571=DIRECTION('',(-4.690196289678E-1,7.868163634870E-2,8.796759561023E-1));
#572=VECTOR('',#571,2.647741576422E0);
#573=CARTESIAN_POINT('',(-6.722204693058E1,3.874930784970E1,-1.977017779959E1));
#574=LINE('',#573,#572);
#575=DIRECTION('',(9.595761312452E-1,2.575022210170E-1,1.136056975495E-1));
#576=VECTOR('',#575,1.967633650749E0);
#577=CARTESIAN_POINT('',(-7.119061643839E1,3.822591946600E1,-1.776384457889E1));
#578=LINE('',#577,#576);
#579=DIRECTION('',(8.744920541503E-1,1.086354180976E-1,-4.727176674959E-1));
#580=VECTOR('',#579,1.074263654876E0);
#581=CARTESIAN_POINT('',(-6.930252215210E1,3.873258950121E1,-1.754031018548E1));
#582=LINE('',#581,#580);
#583=DIRECTION('',(4.705021927939E-1,-7.815913899658E-2,-8.789305066770E-1));
#584=VECTOR('',#583,6.623390328205E-1);
#585=CARTESIAN_POINT('',(-6.836308712185E1,3.884929258251E1,-1.804813359469E1));
#586=LINE('',#585,#584);
#587=DIRECTION('',(-4.199676797824E-1,-2.899154615682E-1,-8.599861470290E-1));
#588=VECTOR('',#587,3.820010545482E-1);
#589=CARTESIAN_POINT('',(-6.805145515453E1,3.879752473398E1,-1.863028357639E1));
#590=LINE('',#589,#588);
#591=DIRECTION('',(-9.595761312452E-1,-2.575022210171E-1,-1.136056975495E-1));
#592=VECTOR('',#591,1.420797499673E0);
#593=CARTESIAN_POINT('',(-6.821188325109E1,3.868677672193E1,-1.895879919146E1));
#594=LINE('',#593,#592);
#595=DIRECTION('',(4.705021927939E-1,-7.815913899658E-2,-8.789305066770E-1));
#596=VECTOR('',#595,3.311695164103E-1);
#597=CARTESIAN_POINT('',(-6.957524661911E1,3.832091821015E1,-1.912020988248E1));
#598=LINE('',#597,#596);
#599=DIRECTION('',(9.595761312452E-1,2.575022210171E-1,1.136056975495E-1));
#600=VECTOR('',#599,1.747922697192E0);
#601=CARTESIAN_POINT('',(-6.941943063545E1,3.829503428589E1,-1.941128487334E1));
#602=LINE('',#601,#600);
#603=DIRECTION('',(4.705021927938E-1,-7.815913899661E-2,-8.789305066770E-1));
#604=VECTOR('',#603,6.623390328206E-1);
#605=CARTESIAN_POINT('',(-6.774216573596E1,3.874512826258E1,-1.921271089606E1));
#606=LINE('',#605,#604);
#607=DIRECTION('',(-9.595761312452E-1,-2.575022210170E-1,-1.136056975495E-1));
#608=VECTOR('',#607,1.967633650749E0);
#609=CARTESIAN_POINT('',(-6.743053376865E1,3.869336041405E1,-1.979486087777E1));
#610=LINE('',#609,#608);
#611=DIRECTION('',(-8.750544008162E-1,-1.090189726074E-1,4.715873823840E-1));
#612=VECTOR('',#611,1.076250320112E0);
#613=CARTESIAN_POINT('',(-6.931862805494E1,3.818669037883E1,-2.001839527118E1));
#614=LINE('',#613,#612);
#615=DIRECTION('',(-4.675338382751E-1,7.920453114594E-2,8.804196455746E-1));
#616=VECTOR('',#615,6.615337613079E-1);
#617=CARTESIAN_POINT('',(-7.026040563393E1,3.806935867467E1,-1.951084919993E1));
#618=LINE('',#617,#616);
#619=DIRECTION('',(4.153568675758E-1,2.893297026900E-1,8.624192690907E-1));
#620=VECTOR('',#619,3.806017431066E-1);
#621=CARTESIAN_POINT('',(-7.056969505251E1,3.812175514607E1,-1.892842188027E1));
#622=LINE('',#621,#620);
#623=DIRECTION('',(9.595761312452E-1,2.575022210171E-1,1.136056975495E-1));
#624=VECTOR('',#623,1.423238732490E0);
#625=CARTESIAN_POINT('',(-7.041160950470E1,3.823187453524E1,-1.860018360316E1));
#626=LINE('',#625,#624);
#627=DIRECTION('',(-4.705021927939E-1,7.815913899657E-2,8.789305066770E-1));
#628=VECTOR('',#627,3.311695164102E-1);
#629=CARTESIAN_POINT('',(-6.904590358793E1,3.859836166990E1,-1.843849557418E1));
#630=LINE('',#629,#628);
#631=DIRECTION('',(-9.595761312452E-1,-2.575022210170E-1,-1.136056975495E-1));
#632=VECTOR('',#631,1.750363930009E0);
#633=CARTESIAN_POINT('',(-6.920171957159E1,3.862424559416E1,-1.814742058332E1));
#634=LINE('',#633,#632);
#635=DIRECTION('',(-4.675338382752E-1,7.920453114591E-2,8.804196455745E-1));
#636=VECTOR('',#635,6.615337613077E-1);
#637=CARTESIAN_POINT('',(-7.088132701982E1,3.817352299460E1,-1.834627189856E1));
#638=LINE('',#637,#636);
#639=DIRECTION('',(9.595761312452E-1,2.575022210171E-1,1.136056975495E-1));
#640=VECTOR('',#639,1.967633650749E0);
#641=CARTESIAN_POINT('',(-6.526082040345E1,4.724315903539E1,1.689097255816E1));
#642=LINE('',#641,#640);
#643=DIRECTION('',(8.744920541503E-1,1.086354180976E-1,-4.727176674959E-1));
#644=VECTOR('',#643,1.074263654876E0);
#645=CARTESIAN_POINT('',(-6.337272611716E1,4.774982907061E1,1.711450695157E1));
#646=LINE('',#645,#644);
#647=DIRECTION('',(4.705021927938E-1,-7.815913899658E-2,-8.789305066770E-1));
#648=VECTOR('',#647,6.623390328207E-1);
#649=CARTESIAN_POINT('',(-6.243329108690E1,4.786653215190E1,1.660668354236E1));
#650=LINE('',#649,#648);
#651=DIRECTION('',(-4.199676797825E-1,-2.899154615683E-1,-8.599861470290E-1));
#652=VECTOR('',#651,3.820010545480E-1);
#653=CARTESIAN_POINT('',(-6.212165911959E1,4.781476430337E1,1.602453356066E1));
#654=LINE('',#653,#652);
#655=DIRECTION('',(-9.595761312452E-1,-2.575022210171E-1,-1.136056975495E-1));
#656=VECTOR('',#655,1.420797499673E0);
#657=CARTESIAN_POINT('',(-6.228208721614E1,4.770401629133E1,1.569601794559E1));
#658=LINE('',#657,#656);
#659=DIRECTION('',(4.705021927939E-1,-7.815913899659E-2,-8.789305066770E-1));
#660=VECTOR('',#659,3.311695164104E-1);
#661=CARTESIAN_POINT('',(-6.364545058416E1,4.733815777954E1,1.553460725457E1));
#662=LINE('',#661,#660);
#663=DIRECTION('',(9.595761312452E-1,2.575022210171E-1,1.136056975495E-1));
#664=VECTOR('',#663,1.747922697192E0);
#665=CARTESIAN_POINT('',(-6.348963460050E1,4.731227385528E1,1.524353226371E1));
#666=LINE('',#665,#664);
#667=DIRECTION('',(4.705021927939E-1,-7.815913899658E-2,-8.789305066770E-1));
#668=VECTOR('',#667,6.623390328206E-1);
#669=CARTESIAN_POINT('',(-6.181236970102E1,4.776236783197E1,1.544210624099E1));
#670=LINE('',#669,#668);
#671=DIRECTION('',(-9.595761312452E-1,-2.575022210171E-1,-1.136056975495E-1));
#672=VECTOR('',#671,1.967633650749E0);
#673=CARTESIAN_POINT('',(-6.150073773370E1,4.771059998344E1,1.485995625928E1));
#674=LINE('',#673,#672);
#675=DIRECTION('',(-8.750544008162E-1,-1.090189726074E-1,4.715873823840E-1));
#676=VECTOR('',#675,1.076250320112E0);
#677=CARTESIAN_POINT('',(-6.338883201999E1,4.720392994823E1,1.463642186587E1));
#678=LINE('',#677,#676);
#679=DIRECTION('',(-4.675338382752E-1,7.920453114593E-2,8.804196455746E-1));
#680=VECTOR('',#679,6.615337613077E-1);
#681=CARTESIAN_POINT('',(-6.433060959899E1,4.708659824406E1,1.514396793712E1));
#682=LINE('',#681,#680);
#683=DIRECTION('',(4.153568675760E-1,2.893297026900E-1,8.624192690906E-1));
#684=VECTOR('',#683,3.806017431067E-1);
#685=CARTESIAN_POINT('',(-6.463989901756E1,4.713899471546E1,1.572639525678E1));
#686=LINE('',#685,#684);
#687=DIRECTION('',(9.595761312452E-1,2.575022210171E-1,1.136056975495E-1));
#688=VECTOR('',#687,1.423238732490E0);
#689=CARTESIAN_POINT('',(-6.448181346975E1,4.724911410464E1,1.605463353389E1));
#690=LINE('',#689,#688);
#691=DIRECTION('',(-4.705021927938E-1,7.815913899658E-2,8.789305066770E-1));
#692=VECTOR('',#691,3.311695164104E-1);
#693=CARTESIAN_POINT('',(-6.311610755299E1,4.761560123929E1,1.621632156287E1));
#694=LINE('',#693,#692);
#695=DIRECTION('',(-9.595761312452E-1,-2.575022210171E-1,-1.136056975495E-1));
#696=VECTOR('',#695,1.750363930009E0);
#697=CARTESIAN_POINT('',(-6.327192353665E1,4.764148516356E1,1.650739655373E1));
#698=LINE('',#697,#696);
#699=DIRECTION('',(-4.675338382752E-1,7.920453114592E-2,8.804196455746E-1));
#700=VECTOR('',#699,6.615337613078E-1);
#701=CARTESIAN_POINT('',(-6.495153098488E1,4.719076256399E1,1.630854523849E1));
#702=LINE('',#701,#700);
#703=DIRECTION('',(9.595071984661E-1,2.575760687460E-1,1.140197566267E-1));
#704=VECTOR('',#703,1.967773437500E0);
#705=CARTESIAN_POINT('',(-7.789280754744E1,4.107607096302E1,2.697210382127E0));
#706=LINE('',#705,#704);
#707=DIRECTION('',(8.746842570671E-1,1.087664166505E-1,-4.723317870396E-1));
#708=VECTOR('',#707,1.074496146712E0);
#709=CARTESIAN_POINT('',(-7.600471476921E1,4.158292230924E1,2.921575430567E0));
#710=LINE('',#709,#708);
#711=DIRECTION('',(4.710080470462E-1,-7.798069257469E-2,-8.786753844300E-1));
#712=VECTOR('',#711,6.624988771825E-1);
#713=CARTESIAN_POINT('',(-7.506486990540E1,4.169979140482E1,2.414056745423E0));
#714=LINE('',#713,#712);
#715=DIRECTION('',(-4.194138277815E-1,-2.898454444537E-1,-8.602799889542E-1));
#716=VECTOR('',#715,3.820157225404E-1);
#717=CARTESIAN_POINT('',(-7.475282760309E1,4.164812928355E1,1.831935289831E0));
#718=LINE('',#717,#716);
#719=DIRECTION('',(-9.595071984661E-1,-2.575760687460E-1,-1.140197566267E-1));
#720=VECTOR('',#719,1.420898437500E0);
#721=CARTESIAN_POINT('',(-7.491305027955E1,4.153740376666E1,1.503294808263E0));
#722=LINE('',#721,#720);
#723=DIRECTION('',(4.710080470462E-1,-7.798069257468E-2,-8.786753844300E-1));
#724=VECTOR('',#723,3.312494385913E-1);
#725=CARTESIAN_POINT('',(-7.627641255862E1,4.117141433304E1,1.341284314228E0));
#726=LINE('',#725,#724);
#727=DIRECTION('',(9.595071984661E-1,2.575760687460E-1,1.140197566267E-1));
#728=VECTOR('',#727,1.748046875E0);
#729=CARTESIAN_POINT('',(-7.612039140747E1,4.114558327240E1,1.050223586432E0));
#730=LINE('',#729,#728);
#731=DIRECTION('',(4.710080470462E-1,-7.798069257469E-2,-8.786753844300E-1));
#732=VECTOR('',#731,6.624988771825E-1);
#733=CARTESIAN_POINT('',(-7.444312784765E1,4.159583831445E1,1.249535465691E0));
#734=LINE('',#733,#732);
#735=DIRECTION('',(-9.595071984661E-1,-2.575760687460E-1,-1.140197566267E-1));
#736=VECTOR('',#735,1.967773437500E0);
#737=CARTESIAN_POINT('',(-7.413108554534E1,4.154417619318E1,6.674140100986E-1));
#738=LINE('',#737,#736);
#739=DIRECTION('',(-8.752459831130E-1,-1.091498377341E-1,4.712014239868E-1));
#740=VECTOR('',#739,1.076482987478E0);
#741=CARTESIAN_POINT('',(-7.601917832357E1,4.103732484696E1,4.430489616585E-1));
#742=LINE('',#741,#740);
#743=DIRECTION('',(-4.680413426657E-1,7.902600811061E-2,8.801660022961E-1));
#744=VECTOR('',#743,6.616931608582E-1);
#745=CARTESIAN_POINT('',(-7.696136573425E1,4.091982690356E1,9.502892782557E-1));
#746=LINE('',#745,#744);
#747=DIRECTION('',(4.148008230682E-1,2.892586233795E-1,8.627106849822E-1));
#748=VECTOR('',#747,3.806167220796E-1);
#749=CARTESIAN_POINT('',(-7.727106548969E1,4.097211787265E1,1.532689102395E0));
#750=LINE('',#749,#748);
#751=DIRECTION('',(9.595071984661E-1,2.575760687460E-1,1.140197566267E-1));
#752=VECTOR('',#751,1.423339843750E0);
#753=CARTESIAN_POINT('',(-7.711318536010E1,4.108221454172E1,1.861051215416E0));
#754=LINE('',#753,#752);
#755=DIRECTION('',(-4.710080470462E-1,7.798069257468E-2,8.786753844301E-1));
#756=VECTOR('',#755,3.312494385912E-1);
#757=CARTESIAN_POINT('',(-7.574748053416E1,4.144883282316E1,2.023340077997E0));
#758=LINE('',#757,#756);
#759=DIRECTION('',(-9.595071984661E-1,-2.575760687460E-1,-1.140197566267E-1));
#760=VECTOR('',#759,1.750488281250E0);
#761=CARTESIAN_POINT('',(-7.590350168531E1,4.147466388380E1,2.314400805794E0));
#762=LINE('',#761,#760);
#763=DIRECTION('',(-4.680413426657E-1,7.902600811063E-2,8.801660022960E-1));
#764=VECTOR('',#763,6.616931608582E-1);
#765=CARTESIAN_POINT('',(-7.758310779200E1,4.102377999393E1,2.114810557988E0));
#766=LINE('',#765,#764);
#767=DIRECTION('',(9.595071984661E-1,2.575760687460E-1,1.140197566267E-1));
#768=VECTOR('',#767,1.313476562500E0);
#769=CARTESIAN_POINT('',(-7.453828042781E1,4.197658104712E1,3.095834140646E0));
#770=LINE('',#769,#768);
#771=DIRECTION('',(8.746842570671E-1,1.087664166505E-1,-4.723317870396E-1));
#772=VECTOR('',#771,1.074496146712E0);
#773=CARTESIAN_POINT('',(-7.327799021107E1,4.231490117647E1,3.245596418637E0));
#774=LINE('',#773,#772);
#775=DIRECTION('',(4.710080470462E-1,-7.798069257468E-2,-8.786753844300E-1));
#776=VECTOR('',#775,9.937483157738E-1);
#777=CARTESIAN_POINT('',(-7.233814534726E1,4.243177027206E1,2.738077733493E0));
#778=LINE('',#777,#776);
#779=DIRECTION('',(-9.595071984661E-1,-2.575760687460E-1,-1.140197566267E-1));
#780=VECTOR('',#779,1.313476562500E0);
#781=CARTESIAN_POINT('',(-7.187008189379E1,4.235427709015E1,1.864895550104E0));
#782=LINE('',#781,#780);
#783=DIRECTION('',(-4.710080470462E-1,7.798069257467E-2,8.786753844300E-1));
#784=VECTOR('',#783,6.624988771825E-1);
#785=CARTESIAN_POINT('',(-7.313037211053E1,4.201595696079E1,1.715133272113E0));
#786=LINE('',#785,#784);
#787=DIRECTION('',(9.595071984661E-1,2.575760687460E-1,1.140197566267E-1));
#788=VECTOR('',#787,4.394531250001E-1);
#789=CARTESIAN_POINT('',(-7.344241441284E1,4.206761908206E1,2.297254727706E0));
#790=LINE('',#789,#788);
#791=DIRECTION('',(-4.710080470463E-1,7.798069257466E-2,8.786753844300E-1));
#792=VECTOR('',#791,3.312494385913E-1);
#793=CARTESIAN_POINT('',(-7.302075597602E1,4.218081169040E1,2.347361066067E0));
#794=LINE('',#793,#792);
#795=DIRECTION('',(-9.595071984661E-1,-2.575760687460E-1,-1.140197566267E-1));
#796=VECTOR('',#795,8.764648437501E-1);
#797=CARTESIAN_POINT('',(-7.317677712717E1,4.220664275103E1,2.638421793864E0));
#798=LINE('',#797,#796);
#799=DIRECTION('',(4.710080470462E-1,-7.798069257468E-2,-8.786753844300E-1));
#800=VECTOR('',#799,1.324997754365E0);
#801=CARTESIAN_POINT('',(-7.401775145395E1,4.198088638219E1,2.538487485687E0));
#802=LINE('',#801,#800);
#803=DIRECTION('',(9.595071984661E-1,2.575760687460E-1,1.140197566267E-1));
#804=VECTOR('',#803,1.748046875E0);
#805=CARTESIAN_POINT('',(-7.339366684933E1,4.187756213964E1,1.374244574502E0));
#806=LINE('',#805,#804);
#807=DIRECTION('',(4.710080470462E-1,-7.798069257466E-2,-8.786753844300E-1));
#808=VECTOR('',#807,6.624988771825E-1);
#809=CARTESIAN_POINT('',(-7.171640328951E1,4.232781718169E1,1.573556453761E0));
#810=LINE('',#809,#808);
#811=DIRECTION('',(-9.595071984661E-1,-2.575760687460E-1,-1.140197566267E-1));
#812=VECTOR('',#811,1.967773437500E0);
#813=CARTESIAN_POINT('',(-7.140436098720E1,4.227615506042E1,9.914349981685E-1));
#814=LINE('',#813,#812);
#815=DIRECTION('',(-8.752459831130E-1,-1.091498377341E-1,4.712014239868E-1));
#816=VECTOR('',#815,1.076482987478E0);
#817=CARTESIAN_POINT('',(-7.329245376543E1,4.176930371420E1,7.670699497284E-1));
#818=LINE('',#817,#816);
#819=DIRECTION('',(-4.695263085103E-1,7.850315121961E-2,8.794215717535E-1));
#820=VECTOR('',#819,1.324190032557E0);
#821=CARTESIAN_POINT('',(-7.423464117611E1,4.165180577079E1,1.274310266326E0));
#822=LINE('',#821,#820);
#823=DIRECTION('',(4.171129920717E-1,2.895535686729E-1,8.614960723728E-1));
#824=VECTOR('',#823,7.626298199814E-1);
#825=CARTESIAN_POINT('',(-7.485638323386E1,4.175575886116E1,2.438831546058E0));
#826=LINE('',#825,#824);
#827=CARTESIAN_POINT('',(-4.333806877704E1,4.888105244045E1,1.022423291725E0));
#828=DIRECTION('',(-2.304800857119E-1,9.506059430235E-1,-2.079116908178E-1));
#829=DIRECTION('',(-9.718430452728E-1,-2.356291479312E-1,0.E0));
#830=AXIS2_PLACEMENT_3D('',#827,#828,#829);
#832=CARTESIAN_POINT('',(-4.338336031732E1,4.906785559624E1,9.815666568027E-1));
#833=DIRECTION('',(-2.304800857119E-1,9.506059430235E-1,-2.079116908178E-1));
#834=DIRECTION('',(3.450272694194E-1,-1.199470894027E-1,-9.308968144219E-1));
#835=AXIS2_PLACEMENT_3D('',#832,#833,#834);
#837=CARTESIAN_POINT('',(-4.254627468748E1,4.860275063010E1,-1.110971338237E0));
#838=DIRECTION('',(9.098544463724E-1,2.862883805140E-1,3.003395571665E-1));
#839=DIRECTION('',(-2.304800857313E-1,9.506059430302E-1,-2.079116907653E-1));
#840=AXIS2_PLACEMENT_3D('',#837,#838,#839);
#842=CARTESIAN_POINT('',(-4.333806875793E1,4.888105236161E1,1.022423308970E0));
#843=DIRECTION('',(-2.304800857119E-1,9.506059430235E-1,-2.079116908178E-1));
#844=DIRECTION('',(3.450272694194E-1,-1.199470894027E-1,-9.308968144219E-1));
#845=AXIS2_PLACEMENT_3D('',#842,#843,#844);
#847=DIRECTION('',(-2.474059822979E-1,9.463488654758E-1,-2.078800248602E-1));
#848=VECTOR('',#847,5.304298351618E0);
#849=CARTESIAN_POINT('',(-4.405940593645E1,4.336826461375E1,2.125080956300E0));
#850=LINE('',#849,#848);
#851=CARTESIAN_POINT('',(-4.254117877230E1,4.971631259586E1,3.012818489234E0));
#852=CARTESIAN_POINT('',(-4.240658860993E1,4.973551390532E1,2.951433280780E0));
#853=CARTESIAN_POINT('',(-4.215359163071E1,4.976231728295E1,2.807264152813E0));
#854=CARTESIAN_POINT('',(-4.181721799489E1,4.977211933719E1,2.528366344112E0));
#855=CARTESIAN_POINT('',(-4.153663175416E1,4.975348743091E1,2.195671037366E0));
#856=CARTESIAN_POINT('',(-4.132225088651E1,4.971041119708E1,1.823573113917E0));
#857=CARTESIAN_POINT('',(-4.117825439575E1,4.964455106887E1,1.412156811421E0));
#858=CARTESIAN_POINT('',(-4.113706451320E1,4.959017522831E1,1.133858949570E0));
#859=CARTESIAN_POINT('',(-4.112969723021E1,4.956018207835E1,9.918028084431E-1));
#861=CARTESIAN_POINT('',(-4.249508899418E1,4.952618201744E1,3.054383745768E0));
#862=DIRECTION('',(-9.010699130340E-1,-1.278360591499E-1,4.144043361331E-1));
#863=DIRECTION('',(-2.304454981833E-1,9.506340137210E-1,-2.078216647123E-1));
#864=AXIS2_PLACEMENT_3D('',#861,#862,#863);
#866=CARTESIAN_POINT('',(-4.256934745881E1,4.947294710047E1,2.876496927539E0));
#867=CARTESIAN_POINT('',(-4.244856641324E1,4.949007403473E1,2.820939601083E0));
#868=CARTESIAN_POINT('',(-4.221731213209E1,4.951407565014E1,2.688045378708E0));
#869=CARTESIAN_POINT('',(-4.191488731615E1,4.952134632152E1,2.434664569908E0));
#870=CARTESIAN_POINT('',(-4.166133499888E1,4.950286603161E1,2.131872724535E0));
#871=CARTESIAN_POINT('',(-4.146761510587E1,4.946214777089E1,1.792771127521E0));
#872=CARTESIAN_POINT('',(-4.133740035469E1,4.940134970036E1,1.419219764306E0));
#873=CARTESIAN_POINT('',(-4.129970752294E1,4.935077486038E1,1.162205577895E0));
#874=CARTESIAN_POINT('',(-4.129310410610E1,4.932351393845E1,1.033444383375E0));
#876=CARTESIAN_POINT('',(-4.112969723021E1,4.956018207835E1,9.918028084431E-1));
#877=CARTESIAN_POINT('',(-4.112138023669E1,4.952611061651E1,8.304703630177E-1));
#878=CARTESIAN_POINT('',(-4.113953381695E1,4.945387930877E1,5.151104749142E-1));
#879=CARTESIAN_POINT('',(-4.127155372231E1,4.933007814051E1,5.143829349835E-2));
#880=CARTESIAN_POINT('',(-4.149994889259E1,4.919859285137E1,
-3.644813174336E-1));
#881=CARTESIAN_POINT('',(-4.181262767322E1,4.906114891224E1,
-7.200872619018E-1));
#882=CARTESIAN_POINT('',(-4.219878263960E1,4.891955828272E1,
-9.966731146542E-1));
#883=CARTESIAN_POINT('',(-4.245909348209E1,4.883469413252E1,-1.109061020371E0));
#884=CARTESIAN_POINT('',(-4.259237070417E1,4.879287181885E1,-1.152553676248E0));
#886=CARTESIAN_POINT('',(-4.112969723021E1,4.956018207835E1,9.918028084431E-1));
#887=CARTESIAN_POINT('',(-4.116533917054E1,4.955419828012E1,9.912443494907E-1));
#888=CARTESIAN_POINT('',(-4.123337516522E1,4.952287770160E1,9.943819367615E-1));
#889=CARTESIAN_POINT('',(-4.129665183828E1,4.943125316572E1,1.010502446602E0));
#890=CARTESIAN_POINT('',(-4.130081312442E1,4.935798270704E1,1.025768452065E0));
#891=CARTESIAN_POINT('',(-4.129310410610E1,4.932351393845E1,1.033444383375E0));
#893=CARTESIAN_POINT('',(-4.129310410610E1,4.932351393845E1,1.033444383375E0));
#894=CARTESIAN_POINT('',(-4.128565071030E1,4.929264867968E1,8.876293112782E-1));
#895=CARTESIAN_POINT('',(-4.130230339267E1,4.922587009664E1,5.955637965732E-1));
#896=CARTESIAN_POINT('',(-4.142190487959E1,4.911433914884E1,1.746427939499E-1));
#897=CARTESIAN_POINT('',(-4.162813516822E1,4.899598530109E1,
-2.049930485692E-1));
#898=CARTESIAN_POINT('',(-4.191080866012E1,4.887241870185E1,
-5.295543291018E-1));
#899=CARTESIAN_POINT('',(-4.225798915359E1,4.874545579488E1,
-7.818712275041E-1));
#900=CARTESIAN_POINT('',(-4.249688206840E1,4.866755577995E1,
-8.861917278854E-1));
#901=CARTESIAN_POINT('',(-4.261607411747E1,4.863005446668E1,
-9.255460430867E-1));
#903=DIRECTION('',(-2.134850943294E-1,9.545732073265E-1,-2.078800287510E-1));
#904=VECTOR('',#903,5.251281614131E0);
#905=CARTESIAN_POINT('',(-4.017203375536E1,4.431078120547E1,2.125080956300E0));
#906=LINE('',#905,#904);
#907=CARTESIAN_POINT('',(-4.270676748763E1,4.672929166562E1,-1.046076222143E1));
#908=CARTESIAN_POINT('',(-4.144552835162E1,4.752506873477E1,-8.220484605245E0));
#909=CARTESIAN_POINT('',(-4.016109893573E1,4.820566713206E1,-5.958824397101E0));
#910=CARTESIAN_POINT('',(-3.885268574499E1,4.876714582283E1,-3.675049955152E0));
#912=DIRECTION('',(2.159746698858E-1,-9.518480892191E-1,2.175779332047E-1));
#913=VECTOR('',#912,2.500381791119E0);
#914=CARTESIAN_POINT('',(-4.592161268305E1,4.470088958521E1,-1.617113508030E1));
#915=LINE('',#914,#913);
#916=DIRECTION('',(2.315040192516E-1,-9.464943504730E-1,2.248429087009E-1));
#917=VECTOR('',#916,2.500380832720E0);
#918=CARTESIAN_POINT('',(-7.066671196957E1,3.747508390064E1,-2.177755970121E1));
#919=LINE('',#918,#917);
#920=DIRECTION('',(2.474494297303E-1,-9.465937983094E-1,2.067098467136E-1));
#921=VECTOR('',#920,2.500381933804E0);
#922=CARTESIAN_POINT('',(-8.605585188045E1,3.841794719103E1,
-4.070359200737E-1));
#923=LINE('',#922,#921);
#924=DIRECTION('',(2.473758302372E-1,-9.468348878506E-1,2.056912583546E-1));
#925=VECTOR('',#924,2.500380829704E0);
#926=CARTESIAN_POINT('',(-8.540184531272E1,4.054116809362E1,8.575676457577E0));
#927=LINE('',#926,#925);
#928=DIRECTION('',(2.330439874439E-1,-9.535449782850E-1,1.908991207513E-1));
#929=VECTOR('',#928,2.500380856838E0);
#930=CARTESIAN_POINT('',(-7.601666533744E1,4.479764026764E1,1.763303466769E1));
#931=LINE('',#930,#929);
#932=CARTESIAN_POINT('',(-5.035323747527E1,5.168369924786E1,2.066807100834E1));
#933=CARTESIAN_POINT('',(-5.016786079770E1,5.088657914222E1,2.082612173039E1));
#934=CARTESIAN_POINT('',(-4.998248410810E1,5.008945903707E1,2.098417243275E1));
#935=CARTESIAN_POINT('',(-4.979710740653E1,4.929233893240E1,2.114222311550E1));
#937=CARTESIAN_POINT('',(-4.247499426808E1,5.091020131582E1,8.398102490794E0));
#938=CARTESIAN_POINT('',(-4.211254296943E1,5.087461529460E1,7.833602778545E0));
#939=CARTESIAN_POINT('',(-4.138396609125E1,5.078294679152E1,6.710430105945E0));
#940=CARTESIAN_POINT('',(-4.027908226245E1,5.058393490851E1,5.041555904361E0));
#941=CARTESIAN_POINT('',(-3.953961259986E1,5.041132463477E1,3.947230695281E0));
#942=CARTESIAN_POINT('',(-3.916899506691E1,5.031505371168E1,3.404359703858E0));
#944=DIRECTION('',(2.163119524674E-1,-9.557989243918E-1,1.991420481745E-1));
#945=VECTOR('',#944,2.210876404802E0);
#946=CARTESIAN_POINT('',(-3.916899506691E1,5.031505371168E1,3.404359703858E0));
#947=LINE('',#946,#945);
#948=CARTESIAN_POINT('',(-3.885268574499E1,4.876714582283E1,-3.675049955152E0));
#949=CARTESIAN_POINT('',(-3.874965999017E1,4.881135721288E1,-3.495223286186E0));
#950=CARTESIAN_POINT('',(-3.855815183984E1,4.890035901850E1,-3.123105376367E0));
#951=CARTESIAN_POINT('',(-3.831532949761E1,4.904062135778E1,-2.513132918014E0));
#952=CARTESIAN_POINT('',(-3.813558800294E1,4.918176492621E1,-1.884780294208E0));
#953=CARTESIAN_POINT('',(-3.802287848688E1,4.931936903673E1,-1.265835354463E0));
#954=CARTESIAN_POINT('',(-3.797160110727E1,4.944939230680E1,
-6.793387857983E-1));
#955=CARTESIAN_POINT('',(-3.797187458907E1,4.957623340389E1,
-1.072282604952E-1));
#956=CARTESIAN_POINT('',(-3.802203746376E1,4.970272831047E1,4.635710145267E-1));
#957=CARTESIAN_POINT('',(-3.812510942191E1,4.983129321640E1,1.045948151940E0));
#958=CARTESIAN_POINT('',(-3.829274027124E1,4.996470539587E1,1.657300788660E0));
#959=CARTESIAN_POINT('',(-3.852846818672E1,5.009590836595E1,2.274154720945E0));
#960=CARTESIAN_POINT('',(-3.882569977986E1,5.021652565508E1,2.869308396999E0));
#961=CARTESIAN_POINT('',(-3.905013012461E1,5.028417757469E1,3.230249405955E0));
#962=CARTESIAN_POINT('',(-3.916899506691E1,5.031505371168E1,3.404359703858E0));
#964=DIRECTION('',(2.155617377732E-1,-9.521090507222E-1,2.168443975321E-1));
#965=VECTOR('',#964,2.138403961070E0);
#966=CARTESIAN_POINT('',(-3.885268574499E1,4.876714582283E1,-3.675049955152E0));
#967=LINE('',#966,#965);
#968=DIRECTION('',(2.304800857120E-1,-9.506059430235E-1,2.079116908175E-1));
#969=VECTOR('',#968,1.5E-1);
#970=CARTESIAN_POINT('',(-6.054519680061E1,4.837320218712E1,1.683021793578E1));
#971=LINE('',#970,#969);
#972=DIRECTION('',(2.304800857119E-1,-9.506059430235E-1,2.079116908175E-1));
#973=VECTOR('',#972,1.5E-1);
#974=CARTESIAN_POINT('',(-6.049479551036E1,4.831903023359E1,1.652666273686E1));
#975=LINE('',#974,#973);
#976=DIRECTION('',(2.304800857119E-1,-9.506059430235E-1,2.079116908175E-1));
#977=VECTOR('',#976,1.5E-1);
#978=CARTESIAN_POINT('',(-6.123035581544E1,4.812164265164E1,1.643957861833E1));
#979=LINE('',#978,#977);
#980=DIRECTION('',(2.304800857119E-1,-9.506059430235E-1,2.079116908176E-1));
#981=VECTOR('',#980,1.5E-1);
#982=CARTESIAN_POINT('',(-6.138617179910E1,4.814752657590E1,1.673065360918E1));
#983=LINE('',#982,#981);
#984=DIRECTION('',(9.595761312452E-1,2.575022210171E-1,1.136056975495E-1));
#985=VECTOR('',#984,1.967633650749E0);
#986=CARTESIAN_POINT('',(-6.522624839059E1,4.710056814394E1,1.692215931178E1));
#987=LINE('',#986,#985);
#988=DIRECTION('',(-4.675338382752E-1,7.920453114592E-2,8.804196455745E-1));
#989=VECTOR('',#988,6.615337613078E-1);
#990=CARTESIAN_POINT('',(-6.491695897202E1,4.704817167254E1,1.633973199211E1));
#991=LINE('',#990,#989);
#992=DIRECTION('',(-9.595761312452E-1,-2.575022210171E-1,-1.136056975495E-1));
#993=VECTOR('',#992,1.750363930009E0);
#994=CARTESIAN_POINT('',(-6.323735152379E1,4.749889427210E1,1.653858330735E1));
#995=LINE('',#994,#993);
#996=DIRECTION('',(-4.705021927939E-1,7.815913899657E-2,8.789305066770E-1));
#997=VECTOR('',#996,3.311695164104E-1);
#998=CARTESIAN_POINT('',(-6.308153554013E1,4.747301034784E1,1.624750831649E1));
#999=LINE('',#998,#997);
#1000=DIRECTION('',(9.595761312452E-1,2.575022210170E-1,1.136056975495E-1));
#1001=VECTOR('',#1000,1.423238732490E0);
#1002=CARTESIAN_POINT('',(-6.444724145689E1,4.710652321318E1,1.608582028751E1));
#1003=LINE('',#1002,#1001);
#1004=DIRECTION('',(4.153568675759E-1,2.893297026901E-1,8.624192690906E-1));
#1005=VECTOR('',#1004,3.806017431067E-1);
#1006=CARTESIAN_POINT('',(-6.460532700470E1,4.699640382401E1,1.575758201041E1));
#1007=LINE('',#1006,#1005);
#1008=DIRECTION('',(-4.675338382752E-1,7.920453114590E-2,8.804196455746E-1));
#1009=VECTOR('',#1008,6.615337613076E-1);
#1010=CARTESIAN_POINT('',(-6.429603758613E1,4.694400735261E1,1.517515469074E1));
#1011=LINE('',#1010,#1009);
#1012=DIRECTION('',(-8.750544008162E-1,-1.090189726074E-1,4.715873823840E-1));
#1013=VECTOR('',#1012,1.076250320112E0);
#1014=CARTESIAN_POINT('',(-6.335426000714E1,4.706133905677E1,1.466760861949E1));
#1015=LINE('',#1014,#1013);
#1016=DIRECTION('',(-9.595761312452E-1,-2.575022210171E-1,-1.136056975495E-1));
#1017=VECTOR('',#1016,1.967633650749E0);
#1018=CARTESIAN_POINT('',(-6.146616572084E1,4.756800909199E1,1.489114301290E1));
#1019=LINE('',#1018,#1017);
#1020=DIRECTION('',(4.705021927939E-1,-7.815913899659E-2,-8.789305066770E-1));
#1021=VECTOR('',#1020,6.623390328206E-1);
#1022=CARTESIAN_POINT('',(-6.177779768816E1,4.761977694052E1,1.547329299461E1));
#1023=LINE('',#1022,#1021);
#1024=DIRECTION('',(9.595761312452E-1,2.575022210171E-1,1.136056975495E-1));
#1025=VECTOR('',#1024,1.747922697192E0);
#1026=CARTESIAN_POINT('',(-6.345506258765E1,4.716968296383E1,1.527471901733E1));
#1027=LINE('',#1026,#1025);
#1028=DIRECTION('',(4.705021927939E-1,-7.815913899657E-2,-8.789305066770E-1));
#1029=VECTOR('',#1028,3.311695164104E-1);
#1030=CARTESIAN_POINT('',(-6.361087857130E1,4.719556688809E1,1.556579400819E1));
#1031=LINE('',#1030,#1029);
#1032=DIRECTION('',(-9.595761312452E-1,-2.575022210171E-1,-1.136056975495E-1));
#1033=VECTOR('',#1032,1.420797499673E0);
#1034=CARTESIAN_POINT('',(-6.224751520328E1,4.756142539987E1,1.572720469922E1));
#1035=LINE('',#1034,#1033);
#1036=DIRECTION('',(-4.199676797825E-1,-2.899154615682E-1,-8.599861470290E-1));
#1037=VECTOR('',#1036,3.820010545480E-1);
#1038=CARTESIAN_POINT('',(-6.208708710673E1,4.767217341192E1,1.605572031428E1));
#1039=LINE('',#1038,#1037);
#1040=DIRECTION('',(4.705021927938E-1,-7.815913899661E-2,-8.789305066770E-1));
#1041=VECTOR('',#1040,6.623390328207E-1);
#1042=CARTESIAN_POINT('',(-6.239871907405E1,4.772394126045E1,1.663787029599E1));
#1043=LINE('',#1042,#1041);
#1044=DIRECTION('',(8.744920541503E-1,1.086354180976E-1,-4.727176674959E-1));
#1045=VECTOR('',#1044,1.074263654876E0);
#1046=CARTESIAN_POINT('',(-6.333815410430E1,4.760723817916E1,1.714569370520E1));
#1047=LINE('',#1046,#1045);
#1048=DIRECTION('',(9.595761312452E-1,2.575022210171E-1,1.136056975495E-1));
#1049=VECTOR('',#1048,1.967633650749E0);
#1050=CARTESIAN_POINT('',(-7.115604442554E1,3.808332857454E1,
-1.773265782527E1));
#1051=LINE('',#1050,#1049);
#1052=DIRECTION('',(-4.675338382752E-1,7.920453114591E-2,8.804196455746E-1));
#1053=VECTOR('',#1052,6.615337613077E-1);
#1054=CARTESIAN_POINT('',(-7.084675500696E1,3.803093210314E1,
-1.831508514494E1));
#1055=LINE('',#1054,#1053);
#1056=DIRECTION('',(-9.595761312452E-1,-2.575022210170E-1,-1.136056975495E-1));
#1057=VECTOR('',#1056,1.750363930009E0);
#1058=CARTESIAN_POINT('',(-6.916714755874E1,3.848165470271E1,
-1.811623382970E1));
#1059=LINE('',#1058,#1057);
#1060=DIRECTION('',(-4.705021927938E-1,7.815913899657E-2,8.789305066770E-1));
#1061=VECTOR('',#1060,3.311695164102E-1);
#1062=CARTESIAN_POINT('',(-6.901133157508E1,3.845577077844E1,
-1.840730882056E1));
#1063=LINE('',#1062,#1061);
#1064=DIRECTION('',(9.595761312452E-1,2.575022210171E-1,1.136056975495E-1));
#1065=VECTOR('',#1064,1.423238732490E0);
#1066=CARTESIAN_POINT('',(-7.037703749184E1,3.808928364379E1,
-1.856899684954E1));
#1067=LINE('',#1066,#1065);
#1068=DIRECTION('',(4.153568675758E-1,2.893297026901E-1,8.624192690907E-1));
#1069=VECTOR('',#1068,3.806017431066E-1);
#1070=CARTESIAN_POINT('',(-7.053512303965E1,3.797916425461E1,
-1.889723512664E1));
#1071=LINE('',#1070,#1069);
#1072=DIRECTION('',(-4.675338382751E-1,7.920453114595E-2,8.804196455746E-1));
#1073=VECTOR('',#1072,6.615337613079E-1);
#1074=CARTESIAN_POINT('',(-7.022583362108E1,3.792676778321E1,
-1.947966244631E1));
#1075=LINE('',#1074,#1073);
#1076=DIRECTION('',(-8.750544008162E-1,-1.090189726074E-1,4.715873823840E-1));
#1077=VECTOR('',#1076,1.076250320112E0);
#1078=CARTESIAN_POINT('',(-6.928405604208E1,3.804409948738E1,
-1.998720851756E1));
#1079=LINE('',#1078,#1077);
#1080=DIRECTION('',(-9.595761312452E-1,-2.575022210170E-1,-1.136056975495E-1));
#1081=VECTOR('',#1080,1.967633650749E0);
#1082=CARTESIAN_POINT('',(-6.739596175579E1,3.855076952260E1,
-1.976367412415E1));
#1083=LINE('',#1082,#1081);
#1084=DIRECTION('',(4.705021927938E-1,-7.815913899660E-2,-8.789305066770E-1));
#1085=VECTOR('',#1084,6.623390328206E-1);
#1086=CARTESIAN_POINT('',(-6.770759372310E1,3.860253737112E1,
-1.918152414244E1));
#1087=LINE('',#1086,#1085);
#1088=DIRECTION('',(9.595761312452E-1,2.575022210170E-1,1.136056975495E-1));
#1089=VECTOR('',#1088,1.747922697192E0);
#1090=CARTESIAN_POINT('',(-6.938485862259E1,3.815244339443E1,
-1.938009811971E1));
#1091=LINE('',#1090,#1089);
#1092=DIRECTION('',(4.705021927939E-1,-7.815913899656E-2,-8.789305066770E-1));
#1093=VECTOR('',#1092,3.311695164103E-1);
#1094=CARTESIAN_POINT('',(-6.954067460625E1,3.817832731870E1,
-1.908902312886E1));
#1095=LINE('',#1094,#1093);
#1096=DIRECTION('',(-9.595761312452E-1,-2.575022210171E-1,-1.136056975495E-1));
#1097=VECTOR('',#1096,1.420797499673E0);
#1098=CARTESIAN_POINT('',(-6.817731123823E1,3.854418583048E1,
-1.892761243783E1));
#1099=LINE('',#1098,#1097);
#1100=DIRECTION('',(-4.199676797824E-1,-2.899154615682E-1,-8.599861470290E-1));
#1101=VECTOR('',#1100,3.820010545481E-1);
#1102=CARTESIAN_POINT('',(-6.801688314168E1,3.865493384253E1,
-1.859909682277E1));
#1103=LINE('',#1102,#1101);
#1104=DIRECTION('',(4.705021927939E-1,-7.815913899658E-2,-8.789305066770E-1));
#1105=VECTOR('',#1104,6.623390328205E-1);
#1106=CARTESIAN_POINT('',(-6.832851510899E1,3.870670169106E1,
-1.801694684106E1));
#1107=LINE('',#1106,#1105);
#1108=DIRECTION('',(8.744920541503E-1,1.086354180976E-1,-4.727176674959E-1));
#1109=VECTOR('',#1108,1.074263654876E0);
#1110=CARTESIAN_POINT('',(-6.926795013924E1,3.858999860976E1,
-1.750912343185E1));
#1111=LINE('',#1110,#1109);
#1112=DIRECTION('',(9.595761312452E-1,2.575022210171E-1,1.136056975495E-1));
#1113=VECTOR('',#1112,2.624325278605E0);
#1114=CARTESIAN_POINT('',(-6.842931768950E1,3.881504559811E1,
-1.740983644322E1));
#1115=LINE('',#1114,#1113);
#1116=DIRECTION('',(-4.690196289678E-1,7.868163634870E-2,8.796759561023E-1));
#1117=VECTOR('',#1116,2.647741576422E0);
#1118=CARTESIAN_POINT('',(-6.718747491772E1,3.860671695825E1,
-1.973899104597E1));
#1119=LINE('',#1118,#1117);
#1120=DIRECTION('',(-9.595761312452E-1,-2.575022210171E-1,-1.136056975495E-1));
#1121=VECTOR('',#1120,2.624325278605E0);
#1122=CARTESIAN_POINT('',(-6.466923501975E1,3.928248654616E1,
-1.944085274209E1));
#1123=LINE('',#1122,#1121);
#1124=DIRECTION('',(4.705021927939E-1,-7.815913899658E-2,-8.789305066770E-1));
#1125=VECTOR('',#1124,6.623390328208E-1);
#1126=CARTESIAN_POINT('',(-6.498086698707E1,3.933425439469E1,
-1.885870276038E1));
#1127=LINE('',#1126,#1125);
#1128=DIRECTION('',(9.595761312452E-1,2.575022210171E-1,1.136056975495E-1));
#1129=VECTOR('',#1128,1.747922697192E0);
#1130=CARTESIAN_POINT('',(-6.665813188655E1,3.888416041799E1,
-1.905727673766E1));
#1131=LINE('',#1130,#1129);
#1132=DIRECTION('',(4.705021927939E-1,-7.815913899657E-2,-8.789305066770E-1));
#1133=VECTOR('',#1132,3.311695164103E-1);
#1134=CARTESIAN_POINT('',(-6.681394787021E1,3.891004434226E1,
-1.876620174681E1));
#1135=LINE('',#1134,#1133);
#1136=DIRECTION('',(-9.595761312452E-1,-2.575022210171E-1,-1.136056975495E-1));
#1137=VECTOR('',#1136,1.750363930009E0);
#1138=CARTESIAN_POINT('',(-6.513434042198E1,3.936076694182E1,
-1.856735043157E1));
#1139=LINE('',#1138,#1137);
#1140=DIRECTION('',(4.705021927939E-1,-7.815913899659E-2,-8.789305066770E-1));
#1141=VECTOR('',#1140,6.623390328207E-1);
#1142=CARTESIAN_POINT('',(-6.544597238930E1,3.941253479035E1,
-1.798520044986E1));
#1143=LINE('',#1142,#1141);
#1144=DIRECTION('',(9.595761312452E-1,2.575022210171E-1,1.136056975495E-1));
#1145=VECTOR('',#1144,1.750363930009E0);
#1146=CARTESIAN_POINT('',(-6.712557983753E1,3.896181219079E1,
-1.818405176510E1));
#1147=LINE('',#1146,#1145);
#1148=DIRECTION('',(4.705021927936E-1,-7.815913899664E-2,-8.789305066771E-1));
#1149=VECTOR('',#1148,3.311695164103E-1);
#1150=CARTESIAN_POINT('',(-6.728139582118E1,3.898769611505E1,
-1.789297677424E1));
#1151=LINE('',#1150,#1149);
#1152=DIRECTION('',(-9.595761312452E-1,-2.575022210171E-1,-1.136056975495E-1));
#1153=VECTOR('',#1152,1.750363930009E0);
#1154=CARTESIAN_POINT('',(-6.560178837295E1,3.943841871462E1,
-1.769412545901E1));
#1155=LINE('',#1154,#1153);
#1156=DIRECTION('',(4.675338382752E-1,-7.920453114592E-2,-8.804196455746E-1));
#1157=VECTOR('',#1156,6.615337613076E-1);
#1158=CARTESIAN_POINT('',(-6.591107779153E1,3.949081518602E1,
-1.711169813934E1));
#1159=LINE('',#1158,#1157);
#1160=DIRECTION('',(9.595761312452E-1,2.575022210171E-1,1.136056975495E-1));
#1161=VECTOR('',#1160,1.967633650749E0);
#1162=CARTESIAN_POINT('',(-6.249952165455E1,4.783228516750E1,1.724498069383E1));
#1163=LINE('',#1162,#1161);
#1164=DIRECTION('',(-4.690196289678E-1,7.868163634870E-2,8.796759561023E-1));
#1165=VECTOR('',#1164,2.647741576422E0);
#1166=CARTESIAN_POINT('',(-6.125767888278E1,4.762395652764E1,1.491582609108E1));
#1167=LINE('',#1166,#1165);
#1168=DIRECTION('',(-9.595761312452E-1,-2.575022210170E-1,-1.136056975495E-1));
#1169=VECTOR('',#1168,1.967633650749E0);
#1170=CARTESIAN_POINT('',(-5.936958459649E1,4.813062656286E1,1.513936048450E1));
#1171=LINE('',#1170,#1169);
#1172=DIRECTION('',(-4.176679408245E-1,-2.896241159442E-1,-8.612034386084E-1));
#1173=VECTOR('',#1172,7.626001740399E-1);
#1174=CARTESIAN_POINT('',(-5.905107095212E1,4.835149396408E1,1.579611437667E1));
#1175=LINE('',#1174,#1173);
#1176=DIRECTION('',(6.821792637752E-1,5.481877670623E-3,-7.311644145418E-1));
#1177=VECTOR('',#1176,7.624371378594E-1);
#1178=CARTESIAN_POINT('',(-5.957118975750E1,4.834731437696E1,1.635358128019E1));
#1179=LINE('',#1178,#1177);
#1180=DIRECTION('',(1.613135349280E-1,-1.733818573530E-1,-9.715537427183E-1));
#1181=VECTOR('',#1180,6.248860677007E-1);
#1182=CARTESIAN_POINT('',(-5.967199233801E1,4.845565828401E1,1.696069167804E1));
#1183=LINE('',#1182,#1181);
#1184=DIRECTION('',(8.744920541503E-1,1.086354180976E-1,-4.727176674959E-1));
#1185=VECTOR('',#1184,1.074263654876E0);
#1186=CARTESIAN_POINT('',(-6.061142736826E1,4.833895520272E1,1.746851508725E1));
#1187=LINE('',#1186,#1185);
#1188=DIRECTION('',(-9.595761312452E-1,-2.575022210171E-1,-1.136056975495E-1));
#1189=VECTOR('',#1188,7.641058718171E-1);
#1190=CARTESIAN_POINT('',(-6.015093407893E1,4.812404287074E1,1.597542217081E1));
#1191=LINE('',#1190,#1189);
#1192=DIRECTION('',(-6.839945610149E-1,-6.294799525358E-3,7.294599481815E-1));
#1193=VECTOR('',#1192,3.819192314533E-1);
#1194=CARTESIAN_POINT('',(-5.988970340186E1,4.812644697573E1,1.569682738803E1));
#1195=LINE('',#1194,#1193);
#1196=DIRECTION('',(9.595761312452E-1,2.575022210171E-1,1.136056975495E-1));
#1197=VECTOR('',#1196,8.739613485959E-1);
#1198=CARTESIAN_POINT('',(-6.072833585161E1,4.790139998739E1,1.559754039939E1));
#1199=LINE('',#1198,#1197);
#1200=DIRECTION('',(4.705021927938E-1,-7.815913899659E-2,-8.789305066770E-1));
#1201=VECTOR('',#1200,3.311695164103E-1);
#1202=CARTESIAN_POINT('',(-6.088415183527E1,4.792728391165E1,1.588861539024E1));
#1203=LINE('',#1202,#1201);
#1204=DIRECTION('',(-9.595761312452E-1,-2.575022210170E-1,-1.136056975495E-1));
#1205=VECTOR('',#1204,8.764025814132E-1);
#1206=CARTESIAN_POINT('',(-6.051062478775E1,4.823061129567E1,1.686140468940E1));
#1207=LINE('',#1206,#1205);
#1208=DIRECTION('',(-1.613135349281E-1,1.733818573530E-1,9.715537427183E-1));
#1209=VECTOR('',#1208,3.124430338504E-1);
#1210=CARTESIAN_POINT('',(-6.046022349750E1,4.817643934214E1,1.655784949048E1));
#1211=LINE('',#1210,#1209);
#1212=DIRECTION('',(9.595761312452E-1,2.575022210170E-1,1.136056975495E-1));
#1213=VECTOR('',#1212,7.665471046344E-1);
#1214=CARTESIAN_POINT('',(-6.119578380258E1,4.797905176018E1,1.647076537195E1));
#1215=LINE('',#1214,#1213);
#1216=DIRECTION('',(4.705021927938E-1,-7.815913899662E-2,-8.789305066770E-1));
#1217=VECTOR('',#1216,3.311695164104E-1);
#1218=CARTESIAN_POINT('',(-6.135159978624E1,4.800493568445E1,1.676184036281E1));
#1219=LINE('',#1218,#1217);
#1220=DIRECTION('',(2.304800857118E-1,-9.506059430235E-1,2.079116908176E-1));
#1221=VECTOR('',#1220,1.5E-1);
#1222=CARTESIAN_POINT('',(-6.526082040345E1,4.724315903539E1,1.689097255816E1));
#1223=LINE('',#1222,#1221);
#1224=DIRECTION('',(2.304800857119E-1,-9.506059430235E-1,2.079116908176E-1));
#1225=VECTOR('',#1224,1.5E-1);
#1226=CARTESIAN_POINT('',(-6.495153098488E1,4.719076256399E1,1.630854523849E1));
#1227=LINE('',#1226,#1225);
#1228=DIRECTION('',(2.304800857119E-1,-9.506059430235E-1,2.079116908175E-1));
#1229=VECTOR('',#1228,1.5E-1);
#1230=CARTESIAN_POINT('',(-6.327192353665E1,4.764148516356E1,1.650739655373E1));
#1231=LINE('',#1230,#1229);
#1232=DIRECTION('',(2.304800857120E-1,-9.506059430235E-1,2.079116908176E-1));
#1233=VECTOR('',#1232,1.5E-1);
#1234=CARTESIAN_POINT('',(-6.311610755299E1,4.761560123929E1,1.621632156287E1));
#1235=LINE('',#1234,#1233);
#1236=DIRECTION('',(2.304800857117E-1,-9.506059430235E-1,2.079116908176E-1));
#1237=VECTOR('',#1236,1.5E-1);
#1238=CARTESIAN_POINT('',(-6.448181346975E1,4.724911410464E1,1.605463353389E1));
#1239=LINE('',#1238,#1237);
#1240=DIRECTION('',(2.304800857119E-1,-9.506059430235E-1,2.079116908176E-1));
#1241=VECTOR('',#1240,1.5E-1);
#1242=CARTESIAN_POINT('',(-6.463989901756E1,4.713899471546E1,1.572639525678E1));
#1243=LINE('',#1242,#1241);
#1244=DIRECTION('',(2.304800857119E-1,-9.506059430235E-1,2.079116908177E-1));
#1245=VECTOR('',#1244,1.5E-1);
#1246=CARTESIAN_POINT('',(-6.433060959899E1,4.708659824406E1,1.514396793712E1));
#1247=LINE('',#1246,#1245);
#1248=DIRECTION('',(2.304800857119E-1,-9.506059430235E-1,2.079116908176E-1));
#1249=VECTOR('',#1248,1.5E-1);
#1250=CARTESIAN_POINT('',(-6.338883201999E1,4.720392994823E1,1.463642186587E1));
#1251=LINE('',#1250,#1249);
#1252=DIRECTION('',(2.304800857119E-1,-9.506059430235E-1,2.079116908176E-1));
#1253=VECTOR('',#1252,1.5E-1);
#1254=CARTESIAN_POINT('',(-6.150073773370E1,4.771059998344E1,1.485995625928E1));
#1255=LINE('',#1254,#1253);
#1256=DIRECTION('',(2.304800857119E-1,-9.506059430235E-1,2.079116908176E-1));
#1257=VECTOR('',#1256,1.5E-1);
#1258=CARTESIAN_POINT('',(-6.181236970102E1,4.776236783197E1,1.544210624099E1));
#1259=LINE('',#1258,#1257);
#1260=DIRECTION('',(2.304800857119E-1,-9.506059430235E-1,2.079116908176E-1));
#1261=VECTOR('',#1260,1.5E-1);
#1262=CARTESIAN_POINT('',(-6.348963460050E1,4.731227385528E1,1.524353226371E1));
#1263=LINE('',#1262,#1261);
#1264=DIRECTION('',(2.304800857119E-1,-9.506059430235E-1,2.079116908176E-1));
#1265=VECTOR('',#1264,1.5E-1);
#1266=CARTESIAN_POINT('',(-6.364545058416E1,4.733815777954E1,1.553460725457E1));
#1267=LINE('',#1266,#1265);
#1268=DIRECTION('',(2.304800857119E-1,-9.506059430235E-1,2.079116908176E-1));
#1269=VECTOR('',#1268,1.5E-1);
#1270=CARTESIAN_POINT('',(-6.228208721614E1,4.770401629133E1,1.569601794559E1));
#1271=LINE('',#1270,#1269);
#1272=DIRECTION('',(2.304800857119E-1,-9.506059430235E-1,2.079116908176E-1));
#1273=VECTOR('',#1272,1.5E-1);
#1274=CARTESIAN_POINT('',(-6.212165911959E1,4.781476430337E1,1.602453356066E1));
#1275=LINE('',#1274,#1273);
#1276=DIRECTION('',(2.304800857119E-1,-9.506059430235E-1,2.079116908176E-1));
#1277=VECTOR('',#1276,1.5E-1);
#1278=CARTESIAN_POINT('',(-6.243329108690E1,4.786653215190E1,1.660668354236E1));
#1279=LINE('',#1278,#1277);
#1280=DIRECTION('',(2.304800857119E-1,-9.506059430235E-1,2.079116908176E-1));
#1281=VECTOR('',#1280,1.5E-1);
#1282=CARTESIAN_POINT('',(-6.337272611716E1,4.774982907061E1,1.711450695157E1));
#1283=LINE('',#1282,#1281);
#1284=DIRECTION('',(2.304800857120E-1,-9.506059430234E-1,2.079116908178E-1));
#1285=VECTOR('',#1284,1.5E-1);
#1286=CARTESIAN_POINT('',(-7.119061643839E1,3.822591946600E1,
-1.776384457889E1));
#1287=LINE('',#1286,#1285);
#1288=DIRECTION('',(2.304800857119E-1,-9.506059430235E-1,2.079116908177E-1));
#1289=VECTOR('',#1288,1.5E-1);
#1290=CARTESIAN_POINT('',(-7.088132701982E1,3.817352299460E1,
-1.834627189856E1));
#1291=LINE('',#1290,#1289);
#1292=DIRECTION('',(2.304800857120E-1,-9.506059430235E-1,2.079116908177E-1));
#1293=VECTOR('',#1292,1.5E-1);
#1294=CARTESIAN_POINT('',(-6.920171957159E1,3.862424559416E1,
-1.814742058332E1));
#1295=LINE('',#1294,#1293);
#1296=DIRECTION('',(2.304800857118E-1,-9.506059430235E-1,2.079116908178E-1));
#1297=VECTOR('',#1296,1.5E-1);
#1298=CARTESIAN_POINT('',(-6.904590358793E1,3.859836166990E1,
-1.843849557418E1));
#1299=LINE('',#1298,#1297);
#1300=DIRECTION('',(2.304800857118E-1,-9.506059430235E-1,2.079116908178E-1));
#1301=VECTOR('',#1300,1.5E-1);
#1302=CARTESIAN_POINT('',(-7.041160950470E1,3.823187453524E1,
-1.860018360316E1));
#1303=LINE('',#1302,#1301);
#1304=DIRECTION('',(2.304800857119E-1,-9.506059430235E-1,2.079116908178E-1));
#1305=VECTOR('',#1304,1.5E-1);
#1306=CARTESIAN_POINT('',(-7.056969505251E1,3.812175514607E1,
-1.892842188027E1));
#1307=LINE('',#1306,#1305);
#1308=DIRECTION('',(2.304800857119E-1,-9.506059430235E-1,2.079116908178E-1));
#1309=VECTOR('',#1308,1.5E-1);
#1310=CARTESIAN_POINT('',(-7.026040563393E1,3.806935867467E1,
-1.951084919993E1));
#1311=LINE('',#1310,#1309);
#1312=DIRECTION('',(2.304800857119E-1,-9.506059430235E-1,2.079116908177E-1));
#1313=VECTOR('',#1312,1.5E-1);
#1314=CARTESIAN_POINT('',(-6.931862805494E1,3.818669037883E1,
-2.001839527118E1));
#1315=LINE('',#1314,#1313);
#1316=DIRECTION('',(2.304800857119E-1,-9.506059430235E-1,2.079116908178E-1));
#1317=VECTOR('',#1316,1.5E-1);
#1318=CARTESIAN_POINT('',(-6.743053376865E1,3.869336041405E1,
-1.979486087777E1));
#1319=LINE('',#1318,#1317);
#1320=DIRECTION('',(2.304800857120E-1,-9.506059430235E-1,2.079116908177E-1));
#1321=VECTOR('',#1320,1.5E-1);
#1322=CARTESIAN_POINT('',(-6.774216573596E1,3.874512826258E1,
-1.921271089606E1));
#1323=LINE('',#1322,#1321);
#1324=DIRECTION('',(2.304800857119E-1,-9.506059430235E-1,2.079116908177E-1));
#1325=VECTOR('',#1324,1.5E-1);
#1326=CARTESIAN_POINT('',(-6.941943063545E1,3.829503428589E1,
-1.941128487334E1));
#1327=LINE('',#1326,#1325);
#1328=DIRECTION('',(2.304800857119E-1,-9.506059430235E-1,2.079116908177E-1));
#1329=VECTOR('',#1328,1.5E-1);
#1330=CARTESIAN_POINT('',(-6.957524661911E1,3.832091821015E1,
-1.912020988248E1));
#1331=LINE('',#1330,#1329);
#1332=DIRECTION('',(2.304800857119E-1,-9.506059430235E-1,2.079116908178E-1));
#1333=VECTOR('',#1332,1.5E-1);
#1334=CARTESIAN_POINT('',(-6.821188325109E1,3.868677672193E1,
-1.895879919146E1));
#1335=LINE('',#1334,#1333);
#1336=DIRECTION('',(2.304800857119E-1,-9.506059430235E-1,2.079116908177E-1));
#1337=VECTOR('',#1336,1.5E-1);
#1338=CARTESIAN_POINT('',(-6.805145515453E1,3.879752473398E1,
-1.863028357639E1));
#1339=LINE('',#1338,#1337);
#1340=DIRECTION('',(2.304800857121E-1,-9.506059430234E-1,2.079116908177E-1));
#1341=VECTOR('',#1340,1.5E-1);
#1342=CARTESIAN_POINT('',(-6.836308712185E1,3.884929258251E1,
-1.804813359469E1));
#1343=LINE('',#1342,#1341);
#1344=DIRECTION('',(2.304800857119E-1,-9.506059430235E-1,2.079116908178E-1));
#1345=VECTOR('',#1344,1.5E-1);
#1346=CARTESIAN_POINT('',(-6.930252215210E1,3.873258950121E1,
-1.754031018548E1));
#1347=LINE('',#1346,#1345);
#1348=DIRECTION('',(2.304800857118E-1,-9.506059430235E-1,2.079116908178E-1));
#1349=VECTOR('',#1348,1.5E-1);
#1350=CARTESIAN_POINT('',(-6.846388970236E1,3.895763648956E1,
-1.744102319684E1));
#1351=LINE('',#1350,#1349);
#1352=DIRECTION('',(2.304800857119E-1,-9.506059430235E-1,2.079116908178E-1));
#1353=VECTOR('',#1352,1.5E-1);
#1354=CARTESIAN_POINT('',(-6.722204693058E1,3.874930784970E1,
-1.977017779959E1));
#1355=LINE('',#1354,#1353);
#1356=DIRECTION('',(2.304800857120E-1,-9.506059430234E-1,2.079116908178E-1));
#1357=VECTOR('',#1356,1.5E-1);
#1358=CARTESIAN_POINT('',(-6.470380703261E1,3.942507743761E1,
-1.947203949572E1));
#1359=LINE('',#1358,#1357);
#1360=DIRECTION('',(2.304800857119E-1,-9.506059430235E-1,2.079116908178E-1));
#1361=VECTOR('',#1360,1.5E-1);
#1362=CARTESIAN_POINT('',(-6.501543899992E1,3.947684528614E1,
-1.888988951401E1));
#1363=LINE('',#1362,#1361);
#1364=DIRECTION('',(2.304800857119E-1,-9.506059430235E-1,2.079116908177E-1));
#1365=VECTOR('',#1364,1.5E-1);
#1366=CARTESIAN_POINT('',(-6.669270389941E1,3.902675130945E1,
-1.908846349128E1));
#1367=LINE('',#1366,#1365);
#1368=DIRECTION('',(2.304800857119E-1,-9.506059430235E-1,2.079116908177E-1));
#1369=VECTOR('',#1368,1.5E-1);
#1370=CARTESIAN_POINT('',(-6.684851988307E1,3.905263523371E1,
-1.879738850043E1));
#1371=LINE('',#1370,#1369);
#1372=DIRECTION('',(2.304800857119E-1,-9.506059430235E-1,2.079116908177E-1));
#1373=VECTOR('',#1372,1.5E-1);
#1374=CARTESIAN_POINT('',(-6.516891243484E1,3.950335783328E1,
-1.859853718519E1));
#1375=LINE('',#1374,#1373);
#1376=DIRECTION('',(2.304800857119E-1,-9.506059430235E-1,2.079116908177E-1));
#1377=VECTOR('',#1376,1.5E-1);
#1378=CARTESIAN_POINT('',(-6.548054440215E1,3.955512568181E1,
-1.801638720349E1));
#1379=LINE('',#1378,#1377);
#1380=DIRECTION('',(2.304800857119E-1,-9.506059430235E-1,2.079116908177E-1));
#1381=VECTOR('',#1380,1.5E-1);
#1382=CARTESIAN_POINT('',(-6.716015185038E1,3.910440308224E1,
-1.821523851872E1));
#1383=LINE('',#1382,#1381);
#1384=DIRECTION('',(2.304800857120E-1,-9.506059430235E-1,2.079116908177E-1));
#1385=VECTOR('',#1384,1.5E-1);
#1386=CARTESIAN_POINT('',(-6.731596783404E1,3.913028700651E1,
-1.792416352787E1));
#1387=LINE('',#1386,#1385);
#1388=DIRECTION('',(2.304800857119E-1,-9.506059430235E-1,2.079116908178E-1));
#1389=VECTOR('',#1388,1.5E-1);
#1390=CARTESIAN_POINT('',(-6.563636038581E1,3.958100960607E1,
-1.772531221263E1));
#1391=LINE('',#1390,#1389);
#1392=DIRECTION('',(2.304800857119E-1,-9.506059430235E-1,2.079116908177E-1));
#1393=VECTOR('',#1392,1.5E-1);
#1394=CARTESIAN_POINT('',(-6.594564980438E1,3.963340607747E1,
-1.714288489297E1));
#1395=LINE('',#1394,#1393);
#1396=DIRECTION('',(2.304800857119E-1,-9.506059430235E-1,2.079116908176E-1));
#1397=VECTOR('',#1396,1.5E-1);
#1398=CARTESIAN_POINT('',(-6.253409366741E1,4.797487605896E1,1.721379394021E1));
#1399=LINE('',#1398,#1397);
#1400=DIRECTION('',(2.304800857119E-1,-9.506059430235E-1,2.079116908176E-1));
#1401=VECTOR('',#1400,1.5E-1);
#1402=CARTESIAN_POINT('',(-6.129225089564E1,4.776654741909E1,1.488463933746E1));
#1403=LINE('',#1402,#1401);
#1404=DIRECTION('',(2.304800857119E-1,-9.506059430235E-1,2.079116908176E-1));
#1405=VECTOR('',#1404,1.5E-1);
#1406=CARTESIAN_POINT('',(-5.940415660934E1,4.827321745431E1,1.510817373088E1));
#1407=LINE('',#1406,#1405);
#1408=DIRECTION('',(2.304800857119E-1,-9.506059430235E-1,2.079116908175E-1));
#1409=VECTOR('',#1408,1.5E-1);
#1410=CARTESIAN_POINT('',(-5.908564296498E1,4.849408485553E1,1.576492762304E1));
#1411=LINE('',#1410,#1409);
#1412=DIRECTION('',(2.304800857119E-1,-9.506059430235E-1,2.079116908176E-1));
#1413=VECTOR('',#1412,1.5E-1);
#1414=CARTESIAN_POINT('',(-5.960576177036E1,4.848990526841E1,1.632239452657E1));
#1415=LINE('',#1414,#1413);
#1416=DIRECTION('',(2.304800857119E-1,-9.506059430235E-1,2.079116908176E-1));
#1417=VECTOR('',#1416,1.5E-1);
#1418=CARTESIAN_POINT('',(-5.970656435087E1,4.859824917547E1,1.692950492442E1));
#1419=LINE('',#1418,#1417);
#1420=DIRECTION('',(2.304800857119E-1,-9.506059430235E-1,2.079116908176E-1));
#1421=VECTOR('',#1420,1.5E-1);
#1422=CARTESIAN_POINT('',(-6.064599938112E1,4.848154609417E1,1.743732833363E1));
#1423=LINE('',#1422,#1421);
#1424=DIRECTION('',(2.304800857119E-1,-9.506059430235E-1,2.079116908176E-1));
#1425=VECTOR('',#1424,1.5E-1);
#1426=CARTESIAN_POINT('',(-6.018550609178E1,4.826663376219E1,1.594423541719E1));
#1427=LINE('',#1426,#1425);
#1428=DIRECTION('',(2.304800857120E-1,-9.506059430235E-1,2.079116908176E-1));
#1429=VECTOR('',#1428,1.5E-1);
#1430=CARTESIAN_POINT('',(-5.992427541472E1,4.826903786719E1,1.566564063440E1));
#1431=LINE('',#1430,#1429);
#1432=DIRECTION('',(2.304800857119E-1,-9.506059430235E-1,2.079116908176E-1));
#1433=VECTOR('',#1432,1.5E-1);
#1434=CARTESIAN_POINT('',(-6.076290786447E1,4.804399087884E1,1.556635364577E1));
#1435=LINE('',#1434,#1433);
#1436=DIRECTION('',(2.304800857119E-1,-9.506059430235E-1,2.079116908176E-1));
#1437=VECTOR('',#1436,1.5E-1);
#1438=CARTESIAN_POINT('',(-6.091872384812E1,4.806987480311E1,1.585742863662E1));
#1439=LINE('',#1438,#1437);
#1440=CARTESIAN_POINT('',(-8.274300365086E1,3.952487510498E1,
9.815666568105E-1));
#1441=DIRECTION('',(-2.304800857119E-1,9.506059430235E-1,-2.079116908178E-1));
#1442=DIRECTION('',(-9.718430452728E-1,-2.356291479312E-1,-1.699811349635E-14));
#1443=AXIS2_PLACEMENT_3D('',#1440,#1441,#1442);
#1445=CARTESIAN_POINT('',(-8.492489893342E1,3.879456412534E1,1.023148994766E0));
#1446=DIRECTION('',(4.899005463913E-2,-2.020575307311E-1,-9.781476007338E-1));
#1447=DIRECTION('',(-2.304800821414E-1,9.506059438892E-1,-2.079116908178E-1));
#1448=AXIS2_PLACEMENT_3D('',#1445,#1446,#1447);
#1450=CARTESIAN_POINT('',(-8.269771210401E1,3.933807192206E1,1.022423297669E0));
#1451=DIRECTION('',(-2.304800857119E-1,9.506059430235E-1,-2.079116908178E-1));
#1452=DIRECTION('',(-9.718430452728E-1,-2.356291479312E-1,0.E0));
#1453=AXIS2_PLACEMENT_3D('',#1450,#1451,#1452);
#1455=DIRECTION('',(-2.474059822788E-1,9.463488653973E-1,-2.078800252404E-1));
#1456=VECTOR('',#1455,5.304298351639E0);
#1457=CARTESIAN_POINT('',(-8.341904927E1,3.382528412253E1,2.125080956300E0));
#1458=LINE('',#1457,#1456);
#1459=CARTESIAN_POINT('',(-5.322741352396E1,4.899378721791E1,1.155551936504E1));
#1460=DIRECTION('',(-2.304800857119E-1,9.506059430235E-1,-2.079116908178E-1));
#1461=DIRECTION('',(9.718430452728E-1,2.356291479313E-1,0.E0));
#1462=AXIS2_PLACEMENT_3D('',#1459,#1460,#1461);
#1464=CARTESIAN_POINT('',(-4.728881863652E1,5.013168883526E1,1.161789287230E1));
#1465=DIRECTION('',(-4.899005455497E-2,2.020575307515E-1,9.781476007338E-1));
#1466=DIRECTION('',(-2.304800859996E-1,9.506059429537E-1,-2.079116908178E-1));
#1467=AXIS2_PLACEMENT_3D('',#1464,#1465,#1466);
#1469=CARTESIAN_POINT('',(-5.316188820725E1,4.872353065628E1,1.161462850389E1));
#1470=DIRECTION('',(-2.304800857119E-1,9.506059430235E-1,-2.079116908178E-1));
#1471=DIRECTION('',(9.718430452728E-1,2.356291479313E-1,0.E0));
#1472=AXIS2_PLACEMENT_3D('',#1469,#1470,#1471);
#1474=CARTESIAN_POINT('',(-5.322741352396E1,4.899378721791E1,1.155551936504E1));
#1475=DIRECTION('',(-2.304800857119E-1,9.506059430235E-1,-2.079116908178E-1));
#1476=DIRECTION('',(-9.718430452728E-1,-2.356291479312E-1,1.058842656809E-14));
#1477=AXIS2_PLACEMENT_3D('',#1474,#1475,#1476);
#1479=CARTESIAN_POINT('',(-5.902772035998E1,4.728552203476E1,1.161789287227E1));
#1480=DIRECTION('',(4.899005455497E-2,-2.020575307515E-1,-9.781476007338E-1));
#1481=DIRECTION('',(-2.304800854242E-1,9.506059430932E-1,-2.079116908178E-1));
#1482=AXIS2_PLACEMENT_3D('',#1479,#1480,#1481);
#1484=CARTESIAN_POINT('',(-5.316188820725E1,4.872353065628E1,1.161462850389E1));
#1485=DIRECTION('',(-2.304800857119E-1,9.506059430235E-1,-2.079116908178E-1));
#1486=DIRECTION('',(-9.718430452728E-1,-2.356291479313E-1,0.E0));
#1487=AXIS2_PLACEMENT_3D('',#1484,#1485,#1486);
#1489=DIRECTION('',(1.793018856898E-1,-9.616350474644E-1,2.076267547217E-1));
#1490=VECTOR('',#1489,1.718055321996E0);
#1491=CARTESIAN_POINT('',(-4.758359070570E1,5.007602222879E1,1.161462849574E1));
#1492=LINE('',#1491,#1490);
#1493=DIRECTION('',(2.810265558396E-1,-9.369712937685E-1,2.076267554210E-1));
#1494=VECTOR('',#1493,1.718055321996E0);
#1495=CARTESIAN_POINT('',(-5.874018572821E1,4.737103916387E1,1.161462849453E1));
#1496=LINE('',#1495,#1494);
#1497=CARTESIAN_POINT('',(-5.276645335254E1,4.709257533187E1,1.197134274667E1));
#1498=DIRECTION('',(2.304800857119E-1,-9.506059430235E-1,2.079116908178E-1));
#1499=DIRECTION('',(9.718430452728E-1,2.356291479313E-1,0.E0));
#1500=AXIS2_PLACEMENT_3D('',#1497,#1498,#1499);
#1502=CARTESIAN_POINT('',(-5.276645335254E1,4.709257533187E1,1.197134274667E1));
#1503=DIRECTION('',(2.304800857119E-1,-9.506059430235E-1,2.079116908178E-1));
#1504=DIRECTION('',(-9.718430452728E-1,-2.356291479313E-1,0.E0));
#1505=AXIS2_PLACEMENT_3D('',#1502,#1503,#1504);
#1507=CARTESIAN_POINT('',(-7.178949352554E1,3.760836823746E1,
-1.030403619435E1));
#1508=DIRECTION('',(2.304800857119E-1,-9.506059430235E-1,2.079116908178E-1));
#1509=DIRECTION('',(9.718430452728E-1,2.356291479313E-1,0.E0));
#1510=AXIS2_PLACEMENT_3D('',#1507,#1508,#1509);
#1512=CARTESIAN_POINT('',(-7.178949352554E1,3.760836823746E1,
-1.030403619435E1));
#1513=DIRECTION('',(2.304800857119E-1,-9.506059430235E-1,2.079116908178E-1));
#1514=DIRECTION('',(-9.718430452728E-1,-2.356291479313E-1,0.E0));
#1515=AXIS2_PLACEMENT_3D('',#1512,#1513,#1514);
#1517=CARTESIAN_POINT('',(-5.276645335254E1,4.709257533187E1,1.197134274667E1));
#1518=DIRECTION('',(2.304800857119E-1,-9.506059430235E-1,2.079116908178E-1));
#1519=DIRECTION('',(9.718430452728E-1,2.356291479313E-1,0.E0));
#1520=AXIS2_PLACEMENT_3D('',#1517,#1518,#1519);
#1522=CARTESIAN_POINT('',(-5.276645335254E1,4.709257533187E1,1.197134274667E1));
#1523=DIRECTION('',(2.304800857119E-1,-9.506059430235E-1,2.079116908178E-1));
#1524=DIRECTION('',(-9.718430452728E-1,-2.356291479313E-1,0.E0));
#1525=AXIS2_PLACEMENT_3D('',#1522,#1523,#1524);
#1527=CARTESIAN_POINT('',(-7.178949352554E1,3.760836823746E1,
-1.030403619435E1));
#1528=DIRECTION('',(2.304800857119E-1,-9.506059430235E-1,2.079116908178E-1));
#1529=DIRECTION('',(9.718430452728E-1,2.356291479313E-1,0.E0));
#1530=AXIS2_PLACEMENT_3D('',#1527,#1528,#1529);
#1532=CARTESIAN_POINT('',(-7.178949352554E1,3.760836823746E1,
-1.030403619435E1));
#1533=DIRECTION('',(2.304800857119E-1,-9.506059430235E-1,2.079116908178E-1));
#1534=DIRECTION('',(-9.718430452728E-1,-2.356291479313E-1,0.E0));
#1535=AXIS2_PLACEMENT_3D('',#1532,#1533,#1534);
#1537=DIRECTION('',(1.793018856898E-1,-9.616350474644E-1,2.076267547217E-1));
#1538=VECTOR('',#1537,1.718055321996E0);
#1539=CARTESIAN_POINT('',(-6.660663087870E1,4.059181513439E1,
-1.066075044528E1));
#1540=LINE('',#1539,#1538);
#1541=CARTESIAN_POINT('',(-7.225045369696E1,3.950958012351E1,
-1.071985957598E1));
#1542=DIRECTION('',(-2.304800857119E-1,9.506059430235E-1,-2.079116908178E-1));
#1543=DIRECTION('',(-9.718430452728E-1,-2.356291479312E-1,0.E0));
#1544=AXIS2_PLACEMENT_3D('',#1541,#1542,#1543);
#1546=CARTESIAN_POINT('',(-7.805076053298E1,3.780131494035E1,
-1.065748606875E1));
#1547=DIRECTION('',(4.899005455497E-2,-2.020575307515E-1,-9.781476007338E-1));
#1548=DIRECTION('',(-2.304800854243E-1,9.506059430932E-1,-2.079116908178E-1));
#1549=AXIS2_PLACEMENT_3D('',#1546,#1547,#1548);
#1551=CARTESIAN_POINT('',(-7.218492838024E1,3.923932356188E1,
-1.066075043712E1));
#1552=DIRECTION('',(-2.304800857119E-1,9.506059430235E-1,-2.079116908178E-1));
#1553=DIRECTION('',(-9.718430452728E-1,-2.356291479313E-1,0.E0));
#1554=AXIS2_PLACEMENT_3D('',#1551,#1552,#1553);
#1556=CARTESIAN_POINT('',(-7.225045369696E1,3.950958012351E1,
-1.071985957598E1));
#1557=DIRECTION('',(-2.304800857119E-1,9.506059430235E-1,-2.079116908178E-1));
#1558=DIRECTION('',(9.718430452728E-1,2.356291479313E-1,0.E0));
#1559=AXIS2_PLACEMENT_3D('',#1556,#1557,#1558);
#1561=CARTESIAN_POINT('',(-6.631185880951E1,4.064748174085E1,
-1.065748606872E1));
#1562=DIRECTION('',(-4.899005455497E-2,2.020575307515E-1,9.781476007338E-1));
#1563=DIRECTION('',(-2.304800859997E-1,9.506059429537E-1,-2.079116908178E-1));
#1564=AXIS2_PLACEMENT_3D('',#1561,#1562,#1563);
#1566=CARTESIAN_POINT('',(-7.218492838024E1,3.923932356188E1,
-1.066075043712E1));
#1567=DIRECTION('',(-2.304800857119E-1,9.506059430235E-1,-2.079116908178E-1));
#1568=DIRECTION('',(9.718430452728E-1,2.356291479313E-1,0.E0));
#1569=AXIS2_PLACEMENT_3D('',#1566,#1567,#1568);
#1571=DIRECTION('',(2.810265558396E-1,-9.369712937685E-1,2.076267554210E-1));
#1572=VECTOR('',#1571,1.718055321996E0);
#1573=CARTESIAN_POINT('',(-7.776322590121E1,3.788683206947E1,
-1.066075044649E1));
#1574=LINE('',#1573,#1572);
#1575=DIRECTION('',(2.474059822978E-1,-9.463488654758E-1,2.078800248602E-1));
#1576=VECTOR('',#1575,2.900441751327E0);
#1577=CARTESIAN_POINT('',(-4.975373991219E1,4.782302569045E1,1.197134274667E1));
#1578=LINE('',#1577,#1576);
#1579=CARTESIAN_POINT('',(-5.209806110397E1,4.433581809710E1,1.257428665005E1));
#1580=DIRECTION('',(2.304800857119E-1,-9.506059430235E-1,2.079116908178E-1));
#1581=DIRECTION('',(9.718430452728E-1,2.356291479313E-1,0.E0));
#1582=AXIS2_PLACEMENT_3D('',#1579,#1580,#1581);
#1584=CARTESIAN_POINT('',(-5.209806110397E1,4.433581809710E1,1.257428665005E1));
#1585=DIRECTION('',(2.304800857119E-1,-9.506059430235E-1,2.079116908178E-1));
#1586=DIRECTION('',(-9.718430452728E-1,-2.356291479313E-1,0.E0));
#1587=AXIS2_PLACEMENT_3D('',#1584,#1585,#1586);
#1589=CARTESIAN_POINT('',(-7.112110127697E1,3.485161100269E1,
-9.701092290974E0));
#1590=DIRECTION('',(2.304800857119E-1,-9.506059430235E-1,2.079116908178E-1));
#1591=DIRECTION('',(9.718430452728E-1,2.356291479313E-1,0.E0));
#1592=AXIS2_PLACEMENT_3D('',#1589,#1590,#1591);
#1594=CARTESIAN_POINT('',(-7.112110127697E1,3.485161100269E1,
-9.701092290974E0));
#1595=DIRECTION('',(2.304800857119E-1,-9.506059430235E-1,2.079116908178E-1));
#1596=DIRECTION('',(-9.718430452728E-1,-2.356291479313E-1,0.E0));
#1597=AXIS2_PLACEMENT_3D('',#1594,#1595,#1596);
#1599=DIRECTION('',(9.730769924160E-1,2.252259961567E-1,-4.893278538765E-2));
#1600=VECTOR('',#1599,8.283784293356E0);
#1601=CARTESIAN_POINT('',(-7.514857497814E1,3.276919207207E1,
-1.475760125078E1));
#1602=LINE('',#1601,#1600);
#1603=DIRECTION('',(3.112322020015E-4,-2.135921359306E-1,-9.769228744395E-1));
#1604=VECTOR('',#1603,3.162108216960E-1);
#1605=CARTESIAN_POINT('',(-7.514867339313E1,3.283673221688E1,
-1.444868766592E1));
#1606=LINE('',#1605,#1604);
#1607=DIRECTION('',(-9.730769924445E-1,-2.252259766481E-1,4.893287461586E-2));
#1608=VECTOR('',#1607,9.162156883446E-1);
#1609=CARTESIAN_POINT('',(-7.514867339313E1,3.283673221688E1,
-1.444868766592E1));
#1610=LINE('',#1609,#1608);
#1611=DIRECTION('',(9.730769923876E-1,2.252260156654E-1,-4.893269615944E-2));
#1612=VECTOR('',#1611,9.162156883446E-1);
#1613=CARTESIAN_POINT('',(-7.604336019725E1,3.478419318462E1,
-4.552777277485E0));
#1614=LINE('',#1613,#1612);
#1615=DIRECTION('',(3.112322019117E-4,-2.135921359306E-1,-9.769228744395E-1));
#1616=VECTOR('',#1615,3.162108216959E-1);
#1617=CARTESIAN_POINT('',(-7.515191020585E1,3.505808893841E1,
-4.288696596520E0));
#1618=LINE('',#1617,#1616);
#1619=DIRECTION('',(-9.730769924160E-1,-2.252259961567E-1,4.893278538765E-2));
#1620=VECTOR('',#1619,8.283784293356E0);
#1621=CARTESIAN_POINT('',(-6.709115029985E1,3.692381250783E1,
-4.694045235544E0));
#1622=LINE('',#1621,#1620);
#1623=DIRECTION('',(-3.112322018882E-4,2.135921359306E-1,9.769228744395E-1));
#1624=VECTOR('',#1623,3.162100650883E-1);
#1625=CARTESIAN_POINT('',(-6.709105188509E1,3.685627252462E1,
-5.002958081257E0));
#1626=LINE('',#1625,#1624);
#1627=DIRECTION('',(9.730769923876E-1,2.252260156654E-1,-4.893269615944E-2));
#1628=VECTOR('',#1627,9.162156883446E-1);
#1629=CARTESIAN_POINT('',(-6.709105188509E1,3.685627252462E1,
-5.002958081257E0));
#1630=LINE('',#1629,#1628);
#1631=DIRECTION('',(-9.730769924445E-1,-2.252259766481E-1,4.893287461586E-2));
#1632=VECTOR('',#1631,9.162156883446E-1);
#1633=CARTESIAN_POINT('',(-6.619636508044E1,3.490881119792E1,
-1.489887011149E1));
#1634=LINE('',#1633,#1632);
#1635=DIRECTION('',(-3.112322019330E-4,2.135921359306E-1,9.769228744395E-1));
#1636=VECTOR('',#1635,3.162100650884E-1);
#1637=CARTESIAN_POINT('',(-6.708781507213E1,3.463491564149E1,
-1.516294988980E1));
#1638=LINE('',#1637,#1636);
#1639=DIRECTION('',(-9.730769924445E-1,-2.252259766481E-1,4.893287461584E-2));
#1640=VECTOR('',#1639,2.877654405753E-1);
#1641=CARTESIAN_POINT('',(-5.702035542536E1,4.414765123268E1,1.717055669979E1));
#1642=LINE('',#1641,#1640);
#1643=DIRECTION('',(3.112322019224E-4,-2.135921359306E-1,-9.769228744395E-1));
#1644=VECTOR('',#1643,2.472453937879E0);
#1645=CARTESIAN_POINT('',(-5.702035542536E1,4.414765123268E1,1.717055669979E1));
#1646=LINE('',#1645,#1644);
#1647=DIRECTION('',(9.730769924160E-1,2.252259961567E-1,-4.893278538765E-2));
#1648=VECTOR('',#1647,9.162156883446E-1);
#1649=CARTESIAN_POINT('',(-5.701958591808E1,4.361955451510E1,1.475515989188E1));
#1650=LINE('',#1649,#1648);
#1651=DIRECTION('',(3.112322019215E-4,-2.135921359306E-1,-9.769228744395E-1));
#1652=VECTOR('',#1651,3.388669542540E0);
#1653=CARTESIAN_POINT('',(-5.612909217475E1,4.454970327176E1,1.802079569625E1));
#1654=LINE('',#1653,#1652);
#1655=DIRECTION('',(9.730769924445E-1,2.252259766481E-1,-4.893287461585E-2));
#1656=VECTOR('',#1655,2.823544961258E-1);
#1657=CARTESIAN_POINT('',(-5.640384483864E1,4.448610970461E1,1.803461211341E1));
#1658=LINE('',#1657,#1656);
#1659=DIRECTION('',(5.395333867213E-1,-5.297221067183E-2,-8.402961796352E-1));
#1660=VECTOR('',#1659,7.709026641194E-1);
#1661=CARTESIAN_POINT('',(-4.823435067215E1,4.645000723503E1,1.795759358820E1));
#1662=LINE('',#1661,#1660);
#1663=DIRECTION('',(9.730769924445E-1,2.252259766481E-1,-4.893287461587E-2));
#1664=VECTOR('',#1663,2.567278374047E-1);
#1665=CARTESIAN_POINT('',(-4.806823889885E1,4.635134903879E1,1.732236945575E1));
#1666=LINE('',#1665,#1664);
#1667=DIRECTION('',(-3.112322019263E-4,2.135921359306E-1,9.769228744395E-1));
#1668=VECTOR('',#1667,3.088668785932E0);
#1669=CARTESIAN_POINT('',(-4.806727760566E1,4.569163367562E1,1.430497826721E1));
#1670=LINE('',#1669,#1668);
#1671=DIRECTION('',(9.730769924160E-1,2.252259961567E-1,-4.893278538765E-2));
#1672=VECTOR('',#1671,9.162156883446E-1);
#1673=CARTESIAN_POINT('',(-4.806727760566E1,4.569163367562E1,1.430497826721E1));
#1674=LINE('',#1673,#1672);
#1675=DIRECTION('',(3.112322019215E-4,-2.135921359306E-1,-9.769228744395E-1));
#1676=VECTOR('',#1675,2.098134414086E0);
#1677=CARTESIAN_POINT('',(-4.717638220623E1,4.634613427770E1,1.630986078433E1));
#1678=LINE('',#1677,#1676);
#1679=DIRECTION('',(5.395333867213E-1,-5.297221067179E-2,-8.402961796352E-1));
#1680=VECTOR('',#1679,3.146841787414E0);
#1681=CARTESIAN_POINT('',(-4.717638220623E1,4.634613427770E1,1.630986078433E1));
#1682=LINE('',#1681,#1680);
#1683=DIRECTION('',(-9.730769924160E-1,-2.252259961567E-1,4.893278538765E-2));
#1684=VECTOR('',#1683,9.162156883445E-1);
#1685=CARTESIAN_POINT('',(-4.717355057383E1,4.440284431521E1,7.421685160483E0));
#1686=LINE('',#1685,#1684);
#1687=DIRECTION('',(-3.112322019507E-4,2.135921359306E-1,9.769228744395E-1));
#1688=VECTOR('',#1687,3.581078441723E-1);
#1689=CARTESIAN_POINT('',(-4.806498752555E1,4.411999970478E1,7.116674401641E0));
#1690=LINE('',#1689,#1688);
#1691=DIRECTION('',(9.730769924160E-1,2.252259961567E-1,-4.893278538765E-2));
#1692=VECTOR('',#1691,8.283784293356E0);
#1693=CARTESIAN_POINT('',(-5.612574743156E1,4.225427613536E1,7.522023040666E0));
#1694=LINE('',#1693,#1692);
#1695=DIRECTION('',(3.112322018713E-4,-2.135921359306E-1,-9.769228744395E-1));
#1696=VECTOR('',#1695,3.581078441723E-1);
#1697=CARTESIAN_POINT('',(-5.612585888625E1,4.233076515469E1,7.871866785154E0));
#1698=LINE('',#1697,#1696);
#1699=DIRECTION('',(-9.730769924160E-1,-2.252259961567E-1,4.893278538765E-2));
#1700=VECTOR('',#1699,9.162156883446E-1);
#1701=CARTESIAN_POINT('',(-5.612585888625E1,4.233076515469E1,7.871866785154E0));
#1702=LINE('',#1701,#1700);
#1703=DIRECTION('',(2.134839826592E-1,-9.545734567921E-1,2.078800248602E-1));
#1704=VECTOR('',#1703,2.900441751327E0);
#1705=CARTESIAN_POINT('',(-5.577916679289E1,4.636212497328E1,1.197134274667E1));
#1706=LINE('',#1705,#1704);
#1707=DIRECTION('',(2.474059822978E-1,-9.463488654758E-1,2.078800248602E-1));
#1708=VECTOR('',#1707,2.900441751327E0);
#1709=CARTESIAN_POINT('',(-6.877678008519E1,3.833881859605E1,
-1.030403619435E1));
#1710=LINE('',#1709,#1708);
#1711=DIRECTION('',(2.134839826591E-1,-9.545734567921E-1,2.078800248602E-1));
#1712=VECTOR('',#1711,2.900441751327E0);
#1713=CARTESIAN_POINT('',(-7.480220696588E1,3.687791787888E1,
-1.030403619435E1));
#1714=LINE('',#1713,#1712);
#1715=DIRECTION('',(-2.134245149298E-1,9.505194533464E-1,-2.257492973122E-1));
#1716=VECTOR('',#1715,2.400731118872E0);
#1717=CARTESIAN_POINT('',(-7.514857497814E1,3.276919207207E1,
-1.475760125078E1));
#1718=LINE('',#1717,#1716);
#1719=DIRECTION('',(-2.473952756354E-1,9.501134377750E-1,-1.899474478708E-1));
#1720=VECTOR('',#1719,2.500761582228E0);
#1721=CARTESIAN_POINT('',(-6.646923688595E1,3.232644844075E1,
-1.437902376381E1));
#1722=LINE('',#1721,#1720);
#1723=DIRECTION('',(-2.473952756418E-1,9.501134374610E-1,-1.899474494331E-1));
#1724=VECTOR('',#1723,4.901492701030E0);
#1725=CARTESIAN_POINT('',(-6.646873891618E1,3.198470222519E1,
-1.594209486553E1));
#1726=LINE('',#1725,#1724);
#1727=DIRECTION('',(-2.473844137803E-1,9.426591790190E-1,-2.240415676382E-1));
#1728=VECTOR('',#1727,2.400731119005E0);
#1729=CARTESIAN_POINT('',(-6.708781507213E1,3.463491564149E1,
-1.516294988980E1));
#1730=LINE('',#1729,#1728);
#1731=DIRECTION('',(-2.473844137730E-1,9.426591786524E-1,-2.240415691890E-1));
#1732=VECTOR('',#1731,2.500761582367E0);
#1733=CARTESIAN_POINT('',(-6.647240244705E1,3.449890666538E1,
-4.442683532176E0));
#1734=LINE('',#1733,#1732);
#1735=DIRECTION('',(9.730769923876E-1,2.252260156654E-1,-4.893269615945E-2));
#1736=VECTOR('',#1735,8.289403637035E-1);
#1737=CARTESIAN_POINT('',(-7.542471075921E1,3.242682732538E1,
-3.992502728404E0));
#1738=LINE('',#1737,#1736);
#1739=DIRECTION('',(-3.112322019308E-4,2.135921359306E-1,9.769228744395E-1));
#1740=VECTOR('',#1739,2.428935576753E0);
#1741=CARTESIAN_POINT('',(-7.542471075921E1,3.242682732538E1,
-3.992502728404E0));
#1742=LINE('',#1741,#1740);
#1743=DIRECTION('',(9.730769924160E-1,2.252259961567E-1,-4.893278538765E-2));
#1744=VECTOR('',#1743,1.002894034540E1);
#1745=CARTESIAN_POINT('',(-7.542546672218E1,3.294562886326E1,
-1.619620002935E0));
#1746=LINE('',#1745,#1744);
#1747=DIRECTION('',(3.112322019156E-4,-2.135921359306E-1,-9.769228744395E-1));
#1748=VECTOR('',#1747,2.428934660749E0);
#1749=CARTESIAN_POINT('',(-6.566653561376E1,3.520440694295E1,
-2.110363988522E0));
#1750=LINE('',#1749,#1748);
#1751=DIRECTION('',(9.730769923876E-1,2.252260156654E-1,-4.893269615944E-2));
#1752=VECTOR('',#1751,8.289403637035E-1);
#1753=CARTESIAN_POINT('',(-6.647240244705E1,3.449890666538E1,
-4.442683532176E0));
#1754=LINE('',#1753,#1752);
#1755=DIRECTION('',(-3.112322019157E-4,2.135921359306E-1,9.769228744395E-1));
#1756=VECTOR('',#1755,1.599994372758E0);
#1757=CARTESIAN_POINT('',(-6.647240244705E1,3.449890666538E1,
-4.442683532176E0));
#1758=LINE('',#1757,#1756);
#1759=DIRECTION('',(-9.730769924160E-1,-2.252259961567E-1,4.893278538765E-2));
#1760=VECTOR('',#1759,8.371059617997E0);
#1761=CARTESIAN_POINT('',(-6.647290041683E1,3.484065288094E1,
-2.879612430454E0));
#1762=LINE('',#1761,#1760);
#1763=DIRECTION('',(3.112322019152E-4,-2.135921359306E-1,-9.769228744395E-1));
#1764=VECTOR('',#1763,1.599995137337E0);
#1765=CARTESIAN_POINT('',(-7.461858593324E1,3.295527263959E1,
-2.469993166699E0));
#1766=LINE('',#1765,#1764);
#1767=DIRECTION('',(9.730769924160E-1,2.252259961567E-1,-4.893278538765E-2));
#1768=VECTOR('',#1767,8.289403637035E-1);
#1769=CARTESIAN_POINT('',(-4.744864175734E1,4.334359415839E1,1.490790942816E1));
#1770=LINE('',#1769,#1768);
#1771=DIRECTION('',(-3.112322019289E-4,2.135921359306E-1,9.769228744395E-1));
#1772=VECTOR('',#1771,2.957729195897E0);
#1773=CARTESIAN_POINT('',(-4.744864175734E1,4.334359415839E1,1.490790942816E1));
#1774=LINE('',#1773,#1772);
#1775=DIRECTION('',(9.730769924445E-1,2.252259766481E-1,-4.893287461585E-2));
#1776=VECTOR('',#1775,1.897189625746E-1);
#1777=CARTESIAN_POINT('',(-4.744956229791E1,4.397534185484E1,1.779738273603E1));
#1778=LINE('',#1777,#1776);
#1779=DIRECTION('',(5.395333867213E-1,-5.297221067180E-2,-8.402961796353E-1));
#1780=VECTOR('',#1779,1.153423432516E0);
#1781=CARTESIAN_POINT('',(-4.726495114040E1,4.401807149348E1,1.778809924182E1));
#1782=LINE('',#1781,#1780);
#1783=DIRECTION('',(3.112322019202E-4,-2.135921359306E-1,-9.769228744395E-1));
#1784=VECTOR('',#1783,1.997634533691E0);
#1785=CARTESIAN_POINT('',(-4.664264068953E1,4.395697210442E1,1.681888193798E1));
#1786=LINE('',#1785,#1784);
#1787=DIRECTION('',(-9.730769924160E-1,-2.252259961567E-1,4.893278538765E-2));
#1788=VECTOR('',#1787,8.289403637034E-1);
#1789=CARTESIAN_POINT('',(-4.663978599359E1,4.199785411732E1,7.858312453619E0));
#1790=LINE('',#1789,#1788);
#1791=DIRECTION('',(3.112322019264E-4,-2.135921359306E-1,-9.769228744395E-1));
#1792=VECTOR('',#1791,2.427168258122E0);
#1793=CARTESIAN_POINT('',(-4.663978599359E1,4.199785411732E1,7.858312453619E0));
#1794=LINE('',#1793,#1792);
#1795=DIRECTION('',(-9.730769924160E-1,-2.252259961567E-1,4.893278538765E-2));
#1796=VECTOR('',#1795,1.002894034540E1);
#1797=CARTESIAN_POINT('',(-4.663903058066E1,4.147943006481E1,5.487156262145E0));
#1798=LINE('',#1797,#1796);
#1799=DIRECTION('',(-3.112322019206E-4,2.135921359306E-1,9.769228744395E-1));
#1800=VECTOR('',#1799,2.427168258122E0);
#1801=CARTESIAN_POINT('',(-5.639796168909E1,3.922065198512E1,5.977900247733E0));
#1802=LINE('',#1801,#1800);
#1803=DIRECTION('',(-9.730769924160E-1,-2.252259961567E-1,4.893278538766E-2));
#1804=VECTOR('',#1803,8.289403637035E-1);
#1805=CARTESIAN_POINT('',(-5.559209430601E1,3.992577495680E1,8.308494078290E0));
#1806=LINE('',#1805,#1804);
#1807=DIRECTION('',(3.112322019248E-4,-2.135921359306E-1,-9.769228744395E-1));
#1808=VECTOR('',#1807,1.598227894419E0);
#1809=CARTESIAN_POINT('',(-5.559209430601E1,3.992577495680E1,8.308494078290E0));
#1810=LINE('',#1809,#1808);
#1811=DIRECTION('',(9.730769924160E-1,2.252259961567E-1,-4.893278538765E-2));
#1812=VECTOR('',#1811,8.371059617997E0);
#1813=CARTESIAN_POINT('',(-5.559159688602E1,3.958440604713E1,6.747148689664E0));
#1814=LINE('',#1813,#1812);
#1815=DIRECTION('',(-3.112322019248E-4,2.135921359306E-1,9.769228744395E-1));
#1816=VECTOR('',#1815,1.598227894419E0);
#1817=CARTESIAN_POINT('',(-4.744591136960E1,4.146978628848E1,6.337529425910E0));
#1818=LINE('',#1817,#1816);
#1819=DIRECTION('',(3.112322019233E-4,-2.135921359306E-1,-9.769228744395E-1));
#1820=VECTOR('',#1819,3.257729960476E0);
#1821=CARTESIAN_POINT('',(-5.559534118423E1,4.215403941758E1,1.850007960905E1));
#1822=LINE('',#1821,#1820);
#1823=DIRECTION('',(9.730769924160E-1,2.252259961567E-1,-4.893278538766E-2));
#1824=VECTOR('',#1823,8.289403637035E-1);
#1825=CARTESIAN_POINT('',(-5.640095006976E1,4.127151499787E1,1.535809105283E1));
#1826=LINE('',#1825,#1824);
#1827=DIRECTION('',(-3.112322019260E-4,2.135921359306E-1,9.769228744395E-1));
#1828=VECTOR('',#1827,2.428789672484E0);
#1829=CARTESIAN_POINT('',(-5.640095006976E1,4.127151499787E1,1.535809105283E1));
#1830=LINE('',#1829,#1828);
#1831=DIRECTION('',(-9.730769924445E-1,-2.252259766481E-1,4.893287461587E-2));
#1832=VECTOR('',#1831,2.5E0);
#1833=CARTESIAN_POINT('',(-5.640170598732E1,4.179028537174E1,1.773083124108E1));
#1834=LINE('',#1833,#1832);
#1835=DIRECTION('',(-3.112322019210E-4,2.135921359306E-1,9.769228744395E-1));
#1836=VECTOR('',#1835,8.289403637035E-1);
#1837=CARTESIAN_POINT('',(-5.883439846843E1,4.122722043012E1,1.785316342762E1));
#1838=LINE('',#1837,#1836);
#1839=DIRECTION('',(-3.112322019237E-4,2.135921359306E-1,9.769228744395E-1));
#1840=VECTOR('',#1839,1.014465265709E0);
#1841=CARTESIAN_POINT('',(-7.542122946438E1,3.003768765678E1,
-1.491989564164E1));
#1842=LINE('',#1841,#1840);
#1843=DIRECTION('',(-9.730769924445E-1,-2.252259766481E-1,4.893287461586E-2));
#1844=VECTOR('',#1843,8.289403637035E-1);
#1845=CARTESIAN_POINT('',(-7.461492240261E1,3.044106836271E1,
-1.396940375312E1));
#1846=LINE('',#1845,#1844);
#1847=DIRECTION('',(3.112322019063E-4,-2.135921359306E-1,-9.769228744395E-1));
#1848=VECTOR('',#1847,1.599995137337E0);
#1849=CARTESIAN_POINT('',(-7.461492240261E1,3.044106836271E1,
-1.396940375312E1));
#1850=LINE('',#1849,#1848);
#1851=DIRECTION('',(9.730769924160E-1,2.252259961567E-1,-4.893278538765E-2));
#1852=VECTOR('',#1851,8.371059617997E0);
#1853=CARTESIAN_POINT('',(-7.461442443260E1,3.009932198384E1,
-1.553247560178E1));
#1854=LINE('',#1853,#1852);
#1855=DIRECTION('',(-3.112322019246E-4,2.135921359306E-1,9.769228744395E-1));
#1856=VECTOR('',#1855,1.599994372758E0);
#1857=CARTESIAN_POINT('',(-6.646873891618E1,3.198470222519E1,
-1.594209486553E1));
#1858=LINE('',#1857,#1856);
#1859=DIRECTION('',(-9.730769924445E-1,-2.252259766481E-1,4.893287461586E-2));
#1860=VECTOR('',#1859,8.289403637035E-1);
#1861=CARTESIAN_POINT('',(-6.566261408993E1,3.251314734375E1,
-1.441958619869E1));
#1862=LINE('',#1861,#1860);
#1863=DIRECTION('',(3.112322019156E-4,-2.135921359306E-1,-9.769228744395E-1));
#1864=VECTOR('',#1863,2.428934660750E0);
#1865=CARTESIAN_POINT('',(-6.566261408993E1,3.251314734375E1,
-1.441958619869E1));
#1866=LINE('',#1865,#1864);
#1867=DIRECTION('',(-9.730769924160E-1,-2.252259961567E-1,4.893278538765E-2));
#1868=VECTOR('',#1867,8.614470034360E0);
#1869=CARTESIAN_POINT('',(-6.566185812724E1,3.199434600152E1,
-1.679246802930E1));
#1870=LINE('',#1869,#1868);
#1871=DIRECTION('',(-2.134353767711E-1,9.579737113690E-1,-1.916551806463E-1));
#1872=VECTOR('',#1871,2.500761582228E0);
#1873=CARTESIAN_POINT('',(-7.461492240261E1,3.044106836271E1,
-1.396940375312E1));
#1874=LINE('',#1873,#1872);
#1875=DIRECTION('',(-2.134245149362E-1,9.505194537133E-1,-2.257492957615E-1));
#1876=VECTOR('',#1875,2.500761582089E0);
#1877=CARTESIAN_POINT('',(-7.461808796323E1,3.261352626072E1,
-4.033065015356E0));
#1878=LINE('',#1877,#1876);
#1879=DIRECTION('',(-2.134245149298E-1,9.505194533464E-1,-2.257492973122E-1));
#1880=VECTOR('',#1879,4.901492701030E0);
#1881=CARTESIAN_POINT('',(-7.461858593324E1,3.295527263959E1,
-2.469993166699E0));
#1882=LINE('',#1881,#1880);
#1883=DIRECTION('',(-2.134353767656E-1,9.579737116827E-1,-1.916551790840E-1));
#1884=VECTOR('',#1883,2.400731119005E0);
#1885=CARTESIAN_POINT('',(-7.515191020585E1,3.505808893841E1,
-4.288696596520E0));
#1886=LINE('',#1885,#1884);
#1887=DIRECTION('',(-2.134353767656E-1,9.579737116827E-1,-1.916551790840E-1));
#1888=VECTOR('',#1887,4.901492701302E0);
#1889=CARTESIAN_POINT('',(-7.461442443260E1,3.009932198384E1,
-1.553247560178E1));
#1890=LINE('',#1889,#1888);
#1891=DIRECTION('',(-2.473844137803E-1,9.426591790190E-1,-2.240415676382E-1));
#1892=VECTOR('',#1891,4.901492701302E0);
#1893=CARTESIAN_POINT('',(-6.647290041683E1,3.484065288094E1,
-2.879612430454E0));
#1894=LINE('',#1893,#1892);
#1895=DIRECTION('',(-2.473952756418E-1,9.501134374610E-1,-1.899474494331E-1));
#1896=VECTOR('',#1895,2.400731118872E0);
#1897=CARTESIAN_POINT('',(-6.709115029985E1,3.692381250783E1,
-4.694045235544E0));
#1898=LINE('',#1897,#1896);
#1899=DIRECTION('',(3.112322019190E-4,-2.135921359306E-1,-9.769228744395E-1));
#1900=VECTOR('',#1899,2.371404916985E-1);
#1901=CARTESIAN_POINT('',(-7.604336019725E1,3.478419318462E1,
-4.552777277485E0));
#1902=LINE('',#1901,#1900);
#1903=CARTESIAN_POINT('',(-7.663720806773E1,3.700911413047E1,
-5.265131726841E0));
#1904=CARTESIAN_POINT('',(-7.643923416217E1,3.625059202477E1,
-5.104893492390E0));
#1905=CARTESIAN_POINT('',(-7.624126027002E1,3.549206793493E1,
-4.944664633436E0));
#1906=CARTESIAN_POINT('',(-7.604328639150E1,3.473354184048E1,
-4.784445248281E0));
#1908=DIRECTION('',(-2.473844137730E-1,9.426591786524E-1,-2.240415691890E-1));
#1909=VECTOR('',#1908,2.500761582367E0);
#1910=CARTESIAN_POINT('',(-7.542471075921E1,3.242682732538E1,
-3.992502728404E0));
#1911=LINE('',#1910,#1909);
#1912=CARTESIAN_POINT('',(-7.663422264514E1,3.496028118973E1,
-1.463603743457E1));
#1913=CARTESIAN_POINT('',(-7.643625218528E1,3.420412379502E1,
-1.446498353854E1));
#1914=CARTESIAN_POINT('',(-7.623828174479E1,3.344796850984E1,
-1.429392029445E1));
#1915=CARTESIAN_POINT('',(-7.604031132396E1,3.269181535663E1,
-1.412284760442E1));
#1917=DIRECTION('',(3.112322019143E-4,-2.135921359306E-1,-9.769228744395E-1));
#1918=VECTOR('',#1917,2.876450142123E-1);
#1919=CARTESIAN_POINT('',(-7.604031132396E1,3.269181535663E1,
-1.412284760442E1));
#1920=LINE('',#1919,#1918);
#1921=DIRECTION('',(-2.473952756354E-1,9.501134377750E-1,-1.899474478708E-1));
#1922=VECTOR('',#1921,2.500761582228E0);
#1923=CARTESIAN_POINT('',(-7.542154519864E1,3.025436945971E1,
-1.392884131824E1));
#1924=LINE('',#1923,#1922);
#1925=CARTESIAN_POINT('',(-7.112110127697E1,3.485161100269E1,
-9.701092290974E0));
#1926=DIRECTION('',(-2.304800857119E-1,9.506059430235E-1,-2.079116908178E-1));
#1927=DIRECTION('',(7.073291400858E-1,3.103995320915E-1,6.350886694493E-1));
#1928=AXIS2_PLACEMENT_3D('',#1925,#1926,#1927);
#1930=CARTESIAN_POINT('',(-7.167425348268E1,3.713306526595E1,
-1.020008034894E1));
#1931=DIRECTION('',(2.304800857119E-1,-9.506059430235E-1,2.079116908178E-1));
#1932=DIRECTION('',(7.093450436049E-1,1.787079878630E-2,-7.046348300104E-1));
#1933=AXIS2_PLACEMENT_3D('',#1930,#1931,#1932);
#1935=CARTESIAN_POINT('',(-7.167425348268E1,3.713306526595E1,
-1.020008034894E1));
#1936=DIRECTION('',(2.304800857119E-1,-9.506059430235E-1,2.079116908178E-1));
#1937=DIRECTION('',(-7.089935121503E-1,-1.770730506807E-2,7.049926602994E-1));
#1938=AXIS2_PLACEMENT_3D('',#1935,#1936,#1937);
#1940=CARTESIAN_POINT('',(-7.112110127697E1,3.485161100269E1,
-9.701092290974E0));
#1941=DIRECTION('',(-2.304800857119E-1,9.506059430235E-1,-2.079116908178E-1));
#1942=DIRECTION('',(-7.069752520594E-1,-3.103998521486E-1,-6.354824346602E-1));
#1943=AXIS2_PLACEMENT_3D('',#1940,#1941,#1942);
#1945=DIRECTION('',(3.112322019229E-4,-2.135921359306E-1,-9.769228744395E-1));
#1946=VECTOR('',#1945,2.398202143820E-1);
#1947=CARTESIAN_POINT('',(-6.619950347870E1,3.706262813360E1,
-5.047790985151E0));
#1948=LINE('',#1947,#1946);
#1949=DIRECTION('',(-2.134245149362E-1,9.505194537133E-1,-2.257492957615E-1));
#1950=VECTOR('',#1949,2.500761582089E0);
#1951=CARTESIAN_POINT('',(-6.566577965107E1,3.468560560072E1,
-4.483245819127E0));
#1952=LINE('',#1951,#1950);
#1953=DIRECTION('',(-2.134353767656E-1,9.579737116827E-1,-1.916551790840E-1));
#1954=VECTOR('',#1953,4.901492701302E0);
#1955=CARTESIAN_POINT('',(-6.566653561376E1,3.520440694295E1,
-2.110363988522E0));
#1956=LINE('',#1955,#1954);
#1957=CARTESIAN_POINT('',(-6.671182192518E1,3.930584437813E1,
-5.766875642770E0));
#1958=CARTESIAN_POINT('',(-6.654102421856E1,3.854103304788E1,
-5.605266642139E0));
#1959=CARTESIAN_POINT('',(-6.637022652308E1,3.777621973590E1,
-5.443667007931E0));
#1960=CARTESIAN_POINT('',(-6.619942883893E1,3.701140442177E1,
-5.282076838334E0));
#1962=DIRECTION('',(3.112322019649E-4,-2.135921359306E-1,-9.769228744395E-1));
#1963=VECTOR('',#1962,2.903228889468E-1);
#1964=CARTESIAN_POINT('',(-6.619645543828E1,3.497082188388E1,
-1.461524704030E1));
#1965=LINE('',#1964,#1963);
#1966=CARTESIAN_POINT('',(-6.670883817745E1,3.725816085745E1,
-1.513252415901E1));
#1967=CARTESIAN_POINT('',(-6.653804391388E1,3.649571241752E1,
-1.496010782418E1));
#1968=CARTESIAN_POINT('',(-6.636724966740E1,3.573326608552E1,
-1.478768215053E1));
#1969=CARTESIAN_POINT('',(-6.619645543828E1,3.497082188388E1,
-1.461524704030E1));
#1971=DIRECTION('',(-2.134353767711E-1,9.579737113690E-1,-1.916551806463E-1));
#1972=VECTOR('',#1971,2.500761582228E0);
#1973=CARTESIAN_POINT('',(-6.566261408993E1,3.251314734375E1,
-1.441958619869E1));
#1974=LINE('',#1973,#1972);
#1975=DIRECTION('',(-2.473952756418E-1,9.501134374610E-1,-1.899474494331E-1));
#1976=VECTOR('',#1975,4.901492701030E0);
#1977=CARTESIAN_POINT('',(-7.542546672218E1,3.294562886326E1,
-1.619620002935E0));
#1978=LINE('',#1977,#1976);
#1979=DIRECTION('',(-2.134245149298E-1,9.505194533465E-1,-2.257492973122E-1));
#1980=VECTOR('',#1979,4.901492701030E0);
#1981=CARTESIAN_POINT('',(-6.566185812724E1,3.199434600152E1,
-1.679246802930E1));
#1982=LINE('',#1981,#1980);
#1983=DIRECTION('',(-2.304395491765E-1,9.467334647249E-1,-2.249296800008E-1));
#1984=VECTOR('',#1983,4.900746407415E0);
#1985=CARTESIAN_POINT('',(-7.404440071954E1,3.005414340667E1,
-1.637093801588E1));
#1986=LINE('',#1985,#1984);
#1987=CARTESIAN_POINT('',(-7.517419349391E1,3.501423220574E1,
-1.600787701870E1));
#1988=DIRECTION('',(2.304800857119E-1,-9.506059430235E-1,2.079116908178E-1));
#1989=DIRECTION('',(-9.730769924445E-1,-2.252259766481E-1,4.893287461586E-2));
#1990=AXIS2_PLACEMENT_3D('',#1987,#1988,#1989);
#1992=DIRECTION('',(-2.474275176454E-1,9.465304258493E-1,-2.070260284443E-1));
#1993=VECTOR('',#1992,4.900746407415E0);
#1994=CARTESIAN_POINT('',(-7.542122946438E1,3.003768765678E1,
-1.491989564164E1));
#1995=LINE('',#1994,#1993);
#1996=CARTESIAN_POINT('',(-7.404484107392E1,3.035626308493E1,
-1.498910973369E1));
#1997=DIRECTION('',(-2.304800857119E-1,9.506059430235E-1,-2.079116908178E-1));
#1998=DIRECTION('',(3.113210788609E-4,-2.135921153593E-1,-9.769228789088E-1));
#1999=AXIS2_PLACEMENT_3D('',#1996,#1997,#1998);
#2001=DIRECTION('',(-2.133215911446E-1,9.463575598703E-1,-2.426958335609E-1));
#2002=VECTOR('',#2001,2.501904448768E0);
#2003=CARTESIAN_POINT('',(-5.559432727376E1,4.145821391704E1,1.531752869191E1));
#2004=LINE('',#2003,#2002);
#2005=DIRECTION('',(-2.134353767710E-1,9.579737113690E-1,-1.916551806463E-1));
#2006=VECTOR('',#2005,2.500761582228E0);
#2007=CARTESIAN_POINT('',(-5.559534118423E1,4.215403941758E1,1.850007960905E1));
#2008=LINE('',#2007,#2006);
#2009=DIRECTION('',(-2.133433115107E-1,9.612638079772E-1,-1.745179730194E-1));
#2010=VECTOR('',#2009,2.501904449046E0);
#2011=CARTESIAN_POINT('',(-5.559209430601E1,3.992577495680E1,8.308494078290E0));
#2012=LINE('',#2011,#2010);
#2013=DIRECTION('',(-9.730769924445E-1,-2.252259766481E-1,4.893287461586E-2));
#2014=VECTOR('',#2013,3.160749126523E0);
#2015=CARTESIAN_POINT('',(-5.697161034529E1,4.677313246246E1,1.757728366043E1));
#2016=LINE('',#2015,#2014);
#2017=CARTESIAN_POINT('',(-5.697161034529E1,4.677313246246E1,1.757728366043E1));
#2018=CARTESIAN_POINT('',(-5.678236339012E1,4.601078958885E1,1.772972690181E1));
#2019=CARTESIAN_POINT('',(-5.659310824907E1,4.524844866286E1,1.788216972093E1));
#2020=CARTESIAN_POINT('',(-5.640384483864E1,4.448610970461E1,1.803461211341E1));
#2022=DIRECTION('',(9.730769924445E-1,2.252259766481E-1,-4.893287461586E-2));
#2023=VECTOR('',#2022,3.328940363703E0);
#2024=CARTESIAN_POINT('',(-5.883465646137E1,4.140427557296E1,1.866297423047E1));
#2025=LINE('',#2024,#2023);
#2026=DIRECTION('',(-2.473952756354E-1,9.501134377750E-1,-1.899474478708E-1));
#2027=VECTOR('',#2026,4.901492701166E0);
#2028=CARTESIAN_POINT('',(-5.883465646137E1,4.140427557296E1,1.866297423047E1));
#2029=LINE('',#2028,#2027);
#2030=CARTESIAN_POINT('',(-5.209789551052E1,4.433513511349E1,1.257098037E1));
#2031=DIRECTION('',(-2.304800857119E-1,9.506059430235E-1,-2.079116908178E-1));
#2032=DIRECTION('',(-6.188391189890E-1,2.169765035265E-2,7.852180313633E-1));
#2033=AXIS2_PLACEMENT_3D('',#2030,#2031,#2032);
#2035=CARTESIAN_POINT('',(-5.265104771623E1,4.661658937674E1,1.207199231203E1));
#2036=DIRECTION('',(2.304800857119E-1,-9.506059430235E-1,2.079116908178E-1));
#2037=DIRECTION('',(5.561682967532E-1,3.040151459060E-1,7.734672693440E-1));
#2038=AXIS2_PLACEMENT_3D('',#2035,#2036,#2037);
#2040=DIRECTION('',(2.180984828797E-1,-9.559691984024E-1,1.963566741200E-1));
#2041=VECTOR('',#2040,2.400378764176E0);
#2042=CARTESIAN_POINT('',(-4.875786963896E1,4.874469539808E1,1.748626319744E1));
#2043=LINE('',#2042,#2041);
#2044=CARTESIAN_POINT('',(-5.209789551052E1,4.433513511349E1,1.257098037E1));
#2045=DIRECTION('',(-2.304800857119E-1,9.506059430235E-1,-2.079116908178E-1));
#2046=DIRECTION('',(9.513131528810E-1,2.650582657527E-1,1.573130665644E-1));
#2047=AXIS2_PLACEMENT_3D('',#2044,#2045,#2046);
#2049=DIRECTION('',(-2.145230471677E-1,9.556181566718E-1,-2.019252358499E-1));
#2050=VECTOR('',#2049,2.400378764176E0);
#2051=CARTESIAN_POINT('',(-4.547855599920E1,4.617943911158E1,1.366558165245E1));
#2052=LINE('',#2051,#2050);
#2053=CARTESIAN_POINT('',(-5.265104771623E1,4.661658937674E1,1.207199231203E1));
#2054=DIRECTION('',(2.304800857119E-1,-9.506059430235E-1,2.079116908178E-1));
#2055=DIRECTION('',(7.092913732979E-1,1.784583165109E-2,-7.046894876879E-1));
#2056=AXIS2_PLACEMENT_3D('',#2053,#2054,#2055);
#2058=CARTESIAN_POINT('',(-5.209789551052E1,4.433513511349E1,1.257098037E1));
#2059=DIRECTION('',(-2.304800857119E-1,9.506059430235E-1,-2.079116908178E-1));
#2060=DIRECTION('',(-7.070292821577E-1,-3.103998089216E-1,-6.354223420631E-1));
#2061=AXIS2_PLACEMENT_3D('',#2058,#2059,#2060);
#2063=CARTESIAN_POINT('',(-5.265104771623E1,4.661658937674E1,1.207199231203E1));
#2064=DIRECTION('',(2.304800857119E-1,-9.506059430235E-1,2.079116908178E-1));
#2065=DIRECTION('',(-7.555416160102E-1,-4.017498375295E-2,6.538675991033E-1));
#2066=AXIS2_PLACEMENT_3D('',#2063,#2064,#2065);
#2068=CARTESIAN_POINT('',(-4.726495114040E1,4.401807149348E1,1.778809924182E1));
#2069=CARTESIAN_POINT('',(-4.744944174258E1,4.481510460122E1,1.762866850277E1));
#2070=CARTESIAN_POINT('',(-4.763393234477E1,4.561213770896E1,1.746923776372E1));
#2071=CARTESIAN_POINT('',(-4.781842294695E1,4.640917081670E1,1.730980702467E1));
#2073=DIRECTION('',(-3.112322019500E-4,2.135921359306E-1,9.769228744395E-1));
#2074=VECTOR('',#2073,2.403053241591E-1);
#2075=CARTESIAN_POINT('',(-4.717355057383E1,4.440284431521E1,7.421685160483E0));
#2076=LINE('',#2075,#2074);
#2077=CARTESIAN_POINT('',(-4.768600810314E1,4.674151019830E1,7.139165898217E0));
#2078=CARTESIAN_POINT('',(-4.751521383977E1,4.597906189735E1,7.311582868843E0));
#2079=CARTESIAN_POINT('',(-4.734441959350E1,4.521661570467E1,7.484009179681E0));
#2080=CARTESIAN_POINT('',(-4.717362536458E1,4.445417164267E1,7.656444928503E0));
#2082=DIRECTION('',(-2.133433115107E-1,9.612638079772E-1,-1.745179730194E-1));
#2083=VECTOR('',#2082,2.501904449046E0);
#2084=CARTESIAN_POINT('',(-4.663978599359E1,4.199785411732E1,7.858312453619E0));
#2085=LINE('',#2084,#2083);
#2086=DIRECTION('',(-2.133215911446E-1,9.463575598703E-1,-2.426958335609E-1));
#2087=VECTOR('',#2086,2.501904448768E0);
#2088=CARTESIAN_POINT('',(-4.664201896134E1,4.353029307756E1,1.486734706724E1));
#2089=LINE('',#2088,#2087);
#2090=CARTESIAN_POINT('',(-4.664264068953E1,4.395697210442E1,1.681888193798E1));
#2091=CARTESIAN_POINT('',(-4.682055452843E1,4.475335949551E1,1.664920822009E1));
#2092=CARTESIAN_POINT('',(-4.699846836733E1,4.554974688660E1,1.647953450221E1));
#2093=CARTESIAN_POINT('',(-4.717638220623E1,4.634613427770E1,1.630986078433E1));
#2095=DIRECTION('',(-2.134245149298E-1,9.505194533464E-1,-2.257492973122E-1));
#2096=VECTOR('',#2095,4.901492701030E0);
#2097=CARTESIAN_POINT('',(-4.663903058066E1,4.147943006481E1,5.487156262145E0));
#2098=LINE('',#2097,#2096);
#2099=DIRECTION('',(-3.112322018779E-4,2.135921359306E-1,9.769228744395E-1));
#2100=VECTOR('',#2099,2.384460663355E-1);
#2101=CARTESIAN_POINT('',(-5.701740729267E1,4.212440956359E1,7.916699770800E0));
#2102=LINE('',#2101,#2100);
#2103=DIRECTION('',(-2.472876975623E-1,9.534071243718E-1,-1.728110234659E-1));
#2104=VECTOR('',#2103,2.501904448768E0);
#2105=CARTESIAN_POINT('',(-5.639871710201E1,3.973907603763E1,8.349056439206E0));
#2106=LINE('',#2105,#2104);
#2107=DIRECTION('',(-2.473844137803E-1,9.426591790190E-1,-2.240415676382E-1));
#2108=VECTOR('',#2107,4.901492701302E0);
#2109=CARTESIAN_POINT('',(-5.639796168909E1,3.922065198512E1,5.977900247733E0));
#2110=LINE('',#2109,#2108);
#2111=CARTESIAN_POINT('',(-5.761139282655E1,4.444380601912E1,7.636455268186E0));
#2112=CARTESIAN_POINT('',(-5.741342236649E1,4.368764848546E1,7.807508528607E0));
#2113=CARTESIAN_POINT('',(-5.721545192580E1,4.293149306101E1,7.978571135701E0));
#2114=CARTESIAN_POINT('',(-5.701748150476E1,4.217533976820E1,8.149643187324E0));
#2116=DIRECTION('',(2.473844137877E-1,-9.426591793856E-1,2.240415660874E-1));
#2117=VECTOR('',#2116,2.500761582228E0);
#2118=CARTESIAN_POINT('',(-5.702035542536E1,4.414765123268E1,1.717055669979E1));
#2119=LINE('',#2118,#2117);
#2120=DIRECTION('',(-2.472659771450E-1,9.385008760538E-1,-2.409888839612E-1));
#2121=VECTOR('',#2120,2.501904449046E0);
#2122=CARTESIAN_POINT('',(-5.640095006976E1,4.127151499787E1,1.535809105283E1));
#2123=LINE('',#2122,#2121);
#2124=DIRECTION('',(-2.472659771450E-1,9.385008760538E-1,-2.409888839612E-1));
#2125=VECTOR('',#2124,2.501904449046E0);
#2126=CARTESIAN_POINT('',(-4.744864175734E1,4.334359415839E1,1.490790942816E1));
#2127=LINE('',#2126,#2125);
#2128=DIRECTION('',(-2.472876975623E-1,9.534071243718E-1,-1.728110234659E-1));
#2129=VECTOR('',#2128,2.501904448768E0);
#2130=CARTESIAN_POINT('',(-4.744640878959E1,4.181115519815E1,7.898874814535E0));
#2131=LINE('',#2130,#2129);
#2132=DIRECTION('',(-2.473952756418E-1,9.501134374610E-1,-1.899474494331E-1));
#2133=VECTOR('',#2132,4.901492701030E0);
#2134=CARTESIAN_POINT('',(-4.744591136960E1,4.146978628848E1,6.337529425910E0));
#2135=LINE('',#2134,#2133);
#2136=DIRECTION('',(-2.473844137803E-1,9.426591790190E-1,-2.240415676382E-1));
#2137=VECTOR('',#2136,2.400731119005E0);
#2138=CARTESIAN_POINT('',(-4.806498752555E1,4.411999970478E1,7.116674401641E0));
#2139=LINE('',#2138,#2137);
#2140=DIRECTION('',(-2.473952756354E-1,9.501134377750E-1,-1.899474478708E-1));
#2141=VECTOR('',#2140,2.500761582228E0);
#2142=CARTESIAN_POINT('',(-4.744956229791E1,4.397534185484E1,1.779738273603E1));
#2143=LINE('',#2142,#2141);
#2144=DIRECTION('',(-2.134353767656E-1,9.579737116827E-1,-1.916551790840E-1));
#2145=VECTOR('',#2144,4.901492701302E0);
#2146=CARTESIAN_POINT('',(-5.559159688602E1,3.958440604713E1,6.747148689664E0));
#2147=LINE('',#2146,#2145);
#2148=DIRECTION('',(-2.134245149298E-1,9.505194533465E-1,-2.257492973122E-1));
#2149=VECTOR('',#2148,2.400731118872E0);
#2150=CARTESIAN_POINT('',(-5.612574743156E1,4.225427613536E1,7.522023040666E0));
#2151=LINE('',#2150,#2149);
#2152=CARTESIAN_POINT('',(-5.793983902830E1,4.633536449047E1,1.664906550576E1));
#2153=CARTESIAN_POINT('',(-5.786856451806E1,4.608400398288E1,1.670882993690E1));
#2154=CARTESIAN_POINT('',(-5.772616442004E1,4.558200279163E1,1.682818789687E1));
#2155=CARTESIAN_POINT('',(-5.751300991337E1,4.483116111934E1,1.700671198287E1));
#2156=CARTESIAN_POINT('',(-5.737120299246E1,4.433203967486E1,1.712538623808E1));
#2157=CARTESIAN_POINT('',(-5.730037335481E1,4.408283898028E1,1.718463789001E1));
#2159=DIRECTION('',(-2.473844137877E-1,9.426591793856E-1,-2.240415660874E-1));
#2160=VECTOR('',#2159,4.901492701166E0);
#2161=CARTESIAN_POINT('',(-5.883439846843E1,4.122722043012E1,1.785316342762E1));
#2162=LINE('',#2161,#2160);
#2163=CARTESIAN_POINT('',(-7.699391801838E1,4.268520636614E1,9.057976034234E0));
#2164=DIRECTION('',(-2.304800857119E-1,9.506059430235E-1,-2.079116908178E-1));
#2165=DIRECTION('',(9.730769924445E-1,2.252259766481E-1,-4.893287461585E-2));
#2166=AXIS2_PLACEMENT_3D('',#2163,#2164,#2165);
#2168=CARTESIAN_POINT('',(-7.143931432719E1,4.371987302710E1,8.833528540703E0));
#2169=DIRECTION('',(-3.112322042470E-4,2.135921359301E-1,9.769228744396E-1));
#2170=DIRECTION('',(-2.304800860923E-1,9.506059429354E-1,-2.079116907987E-1));
#2171=AXIS2_PLACEMENT_3D('',#2168,#2169,#2170);
#2173=CARTESIAN_POINT('',(-7.694131989503E1,4.246826749922E1,9.105423798427E0));
#2174=DIRECTION('',(-2.304800857119E-1,9.506059430235E-1,-2.079116908178E-1));
#2175=DIRECTION('',(9.730769924445E-1,2.252259766481E-1,-4.893287461586E-2));
#2176=AXIS2_PLACEMENT_3D('',#2173,#2174,#2175);
#2178=CARTESIAN_POINT('',(-7.699391801838E1,4.268520636614E1,9.057976034234E0));
#2179=DIRECTION('',(-2.304800857119E-1,9.506059430235E-1,-2.079116908178E-1));
#2180=DIRECTION('',(-9.730769924445E-1,-2.252259766481E-1,4.893287461587E-2));
#2181=AXIS2_PLACEMENT_3D('',#2178,#2179,#2180);
#2183=CARTESIAN_POINT('',(-8.243328166671E1,4.117523673366E1,9.386379373173E0));
#2184=DIRECTION('',(3.112322042449E-4,-2.135921359301E-1,-9.769228744396E-1));
#2185=DIRECTION('',(-2.304800853316E-1,9.506059431115E-1,-2.079116908369E-1));
#2186=AXIS2_PLACEMENT_3D('',#2183,#2184,#2185);
#2188=CARTESIAN_POINT('',(-7.694131989503E1,4.246826749922E1,9.105423798427E0));
#2189=DIRECTION('',(-2.304800857119E-1,9.506059430235E-1,-2.079116908178E-1));
#2190=DIRECTION('',(-9.730769924445E-1,-2.252259766481E-1,4.893287461586E-2));
#2191=AXIS2_PLACEMENT_3D('',#2188,#2189,#2190);
#2193=DIRECTION('',(1.447937913751E-1,-9.666183379294E-1,2.113853040253E-1));
#2194=VECTOR('',#2193,5.739730765613E-1);
#2195=CARTESIAN_POINT('',(-7.168667977813E1,4.368449348807E1,8.841185034402E0));
#2196=LINE('',#2195,#2194);
#2197=DIRECTION('',(3.144122874287E-1,-9.273588628996E-1,2.028557441027E-1));
#2198=VECTOR('',#2197,5.739730765611E-1);
#2199=CARTESIAN_POINT('',(-8.219596004731E1,4.125204165627E1,9.369662530542E0));
#2200=LINE('',#2199,#2198);
#2201=CARTESIAN_POINT('',(-7.680953394981E1,4.192472161172E1,9.224305386888E0));
#2202=DIRECTION('',(2.304800857119E-1,-9.506059430235E-1,2.079116908178E-1));
#2203=DIRECTION('',(9.730769924445E-1,2.252259766481E-1,-4.893287461586E-2));
#2204=AXIS2_PLACEMENT_3D('',#2201,#2202,#2203);
#2206=CARTESIAN_POINT('',(-7.680953394981E1,4.192472161172E1,9.224305386888E0));
#2207=DIRECTION('',(2.304800857119E-1,-9.506059430235E-1,2.079116908178E-1));
#2208=DIRECTION('',(-9.730769924445E-1,-2.252259766481E-1,4.893287461586E-2));
#2209=AXIS2_PLACEMENT_3D('',#2206,#2207,#2208);
#2211=CARTESIAN_POINT('',(-7.688431796286E1,4.192531889085E1,9.309937910789E0));
#2212=DIRECTION('',(2.304800857119E-1,-9.506059430235E-1,2.079116908178E-1));
#2213=DIRECTION('',(9.718430452728E-1,2.356291479313E-1,0.E0));
#2214=AXIS2_PLACEMENT_3D('',#2211,#2212,#2213);
#2216=CARTESIAN_POINT('',(-7.688431796286E1,4.192531889085E1,9.309937910789E0));
#2217=DIRECTION('',(2.304800857119E-1,-9.506059430235E-1,2.079116908178E-1));
#2218=DIRECTION('',(-9.718430452728E-1,-2.356291479313E-1,0.E0));
#2219=AXIS2_PLACEMENT_3D('',#2216,#2217,#2218);
#2221=DIRECTION('',(2.474059822979E-1,-9.463488654758E-1,2.078800248602E-1));
#2222=VECTOR('',#2221,1.700258957674E0);
#2223=CARTESIAN_POINT('',(-7.235167693558E1,4.302428476639E1,9.309937910789E0));
#2224=LINE('',#2223,#2222);
#2225=DIRECTION('',(2.134839826591E-1,-9.545734567921E-1,2.078800248602E-1));
#2226=VECTOR('',#2225,1.700258957674E0);
#2227=CARTESIAN_POINT('',(-8.141695899014E1,4.082635301531E1,9.309937910789E0));
#2228=LINE('',#2227,#2226);
#2229=DIRECTION('',(2.304800857121E-1,-9.506059430234E-1,2.079116908177E-1));
#2230=VECTOR('',#2229,1.5E-1);
#2231=CARTESIAN_POINT('',(-7.789280754744E1,4.107607096302E1,2.697210382127E0));
#2232=LINE('',#2231,#2230);
#2233=DIRECTION('',(2.304800857119E-1,-9.506059430235E-1,2.079116908177E-1));
#2234=VECTOR('',#2233,1.5E-1);
#2235=CARTESIAN_POINT('',(-7.758310779200E1,4.102377999393E1,2.114810557988E0));
#2236=LINE('',#2235,#2234);
#2237=DIRECTION('',(2.304800857119E-1,-9.506059430235E-1,2.079116908177E-1));
#2238=VECTOR('',#2237,1.5E-1);
#2239=CARTESIAN_POINT('',(-7.590350168531E1,4.147466388380E1,2.314400805794E0));
#2240=LINE('',#2239,#2238);
#2241=DIRECTION('',(2.304800857120E-1,-9.506059430235E-1,2.079116908177E-1));
#2242=VECTOR('',#2241,1.5E-1);
#2243=CARTESIAN_POINT('',(-7.574748053416E1,4.144883282316E1,2.023340077997E0));
#2244=LINE('',#2243,#2242);
#2245=DIRECTION('',(2.304800857119E-1,-9.506059430235E-1,2.079116908177E-1));
#2246=VECTOR('',#2245,1.5E-1);
#2247=CARTESIAN_POINT('',(-7.711318536010E1,4.108221454172E1,1.861051215416E0));
#2248=LINE('',#2247,#2246);
#2249=DIRECTION('',(2.304800857119E-1,-9.506059430235E-1,2.079116908177E-1));
#2250=VECTOR('',#2249,1.5E-1);
#2251=CARTESIAN_POINT('',(-7.727106548969E1,4.097211787265E1,1.532689102395E0));
#2252=LINE('',#2251,#2250);
#2253=DIRECTION('',(2.304800857119E-1,-9.506059430235E-1,2.079116908177E-1));
#2254=VECTOR('',#2253,1.5E-1);
#2255=CARTESIAN_POINT('',(-7.696136573425E1,4.091982690356E1,
9.502892782557E-1));
#2256=LINE('',#2255,#2254);
#2257=DIRECTION('',(2.304800857121E-1,-9.506059430234E-1,2.079116908177E-1));
#2258=VECTOR('',#2257,1.5E-1);
#2259=CARTESIAN_POINT('',(-7.601917832357E1,4.103732484696E1,
4.430489616585E-1));
#2260=LINE('',#2259,#2258);
#2261=DIRECTION('',(2.304800857119E-1,-9.506059430235E-1,2.079116908177E-1));
#2262=VECTOR('',#2261,1.5E-1);
#2263=CARTESIAN_POINT('',(-7.413108554534E1,4.154417619318E1,
6.674140100986E-1));
#2264=LINE('',#2263,#2262);
#2265=DIRECTION('',(2.304800857119E-1,-9.506059430235E-1,2.079116908177E-1));
#2266=VECTOR('',#2265,1.5E-1);
#2267=CARTESIAN_POINT('',(-7.444312784765E1,4.159583831445E1,1.249535465691E0));
#2268=LINE('',#2267,#2266);
#2269=DIRECTION('',(2.304800857121E-1,-9.506059430234E-1,2.079116908177E-1));
#2270=VECTOR('',#2269,1.5E-1);
#2271=CARTESIAN_POINT('',(-7.612039140747E1,4.114558327240E1,1.050223586432E0));
#2272=LINE('',#2271,#2270);
#2273=DIRECTION('',(2.304800857119E-1,-9.506059430235E-1,2.079116908177E-1));
#2274=VECTOR('',#2273,1.5E-1);
#2275=CARTESIAN_POINT('',(-7.627641255862E1,4.117141433304E1,1.341284314228E0));
#2276=LINE('',#2275,#2274);
#2277=DIRECTION('',(2.304800857120E-1,-9.506059430235E-1,2.079116908177E-1));
#2278=VECTOR('',#2277,1.5E-1);
#2279=CARTESIAN_POINT('',(-7.491305027955E1,4.153740376666E1,1.503294808263E0));
#2280=LINE('',#2279,#2278);
#2281=DIRECTION('',(2.304800857119E-1,-9.506059430235E-1,2.079116908177E-1));
#2282=VECTOR('',#2281,1.5E-1);
#2283=CARTESIAN_POINT('',(-7.475282760309E1,4.164812928355E1,1.831935289831E0));
#2284=LINE('',#2283,#2282);
#2285=DIRECTION('',(2.304800857118E-1,-9.506059430235E-1,2.079116908177E-1));
#2286=VECTOR('',#2285,1.5E-1);
#2287=CARTESIAN_POINT('',(-7.506486990540E1,4.169979140482E1,2.414056745423E0));
#2288=LINE('',#2287,#2286);
#2289=DIRECTION('',(2.304800857119E-1,-9.506059430235E-1,2.079116908177E-1));
#2290=VECTOR('',#2289,1.5E-1);
#2291=CARTESIAN_POINT('',(-7.600471476921E1,4.158292230924E1,2.921575430567E0));
#2292=LINE('',#2291,#2290);
#2293=DIRECTION('',(9.595071984661E-1,2.575760687460E-1,1.140197566267E-1));
#2294=VECTOR('',#2293,1.967773437500E0);
#2295=CARTESIAN_POINT('',(-7.785823553459E1,4.093348007157E1,2.728397135750E0));
#2296=LINE('',#2295,#2294);
#2297=DIRECTION('',(-4.680413426657E-1,7.902600811063E-2,8.801660022961E-1));
#2298=VECTOR('',#2297,6.616931608582E-1);
#2299=CARTESIAN_POINT('',(-7.754853577915E1,4.088118910247E1,2.145997311610E0));
#2300=LINE('',#2299,#2298);
#2301=DIRECTION('',(-9.595071984661E-1,-2.575760687460E-1,-1.140197566267E-1));
#2302=VECTOR('',#2301,1.750488281250E0);
#2303=CARTESIAN_POINT('',(-7.586892967246E1,4.133207299234E1,2.345587559416E0));
#2304=LINE('',#2303,#2302);
#2305=DIRECTION('',(-4.710080470462E-1,7.798069257468E-2,8.786753844300E-1));
#2306=VECTOR('',#2305,3.312494385913E-1);
#2307=CARTESIAN_POINT('',(-7.571290852130E1,4.130624193171E1,2.054526831620E0));
#2308=LINE('',#2307,#2306);
#2309=DIRECTION('',(9.595071984661E-1,2.575760687460E-1,1.140197566267E-1));
#2310=VECTOR('',#2309,1.423339843750E0);
#2311=CARTESIAN_POINT('',(-7.707861334724E1,4.093962365026E1,1.892237969039E0));
#2312=LINE('',#2311,#2310);
#2313=DIRECTION('',(4.148008230682E-1,2.892586233795E-1,8.627106849822E-1));
#2314=VECTOR('',#2313,3.806167220796E-1);
#2315=CARTESIAN_POINT('',(-7.723649347683E1,4.082952698120E1,1.563875856018E0));
#2316=LINE('',#2315,#2314);
#2317=DIRECTION('',(-4.680413426657E-1,7.902600811061E-2,8.801660022961E-1));
#2318=VECTOR('',#2317,6.616931608582E-1);
#2319=CARTESIAN_POINT('',(-7.692679372139E1,4.077723601210E1,
9.814760318783E-1));
#2320=LINE('',#2319,#2318);
#2321=DIRECTION('',(-8.752459831130E-1,-1.091498377341E-1,4.712014239868E-1));
#2322=VECTOR('',#2321,1.076482987478E0);
#2323=CARTESIAN_POINT('',(-7.598460631071E1,4.089473395551E1,
4.742357152811E-1));
#2324=LINE('',#2323,#2322);
#2325=DIRECTION('',(-9.595071984661E-1,-2.575760687460E-1,-1.140197566267E-1));
#2326=VECTOR('',#2325,1.967773437500E0);
#2327=CARTESIAN_POINT('',(-7.409651353248E1,4.140158530172E1,
6.986007637213E-1));
#2328=LINE('',#2327,#2326);
#2329=DIRECTION('',(4.710080470462E-1,-7.798069257469E-2,-8.786753844300E-1));
#2330=VECTOR('',#2329,6.624988771825E-1);
#2331=CARTESIAN_POINT('',(-7.440855583479E1,4.145324742300E1,1.280722219314E0));
#2332=LINE('',#2331,#2330);
#2333=DIRECTION('',(9.595071984661E-1,2.575760687460E-1,1.140197566267E-1));
#2334=VECTOR('',#2333,1.748046875E0);
#2335=CARTESIAN_POINT('',(-7.608581939461E1,4.100299238095E1,1.081410340055E0));
#2336=LINE('',#2335,#2334);
#2337=DIRECTION('',(4.710080470462E-1,-7.798069257470E-2,-8.786753844300E-1));
#2338=VECTOR('',#2337,3.312494385913E-1);
#2339=CARTESIAN_POINT('',(-7.624184054577E1,4.102882344159E1,1.372471067851E0));
#2340=LINE('',#2339,#2338);
#2341=DIRECTION('',(-9.595071984661E-1,-2.575760687460E-1,-1.140197566267E-1));
#2342=VECTOR('',#2341,1.420898437500E0);
#2343=CARTESIAN_POINT('',(-7.487847826670E1,4.139481287521E1,1.534481561886E0));
#2344=LINE('',#2343,#2342);
#2345=DIRECTION('',(-4.194138277815E-1,-2.898454444537E-1,-8.602799889542E-1));
#2346=VECTOR('',#2345,3.820157225404E-1);
#2347=CARTESIAN_POINT('',(-7.471825559023E1,4.150553839209E1,1.863122043453E0));
#2348=LINE('',#2347,#2346);
#2349=DIRECTION('',(4.710080470462E-1,-7.798069257466E-2,-8.786753844300E-1));
#2350=VECTOR('',#2349,6.624988771825E-1);
#2351=CARTESIAN_POINT('',(-7.503029789255E1,4.155720051337E1,2.445243499046E0));
#2352=LINE('',#2351,#2350);
#2353=DIRECTION('',(8.746842570671E-1,1.087664166505E-1,-4.723317870396E-1));
#2354=VECTOR('',#2353,1.074496146712E0);
#2355=CARTESIAN_POINT('',(-7.597014275635E1,4.144033141778E1,2.952762184190E0));
#2356=LINE('',#2355,#2354);
#2357=DIRECTION('',(9.595071984661E-1,2.575760687460E-1,1.140197566267E-1));
#2358=VECTOR('',#2357,1.313476562500E0);
#2359=CARTESIAN_POINT('',(-7.450370841495E1,4.183399015566E1,3.127020894269E0));
#2360=LINE('',#2359,#2358);
#2361=DIRECTION('',(4.171129920717E-1,2.895535686729E-1,8.614960723728E-1));
#2362=VECTOR('',#2361,7.626298199815E-1);
#2363=CARTESIAN_POINT('',(-7.482181122100E1,4.161316796971E1,2.470018299680E0));
#2364=LINE('',#2363,#2362);
#2365=DIRECTION('',(-4.695263085103E-1,7.850315121961E-2,8.794215717535E-1));
#2366=VECTOR('',#2365,1.324190032557E0);
#2367=CARTESIAN_POINT('',(-7.420006916325E1,4.150921487934E1,1.305497019948E0));
#2368=LINE('',#2367,#2366);
#2369=DIRECTION('',(-8.752459831130E-1,-1.091498377341E-1,4.712014239868E-1));
#2370=VECTOR('',#2369,1.076482987478E0);
#2371=CARTESIAN_POINT('',(-7.325788175257E1,4.162671282275E1,
7.982567033510E-1));
#2372=LINE('',#2371,#2370);
#2373=DIRECTION('',(-9.595071984661E-1,-2.575760687460E-1,-1.140197566267E-1));
#2374=VECTOR('',#2373,1.967773437500E0);
#2375=CARTESIAN_POINT('',(-7.136978897434E1,4.213356416896E1,1.022621751791E0));
#2376=LINE('',#2375,#2374);
#2377=DIRECTION('',(4.710080470462E-1,-7.798069257469E-2,-8.786753844300E-1));
#2378=VECTOR('',#2377,6.624988771825E-1);
#2379=CARTESIAN_POINT('',(-7.168183127665E1,4.218522629023E1,1.604743207384E0));
#2380=LINE('',#2379,#2378);
#2381=DIRECTION('',(9.595071984661E-1,2.575760687460E-1,1.140197566267E-1));
#2382=VECTOR('',#2381,1.748046875E0);
#2383=CARTESIAN_POINT('',(-7.335909483647E1,4.173497124819E1,1.405431328124E0));
#2384=LINE('',#2383,#2382);
#2385=DIRECTION('',(4.710080470462E-1,-7.798069257468E-2,-8.786753844300E-1));
#2386=VECTOR('',#2385,1.324997754365E0);
#2387=CARTESIAN_POINT('',(-7.398317944110E1,4.183829549073E1,2.569674239310E0));
#2388=LINE('',#2387,#2386);
#2389=DIRECTION('',(-9.595071984661E-1,-2.575760687460E-1,-1.140197566267E-1));
#2390=VECTOR('',#2389,8.764648437500E-1);
#2391=CARTESIAN_POINT('',(-7.314220511431E1,4.206405185958E1,2.669608547486E0));
#2392=LINE('',#2391,#2390);
#2393=DIRECTION('',(-4.710080470463E-1,7.798069257468E-2,8.786753844300E-1));
#2394=VECTOR('',#2393,3.312494385913E-1);
#2395=CARTESIAN_POINT('',(-7.298618396316E1,4.203822079894E1,2.378547819690E0));
#2396=LINE('',#2395,#2394);
#2397=DIRECTION('',(9.595071984661E-1,2.575760687459E-1,1.140197566267E-1));
#2398=VECTOR('',#2397,4.39453125E-1);
#2399=CARTESIAN_POINT('',(-7.340784239998E1,4.192502819061E1,2.328441481329E0));
#2400=LINE('',#2399,#2398);
#2401=DIRECTION('',(-4.710080470462E-1,7.798069257467E-2,8.786753844300E-1));
#2402=VECTOR('',#2401,6.624988771825E-1);
#2403=CARTESIAN_POINT('',(-7.309580009767E1,4.187336606934E1,1.746320025736E0));
#2404=LINE('',#2403,#2402);
#2405=DIRECTION('',(-9.595071984661E-1,-2.575760687460E-1,-1.140197566267E-1));
#2406=VECTOR('',#2405,1.313476562500E0);
#2407=CARTESIAN_POINT('',(-7.183550988094E1,4.221168619869E1,1.896082303727E0));
#2408=LINE('',#2407,#2406);
#2409=DIRECTION('',(4.710080470463E-1,-7.798069257468E-2,-8.786753844300E-1));
#2410=VECTOR('',#2409,9.937483157738E-1);
#2411=CARTESIAN_POINT('',(-7.230357333441E1,4.228917938060E1,2.769264487116E0));
#2412=LINE('',#2411,#2410);
#2413=DIRECTION('',(8.746842570671E-1,1.087664166505E-1,-4.723317870396E-1));
#2414=VECTOR('',#2413,1.074496146712E0);
#2415=CARTESIAN_POINT('',(-7.324341819821E1,4.217231028502E1,3.276783172260E0));
#2416=LINE('',#2415,#2414);
#2417=DIRECTION('',(2.304800857119E-1,-9.506059430235E-1,2.079116908177E-1));
#2418=VECTOR('',#2417,1.5E-1);
#2419=CARTESIAN_POINT('',(-7.453828042781E1,4.197658104712E1,3.095834140646E0));
#2420=LINE('',#2419,#2418);
#2421=DIRECTION('',(2.304800857119E-1,-9.506059430235E-1,2.079116908177E-1));
#2422=VECTOR('',#2421,1.5E-1);
#2423=CARTESIAN_POINT('',(-7.485638323386E1,4.175575886116E1,2.438831546058E0));
#2424=LINE('',#2423,#2422);
#2425=DIRECTION('',(2.304800857119E-1,-9.506059430235E-1,2.079116908177E-1));
#2426=VECTOR('',#2425,1.5E-1);
#2427=CARTESIAN_POINT('',(-7.423464117611E1,4.165180577079E1,1.274310266326E0));
#2428=LINE('',#2427,#2426);
#2429=DIRECTION('',(2.304800857120E-1,-9.506059430235E-1,2.079116908177E-1));
#2430=VECTOR('',#2429,1.5E-1);
#2431=CARTESIAN_POINT('',(-7.329245376543E1,4.176930371420E1,
7.670699497284E-1));
#2432=LINE('',#2431,#2430);
#2433=DIRECTION('',(2.304800857119E-1,-9.506059430235E-1,2.079116908177E-1));
#2434=VECTOR('',#2433,1.5E-1);
#2435=CARTESIAN_POINT('',(-7.140436098720E1,4.227615506042E1,
9.914349981685E-1));
#2436=LINE('',#2435,#2434);
#2437=DIRECTION('',(2.304800857121E-1,-9.506059430234E-1,2.079116908177E-1));
#2438=VECTOR('',#2437,1.5E-1);
#2439=CARTESIAN_POINT('',(-7.171640328951E1,4.232781718169E1,1.573556453761E0));
#2440=LINE('',#2439,#2438);
#2441=DIRECTION('',(2.304800857121E-1,-9.506059430234E-1,2.079116908177E-1));
#2442=VECTOR('',#2441,1.5E-1);
#2443=CARTESIAN_POINT('',(-7.339366684933E1,4.187756213964E1,1.374244574502E0));
#2444=LINE('',#2443,#2442);
#2445=DIRECTION('',(2.304800857119E-1,-9.506059430235E-1,2.079116908177E-1));
#2446=VECTOR('',#2445,1.5E-1);
#2447=CARTESIAN_POINT('',(-7.401775145395E1,4.198088638219E1,2.538487485687E0));
#2448=LINE('',#2447,#2446);
#2449=DIRECTION('',(2.304800857118E-1,-9.506059430235E-1,2.079116908177E-1));
#2450=VECTOR('',#2449,1.5E-1);
#2451=CARTESIAN_POINT('',(-7.317677712717E1,4.220664275103E1,2.638421793864E0));
#2452=LINE('',#2451,#2450);
#2453=DIRECTION('',(2.304800857119E-1,-9.506059430235E-1,2.079116908177E-1));
#2454=VECTOR('',#2453,1.5E-1);
#2455=CARTESIAN_POINT('',(-7.302075597602E1,4.218081169040E1,2.347361066067E0));
#2456=LINE('',#2455,#2454);
#2457=DIRECTION('',(2.304800857120E-1,-9.506059430235E-1,2.079116908177E-1));
#2458=VECTOR('',#2457,1.5E-1);
#2459=CARTESIAN_POINT('',(-7.344241441284E1,4.206761908206E1,2.297254727706E0));
#2460=LINE('',#2459,#2458);
#2461=DIRECTION('',(2.304800857119E-1,-9.506059430235E-1,2.079116908177E-1));
#2462=VECTOR('',#2461,1.5E-1);
#2463=CARTESIAN_POINT('',(-7.313037211053E1,4.201595696079E1,1.715133272113E0));
#2464=LINE('',#2463,#2462);
#2465=DIRECTION('',(2.304800857119E-1,-9.506059430235E-1,2.079116908177E-1));
#2466=VECTOR('',#2465,1.5E-1);
#2467=CARTESIAN_POINT('',(-7.187008189379E1,4.235427709015E1,1.864895550104E0));
#2468=LINE('',#2467,#2466);
#2469=DIRECTION('',(2.304800857118E-1,-9.506059430235E-1,2.079116908177E-1));
#2470=VECTOR('',#2469,1.5E-1);
#2471=CARTESIAN_POINT('',(-7.233814534726E1,4.243177027206E1,2.738077733493E0));
#2472=LINE('',#2471,#2470);
#2473=DIRECTION('',(2.304800857119E-1,-9.506059430235E-1,2.079116908177E-1));
#2474=VECTOR('',#2473,1.5E-1);
#2475=CARTESIAN_POINT('',(-7.327799021107E1,4.231490117647E1,3.245596418637E0));
#2476=LINE('',#2475,#2474);
#2477=DIRECTION('',(-2.304800857119E-1,9.506059430235E-1,-2.079116908178E-1));
#2478=VECTOR('',#2477,2.E0);
#2479=CARTESIAN_POINT('',(-7.999396781050E1,3.264274113767E1,2.540904337936E0));
#2480=LINE('',#2479,#2478);
#2481=DIRECTION('',(-2.304800857119E-1,9.506059430235E-1,-2.079116908178E-1));
#2482=VECTOR('',#2481,2.E0);
#2483=CARTESIAN_POINT('',(-8.203483820557E1,3.214791992702E1,2.540904337936E0));
#2484=LINE('',#2483,#2482);
#2485=CARTESIAN_POINT('',(-8.101440300803E1,3.239533053234E1,2.540904337936E0));
#2486=DIRECTION('',(-2.304800857119E-1,9.506059430235E-1,-2.079116908178E-1));
#2487=DIRECTION('',(9.730735068607E-1,2.257327870419E-1,-4.661179142838E-2));
#2488=AXIS2_PLACEMENT_3D('',#2485,#2486,#2487);
#2490=CARTESIAN_POINT('',(-8.216680343659E1,3.714836024746E1,1.501345883847E0));
#2491=DIRECTION('',(2.304800857119E-1,-9.506059430235E-1,2.079116908178E-1));
#2492=DIRECTION('',(-9.705367947261E-1,-2.091412345999E-1,1.196589907728E-1));
#2493=AXIS2_PLACEMENT_3D('',#2490,#2491,#2492);
#2495=CARTESIAN_POINT('',(-7.904746510638E1,3.785563201187E1,1.277170788422E0));
#2496=CARTESIAN_POINT('',(-7.892797980983E1,3.732405540358E1,1.402176603605E0));
#2497=CARTESIAN_POINT('',(-7.868954209814E1,3.626297403433E1,1.651691650383E0));
#2498=CARTESIAN_POINT('',(-7.833348534264E1,3.467756184507E1,2.024475464141E0));
#2499=CARTESIAN_POINT('',(-7.809718460657E1,3.362477011928E1,2.272002957266E0));
#2500=CARTESIAN_POINT('',(-7.797930207005E1,3.309941073682E1,2.395518104637E0));
#2502=CARTESIAN_POINT('',(-7.835576164669E1,3.803637582559E1,1.336774319605E0));
#2503=CARTESIAN_POINT('',(-7.796734736496E1,3.645942189747E1,1.712345711314E0));
#2504=CARTESIAN_POINT('',(-7.757847795711E1,3.488258943130E1,2.087955803909E0));
#2505=CARTESIAN_POINT('',(-7.718913677291E1,3.330588287062E1,2.463606013215E0));
#2507=CARTESIAN_POINT('',(-7.626403568880E1,3.869076796583E1,2.009982636229E0));
#2508=DIRECTION('',(2.304800857119E-1,-9.506059430235E-1,2.079116908178E-1));
#2509=DIRECTION('',(3.845425580932E-1,-1.072942484302E-1,-9.168505686691E-1));
#2510=AXIS2_PLACEMENT_3D('',#2507,#2508,#2509);
#2512=CARTESIAN_POINT('',(-7.326779457454E1,2.633289070653E1,4.712834616860E0));
#2513=DIRECTION('',(-2.304800857119E-1,9.506059430235E-1,-2.079116908178E-1));
#2514=DIRECTION('',(9.685886059892E-1,2.036207175994E-1,-1.427400284158E-1));
#2515=AXIS2_PLACEMENT_3D('',#2512,#2513,#2514);
#2517=CARTESIAN_POINT('',(-7.326779457454E1,2.633289070653E1,4.712834616860E0));
#2518=DIRECTION('',(-2.304800857119E-1,9.506059430235E-1,-2.079116908178E-1));
#2519=DIRECTION('',(-9.335439163799E-2,-2.342796287619E-1,-9.676766056432E-1));
#2520=AXIS2_PLACEMENT_3D('',#2517,#2518,#2519);
#2522=CARTESIAN_POINT('',(-7.626403568880E1,3.869076796583E1,2.009982636229E0));
#2523=DIRECTION('',(2.304800857119E-1,-9.506059430235E-1,2.079116908178E-1));
#2524=DIRECTION('',(8.938713280475E-1,2.912666910964E-1,3.408192534941E-1));
#2525=AXIS2_PLACEMENT_3D('',#2522,#2523,#2524);
#2527=CARTESIAN_POINT('',(-7.538237125797E1,3.844476782753E1,
-9.213718839051E-2));
#2528=CARTESIAN_POINT('',(-7.442386091563E1,3.432115631499E1,
8.336890119901E-1));
#2529=CARTESIAN_POINT('',(-7.346542493101E1,3.019764980788E1,1.760060102391E0));
#2530=CARTESIAN_POINT('',(-7.250707301562E1,2.607426218793E1,2.687046767875E0));
#2532=DIRECTION('',(-2.148785956852E-1,9.419738175754E-1,-2.579002057363E-1));
#2533=VECTOR('',#2532,1.301833483861E1);
#2534=CARTESIAN_POINT('',(-7.231612162940E1,2.581069444164E1,1.270293545818E0));
#2535=LINE('',#2534,#2533);
#2536=CARTESIAN_POINT('',(-7.656530997080E1,3.813566303484E1,
-1.940700664687E-1));
#2537=CARTESIAN_POINT('',(-7.553387663815E1,3.403110647886E1,
7.380398493736E-1));
#2538=CARTESIAN_POINT('',(-7.450251772494E1,2.992665491220E1,1.670694649918E0));
#2539=CARTESIAN_POINT('',(-7.347124295511E1,2.582232221332E1,2.603965019156E0));
#2541=DIRECTION('',(-2.316832620305E-1,9.375827169624E-1,-2.593482503282E-1));
#2542=VECTOR('',#2541,1.301833483861E1);
#2543=CARTESIAN_POINT('',(-7.328029156889E1,2.555875446704E1,1.187211797099E0));
#2544=LINE('',#2543,#2542);
#2545=CARTESIAN_POINT('',(-7.326779457454E1,2.633289070653E1,4.712834616859E0));
#2546=DIRECTION('',(-2.304800857119E-1,9.506059430235E-1,-2.079116908178E-1));
#2547=DIRECTION('',(8.378843015865E-1,8.522927036118E-2,-5.391529176668E-1));
#2548=AXIS2_PLACEMENT_3D('',#2545,#2546,#2547);
#2550=CARTESIAN_POINT('',(-7.326779457454E1,2.633289070653E1,4.712834616859E0));
#2551=DIRECTION('',(-2.304800857119E-1,9.506059430235E-1,-2.079116908178E-1));
#2552=DIRECTION('',(-8.378843015865E-1,-8.522927036118E-2,5.391529176668E-1));
#2553=AXIS2_PLACEMENT_3D('',#2550,#2551,#2552);
#2555=DIRECTION('',(9.641699394942E-1,2.519399746082E-1,8.308174871886E-2));
#2556=VECTOR('',#2555,2.193715480838E0);
#2557=CARTESIAN_POINT('',(-7.128829671339E1,2.695795736915E1,5.376372328621E0));
#2558=LINE('',#2557,#2556);
#2559=DIRECTION('',(1.313592701943E-1,-1.813135137901E-1,-9.746128215097E-1));
#2560=VECTOR('',#2559,1.E0);
#2561=CARTESIAN_POINT('',(-6.917318219097E1,2.751064199169E1,5.558630046960E0));
#2562=LINE('',#2561,#2560);
#2563=DIRECTION('',(-9.641699394942E-1,-2.519399746082E-1,-8.308174871886E-2));
#2564=VECTOR('',#2563,2.193715480838E0);
#2565=CARTESIAN_POINT('',(-6.904182292077E1,2.732932847790E1,4.584017225451E0));
#2566=LINE('',#2565,#2564);
#2567=DIRECTION('',(1.313592701943E-1,-1.813135137901E-1,-9.746128215097E-1));
#2568=VECTOR('',#2567,1.453657484069E0);
#2569=CARTESIAN_POINT('',(-7.250707301562E1,2.607426218793E1,2.687046767875E0));
#2570=LINE('',#2569,#2568);
#2571=DIRECTION('',(-9.641699394942E-1,-2.519399746082E-1,-8.308174871886E-2));
#2572=VECTOR('',#2571,1.000000000001E0);
#2573=CARTESIAN_POINT('',(-7.231612162940E1,2.581069444164E1,1.270293545818E0));
#2574=LINE('',#2573,#2572);
#2575=DIRECTION('',(-1.313592701943E-1,1.813135137901E-1,9.746128215097E-1));
#2576=VECTOR('',#2575,1.453657484069E0);
#2577=CARTESIAN_POINT('',(-7.328029156889E1,2.555875446704E1,1.187211797099E0));
#2578=LINE('',#2577,#2576);
#2579=CARTESIAN_POINT('',(-4.897104681613E1,2.925007932380E1,
-8.883417033340E0));
#2580=DIRECTION('',(-2.304800857119E-1,9.506059430235E-1,-2.079116908178E-1));
#2581=DIRECTION('',(9.718430452728E-1,2.356291479313E-1,0.E0));
#2582=AXIS2_PLACEMENT_3D('',#2579,#2580,#2581);
#2584=CARTESIAN_POINT('',(-4.897104681613E1,2.925007932380E1,
-8.883417033340E0));
#2585=DIRECTION('',(-2.304800857119E-1,9.506059430235E-1,-2.079116908178E-1));
#2586=DIRECTION('',(-9.718430452728E-1,-2.356291479313E-1,0.E0));
#2587=AXIS2_PLACEMENT_3D('',#2584,#2585,#2586);
#2589=DIRECTION('',(-4.942361366782E-1,-2.984123563327E-1,-8.165051786666E-1));
#2590=VECTOR('',#2589,2.072561611294E0);
#2591=CARTESIAN_POINT('',(-4.960030132382E1,2.865980851168E1,
-1.088467202530E1));
#2592=LINE('',#2591,#2590);
#2593=DIRECTION('',(-8.382180929159E-1,-8.543071272330E-2,5.386019142483E-1));
#2594=VECTOR('',#2593,1.E0);
#2595=CARTESIAN_POINT('',(-5.062463616761E1,2.804133051761E1,
-1.257692931403E1));
#2596=LINE('',#2595,#2594);
#2597=DIRECTION('',(4.942361366782E-1,2.984123563327E-1,8.165051786666E-1));
#2598=VECTOR('',#2597,2.072561611294E0);
#2599=CARTESIAN_POINT('',(-5.146285426053E1,2.795589980488E1,
-1.203832739978E1));
#2600=LINE('',#2599,#2598);
#2601=DIRECTION('',(2.304800857119E-1,-9.506059430235E-1,2.079116908178E-1));
#2602=VECTOR('',#2601,1.6E0);
#2603=CARTESIAN_POINT('',(-7.180149704676E1,2.648204192966E1,3.769317010943E0));
#2604=LINE('',#2603,#2602);
#2605=DIRECTION('',(2.304800857119E-1,-9.506059430235E-1,2.079116908178E-1));
#2606=VECTOR('',#2605,1.6E0);
#2607=CARTESIAN_POINT('',(-7.473409210232E1,2.618373948340E1,5.656352222776E0));
#2608=LINE('',#2607,#2606);
#2609=CARTESIAN_POINT('',(-7.289902643740E1,2.481192119769E1,5.045493322168E0));
#2610=DIRECTION('',(-2.304800857119E-1,9.506059430235E-1,-2.079116908178E-1));
#2611=DIRECTION('',(8.378843015865E-1,8.522927036118E-2,-5.391529176668E-1));
#2612=AXIS2_PLACEMENT_3D('',#2609,#2610,#2611);
#2614=CARTESIAN_POINT('',(-7.289902643740E1,2.481192119769E1,5.045493322168E0));
#2615=DIRECTION('',(-2.304800857119E-1,9.506059430235E-1,-2.079116908178E-1));
#2616=DIRECTION('',(-8.378843015865E-1,-8.522927036118E-2,5.391529176668E-1));
#2617=AXIS2_PLACEMENT_3D('',#2614,#2615,#2616);
#2619=CARTESIAN_POINT('',(-7.289902643740E1,2.481192119769E1,5.045493322168E0));
#2620=DIRECTION('',(2.304800857119E-1,-9.506059430235E-1,2.079116908178E-1));
#2621=DIRECTION('',(8.378843015865E-1,8.522927036117E-2,-5.391529176668E-1));
#2622=AXIS2_PLACEMENT_3D('',#2619,#2620,#2621);
#2624=CARTESIAN_POINT('',(-7.289902643740E1,2.481192119769E1,5.045493322168E0));
#2625=DIRECTION('',(2.304800857119E-1,-9.506059430235E-1,2.079116908178E-1));
#2626=DIRECTION('',(-8.378843015865E-1,-8.522927036118E-2,5.391529176668E-1));
#2627=AXIS2_PLACEMENT_3D('',#2624,#2625,#2626);
#2629=DIRECTION('',(2.304800857119E-1,-9.506059430235E-1,2.079116908178E-1));
#2630=VECTOR('',#2629,1.46E1);
#2631=CARTESIAN_POINT('',(-7.710191999038E1,3.860553869547E1,2.549135553895E0));
#2632=LINE('',#2631,#2630);
#2633=DIRECTION('',(-2.304800857119E-1,9.506059430235E-1,-2.079116908178E-1));
#2634=VECTOR('',#2633,1.46E1);
#2635=CARTESIAN_POINT('',(-7.206114213581E1,2.489715046805E1,4.506340404501E0));
#2636=LINE('',#2635,#2634);
#2637=CARTESIAN_POINT('',(-7.421460178587E1,3.935857306574E1,2.791399950963E0));
#2638=CARTESIAN_POINT('',(-7.323860269217E1,3.522517792941E1,3.653106717921E0));
#2639=CARTESIAN_POINT('',(-7.226314425137E1,3.109164523355E1,4.514766239084E0));
#2640=CARTESIAN_POINT('',(-7.128829671339E1,2.695795736915E1,5.376372328621E0));
#2642=DIRECTION('',(-1.808413816582E-1,9.640322124360E-1,-1.947775348076E-1));
#2643=VECTOR('',#2642,1.301833483861E1);
#2644=CARTESIAN_POINT('',(-6.917318219097E1,2.751064199169E1,5.558630046960E0));
#2645=LINE('',#2644,#2643);
#2646=CARTESIAN_POINT('',(-7.405343728609E1,3.913611977629E1,1.595648881200E0));
#2647=CARTESIAN_POINT('',(-7.308737327789E1,3.501643791091E1,2.531068464152E0));
#2648=CARTESIAN_POINT('',(-7.212184991419E1,3.089661847437E1,3.466440738918E0));
#2649=CARTESIAN_POINT('',(-7.115693744320E1,2.677664385536E1,4.401759507111E0));
#2651=DIRECTION('',(-1.785519007104E-1,9.608720712842E-1,-2.117642117516E-1));
#2652=VECTOR('',#2651,1.301833483861E1);
#2653=CARTESIAN_POINT('',(-6.904182292077E1,2.732932847790E1,4.584017225451E0));
#2654=LINE('',#2653,#2652);
#2655=DIRECTION('',(2.304800857119E-1,-9.506059430235E-1,2.079116908178E-1));
#2656=VECTOR('',#2655,1.6E0);
#2657=CARTESIAN_POINT('',(-4.727032148691E1,2.966243033268E1,
-8.883417033340E0));
#2658=LINE('',#2657,#2656);
#2659=DIRECTION('',(2.304800857119E-1,-9.506059430235E-1,2.079116908178E-1));
#2660=VECTOR('',#2659,1.6E0);
#2661=CARTESIAN_POINT('',(-5.067177214536E1,2.883772831492E1,
-8.883417033340E0));
#2662=LINE('',#2661,#2660);
#2663=CARTESIAN_POINT('',(-4.860227867899E1,2.772910981497E1,
-8.550758328032E0));
#2664=DIRECTION('',(2.304800857119E-1,-9.506059430235E-1,2.079116908178E-1));
#2665=DIRECTION('',(9.718430452728E-1,2.356291479313E-1,0.E0));
#2666=AXIS2_PLACEMENT_3D('',#2663,#2664,#2665);
#2668=CARTESIAN_POINT('',(-4.860227867899E1,2.772910981497E1,
-8.550758328032E0));
#2669=DIRECTION('',(2.304800857119E-1,-9.506059430235E-1,2.079116908178E-1));
#2670=DIRECTION('',(-9.718430452728E-1,-2.356291479313E-1,0.E0));
#2671=AXIS2_PLACEMENT_3D('',#2668,#2669,#2670);
#2673=CARTESIAN_POINT('',(-4.860227867899E1,2.772910981497E1,
-8.550758328032E0));
#2674=DIRECTION('',(-2.304800857119E-1,9.506059430235E-1,-2.079116908178E-1));
#2675=DIRECTION('',(9.718430452728E-1,2.356291479313E-1,0.E0));
#2676=AXIS2_PLACEMENT_3D('',#2673,#2674,#2675);
#2678=CARTESIAN_POINT('',(-4.860227867899E1,2.772910981497E1,
-8.550758328032E0));
#2679=DIRECTION('',(-2.304800857119E-1,9.506059430235E-1,-2.079116908178E-1));
#2680=DIRECTION('',(-9.718430452728E-1,-2.356291479313E-1,0.E0));
#2681=AXIS2_PLACEMENT_3D('',#2678,#2679,#2680);
#2683=DIRECTION('',(2.304800857119E-1,-9.506059430235E-1,2.079116908178E-1));
#2684=VECTOR('',#2683,1.46E1);
#2685=CARTESIAN_POINT('',(-5.099544488511E1,4.184358573104E1,
-1.158626901397E1));
#2686=LINE('',#2685,#2684);
#2687=DIRECTION('',(-2.304800857119E-1,9.506059430235E-1,-2.079116908178E-1));
#2688=VECTOR('',#2687,1.46E1);
#2689=CARTESIAN_POINT('',(-4.957412172427E1,2.749348066703E1,
-8.550758328032E0));
#2690=LINE('',#2689,#2688);
#2691=CARTESIAN_POINT('',(-5.196728793039E1,4.160795658311E1,
-1.158626901397E1));
#2692=DIRECTION('',(2.304800857119E-1,-9.506059430235E-1,2.079116908178E-1));
#2693=DIRECTION('',(-2.519441099933E-1,-2.646749075175E-1,-9.308444331736E-1));
#2694=AXIS2_PLACEMENT_3D('',#2691,#2692,#2693);
#2696=CARTESIAN_POINT('',(-4.897104681613E1,2.925007932380E1,
-8.883417033340E0));
#2697=DIRECTION('',(-2.304800857119E-1,9.506059430235E-1,-2.079116908178E-1));
#2698=DIRECTION('',(-6.733649660313E-1,-3.100526266334E-1,-6.711534781549E-1));
#2699=AXIS2_PLACEMENT_3D('',#2696,#2697,#2698);
#2701=CARTESIAN_POINT('',(-5.254493572427E1,4.100112010486E1,
-1.372047343449E1));
#2702=CARTESIAN_POINT('',(-5.156367872959E1,3.688717155043E1,
-1.277568237932E1));
#2703=CARTESIAN_POINT('',(-5.058214584875E1,3.277339355544E1,
-1.183043497268E1));
#2704=CARTESIAN_POINT('',(-4.960030132382E1,2.865980851168E1,
-1.088467202530E1));
#2706=DIRECTION('',(-2.487161033220E-1,9.343945126077E-1,-2.550435154182E-1));
#2707=VECTOR('',#2706,1.301833483861E1);
#2708=CARTESIAN_POINT('',(-5.062463616761E1,2.804133051761E1,
-1.257692931403E1));
#2709=LINE('',#2708,#2707);
#2710=CARTESIAN_POINT('',(-5.357334429758E1,4.089630528622E1,
-1.305966352011E1));
#2711=CARTESIAN_POINT('',(-5.252869041884E1,3.678881810626E1,
-1.215560850177E1));
#2712=CARTESIAN_POINT('',(-5.148376070760E1,3.268150148028E1,
-1.125109709749E1));
#2713=CARTESIAN_POINT('',(-5.043851941673E1,2.857437779895E1,
-1.034607011105E1));
#2715=DIRECTION('',(-2.633255355383E-1,9.329055275604E-1,-2.456561397169E-1));
#2716=VECTOR('',#2715,1.301833483861E1);
#2717=CARTESIAN_POINT('',(-5.146285426053E1,2.795589980488E1,
-1.203832739978E1));
#2718=LINE('',#2717,#2716);
#2719=CARTESIAN_POINT('',(-7.848712091689E1,3.821768933944E1,2.311387141099E0));
#2720=CARTESIAN_POINT('',(-7.809106367484E1,3.663018593132E1,2.630252012473E0));
#2721=CARTESIAN_POINT('',(-7.769455131822E1,3.504280400111E1,2.949155670425E0));
#2722=CARTESIAN_POINT('',(-7.729756719721E1,3.345554799292E1,3.268099533914E0));
#2724=CARTESIAN_POINT('',(-7.917882437657E1,3.803694552566E1,2.251783609932E0));
#2725=CARTESIAN_POINT('',(-7.905677632734E1,3.750183158275E1,2.357775223705E0));
#2726=CARTESIAN_POINT('',(-7.881322317870E1,3.643368944155E1,2.569336569582E0));
#2727=CARTESIAN_POINT('',(-7.844952344848E1,3.483772775245E1,2.885413756244E0));
#2728=CARTESIAN_POINT('',(-7.820814756579E1,3.377793086695E1,3.095286480412E0));
#2729=CARTESIAN_POINT('',(-7.808773249434E1,3.324907585906E1,3.200011625354E0));
#2731=DIRECTION('',(2.134245133730E-1,-9.505194536790E-1,2.257492973839E-1));
#2732=VECTOR('',#2731,5.001523164455E0);
#2733=CARTESIAN_POINT('',(-7.152856585034E1,4.271356021271E1,1.515334514955E1));
#2734=LINE('',#2733,#2732);
#2735=DIRECTION('',(2.134245133730E-1,-9.505194536790E-1,2.257492973839E-1));
#2736=VECTOR('',#2735,5.001523164455E0);
#2737=CARTESIAN_POINT('',(-7.152794320818E1,4.228637598199E1,1.319949939173E1));
#2738=LINE('',#2737,#2736);
#2739=DIRECTION('',(2.473844122363E-1,-9.426591794042E-1,2.240415677224E-1));
#2740=VECTOR('',#2739,5.001523164455E0);
#2741=CARTESIAN_POINT('',(-7.250102020060E1,4.206114998583E1,1.324843217712E1));
#2742=LINE('',#2741,#2740);
#2743=DIRECTION('',(9.730769924160E-1,2.252259961567E-1,-4.893278538765E-2));
#2744=VECTOR('',#2743,2.625449350718E0);
#2745=CARTESIAN_POINT('',(-7.126460095421E1,3.794991196752E1,1.712922738180E1));
#2746=LINE('',#2745,#2744);
#2747=DIRECTION('',(2.473952771858E-1,-9.501134370756E-1,1.899474493498E-1));
#2748=VECTOR('',#2747,5.001523164455E0);
#2749=CARTESIAN_POINT('',(-7.250195416383E1,4.270192633191E1,1.617920081385E1));
#2750=LINE('',#2749,#2748);
#2751=DIRECTION('',(-9.730769924160E-1,-2.252259961567E-1,4.893278538766E-2));
#2752=VECTOR('',#2751,2.8E0);
#2753=CARTESIAN_POINT('',(-6.977733858507E1,4.333255912115E1,1.604218901476E1));
#2754=LINE('',#2753,#2752);
#2755=DIRECTION('',(-2.134353783224E-1,9.579737113504E-1,-1.916551790113E-1));
#2756=VECTOR('',#2755,5.001523164455E0);
#2757=CARTESIAN_POINT('',(-6.870983659627E1,3.854123141289E1,1.700075683217E1));
#2758=LINE('',#2757,#2756);
#2759=DIRECTION('',(3.113210788683E-4,-2.135921153593E-1,-9.769228789088E-1));
#2760=VECTOR('',#2759,2.E0);
#2761=CARTESIAN_POINT('',(-7.046111820284E1,3.795951514687E1,1.628243548978E1));
#2762=LINE('',#2761,#2760);
#2763=DIRECTION('',(-9.730769924160E-1,-2.252259961567E-1,4.893278538765E-2));
#2764=VECTOR('',#2763,8.254493507178E-1);
#2765=CARTESIAN_POINT('',(-7.046049556068E1,3.753233091615E1,1.432858973196E1));
#2766=LINE('',#2765,#2764);
#2767=DIRECTION('',(-3.113210788648E-4,2.135921153593E-1,9.769228789088E-1));
#2768=VECTOR('',#2767,2.825449350718E0);
#2769=CARTESIAN_POINT('',(-7.126372133227E1,3.734641826386E1,1.436898126788E1));
#2770=LINE('',#2769,#2768);
#2771=DIRECTION('',(-3.113210788734E-4,2.135921153594E-1,9.769228789088E-1));
#2772=VECTOR('',#2771,8.254493507178E-1);
#2773=CARTESIAN_POINT('',(-6.870957961649E1,3.836492193995E1,1.619435647608E1));
#2774=LINE('',#2773,#2772);
#2775=DIRECTION('',(9.730769924160E-1,2.252259961567E-1,-4.893278538765E-2));
#2776=VECTOR('',#2775,1.8E0);
#2777=CARTESIAN_POINT('',(-7.046111820284E1,3.795951514687E1,1.628243548978E1));
#2778=LINE('',#2777,#2776);
#2779=DIRECTION('',(-2.134245133730E-1,9.505194536790E-1,-2.257492973839E-1));
#2780=VECTOR('',#2779,5.001523164455E0);
#2781=CARTESIAN_POINT('',(-6.870957961649E1,3.836492193995E1,1.619435647608E1));
#2782=LINE('',#2781,#2780);
#2783=CARTESIAN_POINT('',(-4.763043563372E1,2.796473896290E1,
-8.550758328032E0));
#2784=CARTESIAN_POINT('',(-4.957412172427E1,2.749348066703E1,
-8.550758328032E0));
#2785=VERTEX_POINT('',#2783);
#2786=VERTEX_POINT('',#2784);
#2787=CARTESIAN_POINT('',(-4.690155334977E1,2.814146082385E1,
-8.550758328032E0));
#2788=CARTESIAN_POINT('',(-5.030300400822E1,2.731675880609E1,
-8.550758328032E0));
#2789=VERTEX_POINT('',#2787);
#2790=VERTEX_POINT('',#2788);
#2791=CARTESIAN_POINT('',(-4.727032148691E1,2.966243033268E1,
-8.883417033340E0));
#2792=CARTESIAN_POINT('',(-5.067177214536E1,2.883772831492E1,
-8.883417033340E0));
#2793=VERTEX_POINT('',#2791);
#2794=VERTEX_POINT('',#2792);
#2795=CARTESIAN_POINT('',(-5.293913097566E1,4.137232743518E1,
-1.158626901397E1));
#2796=CARTESIAN_POINT('',(-5.099544488511E1,4.184358573104E1,
-1.158626901397E1));
#2797=VERTEX_POINT('',#2795);
#2798=VERTEX_POINT('',#2796);
#2799=CARTESIAN_POINT('',(-4.063432447695E1,4.218572162889E1,2.540904337936E0));
#2800=CARTESIAN_POINT('',(-4.267519487202E1,4.169090041823E1,2.540904337936E0));
#2801=VERTEX_POINT('',#2799);
#2802=VERTEX_POINT('',#2800);
#2803=CARTESIAN_POINT('',(-7.999396781050E1,3.264274113767E1,2.540904337936E0));
#2804=CARTESIAN_POINT('',(-8.203483820557E1,3.214791992702E1,2.540904337936E0));
#2805=VERTEX_POINT('',#2803);
#2806=VERTEX_POINT('',#2804);
#2807=CARTESIAN_POINT('',(-4.109528464837E1,4.408693351494E1,2.125080956300E0));
#2808=CARTESIAN_POINT('',(-4.313615504344E1,4.359211230428E1,2.125080956300E0));
#2809=VERTEX_POINT('',#2807);
#2810=VERTEX_POINT('',#2808);
#2811=CARTESIAN_POINT('',(-8.045492798192E1,3.454395302372E1,2.125080956300E0));
#2812=CARTESIAN_POINT('',(-8.249579837699E1,3.404913181306E1,2.125080956300E0));
#2813=VERTEX_POINT('',#2811);
#2814=VERTEX_POINT('',#2812);
#2815=CARTESIAN_POINT('',(-6.522624839059E1,4.710056814394E1,1.692215931178E1));
#2816=CARTESIAN_POINT('',(-6.333815410430E1,4.760723817916E1,1.714569370520E1));
#2817=VERTEX_POINT('',#2815);
#2818=VERTEX_POINT('',#2816);
#2819=CARTESIAN_POINT('',(-6.239871907405E1,4.772394126045E1,1.663787029599E1));
#2820=VERTEX_POINT('',#2819);
#2821=CARTESIAN_POINT('',(-6.208708710673E1,4.767217341192E1,1.605572031428E1));
#2822=VERTEX_POINT('',#2821);
#2823=CARTESIAN_POINT('',(-6.224751520328E1,4.756142539987E1,1.572720469922E1));
#2824=VERTEX_POINT('',#2823);
#2825=CARTESIAN_POINT('',(-6.361087857130E1,4.719556688809E1,1.556579400819E1));
#2826=VERTEX_POINT('',#2825);
#2827=CARTESIAN_POINT('',(-6.345506258765E1,4.716968296383E1,1.527471901733E1));
#2828=VERTEX_POINT('',#2827);
#2829=CARTESIAN_POINT('',(-6.177779768816E1,4.761977694052E1,1.547329299461E1));
#2830=VERTEX_POINT('',#2829);
#2831=CARTESIAN_POINT('',(-6.146616572084E1,4.756800909199E1,1.489114301290E1));
#2832=VERTEX_POINT('',#2831);
#2833=CARTESIAN_POINT('',(-6.335426000714E1,4.706133905677E1,1.466760861949E1));
#2834=VERTEX_POINT('',#2833);
#2835=CARTESIAN_POINT('',(-6.429603758613E1,4.694400735261E1,1.517515469074E1));
#2836=VERTEX_POINT('',#2835);
#2837=CARTESIAN_POINT('',(-6.460532700470E1,4.699640382401E1,1.575758201041E1));
#2838=VERTEX_POINT('',#2837);
#2839=CARTESIAN_POINT('',(-6.444724145689E1,4.710652321318E1,1.608582028751E1));
#2840=VERTEX_POINT('',#2839);
#2841=CARTESIAN_POINT('',(-6.308153554013E1,4.747301034784E1,1.624750831649E1));
#2842=VERTEX_POINT('',#2841);
#2843=CARTESIAN_POINT('',(-6.323735152379E1,4.749889427210E1,1.653858330735E1));
#2844=VERTEX_POINT('',#2843);
#2845=CARTESIAN_POINT('',(-6.491695897202E1,4.704817167254E1,1.633973199211E1));
#2846=VERTEX_POINT('',#2845);
#2847=CARTESIAN_POINT('',(-7.115604442554E1,3.808332857454E1,
-1.773265782527E1));
#2848=CARTESIAN_POINT('',(-6.926795013924E1,3.858999860976E1,
-1.750912343185E1));
#2849=VERTEX_POINT('',#2847);
#2850=VERTEX_POINT('',#2848);
#2851=CARTESIAN_POINT('',(-6.832851510899E1,3.870670169106E1,
-1.801694684106E1));
#2852=VERTEX_POINT('',#2851);
#2853=CARTESIAN_POINT('',(-6.801688314168E1,3.865493384253E1,
-1.859909682277E1));
#2854=VERTEX_POINT('',#2853);
#2855=CARTESIAN_POINT('',(-6.817731123823E1,3.854418583048E1,
-1.892761243783E1));
#2856=VERTEX_POINT('',#2855);
#2857=CARTESIAN_POINT('',(-6.954067460625E1,3.817832731870E1,
-1.908902312886E1));
#2858=VERTEX_POINT('',#2857);
#2859=CARTESIAN_POINT('',(-6.938485862259E1,3.815244339443E1,
-1.938009811971E1));
#2860=VERTEX_POINT('',#2859);
#2861=CARTESIAN_POINT('',(-6.770759372310E1,3.860253737112E1,
-1.918152414244E1));
#2862=VERTEX_POINT('',#2861);
#2863=CARTESIAN_POINT('',(-6.739596175579E1,3.855076952260E1,
-1.976367412415E1));
#2864=VERTEX_POINT('',#2863);
#2865=CARTESIAN_POINT('',(-6.928405604208E1,3.804409948738E1,
-1.998720851756E1));
#2866=VERTEX_POINT('',#2865);
#2867=CARTESIAN_POINT('',(-7.022583362108E1,3.792676778321E1,
-1.947966244631E1));
#2868=VERTEX_POINT('',#2867);
#2869=CARTESIAN_POINT('',(-7.053512303965E1,3.797916425461E1,
-1.889723512664E1));
#2870=VERTEX_POINT('',#2869);
#2871=CARTESIAN_POINT('',(-7.037703749184E1,3.808928364379E1,
-1.856899684954E1));
#2872=VERTEX_POINT('',#2871);
#2873=CARTESIAN_POINT('',(-6.901133157508E1,3.845577077844E1,
-1.840730882056E1));
#2874=VERTEX_POINT('',#2873);
#2875=CARTESIAN_POINT('',(-6.916714755874E1,3.848165470271E1,
-1.811623382970E1));
#2876=VERTEX_POINT('',#2875);
#2877=CARTESIAN_POINT('',(-7.084675500696E1,3.803093210314E1,
-1.831508514494E1));
#2878=VERTEX_POINT('',#2877);
#2879=CARTESIAN_POINT('',(-6.842931768950E1,3.881504559811E1,
-1.740983644322E1));
#2880=CARTESIAN_POINT('',(-6.591107779153E1,3.949081518602E1,
-1.711169813934E1));
#2881=VERTEX_POINT('',#2879);
#2882=VERTEX_POINT('',#2880);
#2883=CARTESIAN_POINT('',(-6.560178837295E1,3.943841871462E1,
-1.769412545901E1));
#2884=VERTEX_POINT('',#2883);
#2885=CARTESIAN_POINT('',(-6.728139582118E1,3.898769611505E1,
-1.789297677424E1));
#2886=VERTEX_POINT('',#2885);
#2887=CARTESIAN_POINT('',(-6.712557983753E1,3.896181219079E1,
-1.818405176510E1));
#2888=VERTEX_POINT('',#2887);
#2889=CARTESIAN_POINT('',(-6.544597238930E1,3.941253479035E1,
-1.798520044986E1));
#2890=VERTEX_POINT('',#2889);
#2891=CARTESIAN_POINT('',(-6.513434042198E1,3.936076694182E1,
-1.856735043157E1));
#2892=VERTEX_POINT('',#2891);
#2893=CARTESIAN_POINT('',(-6.681394787021E1,3.891004434226E1,
-1.876620174681E1));
#2894=VERTEX_POINT('',#2893);
#2895=CARTESIAN_POINT('',(-6.665813188655E1,3.888416041799E1,
-1.905727673766E1));
#2896=VERTEX_POINT('',#2895);
#2897=CARTESIAN_POINT('',(-6.498086698707E1,3.933425439469E1,
-1.885870276038E1));
#2898=VERTEX_POINT('',#2897);
#2899=CARTESIAN_POINT('',(-6.466923501975E1,3.928248654616E1,
-1.944085274209E1));
#2900=VERTEX_POINT('',#2899);
#2901=CARTESIAN_POINT('',(-6.718747491772E1,3.860671695825E1,
-1.973899104597E1));
#2902=VERTEX_POINT('',#2901);
#2903=CARTESIAN_POINT('',(-6.249952165455E1,4.783228516750E1,1.724498069383E1));
#2904=CARTESIAN_POINT('',(-6.061142736826E1,4.833895520272E1,1.746851508725E1));
#2905=VERTEX_POINT('',#2903);
#2906=VERTEX_POINT('',#2904);
#2907=CARTESIAN_POINT('',(-5.967199233801E1,4.845565828401E1,1.696069167804E1));
#2908=VERTEX_POINT('',#2907);
#2909=CARTESIAN_POINT('',(-5.957118975750E1,4.834731437696E1,1.635358128019E1));
#2910=VERTEX_POINT('',#2909);
#2911=CARTESIAN_POINT('',(-5.905107095212E1,4.835149396408E1,1.579611437667E1));
#2912=VERTEX_POINT('',#2911);
#2913=CARTESIAN_POINT('',(-5.936958459649E1,4.813062656286E1,1.513936048450E1));
#2914=VERTEX_POINT('',#2913);
#2915=CARTESIAN_POINT('',(-6.125767888278E1,4.762395652764E1,1.491582609108E1));
#2916=VERTEX_POINT('',#2915);
#2917=CARTESIAN_POINT('',(-6.015093407893E1,4.812404287074E1,1.597542217081E1));
#2918=CARTESIAN_POINT('',(-6.088415183527E1,4.792728391165E1,1.588861539024E1));
#2919=VERTEX_POINT('',#2917);
#2920=VERTEX_POINT('',#2918);
#2921=CARTESIAN_POINT('',(-6.072833585161E1,4.790139998739E1,1.559754039939E1));
#2922=VERTEX_POINT('',#2921);
#2923=CARTESIAN_POINT('',(-5.988970340186E1,4.812644697573E1,1.569682738803E1));
#2924=VERTEX_POINT('',#2923);
#2925=CARTESIAN_POINT('',(-6.051062478775E1,4.823061129567E1,1.686140468940E1));
#2926=CARTESIAN_POINT('',(-6.135159978624E1,4.800493568445E1,1.676184036281E1));
#2927=VERTEX_POINT('',#2925);
#2928=VERTEX_POINT('',#2926);
#2929=CARTESIAN_POINT('',(-6.119578380258E1,4.797905176018E1,1.647076537195E1));
#2930=VERTEX_POINT('',#2929);
#2931=CARTESIAN_POINT('',(-6.046022349750E1,4.817643934214E1,1.655784949048E1));
#2932=VERTEX_POINT('',#2931);
#2933=CARTESIAN_POINT('',(-6.526082040345E1,4.724315903539E1,1.689097255816E1));
#2934=VERTEX_POINT('',#2933);
#2935=CARTESIAN_POINT('',(-6.337272611716E1,4.774982907061E1,1.711450695157E1));
#2936=VERTEX_POINT('',#2935);
#2937=CARTESIAN_POINT('',(-6.243329108690E1,4.786653215190E1,1.660668354236E1));
#2938=VERTEX_POINT('',#2937);
#2939=CARTESIAN_POINT('',(-6.212165911959E1,4.781476430337E1,1.602453356066E1));
#2940=VERTEX_POINT('',#2939);
#2941=CARTESIAN_POINT('',(-6.228208721614E1,4.770401629133E1,1.569601794559E1));
#2942=VERTEX_POINT('',#2941);
#2943=CARTESIAN_POINT('',(-6.364545058416E1,4.733815777954E1,1.553460725457E1));
#2944=VERTEX_POINT('',#2943);
#2945=CARTESIAN_POINT('',(-6.348963460050E1,4.731227385528E1,1.524353226371E1));
#2946=VERTEX_POINT('',#2945);
#2947=CARTESIAN_POINT('',(-6.181236970102E1,4.776236783197E1,1.544210624099E1));
#2948=VERTEX_POINT('',#2947);
#2949=CARTESIAN_POINT('',(-6.150073773370E1,4.771059998344E1,1.485995625928E1));
#2950=VERTEX_POINT('',#2949);
#2951=CARTESIAN_POINT('',(-6.338883201999E1,4.720392994823E1,1.463642186587E1));
#2952=VERTEX_POINT('',#2951);
#2953=CARTESIAN_POINT('',(-6.433060959899E1,4.708659824406E1,1.514396793712E1));
#2954=VERTEX_POINT('',#2953);
#2955=CARTESIAN_POINT('',(-6.463989901756E1,4.713899471546E1,1.572639525678E1));
#2956=VERTEX_POINT('',#2955);
#2957=CARTESIAN_POINT('',(-6.448181346975E1,4.724911410464E1,1.605463353389E1));
#2958=VERTEX_POINT('',#2957);
#2959=CARTESIAN_POINT('',(-6.311610755299E1,4.761560123929E1,1.621632156287E1));
#2960=VERTEX_POINT('',#2959);
#2961=CARTESIAN_POINT('',(-6.327192353665E1,4.764148516356E1,1.650739655373E1));
#2962=VERTEX_POINT('',#2961);
#2963=CARTESIAN_POINT('',(-6.495153098488E1,4.719076256399E1,1.630854523849E1));
#2964=VERTEX_POINT('',#2963);
#2965=CARTESIAN_POINT('',(-7.119061643839E1,3.822591946600E1,
-1.776384457889E1));
#2966=VERTEX_POINT('',#2965);
#2967=CARTESIAN_POINT('',(-6.930252215210E1,3.873258950121E1,
-1.754031018548E1));
#2968=VERTEX_POINT('',#2967);
#2969=CARTESIAN_POINT('',(-6.836308712185E1,3.884929258251E1,
-1.804813359469E1));
#2970=VERTEX_POINT('',#2969);
#2971=CARTESIAN_POINT('',(-6.805145515453E1,3.879752473398E1,
-1.863028357639E1));
#2972=VERTEX_POINT('',#2971);
#2973=CARTESIAN_POINT('',(-6.821188325109E1,3.868677672193E1,
-1.895879919146E1));
#2974=VERTEX_POINT('',#2973);
#2975=CARTESIAN_POINT('',(-6.957524661911E1,3.832091821015E1,
-1.912020988248E1));
#2976=VERTEX_POINT('',#2975);
#2977=CARTESIAN_POINT('',(-6.941943063545E1,3.829503428589E1,
-1.941128487334E1));
#2978=VERTEX_POINT('',#2977);
#2979=CARTESIAN_POINT('',(-6.774216573596E1,3.874512826258E1,
-1.921271089606E1));
#2980=VERTEX_POINT('',#2979);
#2981=CARTESIAN_POINT('',(-6.743053376865E1,3.869336041405E1,
-1.979486087777E1));
#2982=VERTEX_POINT('',#2981);
#2983=CARTESIAN_POINT('',(-6.931862805494E1,3.818669037883E1,
-2.001839527118E1));
#2984=VERTEX_POINT('',#2983);
#2985=CARTESIAN_POINT('',(-7.026040563393E1,3.806935867467E1,
-1.951084919993E1));
#2986=VERTEX_POINT('',#2985);
#2987=CARTESIAN_POINT('',(-7.056969505251E1,3.812175514607E1,
-1.892842188027E1));
#2988=VERTEX_POINT('',#2987);
#2989=CARTESIAN_POINT('',(-7.041160950470E1,3.823187453524E1,
-1.860018360316E1));
#2990=VERTEX_POINT('',#2989);
#2991=CARTESIAN_POINT('',(-6.904590358793E1,3.859836166990E1,
-1.843849557418E1));
#2992=VERTEX_POINT('',#2991);
#2993=CARTESIAN_POINT('',(-6.920171957159E1,3.862424559416E1,
-1.814742058332E1));
#2994=VERTEX_POINT('',#2993);
#2995=CARTESIAN_POINT('',(-7.088132701982E1,3.817352299460E1,
-1.834627189856E1));
#2996=VERTEX_POINT('',#2995);
#2997=CARTESIAN_POINT('',(-6.846388970236E1,3.895763648956E1,
-1.744102319684E1));
#2998=VERTEX_POINT('',#2997);
#2999=CARTESIAN_POINT('',(-6.594564980438E1,3.963340607747E1,
-1.714288489297E1));
#3000=VERTEX_POINT('',#2999);
#3001=CARTESIAN_POINT('',(-6.563636038581E1,3.958100960607E1,
-1.772531221263E1));
#3002=VERTEX_POINT('',#3001);
#3003=CARTESIAN_POINT('',(-6.731596783404E1,3.913028700651E1,
-1.792416352787E1));
#3004=VERTEX_POINT('',#3003);
#3005=CARTESIAN_POINT('',(-6.716015185038E1,3.910440308224E1,
-1.821523851872E1));
#3006=VERTEX_POINT('',#3005);
#3007=CARTESIAN_POINT('',(-6.548054440215E1,3.955512568181E1,
-1.801638720349E1));
#3008=VERTEX_POINT('',#3007);
#3009=CARTESIAN_POINT('',(-6.516891243484E1,3.950335783328E1,
-1.859853718519E1));
#3010=VERTEX_POINT('',#3009);
#3011=CARTESIAN_POINT('',(-6.684851988307E1,3.905263523371E1,
-1.879738850043E1));
#3012=VERTEX_POINT('',#3011);
#3013=CARTESIAN_POINT('',(-6.669270389941E1,3.902675130945E1,
-1.908846349128E1));
#3014=VERTEX_POINT('',#3013);
#3015=CARTESIAN_POINT('',(-6.501543899992E1,3.947684528614E1,
-1.888988951401E1));
#3016=VERTEX_POINT('',#3015);
#3017=CARTESIAN_POINT('',(-6.470380703261E1,3.942507743761E1,
-1.947203949572E1));
#3018=VERTEX_POINT('',#3017);
#3019=CARTESIAN_POINT('',(-6.722204693058E1,3.874930784970E1,
-1.977017779959E1));
#3020=VERTEX_POINT('',#3019);
#3021=CARTESIAN_POINT('',(-6.253409366741E1,4.797487605896E1,1.721379394021E1));
#3022=VERTEX_POINT('',#3021);
#3023=CARTESIAN_POINT('',(-6.064599938112E1,4.848154609417E1,1.743732833363E1));
#3024=VERTEX_POINT('',#3023);
#3025=CARTESIAN_POINT('',(-5.970656435087E1,4.859824917547E1,1.692950492442E1));
#3026=VERTEX_POINT('',#3025);
#3027=CARTESIAN_POINT('',(-5.960576177036E1,4.848990526841E1,1.632239452657E1));
#3028=VERTEX_POINT('',#3027);
#3029=CARTESIAN_POINT('',(-5.908564296498E1,4.849408485553E1,1.576492762304E1));
#3030=VERTEX_POINT('',#3029);
#3031=CARTESIAN_POINT('',(-5.940415660934E1,4.827321745431E1,1.510817373088E1));
#3032=VERTEX_POINT('',#3031);
#3033=CARTESIAN_POINT('',(-6.129225089564E1,4.776654741909E1,1.488463933746E1));
#3034=VERTEX_POINT('',#3033);
#3035=CARTESIAN_POINT('',(-6.018550609178E1,4.826663376219E1,1.594423541719E1));
#3036=VERTEX_POINT('',#3035);
#3037=CARTESIAN_POINT('',(-6.091872384812E1,4.806987480311E1,1.585742863662E1));
#3038=VERTEX_POINT('',#3037);
#3039=CARTESIAN_POINT('',(-6.076290786447E1,4.804399087884E1,1.556635364577E1));
#3040=VERTEX_POINT('',#3039);
#3041=CARTESIAN_POINT('',(-5.992427541472E1,4.826903786719E1,1.566564063440E1));
#3042=VERTEX_POINT('',#3041);
#3043=CARTESIAN_POINT('',(-6.054519680061E1,4.837320218712E1,1.683021793578E1));
#3044=VERTEX_POINT('',#3043);
#3045=CARTESIAN_POINT('',(-6.138617179910E1,4.814752657590E1,1.673065360918E1));
#3046=VERTEX_POINT('',#3045);
#3047=CARTESIAN_POINT('',(-6.123035581544E1,4.812164265164E1,1.643957861833E1));
#3048=VERTEX_POINT('',#3047);
#3049=CARTESIAN_POINT('',(-6.049479551036E1,4.831903023359E1,1.652666273686E1));
#3050=VERTEX_POINT('',#3049);
#3051=CARTESIAN_POINT('',(-7.785823553459E1,4.093348007157E1,2.728397135750E0));
#3052=CARTESIAN_POINT('',(-7.597014275635E1,4.144033141778E1,2.952762184190E0));
#3053=VERTEX_POINT('',#3051);
#3054=VERTEX_POINT('',#3052);
#3055=CARTESIAN_POINT('',(-7.503029789255E1,4.155720051337E1,2.445243499046E0));
#3056=VERTEX_POINT('',#3055);
#3057=CARTESIAN_POINT('',(-7.471825559023E1,4.150553839209E1,1.863122043453E0));
#3058=VERTEX_POINT('',#3057);
#3059=CARTESIAN_POINT('',(-7.487847826670E1,4.139481287521E1,1.534481561886E0));
#3060=VERTEX_POINT('',#3059);
#3061=CARTESIAN_POINT('',(-7.624184054577E1,4.102882344159E1,1.372471067851E0));
#3062=VERTEX_POINT('',#3061);
#3063=CARTESIAN_POINT('',(-7.608581939461E1,4.100299238095E1,1.081410340055E0));
#3064=VERTEX_POINT('',#3063);
#3065=CARTESIAN_POINT('',(-7.440855583479E1,4.145324742300E1,1.280722219314E0));
#3066=VERTEX_POINT('',#3065);
#3067=CARTESIAN_POINT('',(-7.409651353248E1,4.140158530172E1,
6.986007637213E-1));
#3068=VERTEX_POINT('',#3067);
#3069=CARTESIAN_POINT('',(-7.598460631071E1,4.089473395551E1,
4.742357152811E-1));
#3070=VERTEX_POINT('',#3069);
#3071=CARTESIAN_POINT('',(-7.692679372139E1,4.077723601210E1,
9.814760318783E-1));
#3072=VERTEX_POINT('',#3071);
#3073=CARTESIAN_POINT('',(-7.723649347683E1,4.082952698120E1,1.563875856018E0));
#3074=VERTEX_POINT('',#3073);
#3075=CARTESIAN_POINT('',(-7.707861334724E1,4.093962365026E1,1.892237969039E0));
#3076=VERTEX_POINT('',#3075);
#3077=CARTESIAN_POINT('',(-7.571290852130E1,4.130624193171E1,2.054526831620E0));
#3078=VERTEX_POINT('',#3077);
#3079=CARTESIAN_POINT('',(-7.586892967246E1,4.133207299234E1,2.345587559416E0));
#3080=VERTEX_POINT('',#3079);
#3081=CARTESIAN_POINT('',(-7.754853577915E1,4.088118910247E1,2.145997311610E0));
#3082=VERTEX_POINT('',#3081);
#3083=CARTESIAN_POINT('',(-7.450370841495E1,4.183399015566E1,3.127020894269E0));
#3084=CARTESIAN_POINT('',(-7.324341819821E1,4.217231028502E1,3.276783172260E0));
#3085=VERTEX_POINT('',#3083);
#3086=VERTEX_POINT('',#3084);
#3087=CARTESIAN_POINT('',(-7.230357333441E1,4.228917938060E1,2.769264487116E0));
#3088=VERTEX_POINT('',#3087);
#3089=CARTESIAN_POINT('',(-7.183550988094E1,4.221168619869E1,1.896082303727E0));
#3090=VERTEX_POINT('',#3089);
#3091=CARTESIAN_POINT('',(-7.309580009767E1,4.187336606934E1,1.746320025736E0));
#3092=VERTEX_POINT('',#3091);
#3093=CARTESIAN_POINT('',(-7.340784239998E1,4.192502819061E1,2.328441481329E0));
#3094=VERTEX_POINT('',#3093);
#3095=CARTESIAN_POINT('',(-7.298618396316E1,4.203822079894E1,2.378547819690E0));
#3096=VERTEX_POINT('',#3095);
#3097=CARTESIAN_POINT('',(-7.314220511431E1,4.206405185958E1,2.669608547486E0));
#3098=VERTEX_POINT('',#3097);
#3099=CARTESIAN_POINT('',(-7.398317944110E1,4.183829549073E1,2.569674239310E0));
#3100=VERTEX_POINT('',#3099);
#3101=CARTESIAN_POINT('',(-7.335909483647E1,4.173497124819E1,1.405431328124E0));
#3102=VERTEX_POINT('',#3101);
#3103=CARTESIAN_POINT('',(-7.168183127665E1,4.218522629023E1,1.604743207384E0));
#3104=VERTEX_POINT('',#3103);
#3105=CARTESIAN_POINT('',(-7.136978897434E1,4.213356416896E1,1.022621751791E0));
#3106=VERTEX_POINT('',#3105);
#3107=CARTESIAN_POINT('',(-7.325788175257E1,4.162671282275E1,
7.982567033510E-1));
#3108=VERTEX_POINT('',#3107);
#3109=CARTESIAN_POINT('',(-7.420006916325E1,4.150921487934E1,1.305497019948E0));
#3110=VERTEX_POINT('',#3109);
#3111=CARTESIAN_POINT('',(-7.482181122100E1,4.161316796971E1,2.470018299680E0));
#3112=VERTEX_POINT('',#3111);
#3113=CARTESIAN_POINT('',(-7.789280754744E1,4.107607096302E1,2.697210382127E0));
#3114=CARTESIAN_POINT('',(-7.600471476921E1,4.158292230924E1,2.921575430567E0));
#3115=VERTEX_POINT('',#3113);
#3116=VERTEX_POINT('',#3114);
#3117=CARTESIAN_POINT('',(-7.506486990540E1,4.169979140482E1,2.414056745423E0));
#3118=VERTEX_POINT('',#3117);
#3119=CARTESIAN_POINT('',(-7.475282760309E1,4.164812928355E1,1.831935289831E0));
#3120=VERTEX_POINT('',#3119);
#3121=CARTESIAN_POINT('',(-7.491305027955E1,4.153740376666E1,1.503294808263E0));
#3122=VERTEX_POINT('',#3121);
#3123=CARTESIAN_POINT('',(-7.627641255862E1,4.117141433304E1,1.341284314228E0));
#3124=VERTEX_POINT('',#3123);
#3125=CARTESIAN_POINT('',(-7.612039140747E1,4.114558327240E1,1.050223586432E0));
#3126=VERTEX_POINT('',#3125);
#3127=CARTESIAN_POINT('',(-7.444312784765E1,4.159583831445E1,1.249535465691E0));
#3128=VERTEX_POINT('',#3127);
#3129=CARTESIAN_POINT('',(-7.413108554534E1,4.154417619318E1,
6.674140100986E-1));
#3130=VERTEX_POINT('',#3129);
#3131=CARTESIAN_POINT('',(-7.601917832357E1,4.103732484696E1,
4.430489616585E-1));
#3132=VERTEX_POINT('',#3131);
#3133=CARTESIAN_POINT('',(-7.696136573425E1,4.091982690356E1,
9.502892782557E-1));
#3134=VERTEX_POINT('',#3133);
#3135=CARTESIAN_POINT('',(-7.727106548969E1,4.097211787265E1,1.532689102395E0));
#3136=VERTEX_POINT('',#3135);
#3137=CARTESIAN_POINT('',(-7.711318536010E1,4.108221454172E1,1.861051215416E0));
#3138=VERTEX_POINT('',#3137);
#3139=CARTESIAN_POINT('',(-7.574748053416E1,4.144883282316E1,2.023340077997E0));
#3140=VERTEX_POINT('',#3139);
#3141=CARTESIAN_POINT('',(-7.590350168531E1,4.147466388380E1,2.314400805794E0));
#3142=VERTEX_POINT('',#3141);
#3143=CARTESIAN_POINT('',(-7.758310779200E1,4.102377999393E1,2.114810557988E0));
#3144=VERTEX_POINT('',#3143);
#3145=CARTESIAN_POINT('',(-7.453828042781E1,4.197658104712E1,3.095834140646E0));
#3146=CARTESIAN_POINT('',(-7.327799021107E1,4.231490117647E1,3.245596418637E0));
#3147=VERTEX_POINT('',#3145);
#3148=VERTEX_POINT('',#3146);
#3149=CARTESIAN_POINT('',(-7.233814534726E1,4.243177027206E1,2.738077733493E0));
#3150=VERTEX_POINT('',#3149);
#3151=CARTESIAN_POINT('',(-7.187008189379E1,4.235427709015E1,1.864895550104E0));
#3152=VERTEX_POINT('',#3151);
#3153=CARTESIAN_POINT('',(-7.313037211053E1,4.201595696079E1,1.715133272113E0));
#3154=VERTEX_POINT('',#3153);
#3155=CARTESIAN_POINT('',(-7.344241441284E1,4.206761908206E1,2.297254727706E0));
#3156=VERTEX_POINT('',#3155);
#3157=CARTESIAN_POINT('',(-7.302075597602E1,4.218081169040E1,2.347361066067E0));
#3158=VERTEX_POINT('',#3157);
#3159=CARTESIAN_POINT('',(-7.317677712717E1,4.220664275103E1,2.638421793864E0));
#3160=VERTEX_POINT('',#3159);
#3161=CARTESIAN_POINT('',(-7.401775145395E1,4.198088638219E1,2.538487485687E0));
#3162=VERTEX_POINT('',#3161);
#3163=CARTESIAN_POINT('',(-7.339366684933E1,4.187756213964E1,1.374244574502E0));
#3164=VERTEX_POINT('',#3163);
#3165=CARTESIAN_POINT('',(-7.171640328951E1,4.232781718169E1,1.573556453761E0));
#3166=VERTEX_POINT('',#3165);
#3167=CARTESIAN_POINT('',(-7.140436098720E1,4.227615506042E1,
9.914349981685E-1));
#3168=VERTEX_POINT('',#3167);
#3169=CARTESIAN_POINT('',(-7.329245376543E1,4.176930371420E1,
7.670699497284E-1));
#3170=VERTEX_POINT('',#3169);
#3171=CARTESIAN_POINT('',(-7.423464117611E1,4.165180577079E1,1.274310266326E0));
#3172=VERTEX_POINT('',#3171);
#3173=CARTESIAN_POINT('',(-7.485638323386E1,4.175575886116E1,2.438831546058E0));
#3174=VERTEX_POINT('',#3173);
#3175=CARTESIAN_POINT('',(-7.710191999038E1,3.860553869547E1,2.549135553895E0));
#3176=CARTESIAN_POINT('',(-7.542615138721E1,3.877599723619E1,1.470829718562E0));
#3177=VERTEX_POINT('',#3175);
#3178=VERTEX_POINT('',#3176);
#3179=CARTESIAN_POINT('',(-7.143272890962E1,2.496107242082E1,4.101975716251E0));
#3180=CARTESIAN_POINT('',(-7.436532396518E1,2.466276997456E1,5.989010928085E0));
#3181=VERTEX_POINT('',#3179);
#3182=VERTEX_POINT('',#3180);
#3183=CARTESIAN_POINT('',(-7.206114213581E1,2.489715046805E1,4.506340404501E0));
#3184=CARTESIAN_POINT('',(-7.373691073899E1,2.472669192733E1,5.584646239835E0));
#3185=VERTEX_POINT('',#3183);
#3186=VERTEX_POINT('',#3184);
#3187=CARTESIAN_POINT('',(-7.180149704676E1,2.648204192966E1,3.769317010943E0));
#3188=CARTESIAN_POINT('',(-7.473409210232E1,2.618373948340E1,5.656352222776E0));
#3189=VERTEX_POINT('',#3187);
#3190=VERTEX_POINT('',#3188);
#3191=CARTESIAN_POINT('',(-6.917318219097E1,2.751064199169E1,5.558630046960E0));
#3192=CARTESIAN_POINT('',(-6.904182292077E1,2.732932847790E1,4.584017225451E0));
#3193=VERTEX_POINT('',#3191);
#3194=VERTEX_POINT('',#3192);
#3195=CARTESIAN_POINT('',(-7.231612162940E1,2.581069444164E1,1.270293545818E0));
#3196=CARTESIAN_POINT('',(-7.328029156889E1,2.555875446704E1,1.187211797099E0));
#3197=VERTEX_POINT('',#3195);
#3198=VERTEX_POINT('',#3196);
#3199=CARTESIAN_POINT('',(-7.152743585007E1,4.006073612839E1,3.022950879797E0));
#3200=CARTESIAN_POINT('',(-7.136627135029E1,3.983828283895E1,1.827199810034E0));
#3201=VERTEX_POINT('',#3199);
#3202=VERTEX_POINT('',#3200);
#3203=CARTESIAN_POINT('',(-7.511348313768E1,3.807362500804E1,
-2.087137687403E0));
#3204=CARTESIAN_POINT('',(-7.629642185051E1,3.776452021534E1,
-2.189070565481E0));
#3205=VERTEX_POINT('',#3203);
#3206=VERTEX_POINT('',#3204);
#3207=CARTESIAN_POINT('',(-5.062463616761E1,2.804133051761E1,
-1.257692931403E1));
#3208=CARTESIAN_POINT('',(-5.146285426053E1,2.795589980488E1,
-1.203832739978E1));
#3209=VERTEX_POINT('',#3207);
#3210=VERTEX_POINT('',#3208);
#3211=CARTESIAN_POINT('',(-5.386250568041E1,4.020559115409E1,
-1.589717119616E1));
#3212=CARTESIAN_POINT('',(-5.489091425372E1,4.010077633545E1,
-1.523636128177E1));
#3213=VERTEX_POINT('',#3211);
#3214=VERTEX_POINT('',#3212);
#3215=CARTESIAN_POINT('',(-6.647290041683E1,3.484065288094E1,
-2.879612430454E0));
#3216=CARTESIAN_POINT('',(-7.461858593324E1,3.295527263959E1,
-2.469993166699E0));
#3217=VERTEX_POINT('',#3215);
#3218=VERTEX_POINT('',#3216);
#3219=CARTESIAN_POINT('',(-7.461442443260E1,3.009932198384E1,
-1.553247560178E1));
#3220=CARTESIAN_POINT('',(-6.646873891618E1,3.198470222519E1,
-1.594209486553E1));
#3221=VERTEX_POINT('',#3219);
#3222=VERTEX_POINT('',#3220);
#3223=CARTESIAN_POINT('',(-7.542546672218E1,3.294562886326E1,
-1.619620002935E0));
#3224=CARTESIAN_POINT('',(-6.566653561376E1,3.520440694295E1,
-2.110363988522E0));
#3225=VERTEX_POINT('',#3223);
#3226=VERTEX_POINT('',#3224);
#3227=CARTESIAN_POINT('',(-6.671268755517E1,3.989990809880E1,
-3.049760449969E0));
#3228=CARTESIAN_POINT('',(-6.671182192518E1,3.930584437813E1,
-5.766875642770E0));
#3229=VERTEX_POINT('',#3227);
#3230=VERTEX_POINT('',#3228);
#3231=CARTESIAN_POINT('',(-6.670883817745E1,3.725816085745E1,
-1.513252415901E1));
#3232=CARTESIAN_POINT('',(-6.670795682939E1,3.665331016429E1,
-1.789897656234E1));
#3233=VERTEX_POINT('',#3231);
#3234=VERTEX_POINT('',#3232);
#3235=CARTESIAN_POINT('',(-7.663720806773E1,3.700911413047E1,
-5.265131726841E0));
#3236=CARTESIAN_POINT('',(-7.663807286001E1,3.760260294212E1,
-2.550646039911E0));
#3237=VERTEX_POINT('',#3235);
#3238=VERTEX_POINT('',#3236);
#3239=CARTESIAN_POINT('',(-6.768545331539E1,3.946108996671E1,
-3.977750539021E0));
#3240=VERTEX_POINT('',#3239);
#3241=CARTESIAN_POINT('',(-7.566468463539E1,3.761423680235E1,
-3.576501699738E0));
#3242=VERTEX_POINT('',#3241);
#3243=CARTESIAN_POINT('',(-7.566057637401E1,3.479482313970E1,
-1.647187206323E1));
#3244=VERTEX_POINT('',#3243);
#3245=CARTESIAN_POINT('',(-6.768134505401E1,3.664167630406E1,
-1.687312090251E1));
#3246=VERTEX_POINT('',#3245);
#3247=CARTESIAN_POINT('',(-6.566185812724E1,3.199434600152E1,
-1.679246802930E1));
#3248=VERTEX_POINT('',#3247);
#3249=CARTESIAN_POINT('',(-7.663422264514E1,3.496028118973E1,
-1.463603743457E1));
#3250=VERTEX_POINT('',#3249);
#3251=CARTESIAN_POINT('',(-7.542471075921E1,3.242682732538E1,
-3.992502728404E0));
#3252=CARTESIAN_POINT('',(-7.461808796323E1,3.261352626072E1,
-4.033065015356E0));
#3253=VERTEX_POINT('',#3251);
#3254=VERTEX_POINT('',#3252);
#3255=CARTESIAN_POINT('',(-6.647240244705E1,3.449890666538E1,
-4.442683532176E0));
#3256=CARTESIAN_POINT('',(-6.566577965107E1,3.468560560072E1,
-4.483245819127E0));
#3257=VERTEX_POINT('',#3255);
#3258=VERTEX_POINT('',#3256);
#3259=CARTESIAN_POINT('',(-6.566261408993E1,3.251314734375E1,
-1.441958619869E1));
#3260=CARTESIAN_POINT('',(-6.646923688595E1,3.232644844075E1,
-1.437902376381E1));
#3261=VERTEX_POINT('',#3259);
#3262=VERTEX_POINT('',#3260);
#3263=CARTESIAN_POINT('',(-7.461492240261E1,3.044106836271E1,
-1.396940375312E1));
#3264=CARTESIAN_POINT('',(-7.542154519864E1,3.025436945971E1,
-1.392884131824E1));
#3265=VERTEX_POINT('',#3263);
#3266=VERTEX_POINT('',#3264);
#3267=CARTESIAN_POINT('',(-7.515181179086E1,3.499054879360E1,
-4.597610181380E0));
#3268=VERTEX_POINT('',#3267);
#3269=CARTESIAN_POINT('',(-7.514867339313E1,3.283673221688E1,
-1.444868766592E1));
#3270=VERTEX_POINT('',#3269);
#3271=CARTESIAN_POINT('',(-6.709105188509E1,3.685627252462E1,
-5.002958081257E0));
#3272=VERTEX_POINT('',#3271);
#3273=CARTESIAN_POINT('',(-6.708791348689E1,3.470245562469E1,
-1.485403704409E1));
#3274=VERTEX_POINT('',#3273);
#3275=CARTESIAN_POINT('',(-6.619950347870E1,3.706262813360E1,
-5.047790985151E0));
#3276=CARTESIAN_POINT('',(-6.619942883893E1,3.701140442177E1,
-5.282076838334E0));
#3277=VERTEX_POINT('',#3275);
#3278=VERTEX_POINT('',#3276);
#3279=CARTESIAN_POINT('',(-6.619645543828E1,3.497082188388E1,
-1.461524704030E1));
#3280=CARTESIAN_POINT('',(-6.619636508044E1,3.490881119792E1,
-1.489887011149E1));
#3281=VERTEX_POINT('',#3279);
#3282=VERTEX_POINT('',#3280);
#3283=CARTESIAN_POINT('',(-7.604336019725E1,3.478419318462E1,
-4.552777277485E0));
#3284=CARTESIAN_POINT('',(-7.604328639150E1,3.473354184048E1,
-4.784445248281E0));
#3285=VERTEX_POINT('',#3283);
#3286=VERTEX_POINT('',#3284);
#3287=CARTESIAN_POINT('',(-7.604031132396E1,3.269181535663E1,
-1.412284760442E1));
#3288=CARTESIAN_POINT('',(-7.604022179957E1,3.263037664365E1,
-1.440385459852E1));
#3289=VERTEX_POINT('',#3287);
#3290=VERTEX_POINT('',#3288);
#3291=CARTESIAN_POINT('',(-7.404440071954E1,3.005414340667E1,
-1.637093801588E1));
#3292=CARTESIAN_POINT('',(-7.517372651229E1,3.469384403270E1,
-1.747326133706E1));
#3293=VERTEX_POINT('',#3291);
#3294=VERTEX_POINT('',#3292);
#3295=CARTESIAN_POINT('',(-7.542122946438E1,3.003768765678E1,
-1.491989564164E1));
#3296=VERTEX_POINT('',#3295);
#3297=CARTESIAN_POINT('',(-7.663380898257E1,3.467639324077E1,
-1.593447770678E1));
#3298=VERTEX_POINT('',#3297);
#3299=CARTESIAN_POINT('',(-3.858108769462E1,4.268354114396E1,2.540904337936E0));
#3300=CARTESIAN_POINT('',(-4.472843165434E1,4.119308090316E1,2.540904337936E0));
#3301=VERTEX_POINT('',#3299);
#3302=VERTEX_POINT('',#3300);
#3303=CARTESIAN_POINT('',(-3.964867020591E1,4.745713546945E1,1.501345883847E0));
#3304=CARTESIAN_POINT('',(-4.596565000018E1,4.592554600790E1,1.501345883847E0));
#3305=VERTEX_POINT('',#3303);
#3306=VERTEX_POINT('',#3304);
#3307=CARTESIAN_POINT('',(-4.875786963896E1,4.874469539808E1,1.748626319744E1));
#3308=CARTESIAN_POINT('',(-4.823435067215E1,4.645000723503E1,1.795759358820E1));
#3309=VERTEX_POINT('',#3307);
#3310=VERTEX_POINT('',#3308);
#3311=CARTESIAN_POINT('',(-4.547855599920E1,4.617943911158E1,1.366558165245E1));
#3312=CARTESIAN_POINT('',(-4.599349256604E1,4.847328464152E1,1.318088460436E1));
#3313=VERTEX_POINT('',#3311);
#3314=VERTEX_POINT('',#3312);
#3315=CARTESIAN_POINT('',(-5.559159688602E1,3.958440604713E1,6.747148689664E0));
#3316=CARTESIAN_POINT('',(-4.744591136960E1,4.146978628848E1,6.337529425910E0));
#3317=VERTEX_POINT('',#3315);
#3318=VERTEX_POINT('',#3316);
#3319=CARTESIAN_POINT('',(-4.663903058066E1,4.147943006481E1,5.487156262145E0));
#3320=CARTESIAN_POINT('',(-5.639796168909E1,3.922065198512E1,5.977900247733E0));
#3321=VERTEX_POINT('',#3319);
#3322=VERTEX_POINT('',#3320);
#3323=CARTESIAN_POINT('',(-4.768600810314E1,4.674151019830E1,7.139165898217E0));
#3324=CARTESIAN_POINT('',(-4.768512928281E1,4.613839422757E1,4.380647729107E0));
#3325=VERTEX_POINT('',#3323);
#3326=VERTEX_POINT('',#3324);
#3327=CARTESIAN_POINT('',(-5.761051458765E1,4.384108907090E1,4.879762139166E0));
#3328=VERTEX_POINT('',#3327);
#3329=CARTESIAN_POINT('',(-5.761139282655E1,4.444380601912E1,7.636455268186E0));
#3330=VERTEX_POINT('',#3329);
#3331=CARTESIAN_POINT('',(-4.865851750743E1,4.612676036735E1,5.406503388934E0));
#3332=VERTEX_POINT('',#3331);
#3333=CARTESIAN_POINT('',(-5.663774882744E1,4.427990720298E1,5.807752228217E0));
#3334=VERTEX_POINT('',#3333);
#3335=VERTEX_POINT('',#2080);
#3336=VERTEX_POINT('',#2114);
#3337=CARTESIAN_POINT('',(-4.744956229791E1,4.397534185484E1,1.779738273603E1));
#3338=CARTESIAN_POINT('',(-4.806823889885E1,4.635134903879E1,1.732236945575E1));
#3339=VERTEX_POINT('',#3337);
#3340=VERTEX_POINT('',#3338);
#3341=CARTESIAN_POINT('',(-7.046049556068E1,3.753233091615E1,1.432858973196E1));
#3342=CARTESIAN_POINT('',(-7.126372133227E1,3.734641826386E1,1.436898126788E1));
#3343=VERTEX_POINT('',#3341);
#3344=VERTEX_POINT('',#3342);
#3345=CARTESIAN_POINT('',(-7.126460095421E1,3.794991196752E1,1.712922738180E1));
#3346=VERTEX_POINT('',#3345);
#3347=CARTESIAN_POINT('',(-7.152794320818E1,4.228637598199E1,1.319949939173E1));
#3348=CARTESIAN_POINT('',(-7.250102020060E1,4.206114998583E1,1.324843217712E1));
#3349=VERTEX_POINT('',#3347);
#3350=VERTEX_POINT('',#3348);
#3351=CARTESIAN_POINT('',(-7.250195416383E1,4.270192633191E1,1.617920081385E1));
#3352=VERTEX_POINT('',#3351);
#3353=CARTESIAN_POINT('',(-6.870957961649E1,3.836492193995E1,1.619435647608E1));
#3354=CARTESIAN_POINT('',(-6.870983659627E1,3.854123141289E1,1.700075683217E1));
#3355=VERTEX_POINT('',#3353);
#3356=VERTEX_POINT('',#3354);
#3357=CARTESIAN_POINT('',(-7.152856585034E1,4.271356021271E1,1.515334514955E1));
#3358=CARTESIAN_POINT('',(-6.977702726399E1,4.311896700579E1,1.506526613585E1));
#3359=VERTEX_POINT('',#3357);
#3360=VERTEX_POINT('',#3358);
#3361=CARTESIAN_POINT('',(-6.977733858507E1,4.333255912115E1,1.604218901476E1));
#3362=VERTEX_POINT('',#3361);
#3363=CARTESIAN_POINT('',(-7.046111820284E1,3.795951514687E1,1.628243548978E1));
#3364=VERTEX_POINT('',#3363);
#3365=CARTESIAN_POINT('',(-5.640384483864E1,4.448610970461E1,1.803461211341E1));
#3366=VERTEX_POINT('',#3365);
#3367=CARTESIAN_POINT('',(-5.697161034529E1,4.677313246246E1,1.757728366043E1));
#3368=VERTEX_POINT('',#3367);
#3369=CARTESIAN_POINT('',(-5.612909217475E1,4.454970327176E1,1.802079569625E1));
#3370=VERTEX_POINT('',#3369);
#3371=CARTESIAN_POINT('',(-5.559534118423E1,4.215403941758E1,1.850007960905E1));
#3372=VERTEX_POINT('',#3371);
#3373=CARTESIAN_POINT('',(-5.883465646137E1,4.140427557296E1,1.866297423047E1));
#3374=CARTESIAN_POINT('',(-6.004726259920E1,4.606124965350E1,1.773194820113E1));
#3375=VERTEX_POINT('',#3373);
#3376=VERTEX_POINT('',#3374);
#3377=CARTESIAN_POINT('',(-5.793983902830E1,4.633536449047E1,1.664906550576E1));
#3378=CARTESIAN_POINT('',(-6.004695136700E1,4.584765751757E1,1.675502532669E1));
#3379=VERTEX_POINT('',#3377);
#3380=VERTEX_POINT('',#3378);
#3381=CARTESIAN_POINT('',(-5.702035542536E1,4.414765123268E1,1.717055669979E1));
#3382=CARTESIAN_POINT('',(-5.730037335481E1,4.408283898028E1,1.718463789001E1));
#3383=VERTEX_POINT('',#3381);
#3384=VERTEX_POINT('',#3382);
#3385=CARTESIAN_POINT('',(-5.640170598732E1,4.179028537174E1,1.773083124108E1));
#3386=VERTEX_POINT('',#3385);
#3387=CARTESIAN_POINT('',(-5.883439846843E1,4.122722043012E1,1.785316342762E1));
#3388=VERTEX_POINT('',#3387);
#3389=CARTESIAN_POINT('',(-4.781842294695E1,4.640917081670E1,1.730980702467E1));
#3390=VERTEX_POINT('',#3389);
#3391=CARTESIAN_POINT('',(-4.717638220623E1,4.634613427770E1,1.630986078433E1));
#3392=VERTEX_POINT('',#3391);
#3393=CARTESIAN_POINT('',(-4.726495114040E1,4.401807149348E1,1.778809924182E1));
#3394=VERTEX_POINT('',#3393);
#3395=CARTESIAN_POINT('',(-4.664264068953E1,4.395697210442E1,1.681888193798E1));
#3396=VERTEX_POINT('',#3395);
#3397=CARTESIAN_POINT('',(-4.727554014675E1,4.842388001768E1,1.197134274667E1));
#3398=CARTESIAN_POINT('',(-5.825736655833E1,4.576127064606E1,1.197134274667E1));
#3399=VERTEX_POINT('',#3397);
#3400=VERTEX_POINT('',#3398);
#3401=CARTESIAN_POINT('',(-6.629858031974E1,3.893967292327E1,
-1.030403619435E1));
#3402=CARTESIAN_POINT('',(-7.728040673133E1,3.627706355165E1,
-1.030403619435E1));
#3403=VERTEX_POINT('',#3401);
#3404=VERTEX_POINT('',#3402);
#3405=VERTEX_POINT('',#407);
#3406=VERTEX_POINT('',#411);
#3407=VERTEX_POINT('',#419);
#3408=VERTEX_POINT('',#427);
#3409=VERTEX_POINT('',#443);
#3410=VERTEX_POINT('',#457);
#3411=VERTEX_POINT('',#226);
#3412=VERTEX_POINT('',#230);
#3413=VERTEX_POINT('',#224);
#3414=VERTEX_POINT('',#259);
#3415=VERTEX_POINT('',#273);
#3416=VERTEX_POINT('',#257);
#3417=CARTESIAN_POINT('',(-3.839172767108E1,4.673115205739E1,
-3.211349036534E0));
#3418=VERTEX_POINT('',#3417);
#3419=CARTESIAN_POINT('',(-3.869075607512E1,4.820190042201E1,3.844638159371E0));
#3420=VERTEX_POINT('',#3419);
#3421=VERTEX_POINT('',#216);
#3422=VERTEX_POINT('',#907);
#3423=VERTEX_POINT('',#910);
#3424=VERTEX_POINT('',#962);
#3425=VERTEX_POINT('',#937);
#3426=VERTEX_POINT('',#2495);
#3427=VERTEX_POINT('',#2500);
#3428=VERTEX_POINT('',#2724);
#3429=VERTEX_POINT('',#2729);
#3430=CARTESIAN_POINT('',(-8.527869606253E1,3.647777766959E1,1.885015965226E0));
#3431=VERTEX_POINT('',#3430);
#3432=VERTEX_POINT('',#2527);
#3433=VERTEX_POINT('',#2530);
#3434=VERTEX_POINT('',#2536);
#3435=VERTEX_POINT('',#2539);
#3436=VERTEX_POINT('',#2637);
#3437=VERTEX_POINT('',#2640);
#3438=VERTEX_POINT('',#2646);
#3439=VERTEX_POINT('',#2649);
#3440=VERTEX_POINT('',#2701);
#3441=VERTEX_POINT('',#2704);
#3442=VERTEX_POINT('',#2710);
#3443=VERTEX_POINT('',#2713);
#3444=CARTESIAN_POINT('',(-7.718913677294E1,3.330588287077E1,2.463606013181E0));
#3445=CARTESIAN_POINT('',(-7.729756719723E1,3.345554799300E1,3.268099533897E0));
#3446=VERTEX_POINT('',#3444);
#3447=VERTEX_POINT('',#3445);
#3448=VERTEX_POINT('',#2502);
#3449=VERTEX_POINT('',#2719);
#3450=CARTESIAN_POINT('',(-4.663978599359E1,4.199785411732E1,7.858312453619E0));
#3451=CARTESIAN_POINT('',(-4.744640878959E1,4.181115519815E1,7.898874814535E0));
#3452=VERTEX_POINT('',#3450);
#3453=VERTEX_POINT('',#3451);
#3454=CARTESIAN_POINT('',(-5.559209430601E1,3.992577495680E1,8.308494078290E0));
#3455=CARTESIAN_POINT('',(-5.639871710201E1,3.973907603763E1,8.349056439206E0));
#3456=VERTEX_POINT('',#3454);
#3457=VERTEX_POINT('',#3455);
#3458=CARTESIAN_POINT('',(-4.806509898025E1,4.419648872411E1,7.466518146129E0));
#3459=VERTEX_POINT('',#3458);
#3460=CARTESIAN_POINT('',(-5.612585888625E1,4.233076515469E1,7.871866785154E0));
#3461=VERTEX_POINT('',#3460);
#3462=CARTESIAN_POINT('',(-4.717355057383E1,4.440284431521E1,7.421685160483E0));
#3463=VERTEX_POINT('',#3462);
#3464=CARTESIAN_POINT('',(-5.701740729267E1,4.212440956359E1,7.916699770800E0));
#3465=VERTEX_POINT('',#3464);
#3466=CARTESIAN_POINT('',(-5.640095006976E1,4.127151499787E1,1.535809105283E1));
#3467=CARTESIAN_POINT('',(-5.559432727376E1,4.145821391704E1,1.531752869191E1));
#3468=VERTEX_POINT('',#3466);
#3469=VERTEX_POINT('',#3467);
#3470=CARTESIAN_POINT('',(-4.744864175734E1,4.334359415839E1,1.490790942816E1));
#3471=CARTESIAN_POINT('',(-4.664201896134E1,4.353029307756E1,1.486734706724E1));
#3472=VERTEX_POINT('',#3470);
#3473=VERTEX_POINT('',#3471);
#3474=CARTESIAN_POINT('',(-4.806727760566E1,4.569163367562E1,1.430497826721E1));
#3475=VERTEX_POINT('',#3474);
#3476=CARTESIAN_POINT('',(-5.612803751166E1,4.382591010620E1,1.471032690623E1));
#3477=VERTEX_POINT('',#3476);
#3478=CARTESIAN_POINT('',(-4.717572919924E1,4.589798926672E1,1.426014528156E1));
#3479=VERTEX_POINT('',#3478);
#3480=CARTESIAN_POINT('',(-5.701958591808E1,4.361955451510E1,1.475515989188E1));
#3481=VERTEX_POINT('',#3480);
#3482=CARTESIAN_POINT('',(-7.566094985266E1,3.505113370281E1,
-1.529956461390E1));
#3483=CARTESIAN_POINT('',(-6.768171853265E1,3.689798686718E1,
-1.570081345318E1));
#3484=VERTEX_POINT('',#3482);
#3485=VERTEX_POINT('',#3483);
#3486=CARTESIAN_POINT('',(-6.768507983674E1,3.920477940360E1,
-5.150057988348E0));
#3487=CARTESIAN_POINT('',(-7.566431115675E1,3.735792623923E1,
-4.748809149065E0));
#3488=VERTEX_POINT('',#3486);
#3489=VERTEX_POINT('',#3487);
#3490=CARTESIAN_POINT('',(-7.514857497814E1,3.276919207207E1,
-1.475760125078E1));
#3491=CARTESIAN_POINT('',(-6.708781507213E1,3.463491564149E1,
-1.516294988980E1));
#3492=VERTEX_POINT('',#3490);
#3493=VERTEX_POINT('',#3491);
#3494=CARTESIAN_POINT('',(-6.709115029985E1,3.692381250783E1,
-4.694045235544E0));
#3495=CARTESIAN_POINT('',(-7.515191020585E1,3.505808893841E1,
-4.288696596520E0));
#3496=VERTEX_POINT('',#3494);
#3497=VERTEX_POINT('',#3495);
#3498=CARTESIAN_POINT('',(-5.612574743156E1,4.225427613536E1,7.522023040666E0));
#3499=CARTESIAN_POINT('',(-5.663812230608E1,4.453621776610E1,6.980059677545E0));
#3500=VERTEX_POINT('',#3498);
#3501=VERTEX_POINT('',#3499);
#3502=CARTESIAN_POINT('',(-4.806498752555E1,4.411999970478E1,7.116674401641E0));
#3503=CARTESIAN_POINT('',(-4.865889098607E1,4.638307093046E1,6.578810838261E0));
#3504=VERTEX_POINT('',#3502);
#3505=VERTEX_POINT('',#3503);
#3506=CARTESIAN_POINT('',(-7.193102269799E1,4.141524663078E1,9.663387785180E0));
#3507=CARTESIAN_POINT('',(-8.105398093631E1,3.920333094464E1,9.663387785180E0));
#3508=VERTEX_POINT('',#3506);
#3509=VERTEX_POINT('',#3507);
#3510=CARTESIAN_POINT('',(-4.903615327161E1,4.507819592971E1,1.257428665005E1));
#3511=CARTESIAN_POINT('',(-5.515996893634E1,4.359344026449E1,1.257428665005E1));
#3512=VERTEX_POINT('',#3510);
#3513=VERTEX_POINT('',#3511);
#3514=CARTESIAN_POINT('',(-6.805919344461E1,3.559398883530E1,
-9.701092290974E0));
#3515=CARTESIAN_POINT('',(-7.418300910934E1,3.410923317009E1,
-9.701092290974E0));
#3516=VERTEX_POINT('',#3514);
#3517=VERTEX_POINT('',#3515);
#3518=CARTESIAN_POINT('',(-4.975373991219E1,4.782302569045E1,1.197134274667E1));
#3519=CARTESIAN_POINT('',(-5.577916679289E1,4.636212497328E1,1.197134274667E1));
#3520=VERTEX_POINT('',#3518);
#3521=VERTEX_POINT('',#3519);
#3522=CARTESIAN_POINT('',(-6.877678008519E1,3.833881859605E1,
-1.030403619435E1));
#3523=CARTESIAN_POINT('',(-7.480220696588E1,3.687791787888E1,
-1.030403619435E1));
#3524=VERTEX_POINT('',#3522);
#3525=VERTEX_POINT('',#3523);
#3526=CARTESIAN_POINT('',(-7.953167708891E1,3.476780071425E1,2.125080956300E0));
#3527=CARTESIAN_POINT('',(-8.341904927E1,3.382528412253E1,2.125080956300E0));
#3528=VERTEX_POINT('',#3526);
#3529=VERTEX_POINT('',#3527);
#3530=CARTESIAN_POINT('',(-4.017203375536E1,4.431078120547E1,2.125080956300E0));
#3531=CARTESIAN_POINT('',(-4.405940593645E1,4.336826461375E1,2.125080956300E0));
#3532=VERTEX_POINT('',#3530);
#3533=VERTEX_POINT('',#3531);
#3534=VERTEX_POINT('',#851);
#3535=VERTEX_POINT('',#859);
#3536=VERTEX_POINT('',#866);
#3537=VERTEX_POINT('',#874);
#3538=VERTEX_POINT('',#884);
#3539=VERTEX_POINT('',#901);
#3540=CARTESIAN_POINT('',(-4.537172104975E1,4.838798122318E1,1.022423308970E0));
#3541=VERTEX_POINT('',#3540);
#3542=CARTESIAN_POINT('',(-8.051501613671E1,4.006506397819E1,
9.815666568106E-1));
#3543=CARTESIAN_POINT('',(-8.497099116501E1,3.898468623178E1,
9.815666568105E-1));
#3544=VERTEX_POINT('',#3542);
#3545=VERTEX_POINT('',#3543);
#3546=CARTESIAN_POINT('',(-8.066405981127E1,3.983114306072E1,1.022423297669E0));
#3547=CARTESIAN_POINT('',(-8.473136439675E1,3.884500078341E1,1.022423297669E0));
#3548=VERTEX_POINT('',#3546);
#3549=VERTEX_POINT('',#3547);
#3550=CARTESIAN_POINT('',(-4.735796341720E1,5.041687043512E1,1.155551936504E1));
#3551=CARTESIAN_POINT('',(-5.909686363073E1,4.757070400071E1,1.155551936504E1));
#3552=VERTEX_POINT('',#3550);
#3553=VERTEX_POINT('',#3551);
#3554=CARTESIAN_POINT('',(-4.758359069811E1,5.007602218810E1,1.161462850389E1));
#3555=CARTESIAN_POINT('',(-5.874018571639E1,4.737103912446E1,1.161462850389E1));
#3556=VERTEX_POINT('',#3554);
#3557=VERTEX_POINT('',#3555);
#3558=CARTESIAN_POINT('',(-6.638100359019E1,4.093266334071E1,
-1.071985957598E1));
#3559=CARTESIAN_POINT('',(-7.811990380373E1,3.808649690631E1,
-1.071985957598E1));
#3560=VERTEX_POINT('',#3558);
#3561=VERTEX_POINT('',#3559);
#3562=CARTESIAN_POINT('',(-6.660663087110E1,4.059181509369E1,
-1.066075043712E1));
#3563=CARTESIAN_POINT('',(-7.776322588938E1,3.788683203006E1,
-1.066075043712E1));
#3564=VERTEX_POINT('',#3562);
#3565=VERTEX_POINT('',#3563);
#3566=CARTESIAN_POINT('',(-7.235167693558E1,4.302428476639E1,9.309937910789E0));
#3567=CARTESIAN_POINT('',(-8.141695899014E1,4.082635301531E1,9.309937910789E0));
#3568=VERTEX_POINT('',#3566);
#3569=VERTEX_POINT('',#3567);
#3570=CARTESIAN_POINT('',(-7.160357204023E1,4.312968058679E1,8.962514507693E0));
#3571=CARTESIAN_POINT('',(-8.201549585939E1,4.071976263665E1,9.486096266083E0));
#3572=VERTEX_POINT('',#3570);
#3573=VERTEX_POINT('',#3571);
#3574=CARTESIAN_POINT('',(-7.149693518178E1,4.395752432001E1,8.781550659883E0));
#3575=CARTESIAN_POINT('',(-8.249090085497E1,4.141288841226E1,9.334401408585E0));
#3576=VERTEX_POINT('',#3574);
#3577=VERTEX_POINT('',#3575);
#3578=CARTESIAN_POINT('',(-7.168667976698E1,4.368449341347E1,8.841185050071E0));
#3579=CARTESIAN_POINT('',(-8.219596002309E1,4.125204158496E1,9.369662546783E0));
#3580=VERTEX_POINT('',#3578);
#3581=VERTEX_POINT('',#3579);
#3582=CARTESIAN_POINT('',(-2.277572036158E1,4.876692188040E1,
-1.121457292569E1));
#3583=DIRECTION('',(2.304800857119E-1,-9.506059430235E-1,2.079116908178E-1));
#3584=DIRECTION('',(9.718430452728E-1,2.356291479313E-1,0.E0));
#3585=AXIS2_PLACEMENT_3D('',#3582,#3583,#3584);
#3586=PLANE('',#3585);
#3588=ORIENTED_EDGE('',*,*,#3587,.T.);
#3590=ORIENTED_EDGE('',*,*,#3589,.T.);
#3591=EDGE_LOOP('',(#3588,#3590));
#3592=FACE_OUTER_BOUND('',#3591,.F.);
#3593=ADVANCED_FACE('',(#3592),#3586,.T.);
#3594=CARTESIAN_POINT('',(-2.277572036158E1,4.876692188040E1,
-1.121457292569E1));
#3595=DIRECTION('',(2.304800857119E-1,-9.506059430235E-1,2.079116908178E-1));
#3596=DIRECTION('',(9.718430452728E-1,2.356291479313E-1,0.E0));
#3597=AXIS2_PLACEMENT_3D('',#3594,#3595,#3596);
#3598=PLANE('',#3597);
#3600=ORIENTED_EDGE('',*,*,#3599,.T.);
#3602=ORIENTED_EDGE('',*,*,#3601,.T.);
#3603=EDGE_LOOP('',(#3600,#3602));
#3604=FACE_OUTER_BOUND('',#3603,.F.);
#3605=ADVANCED_FACE('',(#3604),#3598,.T.);
#3606=CARTESIAN_POINT('',(-2.277572036158E1,4.876692188040E1,
-1.121457292569E1));
#3607=DIRECTION('',(2.304800857119E-1,-9.506059430235E-1,2.079116908178E-1));
#3608=DIRECTION('',(9.718430452728E-1,2.356291479313E-1,0.E0));
#3609=AXIS2_PLACEMENT_3D('',#3606,#3607,#3608);
#3610=PLANE('',#3609);
#3612=ORIENTED_EDGE('',*,*,#3611,.F.);
#3614=ORIENTED_EDGE('',*,*,#3613,.F.);
#3616=ORIENTED_EDGE('',*,*,#3615,.F.);
#3618=ORIENTED_EDGE('',*,*,#3617,.T.);
#3619=EDGE_LOOP('',(#3612,#3614,#3616,#3618));
#3620=FACE_OUTER_BOUND('',#3619,.F.);
#3621=ADVANCED_FACE('',(#3620),#3610,.T.);
#3622=CARTESIAN_POINT('',(-2.277572036158E1,4.876692188040E1,
-1.121457292569E1));
#3623=DIRECTION('',(2.304800857119E-1,-9.506059430235E-1,2.079116908178E-1));
#3624=DIRECTION('',(9.718430452728E-1,2.356291479313E-1,0.E0));
#3625=AXIS2_PLACEMENT_3D('',#3622,#3623,#3624);
#3626=PLANE('',#3625);
#3628=ORIENTED_EDGE('',*,*,#3627,.F.);
#3630=ORIENTED_EDGE('',*,*,#3629,.F.);
#3632=ORIENTED_EDGE('',*,*,#3631,.F.);
#3634=ORIENTED_EDGE('',*,*,#3633,.T.);
#3635=EDGE_LOOP('',(#3628,#3630,#3632,#3634));
#3636=FACE_OUTER_BOUND('',#3635,.F.);
#3637=ADVANCED_FACE('',(#3636),#3626,.T.);
#3638=CARTESIAN_POINT('',(-2.277572036158E1,4.876692188040E1,
-1.121457292569E1));
#3639=DIRECTION('',(2.304800857119E-1,-9.506059430235E-1,2.079116908178E-1));
#3640=DIRECTION('',(9.718430452728E-1,2.356291479313E-1,0.E0));
#3641=AXIS2_PLACEMENT_3D('',#3638,#3639,#3640);
#3642=PLANE('',#3641);
#3644=ORIENTED_EDGE('',*,*,#3643,.F.);
#3646=ORIENTED_EDGE('',*,*,#3645,.F.);
#3648=ORIENTED_EDGE('',*,*,#3647,.F.);
#3650=ORIENTED_EDGE('',*,*,#3649,.T.);
#3651=EDGE_LOOP('',(#3644,#3646,#3648,#3650));
#3652=FACE_OUTER_BOUND('',#3651,.F.);
#3653=ADVANCED_FACE('',(#3652),#3642,.T.);
#3654=CARTESIAN_POINT('',(-2.277572036158E1,4.876692188040E1,
-1.121457292569E1));
#3655=DIRECTION('',(2.304800857119E-1,-9.506059430235E-1,2.079116908178E-1));
#3656=DIRECTION('',(9.718430452728E-1,2.356291479313E-1,0.E0));
#3657=AXIS2_PLACEMENT_3D('',#3654,#3655,#3656);
#3658=PLANE('',#3657);
#3660=ORIENTED_EDGE('',*,*,#3659,.F.);
#3662=ORIENTED_EDGE('',*,*,#3661,.F.);
#3664=ORIENTED_EDGE('',*,*,#3663,.F.);
#3666=ORIENTED_EDGE('',*,*,#3665,.F.);
#3668=ORIENTED_EDGE('',*,*,#3667,.F.);
#3670=ORIENTED_EDGE('',*,*,#3669,.F.);
#3672=ORIENTED_EDGE('',*,*,#3671,.F.);
#3674=ORIENTED_EDGE('',*,*,#3673,.F.);
#3676=ORIENTED_EDGE('',*,*,#3675,.F.);
#3677=EDGE_LOOP('',(#3660,#3662,#3664,#3666,#3668,#3670,#3672,#3674,#3676));
#3678=FACE_OUTER_BOUND('',#3677,.F.);
#3680=ORIENTED_EDGE('',*,*,#3679,.F.);
#3682=ORIENTED_EDGE('',*,*,#3681,.F.);
#3683=EDGE_LOOP('',(#3680,#3682));
#3684=FACE_BOUND('',#3683,.F.);
#3686=ORIENTED_EDGE('',*,*,#3685,.T.);
#3688=ORIENTED_EDGE('',*,*,#3687,.T.);
#3689=EDGE_LOOP('',(#3686,#3688));
#3690=FACE_BOUND('',#3689,.F.);
#3692=ORIENTED_EDGE('',*,*,#3691,.F.);
#3694=ORIENTED_EDGE('',*,*,#3693,.T.);
#3696=ORIENTED_EDGE('',*,*,#3695,.F.);
#3698=ORIENTED_EDGE('',*,*,#3697,.F.);
#3700=ORIENTED_EDGE('',*,*,#3699,.F.);
#3702=ORIENTED_EDGE('',*,*,#3701,.T.);
#3704=ORIENTED_EDGE('',*,*,#3703,.T.);
#3706=ORIENTED_EDGE('',*,*,#3705,.T.);
#3708=ORIENTED_EDGE('',*,*,#3707,.T.);
#3710=ORIENTED_EDGE('',*,*,#3709,.F.);
#3711=EDGE_LOOP('',(#3692,#3694,#3696,#3698,#3700,#3702,#3704,#3706,#3708,
#3710));
#3712=FACE_BOUND('',#3711,.F.);
#3714=ORIENTED_EDGE('',*,*,#3713,.T.);
#3716=ORIENTED_EDGE('',*,*,#3715,.T.);
#3718=ORIENTED_EDGE('',*,*,#3717,.T.);
#3720=ORIENTED_EDGE('',*,*,#3719,.F.);
#3722=ORIENTED_EDGE('',*,*,#3721,.F.);
#3724=ORIENTED_EDGE('',*,*,#3723,.F.);
#3725=EDGE_LOOP('',(#3714,#3716,#3718,#3720,#3722,#3724));
#3726=FACE_BOUND('',#3725,.F.);
#3728=ORIENTED_EDGE('',*,*,#3727,.F.);
#3730=ORIENTED_EDGE('',*,*,#3729,.F.);
#3732=ORIENTED_EDGE('',*,*,#3731,.T.);
#3734=ORIENTED_EDGE('',*,*,#3733,.F.);
#3736=ORIENTED_EDGE('',*,*,#3735,.F.);
#3738=ORIENTED_EDGE('',*,*,#3737,.F.);
#3740=ORIENTED_EDGE('',*,*,#3739,.T.);
#3742=ORIENTED_EDGE('',*,*,#3741,.F.);
#3744=ORIENTED_EDGE('',*,*,#3743,.T.);
#3745=EDGE_LOOP('',(#3728,#3730,#3732,#3734,#3736,#3738,#3740,#3742,#3744));
#3746=FACE_BOUND('',#3745,.F.);
#3748=ORIENTED_EDGE('',*,*,#3747,.F.);
#3750=ORIENTED_EDGE('',*,*,#3749,.T.);
#3752=ORIENTED_EDGE('',*,*,#3751,.F.);
#3754=ORIENTED_EDGE('',*,*,#3753,.F.);
#3756=ORIENTED_EDGE('',*,*,#3755,.T.);
#3758=ORIENTED_EDGE('',*,*,#3757,.F.);
#3760=ORIENTED_EDGE('',*,*,#3759,.F.);
#3762=ORIENTED_EDGE('',*,*,#3761,.F.);
#3764=ORIENTED_EDGE('',*,*,#3763,.F.);
#3766=ORIENTED_EDGE('',*,*,#3765,.F.);
#3768=ORIENTED_EDGE('',*,*,#3767,.T.);
#3770=ORIENTED_EDGE('',*,*,#3769,.F.);
#3772=ORIENTED_EDGE('',*,*,#3771,.F.);
#3773=EDGE_LOOP('',(#3748,#3750,#3752,#3754,#3756,#3758,#3760,#3762,#3764,#3766,
#3768,#3770,#3772));
#3774=FACE_BOUND('',#3773,.F.);
#3776=ORIENTED_EDGE('',*,*,#3775,.F.);
#3778=ORIENTED_EDGE('',*,*,#3777,.T.);
#3780=ORIENTED_EDGE('',*,*,#3779,.F.);
#3782=ORIENTED_EDGE('',*,*,#3781,.F.);
#3783=EDGE_LOOP('',(#3776,#3778,#3780,#3782));
#3784=FACE_BOUND('',#3783,.F.);
#3785=ADVANCED_FACE('',(#3678,#3684,#3690,#3712,#3726,#3746,#3774,#3784),#3658,
.T.);
#3786=CARTESIAN_POINT('',(-4.223095988876E1,4.431482588112E1,2.021125110891E0));
#3787=DIRECTION('',(-2.304800857119E-1,9.506059430235E-1,-2.079116908178E-1));
#3788=DIRECTION('',(9.718430452728E-1,2.356291479313E-1,0.E0));
#3789=AXIS2_PLACEMENT_3D('',#3786,#3787,#3788);
#3790=CONICAL_SURFACE('',#3789,3.206362337679E0,1.E0);
#3791=ORIENTED_EDGE('',*,*,#3679,.T.);
#3793=ORIENTED_EDGE('',*,*,#3792,.T.);
#3795=ORIENTED_EDGE('',*,*,#3794,.F.);
#3797=ORIENTED_EDGE('',*,*,#3796,.F.);
#3798=EDGE_LOOP('',(#3791,#3793,#3795,#3797));
#3799=FACE_OUTER_BOUND('',#3798,.F.);
#3800=ADVANCED_FACE('',(#3799),#3790,.T.);
#3801=CARTESIAN_POINT('',(-4.223095988876E1,4.431482588112E1,2.021125110891E0));
#3802=DIRECTION('',(-2.304800857119E-1,9.506059430235E-1,-2.079116908178E-1));
#3803=DIRECTION('',(9.718430452728E-1,2.356291479313E-1,0.E0));
#3804=AXIS2_PLACEMENT_3D('',#3801,#3802,#3803);
#3805=CONICAL_SURFACE('',#3804,3.206362337679E0,1.E0);
#3806=ORIENTED_EDGE('',*,*,#3681,.T.);
#3807=ORIENTED_EDGE('',*,*,#3796,.T.);
#3809=ORIENTED_EDGE('',*,*,#3808,.F.);
#3810=ORIENTED_EDGE('',*,*,#3792,.F.);
#3811=EDGE_LOOP('',(#3806,#3807,#3809,#3810));
#3812=FACE_OUTER_BOUND('',#3811,.F.);
#3813=ADVANCED_FACE('',(#3812),#3805,.T.);
#3814=CARTESIAN_POINT('',(-2.162331993303E1,4.401389216529E1,
-1.017501447160E1));
#3815=DIRECTION('',(-2.304800857119E-1,9.506059430235E-1,-2.079116908178E-1));
#3816=DIRECTION('',(9.718430452728E-1,2.356291479313E-1,0.E0));
#3817=AXIS2_PLACEMENT_3D('',#3814,#3815,#3816);
#3818=PLANE('',#3817);
#3819=ORIENTED_EDGE('',*,*,#3794,.T.);
#3820=ORIENTED_EDGE('',*,*,#3808,.T.);
#3821=EDGE_LOOP('',(#3819,#3820));
#3822=FACE_OUTER_BOUND('',#3821,.F.);
#3824=ORIENTED_EDGE('',*,*,#3823,.F.);
#3826=ORIENTED_EDGE('',*,*,#3825,.F.);
#3827=EDGE_LOOP('',(#3824,#3826));
#3828=FACE_BOUND('',#3827,.F.);
#3829=ADVANCED_FACE('',(#3822,#3828),#3818,.F.);
#3830=CARTESIAN_POINT('',(-2.162331993303E1,4.401389216529E1,
-1.017501447160E1));
#3831=DIRECTION('',(-2.304800857119E-1,9.506059430235E-1,-2.079116908178E-1));
#3832=DIRECTION('',(9.718430452728E-1,2.356291479313E-1,0.E0));
#3833=AXIS2_PLACEMENT_3D('',#3830,#3831,#3832);
#3834=PLANE('',#3833);
#3836=ORIENTED_EDGE('',*,*,#3835,.T.);
#3838=ORIENTED_EDGE('',*,*,#3837,.T.);
#3840=ORIENTED_EDGE('',*,*,#3839,.F.);
#3842=ORIENTED_EDGE('',*,*,#3841,.T.);
#3843=EDGE_LOOP('',(#3836,#3838,#3840,#3842));
#3844=FACE_OUTER_BOUND('',#3843,.F.);
#3846=ORIENTED_EDGE('',*,*,#3845,.F.);
#3848=ORIENTED_EDGE('',*,*,#3847,.F.);
#3849=EDGE_LOOP('',(#3846,#3848));
#3850=FACE_BOUND('',#3849,.F.);
#3851=ADVANCED_FACE('',(#3844,#3850),#3834,.F.);
#3852=CARTESIAN_POINT('',(-4.050235924592E1,3.718528130844E1,3.580462792025E0));
#3853=DIRECTION('',(-2.304800857119E-1,9.506059430235E-1,-2.079116908178E-1));
#3854=DIRECTION('',(9.718430452728E-1,2.356291479313E-1,0.E0));
#3855=AXIS2_PLACEMENT_3D('',#3852,#3853,#3854);
#3856=CYLINDRICAL_SURFACE('',#3855,1.05E0);
#3857=ORIENTED_EDGE('',*,*,#3823,.T.);
#3859=ORIENTED_EDGE('',*,*,#3858,.T.);
#3861=ORIENTED_EDGE('',*,*,#3860,.F.);
#3863=ORIENTED_EDGE('',*,*,#3862,.F.);
#3864=EDGE_LOOP('',(#3857,#3859,#3861,#3863));
#3865=FACE_OUTER_BOUND('',#3864,.F.);
#3866=ADVANCED_FACE('',(#3865),#3856,.F.);
#3867=CARTESIAN_POINT('',(-4.050235924592E1,3.718528130844E1,3.580462792025E0));
#3868=DIRECTION('',(-2.304800857119E-1,9.506059430235E-1,-2.079116908178E-1));
#3869=DIRECTION('',(9.718430452728E-1,2.356291479313E-1,0.E0));
#3870=AXIS2_PLACEMENT_3D('',#3867,#3868,#3869);
#3871=CYLINDRICAL_SURFACE('',#3870,1.05E0);
#3872=ORIENTED_EDGE('',*,*,#3825,.T.);
#3873=ORIENTED_EDGE('',*,*,#3862,.T.);
#3875=ORIENTED_EDGE('',*,*,#3874,.F.);
#3876=ORIENTED_EDGE('',*,*,#3858,.F.);
#3877=EDGE_LOOP('',(#3872,#3873,#3875,#3876));
#3878=FACE_OUTER_BOUND('',#3877,.F.);
#3879=ADVANCED_FACE('',(#3878),#3871,.F.);
#3880=CARTESIAN_POINT('',(-2.208428010445E1,4.591510405133E1,
-1.059083785324E1));
#3881=DIRECTION('',(-2.304800857119E-1,9.506059430235E-1,-2.079116908178E-1));
#3882=DIRECTION('',(9.718430452728E-1,2.356291479313E-1,0.E0));
#3883=AXIS2_PLACEMENT_3D('',#3880,#3881,#3882);
#3884=PLANE('',#3883);
#3886=ORIENTED_EDGE('',*,*,#3885,.F.);
#3888=ORIENTED_EDGE('',*,*,#3887,.F.);
#3889=EDGE_LOOP('',(#3886,#3888));
#3890=FACE_OUTER_BOUND('',#3889,.F.);
#3892=ORIENTED_EDGE('',*,*,#3891,.T.);
#3894=ORIENTED_EDGE('',*,*,#3893,.T.);
#3895=EDGE_LOOP('',(#3892,#3894));
#3896=FACE_BOUND('',#3895,.F.);
#3897=ADVANCED_FACE('',(#3890,#3896),#3884,.T.);
#3898=CARTESIAN_POINT('',(-2.208428010445E1,4.591510405133E1,
-1.059083785324E1));
#3899=DIRECTION('',(-2.304800857119E-1,9.506059430235E-1,-2.079116908178E-1));
#3900=DIRECTION('',(9.718430452728E-1,2.356291479313E-1,0.E0));
#3901=AXIS2_PLACEMENT_3D('',#3898,#3899,#3900);
#3902=PLANE('',#3901);
#3904=ORIENTED_EDGE('',*,*,#3903,.F.);
#3906=ORIENTED_EDGE('',*,*,#3905,.F.);
#3907=EDGE_LOOP('',(#3904,#3906));
#3908=FACE_OUTER_BOUND('',#3907,.F.);
#3909=ORIENTED_EDGE('',*,*,#3860,.T.);
#3910=ORIENTED_EDGE('',*,*,#3874,.T.);
#3911=EDGE_LOOP('',(#3909,#3910));
#3912=FACE_BOUND('',#3911,.F.);
#3913=ADVANCED_FACE('',(#3908,#3912),#3902,.T.);
#3914=CARTESIAN_POINT('',(-8.208653766178E1,3.681730725293E1,1.573752108896E0));
#3915=DIRECTION('',(-2.304800857119E-1,9.506059430235E-1,-2.079116908178E-1));
#3916=DIRECTION('',(9.718430452728E-1,2.356291479313E-1,0.E0));
#3917=AXIS2_PLACEMENT_3D('',#3914,#3915,#3916);
#3918=CONICAL_SURFACE('',#3917,2.046286386256E0,1.E0);
#3920=ORIENTED_EDGE('',*,*,#3919,.F.);
#3922=ORIENTED_EDGE('',*,*,#3921,.F.);
#3923=ORIENTED_EDGE('',*,*,#3885,.T.);
#3925=ORIENTED_EDGE('',*,*,#3924,.T.);
#3926=EDGE_LOOP('',(#3920,#3922,#3923,#3925));
#3927=FACE_OUTER_BOUND('',#3926,.F.);
#3928=ADVANCED_FACE('',(#3927),#3918,.F.);
#3929=CARTESIAN_POINT('',(-8.269690763373E1,3.933475391642E1,1.023148994966E0));
#3930=DIRECTION('',(-2.304800857119E-1,9.506059430235E-1,-2.079116908178E-1));
#3931=DIRECTION('',(9.672781112945E-1,2.471074350473E-1,5.754103713844E-2));
#3932=AXIS2_PLACEMENT_3D('',#3929,#3930,#3931);
#3933=TOROIDAL_SURFACE('',#3932,2.292542309728E0,2.E-1);
#3935=ORIENTED_EDGE('',*,*,#3934,.F.);
#3937=ORIENTED_EDGE('',*,*,#3936,.T.);
#3938=ORIENTED_EDGE('',*,*,#3919,.T.);
#3940=ORIENTED_EDGE('',*,*,#3939,.F.);
#3941=EDGE_LOOP('',(#3935,#3937,#3938,#3940));
#3942=FACE_OUTER_BOUND('',#3941,.F.);
#3943=ADVANCED_FACE('',(#3942),#3933,.T.);
#3944=CARTESIAN_POINT('',(-2.335192057586E1,5.114343673796E1,
-1.173435215274E1));
#3945=DIRECTION('',(2.304800857119E-1,-9.506059430235E-1,2.079116908178E-1));
#3946=DIRECTION('',(9.718430452728E-1,2.356291479313E-1,0.E0));
#3947=AXIS2_PLACEMENT_3D('',#3944,#3945,#3946);
#3948=PLANE('',#3947);
#3950=ORIENTED_EDGE('',*,*,#3949,.T.);
#3952=ORIENTED_EDGE('',*,*,#3951,.T.);
#3954=ORIENTED_EDGE('',*,*,#3953,.T.);
#3956=ORIENTED_EDGE('',*,*,#3955,.T.);
#3958=ORIENTED_EDGE('',*,*,#3957,.T.);
#3960=ORIENTED_EDGE('',*,*,#3959,.T.);
#3962=ORIENTED_EDGE('',*,*,#3961,.T.);
#3964=ORIENTED_EDGE('',*,*,#3963,.T.);
#3966=ORIENTED_EDGE('',*,*,#3965,.T.);
#3968=ORIENTED_EDGE('',*,*,#3967,.T.);
#3969=EDGE_LOOP('',(#3950,#3952,#3954,#3956,#3958,#3960,#3962,#3964,#3966,
#3968));
#3970=FACE_OUTER_BOUND('',#3969,.F.);
#3972=ORIENTED_EDGE('',*,*,#3971,.T.);
#3974=ORIENTED_EDGE('',*,*,#3973,.T.);
#3976=ORIENTED_EDGE('',*,*,#3975,.T.);
#3978=ORIENTED_EDGE('',*,*,#3977,.T.);
#3980=ORIENTED_EDGE('',*,*,#3979,.T.);
#3982=ORIENTED_EDGE('',*,*,#3981,.T.);
#3984=ORIENTED_EDGE('',*,*,#3983,.T.);
#3985=EDGE_LOOP('',(#3972,#3974,#3976,#3978,#3980,#3982,#3984));
#3986=FACE_BOUND('',#3985,.F.);
#3988=ORIENTED_EDGE('',*,*,#3987,.T.);
#3990=ORIENTED_EDGE('',*,*,#3989,.T.);
#3992=ORIENTED_EDGE('',*,*,#3991,.T.);
#3994=ORIENTED_EDGE('',*,*,#3993,.T.);
#3996=ORIENTED_EDGE('',*,*,#3995,.T.);
#3998=ORIENTED_EDGE('',*,*,#3997,.T.);
#4000=ORIENTED_EDGE('',*,*,#3999,.T.);
#4002=ORIENTED_EDGE('',*,*,#4001,.T.);
#4004=ORIENTED_EDGE('',*,*,#4003,.T.);
#4006=ORIENTED_EDGE('',*,*,#4005,.T.);
#4008=ORIENTED_EDGE('',*,*,#4007,.T.);
#4010=ORIENTED_EDGE('',*,*,#4009,.T.);
#4011=EDGE_LOOP('',(#3988,#3990,#3992,#3994,#3996,#3998,#4000,#4002,#4004,#4006,
#4008,#4010));
#4012=FACE_BOUND('',#4011,.F.);
#4014=ORIENTED_EDGE('',*,*,#4013,.T.);
#4016=ORIENTED_EDGE('',*,*,#4015,.T.);
#4018=ORIENTED_EDGE('',*,*,#4017,.T.);
#4020=ORIENTED_EDGE('',*,*,#4019,.T.);
#4022=ORIENTED_EDGE('',*,*,#4021,.T.);
#4024=ORIENTED_EDGE('',*,*,#4023,.T.);
#4026=ORIENTED_EDGE('',*,*,#4025,.T.);
#4028=ORIENTED_EDGE('',*,*,#4027,.T.);
#4030=ORIENTED_EDGE('',*,*,#4029,.T.);
#4032=ORIENTED_EDGE('',*,*,#4031,.T.);
#4034=ORIENTED_EDGE('',*,*,#4033,.T.);
#4036=ORIENTED_EDGE('',*,*,#4035,.T.);
#4038=ORIENTED_EDGE('',*,*,#4037,.T.);
#4040=ORIENTED_EDGE('',*,*,#4039,.T.);
#4042=ORIENTED_EDGE('',*,*,#4041,.T.);
#4044=ORIENTED_EDGE('',*,*,#4043,.T.);
#4045=EDGE_LOOP('',(#4014,#4016,#4018,#4020,#4022,#4024,#4026,#4028,#4030,#4032,
#4034,#4036,#4038,#4040,#4042,#4044));
#4046=FACE_BOUND('',#4045,.F.);
#4048=ORIENTED_EDGE('',*,*,#4047,.T.);
#4050=ORIENTED_EDGE('',*,*,#4049,.T.);
#4052=ORIENTED_EDGE('',*,*,#4051,.T.);
#4054=ORIENTED_EDGE('',*,*,#4053,.T.);
#4056=ORIENTED_EDGE('',*,*,#4055,.T.);
#4058=ORIENTED_EDGE('',*,*,#4057,.T.);
#4060=ORIENTED_EDGE('',*,*,#4059,.T.);
#4062=ORIENTED_EDGE('',*,*,#4061,.T.);
#4064=ORIENTED_EDGE('',*,*,#4063,.T.);
#4066=ORIENTED_EDGE('',*,*,#4065,.T.);
#4068=ORIENTED_EDGE('',*,*,#4067,.T.);
#4070=ORIENTED_EDGE('',*,*,#4069,.T.);
#4072=ORIENTED_EDGE('',*,*,#4071,.T.);
#4074=ORIENTED_EDGE('',*,*,#4073,.T.);
#4076=ORIENTED_EDGE('',*,*,#4075,.T.);
#4078=ORIENTED_EDGE('',*,*,#4077,.T.);
#4079=EDGE_LOOP('',(#4048,#4050,#4052,#4054,#4056,#4058,#4060,#4062,#4064,#4066,
#4068,#4070,#4072,#4074,#4076,#4078));
#4080=FACE_BOUND('',#4079,.F.);
#4081=ORIENTED_EDGE('',*,*,#3934,.T.);
#4083=ORIENTED_EDGE('',*,*,#4082,.T.);
#4084=EDGE_LOOP('',(#4081,#4083));
#4085=FACE_BOUND('',#4084,.F.);
#4087=ORIENTED_EDGE('',*,*,#4086,.T.);
#4089=ORIENTED_EDGE('',*,*,#4088,.T.);
#4090=EDGE_LOOP('',(#4087,#4089));
#4091=FACE_BOUND('',#4090,.F.);
#4093=ORIENTED_EDGE('',*,*,#4092,.T.);
#4095=ORIENTED_EDGE('',*,*,#4094,.T.);
#4096=EDGE_LOOP('',(#4093,#4095));
#4097=FACE_BOUND('',#4096,.F.);
#4099=ORIENTED_EDGE('',*,*,#4098,.T.);
#4101=ORIENTED_EDGE('',*,*,#4100,.T.);
#4102=EDGE_LOOP('',(#4099,#4101));
#4103=FACE_BOUND('',#4102,.F.);
#4105=ORIENTED_EDGE('',*,*,#4104,.T.);
#4107=ORIENTED_EDGE('',*,*,#4106,.T.);
#4109=ORIENTED_EDGE('',*,*,#4108,.T.);
#4111=ORIENTED_EDGE('',*,*,#4110,.T.);
#4113=ORIENTED_EDGE('',*,*,#4112,.T.);
#4115=ORIENTED_EDGE('',*,*,#4114,.T.);
#4117=ORIENTED_EDGE('',*,*,#4116,.T.);
#4119=ORIENTED_EDGE('',*,*,#4118,.T.);
#4121=ORIENTED_EDGE('',*,*,#4120,.T.);
#4123=ORIENTED_EDGE('',*,*,#4122,.T.);
#4125=ORIENTED_EDGE('',*,*,#4124,.T.);
#4127=ORIENTED_EDGE('',*,*,#4126,.T.);
#4129=ORIENTED_EDGE('',*,*,#4128,.T.);
#4131=ORIENTED_EDGE('',*,*,#4130,.T.);
#4133=ORIENTED_EDGE('',*,*,#4132,.T.);
#4135=ORIENTED_EDGE('',*,*,#4134,.T.);
#4136=EDGE_LOOP('',(#4105,#4107,#4109,#4111,#4113,#4115,#4117,#4119,#4121,#4123,
#4125,#4127,#4129,#4131,#4133,#4135));
#4137=FACE_BOUND('',#4136,.F.);
#4139=ORIENTED_EDGE('',*,*,#4138,.T.);
#4141=ORIENTED_EDGE('',*,*,#4140,.T.);
#4143=ORIENTED_EDGE('',*,*,#4142,.T.);
#4145=ORIENTED_EDGE('',*,*,#4144,.T.);
#4147=ORIENTED_EDGE('',*,*,#4146,.T.);
#4149=ORIENTED_EDGE('',*,*,#4148,.T.);
#4151=ORIENTED_EDGE('',*,*,#4150,.T.);
#4153=ORIENTED_EDGE('',*,*,#4152,.T.);
#4155=ORIENTED_EDGE('',*,*,#4154,.T.);
#4157=ORIENTED_EDGE('',*,*,#4156,.T.);
#4159=ORIENTED_EDGE('',*,*,#4158,.T.);
#4161=ORIENTED_EDGE('',*,*,#4160,.T.);
#4163=ORIENTED_EDGE('',*,*,#4162,.T.);
#4165=ORIENTED_EDGE('',*,*,#4164,.T.);
#4167=ORIENTED_EDGE('',*,*,#4166,.T.);
#4168=EDGE_LOOP('',(#4139,#4141,#4143,#4145,#4147,#4149,#4151,#4153,#4155,#4157,
#4159,#4161,#4163,#4165,#4167));
#4169=FACE_BOUND('',#4168,.F.);
#4170=ADVANCED_FACE('',(#3970,#3986,#4012,#4046,#4080,#4085,#4091,#4097,#4103,
#4137,#4169),#3948,.F.);
#4171=CARTESIAN_POINT('',(-2.335192057586E1,5.114343673796E1,
-1.173435215274E1));
#4172=DIRECTION('',(2.304800857119E-1,-9.506059430235E-1,2.079116908178E-1));
#4173=DIRECTION('',(9.718430452728E-1,2.356291479313E-1,0.E0));
#4174=AXIS2_PLACEMENT_3D('',#4171,#4172,#4173);
#4175=PLANE('',#4174);
#4177=ORIENTED_EDGE('',*,*,#4176,.T.);
#4179=ORIENTED_EDGE('',*,*,#4178,.T.);
#4181=ORIENTED_EDGE('',*,*,#4180,.T.);
#4183=ORIENTED_EDGE('',*,*,#4182,.T.);
#4184=EDGE_LOOP('',(#4177,#4179,#4181,#4183));
#4185=FACE_OUTER_BOUND('',#4184,.F.);
#4186=ADVANCED_FACE('',(#4185),#4175,.F.);
#4187=CARTESIAN_POINT('',(-2.335192057586E1,5.114343673796E1,
-1.173435215274E1));
#4188=DIRECTION('',(2.304800857119E-1,-9.506059430235E-1,2.079116908178E-1));
#4189=DIRECTION('',(9.718430452728E-1,2.356291479313E-1,0.E0));
#4190=AXIS2_PLACEMENT_3D('',#4187,#4188,#4189);
#4191=PLANE('',#4190);
#4193=ORIENTED_EDGE('',*,*,#4192,.T.);
#4195=ORIENTED_EDGE('',*,*,#4194,.T.);
#4197=ORIENTED_EDGE('',*,*,#4196,.T.);
#4199=ORIENTED_EDGE('',*,*,#4198,.T.);
#4200=EDGE_LOOP('',(#4193,#4195,#4197,#4199));
#4201=FACE_OUTER_BOUND('',#4200,.F.);
#4202=ADVANCED_FACE('',(#4201),#4191,.F.);
#4203=CARTESIAN_POINT('',(-4.333726430018E1,4.887773440763E1,1.023148994966E0));
#4204=DIRECTION('',(-2.304800857119E-1,9.506059430235E-1,-2.079116908178E-1));
#4205=DIRECTION('',(-9.672781112945E-1,-2.471074350473E-1,-5.754103713845E-2));
#4206=AXIS2_PLACEMENT_3D('',#4203,#4204,#4205);
#4207=TOROIDAL_SURFACE('',#4206,2.292542309728E0,2.E-1);
#4209=ORIENTED_EDGE('',*,*,#4208,.T.);
#4211=ORIENTED_EDGE('',*,*,#4210,.F.);
#4212=ORIENTED_EDGE('',*,*,#3949,.F.);
#4214=ORIENTED_EDGE('',*,*,#4213,.T.);
#4216=ORIENTED_EDGE('',*,*,#4215,.T.);
#4217=EDGE_LOOP('',(#4209,#4211,#4212,#4214,#4216));
#4218=FACE_OUTER_BOUND('',#4217,.F.);
#4219=ADVANCED_FACE('',(#4218),#4207,.T.);
#4220=CARTESIAN_POINT('',(-4.272689432451E1,4.636028772880E1,1.573752112251E0));
#4221=DIRECTION('',(-2.304800857119E-1,9.506059430235E-1,-2.079116908178E-1));
#4222=DIRECTION('',(9.718430452728E-1,2.356291479313E-1,0.E0));
#4223=AXIS2_PLACEMENT_3D('',#4220,#4221,#4222);
#4224=CONICAL_SURFACE('',#4223,2.046286385974E0,1.E0);
#4226=ORIENTED_EDGE('',*,*,#4225,.F.);
#4227=ORIENTED_EDGE('',*,*,#4208,.F.);
#4229=ORIENTED_EDGE('',*,*,#4228,.F.);
#4230=ORIENTED_EDGE('',*,*,#3905,.T.);
#4232=ORIENTED_EDGE('',*,*,#4231,.T.);
#4233=EDGE_LOOP('',(#4226,#4227,#4229,#4230,#4232));
#4234=FACE_OUTER_BOUND('',#4233,.F.);
#4235=ADVANCED_FACE('',(#4234),#4224,.F.);
#4236=CARTESIAN_POINT('',(-4.258370761465E1,4.938745045672E1,2.930910510726E0));
#4237=CARTESIAN_POINT('',(-4.246961445111E1,4.940456717877E1,2.881238582461E0));
#4238=CARTESIAN_POINT('',(-4.222807021581E1,4.943250850305E1,2.751297223323E0));
#4239=CARTESIAN_POINT('',(-4.189629972873E1,4.944397629291E1,2.485438120498E0));
#4240=CARTESIAN_POINT('',(-4.160853199658E1,4.942303388920E1,2.141851025479E0));
#4241=CARTESIAN_POINT('',(-4.139571545905E1,4.937332893276E1,1.747981005756E0));
#4242=CARTESIAN_POINT('',(-4.128151369669E1,4.930697290013E1,1.361942997678E0));
#4243=CARTESIAN_POINT('',(-4.125503268641E1,4.925592353424E1,1.110542226915E0));
#4244=CARTESIAN_POINT('',(-4.125200582925E1,4.923358115569E1,1.006711705770E0));
#4245=CARTESIAN_POINT('',(-4.267030007108E1,4.956561638646E1,2.793247428875E0));
#4246=CARTESIAN_POINT('',(-4.256060497546E1,4.958209023760E1,2.745517346530E0));
#4247=CARTESIAN_POINT('',(-4.232868790274E1,4.960876923282E1,2.620536470294E0));
#4248=CARTESIAN_POINT('',(-4.201165506980E1,4.961893593548E1,2.365392913718E0));
#4249=CARTESIAN_POINT('',(-4.173842294396E1,4.959783308876E1,2.037299867441E0));
#4250=CARTESIAN_POINT('',(-4.153762993207E1,4.954958211407E1,1.663243151309E0));
#4251=CARTESIAN_POINT('',(-4.143042800800E1,4.948619004684E1,1.298237448090E0));
#4252=CARTESIAN_POINT('',(-4.140562669894E1,4.943783370807E1,1.060983501820E0));
#4253=CARTESIAN_POINT('',(-4.140279785945E1,4.941672831834E1,
9.630019316839E-1));
#4254=CARTESIAN_POINT('',(-4.264625456301E1,4.977007612076E1,2.918987694406E0));
#4255=CARTESIAN_POINT('',(-4.252595536701E1,4.978811755264E1,2.866674052870E0));
#4256=CARTESIAN_POINT('',(-4.227192386360E1,4.981748931600E1,2.729535974110E0));
#4257=CARTESIAN_POINT('',(-4.192595514968E1,4.982924547879E1,2.449833638536E0));
#4258=CARTESIAN_POINT('',(-4.162921012778E1,4.980716704474E1,2.091302471953E0));
#4259=CARTESIAN_POINT('',(-4.141215661137E1,4.975563271952E1,1.684083023500E0));
#4260=CARTESIAN_POINT('',(-4.129671122967E1,4.968749105557E1,1.288009063372E0));
#4261=CARTESIAN_POINT('',(-4.127005104727E1,4.963526480089E1,1.030978983618E0));
#4262=CARTESIAN_POINT('',(-4.126701669600E1,4.961243189542E1,
9.248509587923E-1));
#4263=CARTESIAN_POINT('',(-4.254558339283E1,4.971162195018E1,3.130272061320E0));
#4264=CARTESIAN_POINT('',(-4.241467739783E1,4.973122407596E1,3.073332886849E0));
#4265=CARTESIAN_POINT('',(-4.213807066942E1,4.976343479183E1,2.924116248343E0));
#4266=CARTESIAN_POINT('',(-4.176042226030E1,4.977742267528E1,2.619319131182E0));
#4267=CARTESIAN_POINT('',(-4.143537476420E1,4.975493347506E1,2.227472309370E0));
#4268=CARTESIAN_POINT('',(-4.119677715026E1,4.970002275696E1,1.781022682714E0));
#4269=CARTESIAN_POINT('',(-4.106950536225E1,4.962613622517E1,1.345725864458E0));
#4270=CARTESIAN_POINT('',(-4.104007710295E1,4.956895109652E1,1.062969977498E0));
#4271=CARTESIAN_POINT('',(-4.103672440628E1,4.954386973683E1,
9.462232291458E-1));
#4272=(BOUNDED_SURFACE()B_SPLINE_SURFACE(3,3,((#4236,#4237,#4238,#4239,#4240,
#4241,#4242,#4243,#4244),(#4245,#4246,#4247,#4248,#4249,#4250,#4251,#4252,
#4253),(#4254,#4255,#4256,#4257,#4258,#4259,#4260,#4261,#4262),(#4263,#4264,
#4265,#4266,#4267,#4268,#4269,#4270,#4271)),.UNSPECIFIED.,.F.,.F.,.F.)B_SPLINE_SURFACE_WITH_KNOTS((4,4),(4,1,1,1,1,1,4),(0.E0,1.E0),(2.826172973840E-2,
1.691646255077E-1,3.355861312626E-1,5.012531946664E-1,6.667202020973E-1,
8.338867270819E-1,9.517812542047E-1),.UNSPECIFIED.)GEOMETRIC_REPRESENTATION_ITEM()RATIONAL_B_SPLINE_SURFACE(((1.547087826574E0,1.547087826574E0,1.547087826574E0,
1.547087826574E0,1.547087826574E0,1.547087826574E0,1.547087826574E0,
1.547087826574E0,1.547087826574E0),(8.176373911421E-1,8.176373911421E-1,
8.176373911421E-1,8.176373911421E-1,8.176373911421E-1,8.176373911421E-1,
8.176373911421E-1,8.176373911421E-1,8.176373911421E-1),(8.176373911421E-1,
8.176373911421E-1,8.176373911421E-1,8.176373911421E-1,8.176373911421E-1,
8.176373911421E-1,8.176373911421E-1,8.176373911421E-1,8.176373911421E-1),(
1.547087826574E0,1.547087826574E0,1.547087826574E0,1.547087826574E0,
1.547087826574E0,1.547087826574E0,1.547087826574E0,1.547087826574E0,
1.547087826574E0)))REPRESENTATION_ITEM('')SURFACE());
#4274=ORIENTED_EDGE('',*,*,#4273,.F.);
#4275=ORIENTED_EDGE('',*,*,#4210,.T.);
#4276=ORIENTED_EDGE('',*,*,#4225,.T.);
#4278=ORIENTED_EDGE('',*,*,#4277,.F.);
#4279=EDGE_LOOP('',(#4274,#4275,#4276,#4278));
#4280=FACE_OUTER_BOUND('',#4279,.F.);
#4281=ADVANCED_FACE('',(#4280),#4272,.T.);
#4282=CARTESIAN_POINT('',(-3.797287187160E1,2.995928504945E1,3.810986361466E0));
#4283=DIRECTION('',(-1.199769900310E-2,-2.164240357010E-1,-9.762257382335E-1));
#4284=DIRECTION('',(-2.304800857119E-1,9.506059430235E-1,-2.079116908178E-1));
#4285=AXIS2_PLACEMENT_3D('',#4282,#4283,#4284);
#4286=CYLINDRICAL_SURFACE('',#4285,2.E1);
#4287=ORIENTED_EDGE('',*,*,#4273,.T.);
#4289=ORIENTED_EDGE('',*,*,#4288,.T.);
#4290=ORIENTED_EDGE('',*,*,#3967,.F.);
#4292=ORIENTED_EDGE('',*,*,#4291,.T.);
#4294=ORIENTED_EDGE('',*,*,#4293,.T.);
#4296=ORIENTED_EDGE('',*,*,#4295,.F.);
#4297=ORIENTED_EDGE('',*,*,#3951,.F.);
#4298=EDGE_LOOP('',(#4287,#4289,#4290,#4292,#4294,#4296,#4297));
#4299=FACE_OUTER_BOUND('',#4298,.F.);
#4300=ADVANCED_FACE('',(#4299),#4286,.T.);
#4301=CARTESIAN_POINT('',(-4.125670013186E1,4.925291819908E1,1.098095997976E0));
#4302=CARTESIAN_POINT('',(-4.124664858879E1,4.922452100572E1,
9.615822521775E-1));
#4303=CARTESIAN_POINT('',(-4.125463427106E1,4.915722789444E1,
6.611573386448E-1));
#4304=CARTESIAN_POINT('',(-4.136819168134E1,4.904122885408E1,
2.153562975761E-1));
#4305=CARTESIAN_POINT('',(-4.159536967030E1,4.890954550359E1,
-2.088391153605E-1));
#4306=CARTESIAN_POINT('',(-4.191278548687E1,4.877305966201E1,
-5.605814013076E-1));
#4307=CARTESIAN_POINT('',(-4.226885185820E1,4.864541992051E1,
-8.023464697176E-1));
#4308=CARTESIAN_POINT('',(-4.251992395102E1,4.856437396733E1,
-9.044453503476E-1));
#4309=CARTESIAN_POINT('',(-4.263125263518E1,4.852965155570E1,
-9.383811636697E-1));
#4310=CARTESIAN_POINT('',(-4.140723150979E1,4.943505967261E1,1.049228223835E0));
#4311=CARTESIAN_POINT('',(-4.139781761941E1,4.940818825252E1,
9.203949568721E-1));
#4312=CARTESIAN_POINT('',(-4.140532428498E1,4.934474066361E1,
6.369741594114E-1));
#4313=CARTESIAN_POINT('',(-4.151184934790E1,4.923572924619E1,
2.156260117330E-1));
#4314=CARTESIAN_POINT('',(-4.172596815373E1,4.911181180507E1,
-1.873002957794E-1));
#4315=CARTESIAN_POINT('',(-4.202717277407E1,4.898266137186E1,
-5.235685862970E-1));
#4316=CARTESIAN_POINT('',(-4.236742618957E1,4.886097072712E1,
-7.560127490420E-1));
#4317=CARTESIAN_POINT('',(-4.260850811107E1,4.878319429677E1,
-8.543009555600E-1));
#4318=CARTESIAN_POINT('',(-4.271554339646E1,4.874980628678E1,
-8.868975311574E-1));
#4319=CARTESIAN_POINT('',(-4.127170486609E1,4.963228152785E1,1.018252776292E0));
#4320=CARTESIAN_POINT('',(-4.126158586186E1,4.960323309063E1,
8.786822856537E-1));
#4321=CARTESIAN_POINT('',(-4.126968594015E1,4.953451291626E1,
5.717759856695E-1));
#4322=CARTESIAN_POINT('',(-4.138436841591E1,4.941575882711E1,
1.151557447140E-1));
#4323=CARTESIAN_POINT('',(-4.161567381389E1,4.927998071566E1,
-3.227641456457E-1));
#4324=CARTESIAN_POINT('',(-4.194267750839E1,4.913788302627E1,
-6.897018046251E-1));
#4325=CARTESIAN_POINT('',(-4.231400615102E1,4.900387042319E1,
-9.443039150469E-1));
#4326=CARTESIAN_POINT('',(-4.257810326479E1,4.891843987567E1,
-1.052123260280E0));
#4327=CARTESIAN_POINT('',(-4.269548915600E1,4.888185685289E1,
-1.087855668083E0));
#4328=CARTESIAN_POINT('',(-4.104186796099E1,4.956554749575E1,1.048994784686E0));
#4329=CARTESIAN_POINT('',(-4.103069869573E1,4.953369936977E1,
8.954607614842E-1));
#4330=CARTESIAN_POINT('',(-4.103962503542E1,4.945804833751E1,
5.578074377065E-1));
#4331=CARTESIAN_POINT('',(-4.116611329576E1,4.932660554925E1,
5.609428841659E-2));
#4332=CARTESIAN_POINT('',(-4.142053487903E1,4.917612107240E1,
-4.235717475938E-1));
#4333=CARTESIAN_POINT('',(-4.177884649998E1,4.901911168597E1,
-8.239300608074E-1));
#4334=CARTESIAN_POINT('',(-4.218417225177E1,4.887193960020E1,
-1.100819145213E0));
#4335=CARTESIAN_POINT('',(-4.247172723522E1,4.877876060395E1,
-1.218026458879E0));
#4336=CARTESIAN_POINT('',(-4.259946334346E1,4.873897356800E1,
-1.256933085480E0));
#4337=(BOUNDED_SURFACE()B_SPLINE_SURFACE(3,3,((#4301,#4302,#4303,#4304,#4305,
#4306,#4307,#4308,#4309),(#4310,#4311,#4312,#4313,#4314,#4315,#4316,#4317,
#4318),(#4319,#4320,#4321,#4322,#4323,#4324,#4325,#4326,#4327),(#4328,#4329,
#4330,#4331,#4332,#4333,#4334,#4335,#4336)),.UNSPECIFIED.,.F.,.F.,.F.)B_SPLINE_SURFACE_WITH_KNOTS((4,4),(4,1,1,1,1,1,4),(0.E0,1.E0),(2.671471539077E-2,
1.705862615613E-1,3.414078642747E-1,5.114917495087E-1,6.812033993744E-1,
8.474511473410E-1,9.737909913772E-1),.UNSPECIFIED.)GEOMETRIC_REPRESENTATION_ITEM()RATIONAL_B_SPLINE_SURFACE(((1.547289670692E0,1.547289670692E0,1.547289670692E0,
1.547289670692E0,1.547289670692E0,1.547289670692E0,1.547289670692E0,
1.547289670692E0,1.547289670692E0),(8.175701097695E-1,8.175701097695E-1,
8.175701097695E-1,8.175701097695E-1,8.175701097695E-1,8.175701097695E-1,
8.175701097695E-1,8.175701097695E-1,8.175701097695E-1),(8.175701097695E-1,
8.175701097695E-1,8.175701097695E-1,8.175701097695E-1,8.175701097695E-1,
8.175701097695E-1,8.175701097695E-1,8.175701097695E-1,8.175701097695E-1),(
1.547289670692E0,1.547289670692E0,1.547289670692E0,1.547289670692E0,
1.547289670692E0,1.547289670692E0,1.547289670692E0,1.547289670692E0,
1.547289670692E0)))REPRESENTATION_ITEM('')SURFACE());
#4338=ORIENTED_EDGE('',*,*,#4288,.F.);
#4339=ORIENTED_EDGE('',*,*,#4277,.T.);
#4341=ORIENTED_EDGE('',*,*,#4340,.T.);
#4342=ORIENTED_EDGE('',*,*,#4213,.F.);
#4343=EDGE_LOOP('',(#4338,#4339,#4341,#4342));
#4344=FACE_OUTER_BOUND('',#4343,.F.);
#4345=ADVANCED_FACE('',(#4344),#4337,.T.);
#4346=CARTESIAN_POINT('',(-4.272689432285E1,4.636028772196E1,1.573752113748E0));
#4347=DIRECTION('',(-2.304800857119E-1,9.506059430235E-1,-2.079116908178E-1));
#4348=DIRECTION('',(9.718430452728E-1,2.356291479313E-1,0.E0));
#4349=AXIS2_PLACEMENT_3D('',#4346,#4347,#4348);
#4350=CONICAL_SURFACE('',#4349,2.046286385848E0,1.E0);
#4351=ORIENTED_EDGE('',*,*,#4340,.F.);
#4352=ORIENTED_EDGE('',*,*,#4231,.F.);
#4353=ORIENTED_EDGE('',*,*,#3903,.T.);
#4354=ORIENTED_EDGE('',*,*,#4228,.T.);
#4355=ORIENTED_EDGE('',*,*,#4215,.F.);
#4356=EDGE_LOOP('',(#4351,#4352,#4353,#4354,#4355));
#4357=FACE_OUTER_BOUND('',#4356,.F.);
#4358=ADVANCED_FACE('',(#4357),#4350,.F.);
#4359=CARTESIAN_POINT('',(-4.683114703524E1,4.412702015759E1,
-1.778669662782E1));
#4360=DIRECTION('',(-8.566829502383E-1,-7.781717000219E-2,5.099400070830E-1));
#4361=DIRECTION('',(4.686442787223E-1,2.956904523073E-1,8.324299949156E-1));
#4362=AXIS2_PLACEMENT_3D('',#4359,#4360,#4361);
#4363=PLANE('',#4362);
#4364=ORIENTED_EDGE('',*,*,#4291,.F.);
#4365=ORIENTED_EDGE('',*,*,#3965,.F.);
#4367=ORIENTED_EDGE('',*,*,#4366,.T.);
#4368=ORIENTED_EDGE('',*,*,#3669,.T.);
#4370=ORIENTED_EDGE('',*,*,#4369,.F.);
#4371=EDGE_LOOP('',(#4364,#4365,#4367,#4368,#4370));
#4372=FACE_OUTER_BOUND('',#4371,.F.);
#4373=ADVANCED_FACE('',(#4372),#4363,.F.);
#4374=CARTESIAN_POINT('',(-4.578897005991E1,4.487289923726E1,
-1.597454166976E1));
#4375=CARTESIAN_POINT('',(-4.559534597255E1,4.402133694274E1,
-1.577933752865E1));
#4376=CARTESIAN_POINT('',(-4.540172188519E1,4.316977464823E1,
-1.558413338754E1));
#4377=CARTESIAN_POINT('',(-4.520809779783E1,4.231821235371E1,
-1.538892924643E1));
#4378=CARTESIAN_POINT('',(-4.583965318828E1,4.484471406381E1,
-1.604722417050E1));
#4379=CARTESIAN_POINT('',(-4.564600459163E1,4.399316533410E1,
-1.585198517858E1));
#4380=CARTESIAN_POINT('',(-4.545235599499E1,4.314161660440E1,
-1.565674618666E1));
#4381=CARTESIAN_POINT('',(-4.525870739834E1,4.229006787469E1,
-1.546150719474E1));
#4382=CARTESIAN_POINT('',(-4.653446749557E1,4.446039425625E1,
-1.703416161100E1));
#4383=CARTESIAN_POINT('',(-4.634047458031E1,4.360903564339E1,
-1.683843506779E1));
#4384=CARTESIAN_POINT('',(-4.614648166504E1,4.275767703052E1,
-1.664270852459E1));
#4385=CARTESIAN_POINT('',(-4.595248874978E1,4.190631841766E1,
-1.644698198138E1));
#4386=CARTESIAN_POINT('',(-4.794061507907E1,4.373942845637E1,
-1.877175201340E1));
#4387=CARTESIAN_POINT('',(-4.774568276972E1,4.288856871908E1,
-1.857478589367E1));
#4388=CARTESIAN_POINT('',(-4.755075046036E1,4.203770898178E1,
-1.837781977394E1));
#4389=CARTESIAN_POINT('',(-4.735581815101E1,4.118684924449E1,
-1.818085365420E1));
#4390=CARTESIAN_POINT('',(-4.990366725107E1,4.291755841301E1,
-2.035333750994E1));
#4391=CARTESIAN_POINT('',(-4.970625001644E1,4.206776747123E1,
-2.015423934281E1));
#4392=CARTESIAN_POINT('',(-4.950883278181E1,4.121797652945E1,
-1.995514117569E1));
#4393=CARTESIAN_POINT('',(-4.931141554718E1,4.036818558767E1,
-1.975604300857E1));
#4394=CARTESIAN_POINT('',(-5.163334447752E1,4.232332636883E1,
-2.115283251027E1));
#4395=CARTESIAN_POINT('',(-5.143300059350E1,4.147453982456E1,
-2.095238640626E1));
#4396=CARTESIAN_POINT('',(-5.123265670949E1,4.062575328029E1,
-2.075194030225E1));
#4397=CARTESIAN_POINT('',(-5.103231282547E1,3.977696673601E1,
-2.055149419824E1));
#4398=CARTESIAN_POINT('',(-5.308331418395E1,4.187529843389E1,
-2.159392783792E1));
#4399=CARTESIAN_POINT('',(-5.288141845148E1,4.102698411284E1,
-2.139304295129E1));
#4400=CARTESIAN_POINT('',(-5.267952271901E1,4.017866979179E1,
-2.119215806465E1));
#4401=CARTESIAN_POINT('',(-5.247762698654E1,3.933035547074E1,
-2.099127317801E1));
#4402=CARTESIAN_POINT('',(-5.465999187945E1,4.142226421698E1,
-2.191745081215E1));
#4403=CARTESIAN_POINT('',(-5.445700360222E1,4.057426282522E1,
-2.171634630037E1));
#4404=CARTESIAN_POINT('',(-5.425401532498E1,3.972626143346E1,
-2.151524178859E1));
#4405=CARTESIAN_POINT('',(-5.405102704775E1,3.887826004170E1,
-2.131413727680E1));
#4406=CARTESIAN_POINT('',(-5.686678892390E1,4.082116988876E1,
-2.221941107476E1));
#4407=CARTESIAN_POINT('',(-5.666265714022E1,3.997347875175E1,
-2.201815565979E1));
#4408=CARTESIAN_POINT('',(-5.645852535653E1,3.912578761474E1,
-2.181690024482E1));
#4409=CARTESIAN_POINT('',(-5.625439357284E1,3.827809647772E1,
-2.161564482985E1));
#4410=CARTESIAN_POINT('',(-5.974276681521E1,4.008797468137E1,
-2.238353888556E1));
#4411=CARTESIAN_POINT('',(-5.953759520479E1,3.924054643705E1,
-2.218223418040E1));
#4412=CARTESIAN_POINT('',(-5.933242359436E1,3.839311819274E1,
-2.198092947523E1));
#4413=CARTESIAN_POINT('',(-5.912725198394E1,3.754568994843E1,
-2.177962477007E1));
#4414=CARTESIAN_POINT('',(-6.322218264610E1,3.925175557506E1,
-2.234976874605E1));
#4415=CARTESIAN_POINT('',(-6.301622979759E1,3.840451415822E1,
-2.214847587530E1));
#4416=CARTESIAN_POINT('',(-6.281027694909E1,3.755727274138E1,
-2.194718300455E1));
#4417=CARTESIAN_POINT('',(-6.260432410059E1,3.671003132454E1,
-2.174589013381E1));
#4418=CARTESIAN_POINT('',(-6.683683973192E1,3.841607067253E1,
-2.216363471979E1));
#4419=CARTESIAN_POINT('',(-6.663032342387E1,3.756895922672E1,
-2.196237222236E1));
#4420=CARTESIAN_POINT('',(-6.642380711583E1,3.672184778091E1,
-2.176110972494E1));
#4421=CARTESIAN_POINT('',(-6.621729080778E1,3.587473633510E1,
-2.155984722752E1));
#4422=CARTESIAN_POINT('',(-6.948168817752E1,3.782597954778E1,
-2.192968555543E1));
#4423=CARTESIAN_POINT('',(-6.927479060858E1,3.697895317967E1,
-2.172845671499E1));
#4424=CARTESIAN_POINT('',(-6.906789303964E1,3.613192681156E1,
-2.152722787454E1));
#4425=CARTESIAN_POINT('',(-6.886099547069E1,3.528490044345E1,
-2.132599903409E1));
#4426=CARTESIAN_POINT('',(-7.086826097498E1,3.752280548181E1,
-2.177876403584E1));
#4427=CARTESIAN_POINT('',(-7.066116101741E1,3.667582336615E1,
-2.157755722352E1));
#4428=CARTESIAN_POINT('',(-7.045406105984E1,3.582884125049E1,
-2.137635041120E1));
#4429=CARTESIAN_POINT('',(-7.024696110227E1,3.498185913483E1,
-2.117514359887E1));
#4430=CARTESIAN_POINT('',(-7.095851098510E1,3.750309827881E1,
-2.176882209477E1));
#4431=CARTESIAN_POINT('',(-7.075139784078E1,3.665611904268E1,
-2.156761673491E1));
#4432=CARTESIAN_POINT('',(-7.054428469645E1,3.580913980655E1,
-2.136641137506E1));
#4433=CARTESIAN_POINT('',(-7.033717155212E1,3.496216057042E1,
-2.116520601520E1));
#4434=B_SPLINE_SURFACE_WITH_KNOTS('',3,3,((#4374,#4375,#4376,#4377),(#4378,
#4379,#4380,#4381),(#4382,#4383,#4384,#4385),(#4386,#4387,#4388,#4389),(#4390,
#4391,#4392,#4393),(#4394,#4395,#4396,#4397),(#4398,#4399,#4400,#4401),(#4402,
#4403,#4404,#4405),(#4406,#4407,#4408,#4409),(#4410,#4411,#4412,#4413),(#4414,
#4415,#4416,#4417),(#4418,#4419,#4420,#4421),(#4422,#4423,#4424,#4425),(#4426,
#4427,#4428,#4429),(#4430,#4431,#4432,#4433)),.UNSPECIFIED.,.F.,.F.,.F.,(4,1,1,
1,1,1,1,1,1,1,1,1,4),(4,4),(-9.856011169161E-3,0.E0,1.248054432096E-1,
2.498790156130E-1,3.124158018147E-1,3.749525880164E-1,4.374893742181E-1,
5.000261604198E-1,6.250997328231E-1,7.501733052265E-1,8.752468776299E-1,1.E0,
1.008676623769E0),(-3.683274819042E-2,1.036985076234E0),.UNSPECIFIED.);
#4435=ORIENTED_EDGE('',*,*,#3963,.F.);
#4437=ORIENTED_EDGE('',*,*,#4436,.T.);
#4438=ORIENTED_EDGE('',*,*,#3671,.T.);
#4439=ORIENTED_EDGE('',*,*,#4366,.F.);
#4440=EDGE_LOOP('',(#4435,#4437,#4438,#4439));
#4441=FACE_OUTER_BOUND('',#4440,.F.);
#4442=ADVANCED_FACE('',(#4441),#4434,.F.);
#4443=CARTESIAN_POINT('',(-7.040577129178E1,3.762376533734E1,
-2.182985122151E1));
#4444=CARTESIAN_POINT('',(-7.019873860235E1,3.677676844901E1,
-2.162863738228E1));
#4445=CARTESIAN_POINT('',(-6.999170591292E1,3.592977156067E1,
-2.142742354306E1));
#4446=CARTESIAN_POINT('',(-6.978467322349E1,3.508277467234E1,
-2.122620970384E1));
#4447=CARTESIAN_POINT('',(-7.050028088903E1,3.760301647574E1,
-2.181994995566E1));
#4448=CARTESIAN_POINT('',(-7.029317739118E1,3.675603515832E1,
-2.161874341821E1));
#4449=CARTESIAN_POINT('',(-7.008607389332E1,3.590905384090E1,
-2.141753688077E1));
#4450=CARTESIAN_POINT('',(-6.987897039546E1,3.506207252348E1,
-2.121633034333E1));
#4451=CARTESIAN_POINT('',(-7.155379698037E1,3.737336934210E1,
-2.170206072635E1));
#4452=CARTESIAN_POINT('',(-7.134588918924E1,3.652656348680E1,
-2.150094354533E1));
#4453=CARTESIAN_POINT('',(-7.113798139812E1,3.567975763151E1,
-2.129982636432E1));
#4454=CARTESIAN_POINT('',(-7.093007360700E1,3.483295177621E1,
-2.109870918330E1));
#4455=CARTESIAN_POINT('',(-7.346854351608E1,3.699152523336E1,
-2.132532545818E1));
#4456=CARTESIAN_POINT('',(-7.325886973709E1,3.614507396974E1,
-2.112454470886E1));
#4457=CARTESIAN_POINT('',(-7.304919595810E1,3.529862270612E1,
-2.092376395953E1));
#4458=CARTESIAN_POINT('',(-7.283952217911E1,3.445217144250E1,
-2.072298321021E1));
#4459=CARTESIAN_POINT('',(-7.592332371651E1,3.660387598879E1,
-2.037647898149E1));
#4460=CARTESIAN_POINT('',(-7.571103077083E1,3.575784494592E1,
-2.017668038674E1));
#4461=CARTESIAN_POINT('',(-7.549873782515E1,3.491181390305E1,
-1.997688179199E1));
#4462=CARTESIAN_POINT('',(-7.528644487947E1,3.406578286018E1,
-1.977708319725E1));
#4463=CARTESIAN_POINT('',(-7.798945808801E1,3.637967704485E1,
-1.911114379292E1));
#4464=CARTESIAN_POINT('',(-7.777448310308E1,3.553394001766E1,
-1.891297408003E1));
#4465=CARTESIAN_POINT('',(-7.755950811815E1,3.468820299047E1,
-1.871480436714E1));
#4466=CARTESIAN_POINT('',(-7.734453313323E1,3.384246596328E1,
-1.851663465426E1));
#4467=CARTESIAN_POINT('',(-7.965862279357E1,3.630114842114E1,
-1.761984021691E1));
#4468=CARTESIAN_POINT('',(-7.944175633054E1,3.545549152953E1,
-1.742340090538E1));
#4469=CARTESIAN_POINT('',(-7.922488986752E1,3.460983463793E1,
-1.722696159385E1));
#4470=CARTESIAN_POINT('',(-7.900802340450E1,3.376417774632E1,
-1.703052228232E1));
#4471=CARTESIAN_POINT('',(-8.098812955621E1,3.632627752371E1,
-1.603112384625E1));
#4472=CARTESIAN_POINT('',(-8.076998941789E1,3.548059445436E1,
-1.583621615377E1));
#4473=CARTESIAN_POINT('',(-8.055184927957E1,3.463491138502E1,
-1.564130846129E1));
#4474=CARTESIAN_POINT('',(-8.033370914125E1,3.378922831567E1,
-1.544640076881E1));
#4475=CARTESIAN_POINT('',(-8.198531640460E1,3.639742415653E1,
-1.460040044101E1));
#4476=CARTESIAN_POINT('',(-8.176637661728E1,3.555168202570E1,
-1.440664923649E1));
#4477=CARTESIAN_POINT('',(-8.154743682997E1,3.470593989487E1,
-1.421289803197E1));
#4478=CARTESIAN_POINT('',(-8.132849704266E1,3.386019776404E1,
-1.401914682745E1));
#4479=CARTESIAN_POINT('',(-8.294610005738E1,3.652855096601E1,
-1.293579263729E1));
#4480=CARTESIAN_POINT('',(-8.272648113959E1,3.568271483722E1,
-1.274322405538E1));
#4481=CARTESIAN_POINT('',(-8.250686222181E1,3.483687870843E1,
-1.255065547347E1));
#4482=CARTESIAN_POINT('',(-8.228724330403E1,3.399104257964E1,
-1.235808689156E1));
#4483=CARTESIAN_POINT('',(-8.413597892404E1,3.679157755735E1,
-1.041415461869E1));
#4484=CARTESIAN_POINT('',(-8.391560929852E1,3.594557343386E1,
-1.022318633132E1));
#4485=CARTESIAN_POINT('',(-8.369523967300E1,3.509956931037E1,
-1.003221804395E1));
#4486=CARTESIAN_POINT('',(-8.347487004748E1,3.425356518689E1,
-9.841249756580E0));
#4487=CARTESIAN_POINT('',(-8.540632954577E1,3.731213437966E1,
-6.625839848845E0));
#4488=CARTESIAN_POINT('',(-8.518525015665E1,3.646583386634E1,
-6.437013510838E0));
#4489=CARTESIAN_POINT('',(-8.496417076753E1,3.561953335301E1,
-6.248187172831E0));
#4490=CARTESIAN_POINT('',(-8.474309137841E1,3.477323283969E1,
-6.059360834824E0));
#4491=CARTESIAN_POINT('',(-8.598920786624E1,3.802097299694E1,
-2.738766234457E0));
#4492=CARTESIAN_POINT('',(-8.576784814576E1,3.717430795158E1,
-2.551917356805E0));
#4493=CARTESIAN_POINT('',(-8.554648842528E1,3.632764290621E1,
-2.365068479154E0));
#4494=CARTESIAN_POINT('',(-8.532512870480E1,3.548097786084E1,
-2.178219601503E0));
#4495=CARTESIAN_POINT('',(-8.607610799525E1,3.849054024046E1,
-4.954957397438E-1));
#4496=CARTESIAN_POINT('',(-8.585470884545E1,3.764366211542E1,
-3.096648061764E-1));
#4497=CARTESIAN_POINT('',(-8.563330969565E1,3.679678399038E1,
-1.238338726091E-1));
#4498=CARTESIAN_POINT('',(-8.541191054585E1,3.594990586534E1,
6.199706095832E-2));
#4499=CARTESIAN_POINT('',(-8.608102834245E1,3.851837504388E1,
-3.627760668304E-1));
#4500=CARTESIAN_POINT('',(-8.585962696323E1,3.767148430713E1,
-1.770052674588E-1));
#4501=CARTESIAN_POINT('',(-8.563822558401E1,3.682459357038E1,
8.765531912749E-3));
#4502=CARTESIAN_POINT('',(-8.541682420479E1,3.597770283363E1,
1.945363312843E-1));
#4503=CARTESIAN_POINT('',(-8.608504178061E1,3.854527337567E1,
-2.353434462010E-1));
#4504=CARTESIAN_POINT('',(-8.586363859447E1,3.769837051850E1,
-4.963006637472E-2));
#4505=CARTESIAN_POINT('',(-8.564223540833E1,3.685146766134E1,
1.360833134516E-1));
#4506=CARTESIAN_POINT('',(-8.542083222220E1,3.600456480418E1,
3.217966932779E-1));
#4507=CARTESIAN_POINT('',(-8.608766335176E1,3.856566984161E1,
-1.391813611984E-1));
#4508=CARTESIAN_POINT('',(-8.586625899516E1,3.771875784121E1,
4.648891674699E-2));
#4509=CARTESIAN_POINT('',(-8.564485463856E1,3.687184584081E1,
2.321591946924E-1));
#4510=CARTESIAN_POINT('',(-8.542345028196E1,3.602493384040E1,
4.178294726378E-1));
#4511=B_SPLINE_SURFACE_WITH_KNOTS('',3,3,((#4443,#4444,#4445,#4446),(#4447,
#4448,#4449,#4450),(#4451,#4452,#4453,#4454),(#4455,#4456,#4457,#4458),(#4459,
#4460,#4461,#4462),(#4463,#4464,#4465,#4466),(#4467,#4468,#4469,#4470),(#4471,
#4472,#4473,#4474),(#4475,#4476,#4477,#4478),(#4479,#4480,#4481,#4482),(#4483,
#4484,#4485,#4486),(#4487,#4488,#4489,#4490),(#4491,#4492,#4493,#4494),(#4495,
#4496,#4497,#4498),(#4499,#4500,#4501,#4502),(#4503,#4504,#4505,#4506),(#4507,
#4508,#4509,#4510)),.UNSPECIFIED.,.F.,.F.,.F.,(4,1,1,1,1,1,1,1,1,1,1,1,1,1,4),
(4,4),(-1.219667619870E-2,0.E0,1.243682018969E-1,2.491541767385E-1,
3.739401515801E-1,4.987261264217E-1,5.611191138425E-1,6.235121012633E-1,
6.859050886840E-1,7.482980761048E-1,8.730840509464E-1,9.978700257880E-1,
9.982180325827E-1,1.E0,1.005363469871E0),(-3.683274819042E-2,1.036985076234E0),
.UNSPECIFIED.);
#4512=ORIENTED_EDGE('',*,*,#3961,.F.);
#4514=ORIENTED_EDGE('',*,*,#4513,.T.);
#4515=ORIENTED_EDGE('',*,*,#3673,.T.);
#4516=ORIENTED_EDGE('',*,*,#4436,.F.);
#4517=EDGE_LOOP('',(#4512,#4514,#4515,#4516));
#4518=FACE_OUTER_BOUND('',#4517,.F.);
#4519=ADVANCED_FACE('',(#4518),#4511,.F.);
#4520=CARTESIAN_POINT('',(-8.608512234513E1,3.848390966118E1,
-5.158189833355E-1));
#4521=CARTESIAN_POINT('',(-8.586375180924E1,3.763665788749E1,
-3.316647120350E-1));
#4522=CARTESIAN_POINT('',(-8.564238127335E1,3.678940611380E1,
-1.475104407346E-1));
#4523=CARTESIAN_POINT('',(-8.542101073747E1,3.594215434012E1,
3.664383056587E-2));
#4524=CARTESIAN_POINT('',(-8.608295888840E1,3.849098349102E1,
-4.858745825560E-1));
#4525=CARTESIAN_POINT('',(-8.586158835716E1,3.764373170215E1,
-3.017203755167E-1));
#4526=CARTESIAN_POINT('',(-8.564021782592E1,3.679647991328E1,
-1.175661684774E-1));
#4527=CARTESIAN_POINT('',(-8.541884729467E1,3.594922812442E1,
6.658803856192E-2));
#4528=CARTESIAN_POINT('',(-8.607142378651E1,3.852869658238E1,
-3.262314313049E-1));
#4529=CARTESIAN_POINT('',(-8.585005327996E1,3.768144471277E1,
-1.420775660607E-1));
#4530=CARTESIAN_POINT('',(-8.562868277342E1,3.683419284316E1,
4.207629918355E-2));
#4531=CARTESIAN_POINT('',(-8.540731226687E1,3.598694097355E1,
2.262301644278E-1));
#4532=CARTESIAN_POINT('',(-8.599090696634E1,3.879182516431E1,
7.875783272503E-1));
#4533=CARTESIAN_POINT('',(-8.576953662994E1,3.794457273867E1,
9.717298388467E-1));
#4534=CARTESIAN_POINT('',(-8.554816629354E1,3.709732031303E1,1.155881350443E0));
#4535=CARTESIAN_POINT('',(-8.532679595714E1,3.625006788739E1,1.340032862039E0));
#4536=CARTESIAN_POINT('',(-8.584136759987E1,3.927911005952E1,2.849752270630E0));
#4537=CARTESIAN_POINT('',(-8.561999754653E1,3.843185671169E1,3.033899879616E0));
#4538=CARTESIAN_POINT('',(-8.539862749319E1,3.758460336386E1,3.218047488603E0));
#4539=CARTESIAN_POINT('',(-8.517725743985E1,3.673735001603E1,3.402195097589E0));
#4540=CARTESIAN_POINT('',(-8.563268311236E1,3.995622968312E1,5.714316150717E0));
#4541=CARTESIAN_POINT('',(-8.541131339707E1,3.910897523852E1,5.898459119845E0));
#4542=CARTESIAN_POINT('',(-8.518994368179E1,3.826172079392E1,6.082602088974E0));
#4543=CARTESIAN_POINT('',(-8.496857396650E1,3.741446634932E1,6.266745058102E0));
#4544=CARTESIAN_POINT('',(-8.549075037505E1,4.041501307583E1,7.654608919325E0));
#4545=CARTESIAN_POINT('',(-8.526938088028E1,3.956775791842E1,7.838748873860E0));
#4546=CARTESIAN_POINT('',(-8.504801138551E1,3.872050276102E1,8.022888828395E0));
#4547=CARTESIAN_POINT('',(-8.482664189075E1,3.787324760361E1,8.207028782929E0));
#4548=CARTESIAN_POINT('',(-8.542023555839E1,4.064251363920E1,8.616609304240E0));
#4549=CARTESIAN_POINT('',(-8.519886617381E1,3.979525812630E1,8.800747755561E0));
#4550=CARTESIAN_POINT('',(-8.497749678923E1,3.894800261341E1,8.984886206882E0));
#4551=CARTESIAN_POINT('',(-8.475612740465E1,3.810074710051E1,9.169024658203E0));
#4552=CARTESIAN_POINT('',(-8.541804077197E1,4.064959421830E1,8.646549833267E0));
#4553=CARTESIAN_POINT('',(-8.519667139082E1,3.980233869434E1,8.830688237793E0));
#4554=CARTESIAN_POINT('',(-8.497530200967E1,3.895508317038E1,9.014826642320E0));
#4555=CARTESIAN_POINT('',(-8.475393262852E1,3.810782764642E1,9.198965046847E0));
#4556=B_SPLINE_SURFACE_WITH_KNOTS('',3,3,((#4520,#4521,#4522,#4523),(#4524,
#4525,#4526,#4527),(#4528,#4529,#4530,#4531),(#4532,#4533,#4534,#4535),(#4536,
#4537,#4538,#4539),(#4540,#4541,#4542,#4543),(#4544,#4545,#4546,#4547),(#4548,
#4549,#4550,#4551),(#4552,#4553,#4554,#4555)),.UNSPECIFIED.,.F.,.F.,.F.,(4,1,1,
1,1,1,4),(4,4),(-1.000049124694E-2,0.E0,4.331531902954E-2,3.619771406502E-1,
6.887028190060E-1,1.E0,1.009999795732E0),(-3.683274819042E-2,1.036985076234E0),
.UNSPECIFIED.);
#4557=ORIENTED_EDGE('',*,*,#3959,.F.);
#4559=ORIENTED_EDGE('',*,*,#4558,.T.);
#4560=ORIENTED_EDGE('',*,*,#3659,.T.);
#4561=ORIENTED_EDGE('',*,*,#3675,.T.);
#4562=ORIENTED_EDGE('',*,*,#4513,.F.);
#4563=EDGE_LOOP('',(#4557,#4559,#4560,#4561,#4562));
#4564=FACE_OUTER_BOUND('',#4563,.F.);
#4565=ADVANCED_FACE('',(#4564),#4556,.F.);
#4566=CARTESIAN_POINT('',(-8.543553885953E1,4.059430953370E1,8.413176765959E0));
#4567=CARTESIAN_POINT('',(-8.521416460682E1,3.974707051335E1,8.597385227296E0));
#4568=CARTESIAN_POINT('',(-8.499279035410E1,3.889983149300E1,8.781593688634E0));
#4569=CARTESIAN_POINT('',(-8.477141610138E1,3.805259247265E1,8.965802149972E0));
#4570=CARTESIAN_POINT('',(-8.543224572469E1,4.060559778338E1,8.461137874774E0));
#4571=CARTESIAN_POINT('',(-8.521087647993E1,3.975834137171E1,8.645272371730E0));
#4572=CARTESIAN_POINT('',(-8.498950723517E1,3.891108496003E1,8.829406868685E0));
#4573=CARTESIAN_POINT('',(-8.476813799040E1,3.806382854836E1,9.013541365641E0));
#4574=CARTESIAN_POINT('',(-8.534170811485E1,4.088798611701E1,9.651897812985E0));
#4575=CARTESIAN_POINT('',(-8.512047797480E1,4.004029352184E1,9.834192212569E0));
#4576=CARTESIAN_POINT('',(-8.489924783476E1,3.919260092667E1,1.001648661215E1));
#4577=CARTESIAN_POINT('',(-8.467801769472E1,3.834490833150E1,1.019878101174E1));
#4578=CARTESIAN_POINT('',(-8.474501937152E1,4.151564125995E1,1.186018073606E1));
#4579=CARTESIAN_POINT('',(-8.452476286690E1,4.066692985539E1,1.203889629559E1));
#4580=CARTESIAN_POINT('',(-8.430450636228E1,3.981821845083E1,1.221761185513E1));
#4581=CARTESIAN_POINT('',(-8.408424985766E1,3.896950704627E1,1.239632741467E1));
#4582=CARTESIAN_POINT('',(-8.272765015267E1,4.263636579539E1,1.474796434768E1));
#4583=CARTESIAN_POINT('',(-8.251033557093E1,4.178605301046E1,1.492261939935E1));
#4584=CARTESIAN_POINT('',(-8.229302098918E1,4.093574022553E1,1.509727445101E1));
#4585=CARTESIAN_POINT('',(-8.207570640744E1,4.008542744061E1,1.527192950267E1));
#4586=CARTESIAN_POINT('',(-7.972747156293E1,4.381714704996E1,1.682084566473E1));
#4587=CARTESIAN_POINT('',(-7.951412314759E1,4.296526500856E1,1.699272250728E1));
#4588=CARTESIAN_POINT('',(-7.930077473225E1,4.211338296716E1,1.716459934983E1));
#4589=CARTESIAN_POINT('',(-7.908742631690E1,4.126150092577E1,1.733647619238E1));
#4590=CARTESIAN_POINT('',(-7.729872113986E1,4.455545237303E1,1.750411086082E1));
#4591=CARTESIAN_POINT('',(-7.708871822936E1,4.370255726748E1,1.767506446253E1));
#4592=CARTESIAN_POINT('',(-7.687871531887E1,4.284966216192E1,1.784601806424E1));
#4593=CARTESIAN_POINT('',(-7.666871240838E1,4.199676705637E1,1.801697166595E1));
#4594=CARTESIAN_POINT('',(-7.594253245130E1,4.491053802117E1,1.762421974998E1));
#4595=CARTESIAN_POINT('',(-7.573426323478E1,4.405718909926E1,1.779502031270E1));
#4596=CARTESIAN_POINT('',(-7.552599401826E1,4.320384017734E1,1.796582087542E1));
#4597=CARTESIAN_POINT('',(-7.531772480174E1,4.235049125543E1,1.813662143814E1));
#4598=CARTESIAN_POINT('',(-7.589452376813E1,4.492304253584E1,1.762817248849E1));
#4599=CARTESIAN_POINT('',(-7.568631576356E1,4.406967767865E1,1.779896804893E1));
#4600=CARTESIAN_POINT('',(-7.547810775899E1,4.321631282146E1,1.796976360937E1));
#4601=CARTESIAN_POINT('',(-7.526989975443E1,4.236294796427E1,1.814055916981E1));
#4602=B_SPLINE_SURFACE_WITH_KNOTS('',3,3,((#4566,#4567,#4568,#4569),(#4570,
#4571,#4572,#4573),(#4574,#4575,#4576,#4577),(#4578,#4579,#4580,#4581),(#4582,
#4583,#4584,#4585),(#4586,#4587,#4588,#4589),(#4590,#4591,#4592,#4593),(#4594,
#4595,#4596,#4597),(#4598,#4599,#4600,#4601)),.UNSPECIFIED.,.F.,.F.,.F.,(4,1,1,
1,1,1,4),(4,4),(-1.043932343465E-2,0.E0,2.493152198184E-1,4.992074875729E-1,
7.490997553274E-1,1.E0,1.009178510632E0),(-3.683274819042E-2,1.036985076234E0),
.UNSPECIFIED.);
#4603=ORIENTED_EDGE('',*,*,#3957,.F.);
#4605=ORIENTED_EDGE('',*,*,#4604,.T.);
#4606=ORIENTED_EDGE('',*,*,#3661,.T.);
#4607=ORIENTED_EDGE('',*,*,#4558,.F.);
#4608=EDGE_LOOP('',(#4603,#4605,#4606,#4607));
#4609=FACE_OUTER_BOUND('',#4608,.F.);
#4610=ADVANCED_FACE('',(#4609),#4602,.F.);
#4611=CARTESIAN_POINT('',(-7.629532503676E1,4.481662004504E1,1.758589905285E1));
#4612=CARTESIAN_POINT('',(-7.608664026250E1,4.396338104883E1,1.775674154803E1));
#4613=CARTESIAN_POINT('',(-7.587795548825E1,4.311014205263E1,1.792758404322E1));
#4614=CARTESIAN_POINT('',(-7.566927071400E1,4.225690305642E1,1.809842653840E1));
#4615=CARTESIAN_POINT('',(-7.620962739784E1,4.483955096303E1,1.759574298103E1));
#4616=CARTESIAN_POINT('',(-7.600094212951E1,4.398631209902E1,1.776658553297E1));
#4617=CARTESIAN_POINT('',(-7.579225686117E1,4.313307323502E1,1.793742808490E1));
#4618=CARTESIAN_POINT('',(-7.558357159283E1,4.227983437102E1,1.810827063683E1));
#4619=CARTESIAN_POINT('',(-7.181605874262E1,4.601522831415E1,1.810064867637E1));
#4620=CARTESIAN_POINT('',(-7.160734822980E1,4.516199620531E1,1.827149412926E1));
#4621=CARTESIAN_POINT('',(-7.139863771697E1,4.430876409647E1,1.844233958214E1));
#4622=CARTESIAN_POINT('',(-7.118992720414E1,4.345553198762E1,1.861318503503E1));
#4623=CARTESIAN_POINT('',(-6.320578203915E1,4.832406153593E1,1.911210343694E1));
#4624=CARTESIAN_POINT('',(-6.299703075791E1,4.747084036647E1,1.928295371273E1));
#4625=CARTESIAN_POINT('',(-6.278827947667E1,4.661761919702E1,1.945380398852E1));
#4626=CARTESIAN_POINT('',(-6.257952819543E1,4.576439802756E1,1.962465426430E1));
#4627=CARTESIAN_POINT('',(-5.449688399940E1,5.066463066767E1,2.015933343721E1));
#4628=CARTESIAN_POINT('',(-5.428812629005E1,4.981141122663E1,2.033018448974E1));
#4629=CARTESIAN_POINT('',(-5.407936858070E1,4.895819178560E1,2.050103554228E1));
#4630=CARTESIAN_POINT('',(-5.387061087135E1,4.810497234456E1,2.067188659482E1));
#4631=CARTESIAN_POINT('',(-5.020362439371E1,5.181743950067E1,2.067087795640E1));
#4632=CARTESIAN_POINT('',(-4.999487752734E1,5.096421714804E1,2.084172771665E1));
#4633=CARTESIAN_POINT('',(-4.978613066097E1,5.011099479542E1,2.101257747690E1));
#4634=CARTESIAN_POINT('',(-4.957738379460E1,4.925777244279E1,2.118342723715E1));
#4635=CARTESIAN_POINT('',(-5.011806399819E1,5.184041340890E1,2.068107058383E1));
#4636=CARTESIAN_POINT('',(-4.990931735349E1,5.098719099675E1,2.085192031765E1));
#4637=CARTESIAN_POINT('',(-4.970057070879E1,5.013396858460E1,2.102277005148E1));
#4638=CARTESIAN_POINT('',(-4.949182406409E1,4.928074617245E1,2.119361978531E1));
#4639=B_SPLINE_SURFACE_WITH_KNOTS('',3,3,((#4611,#4612,#4613,#4614),(#4615,
#4616,#4617,#4618),(#4619,#4620,#4621,#4622),(#4623,#4624,#4625,#4626),(#4627,
#4628,#4629,#4630),(#4631,#4632,#4633,#4634),(#4635,#4636,#4637,#4638)),
.UNSPECIFIED.,.F.,.F.,.F.,(4,1,1,1,4),(4,4),(-1.024234050472E-2,0.E0,
5.146749330031E-1,1.E0,1.009867655434E0),(-3.683274819042E-2,1.036985076234E0),
.UNSPECIFIED.);
#4640=ORIENTED_EDGE('',*,*,#3955,.F.);
#4642=ORIENTED_EDGE('',*,*,#4641,.T.);
#4643=ORIENTED_EDGE('',*,*,#3663,.T.);
#4644=ORIENTED_EDGE('',*,*,#4604,.F.);
#4645=EDGE_LOOP('',(#4640,#4642,#4643,#4644));
#4646=FACE_OUTER_BOUND('',#4645,.F.);
#4647=ADVANCED_FACE('',(#4646),#4639,.F.);
#4648=CARTESIAN_POINT('',(-3.902910435855E1,5.065793472265E1,2.981942553225E0));
#4649=CARTESIAN_POINT('',(-3.883553800005E1,4.980263978800E1,3.160144453993E0));
#4650=CARTESIAN_POINT('',(-3.864197164156E1,4.894734485335E1,3.338346354762E0));
#4651=CARTESIAN_POINT('',(-3.844840528306E1,4.809204991871E1,3.516548255530E0));
#4652=CARTESIAN_POINT('',(-3.907245139716E1,5.066219060100E1,3.049453391004E0));
#4653=CARTESIAN_POINT('',(-3.887888503867E1,4.980689566636E1,3.227655291772E0));
#4654=CARTESIAN_POINT('',(-3.868531868017E1,4.895160073171E1,3.405857192541E0));
#4655=CARTESIAN_POINT('',(-3.849175232167E1,4.809630579706E1,3.584059093309E0));
#4656=CARTESIAN_POINT('',(-4.287464742209E1,5.103549600491E1,8.971182931023E0));
#4657=CARTESIAN_POINT('',(-4.268108106360E1,5.018020107026E1,9.149384831791E0));
#4658=CARTESIAN_POINT('',(-4.248751470510E1,4.932490613561E1,9.327586732560E0));
#4659=CARTESIAN_POINT('',(-4.229394834660E1,4.846961120096E1,9.505788633328E0));
#4660=CARTESIAN_POINT('',(-4.673014205835E1,5.141403434774E1,1.497592238401E1));
#4661=CARTESIAN_POINT('',(-4.653657569985E1,5.055873941310E1,1.515412428478E1));
#4662=CARTESIAN_POINT('',(-4.634300934136E1,4.970344447845E1,1.533232618555E1));
#4663=CARTESIAN_POINT('',(-4.614944298286E1,4.884814954380E1,1.551052808632E1));
#4664=CARTESIAN_POINT('',(-5.054228965599E1,5.178831681223E1,2.091315099922E1));
#4665=CARTESIAN_POINT('',(-5.034872329750E1,5.093302187758E1,2.109135289999E1));
#4666=CARTESIAN_POINT('',(-5.015515693900E1,5.007772694293E1,2.126955480076E1));
#4667=CARTESIAN_POINT('',(-4.996159058050E1,4.922243200828E1,2.144775670153E1));
#4668=CARTESIAN_POINT('',(-5.059558826732E1,5.179354975117E1,2.099616091219E1));
#4669=CARTESIAN_POINT('',(-5.040202190882E1,5.093825481652E1,2.117436281296E1));
#4670=CARTESIAN_POINT('',(-5.020845555032E1,5.008295988187E1,2.135256471373E1));
#4671=CARTESIAN_POINT('',(-5.001488919183E1,4.922766494722E1,2.153076661450E1));
#4672=B_SPLINE_SURFACE_WITH_KNOTS('',3,3,((#4648,#4649,#4650,#4651),(#4652,
#4653,#4654,#4655),(#4656,#4657,#4658,#4659),(#4660,#4661,#4662,#4663),(#4664,
#4665,#4666,#4667),(#4668,#4669,#4670,#4671)),.UNSPECIFIED.,.F.,.F.,.F.,(4,1,1,
4),(4,4),(-1.153199789975E-2,0.E0,1.E0,1.014179503226E0),(-3.683274819042E-2,
1.036985076234E0),.UNSPECIFIED.);
#4673=ORIENTED_EDGE('',*,*,#4295,.T.);
#4675=ORIENTED_EDGE('',*,*,#4674,.T.);
#4676=ORIENTED_EDGE('',*,*,#3665,.T.);
#4677=ORIENTED_EDGE('',*,*,#4641,.F.);
#4678=ORIENTED_EDGE('',*,*,#3953,.F.);
#4679=EDGE_LOOP('',(#4673,#4675,#4676,#4677,#4678));
#4680=FACE_OUTER_BOUND('',#4679,.F.);
#4681=ADVANCED_FACE('',(#4680),#4672,.T.);
#4682=CARTESIAN_POINT('',(-4.457878939417E1,4.712499510095E1,
1.319656781419E-1));
#4683=DIRECTION('',(-2.304800857119E-1,9.506059430235E-1,-2.079116908178E-1));
#4684=DIRECTION('',(-9.718430452728E-1,-2.356291479313E-1,0.E0));
#4685=AXIS2_PLACEMENT_3D('',#4682,#4683,#4684);
#4686=CONICAL_SURFACE('',#4685,6.975654894479E0,1.E0);
#4687=ORIENTED_EDGE('',*,*,#4293,.F.);
#4688=ORIENTED_EDGE('',*,*,#4369,.T.);
#4689=ORIENTED_EDGE('',*,*,#3667,.T.);
#4690=ORIENTED_EDGE('',*,*,#4674,.F.);
#4691=EDGE_LOOP('',(#4687,#4688,#4689,#4690));
#4692=FACE_OUTER_BOUND('',#4691,.F.);
#4693=ADVANCED_FACE('',(#4692),#4686,.T.);
#4694=CARTESIAN_POINT('',(-6.054519680061E1,4.837320218712E1,1.683021793578E1));
#4695=DIRECTION('',(1.615319734129E-1,-1.733232450070E-1,-9.715279071162E-1));
#4696=DIRECTION('',(-9.595761312452E-1,-2.575022210171E-1,-1.136056975495E-1));
#4697=AXIS2_PLACEMENT_3D('',#4694,#4695,#4696);
#4698=PLANE('',#4697);
#4700=ORIENTED_EDGE('',*,*,#4699,.T.);
#4702=ORIENTED_EDGE('',*,*,#4701,.T.);
#4704=ORIENTED_EDGE('',*,*,#4703,.F.);
#4705=ORIENTED_EDGE('',*,*,#4176,.F.);
#4706=EDGE_LOOP('',(#4700,#4702,#4704,#4705));
#4707=FACE_OUTER_BOUND('',#4706,.F.);
#4708=ADVANCED_FACE('',(#4707),#4698,.F.);
#4709=CARTESIAN_POINT('',(-6.049479551036E1,4.831903023359E1,1.652666273686E1));
#4710=DIRECTION('',(-9.596128769140E-1,-2.574627596941E-1,-1.133845396491E-1));
#4711=DIRECTION('',(-1.613135349281E-1,1.733818573530E-1,9.715537427183E-1));
#4712=AXIS2_PLACEMENT_3D('',#4709,#4710,#4711);
#4713=PLANE('',#4712);
#4714=ORIENTED_EDGE('',*,*,#4699,.F.);
#4715=ORIENTED_EDGE('',*,*,#4182,.F.);
#4717=ORIENTED_EDGE('',*,*,#4716,.T.);
#4719=ORIENTED_EDGE('',*,*,#4718,.T.);
#4720=EDGE_LOOP('',(#4714,#4715,#4717,#4719));
#4721=FACE_OUTER_BOUND('',#4720,.F.);
#4722=ADVANCED_FACE('',(#4721),#4713,.F.);
#4723=CARTESIAN_POINT('',(-6.123035581544E1,4.812164265164E1,1.643957861833E1));
#4724=DIRECTION('',(-1.615319734129E-1,1.733232450070E-1,9.715279071162E-1));
#4725=DIRECTION('',(9.595761312452E-1,2.575022210171E-1,1.136056975495E-1));
#4726=AXIS2_PLACEMENT_3D('',#4723,#4724,#4725);
#4727=PLANE('',#4726);
#4729=ORIENTED_EDGE('',*,*,#4728,.T.);
#4731=ORIENTED_EDGE('',*,*,#4730,.T.);
#4732=ORIENTED_EDGE('',*,*,#4716,.F.);
#4733=ORIENTED_EDGE('',*,*,#4180,.F.);
#4734=EDGE_LOOP('',(#4729,#4731,#4732,#4733));
#4735=FACE_OUTER_BOUND('',#4734,.F.);
#4736=ADVANCED_FACE('',(#4735),#4727,.F.);
#4737=CARTESIAN_POINT('',(-6.138617179910E1,4.814752657590E1,1.673065360918E1));
#4738=DIRECTION('',(8.517667618934E-1,3.003988849510E-1,4.292480556203E-1));
#4739=DIRECTION('',(4.705021927938E-1,-7.815913899660E-2,-8.789305066770E-1));
#4740=AXIS2_PLACEMENT_3D('',#4737,#4738,#4739);
#4741=PLANE('',#4740);
#4742=ORIENTED_EDGE('',*,*,#4703,.T.);
#4744=ORIENTED_EDGE('',*,*,#4743,.T.);
#4745=ORIENTED_EDGE('',*,*,#4728,.F.);
#4746=ORIENTED_EDGE('',*,*,#4178,.F.);
#4747=EDGE_LOOP('',(#4742,#4744,#4745,#4746));
#4748=FACE_OUTER_BOUND('',#4747,.F.);
#4749=ADVANCED_FACE('',(#4748),#4741,.F.);
#4750=CARTESIAN_POINT('',(-7.272960554795E1,4.176554897684E1,
8.474185769765E-1));
#4751=DIRECTION('',(-2.304800857119E-1,9.506059430235E-1,-2.079116908178E-1));
#4752=DIRECTION('',(-9.597221767196E-1,-2.573449858095E-1,-1.127248942839E-1));
#4753=AXIS2_PLACEMENT_3D('',#4750,#4751,#4752);
#4754=PLANE('',#4753);
#4756=ORIENTED_EDGE('',*,*,#4755,.F.);
#4758=ORIENTED_EDGE('',*,*,#4757,.F.);
#4760=ORIENTED_EDGE('',*,*,#4759,.F.);
#4762=ORIENTED_EDGE('',*,*,#4761,.F.);
#4764=ORIENTED_EDGE('',*,*,#4763,.F.);
#4766=ORIENTED_EDGE('',*,*,#4765,.F.);
#4768=ORIENTED_EDGE('',*,*,#4767,.F.);
#4770=ORIENTED_EDGE('',*,*,#4769,.F.);
#4772=ORIENTED_EDGE('',*,*,#4771,.F.);
#4774=ORIENTED_EDGE('',*,*,#4773,.F.);
#4776=ORIENTED_EDGE('',*,*,#4775,.F.);
#4778=ORIENTED_EDGE('',*,*,#4777,.F.);
#4780=ORIENTED_EDGE('',*,*,#4779,.F.);
#4782=ORIENTED_EDGE('',*,*,#4781,.F.);
#4784=ORIENTED_EDGE('',*,*,#4783,.F.);
#4786=ORIENTED_EDGE('',*,*,#4785,.F.);
#4787=EDGE_LOOP('',(#4756,#4758,#4760,#4762,#4764,#4766,#4768,#4770,#4772,#4774,
#4776,#4778,#4780,#4782,#4784,#4786));
#4788=FACE_OUTER_BOUND('',#4787,.F.);
#4789=ADVANCED_FACE('',(#4788),#4754,.T.);
#4790=CARTESIAN_POINT('',(-7.272960554795E1,4.176554897684E1,
8.474185769765E-1));
#4791=DIRECTION('',(-2.304800857119E-1,9.506059430235E-1,-2.079116908178E-1));
#4792=DIRECTION('',(-9.597221767196E-1,-2.573449858095E-1,-1.127248942839E-1));
#4793=AXIS2_PLACEMENT_3D('',#4790,#4791,#4792);
#4794=PLANE('',#4793);
#4796=ORIENTED_EDGE('',*,*,#4795,.F.);
#4798=ORIENTED_EDGE('',*,*,#4797,.F.);
#4800=ORIENTED_EDGE('',*,*,#4799,.F.);
#4802=ORIENTED_EDGE('',*,*,#4801,.F.);
#4804=ORIENTED_EDGE('',*,*,#4803,.F.);
#4806=ORIENTED_EDGE('',*,*,#4805,.F.);
#4808=ORIENTED_EDGE('',*,*,#4807,.F.);
#4810=ORIENTED_EDGE('',*,*,#4809,.F.);
#4812=ORIENTED_EDGE('',*,*,#4811,.F.);
#4814=ORIENTED_EDGE('',*,*,#4813,.F.);
#4816=ORIENTED_EDGE('',*,*,#4815,.F.);
#4818=ORIENTED_EDGE('',*,*,#4817,.F.);
#4820=ORIENTED_EDGE('',*,*,#4819,.F.);
#4822=ORIENTED_EDGE('',*,*,#4821,.F.);
#4824=ORIENTED_EDGE('',*,*,#4823,.F.);
#4826=ORIENTED_EDGE('',*,*,#4825,.F.);
#4827=EDGE_LOOP('',(#4796,#4798,#4800,#4802,#4804,#4806,#4808,#4810,#4812,#4814,
#4816,#4818,#4820,#4822,#4824,#4826));
#4828=FACE_OUTER_BOUND('',#4827,.F.);
#4829=ADVANCED_FACE('',(#4828),#4794,.T.);
#4830=CARTESIAN_POINT('',(-7.272960554795E1,4.176554897684E1,
8.474185769765E-1));
#4831=DIRECTION('',(-2.304800857119E-1,9.506059430235E-1,-2.079116908178E-1));
#4832=DIRECTION('',(-9.597221767196E-1,-2.573449858095E-1,-1.127248942839E-1));
#4833=AXIS2_PLACEMENT_3D('',#4830,#4831,#4832);
#4834=PLANE('',#4833);
#4836=ORIENTED_EDGE('',*,*,#4835,.F.);
#4838=ORIENTED_EDGE('',*,*,#4837,.F.);
#4840=ORIENTED_EDGE('',*,*,#4839,.F.);
#4842=ORIENTED_EDGE('',*,*,#4841,.F.);
#4844=ORIENTED_EDGE('',*,*,#4843,.F.);
#4846=ORIENTED_EDGE('',*,*,#4845,.F.);
#4848=ORIENTED_EDGE('',*,*,#4847,.F.);
#4850=ORIENTED_EDGE('',*,*,#4849,.F.);
#4852=ORIENTED_EDGE('',*,*,#4851,.F.);
#4854=ORIENTED_EDGE('',*,*,#4853,.F.);
#4856=ORIENTED_EDGE('',*,*,#4855,.F.);
#4858=ORIENTED_EDGE('',*,*,#4857,.F.);
#4859=EDGE_LOOP('',(#4836,#4838,#4840,#4842,#4844,#4846,#4848,#4850,#4852,#4854,
#4856,#4858));
#4860=FACE_OUTER_BOUND('',#4859,.F.);
#4861=ADVANCED_FACE('',(#4860),#4834,.T.);
#4862=CARTESIAN_POINT('',(-7.272960554795E1,4.176554897684E1,
8.474185769765E-1));
#4863=DIRECTION('',(-2.304800857119E-1,9.506059430235E-1,-2.079116908178E-1));
#4864=DIRECTION('',(-9.597221767196E-1,-2.573449858095E-1,-1.127248942839E-1));
#4865=AXIS2_PLACEMENT_3D('',#4862,#4863,#4864);
#4866=PLANE('',#4865);
#4868=ORIENTED_EDGE('',*,*,#4867,.F.);
#4870=ORIENTED_EDGE('',*,*,#4869,.F.);
#4872=ORIENTED_EDGE('',*,*,#4871,.F.);
#4874=ORIENTED_EDGE('',*,*,#4873,.F.);
#4876=ORIENTED_EDGE('',*,*,#4875,.F.);
#4878=ORIENTED_EDGE('',*,*,#4877,.F.);
#4880=ORIENTED_EDGE('',*,*,#4879,.F.);
#4881=EDGE_LOOP('',(#4868,#4870,#4872,#4874,#4876,#4878,#4880));
#4882=FACE_OUTER_BOUND('',#4881,.F.);
#4884=ORIENTED_EDGE('',*,*,#4883,.F.);
#4886=ORIENTED_EDGE('',*,*,#4885,.F.);
#4888=ORIENTED_EDGE('',*,*,#4887,.F.);
#4890=ORIENTED_EDGE('',*,*,#4889,.F.);
#4891=EDGE_LOOP('',(#4884,#4886,#4888,#4890));
#4892=FACE_BOUND('',#4891,.F.);
#4893=ORIENTED_EDGE('',*,*,#4701,.F.);
#4894=ORIENTED_EDGE('',*,*,#4718,.F.);
#4895=ORIENTED_EDGE('',*,*,#4730,.F.);
#4896=ORIENTED_EDGE('',*,*,#4743,.F.);
#4897=EDGE_LOOP('',(#4893,#4894,#4895,#4896));
#4898=FACE_BOUND('',#4897,.F.);
#4899=ADVANCED_FACE('',(#4882,#4892,#4898),#4866,.T.);
#4900=CARTESIAN_POINT('',(-6.526082040345E1,4.724315903539E1,1.689097255816E1));
#4901=DIRECTION('',(-1.615319734129E-1,1.733232450070E-1,9.715279071162E-1));
#4902=DIRECTION('',(9.595761312452E-1,2.575022210171E-1,1.136056975495E-1));
#4903=AXIS2_PLACEMENT_3D('',#4900,#4901,#4902);
#4904=PLANE('',#4903);
#4906=ORIENTED_EDGE('',*,*,#4905,.T.);
#4907=ORIENTED_EDGE('',*,*,#4755,.T.);
#4909=ORIENTED_EDGE('',*,*,#4908,.F.);
#4910=ORIENTED_EDGE('',*,*,#4047,.F.);
#4911=EDGE_LOOP('',(#4906,#4907,#4909,#4910));
#4912=FACE_OUTER_BOUND('',#4911,.F.);
#4913=ADVANCED_FACE('',(#4912),#4904,.F.);
#4914=CARTESIAN_POINT('',(-6.495153098488E1,4.719076256399E1,1.630854523849E1));
#4915=DIRECTION('',(-8.533996954288E-1,-3.001249462048E-1,-4.261853781017E-1));
#4916=DIRECTION('',(-4.675338382752E-1,7.920453114592E-2,8.804196455746E-1));
#4917=AXIS2_PLACEMENT_3D('',#4914,#4915,#4916);
#4918=PLANE('',#4917);
#4919=ORIENTED_EDGE('',*,*,#4905,.F.);
#4920=ORIENTED_EDGE('',*,*,#4077,.F.);
#4922=ORIENTED_EDGE('',*,*,#4921,.T.);
#4923=ORIENTED_EDGE('',*,*,#4757,.T.);
#4924=EDGE_LOOP('',(#4919,#4920,#4922,#4923));
#4925=FACE_OUTER_BOUND('',#4924,.F.);
#4926=ADVANCED_FACE('',(#4925),#4918,.F.);
#4927=CARTESIAN_POINT('',(-6.327192353665E1,4.764148516356E1,1.650739655373E1));
#4928=DIRECTION('',(1.615319734129E-1,-1.733232450070E-1,-9.715279071162E-1));
#4929=DIRECTION('',(-9.595761312452E-1,-2.575022210171E-1,-1.136056975495E-1));
#4930=AXIS2_PLACEMENT_3D('',#4927,#4928,#4929);
#4931=PLANE('',#4930);
#4933=ORIENTED_EDGE('',*,*,#4932,.T.);
#4934=ORIENTED_EDGE('',*,*,#4759,.T.);
#4935=ORIENTED_EDGE('',*,*,#4921,.F.);
#4936=ORIENTED_EDGE('',*,*,#4075,.F.);
#4937=EDGE_LOOP('',(#4933,#4934,#4935,#4936));
#4938=FACE_OUTER_BOUND('',#4937,.F.);
#4939=ADVANCED_FACE('',(#4938),#4931,.F.);
#4940=CARTESIAN_POINT('',(-6.311610755299E1,4.761560123929E1,1.621632156287E1));
#4941=DIRECTION('',(-8.517667618934E-1,-3.003988849510E-1,-4.292480556203E-1));
#4942=DIRECTION('',(-4.705021927939E-1,7.815913899659E-2,8.789305066770E-1));
#4943=AXIS2_PLACEMENT_3D('',#4940,#4941,#4942);
#4944=PLANE('',#4943);
#4946=ORIENTED_EDGE('',*,*,#4945,.T.);
#4947=ORIENTED_EDGE('',*,*,#4761,.T.);
#4948=ORIENTED_EDGE('',*,*,#4932,.F.);
#4949=ORIENTED_EDGE('',*,*,#4073,.F.);
#4950=EDGE_LOOP('',(#4946,#4947,#4948,#4949));
#4951=FACE_OUTER_BOUND('',#4950,.F.);
#4952=ADVANCED_FACE('',(#4951),#4944,.F.);
#4953=CARTESIAN_POINT('',(-6.448181346975E1,4.724911410464E1,1.605463353389E1));
#4954=DIRECTION('',(-1.615319734129E-1,1.733232450070E-1,9.715279071162E-1));
#4955=DIRECTION('',(9.595761312452E-1,2.575022210171E-1,1.136056975495E-1));
#4956=AXIS2_PLACEMENT_3D('',#4953,#4954,#4955);
#4957=PLANE('',#4956);
#4959=ORIENTED_EDGE('',*,*,#4958,.T.);
#4960=ORIENTED_EDGE('',*,*,#4763,.T.);
#4961=ORIENTED_EDGE('',*,*,#4945,.F.);
#4962=ORIENTED_EDGE('',*,*,#4071,.F.);
#4963=EDGE_LOOP('',(#4959,#4960,#4961,#4962));
#4964=FACE_OUTER_BOUND('',#4963,.F.);
#4965=ADVANCED_FACE('',(#4964),#4957,.F.);
#4966=CARTESIAN_POINT('',(-6.463989901756E1,4.713899471546E1,1.572639525678E1));
#4967=DIRECTION('',(-8.799759102656E-1,-1.124129184291E-1,4.615254414683E-1));
#4968=DIRECTION('',(4.153568675759E-1,2.893297026901E-1,8.624192690906E-1));
#4969=AXIS2_PLACEMENT_3D('',#4966,#4967,#4968);
#4970=PLANE('',#4969);
#4972=ORIENTED_EDGE('',*,*,#4971,.T.);
#4973=ORIENTED_EDGE('',*,*,#4765,.T.);
#4974=ORIENTED_EDGE('',*,*,#4958,.F.);
#4975=ORIENTED_EDGE('',*,*,#4069,.F.);
#4976=EDGE_LOOP('',(#4972,#4973,#4974,#4975));
#4977=FACE_OUTER_BOUND('',#4976,.F.);
#4978=ADVANCED_FACE('',(#4977),#4970,.F.);
#4979=CARTESIAN_POINT('',(-6.433060959899E1,4.708659824406E1,1.514396793712E1));
#4980=DIRECTION('',(-8.533996954288E-1,-3.001249462048E-1,-4.261853781017E-1));
#4981=DIRECTION('',(-4.675338382752E-1,7.920453114592E-2,8.804196455746E-1));
#4982=AXIS2_PLACEMENT_3D('',#4979,#4980,#4981);
#4983=PLANE('',#4982);
#4985=ORIENTED_EDGE('',*,*,#4984,.T.);
#4986=ORIENTED_EDGE('',*,*,#4767,.T.);
#4987=ORIENTED_EDGE('',*,*,#4971,.F.);
#4988=ORIENTED_EDGE('',*,*,#4067,.F.);
#4989=EDGE_LOOP('',(#4985,#4986,#4987,#4988));
#4990=FACE_OUTER_BOUND('',#4989,.F.);
#4991=ADVANCED_FACE('',(#4990),#4983,.F.);
#4992=CARTESIAN_POINT('',(-6.338883201999E1,4.720392994823E1,1.463642186587E1));
#4993=DIRECTION('',(-4.256274494231E-1,-2.906255403437E-1,-8.569586160355E-1));
#4994=DIRECTION('',(-8.750544008162E-1,-1.090189726074E-1,4.715873823840E-1));
#4995=AXIS2_PLACEMENT_3D('',#4992,#4993,#4994);
#4996=PLANE('',#4995);
#4998=ORIENTED_EDGE('',*,*,#4997,.T.);
#4999=ORIENTED_EDGE('',*,*,#4769,.T.);
#5000=ORIENTED_EDGE('',*,*,#4984,.F.);
#5001=ORIENTED_EDGE('',*,*,#4065,.F.);
#5002=EDGE_LOOP('',(#4998,#4999,#5000,#5001));
#5003=FACE_OUTER_BOUND('',#5002,.F.);
#5004=ADVANCED_FACE('',(#5003),#4996,.F.);
#5005=CARTESIAN_POINT('',(-6.150073773370E1,4.771059998344E1,1.485995625928E1));
#5006=DIRECTION('',(1.615319734129E-1,-1.733232450070E-1,-9.715279071162E-1));
#5007=DIRECTION('',(-9.595761312452E-1,-2.575022210171E-1,-1.136056975495E-1));
#5008=AXIS2_PLACEMENT_3D('',#5005,#5006,#5007);
#5009=PLANE('',#5008);
#5011=ORIENTED_EDGE('',*,*,#5010,.T.);
#5012=ORIENTED_EDGE('',*,*,#4771,.T.);
#5013=ORIENTED_EDGE('',*,*,#4997,.F.);
#5014=ORIENTED_EDGE('',*,*,#4063,.F.);
#5015=EDGE_LOOP('',(#5011,#5012,#5013,#5014));
#5016=FACE_OUTER_BOUND('',#5015,.F.);
#5017=ADVANCED_FACE('',(#5016),#5009,.F.);
#5018=CARTESIAN_POINT('',(-6.181236970102E1,4.776236783197E1,1.544210624099E1));
#5019=DIRECTION('',(8.517667618934E-1,3.003988849510E-1,4.292480556203E-1));
#5020=DIRECTION('',(4.705021927939E-1,-7.815913899659E-2,-8.789305066770E-1));
#5021=AXIS2_PLACEMENT_3D('',#5018,#5019,#5020);
#5022=PLANE('',#5021);
#5024=ORIENTED_EDGE('',*,*,#5023,.T.);
#5025=ORIENTED_EDGE('',*,*,#4773,.T.);
#5026=ORIENTED_EDGE('',*,*,#5010,.F.);
#5027=ORIENTED_EDGE('',*,*,#4061,.F.);
#5028=EDGE_LOOP('',(#5024,#5025,#5026,#5027));
#5029=FACE_OUTER_BOUND('',#5028,.F.);
#5030=ADVANCED_FACE('',(#5029),#5022,.F.);
#5031=CARTESIAN_POINT('',(-6.348963460050E1,4.731227385528E1,1.524353226371E1));
#5032=DIRECTION('',(-1.615319734129E-1,1.733232450070E-1,9.715279071162E-1));
#5033=DIRECTION('',(9.595761312452E-1,2.575022210171E-1,1.136056975495E-1));
#5034=AXIS2_PLACEMENT_3D('',#5031,#5032,#5033);
#5035=PLANE('',#5034);
#5037=ORIENTED_EDGE('',*,*,#5036,.T.);
#5038=ORIENTED_EDGE('',*,*,#4775,.T.);
#5039=ORIENTED_EDGE('',*,*,#5023,.F.);
#5040=ORIENTED_EDGE('',*,*,#4059,.F.);
#5041=EDGE_LOOP('',(#5037,#5038,#5039,#5040));
#5042=FACE_OUTER_BOUND('',#5041,.F.);
#5043=ADVANCED_FACE('',(#5042),#5035,.F.);
#5044=CARTESIAN_POINT('',(-6.364545058416E1,4.733815777954E1,1.553460725457E1));
#5045=DIRECTION('',(8.517667618934E-1,3.003988849510E-1,4.292480556203E-1));
#5046=DIRECTION('',(4.705021927939E-1,-7.815913899658E-2,-8.789305066770E-1));
#5047=AXIS2_PLACEMENT_3D('',#5044,#5045,#5046);
#5048=PLANE('',#5047);
#5050=ORIENTED_EDGE('',*,*,#5049,.T.);
#5051=ORIENTED_EDGE('',*,*,#4777,.T.);
#5052=ORIENTED_EDGE('',*,*,#5036,.F.);
#5053=ORIENTED_EDGE('',*,*,#4057,.F.);
#5054=EDGE_LOOP('',(#5050,#5051,#5052,#5053));
#5055=FACE_OUTER_BOUND('',#5054,.F.);
#5056=ADVANCED_FACE('',(#5055),#5048,.F.);
#5057=CARTESIAN_POINT('',(-6.228208721614E1,4.770401629133E1,1.569601794559E1));
#5058=DIRECTION('',(1.615319734129E-1,-1.733232450070E-1,-9.715279071162E-1));
#5059=DIRECTION('',(-9.595761312452E-1,-2.575022210171E-1,-1.136056975495E-1));
#5060=AXIS2_PLACEMENT_3D('',#5057,#5058,#5059);
#5061=PLANE('',#5060);
#5063=ORIENTED_EDGE('',*,*,#5062,.T.);
#5064=ORIENTED_EDGE('',*,*,#4779,.T.);
#5065=ORIENTED_EDGE('',*,*,#5049,.F.);
#5066=ORIENTED_EDGE('',*,*,#4055,.F.);
#5067=EDGE_LOOP('',(#5063,#5064,#5065,#5066));
#5068=FACE_OUTER_BOUND('',#5067,.F.);
#5069=ADVANCED_FACE('',(#5068),#5061,.F.);
#5070=CARTESIAN_POINT('',(-6.212165911959E1,4.781476430337E1,1.602453356066E1));
#5071=DIRECTION('',(8.777847560925E-1,1.108934904859E-1,-4.660435127105E-1));
#5072=DIRECTION('',(-4.199676797825E-1,-2.899154615682E-1,-8.599861470290E-1));
#5073=AXIS2_PLACEMENT_3D('',#5070,#5071,#5072);
#5074=PLANE('',#5073);
#5076=ORIENTED_EDGE('',*,*,#5075,.T.);
#5077=ORIENTED_EDGE('',*,*,#4781,.T.);
#5078=ORIENTED_EDGE('',*,*,#5062,.F.);
#5079=ORIENTED_EDGE('',*,*,#4053,.F.);
#5080=EDGE_LOOP('',(#5076,#5077,#5078,#5079));
#5081=FACE_OUTER_BOUND('',#5080,.F.);
#5082=ADVANCED_FACE('',(#5081),#5074,.F.);
#5083=CARTESIAN_POINT('',(-6.243329108690E1,4.786653215190E1,1.660668354236E1));
#5084=DIRECTION('',(8.517667618934E-1,3.003988849510E-1,4.292480556203E-1));
#5085=DIRECTION('',(4.705021927938E-1,-7.815913899659E-2,-8.789305066770E-1));
#5086=AXIS2_PLACEMENT_3D('',#5083,#5084,#5085);
#5087=PLANE('',#5086);
#5089=ORIENTED_EDGE('',*,*,#5088,.T.);
#5090=ORIENTED_EDGE('',*,*,#4783,.T.);
#5091=ORIENTED_EDGE('',*,*,#5075,.F.);
#5092=ORIENTED_EDGE('',*,*,#4051,.F.);
#5093=EDGE_LOOP('',(#5089,#5090,#5091,#5092));
#5094=FACE_OUTER_BOUND('',#5093,.F.);
#5095=ADVANCED_FACE('',(#5094),#5087,.F.);
#5096=CARTESIAN_POINT('',(-6.337272611716E1,4.774982907061E1,1.711450695157E1));
#5097=DIRECTION('',(4.267816506344E-1,2.907691301071E-1,8.563356442765E-1));
#5098=DIRECTION('',(8.744920541503E-1,1.086354180976E-1,-4.727176674959E-1));
#5099=AXIS2_PLACEMENT_3D('',#5096,#5097,#5098);
#5100=PLANE('',#5099);
#5101=ORIENTED_EDGE('',*,*,#4908,.T.);
#5102=ORIENTED_EDGE('',*,*,#4785,.T.);
#5103=ORIENTED_EDGE('',*,*,#5088,.F.);
#5104=ORIENTED_EDGE('',*,*,#4049,.F.);
#5105=EDGE_LOOP('',(#5101,#5102,#5103,#5104));
#5106=FACE_OUTER_BOUND('',#5105,.F.);
#5107=ADVANCED_FACE('',(#5106),#5100,.F.);
#5108=CARTESIAN_POINT('',(-7.119061643839E1,3.822591946600E1,
-1.776384457889E1));
#5109=DIRECTION('',(-1.615319734129E-1,1.733232450070E-1,9.715279071162E-1));
#5110=DIRECTION('',(9.595761312452E-1,2.575022210171E-1,1.136056975495E-1));
#5111=AXIS2_PLACEMENT_3D('',#5108,#5109,#5110);
#5112=PLANE('',#5111);
#5114=ORIENTED_EDGE('',*,*,#5113,.T.);
#5115=ORIENTED_EDGE('',*,*,#4795,.T.);
#5117=ORIENTED_EDGE('',*,*,#5116,.F.);
#5118=ORIENTED_EDGE('',*,*,#4013,.F.);
#5119=EDGE_LOOP('',(#5114,#5115,#5117,#5118));
#5120=FACE_OUTER_BOUND('',#5119,.F.);
#5121=ADVANCED_FACE('',(#5120),#5112,.F.);
#5122=CARTESIAN_POINT('',(-7.088132701982E1,3.817352299460E1,
-1.834627189856E1));
#5123=DIRECTION('',(-8.533996954288E-1,-3.001249462048E-1,-4.261853781017E-1));
#5124=DIRECTION('',(-4.675338382752E-1,7.920453114591E-2,8.804196455745E-1));
#5125=AXIS2_PLACEMENT_3D('',#5122,#5123,#5124);
#5126=PLANE('',#5125);
#5127=ORIENTED_EDGE('',*,*,#5113,.F.);
#5128=ORIENTED_EDGE('',*,*,#4043,.F.);
#5130=ORIENTED_EDGE('',*,*,#5129,.T.);
#5131=ORIENTED_EDGE('',*,*,#4797,.T.);
#5132=EDGE_LOOP('',(#5127,#5128,#5130,#5131));
#5133=FACE_OUTER_BOUND('',#5132,.F.);
#5134=ADVANCED_FACE('',(#5133),#5126,.F.);
#5135=CARTESIAN_POINT('',(-6.920171957159E1,3.862424559416E1,
-1.814742058332E1));
#5136=DIRECTION('',(1.615319734129E-1,-1.733232450070E-1,-9.715279071162E-1));
#5137=DIRECTION('',(-9.595761312452E-1,-2.575022210171E-1,-1.136056975495E-1));
#5138=AXIS2_PLACEMENT_3D('',#5135,#5136,#5137);
#5139=PLANE('',#5138);
#5141=ORIENTED_EDGE('',*,*,#5140,.T.);
#5142=ORIENTED_EDGE('',*,*,#4799,.T.);
#5143=ORIENTED_EDGE('',*,*,#5129,.F.);
#5144=ORIENTED_EDGE('',*,*,#4041,.F.);
#5145=EDGE_LOOP('',(#5141,#5142,#5143,#5144));
#5146=FACE_OUTER_BOUND('',#5145,.F.);
#5147=ADVANCED_FACE('',(#5146),#5139,.F.);
#5148=CARTESIAN_POINT('',(-6.904590358794E1,3.859836166990E1,
-1.843849557418E1));
#5149=DIRECTION('',(-8.517667618934E-1,-3.003988849510E-1,-4.292480556203E-1));
#5150=DIRECTION('',(-4.705021927939E-1,7.815913899658E-2,8.789305066770E-1));
#5151=AXIS2_PLACEMENT_3D('',#5148,#5149,#5150);
#5152=PLANE('',#5151);
#5154=ORIENTED_EDGE('',*,*,#5153,.T.);
#5155=ORIENTED_EDGE('',*,*,#4801,.T.);
#5156=ORIENTED_EDGE('',*,*,#5140,.F.);
#5157=ORIENTED_EDGE('',*,*,#4039,.F.);
#5158=EDGE_LOOP('',(#5154,#5155,#5156,#5157));
#5159=FACE_OUTER_BOUND('',#5158,.F.);
#5160=ADVANCED_FACE('',(#5159),#5152,.F.);
#5161=CARTESIAN_POINT('',(-7.041160950470E1,3.823187453524E1,
-1.860018360316E1));
#5162=DIRECTION('',(-1.615319734129E-1,1.733232450070E-1,9.715279071162E-1));
#5163=DIRECTION('',(9.595761312452E-1,2.575022210171E-1,1.136056975495E-1));
#5164=AXIS2_PLACEMENT_3D('',#5161,#5162,#5163);
#5165=PLANE('',#5164);
#5167=ORIENTED_EDGE('',*,*,#5166,.T.);
#5168=ORIENTED_EDGE('',*,*,#4803,.T.);
#5169=ORIENTED_EDGE('',*,*,#5153,.F.);
#5170=ORIENTED_EDGE('',*,*,#4037,.F.);
#5171=EDGE_LOOP('',(#5167,#5168,#5169,#5170));
#5172=FACE_OUTER_BOUND('',#5171,.F.);
#5173=ADVANCED_FACE('',(#5172),#5165,.F.);
#5174=CARTESIAN_POINT('',(-7.056969505251E1,3.812175514607E1,
-1.892842188027E1));
#5175=DIRECTION('',(-8.799759102656E-1,-1.124129184292E-1,4.615254414682E-1));
#5176=DIRECTION('',(4.153568675758E-1,2.893297026900E-1,8.624192690907E-1));
#5177=AXIS2_PLACEMENT_3D('',#5174,#5175,#5176);
#5178=PLANE('',#5177);
#5180=ORIENTED_EDGE('',*,*,#5179,.T.);
#5181=ORIENTED_EDGE('',*,*,#4805,.T.);
#5182=ORIENTED_EDGE('',*,*,#5166,.F.);
#5183=ORIENTED_EDGE('',*,*,#4035,.F.);
#5184=EDGE_LOOP('',(#5180,#5181,#5182,#5183));
#5185=FACE_OUTER_BOUND('',#5184,.F.);
#5186=ADVANCED_FACE('',(#5185),#5178,.F.);
#5187=CARTESIAN_POINT('',(-7.026040563393E1,3.806935867467E1,
-1.951084919993E1));
#5188=DIRECTION('',(-8.533996954288E-1,-3.001249462048E-1,-4.261853781016E-1));
#5189=DIRECTION('',(-4.675338382751E-1,7.920453114594E-2,8.804196455746E-1));
#5190=AXIS2_PLACEMENT_3D('',#5187,#5188,#5189);
#5191=PLANE('',#5190);
#5193=ORIENTED_EDGE('',*,*,#5192,.T.);
#5194=ORIENTED_EDGE('',*,*,#4807,.T.);
#5195=ORIENTED_EDGE('',*,*,#5179,.F.);
#5196=ORIENTED_EDGE('',*,*,#4033,.F.);
#5197=EDGE_LOOP('',(#5193,#5194,#5195,#5196));
#5198=FACE_OUTER_BOUND('',#5197,.F.);
#5199=ADVANCED_FACE('',(#5198),#5191,.F.);
#5200=CARTESIAN_POINT('',(-6.931862805494E1,3.818669037883E1,
-2.001839527118E1));
#5201=DIRECTION('',(-4.256274494231E-1,-2.906255403437E-1,-8.569586160355E-1));
#5202=DIRECTION('',(-8.750544008162E-1,-1.090189726074E-1,4.715873823840E-1));
#5203=AXIS2_PLACEMENT_3D('',#5200,#5201,#5202);
#5204=PLANE('',#5203);
#5206=ORIENTED_EDGE('',*,*,#5205,.T.);
#5207=ORIENTED_EDGE('',*,*,#4809,.T.);
#5208=ORIENTED_EDGE('',*,*,#5192,.F.);
#5209=ORIENTED_EDGE('',*,*,#4031,.F.);
#5210=EDGE_LOOP('',(#5206,#5207,#5208,#5209));
#5211=FACE_OUTER_BOUND('',#5210,.F.);
#5212=ADVANCED_FACE('',(#5211),#5204,.F.);
#5213=CARTESIAN_POINT('',(-6.743053376865E1,3.869336041405E1,
-1.979486087777E1));
#5214=DIRECTION('',(1.615319734128E-1,-1.733232450070E-1,-9.715279071162E-1));
#5215=DIRECTION('',(-9.595761312452E-1,-2.575022210170E-1,-1.136056975495E-1));
#5216=AXIS2_PLACEMENT_3D('',#5213,#5214,#5215);
#5217=PLANE('',#5216);
#5219=ORIENTED_EDGE('',*,*,#5218,.T.);
#5220=ORIENTED_EDGE('',*,*,#4811,.T.);
#5221=ORIENTED_EDGE('',*,*,#5205,.F.);
#5222=ORIENTED_EDGE('',*,*,#4029,.F.);
#5223=EDGE_LOOP('',(#5219,#5220,#5221,#5222));
#5224=FACE_OUTER_BOUND('',#5223,.F.);
#5225=ADVANCED_FACE('',(#5224),#5217,.F.);
#5226=CARTESIAN_POINT('',(-6.774216573596E1,3.874512826258E1,
-1.921271089606E1));
#5227=DIRECTION('',(8.517667618934E-1,3.003988849510E-1,4.292480556203E-1));
#5228=DIRECTION('',(4.705021927938E-1,-7.815913899660E-2,-8.789305066770E-1));
#5229=AXIS2_PLACEMENT_3D('',#5226,#5227,#5228);
#5230=PLANE('',#5229);
#5232=ORIENTED_EDGE('',*,*,#5231,.T.);
#5233=ORIENTED_EDGE('',*,*,#4813,.T.);
#5234=ORIENTED_EDGE('',*,*,#5218,.F.);
#5235=ORIENTED_EDGE('',*,*,#4027,.F.);
#5236=EDGE_LOOP('',(#5232,#5233,#5234,#5235));
#5237=FACE_OUTER_BOUND('',#5236,.F.);
#5238=ADVANCED_FACE('',(#5237),#5230,.F.);
#5239=CARTESIAN_POINT('',(-6.941943063545E1,3.829503428589E1,
-1.941128487334E1));
#5240=DIRECTION('',(-1.615319734129E-1,1.733232450070E-1,9.715279071162E-1));
#5241=DIRECTION('',(9.595761312452E-1,2.575022210171E-1,1.136056975495E-1));
#5242=AXIS2_PLACEMENT_3D('',#5239,#5240,#5241);
#5243=PLANE('',#5242);
#5245=ORIENTED_EDGE('',*,*,#5244,.T.);
#5246=ORIENTED_EDGE('',*,*,#4815,.T.);
#5247=ORIENTED_EDGE('',*,*,#5231,.F.);
#5248=ORIENTED_EDGE('',*,*,#4025,.F.);
#5249=EDGE_LOOP('',(#5245,#5246,#5247,#5248));
#5250=FACE_OUTER_BOUND('',#5249,.F.);
#5251=ADVANCED_FACE('',(#5250),#5243,.F.);
#5252=CARTESIAN_POINT('',(-6.957524661911E1,3.832091821015E1,
-1.912020988248E1));
#5253=DIRECTION('',(8.517667618934E-1,3.003988849510E-1,4.292480556204E-1));
#5254=DIRECTION('',(4.705021927939E-1,-7.815913899657E-2,-8.789305066770E-1));
#5255=AXIS2_PLACEMENT_3D('',#5252,#5253,#5254);
#5256=PLANE('',#5255);
#5258=ORIENTED_EDGE('',*,*,#5257,.T.);
#5259=ORIENTED_EDGE('',*,*,#4817,.T.);
#5260=ORIENTED_EDGE('',*,*,#5244,.F.);
#5261=ORIENTED_EDGE('',*,*,#4023,.F.);
#5262=EDGE_LOOP('',(#5258,#5259,#5260,#5261));
#5263=FACE_OUTER_BOUND('',#5262,.F.);
#5264=ADVANCED_FACE('',(#5263),#5256,.F.);
#5265=CARTESIAN_POINT('',(-6.821188325109E1,3.868677672193E1,
-1.895879919146E1));
#5266=DIRECTION('',(1.615319734129E-1,-1.733232450070E-1,-9.715279071162E-1));
#5267=DIRECTION('',(-9.595761312452E-1,-2.575022210171E-1,-1.136056975495E-1));
#5268=AXIS2_PLACEMENT_3D('',#5265,#5266,#5267);
#5269=PLANE('',#5268);
#5271=ORIENTED_EDGE('',*,*,#5270,.T.);
#5272=ORIENTED_EDGE('',*,*,#4819,.T.);
#5273=ORIENTED_EDGE('',*,*,#5257,.F.);
#5274=ORIENTED_EDGE('',*,*,#4021,.F.);
#5275=EDGE_LOOP('',(#5271,#5272,#5273,#5274));
#5276=FACE_OUTER_BOUND('',#5275,.F.);
#5277=ADVANCED_FACE('',(#5276),#5269,.F.);
#5278=CARTESIAN_POINT('',(-6.805145515453E1,3.879752473398E1,
-1.863028357639E1));
#5279=DIRECTION('',(8.777847560925E-1,1.108934904859E-1,-4.660435127104E-1));
#5280=DIRECTION('',(-4.199676797824E-1,-2.899154615682E-1,-8.599861470290E-1));
#5281=AXIS2_PLACEMENT_3D('',#5278,#5279,#5280);
#5282=PLANE('',#5281);
#5284=ORIENTED_EDGE('',*,*,#5283,.T.);
#5285=ORIENTED_EDGE('',*,*,#4821,.T.);
#5286=ORIENTED_EDGE('',*,*,#5270,.F.);
#5287=ORIENTED_EDGE('',*,*,#4019,.F.);
#5288=EDGE_LOOP('',(#5284,#5285,#5286,#5287));
#5289=FACE_OUTER_BOUND('',#5288,.F.);
#5290=ADVANCED_FACE('',(#5289),#5282,.F.);
#5291=CARTESIAN_POINT('',(-6.836308712185E1,3.884929258251E1,
-1.804813359469E1));
#5292=DIRECTION('',(8.517667618934E-1,3.003988849510E-1,4.292480556204E-1));
#5293=DIRECTION('',(4.705021927939E-1,-7.815913899657E-2,-8.789305066770E-1));
#5294=AXIS2_PLACEMENT_3D('',#5291,#5292,#5293);
#5295=PLANE('',#5294);
#5297=ORIENTED_EDGE('',*,*,#5296,.T.);
#5298=ORIENTED_EDGE('',*,*,#4823,.T.);
#5299=ORIENTED_EDGE('',*,*,#5283,.F.);
#5300=ORIENTED_EDGE('',*,*,#4017,.F.);
#5301=EDGE_LOOP('',(#5297,#5298,#5299,#5300));
#5302=FACE_OUTER_BOUND('',#5301,.F.);
#5303=ADVANCED_FACE('',(#5302),#5295,.F.);
#5304=CARTESIAN_POINT('',(-6.930252215210E1,3.873258950121E1,
-1.754031018548E1));
#5305=DIRECTION('',(4.267816506345E-1,2.907691301071E-1,8.563356442765E-1));
#5306=DIRECTION('',(8.744920541503E-1,1.086354180976E-1,-4.727176674959E-1));
#5307=AXIS2_PLACEMENT_3D('',#5304,#5305,#5306);
#5308=PLANE('',#5307);
#5309=ORIENTED_EDGE('',*,*,#5116,.T.);
#5310=ORIENTED_EDGE('',*,*,#4825,.T.);
#5311=ORIENTED_EDGE('',*,*,#5296,.F.);
#5312=ORIENTED_EDGE('',*,*,#4015,.F.);
#5313=EDGE_LOOP('',(#5309,#5310,#5311,#5312));
#5314=FACE_OUTER_BOUND('',#5313,.F.);
#5315=ADVANCED_FACE('',(#5314),#5308,.F.);
#5316=CARTESIAN_POINT('',(-6.846388970236E1,3.895763648956E1,
-1.744102319684E1));
#5317=DIRECTION('',(-1.615319734129E-1,1.733232450070E-1,9.715279071162E-1));
#5318=DIRECTION('',(9.595761312452E-1,2.575022210171E-1,1.136056975495E-1));
#5319=AXIS2_PLACEMENT_3D('',#5316,#5317,#5318);
#5320=PLANE('',#5319);
#5322=ORIENTED_EDGE('',*,*,#5321,.T.);
#5323=ORIENTED_EDGE('',*,*,#4835,.T.);
#5325=ORIENTED_EDGE('',*,*,#5324,.F.);
#5326=ORIENTED_EDGE('',*,*,#3987,.F.);
#5327=EDGE_LOOP('',(#5322,#5323,#5325,#5326));
#5328=FACE_OUTER_BOUND('',#5327,.F.);
#5329=ADVANCED_FACE('',(#5328),#5320,.F.);
#5330=CARTESIAN_POINT('',(-6.722204693058E1,3.874930784970E1,
-1.977017779959E1));
#5331=DIRECTION('',(-8.525840238552E-1,-3.002624538466E-1,-4.277182964018E-1));
#5332=DIRECTION('',(-4.690196289678E-1,7.868163634870E-2,8.796759561023E-1));
#5333=AXIS2_PLACEMENT_3D('',#5330,#5331,#5332);
#5334=PLANE('',#5333);
#5335=ORIENTED_EDGE('',*,*,#5321,.F.);
#5336=ORIENTED_EDGE('',*,*,#4009,.F.);
#5338=ORIENTED_EDGE('',*,*,#5337,.T.);
#5339=ORIENTED_EDGE('',*,*,#4837,.T.);
#5340=EDGE_LOOP('',(#5335,#5336,#5338,#5339));
#5341=FACE_OUTER_BOUND('',#5340,.F.);
#5342=ADVANCED_FACE('',(#5341),#5334,.F.);
#5343=CARTESIAN_POINT('',(-6.470380703261E1,3.942507743761E1,
-1.947203949572E1));
#5344=DIRECTION('',(1.615319734129E-1,-1.733232450070E-1,-9.715279071162E-1));
#5345=DIRECTION('',(-9.595761312452E-1,-2.575022210171E-1,-1.136056975495E-1));
#5346=AXIS2_PLACEMENT_3D('',#5343,#5344,#5345);
#5347=PLANE('',#5346);
#5349=ORIENTED_EDGE('',*,*,#5348,.T.);
#5350=ORIENTED_EDGE('',*,*,#4839,.T.);
#5351=ORIENTED_EDGE('',*,*,#5337,.F.);
#5352=ORIENTED_EDGE('',*,*,#4007,.F.);
#5353=EDGE_LOOP('',(#5349,#5350,#5351,#5352));
#5354=FACE_OUTER_BOUND('',#5353,.F.);
#5355=ADVANCED_FACE('',(#5354),#5347,.F.);
#5356=CARTESIAN_POINT('',(-6.501543899992E1,3.947684528614E1,
-1.888988951401E1));
#5357=DIRECTION('',(8.517667618934E-1,3.003988849510E-1,4.292480556203E-1));
#5358=DIRECTION('',(4.705021927939E-1,-7.815913899658E-2,-8.789305066770E-1));
#5359=AXIS2_PLACEMENT_3D('',#5356,#5357,#5358);
#5360=PLANE('',#5359);
#5362=ORIENTED_EDGE('',*,*,#5361,.T.);
#5363=ORIENTED_EDGE('',*,*,#4841,.T.);
#5364=ORIENTED_EDGE('',*,*,#5348,.F.);
#5365=ORIENTED_EDGE('',*,*,#4005,.F.);
#5366=EDGE_LOOP('',(#5362,#5363,#5364,#5365));
#5367=FACE_OUTER_BOUND('',#5366,.F.);
#5368=ADVANCED_FACE('',(#5367),#5360,.F.);
#5369=CARTESIAN_POINT('',(-6.669270389941E1,3.902675130945E1,
-1.908846349128E1));
#5370=DIRECTION('',(-1.615319734129E-1,1.733232450070E-1,9.715279071162E-1));
#5371=DIRECTION('',(9.595761312452E-1,2.575022210171E-1,1.136056975495E-1));
#5372=AXIS2_PLACEMENT_3D('',#5369,#5370,#5371);
#5373=PLANE('',#5372);
#5375=ORIENTED_EDGE('',*,*,#5374,.T.);
#5376=ORIENTED_EDGE('',*,*,#4843,.T.);
#5377=ORIENTED_EDGE('',*,*,#5361,.F.);
#5378=ORIENTED_EDGE('',*,*,#4003,.F.);
#5379=EDGE_LOOP('',(#5375,#5376,#5377,#5378));
#5380=FACE_OUTER_BOUND('',#5379,.F.);
#5381=ADVANCED_FACE('',(#5380),#5373,.F.);
#5382=CARTESIAN_POINT('',(-6.684851988307E1,3.905263523371E1,
-1.879738850043E1));
#5383=DIRECTION('',(8.517667618934E-1,3.003988849510E-1,4.292480556204E-1));
#5384=DIRECTION('',(4.705021927939E-1,-7.815913899656E-2,-8.789305066770E-1));
#5385=AXIS2_PLACEMENT_3D('',#5382,#5383,#5384);
#5386=PLANE('',#5385);
#5388=ORIENTED_EDGE('',*,*,#5387,.T.);
#5389=ORIENTED_EDGE('',*,*,#4845,.T.);
#5390=ORIENTED_EDGE('',*,*,#5374,.F.);
#5391=ORIENTED_EDGE('',*,*,#4001,.F.);
#5392=EDGE_LOOP('',(#5388,#5389,#5390,#5391));
#5393=FACE_OUTER_BOUND('',#5392,.F.);
#5394=ADVANCED_FACE('',(#5393),#5386,.F.);
#5395=CARTESIAN_POINT('',(-6.516891243484E1,3.950335783328E1,
-1.859853718519E1));
#5396=DIRECTION('',(1.615319734129E-1,-1.733232450070E-1,-9.715279071162E-1));
#5397=DIRECTION('',(-9.595761312452E-1,-2.575022210171E-1,-1.136056975495E-1));
#5398=AXIS2_PLACEMENT_3D('',#5395,#5396,#5397);
#5399=PLANE('',#5398);
#5401=ORIENTED_EDGE('',*,*,#5400,.T.);
#5402=ORIENTED_EDGE('',*,*,#4847,.T.);
#5403=ORIENTED_EDGE('',*,*,#5387,.F.);
#5404=ORIENTED_EDGE('',*,*,#3999,.F.);
#5405=EDGE_LOOP('',(#5401,#5402,#5403,#5404));
#5406=FACE_OUTER_BOUND('',#5405,.F.);
#5407=ADVANCED_FACE('',(#5406),#5399,.F.);
#5408=CARTESIAN_POINT('',(-6.548054440215E1,3.955512568181E1,
-1.801638720349E1));
#5409=DIRECTION('',(8.517667618934E-1,3.003988849510E-1,4.292480556203E-1));
#5410=DIRECTION('',(4.705021927939E-1,-7.815913899659E-2,-8.789305066770E-1));
#5411=AXIS2_PLACEMENT_3D('',#5408,#5409,#5410);
#5412=PLANE('',#5411);
#5414=ORIENTED_EDGE('',*,*,#5413,.T.);
#5415=ORIENTED_EDGE('',*,*,#4849,.T.);
#5416=ORIENTED_EDGE('',*,*,#5400,.F.);
#5417=ORIENTED_EDGE('',*,*,#3997,.F.);
#5418=EDGE_LOOP('',(#5414,#5415,#5416,#5417));
#5419=FACE_OUTER_BOUND('',#5418,.F.);
#5420=ADVANCED_FACE('',(#5419),#5412,.F.);
#5421=CARTESIAN_POINT('',(-6.716015185038E1,3.910440308224E1,
-1.821523851872E1));
#5422=DIRECTION('',(-1.615319734129E-1,1.733232450070E-1,9.715279071162E-1));
#5423=DIRECTION('',(9.595761312452E-1,2.575022210171E-1,1.136056975495E-1));
#5424=AXIS2_PLACEMENT_3D('',#5421,#5422,#5423);
#5425=PLANE('',#5424);
#5427=ORIENTED_EDGE('',*,*,#5426,.T.);
#5428=ORIENTED_EDGE('',*,*,#4851,.T.);
#5429=ORIENTED_EDGE('',*,*,#5413,.F.);
#5430=ORIENTED_EDGE('',*,*,#3995,.F.);
#5431=EDGE_LOOP('',(#5427,#5428,#5429,#5430));
#5432=FACE_OUTER_BOUND('',#5431,.F.);
#5433=ADVANCED_FACE('',(#5432),#5425,.F.);
#5434=CARTESIAN_POINT('',(-6.731596783404E1,3.913028700651E1,
-1.792416352787E1));
#5435=DIRECTION('',(8.517667618935E-1,3.003988849509E-1,4.292480556201E-1));
#5436=DIRECTION('',(4.705021927937E-1,-7.815913899665E-2,-8.789305066771E-1));
#5437=AXIS2_PLACEMENT_3D('',#5434,#5435,#5436);
#5438=PLANE('',#5437);
#5440=ORIENTED_EDGE('',*,*,#5439,.T.);
#5441=ORIENTED_EDGE('',*,*,#4853,.T.);
#5442=ORIENTED_EDGE('',*,*,#5426,.F.);
#5443=ORIENTED_EDGE('',*,*,#3993,.F.);
#5444=EDGE_LOOP('',(#5440,#5441,#5442,#5443));
#5445=FACE_OUTER_BOUND('',#5444,.F.);
#5446=ADVANCED_FACE('',(#5445),#5438,.F.);
#5447=CARTESIAN_POINT('',(-6.563636038581E1,3.958100960607E1,
-1.772531221263E1));
#5448=DIRECTION('',(1.615319734129E-1,-1.733232450070E-1,-9.715279071162E-1));
#5449=DIRECTION('',(-9.595761312452E-1,-2.575022210171E-1,-1.136056975495E-1));
#5450=AXIS2_PLACEMENT_3D('',#5447,#5448,#5449);
#5451=PLANE('',#5450);
#5453=ORIENTED_EDGE('',*,*,#5452,.T.);
#5454=ORIENTED_EDGE('',*,*,#4855,.T.);
#5455=ORIENTED_EDGE('',*,*,#5439,.F.);
#5456=ORIENTED_EDGE('',*,*,#3991,.F.);
#5457=EDGE_LOOP('',(#5453,#5454,#5455,#5456));
#5458=FACE_OUTER_BOUND('',#5457,.F.);
#5459=ADVANCED_FACE('',(#5458),#5451,.F.);
#5460=CARTESIAN_POINT('',(-6.594564980438E1,3.963340607747E1,
-1.714288489297E1));
#5461=DIRECTION('',(8.533996954288E-1,3.001249462048E-1,4.261853781017E-1));
#5462=DIRECTION('',(4.675338382752E-1,-7.920453114591E-2,-8.804196455746E-1));
#5463=AXIS2_PLACEMENT_3D('',#5460,#5461,#5462);
#5464=PLANE('',#5463);
#5465=ORIENTED_EDGE('',*,*,#5324,.T.);
#5466=ORIENTED_EDGE('',*,*,#4857,.T.);
#5467=ORIENTED_EDGE('',*,*,#5452,.F.);
#5468=ORIENTED_EDGE('',*,*,#3989,.F.);
#5469=EDGE_LOOP('',(#5465,#5466,#5467,#5468));
#5470=FACE_OUTER_BOUND('',#5469,.F.);
#5471=ADVANCED_FACE('',(#5470),#5464,.F.);
#5472=CARTESIAN_POINT('',(-6.253409366741E1,4.797487605896E1,1.721379394021E1));
#5473=DIRECTION('',(-1.615319734129E-1,1.733232450070E-1,9.715279071162E-1));
#5474=DIRECTION('',(9.595761312452E-1,2.575022210171E-1,1.136056975495E-1));
#5475=AXIS2_PLACEMENT_3D('',#5472,#5473,#5474);
#5476=PLANE('',#5475);
#5478=ORIENTED_EDGE('',*,*,#5477,.T.);
#5479=ORIENTED_EDGE('',*,*,#4867,.T.);
#5481=ORIENTED_EDGE('',*,*,#5480,.F.);
#5482=ORIENTED_EDGE('',*,*,#3971,.F.);
#5483=EDGE_LOOP('',(#5478,#5479,#5481,#5482));
#5484=FACE_OUTER_BOUND('',#5483,.F.);
#5485=ADVANCED_FACE('',(#5484),#5476,.F.);
#5486=CARTESIAN_POINT('',(-6.129225089564E1,4.776654741909E1,1.488463933746E1));
#5487=DIRECTION('',(-8.525840238552E-1,-3.002624538466E-1,-4.277182964018E-1));
#5488=DIRECTION('',(-4.690196289678E-1,7.868163634871E-2,8.796759561023E-1));
#5489=AXIS2_PLACEMENT_3D('',#5486,#5487,#5488);
#5490=PLANE('',#5489);
#5491=ORIENTED_EDGE('',*,*,#5477,.F.);
#5492=ORIENTED_EDGE('',*,*,#3983,.F.);
#5494=ORIENTED_EDGE('',*,*,#5493,.T.);
#5495=ORIENTED_EDGE('',*,*,#4869,.T.);
#5496=EDGE_LOOP('',(#5491,#5492,#5494,#5495));
#5497=FACE_OUTER_BOUND('',#5496,.F.);
#5498=ADVANCED_FACE('',(#5497),#5490,.F.);
#5499=CARTESIAN_POINT('',(-5.940415660934E1,4.827321745431E1,1.510817373088E1));
#5500=DIRECTION('',(1.615319734129E-1,-1.733232450070E-1,-9.715279071162E-1));
#5501=DIRECTION('',(-9.595761312452E-1,-2.575022210171E-1,-1.136056975495E-1));
#5502=AXIS2_PLACEMENT_3D('',#5499,#5500,#5501);
#5503=PLANE('',#5502);
#5505=ORIENTED_EDGE('',*,*,#5504,.T.);
#5506=ORIENTED_EDGE('',*,*,#4871,.T.);
#5507=ORIENTED_EDGE('',*,*,#5493,.F.);
#5508=ORIENTED_EDGE('',*,*,#3981,.F.);
#5509=EDGE_LOOP('',(#5505,#5506,#5507,#5508));
#5510=FACE_OUTER_BOUND('',#5509,.F.);
#5511=ADVANCED_FACE('',(#5510),#5503,.F.);
#5512=CARTESIAN_POINT('',(-5.908564296498E1,4.849408485553E1,1.576492762304E1));
#5513=DIRECTION('',(8.788813465409E-1,1.116521945686E-1,-4.637902178252E-1));
#5514=DIRECTION('',(-4.176679408245E-1,-2.896241159442E-1,-8.612034386084E-1));
#5515=AXIS2_PLACEMENT_3D('',#5512,#5513,#5514);
#5516=PLANE('',#5515);
#5518=ORIENTED_EDGE('',*,*,#5517,.T.);
#5519=ORIENTED_EDGE('',*,*,#4873,.T.);
#5520=ORIENTED_EDGE('',*,*,#5504,.F.);
#5521=ORIENTED_EDGE('',*,*,#3979,.F.);
#5522=EDGE_LOOP('',(#5518,#5519,#5520,#5521));
#5523=FACE_OUTER_BOUND('',#5522,.F.);
#5524=ADVANCED_FACE('',(#5523),#5516,.F.);
#5525=CARTESIAN_POINT('',(-5.960576177036E1,4.848990526841E1,1.632239452657E1));
#5526=DIRECTION('',(6.939094913354E-1,3.103518811054E-1,6.497471259875E-1));
#5527=DIRECTION('',(6.821792637752E-1,5.481877670630E-3,-7.311644145418E-1));
#5528=AXIS2_PLACEMENT_3D('',#5525,#5526,#5527);
#5529=PLANE('',#5528);
#5531=ORIENTED_EDGE('',*,*,#5530,.T.);
#5532=ORIENTED_EDGE('',*,*,#4875,.T.);
#5533=ORIENTED_EDGE('',*,*,#5517,.F.);
#5534=ORIENTED_EDGE('',*,*,#3977,.F.);
#5535=EDGE_LOOP('',(#5531,#5532,#5533,#5534));
#5536=FACE_OUTER_BOUND('',#5535,.F.);
#5537=ADVANCED_FACE('',(#5536),#5529,.F.);
#5538=CARTESIAN_POINT('',(-5.970656435087E1,4.859824917547E1,1.692950492442E1));
#5539=DIRECTION('',(9.596128769141E-1,2.574627596941E-1,1.133845396491E-1));
#5540=DIRECTION('',(1.613135349280E-1,-1.733818573530E-1,-9.715537427183E-1));
#5541=AXIS2_PLACEMENT_3D('',#5538,#5539,#5540);
#5542=PLANE('',#5541);
#5544=ORIENTED_EDGE('',*,*,#5543,.T.);
#5545=ORIENTED_EDGE('',*,*,#4877,.T.);
#5546=ORIENTED_EDGE('',*,*,#5530,.F.);
#5547=ORIENTED_EDGE('',*,*,#3975,.F.);
#5548=EDGE_LOOP('',(#5544,#5545,#5546,#5547));
#5549=FACE_OUTER_BOUND('',#5548,.F.);
#5550=ADVANCED_FACE('',(#5549),#5542,.F.);
#5551=CARTESIAN_POINT('',(-6.064599938112E1,4.848154609417E1,1.743732833363E1));
#5552=DIRECTION('',(4.267816506345E-1,2.907691301071E-1,8.563356442765E-1));
#5553=DIRECTION('',(8.744920541503E-1,1.086354180976E-1,-4.727176674959E-1));
#5554=AXIS2_PLACEMENT_3D('',#5551,#5552,#5553);
#5555=PLANE('',#5554);
#5556=ORIENTED_EDGE('',*,*,#5480,.T.);
#5557=ORIENTED_EDGE('',*,*,#4879,.T.);
#5558=ORIENTED_EDGE('',*,*,#5543,.F.);
#5559=ORIENTED_EDGE('',*,*,#3973,.F.);
#5560=EDGE_LOOP('',(#5556,#5557,#5558,#5559));
#5561=FACE_OUTER_BOUND('',#5560,.F.);
#5562=ADVANCED_FACE('',(#5561),#5555,.F.);
#5563=CARTESIAN_POINT('',(-6.018550609178E1,4.826663376219E1,1.594423541719E1));
#5564=DIRECTION('',(1.615319734128E-1,-1.733232450070E-1,-9.715279071162E-1));
#5565=DIRECTION('',(-9.595761312452E-1,-2.575022210170E-1,-1.136056975495E-1));
#5566=AXIS2_PLACEMENT_3D('',#5563,#5564,#5565);
#5567=PLANE('',#5566);
#5569=ORIENTED_EDGE('',*,*,#5568,.T.);
#5570=ORIENTED_EDGE('',*,*,#4883,.T.);
#5572=ORIENTED_EDGE('',*,*,#5571,.F.);
#5573=ORIENTED_EDGE('',*,*,#4192,.F.);
#5574=EDGE_LOOP('',(#5569,#5570,#5572,#5573));
#5575=FACE_OUTER_BOUND('',#5574,.F.);
#5576=ADVANCED_FACE('',(#5575),#5567,.F.);
#5577=CARTESIAN_POINT('',(-5.992427541472E1,4.826903786719E1,1.566564063440E1));
#5578=DIRECTION('',(-6.921201995263E-1,-3.103364570710E-1,-6.516601206306E-1));
#5579=DIRECTION('',(-6.839945610149E-1,-6.294799525354E-3,7.294599481815E-1));
#5580=AXIS2_PLACEMENT_3D('',#5577,#5578,#5579);
#5581=PLANE('',#5580);
#5582=ORIENTED_EDGE('',*,*,#5568,.F.);
#5583=ORIENTED_EDGE('',*,*,#4198,.F.);
#5585=ORIENTED_EDGE('',*,*,#5584,.T.);
#5586=ORIENTED_EDGE('',*,*,#4885,.T.);
#5587=EDGE_LOOP('',(#5582,#5583,#5585,#5586));
#5588=FACE_OUTER_BOUND('',#5587,.F.);
#5589=ADVANCED_FACE('',(#5588),#5581,.F.);
#5590=CARTESIAN_POINT('',(-6.076290786447E1,4.804399087884E1,1.556635364577E1));
#5591=DIRECTION('',(-1.615319734128E-1,1.733232450070E-1,9.715279071162E-1));
#5592=DIRECTION('',(9.595761312452E-1,2.575022210170E-1,1.136056975495E-1));
#5593=AXIS2_PLACEMENT_3D('',#5590,#5591,#5592);
#5594=PLANE('',#5593);
#5596=ORIENTED_EDGE('',*,*,#5595,.T.);
#5597=ORIENTED_EDGE('',*,*,#4887,.T.);
#5598=ORIENTED_EDGE('',*,*,#5584,.F.);
#5599=ORIENTED_EDGE('',*,*,#4196,.F.);
#5600=EDGE_LOOP('',(#5596,#5597,#5598,#5599));
#5601=FACE_OUTER_BOUND('',#5600,.F.);
#5602=ADVANCED_FACE('',(#5601),#5594,.F.);
#5603=CARTESIAN_POINT('',(-6.091872384812E1,4.806987480311E1,1.585742863662E1));
#5604=DIRECTION('',(8.517667618934E-1,3.003988849510E-1,4.292480556203E-1));
#5605=DIRECTION('',(4.705021927938E-1,-7.815913899660E-2,-8.789305066770E-1));
#5606=AXIS2_PLACEMENT_3D('',#5603,#5604,#5605);
#5607=PLANE('',#5606);
#5608=ORIENTED_EDGE('',*,*,#5571,.T.);
#5609=ORIENTED_EDGE('',*,*,#4889,.T.);
#5610=ORIENTED_EDGE('',*,*,#5595,.F.);
#5611=ORIENTED_EDGE('',*,*,#4194,.F.);
#5612=EDGE_LOOP('',(#5608,#5609,#5610,#5611));
#5613=FACE_OUTER_BOUND('',#5612,.F.);
#5614=ADVANCED_FACE('',(#5613),#5607,.F.);
#5615=CARTESIAN_POINT('',(-8.269690763373E1,3.933475391642E1,1.023148994966E0));
#5616=DIRECTION('',(-2.304800857119E-1,9.506059430235E-1,-2.079116908178E-1));
#5617=DIRECTION('',(-9.672781112945E-1,-2.471074350473E-1,-5.754103713845E-2));
#5618=AXIS2_PLACEMENT_3D('',#5615,#5616,#5617);
#5619=TOROIDAL_SURFACE('',#5618,2.292542309728E0,2.E-1);
#5620=ORIENTED_EDGE('',*,*,#4082,.F.);
#5621=ORIENTED_EDGE('',*,*,#3939,.T.);
#5623=ORIENTED_EDGE('',*,*,#5622,.T.);
#5624=ORIENTED_EDGE('',*,*,#3936,.F.);
#5625=EDGE_LOOP('',(#5620,#5621,#5623,#5624));
#5626=FACE_OUTER_BOUND('',#5625,.F.);
#5627=ADVANCED_FACE('',(#5626),#5619,.T.);
#5628=CARTESIAN_POINT('',(-8.208653766178E1,3.681730725293E1,1.573752108896E0));
#5629=DIRECTION('',(-2.304800857119E-1,9.506059430235E-1,-2.079116908178E-1));
#5630=DIRECTION('',(9.718430452728E-1,2.356291479313E-1,0.E0));
#5631=AXIS2_PLACEMENT_3D('',#5628,#5629,#5630);
#5632=CONICAL_SURFACE('',#5631,2.046286386256E0,1.E0);
#5633=ORIENTED_EDGE('',*,*,#5622,.F.);
#5634=ORIENTED_EDGE('',*,*,#3924,.F.);
#5635=ORIENTED_EDGE('',*,*,#3887,.T.);
#5636=ORIENTED_EDGE('',*,*,#3921,.T.);
#5637=EDGE_LOOP('',(#5633,#5634,#5635,#5636));
#5638=FACE_OUTER_BOUND('',#5637,.F.);
#5639=ADVANCED_FACE('',(#5638),#5632,.F.);
#5640=CARTESIAN_POINT('',(-5.315826949825E1,4.870860543501E1,1.161789287228E1));
#5641=DIRECTION('',(2.304800857119E-1,-9.506059430235E-1,2.079116908178E-1));
#5642=DIRECTION('',(9.699339289324E-1,2.415897727929E-1,2.936928987200E-2));
#5643=AXIS2_PLACEMENT_3D('',#5640,#5641,#5642);
#5644=TOROIDAL_SURFACE('',#5643,6.039504928581E0,3.E-1);
#5645=ORIENTED_EDGE('',*,*,#4086,.F.);
#5647=ORIENTED_EDGE('',*,*,#5646,.T.);
#5649=ORIENTED_EDGE('',*,*,#5648,.T.);
#5651=ORIENTED_EDGE('',*,*,#5650,.F.);
#5652=EDGE_LOOP('',(#5645,#5647,#5649,#5651));
#5653=FACE_OUTER_BOUND('',#5652,.F.);
#5654=ADVANCED_FACE('',(#5653),#5644,.T.);
#5655=CARTESIAN_POINT('',(-5.315826949825E1,4.870860543501E1,1.161789287228E1));
#5656=DIRECTION('',(2.304800857119E-1,-9.506059430235E-1,2.079116908178E-1));
#5657=DIRECTION('',(-9.699339289324E-1,-2.415897727929E-1,-2.936928987200E-2));
#5658=AXIS2_PLACEMENT_3D('',#5655,#5656,#5657);
#5659=TOROIDAL_SURFACE('',#5658,6.039504928581E0,3.E-1);
#5660=ORIENTED_EDGE('',*,*,#4088,.F.);
#5661=ORIENTED_EDGE('',*,*,#5650,.T.);
#5663=ORIENTED_EDGE('',*,*,#5662,.T.);
#5664=ORIENTED_EDGE('',*,*,#5646,.F.);
#5665=EDGE_LOOP('',(#5660,#5661,#5663,#5664));
#5666=FACE_OUTER_BOUND('',#5665,.F.);
#5667=ADVANCED_FACE('',(#5666),#5659,.T.);
#5668=CARTESIAN_POINT('',(-5.296417082309E1,4.790805317223E1,1.179298558632E1));
#5669=DIRECTION('',(-2.304800857119E-1,9.506059430235E-1,-2.079116908178E-1));
#5670=DIRECTION('',(-9.718430452728E-1,-2.356291479313E-1,0.E0));
#5671=AXIS2_PLACEMENT_3D('',#5668,#5669,#5670);
#5672=CONICAL_SURFACE('',#5671,5.694958042795E0,3.E0);
#5673=ORIENTED_EDGE('',*,*,#5662,.F.);
#5675=ORIENTED_EDGE('',*,*,#5674,.T.);
#5677=ORIENTED_EDGE('',*,*,#5676,.F.);
#5679=ORIENTED_EDGE('',*,*,#5678,.F.);
#5680=EDGE_LOOP('',(#5673,#5675,#5677,#5679));
#5681=FACE_OUTER_BOUND('',#5680,.F.);
#5682=ADVANCED_FACE('',(#5681),#5672,.F.);
#5683=CARTESIAN_POINT('',(-5.296417082309E1,4.790805317223E1,1.179298558632E1));
#5684=DIRECTION('',(-2.304800857119E-1,9.506059430235E-1,-2.079116908178E-1));
#5685=DIRECTION('',(-9.718430452728E-1,-2.356291479313E-1,0.E0));
#5686=AXIS2_PLACEMENT_3D('',#5683,#5684,#5685);
#5687=CONICAL_SURFACE('',#5686,5.694958042795E0,3.E0);
#5688=ORIENTED_EDGE('',*,*,#5648,.F.);
#5689=ORIENTED_EDGE('',*,*,#5678,.T.);
#5691=ORIENTED_EDGE('',*,*,#5690,.F.);
#5692=ORIENTED_EDGE('',*,*,#5674,.F.);
#5693=EDGE_LOOP('',(#5688,#5689,#5691,#5692));
#5694=FACE_OUTER_BOUND('',#5693,.F.);
#5695=ADVANCED_FACE('',(#5694),#5687,.F.);
#5696=CARTESIAN_POINT('',(-2.289096040444E1,4.924222485191E1,
-1.131852877110E1));
#5697=DIRECTION('',(2.304800857119E-1,-9.506059430235E-1,2.079116908178E-1));
#5698=DIRECTION('',(9.718430452728E-1,2.356291479313E-1,0.E0));
#5699=AXIS2_PLACEMENT_3D('',#5696,#5697,#5698);
#5700=PLANE('',#5699);
#5701=ORIENTED_EDGE('',*,*,#5676,.T.);
#5702=ORIENTED_EDGE('',*,*,#5690,.T.);
#5703=EDGE_LOOP('',(#5701,#5702));
#5704=FACE_OUTER_BOUND('',#5703,.F.);
#5706=ORIENTED_EDGE('',*,*,#5705,.F.);
#5708=ORIENTED_EDGE('',*,*,#5707,.F.);
#5709=EDGE_LOOP('',(#5706,#5708));
#5710=FACE_BOUND('',#5709,.F.);
#5711=ADVANCED_FACE('',(#5704,#5710),#5700,.F.);
#5712=CARTESIAN_POINT('',(-2.289096040444E1,4.924222485191E1,
-1.131852877110E1));
#5713=DIRECTION('',(2.304800857119E-1,-9.506059430235E-1,2.079116908178E-1));
#5714=DIRECTION('',(9.718430452728E-1,2.356291479313E-1,0.E0));
#5715=AXIS2_PLACEMENT_3D('',#5712,#5713,#5714);
#5716=PLANE('',#5715);
#5718=ORIENTED_EDGE('',*,*,#5717,.T.);
#5720=ORIENTED_EDGE('',*,*,#5719,.T.);
#5721=EDGE_LOOP('',(#5718,#5720));
#5722=FACE_OUTER_BOUND('',#5721,.F.);
#5724=ORIENTED_EDGE('',*,*,#5723,.F.);
#5726=ORIENTED_EDGE('',*,*,#5725,.F.);
#5727=EDGE_LOOP('',(#5724,#5726));
#5728=FACE_BOUND('',#5727,.F.);
#5729=ADVANCED_FACE('',(#5722,#5728),#5716,.F.);
#5730=CARTESIAN_POINT('',(-7.198721099608E1,3.842384607782E1,
-1.048239335470E1));
#5731=DIRECTION('',(-2.304800857119E-1,9.506059430235E-1,-2.079116908178E-1));
#5732=DIRECTION('',(-9.718430452728E-1,-2.356291479313E-1,0.E0));
#5733=AXIS2_PLACEMENT_3D('',#5730,#5731,#5732);
#5734=CONICAL_SURFACE('',#5733,5.694958042795E0,3.E0);
#5736=ORIENTED_EDGE('',*,*,#5735,.F.);
#5738=ORIENTED_EDGE('',*,*,#5737,.T.);
#5739=ORIENTED_EDGE('',*,*,#5717,.F.);
#5741=ORIENTED_EDGE('',*,*,#5740,.F.);
#5742=EDGE_LOOP('',(#5736,#5738,#5739,#5741));
#5743=FACE_OUTER_BOUND('',#5742,.F.);
#5744=ADVANCED_FACE('',(#5743),#5734,.F.);
#5745=CARTESIAN_POINT('',(-7.218130967125E1,3.922439834060E1,
-1.065748606874E1));
#5746=DIRECTION('',(2.304800857119E-1,-9.506059430235E-1,2.079116908178E-1));
#5747=DIRECTION('',(-9.699339289324E-1,-2.415897727929E-1,-2.936928987200E-2));
#5748=AXIS2_PLACEMENT_3D('',#5745,#5746,#5747);
#5749=TOROIDAL_SURFACE('',#5748,6.039504928581E0,3.E-1);
#5750=ORIENTED_EDGE('',*,*,#4094,.F.);
#5752=ORIENTED_EDGE('',*,*,#5751,.T.);
#5753=ORIENTED_EDGE('',*,*,#5735,.T.);
#5755=ORIENTED_EDGE('',*,*,#5754,.F.);
#5756=EDGE_LOOP('',(#5750,#5752,#5753,#5755));
#5757=FACE_OUTER_BOUND('',#5756,.F.);
#5758=ADVANCED_FACE('',(#5757),#5749,.T.);
#5759=CARTESIAN_POINT('',(-7.218130967125E1,3.922439834060E1,
-1.065748606874E1));
#5760=DIRECTION('',(2.304800857119E-1,-9.506059430235E-1,2.079116908178E-1));
#5761=DIRECTION('',(9.699339289324E-1,2.415897727929E-1,2.936928987200E-2));
#5762=AXIS2_PLACEMENT_3D('',#5759,#5760,#5761);
#5763=TOROIDAL_SURFACE('',#5762,6.039504928581E0,3.E-1);
#5764=ORIENTED_EDGE('',*,*,#4092,.F.);
#5765=ORIENTED_EDGE('',*,*,#5754,.T.);
#5767=ORIENTED_EDGE('',*,*,#5766,.T.);
#5768=ORIENTED_EDGE('',*,*,#5751,.F.);
#5769=EDGE_LOOP('',(#5764,#5765,#5767,#5768));
#5770=FACE_OUTER_BOUND('',#5769,.F.);
#5771=ADVANCED_FACE('',(#5770),#5763,.T.);
#5772=CARTESIAN_POINT('',(-7.198721099608E1,3.842384607782E1,
-1.048239335470E1));
#5773=DIRECTION('',(-2.304800857119E-1,9.506059430235E-1,-2.079116908178E-1));
#5774=DIRECTION('',(-9.718430452728E-1,-2.356291479313E-1,0.E0));
#5775=AXIS2_PLACEMENT_3D('',#5772,#5773,#5774);
#5776=CONICAL_SURFACE('',#5775,5.694958042795E0,3.E0);
#5777=ORIENTED_EDGE('',*,*,#5766,.F.);
#5778=ORIENTED_EDGE('',*,*,#5740,.T.);
#5779=ORIENTED_EDGE('',*,*,#5719,.F.);
#5780=ORIENTED_EDGE('',*,*,#5737,.F.);
#5781=EDGE_LOOP('',(#5777,#5778,#5779,#5780));
#5782=FACE_OUTER_BOUND('',#5781,.F.);
#5783=ADVANCED_FACE('',(#5782),#5776,.F.);
#5784=CARTESIAN_POINT('',(-5.243225722826E1,4.571419671448E1,1.227281469836E1));
#5785=DIRECTION('',(2.304800857119E-1,-9.506059430235E-1,2.079116908178E-1));
#5786=DIRECTION('',(9.718430452728E-1,2.356291479313E-1,0.E0));
#5787=AXIS2_PLACEMENT_3D('',#5784,#5785,#5786);
#5788=CONICAL_SURFACE('',#5787,3.125309844146E0,1.E0);
#5790=ORIENTED_EDGE('',*,*,#5789,.F.);
#5792=ORIENTED_EDGE('',*,*,#5791,.F.);
#5793=ORIENTED_EDGE('',*,*,#5705,.T.);
#5795=ORIENTED_EDGE('',*,*,#5794,.T.);
#5796=EDGE_LOOP('',(#5790,#5792,#5793,#5795));
#5797=FACE_OUTER_BOUND('',#5796,.F.);
#5798=ADVANCED_FACE('',(#5797),#5788,.F.);
#5799=CARTESIAN_POINT('',(-2.222256815588E1,4.648546761715E1,
-1.071558486773E1));
#5800=DIRECTION('',(-2.304800857119E-1,9.506059430235E-1,-2.079116908178E-1));
#5801=DIRECTION('',(9.718430452728E-1,2.356291479313E-1,0.E0));
#5802=AXIS2_PLACEMENT_3D('',#5799,#5800,#5801);
#5803=PLANE('',#5802);
#5805=ORIENTED_EDGE('',*,*,#5804,.F.);
#5807=ORIENTED_EDGE('',*,*,#5806,.F.);
#5809=ORIENTED_EDGE('',*,*,#5808,.T.);
#5811=ORIENTED_EDGE('',*,*,#5810,.F.);
#5813=ORIENTED_EDGE('',*,*,#5812,.T.);
#5815=ORIENTED_EDGE('',*,*,#5814,.F.);
#5817=ORIENTED_EDGE('',*,*,#5816,.T.);
#5819=ORIENTED_EDGE('',*,*,#5818,.F.);
#5821=ORIENTED_EDGE('',*,*,#5820,.F.);
#5823=ORIENTED_EDGE('',*,*,#5822,.F.);
#5825=ORIENTED_EDGE('',*,*,#5824,.T.);
#5827=ORIENTED_EDGE('',*,*,#5826,.T.);
#5829=ORIENTED_EDGE('',*,*,#5828,.T.);
#5831=ORIENTED_EDGE('',*,*,#5830,.T.);
#5833=ORIENTED_EDGE('',*,*,#5832,.T.);
#5835=ORIENTED_EDGE('',*,*,#5834,.F.);
#5836=EDGE_LOOP('',(#5805,#5807,#5809,#5811,#5813,#5815,#5817,#5819,#5821,#5823,
#5825,#5827,#5829,#5831,#5833,#5835));
#5837=FACE_OUTER_BOUND('',#5836,.F.);
#5839=ORIENTED_EDGE('',*,*,#5838,.T.);
#5841=ORIENTED_EDGE('',*,*,#5840,.T.);
#5842=EDGE_LOOP('',(#5839,#5841));
#5843=FACE_BOUND('',#5842,.F.);
#5844=ADVANCED_FACE('',(#5837,#5843),#5803,.F.);
#5845=CARTESIAN_POINT('',(-2.222256815588E1,4.648546761715E1,
-1.071558486773E1));
#5846=DIRECTION('',(-2.304800857119E-1,9.506059430235E-1,-2.079116908178E-1));
#5847=DIRECTION('',(9.718430452728E-1,2.356291479313E-1,0.E0));
#5848=AXIS2_PLACEMENT_3D('',#5845,#5846,#5847);
#5849=PLANE('',#5848);
#5851=ORIENTED_EDGE('',*,*,#5850,.F.);
#5853=ORIENTED_EDGE('',*,*,#5852,.T.);
#5855=ORIENTED_EDGE('',*,*,#5854,.T.);
#5857=ORIENTED_EDGE('',*,*,#5856,.F.);
#5859=ORIENTED_EDGE('',*,*,#5858,.F.);
#5861=ORIENTED_EDGE('',*,*,#5860,.T.);
#5863=ORIENTED_EDGE('',*,*,#5862,.T.);
#5865=ORIENTED_EDGE('',*,*,#5864,.F.);
#5867=ORIENTED_EDGE('',*,*,#5866,.F.);
#5869=ORIENTED_EDGE('',*,*,#5868,.T.);
#5871=ORIENTED_EDGE('',*,*,#5870,.F.);
#5873=ORIENTED_EDGE('',*,*,#5872,.T.);
#5875=ORIENTED_EDGE('',*,*,#5874,.T.);
#5877=ORIENTED_EDGE('',*,*,#5876,.F.);
#5879=ORIENTED_EDGE('',*,*,#5878,.T.);
#5881=ORIENTED_EDGE('',*,*,#5880,.F.);
#5883=ORIENTED_EDGE('',*,*,#5882,.F.);
#5885=ORIENTED_EDGE('',*,*,#5884,.F.);
#5887=ORIENTED_EDGE('',*,*,#5886,.T.);
#5889=ORIENTED_EDGE('',*,*,#5888,.T.);
#5891=ORIENTED_EDGE('',*,*,#5890,.T.);
#5892=EDGE_LOOP('',(#5851,#5853,#5855,#5857,#5859,#5861,#5863,#5865,#5867,#5869,
#5871,#5873,#5875,#5877,#5879,#5881,#5883,#5885,#5887,#5889,#5891));
#5893=FACE_OUTER_BOUND('',#5892,.F.);
#5894=ORIENTED_EDGE('',*,*,#5789,.T.);
#5896=ORIENTED_EDGE('',*,*,#5895,.T.);
#5897=EDGE_LOOP('',(#5894,#5896));
#5898=FACE_BOUND('',#5897,.F.);
#5899=ADVANCED_FACE('',(#5893,#5898),#5849,.F.);
#5900=CARTESIAN_POINT('',(-5.243225722826E1,4.571419671448E1,1.227281469836E1));
#5901=DIRECTION('',(2.304800857119E-1,-9.506059430235E-1,2.079116908178E-1));
#5902=DIRECTION('',(9.718430452728E-1,2.356291479313E-1,0.E0));
#5903=AXIS2_PLACEMENT_3D('',#5900,#5901,#5902);
#5904=CONICAL_SURFACE('',#5903,3.125309844146E0,1.E0);
#5905=ORIENTED_EDGE('',*,*,#5895,.F.);
#5906=ORIENTED_EDGE('',*,*,#5794,.F.);
#5907=ORIENTED_EDGE('',*,*,#5707,.T.);
#5908=ORIENTED_EDGE('',*,*,#5791,.T.);
#5909=EDGE_LOOP('',(#5905,#5906,#5907,#5908));
#5910=FACE_OUTER_BOUND('',#5909,.F.);
#5911=ADVANCED_FACE('',(#5910),#5904,.F.);
#5912=CARTESIAN_POINT('',(-7.145529740125E1,3.622998962008E1,
-1.000256424266E1));
#5913=DIRECTION('',(2.304800857119E-1,-9.506059430235E-1,2.079116908178E-1));
#5914=DIRECTION('',(9.718430452728E-1,2.356291479313E-1,0.E0));
#5915=AXIS2_PLACEMENT_3D('',#5912,#5913,#5914);
#5916=CONICAL_SURFACE('',#5915,3.125309844146E0,1.E0);
#5917=ORIENTED_EDGE('',*,*,#5838,.F.);
#5919=ORIENTED_EDGE('',*,*,#5918,.F.);
#5920=ORIENTED_EDGE('',*,*,#5723,.T.);
#5922=ORIENTED_EDGE('',*,*,#5921,.T.);
#5923=EDGE_LOOP('',(#5917,#5919,#5920,#5922));
#5924=FACE_OUTER_BOUND('',#5923,.F.);
#5925=ADVANCED_FACE('',(#5924),#5916,.F.);
#5926=CARTESIAN_POINT('',(-7.145529740125E1,3.622998962008E1,
-1.000256424266E1));
#5927=DIRECTION('',(2.304800857119E-1,-9.506059430235E-1,2.079116908178E-1));
#5928=DIRECTION('',(9.718430452728E-1,2.356291479313E-1,0.E0));
#5929=AXIS2_PLACEMENT_3D('',#5926,#5927,#5928);
#5930=CONICAL_SURFACE('',#5929,3.125309844146E0,1.E0);
#5931=ORIENTED_EDGE('',*,*,#5840,.F.);
#5932=ORIENTED_EDGE('',*,*,#5921,.F.);
#5933=ORIENTED_EDGE('',*,*,#5725,.T.);
#5934=ORIENTED_EDGE('',*,*,#5918,.T.);
#5935=EDGE_LOOP('',(#5931,#5932,#5933,#5934));
#5936=FACE_OUTER_BOUND('',#5935,.F.);
#5937=ADVANCED_FACE('',(#5936),#5930,.F.);
#5938=CARTESIAN_POINT('',(-7.661716325313E1,3.482981091198E1,
-1.525147984211E1));
#5939=DIRECTION('',(4.333705794700E-3,-2.301499455250E-1,-9.731455294913E-1));
#5940=DIRECTION('',(9.730769924160E-1,2.252259961567E-1,-4.893278538765E-2));
#5941=AXIS2_PLACEMENT_3D('',#5938,#5939,#5940);
#5942=PLANE('',#5941);
#5943=ORIENTED_EDGE('',*,*,#5804,.T.);
#5945=ORIENTED_EDGE('',*,*,#5944,.T.);
#5946=ORIENTED_EDGE('',*,*,#3617,.F.);
#5948=ORIENTED_EDGE('',*,*,#5947,.F.);
#5949=EDGE_LOOP('',(#5943,#5945,#5946,#5948));
#5950=FACE_OUTER_BOUND('',#5949,.F.);
#5951=ADVANCED_FACE('',(#5950),#5942,.T.);
#5952=CARTESIAN_POINT('',(-6.768105225370E1,3.644073359169E1,
-1.779218812992E1));
#5953=DIRECTION('',(9.689063559738E-1,2.417820349203E-1,-5.255398123326E-2));
#5954=DIRECTION('',(-3.112322019233E-4,2.135921359306E-1,9.769228744395E-1));
#5955=AXIS2_PLACEMENT_3D('',#5952,#5953,#5954);
#5956=PLANE('',#5955);
#5957=ORIENTED_EDGE('',*,*,#5834,.T.);
#5959=ORIENTED_EDGE('',*,*,#5958,.F.);
#5961=ORIENTED_EDGE('',*,*,#5960,.F.);
#5963=ORIENTED_EDGE('',*,*,#5962,.T.);
#5964=ORIENTED_EDGE('',*,*,#3611,.T.);
#5965=ORIENTED_EDGE('',*,*,#5944,.F.);
#5966=EDGE_LOOP('',(#5957,#5959,#5961,#5963,#5964,#5965));
#5967=FACE_OUTER_BOUND('',#5966,.F.);
#5968=ADVANCED_FACE('',(#5967),#5956,.F.);
#5969=CARTESIAN_POINT('',(-6.768105225370E1,3.644073359169E1,
-1.779218812992E1));
#5970=DIRECTION('',(9.689063559738E-1,2.417820349203E-1,-5.255398123326E-2));
#5971=DIRECTION('',(-3.112322019233E-4,2.135921359306E-1,9.769228744395E-1));
#5972=AXIS2_PLACEMENT_3D('',#5969,#5970,#5971);
#5973=PLANE('',#5972);
#5974=ORIENTED_EDGE('',*,*,#3631,.T.);
#5976=ORIENTED_EDGE('',*,*,#5975,.F.);
#5978=ORIENTED_EDGE('',*,*,#5977,.F.);
#5980=ORIENTED_EDGE('',*,*,#5979,.T.);
#5981=ORIENTED_EDGE('',*,*,#5822,.T.);
#5983=ORIENTED_EDGE('',*,*,#5982,.T.);
#5984=EDGE_LOOP('',(#5974,#5976,#5978,#5980,#5981,#5983));
#5985=FACE_OUTER_BOUND('',#5984,.F.);
#5986=ADVANCED_FACE('',(#5985),#5973,.F.);
#5987=CARTESIAN_POINT('',(-6.349685522167E1,3.795206937278E1,
-1.552049920772E1));
#5988=DIRECTION('',(3.711247331792E-3,1.969692435344E-1,9.804026436851E-1));
#5989=DIRECTION('',(-9.730769924445E-1,-2.252259766481E-1,4.893287461586E-2));
#5990=AXIS2_PLACEMENT_3D('',#5987,#5988,#5989);
#5991=PLANE('',#5990);
#5993=ORIENTED_EDGE('',*,*,#5992,.T.);
#5994=ORIENTED_EDGE('',*,*,#5958,.T.);
#5995=ORIENTED_EDGE('',*,*,#5832,.F.);
#5997=ORIENTED_EDGE('',*,*,#5996,.F.);
#5998=EDGE_LOOP('',(#5993,#5994,#5995,#5997));
#5999=FACE_OUTER_BOUND('',#5998,.F.);
#6000=ADVANCED_FACE('',(#5999),#5991,.T.);
#6001=CARTESIAN_POINT('',(-6.349685522167E1,3.795206937278E1,
-1.552049920772E1));
#6002=DIRECTION('',(3.711247331792E-3,1.969692435344E-1,9.804026436851E-1));
#6003=DIRECTION('',(-9.730769924445E-1,-2.252259766481E-1,4.893287461586E-2));
#6004=AXIS2_PLACEMENT_3D('',#6001,#6002,#6003);
#6005=PLANE('',#6004);
#6007=ORIENTED_EDGE('',*,*,#6006,.T.);
#6009=ORIENTED_EDGE('',*,*,#6008,.T.);
#6010=ORIENTED_EDGE('',*,*,#5808,.F.);
#6012=ORIENTED_EDGE('',*,*,#6011,.F.);
#6013=EDGE_LOOP('',(#6007,#6009,#6010,#6012));
#6014=FACE_OUTER_BOUND('',#6013,.F.);
#6015=ADVANCED_FACE('',(#6014),#6005,.T.);
#6016=CARTESIAN_POINT('',(-5.264257328805E1,3.888880747228E1,
2.976251176146E-1));
#6017=DIRECTION('',(-2.304800857119E-1,9.506059430235E-1,-2.079116908178E-1));
#6018=DIRECTION('',(8.378843015865E-1,8.522927036118E-2,-5.391529176668E-1));
#6019=AXIS2_PLACEMENT_3D('',#6016,#6017,#6018);
#6020=PLANE('',#6019);
#6022=ORIENTED_EDGE('',*,*,#6021,.F.);
#6024=ORIENTED_EDGE('',*,*,#6023,.T.);
#6026=ORIENTED_EDGE('',*,*,#6025,.T.);
#6028=ORIENTED_EDGE('',*,*,#6027,.T.);
#6030=ORIENTED_EDGE('',*,*,#6029,.F.);
#6031=ORIENTED_EDGE('',*,*,#5977,.T.);
#6033=ORIENTED_EDGE('',*,*,#6032,.T.);
#6035=ORIENTED_EDGE('',*,*,#6034,.T.);
#6036=EDGE_LOOP('',(#6022,#6024,#6026,#6028,#6030,#6031,#6033,#6035));
#6037=FACE_OUTER_BOUND('',#6036,.F.);
#6038=ADVANCED_FACE('',(#6037),#6020,.F.);
#6039=CARTESIAN_POINT('',(-5.264257328805E1,3.888880747228E1,
2.976251176146E-1));
#6040=DIRECTION('',(-2.304800857119E-1,9.506059430235E-1,-2.079116908178E-1));
#6041=DIRECTION('',(8.378843015865E-1,8.522927036118E-2,-5.391529176668E-1));
#6042=AXIS2_PLACEMENT_3D('',#6039,#6040,#6041);
#6043=PLANE('',#6042);
#6045=ORIENTED_EDGE('',*,*,#6044,.F.);
#6047=ORIENTED_EDGE('',*,*,#6046,.T.);
#6049=ORIENTED_EDGE('',*,*,#6048,.T.);
#6051=ORIENTED_EDGE('',*,*,#6050,.T.);
#6053=ORIENTED_EDGE('',*,*,#6052,.T.);
#6054=EDGE_LOOP('',(#6045,#6047,#6049,#6051,#6053));
#6055=FACE_OUTER_BOUND('',#6054,.F.);
#6056=ADVANCED_FACE('',(#6055),#6043,.F.);
#6057=CARTESIAN_POINT('',(-5.264257328805E1,3.888880747228E1,
2.976251176146E-1));
#6058=DIRECTION('',(-2.304800857119E-1,9.506059430235E-1,-2.079116908178E-1));
#6059=DIRECTION('',(8.378843015865E-1,8.522927036118E-2,-5.391529176668E-1));
#6060=AXIS2_PLACEMENT_3D('',#6057,#6058,#6059);
#6061=PLANE('',#6060);
#6063=ORIENTED_EDGE('',*,*,#6062,.F.);
#6065=ORIENTED_EDGE('',*,*,#6064,.T.);
#6067=ORIENTED_EDGE('',*,*,#6066,.T.);
#6069=ORIENTED_EDGE('',*,*,#6068,.T.);
#6071=ORIENTED_EDGE('',*,*,#6070,.F.);
#6073=ORIENTED_EDGE('',*,*,#6072,.T.);
#6075=ORIENTED_EDGE('',*,*,#6074,.T.);
#6077=ORIENTED_EDGE('',*,*,#6076,.T.);
#6078=EDGE_LOOP('',(#6063,#6065,#6067,#6069,#6071,#6073,#6075,#6077));
#6079=FACE_OUTER_BOUND('',#6078,.F.);
#6080=ADVANCED_FACE('',(#6079),#6061,.F.);
#6081=CARTESIAN_POINT('',(-5.264257328805E1,3.888880747228E1,
2.976251176146E-1));
#6082=DIRECTION('',(-2.304800857119E-1,9.506059430235E-1,-2.079116908178E-1));
#6083=DIRECTION('',(8.378843015865E-1,8.522927036118E-2,-5.391529176668E-1));
#6084=AXIS2_PLACEMENT_3D('',#6081,#6082,#6083);
#6085=PLANE('',#6084);
#6087=ORIENTED_EDGE('',*,*,#6086,.T.);
#6089=ORIENTED_EDGE('',*,*,#6088,.T.);
#6091=ORIENTED_EDGE('',*,*,#6090,.F.);
#6093=ORIENTED_EDGE('',*,*,#6092,.T.);
#6095=ORIENTED_EDGE('',*,*,#6094,.T.);
#6097=ORIENTED_EDGE('',*,*,#6096,.T.);
#6098=EDGE_LOOP('',(#6087,#6089,#6091,#6093,#6095,#6097));
#6099=FACE_OUTER_BOUND('',#6098,.F.);
#6100=ADVANCED_FACE('',(#6099),#6085,.F.);
#6101=CARTESIAN_POINT('',(-5.264257328805E1,3.888880747228E1,
2.976251176146E-1));
#6102=DIRECTION('',(-2.304800857119E-1,9.506059430235E-1,-2.079116908178E-1));
#6103=DIRECTION('',(8.378843015865E-1,8.522927036118E-2,-5.391529176668E-1));
#6104=AXIS2_PLACEMENT_3D('',#6101,#6102,#6103);
#6105=PLANE('',#6104);
#6107=ORIENTED_EDGE('',*,*,#6106,.T.);
#6109=ORIENTED_EDGE('',*,*,#6108,.T.);
#6110=ORIENTED_EDGE('',*,*,#6006,.F.);
#6112=ORIENTED_EDGE('',*,*,#6111,.T.);
#6114=ORIENTED_EDGE('',*,*,#6113,.T.);
#6115=ORIENTED_EDGE('',*,*,#5960,.T.);
#6116=ORIENTED_EDGE('',*,*,#5992,.F.);
#6118=ORIENTED_EDGE('',*,*,#6117,.T.);
#6120=ORIENTED_EDGE('',*,*,#6119,.T.);
#6121=EDGE_LOOP('',(#6107,#6109,#6110,#6112,#6114,#6115,#6116,#6118,#6120));
#6122=FACE_OUTER_BOUND('',#6121,.F.);
#6123=ADVANCED_FACE('',(#6122),#6105,.F.);
#6124=CARTESIAN_POINT('',(-7.984917535603E1,3.630384320015E1,
-4.929124849002E0));
#6125=DIRECTION('',(4.333794658106E-3,-2.301499249569E-1,-9.731455339600E-1));
#6126=DIRECTION('',(9.730769923876E-1,2.252260156654E-1,-4.893269615944E-2));
#6127=AXIS2_PLACEMENT_3D('',#6124,#6125,#6126);
#6128=PLANE('',#6127);
#6129=ORIENTED_EDGE('',*,*,#6021,.T.);
#6131=ORIENTED_EDGE('',*,*,#6130,.T.);
#6132=ORIENTED_EDGE('',*,*,#5816,.F.);
#6134=ORIENTED_EDGE('',*,*,#6133,.F.);
#6135=EDGE_LOOP('',(#6129,#6131,#6132,#6134));
#6136=FACE_OUTER_BOUND('',#6135,.F.);
#6137=ADVANCED_FACE('',(#6136),#6128,.T.);
#6138=CARTESIAN_POINT('',(-7.984917535603E1,3.630384320015E1,
-4.929124849002E0));
#6139=DIRECTION('',(4.333794658106E-3,-2.301499249569E-1,-9.731455339600E-1));
#6140=DIRECTION('',(9.730769923876E-1,2.252260156654E-1,-4.893269615944E-2));
#6141=AXIS2_PLACEMENT_3D('',#6138,#6139,#6140);
#6142=PLANE('',#6141);
#6143=ORIENTED_EDGE('',*,*,#6029,.T.);
#6145=ORIENTED_EDGE('',*,*,#6144,.T.);
#6146=ORIENTED_EDGE('',*,*,#5824,.F.);
#6147=ORIENTED_EDGE('',*,*,#5979,.F.);
#6148=EDGE_LOOP('',(#6143,#6145,#6146,#6147));
#6149=FACE_OUTER_BOUND('',#6148,.F.);
#6150=ADVANCED_FACE('',(#6149),#6142,.T.);
#6151=CARTESIAN_POINT('',(-7.566497743570E1,3.781517951472E1,
-2.657434472323E0));
#6152=DIRECTION('',(-9.769512202368E-1,-2.086013123616E-1,4.529686257083E-2));
#6153=DIRECTION('',(3.112322019233E-4,-2.135921359306E-1,-9.769228744395E-1));
#6154=AXIS2_PLACEMENT_3D('',#6151,#6152,#6153);
#6155=PLANE('',#6154);
#6156=ORIENTED_EDGE('',*,*,#3615,.T.);
#6158=ORIENTED_EDGE('',*,*,#6157,.F.);
#6159=ORIENTED_EDGE('',*,*,#6111,.F.);
#6160=ORIENTED_EDGE('',*,*,#6011,.T.);
#6161=ORIENTED_EDGE('',*,*,#5806,.T.);
#6162=ORIENTED_EDGE('',*,*,#5947,.T.);
#6163=EDGE_LOOP('',(#6156,#6158,#6159,#6160,#6161,#6162));
#6164=FACE_OUTER_BOUND('',#6163,.F.);
#6165=ADVANCED_FACE('',(#6164),#6155,.F.);
#6166=CARTESIAN_POINT('',(-7.566497743570E1,3.781517951472E1,
-2.657434472323E0));
#6167=DIRECTION('',(-9.769512202368E-1,-2.086013123616E-1,4.529686257083E-2));
#6168=DIRECTION('',(3.112322019233E-4,-2.135921359306E-1,-9.769228744395E-1));
#6169=AXIS2_PLACEMENT_3D('',#6166,#6167,#6168);
#6170=PLANE('',#6169);
#6171=ORIENTED_EDGE('',*,*,#5818,.T.);
#6172=ORIENTED_EDGE('',*,*,#6130,.F.);
#6173=ORIENTED_EDGE('',*,*,#6034,.F.);
#6175=ORIENTED_EDGE('',*,*,#6174,.T.);
#6176=ORIENTED_EDGE('',*,*,#3627,.T.);
#6178=ORIENTED_EDGE('',*,*,#6177,.F.);
#6179=EDGE_LOOP('',(#6171,#6172,#6173,#6175,#6176,#6178));
#6180=FACE_OUTER_BOUND('',#6179,.F.);
#6181=ADVANCED_FACE('',(#6180),#6170,.F.);
#6182=CARTESIAN_POINT('',(-7.657602548149E1,3.458293555139E1,
-1.642583719131E1));
#6183=DIRECTION('',(-3.711158468387E-3,-1.969692229663E-1,-9.804026481537E-1));
#6184=DIRECTION('',(9.730769924160E-1,2.252259961567E-1,-4.893278538765E-2));
#6185=AXIS2_PLACEMENT_3D('',#6182,#6183,#6184);
#6186=PLANE('',#6185);
#6187=ORIENTED_EDGE('',*,*,#3613,.T.);
#6188=ORIENTED_EDGE('',*,*,#5962,.F.);
#6189=ORIENTED_EDGE('',*,*,#6113,.F.);
#6190=ORIENTED_EDGE('',*,*,#6157,.T.);
#6191=EDGE_LOOP('',(#6187,#6188,#6189,#6190));
#6192=FACE_OUTER_BOUND('',#6191,.F.);
#6193=ADVANCED_FACE('',(#6192),#6186,.F.);
#6194=CARTESIAN_POINT('',(-6.677000420791E1,3.967297755502E1,
-4.023785410936E0));
#6195=DIRECTION('',(-4.333705794700E-3,2.301499455250E-1,9.731455294913E-1));
#6196=DIRECTION('',(-9.730769924160E-1,-2.252259961567E-1,4.893278538765E-2));
#6197=AXIS2_PLACEMENT_3D('',#6194,#6195,#6196);
#6198=PLANE('',#6197);
#6199=ORIENTED_EDGE('',*,*,#3629,.T.);
#6200=ORIENTED_EDGE('',*,*,#6174,.F.);
#6201=ORIENTED_EDGE('',*,*,#6032,.F.);
#6202=ORIENTED_EDGE('',*,*,#5975,.T.);
#6203=EDGE_LOOP('',(#6199,#6200,#6201,#6202));
#6204=FACE_OUTER_BOUND('',#6203,.F.);
#6205=ADVANCED_FACE('',(#6204),#6198,.F.);
#6206=CARTESIAN_POINT('',(-6.672886643627E1,3.942610219443E1,
-5.198142760134E0));
#6207=DIRECTION('',(3.711158468388E-3,1.969692229663E-1,9.804026481537E-1));
#6208=DIRECTION('',(-9.730769924160E-1,-2.252259961567E-1,4.893278538765E-2));
#6209=AXIS2_PLACEMENT_3D('',#6206,#6207,#6208);
#6210=PLANE('',#6209);
#6211=ORIENTED_EDGE('',*,*,#5820,.T.);
#6212=ORIENTED_EDGE('',*,*,#6177,.T.);
#6213=ORIENTED_EDGE('',*,*,#3633,.F.);
#6214=ORIENTED_EDGE('',*,*,#5982,.F.);
#6215=EDGE_LOOP('',(#6211,#6212,#6213,#6214));
#6216=FACE_OUTER_BOUND('',#6215,.F.);
#6217=ADVANCED_FACE('',(#6216),#6210,.T.);
#6218=CARTESIAN_POINT('',(-7.663304933392E1,3.415506229524E1,
-1.831892937969E1));
#6219=DIRECTION('',(9.689063559738E-1,2.417820349203E-1,-5.255398123326E-2));
#6220=DIRECTION('',(-3.112322019240E-4,2.135921359306E-1,9.769228744395E-1));
#6221=AXIS2_PLACEMENT_3D('',#6218,#6219,#6220);
#6222=PLANE('',#6221);
#6223=ORIENTED_EDGE('',*,*,#5814,.T.);
#6225=ORIENTED_EDGE('',*,*,#6224,.F.);
#6226=ORIENTED_EDGE('',*,*,#3737,.T.);
#6228=ORIENTED_EDGE('',*,*,#6227,.F.);
#6229=ORIENTED_EDGE('',*,*,#6023,.F.);
#6230=ORIENTED_EDGE('',*,*,#6133,.T.);
#6231=EDGE_LOOP('',(#6223,#6225,#6226,#6228,#6229,#6230));
#6232=FACE_OUTER_BOUND('',#6231,.F.);
#6233=ADVANCED_FACE('',(#6232),#6222,.F.);
#6234=CARTESIAN_POINT('',(-7.663304933392E1,3.415506229524E1,
-1.831892937969E1));
#6235=DIRECTION('',(9.689063559738E-1,2.417820349203E-1,-5.255398123326E-2));
#6236=DIRECTION('',(-3.112322019240E-4,2.135921359306E-1,9.769228744395E-1));
#6237=AXIS2_PLACEMENT_3D('',#6234,#6235,#6236);
#6238=PLANE('',#6237);
#6240=ORIENTED_EDGE('',*,*,#6239,.T.);
#6241=ORIENTED_EDGE('',*,*,#3741,.T.);
#6243=ORIENTED_EDGE('',*,*,#6242,.T.);
#6244=ORIENTED_EDGE('',*,*,#5810,.T.);
#6245=ORIENTED_EDGE('',*,*,#6008,.F.);
#6246=ORIENTED_EDGE('',*,*,#6108,.F.);
#6247=EDGE_LOOP('',(#6240,#6241,#6243,#6244,#6245,#6246));
#6248=FACE_OUTER_BOUND('',#6247,.F.);
#6249=ADVANCED_FACE('',(#6248),#6238,.F.);
#6250=CARTESIAN_POINT('',(-7.139767737983E1,3.599233813432E1,
-9.950586319955E0));
#6251=DIRECTION('',(-2.304800857119E-1,9.506059430235E-1,-2.079116908178E-1));
#6252=DIRECTION('',(9.718430452728E-1,2.356291479313E-1,0.E0));
#6253=AXIS2_PLACEMENT_3D('',#6250,#6251,#6252);
#6254=CONICAL_SURFACE('',#6253,6.979053922086E0,1.E0);
#6256=ORIENTED_EDGE('',*,*,#6255,.T.);
#6257=ORIENTED_EDGE('',*,*,#5828,.F.);
#6259=ORIENTED_EDGE('',*,*,#6258,.F.);
#6260=ORIENTED_EDGE('',*,*,#3731,.F.);
#6261=EDGE_LOOP('',(#6256,#6257,#6259,#6260));
#6262=FACE_OUTER_BOUND('',#6261,.F.);
#6263=ADVANCED_FACE('',(#6262),#6254,.T.);
#6264=CARTESIAN_POINT('',(-7.139767737983E1,3.599233813432E1,
-9.950586319955E0));
#6265=DIRECTION('',(-2.304800857119E-1,9.506059430235E-1,-2.079116908178E-1));
#6266=DIRECTION('',(9.718430452728E-1,2.356291479313E-1,0.E0));
#6267=AXIS2_PLACEMENT_3D('',#6264,#6265,#6266);
#6268=CONICAL_SURFACE('',#6267,6.979053922086E0,1.E0);
#6269=ORIENTED_EDGE('',*,*,#6242,.F.);
#6270=ORIENTED_EDGE('',*,*,#3739,.F.);
#6271=ORIENTED_EDGE('',*,*,#6224,.T.);
#6272=ORIENTED_EDGE('',*,*,#5812,.F.);
#6273=EDGE_LOOP('',(#6269,#6270,#6271,#6272));
#6274=FACE_OUTER_BOUND('',#6273,.F.);
#6275=ADVANCED_FACE('',(#6274),#6268,.T.);
#6276=CARTESIAN_POINT('',(-6.671298035548E1,4.010085081117E1,
-2.130693222555E0));
#6277=DIRECTION('',(-9.769512202368E-1,-2.086013123616E-1,4.529686257083E-2));
#6278=DIRECTION('',(3.112322019232E-4,-2.135921359306E-1,-9.769228744395E-1));
#6279=AXIS2_PLACEMENT_3D('',#6276,#6277,#6278);
#6280=PLANE('',#6279);
#6281=ORIENTED_EDGE('',*,*,#5826,.F.);
#6282=ORIENTED_EDGE('',*,*,#6144,.F.);
#6283=ORIENTED_EDGE('',*,*,#6027,.F.);
#6285=ORIENTED_EDGE('',*,*,#6284,.T.);
#6286=ORIENTED_EDGE('',*,*,#3733,.T.);
#6287=ORIENTED_EDGE('',*,*,#6258,.T.);
#6288=EDGE_LOOP('',(#6281,#6282,#6283,#6285,#6286,#6287));
#6289=FACE_OUTER_BOUND('',#6288,.F.);
#6290=ADVANCED_FACE('',(#6289),#6280,.F.);
#6291=CARTESIAN_POINT('',(-6.671298035548E1,4.010085081117E1,
-2.130693222555E0));
#6292=DIRECTION('',(-9.769512202368E-1,-2.086013123616E-1,4.529686257083E-2));
#6293=DIRECTION('',(3.112322019232E-4,-2.135921359306E-1,-9.769228744395E-1));
#6294=AXIS2_PLACEMENT_3D('',#6291,#6292,#6293);
#6295=PLANE('',#6294);
#6296=ORIENTED_EDGE('',*,*,#5830,.F.);
#6297=ORIENTED_EDGE('',*,*,#6255,.F.);
#6298=ORIENTED_EDGE('',*,*,#3729,.T.);
#6300=ORIENTED_EDGE('',*,*,#6299,.F.);
#6301=ORIENTED_EDGE('',*,*,#6117,.F.);
#6302=ORIENTED_EDGE('',*,*,#5996,.T.);
#6303=EDGE_LOOP('',(#6296,#6297,#6298,#6300,#6301,#6302));
#6304=FACE_OUTER_BOUND('',#6303,.F.);
#6305=ADVANCED_FACE('',(#6304),#6295,.F.);
#6306=CARTESIAN_POINT('',(-7.755352196749E1,3.739071535381E1,
-2.504611167995E0));
#6307=DIRECTION('',(-3.711158468388E-3,-1.969692229663E-1,-9.804026481537E-1));
#6308=DIRECTION('',(9.730769924160E-1,2.252259961567E-1,-4.893278538765E-2));
#6309=AXIS2_PLACEMENT_3D('',#6306,#6307,#6308);
#6310=PLANE('',#6309);
#6311=ORIENTED_EDGE('',*,*,#3735,.T.);
#6312=ORIENTED_EDGE('',*,*,#6284,.F.);
#6313=ORIENTED_EDGE('',*,*,#6025,.F.);
#6314=ORIENTED_EDGE('',*,*,#6227,.T.);
#6315=EDGE_LOOP('',(#6311,#6312,#6313,#6314));
#6316=FACE_OUTER_BOUND('',#6315,.F.);
#6317=ADVANCED_FACE('',(#6316),#6310,.F.);
#6318=CARTESIAN_POINT('',(-6.579250772191E1,3.686519775260E1,
-1.794501143425E1));
#6319=DIRECTION('',(-4.333705794700E-3,2.301499455250E-1,9.731455294913E-1));
#6320=DIRECTION('',(-9.730769924160E-1,-2.252259961567E-1,4.893278538765E-2));
#6321=AXIS2_PLACEMENT_3D('',#6318,#6319,#6320);
#6322=PLANE('',#6321);
#6324=ORIENTED_EDGE('',*,*,#6323,.F.);
#6325=ORIENTED_EDGE('',*,*,#6119,.F.);
#6326=ORIENTED_EDGE('',*,*,#6299,.T.);
#6327=ORIENTED_EDGE('',*,*,#3727,.T.);
#6328=EDGE_LOOP('',(#6324,#6325,#6326,#6327));
#6329=FACE_OUTER_BOUND('',#6328,.F.);
#6330=ADVANCED_FACE('',(#6329),#6322,.F.);
#6331=CARTESIAN_POINT('',(-7.460951728391E1,3.268524764533E1,
-1.549849337620E1));
#6332=DIRECTION('',(-2.304800857119E-1,9.506059430235E-1,-2.079116908178E-1));
#6333=DIRECTION('',(9.730769924445E-1,2.252259766481E-1,-4.893287461586E-2));
#6334=AXIS2_PLACEMENT_3D('',#6331,#6332,#6333);
#6335=CONICAL_SURFACE('',#6334,1.457235090926E0,1.E0);
#6336=ORIENTED_EDGE('',*,*,#6323,.T.);
#6337=ORIENTED_EDGE('',*,*,#3743,.F.);
#6338=ORIENTED_EDGE('',*,*,#6239,.F.);
#6339=ORIENTED_EDGE('',*,*,#6106,.F.);
#6340=EDGE_LOOP('',(#6336,#6337,#6338,#6339));
#6341=FACE_OUTER_BOUND('',#6340,.F.);
#6342=ADVANCED_FACE('',(#6341),#6335,.T.);
#6343=CARTESIAN_POINT('',(-6.242276179604E1,4.236894877783E1,1.502686752417E1));
#6344=DIRECTION('',(8.354770421769E-3,-2.466376697877E-1,-9.690717505185E-1));
#6345=DIRECTION('',(9.730769924160E-1,2.252259961567E-1,-4.893278538765E-2));
#6346=AXIS2_PLACEMENT_3D('',#6343,#6344,#6345);
#6347=PLANE('',#6346);
#6348=ORIENTED_EDGE('',*,*,#6090,.T.);
#6350=ORIENTED_EDGE('',*,*,#6349,.T.);
#6351=ORIENTED_EDGE('',*,*,#5854,.F.);
#6353=ORIENTED_EDGE('',*,*,#6352,.F.);
#6354=EDGE_LOOP('',(#6348,#6350,#6351,#6353));
#6355=FACE_OUTER_BOUND('',#6354,.F.);
#6356=ADVANCED_FACE('',(#6355),#6347,.T.);
#6357=CARTESIAN_POINT('',(-6.242276179604E1,4.236894877783E1,1.502686752417E1));
#6358=DIRECTION('',(8.354770421769E-3,-2.466376697877E-1,-9.690717505185E-1));
#6359=DIRECTION('',(9.730769924160E-1,2.252259961567E-1,-4.893278538765E-2));
#6360=AXIS2_PLACEMENT_3D('',#6357,#6358,#6359);
#6361=PLANE('',#6360);
#6362=ORIENTED_EDGE('',*,*,#6044,.T.);
#6364=ORIENTED_EDGE('',*,*,#6363,.T.);
#6365=ORIENTED_EDGE('',*,*,#5868,.F.);
#6367=ORIENTED_EDGE('',*,*,#6366,.F.);
#6368=EDGE_LOOP('',(#6362,#6364,#6365,#6367));
#6369=FACE_OUTER_BOUND('',#6368,.F.);
#6370=ADVANCED_FACE('',(#6369),#6361,.T.);
#6371=CARTESIAN_POINT('',(-5.664178592595E1,4.705048328414E1,1.847975036739E1));
#6372=DIRECTION('',(-9.769512202368E-1,-2.086013123616E-1,4.529686257083E-2));
#6373=DIRECTION('',(3.112322019229E-4,-2.135921359306E-1,-9.769228744395E-1));
#6374=AXIS2_PLACEMENT_3D('',#6371,#6372,#6373);
#6375=PLANE('',#6374);
#6376=ORIENTED_EDGE('',*,*,#6349,.F.);
#6377=ORIENTED_EDGE('',*,*,#6088,.F.);
#6379=ORIENTED_EDGE('',*,*,#6378,.T.);
#6380=ORIENTED_EDGE('',*,*,#5856,.T.);
#6381=EDGE_LOOP('',(#6376,#6377,#6379,#6380));
#6382=FACE_OUTER_BOUND('',#6381,.F.);
#6383=ADVANCED_FACE('',(#6382),#6375,.F.);
#6384=CARTESIAN_POINT('',(-5.664178592595E1,4.705048328414E1,1.847975036739E1));
#6385=DIRECTION('',(-9.769512202368E-1,-2.086013123616E-1,4.529686257083E-2));
#6386=DIRECTION('',(3.112322019229E-4,-2.135921359306E-1,-9.769228744395E-1));
#6387=AXIS2_PLACEMENT_3D('',#6384,#6385,#6386);
#6388=PLANE('',#6387);
#6389=ORIENTED_EDGE('',*,*,#3647,.T.);
#6391=ORIENTED_EDGE('',*,*,#6390,.F.);
#6392=ORIENTED_EDGE('',*,*,#6072,.F.);
#6394=ORIENTED_EDGE('',*,*,#6393,.T.);
#6395=ORIENTED_EDGE('',*,*,#5884,.T.);
#6397=ORIENTED_EDGE('',*,*,#6396,.T.);
#6398=EDGE_LOOP('',(#6389,#6391,#6392,#6394,#6395,#6397));
#6399=FACE_OUTER_BOUND('',#6398,.F.);
#6400=ADVANCED_FACE('',(#6399),#6388,.F.);
#6401=CARTESIAN_POINT('',(-6.096271170670E1,4.584936208354E1,1.777798315699E1));
#6402=DIRECTION('',(-3.711247331794E-3,-1.969692435344E-1,-9.804026436851E-1));
#6403=DIRECTION('',(9.730769924445E-1,2.252259766481E-1,-4.893287461586E-2));
#6404=AXIS2_PLACEMENT_3D('',#6401,#6402,#6403);
#6405=PLANE('',#6404);
#6406=ORIENTED_EDGE('',*,*,#3707,.F.);
#6408=ORIENTED_EDGE('',*,*,#6407,.T.);
#6409=ORIENTED_EDGE('',*,*,#5858,.T.);
#6410=ORIENTED_EDGE('',*,*,#6378,.F.);
#6411=ORIENTED_EDGE('',*,*,#6086,.F.);
#6413=ORIENTED_EDGE('',*,*,#6412,.T.);
#6414=EDGE_LOOP('',(#6406,#6408,#6409,#6410,#6411,#6413));
#6415=FACE_OUTER_BOUND('',#6414,.F.);
#6416=ADVANCED_FACE('',(#6415),#6405,.F.);
#6417=CARTESIAN_POINT('',(-5.237447161337E1,4.547586224511E1,1.232148634101E1));
#6418=DIRECTION('',(-2.304800857119E-1,9.506059430235E-1,-2.079116908178E-1));
#6419=DIRECTION('',(9.718430452728E-1,2.356291479313E-1,0.E0));
#6420=AXIS2_PLACEMENT_3D('',#6417,#6418,#6419);
#6421=CONICAL_SURFACE('',#6420,6.979053922086E0,1.E0);
#6422=ORIENTED_EDGE('',*,*,#5860,.F.);
#6423=ORIENTED_EDGE('',*,*,#6407,.F.);
#6424=ORIENTED_EDGE('',*,*,#3705,.F.);
#6426=ORIENTED_EDGE('',*,*,#6425,.T.);
#6427=EDGE_LOOP('',(#6422,#6423,#6424,#6426));
#6428=FACE_OUTER_BOUND('',#6427,.F.);
#6429=ADVANCED_FACE('',(#6428),#6421,.T.);
#6430=CARTESIAN_POINT('',(-5.237447161337E1,4.547586224511E1,1.232148634101E1));
#6431=DIRECTION('',(-2.304800857119E-1,9.506059430235E-1,-2.079116908178E-1));
#6432=DIRECTION('',(9.718430452728E-1,2.356291479313E-1,0.E0));
#6433=AXIS2_PLACEMENT_3D('',#6430,#6431,#6432);
#6434=CONICAL_SURFACE('',#6433,6.979053922086E0,1.E0);
#6436=ORIENTED_EDGE('',*,*,#6435,.T.);
#6437=ORIENTED_EDGE('',*,*,#5874,.F.);
#6439=ORIENTED_EDGE('',*,*,#6438,.T.);
#6440=ORIENTED_EDGE('',*,*,#3701,.F.);
#6441=EDGE_LOOP('',(#6436,#6437,#6439,#6440));
#6442=FACE_OUTER_BOUND('',#6441,.F.);
#6443=ADVANCED_FACE('',(#6442),#6434,.T.);
#6444=CARTESIAN_POINT('',(-5.237447161337E1,4.547586224511E1,1.232148634101E1));
#6445=DIRECTION('',(-2.304800857119E-1,9.506059430235E-1,-2.079116908178E-1));
#6446=DIRECTION('',(9.718430452728E-1,2.356291479313E-1,0.E0));
#6447=AXIS2_PLACEMENT_3D('',#6444,#6445,#6446);
#6448=CONICAL_SURFACE('',#6447,6.979053922086E0,1.E0);
#6450=ORIENTED_EDGE('',*,*,#6449,.T.);
#6451=ORIENTED_EDGE('',*,*,#5890,.F.);
#6453=ORIENTED_EDGE('',*,*,#6452,.F.);
#6454=ORIENTED_EDGE('',*,*,#3693,.F.);
#6455=EDGE_LOOP('',(#6450,#6451,#6453,#6454));
#6456=FACE_OUTER_BOUND('',#6455,.F.);
#6457=ADVANCED_FACE('',(#6456),#6448,.T.);
#6458=CARTESIAN_POINT('',(-4.773186535600E1,4.397231290539E1,1.856783434E1));
#6459=CARTESIAN_POINT('',(-4.809936323097E1,4.559614399563E1,1.822950685192E1));
#6460=CARTESIAN_POINT('',(-4.846686110593E1,4.721997508587E1,1.789117936384E1));
#6461=CARTESIAN_POINT('',(-4.883435898089E1,4.884380617611E1,1.755285187576E1));
#6462=CARTESIAN_POINT('',(-4.677354797072E1,4.387822384312E1,1.707530309440E1));
#6463=CARTESIAN_POINT('',(-4.714104584569E1,4.550205493336E1,1.673697560632E1));
#6464=CARTESIAN_POINT('',(-4.750854372065E1,4.712588602360E1,1.639864811824E1));
#6465=CARTESIAN_POINT('',(-4.787604159562E1,4.874971711384E1,1.606032063016E1));
#6466=CARTESIAN_POINT('',(-4.581523058545E1,4.378413478084E1,1.558277184880E1));
#6467=CARTESIAN_POINT('',(-4.618272846041E1,4.540796587108E1,1.524444436072E1));
#6468=CARTESIAN_POINT('',(-4.655022633538E1,4.703179696132E1,1.490611687264E1));
#6469=CARTESIAN_POINT('',(-4.691772421034E1,4.865562805156E1,1.456778938456E1));
#6470=CARTESIAN_POINT('',(-4.485691320017E1,4.369004571856E1,1.409024060320E1));
#6471=CARTESIAN_POINT('',(-4.522441107513E1,4.531387680880E1,1.375191311512E1));
#6472=CARTESIAN_POINT('',(-4.559190895010E1,4.693770789905E1,1.341358562704E1));
#6473=CARTESIAN_POINT('',(-4.595940682506E1,4.856153898929E1,1.307525813896E1));
#6474=B_SPLINE_SURFACE_WITH_KNOTS('',3,3,((#6458,#6459,#6460,#6461),(#6462,
#6463,#6464,#6465),(#6466,#6467,#6468,#6469),(#6470,#6471,#6472,#6473)),
.UNSPECIFIED.,.F.,.F.,.F.,(4,4),(4,4),(1.270978090134E-2,9.975168720763E-1),(
-1.020155374605E0,2.000304656088E-2),.UNSPECIFIED.);
#6475=ORIENTED_EDGE('',*,*,#5862,.F.);
#6476=ORIENTED_EDGE('',*,*,#6425,.F.);
#6477=ORIENTED_EDGE('',*,*,#3703,.F.);
#6478=ORIENTED_EDGE('',*,*,#6438,.F.);
#6479=ORIENTED_EDGE('',*,*,#5872,.F.);
#6481=ORIENTED_EDGE('',*,*,#6480,.F.);
#6482=ORIENTED_EDGE('',*,*,#6050,.F.);
#6484=ORIENTED_EDGE('',*,*,#6483,.T.);
#6485=EDGE_LOOP('',(#6475,#6476,#6477,#6478,#6479,#6481,#6482,#6484));
#6486=FACE_OUTER_BOUND('',#6485,.F.);
#6487=ADVANCED_FACE('',(#6486),#6474,.T.);
#6488=CARTESIAN_POINT('',(-4.768906686258E1,4.884067267642E1,1.674026770424E1));
#6489=DIRECTION('',(-9.769512202368E-1,-2.086013123616E-1,4.529686257083E-2));
#6490=DIRECTION('',(3.112322019231E-4,-2.135921359306E-1,-9.769228744395E-1));
#6491=AXIS2_PLACEMENT_3D('',#6488,#6489,#6490);
#6492=PLANE('',#6491);
#6493=ORIENTED_EDGE('',*,*,#5876,.T.);
#6494=ORIENTED_EDGE('',*,*,#6435,.F.);
#6495=ORIENTED_EDGE('',*,*,#3699,.T.);
#6497=ORIENTED_EDGE('',*,*,#6496,.F.);
#6498=ORIENTED_EDGE('',*,*,#6064,.F.);
#6500=ORIENTED_EDGE('',*,*,#6499,.T.);
#6501=EDGE_LOOP('',(#6493,#6494,#6495,#6497,#6498,#6500));
#6502=FACE_OUTER_BOUND('',#6501,.F.);
#6503=ADVANCED_FACE('',(#6502),#6492,.F.);
#6504=CARTESIAN_POINT('',(-4.768906686258E1,4.884067267642E1,1.674026770424E1));
#6505=DIRECTION('',(-9.769512202368E-1,-2.086013123616E-1,4.529686257083E-2));
#6506=DIRECTION('',(3.112322019231E-4,-2.135921359306E-1,-9.769228744395E-1));
#6507=AXIS2_PLACEMENT_3D('',#6504,#6505,#6506);
#6508=PLANE('',#6507);
#6509=ORIENTED_EDGE('',*,*,#6363,.F.);
#6510=ORIENTED_EDGE('',*,*,#6052,.F.);
#6511=ORIENTED_EDGE('',*,*,#6480,.T.);
#6512=ORIENTED_EDGE('',*,*,#5870,.T.);
#6513=EDGE_LOOP('',(#6509,#6510,#6511,#6512));
#6514=FACE_OUTER_BOUND('',#6513,.F.);
#6515=ADVANCED_FACE('',(#6514),#6508,.F.);
#6516=CARTESIAN_POINT('',(-4.676968017533E1,4.635028181588E1,4.334612857192E0));
#6517=DIRECTION('',(-4.333705794700E-3,2.301499455250E-1,9.731455294913E-1));
#6518=DIRECTION('',(-9.730769924160E-1,-2.252259961567E-1,4.893278538765E-2));
#6519=AXIS2_PLACEMENT_3D('',#6516,#6517,#6518);
#6520=PLANE('',#6519);
#6521=ORIENTED_EDGE('',*,*,#3697,.T.);
#6523=ORIENTED_EDGE('',*,*,#6522,.F.);
#6524=ORIENTED_EDGE('',*,*,#6066,.F.);
#6525=ORIENTED_EDGE('',*,*,#6496,.T.);
#6526=EDGE_LOOP('',(#6521,#6523,#6524,#6525));
#6527=FACE_OUTER_BOUND('',#6526,.F.);
#6528=ADVANCED_FACE('',(#6527),#6520,.F.);
#6529=CARTESIAN_POINT('',(-5.761022178734E1,4.364014635852E1,3.960694911751E0));
#6530=DIRECTION('',(9.689063559738E-1,2.417820349203E-1,-5.255398123326E-2));
#6531=DIRECTION('',(-3.112322019236E-4,2.135921359306E-1,9.769228744395E-1));
#6532=AXIS2_PLACEMENT_3D('',#6529,#6530,#6531);
#6533=PLANE('',#6532);
#6534=ORIENTED_EDGE('',*,*,#5888,.F.);
#6536=ORIENTED_EDGE('',*,*,#6535,.F.);
#6537=ORIENTED_EDGE('',*,*,#6068,.F.);
#6538=ORIENTED_EDGE('',*,*,#6522,.T.);
#6539=ORIENTED_EDGE('',*,*,#3695,.T.);
#6540=ORIENTED_EDGE('',*,*,#6452,.T.);
#6541=EDGE_LOOP('',(#6534,#6536,#6537,#6538,#6539,#6540));
#6542=FACE_OUTER_BOUND('',#6541,.F.);
#6543=ADVANCED_FACE('',(#6542),#6533,.F.);
#6544=CARTESIAN_POINT('',(-5.761022178734E1,4.364014635852E1,3.960694911751E0));
#6545=DIRECTION('',(9.689063559738E-1,2.417820349203E-1,-5.255398123326E-2));
#6546=DIRECTION('',(-3.112322019236E-4,2.135921359306E-1,9.769228744395E-1));
#6547=AXIS2_PLACEMENT_3D('',#6544,#6545,#6546);
#6548=PLANE('',#6547);
#6550=ORIENTED_EDGE('',*,*,#6549,.T.);
#6551=ORIENTED_EDGE('',*,*,#6092,.F.);
#6552=ORIENTED_EDGE('',*,*,#6352,.T.);
#6553=ORIENTED_EDGE('',*,*,#5852,.F.);
#6554=EDGE_LOOP('',(#6550,#6551,#6552,#6553));
#6555=FACE_OUTER_BOUND('',#6554,.F.);
#6556=ADVANCED_FACE('',(#6555),#6548,.F.);
#6557=CARTESIAN_POINT('',(-4.177037578017E1,4.565344980151E1,7.149977582716E0));
#6558=DIRECTION('',(7.732507560821E-3,1.802863318398E-1,9.835837772547E-1));
#6559=DIRECTION('',(-9.730769924160E-1,-2.252259961567E-1,4.893278538765E-2));
#6560=AXIS2_PLACEMENT_3D('',#6557,#6558,#6559);
#6561=PLANE('',#6560);
#6562=ORIENTED_EDGE('',*,*,#6062,.T.);
#6564=ORIENTED_EDGE('',*,*,#6563,.T.);
#6565=ORIENTED_EDGE('',*,*,#5878,.F.);
#6566=ORIENTED_EDGE('',*,*,#6499,.F.);
#6567=EDGE_LOOP('',(#6562,#6564,#6565,#6566));
#6568=FACE_OUTER_BOUND('',#6567,.F.);
#6569=ADVANCED_FACE('',(#6568),#6561,.T.);
#6570=CARTESIAN_POINT('',(-4.177037578017E1,4.565344980151E1,7.149977582716E0));
#6571=DIRECTION('',(7.732507560821E-3,1.802863318398E-1,9.835837772547E-1));
#6572=DIRECTION('',(-9.730769924160E-1,-2.252259961567E-1,4.893278538765E-2));
#6573=AXIS2_PLACEMENT_3D('',#6570,#6571,#6572);
#6574=PLANE('',#6573);
#6575=ORIENTED_EDGE('',*,*,#6070,.T.);
#6576=ORIENTED_EDGE('',*,*,#6535,.T.);
#6577=ORIENTED_EDGE('',*,*,#5886,.F.);
#6578=ORIENTED_EDGE('',*,*,#6393,.F.);
#6579=EDGE_LOOP('',(#6575,#6576,#6577,#6578));
#6580=FACE_OUTER_BOUND('',#6579,.F.);
#6581=ADVANCED_FACE('',(#6580),#6574,.T.);
#6582=CARTESIAN_POINT('',(-4.865822470712E1,4.592581765498E1,4.487436161519E0));
#6583=DIRECTION('',(9.689063559738E-1,2.417820349203E-1,-5.255398123325E-2));
#6584=DIRECTION('',(-3.112322019301E-4,2.135921359306E-1,9.769228744395E-1));
#6585=AXIS2_PLACEMENT_3D('',#6582,#6583,#6584);
#6586=PLANE('',#6585);
#6587=ORIENTED_EDGE('',*,*,#6366,.T.);
#6588=ORIENTED_EDGE('',*,*,#5866,.T.);
#6590=ORIENTED_EDGE('',*,*,#6589,.F.);
#6591=ORIENTED_EDGE('',*,*,#6046,.F.);
#6592=EDGE_LOOP('',(#6587,#6588,#6590,#6591));
#6593=FACE_OUTER_BOUND('',#6592,.F.);
#6594=ADVANCED_FACE('',(#6593),#6586,.F.);
#6595=CARTESIAN_POINT('',(-4.865822470712E1,4.592581765498E1,4.487436161519E0));
#6596=DIRECTION('',(9.689063559738E-1,2.417820349203E-1,-5.255398123325E-2));
#6597=DIRECTION('',(-3.112322019301E-4,2.135921359306E-1,9.769228744395E-1));
#6598=AXIS2_PLACEMENT_3D('',#6595,#6596,#6597);
#6599=PLANE('',#6598);
#6600=ORIENTED_EDGE('',*,*,#5880,.T.);
#6601=ORIENTED_EDGE('',*,*,#6563,.F.);
#6602=ORIENTED_EDGE('',*,*,#6076,.F.);
#6604=ORIENTED_EDGE('',*,*,#6603,.T.);
#6605=ORIENTED_EDGE('',*,*,#3643,.T.);
#6607=ORIENTED_EDGE('',*,*,#6606,.F.);
#6608=EDGE_LOOP('',(#6600,#6601,#6602,#6604,#6605,#6607));
#6609=FACE_OUTER_BOUND('',#6608,.F.);
#6610=ADVANCED_FACE('',(#6609),#6599,.F.);
#6611=CARTESIAN_POINT('',(-4.957761754325E1,4.842042836542E1,1.691239166254E1));
#6612=DIRECTION('',(-3.711247331796E-3,-1.969692435344E-1,-9.804026436851E-1));
#6613=DIRECTION('',(9.730769924445E-1,2.252259766481E-1,-4.893287461586E-2));
#6614=AXIS2_PLACEMENT_3D('',#6611,#6612,#6613);
#6615=PLANE('',#6614);
#6616=ORIENTED_EDGE('',*,*,#5864,.T.);
#6617=ORIENTED_EDGE('',*,*,#6483,.F.);
#6618=ORIENTED_EDGE('',*,*,#6048,.F.);
#6619=ORIENTED_EDGE('',*,*,#6589,.T.);
#6620=EDGE_LOOP('',(#6616,#6617,#6618,#6619));
#6621=FACE_OUTER_BOUND('',#6620,.F.);
#6622=ADVANCED_FACE('',(#6621),#6615,.F.);
#6623=CARTESIAN_POINT('',(-5.755319793491E1,4.406801961467E1,5.853787100133E0));
#6624=DIRECTION('',(-3.711158468388E-3,-1.969692229663E-1,-9.804026481537E-1));
#6625=DIRECTION('',(9.730769924160E-1,2.252259961567E-1,-4.893278538765E-2));
#6626=AXIS2_PLACEMENT_3D('',#6623,#6624,#6625);
#6627=PLANE('',#6626);
#6628=ORIENTED_EDGE('',*,*,#3645,.T.);
#6629=ORIENTED_EDGE('',*,*,#6603,.F.);
#6630=ORIENTED_EDGE('',*,*,#6074,.F.);
#6631=ORIENTED_EDGE('',*,*,#6390,.T.);
#6632=EDGE_LOOP('',(#6628,#6629,#6630,#6631));
#6633=FACE_OUTER_BOUND('',#6632,.F.);
#6634=ADVANCED_FACE('',(#6633),#6627,.F.);
#6635=CARTESIAN_POINT('',(-5.755357152021E1,4.432433015310E1,7.026094554823E0));
#6636=DIRECTION('',(4.333705794700E-3,-2.301499455250E-1,-9.731455294913E-1));
#6637=DIRECTION('',(9.730769924160E-1,2.252259961567E-1,-4.893278538765E-2));
#6638=AXIS2_PLACEMENT_3D('',#6635,#6636,#6637);
#6639=PLANE('',#6638);
#6640=ORIENTED_EDGE('',*,*,#5882,.T.);
#6641=ORIENTED_EDGE('',*,*,#6606,.T.);
#6642=ORIENTED_EDGE('',*,*,#3649,.F.);
#6643=ORIENTED_EDGE('',*,*,#6396,.F.);
#6644=EDGE_LOOP('',(#6640,#6641,#6642,#6643));
#6645=FACE_OUTER_BOUND('',#6644,.F.);
#6646=ADVANCED_FACE('',(#6645),#6639,.T.);
#6647=CARTESIAN_POINT('',(-5.669880977838E1,4.662261002914E1,1.658665818429E1));
#6648=DIRECTION('',(-4.333616931293E-3,2.301499660931E-1,9.731455250227E-1));
#6649=DIRECTION('',(-9.730769924445E-1,-2.252259766481E-1,4.893287461586E-2));
#6650=AXIS2_PLACEMENT_3D('',#6647,#6648,#6649);
#6651=PLANE('',#6650);
#6652=ORIENTED_EDGE('',*,*,#3691,.T.);
#6654=ORIENTED_EDGE('',*,*,#6653,.F.);
#6655=ORIENTED_EDGE('',*,*,#6094,.F.);
#6656=ORIENTED_EDGE('',*,*,#6549,.F.);
#6657=ORIENTED_EDGE('',*,*,#5850,.T.);
#6658=ORIENTED_EDGE('',*,*,#6449,.F.);
#6659=EDGE_LOOP('',(#6652,#6654,#6655,#6656,#6657,#6658));
#6660=FACE_OUTER_BOUND('',#6659,.F.);
#6661=ADVANCED_FACE('',(#6660),#6651,.F.);
#6662=CARTESIAN_POINT('',(-6.004656519703E1,4.558263716442E1,1.554288123694E1));
#6663=DIRECTION('',(9.689063559738E-1,2.417820349203E-1,-5.255398123327E-2));
#6664=DIRECTION('',(-3.112322019166E-4,2.135921359306E-1,9.769228744395E-1));
#6665=AXIS2_PLACEMENT_3D('',#6662,#6663,#6664);
#6666=PLANE('',#6665);
#6667=ORIENTED_EDGE('',*,*,#3709,.T.);
#6668=ORIENTED_EDGE('',*,*,#6412,.F.);
#6669=ORIENTED_EDGE('',*,*,#6096,.F.);
#6670=ORIENTED_EDGE('',*,*,#6653,.T.);
#6671=EDGE_LOOP('',(#6667,#6668,#6669,#6670));
#6672=FACE_OUTER_BOUND('',#6671,.F.);
#6673=ADVANCED_FACE('',(#6672),#6666,.F.);
#6674=CARTESIAN_POINT('',(-7.693629799695E1,4.244755488038E1,9.109953956938E0));
#6675=DIRECTION('',(2.304800857119E-1,-9.506059430235E-1,2.079116908178E-1));
#6676=DIRECTION('',(9.725751308872E-1,2.319031947661E-1,-1.784721370275E-2));
#6677=AXIS2_PLACEMENT_3D('',#6674,#6675,#6676);
#6678=TOROIDAL_SURFACE('',#6677,5.649073724325E0,2.5E-1);
#6679=ORIENTED_EDGE('',*,*,#4098,.F.);
#6681=ORIENTED_EDGE('',*,*,#6680,.T.);
#6683=ORIENTED_EDGE('',*,*,#6682,.T.);
#6685=ORIENTED_EDGE('',*,*,#6684,.F.);
#6686=EDGE_LOOP('',(#6679,#6681,#6683,#6685));
#6687=FACE_OUTER_BOUND('',#6686,.F.);
#6688=ADVANCED_FACE('',(#6687),#6678,.T.);
#6689=CARTESIAN_POINT('',(-7.693629799695E1,4.244755488038E1,9.109953956938E0));
#6690=DIRECTION('',(2.304800857119E-1,-9.506059430235E-1,2.079116908178E-1));
#6691=DIRECTION('',(-9.725751308872E-1,-2.319031947661E-1,1.784721370274E-2));
#6692=AXIS2_PLACEMENT_3D('',#6689,#6690,#6691);
#6693=TOROIDAL_SURFACE('',#6692,5.649073724325E0,2.5E-1);
#6694=ORIENTED_EDGE('',*,*,#4100,.F.);
#6695=ORIENTED_EDGE('',*,*,#6684,.T.);
#6697=ORIENTED_EDGE('',*,*,#6696,.T.);
#6698=ORIENTED_EDGE('',*,*,#6680,.F.);
#6699=EDGE_LOOP('',(#6694,#6695,#6697,#6698));
#6700=FACE_OUTER_BOUND('',#6699,.F.);
#6701=ADVANCED_FACE('',(#6700),#6693,.T.);
#6702=CARTESIAN_POINT('',(-7.687542699167E1,4.219649484110E1,9.164864530186E0));
#6703=DIRECTION('',(-2.304800857119E-1,9.506059430235E-1,-2.079116908178E-1));
#6704=DIRECTION('',(-9.730769924445E-1,-2.252259766481E-1,4.893287461586E-2));
#6705=AXIS2_PLACEMENT_3D('',#6702,#6703,#6704);
#6706=CONICAL_SURFACE('',#6705,5.375012547833E0,5.E0);
#6707=ORIENTED_EDGE('',*,*,#6696,.F.);
#6709=ORIENTED_EDGE('',*,*,#6708,.T.);
#6711=ORIENTED_EDGE('',*,*,#6710,.F.);
#6713=ORIENTED_EDGE('',*,*,#6712,.F.);
#6714=EDGE_LOOP('',(#6707,#6709,#6711,#6713));
#6715=FACE_OUTER_BOUND('',#6714,.F.);
#6716=ADVANCED_FACE('',(#6715),#6706,.F.);
#6717=CARTESIAN_POINT('',(-7.687542699167E1,4.219649484110E1,9.164864530186E0));
#6718=DIRECTION('',(-2.304800857119E-1,9.506059430235E-1,-2.079116908178E-1));
#6719=DIRECTION('',(-9.730769924445E-1,-2.252259766481E-1,4.893287461586E-2));
#6720=AXIS2_PLACEMENT_3D('',#6717,#6718,#6719);
#6721=CONICAL_SURFACE('',#6720,5.375012547833E0,5.E0);
#6722=ORIENTED_EDGE('',*,*,#6682,.F.);
#6723=ORIENTED_EDGE('',*,*,#6712,.T.);
#6725=ORIENTED_EDGE('',*,*,#6724,.F.);
#6726=ORIENTED_EDGE('',*,*,#6708,.F.);
#6727=EDGE_LOOP('',(#6722,#6723,#6725,#6726));
#6728=FACE_OUTER_BOUND('',#6727,.F.);
#6729=ADVANCED_FACE('',(#6728),#6721,.F.);
#6730=CARTESIAN_POINT('',(-4.915236099255E1,5.052097229393E1,1.786845322400E1));
#6731=DIRECTION('',(2.304800857119E-1,-9.506059430235E-1,2.079116908178E-1));
#6732=DIRECTION('',(9.730769924445E-1,2.252259766481E-1,-4.893287461586E-2));
#6733=AXIS2_PLACEMENT_3D('',#6730,#6731,#6732);
#6734=PLANE('',#6733);
#6735=ORIENTED_EDGE('',*,*,#6710,.T.);
#6736=ORIENTED_EDGE('',*,*,#6724,.T.);
#6737=EDGE_LOOP('',(#6735,#6736));
#6738=FACE_OUTER_BOUND('',#6737,.F.);
#6740=ORIENTED_EDGE('',*,*,#6739,.F.);
#6742=ORIENTED_EDGE('',*,*,#6741,.F.);
#6743=EDGE_LOOP('',(#6740,#6742));
#6744=FACE_BOUND('',#6743,.F.);
#6745=ADVANCED_FACE('',(#6738,#6744),#6734,.F.);
#6746=CARTESIAN_POINT('',(-7.668840989E1,4.111730383928E1,9.486662847984E0));
#6747=DIRECTION('',(2.304800857119E-1,-9.506059430235E-1,2.079116908178E-1));
#6748=DIRECTION('',(9.718430452728E-1,2.356291479313E-1,0.E0));
#6749=AXIS2_PLACEMENT_3D('',#6746,#6747,#6748);
#6750=CONICAL_SURFACE('',#6749,4.678800857132E0,1.E0);
#6751=ORIENTED_EDGE('',*,*,#6739,.T.);
#6753=ORIENTED_EDGE('',*,*,#6752,.T.);
#6754=ORIENTED_EDGE('',*,*,#3685,.F.);
#6756=ORIENTED_EDGE('',*,*,#6755,.F.);
#6757=EDGE_LOOP('',(#6751,#6753,#6754,#6756));
#6758=FACE_OUTER_BOUND('',#6757,.F.);
#6759=ADVANCED_FACE('',(#6758),#6750,.F.);
#6760=CARTESIAN_POINT('',(-7.668840989E1,4.111730383928E1,9.486662847984E0));
#6761=DIRECTION('',(2.304800857119E-1,-9.506059430235E-1,2.079116908178E-1));
#6762=DIRECTION('',(9.718430452728E-1,2.356291479313E-1,0.E0));
#6763=AXIS2_PLACEMENT_3D('',#6760,#6761,#6762);
#6764=CONICAL_SURFACE('',#6763,4.678800857132E0,1.E0);
#6765=ORIENTED_EDGE('',*,*,#6741,.T.);
#6766=ORIENTED_EDGE('',*,*,#6755,.T.);
#6767=ORIENTED_EDGE('',*,*,#3687,.F.);
#6768=ORIENTED_EDGE('',*,*,#6752,.F.);
#6769=EDGE_LOOP('',(#6765,#6766,#6767,#6768));
#6770=FACE_OUTER_BOUND('',#6769,.F.);
#6771=ADVANCED_FACE('',(#6770),#6764,.F.);
#6772=CARTESIAN_POINT('',(-7.789280754744E1,4.107607096302E1,2.697210382127E0));
#6773=DIRECTION('',(-1.619409342386E-1,1.732134807047E-1,9.714793996375E-1));
#6774=DIRECTION('',(9.595071984661E-1,2.575760687460E-1,1.140197566267E-1));
#6775=AXIS2_PLACEMENT_3D('',#6772,#6773,#6774);
#6776=PLANE('',#6775);
#6777=ORIENTED_EDGE('',*,*,#4104,.F.);
#6779=ORIENTED_EDGE('',*,*,#6778,.T.);
#6781=ORIENTED_EDGE('',*,*,#6780,.T.);
#6783=ORIENTED_EDGE('',*,*,#6782,.F.);
#6784=EDGE_LOOP('',(#6777,#6779,#6781,#6783));
#6785=FACE_OUTER_BOUND('',#6784,.F.);
#6786=ADVANCED_FACE('',(#6785),#6776,.F.);
#6787=CARTESIAN_POINT('',(-7.758310779200E1,4.102377999393E1,2.114810557988E0));
#6788=DIRECTION('',(-8.531214635947E-1,-3.001720025761E-1,-4.267089607959E-1));
#6789=DIRECTION('',(-4.680413426657E-1,7.902600811063E-2,8.801660022961E-1));
#6790=AXIS2_PLACEMENT_3D('',#6787,#6788,#6789);
#6791=PLANE('',#6790);
#6792=ORIENTED_EDGE('',*,*,#4134,.F.);
#6794=ORIENTED_EDGE('',*,*,#6793,.T.);
#6796=ORIENTED_EDGE('',*,*,#6795,.T.);
#6797=ORIENTED_EDGE('',*,*,#6778,.F.);
#6798=EDGE_LOOP('',(#6792,#6794,#6796,#6797));
#6799=FACE_OUTER_BOUND('',#6798,.F.);
#6800=ADVANCED_FACE('',(#6799),#6791,.F.);
#6801=CARTESIAN_POINT('',(-7.590350168531E1,4.147466388380E1,2.314400805794E0));
#6802=DIRECTION('',(1.619409342386E-1,-1.732134807047E-1,-9.714793996375E-1));
#6803=DIRECTION('',(-9.595071984661E-1,-2.575760687460E-1,-1.140197566267E-1));
#6804=AXIS2_PLACEMENT_3D('',#6801,#6802,#6803);
#6805=PLANE('',#6804);
#6806=ORIENTED_EDGE('',*,*,#4132,.F.);
#6808=ORIENTED_EDGE('',*,*,#6807,.T.);
#6810=ORIENTED_EDGE('',*,*,#6809,.T.);
#6811=ORIENTED_EDGE('',*,*,#6793,.F.);
#6812=EDGE_LOOP('',(#6806,#6808,#6810,#6811));
#6813=FACE_OUTER_BOUND('',#6812,.F.);
#6814=ADVANCED_FACE('',(#6813),#6805,.F.);
#6815=CARTESIAN_POINT('',(-7.574748053416E1,4.144883282316E1,2.023340077997E0));
#6816=DIRECTION('',(-8.514871400720E-1,-3.004452573665E-1,-4.297700520255E-1));
#6817=DIRECTION('',(-4.710080470462E-1,7.798069257468E-2,8.786753844300E-1));
#6818=AXIS2_PLACEMENT_3D('',#6815,#6816,#6817);
#6819=PLANE('',#6818);
#6820=ORIENTED_EDGE('',*,*,#4130,.F.);
#6822=ORIENTED_EDGE('',*,*,#6821,.T.);
#6824=ORIENTED_EDGE('',*,*,#6823,.T.);
#6825=ORIENTED_EDGE('',*,*,#6807,.F.);
#6826=EDGE_LOOP('',(#6820,#6822,#6824,#6825));
#6827=FACE_OUTER_BOUND('',#6826,.F.);
#6828=ADVANCED_FACE('',(#6827),#6819,.F.);
#6829=CARTESIAN_POINT('',(-7.711318536010E1,4.108221454172E1,1.861051215416E0));
#6830=DIRECTION('',(-1.619409342386E-1,1.732134807047E-1,9.714793996375E-1));
#6831=DIRECTION('',(9.595071984661E-1,2.575760687460E-1,1.140197566267E-1));
#6832=AXIS2_PLACEMENT_3D('',#6829,#6830,#6831);
#6833=PLANE('',#6832);
#6834=ORIENTED_EDGE('',*,*,#4128,.F.);
#6836=ORIENTED_EDGE('',*,*,#6835,.T.);
#6838=ORIENTED_EDGE('',*,*,#6837,.T.);
#6839=ORIENTED_EDGE('',*,*,#6821,.F.);
#6840=EDGE_LOOP('',(#6834,#6836,#6838,#6839));
#6841=FACE_OUTER_BOUND('',#6840,.F.);
#6842=ADVANCED_FACE('',(#6841),#6833,.F.);
#6843=CARTESIAN_POINT('',(-7.727106548969E1,4.097211787265E1,1.532689102395E0));
#6844=DIRECTION('',(-8.802381537244E-1,-1.125956921426E-1,4.609804798891E-1));
#6845=DIRECTION('',(4.148008230682E-1,2.892586233795E-1,8.627106849822E-1));
#6846=AXIS2_PLACEMENT_3D('',#6843,#6844,#6845);
#6847=PLANE('',#6846);
#6848=ORIENTED_EDGE('',*,*,#4126,.F.);
#6850=ORIENTED_EDGE('',*,*,#6849,.T.);
#6852=ORIENTED_EDGE('',*,*,#6851,.T.);
#6853=ORIENTED_EDGE('',*,*,#6835,.F.);
#6854=EDGE_LOOP('',(#6848,#6850,#6852,#6853));
#6855=FACE_OUTER_BOUND('',#6854,.F.);
#6856=ADVANCED_FACE('',(#6855),#6847,.F.);
#6857=CARTESIAN_POINT('',(-7.696136573425E1,4.091982690356E1,
9.502892782557E-1));
#6858=DIRECTION('',(-8.531214635947E-1,-3.001720025761E-1,-4.267089607958E-1));
#6859=DIRECTION('',(-4.680413426657E-1,7.902600811063E-2,8.801660022961E-1));
#6860=AXIS2_PLACEMENT_3D('',#6857,#6858,#6859);
#6861=PLANE('',#6860);
#6862=ORIENTED_EDGE('',*,*,#4124,.F.);
#6864=ORIENTED_EDGE('',*,*,#6863,.T.);
#6866=ORIENTED_EDGE('',*,*,#6865,.T.);
#6867=ORIENTED_EDGE('',*,*,#6849,.F.);
#6868=EDGE_LOOP('',(#6862,#6864,#6866,#6867));
#6869=FACE_OUTER_BOUND('',#6868,.F.);
#6870=ADVANCED_FACE('',(#6869),#6861,.F.);
#6871=CARTESIAN_POINT('',(-7.601917832357E1,4.103732484696E1,
4.430489616584E-1));
#6872=DIRECTION('',(-4.252333466872E-1,-2.905764168185E-1,-8.571708971110E-1));
#6873=DIRECTION('',(-8.752459831130E-1,-1.091498377341E-1,4.712014239868E-1));
#6874=AXIS2_PLACEMENT_3D('',#6871,#6872,#6873);
#6875=PLANE('',#6874);
#6876=ORIENTED_EDGE('',*,*,#4122,.F.);
#6878=ORIENTED_EDGE('',*,*,#6877,.T.);
#6880=ORIENTED_EDGE('',*,*,#6879,.T.);
#6881=ORIENTED_EDGE('',*,*,#6863,.F.);
#6882=EDGE_LOOP('',(#6876,#6878,#6880,#6881));
#6883=FACE_OUTER_BOUND('',#6882,.F.);
#6884=ADVANCED_FACE('',(#6883),#6875,.F.);
#6885=CARTESIAN_POINT('',(-7.413108554534E1,4.154417619318E1,
6.674140100986E-1));
#6886=DIRECTION('',(1.619409342386E-1,-1.732134807047E-1,-9.714793996375E-1));
#6887=DIRECTION('',(-9.595071984661E-1,-2.575760687460E-1,-1.140197566267E-1));
#6888=AXIS2_PLACEMENT_3D('',#6885,#6886,#6887);
#6889=PLANE('',#6888);
#6890=ORIENTED_EDGE('',*,*,#4120,.F.);
#6892=ORIENTED_EDGE('',*,*,#6891,.T.);
#6894=ORIENTED_EDGE('',*,*,#6893,.T.);
#6895=ORIENTED_EDGE('',*,*,#6877,.F.);
#6896=EDGE_LOOP('',(#6890,#6892,#6894,#6895));
#6897=FACE_OUTER_BOUND('',#6896,.F.);
#6898=ADVANCED_FACE('',(#6897),#6889,.F.);
#6899=CARTESIAN_POINT('',(-7.444312784765E1,4.159583831445E1,1.249535465691E0));
#6900=DIRECTION('',(8.514871400720E-1,3.004452573665E-1,4.297700520255E-1));
#6901=DIRECTION('',(4.710080470462E-1,-7.798069257469E-2,-8.786753844300E-1));
#6902=AXIS2_PLACEMENT_3D('',#6899,#6900,#6901);
#6903=PLANE('',#6902);
#6904=ORIENTED_EDGE('',*,*,#4118,.F.);
#6906=ORIENTED_EDGE('',*,*,#6905,.T.);
#6908=ORIENTED_EDGE('',*,*,#6907,.T.);
#6909=ORIENTED_EDGE('',*,*,#6891,.F.);
#6910=EDGE_LOOP('',(#6904,#6906,#6908,#6909));
#6911=FACE_OUTER_BOUND('',#6910,.F.);
#6912=ADVANCED_FACE('',(#6911),#6903,.F.);
#6913=CARTESIAN_POINT('',(-7.612039140747E1,4.114558327240E1,1.050223586432E0));
#6914=DIRECTION('',(-1.619409342386E-1,1.732134807047E-1,9.714793996375E-1));
#6915=DIRECTION('',(9.595071984661E-1,2.575760687460E-1,1.140197566267E-1));
#6916=AXIS2_PLACEMENT_3D('',#6913,#6914,#6915);
#6917=PLANE('',#6916);
#6918=ORIENTED_EDGE('',*,*,#4116,.F.);
#6920=ORIENTED_EDGE('',*,*,#6919,.T.);
#6922=ORIENTED_EDGE('',*,*,#6921,.T.);
#6923=ORIENTED_EDGE('',*,*,#6905,.F.);
#6924=EDGE_LOOP('',(#6918,#6920,#6922,#6923));
#6925=FACE_OUTER_BOUND('',#6924,.F.);
#6926=ADVANCED_FACE('',(#6925),#6917,.F.);
#6927=CARTESIAN_POINT('',(-7.627641255862E1,4.117141433304E1,1.341284314228E0));
#6928=DIRECTION('',(8.514871400720E-1,3.004452573665E-1,4.297700520255E-1));
#6929=DIRECTION('',(4.710080470462E-1,-7.798069257468E-2,-8.786753844300E-1));
#6930=AXIS2_PLACEMENT_3D('',#6927,#6928,#6929);
#6931=PLANE('',#6930);
#6932=ORIENTED_EDGE('',*,*,#4114,.F.);
#6934=ORIENTED_EDGE('',*,*,#6933,.T.);
#6936=ORIENTED_EDGE('',*,*,#6935,.T.);
#6937=ORIENTED_EDGE('',*,*,#6919,.F.);
#6938=EDGE_LOOP('',(#6932,#6934,#6936,#6937));
#6939=FACE_OUTER_BOUND('',#6938,.F.);
#6940=ADVANCED_FACE('',(#6939),#6931,.F.);
#6941=CARTESIAN_POINT('',(-7.491305027955E1,4.153740376666E1,1.503294808263E0));
#6942=DIRECTION('',(1.619409342386E-1,-1.732134807047E-1,-9.714793996375E-1));
#6943=DIRECTION('',(-9.595071984661E-1,-2.575760687460E-1,-1.140197566267E-1));
#6944=AXIS2_PLACEMENT_3D('',#6941,#6942,#6943);
#6945=PLANE('',#6944);
#6946=ORIENTED_EDGE('',*,*,#4112,.F.);
#6948=ORIENTED_EDGE('',*,*,#6947,.T.);
#6950=ORIENTED_EDGE('',*,*,#6949,.T.);
#6951=ORIENTED_EDGE('',*,*,#6933,.F.);
#6952=EDGE_LOOP('',(#6946,#6948,#6950,#6951));
#6953=FACE_OUTER_BOUND('',#6952,.F.);
#6954=ADVANCED_FACE('',(#6953),#6945,.F.);
#6955=CARTESIAN_POINT('',(-7.475282760309E1,4.164812928355E1,1.831935289831E0));
#6956=DIRECTION('',(8.780495265962E-1,1.110763675040E-1,-4.655008801563E-1));
#6957=DIRECTION('',(-4.194138277815E-1,-2.898454444537E-1,-8.602799889542E-1));
#6958=AXIS2_PLACEMENT_3D('',#6955,#6956,#6957);
#6959=PLANE('',#6958);
#6960=ORIENTED_EDGE('',*,*,#4110,.F.);
#6962=ORIENTED_EDGE('',*,*,#6961,.T.);
#6964=ORIENTED_EDGE('',*,*,#6963,.T.);
#6965=ORIENTED_EDGE('',*,*,#6947,.F.);
#6966=EDGE_LOOP('',(#6960,#6962,#6964,#6965));
#6967=FACE_OUTER_BOUND('',#6966,.F.);
#6968=ADVANCED_FACE('',(#6967),#6959,.F.);
#6969=CARTESIAN_POINT('',(-7.506486990540E1,4.169979140482E1,2.414056745423E0));
#6970=DIRECTION('',(8.514871400720E-1,3.004452573665E-1,4.297700520255E-1));
#6971=DIRECTION('',(4.710080470462E-1,-7.798069257468E-2,-8.786753844300E-1));
#6972=AXIS2_PLACEMENT_3D('',#6969,#6970,#6971);
#6973=PLANE('',#6972);
#6974=ORIENTED_EDGE('',*,*,#4108,.F.);
#6976=ORIENTED_EDGE('',*,*,#6975,.T.);
#6978=ORIENTED_EDGE('',*,*,#6977,.T.);
#6979=ORIENTED_EDGE('',*,*,#6961,.F.);
#6980=EDGE_LOOP('',(#6974,#6976,#6978,#6979));
#6981=FACE_OUTER_BOUND('',#6980,.F.);
#6982=ADVANCED_FACE('',(#6981),#6973,.F.);
#6983=CARTESIAN_POINT('',(-7.600471476921E1,4.158292230924E1,2.921575430567E0));
#6984=DIRECTION('',(4.263875942487E-1,2.907201535798E-1,8.565485460692E-1));
#6985=DIRECTION('',(8.746842570671E-1,1.087664166505E-1,-4.723317870396E-1));
#6986=AXIS2_PLACEMENT_3D('',#6983,#6984,#6985);
#6987=PLANE('',#6986);
#6988=ORIENTED_EDGE('',*,*,#4106,.F.);
#6989=ORIENTED_EDGE('',*,*,#6782,.T.);
#6991=ORIENTED_EDGE('',*,*,#6990,.T.);
#6992=ORIENTED_EDGE('',*,*,#6975,.F.);
#6993=EDGE_LOOP('',(#6988,#6989,#6991,#6992));
#6994=FACE_OUTER_BOUND('',#6993,.F.);
#6995=ADVANCED_FACE('',(#6994),#6987,.F.);
#6996=CARTESIAN_POINT('',(-6.146616572084E1,4.756800909199E1,1.489114301290E1));
#6997=DIRECTION('',(-2.304800857119E-1,9.506059430235E-1,-2.079116908178E-1));
#6998=DIRECTION('',(-9.595761312452E-1,-2.575022210171E-1,-1.136056975495E-1));
#6999=AXIS2_PLACEMENT_3D('',#6996,#6997,#6998);
#7000=PLANE('',#6999);
#7001=ORIENTED_EDGE('',*,*,#6780,.F.);
#7002=ORIENTED_EDGE('',*,*,#6795,.F.);
#7003=ORIENTED_EDGE('',*,*,#6809,.F.);
#7004=ORIENTED_EDGE('',*,*,#6823,.F.);
#7005=ORIENTED_EDGE('',*,*,#6837,.F.);
#7006=ORIENTED_EDGE('',*,*,#6851,.F.);
#7007=ORIENTED_EDGE('',*,*,#6865,.F.);
#7008=ORIENTED_EDGE('',*,*,#6879,.F.);
#7009=ORIENTED_EDGE('',*,*,#6893,.F.);
#7010=ORIENTED_EDGE('',*,*,#6907,.F.);
#7011=ORIENTED_EDGE('',*,*,#6921,.F.);
#7012=ORIENTED_EDGE('',*,*,#6935,.F.);
#7013=ORIENTED_EDGE('',*,*,#6949,.F.);
#7014=ORIENTED_EDGE('',*,*,#6963,.F.);
#7015=ORIENTED_EDGE('',*,*,#6977,.F.);
#7016=ORIENTED_EDGE('',*,*,#6990,.F.);
#7017=EDGE_LOOP('',(#7001,#7002,#7003,#7004,#7005,#7006,#7007,#7008,#7009,#7010,
#7011,#7012,#7013,#7014,#7015,#7016));
#7018=FACE_OUTER_BOUND('',#7017,.F.);
#7019=ADVANCED_FACE('',(#7018),#7000,.T.);
#7020=CARTESIAN_POINT('',(-6.146616572084E1,4.756800909199E1,1.489114301290E1));
#7021=DIRECTION('',(-2.304800857119E-1,9.506059430235E-1,-2.079116908178E-1));
#7022=DIRECTION('',(-9.595761312452E-1,-2.575022210171E-1,-1.136056975495E-1));
#7023=AXIS2_PLACEMENT_3D('',#7020,#7021,#7022);
#7024=PLANE('',#7023);
#7026=ORIENTED_EDGE('',*,*,#7025,.F.);
#7028=ORIENTED_EDGE('',*,*,#7027,.F.);
#7030=ORIENTED_EDGE('',*,*,#7029,.F.);
#7032=ORIENTED_EDGE('',*,*,#7031,.F.);
#7034=ORIENTED_EDGE('',*,*,#7033,.F.);
#7036=ORIENTED_EDGE('',*,*,#7035,.F.);
#7038=ORIENTED_EDGE('',*,*,#7037,.F.);
#7040=ORIENTED_EDGE('',*,*,#7039,.F.);
#7042=ORIENTED_EDGE('',*,*,#7041,.F.);
#7044=ORIENTED_EDGE('',*,*,#7043,.F.);
#7046=ORIENTED_EDGE('',*,*,#7045,.F.);
#7048=ORIENTED_EDGE('',*,*,#7047,.F.);
#7050=ORIENTED_EDGE('',*,*,#7049,.F.);
#7052=ORIENTED_EDGE('',*,*,#7051,.F.);
#7054=ORIENTED_EDGE('',*,*,#7053,.F.);
#7055=EDGE_LOOP('',(#7026,#7028,#7030,#7032,#7034,#7036,#7038,#7040,#7042,#7044,
#7046,#7048,#7050,#7052,#7054));
#7056=FACE_OUTER_BOUND('',#7055,.F.);
#7057=ADVANCED_FACE('',(#7056),#7024,.T.);
#7058=CARTESIAN_POINT('',(-7.453828042781E1,4.197658104712E1,3.095834140646E0));
#7059=DIRECTION('',(-1.619409342386E-1,1.732134807047E-1,9.714793996375E-1));
#7060=DIRECTION('',(9.595071984661E-1,2.575760687460E-1,1.140197566267E-1));
#7061=AXIS2_PLACEMENT_3D('',#7058,#7059,#7060);
#7062=PLANE('',#7061);
#7063=ORIENTED_EDGE('',*,*,#4138,.F.);
#7065=ORIENTED_EDGE('',*,*,#7064,.T.);
#7066=ORIENTED_EDGE('',*,*,#7025,.T.);
#7068=ORIENTED_EDGE('',*,*,#7067,.F.);
#7069=EDGE_LOOP('',(#7063,#7065,#7066,#7068));
#7070=FACE_OUTER_BOUND('',#7069,.F.);
#7071=ADVANCED_FACE('',(#7070),#7062,.F.);
#7072=CARTESIAN_POINT('',(-7.485638323386E1,4.175575886116E1,2.438831546058E0));
#7073=DIRECTION('',(-8.791448583341E-1,-1.118350211573E-1,4.632464205016E-1));
#7074=DIRECTION('',(4.171129920717E-1,2.895535686729E-1,8.614960723728E-1));
#7075=AXIS2_PLACEMENT_3D('',#7072,#7073,#7074);
#7076=PLANE('',#7075);
#7077=ORIENTED_EDGE('',*,*,#4166,.F.);
#7079=ORIENTED_EDGE('',*,*,#7078,.T.);
#7080=ORIENTED_EDGE('',*,*,#7027,.T.);
#7081=ORIENTED_EDGE('',*,*,#7064,.F.);
#7082=EDGE_LOOP('',(#7077,#7079,#7080,#7081));
#7083=FACE_OUTER_BOUND('',#7082,.F.);
#7084=ADVANCED_FACE('',(#7083),#7076,.F.);
#7085=CARTESIAN_POINT('',(-7.423464117611E1,4.165180577079E1,1.274310266326E0));
#7086=DIRECTION('',(-8.523050954365E-1,-3.003091679204E-1,-4.282410862540E-1));
#7087=DIRECTION('',(-4.695263085103E-1,7.850315121961E-2,8.794215717535E-1));
#7088=AXIS2_PLACEMENT_3D('',#7085,#7086,#7087);
#7089=PLANE('',#7088);
#7090=ORIENTED_EDGE('',*,*,#4164,.F.);
#7092=ORIENTED_EDGE('',*,*,#7091,.T.);
#7093=ORIENTED_EDGE('',*,*,#7029,.T.);
#7094=ORIENTED_EDGE('',*,*,#7078,.F.);
#7095=EDGE_LOOP('',(#7090,#7092,#7093,#7094));
#7096=FACE_OUTER_BOUND('',#7095,.F.);
#7097=ADVANCED_FACE('',(#7096),#7089,.F.);
#7098=CARTESIAN_POINT('',(-7.329245376543E1,4.176930371420E1,
7.670699497283E-1));
#7099=DIRECTION('',(-4.252333466872E-1,-2.905764168185E-1,-8.571708971110E-1));
#7100=DIRECTION('',(-8.752459831130E-1,-1.091498377341E-1,4.712014239868E-1));
#7101=AXIS2_PLACEMENT_3D('',#7098,#7099,#7100);
#7102=PLANE('',#7101);
#7103=ORIENTED_EDGE('',*,*,#4162,.F.);
#7105=ORIENTED_EDGE('',*,*,#7104,.T.);
#7106=ORIENTED_EDGE('',*,*,#7031,.T.);
#7107=ORIENTED_EDGE('',*,*,#7091,.F.);
#7108=EDGE_LOOP('',(#7103,#7105,#7106,#7107));
#7109=FACE_OUTER_BOUND('',#7108,.F.);
#7110=ADVANCED_FACE('',(#7109),#7102,.F.);
#7111=CARTESIAN_POINT('',(-7.140436098720E1,4.227615506042E1,
9.914349981685E-1));
#7112=DIRECTION('',(1.619409342386E-1,-1.732134807047E-1,-9.714793996375E-1));
#7113=DIRECTION('',(-9.595071984661E-1,-2.575760687460E-1,-1.140197566267E-1));
#7114=AXIS2_PLACEMENT_3D('',#7111,#7112,#7113);
#7115=PLANE('',#7114);
#7116=ORIENTED_EDGE('',*,*,#4160,.F.);
#7118=ORIENTED_EDGE('',*,*,#7117,.T.);
#7119=ORIENTED_EDGE('',*,*,#7033,.T.);
#7120=ORIENTED_EDGE('',*,*,#7104,.F.);
#7121=EDGE_LOOP('',(#7116,#7118,#7119,#7120));
#7122=FACE_OUTER_BOUND('',#7121,.F.);
#7123=ADVANCED_FACE('',(#7122),#7115,.F.);
#7124=CARTESIAN_POINT('',(-7.171640328951E1,4.232781718169E1,1.573556453761E0));
#7125=DIRECTION('',(8.514871400720E-1,3.004452573665E-1,4.297700520255E-1));
#7126=DIRECTION('',(4.710080470462E-1,-7.798069257469E-2,-8.786753844300E-1));
#7127=AXIS2_PLACEMENT_3D('',#7124,#7125,#7126);
#7128=PLANE('',#7127);
#7129=ORIENTED_EDGE('',*,*,#4158,.F.);
#7131=ORIENTED_EDGE('',*,*,#7130,.T.);
#7132=ORIENTED_EDGE('',*,*,#7035,.T.);
#7133=ORIENTED_EDGE('',*,*,#7117,.F.);
#7134=EDGE_LOOP('',(#7129,#7131,#7132,#7133));
#7135=FACE_OUTER_BOUND('',#7134,.F.);
#7136=ADVANCED_FACE('',(#7135),#7128,.F.);
#7137=CARTESIAN_POINT('',(-7.339366684933E1,4.187756213964E1,1.374244574502E0));
#7138=DIRECTION('',(-1.619409342386E-1,1.732134807047E-1,9.714793996375E-1));
#7139=DIRECTION('',(9.595071984661E-1,2.575760687460E-1,1.140197566267E-1));
#7140=AXIS2_PLACEMENT_3D('',#7137,#7138,#7139);
#7141=PLANE('',#7140);
#7142=ORIENTED_EDGE('',*,*,#4156,.F.);
#7144=ORIENTED_EDGE('',*,*,#7143,.T.);
#7145=ORIENTED_EDGE('',*,*,#7037,.T.);
#7146=ORIENTED_EDGE('',*,*,#7130,.F.);
#7147=EDGE_LOOP('',(#7142,#7144,#7145,#7146));
#7148=FACE_OUTER_BOUND('',#7147,.F.);
#7149=ADVANCED_FACE('',(#7148),#7141,.F.);
#7150=CARTESIAN_POINT('',(-7.401775145395E1,4.198088638219E1,2.538487485687E0));
#7151=DIRECTION('',(8.514871400720E-1,3.004452573665E-1,4.297700520255E-1));
#7152=DIRECTION('',(4.710080470462E-1,-7.798069257468E-2,-8.786753844300E-1));
#7153=AXIS2_PLACEMENT_3D('',#7150,#7151,#7152);
#7154=PLANE('',#7153);
#7155=ORIENTED_EDGE('',*,*,#4154,.F.);
#7157=ORIENTED_EDGE('',*,*,#7156,.T.);
#7158=ORIENTED_EDGE('',*,*,#7039,.T.);
#7159=ORIENTED_EDGE('',*,*,#7143,.F.);
#7160=EDGE_LOOP('',(#7155,#7157,#7158,#7159));
#7161=FACE_OUTER_BOUND('',#7160,.F.);
#7162=ADVANCED_FACE('',(#7161),#7154,.F.);
#7163=CARTESIAN_POINT('',(-7.317677712717E1,4.220664275103E1,2.638421793864E0));
#7164=DIRECTION('',(1.619409342386E-1,-1.732134807047E-1,-9.714793996375E-1));
#7165=DIRECTION('',(-9.595071984661E-1,-2.575760687460E-1,-1.140197566267E-1));
#7166=AXIS2_PLACEMENT_3D('',#7163,#7164,#7165);
#7167=PLANE('',#7166);
#7168=ORIENTED_EDGE('',*,*,#4152,.F.);
#7170=ORIENTED_EDGE('',*,*,#7169,.T.);
#7171=ORIENTED_EDGE('',*,*,#7041,.T.);
#7172=ORIENTED_EDGE('',*,*,#7156,.F.);
#7173=EDGE_LOOP('',(#7168,#7170,#7171,#7172));
#7174=FACE_OUTER_BOUND('',#7173,.F.);
#7175=ADVANCED_FACE('',(#7174),#7167,.F.);
#7176=CARTESIAN_POINT('',(-7.302075597602E1,4.218081169040E1,2.347361066067E0));
#7177=DIRECTION('',(-8.514871400719E-1,-3.004452573665E-1,-4.297700520256E-1));
#7178=DIRECTION('',(-4.710080470463E-1,7.798069257467E-2,8.786753844300E-1));
#7179=AXIS2_PLACEMENT_3D('',#7176,#7177,#7178);
#7180=PLANE('',#7179);
#7181=ORIENTED_EDGE('',*,*,#4150,.F.);
#7183=ORIENTED_EDGE('',*,*,#7182,.T.);
#7184=ORIENTED_EDGE('',*,*,#7043,.T.);
#7185=ORIENTED_EDGE('',*,*,#7169,.F.);
#7186=EDGE_LOOP('',(#7181,#7183,#7184,#7185));
#7187=FACE_OUTER_BOUND('',#7186,.F.);
#7188=ADVANCED_FACE('',(#7187),#7180,.F.);
#7189=CARTESIAN_POINT('',(-7.344241441284E1,4.206761908206E1,2.297254727706E0));
#7190=DIRECTION('',(-1.619409342386E-1,1.732134807047E-1,9.714793996375E-1));
#7191=DIRECTION('',(9.595071984661E-1,2.575760687460E-1,1.140197566267E-1));
#7192=AXIS2_PLACEMENT_3D('',#7189,#7190,#7191);
#7193=PLANE('',#7192);
#7194=ORIENTED_EDGE('',*,*,#4148,.F.);
#7196=ORIENTED_EDGE('',*,*,#7195,.T.);
#7197=ORIENTED_EDGE('',*,*,#7045,.T.);
#7198=ORIENTED_EDGE('',*,*,#7182,.F.);
#7199=EDGE_LOOP('',(#7194,#7196,#7197,#7198));
#7200=FACE_OUTER_BOUND('',#7199,.F.);
#7201=ADVANCED_FACE('',(#7200),#7193,.F.);
#7202=CARTESIAN_POINT('',(-7.313037211053E1,4.201595696079E1,1.715133272113E0));
#7203=DIRECTION('',(-8.514871400720E-1,-3.004452573665E-1,-4.297700520255E-1));
#7204=DIRECTION('',(-4.710080470462E-1,7.798069257468E-2,8.786753844300E-1));
#7205=AXIS2_PLACEMENT_3D('',#7202,#7203,#7204);
#7206=PLANE('',#7205);
#7207=ORIENTED_EDGE('',*,*,#4146,.F.);
#7209=ORIENTED_EDGE('',*,*,#7208,.T.);
#7210=ORIENTED_EDGE('',*,*,#7047,.T.);
#7211=ORIENTED_EDGE('',*,*,#7195,.F.);
#7212=EDGE_LOOP('',(#7207,#7209,#7210,#7211));
#7213=FACE_OUTER_BOUND('',#7212,.F.);
#7214=ADVANCED_FACE('',(#7213),#7206,.F.);
#7215=CARTESIAN_POINT('',(-7.187008189379E1,4.235427709015E1,1.864895550104E0));
#7216=DIRECTION('',(1.619409342386E-1,-1.732134807047E-1,-9.714793996375E-1));
#7217=DIRECTION('',(-9.595071984661E-1,-2.575760687460E-1,-1.140197566267E-1));
#7218=AXIS2_PLACEMENT_3D('',#7215,#7216,#7217);
#7219=PLANE('',#7218);
#7220=ORIENTED_EDGE('',*,*,#4144,.F.);
#7222=ORIENTED_EDGE('',*,*,#7221,.T.);
#7223=ORIENTED_EDGE('',*,*,#7049,.T.);
#7224=ORIENTED_EDGE('',*,*,#7208,.F.);
#7225=EDGE_LOOP('',(#7220,#7222,#7223,#7224));
#7226=FACE_OUTER_BOUND('',#7225,.F.);
#7227=ADVANCED_FACE('',(#7226),#7219,.F.);
#7228=CARTESIAN_POINT('',(-7.233814534726E1,4.243177027206E1,2.738077733493E0));
#7229=DIRECTION('',(8.514871400720E-1,3.004452573665E-1,4.297700520255E-1));
#7230=DIRECTION('',(4.710080470462E-1,-7.798069257468E-2,-8.786753844300E-1));
#7231=AXIS2_PLACEMENT_3D('',#7228,#7229,#7230);
#7232=PLANE('',#7231);
#7233=ORIENTED_EDGE('',*,*,#4142,.F.);
#7235=ORIENTED_EDGE('',*,*,#7234,.T.);
#7236=ORIENTED_EDGE('',*,*,#7051,.T.);
#7237=ORIENTED_EDGE('',*,*,#7221,.F.);
#7238=EDGE_LOOP('',(#7233,#7235,#7236,#7237));
#7239=FACE_OUTER_BOUND('',#7238,.F.);
#7240=ADVANCED_FACE('',(#7239),#7232,.F.);
#7241=CARTESIAN_POINT('',(-7.327799021107E1,4.231490117647E1,3.245596418637E0));
#7242=DIRECTION('',(4.263875942487E-1,2.907201535798E-1,8.565485460692E-1));
#7243=DIRECTION('',(8.746842570671E-1,1.087664166505E-1,-4.723317870396E-1));
#7244=AXIS2_PLACEMENT_3D('',#7241,#7242,#7243);
#7245=PLANE('',#7244);
#7246=ORIENTED_EDGE('',*,*,#4140,.F.);
#7247=ORIENTED_EDGE('',*,*,#7067,.T.);
#7248=ORIENTED_EDGE('',*,*,#7053,.T.);
#7249=ORIENTED_EDGE('',*,*,#7234,.F.);
#7250=EDGE_LOOP('',(#7246,#7247,#7248,#7249));
#7251=FACE_OUTER_BOUND('',#7250,.F.);
#7252=ADVANCED_FACE('',(#7251),#7245,.F.);
#7253=CARTESIAN_POINT('',(-7.986200257947E1,2.764230081723E1,3.580462792025E0));
#7254=DIRECTION('',(-2.304800857119E-1,9.506059430235E-1,-2.079116908178E-1));
#7255=DIRECTION('',(9.718430452728E-1,2.356291479313E-1,0.E0));
#7256=AXIS2_PLACEMENT_3D('',#7253,#7254,#7255);
#7257=CYLINDRICAL_SURFACE('',#7256,1.05E0);
#7258=ORIENTED_EDGE('',*,*,#3845,.T.);
#7260=ORIENTED_EDGE('',*,*,#7259,.T.);
#7261=ORIENTED_EDGE('',*,*,#3891,.F.);
#7263=ORIENTED_EDGE('',*,*,#7262,.F.);
#7264=EDGE_LOOP('',(#7258,#7260,#7261,#7263));
#7265=FACE_OUTER_BOUND('',#7264,.F.);
#7266=ADVANCED_FACE('',(#7265),#7257,.F.);
#7267=CARTESIAN_POINT('',(-7.986200257947E1,2.764230081723E1,3.580462792025E0));
#7268=DIRECTION('',(-2.304800857119E-1,9.506059430235E-1,-2.079116908178E-1));
#7269=DIRECTION('',(9.718430452728E-1,2.356291479313E-1,0.E0));
#7270=AXIS2_PLACEMENT_3D('',#7267,#7268,#7269);
#7271=CYLINDRICAL_SURFACE('',#7270,1.05E0);
#7272=ORIENTED_EDGE('',*,*,#3847,.T.);
#7273=ORIENTED_EDGE('',*,*,#7262,.T.);
#7274=ORIENTED_EDGE('',*,*,#3893,.F.);
#7275=ORIENTED_EDGE('',*,*,#7259,.F.);
#7276=EDGE_LOOP('',(#7272,#7273,#7274,#7275));
#7277=FACE_OUTER_BOUND('',#7276,.F.);
#7278=ADVANCED_FACE('',(#7277),#7271,.F.);
#7279=CARTESIAN_POINT('',(-8.159060322231E1,3.477184538990E1,2.021125110891E0));
#7280=DIRECTION('',(-2.304800857119E-1,9.506059430235E-1,-2.079116908178E-1));
#7281=DIRECTION('',(9.718430452728E-1,2.356291479313E-1,0.E0));
#7282=AXIS2_PLACEMENT_3D('',#7279,#7280,#7281);
#7283=CONICAL_SURFACE('',#7282,3.162724675359E0,1.E0);
#7284=ORIENTED_EDGE('',*,*,#3835,.F.);
#7286=ORIENTED_EDGE('',*,*,#7285,.F.);
#7287=ORIENTED_EDGE('',*,*,#3755,.F.);
#7288=ORIENTED_EDGE('',*,*,#3753,.T.);
#7290=ORIENTED_EDGE('',*,*,#7289,.T.);
#7291=EDGE_LOOP('',(#7284,#7286,#7287,#7288,#7290));
#7292=FACE_OUTER_BOUND('',#7291,.F.);
#7293=ADVANCED_FACE('',(#7292),#7283,.T.);
#7294=CARTESIAN_POINT('',(-7.740642572334E1,3.828443963547E1,1.418577833046E0));
#7295=DIRECTION('',(-1.353616956727E-1,1.978762601431E-1,9.708358239251E-1));
#7296=DIRECTION('',(-9.641699394942E-1,-2.519399746082E-1,-8.308174871886E-2));
#7297=AXIS2_PLACEMENT_3D('',#7294,#7295,#7296);
#7298=PLANE('',#7297);
#7299=ORIENTED_EDGE('',*,*,#3757,.T.);
#7300=ORIENTED_EDGE('',*,*,#7285,.T.);
#7301=ORIENTED_EDGE('',*,*,#3841,.F.);
#7303=ORIENTED_EDGE('',*,*,#7302,.F.);
#7304=EDGE_LOOP('',(#7299,#7300,#7301,#7303));
#7305=FACE_OUTER_BOUND('',#7304,.F.);
#7306=ADVANCED_FACE('',(#7305),#7298,.F.);
#7307=CARTESIAN_POINT('',(-7.476591513167E1,3.251182933618E1,3.361408626544E0));
#7308=DIRECTION('',(-2.304800857119E-1,9.506059430235E-1,-2.079116908178E-1));
#7309=DIRECTION('',(8.378843015865E-1,8.522927036118E-2,-5.391529176668E-1));
#7310=AXIS2_PLACEMENT_3D('',#7307,#7308,#7309);
#7311=CONICAL_SURFACE('',#7310,2.236037011535E0,5.E-1);
#7312=ORIENTED_EDGE('',*,*,#3767,.F.);
#7314=ORIENTED_EDGE('',*,*,#7313,.T.);
#7316=ORIENTED_EDGE('',*,*,#7315,.F.);
#7318=ORIENTED_EDGE('',*,*,#7317,.F.);
#7319=EDGE_LOOP('',(#7312,#7314,#7316,#7318));
#7320=FACE_OUTER_BOUND('',#7319,.F.);
#7321=ADVANCED_FACE('',(#7320),#7311,.T.);
#7322=CARTESIAN_POINT('',(-7.476591513167E1,3.251182933618E1,3.361408626544E0));
#7323=DIRECTION('',(-2.304800857119E-1,9.506059430235E-1,-2.079116908178E-1));
#7324=DIRECTION('',(8.378843015865E-1,8.522927036118E-2,-5.391529176668E-1));
#7325=AXIS2_PLACEMENT_3D('',#7322,#7323,#7324);
#7326=CONICAL_SURFACE('',#7325,2.236037011535E0,5.E-1);
#7328=ORIENTED_EDGE('',*,*,#7327,.F.);
#7330=ORIENTED_EDGE('',*,*,#7329,.F.);
#7331=ORIENTED_EDGE('',*,*,#3759,.T.);
#7332=ORIENTED_EDGE('',*,*,#7302,.T.);
#7333=ORIENTED_EDGE('',*,*,#3839,.T.);
#7335=ORIENTED_EDGE('',*,*,#7334,.F.);
#7336=ORIENTED_EDGE('',*,*,#3749,.F.);
#7338=ORIENTED_EDGE('',*,*,#7337,.T.);
#7339=EDGE_LOOP('',(#7328,#7330,#7331,#7332,#7333,#7335,#7336,#7338));
#7340=FACE_OUTER_BOUND('',#7339,.F.);
#7341=ADVANCED_FACE('',(#7340),#7326,.T.);
#7342=CARTESIAN_POINT('',(-7.262112124371E1,2.623168149260E1,3.533221272356E0));
#7343=DIRECTION('',(-9.661445195069E-1,-2.436348849992E-1,-8.489293397089E-2));
#7344=DIRECTION('',(1.313592701943E-1,-1.813135137901E-1,-9.746128215097E-1));
#7345=AXIS2_PLACEMENT_3D('',#7342,#7343,#7344);
#7346=PLANE('',#7345);
#7347=ORIENTED_EDGE('',*,*,#3765,.T.);
#7349=ORIENTED_EDGE('',*,*,#7348,.F.);
#7351=ORIENTED_EDGE('',*,*,#7350,.F.);
#7352=ORIENTED_EDGE('',*,*,#7313,.F.);
#7353=EDGE_LOOP('',(#7347,#7349,#7351,#7352));
#7354=FACE_OUTER_BOUND('',#7353,.F.);
#7355=ADVANCED_FACE('',(#7354),#7346,.F.);
#7356=CARTESIAN_POINT('',(-7.140905207843E1,2.604771394441E1,1.348454999953E0));
#7357=DIRECTION('',(-1.432416425605E-1,2.308159009593E-1,9.623958913570E-1));
#7358=DIRECTION('',(-9.641699394942E-1,-2.519399746082E-1,-8.308174871886E-2));
#7359=AXIS2_PLACEMENT_3D('',#7356,#7357,#7358);
#7360=PLANE('',#7359);
#7361=ORIENTED_EDGE('',*,*,#3763,.T.);
#7363=ORIENTED_EDGE('',*,*,#7362,.F.);
#7365=ORIENTED_EDGE('',*,*,#7364,.F.);
#7366=ORIENTED_EDGE('',*,*,#7348,.T.);
#7367=EDGE_LOOP('',(#7361,#7363,#7365,#7366));
#7368=FACE_OUTER_BOUND('',#7367,.F.);
#7369=ADVANCED_FACE('',(#7368),#7360,.F.);
#7370=CARTESIAN_POINT('',(-7.306721648119E1,2.526464965970E1,
-3.936870013679E-1));
#7371=DIRECTION('',(9.621219342077E-1,2.602258780127E-1,8.126423646999E-2));
#7372=DIRECTION('',(-1.313592701943E-1,1.813135137901E-1,9.746128215097E-1));
#7373=AXIS2_PLACEMENT_3D('',#7370,#7371,#7372);
#7374=PLANE('',#7373);
#7375=ORIENTED_EDGE('',*,*,#3761,.T.);
#7376=ORIENTED_EDGE('',*,*,#7329,.T.);
#7378=ORIENTED_EDGE('',*,*,#7377,.F.);
#7379=ORIENTED_EDGE('',*,*,#7362,.T.);
#7380=EDGE_LOOP('',(#7375,#7376,#7378,#7379));
#7381=FACE_OUTER_BOUND('',#7380,.F.);
#7382=ADVANCED_FACE('',(#7381),#7374,.F.);
#7383=CARTESIAN_POINT('',(-1.977947924733E1,3.640904462110E1,
-8.511720945062E0));
#7384=DIRECTION('',(2.304800857119E-1,-9.506059430235E-1,2.079116908178E-1));
#7385=DIRECTION('',(9.718430452728E-1,2.356291479313E-1,0.E0));
#7386=AXIS2_PLACEMENT_3D('',#7383,#7384,#7385);
#7387=PLANE('',#7386);
#7389=ORIENTED_EDGE('',*,*,#7388,.T.);
#7391=ORIENTED_EDGE('',*,*,#7390,.T.);
#7393=ORIENTED_EDGE('',*,*,#7392,.T.);
#7394=ORIENTED_EDGE('',*,*,#7315,.T.);
#7395=ORIENTED_EDGE('',*,*,#7350,.T.);
#7396=ORIENTED_EDGE('',*,*,#7364,.T.);
#7397=ORIENTED_EDGE('',*,*,#7377,.T.);
#7398=ORIENTED_EDGE('',*,*,#7327,.T.);
#7399=EDGE_LOOP('',(#7389,#7391,#7393,#7394,#7395,#7396,#7397,#7398));
#7400=FACE_OUTER_BOUND('',#7399,.F.);
#7402=ORIENTED_EDGE('',*,*,#7401,.F.);
#7404=ORIENTED_EDGE('',*,*,#7403,.F.);
#7405=EDGE_LOOP('',(#7402,#7404));
#7406=FACE_BOUND('',#7405,.F.);
#7407=ADVANCED_FACE('',(#7400,#7406),#7387,.T.);
#7408=CARTESIAN_POINT('',(-1.977947924733E1,3.640904462110E1,
-8.511720945062E0));
#7409=DIRECTION('',(2.304800857119E-1,-9.506059430235E-1,2.079116908178E-1));
#7410=DIRECTION('',(9.718430452728E-1,2.356291479313E-1,0.E0));
#7411=AXIS2_PLACEMENT_3D('',#7408,#7409,#7410);
#7412=PLANE('',#7411);
#7414=ORIENTED_EDGE('',*,*,#7413,.T.);
#7416=ORIENTED_EDGE('',*,*,#7415,.T.);
#7418=ORIENTED_EDGE('',*,*,#7417,.T.);
#7420=ORIENTED_EDGE('',*,*,#7419,.T.);
#7421=EDGE_LOOP('',(#7414,#7416,#7418,#7420));
#7422=FACE_OUTER_BOUND('',#7421,.F.);
#7424=ORIENTED_EDGE('',*,*,#7423,.F.);
#7426=ORIENTED_EDGE('',*,*,#7425,.F.);
#7427=EDGE_LOOP('',(#7424,#7426));
#7428=FACE_BOUND('',#7427,.F.);
#7429=ADVANCED_FACE('',(#7422,#7428),#7412,.T.);
#7430=CARTESIAN_POINT('',(-7.326779457454E1,2.633289070653E1,4.712834616859E0));
#7431=DIRECTION('',(-2.304800857119E-1,9.506059430235E-1,-2.079116908178E-1));
#7432=DIRECTION('',(8.378843015865E-1,8.522927036118E-2,-5.391529176668E-1));
#7433=AXIS2_PLACEMENT_3D('',#7430,#7431,#7432);
#7434=CYLINDRICAL_SURFACE('',#7433,1.75E0);
#7435=ORIENTED_EDGE('',*,*,#7401,.T.);
#7437=ORIENTED_EDGE('',*,*,#7436,.T.);
#7439=ORIENTED_EDGE('',*,*,#7438,.F.);
#7441=ORIENTED_EDGE('',*,*,#7440,.F.);
#7442=EDGE_LOOP('',(#7435,#7437,#7439,#7441));
#7443=FACE_OUTER_BOUND('',#7442,.F.);
#7444=ADVANCED_FACE('',(#7443),#7434,.T.);
#7445=CARTESIAN_POINT('',(-7.326779457454E1,2.633289070653E1,4.712834616859E0));
#7446=DIRECTION('',(-2.304800857119E-1,9.506059430235E-1,-2.079116908178E-1));
#7447=DIRECTION('',(8.378843015865E-1,8.522927036118E-2,-5.391529176668E-1));
#7448=AXIS2_PLACEMENT_3D('',#7445,#7446,#7447);
#7449=CYLINDRICAL_SURFACE('',#7448,1.75E0);
#7450=ORIENTED_EDGE('',*,*,#7403,.T.);
#7451=ORIENTED_EDGE('',*,*,#7440,.T.);
#7453=ORIENTED_EDGE('',*,*,#7452,.F.);
#7454=ORIENTED_EDGE('',*,*,#7436,.F.);
#7455=EDGE_LOOP('',(#7450,#7451,#7453,#7454));
#7456=FACE_OUTER_BOUND('',#7455,.F.);
#7457=ADVANCED_FACE('',(#7456),#7449,.T.);
#7458=CARTESIAN_POINT('',(-1.941071111019E1,3.488807511226E1,
-8.179062239753E0));
#7459=DIRECTION('',(-2.304800857119E-1,9.506059430235E-1,-2.079116908178E-1));
#7460=DIRECTION('',(9.718430452728E-1,2.356291479313E-1,0.E0));
#7461=AXIS2_PLACEMENT_3D('',#7458,#7459,#7460);
#7462=PLANE('',#7461);
#7463=ORIENTED_EDGE('',*,*,#7438,.T.);
#7464=ORIENTED_EDGE('',*,*,#7452,.T.);
#7465=EDGE_LOOP('',(#7463,#7464));
#7466=FACE_OUTER_BOUND('',#7465,.F.);
#7468=ORIENTED_EDGE('',*,*,#7467,.T.);
#7470=ORIENTED_EDGE('',*,*,#7469,.T.);
#7471=EDGE_LOOP('',(#7468,#7470));
#7472=FACE_BOUND('',#7471,.F.);
#7473=ADVANCED_FACE('',(#7466,#7472),#7462,.F.);
#7474=CARTESIAN_POINT('',(-7.626403568880E1,3.869076796583E1,2.009982636229E0));
#7475=DIRECTION('',(-2.304800857119E-1,9.506059430235E-1,-2.079116908178E-1));
#7476=DIRECTION('',(8.378843015865E-1,8.522927036118E-2,-5.391529176668E-1));
#7477=AXIS2_PLACEMENT_3D('',#7474,#7475,#7476);
#7478=CYLINDRICAL_SURFACE('',#7477,1.E0);
#7480=ORIENTED_EDGE('',*,*,#7479,.T.);
#7481=ORIENTED_EDGE('',*,*,#3599,.F.);
#7483=ORIENTED_EDGE('',*,*,#7482,.T.);
#7484=ORIENTED_EDGE('',*,*,#7467,.F.);
#7485=EDGE_LOOP('',(#7480,#7481,#7483,#7484));
#7486=FACE_OUTER_BOUND('',#7485,.F.);
#7487=ADVANCED_FACE('',(#7486),#7478,.F.);
#7488=CARTESIAN_POINT('',(-7.626403568880E1,3.869076796583E1,2.009982636229E0));
#7489=DIRECTION('',(-2.304800857119E-1,9.506059430235E-1,-2.079116908178E-1));
#7490=DIRECTION('',(8.378843015865E-1,8.522927036118E-2,-5.391529176668E-1));
#7491=AXIS2_PLACEMENT_3D('',#7488,#7489,#7490);
#7492=CYLINDRICAL_SURFACE('',#7491,1.E0);
#7493=ORIENTED_EDGE('',*,*,#7482,.F.);
#7494=ORIENTED_EDGE('',*,*,#3601,.F.);
#7495=ORIENTED_EDGE('',*,*,#7479,.F.);
#7496=ORIENTED_EDGE('',*,*,#7469,.F.);
#7497=EDGE_LOOP('',(#7493,#7494,#7495,#7496));
#7498=FACE_OUTER_BOUND('',#7497,.F.);
#7499=ADVANCED_FACE('',(#7498),#7492,.F.);
#7500=CARTESIAN_POINT('',(-7.212540453999E1,2.673921903690E1,5.304239420042E0));
#7501=DIRECTION('',(1.293429757862E-1,-1.730111134203E-1,-9.763900599903E-1));
#7502=DIRECTION('',(9.641699394942E-1,2.519399746082E-1,8.308174871886E-2));
#7503=AXIS2_PLACEMENT_3D('',#7500,#7501,#7502);
#7504=PLANE('',#7503);
#7505=ORIENTED_EDGE('',*,*,#3747,.T.);
#7507=ORIENTED_EDGE('',*,*,#7506,.F.);
#7508=ORIENTED_EDGE('',*,*,#7388,.F.);
#7509=ORIENTED_EDGE('',*,*,#7337,.F.);
#7510=EDGE_LOOP('',(#7505,#7507,#7508,#7509));
#7511=FACE_OUTER_BOUND('',#7510,.F.);
#7512=ADVANCED_FACE('',(#7511),#7504,.F.);
#7513=CARTESIAN_POINT('',(-6.929676205936E1,2.768121769708E1,6.475524028158E0));
#7514=DIRECTION('',(-9.749109737821E-1,-2.018438285907E-1,-9.384914522275E-2));
#7515=DIRECTION('',(1.313592701943E-1,-1.813135137901E-1,-9.746128215097E-1));
#7516=AXIS2_PLACEMENT_3D('',#7513,#7514,#7515);
#7517=PLANE('',#7516);
#7518=ORIENTED_EDGE('',*,*,#3771,.T.);
#7520=ORIENTED_EDGE('',*,*,#7519,.F.);
#7521=ORIENTED_EDGE('',*,*,#7390,.F.);
#7522=ORIENTED_EDGE('',*,*,#7506,.T.);
#7523=EDGE_LOOP('',(#7518,#7520,#7521,#7522));
#7524=FACE_OUTER_BOUND('',#7523,.F.);
#7525=ADVANCED_FACE('',(#7524),#7517,.F.);
#7526=CARTESIAN_POINT('',(-6.747786329986E1,2.773799497023E1,4.718782368927E0));
#7527=DIRECTION('',(-1.333655610854E-1,1.896021064338E-1,9.727613624894E-1));
#7528=DIRECTION('',(-9.641699394942E-1,-2.519399746082E-1,-8.308174871886E-2));
#7529=AXIS2_PLACEMENT_3D('',#7526,#7527,#7528);
#7530=PLANE('',#7529);
#7531=ORIENTED_EDGE('',*,*,#3769,.T.);
#7532=ORIENTED_EDGE('',*,*,#7317,.T.);
#7533=ORIENTED_EDGE('',*,*,#7392,.F.);
#7534=ORIENTED_EDGE('',*,*,#7519,.T.);
#7535=EDGE_LOOP('',(#7531,#7532,#7533,#7534));
#7536=FACE_OUTER_BOUND('',#7535,.F.);
#7537=ADVANCED_FACE('',(#7536),#7530,.F.);
#7538=CARTESIAN_POINT('',(-4.897104681613E1,2.925007932380E1,
-8.883417033340E0));
#7539=DIRECTION('',(-2.304800857119E-1,9.506059430235E-1,-2.079116908178E-1));
#7540=DIRECTION('',(9.718430452728E-1,2.356291479313E-1,0.E0));
#7541=AXIS2_PLACEMENT_3D('',#7538,#7539,#7540);
#7542=CYLINDRICAL_SURFACE('',#7541,1.75E0);
#7543=ORIENTED_EDGE('',*,*,#7423,.T.);
#7545=ORIENTED_EDGE('',*,*,#7544,.T.);
#7547=ORIENTED_EDGE('',*,*,#7546,.F.);
#7549=ORIENTED_EDGE('',*,*,#7548,.F.);
#7550=EDGE_LOOP('',(#7543,#7545,#7547,#7549));
#7551=FACE_OUTER_BOUND('',#7550,.F.);
#7552=ADVANCED_FACE('',(#7551),#7542,.T.);
#7553=CARTESIAN_POINT('',(-4.897104681613E1,2.925007932380E1,
-8.883417033340E0));
#7554=DIRECTION('',(-2.304800857119E-1,9.506059430235E-1,-2.079116908178E-1));
#7555=DIRECTION('',(9.718430452728E-1,2.356291479313E-1,0.E0));
#7556=AXIS2_PLACEMENT_3D('',#7553,#7554,#7555);
#7557=CYLINDRICAL_SURFACE('',#7556,1.75E0);
#7558=ORIENTED_EDGE('',*,*,#7425,.T.);
#7559=ORIENTED_EDGE('',*,*,#7548,.T.);
#7561=ORIENTED_EDGE('',*,*,#7560,.F.);
#7562=ORIENTED_EDGE('',*,*,#7544,.F.);
#7563=EDGE_LOOP('',(#7558,#7559,#7561,#7562));
#7564=FACE_OUTER_BOUND('',#7563,.F.);
#7565=ADVANCED_FACE('',(#7564),#7557,.T.);
#7566=CARTESIAN_POINT('',(-1.941071111019E1,3.488807511226E1,
-8.179062239753E0));
#7567=DIRECTION('',(-2.304800857119E-1,9.506059430235E-1,-2.079116908178E-1));
#7568=DIRECTION('',(9.718430452728E-1,2.356291479313E-1,0.E0));
#7569=AXIS2_PLACEMENT_3D('',#7566,#7567,#7568);
#7570=PLANE('',#7569);
#7571=ORIENTED_EDGE('',*,*,#7546,.T.);
#7572=ORIENTED_EDGE('',*,*,#7560,.T.);
#7573=EDGE_LOOP('',(#7571,#7572));
#7574=FACE_OUTER_BOUND('',#7573,.F.);
#7576=ORIENTED_EDGE('',*,*,#7575,.T.);
#7578=ORIENTED_EDGE('',*,*,#7577,.T.);
#7579=EDGE_LOOP('',(#7576,#7578));
#7580=FACE_BOUND('',#7579,.F.);
#7581=ADVANCED_FACE('',(#7574,#7580),#7570,.F.);
#7582=CARTESIAN_POINT('',(-5.196728793039E1,4.160795658311E1,
-1.158626901397E1));
#7583=DIRECTION('',(-2.304800857119E-1,9.506059430235E-1,-2.079116908178E-1));
#7584=DIRECTION('',(9.718430452728E-1,2.356291479313E-1,0.E0));
#7585=AXIS2_PLACEMENT_3D('',#7582,#7583,#7584);
#7586=CYLINDRICAL_SURFACE('',#7585,1.E0);
#7587=ORIENTED_EDGE('',*,*,#3587,.F.);
#7589=ORIENTED_EDGE('',*,*,#7588,.F.);
#7590=ORIENTED_EDGE('',*,*,#7575,.F.);
#7592=ORIENTED_EDGE('',*,*,#7591,.F.);
#7593=EDGE_LOOP('',(#7587,#7589,#7590,#7592));
#7594=FACE_OUTER_BOUND('',#7593,.F.);
#7595=ADVANCED_FACE('',(#7594),#7586,.F.);
#7596=CARTESIAN_POINT('',(-5.196728793039E1,4.160795658311E1,
-1.158626901397E1));
#7597=DIRECTION('',(-2.304800857119E-1,9.506059430235E-1,-2.079116908178E-1));
#7598=DIRECTION('',(9.718430452728E-1,2.356291479313E-1,0.E0));
#7599=AXIS2_PLACEMENT_3D('',#7596,#7597,#7598);
#7600=CYLINDRICAL_SURFACE('',#7599,1.E0);
#7601=ORIENTED_EDGE('',*,*,#3589,.F.);
#7602=ORIENTED_EDGE('',*,*,#7591,.T.);
#7603=ORIENTED_EDGE('',*,*,#7577,.F.);
#7604=ORIENTED_EDGE('',*,*,#7588,.T.);
#7605=EDGE_LOOP('',(#7601,#7602,#7603,#7604));
#7606=FACE_OUTER_BOUND('',#7605,.F.);
#7607=ADVANCED_FACE('',(#7606),#7600,.F.);
#7608=CARTESIAN_POINT('',(-5.046916737326E1,3.542901795346E1,
-1.023484302366E1));
#7609=DIRECTION('',(-2.304800857119E-1,9.506059430235E-1,-2.079116908178E-1));
#7610=DIRECTION('',(9.718430452728E-1,2.356291479313E-1,0.E0));
#7611=AXIS2_PLACEMENT_3D('',#7608,#7609,#7610);
#7612=CONICAL_SURFACE('',#7611,2.236037011535E0,5.E-1);
#7613=ORIENTED_EDGE('',*,*,#3777,.F.);
#7615=ORIENTED_EDGE('',*,*,#7614,.T.);
#7616=ORIENTED_EDGE('',*,*,#7413,.F.);
#7618=ORIENTED_EDGE('',*,*,#7617,.F.);
#7619=EDGE_LOOP('',(#7613,#7615,#7616,#7618));
#7620=FACE_OUTER_BOUND('',#7619,.F.);
#7621=ADVANCED_FACE('',(#7620),#7612,.T.);
#7622=CARTESIAN_POINT('',(-4.917119757223E1,2.891889491212E1,
-1.017576911564E1));
#7623=DIRECTION('',(-8.401974687890E-1,-7.713196327677E-2,5.367670571873E-1));
#7624=DIRECTION('',(-4.942361366782E-1,-2.984123563327E-1,-8.165051786666E-1));
#7625=AXIS2_PLACEMENT_3D('',#7622,#7623,#7624);
#7626=PLANE('',#7625);
#7627=ORIENTED_EDGE('',*,*,#3775,.T.);
#7629=ORIENTED_EDGE('',*,*,#7628,.F.);
#7630=ORIENTED_EDGE('',*,*,#7415,.F.);
#7631=ORIENTED_EDGE('',*,*,#7614,.F.);
#7632=EDGE_LOOP('',(#7627,#7629,#7630,#7631));
#7633=FACE_OUTER_BOUND('',#7632,.F.);
#7634=ADVANCED_FACE('',(#7633),#7626,.F.);
#7635=CARTESIAN_POINT('',(-4.983605930163E1,2.812170182463E1,
-1.308363396898E1));
#7636=DIRECTION('',(4.814964075491E-1,3.477542636079E-1,8.045049295435E-1));
#7637=DIRECTION('',(-8.382180929160E-1,-8.543071272330E-2,5.386019142483E-1));
#7638=AXIS2_PLACEMENT_3D('',#7635,#7636,#7637);
#7639=PLANE('',#7638);
#7640=ORIENTED_EDGE('',*,*,#3781,.T.);
#7642=ORIENTED_EDGE('',*,*,#7641,.F.);
#7643=ORIENTED_EDGE('',*,*,#7417,.F.);
#7644=ORIENTED_EDGE('',*,*,#7628,.T.);
#7645=EDGE_LOOP('',(#7640,#7642,#7643,#7644));
#7646=FACE_OUTER_BOUND('',#7645,.F.);
#7647=ADVANCED_FACE('',(#7646),#7639,.F.);
#7648=CARTESIAN_POINT('',(-5.226454422129E1,2.747185144725E1,
-1.336276314227E1));
#7649=DIRECTION('',(8.361748834898E-1,9.372295629029E-2,-5.403957546882E-1));
#7650=DIRECTION('',(4.942361366782E-1,2.984123563327E-1,8.165051786666E-1));
#7651=AXIS2_PLACEMENT_3D('',#7648,#7649,#7650);
#7652=PLANE('',#7651);
#7653=ORIENTED_EDGE('',*,*,#3779,.T.);
#7654=ORIENTED_EDGE('',*,*,#7617,.T.);
#7655=ORIENTED_EDGE('',*,*,#7419,.F.);
#7656=ORIENTED_EDGE('',*,*,#7641,.T.);
#7657=EDGE_LOOP('',(#7653,#7654,#7655,#7656));
#7658=FACE_OUTER_BOUND('',#7657,.F.);
#7659=ADVANCED_FACE('',(#7658),#7652,.F.);
#7660=CARTESIAN_POINT('',(-8.004330584312E1,3.781105439402E1,2.177291936801E0));
#7661=DIRECTION('',(1.273168314096E-1,-1.646955375844E-1,-9.780929425876E-1));
#7662=DIRECTION('',(9.641699394942E-1,2.519399746082E-1,8.308174871886E-2));
#7663=AXIS2_PLACEMENT_3D('',#7660,#7661,#7662);
#7664=PLANE('',#7663);
#7665=ORIENTED_EDGE('',*,*,#3751,.T.);
#7666=ORIENTED_EDGE('',*,*,#7334,.T.);
#7667=ORIENTED_EDGE('',*,*,#3837,.F.);
#7668=ORIENTED_EDGE('',*,*,#7289,.F.);
#7669=EDGE_LOOP('',(#7665,#7666,#7667,#7668));
#7670=FACE_OUTER_BOUND('',#7669,.F.);
#7671=ADVANCED_FACE('',(#7670),#7664,.F.);
#7672=CARTESIAN_POINT('',(-7.341709195023E1,4.227644662824E1,1.524831280685E1));
#7673=DIRECTION('',(-4.333705794700E-3,2.301499455250E-1,9.731455294913E-1));
#7674=DIRECTION('',(-9.730769924160E-1,-2.252259961567E-1,4.893278538765E-2));
#7675=AXIS2_PLACEMENT_3D('',#7672,#7673,#7674);
#7676=PLANE('',#7675);
#7677=ORIENTED_EDGE('',*,*,#3713,.F.);
#7679=ORIENTED_EDGE('',*,*,#7678,.T.);
#7681=ORIENTED_EDGE('',*,*,#7680,.T.);
#7683=ORIENTED_EDGE('',*,*,#7682,.T.);
#7684=EDGE_LOOP('',(#7677,#7679,#7681,#7683));
#7685=FACE_OUTER_BOUND('',#7684,.F.);
#7686=ADVANCED_FACE('',(#7685),#7676,.F.);
#7687=CARTESIAN_POINT('',(-7.152917005534E1,4.312809502109E1,1.704933526008E1));
#7688=DIRECTION('',(-9.769512202084E-1,-2.086013318673E-1,4.529677335621E-2));
#7689=DIRECTION('',(3.113210788656E-4,-2.135921153593E-1,-9.769228789088E-1));
#7690=AXIS2_PLACEMENT_3D('',#7687,#7688,#7689);
#7691=PLANE('',#7690);
#7692=ORIENTED_EDGE('',*,*,#7678,.F.);
#7693=ORIENTED_EDGE('',*,*,#3723,.T.);
#7695=ORIENTED_EDGE('',*,*,#7694,.T.);
#7697=ORIENTED_EDGE('',*,*,#7696,.F.);
#7698=EDGE_LOOP('',(#7692,#7693,#7695,#7697));
#7699=FACE_OUTER_BOUND('',#7698,.F.);
#7700=ADVANCED_FACE('',(#7699),#7691,.F.);
#7701=CARTESIAN_POINT('',(-7.061249410070E1,4.249826357030E1,1.315346451982E1));
#7702=DIRECTION('',(-4.333705794699E-3,2.301499455250E-1,9.731455294913E-1));
#7703=DIRECTION('',(-9.730769924160E-1,-2.252259961567E-1,4.893278538765E-2));
#7704=AXIS2_PLACEMENT_3D('',#7701,#7702,#7703);
#7705=PLANE('',#7704);
#7706=ORIENTED_EDGE('',*,*,#3721,.T.);
#7708=ORIENTED_EDGE('',*,*,#7707,.T.);
#7710=ORIENTED_EDGE('',*,*,#7709,.F.);
#7711=ORIENTED_EDGE('',*,*,#7694,.F.);
#7712=EDGE_LOOP('',(#7706,#7708,#7710,#7711));
#7713=FACE_OUTER_BOUND('',#7712,.F.);
#7714=ADVANCED_FACE('',(#7713),#7705,.F.);
#7715=CARTESIAN_POINT('',(-7.250072731668E1,4.186020729282E1,1.232936494550E1));
#7716=DIRECTION('',(9.689063559453E-1,2.417820544259E-1,-5.255389201864E-2));
#7717=DIRECTION('',(-3.113210788659E-4,2.135921153593E-1,9.769228789088E-1));
#7718=AXIS2_PLACEMENT_3D('',#7715,#7716,#7717);
#7719=PLANE('',#7718);
#7720=ORIENTED_EDGE('',*,*,#3719,.T.);
#7722=ORIENTED_EDGE('',*,*,#7721,.T.);
#7724=ORIENTED_EDGE('',*,*,#7723,.F.);
#7725=ORIENTED_EDGE('',*,*,#7707,.F.);
#7726=EDGE_LOOP('',(#7720,#7722,#7724,#7725));
#7727=FACE_OUTER_BOUND('',#7726,.F.);
#7728=ADVANCED_FACE('',(#7727),#7719,.F.);
#7729=CARTESIAN_POINT('',(-7.341740327131E1,4.249003874360E1,1.622523568576E1));
#7730=DIRECTION('',(-3.711158468389E-3,-1.969692229663E-1,-9.804026481537E-1));
#7731=DIRECTION('',(9.730769924160E-1,2.252259961567E-1,-4.893278538765E-2));
#7732=AXIS2_PLACEMENT_3D('',#7729,#7730,#7731);
#7733=PLANE('',#7732);
#7735=ORIENTED_EDGE('',*,*,#7734,.F.);
#7736=ORIENTED_EDGE('',*,*,#7721,.F.);
#7737=ORIENTED_EDGE('',*,*,#3717,.F.);
#7739=ORIENTED_EDGE('',*,*,#7738,.F.);
#7740=EDGE_LOOP('',(#7735,#7736,#7737,#7739));
#7741=FACE_OUTER_BOUND('',#7740,.F.);
#7742=ADVANCED_FACE('',(#7741),#7733,.F.);
#7743=CARTESIAN_POINT('',(-4.305965365721E1,4.274476076518E1,7.785515636145E0));
#7744=DIRECTION('',(-2.304800857119E-1,9.506059430235E-1,-2.079116908178E-1));
#7745=DIRECTION('',(-9.730769924160E-1,-2.252259961567E-1,4.893278538765E-2));
#7746=AXIS2_PLACEMENT_3D('',#7743,#7744,#7745);
#7747=PLANE('',#7746);
#7748=ORIENTED_EDGE('',*,*,#7696,.T.);
#7749=ORIENTED_EDGE('',*,*,#7709,.T.);
#7750=ORIENTED_EDGE('',*,*,#7723,.T.);
#7751=ORIENTED_EDGE('',*,*,#7734,.T.);
#7753=ORIENTED_EDGE('',*,*,#7752,.F.);
#7754=ORIENTED_EDGE('',*,*,#7680,.F.);
#7755=EDGE_LOOP('',(#7748,#7749,#7750,#7751,#7753,#7754));
#7756=FACE_OUTER_BOUND('',#7755,.F.);
#7757=ADVANCED_FACE('',(#7756),#7747,.F.);
#7758=CARTESIAN_POINT('',(-6.977642305899E1,4.270443219741E1,1.316927602532E1));
#7759=DIRECTION('',(-9.769512202084E-1,-2.086013318673E-1,4.529677335621E-2));
#7760=DIRECTION('',(3.113210788651E-4,-2.135921153593E-1,-9.769228789088E-1));
#7761=AXIS2_PLACEMENT_3D('',#7758,#7759,#7760);
#7762=PLANE('',#7761);
#7763=ORIENTED_EDGE('',*,*,#3715,.F.);
#7764=ORIENTED_EDGE('',*,*,#7682,.F.);
#7765=ORIENTED_EDGE('',*,*,#7752,.T.);
#7766=ORIENTED_EDGE('',*,*,#7738,.T.);
#7767=EDGE_LOOP('',(#7763,#7764,#7765,#7766));
#7768=FACE_OUTER_BOUND('',#7767,.F.);
#7769=ADVANCED_FACE('',(#7768),#7762,.F.);
#7770=CLOSED_SHELL('',(#3593,#3605,#3621,#3637,#3653,#3785,#3800,#3813,#3829,
#3851,#3866,#3879,#3897,#3913,#3928,#3943,#4170,#4186,#4202,#4219,#4235,#4281,
#4300,#4345,#4358,#4373,#4442,#4519,#4565,#4610,#4647,#4681,#4693,#4708,#4722,
#4736,#4749,#4789,#4829,#4861,#4899,#4913,#4926,#4939,#4952,#4965,#4978,#4991,
#5004,#5017,#5030,#5043,#5056,#5069,#5082,#5095,#5107,#5121,#5134,#5147,#5160,
#5173,#5186,#5199,#5212,#5225,#5238,#5251,#5264,#5277,#5290,#5303,#5315,#5329,
#5342,#5355,#5368,#5381,#5394,#5407,#5420,#5433,#5446,#5459,#5471,#5485,#5498,
#5511,#5524,#5537,#5550,#5562,#5576,#5589,#5602,#5614,#5627,#5639,#5654,#5667,
#5682,#5695,#5711,#5729,#5744,#5758,#5771,#5783,#5798,#5844,#5899,#5911,#5925,
#5937,#5951,#5968,#5986,#6000,#6015,#6038,#6056,#6080,#6100,#6123,#6137,#6150,
#6165,#6181,#6193,#6205,#6217,#6233,#6249,#6263,#6275,#6290,#6305,#6317,#6330,
#6342,#6356,#6370,#6383,#6400,#6416,#6429,#6443,#6457,#6487,#6503,#6515,#6528,
#6543,#6556,#6569,#6581,#6594,#6610,#6622,#6634,#6646,#6661,#6673,#6688,#6701,
#6716,#6729,#6745,#6759,#6771,#6786,#6800,#6814,#6828,#6842,#6856,#6870,#6884,
#6898,#6912,#6926,#6940,#6954,#6968,#6982,#6995,#7019,#7057,#7071,#7084,#7097,
#7110,#7123,#7136,#7149,#7162,#7175,#7188,#7201,#7214,#7227,#7240,#7252,#7266,
#7278,#7293,#7306,#7321,#7341,#7355,#7369,#7382,#7407,#7429,#7444,#7457,#7473,
#7487,#7499,#7512,#7525,#7537,#7552,#7565,#7581,#7595,#7607,#7621,#7634,#7647,
#7659,#7671,#7686,#7700,#7714,#7728,#7742,#7757,#7769));
#7771=MANIFOLD_SOLID_BREP('',#7770);
#7772=(LENGTH_UNIT()NAMED_UNIT(*)SI_UNIT(.MILLI.,.METRE.));
#7773=DIMENSIONAL_EXPONENTS(0.E0,0.E0,0.E0,0.E0,0.E0,0.E0,0.E0);
#7774=(NAMED_UNIT(*)PLANE_ANGLE_UNIT()SI_UNIT($,.RADIAN.));
#7775=PLANE_ANGLE_MEASURE_WITH_UNIT(PLANE_ANGLE_MEASURE(1.745329251994E-2),
#7774);
#7776=(CONVERSION_BASED_UNIT('DEGREE',#7775)NAMED_UNIT(#7773)PLANE_ANGLE_UNIT(
));
#7777=(NAMED_UNIT(*)SI_UNIT($,.STERADIAN.)SOLID_ANGLE_UNIT());
#7778=UNCERTAINTY_MEASURE_WITH_UNIT(LENGTH_MEASURE(7.673182266769E-3),#7772,
'closure',
'Maximum model space distance between geometric entities at asserted connectivities');
#7779=(GEOMETRIC_REPRESENTATION_CONTEXT(3)GLOBAL_UNCERTAINTY_ASSIGNED_CONTEXT((
#7778))GLOBAL_UNIT_ASSIGNED_CONTEXT((#7772,#7776,#7777))REPRESENTATION_CONTEXT(
'ID1','3'));
#7781=APPLICATION_CONTEXT(
'CONFIGURATION CONTROLLED 3D DESIGNS OF MECHANICAL PARTS AND ASSEMBLIES');
#7782=APPLICATION_PROTOCOL_DEFINITION('international standard',
'config_control_design',1994,#7781);
#7783=DESIGN_CONTEXT('',#7781,'design');
#7784=MECHANICAL_CONTEXT('',#7781,'mechanical');
#7785=PRODUCT('GX12-CE-L-2','GX12-CE-L-2','NOT SPECIFIED',(#7784));
#7786=PRODUCT_DEFINITION_FORMATION_WITH_SPECIFIED_SOURCE('77','LAST_VERSION',
#7785,.MADE.);
#7790=PRODUCT_CATEGORY('part','');
#7791=PRODUCT_RELATED_PRODUCT_CATEGORY('detail','',(#7785));
#7792=PRODUCT_CATEGORY_RELATIONSHIP('','',#7790,#7791);
#7793=SECURITY_CLASSIFICATION_LEVEL('unclassified');
#7794=SECURITY_CLASSIFICATION('','',#7793);
#7795=CC_DESIGN_SECURITY_CLASSIFICATION(#7794,(#7786));
#7796=APPROVAL_STATUS('approved');
#7797=APPROVAL(#7796,'');
#7798=CC_DESIGN_APPROVAL(#7797,(#7794,#7786,#7787));
#7799=CALENDAR_DATE(124,26,9);
#7800=COORDINATED_UNIVERSAL_TIME_OFFSET(8,0,.AHEAD.);
#7801=LOCAL_TIME(17,3,3.9E1,#7800);
#7802=DATE_AND_TIME(#7799,#7801);
#7803=APPROVAL_DATE_TIME(#7802,#7797);
#7804=DATE_TIME_ROLE('creation_date');
#7805=CC_DESIGN_DATE_AND_TIME_ASSIGNMENT(#7802,#7804,(#7787));
#7806=DATE_TIME_ROLE('classification_date');
#7807=CC_DESIGN_DATE_AND_TIME_ASSIGNMENT(#7802,#7806,(#7794));
#7808=PERSON('UNSPECIFIED','UNSPECIFIED',$,$,$,$);
#7809=ORGANIZATION('UNSPECIFIED','UNSPECIFIED','UNSPECIFIED');
#7810=PERSON_AND_ORGANIZATION(#7808,#7809);
#7811=APPROVAL_ROLE('approver');
#7812=APPROVAL_PERSON_ORGANIZATION(#7810,#7797,#7811);
#7813=PERSON_AND_ORGANIZATION_ROLE('creator');
#7814=CC_DESIGN_PERSON_AND_ORGANIZATION_ASSIGNMENT(#7810,#7813,(#7786,#7787));
#7815=PERSON_AND_ORGANIZATION_ROLE('design_supplier');
#7816=CC_DESIGN_PERSON_AND_ORGANIZATION_ASSIGNMENT(#7810,#7815,(#7786));
#7817=PERSON_AND_ORGANIZATION_ROLE('classification_officer');
#7818=CC_DESIGN_PERSON_AND_ORGANIZATION_ASSIGNMENT(#7810,#7817,(#7794));
#7819=PERSON_AND_ORGANIZATION_ROLE('design_owner');
#7820=CC_DESIGN_PERSON_AND_ORGANIZATION_ASSIGNMENT(#7810,#7819,(#7785));
#5=CIRCLE('',#4,3.25E0);
#10=CIRCLE('',#9,3.25E0);
#15=CIRCLE('',#14,1.E0);
#20=CIRCLE('',#19,1.E0);
#25=CIRCLE('',#24,4.693637662321E0);
#30=CIRCLE('',#29,4.693637662321E0);
#35=CIRCLE('',#34,1.E0);
#40=CIRCLE('',#39,1.E0);
#169=CIRCLE('',#168,3.206362337679E0);
#178=CIRCLE('',#177,2.292761652175E0);
#217=B_SPLINE_CURVE_WITH_KNOTS('',3,(#211,#212,#213,#214,#215,#216),
.UNSPECIFIED.,.F.,.F.,(4,1,1,4),(0.E0,3.883117013608E-1,7.958998837491E-1,1.E0),
.UNSPECIFIED.);
#225=B_SPLINE_CURVE_WITH_KNOTS('',3,(#218,#219,#220,#221,#222,#223,#224),
.UNSPECIFIED.,.F.,.F.,(4,1,1,1,4),(0.E0,2.509239980406E-1,5.008135161118E-1,
7.507030341831E-1,1.E0),.UNSPECIFIED.);
#231=B_SPLINE_CURVE_WITH_KNOTS('',3,(#226,#227,#228,#229,#230),.UNSPECIFIED.,
.F.,.F.,(4,1,4),(0.E0,4.847792353538E-1,1.E0),.UNSPECIFIED.);
#240=CIRCLE('',#239,6.956362337679E0);
#258=B_SPLINE_CURVE_WITH_KNOTS('',3,(#245,#246,#247,#248,#249,#250,#251,#252,
#253,#254,#255,#256,#257),.UNSPECIFIED.,.F.,.F.,(4,1,1,1,1,1,1,1,1,1,4),(0.E0,
1.247560432178E-1,2.498403999276E-1,3.749247566374E-1,5.000091133472E-1,
5.625512917021E-1,6.250934700570E-1,6.876356484119E-1,7.501778267668E-1,
8.752621834766E-1,1.E0),.UNSPECIFIED.);
#274=B_SPLINE_CURVE_WITH_KNOTS('',3,(#259,#260,#261,#262,#263,#264,#265,#266,
#267,#268,#269,#270,#271,#272,#273),.UNSPECIFIED.,.F.,.F.,(4,1,1,1,1,1,1,1,1,1,
1,1,4),(0.E0,1.738665388129E-3,2.086690972624E-3,1.268794033449E-1,
2.516721157171E-1,3.140684719032E-1,3.764648280894E-1,4.388611842755E-1,
5.012575404616E-1,6.260502528338E-1,7.508429652061E-1,8.756356775783E-1,1.E0),
.UNSPECIFIED.);
#280=B_SPLINE_CURVE_WITH_KNOTS('',3,(#275,#276,#277,#278,#279),.UNSPECIFIED.,
.F.,.F.,(4,1,4),(0.E0,7.826489641415E-1,1.E0),.UNSPECIFIED.);
#293=CIRCLE('',#292,3.162724675359E0);
#298=CIRCLE('',#297,3.162724675359E0);
#303=CIRCLE('',#302,1.05E0);
#308=CIRCLE('',#307,1.05E0);
#313=CIRCLE('',#312,1.05E0);
#318=CIRCLE('',#317,1.05E0);
#327=CIRCLE('',#326,2.249127313221E0);
#344=CIRCLE('',#343,2.E0);
#349=CIRCLE('',#348,2.E0);
#354=CIRCLE('',#353,2.E0);
#359=CIRCLE('',#358,2.E0);
#364=CIRCLE('',#363,1.05E0);
#369=CIRCLE('',#368,1.05E0);
#374=CIRCLE('',#373,1.05E0);
#379=CIRCLE('',#378,1.05E0);
#388=CIRCLE('',#387,2.292538414496E0);
#393=CIRCLE('',#392,2.E-1);
#398=CIRCLE('',#397,2.092572769474E0);
#412=B_SPLINE_CURVE_WITH_KNOTS('',3,(#407,#408,#409,#410,#411),.UNSPECIFIED.,
.F.,.F.,(4,1,4),(0.E0,4.853250669969E-1,1.E0),.UNSPECIFIED.);
#420=B_SPLINE_CURVE_WITH_KNOTS('',3,(#413,#414,#415,#416,#417,#418,#419),
.UNSPECIFIED.,.F.,.F.,(4,1,1,1,4),(0.E0,2.509002446726E-1,5.007925124271E-1,
7.506847801816E-1,1.E0),.UNSPECIFIED.);
#428=B_SPLINE_CURVE_WITH_KNOTS('',3,(#421,#422,#423,#424,#425,#426,#427),
.UNSPECIFIED.,.F.,.F.,(4,1,1,1,4),(0.E0,3.112971809940E-1,6.380228593498E-1,
9.566846809705E-1,1.E0),.UNSPECIFIED.);
#444=B_SPLINE_CURVE_WITH_KNOTS('',3,(#429,#430,#431,#432,#433,#434,#435,#436,
#437,#438,#439,#440,#441,#442,#443),.UNSPECIFIED.,.F.,.F.,(4,1,1,1,1,1,1,1,1,1,
1,1,4),(0.E0,1.781967417329E-3,2.129974212E-3,1.269159490536E-1,
2.517019238952E-1,3.140949113160E-1,3.764878987367E-1,4.388808861575E-1,
5.012738735783E-1,6.260598484199E-1,7.508458232615E-1,8.756317981031E-1,1.E0),
.UNSPECIFIED.);
#458=B_SPLINE_CURVE_WITH_KNOTS('',3,(#445,#446,#447,#448,#449,#450,#451,#452,
#453,#454,#455,#456,#457),.UNSPECIFIED.,.F.,.F.,(4,1,1,1,1,1,1,1,1,1,4),(0.E0,
1.247531223701E-1,2.498266947735E-1,3.749002671769E-1,4.999738395802E-1,
5.625106257819E-1,6.250474119836E-1,6.875841981853E-1,7.501209843870E-1,
8.751945567904E-1,1.E0),.UNSPECIFIED.);
#831=CIRCLE('',#830,2.092572769973E0);
#836=CIRCLE('',#835,2.292542309728E0);
#841=CIRCLE('',#840,2.E-1);
#846=CIRCLE('',#845,2.092572768525E0);
#860=B_SPLINE_CURVE_WITH_KNOTS('',3,(#851,#852,#853,#854,#855,#856,#857,#858,
#859),.UNSPECIFIED.,.F.,.F.,(4,1,1,1,1,1,4),(0.E0,1.666666666667E-1,
3.333333333333E-1,5.E-1,6.666666666667E-1,8.333333333333E-1,1.E0),
.UNSPECIFIED.);
#865=CIRCLE('',#864,1.999982615977E-1);
#875=B_SPLINE_CURVE_WITH_KNOTS('',3,(#866,#867,#868,#869,#870,#871,#872,#873,
#874),.UNSPECIFIED.,.F.,.F.,(4,1,1,1,1,1,4),(0.E0,1.666666666667E-1,
3.333333333333E-1,5.E-1,6.666666666667E-1,8.333333333333E-1,1.E0),
.UNSPECIFIED.);
#885=B_SPLINE_CURVE_WITH_KNOTS('',3,(#876,#877,#878,#879,#880,#881,#882,#883,
#884),.UNSPECIFIED.,.F.,.F.,(4,1,1,1,1,1,4),(0.E0,1.666666666667E-1,
3.333333333333E-1,5.E-1,6.666666666667E-1,8.333333333333E-1,1.E0),
.UNSPECIFIED.);
#892=B_SPLINE_CURVE_WITH_KNOTS('',3,(#886,#887,#888,#889,#890,#891),
.UNSPECIFIED.,.F.,.F.,(4,1,1,4),(0.E0,3.333333333333E-1,6.666666666667E-1,1.E0),
.UNSPECIFIED.);
#902=B_SPLINE_CURVE_WITH_KNOTS('',3,(#893,#894,#895,#896,#897,#898,#899,#900,
#901),.UNSPECIFIED.,.F.,.F.,(4,1,1,1,1,1,4),(0.E0,1.666666666667E-1,
3.333333333333E-1,5.E-1,6.666666666667E-1,8.333333333333E-1,1.E0),
.UNSPECIFIED.);
#911=B_SPLINE_CURVE_WITH_KNOTS('',3,(#907,#908,#909,#910),.UNSPECIFIED.,.F.,.F.,
(4,4),(0.E0,1.E0),.UNSPECIFIED.);
#936=B_SPLINE_CURVE_WITH_KNOTS('',3,(#932,#933,#934,#935),.UNSPECIFIED.,.F.,.F.,
(4,4),(0.E0,1.E0),.UNSPECIFIED.);
#943=B_SPLINE_CURVE_WITH_KNOTS('',3,(#937,#938,#939,#940,#941,#942),
.UNSPECIFIED.,.F.,.F.,(4,1,1,4),(0.E0,3.333333333333E-1,6.666666666667E-1,1.E0),
.UNSPECIFIED.);
#963=B_SPLINE_CURVE_WITH_KNOTS('',3,(#948,#949,#950,#951,#952,#953,#954,#955,
#956,#957,#958,#959,#960,#961,#962),.UNSPECIFIED.,.F.,.F.,(4,1,1,1,1,1,1,1,1,1,
1,1,4),(0.E0,8.333333333333E-2,1.666666666667E-1,2.5E-1,3.333333333333E-1,
4.166666666667E-1,5.E-1,5.833333333333E-1,6.666666666667E-1,7.5E-1,
8.333333333333E-1,9.166666666667E-1,1.E0),.UNSPECIFIED.);
#1444=CIRCLE('',#1443,2.292538414496E0);
#1449=CIRCLE('',#1448,2.E-1);
#1454=CIRCLE('',#1453,2.092572769474E0);
#1463=CIRCLE('',#1462,6.039504151741E0);
#1468=CIRCLE('',#1467,3.E-1);
#1473=CIRCLE('',#1472,5.739916065947E0);
#1478=CIRCLE('',#1477,6.039504151741E0);
#1483=CIRCLE('',#1482,3.E-1);
#1488=CIRCLE('',#1487,5.739916065947E0);
#1501=CIRCLE('',#1500,5.65E0);
#1506=CIRCLE('',#1505,5.65E0);
#1511=CIRCLE('',#1510,5.65E0);
#1516=CIRCLE('',#1515,5.65E0);
#1521=CIRCLE('',#1520,3.1E0);
#1526=CIRCLE('',#1525,3.1E0);
#1531=CIRCLE('',#1530,3.1E0);
#1536=CIRCLE('',#1535,3.1E0);
#1545=CIRCLE('',#1544,6.039504151741E0);
#1550=CIRCLE('',#1549,3.E-1);
#1555=CIRCLE('',#1554,5.739916065947E0);
#1560=CIRCLE('',#1559,6.039504151741E0);
#1565=CIRCLE('',#1564,3.E-1);
#1570=CIRCLE('',#1569,5.739916065947E0);
#1583=CIRCLE('',#1582,3.150619688292E0);
#1588=CIRCLE('',#1587,3.150619688292E0);
#1593=CIRCLE('',#1592,3.150619688292E0);
#1598=CIRCLE('',#1597,3.150619688292E0);
#1907=B_SPLINE_CURVE_WITH_KNOTS('',3,(#1903,#1904,#1905,#1906),.UNSPECIFIED.,
.F.,.F.,(4,4),(0.E0,1.E0),.UNSPECIFIED.);
#1916=B_SPLINE_CURVE_WITH_KNOTS('',3,(#1912,#1913,#1914,#1915),.UNSPECIFIED.,
.F.,.F.,(4,4),(0.E0,1.E0),.UNSPECIFIED.);
#1929=CIRCLE('',#1928,6.958107844172E0);
#1934=CIRCLE('',#1933,7.E0);
#1939=CIRCLE('',#1938,7.E0);
#1944=CIRCLE('',#1943,6.958107844172E0);
#1961=B_SPLINE_CURVE_WITH_KNOTS('',3,(#1957,#1958,#1959,#1960),.UNSPECIFIED.,
.F.,.F.,(4,4),(0.E0,1.E0),.UNSPECIFIED.);
#1970=B_SPLINE_CURVE_WITH_KNOTS('',3,(#1966,#1967,#1968,#1969),.UNSPECIFIED.,
.F.,.F.,(4,4),(0.E0,1.E0),.UNSPECIFIED.);
#1991=CIRCLE('',#1990,1.5E0);
#2000=CIRCLE('',#1999,1.414470181852E0);
#2021=B_SPLINE_CURVE_WITH_KNOTS('',3,(#2017,#2018,#2019,#2020),.UNSPECIFIED.,
.F.,.F.,(4,4),(0.E0,1.E0),.UNSPECIFIED.);
#2034=CIRCLE('',#2033,6.958107844172E0);
#2039=CIRCLE('',#2038,7.E0);
#2048=CIRCLE('',#2047,6.958107844172E0);
#2057=CIRCLE('',#2056,7.E0);
#2062=CIRCLE('',#2061,6.958107844172E0);
#2067=CIRCLE('',#2066,7.E0);
#2072=B_SPLINE_CURVE_WITH_KNOTS('',3,(#2068,#2069,#2070,#2071),.UNSPECIFIED.,
.F.,.F.,(4,4),(0.E0,1.E0),.UNSPECIFIED.);
#2081=B_SPLINE_CURVE_WITH_KNOTS('',3,(#2077,#2078,#2079,#2080),.UNSPECIFIED.,
.F.,.F.,(4,4),(0.E0,1.E0),.UNSPECIFIED.);
#2094=B_SPLINE_CURVE_WITH_KNOTS('',3,(#2090,#2091,#2092,#2093),.UNSPECIFIED.,
.F.,.F.,(4,4),(0.E0,1.E0),.UNSPECIFIED.);
#2115=B_SPLINE_CURVE_WITH_KNOTS('',3,(#2111,#2112,#2113,#2114),.UNSPECIFIED.,
.F.,.F.,(4,4),(0.E0,1.E0),.UNSPECIFIED.);
#2158=B_SPLINE_CURVE_WITH_KNOTS('',3,(#2152,#2153,#2154,#2155,#2156,#2157),
.UNSPECIFIED.,.F.,.F.,(4,1,1,4),(0.E0,3.333333333333E-1,6.666666666667E-1,1.E0),
.UNSPECIFIED.);
#2167=CIRCLE('',#2166,5.649072868106E0);
#2172=CIRCLE('',#2171,2.5E-1);
#2177=CIRCLE('',#2176,5.400025043091E0);
#2182=CIRCLE('',#2181,5.649072868106E0);
#2187=CIRCLE('',#2186,2.5E-1);
#2192=CIRCLE('',#2191,5.400025043091E0);
#2205=CIRCLE('',#2204,5.35E0);
#2210=CIRCLE('',#2209,5.35E0);
#2215=CIRCLE('',#2214,4.663964051943E0);
#2220=CIRCLE('',#2219,4.663964051943E0);
#2489=CIRCLE('',#2488,3.119087013038E0);
#2494=CIRCLE('',#2493,3.206362337679E0);
#2501=B_SPLINE_CURVE_WITH_KNOTS('',3,(#2495,#2496,#2497,#2498,#2499,#2500),
.UNSPECIFIED.,.F.,.F.,(4,1,1,4),(0.E0,3.333333333333E-1,6.666666666667E-1,1.E0),
.UNSPECIFIED.);
#2506=B_SPLINE_CURVE_WITH_KNOTS('',3,(#2502,#2503,#2504,#2505),.UNSPECIFIED.,
.F.,.F.,(4,4),(0.E0,1.E0),.UNSPECIFIED.);
#2511=CIRCLE('',#2510,2.292761652175E0);
#2516=CIRCLE('',#2515,2.179312370895E0);
#2521=CIRCLE('',#2520,2.179312370895E0);
#2526=CIRCLE('',#2525,2.292761652175E0);
#2531=B_SPLINE_CURVE_WITH_KNOTS('',3,(#2527,#2528,#2529,#2530),.UNSPECIFIED.,
.F.,.F.,(4,4),(0.E0,1.E0),.UNSPECIFIED.);
#2540=B_SPLINE_CURVE_WITH_KNOTS('',3,(#2536,#2537,#2538,#2539),.UNSPECIFIED.,
.F.,.F.,(4,4),(0.E0,1.E0),.UNSPECIFIED.);
#2549=CIRCLE('',#2548,1.75E0);
#2554=CIRCLE('',#2553,1.75E0);
#2583=CIRCLE('',#2582,1.75E0);
#2588=CIRCLE('',#2587,1.75E0);
#2613=CIRCLE('',#2612,1.75E0);
#2618=CIRCLE('',#2617,1.75E0);
#2623=CIRCLE('',#2622,1.E0);
#2628=CIRCLE('',#2627,1.E0);
#2641=B_SPLINE_CURVE_WITH_KNOTS('',3,(#2637,#2638,#2639,#2640),.UNSPECIFIED.,
.F.,.F.,(4,4),(0.E0,1.E0),.UNSPECIFIED.);
#2650=B_SPLINE_CURVE_WITH_KNOTS('',3,(#2646,#2647,#2648,#2649),.UNSPECIFIED.,
.F.,.F.,(4,4),(0.E0,1.E0),.UNSPECIFIED.);
#2667=CIRCLE('',#2666,1.E0);
#2672=CIRCLE('',#2671,1.E0);
#2677=CIRCLE('',#2676,1.75E0);
#2682=CIRCLE('',#2681,1.75E0);
#2695=CIRCLE('',#2694,2.292761652175E0);
#2700=CIRCLE('',#2699,2.179312370895E0);
#2705=B_SPLINE_CURVE_WITH_KNOTS('',3,(#2701,#2702,#2703,#2704),.UNSPECIFIED.,
.F.,.F.,(4,4),(0.E0,1.E0),.UNSPECIFIED.);
#2714=B_SPLINE_CURVE_WITH_KNOTS('',3,(#2710,#2711,#2712,#2713),.UNSPECIFIED.,
.F.,.F.,(4,4),(0.E0,1.E0),.UNSPECIFIED.);
#2723=B_SPLINE_CURVE_WITH_KNOTS('',3,(#2719,#2720,#2721,#2722),.UNSPECIFIED.,
.F.,.F.,(4,4),(0.E0,1.E0),.UNSPECIFIED.);
#2730=B_SPLINE_CURVE_WITH_KNOTS('',3,(#2724,#2725,#2726,#2727,#2728,#2729),
.UNSPECIFIED.,.F.,.F.,(4,1,1,4),(0.E0,3.333333333333E-1,6.666666666667E-1,1.E0),
.UNSPECIFIED.);
#3587=EDGE_CURVE('',#2797,#2798,#15,.T.);
#3589=EDGE_CURVE('',#2798,#2797,#20,.T.);
#3599=EDGE_CURVE('',#3177,#3178,#35,.T.);
#3601=EDGE_CURVE('',#3178,#3177,#40,.T.);
#3611=EDGE_CURVE('',#3246,#3485,#44,.T.);
#3613=EDGE_CURVE('',#3244,#3246,#48,.T.);
#3615=EDGE_CURVE('',#3484,#3244,#52,.T.);
#3617=EDGE_CURVE('',#3484,#3485,#56,.T.);
#3627=EDGE_CURVE('',#3242,#3489,#60,.T.);
#3629=EDGE_CURVE('',#3240,#3242,#64,.T.);
#3631=EDGE_CURVE('',#3488,#3240,#68,.T.);
#3633=EDGE_CURVE('',#3488,#3489,#72,.T.);
#3643=EDGE_CURVE('',#3332,#3505,#76,.T.);
#3645=EDGE_CURVE('',#3334,#3332,#80,.T.);
#3647=EDGE_CURVE('',#3501,#3334,#84,.T.);
#3649=EDGE_CURVE('',#3501,#3505,#88,.T.);
#3659=EDGE_CURVE('',#3413,#3421,#217,.T.);
#3661=EDGE_CURVE('',#3412,#3413,#225,.T.);
#3663=EDGE_CURVE('',#3411,#3412,#231,.T.);
#3665=EDGE_CURVE('',#3420,#3411,#235,.T.);
#3667=EDGE_CURVE('',#3418,#3420,#240,.T.);
#3669=EDGE_CURVE('',#3416,#3418,#244,.T.);
#3671=EDGE_CURVE('',#3415,#3416,#258,.T.);
#3673=EDGE_CURVE('',#3414,#3415,#274,.T.);
#3675=EDGE_CURVE('',#3421,#3414,#280,.T.);
#3679=EDGE_CURVE('',#3305,#3306,#5,.T.);
#3681=EDGE_CURVE('',#3306,#3305,#10,.T.);
#3685=EDGE_CURVE('',#3508,#3509,#25,.T.);
#3687=EDGE_CURVE('',#3509,#3508,#30,.T.);
#3691=EDGE_CURVE('',#3379,#3380,#92,.T.);
#3693=EDGE_CURVE('',#3379,#3330,#2067,.T.);
#3695=EDGE_CURVE('',#3328,#3330,#96,.T.);
#3697=EDGE_CURVE('',#3326,#3328,#100,.T.);
#3699=EDGE_CURVE('',#3325,#3326,#104,.T.);
#3701=EDGE_CURVE('',#3325,#3314,#2057,.T.);
#3703=EDGE_CURVE('',#3314,#3309,#108,.T.);
#3705=EDGE_CURVE('',#3309,#3368,#2039,.T.);
#3707=EDGE_CURVE('',#3368,#3376,#2016,.T.);
#3709=EDGE_CURVE('',#3380,#3376,#112,.T.);
#3713=EDGE_CURVE('',#3359,#3360,#116,.T.);
#3715=EDGE_CURVE('',#3360,#3362,#120,.T.);
#3717=EDGE_CURVE('',#3362,#3352,#2754,.T.);
#3719=EDGE_CURVE('',#3350,#3352,#124,.T.);
#3721=EDGE_CURVE('',#3349,#3350,#128,.T.);
#3723=EDGE_CURVE('',#3359,#3349,#132,.T.);
#3727=EDGE_CURVE('',#3234,#3294,#136,.T.);
#3729=EDGE_CURVE('',#3233,#3234,#140,.T.);
#3731=EDGE_CURVE('',#3233,#3230,#1934,.T.);
#3733=EDGE_CURVE('',#3229,#3230,#144,.T.);
#3735=EDGE_CURVE('',#3238,#3229,#148,.T.);
#3737=EDGE_CURVE('',#3237,#3238,#152,.T.);
#3739=EDGE_CURVE('',#3237,#3250,#1939,.T.);
#3741=EDGE_CURVE('',#3298,#3250,#156,.T.);
#3743=EDGE_CURVE('',#3298,#3294,#1991,.T.);
#3747=EDGE_CURVE('',#3436,#3201,#160,.T.);
#3749=EDGE_CURVE('',#3436,#3449,#2526,.T.);
#3751=EDGE_CURVE('',#3428,#3449,#164,.T.);
#3753=EDGE_CURVE('',#3431,#3428,#169,.T.);
#3755=EDGE_CURVE('',#3431,#3426,#2494,.T.);
#3757=EDGE_CURVE('',#3448,#3426,#173,.T.);
#3759=EDGE_CURVE('',#3434,#3448,#178,.T.);
#3761=EDGE_CURVE('',#3206,#3434,#182,.T.);
#3763=EDGE_CURVE('',#3205,#3206,#186,.T.);
#3765=EDGE_CURVE('',#3432,#3205,#190,.T.);
#3767=EDGE_CURVE('',#3432,#3438,#2511,.T.);
#3769=EDGE_CURVE('',#3202,#3438,#194,.T.);
#3771=EDGE_CURVE('',#3201,#3202,#198,.T.);
#3775=EDGE_CURVE('',#3440,#3213,#202,.T.);
#3777=EDGE_CURVE('',#3440,#3442,#2695,.T.);
#3779=EDGE_CURVE('',#3214,#3442,#206,.T.);
#3781=EDGE_CURVE('',#3213,#3214,#210,.T.);
#3792=EDGE_CURVE('',#3306,#3302,#288,.T.);
#3794=EDGE_CURVE('',#3301,#3302,#293,.T.);
#3796=EDGE_CURVE('',#3305,#3301,#284,.T.);
#3808=EDGE_CURVE('',#3302,#3301,#298,.T.);
#3823=EDGE_CURVE('',#2801,#2802,#303,.T.);
#3825=EDGE_CURVE('',#2802,#2801,#308,.T.);
#3835=EDGE_CURVE('',#3427,#3429,#2489,.T.);
#3837=EDGE_CURVE('',#3429,#3447,#322,.T.);
#3839=EDGE_CURVE('',#3446,#3447,#327,.T.);
#3841=EDGE_CURVE('',#3446,#3427,#331,.T.);
#3845=EDGE_CURVE('',#2805,#2806,#313,.T.);
#3847=EDGE_CURVE('',#2806,#2805,#318,.T.);
#3858=EDGE_CURVE('',#2802,#2810,#339,.T.);
#3860=EDGE_CURVE('',#2809,#2810,#364,.T.);
#3862=EDGE_CURVE('',#2801,#2809,#335,.T.);
#3874=EDGE_CURVE('',#2810,#2809,#369,.T.);
#3885=EDGE_CURVE('',#3528,#3529,#344,.T.);
#3887=EDGE_CURVE('',#3529,#3528,#349,.T.);
#3891=EDGE_CURVE('',#2813,#2814,#374,.T.);
#3893=EDGE_CURVE('',#2814,#2813,#379,.T.);
#3903=EDGE_CURVE('',#3532,#3533,#354,.T.);
#3905=EDGE_CURVE('',#3533,#3532,#359,.T.);
#3919=EDGE_CURVE('',#3548,#3549,#398,.T.);
#3921=EDGE_CURVE('',#3528,#3548,#383,.T.);
#3924=EDGE_CURVE('',#3529,#3549,#1458,.T.);
#3934=EDGE_CURVE('',#3544,#3545,#388,.T.);
#3936=EDGE_CURVE('',#3544,#3548,#393,.T.);
#3939=EDGE_CURVE('',#3545,#3549,#1449,.T.);
#3949=EDGE_CURVE('',#3538,#3534,#836,.T.);
#3951=EDGE_CURVE('',#3534,#3425,#402,.T.);
#3953=EDGE_CURVE('',#3425,#3405,#406,.T.);
#3955=EDGE_CURVE('',#3405,#3406,#412,.T.);
#3957=EDGE_CURVE('',#3406,#3407,#420,.T.);
#3959=EDGE_CURVE('',#3407,#3408,#428,.T.);
#3961=EDGE_CURVE('',#3408,#3409,#444,.T.);
#3963=EDGE_CURVE('',#3409,#3410,#458,.T.);
#3965=EDGE_CURVE('',#3410,#3422,#462,.T.);
#3967=EDGE_CURVE('',#3422,#3538,#466,.T.);
#3971=EDGE_CURVE('',#3022,#3024,#502,.T.);
#3973=EDGE_CURVE('',#3024,#3026,#506,.T.);
#3975=EDGE_CURVE('',#3026,#3028,#510,.T.);
#3977=EDGE_CURVE('',#3028,#3030,#514,.T.);
#3979=EDGE_CURVE('',#3030,#3032,#518,.T.);
#3981=EDGE_CURVE('',#3032,#3034,#522,.T.);
#3983=EDGE_CURVE('',#3034,#3022,#526,.T.);
#3987=EDGE_CURVE('',#2998,#3000,#530,.T.);
#3989=EDGE_CURVE('',#3000,#3002,#534,.T.);
#3991=EDGE_CURVE('',#3002,#3004,#538,.T.);
#3993=EDGE_CURVE('',#3004,#3006,#542,.T.);
#3995=EDGE_CURVE('',#3006,#3008,#546,.T.);
#3997=EDGE_CURVE('',#3008,#3010,#550,.T.);
#3999=EDGE_CURVE('',#3010,#3012,#554,.T.);
#4001=EDGE_CURVE('',#3012,#3014,#558,.T.);
#4003=EDGE_CURVE('',#3014,#3016,#562,.T.);
#4005=EDGE_CURVE('',#3016,#3018,#566,.T.);
#4007=EDGE_CURVE('',#3018,#3020,#570,.T.);
#4009=EDGE_CURVE('',#3020,#2998,#574,.T.);
#4013=EDGE_CURVE('',#2966,#2968,#578,.T.);
#4015=EDGE_CURVE('',#2968,#2970,#582,.T.);
#4017=EDGE_CURVE('',#2970,#2972,#586,.T.);
#4019=EDGE_CURVE('',#2972,#2974,#590,.T.);
#4021=EDGE_CURVE('',#2974,#2976,#594,.T.);
#4023=EDGE_CURVE('',#2976,#2978,#598,.T.);
#4025=EDGE_CURVE('',#2978,#2980,#602,.T.);
#4027=EDGE_CURVE('',#2980,#2982,#606,.T.);
#4029=EDGE_CURVE('',#2982,#2984,#610,.T.);
#4031=EDGE_CURVE('',#2984,#2986,#614,.T.);
#4033=EDGE_CURVE('',#2986,#2988,#618,.T.);
#4035=EDGE_CURVE('',#2988,#2990,#622,.T.);
#4037=EDGE_CURVE('',#2990,#2992,#626,.T.);
#4039=EDGE_CURVE('',#2992,#2994,#630,.T.);
#4041=EDGE_CURVE('',#2994,#2996,#634,.T.);
#4043=EDGE_CURVE('',#2996,#2966,#638,.T.);
#4047=EDGE_CURVE('',#2934,#2936,#642,.T.);
#4049=EDGE_CURVE('',#2936,#2938,#646,.T.);
#4051=EDGE_CURVE('',#2938,#2940,#650,.T.);
#4053=EDGE_CURVE('',#2940,#2942,#654,.T.);
#4055=EDGE_CURVE('',#2942,#2944,#658,.T.);
#4057=EDGE_CURVE('',#2944,#2946,#662,.T.);
#4059=EDGE_CURVE('',#2946,#2948,#666,.T.);
#4061=EDGE_CURVE('',#2948,#2950,#670,.T.);
#4063=EDGE_CURVE('',#2950,#2952,#674,.T.);
#4065=EDGE_CURVE('',#2952,#2954,#678,.T.);
#4067=EDGE_CURVE('',#2954,#2956,#682,.T.);
#4069=EDGE_CURVE('',#2956,#2958,#686,.T.);
#4071=EDGE_CURVE('',#2958,#2960,#690,.T.);
#4073=EDGE_CURVE('',#2960,#2962,#694,.T.);
#4075=EDGE_CURVE('',#2962,#2964,#698,.T.);
#4077=EDGE_CURVE('',#2964,#2934,#702,.T.);
#4082=EDGE_CURVE('',#3545,#3544,#1444,.T.);
#4086=EDGE_CURVE('',#3552,#3553,#1463,.T.);
#4088=EDGE_CURVE('',#3553,#3552,#1478,.T.);
#4092=EDGE_CURVE('',#3560,#3561,#1560,.T.);
#4094=EDGE_CURVE('',#3561,#3560,#1545,.T.);
#4098=EDGE_CURVE('',#3576,#3577,#2167,.T.);
#4100=EDGE_CURVE('',#3577,#3576,#2182,.T.);
#4104=EDGE_CURVE('',#3115,#3116,#706,.T.);
#4106=EDGE_CURVE('',#3116,#3118,#710,.T.);
#4108=EDGE_CURVE('',#3118,#3120,#714,.T.);
#4110=EDGE_CURVE('',#3120,#3122,#718,.T.);
#4112=EDGE_CURVE('',#3122,#3124,#722,.T.);
#4114=EDGE_CURVE('',#3124,#3126,#726,.T.);
#4116=EDGE_CURVE('',#3126,#3128,#730,.T.);
#4118=EDGE_CURVE('',#3128,#3130,#734,.T.);
#4120=EDGE_CURVE('',#3130,#3132,#738,.T.);
#4122=EDGE_CURVE('',#3132,#3134,#742,.T.);
#4124=EDGE_CURVE('',#3134,#3136,#746,.T.);
#4126=EDGE_CURVE('',#3136,#3138,#750,.T.);
#4128=EDGE_CURVE('',#3138,#3140,#754,.T.);
#4130=EDGE_CURVE('',#3140,#3142,#758,.T.);
#4132=EDGE_CURVE('',#3142,#3144,#762,.T.);
#4134=EDGE_CURVE('',#3144,#3115,#766,.T.);
#4138=EDGE_CURVE('',#3147,#3148,#770,.T.);
#4140=EDGE_CURVE('',#3148,#3150,#774,.T.);
#4142=EDGE_CURVE('',#3150,#3152,#778,.T.);
#4144=EDGE_CURVE('',#3152,#3154,#782,.T.);
#4146=EDGE_CURVE('',#3154,#3156,#786,.T.);
#4148=EDGE_CURVE('',#3156,#3158,#790,.T.);
#4150=EDGE_CURVE('',#3158,#3160,#794,.T.);
#4152=EDGE_CURVE('',#3160,#3162,#798,.T.);
#4154=EDGE_CURVE('',#3162,#3164,#802,.T.);
#4156=EDGE_CURVE('',#3164,#3166,#806,.T.);
#4158=EDGE_CURVE('',#3166,#3168,#810,.T.);
#4160=EDGE_CURVE('',#3168,#3170,#814,.T.);
#4162=EDGE_CURVE('',#3170,#3172,#818,.T.);
#4164=EDGE_CURVE('',#3172,#3174,#822,.T.);
#4166=EDGE_CURVE('',#3174,#3147,#826,.T.);
#4176=EDGE_CURVE('',#3044,#3046,#470,.T.);
#4178=EDGE_CURVE('',#3046,#3048,#474,.T.);
#4180=EDGE_CURVE('',#3048,#3050,#478,.T.);
#4182=EDGE_CURVE('',#3050,#3044,#482,.T.);
#4192=EDGE_CURVE('',#3036,#3038,#486,.T.);
#4194=EDGE_CURVE('',#3038,#3040,#490,.T.);
#4196=EDGE_CURVE('',#3040,#3042,#494,.T.);
#4198=EDGE_CURVE('',#3042,#3036,#498,.T.);
#4208=EDGE_CURVE('',#3541,#3536,#831,.T.);
#4210=EDGE_CURVE('',#3534,#3536,#865,.T.);
#4213=EDGE_CURVE('',#3538,#3539,#841,.T.);
#4215=EDGE_CURVE('',#3539,#3541,#846,.T.);
#4225=EDGE_CURVE('',#3536,#3537,#875,.T.);
#4228=EDGE_CURVE('',#3533,#3541,#850,.T.);
#4231=EDGE_CURVE('',#3532,#3537,#906,.T.);
#4273=EDGE_CURVE('',#3534,#3535,#860,.T.);
#4277=EDGE_CURVE('',#3535,#3537,#892,.T.);
#4288=EDGE_CURVE('',#3535,#3538,#885,.T.);
#4291=EDGE_CURVE('',#3422,#3423,#911,.T.);
#4293=EDGE_CURVE('',#3423,#3424,#963,.T.);
#4295=EDGE_CURVE('',#3425,#3424,#943,.T.);
#4340=EDGE_CURVE('',#3537,#3539,#902,.T.);
#4366=EDGE_CURVE('',#3410,#3416,#915,.T.);
#4369=EDGE_CURVE('',#3423,#3418,#967,.T.);
#4436=EDGE_CURVE('',#3409,#3415,#919,.T.);
#4513=EDGE_CURVE('',#3408,#3414,#923,.T.);
#4558=EDGE_CURVE('',#3407,#3413,#927,.T.);
#4604=EDGE_CURVE('',#3406,#3412,#931,.T.);
#4641=EDGE_CURVE('',#3405,#3411,#936,.T.);
#4674=EDGE_CURVE('',#3424,#3420,#947,.T.);
#4699=EDGE_CURVE('',#3044,#2927,#971,.T.);
#4701=EDGE_CURVE('',#2927,#2928,#1207,.T.);
#4703=EDGE_CURVE('',#3046,#2928,#983,.T.);
#4716=EDGE_CURVE('',#3050,#2932,#975,.T.);
#4718=EDGE_CURVE('',#2932,#2927,#1211,.T.);
#4728=EDGE_CURVE('',#3048,#2930,#979,.T.);
#4730=EDGE_CURVE('',#2930,#2932,#1215,.T.);
#4743=EDGE_CURVE('',#2928,#2930,#1219,.T.);
#4755=EDGE_CURVE('',#2817,#2818,#987,.T.);
#4757=EDGE_CURVE('',#2846,#2817,#991,.T.);
#4759=EDGE_CURVE('',#2844,#2846,#995,.T.);
#4761=EDGE_CURVE('',#2842,#2844,#999,.T.);
#4763=EDGE_CURVE('',#2840,#2842,#1003,.T.);
#4765=EDGE_CURVE('',#2838,#2840,#1007,.T.);
#4767=EDGE_CURVE('',#2836,#2838,#1011,.T.);
#4769=EDGE_CURVE('',#2834,#2836,#1015,.T.);
#4771=EDGE_CURVE('',#2832,#2834,#1019,.T.);
#4773=EDGE_CURVE('',#2830,#2832,#1023,.T.);
#4775=EDGE_CURVE('',#2828,#2830,#1027,.T.);
#4777=EDGE_CURVE('',#2826,#2828,#1031,.T.);
#4779=EDGE_CURVE('',#2824,#2826,#1035,.T.);
#4781=EDGE_CURVE('',#2822,#2824,#1039,.T.);
#4783=EDGE_CURVE('',#2820,#2822,#1043,.T.);
#4785=EDGE_CURVE('',#2818,#2820,#1047,.T.);
#4795=EDGE_CURVE('',#2849,#2850,#1051,.T.);
#4797=EDGE_CURVE('',#2878,#2849,#1055,.T.);
#4799=EDGE_CURVE('',#2876,#2878,#1059,.T.);
#4801=EDGE_CURVE('',#2874,#2876,#1063,.T.);
#4803=EDGE_CURVE('',#2872,#2874,#1067,.T.);
#4805=EDGE_CURVE('',#2870,#2872,#1071,.T.);
#4807=EDGE_CURVE('',#2868,#2870,#1075,.T.);
#4809=EDGE_CURVE('',#2866,#2868,#1079,.T.);
#4811=EDGE_CURVE('',#2864,#2866,#1083,.T.);
#4813=EDGE_CURVE('',#2862,#2864,#1087,.T.);
#4815=EDGE_CURVE('',#2860,#2862,#1091,.T.);
#4817=EDGE_CURVE('',#2858,#2860,#1095,.T.);
#4819=EDGE_CURVE('',#2856,#2858,#1099,.T.);
#4821=EDGE_CURVE('',#2854,#2856,#1103,.T.);
#4823=EDGE_CURVE('',#2852,#2854,#1107,.T.);
#4825=EDGE_CURVE('',#2850,#2852,#1111,.T.);
#4835=EDGE_CURVE('',#2881,#2882,#1115,.T.);
#4837=EDGE_CURVE('',#2902,#2881,#1119,.T.);
#4839=EDGE_CURVE('',#2900,#2902,#1123,.T.);
#4841=EDGE_CURVE('',#2898,#2900,#1127,.T.);
#4843=EDGE_CURVE('',#2896,#2898,#1131,.T.);
#4845=EDGE_CURVE('',#2894,#2896,#1135,.T.);
#4847=EDGE_CURVE('',#2892,#2894,#1139,.T.);
#4849=EDGE_CURVE('',#2890,#2892,#1143,.T.);
#4851=EDGE_CURVE('',#2888,#2890,#1147,.T.);
#4853=EDGE_CURVE('',#2886,#2888,#1151,.T.);
#4855=EDGE_CURVE('',#2884,#2886,#1155,.T.);
#4857=EDGE_CURVE('',#2882,#2884,#1159,.T.);
#4867=EDGE_CURVE('',#2905,#2906,#1163,.T.);
#4869=EDGE_CURVE('',#2916,#2905,#1167,.T.);
#4871=EDGE_CURVE('',#2914,#2916,#1171,.T.);
#4873=EDGE_CURVE('',#2912,#2914,#1175,.T.);
#4875=EDGE_CURVE('',#2910,#2912,#1179,.T.);
#4877=EDGE_CURVE('',#2908,#2910,#1183,.T.);
#4879=EDGE_CURVE('',#2906,#2908,#1187,.T.);
#4883=EDGE_CURVE('',#2919,#2920,#1191,.T.);
#4885=EDGE_CURVE('',#2924,#2919,#1195,.T.);
#4887=EDGE_CURVE('',#2922,#2924,#1199,.T.);
#4889=EDGE_CURVE('',#2920,#2922,#1203,.T.);
#4905=EDGE_CURVE('',#2934,#2817,#1223,.T.);
#4908=EDGE_CURVE('',#2936,#2818,#1283,.T.);
#4921=EDGE_CURVE('',#2964,#2846,#1227,.T.);
#4932=EDGE_CURVE('',#2962,#2844,#1231,.T.);
#4945=EDGE_CURVE('',#2960,#2842,#1235,.T.);
#4958=EDGE_CURVE('',#2958,#2840,#1239,.T.);
#4971=EDGE_CURVE('',#2956,#2838,#1243,.T.);
#4984=EDGE_CURVE('',#2954,#2836,#1247,.T.);
#4997=EDGE_CURVE('',#2952,#2834,#1251,.T.);
#5010=EDGE_CURVE('',#2950,#2832,#1255,.T.);
#5023=EDGE_CURVE('',#2948,#2830,#1259,.T.);
#5036=EDGE_CURVE('',#2946,#2828,#1263,.T.);
#5049=EDGE_CURVE('',#2944,#2826,#1267,.T.);
#5062=EDGE_CURVE('',#2942,#2824,#1271,.T.);
#5075=EDGE_CURVE('',#2940,#2822,#1275,.T.);
#5088=EDGE_CURVE('',#2938,#2820,#1279,.T.);
#5113=EDGE_CURVE('',#2966,#2849,#1287,.T.);
#5116=EDGE_CURVE('',#2968,#2850,#1347,.T.);
#5129=EDGE_CURVE('',#2996,#2878,#1291,.T.);
#5140=EDGE_CURVE('',#2994,#2876,#1295,.T.);
#5153=EDGE_CURVE('',#2992,#2874,#1299,.T.);
#5166=EDGE_CURVE('',#2990,#2872,#1303,.T.);
#5179=EDGE_CURVE('',#2988,#2870,#1307,.T.);
#5192=EDGE_CURVE('',#2986,#2868,#1311,.T.);
#5205=EDGE_CURVE('',#2984,#2866,#1315,.T.);
#5218=EDGE_CURVE('',#2982,#2864,#1319,.T.);
#5231=EDGE_CURVE('',#2980,#2862,#1323,.T.);
#5244=EDGE_CURVE('',#2978,#2860,#1327,.T.);
#5257=EDGE_CURVE('',#2976,#2858,#1331,.T.);
#5270=EDGE_CURVE('',#2974,#2856,#1335,.T.);
#5283=EDGE_CURVE('',#2972,#2854,#1339,.T.);
#5296=EDGE_CURVE('',#2970,#2852,#1343,.T.);
#5321=EDGE_CURVE('',#2998,#2881,#1351,.T.);
#5324=EDGE_CURVE('',#3000,#2882,#1395,.T.);
#5337=EDGE_CURVE('',#3020,#2902,#1355,.T.);
#5348=EDGE_CURVE('',#3018,#2900,#1359,.T.);
#5361=EDGE_CURVE('',#3016,#2898,#1363,.T.);
#5374=EDGE_CURVE('',#3014,#2896,#1367,.T.);
#5387=EDGE_CURVE('',#3012,#2894,#1371,.T.);
#5400=EDGE_CURVE('',#3010,#2892,#1375,.T.);
#5413=EDGE_CURVE('',#3008,#2890,#1379,.T.);
#5426=EDGE_CURVE('',#3006,#2888,#1383,.T.);
#5439=EDGE_CURVE('',#3004,#2886,#1387,.T.);
#5452=EDGE_CURVE('',#3002,#2884,#1391,.T.);
#5477=EDGE_CURVE('',#3022,#2905,#1399,.T.);
#5480=EDGE_CURVE('',#3024,#2906,#1423,.T.);
#5493=EDGE_CURVE('',#3034,#2916,#1403,.T.);
#5504=EDGE_CURVE('',#3032,#2914,#1407,.T.);
#5517=EDGE_CURVE('',#3030,#2912,#1411,.T.);
#5530=EDGE_CURVE('',#3028,#2910,#1415,.T.);
#5543=EDGE_CURVE('',#3026,#2908,#1419,.T.);
#5568=EDGE_CURVE('',#3036,#2919,#1427,.T.);
#5571=EDGE_CURVE('',#3038,#2920,#1439,.T.);
#5584=EDGE_CURVE('',#3042,#2924,#1431,.T.);
#5595=EDGE_CURVE('',#3040,#2922,#1435,.T.);
#5622=EDGE_CURVE('',#3549,#3548,#1454,.T.);
#5646=EDGE_CURVE('',#3552,#3556,#1468,.T.);
#5648=EDGE_CURVE('',#3556,#3557,#1473,.T.);
#5650=EDGE_CURVE('',#3553,#3557,#1483,.T.);
#5662=EDGE_CURVE('',#3557,#3556,#1488,.T.);
#5674=EDGE_CURVE('',#3557,#3400,#1496,.T.);
#5676=EDGE_CURVE('',#3399,#3400,#1501,.T.);
#5678=EDGE_CURVE('',#3556,#3399,#1492,.T.);
#5690=EDGE_CURVE('',#3400,#3399,#1506,.T.);
#5705=EDGE_CURVE('',#3520,#3521,#1521,.T.);
#5707=EDGE_CURVE('',#3521,#3520,#1526,.T.);
#5717=EDGE_CURVE('',#3403,#3404,#1511,.T.);
#5719=EDGE_CURVE('',#3404,#3403,#1516,.T.);
#5723=EDGE_CURVE('',#3524,#3525,#1531,.T.);
#5725=EDGE_CURVE('',#3525,#3524,#1536,.T.);
#5735=EDGE_CURVE('',#3565,#3564,#1555,.T.);
#5737=EDGE_CURVE('',#3565,#3404,#1574,.T.);
#5740=EDGE_CURVE('',#3564,#3403,#1540,.T.);
#5751=EDGE_CURVE('',#3561,#3565,#1550,.T.);
#5754=EDGE_CURVE('',#3560,#3564,#1565,.T.);
#5766=EDGE_CURVE('',#3564,#3565,#1570,.T.);
#5789=EDGE_CURVE('',#3512,#3513,#1583,.T.);
#5791=EDGE_CURVE('',#3520,#3512,#1578,.T.);
#5794=EDGE_CURVE('',#3521,#3513,#1706,.T.);
#5804=EDGE_CURVE('',#3492,#3493,#1602,.T.);
#5806=EDGE_CURVE('',#3270,#3492,#1606,.T.);
#5808=EDGE_CURVE('',#3270,#3290,#1610,.T.);
#5810=EDGE_CURVE('',#3289,#3290,#1920,.T.);
#5812=EDGE_CURVE('',#3289,#3286,#1944,.T.);
#5814=EDGE_CURVE('',#3285,#3286,#1902,.T.);
#5816=EDGE_CURVE('',#3285,#3268,#1614,.T.);
#5818=EDGE_CURVE('',#3497,#3268,#1618,.T.);
#5820=EDGE_CURVE('',#3496,#3497,#1622,.T.);
#5822=EDGE_CURVE('',#3272,#3496,#1626,.T.);
#5824=EDGE_CURVE('',#3272,#3277,#1630,.T.);
#5826=EDGE_CURVE('',#3277,#3278,#1948,.T.);
#5828=EDGE_CURVE('',#3278,#3281,#1929,.T.);
#5830=EDGE_CURVE('',#3281,#3282,#1965,.T.);
#5832=EDGE_CURVE('',#3282,#3274,#1634,.T.);
#5834=EDGE_CURVE('',#3493,#3274,#1638,.T.);
#5838=EDGE_CURVE('',#3516,#3517,#1593,.T.);
#5840=EDGE_CURVE('',#3517,#3516,#1598,.T.);
#5850=EDGE_CURVE('',#3383,#3384,#1642,.T.);
#5852=EDGE_CURVE('',#3383,#3481,#1646,.T.);
#5854=EDGE_CURVE('',#3481,#3477,#1650,.T.);
#5856=EDGE_CURVE('',#3370,#3477,#1654,.T.);
#5858=EDGE_CURVE('',#3366,#3370,#1658,.T.);
#5860=EDGE_CURVE('',#3366,#3310,#2034,.T.);
#5862=EDGE_CURVE('',#3310,#3390,#1662,.T.);
#5864=EDGE_CURVE('',#3340,#3390,#1666,.T.);
#5866=EDGE_CURVE('',#3475,#3340,#1670,.T.);
#5868=EDGE_CURVE('',#3475,#3479,#1674,.T.);
#5870=EDGE_CURVE('',#3392,#3479,#1678,.T.);
#5872=EDGE_CURVE('',#3392,#3313,#1682,.T.);
#5874=EDGE_CURVE('',#3313,#3335,#2048,.T.);
#5876=EDGE_CURVE('',#3463,#3335,#2076,.T.);
#5878=EDGE_CURVE('',#3463,#3459,#1686,.T.);
#5880=EDGE_CURVE('',#3504,#3459,#1690,.T.);
#5882=EDGE_CURVE('',#3500,#3504,#1694,.T.);
#5884=EDGE_CURVE('',#3461,#3500,#1698,.T.);
#5886=EDGE_CURVE('',#3461,#3465,#1702,.T.);
#5888=EDGE_CURVE('',#3465,#3336,#2102,.T.);
#5890=EDGE_CURVE('',#3336,#3384,#2062,.T.);
#5895=EDGE_CURVE('',#3513,#3512,#1588,.T.);
#5918=EDGE_CURVE('',#3524,#3516,#1710,.T.);
#5921=EDGE_CURVE('',#3525,#3517,#1714,.T.);
#5944=EDGE_CURVE('',#3493,#3485,#1730,.T.);
#5947=EDGE_CURVE('',#3492,#3484,#1718,.T.);
#5958=EDGE_CURVE('',#3262,#3274,#1722,.T.);
#5960=EDGE_CURVE('',#3222,#3262,#1858,.T.);
#5962=EDGE_CURVE('',#3222,#3246,#1726,.T.);
#5975=EDGE_CURVE('',#3217,#3240,#1894,.T.);
#5977=EDGE_CURVE('',#3257,#3217,#1758,.T.);
#5979=EDGE_CURVE('',#3257,#3272,#1734,.T.);
#5982=EDGE_CURVE('',#3496,#3488,#1898,.T.);
#5992=EDGE_CURVE('',#3261,#3262,#1862,.T.);
#5996=EDGE_CURVE('',#3261,#3282,#1974,.T.);
#6006=EDGE_CURVE('',#3265,#3266,#1846,.T.);
#6008=EDGE_CURVE('',#3266,#3290,#1924,.T.);
#6011=EDGE_CURVE('',#3265,#3270,#1874,.T.);
#6021=EDGE_CURVE('',#3253,#3254,#1738,.T.);
#6023=EDGE_CURVE('',#3253,#3225,#1742,.T.);
#6025=EDGE_CURVE('',#3225,#3226,#1746,.T.);
#6027=EDGE_CURVE('',#3226,#3258,#1750,.T.);
#6029=EDGE_CURVE('',#3257,#3258,#1754,.T.);
#6032=EDGE_CURVE('',#3217,#3218,#1762,.T.);
#6034=EDGE_CURVE('',#3218,#3254,#1766,.T.);
#6044=EDGE_CURVE('',#3472,#3473,#1770,.T.);
#6046=EDGE_CURVE('',#3472,#3339,#1774,.T.);
#6048=EDGE_CURVE('',#3339,#3394,#1778,.T.);
#6050=EDGE_CURVE('',#3394,#3396,#1782,.T.);
#6052=EDGE_CURVE('',#3396,#3473,#1786,.T.);
#6062=EDGE_CURVE('',#3452,#3453,#1790,.T.);
#6064=EDGE_CURVE('',#3452,#3321,#1794,.T.);
#6066=EDGE_CURVE('',#3321,#3322,#1798,.T.);
#6068=EDGE_CURVE('',#3322,#3457,#1802,.T.);
#6070=EDGE_CURVE('',#3456,#3457,#1806,.T.);
#6072=EDGE_CURVE('',#3456,#3317,#1810,.T.);
#6074=EDGE_CURVE('',#3317,#3318,#1814,.T.);
#6076=EDGE_CURVE('',#3318,#3453,#1818,.T.);
#6086=EDGE_CURVE('',#3375,#3372,#2025,.T.);
#6088=EDGE_CURVE('',#3372,#3469,#1822,.T.);
#6090=EDGE_CURVE('',#3468,#3469,#1826,.T.);
#6092=EDGE_CURVE('',#3468,#3386,#1830,.T.);
#6094=EDGE_CURVE('',#3386,#3388,#1834,.T.);
#6096=EDGE_CURVE('',#3388,#3375,#1838,.T.);
#6106=EDGE_CURVE('',#3293,#3296,#2000,.T.);
#6108=EDGE_CURVE('',#3296,#3266,#1842,.T.);
#6111=EDGE_CURVE('',#3265,#3221,#1850,.T.);
#6113=EDGE_CURVE('',#3221,#3222,#1854,.T.);
#6117=EDGE_CURVE('',#3261,#3248,#1866,.T.);
#6119=EDGE_CURVE('',#3248,#3293,#1870,.T.);
#6130=EDGE_CURVE('',#3254,#3268,#1878,.T.);
#6133=EDGE_CURVE('',#3253,#3285,#1911,.T.);
#6144=EDGE_CURVE('',#3258,#3277,#1952,.T.);
#6157=EDGE_CURVE('',#3221,#3244,#1890,.T.);
#6174=EDGE_CURVE('',#3218,#3242,#1882,.T.);
#6177=EDGE_CURVE('',#3497,#3489,#1886,.T.);
#6224=EDGE_CURVE('',#3237,#3286,#1907,.T.);
#6227=EDGE_CURVE('',#3225,#3238,#1978,.T.);
#6239=EDGE_CURVE('',#3296,#3298,#1995,.T.);
#6242=EDGE_CURVE('',#3250,#3289,#1916,.T.);
#6255=EDGE_CURVE('',#3233,#3281,#1970,.T.);
#6258=EDGE_CURVE('',#3230,#3278,#1961,.T.);
#6284=EDGE_CURVE('',#3226,#3229,#1956,.T.);
#6299=EDGE_CURVE('',#3248,#3234,#1982,.T.);
#6323=EDGE_CURVE('',#3293,#3294,#1986,.T.);
#6349=EDGE_CURVE('',#3469,#3477,#2004,.T.);
#6352=EDGE_CURVE('',#3468,#3481,#2123,.T.);
#6363=EDGE_CURVE('',#3473,#3479,#2089,.T.);
#6366=EDGE_CURVE('',#3472,#3475,#2127,.T.);
#6378=EDGE_CURVE('',#3372,#3370,#2008,.T.);
#6390=EDGE_CURVE('',#3317,#3334,#2147,.T.);
#6393=EDGE_CURVE('',#3456,#3461,#2012,.T.);
#6396=EDGE_CURVE('',#3500,#3501,#2151,.T.);
#6407=EDGE_CURVE('',#3368,#3366,#2021,.T.);
#6412=EDGE_CURVE('',#3375,#3376,#2029,.T.);
#6425=EDGE_CURVE('',#3309,#3310,#2043,.T.);
#6435=EDGE_CURVE('',#3325,#3335,#2081,.T.);
#6438=EDGE_CURVE('',#3313,#3314,#2052,.T.);
#6449=EDGE_CURVE('',#3379,#3384,#2158,.T.);
#6452=EDGE_CURVE('',#3330,#3336,#2115,.T.);
#6480=EDGE_CURVE('',#3396,#3392,#2094,.T.);
#6483=EDGE_CURVE('',#3394,#3390,#2072,.T.);
#6496=EDGE_CURVE('',#3321,#3326,#2098,.T.);
#6499=EDGE_CURVE('',#3452,#3463,#2085,.T.);
#6522=EDGE_CURVE('',#3322,#3328,#2110,.T.);
#6535=EDGE_CURVE('',#3457,#3465,#2106,.T.);
#6549=EDGE_CURVE('',#3383,#3386,#2119,.T.);
#6563=EDGE_CURVE('',#3453,#3459,#2131,.T.);
#6589=EDGE_CURVE('',#3339,#3340,#2143,.T.);
#6603=EDGE_CURVE('',#3318,#3332,#2135,.T.);
#6606=EDGE_CURVE('',#3504,#3505,#2139,.T.);
#6653=EDGE_CURVE('',#3388,#3380,#2162,.T.);
#6680=EDGE_CURVE('',#3576,#3580,#2172,.T.);
#6682=EDGE_CURVE('',#3580,#3581,#2177,.T.);
#6684=EDGE_CURVE('',#3577,#3581,#2187,.T.);
#6696=EDGE_CURVE('',#3581,#3580,#2192,.T.);
#6708=EDGE_CURVE('',#3581,#3573,#2200,.T.);
#6710=EDGE_CURVE('',#3572,#3573,#2205,.T.);
#6712=EDGE_CURVE('',#3580,#3572,#2196,.T.);
#6724=EDGE_CURVE('',#3573,#3572,#2210,.T.);
#6739=EDGE_CURVE('',#3568,#3569,#2215,.T.);
#6741=EDGE_CURVE('',#3569,#3568,#2220,.T.);
#6752=EDGE_CURVE('',#3569,#3509,#2228,.T.);
#6755=EDGE_CURVE('',#3568,#3508,#2224,.T.);
#6778=EDGE_CURVE('',#3115,#3053,#2232,.T.);
#6780=EDGE_CURVE('',#3053,#3054,#2296,.T.);
#6782=EDGE_CURVE('',#3116,#3054,#2292,.T.);
#6793=EDGE_CURVE('',#3144,#3082,#2236,.T.);
#6795=EDGE_CURVE('',#3082,#3053,#2300,.T.);
#6807=EDGE_CURVE('',#3142,#3080,#2240,.T.);
#6809=EDGE_CURVE('',#3080,#3082,#2304,.T.);
#6821=EDGE_CURVE('',#3140,#3078,#2244,.T.);
#6823=EDGE_CURVE('',#3078,#3080,#2308,.T.);
#6835=EDGE_CURVE('',#3138,#3076,#2248,.T.);
#6837=EDGE_CURVE('',#3076,#3078,#2312,.T.);
#6849=EDGE_CURVE('',#3136,#3074,#2252,.T.);
#6851=EDGE_CURVE('',#3074,#3076,#2316,.T.);
#6863=EDGE_CURVE('',#3134,#3072,#2256,.T.);
#6865=EDGE_CURVE('',#3072,#3074,#2320,.T.);
#6877=EDGE_CURVE('',#3132,#3070,#2260,.T.);
#6879=EDGE_CURVE('',#3070,#3072,#2324,.T.);
#6891=EDGE_CURVE('',#3130,#3068,#2264,.T.);
#6893=EDGE_CURVE('',#3068,#3070,#2328,.T.);
#6905=EDGE_CURVE('',#3128,#3066,#2268,.T.);
#6907=EDGE_CURVE('',#3066,#3068,#2332,.T.);
#6919=EDGE_CURVE('',#3126,#3064,#2272,.T.);
#6921=EDGE_CURVE('',#3064,#3066,#2336,.T.);
#6933=EDGE_CURVE('',#3124,#3062,#2276,.T.);
#6935=EDGE_CURVE('',#3062,#3064,#2340,.T.);
#6947=EDGE_CURVE('',#3122,#3060,#2280,.T.);
#6949=EDGE_CURVE('',#3060,#3062,#2344,.T.);
#6961=EDGE_CURVE('',#3120,#3058,#2284,.T.);
#6963=EDGE_CURVE('',#3058,#3060,#2348,.T.);
#6975=EDGE_CURVE('',#3118,#3056,#2288,.T.);
#6977=EDGE_CURVE('',#3056,#3058,#2352,.T.);
#6990=EDGE_CURVE('',#3054,#3056,#2356,.T.);
#7025=EDGE_CURVE('',#3085,#3086,#2360,.T.);
#7027=EDGE_CURVE('',#3112,#3085,#2364,.T.);
#7029=EDGE_CURVE('',#3110,#3112,#2368,.T.);
#7031=EDGE_CURVE('',#3108,#3110,#2372,.T.);
#7033=EDGE_CURVE('',#3106,#3108,#2376,.T.);
#7035=EDGE_CURVE('',#3104,#3106,#2380,.T.);
#7037=EDGE_CURVE('',#3102,#3104,#2384,.T.);
#7039=EDGE_CURVE('',#3100,#3102,#2388,.T.);
#7041=EDGE_CURVE('',#3098,#3100,#2392,.T.);
#7043=EDGE_CURVE('',#3096,#3098,#2396,.T.);
#7045=EDGE_CURVE('',#3094,#3096,#2400,.T.);
#7047=EDGE_CURVE('',#3092,#3094,#2404,.T.);
#7049=EDGE_CURVE('',#3090,#3092,#2408,.T.);
#7051=EDGE_CURVE('',#3088,#3090,#2412,.T.);
#7053=EDGE_CURVE('',#3086,#3088,#2416,.T.);
#7064=EDGE_CURVE('',#3147,#3085,#2420,.T.);
#7067=EDGE_CURVE('',#3148,#3086,#2476,.T.);
#7078=EDGE_CURVE('',#3174,#3112,#2424,.T.);
#7091=EDGE_CURVE('',#3172,#3110,#2428,.T.);
#7104=EDGE_CURVE('',#3170,#3108,#2432,.T.);
#7117=EDGE_CURVE('',#3168,#3106,#2436,.T.);
#7130=EDGE_CURVE('',#3166,#3104,#2440,.T.);
#7143=EDGE_CURVE('',#3164,#3102,#2444,.T.);
#7156=EDGE_CURVE('',#3162,#3100,#2448,.T.);
#7169=EDGE_CURVE('',#3160,#3098,#2452,.T.);
#7182=EDGE_CURVE('',#3158,#3096,#2456,.T.);
#7195=EDGE_CURVE('',#3156,#3094,#2460,.T.);
#7208=EDGE_CURVE('',#3154,#3092,#2464,.T.);
#7221=EDGE_CURVE('',#3152,#3090,#2468,.T.);
#7234=EDGE_CURVE('',#3150,#3088,#2472,.T.);
#7259=EDGE_CURVE('',#2806,#2814,#2484,.T.);
#7262=EDGE_CURVE('',#2805,#2813,#2480,.T.);
#7285=EDGE_CURVE('',#3426,#3427,#2501,.T.);
#7289=EDGE_CURVE('',#3428,#3429,#2730,.T.);
#7302=EDGE_CURVE('',#3448,#3446,#2506,.T.);
#7313=EDGE_CURVE('',#3432,#3433,#2531,.T.);
#7315=EDGE_CURVE('',#3439,#3433,#2516,.T.);
#7317=EDGE_CURVE('',#3438,#3439,#2650,.T.);
#7327=EDGE_CURVE('',#3435,#3437,#2521,.T.);
#7329=EDGE_CURVE('',#3434,#3435,#2540,.T.);
#7334=EDGE_CURVE('',#3449,#3447,#2723,.T.);
#7337=EDGE_CURVE('',#3436,#3437,#2641,.T.);
#7348=EDGE_CURVE('',#3197,#3205,#2535,.T.);
#7350=EDGE_CURVE('',#3433,#3197,#2570,.T.);
#7362=EDGE_CURVE('',#3198,#3206,#2544,.T.);
#7364=EDGE_CURVE('',#3197,#3198,#2574,.T.);
#7377=EDGE_CURVE('',#3198,#3435,#2578,.T.);
#7388=EDGE_CURVE('',#3437,#3193,#2558,.T.);
#7390=EDGE_CURVE('',#3193,#3194,#2562,.T.);
#7392=EDGE_CURVE('',#3194,#3439,#2566,.T.);
#7401=EDGE_CURVE('',#3189,#3190,#2549,.T.);
#7403=EDGE_CURVE('',#3190,#3189,#2554,.T.);
#7413=EDGE_CURVE('',#3443,#3441,#2700,.T.);
#7415=EDGE_CURVE('',#3441,#3209,#2592,.T.);
#7417=EDGE_CURVE('',#3209,#3210,#2596,.T.);
#7419=EDGE_CURVE('',#3210,#3443,#2600,.T.);
#7423=EDGE_CURVE('',#2793,#2794,#2583,.T.);
#7425=EDGE_CURVE('',#2794,#2793,#2588,.T.);
#7436=EDGE_CURVE('',#3190,#3182,#2608,.T.);
#7438=EDGE_CURVE('',#3181,#3182,#2613,.T.);
#7440=EDGE_CURVE('',#3189,#3181,#2604,.T.);
#7452=EDGE_CURVE('',#3182,#3181,#2618,.T.);
#7467=EDGE_CURVE('',#3185,#3186,#2623,.T.);
#7469=EDGE_CURVE('',#3186,#3185,#2628,.T.);
#7479=EDGE_CURVE('',#3185,#3178,#2636,.T.);
#7482=EDGE_CURVE('',#3177,#3186,#2632,.T.);
#7506=EDGE_CURVE('',#3193,#3201,#2645,.T.);
#7519=EDGE_CURVE('',#3194,#3202,#2654,.T.);
#7544=EDGE_CURVE('',#2794,#2790,#2662,.T.);
#7546=EDGE_CURVE('',#2789,#2790,#2677,.T.);
#7548=EDGE_CURVE('',#2793,#2789,#2658,.T.);
#7560=EDGE_CURVE('',#2790,#2789,#2682,.T.);
#7575=EDGE_CURVE('',#2785,#2786,#2667,.T.);
#7577=EDGE_CURVE('',#2786,#2785,#2672,.T.);
#7588=EDGE_CURVE('',#2786,#2797,#2690,.T.);
#7591=EDGE_CURVE('',#2798,#2785,#2686,.T.);
#7614=EDGE_CURVE('',#3440,#3441,#2705,.T.);
#7617=EDGE_CURVE('',#3442,#3443,#2714,.T.);
#7628=EDGE_CURVE('',#3209,#3213,#2709,.T.);
#7641=EDGE_CURVE('',#3210,#3214,#2718,.T.);
#7678=EDGE_CURVE('',#3359,#3364,#2734,.T.);
#7680=EDGE_CURVE('',#3364,#3355,#2778,.T.);
#7682=EDGE_CURVE('',#3355,#3360,#2782,.T.);
#7694=EDGE_CURVE('',#3349,#3343,#2738,.T.);
#7696=EDGE_CURVE('',#3364,#3343,#2762,.T.);
#7707=EDGE_CURVE('',#3350,#3344,#2742,.T.);
#7709=EDGE_CURVE('',#3343,#3344,#2766,.T.);
#7721=EDGE_CURVE('',#3352,#3346,#2750,.T.);
#7723=EDGE_CURVE('',#3344,#3346,#2770,.T.);
#7734=EDGE_CURVE('',#3346,#3356,#2746,.T.);
#7738=EDGE_CURVE('',#3356,#3362,#2758,.T.);
#7752=EDGE_CURVE('',#3355,#3356,#2774,.T.);
#7780=ADVANCED_BREP_SHAPE_REPRESENTATION('',(#7771),#7779);
#7787=PRODUCT_DEFINITION('design','',#7786,#7783);
#7788=PRODUCT_DEFINITION_SHAPE('','SHAPE FOR GX12-CE-L-2.',#7787);
#7789=SHAPE_DEFINITION_REPRESENTATION(#7788,#7780);
ENDSEC;
END-ISO-10303-21;
