ISO-10303-21;
HEADER;
FILE_DESCRIPTION((''),'2;1');
FILE_NAME('GX12-CE-R-2','2024-09-26T',('Administrator'),(''),
'PRO/ENGINEER BY PARAMETRIC TECHNOLOGY CORPORATION, 2001280',
'PRO/ENGINEER BY PARAMETRIC TECHNOLOGY CORPORATION, 2001280','');
FILE_SCHEMA(('CONFIG_CONTROL_DESIGN'));
ENDSEC;
DATA;
#1=DIRECTION('',(-1.199769900300E-2,2.164240357010E-1,9.762257382335E-1));
#2=VECTOR('',#1,9.534893601585E0);
#3=CARTESIAN_POINT('',(4.270676748763E1,4.672929166562E1,-1.046076222143E1));
#4=LINE('',#3,#2);
#5=DIRECTION('',(-4.686442787223E-1,2.956904523073E-1,8.324299949156E-1));
#6=VECTOR('',#5,6.859883586304E0);
#7=CARTESIAN_POINT('',(4.592161268305E1,4.470088958521E1,-1.617113508030E1));
#8=LINE('',#7,#6);
#9=CARTESIAN_POINT('',(7.066671196957E1,3.747508390064E1,-2.177755970121E1));
#10=CARTESIAN_POINT('',(6.937162534616E1,3.775862467214E1,-2.191683101096E1));
#11=CARTESIAN_POINT('',(6.681558874417E1,3.832890101898E1,-2.214292436076E1));
#12=CARTESIAN_POINT('',(6.320098963949E1,3.916457254722E1,-2.232905526155E1));
#13=CARTESIAN_POINT('',(5.972165419977E1,4.000077242856E1,-2.236282418327E1));
#14=CARTESIAN_POINT('',(5.684578330894E1,4.073394058371E1,-2.219870144455E1));
#15=CARTESIAN_POINT('',(5.463910393385E1,4.133500298602E1,-2.189675671021E1));
#16=CARTESIAN_POINT('',(5.306253866364E1,4.178800500181E1,-2.157325633590E1));
#17=CARTESIAN_POINT('',(5.161272864587E1,4.223598434393E1,-2.113220615995E1));
#18=CARTESIAN_POINT('',(4.988335257816E1,4.283011303337E1,-2.033284986533E1));
#19=CARTESIAN_POINT('',(4.792055611049E1,4.365187309530E1,-1.875148376120E1));
#20=CARTESIAN_POINT('',(4.656785977384E1,4.434543144572E1,-1.707995138722E1));
#21=CARTESIAN_POINT('',(4.592161268305E1,4.470088958521E1,-1.617113508030E1));
#23=CARTESIAN_POINT('',(8.605585188045E1,3.841794719103E1,-4.070359200737E-1));
#24=CARTESIAN_POINT('',(8.605472404887E1,3.841130613157E1,-4.386501755720E-1));
#25=CARTESIAN_POINT('',(8.605332552988E1,3.840339459616E1,-4.763733229542E-1));
#26=CARTESIAN_POINT('',(8.596642945815E1,3.793384927853E1,-2.719539071268E0));
#27=CARTESIAN_POINT('',(8.538357998452E1,3.722504817310E1,-6.606409197238E0));
#28=CARTESIAN_POINT('',(8.411330239900E1,3.670452184971E1,-1.039450355694E1));
#29=CARTESIAN_POINT('',(8.292350078184E1,3.644151254543E1,-1.291597690151E1));
#30=CARTESIAN_POINT('',(8.196278701310E1,3.631039540855E1,-1.458046301076E1));
#31=CARTESIAN_POINT('',(8.096568245037E1,3.623925485329E1,-1.601106741081E1));
#32=CARTESIAN_POINT('',(7.963630675175E1,3.621412844447E1,-1.759962617446E1));
#33=CARTESIAN_POINT('',(7.796733668351E1,3.629264882204E1,-1.909075168832E1));
#34=CARTESIAN_POINT('',(7.590147829979E1,3.651681751112E1,-2.035591926132E1));
#35=CARTESIAN_POINT('',(7.344696761754E1,3.690442351403E1,-2.130466467210E1));
#36=CARTESIAN_POINT('',(7.162175138368E1,3.726841300284E1,-2.166378552031E1));
#37=CARTESIAN_POINT('',(7.066671196957E1,3.747508390064E1,-2.177755970121E1));
#39=CARTESIAN_POINT('',(8.540184531272E1,4.054116809362E1,8.575676457577E0));
#40=CARTESIAN_POINT('',(8.547016115960E1,4.032074903669E1,7.643616204151E0));
#41=CARTESIAN_POINT('',(8.560990367584E1,3.986904531475E1,5.733264872426E0));
#42=CARTESIAN_POINT('',(8.581858812866E1,3.919192580372E1,2.868701468541E0));
#43=CARTESIAN_POINT('',(8.596812746577E1,3.870464100417E1,8.065279300024E-1));
#44=CARTESIAN_POINT('',(8.604647960197E1,3.844858659905E1,-2.773372018362E-1));
#45=CARTESIAN_POINT('',(8.605585188045E1,3.841794719103E1,-4.070359200737E-1));
#47=CARTESIAN_POINT('',(7.601666533744E1,4.479764026764E1,1.763303466769E1));
#48=CARTESIAN_POINT('',(7.732081807650E1,4.445440134926E1,1.750940659990E1));
#49=CARTESIAN_POINT('',(7.970551753553E1,4.372948649165E1,1.683853217449E1));
#50=CARTESIAN_POINT('',(8.270528799858E1,4.254886671689E1,1.476593674129E1));
#51=CARTESIAN_POINT('',(8.472235448684E1,4.142830696710E1,1.187857096497E1));
#52=CARTESIAN_POINT('',(8.530672285093E1,4.081361105532E1,9.715882015259E0));
#53=CARTESIAN_POINT('',(8.540184531272E1,4.054116809362E1,8.575676457577E0));
#55=CARTESIAN_POINT('',(5.035323747527E1,5.168369924786E1,2.066807100834E1));
#56=CARTESIAN_POINT('',(5.456049907321E1,5.055396223211E1,2.016668165831E1));
#57=CARTESIAN_POINT('',(6.318430106697E1,4.823626317840E1,1.912968431072E1));
#58=CARTESIAN_POINT('',(7.170728664695E1,4.595083694415E1,1.812848369132E1));
#59=CARTESIAN_POINT('',(7.601666533744E1,4.479764026764E1,1.763303466769E1));
#61=DIRECTION('',(5.395333867214E-1,5.297221067177E-2,8.402961796352E-1));
#62=VECTOR('',#61,1.460195680394E1);
#63=CARTESIAN_POINT('',(4.247499426808E1,5.091020131582E1,8.398102490794E0));
#64=LINE('',#63,#62);
#65=DIRECTION('',(-1.199769900300E-2,2.164240357010E-1,9.762257382335E-1));
#66=VECTOR('',#65,5.516433126732E0);
#67=CARTESIAN_POINT('',(4.254117877230E1,4.971631259586E1,3.012818489234E0));
#68=LINE('',#67,#66);
#69=DIRECTION('',(6.829522951956E-1,-5.827803060339E-3,7.304397300247E-1));
#70=VECTOR('',#69,7.626298199815E-1);
#71=CARTESIAN_POINT('',(6.172125461505E1,4.804818849453E1,1.664791918330E1));
#72=LINE('',#71,#70);
#73=DIRECTION('',(9.594118433E-1,-2.576778396925E-1,-1.145907756634E-1));
#74=VECTOR('',#73,1.313476562500E0);
#75=CARTESIAN_POINT('',(6.224209440099E1,4.804374403814E1,1.720497430312E1));
#76=LINE('',#75,#74);
#77=DIRECTION('',(6.858869361264E-1,-3.102665853616E-1,-6.582505274280E-1));
#78=VECTOR('',#77,1.074496146712E0);
#79=CARTESIAN_POINT('',(6.350225937095E1,4.770529023502E1,1.705446200500E1));
#80=LINE('',#79,#78);
#81=DIRECTION('',(1.648949195256E-1,-2.487286406550E-1,-9.544337215504E-1));
#82=VECTOR('',#81,3.312494385913E-1);
#83=CARTESIAN_POINT('',(6.423924224090E1,4.737190998460E1,1.634717434971E1));
#84=LINE('',#83,#82);
#85=DIRECTION('',(-9.594118433E-1,2.576778396925E-1,1.145907756634E-1));
#86=VECTOR('',#85,8.740234374999E-1);
#87=CARTESIAN_POINT('',(6.429386359041E1,4.728951876202E1,1.603101871528E1));
#88=LINE('',#87,#86);
#89=DIRECTION('',(-1.648949195257E-1,2.487286406550E-1,9.544337215504E-1));
#90=VECTOR('',#89,3.312494385913E-1);
#91=CARTESIAN_POINT('',(6.345531515316E1,4.751473523324E1,1.613117373893E1));
#92=LINE('',#91,#90);
#93=DIRECTION('',(-9.594118433E-1,2.576778396925E-1,1.145907756634E-1));
#94=VECTOR('',#93,8.764648437501E-1);
#95=CARTESIAN_POINT('',(6.340069380364E1,4.759712645581E1,1.644732937336E1));
#96=LINE('',#95,#94);
#97=DIRECTION('',(1.648949195257E-1,-2.487286406550E-1,-9.544337215504E-1));
#98=VECTOR('',#97,1.324997754365E0);
#99=CARTESIAN_POINT('',(6.255980305231E1,4.782297202332E1,1.654776415965E1));
#100=LINE('',#99,#98);
#101=DIRECTION('',(9.594118433E-1,-2.576778396925E-1,-1.145907756634E-1));
#102=VECTOR('',#101,8.740234375001E-1);
#103=CARTESIAN_POINT('',(6.277828845038E1,4.749340713300E1,1.528314162191E1));
#104=LINE('',#103,#102);
#105=DIRECTION('',(-1.648949195257E-1,2.487286406550E-1,9.544337215504E-1));
#106=VECTOR('',#105,3.312494385912E-1);
#107=CARTESIAN_POINT('',(6.361683688764E1,4.726819066179E1,1.518298659825E1));
#108=LINE('',#107,#106);
#109=DIRECTION('',(9.594118433E-1,-2.576778396924E-1,-1.145907756634E-1));
#110=VECTOR('',#109,8.764648437500E-1);
#111=CARTESIAN_POINT('',(6.356221553812E1,4.735058188437E1,1.549914223269E1));
#112=LINE('',#111,#110);
#113=DIRECTION('',(1.582066663954E-1,-2.474283109226E-1,-9.559026528167E-1));
#114=VECTOR('',#113,3.304477405408E-1);
#115=CARTESIAN_POINT('',(6.440310628945E1,4.712473631686E1,1.539870744640E1));
#116=LINE('',#115,#114);
#117=DIRECTION('',(-6.829522951956E-1,5.827803060321E-3,-7.304397300247E-1));
#118=VECTOR('',#117,7.626298199813E-1);
#119=CARTESIAN_POINT('',(6.445538532490E1,4.704297419057E1,1.508283157460E1));
#120=LINE('',#119,#118);
#121=DIRECTION('',(-9.594118433E-1,2.576778396925E-1,1.145907756634E-1));
#122=VECTOR('',#121,1.311035156250E0);
#123=CARTESIAN_POINT('',(6.393454553896E1,4.704741864697E1,1.452577645479E1));
#124=LINE('',#123,#122);
#125=DIRECTION('',(-6.867969049382E-1,3.102783328656E-1,6.572954948282E-1));
#126=VECTOR('',#125,1.076482987478E0);
#127=CARTESIAN_POINT('',(6.267672288307E1,4.738524335380E1,1.467600899026E1));
#128=LINE('',#127,#126);
#129=DIRECTION('',(-1.632266356738E-1,2.484052786521E-1,9.548046307724E-1));
#130=VECTOR('',#129,1.324190032558E0);
#131=CARTESIAN_POINT('',(6.193739769905E1,4.771925270051E1,1.538357640819E1));
#132=LINE('',#131,#130);
#133=DIRECTION('',(-1.615558257087E-1,2.480807700292E-1,9.551730977793E-1));
#134=VECTOR('',#133,6.616931608583E-1);
#135=CARTESIAN_POINT('',(5.899480103692E1,4.878045657413E1,1.697356289149E1));
#136=LINE('',#135,#134);
#137=DIRECTION('',(9.594118433E-1,-2.576778396925E-1,-1.145907756634E-1));
#138=VECTOR('',#137,1.967773437500E0);
#139=CARTESIAN_POINT('',(5.888790065195E1,4.894460992300E1,1.760559439772E1));
#140=LINE('',#139,#138);
#141=DIRECTION('',(6.858869361264E-1,-3.102665853616E-1,-6.582505274280E-1));
#142=VECTOR('',#141,1.074496146712E0);
#143=CARTESIAN_POINT('',(6.077580579282E1,4.843755831462E1,1.738010571319E1));
#144=LINE('',#143,#142);
#145=DIRECTION('',(1.648949195257E-1,-2.487286406550E-1,-9.544337215504E-1));
#146=VECTOR('',#145,6.624988771826E-1);
#147=CARTESIAN_POINT('',(6.151278866277E1,4.810417806419E1,1.667281805790E1));
#148=LINE('',#147,#146);
#149=DIRECTION('',(-6.847651407281E-1,6.640502455442E-3,-7.287335629507E-1));
#150=VECTOR('',#149,3.820157225404E-1);
#151=CARTESIAN_POINT('',(6.162203136181E1,4.793939561904E1,1.604050678902E1));
#152=LINE('',#151,#150);
#153=DIRECTION('',(-9.594118433E-1,2.576778396925E-1,1.145907756634E-1));
#154=VECTOR('',#153,1.420898437500E0);
#155=CARTESIAN_POINT('',(6.136044031180E1,4.794193239538E1,1.576211911043E1));
#156=LINE('',#155,#154);
#157=DIRECTION('',(1.648949195256E-1,-2.487286406550E-1,-9.544337215504E-1));
#158=VECTOR('',#157,3.312494385912E-1);
#159=CARTESIAN_POINT('',(5.999721352274E1,4.830806643518E1,1.592494096453E1));
#160=LINE('',#159,#158);
#161=DIRECTION('',(9.594118433E-1,-2.576778396925E-1,-1.145907756634E-1));
#162=VECTOR('',#161,1.748046875E0);
#163=CARTESIAN_POINT('',(6.005183487226E1,4.822567521260E1,1.560878533009E1));
#164=LINE('',#163,#162);
#165=DIRECTION('',(1.648949195257E-1,-2.487286406550E-1,-9.544337215504E-1));
#166=VECTOR('',#165,6.624988771825E-1);
#167=CARTESIAN_POINT('',(6.172893174677E1,4.777524227017E1,1.540847528279E1));
#168=LINE('',#167,#166);
#169=DIRECTION('',(-9.594118433E-1,2.576778396925E-1,1.145907756634E-1));
#170=VECTOR('',#169,1.967773437500E0);
#171=CARTESIAN_POINT('',(6.183817444581E1,4.761045982501E1,1.477616401392E1));
#172=LINE('',#171,#170);
#173=DIRECTION('',(-6.867969049382E-1,3.102783328656E-1,6.572954948282E-1));
#174=VECTOR('',#173,1.076482987478E0);
#175=CARTESIAN_POINT('',(5.995026930494E1,4.811751143339E1,1.500165269845E1));
#176=LINE('',#175,#174);
#177=DIRECTION('',(-1.615558257088E-1,2.480807700291E-1,9.551730977793E-1));
#178=VECTOR('',#177,6.616931608582E-1);
#179=CARTESIAN_POINT('',(5.921094412093E1,4.845152078010E1,1.570922011638E1));
#180=LINE('',#179,#178);
#181=DIRECTION('',(6.811280768714E-1,-5.012076308200E-3,7.321471313804E-1));
#182=VECTOR('',#181,3.806167220796E-1);
#183=CARTESIAN_POINT('',(5.910404373596E1,4.861567412897E1,1.634125162261E1));
#184=LINE('',#183,#182);
#185=DIRECTION('',(9.594118433E-1,-2.576778396925E-1,-1.145907756634E-1));
#186=VECTOR('',#185,1.423339843750E0);
#187=CARTESIAN_POINT('',(5.936329247189E1,4.861376644892E1,1.661991906384E1));
#188=LINE('',#187,#186);
#189=DIRECTION('',(-1.648949195256E-1,2.487286406550E-1,9.544337215504E-1));
#190=VECTOR('',#189,3.312494385913E-1);
#191=CARTESIAN_POINT('',(6.072886157503E1,4.824700331283E1,1.645681744711E1));
#192=LINE('',#191,#190);
#193=DIRECTION('',(-9.594118433E-1,2.576778396924E-1,1.145907756634E-1));
#194=VECTOR('',#193,1.750488281250E0);
#195=CARTESIAN_POINT('',(6.067424022551E1,4.832939453541E1,1.677297308155E1));
#196=LINE('',#195,#194);
#197=DIRECTION('',(-1.632266356738E-1,2.484052786521E-1,9.548046307724E-1));
#198=VECTOR('',#197,2.648380065115E0);
#199=CARTESIAN_POINT('',(6.839022175732E1,3.843638101881E1,-1.990595213179E1));
#200=LINE('',#199,#198);
#201=DIRECTION('',(9.594118433E-1,-2.576778396925E-1,-1.145907756634E-1));
#202=VECTOR('',#201,8.740234375E-1);
#203=CARTESIAN_POINT('',(6.795793558930E1,3.909425260687E1,-1.737726658158E1));
#204=LINE('',#203,#202);
#205=DIRECTION('',(1.626699792207E-1,-2.482972365390E-1,-9.549277251119E-1));
#206=VECTOR('',#205,9.929412621896E-1);
#207=CARTESIAN_POINT('',(6.879648402656E1,3.886903613565E1,-1.747742160523E1));
#208=LINE('',#207,#206);
#209=DIRECTION('',(9.594118433E-1,-2.576778396925E-1,-1.145907756634E-1));
#210=VECTOR('',#209,1.750488281250E0);
#211=CARTESIAN_POINT('',(6.895800576105E1,3.862249156420E1,-1.842560874590E1));
#212=LINE('',#211,#210);
#213=DIRECTION('',(1.648949195257E-1,-2.487286406550E-1,-9.544337215504E-1));
#214=VECTOR('',#213,6.624988771825E-1);
#215=CARTESIAN_POINT('',(7.063744494964E1,3.817142952548E1,-1.862619855584E1));
#216=LINE('',#215,#214);
#217=DIRECTION('',(-9.594118433E-1,2.576778396925E-1,1.145907756634E-1));
#218=VECTOR('',#217,1.750488281250E0);
#219=CARTESIAN_POINT('',(7.074668764868E1,3.800664708033E1,-1.925850982471E1));
#220=LINE('',#219,#218);
#221=DIRECTION('',(1.648949195257E-1,-2.487286406550E-1,-9.544337215504E-1));
#222=VECTOR('',#221,3.312494385912E-1);
#223=CARTESIAN_POINT('',(6.906724846009E1,3.845770911905E1,-1.905792001477E1));
#224=LINE('',#223,#222);
#225=DIRECTION('',(9.594118433E-1,-2.576778396925E-1,-1.145907756634E-1));
#226=VECTOR('',#225,1.748046875E0);
#227=CARTESIAN_POINT('',(6.912186980961E1,3.837531789647E1,-1.937407564921E1));
#228=LINE('',#227,#226);
#229=DIRECTION('',(1.648949195256E-1,-2.487286406550E-1,-9.544337215504E-1));
#230=VECTOR('',#229,6.624988771826E-1);
#231=CARTESIAN_POINT('',(7.079896668413E1,3.792488495404E1,-1.957438569651E1));
#232=LINE('',#231,#230);
#233=DIRECTION('',(-9.594118433E-1,2.576778396925E-1,1.145907756634E-1));
#234=VECTOR('',#233,2.624511718750E0);
#235=CARTESIAN_POINT('',(7.090820938317E1,3.776010250888E1,-2.020669696538E1));
#236=LINE('',#235,#234);
#237=DIRECTION('',(-1.615558257088E-1,2.480807700292E-1,9.551730977793E-1));
#238=VECTOR('',#237,6.616931608583E-1);
#239=CARTESIAN_POINT('',(6.533838239614E1,3.966236733759E1,-1.768365437963E1));
#240=LINE('',#239,#238);
#241=DIRECTION('',(9.594118433E-1,-2.576778396925E-1,-1.145907756634E-1));
#242=VECTOR('',#241,1.967773437500E0);
#243=CARTESIAN_POINT('',(6.523148201118E1,3.982652068646E1,-1.705162287339E1));
#244=LINE('',#243,#242);
#245=DIRECTION('',(6.858869361264E-1,-3.102665853616E-1,-6.582505274280E-1));
#246=VECTOR('',#245,1.074496146712E0);
#247=CARTESIAN_POINT('',(6.711938715204E1,3.931946907808E1,-1.727711155792E1));
#248=LINE('',#247,#246);
#249=DIRECTION('',(1.648949195257E-1,-2.487286406550E-1,-9.544337215504E-1));
#250=VECTOR('',#249,6.624988771826E-1);
#251=CARTESIAN_POINT('',(6.785637002199E1,3.898608882766E1,-1.798439921322E1));
#252=LINE('',#251,#250);
#253=DIRECTION('',(-6.847651407281E-1,6.640502455443E-3,-7.287335629507E-1));
#254=VECTOR('',#253,3.820157225403E-1);
#255=CARTESIAN_POINT('',(6.796561272103E1,3.882130638250E1,-1.861671048209E1));
#256=LINE('',#255,#254);
#257=DIRECTION('',(-9.594118433E-1,2.576778396924E-1,1.145907756634E-1));
#258=VECTOR('',#257,1.420898437500E0);
#259=CARTESIAN_POINT('',(6.770402167103E1,3.882384315884E1,-1.889509816068E1));
#260=LINE('',#259,#258);
#261=DIRECTION('',(1.648949195257E-1,-2.487286406550E-1,-9.544337215504E-1));
#262=VECTOR('',#261,3.312494385913E-1);
#263=CARTESIAN_POINT('',(6.634079488196E1,3.918997719864E1,-1.873227630659E1));
#264=LINE('',#263,#262);
#265=DIRECTION('',(9.594118433E-1,-2.576778396925E-1,-1.145907756634E-1));
#266=VECTOR('',#265,1.748046875E0);
#267=CARTESIAN_POINT('',(6.639541623148E1,3.910758597606E1,-1.904843194102E1));
#268=LINE('',#267,#266);
#269=DIRECTION('',(1.648949195257E-1,-2.487286406550E-1,-9.544337215504E-1));
#270=VECTOR('',#269,6.624988771824E-1);
#271=CARTESIAN_POINT('',(6.807251310600E1,3.865715303363E1,-1.924874198833E1));
#272=LINE('',#271,#270);
#273=DIRECTION('',(-9.594118433E-1,2.576778396925E-1,1.145907756634E-1));
#274=VECTOR('',#273,1.967773437500E0);
#275=CARTESIAN_POINT('',(6.818175580504E1,3.849237058847E1,-1.988105325720E1));
#276=LINE('',#275,#274);
#277=DIRECTION('',(-6.867969049382E-1,3.102783328656E-1,6.572954948282E-1));
#278=VECTOR('',#277,1.076482987478E0);
#279=CARTESIAN_POINT('',(6.629385066417E1,3.899942219685E1,-1.965556457267E1));
#280=LINE('',#279,#278);
#281=DIRECTION('',(-1.615558257088E-1,2.480807700292E-1,9.551730977793E-1));
#282=VECTOR('',#281,6.616931608582E-1);
#283=CARTESIAN_POINT('',(6.555452548015E1,3.933343154357E1,-1.894799715474E1));
#284=LINE('',#283,#282);
#285=DIRECTION('',(6.811280768714E-1,-5.012076308200E-3,7.321471313804E-1));
#286=VECTOR('',#285,3.806167220796E-1);
#287=CARTESIAN_POINT('',(6.544762509518E1,3.949758489243E1,-1.831596564850E1));
#288=LINE('',#287,#286);
#289=DIRECTION('',(9.594118433E-1,-2.576778396925E-1,-1.145907756634E-1));
#290=VECTOR('',#289,1.423339843750E0);
#291=CARTESIAN_POINT('',(6.570687383112E1,3.949567721238E1,-1.803729820727E1));
#292=LINE('',#291,#290);
#293=DIRECTION('',(-1.648949195257E-1,2.487286406550E-1,9.544337215504E-1));
#294=VECTOR('',#293,3.312494385913E-1);
#295=CARTESIAN_POINT('',(6.707244293425E1,3.912891407629E1,-1.820039982400E1));
#296=LINE('',#295,#294);
#297=DIRECTION('',(-9.594118433E-1,2.576778396925E-1,1.145907756634E-1));
#298=VECTOR('',#297,1.750488281250E0);
#299=CARTESIAN_POINT('',(6.701782158473E1,3.921130529887E1,-1.788424418957E1));
#300=LINE('',#299,#298);
#301=DIRECTION('',(1.633984579987E-1,-2.484386131125E-1,-9.547665680356E-1));
#302=VECTOR('',#301,6.616931608583E-1);
#303=CARTESIAN_POINT('',(7.169672655594E1,4.273596526404E1,3.417863024344E0));
#304=LINE('',#303,#302);
#305=DIRECTION('',(-9.597221767196E-1,2.573449858095E-1,1.127248942839E-1));
#306=VECTOR('',#305,1.967773437500E0);
#307=CARTESIAN_POINT('',(7.358524236266E1,4.222956863669E1,3.196045971627E0));
#308=LINE('',#307,#306);
#309=DIRECTION('',(-6.872113382894E-1,3.102835090462E-1,6.568597419088E-1));
#310=VECTOR('',#309,1.074496146712E0);
#311=CARTESIAN_POINT('',(7.432364829763E1,4.189617020183E1,2.490252710016E0));
#312=LINE('',#311,#310);
#313=DIRECTION('',(-1.667364544719E-1,2.490848219218E-1,9.540208101705E-1));
#314=VECTOR('',#313,6.624988771825E-1);
#315=CARTESIAN_POINT('',(7.443411101151E1,4.173115178698E1,1.858214994469E0));
#316=LINE('',#315,#314);
#317=DIRECTION('',(6.834360732477E-1,-6.044479594230E-3,7.299853409831E-1));
#318=VECTOR('',#317,3.820157225404E-1);
#319=CARTESIAN_POINT('',(7.417302768617E1,4.173346087322E1,1.579349116989E0));
#320=LINE('',#319,#318);
#321=DIRECTION('',(9.597221767196E-1,-2.573449858095E-1,-1.127248942839E-1));
#322=VECTOR('',#321,1.420898437500E0);
#323=CARTESIAN_POINT('',(7.280935994484E1,4.209912196146E1,1.739519743145E0));
#324=LINE('',#323,#322);
#325=DIRECTION('',(-1.667364544720E-1,2.490848219219E-1,9.540208101704E-1));
#326=VECTOR('',#325,3.312494385913E-1);
#327=CARTESIAN_POINT('',(7.286459130178E1,4.201661275404E1,1.423500885371E0));
#328=LINE('',#327,#326);
#329=DIRECTION('',(-9.597221767196E-1,2.573449858095E-1,1.127248942839E-1));
#330=VECTOR('',#329,1.748046875E0);
#331=CARTESIAN_POINT('',(7.454223065366E1,4.156676165579E1,1.226452486184E0));
#332=LINE('',#331,#330);
#333=DIRECTION('',(-1.667364544719E-1,2.490848219219E-1,9.540208101705E-1));
#334=VECTOR('',#333,6.624988771825E-1);
#335=CARTESIAN_POINT('',(7.465269336753E1,4.140174324095E1,5.944147706370E-1));
#336=LINE('',#335,#334);
#337=DIRECTION('',(9.597221767196E-1,-2.573449858095E-1,-1.127248942839E-1));
#338=VECTOR('',#337,1.967773437500E0);
#339=CARTESIAN_POINT('',(7.276417756080E1,4.190813986830E1,8.162318233539E-1));
#340=LINE('',#339,#338);
#341=DIRECTION('',(6.881195665013E-1,-3.102944704196E-1,-6.559030445311E-1));
#342=VECTOR('',#341,1.076482987478E0);
#343=CARTESIAN_POINT('',(7.202342855411E1,4.224216658681E1,1.522300292227E0));
#344=LINE('',#343,#342);
#345=DIRECTION('',(1.633984579987E-1,-2.484386131125E-1,-9.547665680355E-1));
#346=VECTOR('',#345,6.616931608583E-1);
#347=CARTESIAN_POINT('',(7.191530891196E1,4.240655671800E1,2.154062800512E0));
#348=LINE('',#347,#346);
#349=DIRECTION('',(-6.797921336659E-1,4.415997735556E-3,-7.333915420633E-1));
#350=VECTOR('',#349,3.806167220796E-1);
#351=CARTESIAN_POINT('',(7.217404916557E1,4.240487591542E1,2.433203885253E0));
#352=LINE('',#351,#350);
#353=DIRECTION('',(-9.597221767196E-1,2.573449858095E-1,1.127248942839E-1));
#354=VECTOR('',#353,1.423339843750E0);
#355=CARTESIAN_POINT('',(7.354005997863E1,4.203858654353E1,2.272758051836E0));
#356=LINE('',#355,#354);
#357=DIRECTION('',(1.667364544720E-1,-2.490848219219E-1,-9.540208101704E-1));
#358=VECTOR('',#357,3.312494385912E-1);
#359=CARTESIAN_POINT('',(7.348482862169E1,4.212109575095E1,2.588776909609E0));
#360=LINE('',#359,#358);
#361=DIRECTION('',(9.597221767196E-1,-2.573449858095E-1,-1.127248942839E-1));
#362=VECTOR('',#361,1.750488281250E0);
#363=CARTESIAN_POINT('',(7.180484619809E1,4.257157513285E1,2.786100516059E0));
#364=LINE('',#363,#362);
#365=DIRECTION('',(1.650687217479E-1,-2.487622908623E-1,-9.543949076485E-1));
#366=VECTOR('',#365,2.648380065115E0);
#367=CARTESIAN_POINT('',(7.442406203861E1,4.200464308757E1,3.097521772033E0));
#368=LINE('',#367,#366);
#369=DIRECTION('',(-9.597221767196E-1,2.573449858095E-1,1.127248942839E-1));
#370=VECTOR('',#369,8.740234375E-1);
#371=CARTESIAN_POINT('',(7.526288171455E1,4.177971753845E1,2.998997572439E0));
#372=LINE('',#371,#370);
#373=DIRECTION('',(-1.645122479137E-1,2.486545257153E-1,9.545190658796E-1));
#374=VECTOR('',#373,9.929412621896E-1);
#375=CARTESIAN_POINT('',(7.542623271364E1,4.153281819984E1,2.051216206381E0));
#376=LINE('',#375,#374);
#377=DIRECTION('',(-9.597221767196E-1,2.573449858095E-1,1.127248942839E-1));
#378=VECTOR('',#377,8.764648437500E-1);
#379=CARTESIAN_POINT('',(7.626739546130E1,4.130726436706E1,1.952416799525E0));
#380=LINE('',#379,#378);
#381=DIRECTION('',(1.667364544720E-1,-2.490848219219E-1,-9.540208101704E-1));
#382=VECTOR('',#381,9.937483157738E-1);
#383=CARTESIAN_POINT('',(7.610170139049E1,4.155479198933E1,2.900473372845E0));
#384=LINE('',#383,#382);
#385=DIRECTION('',(-9.597221767196E-1,2.573449858095E-1,1.127248942839E-1));
#386=VECTOR('',#385,8.764648437499E-1);
#387=CARTESIAN_POINT('',(7.694286413815E1,4.132923815655E1,2.801673965990E0));
#388=LINE('',#387,#386);
#389=DIRECTION('',(-1.650687217479E-1,2.487622908623E-1,9.543949076485E-1));
#390=VECTOR('',#389,2.648380065115E0);
#391=CARTESIAN_POINT('',(7.738002885020E1,4.067042106448E1,2.740735183262E-1));
#392=LINE('',#391,#390);
#393=DIRECTION('',(9.597221767196E-1,-2.573449858095E-1,-1.127248942839E-1));
#394=VECTOR('',#393,8.740234375E-1);
#395=CARTESIAN_POINT('',(7.654120917426E1,4.089534661360E1,3.725977179200E-1));
#396=LINE('',#395,#394);
#397=DIRECTION('',(1.667364544719E-1,-2.490848219219E-1,-9.540208101705E-1));
#398=VECTOR('',#397,9.937483157737E-1);
#399=CARTESIAN_POINT('',(7.637551510345E1,4.114287423587E1,1.320654291240E0));
#400=LINE('',#399,#398);
#401=DIRECTION('',(9.597221767196E-1,-2.573449858095E-1,-1.127248942839E-1));
#402=VECTOR('',#401,8.740234375E-1);
#403=CARTESIAN_POINT('',(7.553669542751E1,4.136779978499E1,1.419178490834E0));
#404=LINE('',#403,#402);
#405=DIRECTION('',(-1.645122479137E-1,2.486545257153E-1,9.545190658796E-1));
#406=VECTOR('',#405,9.929412621896E-1);
#407=CARTESIAN_POINT('',(7.570004642660E1,4.112090044638E1,4.713971247753E-1));
#408=LINE('',#407,#406);
#409=DIRECTION('',(9.597221767196E-1,-2.573449858095E-1,-1.127248942839E-1));
#410=VECTOR('',#409,8.740234374999E-1);
#411=CARTESIAN_POINT('',(7.486122675066E1,4.134582599550E1,5.699213243692E-1));
#412=LINE('',#411,#410);
#413=CARTESIAN_POINT('',(4.333806877704E1,4.888105244045E1,1.022423291725E0));
#414=DIRECTION('',(-2.304800857119E-1,-9.506059430235E-1,2.079116908178E-1));
#415=DIRECTION('',(9.718430452728E-1,-2.356291479313E-1,0.E0));
#416=AXIS2_PLACEMENT_3D('',#413,#414,#415);
#418=CARTESIAN_POINT('',(4.333806875793E1,4.888105236161E1,1.022423308970E0));
#419=DIRECTION('',(-2.304800857119E-1,-9.506059430235E-1,2.079116908178E-1));
#420=DIRECTION('',(-3.450272694194E-1,-1.199470894027E-1,-9.308968144219E-1));
#421=AXIS2_PLACEMENT_3D('',#418,#419,#420);
#423=CARTESIAN_POINT('',(4.254627468748E1,4.860275063010E1,-1.110971338237E0));
#424=DIRECTION('',(9.098544463724E-1,-2.862883805141E-1,-3.003395571665E-1));
#425=DIRECTION('',(2.304800857313E-1,9.506059430302E-1,-2.079116907653E-1));
#426=AXIS2_PLACEMENT_3D('',#423,#424,#425);
#428=CARTESIAN_POINT('',(4.338336031732E1,4.906785559624E1,9.815666568027E-1));
#429=DIRECTION('',(-2.304800857119E-1,-9.506059430235E-1,2.079116908178E-1));
#430=DIRECTION('',(-3.450272694194E-1,-1.199470894027E-1,-9.308968144219E-1));
#431=AXIS2_PLACEMENT_3D('',#428,#429,#430);
#433=DIRECTION('',(2.474059822978E-1,9.463488654758E-1,-2.078800248602E-1));
#434=VECTOR('',#433,5.304298351618E0);
#435=CARTESIAN_POINT('',(4.405940593645E1,4.336826461375E1,2.125080956300E0));
#436=LINE('',#435,#434);
#437=CARTESIAN_POINT('',(4.254117877230E1,4.971631259586E1,3.012818489234E0));
#438=CARTESIAN_POINT('',(4.240658860993E1,4.973551390532E1,2.951433280780E0));
#439=CARTESIAN_POINT('',(4.215359163071E1,4.976231728295E1,2.807264152813E0));
#440=CARTESIAN_POINT('',(4.181721799489E1,4.977211933719E1,2.528366344112E0));
#441=CARTESIAN_POINT('',(4.153663175416E1,4.975348743091E1,2.195671037366E0));
#442=CARTESIAN_POINT('',(4.132225088651E1,4.971041119708E1,1.823573113917E0));
#443=CARTESIAN_POINT('',(4.117825439575E1,4.964455106887E1,1.412156811421E0));
#444=CARTESIAN_POINT('',(4.113706451320E1,4.959017522831E1,1.133858949570E0));
#445=CARTESIAN_POINT('',(4.112969723021E1,4.956018207835E1,9.918028084431E-1));
#447=CARTESIAN_POINT('',(4.256934745881E1,4.947294710047E1,2.876496927539E0));
#448=CARTESIAN_POINT('',(4.244856641324E1,4.949007403473E1,2.820939601083E0));
#449=CARTESIAN_POINT('',(4.221731213209E1,4.951407565014E1,2.688045378708E0));
#450=CARTESIAN_POINT('',(4.191488731615E1,4.952134632152E1,2.434664569908E0));
#451=CARTESIAN_POINT('',(4.166133499888E1,4.950286603161E1,2.131872724535E0));
#452=CARTESIAN_POINT('',(4.146761510587E1,4.946214777089E1,1.792771127521E0));
#453=CARTESIAN_POINT('',(4.133740035469E1,4.940134970036E1,1.419219764306E0));
#454=CARTESIAN_POINT('',(4.129970752294E1,4.935077486038E1,1.162205577895E0));
#455=CARTESIAN_POINT('',(4.129310410610E1,4.932351393845E1,1.033444383375E0));
#457=CARTESIAN_POINT('',(4.249508899418E1,4.952618201744E1,3.054383745768E0));
#458=DIRECTION('',(-9.010699130340E-1,1.278360591499E-1,-4.144043361331E-1));
#459=DIRECTION('',(2.304454981833E-1,9.506340137210E-1,-2.078216647123E-1));
#460=AXIS2_PLACEMENT_3D('',#457,#458,#459);
#462=CARTESIAN_POINT('',(4.247499426808E1,5.091020131582E1,8.398102490794E0));
#463=CARTESIAN_POINT('',(4.211254296943E1,5.087461529460E1,7.833602778545E0));
#464=CARTESIAN_POINT('',(4.138396609125E1,5.078294679152E1,6.710430105945E0));
#465=CARTESIAN_POINT('',(4.027908226245E1,5.058393490851E1,5.041555904361E0));
#466=CARTESIAN_POINT('',(3.953961259986E1,5.041132463477E1,3.947230695281E0));
#467=CARTESIAN_POINT('',(3.916899506691E1,5.031505371168E1,3.404359703858E0));
#469=DIRECTION('',(-2.163119524674E-1,-9.557989243918E-1,1.991420481745E-1));
#470=VECTOR('',#469,2.210876404802E0);
#471=CARTESIAN_POINT('',(3.916899506691E1,5.031505371168E1,3.404359703858E0));
#472=LINE('',#471,#470);
#473=CARTESIAN_POINT('',(5.035323747527E1,5.168369924786E1,2.066807100834E1));
#474=CARTESIAN_POINT('',(5.016786079770E1,5.088657914222E1,2.082612173039E1));
#475=CARTESIAN_POINT('',(4.998248410810E1,5.008945903707E1,2.098417243275E1));
#476=CARTESIAN_POINT('',(4.979710740653E1,4.929233893240E1,2.114222311550E1));
#478=DIRECTION('',(-2.330439874439E-1,-9.535449782850E-1,1.908991207513E-1));
#479=VECTOR('',#478,2.500380856838E0);
#480=CARTESIAN_POINT('',(7.601666533744E1,4.479764026764E1,1.763303466769E1));
#481=LINE('',#480,#479);
#482=DIRECTION('',(-2.473758302372E-1,-9.468348878506E-1,2.056912583546E-1));
#483=VECTOR('',#482,2.500380829704E0);
#484=CARTESIAN_POINT('',(8.540184531272E1,4.054116809362E1,8.575676457577E0));
#485=LINE('',#484,#483);
#486=DIRECTION('',(-2.474494297303E-1,-9.465937983094E-1,2.067098467136E-1));
#487=VECTOR('',#486,2.500381933804E0);
#488=CARTESIAN_POINT('',(8.605585188045E1,3.841794719103E1,-4.070359200737E-1));
#489=LINE('',#488,#487);
#490=DIRECTION('',(-2.315040192516E-1,-9.464943504730E-1,2.248429087009E-1));
#491=VECTOR('',#490,2.500380832720E0);
#492=CARTESIAN_POINT('',(7.066671196957E1,3.747508390064E1,-2.177755970121E1));
#493=LINE('',#492,#491);
#494=CARTESIAN_POINT('',(4.270676748763E1,4.672929166562E1,-1.046076222143E1));
#495=CARTESIAN_POINT('',(4.144552835162E1,4.752506873477E1,-8.220484605245E0));
#496=CARTESIAN_POINT('',(4.016109893573E1,4.820566713206E1,-5.958824397101E0));
#497=CARTESIAN_POINT('',(3.885268574499E1,4.876714582283E1,-3.675049955152E0));
#499=DIRECTION('',(-2.159746698858E-1,-9.518480892191E-1,2.175779332047E-1));
#500=VECTOR('',#499,2.500381791119E0);
#501=CARTESIAN_POINT('',(4.592161268305E1,4.470088958521E1,-1.617113508030E1));
#502=LINE('',#501,#500);
#503=CARTESIAN_POINT('',(3.885268574499E1,4.876714582283E1,-3.675049955152E0));
#504=CARTESIAN_POINT('',(3.874965999017E1,4.881135721288E1,-3.495223286186E0));
#505=CARTESIAN_POINT('',(3.855815183984E1,4.890035901850E1,-3.123105376367E0));
#506=CARTESIAN_POINT('',(3.831532949761E1,4.904062135778E1,-2.513132918014E0));
#507=CARTESIAN_POINT('',(3.813558800294E1,4.918176492621E1,-1.884780294208E0));
#508=CARTESIAN_POINT('',(3.802287848688E1,4.931936903673E1,-1.265835354463E0));
#509=CARTESIAN_POINT('',(3.797160110727E1,4.944939230680E1,-6.793387857983E-1));
#510=CARTESIAN_POINT('',(3.797187458907E1,4.957623340389E1,-1.072282604952E-1));
#511=CARTESIAN_POINT('',(3.802203746376E1,4.970272831047E1,4.635710145267E-1));
#512=CARTESIAN_POINT('',(3.812510942191E1,4.983129321640E1,1.045948151940E0));
#513=CARTESIAN_POINT('',(3.829274027124E1,4.996470539587E1,1.657300788660E0));
#514=CARTESIAN_POINT('',(3.852846818672E1,5.009590836595E1,2.274154720945E0));
#515=CARTESIAN_POINT('',(3.882569977986E1,5.021652565508E1,2.869308396999E0));
#516=CARTESIAN_POINT('',(3.905013012461E1,5.028417757469E1,3.230249405955E0));
#517=CARTESIAN_POINT('',(3.916899506691E1,5.031505371168E1,3.404359703858E0));
#519=DIRECTION('',(-2.155617377732E-1,-9.521090507222E-1,2.168443975321E-1));
#520=VECTOR('',#519,2.138403961070E0);
#521=CARTESIAN_POINT('',(3.885268574499E1,4.876714582283E1,-3.675049955152E0));
#522=LINE('',#521,#520);
#523=CARTESIAN_POINT('',(4.280716010304E1,4.669134073868E1,1.501345883847E0));
#524=DIRECTION('',(-2.304800857119E-1,-9.506059430235E-1,2.079116908178E-1));
#525=DIRECTION('',(-9.718430452728E-1,2.356291479313E-1,0.E0));
#526=AXIS2_PLACEMENT_3D('',#523,#524,#525);
#528=CARTESIAN_POINT('',(4.280716010304E1,4.669134073868E1,1.501345883847E0));
#529=DIRECTION('',(-2.304800857119E-1,-9.506059430235E-1,2.079116908178E-1));
#530=DIRECTION('',(9.718430452728E-1,-2.356291479313E-1,0.E0));
#531=AXIS2_PLACEMENT_3D('',#528,#529,#530);
#533=CARTESIAN_POINT('',(5.196728793039E1,4.160795658311E1,-1.158626901397E1));
#534=DIRECTION('',(-2.304800857119E-1,-9.506059430235E-1,2.079116908178E-1));
#535=DIRECTION('',(9.718430452728E-1,-2.356291479313E-1,0.E0));
#536=AXIS2_PLACEMENT_3D('',#533,#534,#535);
#538=CARTESIAN_POINT('',(5.196728793039E1,4.160795658311E1,-1.158626901397E1));
#539=DIRECTION('',(-2.304800857119E-1,-9.506059430235E-1,2.079116908178E-1));
#540=DIRECTION('',(-9.718430452728E-1,2.356291479313E-1,0.E0));
#541=AXIS2_PLACEMENT_3D('',#538,#539,#540);
#543=CARTESIAN_POINT('',(7.649250181715E1,4.030928878771E1,9.663387785180E0));
#544=DIRECTION('',(2.304800857119E-1,9.506059430235E-1,-2.079116908178E-1));
#545=DIRECTION('',(-9.718430452728E-1,2.356291479313E-1,0.E0));
#546=AXIS2_PLACEMENT_3D('',#543,#544,#545);
#548=CARTESIAN_POINT('',(7.649250181715E1,4.030928878771E1,9.663387785180E0));
#549=DIRECTION('',(2.304800857119E-1,9.506059430235E-1,-2.079116908178E-1));
#550=DIRECTION('',(9.718430452728E-1,-2.356291479313E-1,0.E0));
#551=AXIS2_PLACEMENT_3D('',#548,#549,#550);
#553=CARTESIAN_POINT('',(7.626403568880E1,3.869076796583E1,2.009982636229E0));
#554=DIRECTION('',(-2.304800857119E-1,-9.506059430235E-1,2.079116908178E-1));
#555=DIRECTION('',(8.378843015865E-1,-8.522927036118E-2,5.391529176668E-1));
#556=AXIS2_PLACEMENT_3D('',#553,#554,#555);
#558=CARTESIAN_POINT('',(7.626403568880E1,3.869076796583E1,2.009982636229E0));
#559=DIRECTION('',(-2.304800857119E-1,-9.506059430235E-1,2.079116908178E-1));
#560=DIRECTION('',(-8.378843015865E-1,8.522927036117E-2,-5.391529176668E-1));
#561=AXIS2_PLACEMENT_3D('',#558,#559,#560);
#563=DIRECTION('',(3.112322019187E-4,2.135921359306E-1,9.769228744395E-1));
#564=VECTOR('',#563,1.2E0);
#565=CARTESIAN_POINT('',(6.768134505401E1,3.664167630406E1,-1.687312090251E1));
#566=LINE('',#565,#564);
#567=DIRECTION('',(-9.730769924160E-1,2.252259961567E-1,-4.893278538765E-2));
#568=VECTOR('',#567,8.199999981700E0);
#569=CARTESIAN_POINT('',(7.566094985266E1,3.505113370281E1,-1.529956461390E1));
#570=LINE('',#569,#568);
#571=DIRECTION('',(-3.112322019187E-4,-2.135921359306E-1,-9.769228744395E-1));
#572=VECTOR('',#571,1.2E0);
#573=CARTESIAN_POINT('',(7.566094985266E1,3.505113370281E1,-1.529956461390E1));
#574=LINE('',#573,#572);
#575=DIRECTION('',(-9.730769924160E-1,2.252259961567E-1,-4.893278538765E-2));
#576=VECTOR('',#575,8.199999981700E0);
#577=CARTESIAN_POINT('',(7.566057637401E1,3.479482313970E1,-1.647187206323E1));
#578=LINE('',#577,#576);
#579=DIRECTION('',(-3.112322019187E-4,-2.135921359306E-1,-9.769228744395E-1));
#580=VECTOR('',#579,1.2E0);
#581=CARTESIAN_POINT('',(7.566468463539E1,3.761423680235E1,-3.576501699738E0));
#582=LINE('',#581,#580);
#583=DIRECTION('',(9.730769924160E-1,-2.252259961567E-1,4.893278538765E-2));
#584=VECTOR('',#583,8.199999981700E0);
#585=CARTESIAN_POINT('',(6.768507983674E1,3.920477940360E1,-5.150057988348E0));
#586=LINE('',#585,#584);
#587=DIRECTION('',(3.112322019187E-4,2.135921359306E-1,9.769228744395E-1));
#588=VECTOR('',#587,1.2E0);
#589=CARTESIAN_POINT('',(6.768507983674E1,3.920477940360E1,-5.150057988348E0));
#590=LINE('',#589,#588);
#591=DIRECTION('',(9.730769924160E-1,-2.252259961567E-1,4.893278538765E-2));
#592=VECTOR('',#591,8.199999981700E0);
#593=CARTESIAN_POINT('',(6.768545331539E1,3.946108996671E1,-3.977750539021E0));
#594=LINE('',#593,#592);
#595=DIRECTION('',(3.112322019305E-4,2.135921359306E-1,9.769228744395E-1));
#596=VECTOR('',#595,1.2E0);
#597=CARTESIAN_POINT('',(4.865851750743E1,4.612676036735E1,5.406503388934E0));
#598=LINE('',#597,#596);
#599=DIRECTION('',(-9.730769924160E-1,2.252259961567E-1,-4.893278538765E-2));
#600=VECTOR('',#599,8.199999981700E0);
#601=CARTESIAN_POINT('',(5.663812230608E1,4.453621776610E1,6.980059677545E0));
#602=LINE('',#601,#600);
#603=DIRECTION('',(-3.112322019187E-4,-2.135921359306E-1,-9.769228744395E-1));
#604=VECTOR('',#603,1.2E0);
#605=CARTESIAN_POINT('',(5.663812230608E1,4.453621776610E1,6.980059677545E0));
#606=LINE('',#605,#604);
#607=DIRECTION('',(-9.730769924160E-1,2.252259961567E-1,-4.893278538765E-2));
#608=VECTOR('',#607,8.199999981701E0);
#609=CARTESIAN_POINT('',(5.663774882744E1,4.427990720298E1,5.807752228217E0));
#610=LINE('',#609,#608);
#611=DIRECTION('',(9.730769924445E-1,-2.252259766481E-1,4.893287461586E-2));
#612=VECTOR('',#611,2.165411735203E0);
#613=CARTESIAN_POINT('',(5.793983902830E1,4.633536449047E1,1.664906550576E1));
#614=LINE('',#613,#612);
#615=DIRECTION('',(3.112322019163E-4,2.135921359306E-1,9.769228744395E-1));
#616=VECTOR('',#615,1.E0);
#617=CARTESIAN_POINT('',(6.004695136700E1,4.584765751757E1,1.675502532669E1));
#618=LINE('',#617,#616);
#619=DIRECTION('',(5.395333867213E-1,5.297221067180E-2,8.402961796352E-1));
#620=VECTOR('',#619,5.123644135747E0);
#621=CARTESIAN_POINT('',(4.599349256604E1,4.847328464152E1,1.318088460436E1));
#622=LINE('',#621,#620);
#623=DIRECTION('',(-3.112322019181E-4,-2.135921359306E-1,-9.769228744395E-1));
#624=VECTOR('',#623,2.823680600880E0);
#625=CARTESIAN_POINT('',(4.768600810314E1,4.674151019830E1,7.139165898217E0));
#626=LINE('',#625,#624);
#627=DIRECTION('',(9.730769924160E-1,-2.252259961567E-1,4.893278538765E-2));
#628=VECTOR('',#627,1.019999998170E1);
#629=CARTESIAN_POINT('',(4.768512928281E1,4.613839422757E1,4.380647729107E0));
#630=LINE('',#629,#628);
#631=DIRECTION('',(3.112322019200E-4,2.135921359306E-1,9.769228744395E-1));
#632=VECTOR('',#631,2.821812449219E0);
#633=CARTESIAN_POINT('',(5.761051458765E1,4.384108907090E1,4.879762139166E0));
#634=LINE('',#633,#632);
#635=DIRECTION('',(-9.730769924160E-1,2.252259961567E-1,-4.893278538765E-2));
#636=VECTOR('',#635,1.8E0);
#637=CARTESIAN_POINT('',(7.152856585034E1,4.271356021271E1,1.515334514955E1));
#638=LINE('',#637,#636);
#639=DIRECTION('',(-3.113210788612E-4,-2.135921153593E-1,-9.769228789088E-1));
#640=VECTOR('',#639,2.E0);
#641=CARTESIAN_POINT('',(7.152856585034E1,4.271356021271E1,1.515334514955E1));
#642=LINE('',#641,#640);
#643=DIRECTION('',(9.730769924160E-1,-2.252259961567E-1,4.893278538765E-2));
#644=VECTOR('',#643,1.E0);
#645=CARTESIAN_POINT('',(7.152794320818E1,4.228637598199E1,1.319949939173E1));
#646=LINE('',#645,#644);
#647=DIRECTION('',(3.113210788683E-4,2.135921153593E-1,9.769228789088E-1));
#648=VECTOR('',#647,3.E0);
#649=CARTESIAN_POINT('',(7.250102020060E1,4.206114998583E1,1.324843217712E1));
#650=LINE('',#649,#648);
#651=DIRECTION('',(3.113210788399E-4,2.135921153593E-1,9.769228789088E-1));
#652=VECTOR('',#651,1.E0);
#653=CARTESIAN_POINT('',(6.977702726399E1,4.311896700579E1,1.506526613585E1));
#654=LINE('',#653,#652);
#655=DIRECTION('',(9.730769924160E-1,-2.252259961567E-1,4.893278538765E-2));
#656=VECTOR('',#655,8.699999844696E0);
#657=CARTESIAN_POINT('',(6.670795682939E1,3.665331016429E1,-1.789897656234E1));
#658=LINE('',#657,#656);
#659=DIRECTION('',(3.112322019232E-4,2.135921359306E-1,9.769228744395E-1));
#660=VECTOR('',#659,1.329112365145E0);
#661=CARTESIAN_POINT('',(7.663380898257E1,3.467639324077E1,-1.593447770678E1));
#662=LINE('',#661,#660);
#663=DIRECTION('',(3.112322019217E-4,2.135921359306E-1,9.769228744395E-1));
#664=VECTOR('',#663,2.778607971983E0);
#665=CARTESIAN_POINT('',(7.663720806773E1,3.700911413047E1,-5.265131726841E0));
#666=LINE('',#665,#664);
#667=DIRECTION('',(-9.730769924160E-1,2.252259961567E-1,-4.893278538765E-2));
#668=VECTOR('',#667,1.019999998170E1);
#669=CARTESIAN_POINT('',(7.663807286001E1,3.760260294212E1,-2.550646039911E0));
#670=LINE('',#669,#668);
#671=DIRECTION('',(-3.112322019191E-4,-2.135921359306E-1,-9.769228744395E-1));
#672=VECTOR('',#671,2.781299592723E0);
#673=CARTESIAN_POINT('',(6.671268755517E1,3.989990809880E1,-3.049760449969E0));
#674=LINE('',#673,#672);
#675=DIRECTION('',(-3.112322019215E-4,-2.135921359306E-1,-9.769228744395E-1));
#676=VECTOR('',#675,2.831802259636E0);
#677=CARTESIAN_POINT('',(6.670883817745E1,3.725816085745E1,-1.513252415901E1));
#678=LINE('',#677,#676);
#679=DIRECTION('',(-9.641699394942E-1,2.519399746082E-1,8.308174871886E-2));
#680=VECTOR('',#679,2.787025217990E0);
#681=CARTESIAN_POINT('',(7.421460178587E1,3.935857306574E1,2.791399950963E0));
#682=LINE('',#681,#680);
#683=DIRECTION('',(-1.313592701943E-1,-1.813135137901E-1,-9.746128215097E-1));
#684=VECTOR('',#683,1.226898562560E0);
#685=CARTESIAN_POINT('',(7.152743585007E1,4.006073612839E1,3.022950879797E0));
#686=LINE('',#685,#684);
#687=DIRECTION('',(9.641699394942E-1,-2.519399746082E-1,-8.308174871886E-2));
#688=VECTOR('',#687,2.787025217990E0);
#689=CARTESIAN_POINT('',(7.136627135029E1,3.983828283895E1,1.827199810034E0));
#690=LINE('',#689,#688);
#691=DIRECTION('',(-1.313592701943E-1,-1.813135137901E-1,-9.746128215097E-1));
#692=VECTOR('',#691,2.046967221221E0);
#693=CARTESIAN_POINT('',(7.538237125797E1,3.844476782753E1,-9.213718839051E-2));
#694=LINE('',#693,#692);
#695=DIRECTION('',(9.641699394942E-1,-2.519399746082E-1,-8.308174871886E-2));
#696=VECTOR('',#695,1.226898562561E0);
#697=CARTESIAN_POINT('',(7.511348313768E1,3.807362500804E1,-2.087137687403E0));
#698=LINE('',#697,#696);
#699=DIRECTION('',(1.313592701943E-1,1.813135137901E-1,9.746128215097E-1));
#700=VECTOR('',#699,2.046967221221E0);
#701=CARTESIAN_POINT('',(7.629642185051E1,3.776452021534E1,-2.189070565481E0));
#702=LINE('',#701,#700);
#703=CARTESIAN_POINT('',(7.626403568880E1,3.869076796583E1,2.009982636229E0));
#704=DIRECTION('',(-2.304800857119E-1,-9.506059430235E-1,2.079116908178E-1));
#705=DIRECTION('',(1.314023556345E-1,-2.421119223062E-1,-9.613091271859E-1));
#706=AXIS2_PLACEMENT_3D('',#703,#704,#705);
#708=DIRECTION('',(9.641699394942E-1,-2.519399746082E-1,-8.308174871886E-2));
#709=VECTOR('',#708,7.174082403215E-1);
#710=CARTESIAN_POINT('',(7.835576164671E1,3.803637582572E1,1.336774319574E0));
#711=LINE('',#710,#709);
#712=CARTESIAN_POINT('',(8.216680343659E1,3.714836024746E1,1.501345883847E0));
#713=DIRECTION('',(-2.304800857119E-1,-9.506059430235E-1,2.079116908178E-1));
#714=DIRECTION('',(9.705367947261E-1,-2.091412345999E-1,1.196589907728E-1));
#715=AXIS2_PLACEMENT_3D('',#712,#713,#714);
#717=DIRECTION('',(-9.641699394942E-1,2.519399746082E-1,8.308174871886E-2));
#718=VECTOR('',#717,7.174082403215E-1);
#719=CARTESIAN_POINT('',(7.917882437657E1,3.803694552566E1,2.251783609932E0));
#720=LINE('',#719,#718);
#721=DIRECTION('',(4.942361366782E-1,-2.984123563327E-1,-8.165051786666E-1));
#722=VECTOR('',#721,2.665871348446E0);
#723=CARTESIAN_POINT('',(5.254493572427E1,4.100112010486E1,-1.372047343449E1));
#724=LINE('',#723,#722);
#725=DIRECTION('',(8.382180929160E-1,-8.543071272329E-2,5.386019142483E-1));
#726=VECTOR('',#725,1.226898562560E0);
#727=CARTESIAN_POINT('',(5.386250568041E1,4.020559115409E1,-1.589717119616E1));
#728=LINE('',#727,#726);
#729=DIRECTION('',(-4.942361366782E-1,2.984123563327E-1,8.165051786666E-1));
#730=VECTOR('',#729,2.665871348446E0);
#731=CARTESIAN_POINT('',(5.489091425372E1,4.010077633545E1,-1.523636128177E1));
#732=LINE('',#731,#730);
#733=CARTESIAN_POINT('',(8.478331152906E1,3.817372029115E1,9.089982936804E0));
#734=CARTESIAN_POINT('',(8.485162186258E1,3.795331896143E1,8.157997623251E0));
#735=CARTESIAN_POINT('',(8.499146899489E1,3.750205661062E1,6.247633602629E0));
#736=CARTESIAN_POINT('',(8.516639242578E1,3.693495723531E1,3.847367117388E0));
#737=CARTESIAN_POINT('',(8.527279923964E1,3.658732025072E1,2.379325486684E0));
#738=CARTESIAN_POINT('',(8.530831708181E1,3.647156319984E1,1.889438723696E0));
#740=CARTESIAN_POINT('',(8.530831708181E1,3.647156319984E1,1.889438723696E0));
#741=CARTESIAN_POINT('',(8.534197782401E1,3.636185866798E1,1.425166374052E0));
#742=CARTESIAN_POINT('',(8.538521082427E1,3.622276028142E1,8.317289675115E-1));
#743=CARTESIAN_POINT('',(8.542781671773E1,3.608155998488E1,2.387519043697E-1));
#744=CARTESIAN_POINT('',(8.543713379682E1,3.605110115909E1,1.098176461885E-1));
#746=CARTESIAN_POINT('',(8.543713379682E1,3.605110115909E1,1.098176461885E-1));
#747=CARTESIAN_POINT('',(8.543603282010E1,3.604463107064E1,7.901486778947E-2));
#748=CARTESIAN_POINT('',(8.543476451404E1,3.603727817820E1,4.202369738806E-2));
#749=CARTESIAN_POINT('',(8.534764550357E1,3.556710086235E1,-2.197227683333E0));
#750=CARTESIAN_POINT('',(8.476610405392E1,3.486132576633E1,-6.079013694975E0));
#751=CARTESIAN_POINT('',(8.349761937673E1,3.434090068231E1,-9.860964483175E0));
#752=CARTESIAN_POINT('',(8.230993999785E1,3.407845609261E1,-1.237798789849E1));
#753=CARTESIAN_POINT('',(8.135111853258E1,3.394758231454E1,-1.403916580711E1));
#754=CARTESIAN_POINT('',(8.035624942842E1,3.387661223090E1,-1.546654045198E1));
#755=CARTESIAN_POINT('',(7.903043120291E1,3.385155546359E1,-1.705081942487E1));
#756=CARTESIAN_POINT('',(7.736674910327E1,3.392986667347E1,-1.853711407544E1));
#757=CARTESIAN_POINT('',(7.530836958457E1,3.415315620068E1,-1.979771721376E1));
#758=CARTESIAN_POINT('',(7.286129772801E1,3.453979035506E1,-2.074374252966E1));
#759=CARTESIAN_POINT('',(7.104074120590E1,3.490228714949E1,-2.110183815779E1));
#760=CARTESIAN_POINT('',(7.008786375714E1,3.510848756844E1,-2.121536680192E1));
#762=CARTESIAN_POINT('',(7.008786375714E1,3.510848756844E1,-2.121536680192E1));
#763=CARTESIAN_POINT('',(6.879338849525E1,3.539189515990E1,-2.135456930878E1));
#764=CARTESIAN_POINT('',(6.623859519004E1,3.596245172219E1,-2.158068698153E1));
#765=CARTESIAN_POINT('',(6.262559373103E1,3.679752982275E1,-2.176667857106E1));
#766=CARTESIAN_POINT('',(5.914845494511E1,3.763326524211E1,-2.180042808708E1));
#767=CARTESIAN_POINT('',(5.627548564825E1,3.836568483846E1,-2.163643970672E1));
#768=CARTESIAN_POINT('',(5.407200151405E1,3.896588272843E1,-2.133491709631E1));
#769=CARTESIAN_POINT('',(5.249848816231E1,3.941800875943E1,-2.101202990380E1));
#770=CARTESIAN_POINT('',(5.105301484313E1,3.986467404677E1,-2.057220678558E1));
#771=CARTESIAN_POINT('',(4.933180934251E1,4.045597110624E1,-1.977661045035E1));
#772=CARTESIAN_POINT('',(4.737649012874E1,4.127473428466E1,-1.820164065983E1));
#773=CARTESIAN_POINT('',(4.602655322426E1,4.196618755818E1,-1.653396842587E1));
#774=CARTESIAN_POINT('',(4.538159355112E1,4.232090595501E1,-1.562710717797E1));
#776=DIRECTION('',(-4.686442787223E-1,2.956904523073E-1,8.324299949156E-1));
#777=VECTOR('',#776,1.491507780506E1);
#778=CARTESIAN_POINT('',(4.538159355112E1,4.232090595501E1,-1.562710717797E1));
#779=LINE('',#778,#777);
#780=CARTESIAN_POINT('',(4.432404670699E1,4.607431902354E1,3.617641991385E-1));
#781=DIRECTION('',(2.304800857119E-1,9.506059430235E-1,-2.079116908178E-1));
#782=DIRECTION('',(-8.527904022156E-1,9.442191219610E-2,-5.136467973093E-1));
#783=AXIS2_PLACEMENT_3D('',#780,#781,#782);
#785=DIRECTION('',(5.395333867208E-1,5.297221067200E-2,8.402961796356E-1));
#786=VECTOR('',#785,2.058510484200E1);
#787=CARTESIAN_POINT('',(3.869075607512E1,4.820190042201E1,3.844638159371E0));
#788=LINE('',#787,#786);
#789=CARTESIAN_POINT('',(4.979710740653E1,4.929233893240E1,2.114222311550E1));
#790=CARTESIAN_POINT('',(5.399519582247E1,4.816506088838E1,2.064190767031E1));
#791=CARTESIAN_POINT('',(6.261022637367E1,4.585049929018E1,1.960586558620E1));
#792=CARTESIAN_POINT('',(7.112438674329E1,4.356666501731E1,1.860582662964E1));
#793=CARTESIAN_POINT('',(7.543396661243E1,4.241341465780E1,1.811035517480E1));
#795=CARTESIAN_POINT('',(7.543396661243E1,4.241341465780E1,1.811035517480E1));
#796=CARTESIAN_POINT('',(7.673360979853E1,4.207137286951E1,1.798720152393E1));
#797=CARTESIAN_POINT('',(7.910940996608E1,4.134974642319E1,1.731875304423E1));
#798=CARTESIAN_POINT('',(8.209813820984E1,4.017319804015E1,1.525390163366E1));
#799=CARTESIAN_POINT('',(8.410701386694E1,3.905740631933E1,1.237788166388E1));
#800=CARTESIAN_POINT('',(8.468858209282E1,3.844497207342E1,1.022517791679E1));
#801=CARTESIAN_POINT('',(8.478331152906E1,3.817372029115E1,9.089982936804E0));
#803=DIRECTION('',(-2.134839826592E-1,-9.545734567921E-1,2.078800248602E-1));
#804=VECTOR('',#803,5.000761640220E0);
#805=CARTESIAN_POINT('',(3.964867020591E1,4.745713546945E1,1.501345883847E0));
#806=LINE('',#805,#804);
#807=DIRECTION('',(-2.474059822979E-1,-9.463488654758E-1,2.078800248602E-1));
#808=VECTOR('',#807,5.000761640220E0);
#809=CARTESIAN_POINT('',(4.596565000018E1,4.592554600790E1,1.501345883847E0));
#810=LINE('',#809,#808);
#811=CARTESIAN_POINT('',(4.165475967448E1,4.193831102356E1,2.540904337936E0));
#812=DIRECTION('',(-2.304800857119E-1,-9.506059430235E-1,2.079116908178E-1));
#813=DIRECTION('',(-9.718430452728E-1,2.356291479313E-1,0.E0));
#814=AXIS2_PLACEMENT_3D('',#811,#812,#813);
#816=CARTESIAN_POINT('',(4.165475967448E1,4.193831102356E1,2.540904337936E0));
#817=DIRECTION('',(-2.304800857119E-1,-9.506059430235E-1,2.079116908178E-1));
#818=DIRECTION('',(9.718430452728E-1,-2.356291479313E-1,0.E0));
#819=AXIS2_PLACEMENT_3D('',#816,#817,#818);
#821=CARTESIAN_POINT('',(4.165475967448E1,4.193831102356E1,2.540904337936E0));
#822=DIRECTION('',(-2.304800857119E-1,-9.506059430235E-1,2.079116908178E-1));
#823=DIRECTION('',(-9.718430452728E-1,2.356291479313E-1,0.E0));
#824=AXIS2_PLACEMENT_3D('',#821,#822,#823);
#826=CARTESIAN_POINT('',(4.165475967448E1,4.193831102356E1,2.540904337936E0));
#827=DIRECTION('',(-2.304800857119E-1,-9.506059430235E-1,2.079116908178E-1));
#828=DIRECTION('',(9.718430452728E-1,-2.356291479313E-1,0.E0));
#829=AXIS2_PLACEMENT_3D('',#826,#827,#828);
#831=CARTESIAN_POINT('',(8.101440300803E1,3.239533053234E1,2.540904337936E0));
#832=DIRECTION('',(-2.304800857119E-1,-9.506059430235E-1,2.079116908178E-1));
#833=DIRECTION('',(-9.718430452728E-1,2.356291479313E-1,3.298948416029E-14));
#834=AXIS2_PLACEMENT_3D('',#831,#832,#833);
#836=CARTESIAN_POINT('',(8.101440300803E1,3.239533053234E1,2.540904337936E0));
#837=DIRECTION('',(-2.304800857119E-1,-9.506059430235E-1,2.079116908178E-1));
#838=DIRECTION('',(9.718430452728E-1,-2.356291479313E-1,0.E0));
#839=AXIS2_PLACEMENT_3D('',#836,#837,#838);
#841=DIRECTION('',(9.641699394942E-1,-2.519399746082E-1,-8.308174871886E-2));
#842=VECTOR('',#841,8.195290733987E-1);
#843=CARTESIAN_POINT('',(7.718913677294E1,3.330588287077E1,2.463606013181E0));
#844=LINE('',#843,#842);
#845=CARTESIAN_POINT('',(7.511163526024E1,3.393773825072E1,3.049541090317E0));
#846=DIRECTION('',(-2.304800857119E-1,-9.506059430235E-1,2.079116908178E-1));
#847=DIRECTION('',(9.236922696602E-1,-2.809335764300E-1,-2.605166340261E-1));
#848=AXIS2_PLACEMENT_3D('',#845,#846,#847);
#850=DIRECTION('',(-9.641699394942E-1,2.519399746082E-1,8.308174871886E-2));
#851=VECTOR('',#850,8.195290733987E-1);
#852=CARTESIAN_POINT('',(7.808773249434E1,3.324907585906E1,3.200011625354E0));
#853=LINE('',#852,#851);
#854=DIRECTION('',(2.304800857119E-1,9.506059430235E-1,-2.079116908178E-1));
#855=VECTOR('',#854,2.E0);
#856=CARTESIAN_POINT('',(4.063432447695E1,4.218572162889E1,2.540904337936E0));
#857=LINE('',#856,#855);
#858=DIRECTION('',(2.304800857119E-1,9.506059430235E-1,-2.079116908178E-1));
#859=VECTOR('',#858,2.E0);
#860=CARTESIAN_POINT('',(4.267519487202E1,4.169090041823E1,2.540904337936E0));
#861=LINE('',#860,#859);
#862=CARTESIAN_POINT('',(8.147536317946E1,3.429654241839E1,2.125080956300E0));
#863=DIRECTION('',(-2.304800857119E-1,-9.506059430235E-1,2.079116908178E-1));
#864=DIRECTION('',(-9.718430452728E-1,2.356291479313E-1,0.E0));
#865=AXIS2_PLACEMENT_3D('',#862,#863,#864);
#867=CARTESIAN_POINT('',(8.147536317946E1,3.429654241839E1,2.125080956300E0));
#868=DIRECTION('',(-2.304800857119E-1,-9.506059430235E-1,2.079116908178E-1));
#869=DIRECTION('',(9.718430452728E-1,-2.356291479313E-1,0.E0));
#870=AXIS2_PLACEMENT_3D('',#867,#868,#869);
#872=CARTESIAN_POINT('',(4.211571984591E1,4.383952290961E1,2.125080956300E0));
#873=DIRECTION('',(-2.304800857119E-1,-9.506059430235E-1,2.079116908178E-1));
#874=DIRECTION('',(-9.718430452728E-1,2.356291479313E-1,0.E0));
#875=AXIS2_PLACEMENT_3D('',#872,#873,#874);
#877=CARTESIAN_POINT('',(4.211571984591E1,4.383952290961E1,2.125080956300E0));
#878=DIRECTION('',(-2.304800857119E-1,-9.506059430235E-1,2.079116908178E-1));
#879=DIRECTION('',(9.718430452728E-1,-2.356291479313E-1,0.E0));
#880=AXIS2_PLACEMENT_3D('',#877,#878,#879);
#882=CARTESIAN_POINT('',(4.211571984591E1,4.383952290961E1,2.125080956300E0));
#883=DIRECTION('',(-2.304800857119E-1,-9.506059430235E-1,2.079116908178E-1));
#884=DIRECTION('',(-9.718430452728E-1,2.356291479313E-1,0.E0));
#885=AXIS2_PLACEMENT_3D('',#882,#883,#884);
#887=CARTESIAN_POINT('',(4.211571984591E1,4.383952290961E1,2.125080956300E0));
#888=DIRECTION('',(-2.304800857119E-1,-9.506059430235E-1,2.079116908178E-1));
#889=DIRECTION('',(9.718430452728E-1,-2.356291479313E-1,0.E0));
#890=AXIS2_PLACEMENT_3D('',#887,#888,#889);
#892=CARTESIAN_POINT('',(8.147536317946E1,3.429654241839E1,2.125080956300E0));
#893=DIRECTION('',(-2.304800857119E-1,-9.506059430235E-1,2.079116908178E-1));
#894=DIRECTION('',(-9.718430452728E-1,2.356291479313E-1,0.E0));
#895=AXIS2_PLACEMENT_3D('',#892,#893,#894);
#897=CARTESIAN_POINT('',(8.147536317946E1,3.429654241839E1,2.125080956300E0));
#898=DIRECTION('',(-2.304800857119E-1,-9.506059430235E-1,2.079116908178E-1));
#899=DIRECTION('',(9.718430452728E-1,-2.356291479313E-1,0.E0));
#900=AXIS2_PLACEMENT_3D('',#897,#898,#899);
#902=DIRECTION('',(2.134839826782E-1,9.545734568707E-1,-2.078800244801E-1));
#903=VECTOR('',#902,5.304298351639E0);
#904=CARTESIAN_POINT('',(7.953167708891E1,3.476780071425E1,2.125080956300E0));
#905=LINE('',#904,#903);
#906=CARTESIAN_POINT('',(8.274300365086E1,3.952487510498E1,9.815666568105E-1));
#907=DIRECTION('',(-2.304800857119E-1,-9.506059430235E-1,2.079116908178E-1));
#908=DIRECTION('',(-9.718430452728E-1,2.356291479313E-1,0.E0));
#909=AXIS2_PLACEMENT_3D('',#906,#907,#908);
#911=CARTESIAN_POINT('',(8.269771210401E1,3.933807192206E1,1.022423297669E0));
#912=DIRECTION('',(-2.304800857119E-1,-9.506059430235E-1,2.079116908178E-1));
#913=DIRECTION('',(-9.718430452728E-1,2.356291479313E-1,0.E0));
#914=AXIS2_PLACEMENT_3D('',#911,#912,#913);
#916=CARTESIAN_POINT('',(8.046891633404E1,3.987494370750E1,1.023148995166E0));
#917=DIRECTION('',(-4.899005463913E-2,-2.020575307311E-1,-9.781476007338E-1));
#918=DIRECTION('',(2.304800892823E-1,9.506059421578E-1,-2.079116908178E-1));
#919=AXIS2_PLACEMENT_3D('',#916,#917,#918);
#921=CARTESIAN_POINT('',(8.274300365086E1,3.952487510498E1,9.815666568105E-1));
#922=DIRECTION('',(-2.304800857119E-1,-9.506059430235E-1,2.079116908178E-1));
#923=DIRECTION('',(9.718430452728E-1,-2.356291479313E-1,-2.019433996574E-14));
#924=AXIS2_PLACEMENT_3D('',#921,#922,#923);
#926=CARTESIAN_POINT('',(8.269771210401E1,3.933807192206E1,1.022423297669E0));
#927=DIRECTION('',(-2.304800857119E-1,-9.506059430235E-1,2.079116908178E-1));
#928=DIRECTION('',(9.718430452728E-1,-2.356291479313E-1,0.E0));
#929=AXIS2_PLACEMENT_3D('',#926,#927,#928);
#931=CARTESIAN_POINT('',(8.492489893342E1,3.879456412534E1,1.023148994766E0));
#932=DIRECTION('',(4.899005463913E-2,2.020575307311E-1,9.781476007338E-1));
#933=DIRECTION('',(2.304800821415E-1,9.506059438891E-1,-2.079116908178E-1));
#934=AXIS2_PLACEMENT_3D('',#931,#932,#933);
#936=DIRECTION('',(2.474059822788E-1,9.463488653973E-1,-2.078800252404E-1));
#937=VECTOR('',#936,5.304298351639E0);
#938=CARTESIAN_POINT('',(8.341904927E1,3.382528412253E1,2.125080956300E0));
#939=LINE('',#938,#937);
#940=DIRECTION('',(2.134850943294E-1,9.545732073265E-1,-2.078800287510E-1));
#941=VECTOR('',#940,5.251281614131E0);
#942=CARTESIAN_POINT('',(4.017203375536E1,4.431078120547E1,2.125080956300E0));
#943=LINE('',#942,#941);
#944=CARTESIAN_POINT('',(4.112969723021E1,4.956018207835E1,9.918028084431E-1));
#945=CARTESIAN_POINT('',(4.112138023669E1,4.952611061651E1,8.304703630177E-1));
#946=CARTESIAN_POINT('',(4.113953381695E1,4.945387930877E1,5.151104749142E-1));
#947=CARTESIAN_POINT('',(4.127155372231E1,4.933007814051E1,5.143829349835E-2));
#948=CARTESIAN_POINT('',(4.149994889259E1,4.919859285137E1,-3.644813174336E-1));
#949=CARTESIAN_POINT('',(4.181262767322E1,4.906114891224E1,-7.200872619018E-1));
#950=CARTESIAN_POINT('',(4.219878263960E1,4.891955828272E1,-9.966731146542E-1));
#951=CARTESIAN_POINT('',(4.245909348209E1,4.883469413252E1,-1.109061020371E0));
#952=CARTESIAN_POINT('',(4.259237070417E1,4.879287181885E1,-1.152553676248E0));
#954=CARTESIAN_POINT('',(4.129310410610E1,4.932351393845E1,1.033444383375E0));
#955=CARTESIAN_POINT('',(4.128565071030E1,4.929264867968E1,8.876293112782E-1));
#956=CARTESIAN_POINT('',(4.130230339267E1,4.922587009664E1,5.955637965732E-1));
#957=CARTESIAN_POINT('',(4.142190487959E1,4.911433914884E1,1.746427939499E-1));
#958=CARTESIAN_POINT('',(4.162813516822E1,4.899598530109E1,-2.049930485692E-1));
#959=CARTESIAN_POINT('',(4.191080866012E1,4.887241870185E1,-5.295543291018E-1));
#960=CARTESIAN_POINT('',(4.225798915359E1,4.874545579488E1,-7.818712275041E-1));
#961=CARTESIAN_POINT('',(4.249688206840E1,4.866755577995E1,-8.861917278854E-1));
#962=CARTESIAN_POINT('',(4.261607411747E1,4.863005446668E1,-9.255460430867E-1));
#964=CARTESIAN_POINT('',(4.112969723021E1,4.956018207835E1,9.918028084431E-1));
#965=CARTESIAN_POINT('',(4.116533917054E1,4.955419828012E1,9.912443494907E-1));
#966=CARTESIAN_POINT('',(4.123337516522E1,4.952287770160E1,9.943819367615E-1));
#967=CARTESIAN_POINT('',(4.129665183828E1,4.943125316572E1,1.010502446602E0));
#968=CARTESIAN_POINT('',(4.130081312442E1,4.935798270704E1,1.025768452065E0));
#969=CARTESIAN_POINT('',(4.129310410610E1,4.932351393845E1,1.033444383375E0));
#971=DIRECTION('',(2.304800857119E-1,9.506059430235E-1,-2.079116908178E-1));
#972=VECTOR('',#971,2.E0);
#973=CARTESIAN_POINT('',(7.999396781050E1,3.264274113767E1,2.540904337936E0));
#974=LINE('',#973,#972);
#975=DIRECTION('',(2.304800857119E-1,9.506059430235E-1,-2.079116908178E-1));
#976=VECTOR('',#975,2.E0);
#977=CARTESIAN_POINT('',(8.203483820557E1,3.214791992702E1,2.540904337936E0));
#978=LINE('',#977,#976);
#979=CARTESIAN_POINT('',(8.101440300803E1,3.239533053234E1,2.540904337936E0));
#980=DIRECTION('',(-2.304800857119E-1,-9.506059430235E-1,2.079116908178E-1));
#981=DIRECTION('',(-9.730735068607E-1,2.257327870419E-1,-4.661179142838E-2));
#982=AXIS2_PLACEMENT_3D('',#979,#980,#981);
#984=CARTESIAN_POINT('',(8.216680343659E1,3.714836024746E1,1.501345883847E0));
#985=DIRECTION('',(2.304800857119E-1,9.506059430235E-1,-2.079116908178E-1));
#986=DIRECTION('',(9.705367947261E-1,-2.091412345999E-1,1.196589907728E-1));
#987=AXIS2_PLACEMENT_3D('',#984,#985,#986);
#989=CARTESIAN_POINT('',(7.917882437657E1,3.803694552566E1,2.251783609932E0));
#990=CARTESIAN_POINT('',(7.905677632734E1,3.750183158275E1,2.357775223705E0));
#991=CARTESIAN_POINT('',(7.881322317870E1,3.643368944155E1,2.569336569582E0));
#992=CARTESIAN_POINT('',(7.844952344848E1,3.483772775245E1,2.885413756244E0));
#993=CARTESIAN_POINT('',(7.820814756579E1,3.377793086695E1,3.095286480412E0));
#994=CARTESIAN_POINT('',(7.808773249434E1,3.324907585906E1,3.200011625354E0));
#996=CARTESIAN_POINT('',(7.848712091690E1,3.821768933949E1,2.311387141088E0));
#997=CARTESIAN_POINT('',(7.809106367485E1,3.663018593138E1,2.630252012462E0));
#998=CARTESIAN_POINT('',(7.769455131823E1,3.504280400117E1,2.949155670414E0));
#999=CARTESIAN_POINT('',(7.729756719723E1,3.345554799298E1,3.268099533902E0));
#1001=CARTESIAN_POINT('',(7.626403568880E1,3.869076796583E1,2.009982636229E0));
#1002=DIRECTION('',(2.304800857119E-1,9.506059430235E-1,-2.079116908178E-1));
#1003=DIRECTION('',(-3.845425580932E-1,-1.072942484302E-1,-9.168505686691E-1));
#1004=AXIS2_PLACEMENT_3D('',#1001,#1002,#1003);
#1006=CARTESIAN_POINT('',(7.326779457454E1,2.633289070653E1,4.712834616860E0));
#1007=DIRECTION('',(-2.304800857119E-1,-9.506059430235E-1,2.079116908178E-1));
#1008=DIRECTION('',(-9.685886059892E-1,2.036207175994E-1,-1.427400284158E-1));
#1009=AXIS2_PLACEMENT_3D('',#1006,#1007,#1008);
#1011=CARTESIAN_POINT('',(7.326779457454E1,2.633289070653E1,4.712834616859E0));
#1012=DIRECTION('',(-2.304800857119E-1,-9.506059430235E-1,2.079116908178E-1));
#1013=DIRECTION('',(9.335439163799E-2,-2.342796287619E-1,-9.676766056432E-1));
#1014=AXIS2_PLACEMENT_3D('',#1011,#1012,#1013);
#1016=CARTESIAN_POINT('',(7.626403568880E1,3.869076796583E1,2.009982636229E0));
#1017=DIRECTION('',(2.304800857119E-1,9.506059430235E-1,-2.079116908178E-1));
#1018=DIRECTION('',(-8.938713280475E-1,2.912666910964E-1,3.408192534941E-1));
#1019=AXIS2_PLACEMENT_3D('',#1016,#1017,#1018);
#1021=DIRECTION('',(1.785519007104E-1,9.608720712842E-1,-2.117642117516E-1));
#1022=VECTOR('',#1021,1.301833483861E1);
#1023=CARTESIAN_POINT('',(6.904182292077E1,2.732932847790E1,4.584017225451E0));
#1024=LINE('',#1023,#1022);
#1025=CARTESIAN_POINT('',(7.405343728609E1,3.913611977629E1,1.595648881200E0));
#1026=CARTESIAN_POINT('',(7.308737327789E1,3.501643791091E1,2.531068464152E0));
#1027=CARTESIAN_POINT('',(7.212184991419E1,3.089661847437E1,3.466440738918E0));
#1028=CARTESIAN_POINT('',(7.115693744320E1,2.677664385536E1,4.401759507111E0));
#1030=DIRECTION('',(1.808413816582E-1,9.640322124360E-1,-1.947775348076E-1));
#1031=VECTOR('',#1030,1.301833483861E1);
#1032=CARTESIAN_POINT('',(6.917318219097E1,2.751064199169E1,5.558630046960E0));
#1033=LINE('',#1032,#1031);
#1034=CARTESIAN_POINT('',(7.421460178587E1,3.935857306574E1,2.791399950963E0));
#1035=CARTESIAN_POINT('',(7.323860269217E1,3.522517792941E1,3.653106717921E0));
#1036=CARTESIAN_POINT('',(7.226314425137E1,3.109164523355E1,4.514766239084E0));
#1037=CARTESIAN_POINT('',(7.128829671339E1,2.695795736915E1,5.376372328621E0));
#1039=CARTESIAN_POINT('',(7.326779457454E1,2.633289070653E1,4.712834616859E0));
#1040=DIRECTION('',(-2.304800857119E-1,-9.506059430235E-1,2.079116908178E-1));
#1041=DIRECTION('',(-8.378843015865E-1,8.522927036118E-2,-5.391529176668E-1));
#1042=AXIS2_PLACEMENT_3D('',#1039,#1040,#1041);
#1044=CARTESIAN_POINT('',(7.326779457454E1,2.633289070653E1,4.712834616859E0));
#1045=DIRECTION('',(-2.304800857119E-1,-9.506059430235E-1,2.079116908178E-1));
#1046=DIRECTION('',(8.378843015865E-1,-8.522927036118E-2,5.391529176668E-1));
#1047=AXIS2_PLACEMENT_3D('',#1044,#1045,#1046);
#1049=DIRECTION('',(-9.641699394942E-1,2.519399746082E-1,8.308174871886E-2));
#1050=VECTOR('',#1049,2.193715480838E0);
#1051=CARTESIAN_POINT('',(7.128829671339E1,2.695795736915E1,5.376372328621E0));
#1052=LINE('',#1051,#1050);
#1053=DIRECTION('',(1.313592701943E-1,1.813135137901E-1,9.746128215097E-1));
#1054=VECTOR('',#1053,1.453657484069E0);
#1055=CARTESIAN_POINT('',(7.328029156889E1,2.555875446704E1,1.187211797099E0));
#1056=LINE('',#1055,#1054);
#1057=DIRECTION('',(9.641699394942E-1,-2.519399746082E-1,-8.308174871886E-2));
#1058=VECTOR('',#1057,1.000000000001E0);
#1059=CARTESIAN_POINT('',(7.231612162940E1,2.581069444164E1,1.270293545818E0));
#1060=LINE('',#1059,#1058);
#1061=DIRECTION('',(-1.313592701943E-1,-1.813135137901E-1,-9.746128215097E-1));
#1062=VECTOR('',#1061,1.453657484069E0);
#1063=CARTESIAN_POINT('',(7.250707301562E1,2.607426218793E1,2.687046767875E0));
#1064=LINE('',#1063,#1062);
#1065=DIRECTION('',(9.641699394942E-1,-2.519399746082E-1,-8.308174871886E-2));
#1066=VECTOR('',#1065,2.193715480838E0);
#1067=CARTESIAN_POINT('',(6.904182292077E1,2.732932847790E1,4.584017225451E0));
#1068=LINE('',#1067,#1066);
#1069=DIRECTION('',(-1.313592701943E-1,-1.813135137901E-1,-9.746128215097E-1));
#1070=VECTOR('',#1069,1.E0);
#1071=CARTESIAN_POINT('',(6.917318219097E1,2.751064199169E1,5.558630046960E0));
#1072=LINE('',#1071,#1070);
#1073=CARTESIAN_POINT('',(4.897104681613E1,2.925007932380E1,-8.883417033340E0));
#1074=DIRECTION('',(-2.304800857119E-1,-9.506059430235E-1,2.079116908178E-1));
#1075=DIRECTION('',(-9.718430452728E-1,2.356291479313E-1,0.E0));
#1076=AXIS2_PLACEMENT_3D('',#1073,#1074,#1075);
#1078=CARTESIAN_POINT('',(4.897104681613E1,2.925007932380E1,-8.883417033340E0));
#1079=DIRECTION('',(-2.304800857119E-1,-9.506059430235E-1,2.079116908178E-1));
#1080=DIRECTION('',(9.718430452728E-1,-2.356291479313E-1,0.E0));
#1081=AXIS2_PLACEMENT_3D('',#1078,#1079,#1080);
#1083=DIRECTION('',(-4.942361366782E-1,2.984123563327E-1,8.165051786666E-1));
#1084=VECTOR('',#1083,2.072561611294E0);
#1085=CARTESIAN_POINT('',(5.146285426053E1,2.795589980488E1,-1.203832739978E1));
#1086=LINE('',#1085,#1084);
#1087=DIRECTION('',(8.382180929159E-1,-8.543071272330E-2,5.386019142483E-1));
#1088=VECTOR('',#1087,1.E0);
#1089=CARTESIAN_POINT('',(5.062463616761E1,2.804133051761E1,-1.257692931403E1));
#1090=LINE('',#1089,#1088);
#1091=DIRECTION('',(4.942361366782E-1,-2.984123563327E-1,-8.165051786666E-1));
#1092=VECTOR('',#1091,2.072561611294E0);
#1093=CARTESIAN_POINT('',(4.960030132382E1,2.865980851168E1,-1.088467202530E1));
#1094=LINE('',#1093,#1092);
#1095=DIRECTION('',(-2.304800857119E-1,-9.506059430235E-1,2.079116908178E-1));
#1096=VECTOR('',#1095,1.6E0);
#1097=CARTESIAN_POINT('',(7.180149704676E1,2.648204192966E1,3.769317010943E0));
#1098=LINE('',#1097,#1096);
#1099=DIRECTION('',(-2.304800857119E-1,-9.506059430235E-1,2.079116908178E-1));
#1100=VECTOR('',#1099,1.6E0);
#1101=CARTESIAN_POINT('',(7.473409210232E1,2.618373948340E1,5.656352222776E0));
#1102=LINE('',#1101,#1100);
#1103=CARTESIAN_POINT('',(7.289902643740E1,2.481192119769E1,5.045493322168E0));
#1104=DIRECTION('',(-2.304800857119E-1,-9.506059430235E-1,2.079116908178E-1));
#1105=DIRECTION('',(-8.378843015865E-1,8.522927036118E-2,-5.391529176668E-1));
#1106=AXIS2_PLACEMENT_3D('',#1103,#1104,#1105);
#1108=CARTESIAN_POINT('',(7.289902643740E1,2.481192119769E1,5.045493322168E0));
#1109=DIRECTION('',(-2.304800857119E-1,-9.506059430235E-1,2.079116908178E-1));
#1110=DIRECTION('',(8.378843015865E-1,-8.522927036118E-2,5.391529176668E-1));
#1111=AXIS2_PLACEMENT_3D('',#1108,#1109,#1110);
#1113=CARTESIAN_POINT('',(7.289902643740E1,2.481192119769E1,5.045493322168E0));
#1114=DIRECTION('',(2.304800857119E-1,9.506059430235E-1,-2.079116908178E-1));
#1115=DIRECTION('',(-8.378843015865E-1,8.522927036117E-2,-5.391529176668E-1));
#1116=AXIS2_PLACEMENT_3D('',#1113,#1114,#1115);
#1118=CARTESIAN_POINT('',(7.289902643740E1,2.481192119769E1,5.045493322168E0));
#1119=DIRECTION('',(2.304800857119E-1,9.506059430235E-1,-2.079116908178E-1));
#1120=DIRECTION('',(8.378843015865E-1,-8.522927036118E-2,5.391529176668E-1));
#1121=AXIS2_PLACEMENT_3D('',#1118,#1119,#1120);
#1123=DIRECTION('',(-2.304800857119E-1,-9.506059430235E-1,2.079116908178E-1));
#1124=VECTOR('',#1123,1.46E1);
#1125=CARTESIAN_POINT('',(7.710191999038E1,3.860553869547E1,2.549135553895E0));
#1126=LINE('',#1125,#1124);
#1127=DIRECTION('',(2.304800857119E-1,9.506059430235E-1,-2.079116908178E-1));
#1128=VECTOR('',#1127,1.46E1);
#1129=CARTESIAN_POINT('',(7.206114213581E1,2.489715046805E1,4.506340404501E0));
#1130=LINE('',#1129,#1128);
#1131=DIRECTION('',(2.316832620305E-1,9.375827169624E-1,-2.593482503282E-1));
#1132=VECTOR('',#1131,1.301833483861E1);
#1133=CARTESIAN_POINT('',(7.328029156889E1,2.555875446704E1,1.187211797099E0));
#1134=LINE('',#1133,#1132);
#1135=CARTESIAN_POINT('',(7.656530997080E1,3.813566303484E1,
-1.940700664687E-1));
#1136=CARTESIAN_POINT('',(7.553387663815E1,3.403110647886E1,7.380398493736E-1));
#1137=CARTESIAN_POINT('',(7.450251772494E1,2.992665491220E1,1.670694649918E0));
#1138=CARTESIAN_POINT('',(7.347124295511E1,2.582232221332E1,2.603965019156E0));
#1140=DIRECTION('',(2.148785956852E-1,9.419738175754E-1,-2.579002057363E-1));
#1141=VECTOR('',#1140,1.301833483861E1);
#1142=CARTESIAN_POINT('',(7.231612162940E1,2.581069444164E1,1.270293545818E0));
#1143=LINE('',#1142,#1141);
#1144=CARTESIAN_POINT('',(7.538237125797E1,3.844476782753E1,
-9.213718839051E-2));
#1145=CARTESIAN_POINT('',(7.442386091563E1,3.432115631499E1,8.336890119901E-1));
#1146=CARTESIAN_POINT('',(7.346542493101E1,3.019764980788E1,1.760060102391E0));
#1147=CARTESIAN_POINT('',(7.250707301562E1,2.607426218793E1,2.687046767875E0));
#1149=DIRECTION('',(-2.304800857119E-1,-9.506059430235E-1,2.079116908178E-1));
#1150=VECTOR('',#1149,1.6E0);
#1151=CARTESIAN_POINT('',(4.727032148691E1,2.966243033268E1,-8.883417033340E0));
#1152=LINE('',#1151,#1150);
#1153=DIRECTION('',(-2.304800857119E-1,-9.506059430235E-1,2.079116908178E-1));
#1154=VECTOR('',#1153,1.6E0);
#1155=CARTESIAN_POINT('',(5.067177214536E1,2.883772831492E1,-8.883417033340E0));
#1156=LINE('',#1155,#1154);
#1157=CARTESIAN_POINT('',(4.860227867899E1,2.772910981497E1,-8.550758328032E0));
#1158=DIRECTION('',(2.304800857119E-1,9.506059430235E-1,-2.079116908178E-1));
#1159=DIRECTION('',(-9.718430452728E-1,2.356291479313E-1,0.E0));
#1160=AXIS2_PLACEMENT_3D('',#1157,#1158,#1159);
#1162=CARTESIAN_POINT('',(4.860227867899E1,2.772910981497E1,-8.550758328032E0));
#1163=DIRECTION('',(2.304800857119E-1,9.506059430235E-1,-2.079116908178E-1));
#1164=DIRECTION('',(9.718430452728E-1,-2.356291479313E-1,0.E0));
#1165=AXIS2_PLACEMENT_3D('',#1162,#1163,#1164);
#1167=CARTESIAN_POINT('',(4.860227867899E1,2.772910981497E1,-8.550758328032E0));
#1168=DIRECTION('',(-2.304800857119E-1,-9.506059430235E-1,2.079116908178E-1));
#1169=DIRECTION('',(-9.718430452728E-1,2.356291479313E-1,0.E0));
#1170=AXIS2_PLACEMENT_3D('',#1167,#1168,#1169);
#1172=CARTESIAN_POINT('',(4.860227867899E1,2.772910981497E1,-8.550758328032E0));
#1173=DIRECTION('',(-2.304800857119E-1,-9.506059430235E-1,2.079116908178E-1));
#1174=DIRECTION('',(9.718430452728E-1,-2.356291479313E-1,0.E0));
#1175=AXIS2_PLACEMENT_3D('',#1172,#1173,#1174);
#1177=DIRECTION('',(2.304800857119E-1,9.506059430235E-1,-2.079116908178E-1));
#1178=VECTOR('',#1177,1.46E1);
#1179=CARTESIAN_POINT('',(4.957412172427E1,2.749348066703E1,-8.550758328032E0));
#1180=LINE('',#1179,#1178);
#1181=DIRECTION('',(-2.304800857119E-1,-9.506059430235E-1,2.079116908178E-1));
#1182=VECTOR('',#1181,1.46E1);
#1183=CARTESIAN_POINT('',(5.099544488511E1,4.184358573104E1,-1.158626901397E1));
#1184=LINE('',#1183,#1182);
#1185=CARTESIAN_POINT('',(5.196728793039E1,4.160795658311E1,-1.158626901397E1));
#1186=DIRECTION('',(2.304800857119E-1,9.506059430235E-1,-2.079116908178E-1));
#1187=DIRECTION('',(2.519441099933E-1,-2.646749075175E-1,-9.308444331736E-1));
#1188=AXIS2_PLACEMENT_3D('',#1185,#1186,#1187);
#1190=CARTESIAN_POINT('',(4.897104681613E1,2.925007932380E1,-8.883417033340E0));
#1191=DIRECTION('',(-2.304800857119E-1,-9.506059430235E-1,2.079116908178E-1));
#1192=DIRECTION('',(6.733649660313E-1,-3.100526266333E-1,-6.711534781549E-1));
#1193=AXIS2_PLACEMENT_3D('',#1190,#1191,#1192);
#1195=DIRECTION('',(2.633255355383E-1,9.329055275604E-1,-2.456561397169E-1));
#1196=VECTOR('',#1195,1.301833483861E1);
#1197=CARTESIAN_POINT('',(5.146285426053E1,2.795589980488E1,-1.203832739978E1));
#1198=LINE('',#1197,#1196);
#1199=CARTESIAN_POINT('',(5.357334429758E1,4.089630528622E1,-1.305966352011E1));
#1200=CARTESIAN_POINT('',(5.252869041884E1,3.678881810626E1,-1.215560850177E1));
#1201=CARTESIAN_POINT('',(5.148376070760E1,3.268150148028E1,-1.125109709749E1));
#1202=CARTESIAN_POINT('',(5.043851941673E1,2.857437779895E1,-1.034607011105E1));
#1204=DIRECTION('',(2.487161033220E-1,9.343945126077E-1,-2.550435154182E-1));
#1205=VECTOR('',#1204,1.301833483861E1);
#1206=CARTESIAN_POINT('',(5.062463616761E1,2.804133051761E1,-1.257692931403E1));
#1207=LINE('',#1206,#1205);
#1208=CARTESIAN_POINT('',(5.254493572427E1,4.100112010486E1,-1.372047343449E1));
#1209=CARTESIAN_POINT('',(5.156367872959E1,3.688717155043E1,-1.277568237932E1));
#1210=CARTESIAN_POINT('',(5.058214584875E1,3.277339355544E1,-1.183043497268E1));
#1211=CARTESIAN_POINT('',(4.960030132382E1,2.865980851168E1,-1.088467202530E1));
#1213=CARTESIAN_POINT('',(7.835576164671E1,3.803637582570E1,1.336774319579E0));
#1214=CARTESIAN_POINT('',(7.796734736498E1,3.645942189758E1,1.712345711288E0));
#1215=CARTESIAN_POINT('',(7.757847795714E1,3.488258943142E1,2.087955803882E0));
#1216=CARTESIAN_POINT('',(7.718913677293E1,3.330588287074E1,2.463606013187E0));
#1218=CARTESIAN_POINT('',(7.904746510638E1,3.785563201187E1,1.277170788422E0));
#1219=CARTESIAN_POINT('',(7.892797980983E1,3.732405540358E1,1.402176603605E0));
#1220=CARTESIAN_POINT('',(7.868954209814E1,3.626297403433E1,1.651691650383E0));
#1221=CARTESIAN_POINT('',(7.833348534264E1,3.467756184507E1,2.024475464141E0));
#1222=CARTESIAN_POINT('',(7.809718460657E1,3.362477011928E1,2.272002957266E0));
#1223=CARTESIAN_POINT('',(7.797930207005E1,3.309941073682E1,2.395518104637E0));
#1225=DIRECTION('',(-2.474059822979E-1,-9.463488654758E-1,2.078800248602E-1));
#1226=VECTOR('',#1225,1.700258957674E0);
#1227=CARTESIAN_POINT('',(7.235167693558E1,4.302428476639E1,9.309937910789E0));
#1228=LINE('',#1227,#1226);
#1229=CARTESIAN_POINT('',(7.680953394981E1,4.192472161172E1,9.224305386888E0));
#1230=DIRECTION('',(2.304800857119E-1,9.506059430235E-1,-2.079116908178E-1));
#1231=DIRECTION('',(-9.730769924445E-1,2.252259766481E-1,-4.893287461586E-2));
#1232=AXIS2_PLACEMENT_3D('',#1229,#1230,#1231);
#1234=CARTESIAN_POINT('',(7.680953394981E1,4.192472161172E1,9.224305386888E0));
#1235=DIRECTION('',(2.304800857119E-1,9.506059430235E-1,-2.079116908178E-1));
#1236=DIRECTION('',(9.730769924445E-1,-2.252259766481E-1,4.893287461586E-2));
#1237=AXIS2_PLACEMENT_3D('',#1234,#1235,#1236);
#1239=CARTESIAN_POINT('',(7.688431796286E1,4.192531889085E1,9.309937910789E0));
#1240=DIRECTION('',(2.304800857119E-1,9.506059430235E-1,-2.079116908178E-1));
#1241=DIRECTION('',(-9.718430452728E-1,2.356291479313E-1,0.E0));
#1242=AXIS2_PLACEMENT_3D('',#1239,#1240,#1241);
#1244=CARTESIAN_POINT('',(7.688431796286E1,4.192531889085E1,9.309937910789E0));
#1245=DIRECTION('',(2.304800857119E-1,9.506059430235E-1,-2.079116908178E-1));
#1246=DIRECTION('',(9.718430452728E-1,-2.356291479313E-1,0.E0));
#1247=AXIS2_PLACEMENT_3D('',#1244,#1245,#1246);
#1249=DIRECTION('',(-1.447937913751E-1,-9.666183379294E-1,2.113853040253E-1));
#1250=VECTOR('',#1249,5.739730765613E-1);
#1251=CARTESIAN_POINT('',(7.168667977813E1,4.368449348807E1,8.841185034402E0));
#1252=LINE('',#1251,#1250);
#1253=CARTESIAN_POINT('',(7.699391801838E1,4.268520636614E1,9.057976034234E0));
#1254=DIRECTION('',(-2.304800857119E-1,-9.506059430235E-1,2.079116908178E-1));
#1255=DIRECTION('',(9.730769924445E-1,-2.252259766481E-1,4.893287461586E-2));
#1256=AXIS2_PLACEMENT_3D('',#1253,#1254,#1255);
#1258=CARTESIAN_POINT('',(7.694131989503E1,4.246826749922E1,9.105423798427E0));
#1259=DIRECTION('',(-2.304800857119E-1,-9.506059430235E-1,2.079116908178E-1));
#1260=DIRECTION('',(9.730769924445E-1,-2.252259766481E-1,4.893287461586E-2));
#1261=AXIS2_PLACEMENT_3D('',#1258,#1259,#1260);
#1263=CARTESIAN_POINT('',(8.243328166671E1,4.117523673366E1,9.386379373173E0));
#1264=DIRECTION('',(3.112322042449E-4,2.135921359301E-1,9.769228744396E-1));
#1265=DIRECTION('',(2.304800853316E-1,9.506059431115E-1,-2.079116908369E-1));
#1266=AXIS2_PLACEMENT_3D('',#1263,#1264,#1265);
#1268=CARTESIAN_POINT('',(7.699391801838E1,4.268520636614E1,9.057976034234E0));
#1269=DIRECTION('',(-2.304800857119E-1,-9.506059430235E-1,2.079116908178E-1));
#1270=DIRECTION('',(-9.730769924445E-1,2.252259766481E-1,-4.893287461585E-2));
#1271=AXIS2_PLACEMENT_3D('',#1268,#1269,#1270);
#1273=CARTESIAN_POINT('',(7.694131989503E1,4.246826749922E1,9.105423798427E0));
#1274=DIRECTION('',(-2.304800857119E-1,-9.506059430235E-1,2.079116908178E-1));
#1275=DIRECTION('',(-9.730769924445E-1,2.252259766481E-1,-4.893287461586E-2));
#1276=AXIS2_PLACEMENT_3D('',#1273,#1274,#1275);
#1278=CARTESIAN_POINT('',(7.143931432719E1,4.371987302710E1,8.833528540703E0));
#1279=DIRECTION('',(-3.112322042470E-4,-2.135921359301E-1,-9.769228744396E-1));
#1280=DIRECTION('',(2.304800860923E-1,9.506059429354E-1,-2.079116907987E-1));
#1281=AXIS2_PLACEMENT_3D('',#1278,#1279,#1280);
#1283=DIRECTION('',(-3.144122874287E-1,-9.273588628996E-1,2.028557441027E-1));
#1284=VECTOR('',#1283,5.739730765611E-1);
#1285=CARTESIAN_POINT('',(8.219596004731E1,4.125204165627E1,9.369662530542E0));
#1286=LINE('',#1285,#1284);
#1287=DIRECTION('',(-2.134839826592E-1,-9.545734567921E-1,2.078800248602E-1));
#1288=VECTOR('',#1287,1.700258957674E0);
#1289=CARTESIAN_POINT('',(8.141695899014E1,4.082635301531E1,9.309937910789E0));
#1290=LINE('',#1289,#1288);
#1291=DIRECTION('',(2.473844137803E-1,9.426591790190E-1,-2.240415676382E-1));
#1292=VECTOR('',#1291,2.400731119005E0);
#1293=CARTESIAN_POINT('',(6.708781507213E1,3.463491564149E1,-1.516294988980E1));
#1294=LINE('',#1293,#1292);
#1295=DIRECTION('',(2.473952756418E-1,9.501134374610E-1,-1.899474494331E-1));
#1296=VECTOR('',#1295,4.901492701030E0);
#1297=CARTESIAN_POINT('',(6.646873891618E1,3.198470222519E1,-1.594209486553E1));
#1298=LINE('',#1297,#1296);
#1299=DIRECTION('',(2.473952756354E-1,9.501134377750E-1,-1.899474478708E-1));
#1300=VECTOR('',#1299,2.500761582228E0);
#1301=CARTESIAN_POINT('',(6.646923688595E1,3.232644844075E1,-1.437902376381E1));
#1302=LINE('',#1301,#1300);
#1303=DIRECTION('',(2.473844137730E-1,9.426591786524E-1,-2.240415691890E-1));
#1304=VECTOR('',#1303,2.500761582367E0);
#1305=CARTESIAN_POINT('',(6.647240244705E1,3.449890666538E1,-4.442683532176E0));
#1306=LINE('',#1305,#1304);
#1307=CARTESIAN_POINT('',(5.209806110397E1,4.433581809710E1,1.257428665005E1));
#1308=DIRECTION('',(2.304800857119E-1,9.506059430235E-1,-2.079116908178E-1));
#1309=DIRECTION('',(-9.718430452728E-1,2.356291479313E-1,0.E0));
#1310=AXIS2_PLACEMENT_3D('',#1307,#1308,#1309);
#1312=CARTESIAN_POINT('',(5.209806110397E1,4.433581809710E1,1.257428665005E1));
#1313=DIRECTION('',(2.304800857119E-1,9.506059430235E-1,-2.079116908178E-1));
#1314=DIRECTION('',(9.718430452728E-1,-2.356291479313E-1,0.E0));
#1315=AXIS2_PLACEMENT_3D('',#1312,#1313,#1314);
#1317=CARTESIAN_POINT('',(7.112110127697E1,3.485161100269E1,-9.701092290974E0));
#1318=DIRECTION('',(2.304800857119E-1,9.506059430235E-1,-2.079116908178E-1));
#1319=DIRECTION('',(-9.718430452728E-1,2.356291479313E-1,0.E0));
#1320=AXIS2_PLACEMENT_3D('',#1317,#1318,#1319);
#1322=CARTESIAN_POINT('',(7.112110127697E1,3.485161100269E1,-9.701092290974E0));
#1323=DIRECTION('',(2.304800857119E-1,9.506059430235E-1,-2.079116908178E-1));
#1324=DIRECTION('',(9.718430452728E-1,-2.356291479313E-1,0.E0));
#1325=AXIS2_PLACEMENT_3D('',#1322,#1323,#1324);
#1327=DIRECTION('',(-9.730769924160E-1,2.252259961567E-1,-4.893278538765E-2));
#1328=VECTOR('',#1327,8.283784293356E0);
#1329=CARTESIAN_POINT('',(7.514857497814E1,3.276919207207E1,-1.475760125078E1));
#1330=LINE('',#1329,#1328);
#1331=DIRECTION('',(3.112322019330E-4,2.135921359306E-1,9.769228744395E-1));
#1332=VECTOR('',#1331,3.162100650884E-1);
#1333=CARTESIAN_POINT('',(6.708781507213E1,3.463491564149E1,-1.516294988980E1));
#1334=LINE('',#1333,#1332);
#1335=DIRECTION('',(9.730769924445E-1,-2.252259766481E-1,4.893287461586E-2));
#1336=VECTOR('',#1335,9.162156883446E-1);
#1337=CARTESIAN_POINT('',(6.619636508044E1,3.490881119792E1,-1.489887011149E1));
#1338=LINE('',#1337,#1336);
#1339=DIRECTION('',(-9.730769923876E-1,2.252260156654E-1,-4.893269615944E-2));
#1340=VECTOR('',#1339,9.162156883446E-1);
#1341=CARTESIAN_POINT('',(6.709105188509E1,3.685627252462E1,-5.002958081257E0));
#1342=LINE('',#1341,#1340);
#1343=DIRECTION('',(3.112322018882E-4,2.135921359306E-1,9.769228744395E-1));
#1344=VECTOR('',#1343,3.162100650883E-1);
#1345=CARTESIAN_POINT('',(6.709105188509E1,3.685627252462E1,-5.002958081257E0));
#1346=LINE('',#1345,#1344);
#1347=DIRECTION('',(9.730769924160E-1,-2.252259961567E-1,4.893278538765E-2));
#1348=VECTOR('',#1347,8.283784293356E0);
#1349=CARTESIAN_POINT('',(6.709115029985E1,3.692381250783E1,-4.694045235544E0));
#1350=LINE('',#1349,#1348);
#1351=DIRECTION('',(-3.112322019117E-4,-2.135921359306E-1,-9.769228744395E-1));
#1352=VECTOR('',#1351,3.162108216959E-1);
#1353=CARTESIAN_POINT('',(7.515191020585E1,3.505808893841E1,-4.288696596520E0));
#1354=LINE('',#1353,#1352);
#1355=DIRECTION('',(-9.730769923876E-1,2.252260156654E-1,-4.893269615944E-2));
#1356=VECTOR('',#1355,9.162156883446E-1);
#1357=CARTESIAN_POINT('',(7.604336019725E1,3.478419318462E1,-4.552777277485E0));
#1358=LINE('',#1357,#1356);
#1359=DIRECTION('',(9.730769924445E-1,-2.252259766481E-1,4.893287461586E-2));
#1360=VECTOR('',#1359,9.162156883446E-1);
#1361=CARTESIAN_POINT('',(7.514867339313E1,3.283673221688E1,-1.444868766592E1));
#1362=LINE('',#1361,#1360);
#1363=DIRECTION('',(-3.112322020015E-4,-2.135921359306E-1,-9.769228744395E-1));
#1364=VECTOR('',#1363,3.162108216960E-1);
#1365=CARTESIAN_POINT('',(7.514867339313E1,3.283673221688E1,-1.444868766592E1));
#1366=LINE('',#1365,#1364);
#1367=DIRECTION('',(9.730769924445E-1,-2.252259766481E-1,4.893287461584E-2));
#1368=VECTOR('',#1367,2.877654405753E-1);
#1369=CARTESIAN_POINT('',(5.702035542536E1,4.414765123268E1,1.717055669979E1));
#1370=LINE('',#1369,#1368);
#1371=DIRECTION('',(9.730769924160E-1,-2.252259961567E-1,4.893278538765E-2));
#1372=VECTOR('',#1371,9.162156883446E-1);
#1373=CARTESIAN_POINT('',(5.612585888625E1,4.233076515469E1,7.871866785154E0));
#1374=LINE('',#1373,#1372);
#1375=DIRECTION('',(-3.112322019110E-4,-2.135921359306E-1,-9.769228744395E-1));
#1376=VECTOR('',#1375,3.581078441723E-1);
#1377=CARTESIAN_POINT('',(5.612585888625E1,4.233076515469E1,7.871866785154E0));
#1378=LINE('',#1377,#1376);
#1379=DIRECTION('',(-9.730769924160E-1,2.252259961567E-1,-4.893278538765E-2));
#1380=VECTOR('',#1379,8.283784293356E0);
#1381=CARTESIAN_POINT('',(5.612574743156E1,4.225427613536E1,7.522023040666E0));
#1382=LINE('',#1381,#1380);
#1383=DIRECTION('',(3.112322019507E-4,2.135921359306E-1,9.769228744395E-1));
#1384=VECTOR('',#1383,3.581078441723E-1);
#1385=CARTESIAN_POINT('',(4.806498752555E1,4.411999970478E1,7.116674401641E0));
#1386=LINE('',#1385,#1384);
#1387=DIRECTION('',(9.730769924160E-1,-2.252259961567E-1,4.893278538765E-2));
#1388=VECTOR('',#1387,9.162156883445E-1);
#1389=CARTESIAN_POINT('',(4.717355057383E1,4.440284431521E1,7.421685160483E0));
#1390=LINE('',#1389,#1388);
#1391=DIRECTION('',(-5.395333867213E-1,-5.297221067180E-2,-8.402961796352E-1));
#1392=VECTOR('',#1391,3.146841787414E0);
#1393=CARTESIAN_POINT('',(4.717638220623E1,4.634613427770E1,1.630986078433E1));
#1394=LINE('',#1393,#1392);
#1395=DIRECTION('',(-3.112322019317E-4,-2.135921359306E-1,-9.769228744395E-1));
#1396=VECTOR('',#1395,2.098134414086E0);
#1397=CARTESIAN_POINT('',(4.717638220623E1,4.634613427770E1,1.630986078433E1));
#1398=LINE('',#1397,#1396);
#1399=DIRECTION('',(-9.730769924160E-1,2.252259961567E-1,-4.893278538766E-2));
#1400=VECTOR('',#1399,9.162156883445E-1);
#1401=CARTESIAN_POINT('',(4.806727760566E1,4.569163367562E1,1.430497826721E1));
#1402=LINE('',#1401,#1400);
#1403=DIRECTION('',(3.112322019332E-4,2.135921359306E-1,9.769228744395E-1));
#1404=VECTOR('',#1403,3.088668785932E0);
#1405=CARTESIAN_POINT('',(4.806727760566E1,4.569163367562E1,1.430497826721E1));
#1406=LINE('',#1405,#1404);
#1407=DIRECTION('',(-9.730769924445E-1,2.252259766481E-1,-4.893287461588E-2));
#1408=VECTOR('',#1407,2.567278374047E-1);
#1409=CARTESIAN_POINT('',(4.806823889885E1,4.635134903879E1,1.732236945575E1));
#1410=LINE('',#1409,#1408);
#1411=DIRECTION('',(-5.395333867213E-1,-5.297221067181E-2,-8.402961796352E-1));
#1412=VECTOR('',#1411,7.709026641194E-1);
#1413=CARTESIAN_POINT('',(4.823435067215E1,4.645000723503E1,1.795759358820E1));
#1414=LINE('',#1413,#1412);
#1415=DIRECTION('',(-9.730769924445E-1,2.252259766481E-1,-4.893287461587E-2));
#1416=VECTOR('',#1415,2.823544961258E-1);
#1417=CARTESIAN_POINT('',(5.640384483864E1,4.448610970461E1,1.803461211341E1));
#1418=LINE('',#1417,#1416);
#1419=DIRECTION('',(-3.112322019215E-4,-2.135921359306E-1,-9.769228744395E-1));
#1420=VECTOR('',#1419,3.388669542540E0);
#1421=CARTESIAN_POINT('',(5.612909217475E1,4.454970327176E1,1.802079569625E1));
#1422=LINE('',#1421,#1420);
#1423=DIRECTION('',(-9.730769924160E-1,2.252259961567E-1,-4.893278538765E-2));
#1424=VECTOR('',#1423,9.162156883446E-1);
#1425=CARTESIAN_POINT('',(5.701958591808E1,4.361955451510E1,1.475515989188E1));
#1426=LINE('',#1425,#1424);
#1427=DIRECTION('',(-3.112322019224E-4,-2.135921359306E-1,-9.769228744395E-1));
#1428=VECTOR('',#1427,2.472453937879E0);
#1429=CARTESIAN_POINT('',(5.702035542536E1,4.414765123268E1,1.717055669979E1));
#1430=LINE('',#1429,#1428);
#1431=DIRECTION('',(-2.474059822978E-1,-9.463488654758E-1,2.078800248602E-1));
#1432=VECTOR('',#1431,2.900441751327E0);
#1433=CARTESIAN_POINT('',(4.975373991219E1,4.782302569045E1,1.197134274667E1));
#1434=LINE('',#1433,#1432);
#1435=DIRECTION('',(-2.134839826592E-1,-9.545734567921E-1,2.078800248602E-1));
#1436=VECTOR('',#1435,2.900441751327E0);
#1437=CARTESIAN_POINT('',(5.577916679289E1,4.636212497328E1,1.197134274667E1));
#1438=LINE('',#1437,#1436);
#1439=CARTESIAN_POINT('',(5.276645335254E1,4.709257533187E1,1.197134274667E1));
#1440=DIRECTION('',(2.304800857119E-1,9.506059430235E-1,-2.079116908178E-1));
#1441=DIRECTION('',(-9.718430452728E-1,2.356291479313E-1,0.E0));
#1442=AXIS2_PLACEMENT_3D('',#1439,#1440,#1441);
#1444=CARTESIAN_POINT('',(5.276645335254E1,4.709257533187E1,1.197134274667E1));
#1445=DIRECTION('',(2.304800857119E-1,9.506059430235E-1,-2.079116908178E-1));
#1446=DIRECTION('',(9.718430452728E-1,-2.356291479313E-1,0.E0));
#1447=AXIS2_PLACEMENT_3D('',#1444,#1445,#1446);
#1449=CARTESIAN_POINT('',(7.178949352554E1,3.760836823746E1,-1.030403619435E1));
#1450=DIRECTION('',(2.304800857119E-1,9.506059430235E-1,-2.079116908178E-1));
#1451=DIRECTION('',(-9.718430452728E-1,2.356291479313E-1,0.E0));
#1452=AXIS2_PLACEMENT_3D('',#1449,#1450,#1451);
#1454=CARTESIAN_POINT('',(7.178949352554E1,3.760836823746E1,-1.030403619435E1));
#1455=DIRECTION('',(2.304800857119E-1,9.506059430235E-1,-2.079116908178E-1));
#1456=DIRECTION('',(9.718430452728E-1,-2.356291479313E-1,0.E0));
#1457=AXIS2_PLACEMENT_3D('',#1454,#1455,#1456);
#1459=CARTESIAN_POINT('',(5.276645335254E1,4.709257533187E1,1.197134274667E1));
#1460=DIRECTION('',(2.304800857119E-1,9.506059430235E-1,-2.079116908178E-1));
#1461=DIRECTION('',(-9.718430452728E-1,2.356291479313E-1,0.E0));
#1462=AXIS2_PLACEMENT_3D('',#1459,#1460,#1461);
#1464=CARTESIAN_POINT('',(5.276645335254E1,4.709257533187E1,1.197134274667E1));
#1465=DIRECTION('',(2.304800857119E-1,9.506059430235E-1,-2.079116908178E-1));
#1466=DIRECTION('',(9.718430452728E-1,-2.356291479313E-1,0.E0));
#1467=AXIS2_PLACEMENT_3D('',#1464,#1465,#1466);
#1469=CARTESIAN_POINT('',(7.178949352554E1,3.760836823746E1,-1.030403619435E1));
#1470=DIRECTION('',(2.304800857119E-1,9.506059430235E-1,-2.079116908178E-1));
#1471=DIRECTION('',(-9.718430452728E-1,2.356291479313E-1,0.E0));
#1472=AXIS2_PLACEMENT_3D('',#1469,#1470,#1471);
#1474=CARTESIAN_POINT('',(7.178949352554E1,3.760836823746E1,-1.030403619435E1));
#1475=DIRECTION('',(2.304800857119E-1,9.506059430235E-1,-2.079116908178E-1));
#1476=DIRECTION('',(9.718430452728E-1,-2.356291479313E-1,0.E0));
#1477=AXIS2_PLACEMENT_3D('',#1474,#1475,#1476);
#1479=DIRECTION('',(-1.793018856898E-1,-9.616350474644E-1,2.076267547217E-1));
#1480=VECTOR('',#1479,1.718055321996E0);
#1481=CARTESIAN_POINT('',(4.758359070570E1,5.007602222879E1,1.161462849574E1));
#1482=LINE('',#1481,#1480);
#1483=CARTESIAN_POINT('',(5.322741352396E1,4.899378721791E1,1.155551936504E1));
#1484=DIRECTION('',(-2.304800857119E-1,-9.506059430235E-1,2.079116908178E-1));
#1485=DIRECTION('',(9.718430452728E-1,-2.356291479313E-1,0.E0));
#1486=AXIS2_PLACEMENT_3D('',#1483,#1484,#1485);
#1488=CARTESIAN_POINT('',(5.316188820725E1,4.872353065628E1,1.161462850389E1));
#1489=DIRECTION('',(-2.304800857119E-1,-9.506059430235E-1,2.079116908178E-1));
#1490=DIRECTION('',(9.718430452728E-1,-2.356291479313E-1,0.E0));
#1491=AXIS2_PLACEMENT_3D('',#1488,#1489,#1490);
#1493=CARTESIAN_POINT('',(5.902772035998E1,4.728552203476E1,1.161789287227E1));
#1494=DIRECTION('',(4.899005455497E-2,2.020575307515E-1,9.781476007338E-1));
#1495=DIRECTION('',(2.304800854242E-1,9.506059430932E-1,-2.079116908178E-1));
#1496=AXIS2_PLACEMENT_3D('',#1493,#1494,#1495);
#1498=CARTESIAN_POINT('',(5.322741352396E1,4.899378721791E1,1.155551936504E1));
#1499=DIRECTION('',(-2.304800857119E-1,-9.506059430235E-1,2.079116908178E-1));
#1500=DIRECTION('',(-9.718430452728E-1,2.356291479313E-1,0.E0));
#1501=AXIS2_PLACEMENT_3D('',#1498,#1499,#1500);
#1503=CARTESIAN_POINT('',(5.316188820725E1,4.872353065628E1,1.161462850389E1));
#1504=DIRECTION('',(-2.304800857119E-1,-9.506059430235E-1,2.079116908178E-1));
#1505=DIRECTION('',(-9.718430452728E-1,2.356291479313E-1,0.E0));
#1506=AXIS2_PLACEMENT_3D('',#1503,#1504,#1505);
#1508=CARTESIAN_POINT('',(4.728881863652E1,5.013168883526E1,1.161789287230E1));
#1509=DIRECTION('',(-4.899005455497E-2,-2.020575307515E-1,-9.781476007338E-1));
#1510=DIRECTION('',(2.304800859996E-1,9.506059429537E-1,-2.079116908178E-1));
#1511=AXIS2_PLACEMENT_3D('',#1508,#1509,#1510);
#1513=DIRECTION('',(-2.810265558396E-1,-9.369712937685E-1,2.076267554210E-1));
#1514=VECTOR('',#1513,1.718055321996E0);
#1515=CARTESIAN_POINT('',(5.874018572821E1,4.737103916387E1,1.161462849453E1));
#1516=LINE('',#1515,#1514);
#1517=DIRECTION('',(-1.793018856898E-1,-9.616350474644E-1,2.076267547217E-1));
#1518=VECTOR('',#1517,1.718055321996E0);
#1519=CARTESIAN_POINT('',(6.660663087870E1,4.059181513439E1,-1.066075044528E1));
#1520=LINE('',#1519,#1518);
#1521=CARTESIAN_POINT('',(7.225045369696E1,3.950958012351E1,-1.071985957598E1));
#1522=DIRECTION('',(-2.304800857119E-1,-9.506059430235E-1,2.079116908178E-1));
#1523=DIRECTION('',(9.718430452728E-1,-2.356291479313E-1,0.E0));
#1524=AXIS2_PLACEMENT_3D('',#1521,#1522,#1523);
#1526=CARTESIAN_POINT('',(7.218492838024E1,3.923932356188E1,-1.066075043712E1));
#1527=DIRECTION('',(-2.304800857119E-1,-9.506059430235E-1,2.079116908178E-1));
#1528=DIRECTION('',(9.718430452728E-1,-2.356291479313E-1,0.E0));
#1529=AXIS2_PLACEMENT_3D('',#1526,#1527,#1528);
#1531=CARTESIAN_POINT('',(7.805076053298E1,3.780131494035E1,-1.065748606875E1));
#1532=DIRECTION('',(4.899005455497E-2,2.020575307515E-1,9.781476007338E-1));
#1533=DIRECTION('',(2.304800854243E-1,9.506059430932E-1,-2.079116908178E-1));
#1534=AXIS2_PLACEMENT_3D('',#1531,#1532,#1533);
#1536=CARTESIAN_POINT('',(7.225045369696E1,3.950958012351E1,-1.071985957598E1));
#1537=DIRECTION('',(-2.304800857119E-1,-9.506059430235E-1,2.079116908178E-1));
#1538=DIRECTION('',(-9.718430452728E-1,2.356291479313E-1,0.E0));
#1539=AXIS2_PLACEMENT_3D('',#1536,#1537,#1538);
#1541=CARTESIAN_POINT('',(7.218492838024E1,3.923932356188E1,-1.066075043712E1));
#1542=DIRECTION('',(-2.304800857119E-1,-9.506059430235E-1,2.079116908178E-1));
#1543=DIRECTION('',(-9.718430452728E-1,2.356291479313E-1,0.E0));
#1544=AXIS2_PLACEMENT_3D('',#1541,#1542,#1543);
#1546=CARTESIAN_POINT('',(6.631185880951E1,4.064748174085E1,-1.065748606872E1));
#1547=DIRECTION('',(-4.899005455497E-2,-2.020575307515E-1,-9.781476007338E-1));
#1548=DIRECTION('',(2.304800859997E-1,9.506059429537E-1,-2.079116908178E-1));
#1549=AXIS2_PLACEMENT_3D('',#1546,#1547,#1548);
#1551=DIRECTION('',(-2.810265558396E-1,-9.369712937685E-1,2.076267554210E-1));
#1552=VECTOR('',#1551,1.718055321996E0);
#1553=CARTESIAN_POINT('',(7.776322590121E1,3.788683206947E1,-1.066075044649E1));
#1554=LINE('',#1553,#1552);
#1555=DIRECTION('',(-2.474059822978E-1,-9.463488654758E-1,2.078800248602E-1));
#1556=VECTOR('',#1555,2.900441751327E0);
#1557=CARTESIAN_POINT('',(6.877678008519E1,3.833881859605E1,-1.030403619435E1));
#1558=LINE('',#1557,#1556);
#1559=DIRECTION('',(-2.134839826591E-1,-9.545734567921E-1,2.078800248602E-1));
#1560=VECTOR('',#1559,2.900441751327E0);
#1561=CARTESIAN_POINT('',(7.480220696588E1,3.687791787888E1,-1.030403619435E1));
#1562=LINE('',#1561,#1560);
#1563=DIRECTION('',(2.134245149298E-1,9.505194533464E-1,-2.257492973122E-1));
#1564=VECTOR('',#1563,2.400731118872E0);
#1565=CARTESIAN_POINT('',(7.514857497814E1,3.276919207207E1,-1.475760125078E1));
#1566=LINE('',#1565,#1564);
#1567=DIRECTION('',(2.134353767711E-1,9.579737113690E-1,-1.916551806463E-1));
#1568=VECTOR('',#1567,2.500761582228E0);
#1569=CARTESIAN_POINT('',(7.461492240261E1,3.044106836271E1,-1.396940375312E1));
#1570=LINE('',#1569,#1568);
#1571=DIRECTION('',(2.134353767656E-1,9.579737116827E-1,-1.916551790840E-1));
#1572=VECTOR('',#1571,2.400731119005E0);
#1573=CARTESIAN_POINT('',(7.515191020585E1,3.505808893841E1,-4.288696596520E0));
#1574=LINE('',#1573,#1572);
#1575=DIRECTION('',(2.134245149298E-1,9.505194533464E-1,-2.257492973122E-1));
#1576=VECTOR('',#1575,4.901492701030E0);
#1577=CARTESIAN_POINT('',(7.461858593324E1,3.295527263959E1,-2.469993166699E0));
#1578=LINE('',#1577,#1576);
#1579=DIRECTION('',(2.134245149362E-1,9.505194537133E-1,-2.257492957615E-1));
#1580=VECTOR('',#1579,2.500761582089E0);
#1581=CARTESIAN_POINT('',(7.461808796323E1,3.261352626072E1,-4.033065015356E0));
#1582=LINE('',#1581,#1580);
#1583=DIRECTION('',(-9.730769923876E-1,2.252260156654E-1,-4.893269615945E-2));
#1584=VECTOR('',#1583,8.289403637035E-1);
#1585=CARTESIAN_POINT('',(7.542471075921E1,3.242682732538E1,-3.992502728404E0));
#1586=LINE('',#1585,#1584);
#1587=DIRECTION('',(-3.112322019152E-4,-2.135921359306E-1,-9.769228744395E-1));
#1588=VECTOR('',#1587,1.599995137337E0);
#1589=CARTESIAN_POINT('',(7.461858593324E1,3.295527263959E1,-2.469993166699E0));
#1590=LINE('',#1589,#1588);
#1591=DIRECTION('',(9.730769924160E-1,-2.252259961567E-1,4.893278538765E-2));
#1592=VECTOR('',#1591,8.371059617997E0);
#1593=CARTESIAN_POINT('',(6.647290041683E1,3.484065288094E1,-2.879612430454E0));
#1594=LINE('',#1593,#1592);
#1595=DIRECTION('',(3.112322019157E-4,2.135921359306E-1,9.769228744395E-1));
#1596=VECTOR('',#1595,1.599994372758E0);
#1597=CARTESIAN_POINT('',(6.647240244705E1,3.449890666538E1,-4.442683532176E0));
#1598=LINE('',#1597,#1596);
#1599=DIRECTION('',(-9.730769923876E-1,2.252260156654E-1,-4.893269615944E-2));
#1600=VECTOR('',#1599,8.289403637035E-1);
#1601=CARTESIAN_POINT('',(6.647240244705E1,3.449890666538E1,-4.442683532176E0));
#1602=LINE('',#1601,#1600);
#1603=DIRECTION('',(-3.112322019156E-4,-2.135921359306E-1,-9.769228744395E-1));
#1604=VECTOR('',#1603,2.428934660749E0);
#1605=CARTESIAN_POINT('',(6.566653561376E1,3.520440694295E1,-2.110363988522E0));
#1606=LINE('',#1605,#1604);
#1607=DIRECTION('',(-9.730769924160E-1,2.252259961567E-1,-4.893278538765E-2));
#1608=VECTOR('',#1607,1.002894034540E1);
#1609=CARTESIAN_POINT('',(7.542546672218E1,3.294562886326E1,-1.619620002935E0));
#1610=LINE('',#1609,#1608);
#1611=DIRECTION('',(3.112322019308E-4,2.135921359306E-1,9.769228744395E-1));
#1612=VECTOR('',#1611,2.428935576753E0);
#1613=CARTESIAN_POINT('',(7.542471075921E1,3.242682732538E1,-3.992502728404E0));
#1614=LINE('',#1613,#1612);
#1615=DIRECTION('',(-9.730769924160E-1,2.252259961567E-1,-4.893278538765E-2));
#1616=VECTOR('',#1615,8.289403637035E-1);
#1617=CARTESIAN_POINT('',(4.744864175734E1,4.334359415839E1,1.490790942816E1));
#1618=LINE('',#1617,#1616);
#1619=DIRECTION('',(-3.112322019202E-4,-2.135921359306E-1,-9.769228744395E-1));
#1620=VECTOR('',#1619,1.997634533691E0);
#1621=CARTESIAN_POINT('',(4.664264068953E1,4.395697210442E1,1.681888193798E1));
#1622=LINE('',#1621,#1620);
#1623=DIRECTION('',(-5.395333867213E-1,-5.297221067180E-2,-8.402961796353E-1));
#1624=VECTOR('',#1623,1.153423432516E0);
#1625=CARTESIAN_POINT('',(4.726495114040E1,4.401807149348E1,1.778809924182E1));
#1626=LINE('',#1625,#1624);
#1627=DIRECTION('',(-9.730769924445E-1,2.252259766481E-1,-4.893287461585E-2));
#1628=VECTOR('',#1627,1.897189625746E-1);
#1629=CARTESIAN_POINT('',(4.744956229791E1,4.397534185484E1,1.779738273603E1));
#1630=LINE('',#1629,#1628);
#1631=DIRECTION('',(3.112322019289E-4,2.135921359306E-1,9.769228744395E-1));
#1632=VECTOR('',#1631,2.957729195897E0);
#1633=CARTESIAN_POINT('',(4.744864175734E1,4.334359415839E1,1.490790942816E1));
#1634=LINE('',#1633,#1632);
#1635=DIRECTION('',(9.730769924160E-1,-2.252259961567E-1,4.893278538765E-2));
#1636=VECTOR('',#1635,8.289403637034E-1);
#1637=CARTESIAN_POINT('',(4.663978599359E1,4.199785411732E1,7.858312453619E0));
#1638=LINE('',#1637,#1636);
#1639=DIRECTION('',(3.112322019248E-4,2.135921359306E-1,9.769228744395E-1));
#1640=VECTOR('',#1639,1.598227894419E0);
#1641=CARTESIAN_POINT('',(4.744591136960E1,4.146978628848E1,6.337529425910E0));
#1642=LINE('',#1641,#1640);
#1643=DIRECTION('',(-9.730769924160E-1,2.252259961567E-1,-4.893278538765E-2));
#1644=VECTOR('',#1643,8.371059617997E0);
#1645=CARTESIAN_POINT('',(5.559159688602E1,3.958440604713E1,6.747148689664E0));
#1646=LINE('',#1645,#1644);
#1647=DIRECTION('',(-3.112322019248E-4,-2.135921359306E-1,-9.769228744395E-1));
#1648=VECTOR('',#1647,1.598227894419E0);
#1649=CARTESIAN_POINT('',(5.559209430601E1,3.992577495680E1,8.308494078290E0));
#1650=LINE('',#1649,#1648);
#1651=DIRECTION('',(9.730769924160E-1,-2.252259961567E-1,4.893278538766E-2));
#1652=VECTOR('',#1651,8.289403637035E-1);
#1653=CARTESIAN_POINT('',(5.559209430601E1,3.992577495680E1,8.308494078290E0));
#1654=LINE('',#1653,#1652);
#1655=DIRECTION('',(3.112322019206E-4,2.135921359306E-1,9.769228744395E-1));
#1656=VECTOR('',#1655,2.427168258122E0);
#1657=CARTESIAN_POINT('',(5.639796168909E1,3.922065198512E1,5.977900247733E0));
#1658=LINE('',#1657,#1656);
#1659=DIRECTION('',(9.730769924160E-1,-2.252259961567E-1,4.893278538765E-2));
#1660=VECTOR('',#1659,1.002894034540E1);
#1661=CARTESIAN_POINT('',(4.663903058066E1,4.147943006481E1,5.487156262145E0));
#1662=LINE('',#1661,#1660);
#1663=DIRECTION('',(-3.112322019264E-4,-2.135921359306E-1,-9.769228744395E-1));
#1664=VECTOR('',#1663,2.427168258122E0);
#1665=CARTESIAN_POINT('',(4.663978599359E1,4.199785411732E1,7.858312453619E0));
#1666=LINE('',#1665,#1664);
#1667=DIRECTION('',(3.112322019296E-4,2.135921359306E-1,9.769228744395E-1));
#1668=VECTOR('',#1667,8.289403637035E-1);
#1669=CARTESIAN_POINT('',(5.883439846843E1,4.122722043012E1,1.785316342762E1));
#1670=LINE('',#1669,#1668);
#1671=DIRECTION('',(9.730769924445E-1,-2.252259766481E-1,4.893287461587E-2));
#1672=VECTOR('',#1671,2.5E0);
#1673=CARTESIAN_POINT('',(5.640170598732E1,4.179028537174E1,1.773083124108E1));
#1674=LINE('',#1673,#1672);
#1675=DIRECTION('',(3.112322019202E-4,2.135921359306E-1,9.769228744395E-1));
#1676=VECTOR('',#1675,2.428789672484E0);
#1677=CARTESIAN_POINT('',(5.640095006976E1,4.127151499787E1,1.535809105283E1));
#1678=LINE('',#1677,#1676);
#1679=DIRECTION('',(-9.730769924160E-1,2.252259961567E-1,-4.893278538766E-2));
#1680=VECTOR('',#1679,8.289403637035E-1);
#1681=CARTESIAN_POINT('',(5.640095006976E1,4.127151499787E1,1.535809105283E1));
#1682=LINE('',#1681,#1680);
#1683=DIRECTION('',(-3.112322019233E-4,-2.135921359306E-1,-9.769228744395E-1));
#1684=VECTOR('',#1683,3.257729960476E0);
#1685=CARTESIAN_POINT('',(5.559534118423E1,4.215403941758E1,1.850007960905E1));
#1686=LINE('',#1685,#1684);
#1687=DIRECTION('',(9.730769924160E-1,-2.252259961567E-1,4.893278538765E-2));
#1688=VECTOR('',#1687,8.614470034360E0);
#1689=CARTESIAN_POINT('',(6.566185812724E1,3.199434600152E1,-1.679246802930E1));
#1690=LINE('',#1689,#1688);
#1691=DIRECTION('',(-3.112322019156E-4,-2.135921359306E-1,-9.769228744395E-1));
#1692=VECTOR('',#1691,2.428934660750E0);
#1693=CARTESIAN_POINT('',(6.566261408993E1,3.251314734375E1,-1.441958619869E1));
#1694=LINE('',#1693,#1692);
#1695=DIRECTION('',(9.730769924445E-1,-2.252259766481E-1,4.893287461586E-2));
#1696=VECTOR('',#1695,8.289403637035E-1);
#1697=CARTESIAN_POINT('',(6.566261408993E1,3.251314734375E1,-1.441958619869E1));
#1698=LINE('',#1697,#1696);
#1699=DIRECTION('',(3.112322019246E-4,2.135921359306E-1,9.769228744395E-1));
#1700=VECTOR('',#1699,1.599994372758E0);
#1701=CARTESIAN_POINT('',(6.646873891618E1,3.198470222519E1,-1.594209486553E1));
#1702=LINE('',#1701,#1700);
#1703=DIRECTION('',(-9.730769924160E-1,2.252259961567E-1,-4.893278538765E-2));
#1704=VECTOR('',#1703,8.371059617997E0);
#1705=CARTESIAN_POINT('',(7.461442443260E1,3.009932198384E1,-1.553247560178E1));
#1706=LINE('',#1705,#1704);
#1707=DIRECTION('',(-3.112322019063E-4,-2.135921359306E-1,-9.769228744395E-1));
#1708=VECTOR('',#1707,1.599995137337E0);
#1709=CARTESIAN_POINT('',(7.461492240261E1,3.044106836271E1,-1.396940375312E1));
#1710=LINE('',#1709,#1708);
#1711=DIRECTION('',(9.730769924445E-1,-2.252259766481E-1,4.893287461586E-2));
#1712=VECTOR('',#1711,8.289403637035E-1);
#1713=CARTESIAN_POINT('',(7.461492240261E1,3.044106836271E1,-1.396940375312E1));
#1714=LINE('',#1713,#1712);
#1715=DIRECTION('',(3.112322019237E-4,2.135921359306E-1,9.769228744395E-1));
#1716=VECTOR('',#1715,1.014465265709E0);
#1717=CARTESIAN_POINT('',(7.542122946438E1,3.003768765678E1,-1.491989564164E1));
#1718=LINE('',#1717,#1716);
#1719=DIRECTION('',(-3.112322019190E-4,-2.135921359306E-1,-9.769228744395E-1));
#1720=VECTOR('',#1719,2.371404916984E-1);
#1721=CARTESIAN_POINT('',(7.604336019725E1,3.478419318462E1,-4.552777277485E0));
#1722=LINE('',#1721,#1720);
#1723=DIRECTION('',(2.473844137730E-1,9.426591786524E-1,-2.240415691890E-1));
#1724=VECTOR('',#1723,2.500761582367E0);
#1725=CARTESIAN_POINT('',(7.542471075921E1,3.242682732538E1,-3.992502728404E0));
#1726=LINE('',#1725,#1724);
#1727=CARTESIAN_POINT('',(7.663720806773E1,3.700911413047E1,-5.265131726841E0));
#1728=CARTESIAN_POINT('',(7.643923416217E1,3.625059202477E1,-5.104893492390E0));
#1729=CARTESIAN_POINT('',(7.624126027002E1,3.549206793493E1,-4.944664633436E0));
#1730=CARTESIAN_POINT('',(7.604328639150E1,3.473354184048E1,-4.784445248281E0));
#1732=DIRECTION('',(2.473952756354E-1,9.501134377750E-1,-1.899474478708E-1));
#1733=VECTOR('',#1732,2.500761582228E0);
#1734=CARTESIAN_POINT('',(7.542154519864E1,3.025436945971E1,-1.392884131824E1));
#1735=LINE('',#1734,#1733);
#1736=DIRECTION('',(-3.112322019143E-4,-2.135921359306E-1,-9.769228744395E-1));
#1737=VECTOR('',#1736,2.876450142123E-1);
#1738=CARTESIAN_POINT('',(7.604031132396E1,3.269181535663E1,-1.412284760442E1));
#1739=LINE('',#1738,#1737);
#1740=CARTESIAN_POINT('',(7.663422264514E1,3.496028118973E1,-1.463603743457E1));
#1741=CARTESIAN_POINT('',(7.643625218528E1,3.420412379502E1,-1.446498353854E1));
#1742=CARTESIAN_POINT('',(7.623828174479E1,3.344796850984E1,-1.429392029445E1));
#1743=CARTESIAN_POINT('',(7.604031132396E1,3.269181535663E1,-1.412284760442E1));
#1745=DIRECTION('',(2.473952756418E-1,9.501134374610E-1,-1.899474494331E-1));
#1746=VECTOR('',#1745,4.901492701030E0);
#1747=CARTESIAN_POINT('',(7.542546672218E1,3.294562886326E1,-1.619620002935E0));
#1748=LINE('',#1747,#1746);
#1749=DIRECTION('',(-3.112322019229E-4,-2.135921359306E-1,-9.769228744395E-1));
#1750=VECTOR('',#1749,2.398202143820E-1);
#1751=CARTESIAN_POINT('',(6.619950347870E1,3.706262813360E1,-5.047790985151E0));
#1752=LINE('',#1751,#1750);
#1753=CARTESIAN_POINT('',(6.671182192518E1,3.930584437813E1,-5.766875642770E0));
#1754=CARTESIAN_POINT('',(6.654102421856E1,3.854103304788E1,-5.605266642139E0));
#1755=CARTESIAN_POINT('',(6.637022652308E1,3.777621973590E1,-5.443667007931E0));
#1756=CARTESIAN_POINT('',(6.619942883893E1,3.701140442177E1,-5.282076838334E0));
#1758=DIRECTION('',(2.134353767656E-1,9.579737116827E-1,-1.916551790840E-1));
#1759=VECTOR('',#1758,4.901492701302E0);
#1760=CARTESIAN_POINT('',(6.566653561376E1,3.520440694295E1,-2.110363988522E0));
#1761=LINE('',#1760,#1759);
#1762=DIRECTION('',(2.134245149362E-1,9.505194537133E-1,-2.257492957615E-1));
#1763=VECTOR('',#1762,2.500761582089E0);
#1764=CARTESIAN_POINT('',(6.566577965107E1,3.468560560072E1,-4.483245819127E0));
#1765=LINE('',#1764,#1763);
#1766=DIRECTION('',(-3.112322019649E-4,-2.135921359306E-1,-9.769228744395E-1));
#1767=VECTOR('',#1766,2.903228889468E-1);
#1768=CARTESIAN_POINT('',(6.619645543828E1,3.497082188388E1,-1.461524704030E1));
#1769=LINE('',#1768,#1767);
#1770=DIRECTION('',(2.134353767711E-1,9.579737113690E-1,-1.916551806463E-1));
#1771=VECTOR('',#1770,2.500761582228E0);
#1772=CARTESIAN_POINT('',(6.566261408993E1,3.251314734375E1,-1.441958619869E1));
#1773=LINE('',#1772,#1771);
#1774=CARTESIAN_POINT('',(6.670883817745E1,3.725816085745E1,-1.513252415901E1));
#1775=CARTESIAN_POINT('',(6.653804391388E1,3.649571241752E1,-1.496010782418E1));
#1776=CARTESIAN_POINT('',(6.636724966740E1,3.573326608552E1,-1.478768215053E1));
#1777=CARTESIAN_POINT('',(6.619645543828E1,3.497082188388E1,-1.461524704030E1));
#1779=CARTESIAN_POINT('',(7.167425348268E1,3.713306526595E1,-1.020008034894E1));
#1780=DIRECTION('',(2.304800857119E-1,9.506059430235E-1,-2.079116908178E-1));
#1781=DIRECTION('',(-7.093450436049E-1,1.787079878630E-2,-7.046348300104E-1));
#1782=AXIS2_PLACEMENT_3D('',#1779,#1780,#1781);
#1784=CARTESIAN_POINT('',(7.112110127697E1,3.485161100269E1,-9.701092290974E0));
#1785=DIRECTION('',(-2.304800857119E-1,-9.506059430235E-1,2.079116908178E-1));
#1786=DIRECTION('',(-7.073291400858E-1,3.103995320915E-1,6.350886694493E-1));
#1787=AXIS2_PLACEMENT_3D('',#1784,#1785,#1786);
#1789=CARTESIAN_POINT('',(7.112110127697E1,3.485161100269E1,-9.701092290974E0));
#1790=DIRECTION('',(-2.304800857119E-1,-9.506059430235E-1,2.079116908178E-1));
#1791=DIRECTION('',(7.069752520594E-1,-3.103998521486E-1,-6.354824346602E-1));
#1792=AXIS2_PLACEMENT_3D('',#1789,#1790,#1791);
#1794=CARTESIAN_POINT('',(7.167425348268E1,3.713306526595E1,-1.020008034894E1));
#1795=DIRECTION('',(2.304800857119E-1,9.506059430235E-1,-2.079116908178E-1));
#1796=DIRECTION('',(7.089935121503E-1,-1.770730506807E-2,7.049926602994E-1));
#1797=AXIS2_PLACEMENT_3D('',#1794,#1795,#1796);
#1799=DIRECTION('',(2.134245149298E-1,9.505194533464E-1,-2.257492973122E-1));
#1800=VECTOR('',#1799,4.901492701030E0);
#1801=CARTESIAN_POINT('',(6.566185812724E1,3.199434600152E1,-1.679246802930E1));
#1802=LINE('',#1801,#1800);
#1803=DIRECTION('',(2.304395491765E-1,9.467334647249E-1,-2.249296800008E-1));
#1804=VECTOR('',#1803,4.900746407415E0);
#1805=CARTESIAN_POINT('',(7.404440071954E1,3.005414340667E1,-1.637093801588E1));
#1806=LINE('',#1805,#1804);
#1807=CARTESIAN_POINT('',(7.404484107392E1,3.035626308493E1,-1.498910973369E1));
#1808=DIRECTION('',(-2.304800857119E-1,-9.506059430235E-1,2.079116908178E-1));
#1809=DIRECTION('',(-3.113210788609E-4,-2.135921153593E-1,-9.769228789088E-1));
#1810=AXIS2_PLACEMENT_3D('',#1807,#1808,#1809);
#1812=DIRECTION('',(2.474275176454E-1,9.465304258493E-1,-2.070260284443E-1));
#1813=VECTOR('',#1812,4.900746407415E0);
#1814=CARTESIAN_POINT('',(7.542122946438E1,3.003768765678E1,-1.491989564164E1));
#1815=LINE('',#1814,#1813);
#1816=CARTESIAN_POINT('',(7.517419349391E1,3.501423220574E1,-1.600787701870E1));
#1817=DIRECTION('',(2.304800857119E-1,9.506059430235E-1,-2.079116908178E-1));
#1818=DIRECTION('',(9.730769924445E-1,-2.252259766481E-1,4.893287461586E-2));
#1819=AXIS2_PLACEMENT_3D('',#1816,#1817,#1818);
#1821=DIRECTION('',(2.473844137803E-1,9.426591790190E-1,-2.240415676382E-1));
#1822=VECTOR('',#1821,4.901492701302E0);
#1823=CARTESIAN_POINT('',(6.647290041683E1,3.484065288094E1,-2.879612430454E0));
#1824=LINE('',#1823,#1822);
#1825=DIRECTION('',(3.112322018779E-4,2.135921359306E-1,9.769228744395E-1));
#1826=VECTOR('',#1825,2.384460663355E-1);
#1827=CARTESIAN_POINT('',(5.701740729267E1,4.212440956359E1,7.916699770800E0));
#1828=LINE('',#1827,#1826);
#1829=CARTESIAN_POINT('',(5.761139282655E1,4.444380601912E1,7.636455268186E0));
#1830=CARTESIAN_POINT('',(5.741342236649E1,4.368764848546E1,7.807508528607E0));
#1831=CARTESIAN_POINT('',(5.721545192580E1,4.293149306101E1,7.978571135701E0));
#1832=CARTESIAN_POINT('',(5.701748150476E1,4.217533976820E1,8.149643187324E0));
#1834=DIRECTION('',(2.473844137803E-1,9.426591790190E-1,-2.240415676382E-1));
#1835=VECTOR('',#1834,4.901492701302E0);
#1836=CARTESIAN_POINT('',(5.639796168909E1,3.922065198512E1,5.977900247733E0));
#1837=LINE('',#1836,#1835);
#1838=DIRECTION('',(2.472876975623E-1,9.534071243718E-1,-1.728110234659E-1));
#1839=VECTOR('',#1838,2.501904448768E0);
#1840=CARTESIAN_POINT('',(5.639871710201E1,3.973907603763E1,8.349056439206E0));
#1841=LINE('',#1840,#1839);
#1842=DIRECTION('',(-2.473844137877E-1,-9.426591793856E-1,2.240415660874E-1));
#1843=VECTOR('',#1842,2.500761582228E0);
#1844=CARTESIAN_POINT('',(5.702035542536E1,4.414765123268E1,1.717055669979E1));
#1845=LINE('',#1844,#1843);
#1846=DIRECTION('',(2.472659771450E-1,9.385008760538E-1,-2.409888839612E-1));
#1847=VECTOR('',#1846,2.501904449046E0);
#1848=CARTESIAN_POINT('',(5.640095006976E1,4.127151499787E1,1.535809105283E1));
#1849=LINE('',#1848,#1847);
#1850=CARTESIAN_POINT('',(5.209789551052E1,4.433513511349E1,1.257098037E1));
#1851=DIRECTION('',(-2.304800857119E-1,-9.506059430235E-1,2.079116908178E-1));
#1852=DIRECTION('',(6.188391189890E-1,2.169765035265E-2,7.852180313633E-1));
#1853=AXIS2_PLACEMENT_3D('',#1850,#1851,#1852);
#1855=DIRECTION('',(-2.180984828797E-1,-9.559691984024E-1,1.963566741200E-1));
#1856=VECTOR('',#1855,2.400378764176E0);
#1857=CARTESIAN_POINT('',(4.875786963896E1,4.874469539808E1,1.748626319744E1));
#1858=LINE('',#1857,#1856);
#1859=CARTESIAN_POINT('',(5.265104771623E1,4.661658937674E1,1.207199231203E1));
#1860=DIRECTION('',(2.304800857119E-1,9.506059430235E-1,-2.079116908178E-1));
#1861=DIRECTION('',(-5.561682967532E-1,3.040151459060E-1,7.734672693440E-1));
#1862=AXIS2_PLACEMENT_3D('',#1859,#1860,#1861);
#1864=CARTESIAN_POINT('',(5.265104771623E1,4.661658937674E1,1.207199231203E1));
#1865=DIRECTION('',(2.304800857119E-1,9.506059430235E-1,-2.079116908178E-1));
#1866=DIRECTION('',(-7.092913732979E-1,1.784583165109E-2,-7.046894876879E-1));
#1867=AXIS2_PLACEMENT_3D('',#1864,#1865,#1866);
#1869=DIRECTION('',(2.145230471677E-1,9.556181566718E-1,-2.019252358499E-1));
#1870=VECTOR('',#1869,2.400378764176E0);
#1871=CARTESIAN_POINT('',(4.547855599920E1,4.617943911158E1,1.366558165245E1));
#1872=LINE('',#1871,#1870);
#1873=CARTESIAN_POINT('',(5.209789551052E1,4.433513511349E1,1.257098037E1));
#1874=DIRECTION('',(-2.304800857119E-1,-9.506059430235E-1,2.079116908178E-1));
#1875=DIRECTION('',(-9.513131528810E-1,2.650582657527E-1,1.573130665644E-1));
#1876=AXIS2_PLACEMENT_3D('',#1873,#1874,#1875);
#1878=CARTESIAN_POINT('',(5.265104771623E1,4.661658937674E1,1.207199231203E1));
#1879=DIRECTION('',(2.304800857119E-1,9.506059430235E-1,-2.079116908178E-1));
#1880=DIRECTION('',(7.555416160102E-1,-4.017498375295E-2,6.538675991033E-1));
#1881=AXIS2_PLACEMENT_3D('',#1878,#1879,#1880);
#1883=CARTESIAN_POINT('',(5.209789551052E1,4.433513511349E1,1.257098037E1));
#1884=DIRECTION('',(-2.304800857119E-1,-9.506059430235E-1,2.079116908178E-1));
#1885=DIRECTION('',(7.070292821577E-1,-3.103998089216E-1,-6.354223420631E-1));
#1886=AXIS2_PLACEMENT_3D('',#1883,#1884,#1885);
#1888=CARTESIAN_POINT('',(4.726495114040E1,4.401807149348E1,1.778809924182E1));
#1889=CARTESIAN_POINT('',(4.744944174258E1,4.481510460122E1,1.762866850277E1));
#1890=CARTESIAN_POINT('',(4.763393234477E1,4.561213770896E1,1.746923776372E1));
#1891=CARTESIAN_POINT('',(4.781842294695E1,4.640917081670E1,1.730980702467E1));
#1893=DIRECTION('',(2.473952756354E-1,9.501134377750E-1,-1.899474478708E-1));
#1894=VECTOR('',#1893,2.500761582228E0);
#1895=CARTESIAN_POINT('',(4.744956229791E1,4.397534185484E1,1.779738273603E1));
#1896=LINE('',#1895,#1894);
#1897=DIRECTION('',(2.472659771450E-1,9.385008760538E-1,-2.409888839612E-1));
#1898=VECTOR('',#1897,2.501904449046E0);
#1899=CARTESIAN_POINT('',(4.744864175734E1,4.334359415839E1,1.490790942816E1));
#1900=LINE('',#1899,#1898);
#1901=DIRECTION('',(2.473844137803E-1,9.426591790190E-1,-2.240415676382E-1));
#1902=VECTOR('',#1901,2.400731119005E0);
#1903=CARTESIAN_POINT('',(4.806498752555E1,4.411999970478E1,7.116674401641E0));
#1904=LINE('',#1903,#1902);
#1905=DIRECTION('',(2.473952756418E-1,9.501134374610E-1,-1.899474494331E-1));
#1906=VECTOR('',#1905,4.901492701030E0);
#1907=CARTESIAN_POINT('',(4.744591136960E1,4.146978628848E1,6.337529425910E0));
#1908=LINE('',#1907,#1906);
#1909=DIRECTION('',(2.472876975623E-1,9.534071243718E-1,-1.728110234659E-1));
#1910=VECTOR('',#1909,2.501904448768E0);
#1911=CARTESIAN_POINT('',(4.744640878959E1,4.181115519815E1,7.898874814535E0));
#1912=LINE('',#1911,#1910);
#1913=DIRECTION('',(2.134245149298E-1,9.505194533464E-1,-2.257492973122E-1));
#1914=VECTOR('',#1913,2.400731118872E0);
#1915=CARTESIAN_POINT('',(5.612574743156E1,4.225427613536E1,7.522023040666E0));
#1916=LINE('',#1915,#1914);
#1917=DIRECTION('',(2.133215911446E-1,9.463575598703E-1,-2.426958335609E-1));
#1918=VECTOR('',#1917,2.501904448768E0);
#1919=CARTESIAN_POINT('',(5.559432727376E1,4.145821391704E1,1.531752869191E1));
#1920=LINE('',#1919,#1918);
#1921=DIRECTION('',(2.134353767710E-1,9.579737113690E-1,-1.916551806463E-1));
#1922=VECTOR('',#1921,2.500761582228E0);
#1923=CARTESIAN_POINT('',(5.559534118423E1,4.215403941758E1,1.850007960905E1));
#1924=LINE('',#1923,#1922);
#1925=DIRECTION('',(2.133433115107E-1,9.612638079772E-1,-1.745179730194E-1));
#1926=VECTOR('',#1925,2.501904449046E0);
#1927=CARTESIAN_POINT('',(5.559209430601E1,3.992577495680E1,8.308494078290E0));
#1928=LINE('',#1927,#1926);
#1929=DIRECTION('',(9.730769924445E-1,-2.252259766481E-1,4.893287461586E-2));
#1930=VECTOR('',#1929,3.160749126523E0);
#1931=CARTESIAN_POINT('',(5.697161034529E1,4.677313246246E1,1.757728366043E1));
#1932=LINE('',#1931,#1930);
#1933=DIRECTION('',(2.473952756354E-1,9.501134377750E-1,-1.899474478708E-1));
#1934=VECTOR('',#1933,4.901492701166E0);
#1935=CARTESIAN_POINT('',(5.883465646137E1,4.140427557296E1,1.866297423047E1));
#1936=LINE('',#1935,#1934);
#1937=DIRECTION('',(-9.730769924445E-1,2.252259766481E-1,-4.893287461586E-2));
#1938=VECTOR('',#1937,3.328940363703E0);
#1939=CARTESIAN_POINT('',(5.883465646137E1,4.140427557296E1,1.866297423047E1));
#1940=LINE('',#1939,#1938);
#1941=CARTESIAN_POINT('',(5.697161034529E1,4.677313246246E1,1.757728366043E1));
#1942=CARTESIAN_POINT('',(5.678236339012E1,4.601078958885E1,1.772972690181E1));
#1943=CARTESIAN_POINT('',(5.659310824907E1,4.524844866286E1,1.788216972093E1));
#1944=CARTESIAN_POINT('',(5.640384483864E1,4.448610970461E1,1.803461211341E1));
#1946=DIRECTION('',(2.473844137877E-1,9.426591793856E-1,-2.240415660874E-1));
#1947=VECTOR('',#1946,4.901492701166E0);
#1948=CARTESIAN_POINT('',(5.883439846843E1,4.122722043012E1,1.785316342762E1));
#1949=LINE('',#1948,#1947);
#1950=CARTESIAN_POINT('',(5.793983902830E1,4.633536449047E1,1.664906550576E1));
#1951=CARTESIAN_POINT('',(5.786856451806E1,4.608400398288E1,1.670882993690E1));
#1952=CARTESIAN_POINT('',(5.772616442004E1,4.558200279163E1,1.682818789687E1));
#1953=CARTESIAN_POINT('',(5.751300991337E1,4.483116111934E1,1.700671198287E1));
#1954=CARTESIAN_POINT('',(5.737120299246E1,4.433203967486E1,1.712538623808E1));
#1955=CARTESIAN_POINT('',(5.730037335481E1,4.408283898028E1,1.718463789001E1));
#1957=DIRECTION('',(3.112322019500E-4,2.135921359305E-1,9.769228744395E-1));
#1958=VECTOR('',#1957,2.403053241591E-1);
#1959=CARTESIAN_POINT('',(4.717355057383E1,4.440284431521E1,7.421685160483E0));
#1960=LINE('',#1959,#1958);
#1961=DIRECTION('',(2.133433115107E-1,9.612638079772E-1,-1.745179730194E-1));
#1962=VECTOR('',#1961,2.501904449046E0);
#1963=CARTESIAN_POINT('',(4.663978599359E1,4.199785411732E1,7.858312453619E0));
#1964=LINE('',#1963,#1962);
#1965=CARTESIAN_POINT('',(4.768600810314E1,4.674151019830E1,7.139165898217E0));
#1966=CARTESIAN_POINT('',(4.751521383977E1,4.597906189735E1,7.311582868843E0));
#1967=CARTESIAN_POINT('',(4.734441959350E1,4.521661570467E1,7.484009179681E0));
#1968=CARTESIAN_POINT('',(4.717362536458E1,4.445417164267E1,7.656444928503E0));
#1970=DIRECTION('',(2.133215911446E-1,9.463575598703E-1,-2.426958335609E-1));
#1971=VECTOR('',#1970,2.501904448768E0);
#1972=CARTESIAN_POINT('',(4.664201896134E1,4.353029307756E1,1.486734706724E1));
#1973=LINE('',#1972,#1971);
#1974=CARTESIAN_POINT('',(4.664264068953E1,4.395697210442E1,1.681888193798E1));
#1975=CARTESIAN_POINT('',(4.682055452843E1,4.475335949551E1,1.664920822009E1));
#1976=CARTESIAN_POINT('',(4.699846836733E1,4.554974688660E1,1.647953450221E1));
#1977=CARTESIAN_POINT('',(4.717638220623E1,4.634613427770E1,1.630986078433E1));
#1979=DIRECTION('',(2.134245149298E-1,9.505194533464E-1,-2.257492973122E-1));
#1980=VECTOR('',#1979,4.901492701030E0);
#1981=CARTESIAN_POINT('',(4.663903058066E1,4.147943006481E1,5.487156262145E0));
#1982=LINE('',#1981,#1980);
#1983=DIRECTION('',(2.134353767656E-1,9.579737116827E-1,-1.916551790840E-1));
#1984=VECTOR('',#1983,4.901492701302E0);
#1985=CARTESIAN_POINT('',(5.559159688602E1,3.958440604713E1,6.747148689664E0));
#1986=LINE('',#1985,#1984);
#1987=DIRECTION('',(2.134353767656E-1,9.579737116827E-1,-1.916551790840E-1));
#1988=VECTOR('',#1987,4.901492701302E0);
#1989=CARTESIAN_POINT('',(7.461442443260E1,3.009932198384E1,-1.553247560178E1));
#1990=LINE('',#1989,#1988);
#1991=DIRECTION('',(2.473952756418E-1,9.501134374610E-1,-1.899474494331E-1));
#1992=VECTOR('',#1991,2.400731118872E0);
#1993=CARTESIAN_POINT('',(6.709115029985E1,3.692381250783E1,-4.694045235544E0));
#1994=LINE('',#1993,#1992);
#1995=DIRECTION('',(2.134245133730E-1,9.505194536790E-1,-2.257492973839E-1));
#1996=VECTOR('',#1995,5.001523164455E0);
#1997=CARTESIAN_POINT('',(6.870957961649E1,3.836492193995E1,1.619435647608E1));
#1998=LINE('',#1997,#1996);
#1999=DIRECTION('',(-9.730769924160E-1,2.252259961567E-1,-4.893278538765E-2));
#2000=VECTOR('',#1999,2.625449350718E0);
#2001=CARTESIAN_POINT('',(7.126460095421E1,3.794991196752E1,1.712922738180E1));
#2002=LINE('',#2001,#2000);
#2003=DIRECTION('',(2.134353783224E-1,9.579737113504E-1,-1.916551790113E-1));
#2004=VECTOR('',#2003,5.001523164455E0);
#2005=CARTESIAN_POINT('',(6.870983659627E1,3.854123141289E1,1.700075683217E1));
#2006=LINE('',#2005,#2004);
#2007=DIRECTION('',(9.730769924160E-1,-2.252259961567E-1,4.893278538765E-2));
#2008=VECTOR('',#2007,2.8E0);
#2009=CARTESIAN_POINT('',(6.977733858507E1,4.333255912115E1,1.604218901476E1));
#2010=LINE('',#2009,#2008);
#2011=DIRECTION('',(-2.473952771858E-1,-9.501134370756E-1,1.899474493498E-1));
#2012=VECTOR('',#2011,5.001523164455E0);
#2013=CARTESIAN_POINT('',(7.250195416383E1,4.270192633191E1,1.617920081385E1));
#2014=LINE('',#2013,#2012);
#2015=DIRECTION('',(-3.113210788683E-4,-2.135921153593E-1,-9.769228789088E-1));
#2016=VECTOR('',#2015,2.E0);
#2017=CARTESIAN_POINT('',(7.046111820284E1,3.795951514687E1,1.628243548978E1));
#2018=LINE('',#2017,#2016);
#2019=DIRECTION('',(-9.730769924160E-1,2.252259961567E-1,-4.893278538765E-2));
#2020=VECTOR('',#2019,1.8E0);
#2021=CARTESIAN_POINT('',(7.046111820284E1,3.795951514687E1,1.628243548978E1));
#2022=LINE('',#2021,#2020);
#2023=DIRECTION('',(3.113210788734E-4,2.135921153593E-1,9.769228789088E-1));
#2024=VECTOR('',#2023,8.254493507178E-1);
#2025=CARTESIAN_POINT('',(6.870957961649E1,3.836492193995E1,1.619435647608E1));
#2026=LINE('',#2025,#2024);
#2027=DIRECTION('',(3.113210788648E-4,2.135921153593E-1,9.769228789088E-1));
#2028=VECTOR('',#2027,2.825449350718E0);
#2029=CARTESIAN_POINT('',(7.126372133227E1,3.734641826386E1,1.436898126788E1));
#2030=LINE('',#2029,#2028);
#2031=DIRECTION('',(9.730769924160E-1,-2.252259961567E-1,4.893278538765E-2));
#2032=VECTOR('',#2031,8.254493507178E-1);
#2033=CARTESIAN_POINT('',(7.046049556068E1,3.753233091615E1,1.432858973196E1));
#2034=LINE('',#2033,#2032);
#2035=DIRECTION('',(-2.134245133730E-1,-9.505194536790E-1,2.257492973839E-1));
#2036=VECTOR('',#2035,5.001523164455E0);
#2037=CARTESIAN_POINT('',(7.152856585034E1,4.271356021271E1,1.515334514955E1));
#2038=LINE('',#2037,#2036);
#2039=DIRECTION('',(-2.134245133730E-1,-9.505194536790E-1,2.257492973839E-1));
#2040=VECTOR('',#2039,5.001523164455E0);
#2041=CARTESIAN_POINT('',(7.152794320818E1,4.228637598199E1,1.319949939173E1));
#2042=LINE('',#2041,#2040);
#2043=DIRECTION('',(-2.473844122363E-1,-9.426591794042E-1,2.240415677224E-1));
#2044=VECTOR('',#2043,5.001523164455E0);
#2045=CARTESIAN_POINT('',(7.250102020060E1,4.206114998583E1,1.324843217712E1));
#2046=LINE('',#2045,#2044);
#2047=DIRECTION('',(-2.304800857119E-1,-9.506059430235E-1,2.079116908176E-1));
#2048=VECTOR('',#2047,1.5E-1);
#2049=CARTESIAN_POINT('',(6.172125461505E1,4.804818849453E1,1.664791918330E1));
#2050=LINE('',#2049,#2048);
#2051=DIRECTION('',(-2.304800857119E-1,-9.506059430235E-1,2.079116908177E-1));
#2052=VECTOR('',#2051,1.5E-1);
#2053=CARTESIAN_POINT('',(6.193739769905E1,4.771925270051E1,1.538357640819E1));
#2054=LINE('',#2053,#2052);
#2055=DIRECTION('',(-2.304800857119E-1,-9.506059430235E-1,2.079116908177E-1));
#2056=VECTOR('',#2055,1.5E-1);
#2057=CARTESIAN_POINT('',(6.267672288307E1,4.738524335380E1,1.467600899026E1));
#2058=LINE('',#2057,#2056);
#2059=DIRECTION('',(-2.304800857118E-1,-9.506059430235E-1,2.079116908177E-1));
#2060=VECTOR('',#2059,1.5E-1);
#2061=CARTESIAN_POINT('',(6.393454553896E1,4.704741864697E1,1.452577645479E1));
#2062=LINE('',#2061,#2060);
#2063=DIRECTION('',(-2.304800857121E-1,-9.506059430235E-1,2.079116908176E-1));
#2064=VECTOR('',#2063,1.5E-1);
#2065=CARTESIAN_POINT('',(6.445538532490E1,4.704297419057E1,1.508283157460E1));
#2066=LINE('',#2065,#2064);
#2067=DIRECTION('',(-2.304800857119E-1,-9.506059430235E-1,2.079116908177E-1));
#2068=VECTOR('',#2067,1.5E-1);
#2069=CARTESIAN_POINT('',(6.440310628945E1,4.712473631686E1,1.539870744640E1));
#2070=LINE('',#2069,#2068);
#2071=DIRECTION('',(-2.304800857119E-1,-9.506059430235E-1,2.079116908177E-1));
#2072=VECTOR('',#2071,1.5E-1);
#2073=CARTESIAN_POINT('',(6.356221553812E1,4.735058188437E1,1.549914223269E1));
#2074=LINE('',#2073,#2072);
#2075=DIRECTION('',(-2.304800857119E-1,-9.506059430235E-1,2.079116908177E-1));
#2076=VECTOR('',#2075,1.5E-1);
#2077=CARTESIAN_POINT('',(6.361683688764E1,4.726819066179E1,1.518298659825E1));
#2078=LINE('',#2077,#2076);
#2079=DIRECTION('',(-2.304800857119E-1,-9.506059430235E-1,2.079116908177E-1));
#2080=VECTOR('',#2079,1.5E-1);
#2081=CARTESIAN_POINT('',(6.277828845038E1,4.749340713300E1,1.528314162191E1));
#2082=LINE('',#2081,#2080);
#2083=DIRECTION('',(-2.304800857119E-1,-9.506059430235E-1,2.079116908177E-1));
#2084=VECTOR('',#2083,1.5E-1);
#2085=CARTESIAN_POINT('',(6.255980305231E1,4.782297202332E1,1.654776415965E1));
#2086=LINE('',#2085,#2084);
#2087=DIRECTION('',(-2.304800857119E-1,-9.506059430235E-1,2.079116908176E-1));
#2088=VECTOR('',#2087,1.5E-1);
#2089=CARTESIAN_POINT('',(6.340069380364E1,4.759712645581E1,1.644732937336E1));
#2090=LINE('',#2089,#2088);
#2091=DIRECTION('',(-2.304800857119E-1,-9.506059430235E-1,2.079116908176E-1));
#2092=VECTOR('',#2091,1.5E-1);
#2093=CARTESIAN_POINT('',(6.345531515316E1,4.751473523324E1,1.613117373893E1));
#2094=LINE('',#2093,#2092);
#2095=DIRECTION('',(-2.304800857119E-1,-9.506059430235E-1,2.079116908177E-1));
#2096=VECTOR('',#2095,1.5E-1);
#2097=CARTESIAN_POINT('',(6.429386359041E1,4.728951876202E1,1.603101871528E1));
#2098=LINE('',#2097,#2096);
#2099=DIRECTION('',(-2.304800857119E-1,-9.506059430235E-1,2.079116908176E-1));
#2100=VECTOR('',#2099,1.5E-1);
#2101=CARTESIAN_POINT('',(6.423924224090E1,4.737190998460E1,1.634717434971E1));
#2102=LINE('',#2101,#2100);
#2103=DIRECTION('',(-2.304800857120E-1,-9.506059430235E-1,2.079116908176E-1));
#2104=VECTOR('',#2103,1.5E-1);
#2105=CARTESIAN_POINT('',(6.350225937095E1,4.770529023502E1,1.705446200500E1));
#2106=LINE('',#2105,#2104);
#2107=DIRECTION('',(-2.304800857119E-1,-9.506059430235E-1,2.079116908176E-1));
#2108=VECTOR('',#2107,1.5E-1);
#2109=CARTESIAN_POINT('',(6.224209440099E1,4.804374403814E1,1.720497430312E1));
#2110=LINE('',#2109,#2108);
#2111=DIRECTION('',(6.829522951956E-1,-5.827803060320E-3,7.304397300247E-1));
#2112=VECTOR('',#2111,7.626298199815E-1);
#2113=CARTESIAN_POINT('',(6.168668260219E1,4.790559760308E1,1.667910593692E1));
#2114=LINE('',#2113,#2112);
#2115=DIRECTION('',(-1.632266356738E-1,2.484052786521E-1,9.548046307724E-1));
#2116=VECTOR('',#2115,1.324190032558E0);
#2117=CARTESIAN_POINT('',(6.190282568620E1,4.757666180905E1,1.541476316182E1));
#2118=LINE('',#2117,#2116);
#2119=DIRECTION('',(-6.867969049382E-1,3.102783328656E-1,6.572954948282E-1));
#2120=VECTOR('',#2119,1.076482987478E0);
#2121=CARTESIAN_POINT('',(6.264215087022E1,4.724265246234E1,1.470719574389E1));
#2122=LINE('',#2121,#2120);
#2123=DIRECTION('',(-9.594118433E-1,2.576778396924E-1,1.145907756634E-1));
#2124=VECTOR('',#2123,1.311035156250E0);
#2125=CARTESIAN_POINT('',(6.389997352610E1,4.690482775552E1,1.455696320841E1));
#2126=LINE('',#2125,#2124);
#2127=DIRECTION('',(-6.829522951956E-1,5.827803060340E-3,-7.304397300247E-1));
#2128=VECTOR('',#2127,7.626298199813E-1);
#2129=CARTESIAN_POINT('',(6.442081331205E1,4.690038329912E1,1.511401832823E1));
#2130=LINE('',#2129,#2128);
#2131=DIRECTION('',(1.582066663953E-1,-2.474283109226E-1,-9.559026528167E-1));
#2132=VECTOR('',#2131,3.304477405408E-1);
#2133=CARTESIAN_POINT('',(6.436853427660E1,4.698214542541E1,1.542989420003E1));
#2134=LINE('',#2133,#2132);
#2135=DIRECTION('',(9.594118433E-1,-2.576778396925E-1,-1.145907756634E-1));
#2136=VECTOR('',#2135,8.764648437500E-1);
#2137=CARTESIAN_POINT('',(6.352764352527E1,4.720799099291E1,1.553032898631E1));
#2138=LINE('',#2137,#2136);
#2139=DIRECTION('',(-1.648949195257E-1,2.487286406550E-1,9.544337215504E-1));
#2140=VECTOR('',#2139,3.312494385912E-1);
#2141=CARTESIAN_POINT('',(6.358226487479E1,4.712559977034E1,1.521417335188E1));
#2142=LINE('',#2141,#2140);
#2143=DIRECTION('',(9.594118433E-1,-2.576778396925E-1,-1.145907756634E-1));
#2144=VECTOR('',#2143,8.740234375001E-1);
#2145=CARTESIAN_POINT('',(6.274371643753E1,4.735081624155E1,1.531432837553E1));
#2146=LINE('',#2145,#2144);
#2147=DIRECTION('',(1.648949195257E-1,-2.487286406550E-1,-9.544337215504E-1));
#2148=VECTOR('',#2147,1.324997754365E0);
#2149=CARTESIAN_POINT('',(6.252523103945E1,4.768038113186E1,1.657895091327E1));
#2150=LINE('',#2149,#2148);
#2151=DIRECTION('',(-9.594118433E-1,2.576778396925E-1,1.145907756634E-1));
#2152=VECTOR('',#2151,8.764648437501E-1);
#2153=CARTESIAN_POINT('',(6.336612179078E1,4.745453556436E1,1.647851612699E1));
#2154=LINE('',#2153,#2152);
#2155=DIRECTION('',(-1.648949195257E-1,2.487286406550E-1,9.544337215504E-1));
#2156=VECTOR('',#2155,3.312494385913E-1);
#2157=CARTESIAN_POINT('',(6.342074314030E1,4.737214434178E1,1.616236049255E1));
#2158=LINE('',#2157,#2156);
#2159=DIRECTION('',(-9.594118433E-1,2.576778396925E-1,1.145907756634E-1));
#2160=VECTOR('',#2159,8.740234374999E-1);
#2161=CARTESIAN_POINT('',(6.425929157756E1,4.714692787057E1,1.606220546890E1));
#2162=LINE('',#2161,#2160);
#2163=DIRECTION('',(1.648949195256E-1,-2.487286406550E-1,-9.544337215504E-1));
#2164=VECTOR('',#2163,3.312494385913E-1);
#2165=CARTESIAN_POINT('',(6.420467022804E1,4.722931909315E1,1.637836110333E1));
#2166=LINE('',#2165,#2164);
#2167=DIRECTION('',(6.858869361264E-1,-3.102665853616E-1,-6.582505274280E-1));
#2168=VECTOR('',#2167,1.074496146712E0);
#2169=CARTESIAN_POINT('',(6.346768735809E1,4.756269934357E1,1.708564875863E1));
#2170=LINE('',#2169,#2168);
#2171=DIRECTION('',(9.594118433E-1,-2.576778396925E-1,-1.145907756634E-1));
#2172=VECTOR('',#2171,1.313476562500E0);
#2173=CARTESIAN_POINT('',(6.220752238813E1,4.790115314668E1,1.723616105674E1));
#2174=LINE('',#2173,#2172);
#2175=DIRECTION('',(-1.615558257087E-1,2.480807700291E-1,9.551730977793E-1));
#2176=VECTOR('',#2175,6.616931608583E-1);
#2177=CARTESIAN_POINT('',(5.896022902406E1,4.863786568268E1,1.700474964511E1));
#2178=LINE('',#2177,#2176);
#2179=DIRECTION('',(-9.594118433E-1,2.576778396925E-1,1.145907756634E-1));
#2180=VECTOR('',#2179,1.750488281250E0);
#2181=CARTESIAN_POINT('',(6.063966821265E1,4.818680364396E1,1.680415983517E1));
#2182=LINE('',#2181,#2180);
#2183=DIRECTION('',(-1.648949195257E-1,2.487286406549E-1,9.544337215504E-1));
#2184=VECTOR('',#2183,3.312494385912E-1);
#2185=CARTESIAN_POINT('',(6.069428956217E1,4.810441242138E1,1.648800420073E1));
#2186=LINE('',#2185,#2184);
#2187=DIRECTION('',(9.594118433E-1,-2.576778396925E-1,-1.145907756634E-1));
#2188=VECTOR('',#2187,1.423339843750E0);
#2189=CARTESIAN_POINT('',(5.932872045904E1,4.847117555746E1,1.665110581746E1));
#2190=LINE('',#2189,#2188);
#2191=DIRECTION('',(6.811280768714E-1,-5.012076308200E-3,7.321471313804E-1));
#2192=VECTOR('',#2191,3.806167220796E-1);
#2193=CARTESIAN_POINT('',(5.906947172310E1,4.847308323752E1,1.637243837624E1));
#2194=LINE('',#2193,#2192);
#2195=DIRECTION('',(-1.615558257088E-1,2.480807700291E-1,9.551730977793E-1));
#2196=VECTOR('',#2195,6.616931608582E-1);
#2197=CARTESIAN_POINT('',(5.917637210807E1,4.830892988865E1,1.574040687E1));
#2198=LINE('',#2197,#2196);
#2199=DIRECTION('',(-6.867969049382E-1,3.102783328656E-1,6.572954948282E-1));
#2200=VECTOR('',#2199,1.076482987478E0);
#2201=CARTESIAN_POINT('',(5.991569729209E1,4.797492054194E1,1.503283945207E1));
#2202=LINE('',#2201,#2200);
#2203=DIRECTION('',(-9.594118433E-1,2.576778396925E-1,1.145907756634E-1));
#2204=VECTOR('',#2203,1.967773437500E0);
#2205=CARTESIAN_POINT('',(6.180360243296E1,4.746786893356E1,1.480735076754E1));
#2206=LINE('',#2205,#2204);
#2207=DIRECTION('',(1.648949195257E-1,-2.487286406550E-1,-9.544337215504E-1));
#2208=VECTOR('',#2207,6.624988771825E-1);
#2209=CARTESIAN_POINT('',(6.169435973392E1,4.763265137871E1,1.543966203641E1));
#2210=LINE('',#2209,#2208);
#2211=DIRECTION('',(9.594118433E-1,-2.576778396925E-1,-1.145907756634E-1));
#2212=VECTOR('',#2211,1.748046875E0);
#2213=CARTESIAN_POINT('',(6.001726285940E1,4.808308432115E1,1.563997208371E1));
#2214=LINE('',#2213,#2212);
#2215=DIRECTION('',(1.648949195257E-1,-2.487286406550E-1,-9.544337215504E-1));
#2216=VECTOR('',#2215,3.312494385912E-1);
#2217=CARTESIAN_POINT('',(5.996264150988E1,4.816547554372E1,1.595612771815E1));
#2218=LINE('',#2217,#2216);
#2219=DIRECTION('',(-9.594118433E-1,2.576778396925E-1,1.145907756634E-1));
#2220=VECTOR('',#2219,1.420898437500E0);
#2221=CARTESIAN_POINT('',(6.132586829894E1,4.779934150393E1,1.579330586406E1));
#2222=LINE('',#2221,#2220);
#2223=DIRECTION('',(-6.847651407281E-1,6.640502455442E-3,-7.287335629507E-1));
#2224=VECTOR('',#2223,3.820157225404E-1);
#2225=CARTESIAN_POINT('',(6.158745934895E1,4.779680472758E1,1.607169354265E1));
#2226=LINE('',#2225,#2224);
#2227=DIRECTION('',(1.648949195256E-1,-2.487286406550E-1,-9.544337215504E-1));
#2228=VECTOR('',#2227,6.624988771826E-1);
#2229=CARTESIAN_POINT('',(6.147821664991E1,4.796158717274E1,1.670400481152E1));
#2230=LINE('',#2229,#2228);
#2231=DIRECTION('',(6.858869361264E-1,-3.102665853616E-1,-6.582505274280E-1));
#2232=VECTOR('',#2231,1.074496146712E0);
#2233=CARTESIAN_POINT('',(6.074123377996E1,4.829496742316E1,1.741129246681E1));
#2234=LINE('',#2233,#2232);
#2235=DIRECTION('',(9.594118433E-1,-2.576778396925E-1,-1.145907756634E-1));
#2236=VECTOR('',#2235,1.967773437500E0);
#2237=CARTESIAN_POINT('',(5.885332863909E1,4.880201903154E1,1.763678115134E1));
#2238=LINE('',#2237,#2236);
#2239=DIRECTION('',(-1.632266356738E-1,2.484052786521E-1,9.548046307724E-1));
#2240=VECTOR('',#2239,2.648380065115E0);
#2241=CARTESIAN_POINT('',(6.835564974446E1,3.829379012736E1,-1.987476537817E1));
#2242=LINE('',#2241,#2240);
#2243=DIRECTION('',(-9.594118433E-1,2.576778396925E-1,1.145907756634E-1));
#2244=VECTOR('',#2243,2.624511718750E0);
#2245=CARTESIAN_POINT('',(7.087363737031E1,3.761751161743E1,-2.017551021176E1));
#2246=LINE('',#2245,#2244);
#2247=DIRECTION('',(1.648949195256E-1,-2.487286406550E-1,-9.544337215504E-1));
#2248=VECTOR('',#2247,6.624988771825E-1);
#2249=CARTESIAN_POINT('',(7.076439467127E1,3.778229406258E1,-1.954319894289E1));
#2250=LINE('',#2249,#2248);
#2251=DIRECTION('',(9.594118433E-1,-2.576778396925E-1,-1.145907756634E-1));
#2252=VECTOR('',#2251,1.748046875E0);
#2253=CARTESIAN_POINT('',(6.908729779675E1,3.823272700501E1,-1.934288889558E1));
#2254=LINE('',#2253,#2252);
#2255=DIRECTION('',(1.648949195257E-1,-2.487286406550E-1,-9.544337215504E-1));
#2256=VECTOR('',#2255,3.312494385912E-1);
#2257=CARTESIAN_POINT('',(6.903267644723E1,3.831511822759E1,-1.902673326115E1));
#2258=LINE('',#2257,#2256);
#2259=DIRECTION('',(-9.594118433E-1,2.576778396925E-1,1.145907756634E-1));
#2260=VECTOR('',#2259,1.750488281250E0);
#2261=CARTESIAN_POINT('',(7.071211563582E1,3.786405618887E1,-1.922732307109E1));
#2262=LINE('',#2261,#2260);
#2263=DIRECTION('',(1.648949195257E-1,-2.487286406550E-1,-9.544337215504E-1));
#2264=VECTOR('',#2263,6.624988771825E-1);
#2265=CARTESIAN_POINT('',(7.060287293678E1,3.802883863403E1,-1.859501180221E1));
#2266=LINE('',#2265,#2264);
#2267=DIRECTION('',(9.594118433E-1,-2.576778396925E-1,-1.145907756634E-1));
#2268=VECTOR('',#2267,1.750488281250E0);
#2269=CARTESIAN_POINT('',(6.892343374819E1,3.847990067275E1,-1.839442199228E1));
#2270=LINE('',#2269,#2268);
#2271=DIRECTION('',(1.626699792207E-1,-2.482972365390E-1,-9.549277251119E-1));
#2272=VECTOR('',#2271,9.929412621896E-1);
#2273=CARTESIAN_POINT('',(6.876191201371E1,3.872644524420E1,-1.744623485160E1));
#2274=LINE('',#2273,#2272);
#2275=DIRECTION('',(9.594118433E-1,-2.576778396924E-1,-1.145907756634E-1));
#2276=VECTOR('',#2275,8.740234375E-1);
#2277=CARTESIAN_POINT('',(6.792336357645E1,3.895166171541E1,-1.734607982795E1));
#2278=LINE('',#2277,#2276);
#2279=DIRECTION('',(-1.615558257088E-1,2.480807700292E-1,9.551730977793E-1));
#2280=VECTOR('',#2279,6.616931608583E-1);
#2281=CARTESIAN_POINT('',(6.530381038329E1,3.951977644614E1,-1.765246762601E1));
#2282=LINE('',#2281,#2280);
#2283=DIRECTION('',(-9.594118433E-1,2.576778396925E-1,1.145907756634E-1));
#2284=VECTOR('',#2283,1.750488281250E0);
#2285=CARTESIAN_POINT('',(6.698324957188E1,3.906871440742E1,-1.785305743594E1));
#2286=LINE('',#2285,#2284);
#2287=DIRECTION('',(-1.648949195257E-1,2.487286406550E-1,9.544337215504E-1));
#2288=VECTOR('',#2287,3.312494385913E-1);
#2289=CARTESIAN_POINT('',(6.703787092140E1,3.898632318484E1,-1.816921307038E1));
#2290=LINE('',#2289,#2288);
#2291=DIRECTION('',(9.594118433E-1,-2.576778396925E-1,-1.145907756634E-1));
#2292=VECTOR('',#2291,1.423339843750E0);
#2293=CARTESIAN_POINT('',(6.567230181826E1,3.935308632093E1,-1.800611145365E1));
#2294=LINE('',#2293,#2292);
#2295=DIRECTION('',(6.811280768714E-1,-5.012076308200E-3,7.321471313804E-1));
#2296=VECTOR('',#2295,3.806167220796E-1);
#2297=CARTESIAN_POINT('',(6.541305308233E1,3.935499400098E1,-1.828477889488E1));
#2298=LINE('',#2297,#2296);
#2299=DIRECTION('',(-1.615558257088E-1,2.480807700291E-1,9.551730977793E-1));
#2300=VECTOR('',#2299,6.616931608582E-1);
#2301=CARTESIAN_POINT('',(6.551995346729E1,3.919084065211E1,-1.891681040111E1));
#2302=LINE('',#2301,#2300);
#2303=DIRECTION('',(-6.867969049382E-1,3.102783328656E-1,6.572954948282E-1));
#2304=VECTOR('',#2303,1.076482987478E0);
#2305=CARTESIAN_POINT('',(6.625927865131E1,3.885683130540E1,-1.962437781904E1));
#2306=LINE('',#2305,#2304);
#2307=DIRECTION('',(-9.594118433E-1,2.576778396925E-1,1.145907756634E-1));
#2308=VECTOR('',#2307,1.967773437500E0);
#2309=CARTESIAN_POINT('',(6.814718379218E1,3.834977969702E1,-1.984986650358E1));
#2310=LINE('',#2309,#2308);
#2311=DIRECTION('',(1.648949195256E-1,-2.487286406550E-1,-9.544337215504E-1));
#2312=VECTOR('',#2311,6.624988771824E-1);
#2313=CARTESIAN_POINT('',(6.803794109314E1,3.851456214218E1,-1.921755523470E1));
#2314=LINE('',#2313,#2312);
#2315=DIRECTION('',(9.594118433E-1,-2.576778396925E-1,-1.145907756634E-1));
#2316=VECTOR('',#2315,1.748046875E0);
#2317=CARTESIAN_POINT('',(6.636084421862E1,3.896499508461E1,-1.901724518740E1));
#2318=LINE('',#2317,#2316);
#2319=DIRECTION('',(1.648949195257E-1,-2.487286406550E-1,-9.544337215504E-1));
#2320=VECTOR('',#2319,3.312494385913E-1);
#2321=CARTESIAN_POINT('',(6.630622286910E1,3.904738630719E1,-1.870108955296E1));
#2322=LINE('',#2321,#2320);
#2323=DIRECTION('',(-9.594118433E-1,2.576778396925E-1,1.145907756634E-1));
#2324=VECTOR('',#2323,1.420898437500E0);
#2325=CARTESIAN_POINT('',(6.766944965817E1,3.868125226739E1,-1.886391140706E1));
#2326=LINE('',#2325,#2324);
#2327=DIRECTION('',(-6.847651407281E-1,6.640502455443E-3,-7.287335629507E-1));
#2328=VECTOR('',#2327,3.820157225403E-1);
#2329=CARTESIAN_POINT('',(6.793104070817E1,3.867871549105E1,-1.858552372847E1));
#2330=LINE('',#2329,#2328);
#2331=DIRECTION('',(1.648949195256E-1,-2.487286406550E-1,-9.544337215504E-1));
#2332=VECTOR('',#2331,6.624988771826E-1);
#2333=CARTESIAN_POINT('',(6.782179800914E1,3.884349793620E1,-1.795321245959E1));
#2334=LINE('',#2333,#2332);
#2335=DIRECTION('',(6.858869361264E-1,-3.102665853616E-1,-6.582505274280E-1));
#2336=VECTOR('',#2335,1.074496146712E0);
#2337=CARTESIAN_POINT('',(6.708481513919E1,3.917687818663E1,-1.724592480430E1));
#2338=LINE('',#2337,#2336);
#2339=DIRECTION('',(9.594118433E-1,-2.576778396925E-1,-1.145907756634E-1));
#2340=VECTOR('',#2339,1.967773437500E0);
#2341=CARTESIAN_POINT('',(6.519690999832E1,3.968392979501E1,-1.702043611977E1));
#2342=LINE('',#2341,#2340);
#2343=DIRECTION('',(-2.304800857119E-1,-9.506059430235E-1,2.079116908176E-1));
#2344=VECTOR('',#2343,1.5E-1);
#2345=CARTESIAN_POINT('',(5.899480103692E1,4.878045657413E1,1.697356289149E1));
#2346=LINE('',#2345,#2344);
#2347=DIRECTION('',(-2.304800857120E-1,-9.506059430235E-1,2.079116908176E-1));
#2348=VECTOR('',#2347,1.5E-1);
#2349=CARTESIAN_POINT('',(6.067424022551E1,4.832939453541E1,1.677297308155E1));
#2350=LINE('',#2349,#2348);
#2351=DIRECTION('',(-2.304800857119E-1,-9.506059430235E-1,2.079116908176E-1));
#2352=VECTOR('',#2351,1.5E-1);
#2353=CARTESIAN_POINT('',(6.072886157503E1,4.824700331283E1,1.645681744711E1));
#2354=LINE('',#2353,#2352);
#2355=DIRECTION('',(-2.304800857118E-1,-9.506059430235E-1,2.079116908176E-1));
#2356=VECTOR('',#2355,1.5E-1);
#2357=CARTESIAN_POINT('',(5.936329247189E1,4.861376644892E1,1.661991906384E1));
#2358=LINE('',#2357,#2356);
#2359=DIRECTION('',(-2.304800857119E-1,-9.506059430235E-1,2.079116908176E-1));
#2360=VECTOR('',#2359,1.5E-1);
#2361=CARTESIAN_POINT('',(5.910404373596E1,4.861567412897E1,1.634125162261E1));
#2362=LINE('',#2361,#2360);
#2363=DIRECTION('',(-2.304800857119E-1,-9.506059430235E-1,2.079116908176E-1));
#2364=VECTOR('',#2363,1.5E-1);
#2365=CARTESIAN_POINT('',(5.921094412093E1,4.845152078010E1,1.570922011638E1));
#2366=LINE('',#2365,#2364);
#2367=DIRECTION('',(-2.304800857119E-1,-9.506059430235E-1,2.079116908176E-1));
#2368=VECTOR('',#2367,1.5E-1);
#2369=CARTESIAN_POINT('',(5.995026930494E1,4.811751143339E1,1.500165269845E1));
#2370=LINE('',#2369,#2368);
#2371=DIRECTION('',(-2.304800857119E-1,-9.506059430235E-1,2.079116908177E-1));
#2372=VECTOR('',#2371,1.5E-1);
#2373=CARTESIAN_POINT('',(6.183817444581E1,4.761045982501E1,1.477616401392E1));
#2374=LINE('',#2373,#2372);
#2375=DIRECTION('',(-2.304800857118E-1,-9.506059430235E-1,2.079116908176E-1));
#2376=VECTOR('',#2375,1.5E-1);
#2377=CARTESIAN_POINT('',(6.172893174677E1,4.777524227017E1,1.540847528279E1));
#2378=LINE('',#2377,#2376);
#2379=DIRECTION('',(-2.304800857119E-1,-9.506059430235E-1,2.079116908177E-1));
#2380=VECTOR('',#2379,1.5E-1);
#2381=CARTESIAN_POINT('',(6.005183487226E1,4.822567521260E1,1.560878533009E1));
#2382=LINE('',#2381,#2380);
#2383=DIRECTION('',(-2.304800857119E-1,-9.506059430235E-1,2.079116908176E-1));
#2384=VECTOR('',#2383,1.5E-1);
#2385=CARTESIAN_POINT('',(5.999721352274E1,4.830806643518E1,1.592494096453E1));
#2386=LINE('',#2385,#2384);
#2387=DIRECTION('',(-2.304800857119E-1,-9.506059430235E-1,2.079116908176E-1));
#2388=VECTOR('',#2387,1.5E-1);
#2389=CARTESIAN_POINT('',(6.136044031180E1,4.794193239538E1,1.576211911043E1));
#2390=LINE('',#2389,#2388);
#2391=DIRECTION('',(-2.304800857119E-1,-9.506059430235E-1,2.079116908176E-1));
#2392=VECTOR('',#2391,1.5E-1);
#2393=CARTESIAN_POINT('',(6.162203136181E1,4.793939561904E1,1.604050678902E1));
#2394=LINE('',#2393,#2392);
#2395=DIRECTION('',(-2.304800857119E-1,-9.506059430235E-1,2.079116908177E-1));
#2396=VECTOR('',#2395,1.5E-1);
#2397=CARTESIAN_POINT('',(6.151278866277E1,4.810417806419E1,1.667281805790E1));
#2398=LINE('',#2397,#2396);
#2399=DIRECTION('',(-2.304800857118E-1,-9.506059430235E-1,2.079116908176E-1));
#2400=VECTOR('',#2399,1.5E-1);
#2401=CARTESIAN_POINT('',(6.077580579282E1,4.843755831462E1,1.738010571319E1));
#2402=LINE('',#2401,#2400);
#2403=DIRECTION('',(-2.304800857118E-1,-9.506059430235E-1,2.079116908176E-1));
#2404=VECTOR('',#2403,1.5E-1);
#2405=CARTESIAN_POINT('',(5.888790065195E1,4.894460992300E1,1.760559439772E1));
#2406=LINE('',#2405,#2404);
#2407=DIRECTION('',(-2.304800857119E-1,-9.506059430235E-1,2.079116908178E-1));
#2408=VECTOR('',#2407,1.5E-1);
#2409=CARTESIAN_POINT('',(6.839022175732E1,3.843638101881E1,-1.990595213179E1));
#2410=LINE('',#2409,#2408);
#2411=DIRECTION('',(-2.304800857119E-1,-9.506059430235E-1,2.079116908178E-1));
#2412=VECTOR('',#2411,1.5E-1);
#2413=CARTESIAN_POINT('',(7.090820938317E1,3.776010250888E1,-2.020669696538E1));
#2414=LINE('',#2413,#2412);
#2415=DIRECTION('',(-2.304800857118E-1,-9.506059430235E-1,2.079116908178E-1));
#2416=VECTOR('',#2415,1.5E-1);
#2417=CARTESIAN_POINT('',(7.079896668413E1,3.792488495404E1,-1.957438569651E1));
#2418=LINE('',#2417,#2416);
#2419=DIRECTION('',(-2.304800857119E-1,-9.506059430235E-1,2.079116908178E-1));
#2420=VECTOR('',#2419,1.5E-1);
#2421=CARTESIAN_POINT('',(6.912186980961E1,3.837531789647E1,-1.937407564921E1));
#2422=LINE('',#2421,#2420);
#2423=DIRECTION('',(-2.304800857119E-1,-9.506059430235E-1,2.079116908178E-1));
#2424=VECTOR('',#2423,1.5E-1);
#2425=CARTESIAN_POINT('',(6.906724846009E1,3.845770911905E1,-1.905792001477E1));
#2426=LINE('',#2425,#2424);
#2427=DIRECTION('',(-2.304800857119E-1,-9.506059430235E-1,2.079116908178E-1));
#2428=VECTOR('',#2427,1.5E-1);
#2429=CARTESIAN_POINT('',(7.074668764868E1,3.800664708033E1,-1.925850982471E1));
#2430=LINE('',#2429,#2428);
#2431=DIRECTION('',(-2.304800857120E-1,-9.506059430234E-1,2.079116908178E-1));
#2432=VECTOR('',#2431,1.5E-1);
#2433=CARTESIAN_POINT('',(7.063744494964E1,3.817142952548E1,-1.862619855584E1));
#2434=LINE('',#2433,#2432);
#2435=DIRECTION('',(-2.304800857117E-1,-9.506059430235E-1,2.079116908178E-1));
#2436=VECTOR('',#2435,1.5E-1);
#2437=CARTESIAN_POINT('',(6.895800576105E1,3.862249156420E1,-1.842560874590E1));
#2438=LINE('',#2437,#2436);
#2439=DIRECTION('',(-2.304800857119E-1,-9.506059430235E-1,2.079116908178E-1));
#2440=VECTOR('',#2439,1.5E-1);
#2441=CARTESIAN_POINT('',(6.879648402656E1,3.886903613565E1,-1.747742160523E1));
#2442=LINE('',#2441,#2440);
#2443=DIRECTION('',(-2.304800857119E-1,-9.506059430235E-1,2.079116908178E-1));
#2444=VECTOR('',#2443,1.5E-1);
#2445=CARTESIAN_POINT('',(6.795793558930E1,3.909425260687E1,-1.737726658158E1));
#2446=LINE('',#2445,#2444);
#2447=DIRECTION('',(-2.304800857119E-1,-9.506059430235E-1,2.079116908178E-1));
#2448=VECTOR('',#2447,1.5E-1);
#2449=CARTESIAN_POINT('',(6.533838239614E1,3.966236733759E1,-1.768365437963E1));
#2450=LINE('',#2449,#2448);
#2451=DIRECTION('',(-2.304800857119E-1,-9.506059430235E-1,2.079116908178E-1));
#2452=VECTOR('',#2451,1.5E-1);
#2453=CARTESIAN_POINT('',(6.701782158473E1,3.921130529887E1,-1.788424418957E1));
#2454=LINE('',#2453,#2452);
#2455=DIRECTION('',(-2.304800857119E-1,-9.506059430235E-1,2.079116908178E-1));
#2456=VECTOR('',#2455,1.5E-1);
#2457=CARTESIAN_POINT('',(6.707244293425E1,3.912891407629E1,-1.820039982400E1));
#2458=LINE('',#2457,#2456);
#2459=DIRECTION('',(-2.304800857118E-1,-9.506059430235E-1,2.079116908178E-1));
#2460=VECTOR('',#2459,1.5E-1);
#2461=CARTESIAN_POINT('',(6.570687383112E1,3.949567721238E1,-1.803729820727E1));
#2462=LINE('',#2461,#2460);
#2463=DIRECTION('',(-2.304800857119E-1,-9.506059430235E-1,2.079116908177E-1));
#2464=VECTOR('',#2463,1.5E-1);
#2465=CARTESIAN_POINT('',(6.544762509518E1,3.949758489243E1,-1.831596564850E1));
#2466=LINE('',#2465,#2464);
#2467=DIRECTION('',(-2.304800857119E-1,-9.506059430235E-1,2.079116908178E-1));
#2468=VECTOR('',#2467,1.5E-1);
#2469=CARTESIAN_POINT('',(6.555452548015E1,3.933343154357E1,-1.894799715474E1));
#2470=LINE('',#2469,#2468);
#2471=DIRECTION('',(-2.304800857119E-1,-9.506059430235E-1,2.079116908178E-1));
#2472=VECTOR('',#2471,1.5E-1);
#2473=CARTESIAN_POINT('',(6.629385066417E1,3.899942219685E1,-1.965556457267E1));
#2474=LINE('',#2473,#2472);
#2475=DIRECTION('',(-2.304800857120E-1,-9.506059430235E-1,2.079116908177E-1));
#2476=VECTOR('',#2475,1.5E-1);
#2477=CARTESIAN_POINT('',(6.818175580504E1,3.849237058847E1,-1.988105325720E1));
#2478=LINE('',#2477,#2476);
#2479=DIRECTION('',(-2.304800857119E-1,-9.506059430235E-1,2.079116908178E-1));
#2480=VECTOR('',#2479,1.5E-1);
#2481=CARTESIAN_POINT('',(6.807251310600E1,3.865715303363E1,-1.924874198833E1));
#2482=LINE('',#2481,#2480);
#2483=DIRECTION('',(-2.304800857119E-1,-9.506059430235E-1,2.079116908178E-1));
#2484=VECTOR('',#2483,1.5E-1);
#2485=CARTESIAN_POINT('',(6.639541623148E1,3.910758597606E1,-1.904843194102E1));
#2486=LINE('',#2485,#2484);
#2487=DIRECTION('',(-2.304800857119E-1,-9.506059430235E-1,2.079116908178E-1));
#2488=VECTOR('',#2487,1.5E-1);
#2489=CARTESIAN_POINT('',(6.634079488196E1,3.918997719864E1,-1.873227630659E1));
#2490=LINE('',#2489,#2488);
#2491=DIRECTION('',(-2.304800857120E-1,-9.506059430235E-1,2.079116908177E-1));
#2492=VECTOR('',#2491,1.5E-1);
#2493=CARTESIAN_POINT('',(6.770402167103E1,3.882384315884E1,-1.889509816068E1));
#2494=LINE('',#2493,#2492);
#2495=DIRECTION('',(-2.304800857120E-1,-9.506059430234E-1,2.079116908178E-1));
#2496=VECTOR('',#2495,1.5E-1);
#2497=CARTESIAN_POINT('',(6.796561272103E1,3.882130638250E1,-1.861671048209E1));
#2498=LINE('',#2497,#2496);
#2499=DIRECTION('',(-2.304800857119E-1,-9.506059430235E-1,2.079116908177E-1));
#2500=VECTOR('',#2499,1.5E-1);
#2501=CARTESIAN_POINT('',(6.785637002199E1,3.898608882766E1,-1.798439921322E1));
#2502=LINE('',#2501,#2500);
#2503=DIRECTION('',(-2.304800857119E-1,-9.506059430235E-1,2.079116908177E-1));
#2504=VECTOR('',#2503,1.5E-1);
#2505=CARTESIAN_POINT('',(6.711938715204E1,3.931946907808E1,-1.727711155792E1));
#2506=LINE('',#2505,#2504);
#2507=DIRECTION('',(-2.304800857119E-1,-9.506059430235E-1,2.079116908177E-1));
#2508=VECTOR('',#2507,1.5E-1);
#2509=CARTESIAN_POINT('',(6.523148201118E1,3.982652068646E1,-1.705162287339E1));
#2510=LINE('',#2509,#2508);
#2511=DIRECTION('',(2.304800857120E-1,9.506059430235E-1,-2.079116908177E-1));
#2512=VECTOR('',#2511,1.5E-1);
#2513=CARTESIAN_POINT('',(7.166215454308E1,4.259337437259E1,3.449049777966E0));
#2514=LINE('',#2513,#2512);
#2515=DIRECTION('',(2.304800857119E-1,9.506059430235E-1,-2.079116908177E-1));
#2516=VECTOR('',#2515,1.5E-1);
#2517=CARTESIAN_POINT('',(7.355067034981E1,4.208697774524E1,3.227232725249E0));
#2518=LINE('',#2517,#2516);
#2519=DIRECTION('',(-1.633984579987E-1,2.484386131125E-1,9.547665680355E-1));
#2520=VECTOR('',#2519,6.616931608583E-1);
#2521=CARTESIAN_POINT('',(7.177027418523E1,4.242898424140E1,2.817287269681E0));
#2522=LINE('',#2521,#2520);
#2523=DIRECTION('',(-9.597221767196E-1,2.573449858095E-1,1.127248942839E-1));
#2524=VECTOR('',#2523,1.750488281250E0);
#2525=CARTESIAN_POINT('',(7.345025660884E1,4.197850485950E1,2.619963663232E0));
#2526=LINE('',#2525,#2524);
#2527=DIRECTION('',(-1.667364544720E-1,2.490848219219E-1,9.540208101704E-1));
#2528=VECTOR('',#2527,3.312494385912E-1);
#2529=CARTESIAN_POINT('',(7.350548796577E1,4.189599565207E1,2.303944805459E0));
#2530=LINE('',#2529,#2528);
#2531=DIRECTION('',(9.597221767196E-1,-2.573449858095E-1,-1.127248942839E-1));
#2532=VECTOR('',#2531,1.423339843750E0);
#2533=CARTESIAN_POINT('',(7.213947715272E1,4.226228502397E1,2.464390638876E0));
#2534=LINE('',#2533,#2532);
#2535=DIRECTION('',(6.797921336659E-1,-4.415997735557E-3,7.333915420633E-1));
#2536=VECTOR('',#2535,3.806167220796E-1);
#2537=CARTESIAN_POINT('',(7.188073689911E1,4.226396582655E1,2.185249554135E0));
#2538=LINE('',#2537,#2536);
#2539=DIRECTION('',(-1.633984579987E-1,2.484386131125E-1,9.547665680355E-1));
#2540=VECTOR('',#2539,6.616931608583E-1);
#2541=CARTESIAN_POINT('',(7.198885654126E1,4.209957569536E1,1.553487045849E0));
#2542=LINE('',#2541,#2540);
#2543=DIRECTION('',(-6.881195665012E-1,3.102944704196E-1,6.559030445311E-1));
#2544=VECTOR('',#2543,1.076482987478E0);
#2545=CARTESIAN_POINT('',(7.272960554795E1,4.176554897684E1,8.474185769765E-1));
#2546=LINE('',#2545,#2544);
#2547=DIRECTION('',(-9.597221767196E-1,2.573449858095E-1,1.127248942839E-1));
#2548=VECTOR('',#2547,1.967773437500E0);
#2549=CARTESIAN_POINT('',(7.461812135468E1,4.125915234949E1,6.256015242596E-1));
#2550=LINE('',#2549,#2548);
#2551=DIRECTION('',(1.667364544720E-1,-2.490848219219E-1,-9.540208101704E-1));
#2552=VECTOR('',#2551,6.624988771825E-1);
#2553=CARTESIAN_POINT('',(7.450765864080E1,4.142417076434E1,1.257639239806E0));
#2554=LINE('',#2553,#2552);
#2555=DIRECTION('',(9.597221767196E-1,-2.573449858095E-1,-1.127248942839E-1));
#2556=VECTOR('',#2555,1.748046875E0);
#2557=CARTESIAN_POINT('',(7.283001928892E1,4.187402186258E1,1.454687638994E0));
#2558=LINE('',#2557,#2556);
#2559=DIRECTION('',(1.667364544720E-1,-2.490848219218E-1,-9.540208101705E-1));
#2560=VECTOR('',#2559,3.312494385913E-1);
#2561=CARTESIAN_POINT('',(7.277478793198E1,4.195653107001E1,1.770706496767E0));
#2562=LINE('',#2561,#2560);
#2563=DIRECTION('',(-9.597221767196E-1,2.573449858095E-1,1.127248942839E-1));
#2564=VECTOR('',#2563,1.420898437500E0);
#2565=CARTESIAN_POINT('',(7.413845567332E1,4.159086998177E1,1.610535870612E0));
#2566=LINE('',#2565,#2564);
#2567=DIRECTION('',(-6.834360732477E-1,6.044479594267E-3,-7.299853409831E-1));
#2568=VECTOR('',#2567,3.820157225404E-1);
#2569=CARTESIAN_POINT('',(7.439953899865E1,4.158856089553E1,1.889401748092E0));
#2570=LINE('',#2569,#2568);
#2571=DIRECTION('',(1.667364544719E-1,-2.490848219219E-1,-9.540208101705E-1));
#2572=VECTOR('',#2571,6.624988771825E-1);
#2573=CARTESIAN_POINT('',(7.428907628478E1,4.175357931038E1,2.521439463638E0));
#2574=LINE('',#2573,#2572);
#2575=DIRECTION('',(6.872113382894E-1,-3.102835090462E-1,-6.568597419088E-1));
#2576=VECTOR('',#2575,1.074496146712E0);
#2577=CARTESIAN_POINT('',(7.355067034981E1,4.208697774524E1,3.227232725249E0));
#2578=LINE('',#2577,#2576);
#2579=DIRECTION('',(9.597221767196E-1,-2.573449858095E-1,-1.127248942839E-1));
#2580=VECTOR('',#2579,1.967773437500E0);
#2581=CARTESIAN_POINT('',(7.166215454308E1,4.259337437259E1,3.449049777966E0));
#2582=LINE('',#2581,#2580);
#2583=DIRECTION('',(-1.650687217479E-1,2.487622908623E-1,9.543949076485E-1));
#2584=VECTOR('',#2583,2.648380065115E0);
#2585=CARTESIAN_POINT('',(7.482665473780E1,4.120323510404E1,6.011080779918E-1));
#2586=LINE('',#2585,#2584);
#2587=DIRECTION('',(-9.597221767196E-1,2.573449858095E-1,1.127248942839E-1));
#2588=VECTOR('',#2587,8.740234374999E-1);
#2589=CARTESIAN_POINT('',(7.566547441374E1,4.097830955492E1,5.025838783980E-1));
#2590=LINE('',#2589,#2588);
#2591=DIRECTION('',(1.645122479137E-1,-2.486545257153E-1,-9.545190658796E-1));
#2592=VECTOR('',#2591,9.929412621896E-1);
#2593=CARTESIAN_POINT('',(7.550212341465E1,4.122520889354E1,1.450365244457E0));
#2594=LINE('',#2593,#2592);
#2595=DIRECTION('',(-9.597221767196E-1,2.573449858095E-1,1.127248942839E-1));
#2596=VECTOR('',#2595,8.740234375E-1);
#2597=CARTESIAN_POINT('',(7.634094309059E1,4.100028334441E1,1.351841044863E0));
#2598=LINE('',#2597,#2596);
#2599=DIRECTION('',(-1.667364544719E-1,2.490848219219E-1,9.540208101705E-1));
#2600=VECTOR('',#2599,9.937483157737E-1);
#2601=CARTESIAN_POINT('',(7.650663716140E1,4.075275572215E1,4.037844715427E-1));
#2602=LINE('',#2601,#2600);
#2603=DIRECTION('',(-9.597221767196E-1,2.573449858095E-1,1.127248942839E-1));
#2604=VECTOR('',#2603,8.740234375E-1);
#2605=CARTESIAN_POINT('',(7.734545683735E1,4.052783017302E1,3.052602719488E-1));
#2606=LINE('',#2605,#2604);
#2607=DIRECTION('',(1.650687217479E-1,-2.487622908623E-1,-9.543949076485E-1));
#2608=VECTOR('',#2607,2.648380065115E0);
#2609=CARTESIAN_POINT('',(7.690829212529E1,4.118664726510E1,2.832860719613E0));
#2610=LINE('',#2609,#2608);
#2611=DIRECTION('',(9.597221767196E-1,-2.573449858095E-1,-1.127248942839E-1));
#2612=VECTOR('',#2611,8.764648437499E-1);
#2613=CARTESIAN_POINT('',(7.606712937763E1,4.141220109787E1,2.931660126468E0));
#2614=LINE('',#2613,#2612);
#2615=DIRECTION('',(-1.667364544719E-1,2.490848219218E-1,9.540208101705E-1));
#2616=VECTOR('',#2615,9.937483157738E-1);
#2617=CARTESIAN_POINT('',(7.623282344844E1,4.116467347560E1,1.983603553148E0));
#2618=LINE('',#2617,#2616);
#2619=DIRECTION('',(9.597221767196E-1,-2.573449858095E-1,-1.127248942839E-1));
#2620=VECTOR('',#2619,8.764648437500E-1);
#2621=CARTESIAN_POINT('',(7.539166070078E1,4.139022730838E1,2.082402960003E0));
#2622=LINE('',#2621,#2620);
#2623=DIRECTION('',(1.645122479137E-1,-2.486545257153E-1,-9.545190658796E-1));
#2624=VECTOR('',#2623,9.929412621896E-1);
#2625=CARTESIAN_POINT('',(7.522830970169E1,4.163712664699E1,3.030184326062E0));
#2626=LINE('',#2625,#2624);
#2627=DIRECTION('',(9.597221767196E-1,-2.573449858095E-1,-1.127248942839E-1));
#2628=VECTOR('',#2627,8.740234375E-1);
#2629=CARTESIAN_POINT('',(7.438949002575E1,4.186205219612E1,3.128708525656E0));
#2630=LINE('',#2629,#2628);
#2631=DIRECTION('',(-2.304800857118E-1,-9.506059430235E-1,2.079116908177E-1));
#2632=VECTOR('',#2631,1.5E-1);
#2633=CARTESIAN_POINT('',(7.180484619809E1,4.257157513285E1,2.786100516059E0));
#2634=LINE('',#2633,#2632);
#2635=DIRECTION('',(2.304800857119E-1,9.506059430235E-1,-2.079116908177E-1));
#2636=VECTOR('',#2635,1.5E-1);
#2637=CARTESIAN_POINT('',(7.345025660884E1,4.197850485950E1,2.619963663232E0));
#2638=LINE('',#2637,#2636);
#2639=DIRECTION('',(2.304800857119E-1,9.506059430235E-1,-2.079116908177E-1));
#2640=VECTOR('',#2639,1.5E-1);
#2641=CARTESIAN_POINT('',(7.350548796577E1,4.189599565207E1,2.303944805459E0));
#2642=LINE('',#2641,#2640);
#2643=DIRECTION('',(-2.304800857121E-1,-9.506059430234E-1,2.079116908177E-1));
#2644=VECTOR('',#2643,1.5E-1);
#2645=CARTESIAN_POINT('',(7.217404916557E1,4.240487591542E1,2.433203885253E0));
#2646=LINE('',#2645,#2644);
#2647=DIRECTION('',(-2.304800857119E-1,-9.506059430235E-1,2.079116908178E-1));
#2648=VECTOR('',#2647,1.5E-1);
#2649=CARTESIAN_POINT('',(7.191530891196E1,4.240655671800E1,2.154062800512E0));
#2650=LINE('',#2649,#2648);
#2651=DIRECTION('',(2.304800857119E-1,9.506059430235E-1,-2.079116908178E-1));
#2652=VECTOR('',#2651,1.5E-1);
#2653=CARTESIAN_POINT('',(7.198885654126E1,4.209957569536E1,1.553487045849E0));
#2654=LINE('',#2653,#2652);
#2655=DIRECTION('',(-2.304800857121E-1,-9.506059430234E-1,2.079116908177E-1));
#2656=VECTOR('',#2655,1.5E-1);
#2657=CARTESIAN_POINT('',(7.276417756080E1,4.190813986830E1,8.162318233539E-1));
#2658=LINE('',#2657,#2656);
#2659=DIRECTION('',(2.304800857119E-1,9.506059430235E-1,-2.079116908177E-1));
#2660=VECTOR('',#2659,1.5E-1);
#2661=CARTESIAN_POINT('',(7.461812135468E1,4.125915234949E1,6.256015242596E-1));
#2662=LINE('',#2661,#2660);
#2663=DIRECTION('',(2.304800857120E-1,9.506059430235E-1,-2.079116908177E-1));
#2664=VECTOR('',#2663,1.5E-1);
#2665=CARTESIAN_POINT('',(7.450765864080E1,4.142417076434E1,1.257639239806E0));
#2666=LINE('',#2665,#2664);
#2667=DIRECTION('',(-2.304800857119E-1,-9.506059430235E-1,2.079116908177E-1));
#2668=VECTOR('',#2667,1.5E-1);
#2669=CARTESIAN_POINT('',(7.286459130178E1,4.201661275404E1,1.423500885371E0));
#2670=LINE('',#2669,#2668);
#2671=DIRECTION('',(-2.304800857119E-1,-9.506059430235E-1,2.079116908177E-1));
#2672=VECTOR('',#2671,1.5E-1);
#2673=CARTESIAN_POINT('',(7.280935994484E1,4.209912196146E1,1.739519743145E0));
#2674=LINE('',#2673,#2672);
#2675=DIRECTION('',(2.304800857119E-1,9.506059430235E-1,-2.079116908177E-1));
#2676=VECTOR('',#2675,1.5E-1);
#2677=CARTESIAN_POINT('',(7.413845567332E1,4.159086998177E1,1.610535870612E0));
#2678=LINE('',#2677,#2676);
#2679=DIRECTION('',(2.304800857118E-1,9.506059430235E-1,-2.079116908177E-1));
#2680=VECTOR('',#2679,1.5E-1);
#2681=CARTESIAN_POINT('',(7.439953899865E1,4.158856089553E1,1.889401748092E0));
#2682=LINE('',#2681,#2680);
#2683=DIRECTION('',(2.304800857120E-1,9.506059430235E-1,-2.079116908177E-1));
#2684=VECTOR('',#2683,1.5E-1);
#2685=CARTESIAN_POINT('',(7.428907628478E1,4.175357931038E1,2.521439463638E0));
#2686=LINE('',#2685,#2684);
#2687=DIRECTION('',(2.304800857120E-1,9.506059430235E-1,-2.079116908177E-1));
#2688=VECTOR('',#2687,1.5E-1);
#2689=CARTESIAN_POINT('',(7.438949002575E1,4.186205219612E1,3.128708525656E0));
#2690=LINE('',#2689,#2688);
#2691=DIRECTION('',(2.304800857119E-1,9.506059430235E-1,-2.079116908177E-1));
#2692=VECTOR('',#2691,1.5E-1);
#2693=CARTESIAN_POINT('',(7.522830970169E1,4.163712664699E1,3.030184326062E0));
#2694=LINE('',#2693,#2692);
#2695=DIRECTION('',(2.304800857119E-1,9.506059430235E-1,-2.079116908177E-1));
#2696=VECTOR('',#2695,1.5E-1);
#2697=CARTESIAN_POINT('',(7.539166070078E1,4.139022730838E1,2.082402960003E0));
#2698=LINE('',#2697,#2696);
#2699=DIRECTION('',(2.304800857119E-1,9.506059430235E-1,-2.079116908177E-1));
#2700=VECTOR('',#2699,1.5E-1);
#2701=CARTESIAN_POINT('',(7.623282344844E1,4.116467347560E1,1.983603553148E0));
#2702=LINE('',#2701,#2700);
#2703=DIRECTION('',(2.304800857118E-1,9.506059430235E-1,-2.079116908177E-1));
#2704=VECTOR('',#2703,1.5E-1);
#2705=CARTESIAN_POINT('',(7.606712937763E1,4.141220109787E1,2.931660126468E0));
#2706=LINE('',#2705,#2704);
#2707=DIRECTION('',(2.304800857119E-1,9.506059430235E-1,-2.079116908177E-1));
#2708=VECTOR('',#2707,1.5E-1);
#2709=CARTESIAN_POINT('',(7.690829212529E1,4.118664726510E1,2.832860719613E0));
#2710=LINE('',#2709,#2708);
#2711=DIRECTION('',(2.304800857119E-1,9.506059430235E-1,-2.079116908177E-1));
#2712=VECTOR('',#2711,1.5E-1);
#2713=CARTESIAN_POINT('',(7.734545683735E1,4.052783017302E1,3.052602719488E-1));
#2714=LINE('',#2713,#2712);
#2715=DIRECTION('',(2.304800857121E-1,9.506059430234E-1,-2.079116908177E-1));
#2716=VECTOR('',#2715,1.5E-1);
#2717=CARTESIAN_POINT('',(7.650663716140E1,4.075275572215E1,4.037844715427E-1));
#2718=LINE('',#2717,#2716);
#2719=DIRECTION('',(2.304800857119E-1,9.506059430235E-1,-2.079116908177E-1));
#2720=VECTOR('',#2719,1.5E-1);
#2721=CARTESIAN_POINT('',(7.634094309059E1,4.100028334441E1,1.351841044863E0));
#2722=LINE('',#2721,#2720);
#2723=DIRECTION('',(2.304800857119E-1,9.506059430235E-1,-2.079116908177E-1));
#2724=VECTOR('',#2723,1.5E-1);
#2725=CARTESIAN_POINT('',(7.550212341465E1,4.122520889354E1,1.450365244457E0));
#2726=LINE('',#2725,#2724);
#2727=DIRECTION('',(2.304800857119E-1,9.506059430235E-1,-2.079116908177E-1));
#2728=VECTOR('',#2727,1.5E-1);
#2729=CARTESIAN_POINT('',(7.566547441374E1,4.097830955492E1,5.025838783980E-1));
#2730=LINE('',#2729,#2728);
#2731=DIRECTION('',(2.304800857119E-1,9.506059430235E-1,-2.079116908177E-1));
#2732=VECTOR('',#2731,1.5E-1);
#2733=CARTESIAN_POINT('',(7.482665473780E1,4.120323510404E1,6.011080779918E-1));
#2734=LINE('',#2733,#2732);
#2735=CARTESIAN_POINT('',(4.763043563372E1,2.796473896290E1,-8.550758328032E0));
#2736=CARTESIAN_POINT('',(4.957412172427E1,2.749348066703E1,-8.550758328032E0));
#2737=VERTEX_POINT('',#2735);
#2738=VERTEX_POINT('',#2736);
#2739=CARTESIAN_POINT('',(4.690155334977E1,2.814146082385E1,-8.550758328032E0));
#2740=CARTESIAN_POINT('',(5.030300400822E1,2.731675880609E1,-8.550758328032E0));
#2741=VERTEX_POINT('',#2739);
#2742=VERTEX_POINT('',#2740);
#2743=CARTESIAN_POINT('',(4.727032148691E1,2.966243033268E1,-8.883417033340E0));
#2744=CARTESIAN_POINT('',(5.067177214536E1,2.883772831492E1,-8.883417033340E0));
#2745=VERTEX_POINT('',#2743);
#2746=VERTEX_POINT('',#2744);
#2747=CARTESIAN_POINT('',(5.293913097566E1,4.137232743518E1,-1.158626901397E1));
#2748=CARTESIAN_POINT('',(5.099544488511E1,4.184358573104E1,-1.158626901397E1));
#2749=VERTEX_POINT('',#2747);
#2750=VERTEX_POINT('',#2748);
#2751=CARTESIAN_POINT('',(4.063432447695E1,4.218572162889E1,2.540904337936E0));
#2752=CARTESIAN_POINT('',(4.267519487202E1,4.169090041823E1,2.540904337936E0));
#2753=VERTEX_POINT('',#2751);
#2754=VERTEX_POINT('',#2752);
#2755=CARTESIAN_POINT('',(7.999396781050E1,3.264274113767E1,2.540904337936E0));
#2756=CARTESIAN_POINT('',(8.203483820557E1,3.214791992702E1,2.540904337936E0));
#2757=VERTEX_POINT('',#2755);
#2758=VERTEX_POINT('',#2756);
#2759=CARTESIAN_POINT('',(4.109528464837E1,4.408693351494E1,2.125080956300E0));
#2760=CARTESIAN_POINT('',(4.313615504344E1,4.359211230428E1,2.125080956300E0));
#2761=VERTEX_POINT('',#2759);
#2762=VERTEX_POINT('',#2760);
#2763=CARTESIAN_POINT('',(8.045492798192E1,3.454395302372E1,2.125080956300E0));
#2764=CARTESIAN_POINT('',(8.249579837699E1,3.404913181306E1,2.125080956300E0));
#2765=VERTEX_POINT('',#2763);
#2766=VERTEX_POINT('',#2764);
#2767=CARTESIAN_POINT('',(6.168668260219E1,4.790559760308E1,1.667910593692E1));
#2768=CARTESIAN_POINT('',(6.220752238813E1,4.790115314668E1,1.723616105674E1));
#2769=VERTEX_POINT('',#2767);
#2770=VERTEX_POINT('',#2768);
#2771=CARTESIAN_POINT('',(6.346768735809E1,4.756269934357E1,1.708564875863E1));
#2772=VERTEX_POINT('',#2771);
#2773=CARTESIAN_POINT('',(6.420467022804E1,4.722931909315E1,1.637836110333E1));
#2774=VERTEX_POINT('',#2773);
#2775=CARTESIAN_POINT('',(6.425929157756E1,4.714692787057E1,1.606220546890E1));
#2776=VERTEX_POINT('',#2775);
#2777=CARTESIAN_POINT('',(6.342074314030E1,4.737214434178E1,1.616236049255E1));
#2778=VERTEX_POINT('',#2777);
#2779=CARTESIAN_POINT('',(6.336612179078E1,4.745453556436E1,1.647851612699E1));
#2780=VERTEX_POINT('',#2779);
#2781=CARTESIAN_POINT('',(6.252523103945E1,4.768038113186E1,1.657895091327E1));
#2782=VERTEX_POINT('',#2781);
#2783=CARTESIAN_POINT('',(6.274371643753E1,4.735081624155E1,1.531432837553E1));
#2784=VERTEX_POINT('',#2783);
#2785=CARTESIAN_POINT('',(6.358226487479E1,4.712559977034E1,1.521417335188E1));
#2786=VERTEX_POINT('',#2785);
#2787=CARTESIAN_POINT('',(6.352764352527E1,4.720799099291E1,1.553032898631E1));
#2788=VERTEX_POINT('',#2787);
#2789=CARTESIAN_POINT('',(6.436853427660E1,4.698214542541E1,1.542989420003E1));
#2790=VERTEX_POINT('',#2789);
#2791=CARTESIAN_POINT('',(6.442081331205E1,4.690038329912E1,1.511401832823E1));
#2792=VERTEX_POINT('',#2791);
#2793=CARTESIAN_POINT('',(6.389997352610E1,4.690482775552E1,1.455696320841E1));
#2794=VERTEX_POINT('',#2793);
#2795=CARTESIAN_POINT('',(6.264215087022E1,4.724265246234E1,1.470719574389E1));
#2796=VERTEX_POINT('',#2795);
#2797=CARTESIAN_POINT('',(6.190282568620E1,4.757666180905E1,1.541476316182E1));
#2798=VERTEX_POINT('',#2797);
#2799=CARTESIAN_POINT('',(5.896022902406E1,4.863786568268E1,1.700474964511E1));
#2800=CARTESIAN_POINT('',(5.885332863909E1,4.880201903154E1,1.763678115134E1));
#2801=VERTEX_POINT('',#2799);
#2802=VERTEX_POINT('',#2800);
#2803=CARTESIAN_POINT('',(6.074123377996E1,4.829496742316E1,1.741129246681E1));
#2804=VERTEX_POINT('',#2803);
#2805=CARTESIAN_POINT('',(6.147821664991E1,4.796158717274E1,1.670400481152E1));
#2806=VERTEX_POINT('',#2805);
#2807=CARTESIAN_POINT('',(6.158745934895E1,4.779680472758E1,1.607169354265E1));
#2808=VERTEX_POINT('',#2807);
#2809=CARTESIAN_POINT('',(6.132586829894E1,4.779934150393E1,1.579330586406E1));
#2810=VERTEX_POINT('',#2809);
#2811=CARTESIAN_POINT('',(5.996264150988E1,4.816547554372E1,1.595612771815E1));
#2812=VERTEX_POINT('',#2811);
#2813=CARTESIAN_POINT('',(6.001726285940E1,4.808308432115E1,1.563997208371E1));
#2814=VERTEX_POINT('',#2813);
#2815=CARTESIAN_POINT('',(6.169435973392E1,4.763265137871E1,1.543966203641E1));
#2816=VERTEX_POINT('',#2815);
#2817=CARTESIAN_POINT('',(6.180360243296E1,4.746786893356E1,1.480735076754E1));
#2818=VERTEX_POINT('',#2817);
#2819=CARTESIAN_POINT('',(5.991569729209E1,4.797492054194E1,1.503283945207E1));
#2820=VERTEX_POINT('',#2819);
#2821=CARTESIAN_POINT('',(5.917637210807E1,4.830892988865E1,1.574040687E1));
#2822=VERTEX_POINT('',#2821);
#2823=CARTESIAN_POINT('',(5.906947172310E1,4.847308323752E1,1.637243837624E1));
#2824=VERTEX_POINT('',#2823);
#2825=CARTESIAN_POINT('',(5.932872045904E1,4.847117555746E1,1.665110581746E1));
#2826=VERTEX_POINT('',#2825);
#2827=CARTESIAN_POINT('',(6.069428956217E1,4.810441242138E1,1.648800420073E1));
#2828=VERTEX_POINT('',#2827);
#2829=CARTESIAN_POINT('',(6.063966821265E1,4.818680364396E1,1.680415983517E1));
#2830=VERTEX_POINT('',#2829);
#2831=CARTESIAN_POINT('',(6.835564974446E1,3.829379012736E1,-1.987476537817E1));
#2832=CARTESIAN_POINT('',(6.792336357645E1,3.895166171541E1,-1.734607982795E1));
#2833=VERTEX_POINT('',#2831);
#2834=VERTEX_POINT('',#2832);
#2835=CARTESIAN_POINT('',(6.876191201371E1,3.872644524420E1,-1.744623485160E1));
#2836=VERTEX_POINT('',#2835);
#2837=CARTESIAN_POINT('',(6.892343374819E1,3.847990067275E1,-1.839442199228E1));
#2838=VERTEX_POINT('',#2837);
#2839=CARTESIAN_POINT('',(7.060287293678E1,3.802883863403E1,-1.859501180221E1));
#2840=VERTEX_POINT('',#2839);
#2841=CARTESIAN_POINT('',(7.071211563582E1,3.786405618887E1,-1.922732307109E1));
#2842=VERTEX_POINT('',#2841);
#2843=CARTESIAN_POINT('',(6.903267644723E1,3.831511822759E1,-1.902673326115E1));
#2844=VERTEX_POINT('',#2843);
#2845=CARTESIAN_POINT('',(6.908729779675E1,3.823272700501E1,-1.934288889558E1));
#2846=VERTEX_POINT('',#2845);
#2847=CARTESIAN_POINT('',(7.076439467127E1,3.778229406258E1,-1.954319894289E1));
#2848=VERTEX_POINT('',#2847);
#2849=CARTESIAN_POINT('',(7.087363737031E1,3.761751161743E1,-2.017551021176E1));
#2850=VERTEX_POINT('',#2849);
#2851=CARTESIAN_POINT('',(6.530381038329E1,3.951977644614E1,-1.765246762601E1));
#2852=CARTESIAN_POINT('',(6.519690999832E1,3.968392979501E1,-1.702043611977E1));
#2853=VERTEX_POINT('',#2851);
#2854=VERTEX_POINT('',#2852);
#2855=CARTESIAN_POINT('',(6.708481513919E1,3.917687818663E1,-1.724592480430E1));
#2856=VERTEX_POINT('',#2855);
#2857=CARTESIAN_POINT('',(6.782179800914E1,3.884349793620E1,-1.795321245959E1));
#2858=VERTEX_POINT('',#2857);
#2859=CARTESIAN_POINT('',(6.793104070817E1,3.867871549105E1,-1.858552372847E1));
#2860=VERTEX_POINT('',#2859);
#2861=CARTESIAN_POINT('',(6.766944965817E1,3.868125226739E1,-1.886391140706E1));
#2862=VERTEX_POINT('',#2861);
#2863=CARTESIAN_POINT('',(6.630622286910E1,3.904738630719E1,-1.870108955296E1));
#2864=VERTEX_POINT('',#2863);
#2865=CARTESIAN_POINT('',(6.636084421862E1,3.896499508461E1,-1.901724518740E1));
#2866=VERTEX_POINT('',#2865);
#2867=CARTESIAN_POINT('',(6.803794109314E1,3.851456214218E1,-1.921755523470E1));
#2868=VERTEX_POINT('',#2867);
#2869=CARTESIAN_POINT('',(6.814718379218E1,3.834977969702E1,-1.984986650358E1));
#2870=VERTEX_POINT('',#2869);
#2871=CARTESIAN_POINT('',(6.625927865131E1,3.885683130540E1,-1.962437781904E1));
#2872=VERTEX_POINT('',#2871);
#2873=CARTESIAN_POINT('',(6.551995346729E1,3.919084065211E1,-1.891681040111E1));
#2874=VERTEX_POINT('',#2873);
#2875=CARTESIAN_POINT('',(6.541305308233E1,3.935499400098E1,-1.828477889488E1));
#2876=VERTEX_POINT('',#2875);
#2877=CARTESIAN_POINT('',(6.567230181826E1,3.935308632093E1,-1.800611145365E1));
#2878=VERTEX_POINT('',#2877);
#2879=CARTESIAN_POINT('',(6.703787092140E1,3.898632318484E1,-1.816921307038E1));
#2880=VERTEX_POINT('',#2879);
#2881=CARTESIAN_POINT('',(6.698324957188E1,3.906871440742E1,-1.785305743594E1));
#2882=VERTEX_POINT('',#2881);
#2883=CARTESIAN_POINT('',(6.172125461505E1,4.804818849453E1,1.664791918330E1));
#2884=CARTESIAN_POINT('',(6.224209440099E1,4.804374403814E1,1.720497430312E1));
#2885=VERTEX_POINT('',#2883);
#2886=VERTEX_POINT('',#2884);
#2887=CARTESIAN_POINT('',(6.350225937095E1,4.770529023502E1,1.705446200500E1));
#2888=VERTEX_POINT('',#2887);
#2889=CARTESIAN_POINT('',(6.423924224090E1,4.737190998460E1,1.634717434971E1));
#2890=VERTEX_POINT('',#2889);
#2891=CARTESIAN_POINT('',(6.429386359041E1,4.728951876202E1,1.603101871528E1));
#2892=VERTEX_POINT('',#2891);
#2893=CARTESIAN_POINT('',(6.345531515316E1,4.751473523324E1,1.613117373893E1));
#2894=VERTEX_POINT('',#2893);
#2895=CARTESIAN_POINT('',(6.340069380364E1,4.759712645581E1,1.644732937336E1));
#2896=VERTEX_POINT('',#2895);
#2897=CARTESIAN_POINT('',(6.255980305231E1,4.782297202332E1,1.654776415965E1));
#2898=VERTEX_POINT('',#2897);
#2899=CARTESIAN_POINT('',(6.277828845038E1,4.749340713300E1,1.528314162191E1));
#2900=VERTEX_POINT('',#2899);
#2901=CARTESIAN_POINT('',(6.361683688764E1,4.726819066179E1,1.518298659825E1));
#2902=VERTEX_POINT('',#2901);
#2903=CARTESIAN_POINT('',(6.356221553812E1,4.735058188437E1,1.549914223269E1));
#2904=VERTEX_POINT('',#2903);
#2905=CARTESIAN_POINT('',(6.440310628945E1,4.712473631686E1,1.539870744640E1));
#2906=VERTEX_POINT('',#2905);
#2907=CARTESIAN_POINT('',(6.445538532490E1,4.704297419057E1,1.508283157460E1));
#2908=VERTEX_POINT('',#2907);
#2909=CARTESIAN_POINT('',(6.393454553896E1,4.704741864697E1,1.452577645479E1));
#2910=VERTEX_POINT('',#2909);
#2911=CARTESIAN_POINT('',(6.267672288307E1,4.738524335380E1,1.467600899026E1));
#2912=VERTEX_POINT('',#2911);
#2913=CARTESIAN_POINT('',(6.193739769905E1,4.771925270051E1,1.538357640819E1));
#2914=VERTEX_POINT('',#2913);
#2915=CARTESIAN_POINT('',(5.899480103692E1,4.878045657413E1,1.697356289149E1));
#2916=CARTESIAN_POINT('',(5.888790065195E1,4.894460992300E1,1.760559439772E1));
#2917=VERTEX_POINT('',#2915);
#2918=VERTEX_POINT('',#2916);
#2919=CARTESIAN_POINT('',(6.077580579282E1,4.843755831462E1,1.738010571319E1));
#2920=VERTEX_POINT('',#2919);
#2921=CARTESIAN_POINT('',(6.151278866277E1,4.810417806419E1,1.667281805790E1));
#2922=VERTEX_POINT('',#2921);
#2923=CARTESIAN_POINT('',(6.162203136181E1,4.793939561904E1,1.604050678902E1));
#2924=VERTEX_POINT('',#2923);
#2925=CARTESIAN_POINT('',(6.136044031180E1,4.794193239538E1,1.576211911043E1));
#2926=VERTEX_POINT('',#2925);
#2927=CARTESIAN_POINT('',(5.999721352274E1,4.830806643518E1,1.592494096453E1));
#2928=VERTEX_POINT('',#2927);
#2929=CARTESIAN_POINT('',(6.005183487226E1,4.822567521260E1,1.560878533009E1));
#2930=VERTEX_POINT('',#2929);
#2931=CARTESIAN_POINT('',(6.172893174677E1,4.777524227017E1,1.540847528279E1));
#2932=VERTEX_POINT('',#2931);
#2933=CARTESIAN_POINT('',(6.183817444581E1,4.761045982501E1,1.477616401392E1));
#2934=VERTEX_POINT('',#2933);
#2935=CARTESIAN_POINT('',(5.995026930494E1,4.811751143339E1,1.500165269845E1));
#2936=VERTEX_POINT('',#2935);
#2937=CARTESIAN_POINT('',(5.921094412093E1,4.845152078010E1,1.570922011638E1));
#2938=VERTEX_POINT('',#2937);
#2939=CARTESIAN_POINT('',(5.910404373596E1,4.861567412897E1,1.634125162261E1));
#2940=VERTEX_POINT('',#2939);
#2941=CARTESIAN_POINT('',(5.936329247189E1,4.861376644892E1,1.661991906384E1));
#2942=VERTEX_POINT('',#2941);
#2943=CARTESIAN_POINT('',(6.072886157503E1,4.824700331283E1,1.645681744711E1));
#2944=VERTEX_POINT('',#2943);
#2945=CARTESIAN_POINT('',(6.067424022551E1,4.832939453541E1,1.677297308155E1));
#2946=VERTEX_POINT('',#2945);
#2947=CARTESIAN_POINT('',(6.839022175732E1,3.843638101881E1,-1.990595213179E1));
#2948=CARTESIAN_POINT('',(6.795793558930E1,3.909425260687E1,-1.737726658158E1));
#2949=VERTEX_POINT('',#2947);
#2950=VERTEX_POINT('',#2948);
#2951=CARTESIAN_POINT('',(6.879648402656E1,3.886903613565E1,-1.747742160523E1));
#2952=VERTEX_POINT('',#2951);
#2953=CARTESIAN_POINT('',(6.895800576105E1,3.862249156420E1,-1.842560874590E1));
#2954=VERTEX_POINT('',#2953);
#2955=CARTESIAN_POINT('',(7.063744494964E1,3.817142952548E1,-1.862619855584E1));
#2956=VERTEX_POINT('',#2955);
#2957=CARTESIAN_POINT('',(7.074668764868E1,3.800664708033E1,-1.925850982471E1));
#2958=VERTEX_POINT('',#2957);
#2959=CARTESIAN_POINT('',(6.906724846009E1,3.845770911905E1,-1.905792001477E1));
#2960=VERTEX_POINT('',#2959);
#2961=CARTESIAN_POINT('',(6.912186980961E1,3.837531789647E1,-1.937407564921E1));
#2962=VERTEX_POINT('',#2961);
#2963=CARTESIAN_POINT('',(7.079896668413E1,3.792488495404E1,-1.957438569651E1));
#2964=VERTEX_POINT('',#2963);
#2965=CARTESIAN_POINT('',(7.090820938317E1,3.776010250888E1,-2.020669696538E1));
#2966=VERTEX_POINT('',#2965);
#2967=CARTESIAN_POINT('',(6.533838239614E1,3.966236733759E1,-1.768365437963E1));
#2968=CARTESIAN_POINT('',(6.523148201118E1,3.982652068646E1,-1.705162287339E1));
#2969=VERTEX_POINT('',#2967);
#2970=VERTEX_POINT('',#2968);
#2971=CARTESIAN_POINT('',(6.711938715204E1,3.931946907808E1,-1.727711155792E1));
#2972=VERTEX_POINT('',#2971);
#2973=CARTESIAN_POINT('',(6.785637002199E1,3.898608882766E1,-1.798439921322E1));
#2974=VERTEX_POINT('',#2973);
#2975=CARTESIAN_POINT('',(6.796561272103E1,3.882130638250E1,-1.861671048209E1));
#2976=VERTEX_POINT('',#2975);
#2977=CARTESIAN_POINT('',(6.770402167103E1,3.882384315884E1,-1.889509816068E1));
#2978=VERTEX_POINT('',#2977);
#2979=CARTESIAN_POINT('',(6.634079488196E1,3.918997719864E1,-1.873227630659E1));
#2980=VERTEX_POINT('',#2979);
#2981=CARTESIAN_POINT('',(6.639541623148E1,3.910758597606E1,-1.904843194102E1));
#2982=VERTEX_POINT('',#2981);
#2983=CARTESIAN_POINT('',(6.807251310600E1,3.865715303363E1,-1.924874198833E1));
#2984=VERTEX_POINT('',#2983);
#2985=CARTESIAN_POINT('',(6.818175580504E1,3.849237058847E1,-1.988105325720E1));
#2986=VERTEX_POINT('',#2985);
#2987=CARTESIAN_POINT('',(6.629385066417E1,3.899942219685E1,-1.965556457267E1));
#2988=VERTEX_POINT('',#2987);
#2989=CARTESIAN_POINT('',(6.555452548015E1,3.933343154357E1,-1.894799715474E1));
#2990=VERTEX_POINT('',#2989);
#2991=CARTESIAN_POINT('',(6.544762509518E1,3.949758489243E1,-1.831596564850E1));
#2992=VERTEX_POINT('',#2991);
#2993=CARTESIAN_POINT('',(6.570687383112E1,3.949567721238E1,-1.803729820727E1));
#2994=VERTEX_POINT('',#2993);
#2995=CARTESIAN_POINT('',(6.707244293425E1,3.912891407629E1,-1.820039982400E1));
#2996=VERTEX_POINT('',#2995);
#2997=CARTESIAN_POINT('',(6.701782158473E1,3.921130529887E1,-1.788424418957E1));
#2998=VERTEX_POINT('',#2997);
#2999=CARTESIAN_POINT('',(7.177027418523E1,4.242898424140E1,2.817287269681E0));
#3000=CARTESIAN_POINT('',(7.166215454308E1,4.259337437259E1,3.449049777966E0));
#3001=VERTEX_POINT('',#2999);
#3002=VERTEX_POINT('',#3000);
#3003=CARTESIAN_POINT('',(7.345025660884E1,4.197850485950E1,2.619963663232E0));
#3004=VERTEX_POINT('',#3003);
#3005=CARTESIAN_POINT('',(7.350548796577E1,4.189599565207E1,2.303944805459E0));
#3006=VERTEX_POINT('',#3005);
#3007=CARTESIAN_POINT('',(7.213947715272E1,4.226228502397E1,2.464390638876E0));
#3008=VERTEX_POINT('',#3007);
#3009=CARTESIAN_POINT('',(7.188073689911E1,4.226396582655E1,2.185249554135E0));
#3010=VERTEX_POINT('',#3009);
#3011=CARTESIAN_POINT('',(7.198885654126E1,4.209957569536E1,1.553487045849E0));
#3012=VERTEX_POINT('',#3011);
#3013=CARTESIAN_POINT('',(7.272960554795E1,4.176554897684E1,8.474185769765E-1));
#3014=VERTEX_POINT('',#3013);
#3015=CARTESIAN_POINT('',(7.461812135468E1,4.125915234949E1,6.256015242596E-1));
#3016=VERTEX_POINT('',#3015);
#3017=CARTESIAN_POINT('',(7.450765864080E1,4.142417076434E1,1.257639239806E0));
#3018=VERTEX_POINT('',#3017);
#3019=CARTESIAN_POINT('',(7.283001928892E1,4.187402186258E1,1.454687638994E0));
#3020=VERTEX_POINT('',#3019);
#3021=CARTESIAN_POINT('',(7.277478793198E1,4.195653107001E1,1.770706496767E0));
#3022=VERTEX_POINT('',#3021);
#3023=CARTESIAN_POINT('',(7.413845567332E1,4.159086998177E1,1.610535870612E0));
#3024=VERTEX_POINT('',#3023);
#3025=CARTESIAN_POINT('',(7.439953899865E1,4.158856089553E1,1.889401748092E0));
#3026=VERTEX_POINT('',#3025);
#3027=CARTESIAN_POINT('',(7.428907628478E1,4.175357931038E1,2.521439463638E0));
#3028=VERTEX_POINT('',#3027);
#3029=CARTESIAN_POINT('',(7.355067034981E1,4.208697774524E1,3.227232725249E0));
#3030=VERTEX_POINT('',#3029);
#3031=CARTESIAN_POINT('',(7.482665473780E1,4.120323510404E1,6.011080779918E-1));
#3032=CARTESIAN_POINT('',(7.438949002575E1,4.186205219612E1,3.128708525656E0));
#3033=VERTEX_POINT('',#3031);
#3034=VERTEX_POINT('',#3032);
#3035=CARTESIAN_POINT('',(7.566547441374E1,4.097830955492E1,5.025838783980E-1));
#3036=VERTEX_POINT('',#3035);
#3037=CARTESIAN_POINT('',(7.550212341465E1,4.122520889354E1,1.450365244457E0));
#3038=VERTEX_POINT('',#3037);
#3039=CARTESIAN_POINT('',(7.634094309059E1,4.100028334441E1,1.351841044863E0));
#3040=VERTEX_POINT('',#3039);
#3041=CARTESIAN_POINT('',(7.650663716140E1,4.075275572215E1,4.037844715427E-1));
#3042=VERTEX_POINT('',#3041);
#3043=CARTESIAN_POINT('',(7.734545683735E1,4.052783017302E1,3.052602719488E-1));
#3044=VERTEX_POINT('',#3043);
#3045=CARTESIAN_POINT('',(7.690829212529E1,4.118664726510E1,2.832860719613E0));
#3046=VERTEX_POINT('',#3045);
#3047=CARTESIAN_POINT('',(7.606712937763E1,4.141220109787E1,2.931660126468E0));
#3048=VERTEX_POINT('',#3047);
#3049=CARTESIAN_POINT('',(7.623282344844E1,4.116467347560E1,1.983603553148E0));
#3050=VERTEX_POINT('',#3049);
#3051=CARTESIAN_POINT('',(7.539166070078E1,4.139022730838E1,2.082402960003E0));
#3052=VERTEX_POINT('',#3051);
#3053=CARTESIAN_POINT('',(7.522830970169E1,4.163712664699E1,3.030184326062E0));
#3054=VERTEX_POINT('',#3053);
#3055=CARTESIAN_POINT('',(7.169672655594E1,4.273596526404E1,3.417863024344E0));
#3056=VERTEX_POINT('',#3055);
#3057=CARTESIAN_POINT('',(7.348482862169E1,4.212109575095E1,2.588776909609E0));
#3058=VERTEX_POINT('',#3057);
#3059=CARTESIAN_POINT('',(7.354005997863E1,4.203858654353E1,2.272758051836E0));
#3060=VERTEX_POINT('',#3059);
#3061=CARTESIAN_POINT('',(7.202342855411E1,4.224216658681E1,1.522300292227E0));
#3062=VERTEX_POINT('',#3061);
#3063=CARTESIAN_POINT('',(7.465269336753E1,4.140174324095E1,5.944147706370E-1));
#3064=VERTEX_POINT('',#3063);
#3065=CARTESIAN_POINT('',(7.454223065366E1,4.156676165579E1,1.226452486184E0));
#3066=VERTEX_POINT('',#3065);
#3067=CARTESIAN_POINT('',(7.417302768617E1,4.173346087322E1,1.579349116989E0));
#3068=VERTEX_POINT('',#3067);
#3069=CARTESIAN_POINT('',(7.443411101151E1,4.173115178698E1,1.858214994469E0));
#3070=VERTEX_POINT('',#3069);
#3071=CARTESIAN_POINT('',(7.432364829763E1,4.189617020183E1,2.490252710016E0));
#3072=VERTEX_POINT('',#3071);
#3073=CARTESIAN_POINT('',(7.358524236266E1,4.222956863669E1,3.196045971627E0));
#3074=VERTEX_POINT('',#3073);
#3075=CARTESIAN_POINT('',(7.442406203861E1,4.200464308757E1,3.097521772033E0));
#3076=VERTEX_POINT('',#3075);
#3077=CARTESIAN_POINT('',(7.486122675066E1,4.134582599550E1,5.699213243692E-1));
#3078=VERTEX_POINT('',#3077);
#3079=CARTESIAN_POINT('',(7.570004642660E1,4.112090044638E1,4.713971247753E-1));
#3080=VERTEX_POINT('',#3079);
#3081=CARTESIAN_POINT('',(7.553669542751E1,4.136779978499E1,1.419178490834E0));
#3082=VERTEX_POINT('',#3081);
#3083=CARTESIAN_POINT('',(7.637551510345E1,4.114287423587E1,1.320654291240E0));
#3084=VERTEX_POINT('',#3083);
#3085=CARTESIAN_POINT('',(7.654120917426E1,4.089534661360E1,3.725977179200E-1));
#3086=VERTEX_POINT('',#3085);
#3087=CARTESIAN_POINT('',(7.738002885020E1,4.067042106448E1,2.740735183262E-1));
#3088=VERTEX_POINT('',#3087);
#3089=CARTESIAN_POINT('',(7.694286413815E1,4.132923815655E1,2.801673965990E0));
#3090=VERTEX_POINT('',#3089);
#3091=CARTESIAN_POINT('',(7.610170139049E1,4.155479198933E1,2.900473372845E0));
#3092=VERTEX_POINT('',#3091);
#3093=CARTESIAN_POINT('',(7.626739546130E1,4.130726436706E1,1.952416799525E0));
#3094=VERTEX_POINT('',#3093);
#3095=CARTESIAN_POINT('',(7.542623271364E1,4.153281819984E1,2.051216206381E0));
#3096=VERTEX_POINT('',#3095);
#3097=CARTESIAN_POINT('',(7.526288171455E1,4.177971753845E1,2.998997572439E0));
#3098=VERTEX_POINT('',#3097);
#3099=CARTESIAN_POINT('',(7.180484619809E1,4.257157513285E1,2.786100516059E0));
#3100=VERTEX_POINT('',#3099);
#3101=CARTESIAN_POINT('',(7.217404916557E1,4.240487591542E1,2.433203885253E0));
#3102=VERTEX_POINT('',#3101);
#3103=CARTESIAN_POINT('',(7.191530891196E1,4.240655671800E1,2.154062800512E0));
#3104=VERTEX_POINT('',#3103);
#3105=CARTESIAN_POINT('',(7.276417756080E1,4.190813986830E1,8.162318233539E-1));
#3106=VERTEX_POINT('',#3105);
#3107=CARTESIAN_POINT('',(7.286459130178E1,4.201661275404E1,1.423500885371E0));
#3108=VERTEX_POINT('',#3107);
#3109=CARTESIAN_POINT('',(7.280935994484E1,4.209912196146E1,1.739519743145E0));
#3110=VERTEX_POINT('',#3109);
#3111=CARTESIAN_POINT('',(7.710191999038E1,3.860553869547E1,2.549135553895E0));
#3112=CARTESIAN_POINT('',(7.542615138721E1,3.877599723619E1,1.470829718562E0));
#3113=VERTEX_POINT('',#3111);
#3114=VERTEX_POINT('',#3112);
#3115=CARTESIAN_POINT('',(7.143272890962E1,2.496107242082E1,4.101975716251E0));
#3116=CARTESIAN_POINT('',(7.436532396518E1,2.466276997456E1,5.989010928085E0));
#3117=VERTEX_POINT('',#3115);
#3118=VERTEX_POINT('',#3116);
#3119=CARTESIAN_POINT('',(7.206114213581E1,2.489715046805E1,4.506340404501E0));
#3120=CARTESIAN_POINT('',(7.373691073899E1,2.472669192733E1,5.584646239835E0));
#3121=VERTEX_POINT('',#3119);
#3122=VERTEX_POINT('',#3120);
#3123=CARTESIAN_POINT('',(7.180149704676E1,2.648204192966E1,3.769317010943E0));
#3124=CARTESIAN_POINT('',(7.473409210232E1,2.618373948340E1,5.656352222776E0));
#3125=VERTEX_POINT('',#3123);
#3126=VERTEX_POINT('',#3124);
#3127=CARTESIAN_POINT('',(6.917318219097E1,2.751064199169E1,5.558630046960E0));
#3128=CARTESIAN_POINT('',(6.904182292077E1,2.732932847790E1,4.584017225451E0));
#3129=VERTEX_POINT('',#3127);
#3130=VERTEX_POINT('',#3128);
#3131=CARTESIAN_POINT('',(7.231612162940E1,2.581069444164E1,1.270293545818E0));
#3132=CARTESIAN_POINT('',(7.328029156889E1,2.555875446704E1,1.187211797099E0));
#3133=VERTEX_POINT('',#3131);
#3134=VERTEX_POINT('',#3132);
#3135=CARTESIAN_POINT('',(7.152743585007E1,4.006073612839E1,3.022950879797E0));
#3136=CARTESIAN_POINT('',(7.136627135029E1,3.983828283895E1,1.827199810034E0));
#3137=VERTEX_POINT('',#3135);
#3138=VERTEX_POINT('',#3136);
#3139=CARTESIAN_POINT('',(7.511348313768E1,3.807362500804E1,-2.087137687403E0));
#3140=CARTESIAN_POINT('',(7.629642185051E1,3.776452021534E1,-2.189070565481E0));
#3141=VERTEX_POINT('',#3139);
#3142=VERTEX_POINT('',#3140);
#3143=CARTESIAN_POINT('',(5.062463616761E1,2.804133051761E1,-1.257692931403E1));
#3144=CARTESIAN_POINT('',(5.146285426053E1,2.795589980488E1,-1.203832739978E1));
#3145=VERTEX_POINT('',#3143);
#3146=VERTEX_POINT('',#3144);
#3147=CARTESIAN_POINT('',(5.386250568041E1,4.020559115409E1,-1.589717119616E1));
#3148=CARTESIAN_POINT('',(5.489091425372E1,4.010077633545E1,-1.523636128177E1));
#3149=VERTEX_POINT('',#3147);
#3150=VERTEX_POINT('',#3148);
#3151=CARTESIAN_POINT('',(6.647290041683E1,3.484065288094E1,-2.879612430454E0));
#3152=CARTESIAN_POINT('',(7.461858593324E1,3.295527263959E1,-2.469993166699E0));
#3153=VERTEX_POINT('',#3151);
#3154=VERTEX_POINT('',#3152);
#3155=CARTESIAN_POINT('',(7.461442443260E1,3.009932198384E1,-1.553247560178E1));
#3156=CARTESIAN_POINT('',(6.646873891618E1,3.198470222519E1,-1.594209486553E1));
#3157=VERTEX_POINT('',#3155);
#3158=VERTEX_POINT('',#3156);
#3159=CARTESIAN_POINT('',(7.542546672218E1,3.294562886326E1,-1.619620002935E0));
#3160=CARTESIAN_POINT('',(6.566653561376E1,3.520440694295E1,-2.110363988522E0));
#3161=VERTEX_POINT('',#3159);
#3162=VERTEX_POINT('',#3160);
#3163=CARTESIAN_POINT('',(6.671268755517E1,3.989990809880E1,-3.049760449969E0));
#3164=CARTESIAN_POINT('',(6.671182192518E1,3.930584437813E1,-5.766875642770E0));
#3165=VERTEX_POINT('',#3163);
#3166=VERTEX_POINT('',#3164);
#3167=CARTESIAN_POINT('',(6.670883817745E1,3.725816085745E1,-1.513252415901E1));
#3168=CARTESIAN_POINT('',(6.670795682939E1,3.665331016429E1,-1.789897656234E1));
#3169=VERTEX_POINT('',#3167);
#3170=VERTEX_POINT('',#3168);
#3171=CARTESIAN_POINT('',(7.663720806773E1,3.700911413047E1,-5.265131726841E0));
#3172=CARTESIAN_POINT('',(7.663807286001E1,3.760260294212E1,-2.550646039911E0));
#3173=VERTEX_POINT('',#3171);
#3174=VERTEX_POINT('',#3172);
#3175=CARTESIAN_POINT('',(6.768545331539E1,3.946108996671E1,-3.977750539021E0));
#3176=VERTEX_POINT('',#3175);
#3177=CARTESIAN_POINT('',(7.566468463539E1,3.761423680235E1,-3.576501699738E0));
#3178=VERTEX_POINT('',#3177);
#3179=CARTESIAN_POINT('',(7.566057637401E1,3.479482313970E1,-1.647187206323E1));
#3180=VERTEX_POINT('',#3179);
#3181=CARTESIAN_POINT('',(6.768134505401E1,3.664167630406E1,-1.687312090251E1));
#3182=VERTEX_POINT('',#3181);
#3183=CARTESIAN_POINT('',(6.566185812724E1,3.199434600152E1,-1.679246802930E1));
#3184=VERTEX_POINT('',#3183);
#3185=CARTESIAN_POINT('',(7.663422264514E1,3.496028118973E1,-1.463603743457E1));
#3186=VERTEX_POINT('',#3185);
#3187=CARTESIAN_POINT('',(7.542471075921E1,3.242682732538E1,-3.992502728404E0));
#3188=CARTESIAN_POINT('',(7.461808796323E1,3.261352626072E1,-4.033065015356E0));
#3189=VERTEX_POINT('',#3187);
#3190=VERTEX_POINT('',#3188);
#3191=CARTESIAN_POINT('',(6.647240244705E1,3.449890666538E1,-4.442683532176E0));
#3192=CARTESIAN_POINT('',(6.566577965107E1,3.468560560072E1,-4.483245819127E0));
#3193=VERTEX_POINT('',#3191);
#3194=VERTEX_POINT('',#3192);
#3195=CARTESIAN_POINT('',(6.566261408993E1,3.251314734375E1,-1.441958619869E1));
#3196=CARTESIAN_POINT('',(6.646923688595E1,3.232644844075E1,-1.437902376381E1));
#3197=VERTEX_POINT('',#3195);
#3198=VERTEX_POINT('',#3196);
#3199=CARTESIAN_POINT('',(7.461492240261E1,3.044106836271E1,-1.396940375312E1));
#3200=CARTESIAN_POINT('',(7.542154519864E1,3.025436945971E1,-1.392884131824E1));
#3201=VERTEX_POINT('',#3199);
#3202=VERTEX_POINT('',#3200);
#3203=CARTESIAN_POINT('',(7.515181179086E1,3.499054879360E1,-4.597610181380E0));
#3204=VERTEX_POINT('',#3203);
#3205=CARTESIAN_POINT('',(7.514867339313E1,3.283673221688E1,-1.444868766592E1));
#3206=VERTEX_POINT('',#3205);
#3207=CARTESIAN_POINT('',(6.709105188509E1,3.685627252462E1,-5.002958081257E0));
#3208=VERTEX_POINT('',#3207);
#3209=CARTESIAN_POINT('',(6.708791348689E1,3.470245562469E1,-1.485403704409E1));
#3210=VERTEX_POINT('',#3209);
#3211=CARTESIAN_POINT('',(6.619950347870E1,3.706262813360E1,-5.047790985151E0));
#3212=CARTESIAN_POINT('',(6.619942883893E1,3.701140442177E1,-5.282076838334E0));
#3213=VERTEX_POINT('',#3211);
#3214=VERTEX_POINT('',#3212);
#3215=CARTESIAN_POINT('',(6.619645543828E1,3.497082188388E1,-1.461524704030E1));
#3216=CARTESIAN_POINT('',(6.619636508044E1,3.490881119792E1,-1.489887011149E1));
#3217=VERTEX_POINT('',#3215);
#3218=VERTEX_POINT('',#3216);
#3219=CARTESIAN_POINT('',(7.604336019725E1,3.478419318462E1,-4.552777277485E0));
#3220=CARTESIAN_POINT('',(7.604328639150E1,3.473354184048E1,-4.784445248281E0));
#3221=VERTEX_POINT('',#3219);
#3222=VERTEX_POINT('',#3220);
#3223=CARTESIAN_POINT('',(7.604031132396E1,3.269181535663E1,-1.412284760442E1));
#3224=CARTESIAN_POINT('',(7.604022179957E1,3.263037664365E1,-1.440385459852E1));
#3225=VERTEX_POINT('',#3223);
#3226=VERTEX_POINT('',#3224);
#3227=CARTESIAN_POINT('',(7.404440071954E1,3.005414340667E1,-1.637093801588E1));
#3228=CARTESIAN_POINT('',(7.517372651229E1,3.469384403270E1,-1.747326133706E1));
#3229=VERTEX_POINT('',#3227);
#3230=VERTEX_POINT('',#3228);
#3231=CARTESIAN_POINT('',(7.542122946438E1,3.003768765678E1,-1.491989564164E1));
#3232=VERTEX_POINT('',#3231);
#3233=CARTESIAN_POINT('',(7.663380898257E1,3.467639324077E1,-1.593447770678E1));
#3234=VERTEX_POINT('',#3233);
#3235=CARTESIAN_POINT('',(3.858108769462E1,4.268354114396E1,2.540904337936E0));
#3236=CARTESIAN_POINT('',(4.472843165434E1,4.119308090316E1,2.540904337936E0));
#3237=VERTEX_POINT('',#3235);
#3238=VERTEX_POINT('',#3236);
#3239=CARTESIAN_POINT('',(3.964867020591E1,4.745713546945E1,1.501345883847E0));
#3240=CARTESIAN_POINT('',(4.596565000018E1,4.592554600790E1,1.501345883847E0));
#3241=VERTEX_POINT('',#3239);
#3242=VERTEX_POINT('',#3240);
#3243=CARTESIAN_POINT('',(4.875786963896E1,4.874469539808E1,1.748626319744E1));
#3244=CARTESIAN_POINT('',(4.823435067215E1,4.645000723503E1,1.795759358820E1));
#3245=VERTEX_POINT('',#3243);
#3246=VERTEX_POINT('',#3244);
#3247=CARTESIAN_POINT('',(4.547855599920E1,4.617943911158E1,1.366558165245E1));
#3248=CARTESIAN_POINT('',(4.599349256604E1,4.847328464152E1,1.318088460436E1));
#3249=VERTEX_POINT('',#3247);
#3250=VERTEX_POINT('',#3248);
#3251=CARTESIAN_POINT('',(5.559159688602E1,3.958440604713E1,6.747148689664E0));
#3252=CARTESIAN_POINT('',(4.744591136960E1,4.146978628848E1,6.337529425910E0));
#3253=VERTEX_POINT('',#3251);
#3254=VERTEX_POINT('',#3252);
#3255=CARTESIAN_POINT('',(4.663903058066E1,4.147943006481E1,5.487156262145E0));
#3256=CARTESIAN_POINT('',(5.639796168909E1,3.922065198512E1,5.977900247733E0));
#3257=VERTEX_POINT('',#3255);
#3258=VERTEX_POINT('',#3256);
#3259=CARTESIAN_POINT('',(4.768600810314E1,4.674151019830E1,7.139165898217E0));
#3260=CARTESIAN_POINT('',(4.768512928281E1,4.613839422757E1,4.380647729107E0));
#3261=VERTEX_POINT('',#3259);
#3262=VERTEX_POINT('',#3260);
#3263=CARTESIAN_POINT('',(5.761051458765E1,4.384108907090E1,4.879762139166E0));
#3264=VERTEX_POINT('',#3263);
#3265=CARTESIAN_POINT('',(5.761139282655E1,4.444380601912E1,7.636455268186E0));
#3266=VERTEX_POINT('',#3265);
#3267=CARTESIAN_POINT('',(4.865851750743E1,4.612676036735E1,5.406503388934E0));
#3268=VERTEX_POINT('',#3267);
#3269=CARTESIAN_POINT('',(5.663774882744E1,4.427990720298E1,5.807752228217E0));
#3270=VERTEX_POINT('',#3269);
#3271=VERTEX_POINT('',#1968);
#3272=VERTEX_POINT('',#1832);
#3273=CARTESIAN_POINT('',(4.744956229791E1,4.397534185484E1,1.779738273603E1));
#3274=CARTESIAN_POINT('',(4.806823889885E1,4.635134903879E1,1.732236945575E1));
#3275=VERTEX_POINT('',#3273);
#3276=VERTEX_POINT('',#3274);
#3277=CARTESIAN_POINT('',(7.046049556068E1,3.753233091615E1,1.432858973196E1));
#3278=CARTESIAN_POINT('',(7.126372133227E1,3.734641826386E1,1.436898126788E1));
#3279=VERTEX_POINT('',#3277);
#3280=VERTEX_POINT('',#3278);
#3281=CARTESIAN_POINT('',(7.126460095421E1,3.794991196752E1,1.712922738180E1));
#3282=VERTEX_POINT('',#3281);
#3283=CARTESIAN_POINT('',(7.152794320818E1,4.228637598199E1,1.319949939173E1));
#3284=CARTESIAN_POINT('',(7.250102020060E1,4.206114998583E1,1.324843217712E1));
#3285=VERTEX_POINT('',#3283);
#3286=VERTEX_POINT('',#3284);
#3287=CARTESIAN_POINT('',(7.250195416383E1,4.270192633191E1,1.617920081385E1));
#3288=VERTEX_POINT('',#3287);
#3289=CARTESIAN_POINT('',(6.870957961649E1,3.836492193995E1,1.619435647608E1));
#3290=CARTESIAN_POINT('',(6.870983659627E1,3.854123141289E1,1.700075683217E1));
#3291=VERTEX_POINT('',#3289);
#3292=VERTEX_POINT('',#3290);
#3293=CARTESIAN_POINT('',(7.152856585034E1,4.271356021271E1,1.515334514955E1));
#3294=CARTESIAN_POINT('',(6.977702726399E1,4.311896700579E1,1.506526613585E1));
#3295=VERTEX_POINT('',#3293);
#3296=VERTEX_POINT('',#3294);
#3297=CARTESIAN_POINT('',(6.977733858507E1,4.333255912115E1,1.604218901476E1));
#3298=VERTEX_POINT('',#3297);
#3299=CARTESIAN_POINT('',(7.046111820284E1,3.795951514687E1,1.628243548978E1));
#3300=VERTEX_POINT('',#3299);
#3301=CARTESIAN_POINT('',(5.640384483864E1,4.448610970461E1,1.803461211341E1));
#3302=VERTEX_POINT('',#3301);
#3303=CARTESIAN_POINT('',(5.697161034529E1,4.677313246246E1,1.757728366043E1));
#3304=VERTEX_POINT('',#3303);
#3305=CARTESIAN_POINT('',(5.612909217475E1,4.454970327176E1,1.802079569625E1));
#3306=VERTEX_POINT('',#3305);
#3307=CARTESIAN_POINT('',(5.559534118423E1,4.215403941758E1,1.850007960905E1));
#3308=VERTEX_POINT('',#3307);
#3309=CARTESIAN_POINT('',(5.883465646137E1,4.140427557296E1,1.866297423047E1));
#3310=CARTESIAN_POINT('',(6.004726259920E1,4.606124965350E1,1.773194820113E1));
#3311=VERTEX_POINT('',#3309);
#3312=VERTEX_POINT('',#3310);
#3313=CARTESIAN_POINT('',(5.793983902830E1,4.633536449047E1,1.664906550576E1));
#3314=CARTESIAN_POINT('',(6.004695136700E1,4.584765751757E1,1.675502532669E1));
#3315=VERTEX_POINT('',#3313);
#3316=VERTEX_POINT('',#3314);
#3317=CARTESIAN_POINT('',(5.702035542536E1,4.414765123268E1,1.717055669979E1));
#3318=CARTESIAN_POINT('',(5.730037335481E1,4.408283898028E1,1.718463789001E1));
#3319=VERTEX_POINT('',#3317);
#3320=VERTEX_POINT('',#3318);
#3321=CARTESIAN_POINT('',(5.640170598732E1,4.179028537174E1,1.773083124108E1));
#3322=VERTEX_POINT('',#3321);
#3323=CARTESIAN_POINT('',(5.883439846843E1,4.122722043012E1,1.785316342762E1));
#3324=VERTEX_POINT('',#3323);
#3325=CARTESIAN_POINT('',(4.781842294695E1,4.640917081670E1,1.730980702467E1));
#3326=VERTEX_POINT('',#3325);
#3327=CARTESIAN_POINT('',(4.717638220623E1,4.634613427770E1,1.630986078433E1));
#3328=VERTEX_POINT('',#3327);
#3329=CARTESIAN_POINT('',(4.726495114040E1,4.401807149348E1,1.778809924182E1));
#3330=VERTEX_POINT('',#3329);
#3331=CARTESIAN_POINT('',(4.664264068953E1,4.395697210442E1,1.681888193798E1));
#3332=VERTEX_POINT('',#3331);
#3333=CARTESIAN_POINT('',(4.727554014675E1,4.842388001768E1,1.197134274667E1));
#3334=CARTESIAN_POINT('',(5.825736655833E1,4.576127064606E1,1.197134274667E1));
#3335=VERTEX_POINT('',#3333);
#3336=VERTEX_POINT('',#3334);
#3337=CARTESIAN_POINT('',(6.629858031974E1,3.893967292327E1,-1.030403619435E1));
#3338=CARTESIAN_POINT('',(7.728040673133E1,3.627706355165E1,-1.030403619435E1));
#3339=VERTEX_POINT('',#3337);
#3340=VERTEX_POINT('',#3338);
#3341=VERTEX_POINT('',#55);
#3342=VERTEX_POINT('',#59);
#3343=VERTEX_POINT('',#53);
#3344=VERTEX_POINT('',#45);
#3345=VERTEX_POINT('',#37);
#3346=VERTEX_POINT('',#21);
#3347=VERTEX_POINT('',#789);
#3348=VERTEX_POINT('',#793);
#3349=VERTEX_POINT('',#801);
#3350=VERTEX_POINT('',#746);
#3351=VERTEX_POINT('',#760);
#3352=VERTEX_POINT('',#774);
#3353=CARTESIAN_POINT('',(3.839172767108E1,4.673115205739E1,-3.211349036534E0));
#3354=VERTEX_POINT('',#3353);
#3355=CARTESIAN_POINT('',(3.869075607512E1,4.820190042201E1,3.844638159371E0));
#3356=VERTEX_POINT('',#3355);
#3357=VERTEX_POINT('',#738);
#3358=VERTEX_POINT('',#494);
#3359=VERTEX_POINT('',#497);
#3360=VERTEX_POINT('',#517);
#3361=VERTEX_POINT('',#462);
#3362=VERTEX_POINT('',#1218);
#3363=VERTEX_POINT('',#1223);
#3364=VERTEX_POINT('',#989);
#3365=VERTEX_POINT('',#994);
#3366=CARTESIAN_POINT('',(8.527869606253E1,3.647777766959E1,1.885015965226E0));
#3367=VERTEX_POINT('',#3366);
#3368=VERTEX_POINT('',#1144);
#3369=VERTEX_POINT('',#1147);
#3370=VERTEX_POINT('',#1135);
#3371=VERTEX_POINT('',#1138);
#3372=VERTEX_POINT('',#1034);
#3373=VERTEX_POINT('',#1037);
#3374=VERTEX_POINT('',#1025);
#3375=VERTEX_POINT('',#1028);
#3376=VERTEX_POINT('',#1208);
#3377=VERTEX_POINT('',#1211);
#3378=VERTEX_POINT('',#1199);
#3379=VERTEX_POINT('',#1202);
#3380=CARTESIAN_POINT('',(7.718913677294E1,3.330588287077E1,2.463606013181E0));
#3381=CARTESIAN_POINT('',(7.729756719723E1,3.345554799300E1,3.268099533897E0));
#3382=VERTEX_POINT('',#3380);
#3383=VERTEX_POINT('',#3381);
#3384=VERTEX_POINT('',#1213);
#3385=VERTEX_POINT('',#996);
#3386=CARTESIAN_POINT('',(4.663978599359E1,4.199785411732E1,7.858312453619E0));
#3387=CARTESIAN_POINT('',(4.744640878959E1,4.181115519815E1,7.898874814535E0));
#3388=VERTEX_POINT('',#3386);
#3389=VERTEX_POINT('',#3387);
#3390=CARTESIAN_POINT('',(5.559209430601E1,3.992577495680E1,8.308494078290E0));
#3391=CARTESIAN_POINT('',(5.639871710201E1,3.973907603763E1,8.349056439206E0));
#3392=VERTEX_POINT('',#3390);
#3393=VERTEX_POINT('',#3391);
#3394=CARTESIAN_POINT('',(4.806509898025E1,4.419648872411E1,7.466518146129E0));
#3395=VERTEX_POINT('',#3394);
#3396=CARTESIAN_POINT('',(5.612585888625E1,4.233076515469E1,7.871866785154E0));
#3397=VERTEX_POINT('',#3396);
#3398=CARTESIAN_POINT('',(4.717355057383E1,4.440284431521E1,7.421685160483E0));
#3399=VERTEX_POINT('',#3398);
#3400=CARTESIAN_POINT('',(5.701740729267E1,4.212440956359E1,7.916699770800E0));
#3401=VERTEX_POINT('',#3400);
#3402=CARTESIAN_POINT('',(5.640095006976E1,4.127151499787E1,1.535809105283E1));
#3403=CARTESIAN_POINT('',(5.559432727376E1,4.145821391704E1,1.531752869191E1));
#3404=VERTEX_POINT('',#3402);
#3405=VERTEX_POINT('',#3403);
#3406=CARTESIAN_POINT('',(4.744864175734E1,4.334359415839E1,1.490790942816E1));
#3407=CARTESIAN_POINT('',(4.664201896134E1,4.353029307756E1,1.486734706724E1));
#3408=VERTEX_POINT('',#3406);
#3409=VERTEX_POINT('',#3407);
#3410=CARTESIAN_POINT('',(4.806727760566E1,4.569163367562E1,1.430497826721E1));
#3411=VERTEX_POINT('',#3410);
#3412=CARTESIAN_POINT('',(5.612803751166E1,4.382591010620E1,1.471032690623E1));
#3413=VERTEX_POINT('',#3412);
#3414=CARTESIAN_POINT('',(4.717572919924E1,4.589798926672E1,1.426014528156E1));
#3415=VERTEX_POINT('',#3414);
#3416=CARTESIAN_POINT('',(5.701958591808E1,4.361955451510E1,1.475515989188E1));
#3417=VERTEX_POINT('',#3416);
#3418=CARTESIAN_POINT('',(7.566094985266E1,3.505113370281E1,-1.529956461390E1));
#3419=CARTESIAN_POINT('',(6.768171853265E1,3.689798686718E1,-1.570081345318E1));
#3420=VERTEX_POINT('',#3418);
#3421=VERTEX_POINT('',#3419);
#3422=CARTESIAN_POINT('',(6.768507983674E1,3.920477940360E1,-5.150057988348E0));
#3423=CARTESIAN_POINT('',(7.566431115675E1,3.735792623923E1,-4.748809149065E0));
#3424=VERTEX_POINT('',#3422);
#3425=VERTEX_POINT('',#3423);
#3426=CARTESIAN_POINT('',(7.514857497814E1,3.276919207207E1,-1.475760125078E1));
#3427=CARTESIAN_POINT('',(6.708781507213E1,3.463491564149E1,-1.516294988980E1));
#3428=VERTEX_POINT('',#3426);
#3429=VERTEX_POINT('',#3427);
#3430=CARTESIAN_POINT('',(6.709115029985E1,3.692381250783E1,-4.694045235544E0));
#3431=CARTESIAN_POINT('',(7.515191020585E1,3.505808893841E1,-4.288696596520E0));
#3432=VERTEX_POINT('',#3430);
#3433=VERTEX_POINT('',#3431);
#3434=CARTESIAN_POINT('',(5.612574743156E1,4.225427613536E1,7.522023040666E0));
#3435=CARTESIAN_POINT('',(5.663812230608E1,4.453621776610E1,6.980059677545E0));
#3436=VERTEX_POINT('',#3434);
#3437=VERTEX_POINT('',#3435);
#3438=CARTESIAN_POINT('',(4.806498752555E1,4.411999970478E1,7.116674401641E0));
#3439=CARTESIAN_POINT('',(4.865889098607E1,4.638307093046E1,6.578810838261E0));
#3440=VERTEX_POINT('',#3438);
#3441=VERTEX_POINT('',#3439);
#3442=CARTESIAN_POINT('',(7.193102269799E1,4.141524663078E1,9.663387785180E0));
#3443=CARTESIAN_POINT('',(8.105398093631E1,3.920333094464E1,9.663387785180E0));
#3444=VERTEX_POINT('',#3442);
#3445=VERTEX_POINT('',#3443);
#3446=CARTESIAN_POINT('',(4.903615327161E1,4.507819592971E1,1.257428665005E1));
#3447=CARTESIAN_POINT('',(5.515996893634E1,4.359344026449E1,1.257428665005E1));
#3448=VERTEX_POINT('',#3446);
#3449=VERTEX_POINT('',#3447);
#3450=CARTESIAN_POINT('',(6.805919344461E1,3.559398883530E1,-9.701092290974E0));
#3451=CARTESIAN_POINT('',(7.418300910934E1,3.410923317009E1,-9.701092290974E0));
#3452=VERTEX_POINT('',#3450);
#3453=VERTEX_POINT('',#3451);
#3454=CARTESIAN_POINT('',(4.975373991219E1,4.782302569045E1,1.197134274667E1));
#3455=CARTESIAN_POINT('',(5.577916679289E1,4.636212497328E1,1.197134274667E1));
#3456=VERTEX_POINT('',#3454);
#3457=VERTEX_POINT('',#3455);
#3458=CARTESIAN_POINT('',(6.877678008519E1,3.833881859605E1,-1.030403619435E1));
#3459=CARTESIAN_POINT('',(7.480220696588E1,3.687791787888E1,-1.030403619435E1));
#3460=VERTEX_POINT('',#3458);
#3461=VERTEX_POINT('',#3459);
#3462=CARTESIAN_POINT('',(7.953167708891E1,3.476780071425E1,2.125080956300E0));
#3463=CARTESIAN_POINT('',(8.341904927E1,3.382528412253E1,2.125080956300E0));
#3464=VERTEX_POINT('',#3462);
#3465=VERTEX_POINT('',#3463);
#3466=CARTESIAN_POINT('',(4.017203375536E1,4.431078120547E1,2.125080956300E0));
#3467=CARTESIAN_POINT('',(4.405940593645E1,4.336826461375E1,2.125080956300E0));
#3468=VERTEX_POINT('',#3466);
#3469=VERTEX_POINT('',#3467);
#3470=VERTEX_POINT('',#437);
#3471=VERTEX_POINT('',#445);
#3472=VERTEX_POINT('',#447);
#3473=VERTEX_POINT('',#455);
#3474=VERTEX_POINT('',#952);
#3475=VERTEX_POINT('',#962);
#3476=CARTESIAN_POINT('',(4.537172104975E1,4.838798122318E1,1.022423308970E0));
#3477=VERTEX_POINT('',#3476);
#3478=CARTESIAN_POINT('',(8.051501613671E1,4.006506397819E1,9.815666568105E-1));
#3479=CARTESIAN_POINT('',(8.497099116501E1,3.898468623178E1,9.815666568105E-1));
#3480=VERTEX_POINT('',#3478);
#3481=VERTEX_POINT('',#3479);
#3482=CARTESIAN_POINT('',(8.066405981127E1,3.983114306072E1,1.022423297669E0));
#3483=CARTESIAN_POINT('',(8.473136439675E1,3.884500078341E1,1.022423297669E0));
#3484=VERTEX_POINT('',#3482);
#3485=VERTEX_POINT('',#3483);
#3486=CARTESIAN_POINT('',(4.735796341720E1,5.041687043512E1,1.155551936504E1));
#3487=CARTESIAN_POINT('',(5.909686363073E1,4.757070400071E1,1.155551936504E1));
#3488=VERTEX_POINT('',#3486);
#3489=VERTEX_POINT('',#3487);
#3490=CARTESIAN_POINT('',(4.758359069811E1,5.007602218810E1,1.161462850389E1));
#3491=CARTESIAN_POINT('',(5.874018571639E1,4.737103912446E1,1.161462850389E1));
#3492=VERTEX_POINT('',#3490);
#3493=VERTEX_POINT('',#3491);
#3494=CARTESIAN_POINT('',(6.638100359019E1,4.093266334071E1,-1.071985957598E1));
#3495=CARTESIAN_POINT('',(7.811990380373E1,3.808649690631E1,-1.071985957598E1));
#3496=VERTEX_POINT('',#3494);
#3497=VERTEX_POINT('',#3495);
#3498=CARTESIAN_POINT('',(6.660663087110E1,4.059181509369E1,-1.066075043712E1));
#3499=CARTESIAN_POINT('',(7.776322588938E1,3.788683203006E1,-1.066075043712E1));
#3500=VERTEX_POINT('',#3498);
#3501=VERTEX_POINT('',#3499);
#3502=CARTESIAN_POINT('',(7.235167693558E1,4.302428476639E1,9.309937910789E0));
#3503=CARTESIAN_POINT('',(8.141695899014E1,4.082635301531E1,9.309937910789E0));
#3504=VERTEX_POINT('',#3502);
#3505=VERTEX_POINT('',#3503);
#3506=CARTESIAN_POINT('',(7.160357204023E1,4.312968058679E1,8.962514507693E0));
#3507=CARTESIAN_POINT('',(8.201549585939E1,4.071976263665E1,9.486096266083E0));
#3508=VERTEX_POINT('',#3506);
#3509=VERTEX_POINT('',#3507);
#3510=CARTESIAN_POINT('',(7.149693518178E1,4.395752432001E1,8.781550659883E0));
#3511=CARTESIAN_POINT('',(8.249090085497E1,4.141288841226E1,9.334401408585E0));
#3512=VERTEX_POINT('',#3510);
#3513=VERTEX_POINT('',#3511);
#3514=CARTESIAN_POINT('',(7.168667976698E1,4.368449341347E1,8.841185050071E0));
#3515=CARTESIAN_POINT('',(8.219596002309E1,4.125204158496E1,9.369662546783E0));
#3516=VERTEX_POINT('',#3514);
#3517=VERTEX_POINT('',#3515);
#3518=CARTESIAN_POINT('',(2.335192057586E1,5.114343673796E1,-1.173435215274E1));
#3519=DIRECTION('',(2.304800857119E-1,9.506059430235E-1,-2.079116908178E-1));
#3520=DIRECTION('',(-9.718430452728E-1,2.356291479313E-1,0.E0));
#3521=AXIS2_PLACEMENT_3D('',#3518,#3519,#3520);
#3522=PLANE('',#3521);
#3524=ORIENTED_EDGE('',*,*,#3523,.F.);
#3526=ORIENTED_EDGE('',*,*,#3525,.F.);
#3528=ORIENTED_EDGE('',*,*,#3527,.F.);
#3530=ORIENTED_EDGE('',*,*,#3529,.F.);
#3532=ORIENTED_EDGE('',*,*,#3531,.F.);
#3534=ORIENTED_EDGE('',*,*,#3533,.F.);
#3536=ORIENTED_EDGE('',*,*,#3535,.F.);
#3538=ORIENTED_EDGE('',*,*,#3537,.F.);
#3540=ORIENTED_EDGE('',*,*,#3539,.F.);
#3542=ORIENTED_EDGE('',*,*,#3541,.F.);
#3543=EDGE_LOOP('',(#3524,#3526,#3528,#3530,#3532,#3534,#3536,#3538,#3540,
#3542));
#3544=FACE_OUTER_BOUND('',#3543,.F.);
#3546=ORIENTED_EDGE('',*,*,#3545,.T.);
#3548=ORIENTED_EDGE('',*,*,#3547,.T.);
#3550=ORIENTED_EDGE('',*,*,#3549,.T.);
#3552=ORIENTED_EDGE('',*,*,#3551,.T.);
#3554=ORIENTED_EDGE('',*,*,#3553,.T.);
#3556=ORIENTED_EDGE('',*,*,#3555,.T.);
#3558=ORIENTED_EDGE('',*,*,#3557,.T.);
#3560=ORIENTED_EDGE('',*,*,#3559,.T.);
#3562=ORIENTED_EDGE('',*,*,#3561,.T.);
#3564=ORIENTED_EDGE('',*,*,#3563,.T.);
#3566=ORIENTED_EDGE('',*,*,#3565,.T.);
#3568=ORIENTED_EDGE('',*,*,#3567,.T.);
#3570=ORIENTED_EDGE('',*,*,#3569,.T.);
#3572=ORIENTED_EDGE('',*,*,#3571,.T.);
#3574=ORIENTED_EDGE('',*,*,#3573,.T.);
#3576=ORIENTED_EDGE('',*,*,#3575,.T.);
#3577=EDGE_LOOP('',(#3546,#3548,#3550,#3552,#3554,#3556,#3558,#3560,#3562,#3564,
#3566,#3568,#3570,#3572,#3574,#3576));
#3578=FACE_BOUND('',#3577,.F.);
#3580=ORIENTED_EDGE('',*,*,#3579,.T.);
#3582=ORIENTED_EDGE('',*,*,#3581,.T.);
#3584=ORIENTED_EDGE('',*,*,#3583,.T.);
#3586=ORIENTED_EDGE('',*,*,#3585,.T.);
#3588=ORIENTED_EDGE('',*,*,#3587,.T.);
#3590=ORIENTED_EDGE('',*,*,#3589,.T.);
#3592=ORIENTED_EDGE('',*,*,#3591,.T.);
#3594=ORIENTED_EDGE('',*,*,#3593,.T.);
#3596=ORIENTED_EDGE('',*,*,#3595,.T.);
#3598=ORIENTED_EDGE('',*,*,#3597,.T.);
#3600=ORIENTED_EDGE('',*,*,#3599,.T.);
#3602=ORIENTED_EDGE('',*,*,#3601,.T.);
#3604=ORIENTED_EDGE('',*,*,#3603,.T.);
#3606=ORIENTED_EDGE('',*,*,#3605,.T.);
#3608=ORIENTED_EDGE('',*,*,#3607,.T.);
#3610=ORIENTED_EDGE('',*,*,#3609,.T.);
#3611=EDGE_LOOP('',(#3580,#3582,#3584,#3586,#3588,#3590,#3592,#3594,#3596,#3598,
#3600,#3602,#3604,#3606,#3608,#3610));
#3612=FACE_BOUND('',#3611,.F.);
#3614=ORIENTED_EDGE('',*,*,#3613,.T.);
#3616=ORIENTED_EDGE('',*,*,#3615,.T.);
#3618=ORIENTED_EDGE('',*,*,#3617,.T.);
#3620=ORIENTED_EDGE('',*,*,#3619,.T.);
#3622=ORIENTED_EDGE('',*,*,#3621,.T.);
#3624=ORIENTED_EDGE('',*,*,#3623,.T.);
#3626=ORIENTED_EDGE('',*,*,#3625,.T.);
#3628=ORIENTED_EDGE('',*,*,#3627,.T.);
#3630=ORIENTED_EDGE('',*,*,#3629,.T.);
#3632=ORIENTED_EDGE('',*,*,#3631,.T.);
#3633=EDGE_LOOP('',(#3614,#3616,#3618,#3620,#3622,#3624,#3626,#3628,#3630,
#3632));
#3634=FACE_BOUND('',#3633,.F.);
#3636=ORIENTED_EDGE('',*,*,#3635,.T.);
#3638=ORIENTED_EDGE('',*,*,#3637,.T.);
#3640=ORIENTED_EDGE('',*,*,#3639,.T.);
#3642=ORIENTED_EDGE('',*,*,#3641,.T.);
#3644=ORIENTED_EDGE('',*,*,#3643,.T.);
#3646=ORIENTED_EDGE('',*,*,#3645,.T.);
#3648=ORIENTED_EDGE('',*,*,#3647,.T.);
#3650=ORIENTED_EDGE('',*,*,#3649,.T.);
#3652=ORIENTED_EDGE('',*,*,#3651,.T.);
#3654=ORIENTED_EDGE('',*,*,#3653,.T.);
#3656=ORIENTED_EDGE('',*,*,#3655,.T.);
#3658=ORIENTED_EDGE('',*,*,#3657,.T.);
#3660=ORIENTED_EDGE('',*,*,#3659,.T.);
#3662=ORIENTED_EDGE('',*,*,#3661,.T.);
#3664=ORIENTED_EDGE('',*,*,#3663,.T.);
#3666=ORIENTED_EDGE('',*,*,#3665,.T.);
#3667=EDGE_LOOP('',(#3636,#3638,#3640,#3642,#3644,#3646,#3648,#3650,#3652,#3654,
#3656,#3658,#3660,#3662,#3664,#3666));
#3668=FACE_BOUND('',#3667,.F.);
#3670=ORIENTED_EDGE('',*,*,#3669,.F.);
#3672=ORIENTED_EDGE('',*,*,#3671,.F.);
#3674=ORIENTED_EDGE('',*,*,#3673,.F.);
#3676=ORIENTED_EDGE('',*,*,#3675,.F.);
#3678=ORIENTED_EDGE('',*,*,#3677,.F.);
#3680=ORIENTED_EDGE('',*,*,#3679,.F.);
#3682=ORIENTED_EDGE('',*,*,#3681,.F.);
#3684=ORIENTED_EDGE('',*,*,#3683,.F.);
#3686=ORIENTED_EDGE('',*,*,#3685,.F.);
#3688=ORIENTED_EDGE('',*,*,#3687,.F.);
#3690=ORIENTED_EDGE('',*,*,#3689,.F.);
#3692=ORIENTED_EDGE('',*,*,#3691,.F.);
#3694=ORIENTED_EDGE('',*,*,#3693,.F.);
#3696=ORIENTED_EDGE('',*,*,#3695,.F.);
#3698=ORIENTED_EDGE('',*,*,#3697,.F.);
#3700=ORIENTED_EDGE('',*,*,#3699,.F.);
#3701=EDGE_LOOP('',(#3670,#3672,#3674,#3676,#3678,#3680,#3682,#3684,#3686,#3688,
#3690,#3692,#3694,#3696,#3698,#3700));
#3702=FACE_BOUND('',#3701,.F.);
#3704=ORIENTED_EDGE('',*,*,#3703,.F.);
#3706=ORIENTED_EDGE('',*,*,#3705,.F.);
#3708=ORIENTED_EDGE('',*,*,#3707,.F.);
#3710=ORIENTED_EDGE('',*,*,#3709,.F.);
#3712=ORIENTED_EDGE('',*,*,#3711,.F.);
#3714=ORIENTED_EDGE('',*,*,#3713,.F.);
#3716=ORIENTED_EDGE('',*,*,#3715,.F.);
#3718=ORIENTED_EDGE('',*,*,#3717,.F.);
#3720=ORIENTED_EDGE('',*,*,#3719,.F.);
#3722=ORIENTED_EDGE('',*,*,#3721,.F.);
#3724=ORIENTED_EDGE('',*,*,#3723,.F.);
#3726=ORIENTED_EDGE('',*,*,#3725,.F.);
#3727=EDGE_LOOP('',(#3704,#3706,#3708,#3710,#3712,#3714,#3716,#3718,#3720,#3722,
#3724,#3726));
#3728=FACE_BOUND('',#3727,.F.);
#3730=ORIENTED_EDGE('',*,*,#3729,.F.);
#3732=ORIENTED_EDGE('',*,*,#3731,.F.);
#3733=EDGE_LOOP('',(#3730,#3732));
#3734=FACE_BOUND('',#3733,.F.);
#3736=ORIENTED_EDGE('',*,*,#3735,.F.);
#3738=ORIENTED_EDGE('',*,*,#3737,.F.);
#3739=EDGE_LOOP('',(#3736,#3738));
#3740=FACE_BOUND('',#3739,.F.);
#3742=ORIENTED_EDGE('',*,*,#3741,.F.);
#3744=ORIENTED_EDGE('',*,*,#3743,.F.);
#3745=EDGE_LOOP('',(#3742,#3744));
#3746=FACE_BOUND('',#3745,.F.);
#3748=ORIENTED_EDGE('',*,*,#3747,.F.);
#3750=ORIENTED_EDGE('',*,*,#3749,.F.);
#3751=EDGE_LOOP('',(#3748,#3750));
#3752=FACE_BOUND('',#3751,.F.);
#3753=ADVANCED_FACE('',(#3544,#3578,#3612,#3634,#3668,#3702,#3728,#3734,#3740,
#3746,#3752),#3522,.T.);
#3754=CARTESIAN_POINT('',(4.333726430018E1,4.887773440763E1,1.023148994966E0));
#3755=DIRECTION('',(-2.304800857119E-1,-9.506059430235E-1,2.079116908178E-1));
#3756=DIRECTION('',(9.672781112945E-1,-2.471074350473E-1,-5.754103713845E-2));
#3757=AXIS2_PLACEMENT_3D('',#3754,#3755,#3756);
#3758=TOROIDAL_SURFACE('',#3757,2.292542309728E0,2.E-1);
#3760=ORIENTED_EDGE('',*,*,#3759,.F.);
#3762=ORIENTED_EDGE('',*,*,#3761,.F.);
#3764=ORIENTED_EDGE('',*,*,#3763,.F.);
#3765=ORIENTED_EDGE('',*,*,#3523,.T.);
#3767=ORIENTED_EDGE('',*,*,#3766,.T.);
#3768=EDGE_LOOP('',(#3760,#3762,#3764,#3765,#3767));
#3769=FACE_OUTER_BOUND('',#3768,.F.);
#3770=ADVANCED_FACE('',(#3769),#3758,.T.);
#3771=CARTESIAN_POINT('',(4.272689432451E1,4.636028772880E1,1.573752112251E0));
#3772=DIRECTION('',(2.304800857119E-1,9.506059430235E-1,-2.079116908178E-1));
#3773=DIRECTION('',(9.718430452728E-1,-2.356291479313E-1,0.E0));
#3774=AXIS2_PLACEMENT_3D('',#3771,#3772,#3773);
#3775=CONICAL_SURFACE('',#3774,2.046286385974E0,1.E0);
#3777=ORIENTED_EDGE('',*,*,#3776,.T.);
#3779=ORIENTED_EDGE('',*,*,#3778,.F.);
#3781=ORIENTED_EDGE('',*,*,#3780,.F.);
#3783=ORIENTED_EDGE('',*,*,#3782,.T.);
#3784=ORIENTED_EDGE('',*,*,#3759,.T.);
#3785=EDGE_LOOP('',(#3777,#3779,#3781,#3783,#3784));
#3786=FACE_OUTER_BOUND('',#3785,.F.);
#3787=ADVANCED_FACE('',(#3786),#3775,.F.);
#3788=CARTESIAN_POINT('',(4.254565189994E1,4.971141769757E1,3.130971147763E0));
#3789=CARTESIAN_POINT('',(4.241460024256E1,4.973104873708E1,3.073991048817E0));
#3790=CARTESIAN_POINT('',(4.213781470057E1,4.976328838055E1,2.924703758037E0));
#3791=CARTESIAN_POINT('',(4.175998788741E1,4.977728565852E1,2.619763890329E0));
#3792=CARTESIAN_POINT('',(4.143486615980E1,4.975479538086E1,2.227829704317E0));
#3793=CARTESIAN_POINT('',(4.119621203416E1,4.969987581217E1,1.781277188778E0));
#3794=CARTESIAN_POINT('',(4.106887564124E1,4.962595471053E1,1.345762636488E0));
#3795=CARTESIAN_POINT('',(4.103944916279E1,4.956872838750E1,1.062818292299E0));
#3796=CARTESIAN_POINT('',(4.103611005395E1,4.954361294288E1,9.459263668851E-1));
#3797=CARTESIAN_POINT('',(4.264679717938E1,4.977089357019E1,2.918873694223E0));
#3798=CARTESIAN_POINT('',(4.252638771705E1,4.978895836470E1,2.866532950896E0));
#3799=CARTESIAN_POINT('',(4.227224369450E1,4.981834996812E1,2.729356561195E0));
#3800=CARTESIAN_POINT('',(4.192619119731E1,4.983010737161E1,2.449580970400E0));
#3801=CARTESIAN_POINT('',(4.162945708996E1,4.980802698332E1,2.091053485568E0));
#3802=CARTESIAN_POINT('',(4.141241732570E1,4.975649237563E1,1.683847269197E0));
#3803=CARTESIAN_POINT('',(4.129695131268E1,4.968833501690E1,1.287689003916E0));
#3804=CARTESIAN_POINT('',(4.127030188766E1,4.963608595530E1,1.030564311972E0));
#3805=CARTESIAN_POINT('',(4.126728092794E1,4.961322886499E1,9.243360011975E-1));
#3806=CARTESIAN_POINT('',(4.267093111071E1,4.956545568965E1,2.792517714316E0));
#3807=CARTESIAN_POINT('',(4.256118649797E1,4.958194346034E1,2.744784771065E0));
#3808=CARTESIAN_POINT('',(4.232927307406E1,4.960862767859E1,2.619827230365E0));
#3809=CARTESIAN_POINT('',(4.201230278746E1,4.961878757568E1,2.364734624380E0));
#3810=CARTESIAN_POINT('',(4.173919452514E1,4.959768746384E1,2.036791471663E0));
#3811=CARTESIAN_POINT('',(4.153849337506E1,4.954945197609E1,1.662907290289E0));
#3812=CARTESIAN_POINT('',(4.143131260152E1,4.948606829537E1,1.297974755993E0));
#3813=CARTESIAN_POINT('',(4.140653035465E1,4.943770970980E1,1.060729532356E0));
#3814=CARTESIAN_POINT('',(4.140371495763E1,4.941659044891E1,9.626949929704E-1));
#3815=CARTESIAN_POINT('',(4.258377011278E1,4.938693990119E1,2.931398849747E0));
#3816=CARTESIAN_POINT('',(4.246956299685E1,4.940408011860E1,2.881696516766E0));
#3817=CARTESIAN_POINT('',(4.222788945874E1,4.943204359659E1,2.751708223754E0));
#3818=CARTESIAN_POINT('',(4.189599639246E1,4.944351770134E1,2.485753768561E0));
#3819=CARTESIAN_POINT('',(4.160819038342E1,4.942257571625E1,2.142125847500E0));
#3820=CARTESIAN_POINT('',(4.139534219733E1,4.937286692547E1,1.748203647547E0));
#3821=CARTESIAN_POINT('',(4.128109188300E1,4.930648558485E1,1.362008414332E0));
#3822=CARTESIAN_POINT('',(4.125461450940E1,4.925540405402E1,1.110462593395E0));
#3823=CARTESIAN_POINT('',(4.125160007550E1,4.923303341507E1,1.006512277764E0));
#3824=(BOUNDED_SURFACE()B_SPLINE_SURFACE(3,3,((#3788,#3789,#3790,#3791,#3792,
#3793,#3794,#3795,#3796),(#3797,#3798,#3799,#3800,#3801,#3802,#3803,#3804,
#3805),(#3806,#3807,#3808,#3809,#3810,#3811,#3812,#3813,#3814),(#3815,#3816,
#3817,#3818,#3819,#3820,#3821,#3822,#3823)),.UNSPECIFIED.,.F.,.F.,.F.)B_SPLINE_SURFACE_WITH_KNOTS((4,4),(4,1,1,1,1,1,4),(0.E0,1.E0),(2.814235328437E-2,
1.691646255077E-1,3.355861312626E-1,5.012531946664E-1,6.667202020973E-1,
8.338867270819E-1,9.519001030825E-1),.UNSPECIFIED.)GEOMETRIC_REPRESENTATION_ITEM()RATIONAL_B_SPLINE_SURFACE(((1.550721290123E0,1.550721290123E0,1.550721290123E0,
1.550721290123E0,1.550721290123E0,1.550721290123E0,1.550721290123E0,
1.550721290123E0,1.550721290123E0),(8.164262366257E-1,8.164262366257E-1,
8.164262366257E-1,8.164262366257E-1,8.164262366257E-1,8.164262366257E-1,
8.164262366257E-1,8.164262366257E-1,8.164262366257E-1),(8.164262366257E-1,
8.164262366257E-1,8.164262366257E-1,8.164262366257E-1,8.164262366257E-1,
8.164262366257E-1,8.164262366257E-1,8.164262366257E-1,8.164262366257E-1),(
1.550721290123E0,1.550721290123E0,1.550721290123E0,1.550721290123E0,
1.550721290123E0,1.550721290123E0,1.550721290123E0,1.550721290123E0,
1.550721290123E0)))REPRESENTATION_ITEM('')SURFACE());
#3826=ORIENTED_EDGE('',*,*,#3825,.T.);
#3828=ORIENTED_EDGE('',*,*,#3827,.T.);
#3829=ORIENTED_EDGE('',*,*,#3776,.F.);
#3830=ORIENTED_EDGE('',*,*,#3766,.F.);
#3831=EDGE_LOOP('',(#3826,#3828,#3829,#3830));
#3832=FACE_OUTER_BOUND('',#3831,.F.);
#3833=ADVANCED_FACE('',(#3832),#3824,.T.);
#3834=CARTESIAN_POINT('',(3.797287187160E1,2.995928504945E1,3.810986361466E0));
#3835=DIRECTION('',(-1.199769900310E-2,2.164240357010E-1,9.762257382335E-1));
#3836=DIRECTION('',(2.304800857119E-1,9.506059430235E-1,-2.079116908178E-1));
#3837=AXIS2_PLACEMENT_3D('',#3834,#3835,#3836);
#3838=CYLINDRICAL_SURFACE('',#3837,2.E1);
#3839=ORIENTED_EDGE('',*,*,#3825,.F.);
#3840=ORIENTED_EDGE('',*,*,#3541,.T.);
#3842=ORIENTED_EDGE('',*,*,#3841,.T.);
#3844=ORIENTED_EDGE('',*,*,#3843,.F.);
#3846=ORIENTED_EDGE('',*,*,#3845,.F.);
#3847=ORIENTED_EDGE('',*,*,#3525,.T.);
#3849=ORIENTED_EDGE('',*,*,#3848,.F.);
#3850=EDGE_LOOP('',(#3839,#3840,#3842,#3844,#3846,#3847,#3849));
#3851=FACE_OUTER_BOUND('',#3850,.F.);
#3852=ADVANCED_FACE('',(#3851),#3838,.T.);
#3853=CARTESIAN_POINT('',(3.902924133640E1,5.065853997485E1,2.981816448080E0));
#3854=CARTESIAN_POINT('',(3.883558365934E1,4.980284153873E1,3.160102418945E0));
#3855=CARTESIAN_POINT('',(3.864192598227E1,4.894714310262E1,3.338388389810E0));
#3856=CARTESIAN_POINT('',(3.844826830521E1,4.809144466651E1,3.516674360675E0));
#3857=CARTESIAN_POINT('',(3.907258837502E1,5.066279585320E1,3.049327285859E0));
#3858=CARTESIAN_POINT('',(3.887893069795E1,4.980709741709E1,3.227613256724E0));
#3859=CARTESIAN_POINT('',(3.868527302089E1,4.895139898098E1,3.405899227589E0));
#3860=CARTESIAN_POINT('',(3.849161534382E1,4.809570054486E1,3.584185198454E0));
#3861=CARTESIAN_POINT('',(4.287478439994E1,5.103610125710E1,8.971056825878E0));
#3862=CARTESIAN_POINT('',(4.268112672288E1,5.018040282099E1,9.149342796743E0));
#3863=CARTESIAN_POINT('',(4.248746904582E1,4.932470438488E1,9.327628767608E0));
#3864=CARTESIAN_POINT('',(4.229381136875E1,4.846900594877E1,9.505914738473E0));
#3865=CARTESIAN_POINT('',(4.673027903620E1,5.141463959994E1,1.497579627887E1));
#3866=CARTESIAN_POINT('',(4.653662135914E1,5.055894116383E1,1.515408224973E1));
#3867=CARTESIAN_POINT('',(4.634296368207E1,4.970324272772E1,1.533236822060E1));
#3868=CARTESIAN_POINT('',(4.614930600501E1,4.884754429160E1,1.551065419146E1));
#3869=CARTESIAN_POINT('',(5.054242663384E1,5.178892206443E1,2.091302489408E1));
#3870=CARTESIAN_POINT('',(5.034876895678E1,5.093322362831E1,2.109131086494E1));
#3871=CARTESIAN_POINT('',(5.015511127971E1,5.007752519220E1,2.126959683581E1));
#3872=CARTESIAN_POINT('',(4.996145360265E1,4.922182675609E1,2.144788280667E1));
#3873=CARTESIAN_POINT('',(5.059572524517E1,5.179415500336E1,2.099603480705E1));
#3874=CARTESIAN_POINT('',(5.040206756811E1,5.093845656725E1,2.117432077791E1));
#3875=CARTESIAN_POINT('',(5.020840989104E1,5.008275813114E1,2.135260674878E1));
#3876=CARTESIAN_POINT('',(5.001475221398E1,4.922705969503E1,2.153089271964E1));
#3877=B_SPLINE_SURFACE_WITH_KNOTS('',3,3,((#3853,#3854,#3855,#3856),(#3857,
#3858,#3859,#3860),(#3861,#3862,#3863,#3864),(#3865,#3866,#3867,#3868),(#3869,
#3870,#3871,#3872),(#3873,#3874,#3875,#3876)),.UNSPECIFIED.,.F.,.F.,.F.,(4,1,1,
4),(4,4),(-1.153199789975E-2,0.E0,1.E0,1.014179503226E0),(-3.708604506288E-2,
1.037238373107E0),.UNSPECIFIED.);
#3878=ORIENTED_EDGE('',*,*,#3841,.F.);
#3879=ORIENTED_EDGE('',*,*,#3539,.T.);
#3881=ORIENTED_EDGE('',*,*,#3880,.T.);
#3883=ORIENTED_EDGE('',*,*,#3882,.F.);
#3885=ORIENTED_EDGE('',*,*,#3884,.F.);
#3886=EDGE_LOOP('',(#3878,#3879,#3881,#3883,#3885));
#3887=FACE_OUTER_BOUND('',#3886,.F.);
#3888=ADVANCED_FACE('',(#3887),#3877,.F.);
#3889=CARTESIAN_POINT('',(7.629547271320E1,4.481722384235E1,1.758577815561E1));
#3890=CARTESIAN_POINT('',(7.608668948799E1,4.396358231460E1,1.775670124895E1));
#3891=CARTESIAN_POINT('',(7.587790626277E1,4.310994078686E1,1.792762434230E1));
#3892=CARTESIAN_POINT('',(7.566912303755E1,4.225629925912E1,1.809854743564E1));
#3893=CARTESIAN_POINT('',(7.620977507464E1,4.484015476024E1,1.759562208376E1));
#3894=CARTESIAN_POINT('',(7.600099135511E1,4.398651336476E1,1.776654523387E1));
#3895=CARTESIAN_POINT('',(7.579220763557E1,4.313287196929E1,1.793746838399E1));
#3896=CARTESIAN_POINT('',(7.558342391603E1,4.227923057381E1,1.810839153411E1));
#3897=CARTESIAN_POINT('',(7.181620643729E1,4.601583210658E1,1.810052777704E1));
#3898=CARTESIAN_POINT('',(7.160739746135E1,4.516219746945E1,1.827145382948E1));
#3899=CARTESIAN_POINT('',(7.139858848541E1,4.430856283232E1,1.844237988192E1));
#3900=CARTESIAN_POINT('',(7.118977950948E1,4.345492819519E1,1.861330593436E1));
#3901=CARTESIAN_POINT('',(6.320592976267E1,4.832466532062E1,1.911198253419E1));
#3902=CARTESIAN_POINT('',(6.299707999908E1,4.747104162804E1,1.928291341181E1));
#3903=CARTESIAN_POINT('',(6.278823023550E1,4.661741793545E1,1.945384428943E1));
#3904=CARTESIAN_POINT('',(6.257938047192E1,4.576379424287E1,1.962477516705E1));
#3905=CARTESIAN_POINT('',(5.449703172746E1,5.066523445114E1,2.015921253391E1));
#3906=CARTESIAN_POINT('',(5.428817553274E1,4.981161248779E1,2.033014418865E1));
#3907=CARTESIAN_POINT('',(5.407931933801E1,4.895799052444E1,2.050107584338E1));
#3908=CARTESIAN_POINT('',(5.387046314329E1,4.810436856110E1,2.067200749812E1));
#3909=CARTESIAN_POINT('',(5.020377211410E1,5.181804328619E1,2.067075705402E1));
#3910=CARTESIAN_POINT('',(4.999492676747E1,5.096441840988E1,2.084168741586E1));
#3911=CARTESIAN_POINT('',(4.978608142085E1,5.011079353358E1,2.101261777769E1));
#3912=CARTESIAN_POINT('',(4.957723607422E1,4.925716865727E1,2.118354813953E1));
#3913=CARTESIAN_POINT('',(5.011821171842E1,5.184101719446E1,2.068094968147E1));
#3914=CARTESIAN_POINT('',(4.990936659356E1,5.098739225860E1,2.085188001687E1));
#3915=CARTESIAN_POINT('',(4.970052146871E1,5.013376732274E1,2.102281035227E1));
#3916=CARTESIAN_POINT('',(4.949167634386E1,4.928014238688E1,2.119374068767E1));
#3917=B_SPLINE_SURFACE_WITH_KNOTS('',3,3,((#3889,#3890,#3891,#3892),(#3893,
#3894,#3895,#3896),(#3897,#3898,#3899,#3900),(#3901,#3902,#3903,#3904),(#3905,
#3906,#3907,#3908),(#3909,#3910,#3911,#3912),(#3913,#3914,#3915,#3916)),
.UNSPECIFIED.,.F.,.F.,.F.,(4,1,1,1,4),(4,4),(-1.024234050472E-2,0.E0,
5.146749330031E-1,1.E0,1.009867655434E0),(-3.708604506288E-2,1.037238373107E0),
.UNSPECIFIED.);
#3918=ORIENTED_EDGE('',*,*,#3537,.T.);
#3920=ORIENTED_EDGE('',*,*,#3919,.T.);
#3922=ORIENTED_EDGE('',*,*,#3921,.F.);
#3923=ORIENTED_EDGE('',*,*,#3880,.F.);
#3924=EDGE_LOOP('',(#3918,#3920,#3922,#3923));
#3925=FACE_OUTER_BOUND('',#3924,.F.);
#3926=ADVANCED_FACE('',(#3925),#3917,.T.);
#3927=CARTESIAN_POINT('',(8.543569551573E1,4.059490908511E1,8.413046410252E0));
#3928=CARTESIAN_POINT('',(8.521421682555E1,3.974727036382E1,8.597341775394E0));
#3929=CARTESIAN_POINT('',(8.499273813536E1,3.889963164253E1,8.781637140536E0));
#3930=CARTESIAN_POINT('',(8.477125944518E1,3.805199292125E1,8.965932505678E0));
#3931=CARTESIAN_POINT('',(8.543240237734E1,4.060619734709E1,8.461007571409E0));
#3932=CARTESIAN_POINT('',(8.521092869748E1,3.975854122628E1,8.645228937275E0));
#3933=CARTESIAN_POINT('',(8.498945501761E1,3.891088510546E1,8.829450303141E0));
#3934=CARTESIAN_POINT('',(8.476798133775E1,3.806322898465E1,9.013671669007E0));
#3935=CARTESIAN_POINT('',(8.534186466906E1,4.088858598938E1,9.651768811770E0));
#3936=CARTESIAN_POINT('',(8.512053015954E1,4.004049347930E1,9.834149212165E0));
#3937=CARTESIAN_POINT('',(8.489919565002E1,3.919240096921E1,1.001652961256E1));
#3938=CARTESIAN_POINT('',(8.467786114050E1,3.834430845913E1,1.019891001295E1));
#3939=CARTESIAN_POINT('',(8.474517523674E1,4.151624185329E1,1.186005426742E1));
#3940=CARTESIAN_POINT('',(8.452481482197E1,4.066713005317E1,1.203885413938E1));
#3941=CARTESIAN_POINT('',(8.430445440720E1,3.981801825305E1,1.221765401134E1));
#3942=CARTESIAN_POINT('',(8.408409399244E1,3.896890645293E1,1.239645388331E1));
#3943=CARTESIAN_POINT('',(8.272780393603E1,4.263696752195E1,1.474784075248E1));
#3944=CARTESIAN_POINT('',(8.251038683204E1,4.178625358598E1,1.492257820094E1));
#3945=CARTESIAN_POINT('',(8.229296972806E1,4.093553965001E1,1.509731564941E1));
#3946=CARTESIAN_POINT('',(8.207555262408E1,4.008482571404E1,1.527205309788E1));
#3947=CARTESIAN_POINT('',(7.972762253962E1,4.381774988701E1,1.682072403553E1));
#3948=CARTESIAN_POINT('',(7.951417347315E1,4.296546595424E1,1.699268196421E1));
#3949=CARTESIAN_POINT('',(7.930072440668E1,4.211318202148E1,1.716463989289E1));
#3950=CARTESIAN_POINT('',(7.908727534021E1,4.126089808872E1,1.733659782157E1));
#3951=CARTESIAN_POINT('',(7.729886974909E1,4.455605592698E1,1.750398988496E1));
#3952=CARTESIAN_POINT('',(7.708876776577E1,4.370275845213E1,1.767502413725E1));
#3953=CARTESIAN_POINT('',(7.687866578246E1,4.284946097727E1,1.784605838953E1));
#3954=CARTESIAN_POINT('',(7.666856379915E1,4.199616350242E1,1.801709264182E1));
#3955=CARTESIAN_POINT('',(7.594267983368E1,4.491114189626E1,1.762409888241E1));
#3956=CARTESIAN_POINT('',(7.573431236224E1,4.405739039095E1,1.779498002351E1));
#3957=CARTESIAN_POINT('',(7.552594489080E1,4.320363888564E1,1.796586116461E1));
#3958=CARTESIAN_POINT('',(7.531757741936E1,4.234988738033E1,1.813674230570E1));
#3959=CARTESIAN_POINT('',(7.589467110719E1,4.492364642221E1,1.762805162447E1));
#3960=CARTESIAN_POINT('',(7.568636487658E1,4.406987897411E1,1.779892776093E1));
#3961=CARTESIAN_POINT('',(7.547805864597E1,4.321611152600E1,1.796980389738E1));
#3962=CARTESIAN_POINT('',(7.526975241537E1,4.236234407790E1,1.814068003384E1));
#3963=B_SPLINE_SURFACE_WITH_KNOTS('',3,3,((#3927,#3928,#3929,#3930),(#3931,
#3932,#3933,#3934),(#3935,#3936,#3937,#3938),(#3939,#3940,#3941,#3942),(#3943,
#3944,#3945,#3946),(#3947,#3948,#3949,#3950),(#3951,#3952,#3953,#3954),(#3955,
#3956,#3957,#3958),(#3959,#3960,#3961,#3962)),.UNSPECIFIED.,.F.,.F.,.F.,(4,1,1,
1,1,1,4),(4,4),(-1.043932343465E-2,0.E0,2.493152198184E-1,4.992074875729E-1,
7.490997553274E-1,1.E0,1.009178510632E0),(-3.708604506288E-2,1.037238373107E0),
.UNSPECIFIED.);
#3964=ORIENTED_EDGE('',*,*,#3535,.T.);
#3966=ORIENTED_EDGE('',*,*,#3965,.T.);
#3968=ORIENTED_EDGE('',*,*,#3967,.F.);
#3969=ORIENTED_EDGE('',*,*,#3919,.F.);
#3970=EDGE_LOOP('',(#3964,#3966,#3968,#3969));
#3971=FACE_OUTER_BOUND('',#3970,.F.);
#3972=ADVANCED_FACE('',(#3971),#3963,.T.);
#3973=CARTESIAN_POINT('',(8.608527899869E1,3.848450922161E1,
-5.159493006945E-1));
#3974=CARTESIAN_POINT('',(8.586380402709E1,3.763685774097E1,
-3.317081511547E-1));
#3975=CARTESIAN_POINT('',(8.564232905550E1,3.678920626033E1,
-1.474670016149E-1));
#3976=CARTESIAN_POINT('',(8.542085408390E1,3.594155477969E1,3.677414792486E-2));
#3977=CARTESIAN_POINT('',(8.608311554197E1,3.849158305146E1,
-4.860048998696E-1));
#3978=CARTESIAN_POINT('',(8.586164057501E1,3.764393155563E1,
-3.017638146212E-1));
#3979=CARTESIAN_POINT('',(8.564016560806E1,3.679628005981E1,
-1.175227293729E-1));
#3980=CARTESIAN_POINT('',(8.541869064111E1,3.594862856398E1,6.671835587543E-2));
#3981=CARTESIAN_POINT('',(8.607158044006E1,3.852929614288E1,
-3.263617483766E-1));
#3982=CARTESIAN_POINT('',(8.585010549781E1,3.768164456627E1,
-1.421210050846E-1));
#3983=CARTESIAN_POINT('',(8.562863055557E1,3.683399298966E1,4.211973820743E-2));
#3984=CARTESIAN_POINT('',(8.540715561332E1,3.598634141305E1,2.263604814994E-1));
#3985=CARTESIAN_POINT('',(8.599106361977E1,3.879242472520E1,7.874480118442E-1));
#3986=CARTESIAN_POINT('',(8.576958884775E1,3.794477259230E1,9.716864003780E-1));
#3987=CARTESIAN_POINT('',(8.554811407573E1,3.709712045940E1,1.155924788912E0));
#3988=CARTESIAN_POINT('',(8.532663930371E1,3.624946832650E1,1.340163177445E0));
#3989=CARTESIAN_POINT('',(8.584152425310E1,3.927970962106E1,2.849621957986E0));
#3990=CARTESIAN_POINT('',(8.562004976427E1,3.843205656554E1,3.033856442068E0));
#3991=CARTESIAN_POINT('',(8.539857527545E1,3.758440351001E1,3.218090926151E0));
#3992=CARTESIAN_POINT('',(8.517710078662E1,3.673675045449E1,3.402325410233E0));
#3993=CARTESIAN_POINT('',(8.563283976535E1,3.995682924544E1,5.714185841356E0));
#3994=CARTESIAN_POINT('',(8.541136561474E1,3.910917509263E1,5.898415683392E0));
#3995=CARTESIAN_POINT('',(8.518989146412E1,3.826152093982E1,6.082645525427E0));
#3996=CARTESIAN_POINT('',(8.496841731351E1,3.741386678700E1,6.266875367463E0));
#3997=CARTESIAN_POINT('',(8.549090702788E1,4.041561263865E1,7.654478612097E0));
#3998=CARTESIAN_POINT('',(8.526943309789E1,3.956795777270E1,7.838705438117E0));
#3999=CARTESIAN_POINT('',(8.504795916790E1,3.872030290674E1,8.022932264137E0));
#4000=CARTESIAN_POINT('',(8.482648523791E1,3.787264804079E1,8.207159090157E0));
#4001=CARTESIAN_POINT('',(8.542039221115E1,4.064311320227E1,8.616478998076E0));
#4002=CARTESIAN_POINT('',(8.519891839140E1,3.979545798066E1,8.800704320173E0));
#4003=CARTESIAN_POINT('',(8.497744457165E1,3.894780275905E1,8.984929642270E0));
#4004=CARTESIAN_POINT('',(8.475597075190E1,3.810014753744E1,9.169154964367E0));
#4005=CARTESIAN_POINT('',(8.541819742472E1,4.065019378138E1,8.646419527136E0));
#4006=CARTESIAN_POINT('',(8.519672360840E1,3.980253854870E1,8.830644802416E0));
#4007=CARTESIAN_POINT('',(8.497524979209E1,3.895488331602E1,9.014870077697E0));
#4008=CARTESIAN_POINT('',(8.475377597577E1,3.810722808334E1,9.199095352978E0));
#4009=B_SPLINE_SURFACE_WITH_KNOTS('',3,3,((#3973,#3974,#3975,#3976),(#3977,
#3978,#3979,#3980),(#3981,#3982,#3983,#3984),(#3985,#3986,#3987,#3988),(#3989,
#3990,#3991,#3992),(#3993,#3994,#3995,#3996),(#3997,#3998,#3999,#4000),(#4001,
#4002,#4003,#4004),(#4005,#4006,#4007,#4008)),.UNSPECIFIED.,.F.,.F.,.F.,(4,1,1,
1,1,1,4),(4,4),(-1.000049124694E-2,0.E0,4.331531902954E-2,3.619771406502E-1,
6.887028190060E-1,1.E0,1.009999795732E0),(-3.708604506288E-2,1.037238373107E0),
.UNSPECIFIED.);
#4010=ORIENTED_EDGE('',*,*,#3533,.T.);
#4012=ORIENTED_EDGE('',*,*,#4011,.T.);
#4014=ORIENTED_EDGE('',*,*,#4013,.F.);
#4016=ORIENTED_EDGE('',*,*,#4015,.F.);
#4017=ORIENTED_EDGE('',*,*,#3965,.F.);
#4018=EDGE_LOOP('',(#4010,#4012,#4014,#4016,#4017));
#4019=FACE_OUTER_BOUND('',#4018,.F.);
#4020=ADVANCED_FACE('',(#4019),#4009,.T.);
#4021=CARTESIAN_POINT('',(7.040591779912E1,3.762436471740E1,-2.182999361112E1));
#4022=CARTESIAN_POINT('',(7.019878743813E1,3.677696824236E1,-2.162868484549E1));
#4023=CARTESIAN_POINT('',(6.999165707714E1,3.592957176732E1,-2.142737607986E1));
#4024=CARTESIAN_POINT('',(6.978452671614E1,3.508217529228E1,-2.122606731422E1));
#4025=CARTESIAN_POINT('',(7.050042744649E1,3.760361584477E1,-2.182009234011E1));
#4026=CARTESIAN_POINT('',(7.029322624366E1,3.675623494800E1,-2.161879087970E1));
#4027=CARTESIAN_POINT('',(7.008602504083E1,3.590885405122E1,-2.141748941929E1));
#4028=CARTESIAN_POINT('',(6.987882383801E1,3.506147315445E1,-2.121618795888E1));
#4029=CARTESIAN_POINT('',(7.155394410698E1,3.737396858697E1,-2.170220304757E1));
#4030=CARTESIAN_POINT('',(7.134593823145E1,3.652676323509E1,-2.150099098574E1));
#4031=CARTESIAN_POINT('',(7.113793235592E1,3.567955788322E1,-2.129977892391E1));
#4032=CARTESIAN_POINT('',(7.092992648039E1,3.483235253134E1,-2.109856686208E1));
#4033=CARTESIAN_POINT('',(7.346869189240E1,3.699212422731E1,-2.132546754132E1));
#4034=CARTESIAN_POINT('',(7.325891919586E1,3.614527363439E1,-2.112459206990E1));
#4035=CARTESIAN_POINT('',(7.304914649933E1,3.529842304147E1,-2.092371659849E1));
#4036=CARTESIAN_POINT('',(7.283937380279E1,3.445157244855E1,-2.072284112707E1));
#4037=CARTESIAN_POINT('',(7.592347394629E1,3.660447468536E1,-2.037662036960E1));
#4038=CARTESIAN_POINT('',(7.571108084742E1,3.575804451144E1,-2.017672751611E1));
#4039=CARTESIAN_POINT('',(7.549868774855E1,3.491161433752E1,-1.997683466262E1));
#4040=CARTESIAN_POINT('',(7.528629464968E1,3.406518416361E1,-1.977694180913E1));
#4041=CARTESIAN_POINT('',(7.798961021574E1,3.638027553336E1,-1.911128402835E1));
#4042=CARTESIAN_POINT('',(7.777453381233E1,3.553413951383E1,-1.891302082518E1));
#4043=CARTESIAN_POINT('',(7.755945740891E1,3.468800349430E1,-1.871475762200E1));
#4044=CARTESIAN_POINT('',(7.734438100549E1,3.384186747477E1,-1.851649441882E1));
#4045=CARTESIAN_POINT('',(7.965877625981E1,3.630174685294E1,-1.761997922782E1));
#4046=CARTESIAN_POINT('',(7.944180748596E1,3.545569100680E1,-1.742344724235E1));
#4047=CARTESIAN_POINT('',(7.922483871210E1,3.460963516066E1,-1.722691525688E1));
#4048=CARTESIAN_POINT('',(7.900786993825E1,3.376357931452E1,-1.703038327141E1));
#4049=CARTESIAN_POINT('',(8.098828392377E1,3.632687597404E1,-1.603126177331E1));
#4050=CARTESIAN_POINT('',(8.077004087374E1,3.548079393781E1,-1.583626212946E1));
#4051=CARTESIAN_POINT('',(8.055179782371E1,3.463471190158E1,-1.564126248561E1));
#4052=CARTESIAN_POINT('',(8.033355477368E1,3.378862986535E1,-1.544626284176E1));
#4053=CARTESIAN_POINT('',(8.198547133804E1,3.639802264866E1,-1.460053754967E1));
#4054=CARTESIAN_POINT('',(8.176642826176E1,3.555188152308E1,-1.440669493937E1));
#4055=CARTESIAN_POINT('',(8.154738518549E1,3.470574039750E1,-1.421285232908E1));
#4056=CARTESIAN_POINT('',(8.132834210922E1,3.385959927192E1,-1.401900971879E1));
#4057=CARTESIAN_POINT('',(8.294625547141E1,3.652914952465E1,-1.293592890907E1));
#4058=CARTESIAN_POINT('',(8.272653294427E1,3.568291435677E1,-1.274326947931E1));
#4059=CARTESIAN_POINT('',(8.250681041713E1,3.483667918888E1,-1.255061004955E1));
#4060=CARTESIAN_POINT('',(8.228708789E1,3.399044402100E1,-1.235795061978E1));
#4061=CARTESIAN_POINT('',(8.413613486931E1,3.679217623487E1,-1.041428975801E1));
#4062=CARTESIAN_POINT('',(8.391566128027E1,3.594577299304E1,-1.022323137776E1));
#4063=CARTESIAN_POINT('',(8.369518769124E1,3.509936975120E1,-1.003217299751E1));
#4064=CARTESIAN_POINT('',(8.347471410221E1,3.425296650936E1,-9.841114617261E0));
#4065=CARTESIAN_POINT('',(8.540648599330E1,3.731273326692E1,-6.625973472407E0));
#4066=CARTESIAN_POINT('',(8.518530230583E1,3.646603349542E1,-6.437058052025E0));
#4067=CARTESIAN_POINT('',(8.496411861835E1,3.561933372392E1,-6.248142631644E0));
#4068=CARTESIAN_POINT('',(8.474293493088E1,3.477263395242E1,-6.059227211262E0));
#4069=CARTESIAN_POINT('',(8.598936451216E1,3.802157214217E1,-2.738898458663E0));
#4070=CARTESIAN_POINT('',(8.576790036107E1,3.717450766665E1,-2.551961431541E0));
#4071=CARTESIAN_POINT('',(8.554643620998E1,3.632744319113E1,-2.365024404419E0));
#4072=CARTESIAN_POINT('',(8.532497205888E1,3.548037871561E1,-2.178087377297E0));
#4073=CARTESIAN_POINT('',(8.607626466907E1,3.849113953647E1,
-4.956272435982E-1));
#4074=CARTESIAN_POINT('',(8.585476107006E1,3.764386188076E1,
-3.097086407946E-1));
#4075=CARTESIAN_POINT('',(8.563325747105E1,3.679658422504E1,
-1.237900379909E-1));
#4076=CARTESIAN_POINT('',(8.541175387204E1,3.594930656932E1,6.212856481272E-2));
#4077=CARTESIAN_POINT('',(8.608118501785E1,3.851897434882E1,
-3.629075281307E-1));
#4078=CARTESIAN_POINT('',(8.585967918836E1,3.767168407545E1,
-1.770490878922E-1));
#4079=CARTESIAN_POINT('',(8.563817335888E1,3.682439380207E1,8.809352346164E-3));
#4080=CARTESIAN_POINT('',(8.541666752939E1,3.597710352870E1,1.946677925846E-1));
#4081=CARTESIAN_POINT('',(8.608519845728E1,3.854587268918E1,
-2.354748668681E-1));
#4082=CARTESIAN_POINT('',(8.586369082003E1,3.769857028967E1,
-4.967387326376E-2));
#4083=CARTESIAN_POINT('',(8.564218318278E1,3.685126789017E1,1.361271203406E-1));
#4084=CARTESIAN_POINT('',(8.542067554553E1,3.600396549066E1,3.219281139450E-1));
#4085=CARTESIAN_POINT('',(8.608782002926E1,3.856626916159E1,
-1.393127513644E-1));
#4086=CARTESIAN_POINT('',(8.586631122099E1,3.771895761454E1,4.644512002501E-2));
#4087=CARTESIAN_POINT('',(8.564480241273E1,3.687164606748E1,2.322029914144E-1));
#4088=CARTESIAN_POINT('',(8.542329360446E1,3.602433452042E1,4.179608628038E-1));
#4089=B_SPLINE_SURFACE_WITH_KNOTS('',3,3,((#4021,#4022,#4023,#4024),(#4025,
#4026,#4027,#4028),(#4029,#4030,#4031,#4032),(#4033,#4034,#4035,#4036),(#4037,
#4038,#4039,#4040),(#4041,#4042,#4043,#4044),(#4045,#4046,#4047,#4048),(#4049,
#4050,#4051,#4052),(#4053,#4054,#4055,#4056),(#4057,#4058,#4059,#4060),(#4061,
#4062,#4063,#4064),(#4065,#4066,#4067,#4068),(#4069,#4070,#4071,#4072),(#4073,
#4074,#4075,#4076),(#4077,#4078,#4079,#4080),(#4081,#4082,#4083,#4084),(#4085,
#4086,#4087,#4088)),.UNSPECIFIED.,.F.,.F.,.F.,(4,1,1,1,1,1,1,1,1,1,1,1,1,1,4),
(4,4),(-1.219667619870E-2,0.E0,1.243682018969E-1,2.491541767385E-1,
3.739401515801E-1,4.987261264217E-1,5.611191138425E-1,6.235121012633E-1,
6.859050886840E-1,7.482980761048E-1,8.730840509464E-1,9.978700257880E-1,
9.982180325827E-1,1.E0,1.005363469871E0),(-3.708604506288E-2,1.037238373107E0),
.UNSPECIFIED.);
#4090=ORIENTED_EDGE('',*,*,#3531,.T.);
#4092=ORIENTED_EDGE('',*,*,#4091,.T.);
#4094=ORIENTED_EDGE('',*,*,#4093,.F.);
#4095=ORIENTED_EDGE('',*,*,#4011,.F.);
#4096=EDGE_LOOP('',(#4090,#4092,#4094,#4095));
#4097=FACE_OUTER_BOUND('',#4096,.F.);
#4098=ADVANCED_FACE('',(#4097),#4089,.T.);
#4099=CARTESIAN_POINT('',(4.578910707861E1,4.487350184805E1,-1.597467980659E1));
#4100=CARTESIAN_POINT('',(4.559539164545E1,4.402153781301E1,-1.577938357426E1));
#4101=CARTESIAN_POINT('',(4.540167621229E1,4.316957377796E1,-1.558408734193E1));
#4102=CARTESIAN_POINT('',(4.520796077913E1,4.231760974292E1,-1.538879110960E1));
#4103=CARTESIAN_POINT('',(4.583979022433E1,4.484531666499E1,-1.604736233200E1));
#4104=CARTESIAN_POINT('',(4.564605027032E1,4.399336620116E1,-1.585203123241E1));
#4105=CARTESIAN_POINT('',(4.545231031630E1,4.314141573734E1,-1.565670013283E1));
#4106=CARTESIAN_POINT('',(4.525857036229E1,4.228946527351E1,-1.546136903324E1));
#4107=CARTESIAN_POINT('',(4.653460477528E1,4.446099672290E1,-1.703430011751E1));
#4108=CARTESIAN_POINT('',(4.634052034021E1,4.360923646560E1,-1.683848123663E1));
#4109=CARTESIAN_POINT('',(4.614643590514E1,4.275747620831E1,-1.664266235575E1));
#4110=CARTESIAN_POINT('',(4.595235147007E1,4.190571595101E1,-1.644684347487E1));
#4111=CARTESIAN_POINT('',(4.794075302354E1,4.374003056999E1,-1.877189139710E1));
#4112=CARTESIAN_POINT('',(4.774572875121E1,4.288876942362E1,-1.857483235490E1));
#4113=CARTESIAN_POINT('',(4.755070447887E1,4.203750827725E1,-1.837777331270E1));
#4114=CARTESIAN_POINT('',(4.735568020654E1,4.118624713087E1,-1.818071427050E1));
#4115=CARTESIAN_POINT('',(4.990380695401E1,4.291815977028E1,-2.035347840239E1));
#4116=CARTESIAN_POINT('',(4.970629658409E1,4.206796792365E1,-2.015428630697E1));
#4117=CARTESIAN_POINT('',(4.950878621416E1,4.121777607702E1,-1.995509421154E1));
#4118=CARTESIAN_POINT('',(4.931127584424E1,4.036758423039E1,-1.975590211611E1));
#4119=CARTESIAN_POINT('',(5.163348625151E1,4.232392701535E1,-2.115297435659E1));
#4120=CARTESIAN_POINT('',(5.143304785150E1,4.147474004006E1,-2.095243368837E1));
#4121=CARTESIAN_POINT('',(5.123260945149E1,4.062555306478E1,-2.075189302014E1));
#4122=CARTESIAN_POINT('',(5.103217105148E1,3.977636608950E1,-2.055135235191E1));
#4123=CARTESIAN_POINT('',(5.308345705611E1,4.187589874623E1,-2.159406999476E1));
#4124=CARTESIAN_POINT('',(5.288146607554E1,4.102718421695E1,-2.139309033690E1));
#4125=CARTESIAN_POINT('',(5.267947509496E1,4.017846968767E1,-2.119211067904E1));
#4126=CARTESIAN_POINT('',(5.247748411438E1,3.932975515839E1,-2.099113102118E1));
#4127=CARTESIAN_POINT('',(5.466013552475E1,4.142286430787E1,-2.191759312440E1));
#4128=CARTESIAN_POINT('',(5.445705148398E1,4.057446285552E1,-2.171639373779E1));
#4129=CARTESIAN_POINT('',(5.425396744322E1,3.972606140316E1,-2.151519435117E1));
#4130=CARTESIAN_POINT('',(5.405088340245E1,3.887765995081E1,-2.131399496455E1));
#4131=CARTESIAN_POINT('',(5.686693337841E1,4.082176976011E1,-2.221955349380E1));
#4132=CARTESIAN_POINT('',(5.666270529172E1,3.997367870887E1,-2.201820313281E1));
#4133=CARTESIAN_POINT('',(5.645847720503E1,3.912558765762E1,-2.181685277181E1));
#4134=CARTESIAN_POINT('',(5.625424911833E1,3.827749660638E1,-2.161550241081E1));
#4135=CARTESIAN_POINT('',(5.974291200556E1,4.008857436668E1,-2.238368133948E1));
#4136=CARTESIAN_POINT('',(5.953764360157E1,3.924074633216E1,-2.218228166504E1));
#4137=CARTESIAN_POINT('',(5.933237519758E1,3.839291829764E1,-2.198088199059E1));
#4138=CARTESIAN_POINT('',(5.912710679359E1,3.754509026312E1,-2.177948231615E1));
#4139=CARTESIAN_POINT('',(6.322232838929E1,3.925235512816E1,-2.234991119160E1));
#4140=CARTESIAN_POINT('',(6.301627837866E1,3.840471400925E1,-2.214852335715E1));
#4141=CARTESIAN_POINT('',(6.281022836803E1,3.755707289035E1,-2.194713552271E1));
#4142=CARTESIAN_POINT('',(6.260417835740E1,3.670943177144E1,-2.174574768826E1));
#4143=CARTESIAN_POINT('',(6.683698587385E1,3.841667013365E1,-2.216377714384E1));
#4144=CARTESIAN_POINT('',(6.663037213785E1,3.756915904710E1,-2.196241969705E1));
#4145=CARTESIAN_POINT('',(6.642375840185E1,3.672164796054E1,-2.176106225026E1));
#4146=CARTESIAN_POINT('',(6.621714466586E1,3.587413687398E1,-2.155970480347E1));
#4147=CARTESIAN_POINT('',(6.948183458925E1,3.782657894870E1,-2.192982795567E1));
#4148=CARTESIAN_POINT('',(6.927483941249E1,3.697915297998E1,-2.172850418173E1));
#4149=CARTESIAN_POINT('',(6.906784423573E1,3.613172701125E1,-2.152718040780E1));
#4150=CARTESIAN_POINT('',(6.886084905897E1,3.528430104253E1,-2.132585663386E1));
#4151=CARTESIAN_POINT('',(7.086840752993E1,3.752340485141E1,-2.177890642048E1));
#4152=CARTESIAN_POINT('',(7.066120986906E1,3.667602315602E1,-2.157760468506E1));
#4153=CARTESIAN_POINT('',(7.045401220819E1,3.582864146062E1,-2.137630294965E1));
#4154=CARTESIAN_POINT('',(7.024681454732E1,3.498125976522E1,-2.117500121423E1));
#4155=CARTESIAN_POINT('',(7.095865754938E1,3.750369764638E1,-2.176896447839E1));
#4156=CARTESIAN_POINT('',(7.075144669554E1,3.665631883187E1,-2.156766419612E1));
#4157=CARTESIAN_POINT('',(7.054423584169E1,3.580894001737E1,-2.136636391385E1));
#4158=CARTESIAN_POINT('',(7.033702498784E1,3.496156120286E1,-2.116506363158E1));
#4159=B_SPLINE_SURFACE_WITH_KNOTS('',3,3,((#4099,#4100,#4101,#4102),(#4103,
#4104,#4105,#4106),(#4107,#4108,#4109,#4110),(#4111,#4112,#4113,#4114),(#4115,
#4116,#4117,#4118),(#4119,#4120,#4121,#4122),(#4123,#4124,#4125,#4126),(#4127,
#4128,#4129,#4130),(#4131,#4132,#4133,#4134),(#4135,#4136,#4137,#4138),(#4139,
#4140,#4141,#4142),(#4143,#4144,#4145,#4146),(#4147,#4148,#4149,#4150),(#4151,
#4152,#4153,#4154),(#4155,#4156,#4157,#4158)),.UNSPECIFIED.,.F.,.F.,.F.,(4,1,1,
1,1,1,1,1,1,1,1,1,4),(4,4),(-9.856011169161E-3,0.E0,1.248054432096E-1,
2.498790156130E-1,3.124158018147E-1,3.749525880164E-1,4.374893742181E-1,
5.000261604198E-1,6.250997328231E-1,7.501733052265E-1,8.752468776299E-1,1.E0,
1.008676623769E0),(-3.708604506288E-2,1.037238373107E0),.UNSPECIFIED.);
#4160=ORIENTED_EDGE('',*,*,#3529,.T.);
#4162=ORIENTED_EDGE('',*,*,#4161,.T.);
#4164=ORIENTED_EDGE('',*,*,#4163,.F.);
#4165=ORIENTED_EDGE('',*,*,#4091,.F.);
#4166=EDGE_LOOP('',(#4160,#4162,#4164,#4165));
#4167=FACE_OUTER_BOUND('',#4166,.F.);
#4168=ADVANCED_FACE('',(#4167),#4159,.T.);
#4169=CARTESIAN_POINT('',(4.683114703524E1,4.412702015759E1,-1.778669662782E1));
#4170=DIRECTION('',(-8.566829502383E-1,7.781717000219E-2,-5.099400070830E-1));
#4171=DIRECTION('',(-4.686442787223E-1,2.956904523073E-1,8.324299949156E-1));
#4172=AXIS2_PLACEMENT_3D('',#4169,#4170,#4171);
#4173=PLANE('',#4172);
#4174=ORIENTED_EDGE('',*,*,#3845,.T.);
#4176=ORIENTED_EDGE('',*,*,#4175,.T.);
#4178=ORIENTED_EDGE('',*,*,#4177,.F.);
#4179=ORIENTED_EDGE('',*,*,#4161,.F.);
#4180=ORIENTED_EDGE('',*,*,#3527,.T.);
#4181=EDGE_LOOP('',(#4174,#4176,#4178,#4179,#4180));
#4182=FACE_OUTER_BOUND('',#4181,.F.);
#4183=ADVANCED_FACE('',(#4182),#4173,.T.);
#4184=CARTESIAN_POINT('',(4.457878939417E1,4.712499510095E1,1.319656781420E-1));
#4185=DIRECTION('',(2.304800857119E-1,9.506059430235E-1,-2.079116908178E-1));
#4186=DIRECTION('',(-9.718430452728E-1,2.356291479313E-1,0.E0));
#4187=AXIS2_PLACEMENT_3D('',#4184,#4185,#4186);
#4188=CONICAL_SURFACE('',#4187,6.975654894479E0,1.E0);
#4189=ORIENTED_EDGE('',*,*,#3843,.T.);
#4190=ORIENTED_EDGE('',*,*,#3884,.T.);
#4192=ORIENTED_EDGE('',*,*,#4191,.F.);
#4193=ORIENTED_EDGE('',*,*,#4175,.F.);
#4194=EDGE_LOOP('',(#4189,#4190,#4192,#4193));
#4195=FACE_OUTER_BOUND('',#4194,.F.);
#4196=ADVANCED_FACE('',(#4195),#4188,.T.);
#4197=CARTESIAN_POINT('',(2.277572036158E1,4.876692188040E1,-1.121457292569E1));
#4198=DIRECTION('',(2.304800857119E-1,9.506059430235E-1,-2.079116908178E-1));
#4199=DIRECTION('',(-9.718430452728E-1,2.356291479313E-1,0.E0));
#4200=AXIS2_PLACEMENT_3D('',#4197,#4198,#4199);
#4201=PLANE('',#4200);
#4203=ORIENTED_EDGE('',*,*,#4202,.F.);
#4205=ORIENTED_EDGE('',*,*,#4204,.F.);
#4206=EDGE_LOOP('',(#4203,#4205));
#4207=FACE_OUTER_BOUND('',#4206,.F.);
#4208=ADVANCED_FACE('',(#4207),#4201,.F.);
#4209=CARTESIAN_POINT('',(2.277572036158E1,4.876692188040E1,-1.121457292569E1));
#4210=DIRECTION('',(2.304800857119E-1,9.506059430235E-1,-2.079116908178E-1));
#4211=DIRECTION('',(-9.718430452728E-1,2.356291479313E-1,0.E0));
#4212=AXIS2_PLACEMENT_3D('',#4209,#4210,#4211);
#4213=PLANE('',#4212);
#4215=ORIENTED_EDGE('',*,*,#4214,.F.);
#4217=ORIENTED_EDGE('',*,*,#4216,.F.);
#4218=EDGE_LOOP('',(#4215,#4217));
#4219=FACE_OUTER_BOUND('',#4218,.F.);
#4220=ADVANCED_FACE('',(#4219),#4213,.F.);
#4221=CARTESIAN_POINT('',(2.277572036158E1,4.876692188040E1,-1.121457292569E1));
#4222=DIRECTION('',(2.304800857119E-1,9.506059430235E-1,-2.079116908178E-1));
#4223=DIRECTION('',(-9.718430452728E-1,2.356291479313E-1,0.E0));
#4224=AXIS2_PLACEMENT_3D('',#4221,#4222,#4223);
#4225=PLANE('',#4224);
#4227=ORIENTED_EDGE('',*,*,#4226,.T.);
#4229=ORIENTED_EDGE('',*,*,#4228,.F.);
#4231=ORIENTED_EDGE('',*,*,#4230,.T.);
#4233=ORIENTED_EDGE('',*,*,#4232,.T.);
#4234=EDGE_LOOP('',(#4227,#4229,#4231,#4233));
#4235=FACE_OUTER_BOUND('',#4234,.F.);
#4236=ADVANCED_FACE('',(#4235),#4225,.F.);
#4237=CARTESIAN_POINT('',(2.277572036158E1,4.876692188040E1,-1.121457292569E1));
#4238=DIRECTION('',(2.304800857119E-1,9.506059430235E-1,-2.079116908178E-1));
#4239=DIRECTION('',(-9.718430452728E-1,2.356291479313E-1,0.E0));
#4240=AXIS2_PLACEMENT_3D('',#4237,#4238,#4239);
#4241=PLANE('',#4240);
#4243=ORIENTED_EDGE('',*,*,#4242,.T.);
#4245=ORIENTED_EDGE('',*,*,#4244,.F.);
#4247=ORIENTED_EDGE('',*,*,#4246,.T.);
#4249=ORIENTED_EDGE('',*,*,#4248,.T.);
#4250=EDGE_LOOP('',(#4243,#4245,#4247,#4249));
#4251=FACE_OUTER_BOUND('',#4250,.F.);
#4252=ADVANCED_FACE('',(#4251),#4241,.F.);
#4253=CARTESIAN_POINT('',(2.277572036158E1,4.876692188040E1,-1.121457292569E1));
#4254=DIRECTION('',(2.304800857119E-1,9.506059430235E-1,-2.079116908178E-1));
#4255=DIRECTION('',(-9.718430452728E-1,2.356291479313E-1,0.E0));
#4256=AXIS2_PLACEMENT_3D('',#4253,#4254,#4255);
#4257=PLANE('',#4256);
#4259=ORIENTED_EDGE('',*,*,#4258,.T.);
#4261=ORIENTED_EDGE('',*,*,#4260,.F.);
#4263=ORIENTED_EDGE('',*,*,#4262,.T.);
#4265=ORIENTED_EDGE('',*,*,#4264,.T.);
#4266=EDGE_LOOP('',(#4259,#4261,#4263,#4265));
#4267=FACE_OUTER_BOUND('',#4266,.F.);
#4268=ADVANCED_FACE('',(#4267),#4257,.F.);
#4269=CARTESIAN_POINT('',(2.277572036158E1,4.876692188040E1,-1.121457292569E1));
#4270=DIRECTION('',(2.304800857119E-1,9.506059430235E-1,-2.079116908178E-1));
#4271=DIRECTION('',(-9.718430452728E-1,2.356291479313E-1,0.E0));
#4272=AXIS2_PLACEMENT_3D('',#4269,#4270,#4271);
#4273=PLANE('',#4272);
#4274=ORIENTED_EDGE('',*,*,#4015,.T.);
#4275=ORIENTED_EDGE('',*,*,#4013,.T.);
#4276=ORIENTED_EDGE('',*,*,#4093,.T.);
#4277=ORIENTED_EDGE('',*,*,#4163,.T.);
#4278=ORIENTED_EDGE('',*,*,#4177,.T.);
#4279=ORIENTED_EDGE('',*,*,#4191,.T.);
#4280=ORIENTED_EDGE('',*,*,#3882,.T.);
#4281=ORIENTED_EDGE('',*,*,#3921,.T.);
#4282=ORIENTED_EDGE('',*,*,#3967,.T.);
#4283=EDGE_LOOP('',(#4274,#4275,#4276,#4277,#4278,#4279,#4280,#4281,#4282));
#4284=FACE_OUTER_BOUND('',#4283,.F.);
#4286=ORIENTED_EDGE('',*,*,#4285,.T.);
#4288=ORIENTED_EDGE('',*,*,#4287,.T.);
#4289=EDGE_LOOP('',(#4286,#4288));
#4290=FACE_BOUND('',#4289,.F.);
#4292=ORIENTED_EDGE('',*,*,#4291,.F.);
#4294=ORIENTED_EDGE('',*,*,#4293,.F.);
#4295=EDGE_LOOP('',(#4292,#4294));
#4296=FACE_BOUND('',#4295,.F.);
#4298=ORIENTED_EDGE('',*,*,#4297,.T.);
#4300=ORIENTED_EDGE('',*,*,#4299,.T.);
#4302=ORIENTED_EDGE('',*,*,#4301,.F.);
#4304=ORIENTED_EDGE('',*,*,#4303,.F.);
#4306=ORIENTED_EDGE('',*,*,#4305,.F.);
#4308=ORIENTED_EDGE('',*,*,#4307,.F.);
#4310=ORIENTED_EDGE('',*,*,#4309,.T.);
#4312=ORIENTED_EDGE('',*,*,#4311,.T.);
#4314=ORIENTED_EDGE('',*,*,#4313,.T.);
#4316=ORIENTED_EDGE('',*,*,#4315,.F.);
#4317=EDGE_LOOP('',(#4298,#4300,#4302,#4304,#4306,#4308,#4310,#4312,#4314,
#4316));
#4318=FACE_BOUND('',#4317,.F.);
#4320=ORIENTED_EDGE('',*,*,#4319,.F.);
#4322=ORIENTED_EDGE('',*,*,#4321,.T.);
#4324=ORIENTED_EDGE('',*,*,#4323,.T.);
#4326=ORIENTED_EDGE('',*,*,#4325,.T.);
#4328=ORIENTED_EDGE('',*,*,#4327,.F.);
#4330=ORIENTED_EDGE('',*,*,#4329,.F.);
#4331=EDGE_LOOP('',(#4320,#4322,#4324,#4326,#4328,#4330));
#4332=FACE_BOUND('',#4331,.F.);
#4334=ORIENTED_EDGE('',*,*,#4333,.T.);
#4336=ORIENTED_EDGE('',*,*,#4335,.F.);
#4338=ORIENTED_EDGE('',*,*,#4337,.T.);
#4340=ORIENTED_EDGE('',*,*,#4339,.F.);
#4342=ORIENTED_EDGE('',*,*,#4341,.T.);
#4344=ORIENTED_EDGE('',*,*,#4343,.T.);
#4346=ORIENTED_EDGE('',*,*,#4345,.T.);
#4348=ORIENTED_EDGE('',*,*,#4347,.F.);
#4350=ORIENTED_EDGE('',*,*,#4349,.T.);
#4351=EDGE_LOOP('',(#4334,#4336,#4338,#4340,#4342,#4344,#4346,#4348,#4350));
#4352=FACE_BOUND('',#4351,.F.);
#4354=ORIENTED_EDGE('',*,*,#4353,.T.);
#4356=ORIENTED_EDGE('',*,*,#4355,.T.);
#4358=ORIENTED_EDGE('',*,*,#4357,.T.);
#4360=ORIENTED_EDGE('',*,*,#4359,.F.);
#4362=ORIENTED_EDGE('',*,*,#4361,.T.);
#4364=ORIENTED_EDGE('',*,*,#4363,.T.);
#4366=ORIENTED_EDGE('',*,*,#4365,.T.);
#4368=ORIENTED_EDGE('',*,*,#4367,.T.);
#4370=ORIENTED_EDGE('',*,*,#4369,.T.);
#4372=ORIENTED_EDGE('',*,*,#4371,.F.);
#4374=ORIENTED_EDGE('',*,*,#4373,.T.);
#4376=ORIENTED_EDGE('',*,*,#4375,.T.);
#4378=ORIENTED_EDGE('',*,*,#4377,.F.);
#4379=EDGE_LOOP('',(#4354,#4356,#4358,#4360,#4362,#4364,#4366,#4368,#4370,#4372,
#4374,#4376,#4378));
#4380=FACE_BOUND('',#4379,.F.);
#4382=ORIENTED_EDGE('',*,*,#4381,.T.);
#4384=ORIENTED_EDGE('',*,*,#4383,.T.);
#4386=ORIENTED_EDGE('',*,*,#4385,.T.);
#4388=ORIENTED_EDGE('',*,*,#4387,.F.);
#4389=EDGE_LOOP('',(#4382,#4384,#4386,#4388));
#4390=FACE_BOUND('',#4389,.F.);
#4391=ADVANCED_FACE('',(#4284,#4290,#4296,#4318,#4332,#4352,#4380,#4390),#4273,
.F.);
#4392=CARTESIAN_POINT('',(4.223095988876E1,4.431482588112E1,2.021125110891E0));
#4393=DIRECTION('',(2.304800857119E-1,9.506059430235E-1,-2.079116908178E-1));
#4394=DIRECTION('',(9.718430452728E-1,-2.356291479313E-1,0.E0));
#4395=AXIS2_PLACEMENT_3D('',#4392,#4393,#4394);
#4396=CONICAL_SURFACE('',#4395,3.206362337679E0,1.E0);
#4397=ORIENTED_EDGE('',*,*,#4285,.F.);
#4399=ORIENTED_EDGE('',*,*,#4398,.T.);
#4401=ORIENTED_EDGE('',*,*,#4400,.T.);
#4403=ORIENTED_EDGE('',*,*,#4402,.F.);
#4404=EDGE_LOOP('',(#4397,#4399,#4401,#4403));
#4405=FACE_OUTER_BOUND('',#4404,.F.);
#4406=ADVANCED_FACE('',(#4405),#4396,.T.);
#4407=CARTESIAN_POINT('',(4.223095988876E1,4.431482588112E1,2.021125110891E0));
#4408=DIRECTION('',(2.304800857119E-1,9.506059430235E-1,-2.079116908178E-1));
#4409=DIRECTION('',(9.718430452728E-1,-2.356291479313E-1,0.E0));
#4410=AXIS2_PLACEMENT_3D('',#4407,#4408,#4409);
#4411=CONICAL_SURFACE('',#4410,3.206362337679E0,1.E0);
#4412=ORIENTED_EDGE('',*,*,#4287,.F.);
#4413=ORIENTED_EDGE('',*,*,#4402,.T.);
#4415=ORIENTED_EDGE('',*,*,#4414,.T.);
#4416=ORIENTED_EDGE('',*,*,#4398,.F.);
#4417=EDGE_LOOP('',(#4412,#4413,#4415,#4416));
#4418=FACE_OUTER_BOUND('',#4417,.F.);
#4419=ADVANCED_FACE('',(#4418),#4411,.T.);
#4420=CARTESIAN_POINT('',(2.162331993303E1,4.401389216529E1,-1.017501447160E1));
#4421=DIRECTION('',(-2.304800857119E-1,-9.506059430235E-1,2.079116908178E-1));
#4422=DIRECTION('',(-9.718430452728E-1,2.356291479313E-1,0.E0));
#4423=AXIS2_PLACEMENT_3D('',#4420,#4421,#4422);
#4424=PLANE('',#4423);
#4425=ORIENTED_EDGE('',*,*,#4400,.F.);
#4426=ORIENTED_EDGE('',*,*,#4414,.F.);
#4427=EDGE_LOOP('',(#4425,#4426));
#4428=FACE_OUTER_BOUND('',#4427,.F.);
#4430=ORIENTED_EDGE('',*,*,#4429,.T.);
#4432=ORIENTED_EDGE('',*,*,#4431,.T.);
#4433=EDGE_LOOP('',(#4430,#4432));
#4434=FACE_BOUND('',#4433,.F.);
#4435=ADVANCED_FACE('',(#4428,#4434),#4424,.T.);
#4436=CARTESIAN_POINT('',(2.162331993303E1,4.401389216529E1,-1.017501447160E1));
#4437=DIRECTION('',(-2.304800857119E-1,-9.506059430235E-1,2.079116908178E-1));
#4438=DIRECTION('',(-9.718430452728E-1,2.356291479313E-1,0.E0));
#4439=AXIS2_PLACEMENT_3D('',#4436,#4437,#4438);
#4440=PLANE('',#4439);
#4442=ORIENTED_EDGE('',*,*,#4441,.F.);
#4444=ORIENTED_EDGE('',*,*,#4443,.F.);
#4446=ORIENTED_EDGE('',*,*,#4445,.T.);
#4448=ORIENTED_EDGE('',*,*,#4447,.F.);
#4449=EDGE_LOOP('',(#4442,#4444,#4446,#4448));
#4450=FACE_OUTER_BOUND('',#4449,.F.);
#4452=ORIENTED_EDGE('',*,*,#4451,.T.);
#4454=ORIENTED_EDGE('',*,*,#4453,.T.);
#4455=EDGE_LOOP('',(#4452,#4454));
#4456=FACE_BOUND('',#4455,.F.);
#4457=ADVANCED_FACE('',(#4450,#4456),#4440,.T.);
#4458=CARTESIAN_POINT('',(4.050235924592E1,3.718528130844E1,3.580462792025E0));
#4459=DIRECTION('',(-2.304800857119E-1,-9.506059430235E-1,2.079116908178E-1));
#4460=DIRECTION('',(-9.718430452728E-1,2.356291479313E-1,0.E0));
#4461=AXIS2_PLACEMENT_3D('',#4458,#4459,#4460);
#4462=CYLINDRICAL_SURFACE('',#4461,1.05E0);
#4463=ORIENTED_EDGE('',*,*,#4429,.F.);
#4465=ORIENTED_EDGE('',*,*,#4464,.T.);
#4467=ORIENTED_EDGE('',*,*,#4466,.T.);
#4469=ORIENTED_EDGE('',*,*,#4468,.F.);
#4470=EDGE_LOOP('',(#4463,#4465,#4467,#4469));
#4471=FACE_OUTER_BOUND('',#4470,.F.);
#4472=ADVANCED_FACE('',(#4471),#4462,.F.);
#4473=CARTESIAN_POINT('',(4.050235924592E1,3.718528130844E1,3.580462792025E0));
#4474=DIRECTION('',(-2.304800857119E-1,-9.506059430235E-1,2.079116908178E-1));
#4475=DIRECTION('',(-9.718430452728E-1,2.356291479313E-1,0.E0));
#4476=AXIS2_PLACEMENT_3D('',#4473,#4474,#4475);
#4477=CYLINDRICAL_SURFACE('',#4476,1.05E0);
#4478=ORIENTED_EDGE('',*,*,#4431,.F.);
#4479=ORIENTED_EDGE('',*,*,#4468,.T.);
#4481=ORIENTED_EDGE('',*,*,#4480,.T.);
#4482=ORIENTED_EDGE('',*,*,#4464,.F.);
#4483=EDGE_LOOP('',(#4478,#4479,#4481,#4482));
#4484=FACE_OUTER_BOUND('',#4483,.F.);
#4485=ADVANCED_FACE('',(#4484),#4477,.F.);
#4486=CARTESIAN_POINT('',(2.208428010445E1,4.591510405133E1,-1.059083785324E1));
#4487=DIRECTION('',(-2.304800857119E-1,-9.506059430235E-1,2.079116908178E-1));
#4488=DIRECTION('',(-9.718430452728E-1,2.356291479313E-1,0.E0));
#4489=AXIS2_PLACEMENT_3D('',#4486,#4487,#4488);
#4490=PLANE('',#4489);
#4492=ORIENTED_EDGE('',*,*,#4491,.T.);
#4494=ORIENTED_EDGE('',*,*,#4493,.T.);
#4495=EDGE_LOOP('',(#4492,#4494));
#4496=FACE_OUTER_BOUND('',#4495,.F.);
#4498=ORIENTED_EDGE('',*,*,#4497,.F.);
#4500=ORIENTED_EDGE('',*,*,#4499,.F.);
#4501=EDGE_LOOP('',(#4498,#4500));
#4502=FACE_BOUND('',#4501,.F.);
#4503=ADVANCED_FACE('',(#4496,#4502),#4490,.F.);
#4504=CARTESIAN_POINT('',(2.208428010445E1,4.591510405133E1,-1.059083785324E1));
#4505=DIRECTION('',(-2.304800857119E-1,-9.506059430235E-1,2.079116908178E-1));
#4506=DIRECTION('',(-9.718430452728E-1,2.356291479313E-1,0.E0));
#4507=AXIS2_PLACEMENT_3D('',#4504,#4505,#4506);
#4508=PLANE('',#4507);
#4510=ORIENTED_EDGE('',*,*,#4509,.T.);
#4511=ORIENTED_EDGE('',*,*,#3780,.T.);
#4512=EDGE_LOOP('',(#4510,#4511));
#4513=FACE_OUTER_BOUND('',#4512,.F.);
#4514=ORIENTED_EDGE('',*,*,#4466,.F.);
#4515=ORIENTED_EDGE('',*,*,#4480,.F.);
#4516=EDGE_LOOP('',(#4514,#4515));
#4517=FACE_BOUND('',#4516,.F.);
#4518=ADVANCED_FACE('',(#4513,#4517),#4508,.F.);
#4519=CARTESIAN_POINT('',(8.208653766178E1,3.681730725293E1,1.573752108896E0));
#4520=DIRECTION('',(2.304800857119E-1,9.506059430235E-1,-2.079116908178E-1));
#4521=DIRECTION('',(9.718430452728E-1,-2.356291479313E-1,0.E0));
#4522=AXIS2_PLACEMENT_3D('',#4519,#4520,#4521);
#4523=CONICAL_SURFACE('',#4522,2.046286386256E0,1.E0);
#4525=ORIENTED_EDGE('',*,*,#4524,.T.);
#4527=ORIENTED_EDGE('',*,*,#4526,.F.);
#4528=ORIENTED_EDGE('',*,*,#4491,.F.);
#4530=ORIENTED_EDGE('',*,*,#4529,.T.);
#4531=EDGE_LOOP('',(#4525,#4527,#4528,#4530));
#4532=FACE_OUTER_BOUND('',#4531,.F.);
#4533=ADVANCED_FACE('',(#4532),#4523,.F.);
#4534=CARTESIAN_POINT('',(8.269690763373E1,3.933475391642E1,1.023148994966E0));
#4535=DIRECTION('',(-2.304800857119E-1,-9.506059430235E-1,2.079116908178E-1));
#4536=DIRECTION('',(-9.672781112945E-1,2.471074350473E-1,5.754103713844E-2));
#4537=AXIS2_PLACEMENT_3D('',#4534,#4535,#4536);
#4538=TOROIDAL_SURFACE('',#4537,2.292542309728E0,2.E-1);
#4539=ORIENTED_EDGE('',*,*,#3729,.T.);
#4541=ORIENTED_EDGE('',*,*,#4540,.T.);
#4542=ORIENTED_EDGE('',*,*,#4524,.F.);
#4544=ORIENTED_EDGE('',*,*,#4543,.F.);
#4545=EDGE_LOOP('',(#4539,#4541,#4542,#4544));
#4546=FACE_OUTER_BOUND('',#4545,.F.);
#4547=ADVANCED_FACE('',(#4546),#4538,.T.);
#4548=CARTESIAN_POINT('',(8.269690763373E1,3.933475391642E1,1.023148994966E0));
#4549=DIRECTION('',(-2.304800857119E-1,-9.506059430235E-1,2.079116908178E-1));
#4550=DIRECTION('',(9.672781112945E-1,-2.471074350473E-1,-5.754103713845E-2));
#4551=AXIS2_PLACEMENT_3D('',#4548,#4549,#4550);
#4552=TOROIDAL_SURFACE('',#4551,2.292542309728E0,2.E-1);
#4553=ORIENTED_EDGE('',*,*,#3731,.T.);
#4554=ORIENTED_EDGE('',*,*,#4543,.T.);
#4556=ORIENTED_EDGE('',*,*,#4555,.F.);
#4557=ORIENTED_EDGE('',*,*,#4540,.F.);
#4558=EDGE_LOOP('',(#4553,#4554,#4556,#4557));
#4559=FACE_OUTER_BOUND('',#4558,.F.);
#4560=ADVANCED_FACE('',(#4559),#4552,.T.);
#4561=CARTESIAN_POINT('',(8.208653766178E1,3.681730725293E1,1.573752108896E0));
#4562=DIRECTION('',(2.304800857119E-1,9.506059430235E-1,-2.079116908178E-1));
#4563=DIRECTION('',(9.718430452728E-1,-2.356291479313E-1,0.E0));
#4564=AXIS2_PLACEMENT_3D('',#4561,#4562,#4563);
#4565=CONICAL_SURFACE('',#4564,2.046286386256E0,1.E0);
#4566=ORIENTED_EDGE('',*,*,#4555,.T.);
#4567=ORIENTED_EDGE('',*,*,#4529,.F.);
#4568=ORIENTED_EDGE('',*,*,#4493,.F.);
#4569=ORIENTED_EDGE('',*,*,#4526,.T.);
#4570=EDGE_LOOP('',(#4566,#4567,#4568,#4569));
#4571=FACE_OUTER_BOUND('',#4570,.F.);
#4572=ADVANCED_FACE('',(#4571),#4565,.F.);
#4573=CARTESIAN_POINT('',(4.272689432285E1,4.636028772196E1,1.573752113748E0));
#4574=DIRECTION('',(2.304800857119E-1,9.506059430235E-1,-2.079116908178E-1));
#4575=DIRECTION('',(9.718430452728E-1,-2.356291479313E-1,0.E0));
#4576=AXIS2_PLACEMENT_3D('',#4573,#4574,#4575);
#4577=CONICAL_SURFACE('',#4576,2.046286385848E0,1.E0);
#4579=ORIENTED_EDGE('',*,*,#4578,.T.);
#4580=ORIENTED_EDGE('',*,*,#3761,.T.);
#4581=ORIENTED_EDGE('',*,*,#3782,.F.);
#4582=ORIENTED_EDGE('',*,*,#4509,.F.);
#4583=ORIENTED_EDGE('',*,*,#3778,.T.);
#4584=EDGE_LOOP('',(#4579,#4580,#4581,#4582,#4583));
#4585=FACE_OUTER_BOUND('',#4584,.F.);
#4586=ADVANCED_FACE('',(#4585),#4577,.F.);
#4587=CARTESIAN_POINT('',(4.104129082285E1,4.956544473852E1,1.049429120816E0));
#4588=CARTESIAN_POINT('',(4.103008679945E1,4.953356905788E1,8.957419333171E-1));
#4589=CARTESIAN_POINT('',(4.103899276143E1,4.945787667032E1,5.578853164144E-1));
#4590=CARTESIAN_POINT('',(4.116554078891E1,4.932637068601E1,5.593965027319E-2));
#4591=CARTESIAN_POINT('',(4.142002299318E1,4.917584764201E1,
-4.238358437558E-1));
#4592=CARTESIAN_POINT('',(4.177841670669E1,4.901879916282E1,
-8.242817736895E-1));
#4593=CARTESIAN_POINT('',(4.218392858770E1,4.887155734669E1,-1.101295548650E0));
#4594=CARTESIAN_POINT('',(4.247166554666E1,4.877832280929E1,-1.218549831708E0));
#4595=CARTESIAN_POINT('',(4.259954689673E1,4.873849330685E1,-1.257478337554E0));
#4596=CARTESIAN_POINT('',(4.127200111528E1,4.963321369638E1,1.018374354084E0));
#4597=CARTESIAN_POINT('',(4.126185407448E1,4.960414822360E1,8.787061809482E-1));
#4598=CARTESIAN_POINT('',(4.126993310344E1,4.953541111585E1,5.717072789328E-1));
#4599=CARTESIAN_POINT('',(4.138463163767E1,4.941663757038E1,1.150077640861E-1));
#4600=CARTESIAN_POINT('',(4.161592140114E1,4.928086631879E1,
-3.228970325077E-1));
#4601=CARTESIAN_POINT('',(4.194291230090E1,4.913877253990E1,
-6.898314277327E-1));
#4602=CARTESIAN_POINT('',(4.231432605502E1,4.900472832370E1,
-9.444979554128E-1));
#4603=CARTESIAN_POINT('',(4.257853669051E1,4.891926422527E1,-1.052340016211E0));
#4604=CARTESIAN_POINT('',(4.269603303858E1,4.888264915621E1,-1.088085174453E0));
#4605=CARTESIAN_POINT('',(4.140817720257E1,4.943503934376E1,1.049473775643E0));
#4606=CARTESIAN_POINT('',(4.139874071937E1,4.940816264396E1,9.206026891160E-1));
#4607=CARTESIAN_POINT('',(4.140622492410E1,4.934472497105E1,6.372105957936E-1));
#4608=CARTESIAN_POINT('',(4.151272499471E1,4.923574311577E1,2.159606952365E-1));
#4609=CARTESIAN_POINT('',(4.172674560006E1,4.911188951854E1,
-1.867824081107E-1));
#4610=CARTESIAN_POINT('',(4.202781348453E1,4.898280519141E1,
-5.229000985096E-1));
#4611=CARTESIAN_POINT('',(4.236799525856E1,4.886114510002E1,
-7.552969006872E-1));
#4612=CARTESIAN_POINT('',(4.260907011025E1,4.878337472522E1,
-8.535601269385E-1));
#4613=CARTESIAN_POINT('',(4.271615630171E1,4.874997264541E1,
-8.861533515299E-1));
#4614=CARTESIAN_POINT('',(4.125632746598E1,4.925250618677E1,1.098538442048E0));
#4615=CARTESIAN_POINT('',(4.124624548921E1,4.922408681335E1,9.619010120078E-1));
#4616=CARTESIAN_POINT('',(4.125421215994E1,4.915676280163E1,6.613220772379E-1));
#4617=CARTESIAN_POINT('',(4.136781393431E1,4.904071894604E1,2.153551530946E-1));
#4618=CARTESIAN_POINT('',(4.159502628625E1,4.890901515611E1,
-2.088962571352E-1));
#4619=CARTESIAN_POINT('',(4.191248477907E1,4.877250999618E1,
-5.606793058709E-1));
#4620=CARTESIAN_POINT('',(4.226867801469E1,4.864482404100E1,
-8.025267964231E-1));
#4621=CARTESIAN_POINT('',(4.251988109034E1,4.856373871814E1,
-9.046550726540E-1));
#4622=CARTESIAN_POINT('',(4.263132368689E1,4.852898287023E1,
-9.386063373053E-1));
#4623=(BOUNDED_SURFACE()B_SPLINE_SURFACE(3,3,((#4587,#4588,#4589,#4590,#4591,
#4592,#4593,#4594,#4595),(#4596,#4597,#4598,#4599,#4600,#4601,#4602,#4603,
#4604),(#4605,#4606,#4607,#4608,#4609,#4610,#4611,#4612,#4613),(#4614,#4615,
#4616,#4617,#4618,#4619,#4620,#4621,#4622)),.UNSPECIFIED.,.F.,.F.,.F.)B_SPLINE_SURFACE_WITH_KNOTS((4,4),(4,1,1,1,1,1,4),(0.E0,1.E0),(2.660432860809E-2,
1.705862615613E-1,3.414078642747E-1,5.114917495087E-1,6.812033993744E-1,
8.474511473410E-1,9.739016075828E-1),.UNSPECIFIED.)GEOMETRIC_REPRESENTATION_ITEM()RATIONAL_B_SPLINE_SURFACE(((1.550924274658E0,1.550924274658E0,1.550924274658E0,
1.550924274658E0,1.550924274658E0,1.550924274658E0,1.550924274658E0,
1.550924274658E0,1.550924274658E0),(8.163585751140E-1,8.163585751140E-1,
8.163585751140E-1,8.163585751140E-1,8.163585751140E-1,8.163585751140E-1,
8.163585751140E-1,8.163585751140E-1,8.163585751140E-1),(8.163585751140E-1,
8.163585751140E-1,8.163585751140E-1,8.163585751140E-1,8.163585751140E-1,
8.163585751140E-1,8.163585751140E-1,8.163585751140E-1,8.163585751140E-1),(
1.550924274658E0,1.550924274658E0,1.550924274658E0,1.550924274658E0,
1.550924274658E0,1.550924274658E0,1.550924274658E0,1.550924274658E0,
1.550924274658E0)))REPRESENTATION_ITEM('')SURFACE());
#4624=ORIENTED_EDGE('',*,*,#3848,.T.);
#4625=ORIENTED_EDGE('',*,*,#3763,.T.);
#4626=ORIENTED_EDGE('',*,*,#4578,.F.);
#4627=ORIENTED_EDGE('',*,*,#3827,.F.);
#4628=EDGE_LOOP('',(#4624,#4625,#4626,#4627));
#4629=FACE_OUTER_BOUND('',#4628,.F.);
#4630=ADVANCED_FACE('',(#4629),#4623,.T.);
#4631=CARTESIAN_POINT('',(7.986200257947E1,2.764230081723E1,3.580462792025E0));
#4632=DIRECTION('',(-2.304800857119E-1,-9.506059430235E-1,2.079116908178E-1));
#4633=DIRECTION('',(-9.718430452728E-1,2.356291479313E-1,0.E0));
#4634=AXIS2_PLACEMENT_3D('',#4631,#4632,#4633);
#4635=CYLINDRICAL_SURFACE('',#4634,1.05E0);
#4636=ORIENTED_EDGE('',*,*,#4451,.F.);
#4638=ORIENTED_EDGE('',*,*,#4637,.T.);
#4639=ORIENTED_EDGE('',*,*,#4497,.T.);
#4641=ORIENTED_EDGE('',*,*,#4640,.F.);
#4642=EDGE_LOOP('',(#4636,#4638,#4639,#4641));
#4643=FACE_OUTER_BOUND('',#4642,.F.);
#4644=ADVANCED_FACE('',(#4643),#4635,.F.);
#4645=CARTESIAN_POINT('',(7.986200257947E1,2.764230081723E1,3.580462792025E0));
#4646=DIRECTION('',(-2.304800857119E-1,-9.506059430235E-1,2.079116908178E-1));
#4647=DIRECTION('',(-9.718430452728E-1,2.356291479313E-1,0.E0));
#4648=AXIS2_PLACEMENT_3D('',#4645,#4646,#4647);
#4649=CYLINDRICAL_SURFACE('',#4648,1.05E0);
#4650=ORIENTED_EDGE('',*,*,#4453,.F.);
#4651=ORIENTED_EDGE('',*,*,#4640,.T.);
#4652=ORIENTED_EDGE('',*,*,#4499,.T.);
#4653=ORIENTED_EDGE('',*,*,#4637,.F.);
#4654=EDGE_LOOP('',(#4650,#4651,#4652,#4653));
#4655=FACE_OUTER_BOUND('',#4654,.F.);
#4656=ADVANCED_FACE('',(#4655),#4649,.F.);
#4657=CARTESIAN_POINT('',(8.159060322231E1,3.477184538990E1,2.021125110891E0));
#4658=DIRECTION('',(2.304800857119E-1,9.506059430235E-1,-2.079116908178E-1));
#4659=DIRECTION('',(9.718430452728E-1,-2.356291479313E-1,0.E0));
#4660=AXIS2_PLACEMENT_3D('',#4657,#4658,#4659);
#4661=CONICAL_SURFACE('',#4660,3.162724675359E0,1.E0);
#4662=ORIENTED_EDGE('',*,*,#4441,.T.);
#4664=ORIENTED_EDGE('',*,*,#4663,.F.);
#4665=ORIENTED_EDGE('',*,*,#4373,.F.);
#4666=ORIENTED_EDGE('',*,*,#4371,.T.);
#4668=ORIENTED_EDGE('',*,*,#4667,.T.);
#4669=EDGE_LOOP('',(#4662,#4664,#4665,#4666,#4668));
#4670=FACE_OUTER_BOUND('',#4669,.F.);
#4671=ADVANCED_FACE('',(#4670),#4661,.T.);
#4672=CARTESIAN_POINT('',(8.004330584312E1,3.781105439402E1,2.177291936801E0));
#4673=DIRECTION('',(1.273168314096E-1,1.646955375844E-1,9.780929425876E-1));
#4674=DIRECTION('',(-9.641699394942E-1,2.519399746082E-1,8.308174871886E-2));
#4675=AXIS2_PLACEMENT_3D('',#4672,#4673,#4674);
#4676=PLANE('',#4675);
#4677=ORIENTED_EDGE('',*,*,#4375,.F.);
#4678=ORIENTED_EDGE('',*,*,#4663,.T.);
#4679=ORIENTED_EDGE('',*,*,#4447,.T.);
#4681=ORIENTED_EDGE('',*,*,#4680,.F.);
#4682=EDGE_LOOP('',(#4677,#4678,#4679,#4681));
#4683=FACE_OUTER_BOUND('',#4682,.F.);
#4684=ADVANCED_FACE('',(#4683),#4676,.T.);
#4685=CARTESIAN_POINT('',(7.476591513167E1,3.251182933618E1,3.361408626544E0));
#4686=DIRECTION('',(2.304800857119E-1,9.506059430235E-1,-2.079116908178E-1));
#4687=DIRECTION('',(8.378843015865E-1,-8.522927036118E-2,5.391529176668E-1));
#4688=AXIS2_PLACEMENT_3D('',#4685,#4686,#4687);
#4689=CONICAL_SURFACE('',#4688,2.236037011535E0,5.E-1);
#4690=ORIENTED_EDGE('',*,*,#4359,.T.);
#4692=ORIENTED_EDGE('',*,*,#4691,.T.);
#4694=ORIENTED_EDGE('',*,*,#4693,.T.);
#4696=ORIENTED_EDGE('',*,*,#4695,.F.);
#4697=EDGE_LOOP('',(#4690,#4692,#4694,#4696));
#4698=FACE_OUTER_BOUND('',#4697,.F.);
#4699=ADVANCED_FACE('',(#4698),#4689,.T.);
#4700=CARTESIAN_POINT('',(7.476591513167E1,3.251182933618E1,3.361408626544E0));
#4701=DIRECTION('',(2.304800857119E-1,9.506059430235E-1,-2.079116908178E-1));
#4702=DIRECTION('',(8.378843015865E-1,-8.522927036118E-2,5.391529176668E-1));
#4703=AXIS2_PLACEMENT_3D('',#4700,#4701,#4702);
#4704=CONICAL_SURFACE('',#4703,2.236037011535E0,5.E-1);
#4706=ORIENTED_EDGE('',*,*,#4705,.T.);
#4708=ORIENTED_EDGE('',*,*,#4707,.F.);
#4709=ORIENTED_EDGE('',*,*,#4377,.T.);
#4710=ORIENTED_EDGE('',*,*,#4680,.T.);
#4711=ORIENTED_EDGE('',*,*,#4445,.F.);
#4713=ORIENTED_EDGE('',*,*,#4712,.F.);
#4714=ORIENTED_EDGE('',*,*,#4367,.F.);
#4716=ORIENTED_EDGE('',*,*,#4715,.T.);
#4717=EDGE_LOOP('',(#4706,#4708,#4709,#4710,#4711,#4713,#4714,#4716));
#4718=FACE_OUTER_BOUND('',#4717,.F.);
#4719=ADVANCED_FACE('',(#4718),#4704,.T.);
#4720=CARTESIAN_POINT('',(6.747786329986E1,2.773799497023E1,4.718782368927E0));
#4721=DIRECTION('',(-1.333655610854E-1,-1.896021064338E-1,-9.727613624894E-1));
#4722=DIRECTION('',(9.641699394942E-1,-2.519399746082E-1,-8.308174871886E-2));
#4723=AXIS2_PLACEMENT_3D('',#4720,#4721,#4722);
#4724=PLANE('',#4723);
#4725=ORIENTED_EDGE('',*,*,#4357,.F.);
#4727=ORIENTED_EDGE('',*,*,#4726,.F.);
#4729=ORIENTED_EDGE('',*,*,#4728,.T.);
#4730=ORIENTED_EDGE('',*,*,#4691,.F.);
#4731=EDGE_LOOP('',(#4725,#4727,#4729,#4730));
#4732=FACE_OUTER_BOUND('',#4731,.F.);
#4733=ADVANCED_FACE('',(#4732),#4724,.T.);
#4734=CARTESIAN_POINT('',(6.929676205936E1,2.768121769708E1,6.475524028158E0));
#4735=DIRECTION('',(-9.749109737821E-1,2.018438285907E-1,9.384914522275E-2));
#4736=DIRECTION('',(-1.313592701943E-1,-1.813135137901E-1,-9.746128215097E-1));
#4737=AXIS2_PLACEMENT_3D('',#4734,#4735,#4736);
#4738=PLANE('',#4737);
#4739=ORIENTED_EDGE('',*,*,#4355,.F.);
#4741=ORIENTED_EDGE('',*,*,#4740,.F.);
#4743=ORIENTED_EDGE('',*,*,#4742,.T.);
#4744=ORIENTED_EDGE('',*,*,#4726,.T.);
#4745=EDGE_LOOP('',(#4739,#4741,#4743,#4744));
#4746=FACE_OUTER_BOUND('',#4745,.F.);
#4747=ADVANCED_FACE('',(#4746),#4738,.T.);
#4748=CARTESIAN_POINT('',(7.212540453999E1,2.673921903690E1,5.304239420042E0));
#4749=DIRECTION('',(1.293429757862E-1,1.730111134203E-1,9.763900599903E-1));
#4750=DIRECTION('',(-9.641699394942E-1,2.519399746082E-1,8.308174871886E-2));
#4751=AXIS2_PLACEMENT_3D('',#4748,#4749,#4750);
#4752=PLANE('',#4751);
#4753=ORIENTED_EDGE('',*,*,#4353,.F.);
#4754=ORIENTED_EDGE('',*,*,#4707,.T.);
#4756=ORIENTED_EDGE('',*,*,#4755,.T.);
#4757=ORIENTED_EDGE('',*,*,#4740,.T.);
#4758=EDGE_LOOP('',(#4753,#4754,#4756,#4757));
#4759=FACE_OUTER_BOUND('',#4758,.F.);
#4760=ADVANCED_FACE('',(#4759),#4752,.T.);
#4761=CARTESIAN_POINT('',(1.977947924733E1,3.640904462110E1,-8.511720945062E0));
#4762=DIRECTION('',(2.304800857119E-1,9.506059430235E-1,-2.079116908178E-1));
#4763=DIRECTION('',(-9.718430452728E-1,2.356291479313E-1,0.E0));
#4764=AXIS2_PLACEMENT_3D('',#4761,#4762,#4763);
#4765=PLANE('',#4764);
#4766=ORIENTED_EDGE('',*,*,#4755,.F.);
#4767=ORIENTED_EDGE('',*,*,#4705,.F.);
#4769=ORIENTED_EDGE('',*,*,#4768,.F.);
#4771=ORIENTED_EDGE('',*,*,#4770,.F.);
#4773=ORIENTED_EDGE('',*,*,#4772,.F.);
#4774=ORIENTED_EDGE('',*,*,#4693,.F.);
#4775=ORIENTED_EDGE('',*,*,#4728,.F.);
#4776=ORIENTED_EDGE('',*,*,#4742,.F.);
#4777=EDGE_LOOP('',(#4766,#4767,#4769,#4771,#4773,#4774,#4775,#4776));
#4778=FACE_OUTER_BOUND('',#4777,.F.);
#4780=ORIENTED_EDGE('',*,*,#4779,.T.);
#4782=ORIENTED_EDGE('',*,*,#4781,.T.);
#4783=EDGE_LOOP('',(#4780,#4782));
#4784=FACE_BOUND('',#4783,.F.);
#4785=ADVANCED_FACE('',(#4778,#4784),#4765,.F.);
#4786=CARTESIAN_POINT('',(1.977947924733E1,3.640904462110E1,-8.511720945062E0));
#4787=DIRECTION('',(2.304800857119E-1,9.506059430235E-1,-2.079116908178E-1));
#4788=DIRECTION('',(-9.718430452728E-1,2.356291479313E-1,0.E0));
#4789=AXIS2_PLACEMENT_3D('',#4786,#4787,#4788);
#4790=PLANE('',#4789);
#4792=ORIENTED_EDGE('',*,*,#4791,.F.);
#4794=ORIENTED_EDGE('',*,*,#4793,.F.);
#4796=ORIENTED_EDGE('',*,*,#4795,.F.);
#4798=ORIENTED_EDGE('',*,*,#4797,.F.);
#4799=EDGE_LOOP('',(#4792,#4794,#4796,#4798));
#4800=FACE_OUTER_BOUND('',#4799,.F.);
#4802=ORIENTED_EDGE('',*,*,#4801,.T.);
#4804=ORIENTED_EDGE('',*,*,#4803,.T.);
#4805=EDGE_LOOP('',(#4802,#4804));
#4806=FACE_BOUND('',#4805,.F.);
#4807=ADVANCED_FACE('',(#4800,#4806),#4790,.F.);
#4808=CARTESIAN_POINT('',(7.326779457454E1,2.633289070653E1,4.712834616859E0));
#4809=DIRECTION('',(-2.304800857119E-1,-9.506059430235E-1,2.079116908178E-1));
#4810=DIRECTION('',(-8.378843015865E-1,8.522927036118E-2,-5.391529176668E-1));
#4811=AXIS2_PLACEMENT_3D('',#4808,#4809,#4810);
#4812=CYLINDRICAL_SURFACE('',#4811,1.75E0);
#4813=ORIENTED_EDGE('',*,*,#4779,.F.);
#4815=ORIENTED_EDGE('',*,*,#4814,.T.);
#4817=ORIENTED_EDGE('',*,*,#4816,.T.);
#4819=ORIENTED_EDGE('',*,*,#4818,.F.);
#4820=EDGE_LOOP('',(#4813,#4815,#4817,#4819));
#4821=FACE_OUTER_BOUND('',#4820,.F.);
#4822=ADVANCED_FACE('',(#4821),#4812,.T.);
#4823=CARTESIAN_POINT('',(7.326779457454E1,2.633289070653E1,4.712834616859E0));
#4824=DIRECTION('',(-2.304800857119E-1,-9.506059430235E-1,2.079116908178E-1));
#4825=DIRECTION('',(-8.378843015865E-1,8.522927036118E-2,-5.391529176668E-1));
#4826=AXIS2_PLACEMENT_3D('',#4823,#4824,#4825);
#4827=CYLINDRICAL_SURFACE('',#4826,1.75E0);
#4828=ORIENTED_EDGE('',*,*,#4781,.F.);
#4829=ORIENTED_EDGE('',*,*,#4818,.T.);
#4831=ORIENTED_EDGE('',*,*,#4830,.T.);
#4832=ORIENTED_EDGE('',*,*,#4814,.F.);
#4833=EDGE_LOOP('',(#4828,#4829,#4831,#4832));
#4834=FACE_OUTER_BOUND('',#4833,.F.);
#4835=ADVANCED_FACE('',(#4834),#4827,.T.);
#4836=CARTESIAN_POINT('',(1.941071111019E1,3.488807511226E1,-8.179062239753E0));
#4837=DIRECTION('',(-2.304800857119E-1,-9.506059430235E-1,2.079116908178E-1));
#4838=DIRECTION('',(-9.718430452728E-1,2.356291479313E-1,0.E0));
#4839=AXIS2_PLACEMENT_3D('',#4836,#4837,#4838);
#4840=PLANE('',#4839);
#4841=ORIENTED_EDGE('',*,*,#4816,.F.);
#4842=ORIENTED_EDGE('',*,*,#4830,.F.);
#4843=EDGE_LOOP('',(#4841,#4842));
#4844=FACE_OUTER_BOUND('',#4843,.F.);
#4846=ORIENTED_EDGE('',*,*,#4845,.F.);
#4848=ORIENTED_EDGE('',*,*,#4847,.F.);
#4849=EDGE_LOOP('',(#4846,#4848));
#4850=FACE_BOUND('',#4849,.F.);
#4851=ADVANCED_FACE('',(#4844,#4850),#4840,.T.);
#4852=CARTESIAN_POINT('',(7.626403568880E1,3.869076796583E1,2.009982636229E0));
#4853=DIRECTION('',(-2.304800857119E-1,-9.506059430235E-1,2.079116908178E-1));
#4854=DIRECTION('',(-8.378843015865E-1,8.522927036118E-2,-5.391529176668E-1));
#4855=AXIS2_PLACEMENT_3D('',#4852,#4853,#4854);
#4856=CYLINDRICAL_SURFACE('',#4855,1.E0);
#4858=ORIENTED_EDGE('',*,*,#4857,.F.);
#4859=ORIENTED_EDGE('',*,*,#4845,.T.);
#4861=ORIENTED_EDGE('',*,*,#4860,.F.);
#4862=ORIENTED_EDGE('',*,*,#4214,.T.);
#4863=EDGE_LOOP('',(#4858,#4859,#4861,#4862));
#4864=FACE_OUTER_BOUND('',#4863,.F.);
#4865=ADVANCED_FACE('',(#4864),#4856,.F.);
#4866=CARTESIAN_POINT('',(7.626403568880E1,3.869076796583E1,2.009982636229E0));
#4867=DIRECTION('',(-2.304800857119E-1,-9.506059430235E-1,2.079116908178E-1));
#4868=DIRECTION('',(-8.378843015865E-1,8.522927036118E-2,-5.391529176668E-1));
#4869=AXIS2_PLACEMENT_3D('',#4866,#4867,#4868);
#4870=CYLINDRICAL_SURFACE('',#4869,1.E0);
#4871=ORIENTED_EDGE('',*,*,#4860,.T.);
#4872=ORIENTED_EDGE('',*,*,#4847,.T.);
#4873=ORIENTED_EDGE('',*,*,#4857,.T.);
#4874=ORIENTED_EDGE('',*,*,#4216,.T.);
#4875=EDGE_LOOP('',(#4871,#4872,#4873,#4874));
#4876=FACE_OUTER_BOUND('',#4875,.F.);
#4877=ADVANCED_FACE('',(#4876),#4870,.F.);
#4878=CARTESIAN_POINT('',(7.306721648119E1,2.526464965970E1,
-3.936870013679E-1));
#4879=DIRECTION('',(9.621219342077E-1,-2.602258780127E-1,-8.126423646999E-2));
#4880=DIRECTION('',(1.313592701943E-1,1.813135137901E-1,9.746128215097E-1));
#4881=AXIS2_PLACEMENT_3D('',#4878,#4879,#4880);
#4882=PLANE('',#4881);
#4883=ORIENTED_EDGE('',*,*,#4365,.F.);
#4885=ORIENTED_EDGE('',*,*,#4884,.F.);
#4886=ORIENTED_EDGE('',*,*,#4768,.T.);
#4887=ORIENTED_EDGE('',*,*,#4715,.F.);
#4888=EDGE_LOOP('',(#4883,#4885,#4886,#4887));
#4889=FACE_OUTER_BOUND('',#4888,.F.);
#4890=ADVANCED_FACE('',(#4889),#4882,.T.);
#4891=CARTESIAN_POINT('',(7.140905207843E1,2.604771394441E1,1.348454999953E0));
#4892=DIRECTION('',(-1.432416425605E-1,-2.308159009593E-1,-9.623958913570E-1));
#4893=DIRECTION('',(9.641699394942E-1,-2.519399746082E-1,-8.308174871886E-2));
#4894=AXIS2_PLACEMENT_3D('',#4891,#4892,#4893);
#4895=PLANE('',#4894);
#4896=ORIENTED_EDGE('',*,*,#4363,.F.);
#4898=ORIENTED_EDGE('',*,*,#4897,.F.);
#4899=ORIENTED_EDGE('',*,*,#4770,.T.);
#4900=ORIENTED_EDGE('',*,*,#4884,.T.);
#4901=EDGE_LOOP('',(#4896,#4898,#4899,#4900));
#4902=FACE_OUTER_BOUND('',#4901,.F.);
#4903=ADVANCED_FACE('',(#4902),#4895,.T.);
#4904=CARTESIAN_POINT('',(7.262112124371E1,2.623168149260E1,3.533221272356E0));
#4905=DIRECTION('',(-9.661445195069E-1,2.436348849992E-1,8.489293397089E-2));
#4906=DIRECTION('',(-1.313592701943E-1,-1.813135137901E-1,-9.746128215097E-1));
#4907=AXIS2_PLACEMENT_3D('',#4904,#4905,#4906);
#4908=PLANE('',#4907);
#4909=ORIENTED_EDGE('',*,*,#4361,.F.);
#4910=ORIENTED_EDGE('',*,*,#4695,.T.);
#4911=ORIENTED_EDGE('',*,*,#4772,.T.);
#4912=ORIENTED_EDGE('',*,*,#4897,.T.);
#4913=EDGE_LOOP('',(#4909,#4910,#4911,#4912));
#4914=FACE_OUTER_BOUND('',#4913,.F.);
#4915=ADVANCED_FACE('',(#4914),#4908,.T.);
#4916=CARTESIAN_POINT('',(4.897104681613E1,2.925007932380E1,-8.883417033340E0));
#4917=DIRECTION('',(-2.304800857119E-1,-9.506059430235E-1,2.079116908178E-1));
#4918=DIRECTION('',(-9.718430452728E-1,2.356291479313E-1,0.E0));
#4919=AXIS2_PLACEMENT_3D('',#4916,#4917,#4918);
#4920=CYLINDRICAL_SURFACE('',#4919,1.75E0);
#4921=ORIENTED_EDGE('',*,*,#4801,.F.);
#4923=ORIENTED_EDGE('',*,*,#4922,.T.);
#4925=ORIENTED_EDGE('',*,*,#4924,.T.);
#4927=ORIENTED_EDGE('',*,*,#4926,.F.);
#4928=EDGE_LOOP('',(#4921,#4923,#4925,#4927));
#4929=FACE_OUTER_BOUND('',#4928,.F.);
#4930=ADVANCED_FACE('',(#4929),#4920,.T.);
#4931=CARTESIAN_POINT('',(4.897104681613E1,2.925007932380E1,-8.883417033340E0));
#4932=DIRECTION('',(-2.304800857119E-1,-9.506059430235E-1,2.079116908178E-1));
#4933=DIRECTION('',(-9.718430452728E-1,2.356291479313E-1,0.E0));
#4934=AXIS2_PLACEMENT_3D('',#4931,#4932,#4933);
#4935=CYLINDRICAL_SURFACE('',#4934,1.75E0);
#4936=ORIENTED_EDGE('',*,*,#4803,.F.);
#4937=ORIENTED_EDGE('',*,*,#4926,.T.);
#4939=ORIENTED_EDGE('',*,*,#4938,.T.);
#4940=ORIENTED_EDGE('',*,*,#4922,.F.);
#4941=EDGE_LOOP('',(#4936,#4937,#4939,#4940));
#4942=FACE_OUTER_BOUND('',#4941,.F.);
#4943=ADVANCED_FACE('',(#4942),#4935,.T.);
#4944=CARTESIAN_POINT('',(1.941071111019E1,3.488807511226E1,-8.179062239753E0));
#4945=DIRECTION('',(-2.304800857119E-1,-9.506059430235E-1,2.079116908178E-1));
#4946=DIRECTION('',(-9.718430452728E-1,2.356291479313E-1,0.E0));
#4947=AXIS2_PLACEMENT_3D('',#4944,#4945,#4946);
#4948=PLANE('',#4947);
#4949=ORIENTED_EDGE('',*,*,#4924,.F.);
#4950=ORIENTED_EDGE('',*,*,#4938,.F.);
#4951=EDGE_LOOP('',(#4949,#4950));
#4952=FACE_OUTER_BOUND('',#4951,.F.);
#4954=ORIENTED_EDGE('',*,*,#4953,.F.);
#4956=ORIENTED_EDGE('',*,*,#4955,.F.);
#4957=EDGE_LOOP('',(#4954,#4956));
#4958=FACE_BOUND('',#4957,.F.);
#4959=ADVANCED_FACE('',(#4952,#4958),#4948,.T.);
#4960=CARTESIAN_POINT('',(5.196728793039E1,4.160795658311E1,-1.158626901397E1));
#4961=DIRECTION('',(-2.304800857119E-1,-9.506059430235E-1,2.079116908178E-1));
#4962=DIRECTION('',(-9.718430452728E-1,2.356291479313E-1,0.E0));
#4963=AXIS2_PLACEMENT_3D('',#4960,#4961,#4962);
#4964=CYLINDRICAL_SURFACE('',#4963,1.E0);
#4965=ORIENTED_EDGE('',*,*,#4202,.T.);
#4967=ORIENTED_EDGE('',*,*,#4966,.T.);
#4968=ORIENTED_EDGE('',*,*,#4953,.T.);
#4970=ORIENTED_EDGE('',*,*,#4969,.T.);
#4971=EDGE_LOOP('',(#4965,#4967,#4968,#4970));
#4972=FACE_OUTER_BOUND('',#4971,.F.);
#4973=ADVANCED_FACE('',(#4972),#4964,.F.);
#4974=CARTESIAN_POINT('',(5.196728793039E1,4.160795658311E1,-1.158626901397E1));
#4975=DIRECTION('',(-2.304800857119E-1,-9.506059430235E-1,2.079116908178E-1));
#4976=DIRECTION('',(-9.718430452728E-1,2.356291479313E-1,0.E0));
#4977=AXIS2_PLACEMENT_3D('',#4974,#4975,#4976);
#4978=CYLINDRICAL_SURFACE('',#4977,1.E0);
#4979=ORIENTED_EDGE('',*,*,#4204,.T.);
#4980=ORIENTED_EDGE('',*,*,#4969,.F.);
#4981=ORIENTED_EDGE('',*,*,#4955,.T.);
#4982=ORIENTED_EDGE('',*,*,#4966,.F.);
#4983=EDGE_LOOP('',(#4979,#4980,#4981,#4982));
#4984=FACE_OUTER_BOUND('',#4983,.F.);
#4985=ADVANCED_FACE('',(#4984),#4978,.F.);
#4986=CARTESIAN_POINT('',(5.046916737326E1,3.542901795346E1,-1.023484302366E1));
#4987=DIRECTION('',(2.304800857119E-1,9.506059430235E-1,-2.079116908178E-1));
#4988=DIRECTION('',(9.718430452728E-1,-2.356291479313E-1,0.E0));
#4989=AXIS2_PLACEMENT_3D('',#4986,#4987,#4988);
#4990=CONICAL_SURFACE('',#4989,2.236037011535E0,5.E-1);
#4991=ORIENTED_EDGE('',*,*,#4387,.T.);
#4993=ORIENTED_EDGE('',*,*,#4992,.T.);
#4994=ORIENTED_EDGE('',*,*,#4791,.T.);
#4996=ORIENTED_EDGE('',*,*,#4995,.F.);
#4997=EDGE_LOOP('',(#4991,#4993,#4994,#4996));
#4998=FACE_OUTER_BOUND('',#4997,.F.);
#4999=ADVANCED_FACE('',(#4998),#4990,.T.);
#5000=CARTESIAN_POINT('',(5.226454422129E1,2.747185144725E1,-1.336276314227E1));
#5001=DIRECTION('',(8.361748834898E-1,-9.372295629029E-2,5.403957546882E-1));
#5002=DIRECTION('',(-4.942361366782E-1,2.984123563327E-1,8.165051786666E-1));
#5003=AXIS2_PLACEMENT_3D('',#5000,#5001,#5002);
#5004=PLANE('',#5003);
#5005=ORIENTED_EDGE('',*,*,#4385,.F.);
#5007=ORIENTED_EDGE('',*,*,#5006,.F.);
#5008=ORIENTED_EDGE('',*,*,#4793,.T.);
#5009=ORIENTED_EDGE('',*,*,#4992,.F.);
#5010=EDGE_LOOP('',(#5005,#5007,#5008,#5009));
#5011=FACE_OUTER_BOUND('',#5010,.F.);
#5012=ADVANCED_FACE('',(#5011),#5004,.T.);
#5013=CARTESIAN_POINT('',(4.983605930163E1,2.812170182463E1,-1.308363396898E1));
#5014=DIRECTION('',(4.814964075491E-1,-3.477542636079E-1,-8.045049295435E-1));
#5015=DIRECTION('',(8.382180929160E-1,-8.543071272330E-2,5.386019142483E-1));
#5016=AXIS2_PLACEMENT_3D('',#5013,#5014,#5015);
#5017=PLANE('',#5016);
#5018=ORIENTED_EDGE('',*,*,#4383,.F.);
#5020=ORIENTED_EDGE('',*,*,#5019,.F.);
#5021=ORIENTED_EDGE('',*,*,#4795,.T.);
#5022=ORIENTED_EDGE('',*,*,#5006,.T.);
#5023=EDGE_LOOP('',(#5018,#5020,#5021,#5022));
#5024=FACE_OUTER_BOUND('',#5023,.F.);
#5025=ADVANCED_FACE('',(#5024),#5017,.T.);
#5026=CARTESIAN_POINT('',(4.917119757223E1,2.891889491212E1,-1.017576911564E1));
#5027=DIRECTION('',(-8.401974687890E-1,7.713196327677E-2,-5.367670571873E-1));
#5028=DIRECTION('',(4.942361366782E-1,-2.984123563327E-1,-8.165051786666E-1));
#5029=AXIS2_PLACEMENT_3D('',#5026,#5027,#5028);
#5030=PLANE('',#5029);
#5031=ORIENTED_EDGE('',*,*,#4381,.F.);
#5032=ORIENTED_EDGE('',*,*,#4995,.T.);
#5033=ORIENTED_EDGE('',*,*,#4797,.T.);
#5034=ORIENTED_EDGE('',*,*,#5019,.T.);
#5035=EDGE_LOOP('',(#5031,#5032,#5033,#5034));
#5036=FACE_OUTER_BOUND('',#5035,.F.);
#5037=ADVANCED_FACE('',(#5036),#5030,.T.);
#5038=CARTESIAN_POINT('',(7.740642572334E1,3.828443963547E1,1.418577833046E0));
#5039=DIRECTION('',(-1.353616956727E-1,-1.978762601431E-1,-9.708358239251E-1));
#5040=DIRECTION('',(9.641699394942E-1,-2.519399746082E-1,-8.308174871886E-2));
#5041=AXIS2_PLACEMENT_3D('',#5038,#5039,#5040);
#5042=PLANE('',#5041);
#5043=ORIENTED_EDGE('',*,*,#4369,.F.);
#5044=ORIENTED_EDGE('',*,*,#4712,.T.);
#5045=ORIENTED_EDGE('',*,*,#4443,.T.);
#5046=ORIENTED_EDGE('',*,*,#4667,.F.);
#5047=EDGE_LOOP('',(#5043,#5044,#5045,#5046));
#5048=FACE_OUTER_BOUND('',#5047,.F.);
#5049=ADVANCED_FACE('',(#5048),#5042,.T.);
#5050=CARTESIAN_POINT('',(7.668840989E1,4.111730383928E1,9.486662847984E0));
#5051=DIRECTION('',(-2.304800857119E-1,-9.506059430235E-1,2.079116908178E-1));
#5052=DIRECTION('',(9.718430452728E-1,-2.356291479313E-1,0.E0));
#5053=AXIS2_PLACEMENT_3D('',#5050,#5051,#5052);
#5054=CONICAL_SURFACE('',#5053,4.678800857132E0,1.E0);
#5056=ORIENTED_EDGE('',*,*,#5055,.F.);
#5058=ORIENTED_EDGE('',*,*,#5057,.T.);
#5059=ORIENTED_EDGE('',*,*,#4291,.T.);
#5061=ORIENTED_EDGE('',*,*,#5060,.F.);
#5062=EDGE_LOOP('',(#5056,#5058,#5059,#5061));
#5063=FACE_OUTER_BOUND('',#5062,.F.);
#5064=ADVANCED_FACE('',(#5063),#5054,.F.);
#5065=CARTESIAN_POINT('',(4.915236099255E1,5.052097229393E1,1.786845322400E1));
#5066=DIRECTION('',(2.304800857119E-1,9.506059430235E-1,-2.079116908178E-1));
#5067=DIRECTION('',(-9.730769924445E-1,2.252259766481E-1,-4.893287461586E-2));
#5068=AXIS2_PLACEMENT_3D('',#5065,#5066,#5067);
#5069=PLANE('',#5068);
#5071=ORIENTED_EDGE('',*,*,#5070,.F.);
#5073=ORIENTED_EDGE('',*,*,#5072,.F.);
#5074=EDGE_LOOP('',(#5071,#5073));
#5075=FACE_OUTER_BOUND('',#5074,.F.);
#5076=ORIENTED_EDGE('',*,*,#5055,.T.);
#5078=ORIENTED_EDGE('',*,*,#5077,.T.);
#5079=EDGE_LOOP('',(#5076,#5078));
#5080=FACE_BOUND('',#5079,.F.);
#5081=ADVANCED_FACE('',(#5075,#5080),#5069,.T.);
#5082=CARTESIAN_POINT('',(7.687542699167E1,4.219649484110E1,9.164864530186E0));
#5083=DIRECTION('',(2.304800857119E-1,9.506059430235E-1,-2.079116908178E-1));
#5084=DIRECTION('',(-9.730769924445E-1,2.252259766481E-1,-4.893287461586E-2));
#5085=AXIS2_PLACEMENT_3D('',#5082,#5083,#5084);
#5086=CONICAL_SURFACE('',#5085,5.375012547833E0,5.E0);
#5088=ORIENTED_EDGE('',*,*,#5087,.T.);
#5090=ORIENTED_EDGE('',*,*,#5089,.T.);
#5091=ORIENTED_EDGE('',*,*,#5070,.T.);
#5093=ORIENTED_EDGE('',*,*,#5092,.F.);
#5094=EDGE_LOOP('',(#5088,#5090,#5091,#5093));
#5095=FACE_OUTER_BOUND('',#5094,.F.);
#5096=ADVANCED_FACE('',(#5095),#5086,.F.);
#5097=CARTESIAN_POINT('',(7.693629799695E1,4.244755488038E1,9.109953956938E0));
#5098=DIRECTION('',(2.304800857119E-1,9.506059430235E-1,-2.079116908178E-1));
#5099=DIRECTION('',(9.725751308872E-1,-2.319031947661E-1,1.784721370274E-2));
#5100=AXIS2_PLACEMENT_3D('',#5097,#5098,#5099);
#5101=TOROIDAL_SURFACE('',#5100,5.649073724325E0,2.5E-1);
#5102=ORIENTED_EDGE('',*,*,#3749,.T.);
#5104=ORIENTED_EDGE('',*,*,#5103,.T.);
#5105=ORIENTED_EDGE('',*,*,#5087,.F.);
#5107=ORIENTED_EDGE('',*,*,#5106,.F.);
#5108=EDGE_LOOP('',(#5102,#5104,#5105,#5107));
#5109=FACE_OUTER_BOUND('',#5108,.F.);
#5110=ADVANCED_FACE('',(#5109),#5101,.T.);
#5111=CARTESIAN_POINT('',(7.693629799695E1,4.244755488038E1,9.109953956938E0));
#5112=DIRECTION('',(2.304800857119E-1,9.506059430235E-1,-2.079116908178E-1));
#5113=DIRECTION('',(-9.725751308872E-1,2.319031947661E-1,-1.784721370275E-2));
#5114=AXIS2_PLACEMENT_3D('',#5111,#5112,#5113);
#5115=TOROIDAL_SURFACE('',#5114,5.649073724325E0,2.5E-1);
#5116=ORIENTED_EDGE('',*,*,#3747,.T.);
#5117=ORIENTED_EDGE('',*,*,#5106,.T.);
#5119=ORIENTED_EDGE('',*,*,#5118,.F.);
#5120=ORIENTED_EDGE('',*,*,#5103,.F.);
#5121=EDGE_LOOP('',(#5116,#5117,#5119,#5120));
#5122=FACE_OUTER_BOUND('',#5121,.F.);
#5123=ADVANCED_FACE('',(#5122),#5115,.T.);
#5124=CARTESIAN_POINT('',(7.687542699167E1,4.219649484110E1,9.164864530186E0));
#5125=DIRECTION('',(2.304800857119E-1,9.506059430235E-1,-2.079116908178E-1));
#5126=DIRECTION('',(-9.730769924445E-1,2.252259766481E-1,-4.893287461586E-2));
#5127=AXIS2_PLACEMENT_3D('',#5124,#5125,#5126);
#5128=CONICAL_SURFACE('',#5127,5.375012547833E0,5.E0);
#5129=ORIENTED_EDGE('',*,*,#5118,.T.);
#5130=ORIENTED_EDGE('',*,*,#5092,.T.);
#5131=ORIENTED_EDGE('',*,*,#5072,.T.);
#5132=ORIENTED_EDGE('',*,*,#5089,.F.);
#5133=EDGE_LOOP('',(#5129,#5130,#5131,#5132));
#5134=FACE_OUTER_BOUND('',#5133,.F.);
#5135=ADVANCED_FACE('',(#5134),#5128,.F.);
#5136=CARTESIAN_POINT('',(7.668840989E1,4.111730383928E1,9.486662847984E0));
#5137=DIRECTION('',(-2.304800857119E-1,-9.506059430235E-1,2.079116908178E-1));
#5138=DIRECTION('',(9.718430452728E-1,-2.356291479313E-1,0.E0));
#5139=AXIS2_PLACEMENT_3D('',#5136,#5137,#5138);
#5140=CONICAL_SURFACE('',#5139,4.678800857132E0,1.E0);
#5141=ORIENTED_EDGE('',*,*,#5077,.F.);
#5142=ORIENTED_EDGE('',*,*,#5060,.T.);
#5143=ORIENTED_EDGE('',*,*,#4293,.T.);
#5144=ORIENTED_EDGE('',*,*,#5057,.F.);
#5145=EDGE_LOOP('',(#5141,#5142,#5143,#5144));
#5146=FACE_OUTER_BOUND('',#5145,.F.);
#5147=ADVANCED_FACE('',(#5146),#5140,.F.);
#5148=CARTESIAN_POINT('',(6.768105225370E1,3.644073359169E1,-1.779218812992E1));
#5149=DIRECTION('',(9.689063559738E-1,-2.417820349203E-1,5.255398123326E-2));
#5150=DIRECTION('',(3.112322019233E-4,2.135921359306E-1,9.769228744395E-1));
#5151=AXIS2_PLACEMENT_3D('',#5148,#5149,#5150);
#5152=PLANE('',#5151);
#5154=ORIENTED_EDGE('',*,*,#5153,.F.);
#5156=ORIENTED_EDGE('',*,*,#5155,.T.);
#5157=ORIENTED_EDGE('',*,*,#4226,.F.);
#5159=ORIENTED_EDGE('',*,*,#5158,.F.);
#5161=ORIENTED_EDGE('',*,*,#5160,.T.);
#5163=ORIENTED_EDGE('',*,*,#5162,.T.);
#5164=EDGE_LOOP('',(#5154,#5156,#5157,#5159,#5161,#5163));
#5165=FACE_OUTER_BOUND('',#5164,.F.);
#5166=ADVANCED_FACE('',(#5165),#5152,.T.);
#5167=CARTESIAN_POINT('',(6.768105225370E1,3.644073359169E1,-1.779218812992E1));
#5168=DIRECTION('',(9.689063559738E-1,-2.417820349203E-1,5.255398123326E-2));
#5169=DIRECTION('',(3.112322019233E-4,2.135921359306E-1,9.769228744395E-1));
#5170=AXIS2_PLACEMENT_3D('',#5167,#5168,#5169);
#5171=PLANE('',#5170);
#5172=ORIENTED_EDGE('',*,*,#4246,.F.);
#5174=ORIENTED_EDGE('',*,*,#5173,.F.);
#5176=ORIENTED_EDGE('',*,*,#5175,.F.);
#5178=ORIENTED_EDGE('',*,*,#5177,.F.);
#5180=ORIENTED_EDGE('',*,*,#5179,.T.);
#5182=ORIENTED_EDGE('',*,*,#5181,.T.);
#5183=EDGE_LOOP('',(#5172,#5174,#5176,#5178,#5180,#5182));
#5184=FACE_OUTER_BOUND('',#5183,.F.);
#5185=ADVANCED_FACE('',(#5184),#5171,.T.);
#5186=CARTESIAN_POINT('',(2.222256815588E1,4.648546761715E1,-1.071558486773E1));
#5187=DIRECTION('',(-2.304800857119E-1,-9.506059430235E-1,2.079116908178E-1));
#5188=DIRECTION('',(-9.718430452728E-1,2.356291479313E-1,0.E0));
#5189=AXIS2_PLACEMENT_3D('',#5186,#5187,#5188);
#5190=PLANE('',#5189);
#5192=ORIENTED_EDGE('',*,*,#5191,.T.);
#5193=ORIENTED_EDGE('',*,*,#5153,.T.);
#5195=ORIENTED_EDGE('',*,*,#5194,.F.);
#5197=ORIENTED_EDGE('',*,*,#5196,.F.);
#5199=ORIENTED_EDGE('',*,*,#5198,.F.);
#5201=ORIENTED_EDGE('',*,*,#5200,.F.);
#5203=ORIENTED_EDGE('',*,*,#5202,.F.);
#5204=ORIENTED_EDGE('',*,*,#5175,.T.);
#5206=ORIENTED_EDGE('',*,*,#5205,.T.);
#5208=ORIENTED_EDGE('',*,*,#5207,.T.);
#5210=ORIENTED_EDGE('',*,*,#5209,.F.);
#5212=ORIENTED_EDGE('',*,*,#5211,.T.);
#5214=ORIENTED_EDGE('',*,*,#5213,.F.);
#5216=ORIENTED_EDGE('',*,*,#5215,.T.);
#5218=ORIENTED_EDGE('',*,*,#5217,.F.);
#5220=ORIENTED_EDGE('',*,*,#5219,.T.);
#5221=EDGE_LOOP('',(#5192,#5193,#5195,#5197,#5199,#5201,#5203,#5204,#5206,#5208,
#5210,#5212,#5214,#5216,#5218,#5220));
#5222=FACE_OUTER_BOUND('',#5221,.F.);
#5224=ORIENTED_EDGE('',*,*,#5223,.F.);
#5226=ORIENTED_EDGE('',*,*,#5225,.F.);
#5227=EDGE_LOOP('',(#5224,#5226));
#5228=FACE_BOUND('',#5227,.F.);
#5229=ADVANCED_FACE('',(#5222,#5228),#5190,.T.);
#5230=CARTESIAN_POINT('',(2.222256815588E1,4.648546761715E1,-1.071558486773E1));
#5231=DIRECTION('',(-2.304800857119E-1,-9.506059430235E-1,2.079116908178E-1));
#5232=DIRECTION('',(-9.718430452728E-1,2.356291479313E-1,0.E0));
#5233=AXIS2_PLACEMENT_3D('',#5230,#5231,#5232);
#5234=PLANE('',#5233);
#5236=ORIENTED_EDGE('',*,*,#5235,.T.);
#5238=ORIENTED_EDGE('',*,*,#5237,.F.);
#5240=ORIENTED_EDGE('',*,*,#5239,.F.);
#5242=ORIENTED_EDGE('',*,*,#5241,.F.);
#5244=ORIENTED_EDGE('',*,*,#5243,.T.);
#5246=ORIENTED_EDGE('',*,*,#5245,.T.);
#5248=ORIENTED_EDGE('',*,*,#5247,.T.);
#5250=ORIENTED_EDGE('',*,*,#5249,.F.);
#5252=ORIENTED_EDGE('',*,*,#5251,.T.);
#5254=ORIENTED_EDGE('',*,*,#5253,.F.);
#5256=ORIENTED_EDGE('',*,*,#5255,.F.);
#5258=ORIENTED_EDGE('',*,*,#5257,.T.);
#5260=ORIENTED_EDGE('',*,*,#5259,.F.);
#5262=ORIENTED_EDGE('',*,*,#5261,.T.);
#5264=ORIENTED_EDGE('',*,*,#5263,.T.);
#5266=ORIENTED_EDGE('',*,*,#5265,.F.);
#5268=ORIENTED_EDGE('',*,*,#5267,.F.);
#5270=ORIENTED_EDGE('',*,*,#5269,.T.);
#5272=ORIENTED_EDGE('',*,*,#5271,.T.);
#5274=ORIENTED_EDGE('',*,*,#5273,.F.);
#5276=ORIENTED_EDGE('',*,*,#5275,.F.);
#5277=EDGE_LOOP('',(#5236,#5238,#5240,#5242,#5244,#5246,#5248,#5250,#5252,#5254,
#5256,#5258,#5260,#5262,#5264,#5266,#5268,#5270,#5272,#5274,#5276));
#5278=FACE_OUTER_BOUND('',#5277,.F.);
#5280=ORIENTED_EDGE('',*,*,#5279,.F.);
#5282=ORIENTED_EDGE('',*,*,#5281,.F.);
#5283=EDGE_LOOP('',(#5280,#5282));
#5284=FACE_BOUND('',#5283,.F.);
#5285=ADVANCED_FACE('',(#5278,#5284),#5234,.T.);
#5286=CARTESIAN_POINT('',(5.243225722826E1,4.571419671448E1,1.227281469836E1));
#5287=DIRECTION('',(-2.304800857119E-1,-9.506059430235E-1,2.079116908178E-1));
#5288=DIRECTION('',(9.718430452728E-1,-2.356291479313E-1,0.E0));
#5289=AXIS2_PLACEMENT_3D('',#5286,#5287,#5288);
#5290=CONICAL_SURFACE('',#5289,3.125309844146E0,1.E0);
#5291=ORIENTED_EDGE('',*,*,#5279,.T.);
#5293=ORIENTED_EDGE('',*,*,#5292,.F.);
#5295=ORIENTED_EDGE('',*,*,#5294,.F.);
#5297=ORIENTED_EDGE('',*,*,#5296,.T.);
#5298=EDGE_LOOP('',(#5291,#5293,#5295,#5297));
#5299=FACE_OUTER_BOUND('',#5298,.F.);
#5300=ADVANCED_FACE('',(#5299),#5290,.F.);
#5301=CARTESIAN_POINT('',(5.243225722826E1,4.571419671448E1,1.227281469836E1));
#5302=DIRECTION('',(-2.304800857119E-1,-9.506059430235E-1,2.079116908178E-1));
#5303=DIRECTION('',(9.718430452728E-1,-2.356291479313E-1,0.E0));
#5304=AXIS2_PLACEMENT_3D('',#5301,#5302,#5303);
#5305=CONICAL_SURFACE('',#5304,3.125309844146E0,1.E0);
#5306=ORIENTED_EDGE('',*,*,#5281,.T.);
#5307=ORIENTED_EDGE('',*,*,#5296,.F.);
#5309=ORIENTED_EDGE('',*,*,#5308,.F.);
#5310=ORIENTED_EDGE('',*,*,#5292,.T.);
#5311=EDGE_LOOP('',(#5306,#5307,#5309,#5310));
#5312=FACE_OUTER_BOUND('',#5311,.F.);
#5313=ADVANCED_FACE('',(#5312),#5305,.F.);
#5314=CARTESIAN_POINT('',(2.289096040444E1,4.924222485191E1,-1.131852877110E1));
#5315=DIRECTION('',(2.304800857119E-1,9.506059430235E-1,-2.079116908178E-1));
#5316=DIRECTION('',(-9.718430452728E-1,2.356291479313E-1,0.E0));
#5317=AXIS2_PLACEMENT_3D('',#5314,#5315,#5316);
#5318=PLANE('',#5317);
#5320=ORIENTED_EDGE('',*,*,#5319,.F.);
#5322=ORIENTED_EDGE('',*,*,#5321,.F.);
#5323=EDGE_LOOP('',(#5320,#5322));
#5324=FACE_OUTER_BOUND('',#5323,.F.);
#5325=ORIENTED_EDGE('',*,*,#5294,.T.);
#5326=ORIENTED_EDGE('',*,*,#5308,.T.);
#5327=EDGE_LOOP('',(#5325,#5326));
#5328=FACE_BOUND('',#5327,.F.);
#5329=ADVANCED_FACE('',(#5324,#5328),#5318,.T.);
#5330=CARTESIAN_POINT('',(2.289096040444E1,4.924222485191E1,-1.131852877110E1));
#5331=DIRECTION('',(2.304800857119E-1,9.506059430235E-1,-2.079116908178E-1));
#5332=DIRECTION('',(-9.718430452728E-1,2.356291479313E-1,0.E0));
#5333=AXIS2_PLACEMENT_3D('',#5330,#5331,#5332);
#5334=PLANE('',#5333);
#5336=ORIENTED_EDGE('',*,*,#5335,.F.);
#5338=ORIENTED_EDGE('',*,*,#5337,.F.);
#5339=EDGE_LOOP('',(#5336,#5338));
#5340=FACE_OUTER_BOUND('',#5339,.F.);
#5342=ORIENTED_EDGE('',*,*,#5341,.T.);
#5344=ORIENTED_EDGE('',*,*,#5343,.T.);
#5345=EDGE_LOOP('',(#5342,#5344));
#5346=FACE_BOUND('',#5345,.F.);
#5347=ADVANCED_FACE('',(#5340,#5346),#5334,.T.);
#5348=CARTESIAN_POINT('',(5.296417082309E1,4.790805317223E1,1.179298558632E1));
#5349=DIRECTION('',(2.304800857119E-1,9.506059430235E-1,-2.079116908178E-1));
#5350=DIRECTION('',(-9.718430452728E-1,2.356291479313E-1,0.E0));
#5351=AXIS2_PLACEMENT_3D('',#5348,#5349,#5350);
#5352=CONICAL_SURFACE('',#5351,5.694958042795E0,3.E0);
#5354=ORIENTED_EDGE('',*,*,#5353,.T.);
#5356=ORIENTED_EDGE('',*,*,#5355,.T.);
#5357=ORIENTED_EDGE('',*,*,#5319,.T.);
#5359=ORIENTED_EDGE('',*,*,#5358,.F.);
#5360=EDGE_LOOP('',(#5354,#5356,#5357,#5359));
#5361=FACE_OUTER_BOUND('',#5360,.F.);
#5362=ADVANCED_FACE('',(#5361),#5352,.F.);
#5363=CARTESIAN_POINT('',(5.315826949825E1,4.870860543501E1,1.161789287228E1));
#5364=DIRECTION('',(2.304800857119E-1,9.506059430235E-1,-2.079116908178E-1));
#5365=DIRECTION('',(9.699339289324E-1,-2.415897727929E-1,-2.936928987200E-2));
#5366=AXIS2_PLACEMENT_3D('',#5363,#5364,#5365);
#5367=TOROIDAL_SURFACE('',#5366,6.039504928581E0,3.E-1);
#5368=ORIENTED_EDGE('',*,*,#3737,.T.);
#5370=ORIENTED_EDGE('',*,*,#5369,.T.);
#5371=ORIENTED_EDGE('',*,*,#5353,.F.);
#5373=ORIENTED_EDGE('',*,*,#5372,.F.);
#5374=EDGE_LOOP('',(#5368,#5370,#5371,#5373));
#5375=FACE_OUTER_BOUND('',#5374,.F.);
#5376=ADVANCED_FACE('',(#5375),#5367,.T.);
#5377=CARTESIAN_POINT('',(5.315826949825E1,4.870860543501E1,1.161789287228E1));
#5378=DIRECTION('',(2.304800857119E-1,9.506059430235E-1,-2.079116908178E-1));
#5379=DIRECTION('',(-9.699339289324E-1,2.415897727929E-1,2.936928987200E-2));
#5380=AXIS2_PLACEMENT_3D('',#5377,#5378,#5379);
#5381=TOROIDAL_SURFACE('',#5380,6.039504928581E0,3.E-1);
#5382=ORIENTED_EDGE('',*,*,#3735,.T.);
#5383=ORIENTED_EDGE('',*,*,#5372,.T.);
#5385=ORIENTED_EDGE('',*,*,#5384,.F.);
#5386=ORIENTED_EDGE('',*,*,#5369,.F.);
#5387=EDGE_LOOP('',(#5382,#5383,#5385,#5386));
#5388=FACE_OUTER_BOUND('',#5387,.F.);
#5389=ADVANCED_FACE('',(#5388),#5381,.T.);
#5390=CARTESIAN_POINT('',(5.296417082309E1,4.790805317223E1,1.179298558632E1));
#5391=DIRECTION('',(2.304800857119E-1,9.506059430235E-1,-2.079116908178E-1));
#5392=DIRECTION('',(-9.718430452728E-1,2.356291479313E-1,0.E0));
#5393=AXIS2_PLACEMENT_3D('',#5390,#5391,#5392);
#5394=CONICAL_SURFACE('',#5393,5.694958042795E0,3.E0);
#5395=ORIENTED_EDGE('',*,*,#5384,.T.);
#5396=ORIENTED_EDGE('',*,*,#5358,.T.);
#5397=ORIENTED_EDGE('',*,*,#5321,.T.);
#5398=ORIENTED_EDGE('',*,*,#5355,.F.);
#5399=EDGE_LOOP('',(#5395,#5396,#5397,#5398));
#5400=FACE_OUTER_BOUND('',#5399,.F.);
#5401=ADVANCED_FACE('',(#5400),#5394,.F.);
#5402=CARTESIAN_POINT('',(7.198721099608E1,3.842384607782E1,-1.048239335470E1));
#5403=DIRECTION('',(2.304800857119E-1,9.506059430235E-1,-2.079116908178E-1));
#5404=DIRECTION('',(-9.718430452728E-1,2.356291479313E-1,0.E0));
#5405=AXIS2_PLACEMENT_3D('',#5402,#5403,#5404);
#5406=CONICAL_SURFACE('',#5405,5.694958042795E0,3.E0);
#5408=ORIENTED_EDGE('',*,*,#5407,.T.);
#5410=ORIENTED_EDGE('',*,*,#5409,.T.);
#5411=ORIENTED_EDGE('',*,*,#5335,.T.);
#5413=ORIENTED_EDGE('',*,*,#5412,.F.);
#5414=EDGE_LOOP('',(#5408,#5410,#5411,#5413));
#5415=FACE_OUTER_BOUND('',#5414,.F.);
#5416=ADVANCED_FACE('',(#5415),#5406,.F.);
#5417=CARTESIAN_POINT('',(7.218130967125E1,3.922439834060E1,-1.065748606874E1));
#5418=DIRECTION('',(2.304800857119E-1,9.506059430235E-1,-2.079116908178E-1));
#5419=DIRECTION('',(9.699339289324E-1,-2.415897727929E-1,-2.936928987200E-2));
#5420=AXIS2_PLACEMENT_3D('',#5417,#5418,#5419);
#5421=TOROIDAL_SURFACE('',#5420,6.039504928581E0,3.E-1);
#5422=ORIENTED_EDGE('',*,*,#3743,.T.);
#5424=ORIENTED_EDGE('',*,*,#5423,.T.);
#5425=ORIENTED_EDGE('',*,*,#5407,.F.);
#5427=ORIENTED_EDGE('',*,*,#5426,.F.);
#5428=EDGE_LOOP('',(#5422,#5424,#5425,#5427));
#5429=FACE_OUTER_BOUND('',#5428,.F.);
#5430=ADVANCED_FACE('',(#5429),#5421,.T.);
#5431=CARTESIAN_POINT('',(7.218130967125E1,3.922439834060E1,-1.065748606874E1));
#5432=DIRECTION('',(2.304800857119E-1,9.506059430235E-1,-2.079116908178E-1));
#5433=DIRECTION('',(-9.699339289324E-1,2.415897727929E-1,2.936928987200E-2));
#5434=AXIS2_PLACEMENT_3D('',#5431,#5432,#5433);
#5435=TOROIDAL_SURFACE('',#5434,6.039504928581E0,3.E-1);
#5436=ORIENTED_EDGE('',*,*,#3741,.T.);
#5437=ORIENTED_EDGE('',*,*,#5426,.T.);
#5439=ORIENTED_EDGE('',*,*,#5438,.F.);
#5440=ORIENTED_EDGE('',*,*,#5423,.F.);
#5441=EDGE_LOOP('',(#5436,#5437,#5439,#5440));
#5442=FACE_OUTER_BOUND('',#5441,.F.);
#5443=ADVANCED_FACE('',(#5442),#5435,.T.);
#5444=CARTESIAN_POINT('',(7.198721099608E1,3.842384607782E1,-1.048239335470E1));
#5445=DIRECTION('',(2.304800857119E-1,9.506059430235E-1,-2.079116908178E-1));
#5446=DIRECTION('',(-9.718430452728E-1,2.356291479313E-1,0.E0));
#5447=AXIS2_PLACEMENT_3D('',#5444,#5445,#5446);
#5448=CONICAL_SURFACE('',#5447,5.694958042795E0,3.E0);
#5449=ORIENTED_EDGE('',*,*,#5438,.T.);
#5450=ORIENTED_EDGE('',*,*,#5412,.T.);
#5451=ORIENTED_EDGE('',*,*,#5337,.T.);
#5452=ORIENTED_EDGE('',*,*,#5409,.F.);
#5453=EDGE_LOOP('',(#5449,#5450,#5451,#5452));
#5454=FACE_OUTER_BOUND('',#5453,.F.);
#5455=ADVANCED_FACE('',(#5454),#5448,.F.);
#5456=CARTESIAN_POINT('',(7.145529740125E1,3.622998962008E1,-1.000256424266E1));
#5457=DIRECTION('',(-2.304800857119E-1,-9.506059430235E-1,2.079116908178E-1));
#5458=DIRECTION('',(9.718430452728E-1,-2.356291479313E-1,0.E0));
#5459=AXIS2_PLACEMENT_3D('',#5456,#5457,#5458);
#5460=CONICAL_SURFACE('',#5459,3.125309844146E0,1.E0);
#5461=ORIENTED_EDGE('',*,*,#5223,.T.);
#5463=ORIENTED_EDGE('',*,*,#5462,.F.);
#5464=ORIENTED_EDGE('',*,*,#5341,.F.);
#5466=ORIENTED_EDGE('',*,*,#5465,.T.);
#5467=EDGE_LOOP('',(#5461,#5463,#5464,#5466));
#5468=FACE_OUTER_BOUND('',#5467,.F.);
#5469=ADVANCED_FACE('',(#5468),#5460,.F.);
#5470=CARTESIAN_POINT('',(7.145529740125E1,3.622998962008E1,-1.000256424266E1));
#5471=DIRECTION('',(-2.304800857119E-1,-9.506059430235E-1,2.079116908178E-1));
#5472=DIRECTION('',(9.718430452728E-1,-2.356291479313E-1,0.E0));
#5473=AXIS2_PLACEMENT_3D('',#5470,#5471,#5472);
#5474=CONICAL_SURFACE('',#5473,3.125309844146E0,1.E0);
#5475=ORIENTED_EDGE('',*,*,#5225,.T.);
#5476=ORIENTED_EDGE('',*,*,#5465,.F.);
#5477=ORIENTED_EDGE('',*,*,#5343,.F.);
#5478=ORIENTED_EDGE('',*,*,#5462,.T.);
#5479=EDGE_LOOP('',(#5475,#5476,#5477,#5478));
#5480=FACE_OUTER_BOUND('',#5479,.F.);
#5481=ADVANCED_FACE('',(#5480),#5474,.F.);
#5482=CARTESIAN_POINT('',(7.661716325313E1,3.482981091198E1,-1.525147984211E1));
#5483=DIRECTION('',(4.333705794700E-3,2.301499455250E-1,9.731455294913E-1));
#5484=DIRECTION('',(-9.730769924160E-1,2.252259961567E-1,-4.893278538765E-2));
#5485=AXIS2_PLACEMENT_3D('',#5482,#5483,#5484);
#5486=PLANE('',#5485);
#5487=ORIENTED_EDGE('',*,*,#5191,.F.);
#5489=ORIENTED_EDGE('',*,*,#5488,.T.);
#5490=ORIENTED_EDGE('',*,*,#4228,.T.);
#5491=ORIENTED_EDGE('',*,*,#5155,.F.);
#5492=EDGE_LOOP('',(#5487,#5489,#5490,#5491));
#5493=FACE_OUTER_BOUND('',#5492,.F.);
#5494=ADVANCED_FACE('',(#5493),#5486,.F.);
#5495=CARTESIAN_POINT('',(7.566497743570E1,3.781517951472E1,-2.657434472323E0));
#5496=DIRECTION('',(-9.769512202368E-1,2.086013123616E-1,-4.529686257083E-2));
#5497=DIRECTION('',(-3.112322019233E-4,-2.135921359306E-1,-9.769228744395E-1));
#5498=AXIS2_PLACEMENT_3D('',#5495,#5496,#5497);
#5499=PLANE('',#5498);
#5500=ORIENTED_EDGE('',*,*,#4230,.F.);
#5501=ORIENTED_EDGE('',*,*,#5488,.F.);
#5502=ORIENTED_EDGE('',*,*,#5219,.F.);
#5504=ORIENTED_EDGE('',*,*,#5503,.F.);
#5506=ORIENTED_EDGE('',*,*,#5505,.T.);
#5508=ORIENTED_EDGE('',*,*,#5507,.T.);
#5509=EDGE_LOOP('',(#5500,#5501,#5502,#5504,#5506,#5508));
#5510=FACE_OUTER_BOUND('',#5509,.F.);
#5511=ADVANCED_FACE('',(#5510),#5499,.T.);
#5512=CARTESIAN_POINT('',(7.566497743570E1,3.781517951472E1,-2.657434472323E0));
#5513=DIRECTION('',(-9.769512202368E-1,2.086013123616E-1,-4.529686257083E-2));
#5514=DIRECTION('',(-3.112322019233E-4,-2.135921359306E-1,-9.769228744395E-1));
#5515=AXIS2_PLACEMENT_3D('',#5512,#5513,#5514);
#5516=PLANE('',#5515);
#5517=ORIENTED_EDGE('',*,*,#5207,.F.);
#5519=ORIENTED_EDGE('',*,*,#5518,.T.);
#5520=ORIENTED_EDGE('',*,*,#4242,.F.);
#5522=ORIENTED_EDGE('',*,*,#5521,.F.);
#5524=ORIENTED_EDGE('',*,*,#5523,.T.);
#5526=ORIENTED_EDGE('',*,*,#5525,.T.);
#5527=EDGE_LOOP('',(#5517,#5519,#5520,#5522,#5524,#5526));
#5528=FACE_OUTER_BOUND('',#5527,.F.);
#5529=ADVANCED_FACE('',(#5528),#5516,.T.);
#5530=CARTESIAN_POINT('',(6.349685522167E1,3.795206937278E1,-1.552049920772E1));
#5531=DIRECTION('',(3.711247331792E-3,-1.969692435344E-1,-9.804026436851E-1));
#5532=DIRECTION('',(9.730769924445E-1,-2.252259766481E-1,4.893287461586E-2));
#5533=AXIS2_PLACEMENT_3D('',#5530,#5531,#5532);
#5534=PLANE('',#5533);
#5536=ORIENTED_EDGE('',*,*,#5535,.F.);
#5538=ORIENTED_EDGE('',*,*,#5537,.T.);
#5539=ORIENTED_EDGE('',*,*,#5194,.T.);
#5540=ORIENTED_EDGE('',*,*,#5162,.F.);
#5541=EDGE_LOOP('',(#5536,#5538,#5539,#5540));
#5542=FACE_OUTER_BOUND('',#5541,.F.);
#5543=ADVANCED_FACE('',(#5542),#5534,.F.);
#5544=CARTESIAN_POINT('',(6.349685522167E1,3.795206937278E1,-1.552049920772E1));
#5545=DIRECTION('',(3.711247331792E-3,-1.969692435344E-1,-9.804026436851E-1));
#5546=DIRECTION('',(9.730769924445E-1,-2.252259766481E-1,4.893287461586E-2));
#5547=AXIS2_PLACEMENT_3D('',#5544,#5545,#5546);
#5548=PLANE('',#5547);
#5550=ORIENTED_EDGE('',*,*,#5549,.F.);
#5551=ORIENTED_EDGE('',*,*,#5503,.T.);
#5552=ORIENTED_EDGE('',*,*,#5217,.T.);
#5554=ORIENTED_EDGE('',*,*,#5553,.F.);
#5555=EDGE_LOOP('',(#5550,#5551,#5552,#5554));
#5556=FACE_OUTER_BOUND('',#5555,.F.);
#5557=ADVANCED_FACE('',(#5556),#5548,.F.);
#5558=CARTESIAN_POINT('',(5.264257328805E1,3.888880747228E1,2.976251176146E-1));
#5559=DIRECTION('',(-2.304800857119E-1,-9.506059430235E-1,2.079116908178E-1));
#5560=DIRECTION('',(-8.378843015865E-1,8.522927036118E-2,-5.391529176668E-1));
#5561=AXIS2_PLACEMENT_3D('',#5558,#5559,#5560);
#5562=PLANE('',#5561);
#5564=ORIENTED_EDGE('',*,*,#5563,.T.);
#5565=ORIENTED_EDGE('',*,*,#5523,.F.);
#5567=ORIENTED_EDGE('',*,*,#5566,.F.);
#5568=ORIENTED_EDGE('',*,*,#5179,.F.);
#5570=ORIENTED_EDGE('',*,*,#5569,.T.);
#5572=ORIENTED_EDGE('',*,*,#5571,.F.);
#5574=ORIENTED_EDGE('',*,*,#5573,.F.);
#5576=ORIENTED_EDGE('',*,*,#5575,.F.);
#5577=EDGE_LOOP('',(#5564,#5565,#5567,#5568,#5570,#5572,#5574,#5576));
#5578=FACE_OUTER_BOUND('',#5577,.F.);
#5579=ADVANCED_FACE('',(#5578),#5562,.T.);
#5580=CARTESIAN_POINT('',(5.264257328805E1,3.888880747228E1,2.976251176146E-1));
#5581=DIRECTION('',(-2.304800857119E-1,-9.506059430235E-1,2.079116908178E-1));
#5582=DIRECTION('',(-8.378843015865E-1,8.522927036118E-2,-5.391529176668E-1));
#5583=AXIS2_PLACEMENT_3D('',#5580,#5581,#5582);
#5584=PLANE('',#5583);
#5586=ORIENTED_EDGE('',*,*,#5585,.T.);
#5588=ORIENTED_EDGE('',*,*,#5587,.F.);
#5590=ORIENTED_EDGE('',*,*,#5589,.F.);
#5592=ORIENTED_EDGE('',*,*,#5591,.F.);
#5594=ORIENTED_EDGE('',*,*,#5593,.F.);
#5595=EDGE_LOOP('',(#5586,#5588,#5590,#5592,#5594));
#5596=FACE_OUTER_BOUND('',#5595,.F.);
#5597=ADVANCED_FACE('',(#5596),#5584,.T.);
#5598=CARTESIAN_POINT('',(5.264257328805E1,3.888880747228E1,2.976251176146E-1));
#5599=DIRECTION('',(-2.304800857119E-1,-9.506059430235E-1,2.079116908178E-1));
#5600=DIRECTION('',(-8.378843015865E-1,8.522927036118E-2,-5.391529176668E-1));
#5601=AXIS2_PLACEMENT_3D('',#5598,#5599,#5600);
#5602=PLANE('',#5601);
#5604=ORIENTED_EDGE('',*,*,#5603,.T.);
#5606=ORIENTED_EDGE('',*,*,#5605,.F.);
#5608=ORIENTED_EDGE('',*,*,#5607,.F.);
#5610=ORIENTED_EDGE('',*,*,#5609,.F.);
#5612=ORIENTED_EDGE('',*,*,#5611,.T.);
#5614=ORIENTED_EDGE('',*,*,#5613,.F.);
#5616=ORIENTED_EDGE('',*,*,#5615,.F.);
#5618=ORIENTED_EDGE('',*,*,#5617,.F.);
#5619=EDGE_LOOP('',(#5604,#5606,#5608,#5610,#5612,#5614,#5616,#5618));
#5620=FACE_OUTER_BOUND('',#5619,.F.);
#5621=ADVANCED_FACE('',(#5620),#5602,.T.);
#5622=CARTESIAN_POINT('',(5.264257328805E1,3.888880747228E1,2.976251176146E-1));
#5623=DIRECTION('',(-2.304800857119E-1,-9.506059430235E-1,2.079116908178E-1));
#5624=DIRECTION('',(-8.378843015865E-1,8.522927036118E-2,-5.391529176668E-1));
#5625=AXIS2_PLACEMENT_3D('',#5622,#5623,#5624);
#5626=PLANE('',#5625);
#5628=ORIENTED_EDGE('',*,*,#5627,.F.);
#5630=ORIENTED_EDGE('',*,*,#5629,.F.);
#5632=ORIENTED_EDGE('',*,*,#5631,.F.);
#5634=ORIENTED_EDGE('',*,*,#5633,.F.);
#5636=ORIENTED_EDGE('',*,*,#5635,.T.);
#5638=ORIENTED_EDGE('',*,*,#5637,.F.);
#5639=EDGE_LOOP('',(#5628,#5630,#5632,#5634,#5636,#5638));
#5640=FACE_OUTER_BOUND('',#5639,.F.);
#5641=ADVANCED_FACE('',(#5640),#5626,.T.);
#5642=CARTESIAN_POINT('',(5.264257328805E1,3.888880747228E1,2.976251176146E-1));
#5643=DIRECTION('',(-2.304800857119E-1,-9.506059430235E-1,2.079116908178E-1));
#5644=DIRECTION('',(-8.378843015865E-1,8.522927036118E-2,-5.391529176668E-1));
#5645=AXIS2_PLACEMENT_3D('',#5642,#5643,#5644);
#5646=PLANE('',#5645);
#5648=ORIENTED_EDGE('',*,*,#5647,.F.);
#5650=ORIENTED_EDGE('',*,*,#5649,.F.);
#5652=ORIENTED_EDGE('',*,*,#5651,.F.);
#5653=ORIENTED_EDGE('',*,*,#5535,.T.);
#5654=ORIENTED_EDGE('',*,*,#5160,.F.);
#5656=ORIENTED_EDGE('',*,*,#5655,.F.);
#5657=ORIENTED_EDGE('',*,*,#5505,.F.);
#5658=ORIENTED_EDGE('',*,*,#5549,.T.);
#5660=ORIENTED_EDGE('',*,*,#5659,.F.);
#5661=EDGE_LOOP('',(#5648,#5650,#5652,#5653,#5654,#5656,#5657,#5658,#5660));
#5662=FACE_OUTER_BOUND('',#5661,.F.);
#5663=ADVANCED_FACE('',(#5662),#5646,.T.);
#5664=CARTESIAN_POINT('',(7.984917535603E1,3.630384320015E1,-4.929124849002E0));
#5665=DIRECTION('',(4.333794658106E-3,2.301499249569E-1,9.731455339600E-1));
#5666=DIRECTION('',(-9.730769923876E-1,2.252260156654E-1,-4.893269615944E-2));
#5667=AXIS2_PLACEMENT_3D('',#5664,#5665,#5666);
#5668=PLANE('',#5667);
#5669=ORIENTED_EDGE('',*,*,#5563,.F.);
#5671=ORIENTED_EDGE('',*,*,#5670,.T.);
#5672=ORIENTED_EDGE('',*,*,#5209,.T.);
#5673=ORIENTED_EDGE('',*,*,#5525,.F.);
#5674=EDGE_LOOP('',(#5669,#5671,#5672,#5673));
#5675=FACE_OUTER_BOUND('',#5674,.F.);
#5676=ADVANCED_FACE('',(#5675),#5668,.F.);
#5677=CARTESIAN_POINT('',(7.984917535603E1,3.630384320015E1,-4.929124849002E0));
#5678=DIRECTION('',(4.333794658106E-3,2.301499249569E-1,9.731455339600E-1));
#5679=DIRECTION('',(-9.730769923876E-1,2.252260156654E-1,-4.893269615944E-2));
#5680=AXIS2_PLACEMENT_3D('',#5677,#5678,#5679);
#5681=PLANE('',#5680);
#5682=ORIENTED_EDGE('',*,*,#5569,.F.);
#5683=ORIENTED_EDGE('',*,*,#5177,.T.);
#5684=ORIENTED_EDGE('',*,*,#5202,.T.);
#5686=ORIENTED_EDGE('',*,*,#5685,.F.);
#5687=EDGE_LOOP('',(#5682,#5683,#5684,#5686));
#5688=FACE_OUTER_BOUND('',#5687,.F.);
#5689=ADVANCED_FACE('',(#5688),#5681,.F.);
#5690=CARTESIAN_POINT('',(7.663304933392E1,3.415506229524E1,-1.831892937969E1));
#5691=DIRECTION('',(9.689063559738E-1,-2.417820349203E-1,5.255398123326E-2));
#5692=DIRECTION('',(3.112322019240E-4,2.135921359306E-1,9.769228744395E-1));
#5693=AXIS2_PLACEMENT_3D('',#5690,#5691,#5692);
#5694=PLANE('',#5693);
#5695=ORIENTED_EDGE('',*,*,#5211,.F.);
#5696=ORIENTED_EDGE('',*,*,#5670,.F.);
#5697=ORIENTED_EDGE('',*,*,#5575,.T.);
#5699=ORIENTED_EDGE('',*,*,#5698,.T.);
#5700=ORIENTED_EDGE('',*,*,#4341,.F.);
#5702=ORIENTED_EDGE('',*,*,#5701,.T.);
#5703=EDGE_LOOP('',(#5695,#5696,#5697,#5699,#5700,#5702));
#5704=FACE_OUTER_BOUND('',#5703,.F.);
#5705=ADVANCED_FACE('',(#5704),#5694,.T.);
#5706=CARTESIAN_POINT('',(7.663304933392E1,3.415506229524E1,-1.831892937969E1));
#5707=DIRECTION('',(9.689063559738E-1,-2.417820349203E-1,5.255398123326E-2));
#5708=DIRECTION('',(3.112322019240E-4,2.135921359306E-1,9.769228744395E-1));
#5709=AXIS2_PLACEMENT_3D('',#5706,#5707,#5708);
#5710=PLANE('',#5709);
#5712=ORIENTED_EDGE('',*,*,#5711,.F.);
#5713=ORIENTED_EDGE('',*,*,#5659,.T.);
#5714=ORIENTED_EDGE('',*,*,#5553,.T.);
#5715=ORIENTED_EDGE('',*,*,#5215,.F.);
#5717=ORIENTED_EDGE('',*,*,#5716,.F.);
#5718=ORIENTED_EDGE('',*,*,#4337,.F.);
#5719=EDGE_LOOP('',(#5712,#5713,#5714,#5715,#5717,#5718));
#5720=FACE_OUTER_BOUND('',#5719,.F.);
#5721=ADVANCED_FACE('',(#5720),#5710,.T.);
#5722=CARTESIAN_POINT('',(7.755352196749E1,3.739071535381E1,-2.504611167995E0));
#5723=DIRECTION('',(-3.711158468388E-3,1.969692229663E-1,9.804026481537E-1));
#5724=DIRECTION('',(-9.730769924160E-1,2.252259961567E-1,-4.893278538765E-2));
#5725=AXIS2_PLACEMENT_3D('',#5722,#5723,#5724);
#5726=PLANE('',#5725);
#5727=ORIENTED_EDGE('',*,*,#4343,.F.);
#5728=ORIENTED_EDGE('',*,*,#5698,.F.);
#5729=ORIENTED_EDGE('',*,*,#5573,.T.);
#5731=ORIENTED_EDGE('',*,*,#5730,.T.);
#5732=EDGE_LOOP('',(#5727,#5728,#5729,#5731));
#5733=FACE_OUTER_BOUND('',#5732,.F.);
#5734=ADVANCED_FACE('',(#5733),#5726,.T.);
#5735=CARTESIAN_POINT('',(6.671298035548E1,4.010085081117E1,-2.130693222555E0));
#5736=DIRECTION('',(-9.769512202368E-1,2.086013123616E-1,-4.529686257083E-2));
#5737=DIRECTION('',(-3.112322019232E-4,-2.135921359306E-1,-9.769228744395E-1));
#5738=AXIS2_PLACEMENT_3D('',#5735,#5736,#5737);
#5739=PLANE('',#5738);
#5740=ORIENTED_EDGE('',*,*,#5200,.T.);
#5742=ORIENTED_EDGE('',*,*,#5741,.F.);
#5743=ORIENTED_EDGE('',*,*,#4345,.F.);
#5744=ORIENTED_EDGE('',*,*,#5730,.F.);
#5745=ORIENTED_EDGE('',*,*,#5571,.T.);
#5746=ORIENTED_EDGE('',*,*,#5685,.T.);
#5747=EDGE_LOOP('',(#5740,#5742,#5743,#5744,#5745,#5746));
#5748=FACE_OUTER_BOUND('',#5747,.F.);
#5749=ADVANCED_FACE('',(#5748),#5739,.T.);
#5750=CARTESIAN_POINT('',(6.671298035548E1,4.010085081117E1,-2.130693222555E0));
#5751=DIRECTION('',(-9.769512202368E-1,2.086013123616E-1,-4.529686257083E-2));
#5752=DIRECTION('',(-3.112322019232E-4,-2.135921359306E-1,-9.769228744395E-1));
#5753=AXIS2_PLACEMENT_3D('',#5750,#5751,#5752);
#5754=PLANE('',#5753);
#5755=ORIENTED_EDGE('',*,*,#5196,.T.);
#5756=ORIENTED_EDGE('',*,*,#5537,.F.);
#5757=ORIENTED_EDGE('',*,*,#5651,.T.);
#5759=ORIENTED_EDGE('',*,*,#5758,.T.);
#5760=ORIENTED_EDGE('',*,*,#4349,.F.);
#5762=ORIENTED_EDGE('',*,*,#5761,.T.);
#5763=EDGE_LOOP('',(#5755,#5756,#5757,#5759,#5760,#5762));
#5764=FACE_OUTER_BOUND('',#5763,.F.);
#5765=ADVANCED_FACE('',(#5764),#5754,.T.);
#5766=CARTESIAN_POINT('',(7.139767737983E1,3.599233813432E1,-9.950586319955E0));
#5767=DIRECTION('',(2.304800857119E-1,9.506059430235E-1,-2.079116908178E-1));
#5768=DIRECTION('',(9.718430452728E-1,-2.356291479313E-1,0.E0));
#5769=AXIS2_PLACEMENT_3D('',#5766,#5767,#5768);
#5770=CONICAL_SURFACE('',#5769,6.979053922086E0,1.E0);
#5771=ORIENTED_EDGE('',*,*,#5761,.F.);
#5772=ORIENTED_EDGE('',*,*,#4347,.T.);
#5773=ORIENTED_EDGE('',*,*,#5741,.T.);
#5774=ORIENTED_EDGE('',*,*,#5198,.T.);
#5775=EDGE_LOOP('',(#5771,#5772,#5773,#5774));
#5776=FACE_OUTER_BOUND('',#5775,.F.);
#5777=ADVANCED_FACE('',(#5776),#5770,.T.);
#5778=CARTESIAN_POINT('',(7.139767737983E1,3.599233813432E1,-9.950586319955E0));
#5779=DIRECTION('',(2.304800857119E-1,9.506059430235E-1,-2.079116908178E-1));
#5780=DIRECTION('',(9.718430452728E-1,-2.356291479313E-1,0.E0));
#5781=AXIS2_PLACEMENT_3D('',#5778,#5779,#5780);
#5782=CONICAL_SURFACE('',#5781,6.979053922086E0,1.E0);
#5783=ORIENTED_EDGE('',*,*,#5716,.T.);
#5784=ORIENTED_EDGE('',*,*,#5213,.T.);
#5785=ORIENTED_EDGE('',*,*,#5701,.F.);
#5786=ORIENTED_EDGE('',*,*,#4339,.T.);
#5787=EDGE_LOOP('',(#5783,#5784,#5785,#5786));
#5788=FACE_OUTER_BOUND('',#5787,.F.);
#5789=ADVANCED_FACE('',(#5788),#5782,.T.);
#5790=CARTESIAN_POINT('',(6.579250772191E1,3.686519775260E1,-1.794501143425E1));
#5791=DIRECTION('',(-4.333705794700E-3,-2.301499455250E-1,-9.731455294913E-1));
#5792=DIRECTION('',(9.730769924160E-1,-2.252259961567E-1,4.893278538765E-2));
#5793=AXIS2_PLACEMENT_3D('',#5790,#5791,#5792);
#5794=PLANE('',#5793);
#5796=ORIENTED_EDGE('',*,*,#5795,.T.);
#5797=ORIENTED_EDGE('',*,*,#4333,.F.);
#5798=ORIENTED_EDGE('',*,*,#5758,.F.);
#5799=ORIENTED_EDGE('',*,*,#5649,.T.);
#5800=EDGE_LOOP('',(#5796,#5797,#5798,#5799));
#5801=FACE_OUTER_BOUND('',#5800,.F.);
#5802=ADVANCED_FACE('',(#5801),#5794,.T.);
#5803=CARTESIAN_POINT('',(7.460951728391E1,3.268524764533E1,-1.549849337620E1));
#5804=DIRECTION('',(2.304800857119E-1,9.506059430235E-1,-2.079116908178E-1));
#5805=DIRECTION('',(9.730769924445E-1,-2.252259766481E-1,4.893287461586E-2));
#5806=AXIS2_PLACEMENT_3D('',#5803,#5804,#5805);
#5807=CONICAL_SURFACE('',#5806,1.457235090926E0,1.E0);
#5808=ORIENTED_EDGE('',*,*,#5795,.F.);
#5809=ORIENTED_EDGE('',*,*,#5647,.T.);
#5810=ORIENTED_EDGE('',*,*,#5711,.T.);
#5811=ORIENTED_EDGE('',*,*,#4335,.T.);
#5812=EDGE_LOOP('',(#5808,#5809,#5810,#5811));
#5813=FACE_OUTER_BOUND('',#5812,.F.);
#5814=ADVANCED_FACE('',(#5813),#5807,.T.);
#5815=CARTESIAN_POINT('',(6.677000420791E1,3.967297755502E1,-4.023785410936E0));
#5816=DIRECTION('',(-4.333705794700E-3,-2.301499455250E-1,-9.731455294913E-1));
#5817=DIRECTION('',(9.730769924160E-1,-2.252259961567E-1,4.893278538765E-2));
#5818=AXIS2_PLACEMENT_3D('',#5815,#5816,#5817);
#5819=PLANE('',#5818);
#5820=ORIENTED_EDGE('',*,*,#4248,.F.);
#5821=ORIENTED_EDGE('',*,*,#5181,.F.);
#5822=ORIENTED_EDGE('',*,*,#5566,.T.);
#5823=ORIENTED_EDGE('',*,*,#5521,.T.);
#5824=EDGE_LOOP('',(#5820,#5821,#5822,#5823));
#5825=FACE_OUTER_BOUND('',#5824,.F.);
#5826=ADVANCED_FACE('',(#5825),#5819,.T.);
#5827=CARTESIAN_POINT('',(6.242276179604E1,4.236894877783E1,1.502686752417E1));
#5828=DIRECTION('',(8.354770421770E-3,2.466376697877E-1,9.690717505185E-1));
#5829=DIRECTION('',(-9.730769924160E-1,2.252259961567E-1,-4.893278538765E-2));
#5830=AXIS2_PLACEMENT_3D('',#5827,#5828,#5829);
#5831=PLANE('',#5830);
#5832=ORIENTED_EDGE('',*,*,#5635,.F.);
#5834=ORIENTED_EDGE('',*,*,#5833,.T.);
#5835=ORIENTED_EDGE('',*,*,#5273,.T.);
#5837=ORIENTED_EDGE('',*,*,#5836,.F.);
#5838=EDGE_LOOP('',(#5832,#5834,#5835,#5837));
#5839=FACE_OUTER_BOUND('',#5838,.F.);
#5840=ADVANCED_FACE('',(#5839),#5831,.F.);
#5841=CARTESIAN_POINT('',(6.242276179604E1,4.236894877783E1,1.502686752417E1));
#5842=DIRECTION('',(8.354770421770E-3,2.466376697877E-1,9.690717505185E-1));
#5843=DIRECTION('',(-9.730769924160E-1,2.252259961567E-1,-4.893278538765E-2));
#5844=AXIS2_PLACEMENT_3D('',#5841,#5842,#5843);
#5845=PLANE('',#5844);
#5846=ORIENTED_EDGE('',*,*,#5585,.F.);
#5848=ORIENTED_EDGE('',*,*,#5847,.T.);
#5849=ORIENTED_EDGE('',*,*,#5259,.T.);
#5851=ORIENTED_EDGE('',*,*,#5850,.F.);
#5852=EDGE_LOOP('',(#5846,#5848,#5849,#5851));
#5853=FACE_OUTER_BOUND('',#5852,.F.);
#5854=ADVANCED_FACE('',(#5853),#5845,.F.);
#5855=CARTESIAN_POINT('',(5.761022178734E1,4.364014635852E1,3.960694911751E0));
#5856=DIRECTION('',(9.689063559738E-1,-2.417820349203E-1,5.255398123326E-2));
#5857=DIRECTION('',(3.112322019236E-4,2.135921359306E-1,9.769228744395E-1));
#5858=AXIS2_PLACEMENT_3D('',#5855,#5856,#5857);
#5859=PLANE('',#5858);
#5860=ORIENTED_EDGE('',*,*,#5239,.T.);
#5862=ORIENTED_EDGE('',*,*,#5861,.F.);
#5863=ORIENTED_EDGE('',*,*,#4313,.F.);
#5865=ORIENTED_EDGE('',*,*,#5864,.F.);
#5866=ORIENTED_EDGE('',*,*,#5613,.T.);
#5868=ORIENTED_EDGE('',*,*,#5867,.T.);
#5869=EDGE_LOOP('',(#5860,#5862,#5863,#5865,#5866,#5868));
#5870=FACE_OUTER_BOUND('',#5869,.F.);
#5871=ADVANCED_FACE('',(#5870),#5859,.T.);
#5872=CARTESIAN_POINT('',(5.761022178734E1,4.364014635852E1,3.960694911751E0));
#5873=DIRECTION('',(9.689063559738E-1,-2.417820349203E-1,5.255398123326E-2));
#5874=DIRECTION('',(3.112322019236E-4,2.135921359306E-1,9.769228744395E-1));
#5875=AXIS2_PLACEMENT_3D('',#5872,#5873,#5874);
#5876=PLANE('',#5875);
#5878=ORIENTED_EDGE('',*,*,#5877,.F.);
#5879=ORIENTED_EDGE('',*,*,#5275,.T.);
#5880=ORIENTED_EDGE('',*,*,#5833,.F.);
#5881=ORIENTED_EDGE('',*,*,#5633,.T.);
#5882=EDGE_LOOP('',(#5878,#5879,#5880,#5881));
#5883=FACE_OUTER_BOUND('',#5882,.F.);
#5884=ADVANCED_FACE('',(#5883),#5876,.T.);
#5885=CARTESIAN_POINT('',(5.237447161337E1,4.547586224511E1,1.232148634101E1));
#5886=DIRECTION('',(2.304800857119E-1,9.506059430235E-1,-2.079116908178E-1));
#5887=DIRECTION('',(9.718430452728E-1,-2.356291479313E-1,0.E0));
#5888=AXIS2_PLACEMENT_3D('',#5885,#5886,#5887);
#5889=CONICAL_SURFACE('',#5888,6.979053922086E0,1.E0);
#5890=ORIENTED_EDGE('',*,*,#5267,.T.);
#5892=ORIENTED_EDGE('',*,*,#5891,.F.);
#5893=ORIENTED_EDGE('',*,*,#4303,.T.);
#5895=ORIENTED_EDGE('',*,*,#5894,.T.);
#5896=EDGE_LOOP('',(#5890,#5892,#5893,#5895));
#5897=FACE_OUTER_BOUND('',#5896,.F.);
#5898=ADVANCED_FACE('',(#5897),#5889,.T.);
#5899=CARTESIAN_POINT('',(5.237447161337E1,4.547586224511E1,1.232148634101E1));
#5900=DIRECTION('',(2.304800857119E-1,9.506059430235E-1,-2.079116908178E-1));
#5901=DIRECTION('',(9.718430452728E-1,-2.356291479313E-1,0.E0));
#5902=AXIS2_PLACEMENT_3D('',#5899,#5900,#5901);
#5903=CONICAL_SURFACE('',#5902,6.979053922086E0,1.E0);
#5905=ORIENTED_EDGE('',*,*,#5904,.F.);
#5906=ORIENTED_EDGE('',*,*,#4307,.T.);
#5908=ORIENTED_EDGE('',*,*,#5907,.F.);
#5909=ORIENTED_EDGE('',*,*,#5253,.T.);
#5910=EDGE_LOOP('',(#5905,#5906,#5908,#5909));
#5911=FACE_OUTER_BOUND('',#5910,.F.);
#5912=ADVANCED_FACE('',(#5911),#5903,.T.);
#5913=CARTESIAN_POINT('',(5.237447161337E1,4.547586224511E1,1.232148634101E1));
#5914=DIRECTION('',(2.304800857119E-1,9.506059430235E-1,-2.079116908178E-1));
#5915=DIRECTION('',(9.718430452728E-1,-2.356291479313E-1,0.E0));
#5916=AXIS2_PLACEMENT_3D('',#5913,#5914,#5915);
#5917=CONICAL_SURFACE('',#5916,6.979053922086E0,1.E0);
#5919=ORIENTED_EDGE('',*,*,#5918,.F.);
#5920=ORIENTED_EDGE('',*,*,#4315,.T.);
#5921=ORIENTED_EDGE('',*,*,#5861,.T.);
#5922=ORIENTED_EDGE('',*,*,#5237,.T.);
#5923=EDGE_LOOP('',(#5919,#5920,#5921,#5922));
#5924=FACE_OUTER_BOUND('',#5923,.F.);
#5925=ADVANCED_FACE('',(#5924),#5917,.T.);
#5926=CARTESIAN_POINT('',(4.773186535600E1,4.397231290539E1,1.856783434E1));
#5927=CARTESIAN_POINT('',(4.809936323097E1,4.559614399563E1,1.822950685192E1));
#5928=CARTESIAN_POINT('',(4.846686110593E1,4.721997508587E1,1.789117936384E1));
#5929=CARTESIAN_POINT('',(4.883435898089E1,4.884380617611E1,1.755285187576E1));
#5930=CARTESIAN_POINT('',(4.677354797072E1,4.387822384312E1,1.707530309440E1));
#5931=CARTESIAN_POINT('',(4.714104584569E1,4.550205493336E1,1.673697560632E1));
#5932=CARTESIAN_POINT('',(4.750854372065E1,4.712588602360E1,1.639864811824E1));
#5933=CARTESIAN_POINT('',(4.787604159562E1,4.874971711384E1,1.606032063016E1));
#5934=CARTESIAN_POINT('',(4.581523058545E1,4.378413478084E1,1.558277184880E1));
#5935=CARTESIAN_POINT('',(4.618272846041E1,4.540796587108E1,1.524444436072E1));
#5936=CARTESIAN_POINT('',(4.655022633538E1,4.703179696132E1,1.490611687264E1));
#5937=CARTESIAN_POINT('',(4.691772421034E1,4.865562805156E1,1.456778938456E1));
#5938=CARTESIAN_POINT('',(4.485691320017E1,4.369004571856E1,1.409024060320E1));
#5939=CARTESIAN_POINT('',(4.522441107513E1,4.531387680880E1,1.375191311512E1));
#5940=CARTESIAN_POINT('',(4.559190895010E1,4.693770789905E1,1.341358562704E1));
#5941=CARTESIAN_POINT('',(4.595940682506E1,4.856153898929E1,1.307525813896E1));
#5942=B_SPLINE_SURFACE_WITH_KNOTS('',3,3,((#5926,#5927,#5928,#5929),(#5930,
#5931,#5932,#5933),(#5934,#5935,#5936,#5937),(#5938,#5939,#5940,#5941)),
.UNSPECIFIED.,.F.,.F.,.F.,(4,4),(4,4),(1.270978090134E-2,9.975168720763E-1),(
-1.020155374605E0,2.000304656088E-2),.UNSPECIFIED.);
#5943=ORIENTED_EDGE('',*,*,#5265,.T.);
#5945=ORIENTED_EDGE('',*,*,#5944,.F.);
#5946=ORIENTED_EDGE('',*,*,#5589,.T.);
#5948=ORIENTED_EDGE('',*,*,#5947,.T.);
#5949=ORIENTED_EDGE('',*,*,#5255,.T.);
#5950=ORIENTED_EDGE('',*,*,#5907,.T.);
#5951=ORIENTED_EDGE('',*,*,#4305,.T.);
#5952=ORIENTED_EDGE('',*,*,#5891,.T.);
#5953=EDGE_LOOP('',(#5943,#5945,#5946,#5948,#5949,#5950,#5951,#5952));
#5954=FACE_OUTER_BOUND('',#5953,.F.);
#5955=ADVANCED_FACE('',(#5954),#5942,.F.);
#5956=CARTESIAN_POINT('',(4.957761754325E1,4.842042836542E1,1.691239166254E1));
#5957=DIRECTION('',(-3.711247331796E-3,1.969692435344E-1,9.804026436851E-1));
#5958=DIRECTION('',(-9.730769924445E-1,2.252259766481E-1,-4.893287461586E-2));
#5959=AXIS2_PLACEMENT_3D('',#5956,#5957,#5958);
#5960=PLANE('',#5959);
#5961=ORIENTED_EDGE('',*,*,#5263,.F.);
#5963=ORIENTED_EDGE('',*,*,#5962,.F.);
#5964=ORIENTED_EDGE('',*,*,#5591,.T.);
#5965=ORIENTED_EDGE('',*,*,#5944,.T.);
#5966=EDGE_LOOP('',(#5961,#5963,#5964,#5965));
#5967=FACE_OUTER_BOUND('',#5966,.F.);
#5968=ADVANCED_FACE('',(#5967),#5960,.T.);
#5969=CARTESIAN_POINT('',(4.865822470712E1,4.592581765498E1,4.487436161519E0));
#5970=DIRECTION('',(9.689063559738E-1,-2.417820349203E-1,5.255398123325E-2));
#5971=DIRECTION('',(3.112322019301E-4,2.135921359306E-1,9.769228744395E-1));
#5972=AXIS2_PLACEMENT_3D('',#5969,#5970,#5971);
#5973=PLANE('',#5972);
#5974=ORIENTED_EDGE('',*,*,#5847,.F.);
#5975=ORIENTED_EDGE('',*,*,#5593,.T.);
#5976=ORIENTED_EDGE('',*,*,#5962,.T.);
#5977=ORIENTED_EDGE('',*,*,#5261,.F.);
#5978=EDGE_LOOP('',(#5974,#5975,#5976,#5977));
#5979=FACE_OUTER_BOUND('',#5978,.F.);
#5980=ADVANCED_FACE('',(#5979),#5973,.T.);
#5981=CARTESIAN_POINT('',(4.865822470712E1,4.592581765498E1,4.487436161519E0));
#5982=DIRECTION('',(9.689063559738E-1,-2.417820349203E-1,5.255398123325E-2));
#5983=DIRECTION('',(3.112322019301E-4,2.135921359306E-1,9.769228744395E-1));
#5984=AXIS2_PLACEMENT_3D('',#5981,#5982,#5983);
#5985=PLANE('',#5984);
#5986=ORIENTED_EDGE('',*,*,#5247,.F.);
#5988=ORIENTED_EDGE('',*,*,#5987,.T.);
#5989=ORIENTED_EDGE('',*,*,#4258,.F.);
#5991=ORIENTED_EDGE('',*,*,#5990,.F.);
#5992=ORIENTED_EDGE('',*,*,#5605,.T.);
#5994=ORIENTED_EDGE('',*,*,#5993,.T.);
#5995=EDGE_LOOP('',(#5986,#5988,#5989,#5991,#5992,#5994));
#5996=FACE_OUTER_BOUND('',#5995,.F.);
#5997=ADVANCED_FACE('',(#5996),#5985,.T.);
#5998=CARTESIAN_POINT('',(5.755357152021E1,4.432433015310E1,7.026094554823E0));
#5999=DIRECTION('',(4.333705794700E-3,2.301499455250E-1,9.731455294913E-1));
#6000=DIRECTION('',(-9.730769924160E-1,2.252259961567E-1,-4.893278538765E-2));
#6001=AXIS2_PLACEMENT_3D('',#5998,#5999,#6000);
#6002=PLANE('',#6001);
#6003=ORIENTED_EDGE('',*,*,#5245,.F.);
#6005=ORIENTED_EDGE('',*,*,#6004,.T.);
#6006=ORIENTED_EDGE('',*,*,#4260,.T.);
#6007=ORIENTED_EDGE('',*,*,#5987,.F.);
#6008=EDGE_LOOP('',(#6003,#6005,#6006,#6007));
#6009=FACE_OUTER_BOUND('',#6008,.F.);
#6010=ADVANCED_FACE('',(#6009),#6002,.F.);
#6011=CARTESIAN_POINT('',(5.664178592595E1,4.705048328414E1,1.847975036739E1));
#6012=DIRECTION('',(-9.769512202368E-1,2.086013123616E-1,-4.529686257083E-2));
#6013=DIRECTION('',(-3.112322019229E-4,-2.135921359306E-1,-9.769228744395E-1));
#6014=AXIS2_PLACEMENT_3D('',#6011,#6012,#6013);
#6015=PLANE('',#6014);
#6016=ORIENTED_EDGE('',*,*,#5836,.T.);
#6017=ORIENTED_EDGE('',*,*,#5271,.F.);
#6019=ORIENTED_EDGE('',*,*,#6018,.F.);
#6020=ORIENTED_EDGE('',*,*,#5637,.T.);
#6021=EDGE_LOOP('',(#6016,#6017,#6019,#6020));
#6022=FACE_OUTER_BOUND('',#6021,.F.);
#6023=ADVANCED_FACE('',(#6022),#6015,.T.);
#6024=CARTESIAN_POINT('',(5.664178592595E1,4.705048328414E1,1.847975036739E1));
#6025=DIRECTION('',(-9.769512202368E-1,2.086013123616E-1,-4.529686257083E-2));
#6026=DIRECTION('',(-3.112322019229E-4,-2.135921359306E-1,-9.769228744395E-1));
#6027=AXIS2_PLACEMENT_3D('',#6024,#6025,#6026);
#6028=PLANE('',#6027);
#6029=ORIENTED_EDGE('',*,*,#4262,.F.);
#6030=ORIENTED_EDGE('',*,*,#6004,.F.);
#6031=ORIENTED_EDGE('',*,*,#5243,.F.);
#6033=ORIENTED_EDGE('',*,*,#6032,.F.);
#6034=ORIENTED_EDGE('',*,*,#5609,.T.);
#6036=ORIENTED_EDGE('',*,*,#6035,.T.);
#6037=EDGE_LOOP('',(#6029,#6030,#6031,#6033,#6034,#6036));
#6038=FACE_OUTER_BOUND('',#6037,.F.);
#6039=ADVANCED_FACE('',(#6038),#6028,.T.);
#6040=CARTESIAN_POINT('',(6.096271170670E1,4.584936208354E1,1.777798315699E1));
#6041=DIRECTION('',(-3.711247331794E-3,1.969692435344E-1,9.804026436851E-1));
#6042=DIRECTION('',(-9.730769924445E-1,2.252259766481E-1,-4.893287461586E-2));
#6043=AXIS2_PLACEMENT_3D('',#6040,#6041,#6042);
#6044=PLANE('',#6043);
#6045=ORIENTED_EDGE('',*,*,#4301,.T.);
#6047=ORIENTED_EDGE('',*,*,#6046,.F.);
#6048=ORIENTED_EDGE('',*,*,#5627,.T.);
#6049=ORIENTED_EDGE('',*,*,#6018,.T.);
#6050=ORIENTED_EDGE('',*,*,#5269,.F.);
#6051=ORIENTED_EDGE('',*,*,#5894,.F.);
#6052=EDGE_LOOP('',(#6045,#6047,#6048,#6049,#6050,#6051));
#6053=FACE_OUTER_BOUND('',#6052,.F.);
#6054=ADVANCED_FACE('',(#6053),#6044,.T.);
#6055=CARTESIAN_POINT('',(6.004656519703E1,4.558263716442E1,1.554288123694E1));
#6056=DIRECTION('',(9.689063559738E-1,-2.417820349203E-1,5.255398123327E-2));
#6057=DIRECTION('',(3.112322019166E-4,2.135921359306E-1,9.769228744395E-1));
#6058=AXIS2_PLACEMENT_3D('',#6055,#6056,#6057);
#6059=PLANE('',#6058);
#6060=ORIENTED_EDGE('',*,*,#4299,.F.);
#6062=ORIENTED_EDGE('',*,*,#6061,.F.);
#6063=ORIENTED_EDGE('',*,*,#5629,.T.);
#6064=ORIENTED_EDGE('',*,*,#6046,.T.);
#6065=EDGE_LOOP('',(#6060,#6062,#6063,#6064));
#6066=FACE_OUTER_BOUND('',#6065,.F.);
#6067=ADVANCED_FACE('',(#6066),#6059,.T.);
#6068=CARTESIAN_POINT('',(5.669880977838E1,4.662261002914E1,1.658665818429E1));
#6069=DIRECTION('',(-4.333616931293E-3,-2.301499660931E-1,-9.731455250227E-1));
#6070=DIRECTION('',(9.730769924445E-1,-2.252259766481E-1,4.893287461586E-2));
#6071=AXIS2_PLACEMENT_3D('',#6068,#6069,#6070);
#6072=PLANE('',#6071);
#6073=ORIENTED_EDGE('',*,*,#4297,.F.);
#6074=ORIENTED_EDGE('',*,*,#5918,.T.);
#6075=ORIENTED_EDGE('',*,*,#5235,.F.);
#6076=ORIENTED_EDGE('',*,*,#5877,.T.);
#6077=ORIENTED_EDGE('',*,*,#5631,.T.);
#6078=ORIENTED_EDGE('',*,*,#6061,.T.);
#6079=EDGE_LOOP('',(#6073,#6074,#6075,#6076,#6077,#6078));
#6080=FACE_OUTER_BOUND('',#6079,.F.);
#6081=ADVANCED_FACE('',(#6080),#6072,.T.);
#6082=CARTESIAN_POINT('',(4.177037578017E1,4.565344980151E1,7.149977582716E0));
#6083=DIRECTION('',(7.732507560820E-3,-1.802863318398E-1,-9.835837772547E-1));
#6084=DIRECTION('',(9.730769924160E-1,-2.252259961567E-1,4.893278538765E-2));
#6085=AXIS2_PLACEMENT_3D('',#6082,#6083,#6084);
#6086=PLANE('',#6085);
#6087=ORIENTED_EDGE('',*,*,#5603,.F.);
#6089=ORIENTED_EDGE('',*,*,#6088,.T.);
#6090=ORIENTED_EDGE('',*,*,#5249,.T.);
#6091=ORIENTED_EDGE('',*,*,#5993,.F.);
#6092=EDGE_LOOP('',(#6087,#6089,#6090,#6091));
#6093=FACE_OUTER_BOUND('',#6092,.F.);
#6094=ADVANCED_FACE('',(#6093),#6086,.F.);
#6095=CARTESIAN_POINT('',(4.177037578017E1,4.565344980151E1,7.149977582716E0));
#6096=DIRECTION('',(7.732507560820E-3,-1.802863318398E-1,-9.835837772547E-1));
#6097=DIRECTION('',(9.730769924160E-1,-2.252259961567E-1,4.893278538765E-2));
#6098=AXIS2_PLACEMENT_3D('',#6095,#6096,#6097);
#6099=PLANE('',#6098);
#6100=ORIENTED_EDGE('',*,*,#5611,.F.);
#6101=ORIENTED_EDGE('',*,*,#6032,.T.);
#6102=ORIENTED_EDGE('',*,*,#5241,.T.);
#6103=ORIENTED_EDGE('',*,*,#5867,.F.);
#6104=EDGE_LOOP('',(#6100,#6101,#6102,#6103));
#6105=FACE_OUTER_BOUND('',#6104,.F.);
#6106=ADVANCED_FACE('',(#6105),#6099,.F.);
#6107=CARTESIAN_POINT('',(4.768906686258E1,4.884067267642E1,1.674026770424E1));
#6108=DIRECTION('',(-9.769512202368E-1,2.086013123616E-1,-4.529686257083E-2));
#6109=DIRECTION('',(-3.112322019231E-4,-2.135921359306E-1,-9.769228744395E-1));
#6110=AXIS2_PLACEMENT_3D('',#6107,#6108,#6109);
#6111=PLANE('',#6110);
#6112=ORIENTED_EDGE('',*,*,#5251,.F.);
#6113=ORIENTED_EDGE('',*,*,#6088,.F.);
#6114=ORIENTED_EDGE('',*,*,#5617,.T.);
#6116=ORIENTED_EDGE('',*,*,#6115,.T.);
#6117=ORIENTED_EDGE('',*,*,#4309,.F.);
#6118=ORIENTED_EDGE('',*,*,#5904,.T.);
#6119=EDGE_LOOP('',(#6112,#6113,#6114,#6116,#6117,#6118));
#6120=FACE_OUTER_BOUND('',#6119,.F.);
#6121=ADVANCED_FACE('',(#6120),#6111,.T.);
#6122=CARTESIAN_POINT('',(4.768906686258E1,4.884067267642E1,1.674026770424E1));
#6123=DIRECTION('',(-9.769512202368E-1,2.086013123616E-1,-4.529686257083E-2));
#6124=DIRECTION('',(-3.112322019231E-4,-2.135921359306E-1,-9.769228744395E-1));
#6125=AXIS2_PLACEMENT_3D('',#6122,#6123,#6124);
#6126=PLANE('',#6125);
#6127=ORIENTED_EDGE('',*,*,#5850,.T.);
#6128=ORIENTED_EDGE('',*,*,#5257,.F.);
#6129=ORIENTED_EDGE('',*,*,#5947,.F.);
#6130=ORIENTED_EDGE('',*,*,#5587,.T.);
#6131=EDGE_LOOP('',(#6127,#6128,#6129,#6130));
#6132=FACE_OUTER_BOUND('',#6131,.F.);
#6133=ADVANCED_FACE('',(#6132),#6126,.T.);
#6134=CARTESIAN_POINT('',(4.676968017533E1,4.635028181588E1,4.334612857192E0));
#6135=DIRECTION('',(-4.333705794700E-3,-2.301499455250E-1,-9.731455294913E-1));
#6136=DIRECTION('',(9.730769924160E-1,-2.252259961567E-1,4.893278538765E-2));
#6137=AXIS2_PLACEMENT_3D('',#6134,#6135,#6136);
#6138=PLANE('',#6137);
#6139=ORIENTED_EDGE('',*,*,#4311,.F.);
#6140=ORIENTED_EDGE('',*,*,#6115,.F.);
#6141=ORIENTED_EDGE('',*,*,#5615,.T.);
#6142=ORIENTED_EDGE('',*,*,#5864,.T.);
#6143=EDGE_LOOP('',(#6139,#6140,#6141,#6142));
#6144=FACE_OUTER_BOUND('',#6143,.F.);
#6145=ADVANCED_FACE('',(#6144),#6138,.T.);
#6146=CARTESIAN_POINT('',(5.755319793491E1,4.406801961467E1,5.853787100133E0));
#6147=DIRECTION('',(-3.711158468388E-3,1.969692229663E-1,9.804026481537E-1));
#6148=DIRECTION('',(-9.730769924160E-1,2.252259961567E-1,-4.893278538765E-2));
#6149=AXIS2_PLACEMENT_3D('',#6146,#6147,#6148);
#6150=PLANE('',#6149);
#6151=ORIENTED_EDGE('',*,*,#4264,.F.);
#6152=ORIENTED_EDGE('',*,*,#6035,.F.);
#6153=ORIENTED_EDGE('',*,*,#5607,.T.);
#6154=ORIENTED_EDGE('',*,*,#5990,.T.);
#6155=EDGE_LOOP('',(#6151,#6152,#6153,#6154));
#6156=FACE_OUTER_BOUND('',#6155,.F.);
#6157=ADVANCED_FACE('',(#6156),#6150,.T.);
#6158=CARTESIAN_POINT('',(7.657602548149E1,3.458293555139E1,-1.642583719131E1));
#6159=DIRECTION('',(-3.711158468387E-3,1.969692229663E-1,9.804026481537E-1));
#6160=DIRECTION('',(-9.730769924160E-1,2.252259961567E-1,-4.893278538765E-2));
#6161=AXIS2_PLACEMENT_3D('',#6158,#6159,#6160);
#6162=PLANE('',#6161);
#6163=ORIENTED_EDGE('',*,*,#4232,.F.);
#6164=ORIENTED_EDGE('',*,*,#5507,.F.);
#6165=ORIENTED_EDGE('',*,*,#5655,.T.);
#6166=ORIENTED_EDGE('',*,*,#5158,.T.);
#6167=EDGE_LOOP('',(#6163,#6164,#6165,#6166));
#6168=FACE_OUTER_BOUND('',#6167,.F.);
#6169=ADVANCED_FACE('',(#6168),#6162,.T.);
#6170=CARTESIAN_POINT('',(6.672886643627E1,3.942610219443E1,-5.198142760134E0));
#6171=DIRECTION('',(3.711158468388E-3,-1.969692229663E-1,-9.804026481537E-1));
#6172=DIRECTION('',(9.730769924160E-1,-2.252259961567E-1,4.893278538765E-2));
#6173=AXIS2_PLACEMENT_3D('',#6170,#6171,#6172);
#6174=PLANE('',#6173);
#6175=ORIENTED_EDGE('',*,*,#5205,.F.);
#6176=ORIENTED_EDGE('',*,*,#5173,.T.);
#6177=ORIENTED_EDGE('',*,*,#4244,.T.);
#6178=ORIENTED_EDGE('',*,*,#5518,.F.);
#6179=EDGE_LOOP('',(#6175,#6176,#6177,#6178));
#6180=FACE_OUTER_BOUND('',#6179,.F.);
#6181=ADVANCED_FACE('',(#6180),#6174,.F.);
#6182=CARTESIAN_POINT('',(7.341709195023E1,4.227644662824E1,1.524831280685E1));
#6183=DIRECTION('',(-4.333705794700E-3,-2.301499455250E-1,-9.731455294913E-1));
#6184=DIRECTION('',(9.730769924160E-1,-2.252259961567E-1,4.893278538765E-2));
#6185=AXIS2_PLACEMENT_3D('',#6182,#6183,#6184);
#6186=PLANE('',#6185);
#6187=ORIENTED_EDGE('',*,*,#4319,.T.);
#6189=ORIENTED_EDGE('',*,*,#6188,.F.);
#6191=ORIENTED_EDGE('',*,*,#6190,.F.);
#6193=ORIENTED_EDGE('',*,*,#6192,.F.);
#6194=EDGE_LOOP('',(#6187,#6189,#6191,#6193));
#6195=FACE_OUTER_BOUND('',#6194,.F.);
#6196=ADVANCED_FACE('',(#6195),#6186,.T.);
#6197=CARTESIAN_POINT('',(6.977642305899E1,4.270443219741E1,1.316927602532E1));
#6198=DIRECTION('',(-9.769512202084E-1,2.086013318673E-1,-4.529677335621E-2));
#6199=DIRECTION('',(-3.113210788651E-4,-2.135921153593E-1,-9.769228789088E-1));
#6200=AXIS2_PLACEMENT_3D('',#6197,#6198,#6199);
#6201=PLANE('',#6200);
#6202=ORIENTED_EDGE('',*,*,#4329,.T.);
#6204=ORIENTED_EDGE('',*,*,#6203,.F.);
#6206=ORIENTED_EDGE('',*,*,#6205,.F.);
#6207=ORIENTED_EDGE('',*,*,#6188,.T.);
#6208=EDGE_LOOP('',(#6202,#6204,#6206,#6207));
#6209=FACE_OUTER_BOUND('',#6208,.F.);
#6210=ADVANCED_FACE('',(#6209),#6201,.T.);
#6211=CARTESIAN_POINT('',(7.341740327131E1,4.249003874360E1,1.622523568576E1));
#6212=DIRECTION('',(-3.711158468389E-3,1.969692229663E-1,9.804026481537E-1));
#6213=DIRECTION('',(-9.730769924160E-1,2.252259961567E-1,-4.893278538765E-2));
#6214=AXIS2_PLACEMENT_3D('',#6211,#6212,#6213);
#6215=PLANE('',#6214);
#6217=ORIENTED_EDGE('',*,*,#6216,.T.);
#6218=ORIENTED_EDGE('',*,*,#6203,.T.);
#6219=ORIENTED_EDGE('',*,*,#4327,.T.);
#6221=ORIENTED_EDGE('',*,*,#6220,.T.);
#6222=EDGE_LOOP('',(#6217,#6218,#6219,#6221));
#6223=FACE_OUTER_BOUND('',#6222,.F.);
#6224=ADVANCED_FACE('',(#6223),#6215,.T.);
#6225=CARTESIAN_POINT('',(4.305965365721E1,4.274476076518E1,7.785515636145E0));
#6226=DIRECTION('',(-2.304800857119E-1,-9.506059430235E-1,2.079116908178E-1));
#6227=DIRECTION('',(9.730769924160E-1,-2.252259961567E-1,4.893278538765E-2));
#6228=AXIS2_PLACEMENT_3D('',#6225,#6226,#6227);
#6229=PLANE('',#6228);
#6231=ORIENTED_EDGE('',*,*,#6230,.F.);
#6232=ORIENTED_EDGE('',*,*,#6190,.T.);
#6233=ORIENTED_EDGE('',*,*,#6205,.T.);
#6234=ORIENTED_EDGE('',*,*,#6216,.F.);
#6236=ORIENTED_EDGE('',*,*,#6235,.F.);
#6238=ORIENTED_EDGE('',*,*,#6237,.F.);
#6239=EDGE_LOOP('',(#6231,#6232,#6233,#6234,#6236,#6238));
#6240=FACE_OUTER_BOUND('',#6239,.F.);
#6241=ADVANCED_FACE('',(#6240),#6229,.T.);
#6242=CARTESIAN_POINT('',(7.152917005534E1,4.312809502109E1,1.704933526008E1));
#6243=DIRECTION('',(-9.769512202084E-1,2.086013318673E-1,-4.529677335621E-2));
#6244=DIRECTION('',(-3.113210788656E-4,-2.135921153593E-1,-9.769228789088E-1));
#6245=AXIS2_PLACEMENT_3D('',#6242,#6243,#6244);
#6246=PLANE('',#6245);
#6247=ORIENTED_EDGE('',*,*,#6192,.T.);
#6248=ORIENTED_EDGE('',*,*,#6230,.T.);
#6250=ORIENTED_EDGE('',*,*,#6249,.F.);
#6251=ORIENTED_EDGE('',*,*,#4321,.F.);
#6252=EDGE_LOOP('',(#6247,#6248,#6250,#6251));
#6253=FACE_OUTER_BOUND('',#6252,.F.);
#6254=ADVANCED_FACE('',(#6253),#6246,.T.);
#6255=CARTESIAN_POINT('',(7.061249410070E1,4.249826357030E1,1.315346451982E1));
#6256=DIRECTION('',(-4.333705794699E-3,-2.301499455250E-1,-9.731455294913E-1));
#6257=DIRECTION('',(9.730769924160E-1,-2.252259961567E-1,4.893278538765E-2));
#6258=AXIS2_PLACEMENT_3D('',#6255,#6256,#6257);
#6259=PLANE('',#6258);
#6260=ORIENTED_EDGE('',*,*,#4323,.F.);
#6261=ORIENTED_EDGE('',*,*,#6249,.T.);
#6262=ORIENTED_EDGE('',*,*,#6237,.T.);
#6264=ORIENTED_EDGE('',*,*,#6263,.F.);
#6265=EDGE_LOOP('',(#6260,#6261,#6262,#6264));
#6266=FACE_OUTER_BOUND('',#6265,.F.);
#6267=ADVANCED_FACE('',(#6266),#6259,.T.);
#6268=CARTESIAN_POINT('',(7.250072731668E1,4.186020729282E1,1.232936494550E1));
#6269=DIRECTION('',(9.689063559453E-1,-2.417820544259E-1,5.255389201864E-2));
#6270=DIRECTION('',(3.113210788659E-4,2.135921153593E-1,9.769228789088E-1));
#6271=AXIS2_PLACEMENT_3D('',#6268,#6269,#6270);
#6272=PLANE('',#6271);
#6273=ORIENTED_EDGE('',*,*,#4325,.F.);
#6274=ORIENTED_EDGE('',*,*,#6263,.T.);
#6275=ORIENTED_EDGE('',*,*,#6235,.T.);
#6276=ORIENTED_EDGE('',*,*,#6220,.F.);
#6277=EDGE_LOOP('',(#6273,#6274,#6275,#6276));
#6278=FACE_OUTER_BOUND('',#6277,.F.);
#6279=ADVANCED_FACE('',(#6278),#6272,.T.);
#6280=CARTESIAN_POINT('',(6.172125461505E1,4.804818849453E1,1.664791918330E1));
#6281=DIRECTION('',(-6.931486799939E-1,3.103455780255E-1,6.505617031633E-1));
#6282=DIRECTION('',(6.829522951956E-1,-5.827803060331E-3,7.304397300247E-1));
#6283=AXIS2_PLACEMENT_3D('',#6280,#6281,#6282);
#6284=PLANE('',#6283);
#6285=ORIENTED_EDGE('',*,*,#3545,.F.);
#6287=ORIENTED_EDGE('',*,*,#6286,.T.);
#6289=ORIENTED_EDGE('',*,*,#6288,.T.);
#6291=ORIENTED_EDGE('',*,*,#6290,.F.);
#6292=EDGE_LOOP('',(#6285,#6287,#6289,#6291));
#6293=FACE_OUTER_BOUND('',#6292,.F.);
#6294=ADVANCED_FACE('',(#6293),#6284,.F.);
#6295=CARTESIAN_POINT('',(6.193739769905E1,4.771925270051E1,1.538357640819E1));
#6296=DIRECTION('',(-9.592893179312E-1,1.861267273291E-1,-2.124166798463E-1));
#6297=DIRECTION('',(-1.632266356738E-1,2.484052786521E-1,9.548046307724E-1));
#6298=AXIS2_PLACEMENT_3D('',#6295,#6296,#6297);
#6299=PLANE('',#6298);
#6300=ORIENTED_EDGE('',*,*,#3575,.F.);
#6302=ORIENTED_EDGE('',*,*,#6301,.T.);
#6304=ORIENTED_EDGE('',*,*,#6303,.T.);
#6305=ORIENTED_EDGE('',*,*,#6286,.F.);
#6306=EDGE_LOOP('',(#6300,#6302,#6304,#6305));
#6307=FACE_OUTER_BOUND('',#6306,.F.);
#6308=ADVANCED_FACE('',(#6307),#6299,.F.);
#6309=CARTESIAN_POINT('',(6.267672288307E1,4.738524335380E1,1.467600899026E1));
#6310=DIRECTION('',(-6.893394965164E-1,8.700416231944E-3,-7.243861962378E-1));
#6311=DIRECTION('',(-6.867969049382E-1,3.102783328656E-1,6.572954948282E-1));
#6312=AXIS2_PLACEMENT_3D('',#6309,#6310,#6311);
#6313=PLANE('',#6312);
#6314=ORIENTED_EDGE('',*,*,#3573,.F.);
#6316=ORIENTED_EDGE('',*,*,#6315,.T.);
#6318=ORIENTED_EDGE('',*,*,#6317,.T.);
#6319=ORIENTED_EDGE('',*,*,#6301,.F.);
#6320=EDGE_LOOP('',(#6314,#6316,#6318,#6319));
#6321=FACE_OUTER_BOUND('',#6320,.F.);
#6322=ADVANCED_FACE('',(#6321),#6313,.F.);
#6323=CARTESIAN_POINT('',(6.393454553896E1,4.704741864697E1,1.452577645479E1));
#6324=DIRECTION('',(-1.625049076980E-1,-1.730620467344E-1,-9.714122106265E-1));
#6325=DIRECTION('',(-9.594118433E-1,2.576778396925E-1,1.145907756634E-1));
#6326=AXIS2_PLACEMENT_3D('',#6323,#6324,#6325);
#6327=PLANE('',#6326);
#6328=ORIENTED_EDGE('',*,*,#3571,.F.);
#6330=ORIENTED_EDGE('',*,*,#6329,.T.);
#6332=ORIENTED_EDGE('',*,*,#6331,.T.);
#6333=ORIENTED_EDGE('',*,*,#6315,.F.);
#6334=EDGE_LOOP('',(#6328,#6330,#6332,#6333));
#6335=FACE_OUTER_BOUND('',#6334,.F.);
#6336=ADVANCED_FACE('',(#6335),#6327,.F.);
#6337=CARTESIAN_POINT('',(6.445538532490E1,4.704297419057E1,1.508283157460E1));
#6338=DIRECTION('',(6.931486799939E-1,-3.103455780255E-1,-6.505617031633E-1));
#6339=DIRECTION('',(-6.829522951956E-1,5.827803060330E-3,-7.304397300247E-1));
#6340=AXIS2_PLACEMENT_3D('',#6337,#6338,#6339);
#6341=PLANE('',#6340);
#6342=ORIENTED_EDGE('',*,*,#3569,.F.);
#6344=ORIENTED_EDGE('',*,*,#6343,.T.);
#6346=ORIENTED_EDGE('',*,*,#6345,.T.);
#6347=ORIENTED_EDGE('',*,*,#6329,.F.);
#6348=EDGE_LOOP('',(#6342,#6344,#6346,#6347));
#6349=FACE_OUTER_BOUND('',#6348,.F.);
#6350=ADVANCED_FACE('',(#6349),#6341,.F.);
#6351=CARTESIAN_POINT('',(6.440310628945E1,4.712473631686E1,1.539870744640E1));
#6352=DIRECTION('',(9.601299811996E-1,-1.874235098445E-1,2.074194956104E-1));
#6353=DIRECTION('',(1.582066663954E-1,-2.474283109226E-1,-9.559026528167E-1));
#6354=AXIS2_PLACEMENT_3D('',#6351,#6352,#6353);
#6355=PLANE('',#6354);
#6356=ORIENTED_EDGE('',*,*,#3567,.F.);
#6358=ORIENTED_EDGE('',*,*,#6357,.T.);
#6360=ORIENTED_EDGE('',*,*,#6359,.T.);
#6361=ORIENTED_EDGE('',*,*,#6343,.F.);
#6362=EDGE_LOOP('',(#6356,#6358,#6360,#6361));
#6363=FACE_OUTER_BOUND('',#6362,.F.);
#6364=ADVANCED_FACE('',(#6363),#6355,.F.);
#6365=CARTESIAN_POINT('',(6.356221553812E1,4.735058188437E1,1.549914223269E1));
#6366=DIRECTION('',(1.625049076980E-1,1.730620467344E-1,9.714122106265E-1));
#6367=DIRECTION('',(9.594118433E-1,-2.576778396925E-1,-1.145907756634E-1));
#6368=AXIS2_PLACEMENT_3D('',#6365,#6366,#6367);
#6369=PLANE('',#6368);
#6370=ORIENTED_EDGE('',*,*,#3565,.F.);
#6372=ORIENTED_EDGE('',*,*,#6371,.T.);
#6374=ORIENTED_EDGE('',*,*,#6373,.T.);
#6375=ORIENTED_EDGE('',*,*,#6357,.F.);
#6376=EDGE_LOOP('',(#6370,#6372,#6374,#6375));
#6377=FACE_OUTER_BOUND('',#6376,.F.);
#6378=ADVANCED_FACE('',(#6377),#6369,.F.);
#6379=CARTESIAN_POINT('',(6.361683688764E1,4.726819066179E1,1.518298659825E1));
#6380=DIRECTION('',(-9.590039601612E-1,1.856943844234E-1,-2.140770888927E-1));
#6381=DIRECTION('',(-1.648949195257E-1,2.487286406550E-1,9.544337215504E-1));
#6382=AXIS2_PLACEMENT_3D('',#6379,#6380,#6381);
#6383=PLANE('',#6382);
#6384=ORIENTED_EDGE('',*,*,#3563,.F.);
#6386=ORIENTED_EDGE('',*,*,#6385,.T.);
#6388=ORIENTED_EDGE('',*,*,#6387,.T.);
#6389=ORIENTED_EDGE('',*,*,#6371,.F.);
#6390=EDGE_LOOP('',(#6384,#6386,#6388,#6389));
#6391=FACE_OUTER_BOUND('',#6390,.F.);
#6392=ADVANCED_FACE('',(#6391),#6383,.F.);
#6393=CARTESIAN_POINT('',(6.277828845038E1,4.749340713300E1,1.528314162191E1));
#6394=DIRECTION('',(1.625049076980E-1,1.730620467344E-1,9.714122106265E-1));
#6395=DIRECTION('',(9.594118433E-1,-2.576778396925E-1,-1.145907756634E-1));
#6396=AXIS2_PLACEMENT_3D('',#6393,#6394,#6395);
#6397=PLANE('',#6396);
#6398=ORIENTED_EDGE('',*,*,#3561,.F.);
#6400=ORIENTED_EDGE('',*,*,#6399,.T.);
#6402=ORIENTED_EDGE('',*,*,#6401,.T.);
#6403=ORIENTED_EDGE('',*,*,#6385,.F.);
#6404=EDGE_LOOP('',(#6398,#6400,#6402,#6403));
#6405=FACE_OUTER_BOUND('',#6404,.F.);
#6406=ADVANCED_FACE('',(#6405),#6397,.F.);
#6407=CARTESIAN_POINT('',(6.255980305231E1,4.782297202332E1,1.654776415965E1));
#6408=DIRECTION('',(9.590039601612E-1,-1.856943844234E-1,2.140770888927E-1));
#6409=DIRECTION('',(1.648949195257E-1,-2.487286406550E-1,-9.544337215504E-1));
#6410=AXIS2_PLACEMENT_3D('',#6407,#6408,#6409);
#6411=PLANE('',#6410);
#6412=ORIENTED_EDGE('',*,*,#3559,.F.);
#6414=ORIENTED_EDGE('',*,*,#6413,.T.);
#6416=ORIENTED_EDGE('',*,*,#6415,.T.);
#6417=ORIENTED_EDGE('',*,*,#6399,.F.);
#6418=EDGE_LOOP('',(#6412,#6414,#6416,#6417));
#6419=FACE_OUTER_BOUND('',#6418,.F.);
#6420=ADVANCED_FACE('',(#6419),#6411,.F.);
#6421=CARTESIAN_POINT('',(6.340069380364E1,4.759712645581E1,1.644732937336E1));
#6422=DIRECTION('',(-1.625049076980E-1,-1.730620467344E-1,-9.714122106264E-1));
#6423=DIRECTION('',(-9.594118433E-1,2.576778396925E-1,1.145907756634E-1));
#6424=AXIS2_PLACEMENT_3D('',#6421,#6422,#6423);
#6425=PLANE('',#6424);
#6426=ORIENTED_EDGE('',*,*,#3557,.F.);
#6428=ORIENTED_EDGE('',*,*,#6427,.T.);
#6430=ORIENTED_EDGE('',*,*,#6429,.T.);
#6431=ORIENTED_EDGE('',*,*,#6413,.F.);
#6432=EDGE_LOOP('',(#6426,#6428,#6430,#6431));
#6433=FACE_OUTER_BOUND('',#6432,.F.);
#6434=ADVANCED_FACE('',(#6433),#6425,.F.);
#6435=CARTESIAN_POINT('',(6.345531515316E1,4.751473523324E1,1.613117373893E1));
#6436=DIRECTION('',(-9.590039601612E-1,1.856943844234E-1,-2.140770888926E-1));
#6437=DIRECTION('',(-1.648949195257E-1,2.487286406550E-1,9.544337215504E-1));
#6438=AXIS2_PLACEMENT_3D('',#6435,#6436,#6437);
#6439=PLANE('',#6438);
#6440=ORIENTED_EDGE('',*,*,#3555,.F.);
#6442=ORIENTED_EDGE('',*,*,#6441,.T.);
#6444=ORIENTED_EDGE('',*,*,#6443,.T.);
#6445=ORIENTED_EDGE('',*,*,#6427,.F.);
#6446=EDGE_LOOP('',(#6440,#6442,#6444,#6445));
#6447=FACE_OUTER_BOUND('',#6446,.F.);
#6448=ADVANCED_FACE('',(#6447),#6439,.F.);
#6449=CARTESIAN_POINT('',(6.429386359041E1,4.728951876202E1,1.603101871528E1));
#6450=DIRECTION('',(-1.625049076980E-1,-1.730620467344E-1,-9.714122106265E-1));
#6451=DIRECTION('',(-9.594118433E-1,2.576778396925E-1,1.145907756634E-1));
#6452=AXIS2_PLACEMENT_3D('',#6449,#6450,#6451);
#6453=PLANE('',#6452);
#6454=ORIENTED_EDGE('',*,*,#3553,.F.);
#6456=ORIENTED_EDGE('',*,*,#6455,.T.);
#6458=ORIENTED_EDGE('',*,*,#6457,.T.);
#6459=ORIENTED_EDGE('',*,*,#6441,.F.);
#6460=EDGE_LOOP('',(#6454,#6456,#6458,#6459));
#6461=FACE_OUTER_BOUND('',#6460,.F.);
#6462=ADVANCED_FACE('',(#6461),#6453,.F.);
#6463=CARTESIAN_POINT('',(6.423924224090E1,4.737190998460E1,1.634717434971E1));
#6464=DIRECTION('',(9.590039601612E-1,-1.856943844234E-1,2.140770888926E-1));
#6465=DIRECTION('',(1.648949195256E-1,-2.487286406550E-1,-9.544337215504E-1));
#6466=AXIS2_PLACEMENT_3D('',#6463,#6464,#6465);
#6467=PLANE('',#6466);
#6468=ORIENTED_EDGE('',*,*,#3551,.F.);
#6470=ORIENTED_EDGE('',*,*,#6469,.T.);
#6472=ORIENTED_EDGE('',*,*,#6471,.T.);
#6473=ORIENTED_EDGE('',*,*,#6455,.F.);
#6474=EDGE_LOOP('',(#6468,#6470,#6472,#6473));
#6475=FACE_OUTER_BOUND('',#6474,.F.);
#6476=ADVANCED_FACE('',(#6475),#6467,.F.);
#6477=CARTESIAN_POINT('',(6.350225937095E1,4.770529023502E1,1.705446200500E1));
#6478=DIRECTION('',(6.902449137381E-1,-9.109725381655E-3,7.235184669116E-1));
#6479=DIRECTION('',(6.858869361264E-1,-3.102665853616E-1,-6.582505274280E-1));
#6480=AXIS2_PLACEMENT_3D('',#6477,#6478,#6479);
#6481=PLANE('',#6480);
#6482=ORIENTED_EDGE('',*,*,#3549,.F.);
#6484=ORIENTED_EDGE('',*,*,#6483,.T.);
#6486=ORIENTED_EDGE('',*,*,#6485,.T.);
#6487=ORIENTED_EDGE('',*,*,#6469,.F.);
#6488=EDGE_LOOP('',(#6482,#6484,#6486,#6487));
#6489=FACE_OUTER_BOUND('',#6488,.F.);
#6490=ADVANCED_FACE('',(#6489),#6481,.F.);
#6491=CARTESIAN_POINT('',(6.224209440099E1,4.804374403814E1,1.720497430312E1));
#6492=DIRECTION('',(1.625049076980E-1,1.730620467344E-1,9.714122106265E-1));
#6493=DIRECTION('',(9.594118433E-1,-2.576778396925E-1,-1.145907756634E-1));
#6494=AXIS2_PLACEMENT_3D('',#6491,#6492,#6493);
#6495=PLANE('',#6494);
#6496=ORIENTED_EDGE('',*,*,#3547,.F.);
#6497=ORIENTED_EDGE('',*,*,#6290,.T.);
#6499=ORIENTED_EDGE('',*,*,#6498,.T.);
#6500=ORIENTED_EDGE('',*,*,#6483,.F.);
#6501=EDGE_LOOP('',(#6496,#6497,#6499,#6500));
#6502=FACE_OUTER_BOUND('',#6501,.F.);
#6503=ADVANCED_FACE('',(#6502),#6495,.F.);
#6504=CARTESIAN_POINT('',(5.688652166354E1,4.422865779367E1,-5.453667460472E0));
#6505=DIRECTION('',(2.304800857119E-1,9.506059430235E-1,-2.079116908178E-1));
#6506=DIRECTION('',(-8.378843015865E-1,8.522927036118E-2,-5.391529176668E-1));
#6507=AXIS2_PLACEMENT_3D('',#6504,#6505,#6506);
#6508=PLANE('',#6507);
#6509=ORIENTED_EDGE('',*,*,#6288,.F.);
#6510=ORIENTED_EDGE('',*,*,#6303,.F.);
#6511=ORIENTED_EDGE('',*,*,#6317,.F.);
#6512=ORIENTED_EDGE('',*,*,#6331,.F.);
#6513=ORIENTED_EDGE('',*,*,#6345,.F.);
#6514=ORIENTED_EDGE('',*,*,#6359,.F.);
#6515=ORIENTED_EDGE('',*,*,#6373,.F.);
#6516=ORIENTED_EDGE('',*,*,#6387,.F.);
#6517=ORIENTED_EDGE('',*,*,#6401,.F.);
#6518=ORIENTED_EDGE('',*,*,#6415,.F.);
#6519=ORIENTED_EDGE('',*,*,#6429,.F.);
#6520=ORIENTED_EDGE('',*,*,#6443,.F.);
#6521=ORIENTED_EDGE('',*,*,#6457,.F.);
#6522=ORIENTED_EDGE('',*,*,#6471,.F.);
#6523=ORIENTED_EDGE('',*,*,#6485,.F.);
#6524=ORIENTED_EDGE('',*,*,#6498,.F.);
#6525=EDGE_LOOP('',(#6509,#6510,#6511,#6512,#6513,#6514,#6515,#6516,#6517,#6518,
#6519,#6520,#6521,#6522,#6523,#6524));
#6526=FACE_OUTER_BOUND('',#6525,.F.);
#6527=ADVANCED_FACE('',(#6526),#6508,.T.);
#6528=CARTESIAN_POINT('',(5.688652166354E1,4.422865779367E1,-5.453667460472E0));
#6529=DIRECTION('',(2.304800857119E-1,9.506059430235E-1,-2.079116908178E-1));
#6530=DIRECTION('',(-8.378843015865E-1,8.522927036118E-2,-5.391529176668E-1));
#6531=AXIS2_PLACEMENT_3D('',#6528,#6529,#6530);
#6532=PLANE('',#6531);
#6534=ORIENTED_EDGE('',*,*,#6533,.F.);
#6536=ORIENTED_EDGE('',*,*,#6535,.F.);
#6538=ORIENTED_EDGE('',*,*,#6537,.F.);
#6540=ORIENTED_EDGE('',*,*,#6539,.F.);
#6542=ORIENTED_EDGE('',*,*,#6541,.F.);
#6544=ORIENTED_EDGE('',*,*,#6543,.F.);
#6546=ORIENTED_EDGE('',*,*,#6545,.F.);
#6548=ORIENTED_EDGE('',*,*,#6547,.F.);
#6550=ORIENTED_EDGE('',*,*,#6549,.F.);
#6552=ORIENTED_EDGE('',*,*,#6551,.F.);
#6554=ORIENTED_EDGE('',*,*,#6553,.F.);
#6556=ORIENTED_EDGE('',*,*,#6555,.F.);
#6558=ORIENTED_EDGE('',*,*,#6557,.F.);
#6560=ORIENTED_EDGE('',*,*,#6559,.F.);
#6562=ORIENTED_EDGE('',*,*,#6561,.F.);
#6564=ORIENTED_EDGE('',*,*,#6563,.F.);
#6565=EDGE_LOOP('',(#6534,#6536,#6538,#6540,#6542,#6544,#6546,#6548,#6550,#6552,
#6554,#6556,#6558,#6560,#6562,#6564));
#6566=FACE_OUTER_BOUND('',#6565,.F.);
#6567=ADVANCED_FACE('',(#6566),#6532,.T.);
#6568=CARTESIAN_POINT('',(5.688652166354E1,4.422865779367E1,-5.453667460472E0));
#6569=DIRECTION('',(2.304800857119E-1,9.506059430235E-1,-2.079116908178E-1));
#6570=DIRECTION('',(-8.378843015865E-1,8.522927036118E-2,-5.391529176668E-1));
#6571=AXIS2_PLACEMENT_3D('',#6568,#6569,#6570);
#6572=PLANE('',#6571);
#6574=ORIENTED_EDGE('',*,*,#6573,.F.);
#6576=ORIENTED_EDGE('',*,*,#6575,.F.);
#6578=ORIENTED_EDGE('',*,*,#6577,.F.);
#6580=ORIENTED_EDGE('',*,*,#6579,.F.);
#6582=ORIENTED_EDGE('',*,*,#6581,.F.);
#6584=ORIENTED_EDGE('',*,*,#6583,.F.);
#6586=ORIENTED_EDGE('',*,*,#6585,.F.);
#6588=ORIENTED_EDGE('',*,*,#6587,.F.);
#6590=ORIENTED_EDGE('',*,*,#6589,.F.);
#6592=ORIENTED_EDGE('',*,*,#6591,.F.);
#6593=EDGE_LOOP('',(#6574,#6576,#6578,#6580,#6582,#6584,#6586,#6588,#6590,
#6592));
#6594=FACE_OUTER_BOUND('',#6593,.F.);
#6595=ADVANCED_FACE('',(#6594),#6572,.T.);
#6596=CARTESIAN_POINT('',(5.688652166354E1,4.422865779367E1,-5.453667460472E0));
#6597=DIRECTION('',(2.304800857119E-1,9.506059430235E-1,-2.079116908178E-1));
#6598=DIRECTION('',(-8.378843015865E-1,8.522927036118E-2,-5.391529176668E-1));
#6599=AXIS2_PLACEMENT_3D('',#6596,#6597,#6598);
#6600=PLANE('',#6599);
#6602=ORIENTED_EDGE('',*,*,#6601,.F.);
#6604=ORIENTED_EDGE('',*,*,#6603,.F.);
#6606=ORIENTED_EDGE('',*,*,#6605,.F.);
#6608=ORIENTED_EDGE('',*,*,#6607,.F.);
#6610=ORIENTED_EDGE('',*,*,#6609,.F.);
#6612=ORIENTED_EDGE('',*,*,#6611,.F.);
#6614=ORIENTED_EDGE('',*,*,#6613,.F.);
#6616=ORIENTED_EDGE('',*,*,#6615,.F.);
#6618=ORIENTED_EDGE('',*,*,#6617,.F.);
#6620=ORIENTED_EDGE('',*,*,#6619,.F.);
#6622=ORIENTED_EDGE('',*,*,#6621,.F.);
#6624=ORIENTED_EDGE('',*,*,#6623,.F.);
#6626=ORIENTED_EDGE('',*,*,#6625,.F.);
#6628=ORIENTED_EDGE('',*,*,#6627,.F.);
#6630=ORIENTED_EDGE('',*,*,#6629,.F.);
#6632=ORIENTED_EDGE('',*,*,#6631,.F.);
#6633=EDGE_LOOP('',(#6602,#6604,#6606,#6608,#6610,#6612,#6614,#6616,#6618,#6620,
#6622,#6624,#6626,#6628,#6630,#6632));
#6634=FACE_OUTER_BOUND('',#6633,.F.);
#6635=ADVANCED_FACE('',(#6634),#6600,.T.);
#6636=CARTESIAN_POINT('',(5.899480103692E1,4.878045657413E1,1.697356289149E1));
#6637=DIRECTION('',(-9.595721157213E-1,1.865590325613E-1,-2.107536051886E-1));
#6638=DIRECTION('',(-1.615558257087E-1,2.480807700291E-1,9.551730977793E-1));
#6639=AXIS2_PLACEMENT_3D('',#6636,#6637,#6638);
#6640=PLANE('',#6639);
#6641=ORIENTED_EDGE('',*,*,#3579,.F.);
#6643=ORIENTED_EDGE('',*,*,#6642,.T.);
#6644=ORIENTED_EDGE('',*,*,#6533,.T.);
#6646=ORIENTED_EDGE('',*,*,#6645,.F.);
#6647=EDGE_LOOP('',(#6641,#6643,#6644,#6646));
#6648=FACE_OUTER_BOUND('',#6647,.F.);
#6649=ADVANCED_FACE('',(#6648),#6640,.F.);
#6650=CARTESIAN_POINT('',(6.067424022551E1,4.832939453541E1,1.677297308155E1));
#6651=DIRECTION('',(-1.625049076980E-1,-1.730620467344E-1,-9.714122106265E-1));
#6652=DIRECTION('',(-9.594118433E-1,2.576778396925E-1,1.145907756634E-1));
#6653=AXIS2_PLACEMENT_3D('',#6650,#6651,#6652);
#6654=PLANE('',#6653);
#6655=ORIENTED_EDGE('',*,*,#3609,.F.);
#6657=ORIENTED_EDGE('',*,*,#6656,.T.);
#6658=ORIENTED_EDGE('',*,*,#6535,.T.);
#6659=ORIENTED_EDGE('',*,*,#6642,.F.);
#6660=EDGE_LOOP('',(#6655,#6657,#6658,#6659));
#6661=FACE_OUTER_BOUND('',#6660,.F.);
#6662=ADVANCED_FACE('',(#6661),#6654,.F.);
#6663=CARTESIAN_POINT('',(6.072886157503E1,4.824700331283E1,1.645681744711E1));
#6664=DIRECTION('',(-9.590039601612E-1,1.856943844234E-1,-2.140770888926E-1));
#6665=DIRECTION('',(-1.648949195257E-1,2.487286406550E-1,9.544337215504E-1));
#6666=AXIS2_PLACEMENT_3D('',#6663,#6664,#6665);
#6667=PLANE('',#6666);
#6668=ORIENTED_EDGE('',*,*,#3607,.F.);
#6670=ORIENTED_EDGE('',*,*,#6669,.T.);
#6671=ORIENTED_EDGE('',*,*,#6537,.T.);
#6672=ORIENTED_EDGE('',*,*,#6656,.F.);
#6673=EDGE_LOOP('',(#6668,#6670,#6671,#6672));
#6674=FACE_OUTER_BOUND('',#6673,.F.);
#6675=ADVANCED_FACE('',(#6674),#6667,.F.);
#6676=CARTESIAN_POINT('',(5.936329247189E1,4.861376644892E1,1.661991906384E1));
#6677=DIRECTION('',(1.625049076980E-1,1.730620467344E-1,9.714122106265E-1));
#6678=DIRECTION('',(9.594118433E-1,-2.576778396925E-1,-1.145907756634E-1));
#6679=AXIS2_PLACEMENT_3D('',#6676,#6677,#6678);
#6680=PLANE('',#6679);
#6681=ORIENTED_EDGE('',*,*,#3605,.F.);
#6683=ORIENTED_EDGE('',*,*,#6682,.T.);
#6684=ORIENTED_EDGE('',*,*,#6539,.T.);
#6685=ORIENTED_EDGE('',*,*,#6669,.F.);
#6686=EDGE_LOOP('',(#6681,#6683,#6684,#6685));
#6687=FACE_OUTER_BOUND('',#6686,.F.);
#6688=ADVANCED_FACE('',(#6687),#6680,.F.);
#6689=CARTESIAN_POINT('',(5.910404373596E1,4.861567412897E1,1.634125162261E1));
#6690=DIRECTION('',(-6.949413449980E-1,3.103598237201E-1,6.486395816112E-1));
#6691=DIRECTION('',(6.811280768714E-1,-5.012076308191E-3,7.321471313804E-1));
#6692=AXIS2_PLACEMENT_3D('',#6689,#6690,#6691);
#6693=PLANE('',#6692);
#6694=ORIENTED_EDGE('',*,*,#3603,.F.);
#6696=ORIENTED_EDGE('',*,*,#6695,.T.);
#6697=ORIENTED_EDGE('',*,*,#6541,.T.);
#6698=ORIENTED_EDGE('',*,*,#6682,.F.);
#6699=EDGE_LOOP('',(#6694,#6696,#6697,#6698));
#6700=FACE_OUTER_BOUND('',#6699,.F.);
#6701=ADVANCED_FACE('',(#6700),#6693,.F.);
#6702=CARTESIAN_POINT('',(5.921094412093E1,4.845152078010E1,1.570922011638E1));
#6703=DIRECTION('',(-9.595721157213E-1,1.865590325613E-1,-2.107536051886E-1));
#6704=DIRECTION('',(-1.615558257088E-1,2.480807700291E-1,9.551730977793E-1));
#6705=AXIS2_PLACEMENT_3D('',#6702,#6703,#6704);
#6706=PLANE('',#6705);
#6707=ORIENTED_EDGE('',*,*,#3601,.F.);
#6709=ORIENTED_EDGE('',*,*,#6708,.T.);
#6710=ORIENTED_EDGE('',*,*,#6543,.T.);
#6711=ORIENTED_EDGE('',*,*,#6695,.F.);
#6712=EDGE_LOOP('',(#6707,#6709,#6710,#6711));
#6713=FACE_OUTER_BOUND('',#6712,.F.);
#6714=ADVANCED_FACE('',(#6713),#6706,.F.);
#6715=CARTESIAN_POINT('',(5.995026930494E1,4.811751143339E1,1.500165269845E1));
#6716=DIRECTION('',(-6.893394965164E-1,8.700416231942E-3,-7.243861962378E-1));
#6717=DIRECTION('',(-6.867969049382E-1,3.102783328656E-1,6.572954948282E-1));
#6718=AXIS2_PLACEMENT_3D('',#6715,#6716,#6717);
#6719=PLANE('',#6718);
#6720=ORIENTED_EDGE('',*,*,#3599,.F.);
#6722=ORIENTED_EDGE('',*,*,#6721,.T.);
#6723=ORIENTED_EDGE('',*,*,#6545,.T.);
#6724=ORIENTED_EDGE('',*,*,#6708,.F.);
#6725=EDGE_LOOP('',(#6720,#6722,#6723,#6724));
#6726=FACE_OUTER_BOUND('',#6725,.F.);
#6727=ADVANCED_FACE('',(#6726),#6719,.F.);
#6728=CARTESIAN_POINT('',(6.183817444581E1,4.761045982501E1,1.477616401392E1));
#6729=DIRECTION('',(-1.625049076980E-1,-1.730620467344E-1,-9.714122106265E-1));
#6730=DIRECTION('',(-9.594118433E-1,2.576778396925E-1,1.145907756634E-1));
#6731=AXIS2_PLACEMENT_3D('',#6728,#6729,#6730);
#6732=PLANE('',#6731);
#6733=ORIENTED_EDGE('',*,*,#3597,.F.);
#6735=ORIENTED_EDGE('',*,*,#6734,.T.);
#6736=ORIENTED_EDGE('',*,*,#6547,.T.);
#6737=ORIENTED_EDGE('',*,*,#6721,.F.);
#6738=EDGE_LOOP('',(#6733,#6735,#6736,#6737));
#6739=FACE_OUTER_BOUND('',#6738,.F.);
#6740=ADVANCED_FACE('',(#6739),#6732,.F.);
#6741=CARTESIAN_POINT('',(6.172893174677E1,4.777524227017E1,1.540847528279E1));
#6742=DIRECTION('',(9.590039601612E-1,-1.856943844234E-1,2.140770888926E-1));
#6743=DIRECTION('',(1.648949195257E-1,-2.487286406550E-1,-9.544337215504E-1));
#6744=AXIS2_PLACEMENT_3D('',#6741,#6742,#6743);
#6745=PLANE('',#6744);
#6746=ORIENTED_EDGE('',*,*,#3595,.F.);
#6748=ORIENTED_EDGE('',*,*,#6747,.T.);
#6749=ORIENTED_EDGE('',*,*,#6549,.T.);
#6750=ORIENTED_EDGE('',*,*,#6734,.F.);
#6751=EDGE_LOOP('',(#6746,#6748,#6749,#6750));
#6752=FACE_OUTER_BOUND('',#6751,.F.);
#6753=ADVANCED_FACE('',(#6752),#6745,.F.);
#6754=CARTESIAN_POINT('',(6.005183487226E1,4.822567521260E1,1.560878533009E1));
#6755=DIRECTION('',(1.625049076980E-1,1.730620467344E-1,9.714122106265E-1));
#6756=DIRECTION('',(9.594118433E-1,-2.576778396925E-1,-1.145907756634E-1));
#6757=AXIS2_PLACEMENT_3D('',#6754,#6755,#6756);
#6758=PLANE('',#6757);
#6759=ORIENTED_EDGE('',*,*,#3593,.F.);
#6761=ORIENTED_EDGE('',*,*,#6760,.T.);
#6762=ORIENTED_EDGE('',*,*,#6551,.T.);
#6763=ORIENTED_EDGE('',*,*,#6747,.F.);
#6764=EDGE_LOOP('',(#6759,#6761,#6762,#6763));
#6765=FACE_OUTER_BOUND('',#6764,.F.);
#6766=ADVANCED_FACE('',(#6765),#6758,.F.);
#6767=CARTESIAN_POINT('',(5.999721352274E1,4.830806643518E1,1.592494096453E1));
#6768=DIRECTION('',(9.590039601612E-1,-1.856943844234E-1,2.140770888926E-1));
#6769=DIRECTION('',(1.648949195257E-1,-2.487286406550E-1,-9.544337215504E-1));
#6770=AXIS2_PLACEMENT_3D('',#6767,#6768,#6769);
#6771=PLANE('',#6770);
#6772=ORIENTED_EDGE('',*,*,#3591,.F.);
#6774=ORIENTED_EDGE('',*,*,#6773,.T.);
#6775=ORIENTED_EDGE('',*,*,#6553,.T.);
#6776=ORIENTED_EDGE('',*,*,#6760,.F.);
#6777=EDGE_LOOP('',(#6772,#6774,#6775,#6776));
#6778=FACE_OUTER_BOUND('',#6777,.F.);
#6779=ADVANCED_FACE('',(#6778),#6771,.F.);
#6780=CARTESIAN_POINT('',(6.136044031180E1,4.794193239538E1,1.576211911043E1));
#6781=DIRECTION('',(-1.625049076980E-1,-1.730620467344E-1,-9.714122106265E-1));
#6782=DIRECTION('',(-9.594118433E-1,2.576778396925E-1,1.145907756634E-1));
#6783=AXIS2_PLACEMENT_3D('',#6780,#6781,#6782);
#6784=PLANE('',#6783);
#6785=ORIENTED_EDGE('',*,*,#3589,.F.);
#6787=ORIENTED_EDGE('',*,*,#6786,.T.);
#6788=ORIENTED_EDGE('',*,*,#6555,.T.);
#6789=ORIENTED_EDGE('',*,*,#6773,.F.);
#6790=EDGE_LOOP('',(#6785,#6787,#6788,#6789));
#6791=FACE_OUTER_BOUND('',#6790,.F.);
#6792=ADVANCED_FACE('',(#6791),#6784,.F.);
#6793=CARTESIAN_POINT('',(6.162203136181E1,4.793939561904E1,1.604050678902E1));
#6794=DIRECTION('',(6.913578177282E-1,-3.103292522719E-1,-6.524723159265E-1));
#6795=DIRECTION('',(-6.847651407281E-1,6.640502455449E-3,-7.287335629507E-1));
#6796=AXIS2_PLACEMENT_3D('',#6793,#6794,#6795);
#6797=PLANE('',#6796);
#6798=ORIENTED_EDGE('',*,*,#3587,.F.);
#6800=ORIENTED_EDGE('',*,*,#6799,.T.);
#6801=ORIENTED_EDGE('',*,*,#6557,.T.);
#6802=ORIENTED_EDGE('',*,*,#6786,.F.);
#6803=EDGE_LOOP('',(#6798,#6800,#6801,#6802));
#6804=FACE_OUTER_BOUND('',#6803,.F.);
#6805=ADVANCED_FACE('',(#6804),#6797,.F.);
#6806=CARTESIAN_POINT('',(6.151278866277E1,4.810417806419E1,1.667281805790E1));
#6807=DIRECTION('',(9.590039601612E-1,-1.856943844234E-1,2.140770888926E-1));
#6808=DIRECTION('',(1.648949195256E-1,-2.487286406550E-1,-9.544337215504E-1));
#6809=AXIS2_PLACEMENT_3D('',#6806,#6807,#6808);
#6810=PLANE('',#6809);
#6811=ORIENTED_EDGE('',*,*,#3585,.F.);
#6813=ORIENTED_EDGE('',*,*,#6812,.T.);
#6814=ORIENTED_EDGE('',*,*,#6559,.T.);
#6815=ORIENTED_EDGE('',*,*,#6799,.F.);
#6816=EDGE_LOOP('',(#6811,#6813,#6814,#6815));
#6817=FACE_OUTER_BOUND('',#6816,.F.);
#6818=ADVANCED_FACE('',(#6817),#6810,.F.);
#6819=CARTESIAN_POINT('',(6.077580579282E1,4.843755831462E1,1.738010571319E1));
#6820=DIRECTION('',(6.902449137381E-1,-9.109725381658E-3,7.235184669116E-1));
#6821=DIRECTION('',(6.858869361264E-1,-3.102665853616E-1,-6.582505274280E-1));
#6822=AXIS2_PLACEMENT_3D('',#6819,#6820,#6821);
#6823=PLANE('',#6822);
#6824=ORIENTED_EDGE('',*,*,#3583,.F.);
#6826=ORIENTED_EDGE('',*,*,#6825,.T.);
#6827=ORIENTED_EDGE('',*,*,#6561,.T.);
#6828=ORIENTED_EDGE('',*,*,#6812,.F.);
#6829=EDGE_LOOP('',(#6824,#6826,#6827,#6828));
#6830=FACE_OUTER_BOUND('',#6829,.F.);
#6831=ADVANCED_FACE('',(#6830),#6823,.F.);
#6832=CARTESIAN_POINT('',(5.888790065195E1,4.894460992300E1,1.760559439772E1));
#6833=DIRECTION('',(1.625049076980E-1,1.730620467344E-1,9.714122106265E-1));
#6834=DIRECTION('',(9.594118433E-1,-2.576778396925E-1,-1.145907756634E-1));
#6835=AXIS2_PLACEMENT_3D('',#6832,#6833,#6834);
#6836=PLANE('',#6835);
#6837=ORIENTED_EDGE('',*,*,#3581,.F.);
#6838=ORIENTED_EDGE('',*,*,#6645,.T.);
#6839=ORIENTED_EDGE('',*,*,#6563,.T.);
#6840=ORIENTED_EDGE('',*,*,#6825,.F.);
#6841=EDGE_LOOP('',(#6837,#6838,#6839,#6840));
#6842=FACE_OUTER_BOUND('',#6841,.F.);
#6843=ADVANCED_FACE('',(#6842),#6836,.F.);
#6844=CARTESIAN_POINT('',(6.839022175732E1,3.843638101881E1,-1.990595213179E1));
#6845=DIRECTION('',(-9.592893179312E-1,1.861267273291E-1,-2.124166798463E-1));
#6846=DIRECTION('',(-1.632266356738E-1,2.484052786521E-1,9.548046307724E-1));
#6847=AXIS2_PLACEMENT_3D('',#6844,#6845,#6846);
#6848=PLANE('',#6847);
#6849=ORIENTED_EDGE('',*,*,#3613,.F.);
#6851=ORIENTED_EDGE('',*,*,#6850,.T.);
#6852=ORIENTED_EDGE('',*,*,#6573,.T.);
#6854=ORIENTED_EDGE('',*,*,#6853,.F.);
#6855=EDGE_LOOP('',(#6849,#6851,#6852,#6854));
#6856=FACE_OUTER_BOUND('',#6855,.F.);
#6857=ADVANCED_FACE('',(#6856),#6848,.F.);
#6858=CARTESIAN_POINT('',(7.090820938317E1,3.776010250888E1,-2.020669696538E1));
#6859=DIRECTION('',(-1.625049076980E-1,-1.730620467344E-1,-9.714122106265E-1));
#6860=DIRECTION('',(-9.594118433E-1,2.576778396925E-1,1.145907756634E-1));
#6861=AXIS2_PLACEMENT_3D('',#6858,#6859,#6860);
#6862=PLANE('',#6861);
#6863=ORIENTED_EDGE('',*,*,#3631,.F.);
#6865=ORIENTED_EDGE('',*,*,#6864,.T.);
#6866=ORIENTED_EDGE('',*,*,#6575,.T.);
#6867=ORIENTED_EDGE('',*,*,#6850,.F.);
#6868=EDGE_LOOP('',(#6863,#6865,#6866,#6867));
#6869=FACE_OUTER_BOUND('',#6868,.F.);
#6870=ADVANCED_FACE('',(#6869),#6862,.F.);
#6871=CARTESIAN_POINT('',(7.079896668413E1,3.792488495404E1,-1.957438569651E1));
#6872=DIRECTION('',(9.590039601612E-1,-1.856943844234E-1,2.140770888926E-1));
#6873=DIRECTION('',(1.648949195256E-1,-2.487286406550E-1,-9.544337215504E-1));
#6874=AXIS2_PLACEMENT_3D('',#6871,#6872,#6873);
#6875=PLANE('',#6874);
#6876=ORIENTED_EDGE('',*,*,#3629,.F.);
#6878=ORIENTED_EDGE('',*,*,#6877,.T.);
#6879=ORIENTED_EDGE('',*,*,#6577,.T.);
#6880=ORIENTED_EDGE('',*,*,#6864,.F.);
#6881=EDGE_LOOP('',(#6876,#6878,#6879,#6880));
#6882=FACE_OUTER_BOUND('',#6881,.F.);
#6883=ADVANCED_FACE('',(#6882),#6875,.F.);
#6884=CARTESIAN_POINT('',(6.912186980961E1,3.837531789647E1,-1.937407564921E1));
#6885=DIRECTION('',(1.625049076980E-1,1.730620467344E-1,9.714122106265E-1));
#6886=DIRECTION('',(9.594118433E-1,-2.576778396925E-1,-1.145907756634E-1));
#6887=AXIS2_PLACEMENT_3D('',#6884,#6885,#6886);
#6888=PLANE('',#6887);
#6889=ORIENTED_EDGE('',*,*,#3627,.F.);
#6891=ORIENTED_EDGE('',*,*,#6890,.T.);
#6892=ORIENTED_EDGE('',*,*,#6579,.T.);
#6893=ORIENTED_EDGE('',*,*,#6877,.F.);
#6894=EDGE_LOOP('',(#6889,#6891,#6892,#6893));
#6895=FACE_OUTER_BOUND('',#6894,.F.);
#6896=ADVANCED_FACE('',(#6895),#6888,.F.);
#6897=CARTESIAN_POINT('',(6.906724846009E1,3.845770911905E1,-1.905792001477E1));
#6898=DIRECTION('',(9.590039601612E-1,-1.856943844234E-1,2.140770888926E-1));
#6899=DIRECTION('',(1.648949195257E-1,-2.487286406550E-1,-9.544337215504E-1));
#6900=AXIS2_PLACEMENT_3D('',#6897,#6898,#6899);
#6901=PLANE('',#6900);
#6902=ORIENTED_EDGE('',*,*,#3625,.F.);
#6904=ORIENTED_EDGE('',*,*,#6903,.T.);
#6905=ORIENTED_EDGE('',*,*,#6581,.T.);
#6906=ORIENTED_EDGE('',*,*,#6890,.F.);
#6907=EDGE_LOOP('',(#6902,#6904,#6905,#6906));
#6908=FACE_OUTER_BOUND('',#6907,.F.);
#6909=ADVANCED_FACE('',(#6908),#6901,.F.);
#6910=CARTESIAN_POINT('',(7.074668764868E1,3.800664708033E1,-1.925850982471E1));
#6911=DIRECTION('',(-1.625049076980E-1,-1.730620467344E-1,-9.714122106265E-1));
#6912=DIRECTION('',(-9.594118433E-1,2.576778396925E-1,1.145907756634E-1));
#6913=AXIS2_PLACEMENT_3D('',#6910,#6911,#6912);
#6914=PLANE('',#6913);
#6915=ORIENTED_EDGE('',*,*,#3623,.F.);
#6917=ORIENTED_EDGE('',*,*,#6916,.T.);
#6918=ORIENTED_EDGE('',*,*,#6583,.T.);
#6919=ORIENTED_EDGE('',*,*,#6903,.F.);
#6920=EDGE_LOOP('',(#6915,#6917,#6918,#6919));
#6921=FACE_OUTER_BOUND('',#6920,.F.);
#6922=ADVANCED_FACE('',(#6921),#6914,.F.);
#6923=CARTESIAN_POINT('',(7.063744494964E1,3.817142952548E1,-1.862619855584E1));
#6924=DIRECTION('',(9.590039601612E-1,-1.856943844234E-1,2.140770888927E-1));
#6925=DIRECTION('',(1.648949195257E-1,-2.487286406550E-1,-9.544337215504E-1));
#6926=AXIS2_PLACEMENT_3D('',#6923,#6924,#6925);
#6927=PLANE('',#6926);
#6928=ORIENTED_EDGE('',*,*,#3621,.F.);
#6930=ORIENTED_EDGE('',*,*,#6929,.T.);
#6931=ORIENTED_EDGE('',*,*,#6585,.T.);
#6932=ORIENTED_EDGE('',*,*,#6916,.F.);
#6933=EDGE_LOOP('',(#6928,#6930,#6931,#6932));
#6934=FACE_OUTER_BOUND('',#6933,.F.);
#6935=ADVANCED_FACE('',(#6934),#6927,.F.);
#6936=CARTESIAN_POINT('',(6.895800576105E1,3.862249156420E1,-1.842560874590E1));
#6937=DIRECTION('',(1.625049076980E-1,1.730620467344E-1,9.714122106265E-1));
#6938=DIRECTION('',(9.594118433E-1,-2.576778396925E-1,-1.145907756634E-1));
#6939=AXIS2_PLACEMENT_3D('',#6936,#6937,#6938);
#6940=PLANE('',#6939);
#6941=ORIENTED_EDGE('',*,*,#3619,.F.);
#6943=ORIENTED_EDGE('',*,*,#6942,.T.);
#6944=ORIENTED_EDGE('',*,*,#6587,.T.);
#6945=ORIENTED_EDGE('',*,*,#6929,.F.);
#6946=EDGE_LOOP('',(#6941,#6943,#6944,#6945));
#6947=FACE_OUTER_BOUND('',#6946,.F.);
#6948=ADVANCED_FACE('',(#6947),#6940,.F.);
#6949=CARTESIAN_POINT('',(6.879648402656E1,3.886903613565E1,-1.747742160523E1));
#6950=DIRECTION('',(9.593838689235E-1,-1.862708335074E-1,2.118626173582E-1));
#6951=DIRECTION('',(1.626699792207E-1,-2.482972365390E-1,-9.549277251119E-1));
#6952=AXIS2_PLACEMENT_3D('',#6949,#6950,#6951);
#6953=PLANE('',#6952);
#6954=ORIENTED_EDGE('',*,*,#3617,.F.);
#6956=ORIENTED_EDGE('',*,*,#6955,.T.);
#6957=ORIENTED_EDGE('',*,*,#6589,.T.);
#6958=ORIENTED_EDGE('',*,*,#6942,.F.);
#6959=EDGE_LOOP('',(#6954,#6956,#6957,#6958));
#6960=FACE_OUTER_BOUND('',#6959,.F.);
#6961=ADVANCED_FACE('',(#6960),#6953,.F.);
#6962=CARTESIAN_POINT('',(6.795793558930E1,3.909425260687E1,-1.737726658158E1));
#6963=DIRECTION('',(1.625049076980E-1,1.730620467344E-1,9.714122106264E-1));
#6964=DIRECTION('',(9.594118433E-1,-2.576778396925E-1,-1.145907756634E-1));
#6965=AXIS2_PLACEMENT_3D('',#6962,#6963,#6964);
#6966=PLANE('',#6965);
#6967=ORIENTED_EDGE('',*,*,#3615,.F.);
#6968=ORIENTED_EDGE('',*,*,#6853,.T.);
#6969=ORIENTED_EDGE('',*,*,#6591,.T.);
#6970=ORIENTED_EDGE('',*,*,#6955,.F.);
#6971=EDGE_LOOP('',(#6967,#6968,#6969,#6970));
#6972=FACE_OUTER_BOUND('',#6971,.F.);
#6973=ADVANCED_FACE('',(#6972),#6966,.F.);
#6974=CARTESIAN_POINT('',(6.533838239614E1,3.966236733759E1,-1.768365437963E1));
#6975=DIRECTION('',(-9.595721157213E-1,1.865590325613E-1,-2.107536051886E-1));
#6976=DIRECTION('',(-1.615558257088E-1,2.480807700291E-1,9.551730977793E-1));
#6977=AXIS2_PLACEMENT_3D('',#6974,#6975,#6976);
#6978=PLANE('',#6977);
#6979=ORIENTED_EDGE('',*,*,#3635,.F.);
#6981=ORIENTED_EDGE('',*,*,#6980,.T.);
#6982=ORIENTED_EDGE('',*,*,#6601,.T.);
#6984=ORIENTED_EDGE('',*,*,#6983,.F.);
#6985=EDGE_LOOP('',(#6979,#6981,#6982,#6984));
#6986=FACE_OUTER_BOUND('',#6985,.F.);
#6987=ADVANCED_FACE('',(#6986),#6978,.F.);
#6988=CARTESIAN_POINT('',(6.701782158473E1,3.921130529887E1,-1.788424418957E1));
#6989=DIRECTION('',(-1.625049076980E-1,-1.730620467344E-1,-9.714122106265E-1));
#6990=DIRECTION('',(-9.594118433E-1,2.576778396925E-1,1.145907756634E-1));
#6991=AXIS2_PLACEMENT_3D('',#6988,#6989,#6990);
#6992=PLANE('',#6991);
#6993=ORIENTED_EDGE('',*,*,#3665,.F.);
#6995=ORIENTED_EDGE('',*,*,#6994,.T.);
#6996=ORIENTED_EDGE('',*,*,#6603,.T.);
#6997=ORIENTED_EDGE('',*,*,#6980,.F.);
#6998=EDGE_LOOP('',(#6993,#6995,#6996,#6997));
#6999=FACE_OUTER_BOUND('',#6998,.F.);
#7000=ADVANCED_FACE('',(#6999),#6992,.F.);
#7001=CARTESIAN_POINT('',(6.707244293425E1,3.912891407629E1,-1.820039982400E1));
#7002=DIRECTION('',(-9.590039601612E-1,1.856943844234E-1,-2.140770888927E-1));
#7003=DIRECTION('',(-1.648949195257E-1,2.487286406550E-1,9.544337215504E-1));
#7004=AXIS2_PLACEMENT_3D('',#7001,#7002,#7003);
#7005=PLANE('',#7004);
#7006=ORIENTED_EDGE('',*,*,#3663,.F.);
#7008=ORIENTED_EDGE('',*,*,#7007,.T.);
#7009=ORIENTED_EDGE('',*,*,#6605,.T.);
#7010=ORIENTED_EDGE('',*,*,#6994,.F.);
#7011=EDGE_LOOP('',(#7006,#7008,#7009,#7010));
#7012=FACE_OUTER_BOUND('',#7011,.F.);
#7013=ADVANCED_FACE('',(#7012),#7005,.F.);
#7014=CARTESIAN_POINT('',(6.570687383112E1,3.949567721238E1,-1.803729820727E1));
#7015=DIRECTION('',(1.625049076980E-1,1.730620467344E-1,9.714122106265E-1));
#7016=DIRECTION('',(9.594118433E-1,-2.576778396925E-1,-1.145907756634E-1));
#7017=AXIS2_PLACEMENT_3D('',#7014,#7015,#7016);
#7018=PLANE('',#7017);
#7019=ORIENTED_EDGE('',*,*,#3661,.F.);
#7021=ORIENTED_EDGE('',*,*,#7020,.T.);
#7022=ORIENTED_EDGE('',*,*,#6607,.T.);
#7023=ORIENTED_EDGE('',*,*,#7007,.F.);
#7024=EDGE_LOOP('',(#7019,#7021,#7022,#7023));
#7025=FACE_OUTER_BOUND('',#7024,.F.);
#7026=ADVANCED_FACE('',(#7025),#7018,.F.);
#7027=CARTESIAN_POINT('',(6.544762509518E1,3.949758489243E1,-1.831596564850E1));
#7028=DIRECTION('',(-6.949413449980E-1,3.103598237201E-1,6.486395816113E-1));
#7029=DIRECTION('',(6.811280768715E-1,-5.012076308199E-3,7.321471313803E-1));
#7030=AXIS2_PLACEMENT_3D('',#7027,#7028,#7029);
#7031=PLANE('',#7030);
#7032=ORIENTED_EDGE('',*,*,#3659,.F.);
#7034=ORIENTED_EDGE('',*,*,#7033,.T.);
#7035=ORIENTED_EDGE('',*,*,#6609,.T.);
#7036=ORIENTED_EDGE('',*,*,#7020,.F.);
#7037=EDGE_LOOP('',(#7032,#7034,#7035,#7036));
#7038=FACE_OUTER_BOUND('',#7037,.F.);
#7039=ADVANCED_FACE('',(#7038),#7031,.F.);
#7040=CARTESIAN_POINT('',(6.555452548015E1,3.933343154357E1,-1.894799715474E1));
#7041=DIRECTION('',(-9.595721157213E-1,1.865590325613E-1,-2.107536051886E-1));
#7042=DIRECTION('',(-1.615558257088E-1,2.480807700291E-1,9.551730977793E-1));
#7043=AXIS2_PLACEMENT_3D('',#7040,#7041,#7042);
#7044=PLANE('',#7043);
#7045=ORIENTED_EDGE('',*,*,#3657,.F.);
#7047=ORIENTED_EDGE('',*,*,#7046,.T.);
#7048=ORIENTED_EDGE('',*,*,#6611,.T.);
#7049=ORIENTED_EDGE('',*,*,#7033,.F.);
#7050=EDGE_LOOP('',(#7045,#7047,#7048,#7049));
#7051=FACE_OUTER_BOUND('',#7050,.F.);
#7052=ADVANCED_FACE('',(#7051),#7044,.F.);
#7053=CARTESIAN_POINT('',(6.629385066417E1,3.899942219685E1,-1.965556457267E1));
#7054=DIRECTION('',(-6.893394965164E-1,8.700416231944E-3,-7.243861962378E-1));
#7055=DIRECTION('',(-6.867969049382E-1,3.102783328656E-1,6.572954948282E-1));
#7056=AXIS2_PLACEMENT_3D('',#7053,#7054,#7055);
#7057=PLANE('',#7056);
#7058=ORIENTED_EDGE('',*,*,#3655,.F.);
#7060=ORIENTED_EDGE('',*,*,#7059,.T.);
#7061=ORIENTED_EDGE('',*,*,#6613,.T.);
#7062=ORIENTED_EDGE('',*,*,#7046,.F.);
#7063=EDGE_LOOP('',(#7058,#7060,#7061,#7062));
#7064=FACE_OUTER_BOUND('',#7063,.F.);
#7065=ADVANCED_FACE('',(#7064),#7057,.F.);
#7066=CARTESIAN_POINT('',(6.818175580504E1,3.849237058847E1,-1.988105325720E1));
#7067=DIRECTION('',(-1.625049076980E-1,-1.730620467344E-1,-9.714122106265E-1));
#7068=DIRECTION('',(-9.594118433E-1,2.576778396925E-1,1.145907756634E-1));
#7069=AXIS2_PLACEMENT_3D('',#7066,#7067,#7068);
#7070=PLANE('',#7069);
#7071=ORIENTED_EDGE('',*,*,#3653,.F.);
#7073=ORIENTED_EDGE('',*,*,#7072,.T.);
#7074=ORIENTED_EDGE('',*,*,#6615,.T.);
#7075=ORIENTED_EDGE('',*,*,#7059,.F.);
#7076=EDGE_LOOP('',(#7071,#7073,#7074,#7075));
#7077=FACE_OUTER_BOUND('',#7076,.F.);
#7078=ADVANCED_FACE('',(#7077),#7070,.F.);
#7079=CARTESIAN_POINT('',(6.807251310600E1,3.865715303363E1,-1.924874198833E1));
#7080=DIRECTION('',(9.590039601612E-1,-1.856943844234E-1,2.140770888926E-1));
#7081=DIRECTION('',(1.648949195257E-1,-2.487286406550E-1,-9.544337215504E-1));
#7082=AXIS2_PLACEMENT_3D('',#7079,#7080,#7081);
#7083=PLANE('',#7082);
#7084=ORIENTED_EDGE('',*,*,#3651,.F.);
#7086=ORIENTED_EDGE('',*,*,#7085,.T.);
#7087=ORIENTED_EDGE('',*,*,#6617,.T.);
#7088=ORIENTED_EDGE('',*,*,#7072,.F.);
#7089=EDGE_LOOP('',(#7084,#7086,#7087,#7088));
#7090=FACE_OUTER_BOUND('',#7089,.F.);
#7091=ADVANCED_FACE('',(#7090),#7083,.F.);
#7092=CARTESIAN_POINT('',(6.639541623148E1,3.910758597606E1,-1.904843194102E1));
#7093=DIRECTION('',(1.625049076980E-1,1.730620467344E-1,9.714122106265E-1));
#7094=DIRECTION('',(9.594118433E-1,-2.576778396925E-1,-1.145907756634E-1));
#7095=AXIS2_PLACEMENT_3D('',#7092,#7093,#7094);
#7096=PLANE('',#7095);
#7097=ORIENTED_EDGE('',*,*,#3649,.F.);
#7099=ORIENTED_EDGE('',*,*,#7098,.T.);
#7100=ORIENTED_EDGE('',*,*,#6619,.T.);
#7101=ORIENTED_EDGE('',*,*,#7085,.F.);
#7102=EDGE_LOOP('',(#7097,#7099,#7100,#7101));
#7103=FACE_OUTER_BOUND('',#7102,.F.);
#7104=ADVANCED_FACE('',(#7103),#7096,.F.);
#7105=CARTESIAN_POINT('',(6.634079488196E1,3.918997719864E1,-1.873227630659E1));
#7106=DIRECTION('',(9.590039601612E-1,-1.856943844234E-1,2.140770888927E-1));
#7107=DIRECTION('',(1.648949195258E-1,-2.487286406550E-1,-9.544337215504E-1));
#7108=AXIS2_PLACEMENT_3D('',#7105,#7106,#7107);
#7109=PLANE('',#7108);
#7110=ORIENTED_EDGE('',*,*,#3647,.F.);
#7112=ORIENTED_EDGE('',*,*,#7111,.T.);
#7113=ORIENTED_EDGE('',*,*,#6621,.T.);
#7114=ORIENTED_EDGE('',*,*,#7098,.F.);
#7115=EDGE_LOOP('',(#7110,#7112,#7113,#7114));
#7116=FACE_OUTER_BOUND('',#7115,.F.);
#7117=ADVANCED_FACE('',(#7116),#7109,.F.);
#7118=CARTESIAN_POINT('',(6.770402167103E1,3.882384315884E1,-1.889509816068E1));
#7119=DIRECTION('',(-1.625049076980E-1,-1.730620467344E-1,-9.714122106265E-1));
#7120=DIRECTION('',(-9.594118433E-1,2.576778396925E-1,1.145907756634E-1));
#7121=AXIS2_PLACEMENT_3D('',#7118,#7119,#7120);
#7122=PLANE('',#7121);
#7123=ORIENTED_EDGE('',*,*,#3645,.F.);
#7125=ORIENTED_EDGE('',*,*,#7124,.T.);
#7126=ORIENTED_EDGE('',*,*,#6623,.T.);
#7127=ORIENTED_EDGE('',*,*,#7111,.F.);
#7128=EDGE_LOOP('',(#7123,#7125,#7126,#7127));
#7129=FACE_OUTER_BOUND('',#7128,.F.);
#7130=ADVANCED_FACE('',(#7129),#7122,.F.);
#7131=CARTESIAN_POINT('',(6.796561272103E1,3.882130638250E1,-1.861671048209E1));
#7132=DIRECTION('',(6.913578177282E-1,-3.103292522719E-1,-6.524723159265E-1));
#7133=DIRECTION('',(-6.847651407281E-1,6.640502455443E-3,-7.287335629507E-1));
#7134=AXIS2_PLACEMENT_3D('',#7131,#7132,#7133);
#7135=PLANE('',#7134);
#7136=ORIENTED_EDGE('',*,*,#3643,.F.);
#7138=ORIENTED_EDGE('',*,*,#7137,.T.);
#7139=ORIENTED_EDGE('',*,*,#6625,.T.);
#7140=ORIENTED_EDGE('',*,*,#7124,.F.);
#7141=EDGE_LOOP('',(#7136,#7138,#7139,#7140));
#7142=FACE_OUTER_BOUND('',#7141,.F.);
#7143=ADVANCED_FACE('',(#7142),#7135,.F.);
#7144=CARTESIAN_POINT('',(6.785637002199E1,3.898608882766E1,-1.798439921322E1));
#7145=DIRECTION('',(9.590039601612E-1,-1.856943844234E-1,2.140770888926E-1));
#7146=DIRECTION('',(1.648949195256E-1,-2.487286406550E-1,-9.544337215504E-1));
#7147=AXIS2_PLACEMENT_3D('',#7144,#7145,#7146);
#7148=PLANE('',#7147);
#7149=ORIENTED_EDGE('',*,*,#3641,.F.);
#7151=ORIENTED_EDGE('',*,*,#7150,.T.);
#7152=ORIENTED_EDGE('',*,*,#6627,.T.);
#7153=ORIENTED_EDGE('',*,*,#7137,.F.);
#7154=EDGE_LOOP('',(#7149,#7151,#7152,#7153));
#7155=FACE_OUTER_BOUND('',#7154,.F.);
#7156=ADVANCED_FACE('',(#7155),#7148,.F.);
#7157=CARTESIAN_POINT('',(6.711938715204E1,3.931946907808E1,-1.727711155792E1));
#7158=DIRECTION('',(6.902449137381E-1,-9.109725381657E-3,7.235184669116E-1));
#7159=DIRECTION('',(6.858869361264E-1,-3.102665853616E-1,-6.582505274280E-1));
#7160=AXIS2_PLACEMENT_3D('',#7157,#7158,#7159);
#7161=PLANE('',#7160);
#7162=ORIENTED_EDGE('',*,*,#3639,.F.);
#7164=ORIENTED_EDGE('',*,*,#7163,.T.);
#7165=ORIENTED_EDGE('',*,*,#6629,.T.);
#7166=ORIENTED_EDGE('',*,*,#7150,.F.);
#7167=EDGE_LOOP('',(#7162,#7164,#7165,#7166));
#7168=FACE_OUTER_BOUND('',#7167,.F.);
#7169=ADVANCED_FACE('',(#7168),#7161,.F.);
#7170=CARTESIAN_POINT('',(6.523148201118E1,3.982652068646E1,-1.705162287339E1));
#7171=DIRECTION('',(1.625049076980E-1,1.730620467344E-1,9.714122106265E-1));
#7172=DIRECTION('',(9.594118433E-1,-2.576778396925E-1,-1.145907756634E-1));
#7173=AXIS2_PLACEMENT_3D('',#7170,#7171,#7172);
#7174=PLANE('',#7173);
#7175=ORIENTED_EDGE('',*,*,#3637,.F.);
#7176=ORIENTED_EDGE('',*,*,#6983,.T.);
#7177=ORIENTED_EDGE('',*,*,#6631,.T.);
#7178=ORIENTED_EDGE('',*,*,#7163,.F.);
#7179=EDGE_LOOP('',(#7175,#7176,#7177,#7178));
#7180=FACE_OUTER_BOUND('',#7179,.F.);
#7181=ADVANCED_FACE('',(#7180),#7174,.F.);
#7182=CARTESIAN_POINT('',(7.169672655594E1,4.273596526404E1,3.417863024344E0));
#7183=DIRECTION('',(-9.592600658913E-1,1.860822307562E-1,-2.125876980988E-1));
#7184=DIRECTION('',(1.633984579987E-1,-2.484386131125E-1,-9.547665680355E-1));
#7185=AXIS2_PLACEMENT_3D('',#7182,#7183,#7184);
#7186=PLANE('',#7185);
#7188=ORIENTED_EDGE('',*,*,#7187,.T.);
#7189=ORIENTED_EDGE('',*,*,#3669,.T.);
#7191=ORIENTED_EDGE('',*,*,#7190,.T.);
#7193=ORIENTED_EDGE('',*,*,#7192,.T.);
#7194=EDGE_LOOP('',(#7188,#7189,#7191,#7193));
#7195=FACE_OUTER_BOUND('',#7194,.F.);
#7196=ADVANCED_FACE('',(#7195),#7186,.F.);
#7197=CARTESIAN_POINT('',(7.358524236266E1,4.222956863669E1,3.196045971627E0));
#7198=DIRECTION('',(1.606619855561E-1,1.735566171806E-1,9.716304992280E-1));
#7199=DIRECTION('',(-9.597221767196E-1,2.573449858095E-1,1.127248942839E-1));
#7200=AXIS2_PLACEMENT_3D('',#7197,#7198,#7199);
#7201=PLANE('',#7200);
#7202=ORIENTED_EDGE('',*,*,#7187,.F.);
#7204=ORIENTED_EDGE('',*,*,#7203,.T.);
#7206=ORIENTED_EDGE('',*,*,#7205,.T.);
#7207=ORIENTED_EDGE('',*,*,#3671,.T.);
#7208=EDGE_LOOP('',(#7202,#7204,#7206,#7207));
#7209=FACE_OUTER_BOUND('',#7208,.F.);
#7210=ADVANCED_FACE('',(#7209),#7201,.F.);
#7211=CARTESIAN_POINT('',(5.688652166354E1,4.422865779367E1,-5.453667460472E0));
#7212=DIRECTION('',(-2.304800857119E-1,-9.506059430235E-1,2.079116908178E-1));
#7213=DIRECTION('',(8.378843015865E-1,-8.522927036118E-2,5.391529176668E-1));
#7214=AXIS2_PLACEMENT_3D('',#7211,#7212,#7213);
#7215=PLANE('',#7214);
#7216=ORIENTED_EDGE('',*,*,#7192,.F.);
#7218=ORIENTED_EDGE('',*,*,#7217,.F.);
#7220=ORIENTED_EDGE('',*,*,#7219,.F.);
#7222=ORIENTED_EDGE('',*,*,#7221,.F.);
#7224=ORIENTED_EDGE('',*,*,#7223,.F.);
#7226=ORIENTED_EDGE('',*,*,#7225,.F.);
#7228=ORIENTED_EDGE('',*,*,#7227,.F.);
#7230=ORIENTED_EDGE('',*,*,#7229,.F.);
#7232=ORIENTED_EDGE('',*,*,#7231,.F.);
#7234=ORIENTED_EDGE('',*,*,#7233,.F.);
#7236=ORIENTED_EDGE('',*,*,#7235,.F.);
#7238=ORIENTED_EDGE('',*,*,#7237,.F.);
#7240=ORIENTED_EDGE('',*,*,#7239,.F.);
#7242=ORIENTED_EDGE('',*,*,#7241,.F.);
#7244=ORIENTED_EDGE('',*,*,#7243,.F.);
#7245=ORIENTED_EDGE('',*,*,#7203,.F.);
#7246=EDGE_LOOP('',(#7216,#7218,#7220,#7222,#7224,#7226,#7228,#7230,#7232,#7234,
#7236,#7238,#7240,#7242,#7244,#7245));
#7247=FACE_OUTER_BOUND('',#7246,.F.);
#7248=ADVANCED_FACE('',(#7247),#7215,.F.);
#7249=CARTESIAN_POINT('',(5.688652166354E1,4.422865779367E1,-5.453667460472E0));
#7250=DIRECTION('',(-2.304800857119E-1,-9.506059430235E-1,2.079116908178E-1));
#7251=DIRECTION('',(8.378843015865E-1,-8.522927036118E-2,5.391529176668E-1));
#7252=AXIS2_PLACEMENT_3D('',#7249,#7250,#7251);
#7253=PLANE('',#7252);
#7255=ORIENTED_EDGE('',*,*,#7254,.F.);
#7257=ORIENTED_EDGE('',*,*,#7256,.F.);
#7259=ORIENTED_EDGE('',*,*,#7258,.F.);
#7261=ORIENTED_EDGE('',*,*,#7260,.F.);
#7263=ORIENTED_EDGE('',*,*,#7262,.F.);
#7265=ORIENTED_EDGE('',*,*,#7264,.F.);
#7267=ORIENTED_EDGE('',*,*,#7266,.F.);
#7269=ORIENTED_EDGE('',*,*,#7268,.F.);
#7271=ORIENTED_EDGE('',*,*,#7270,.F.);
#7273=ORIENTED_EDGE('',*,*,#7272,.F.);
#7275=ORIENTED_EDGE('',*,*,#7274,.F.);
#7277=ORIENTED_EDGE('',*,*,#7276,.F.);
#7278=EDGE_LOOP('',(#7255,#7257,#7259,#7261,#7263,#7265,#7267,#7269,#7271,#7273,
#7275,#7277));
#7279=FACE_OUTER_BOUND('',#7278,.F.);
#7280=ADVANCED_FACE('',(#7279),#7253,.F.);
#7281=CARTESIAN_POINT('',(7.180484619809E1,4.257157513285E1,2.786100516058E0));
#7282=DIRECTION('',(-1.606619855561E-1,-1.735566171806E-1,-9.716304992280E-1));
#7283=DIRECTION('',(9.597221767196E-1,-2.573449858095E-1,-1.127248942839E-1));
#7284=AXIS2_PLACEMENT_3D('',#7281,#7282,#7283);
#7285=PLANE('',#7284);
#7287=ORIENTED_EDGE('',*,*,#7286,.F.);
#7288=ORIENTED_EDGE('',*,*,#7217,.T.);
#7289=ORIENTED_EDGE('',*,*,#7190,.F.);
#7290=ORIENTED_EDGE('',*,*,#3699,.T.);
#7291=EDGE_LOOP('',(#7287,#7288,#7289,#7290));
#7292=FACE_OUTER_BOUND('',#7291,.F.);
#7293=ADVANCED_FACE('',(#7292),#7285,.F.);
#7294=CARTESIAN_POINT('',(7.348482862169E1,4.212109575095E1,2.588776909609E0));
#7295=DIRECTION('',(-9.586854983989E-1,1.852163399288E-1,-2.159097556458E-1));
#7296=DIRECTION('',(1.667364544719E-1,-2.490848219219E-1,-9.540208101704E-1));
#7297=AXIS2_PLACEMENT_3D('',#7294,#7295,#7296);
#7298=PLANE('',#7297);
#7299=ORIENTED_EDGE('',*,*,#7286,.T.);
#7300=ORIENTED_EDGE('',*,*,#3697,.T.);
#7302=ORIENTED_EDGE('',*,*,#7301,.F.);
#7303=ORIENTED_EDGE('',*,*,#7219,.T.);
#7304=EDGE_LOOP('',(#7299,#7300,#7302,#7303));
#7305=FACE_OUTER_BOUND('',#7304,.F.);
#7306=ADVANCED_FACE('',(#7305),#7298,.F.);
#7307=CARTESIAN_POINT('',(7.354005997863E1,4.203858654353E1,2.272758051836E0));
#7308=DIRECTION('',(1.606619855561E-1,1.735566171806E-1,9.716304992280E-1));
#7309=DIRECTION('',(-9.597221767196E-1,2.573449858095E-1,1.127248942839E-1));
#7310=AXIS2_PLACEMENT_3D('',#7307,#7308,#7309);
#7311=PLANE('',#7310);
#7312=ORIENTED_EDGE('',*,*,#7301,.T.);
#7313=ORIENTED_EDGE('',*,*,#3695,.T.);
#7315=ORIENTED_EDGE('',*,*,#7314,.T.);
#7316=ORIENTED_EDGE('',*,*,#7221,.T.);
#7317=EDGE_LOOP('',(#7312,#7313,#7315,#7316));
#7318=FACE_OUTER_BOUND('',#7317,.F.);
#7319=ADVANCED_FACE('',(#7318),#7311,.F.);
#7320=CARTESIAN_POINT('',(7.217404916557E1,4.240487591542E1,2.433203885253E0));
#7321=DIRECTION('',(-6.962482208926E-1,3.103688773902E-1,6.472322418200E-1));
#7322=DIRECTION('',(-6.797921336659E-1,4.415997735547E-3,-7.333915420633E-1));
#7323=AXIS2_PLACEMENT_3D('',#7320,#7321,#7322);
#7324=PLANE('',#7323);
#7325=ORIENTED_EDGE('',*,*,#3693,.T.);
#7327=ORIENTED_EDGE('',*,*,#7326,.T.);
#7328=ORIENTED_EDGE('',*,*,#7223,.T.);
#7329=ORIENTED_EDGE('',*,*,#7314,.F.);
#7330=EDGE_LOOP('',(#7325,#7327,#7328,#7329));
#7331=FACE_OUTER_BOUND('',#7330,.F.);
#7332=ADVANCED_FACE('',(#7331),#7324,.F.);
#7333=CARTESIAN_POINT('',(7.191530891196E1,4.240655671800E1,2.154062800512E0));
#7334=DIRECTION('',(-9.592600658914E-1,1.860822307562E-1,-2.125876980988E-1));
#7335=DIRECTION('',(1.633984579987E-1,-2.484386131125E-1,-9.547665680355E-1));
#7336=AXIS2_PLACEMENT_3D('',#7333,#7334,#7335);
#7337=PLANE('',#7336);
#7339=ORIENTED_EDGE('',*,*,#7338,.F.);
#7340=ORIENTED_EDGE('',*,*,#7225,.T.);
#7341=ORIENTED_EDGE('',*,*,#7326,.F.);
#7342=ORIENTED_EDGE('',*,*,#3691,.T.);
#7343=EDGE_LOOP('',(#7339,#7340,#7341,#7342));
#7344=FACE_OUTER_BOUND('',#7343,.F.);
#7345=ADVANCED_FACE('',(#7344),#7337,.F.);
#7346=CARTESIAN_POINT('',(7.202342855411E1,4.224216658681E1,1.522300292227E0));
#7347=DIRECTION('',(-6.880191801748E-1,8.104487366164E-3,-7.256472455651E-1));
#7348=DIRECTION('',(6.881195665013E-1,-3.102944704196E-1,-6.559030445311E-1));
#7349=AXIS2_PLACEMENT_3D('',#7346,#7347,#7348);
#7350=PLANE('',#7349);
#7351=ORIENTED_EDGE('',*,*,#7338,.T.);
#7352=ORIENTED_EDGE('',*,*,#3689,.T.);
#7354=ORIENTED_EDGE('',*,*,#7353,.T.);
#7355=ORIENTED_EDGE('',*,*,#7227,.T.);
#7356=EDGE_LOOP('',(#7351,#7352,#7354,#7355));
#7357=FACE_OUTER_BOUND('',#7356,.F.);
#7358=ADVANCED_FACE('',(#7357),#7350,.F.);
#7359=CARTESIAN_POINT('',(7.276417756080E1,4.190813986830E1,8.162318233539E-1));
#7360=DIRECTION('',(-1.606619855561E-1,-1.735566171806E-1,-9.716304992280E-1));
#7361=DIRECTION('',(9.597221767196E-1,-2.573449858095E-1,-1.127248942839E-1));
#7362=AXIS2_PLACEMENT_3D('',#7359,#7360,#7361);
#7363=PLANE('',#7362);
#7365=ORIENTED_EDGE('',*,*,#7364,.F.);
#7366=ORIENTED_EDGE('',*,*,#7229,.T.);
#7367=ORIENTED_EDGE('',*,*,#7353,.F.);
#7368=ORIENTED_EDGE('',*,*,#3687,.T.);
#7369=EDGE_LOOP('',(#7365,#7366,#7367,#7368));
#7370=FACE_OUTER_BOUND('',#7369,.F.);
#7371=ADVANCED_FACE('',(#7370),#7363,.F.);
#7372=CARTESIAN_POINT('',(7.465269336753E1,4.140174324095E1,5.944147706369E-1));
#7373=DIRECTION('',(9.586854983989E-1,-1.852163399288E-1,2.159097556458E-1));
#7374=DIRECTION('',(-1.667364544719E-1,2.490848219219E-1,9.540208101705E-1));
#7375=AXIS2_PLACEMENT_3D('',#7372,#7373,#7374);
#7376=PLANE('',#7375);
#7377=ORIENTED_EDGE('',*,*,#7364,.T.);
#7378=ORIENTED_EDGE('',*,*,#3685,.T.);
#7380=ORIENTED_EDGE('',*,*,#7379,.F.);
#7381=ORIENTED_EDGE('',*,*,#7231,.T.);
#7382=EDGE_LOOP('',(#7377,#7378,#7380,#7381));
#7383=FACE_OUTER_BOUND('',#7382,.F.);
#7384=ADVANCED_FACE('',(#7383),#7376,.F.);
#7385=CARTESIAN_POINT('',(7.454223065366E1,4.156676165579E1,1.226452486184E0));
#7386=DIRECTION('',(1.606619855561E-1,1.735566171806E-1,9.716304992280E-1));
#7387=DIRECTION('',(-9.597221767196E-1,2.573449858095E-1,1.127248942839E-1));
#7388=AXIS2_PLACEMENT_3D('',#7385,#7386,#7387);
#7389=PLANE('',#7388);
#7390=ORIENTED_EDGE('',*,*,#7379,.T.);
#7391=ORIENTED_EDGE('',*,*,#3683,.T.);
#7393=ORIENTED_EDGE('',*,*,#7392,.T.);
#7394=ORIENTED_EDGE('',*,*,#7233,.T.);
#7395=EDGE_LOOP('',(#7390,#7391,#7393,#7394));
#7396=FACE_OUTER_BOUND('',#7395,.F.);
#7397=ADVANCED_FACE('',(#7396),#7389,.F.);
#7398=CARTESIAN_POINT('',(7.286459130178E1,4.201661275404E1,1.423500885371E0));
#7399=DIRECTION('',(9.586854983989E-1,-1.852163399288E-1,2.159097556457E-1));
#7400=DIRECTION('',(-1.667364544719E-1,2.490848219219E-1,9.540208101705E-1));
#7401=AXIS2_PLACEMENT_3D('',#7398,#7399,#7400);
#7402=PLANE('',#7401);
#7403=ORIENTED_EDGE('',*,*,#3681,.T.);
#7405=ORIENTED_EDGE('',*,*,#7404,.T.);
#7406=ORIENTED_EDGE('',*,*,#7235,.T.);
#7407=ORIENTED_EDGE('',*,*,#7392,.F.);
#7408=EDGE_LOOP('',(#7403,#7405,#7406,#7407));
#7409=FACE_OUTER_BOUND('',#7408,.F.);
#7410=ADVANCED_FACE('',(#7409),#7402,.F.);
#7411=CARTESIAN_POINT('',(7.280935994484E1,4.209912196146E1,1.739519743145E0));
#7412=DIRECTION('',(-1.606619855561E-1,-1.735566171806E-1,-9.716304992280E-1));
#7413=DIRECTION('',(9.597221767196E-1,-2.573449858095E-1,-1.127248942839E-1));
#7414=AXIS2_PLACEMENT_3D('',#7411,#7412,#7413);
#7415=PLANE('',#7414);
#7417=ORIENTED_EDGE('',*,*,#7416,.F.);
#7418=ORIENTED_EDGE('',*,*,#7237,.T.);
#7419=ORIENTED_EDGE('',*,*,#7404,.F.);
#7420=ORIENTED_EDGE('',*,*,#3679,.T.);
#7421=EDGE_LOOP('',(#7417,#7418,#7419,#7420));
#7422=FACE_OUTER_BOUND('',#7421,.F.);
#7423=ADVANCED_FACE('',(#7422),#7415,.F.);
#7424=CARTESIAN_POINT('',(7.417302768617E1,4.173346087322E1,1.579349116989E0));
#7425=DIRECTION('',(6.926716854860E-1,-3.103414335130E-1,-6.510715250809E-1));
#7426=DIRECTION('',(6.834360732477E-1,-6.044479594247E-3,7.299853409831E-1));
#7427=AXIS2_PLACEMENT_3D('',#7424,#7425,#7426);
#7428=PLANE('',#7427);
#7429=ORIENTED_EDGE('',*,*,#7416,.T.);
#7430=ORIENTED_EDGE('',*,*,#3677,.T.);
#7432=ORIENTED_EDGE('',*,*,#7431,.F.);
#7433=ORIENTED_EDGE('',*,*,#7239,.T.);
#7434=EDGE_LOOP('',(#7429,#7430,#7432,#7433));
#7435=FACE_OUTER_BOUND('',#7434,.F.);
#7436=ADVANCED_FACE('',(#7435),#7428,.F.);
#7437=CARTESIAN_POINT('',(7.443411101151E1,4.173115178698E1,1.858214994469E0));
#7438=DIRECTION('',(9.586854983989E-1,-1.852163399288E-1,2.159097556458E-1));
#7439=DIRECTION('',(-1.667364544719E-1,2.490848219219E-1,9.540208101705E-1));
#7440=AXIS2_PLACEMENT_3D('',#7437,#7438,#7439);
#7441=PLANE('',#7440);
#7442=ORIENTED_EDGE('',*,*,#7431,.T.);
#7443=ORIENTED_EDGE('',*,*,#3675,.T.);
#7445=ORIENTED_EDGE('',*,*,#7444,.F.);
#7446=ORIENTED_EDGE('',*,*,#7241,.T.);
#7447=EDGE_LOOP('',(#7442,#7443,#7445,#7446));
#7448=FACE_OUTER_BOUND('',#7447,.F.);
#7449=ADVANCED_FACE('',(#7448),#7441,.F.);
#7450=CARTESIAN_POINT('',(7.432364829763E1,4.189617020183E1,2.490252710016E0));
#7451=DIRECTION('',(6.889263433900E-1,-8.513818322955E-3,7.247813520510E-1));
#7452=DIRECTION('',(-6.872113382894E-1,3.102835090462E-1,6.568597419088E-1));
#7453=AXIS2_PLACEMENT_3D('',#7450,#7451,#7452);
#7454=PLANE('',#7453);
#7455=ORIENTED_EDGE('',*,*,#7444,.T.);
#7456=ORIENTED_EDGE('',*,*,#3673,.T.);
#7457=ORIENTED_EDGE('',*,*,#7205,.F.);
#7458=ORIENTED_EDGE('',*,*,#7243,.T.);
#7459=EDGE_LOOP('',(#7455,#7456,#7457,#7458));
#7460=FACE_OUTER_BOUND('',#7459,.F.);
#7461=ADVANCED_FACE('',(#7460),#7454,.F.);
#7462=CARTESIAN_POINT('',(7.442406203861E1,4.200464308757E1,3.097521772033E0));
#7463=DIRECTION('',(-9.589740597069E-1,1.856493030781E-1,-2.142500620207E-1));
#7464=DIRECTION('',(1.650687217479E-1,-2.487622908623E-1,-9.543949076485E-1));
#7465=AXIS2_PLACEMENT_3D('',#7462,#7463,#7464);
#7466=PLANE('',#7465);
#7468=ORIENTED_EDGE('',*,*,#7467,.T.);
#7469=ORIENTED_EDGE('',*,*,#3703,.T.);
#7471=ORIENTED_EDGE('',*,*,#7470,.F.);
#7472=ORIENTED_EDGE('',*,*,#7254,.T.);
#7473=EDGE_LOOP('',(#7468,#7469,#7471,#7472));
#7474=FACE_OUTER_BOUND('',#7473,.F.);
#7475=ADVANCED_FACE('',(#7474),#7466,.F.);
#7476=CARTESIAN_POINT('',(7.526288171455E1,4.177971753845E1,2.998997572439E0));
#7477=DIRECTION('',(1.606619855561E-1,1.735566171806E-1,9.716304992280E-1));
#7478=DIRECTION('',(-9.597221767196E-1,2.573449858095E-1,1.127248942839E-1));
#7479=AXIS2_PLACEMENT_3D('',#7476,#7477,#7478);
#7480=PLANE('',#7479);
#7481=ORIENTED_EDGE('',*,*,#7467,.F.);
#7482=ORIENTED_EDGE('',*,*,#7276,.T.);
#7484=ORIENTED_EDGE('',*,*,#7483,.T.);
#7485=ORIENTED_EDGE('',*,*,#3705,.T.);
#7486=EDGE_LOOP('',(#7481,#7482,#7484,#7485));
#7487=FACE_OUTER_BOUND('',#7486,.F.);
#7488=ADVANCED_FACE('',(#7487),#7480,.F.);
#7489=CARTESIAN_POINT('',(7.542623271364E1,4.153281819984E1,2.051216206381E0));
#7490=DIRECTION('',(9.590696796253E-1,-1.857936164936E-1,2.136962369664E-1));
#7491=DIRECTION('',(-1.645122479137E-1,2.486545257153E-1,9.545190658796E-1));
#7492=AXIS2_PLACEMENT_3D('',#7489,#7490,#7491);
#7493=PLANE('',#7492);
#7495=ORIENTED_EDGE('',*,*,#7494,.T.);
#7496=ORIENTED_EDGE('',*,*,#3707,.T.);
#7497=ORIENTED_EDGE('',*,*,#7483,.F.);
#7498=ORIENTED_EDGE('',*,*,#7274,.T.);
#7499=EDGE_LOOP('',(#7495,#7496,#7497,#7498));
#7500=FACE_OUTER_BOUND('',#7499,.F.);
#7501=ADVANCED_FACE('',(#7500),#7493,.F.);
#7502=CARTESIAN_POINT('',(7.626739546130E1,4.130726436706E1,1.952416799525E0));
#7503=DIRECTION('',(1.606619855561E-1,1.735566171806E-1,9.716304992280E-1));
#7504=DIRECTION('',(-9.597221767196E-1,2.573449858095E-1,1.127248942839E-1));
#7505=AXIS2_PLACEMENT_3D('',#7502,#7503,#7504);
#7506=PLANE('',#7505);
#7508=ORIENTED_EDGE('',*,*,#7507,.T.);
#7509=ORIENTED_EDGE('',*,*,#3709,.T.);
#7510=ORIENTED_EDGE('',*,*,#7494,.F.);
#7511=ORIENTED_EDGE('',*,*,#7272,.T.);
#7512=EDGE_LOOP('',(#7508,#7509,#7510,#7511));
#7513=FACE_OUTER_BOUND('',#7512,.F.);
#7514=ADVANCED_FACE('',(#7513),#7506,.F.);
#7515=CARTESIAN_POINT('',(7.610170139049E1,4.155479198933E1,2.900473372845E0));
#7516=DIRECTION('',(-9.586854983989E-1,1.852163399288E-1,-2.159097556458E-1));
#7517=DIRECTION('',(1.667364544719E-1,-2.490848219219E-1,-9.540208101705E-1));
#7518=AXIS2_PLACEMENT_3D('',#7515,#7516,#7517);
#7519=PLANE('',#7518);
#7521=ORIENTED_EDGE('',*,*,#7520,.T.);
#7522=ORIENTED_EDGE('',*,*,#3711,.T.);
#7523=ORIENTED_EDGE('',*,*,#7507,.F.);
#7524=ORIENTED_EDGE('',*,*,#7270,.T.);
#7525=EDGE_LOOP('',(#7521,#7522,#7523,#7524));
#7526=FACE_OUTER_BOUND('',#7525,.F.);
#7527=ADVANCED_FACE('',(#7526),#7519,.F.);
#7528=CARTESIAN_POINT('',(7.694286413815E1,4.132923815655E1,2.801673965990E0));
#7529=DIRECTION('',(1.606619855561E-1,1.735566171806E-1,9.716304992280E-1));
#7530=DIRECTION('',(-9.597221767196E-1,2.573449858095E-1,1.127248942839E-1));
#7531=AXIS2_PLACEMENT_3D('',#7528,#7529,#7530);
#7532=PLANE('',#7531);
#7534=ORIENTED_EDGE('',*,*,#7533,.T.);
#7535=ORIENTED_EDGE('',*,*,#3713,.T.);
#7536=ORIENTED_EDGE('',*,*,#7520,.F.);
#7537=ORIENTED_EDGE('',*,*,#7268,.T.);
#7538=EDGE_LOOP('',(#7534,#7535,#7536,#7537));
#7539=FACE_OUTER_BOUND('',#7538,.F.);
#7540=ADVANCED_FACE('',(#7539),#7532,.F.);
#7541=CARTESIAN_POINT('',(7.738002885020E1,4.067042106448E1,2.740735183262E-1));
#7542=DIRECTION('',(9.589740597069E-1,-1.856493030781E-1,2.142500620207E-1));
#7543=DIRECTION('',(-1.650687217479E-1,2.487622908623E-1,9.543949076485E-1));
#7544=AXIS2_PLACEMENT_3D('',#7541,#7542,#7543);
#7545=PLANE('',#7544);
#7547=ORIENTED_EDGE('',*,*,#7546,.T.);
#7548=ORIENTED_EDGE('',*,*,#3715,.T.);
#7549=ORIENTED_EDGE('',*,*,#7533,.F.);
#7550=ORIENTED_EDGE('',*,*,#7266,.T.);
#7551=EDGE_LOOP('',(#7547,#7548,#7549,#7550));
#7552=FACE_OUTER_BOUND('',#7551,.F.);
#7553=ADVANCED_FACE('',(#7552),#7545,.F.);
#7554=CARTESIAN_POINT('',(7.654120917426E1,4.089534661360E1,3.725977179200E-1));
#7555=DIRECTION('',(-1.606619855561E-1,-1.735566171806E-1,-9.716304992280E-1));
#7556=DIRECTION('',(9.597221767196E-1,-2.573449858095E-1,-1.127248942839E-1));
#7557=AXIS2_PLACEMENT_3D('',#7554,#7555,#7556);
#7558=PLANE('',#7557);
#7560=ORIENTED_EDGE('',*,*,#7559,.T.);
#7561=ORIENTED_EDGE('',*,*,#3717,.T.);
#7562=ORIENTED_EDGE('',*,*,#7546,.F.);
#7563=ORIENTED_EDGE('',*,*,#7264,.T.);
#7564=EDGE_LOOP('',(#7560,#7561,#7562,#7563));
#7565=FACE_OUTER_BOUND('',#7564,.F.);
#7566=ADVANCED_FACE('',(#7565),#7558,.F.);
#7567=CARTESIAN_POINT('',(7.637551510345E1,4.114287423587E1,1.320654291240E0));
#7568=DIRECTION('',(-9.586854983989E-1,1.852163399288E-1,-2.159097556458E-1));
#7569=DIRECTION('',(1.667364544719E-1,-2.490848219219E-1,-9.540208101705E-1));
#7570=AXIS2_PLACEMENT_3D('',#7567,#7568,#7569);
#7571=PLANE('',#7570);
#7573=ORIENTED_EDGE('',*,*,#7572,.T.);
#7574=ORIENTED_EDGE('',*,*,#3719,.T.);
#7575=ORIENTED_EDGE('',*,*,#7559,.F.);
#7576=ORIENTED_EDGE('',*,*,#7262,.T.);
#7577=EDGE_LOOP('',(#7573,#7574,#7575,#7576));
#7578=FACE_OUTER_BOUND('',#7577,.F.);
#7579=ADVANCED_FACE('',(#7578),#7571,.F.);
#7580=CARTESIAN_POINT('',(7.553669542751E1,4.136779978499E1,1.419178490834E0));
#7581=DIRECTION('',(-1.606619855561E-1,-1.735566171806E-1,-9.716304992280E-1));
#7582=DIRECTION('',(9.597221767196E-1,-2.573449858095E-1,-1.127248942839E-1));
#7583=AXIS2_PLACEMENT_3D('',#7580,#7581,#7582);
#7584=PLANE('',#7583);
#7586=ORIENTED_EDGE('',*,*,#7585,.T.);
#7587=ORIENTED_EDGE('',*,*,#3721,.T.);
#7588=ORIENTED_EDGE('',*,*,#7572,.F.);
#7589=ORIENTED_EDGE('',*,*,#7260,.T.);
#7590=EDGE_LOOP('',(#7586,#7587,#7588,#7589));
#7591=FACE_OUTER_BOUND('',#7590,.F.);
#7592=ADVANCED_FACE('',(#7591),#7584,.F.);
#7593=CARTESIAN_POINT('',(7.570004642660E1,4.112090044638E1,4.713971247753E-1));
#7594=DIRECTION('',(9.590696796253E-1,-1.857936164936E-1,2.136962369664E-1));
#7595=DIRECTION('',(-1.645122479137E-1,2.486545257153E-1,9.545190658796E-1));
#7596=AXIS2_PLACEMENT_3D('',#7593,#7594,#7595);
#7597=PLANE('',#7596);
#7599=ORIENTED_EDGE('',*,*,#7598,.T.);
#7600=ORIENTED_EDGE('',*,*,#3723,.T.);
#7601=ORIENTED_EDGE('',*,*,#7585,.F.);
#7602=ORIENTED_EDGE('',*,*,#7258,.T.);
#7603=EDGE_LOOP('',(#7599,#7600,#7601,#7602));
#7604=FACE_OUTER_BOUND('',#7603,.F.);
#7605=ADVANCED_FACE('',(#7604),#7597,.F.);
#7606=CARTESIAN_POINT('',(7.486122675066E1,4.134582599550E1,5.699213243692E-1));
#7607=DIRECTION('',(-1.606619855561E-1,-1.735566171806E-1,-9.716304992280E-1));
#7608=DIRECTION('',(9.597221767196E-1,-2.573449858095E-1,-1.127248942839E-1));
#7609=AXIS2_PLACEMENT_3D('',#7606,#7607,#7608);
#7610=PLANE('',#7609);
#7611=ORIENTED_EDGE('',*,*,#7470,.T.);
#7612=ORIENTED_EDGE('',*,*,#3725,.T.);
#7613=ORIENTED_EDGE('',*,*,#7598,.F.);
#7614=ORIENTED_EDGE('',*,*,#7256,.T.);
#7615=EDGE_LOOP('',(#7611,#7612,#7613,#7614));
#7616=FACE_OUTER_BOUND('',#7615,.F.);
#7617=ADVANCED_FACE('',(#7616),#7610,.F.);
#7618=CLOSED_SHELL('',(#3753,#3770,#3787,#3833,#3852,#3888,#3926,#3972,#4020,
#4098,#4168,#4183,#4196,#4208,#4220,#4236,#4252,#4268,#4391,#4406,#4419,#4435,
#4457,#4472,#4485,#4503,#4518,#4533,#4547,#4560,#4572,#4586,#4630,#4644,#4656,
#4671,#4684,#4699,#4719,#4733,#4747,#4760,#4785,#4807,#4822,#4835,#4851,#4865,
#4877,#4890,#4903,#4915,#4930,#4943,#4959,#4973,#4985,#4999,#5012,#5025,#5037,
#5049,#5064,#5081,#5096,#5110,#5123,#5135,#5147,#5166,#5185,#5229,#5285,#5300,
#5313,#5329,#5347,#5362,#5376,#5389,#5401,#5416,#5430,#5443,#5455,#5469,#5481,
#5494,#5511,#5529,#5543,#5557,#5579,#5597,#5621,#5641,#5663,#5676,#5689,#5705,
#5721,#5734,#5749,#5765,#5777,#5789,#5802,#5814,#5826,#5840,#5854,#5871,#5884,
#5898,#5912,#5925,#5955,#5968,#5980,#5997,#6010,#6023,#6039,#6054,#6067,#6081,
#6094,#6106,#6121,#6133,#6145,#6157,#6169,#6181,#6196,#6210,#6224,#6241,#6254,
#6267,#6279,#6294,#6308,#6322,#6336,#6350,#6364,#6378,#6392,#6406,#6420,#6434,
#6448,#6462,#6476,#6490,#6503,#6527,#6567,#6595,#6635,#6649,#6662,#6675,#6688,
#6701,#6714,#6727,#6740,#6753,#6766,#6779,#6792,#6805,#6818,#6831,#6843,#6857,
#6870,#6883,#6896,#6909,#6922,#6935,#6948,#6961,#6973,#6987,#7000,#7013,#7026,
#7039,#7052,#7065,#7078,#7091,#7104,#7117,#7130,#7143,#7156,#7169,#7181,#7196,
#7210,#7248,#7280,#7293,#7306,#7319,#7332,#7345,#7358,#7371,#7384,#7397,#7410,
#7423,#7436,#7449,#7461,#7475,#7488,#7501,#7514,#7527,#7540,#7553,#7566,#7579,
#7592,#7605,#7617));
#7619=MANIFOLD_SOLID_BREP('',#7618);
#7620=(LENGTH_UNIT()NAMED_UNIT(*)SI_UNIT(.MILLI.,.METRE.));
#7621=DIMENSIONAL_EXPONENTS(0.E0,0.E0,0.E0,0.E0,0.E0,0.E0,0.E0);
#7622=(NAMED_UNIT(*)PLANE_ANGLE_UNIT()SI_UNIT($,.RADIAN.));
#7623=PLANE_ANGLE_MEASURE_WITH_UNIT(PLANE_ANGLE_MEASURE(1.745329251994E-2),
#7622);
#7624=(CONVERSION_BASED_UNIT('DEGREE',#7623)NAMED_UNIT(#7621)PLANE_ANGLE_UNIT(
));
#7625=(NAMED_UNIT(*)SI_UNIT($,.STERADIAN.)SOLID_ANGLE_UNIT());
#7626=UNCERTAINTY_MEASURE_WITH_UNIT(LENGTH_MEASURE(7.725950337724E-3),#7620,
'closure',
'Maximum model space distance between geometric entities at asserted connectivities');
#7627=(GEOMETRIC_REPRESENTATION_CONTEXT(3)GLOBAL_UNCERTAINTY_ASSIGNED_CONTEXT((
#7626))GLOBAL_UNIT_ASSIGNED_CONTEXT((#7620,#7624,#7625))REPRESENTATION_CONTEXT(
'ID1','3'));
#7629=APPLICATION_CONTEXT(
'CONFIGURATION CONTROLLED 3D DESIGNS OF MECHANICAL PARTS AND ASSEMBLIES');
#7630=APPLICATION_PROTOCOL_DEFINITION('international standard',
'config_control_design',1994,#7629);
#7631=DESIGN_CONTEXT('',#7629,'design');
#7632=MECHANICAL_CONTEXT('',#7629,'mechanical');
#7633=PRODUCT('GX12-CE-R-2','GX12-CE-R-2','NOT SPECIFIED',(#7632));
#7634=PRODUCT_DEFINITION_FORMATION_WITH_SPECIFIED_SOURCE('54','LAST_VERSION',
#7633,.MADE.);
#7638=PRODUCT_CATEGORY('part','');
#7639=PRODUCT_RELATED_PRODUCT_CATEGORY('detail','',(#7633));
#7640=PRODUCT_CATEGORY_RELATIONSHIP('','',#7638,#7639);
#7641=SECURITY_CLASSIFICATION_LEVEL('unclassified');
#7642=SECURITY_CLASSIFICATION('','',#7641);
#7643=CC_DESIGN_SECURITY_CLASSIFICATION(#7642,(#7634));
#7644=APPROVAL_STATUS('approved');
#7645=APPROVAL(#7644,'');
#7646=CC_DESIGN_APPROVAL(#7645,(#7642,#7634,#7635));
#7647=CALENDAR_DATE(124,26,9);
#7648=COORDINATED_UNIVERSAL_TIME_OFFSET(8,0,.AHEAD.);
#7649=LOCAL_TIME(17,3,4.7E1,#7648);
#7650=DATE_AND_TIME(#7647,#7649);
#7651=APPROVAL_DATE_TIME(#7650,#7645);
#7652=DATE_TIME_ROLE('creation_date');
#7653=CC_DESIGN_DATE_AND_TIME_ASSIGNMENT(#7650,#7652,(#7635));
#7654=DATE_TIME_ROLE('classification_date');
#7655=CC_DESIGN_DATE_AND_TIME_ASSIGNMENT(#7650,#7654,(#7642));
#7656=PERSON('UNSPECIFIED','UNSPECIFIED',$,$,$,$);
#7657=ORGANIZATION('UNSPECIFIED','UNSPECIFIED','UNSPECIFIED');
#7658=PERSON_AND_ORGANIZATION(#7656,#7657);
#7659=APPROVAL_ROLE('approver');
#7660=APPROVAL_PERSON_ORGANIZATION(#7658,#7645,#7659);
#7661=PERSON_AND_ORGANIZATION_ROLE('creator');
#7662=CC_DESIGN_PERSON_AND_ORGANIZATION_ASSIGNMENT(#7658,#7661,(#7634,#7635));
#7663=PERSON_AND_ORGANIZATION_ROLE('design_supplier');
#7664=CC_DESIGN_PERSON_AND_ORGANIZATION_ASSIGNMENT(#7658,#7663,(#7634));
#7665=PERSON_AND_ORGANIZATION_ROLE('classification_officer');
#7666=CC_DESIGN_PERSON_AND_ORGANIZATION_ASSIGNMENT(#7658,#7665,(#7642));
#7667=PERSON_AND_ORGANIZATION_ROLE('design_owner');
#7668=CC_DESIGN_PERSON_AND_ORGANIZATION_ASSIGNMENT(#7658,#7667,(#7633));
#22=B_SPLINE_CURVE_WITH_KNOTS('',3,(#9,#10,#11,#12,#13,#14,#15,#16,#17,#18,#19,
#20,#21),.UNSPECIFIED.,.F.,.F.,(4,1,1,1,1,1,1,1,1,1,4),(0.E0,1.247531223701E-1,
2.498266947735E-1,3.749002671769E-1,4.999738395802E-1,5.625106257819E-1,
6.250474119836E-1,6.875841981853E-1,7.501209843870E-1,8.751945567904E-1,1.E0),
.UNSPECIFIED.);
#38=B_SPLINE_CURVE_WITH_KNOTS('',3,(#23,#24,#25,#26,#27,#28,#29,#30,#31,#32,#33,
#34,#35,#36,#37),.UNSPECIFIED.,.F.,.F.,(4,1,1,1,1,1,1,1,1,1,1,1,4),(0.E0,
1.781967417329E-3,2.129974212E-3,1.269159490536E-1,2.517019238952E-1,
3.140949113160E-1,3.764878987367E-1,4.388808861575E-1,5.012738735783E-1,
6.260598484199E-1,7.508458232615E-1,8.756317981031E-1,1.E0),.UNSPECIFIED.);
#46=B_SPLINE_CURVE_WITH_KNOTS('',3,(#39,#40,#41,#42,#43,#44,#45),.UNSPECIFIED.,
.F.,.F.,(4,1,1,1,4),(0.E0,3.112971809940E-1,6.380228593498E-1,9.566846809705E-1,
1.E0),.UNSPECIFIED.);
#54=B_SPLINE_CURVE_WITH_KNOTS('',3,(#47,#48,#49,#50,#51,#52,#53),.UNSPECIFIED.,
.F.,.F.,(4,1,1,1,4),(0.E0,2.509002446726E-1,5.007925124271E-1,7.506847801816E-1,
1.E0),.UNSPECIFIED.);
#60=B_SPLINE_CURVE_WITH_KNOTS('',3,(#55,#56,#57,#58,#59),.UNSPECIFIED.,.F.,.F.,(
4,1,4),(0.E0,4.853250669969E-1,1.E0),.UNSPECIFIED.);
#417=CIRCLE('',#416,2.092572769973E0);
#422=CIRCLE('',#421,2.092572768525E0);
#427=CIRCLE('',#426,2.E-1);
#432=CIRCLE('',#431,2.292542309728E0);
#446=B_SPLINE_CURVE_WITH_KNOTS('',3,(#437,#438,#439,#440,#441,#442,#443,#444,
#445),.UNSPECIFIED.,.F.,.F.,(4,1,1,1,1,1,4),(0.E0,1.666666666667E-1,
3.333333333333E-1,5.E-1,6.666666666667E-1,8.333333333333E-1,1.E0),
.UNSPECIFIED.);
#456=B_SPLINE_CURVE_WITH_KNOTS('',3,(#447,#448,#449,#450,#451,#452,#453,#454,
#455),.UNSPECIFIED.,.F.,.F.,(4,1,1,1,1,1,4),(0.E0,1.666666666667E-1,
3.333333333333E-1,5.E-1,6.666666666667E-1,8.333333333333E-1,1.E0),
.UNSPECIFIED.);
#461=CIRCLE('',#460,1.999982615977E-1);
#468=B_SPLINE_CURVE_WITH_KNOTS('',3,(#462,#463,#464,#465,#466,#467),
.UNSPECIFIED.,.F.,.F.,(4,1,1,4),(0.E0,3.333333333333E-1,6.666666666667E-1,1.E0),
.UNSPECIFIED.);
#477=B_SPLINE_CURVE_WITH_KNOTS('',3,(#473,#474,#475,#476),.UNSPECIFIED.,.F.,.F.,
(4,4),(0.E0,1.E0),.UNSPECIFIED.);
#498=B_SPLINE_CURVE_WITH_KNOTS('',3,(#494,#495,#496,#497),.UNSPECIFIED.,.F.,.F.,
(4,4),(0.E0,1.E0),.UNSPECIFIED.);
#518=B_SPLINE_CURVE_WITH_KNOTS('',3,(#503,#504,#505,#506,#507,#508,#509,#510,
#511,#512,#513,#514,#515,#516,#517),.UNSPECIFIED.,.F.,.F.,(4,1,1,1,1,1,1,1,1,1,
1,1,4),(0.E0,8.333333333333E-2,1.666666666667E-1,2.5E-1,3.333333333333E-1,
4.166666666667E-1,5.E-1,5.833333333333E-1,6.666666666667E-1,7.5E-1,
8.333333333333E-1,9.166666666667E-1,1.E0),.UNSPECIFIED.);
#527=CIRCLE('',#526,3.25E0);
#532=CIRCLE('',#531,3.25E0);
#537=CIRCLE('',#536,1.E0);
#542=CIRCLE('',#541,1.E0);
#547=CIRCLE('',#546,4.693637662321E0);
#552=CIRCLE('',#551,4.693637662321E0);
#557=CIRCLE('',#556,1.E0);
#562=CIRCLE('',#561,1.E0);
#707=CIRCLE('',#706,2.292761652175E0);
#716=CIRCLE('',#715,3.206362337679E0);
#739=B_SPLINE_CURVE_WITH_KNOTS('',3,(#733,#734,#735,#736,#737,#738),
.UNSPECIFIED.,.F.,.F.,(4,1,1,4),(0.E0,3.883117013608E-1,7.958998837491E-1,1.E0),
.UNSPECIFIED.);
#745=B_SPLINE_CURVE_WITH_KNOTS('',3,(#740,#741,#742,#743,#744),.UNSPECIFIED.,
.F.,.F.,(4,1,4),(0.E0,7.826489641415E-1,1.E0),.UNSPECIFIED.);
#761=B_SPLINE_CURVE_WITH_KNOTS('',3,(#746,#747,#748,#749,#750,#751,#752,#753,
#754,#755,#756,#757,#758,#759,#760),.UNSPECIFIED.,.F.,.F.,(4,1,1,1,1,1,1,1,1,1,
1,1,4),(0.E0,1.738665388129E-3,2.086690972624E-3,1.268794033449E-1,
2.516721157171E-1,3.140684719032E-1,3.764648280894E-1,4.388611842755E-1,
5.012575404616E-1,6.260502528338E-1,7.508429652061E-1,8.756356775783E-1,1.E0),
.UNSPECIFIED.);
#775=B_SPLINE_CURVE_WITH_KNOTS('',3,(#762,#763,#764,#765,#766,#767,#768,#769,
#770,#771,#772,#773,#774),.UNSPECIFIED.,.F.,.F.,(4,1,1,1,1,1,1,1,1,1,4),(0.E0,
1.247560432178E-1,2.498403999276E-1,3.749247566374E-1,5.000091133472E-1,
5.625512917021E-1,6.250934700570E-1,6.876356484119E-1,7.501778267668E-1,
8.752621834766E-1,1.E0),.UNSPECIFIED.);
#784=CIRCLE('',#783,6.956362337679E0);
#794=B_SPLINE_CURVE_WITH_KNOTS('',3,(#789,#790,#791,#792,#793),.UNSPECIFIED.,
.F.,.F.,(4,1,4),(0.E0,4.847792353538E-1,1.E0),.UNSPECIFIED.);
#802=B_SPLINE_CURVE_WITH_KNOTS('',3,(#795,#796,#797,#798,#799,#800,#801),
.UNSPECIFIED.,.F.,.F.,(4,1,1,1,4),(0.E0,2.509239980406E-1,5.008135161118E-1,
7.507030341831E-1,1.E0),.UNSPECIFIED.);
#815=CIRCLE('',#814,3.162724675359E0);
#820=CIRCLE('',#819,3.162724675359E0);
#825=CIRCLE('',#824,1.05E0);
#830=CIRCLE('',#829,1.05E0);
#835=CIRCLE('',#834,1.05E0);
#840=CIRCLE('',#839,1.05E0);
#849=CIRCLE('',#848,2.249127313221E0);
#866=CIRCLE('',#865,2.E0);
#871=CIRCLE('',#870,2.E0);
#876=CIRCLE('',#875,2.E0);
#881=CIRCLE('',#880,2.E0);
#886=CIRCLE('',#885,1.05E0);
#891=CIRCLE('',#890,1.05E0);
#896=CIRCLE('',#895,1.05E0);
#901=CIRCLE('',#900,1.05E0);
#910=CIRCLE('',#909,2.292538414496E0);
#915=CIRCLE('',#914,2.092572769474E0);
#920=CIRCLE('',#919,2.E-1);
#925=CIRCLE('',#924,2.292538414496E0);
#930=CIRCLE('',#929,2.092572769474E0);
#935=CIRCLE('',#934,2.E-1);
#953=B_SPLINE_CURVE_WITH_KNOTS('',3,(#944,#945,#946,#947,#948,#949,#950,#951,
#952),.UNSPECIFIED.,.F.,.F.,(4,1,1,1,1,1,4),(0.E0,1.666666666667E-1,
3.333333333333E-1,5.E-1,6.666666666667E-1,8.333333333333E-1,1.E0),
.UNSPECIFIED.);
#963=B_SPLINE_CURVE_WITH_KNOTS('',3,(#954,#955,#956,#957,#958,#959,#960,#961,
#962),.UNSPECIFIED.,.F.,.F.,(4,1,1,1,1,1,4),(0.E0,1.666666666667E-1,
3.333333333333E-1,5.E-1,6.666666666667E-1,8.333333333333E-1,1.E0),
.UNSPECIFIED.);
#970=B_SPLINE_CURVE_WITH_KNOTS('',3,(#964,#965,#966,#967,#968,#969),
.UNSPECIFIED.,.F.,.F.,(4,1,1,4),(0.E0,3.333333333333E-1,6.666666666667E-1,1.E0),
.UNSPECIFIED.);
#983=CIRCLE('',#982,3.119087013038E0);
#988=CIRCLE('',#987,3.206362337679E0);
#995=B_SPLINE_CURVE_WITH_KNOTS('',3,(#989,#990,#991,#992,#993,#994),
.UNSPECIFIED.,.F.,.F.,(4,1,1,4),(0.E0,3.333333333333E-1,6.666666666667E-1,1.E0),
.UNSPECIFIED.);
#1000=B_SPLINE_CURVE_WITH_KNOTS('',3,(#996,#997,#998,#999),.UNSPECIFIED.,.F.,
.F.,(4,4),(0.E0,1.E0),.UNSPECIFIED.);
#1005=CIRCLE('',#1004,2.292761652175E0);
#1010=CIRCLE('',#1009,2.179312370895E0);
#1015=CIRCLE('',#1014,2.179312370895E0);
#1020=CIRCLE('',#1019,2.292761652175E0);
#1029=B_SPLINE_CURVE_WITH_KNOTS('',3,(#1025,#1026,#1027,#1028),.UNSPECIFIED.,
.F.,.F.,(4,4),(0.E0,1.E0),.UNSPECIFIED.);
#1038=B_SPLINE_CURVE_WITH_KNOTS('',3,(#1034,#1035,#1036,#1037),.UNSPECIFIED.,
.F.,.F.,(4,4),(0.E0,1.E0),.UNSPECIFIED.);
#1043=CIRCLE('',#1042,1.75E0);
#1048=CIRCLE('',#1047,1.75E0);
#1077=CIRCLE('',#1076,1.75E0);
#1082=CIRCLE('',#1081,1.75E0);
#1107=CIRCLE('',#1106,1.75E0);
#1112=CIRCLE('',#1111,1.75E0);
#1117=CIRCLE('',#1116,1.E0);
#1122=CIRCLE('',#1121,1.E0);
#1139=B_SPLINE_CURVE_WITH_KNOTS('',3,(#1135,#1136,#1137,#1138),.UNSPECIFIED.,
.F.,.F.,(4,4),(0.E0,1.E0),.UNSPECIFIED.);
#1148=B_SPLINE_CURVE_WITH_KNOTS('',3,(#1144,#1145,#1146,#1147),.UNSPECIFIED.,
.F.,.F.,(4,4),(0.E0,1.E0),.UNSPECIFIED.);
#1161=CIRCLE('',#1160,1.E0);
#1166=CIRCLE('',#1165,1.E0);
#1171=CIRCLE('',#1170,1.75E0);
#1176=CIRCLE('',#1175,1.75E0);
#1189=CIRCLE('',#1188,2.292761652175E0);
#1194=CIRCLE('',#1193,2.179312370895E0);
#1203=B_SPLINE_CURVE_WITH_KNOTS('',3,(#1199,#1200,#1201,#1202),.UNSPECIFIED.,
.F.,.F.,(4,4),(0.E0,1.E0),.UNSPECIFIED.);
#1212=B_SPLINE_CURVE_WITH_KNOTS('',3,(#1208,#1209,#1210,#1211),.UNSPECIFIED.,
.F.,.F.,(4,4),(0.E0,1.E0),.UNSPECIFIED.);
#1217=B_SPLINE_CURVE_WITH_KNOTS('',3,(#1213,#1214,#1215,#1216),.UNSPECIFIED.,
.F.,.F.,(4,4),(0.E0,1.E0),.UNSPECIFIED.);
#1224=B_SPLINE_CURVE_WITH_KNOTS('',3,(#1218,#1219,#1220,#1221,#1222,#1223),
.UNSPECIFIED.,.F.,.F.,(4,1,1,4),(0.E0,3.333333333333E-1,6.666666666667E-1,1.E0),
.UNSPECIFIED.);
#1233=CIRCLE('',#1232,5.35E0);
#1238=CIRCLE('',#1237,5.35E0);
#1243=CIRCLE('',#1242,4.663964051943E0);
#1248=CIRCLE('',#1247,4.663964051943E0);
#1257=CIRCLE('',#1256,5.649072868106E0);
#1262=CIRCLE('',#1261,5.400025043091E0);
#1267=CIRCLE('',#1266,2.5E-1);
#1272=CIRCLE('',#1271,5.649072868106E0);
#1277=CIRCLE('',#1276,5.400025043091E0);
#1282=CIRCLE('',#1281,2.5E-1);
#1311=CIRCLE('',#1310,3.150619688292E0);
#1316=CIRCLE('',#1315,3.150619688292E0);
#1321=CIRCLE('',#1320,3.150619688292E0);
#1326=CIRCLE('',#1325,3.150619688292E0);
#1443=CIRCLE('',#1442,5.65E0);
#1448=CIRCLE('',#1447,5.65E0);
#1453=CIRCLE('',#1452,5.65E0);
#1458=CIRCLE('',#1457,5.65E0);
#1463=CIRCLE('',#1462,3.1E0);
#1468=CIRCLE('',#1467,3.1E0);
#1473=CIRCLE('',#1472,3.1E0);
#1478=CIRCLE('',#1477,3.1E0);
#1487=CIRCLE('',#1486,6.039504151741E0);
#1492=CIRCLE('',#1491,5.739916065947E0);
#1497=CIRCLE('',#1496,3.E-1);
#1502=CIRCLE('',#1501,6.039504151741E0);
#1507=CIRCLE('',#1506,5.739916065947E0);
#1512=CIRCLE('',#1511,3.E-1);
#1525=CIRCLE('',#1524,6.039504151741E0);
#1530=CIRCLE('',#1529,5.739916065947E0);
#1535=CIRCLE('',#1534,3.E-1);
#1540=CIRCLE('',#1539,6.039504151741E0);
#1545=CIRCLE('',#1544,5.739916065947E0);
#1550=CIRCLE('',#1549,3.E-1);
#1731=B_SPLINE_CURVE_WITH_KNOTS('',3,(#1727,#1728,#1729,#1730),.UNSPECIFIED.,
.F.,.F.,(4,4),(0.E0,1.E0),.UNSPECIFIED.);
#1744=B_SPLINE_CURVE_WITH_KNOTS('',3,(#1740,#1741,#1742,#1743),.UNSPECIFIED.,
.F.,.F.,(4,4),(0.E0,1.E0),.UNSPECIFIED.);
#1757=B_SPLINE_CURVE_WITH_KNOTS('',3,(#1753,#1754,#1755,#1756),.UNSPECIFIED.,
.F.,.F.,(4,4),(0.E0,1.E0),.UNSPECIFIED.);
#1778=B_SPLINE_CURVE_WITH_KNOTS('',3,(#1774,#1775,#1776,#1777),.UNSPECIFIED.,
.F.,.F.,(4,4),(0.E0,1.E0),.UNSPECIFIED.);
#1783=CIRCLE('',#1782,7.E0);
#1788=CIRCLE('',#1787,6.958107844172E0);
#1793=CIRCLE('',#1792,6.958107844172E0);
#1798=CIRCLE('',#1797,7.E0);
#1811=CIRCLE('',#1810,1.414470181852E0);
#1820=CIRCLE('',#1819,1.5E0);
#1833=B_SPLINE_CURVE_WITH_KNOTS('',3,(#1829,#1830,#1831,#1832),.UNSPECIFIED.,
.F.,.F.,(4,4),(0.E0,1.E0),.UNSPECIFIED.);
#1854=CIRCLE('',#1853,6.958107844172E0);
#1863=CIRCLE('',#1862,7.E0);
#1868=CIRCLE('',#1867,7.E0);
#1877=CIRCLE('',#1876,6.958107844172E0);
#1882=CIRCLE('',#1881,7.E0);
#1887=CIRCLE('',#1886,6.958107844172E0);
#1892=B_SPLINE_CURVE_WITH_KNOTS('',3,(#1888,#1889,#1890,#1891),.UNSPECIFIED.,
.F.,.F.,(4,4),(0.E0,1.E0),.UNSPECIFIED.);
#1945=B_SPLINE_CURVE_WITH_KNOTS('',3,(#1941,#1942,#1943,#1944),.UNSPECIFIED.,
.F.,.F.,(4,4),(0.E0,1.E0),.UNSPECIFIED.);
#1956=B_SPLINE_CURVE_WITH_KNOTS('',3,(#1950,#1951,#1952,#1953,#1954,#1955),
.UNSPECIFIED.,.F.,.F.,(4,1,1,4),(0.E0,3.333333333333E-1,6.666666666667E-1,1.E0),
.UNSPECIFIED.);
#1969=B_SPLINE_CURVE_WITH_KNOTS('',3,(#1965,#1966,#1967,#1968),.UNSPECIFIED.,
.F.,.F.,(4,4),(0.E0,1.E0),.UNSPECIFIED.);
#1978=B_SPLINE_CURVE_WITH_KNOTS('',3,(#1974,#1975,#1976,#1977),.UNSPECIFIED.,
.F.,.F.,(4,4),(0.E0,1.E0),.UNSPECIFIED.);
#3523=EDGE_CURVE('',#3474,#3470,#432,.T.);
#3525=EDGE_CURVE('',#3358,#3474,#4,.T.);
#3527=EDGE_CURVE('',#3346,#3358,#8,.T.);
#3529=EDGE_CURVE('',#3345,#3346,#22,.T.);
#3531=EDGE_CURVE('',#3344,#3345,#38,.T.);
#3533=EDGE_CURVE('',#3343,#3344,#46,.T.);
#3535=EDGE_CURVE('',#3342,#3343,#54,.T.);
#3537=EDGE_CURVE('',#3341,#3342,#60,.T.);
#3539=EDGE_CURVE('',#3361,#3341,#64,.T.);
#3541=EDGE_CURVE('',#3470,#3361,#68,.T.);
#3545=EDGE_CURVE('',#2885,#2886,#72,.T.);
#3547=EDGE_CURVE('',#2886,#2888,#76,.T.);
#3549=EDGE_CURVE('',#2888,#2890,#80,.T.);
#3551=EDGE_CURVE('',#2890,#2892,#84,.T.);
#3553=EDGE_CURVE('',#2892,#2894,#88,.T.);
#3555=EDGE_CURVE('',#2894,#2896,#92,.T.);
#3557=EDGE_CURVE('',#2896,#2898,#96,.T.);
#3559=EDGE_CURVE('',#2898,#2900,#100,.T.);
#3561=EDGE_CURVE('',#2900,#2902,#104,.T.);
#3563=EDGE_CURVE('',#2902,#2904,#108,.T.);
#3565=EDGE_CURVE('',#2904,#2906,#112,.T.);
#3567=EDGE_CURVE('',#2906,#2908,#116,.T.);
#3569=EDGE_CURVE('',#2908,#2910,#120,.T.);
#3571=EDGE_CURVE('',#2910,#2912,#124,.T.);
#3573=EDGE_CURVE('',#2912,#2914,#128,.T.);
#3575=EDGE_CURVE('',#2914,#2885,#132,.T.);
#3579=EDGE_CURVE('',#2917,#2918,#136,.T.);
#3581=EDGE_CURVE('',#2918,#2920,#140,.T.);
#3583=EDGE_CURVE('',#2920,#2922,#144,.T.);
#3585=EDGE_CURVE('',#2922,#2924,#148,.T.);
#3587=EDGE_CURVE('',#2924,#2926,#152,.T.);
#3589=EDGE_CURVE('',#2926,#2928,#156,.T.);
#3591=EDGE_CURVE('',#2928,#2930,#160,.T.);
#3593=EDGE_CURVE('',#2930,#2932,#164,.T.);
#3595=EDGE_CURVE('',#2932,#2934,#168,.T.);
#3597=EDGE_CURVE('',#2934,#2936,#172,.T.);
#3599=EDGE_CURVE('',#2936,#2938,#176,.T.);
#3601=EDGE_CURVE('',#2938,#2940,#180,.T.);
#3603=EDGE_CURVE('',#2940,#2942,#184,.T.);
#3605=EDGE_CURVE('',#2942,#2944,#188,.T.);
#3607=EDGE_CURVE('',#2944,#2946,#192,.T.);
#3609=EDGE_CURVE('',#2946,#2917,#196,.T.);
#3613=EDGE_CURVE('',#2949,#2950,#200,.T.);
#3615=EDGE_CURVE('',#2950,#2952,#204,.T.);
#3617=EDGE_CURVE('',#2952,#2954,#208,.T.);
#3619=EDGE_CURVE('',#2954,#2956,#212,.T.);
#3621=EDGE_CURVE('',#2956,#2958,#216,.T.);
#3623=EDGE_CURVE('',#2958,#2960,#220,.T.);
#3625=EDGE_CURVE('',#2960,#2962,#224,.T.);
#3627=EDGE_CURVE('',#2962,#2964,#228,.T.);
#3629=EDGE_CURVE('',#2964,#2966,#232,.T.);
#3631=EDGE_CURVE('',#2966,#2949,#236,.T.);
#3635=EDGE_CURVE('',#2969,#2970,#240,.T.);
#3637=EDGE_CURVE('',#2970,#2972,#244,.T.);
#3639=EDGE_CURVE('',#2972,#2974,#248,.T.);
#3641=EDGE_CURVE('',#2974,#2976,#252,.T.);
#3643=EDGE_CURVE('',#2976,#2978,#256,.T.);
#3645=EDGE_CURVE('',#2978,#2980,#260,.T.);
#3647=EDGE_CURVE('',#2980,#2982,#264,.T.);
#3649=EDGE_CURVE('',#2982,#2984,#268,.T.);
#3651=EDGE_CURVE('',#2984,#2986,#272,.T.);
#3653=EDGE_CURVE('',#2986,#2988,#276,.T.);
#3655=EDGE_CURVE('',#2988,#2990,#280,.T.);
#3657=EDGE_CURVE('',#2990,#2992,#284,.T.);
#3659=EDGE_CURVE('',#2992,#2994,#288,.T.);
#3661=EDGE_CURVE('',#2994,#2996,#292,.T.);
#3663=EDGE_CURVE('',#2996,#2998,#296,.T.);
#3665=EDGE_CURVE('',#2998,#2969,#300,.T.);
#3669=EDGE_CURVE('',#3056,#3100,#304,.T.);
#3671=EDGE_CURVE('',#3074,#3056,#308,.T.);
#3673=EDGE_CURVE('',#3072,#3074,#312,.T.);
#3675=EDGE_CURVE('',#3070,#3072,#316,.T.);
#3677=EDGE_CURVE('',#3068,#3070,#320,.T.);
#3679=EDGE_CURVE('',#3110,#3068,#324,.T.);
#3681=EDGE_CURVE('',#3108,#3110,#328,.T.);
#3683=EDGE_CURVE('',#3066,#3108,#332,.T.);
#3685=EDGE_CURVE('',#3064,#3066,#336,.T.);
#3687=EDGE_CURVE('',#3106,#3064,#340,.T.);
#3689=EDGE_CURVE('',#3062,#3106,#344,.T.);
#3691=EDGE_CURVE('',#3104,#3062,#348,.T.);
#3693=EDGE_CURVE('',#3102,#3104,#352,.T.);
#3695=EDGE_CURVE('',#3060,#3102,#356,.T.);
#3697=EDGE_CURVE('',#3058,#3060,#360,.T.);
#3699=EDGE_CURVE('',#3100,#3058,#364,.T.);
#3703=EDGE_CURVE('',#3076,#3078,#368,.T.);
#3705=EDGE_CURVE('',#3098,#3076,#372,.T.);
#3707=EDGE_CURVE('',#3096,#3098,#376,.T.);
#3709=EDGE_CURVE('',#3094,#3096,#380,.T.);
#3711=EDGE_CURVE('',#3092,#3094,#384,.T.);
#3713=EDGE_CURVE('',#3090,#3092,#388,.T.);
#3715=EDGE_CURVE('',#3088,#3090,#392,.T.);
#3717=EDGE_CURVE('',#3086,#3088,#396,.T.);
#3719=EDGE_CURVE('',#3084,#3086,#400,.T.);
#3721=EDGE_CURVE('',#3082,#3084,#404,.T.);
#3723=EDGE_CURVE('',#3080,#3082,#408,.T.);
#3725=EDGE_CURVE('',#3078,#3080,#412,.T.);
#3729=EDGE_CURVE('',#3480,#3481,#910,.T.);
#3731=EDGE_CURVE('',#3481,#3480,#925,.T.);
#3735=EDGE_CURVE('',#3488,#3489,#1502,.T.);
#3737=EDGE_CURVE('',#3489,#3488,#1487,.T.);
#3741=EDGE_CURVE('',#3496,#3497,#1540,.T.);
#3743=EDGE_CURVE('',#3497,#3496,#1525,.T.);
#3747=EDGE_CURVE('',#3512,#3513,#1272,.T.);
#3749=EDGE_CURVE('',#3513,#3512,#1257,.T.);
#3759=EDGE_CURVE('',#3477,#3472,#417,.T.);
#3761=EDGE_CURVE('',#3475,#3477,#422,.T.);
#3763=EDGE_CURVE('',#3474,#3475,#427,.T.);
#3766=EDGE_CURVE('',#3470,#3472,#461,.T.);
#3776=EDGE_CURVE('',#3472,#3473,#456,.T.);
#3778=EDGE_CURVE('',#3468,#3473,#943,.T.);
#3780=EDGE_CURVE('',#3469,#3468,#881,.T.);
#3782=EDGE_CURVE('',#3469,#3477,#436,.T.);
#3825=EDGE_CURVE('',#3470,#3471,#446,.T.);
#3827=EDGE_CURVE('',#3471,#3473,#970,.T.);
#3841=EDGE_CURVE('',#3361,#3360,#468,.T.);
#3843=EDGE_CURVE('',#3359,#3360,#518,.T.);
#3845=EDGE_CURVE('',#3358,#3359,#498,.T.);
#3848=EDGE_CURVE('',#3471,#3474,#953,.T.);
#3880=EDGE_CURVE('',#3341,#3347,#477,.T.);
#3882=EDGE_CURVE('',#3356,#3347,#788,.T.);
#3884=EDGE_CURVE('',#3360,#3356,#472,.T.);
#3919=EDGE_CURVE('',#3342,#3348,#481,.T.);
#3921=EDGE_CURVE('',#3347,#3348,#794,.T.);
#3965=EDGE_CURVE('',#3343,#3349,#485,.T.);
#3967=EDGE_CURVE('',#3348,#3349,#802,.T.);
#4011=EDGE_CURVE('',#3344,#3350,#489,.T.);
#4013=EDGE_CURVE('',#3357,#3350,#745,.T.);
#4015=EDGE_CURVE('',#3349,#3357,#739,.T.);
#4091=EDGE_CURVE('',#3345,#3351,#493,.T.);
#4093=EDGE_CURVE('',#3350,#3351,#761,.T.);
#4161=EDGE_CURVE('',#3346,#3352,#502,.T.);
#4163=EDGE_CURVE('',#3351,#3352,#775,.T.);
#4175=EDGE_CURVE('',#3359,#3354,#522,.T.);
#4177=EDGE_CURVE('',#3352,#3354,#779,.T.);
#4191=EDGE_CURVE('',#3354,#3356,#784,.T.);
#4202=EDGE_CURVE('',#2749,#2750,#537,.T.);
#4204=EDGE_CURVE('',#2750,#2749,#542,.T.);
#4214=EDGE_CURVE('',#3113,#3114,#557,.T.);
#4216=EDGE_CURVE('',#3114,#3113,#562,.T.);
#4226=EDGE_CURVE('',#3182,#3421,#566,.T.);
#4228=EDGE_CURVE('',#3420,#3421,#570,.T.);
#4230=EDGE_CURVE('',#3420,#3180,#574,.T.);
#4232=EDGE_CURVE('',#3180,#3182,#578,.T.);
#4242=EDGE_CURVE('',#3178,#3425,#582,.T.);
#4244=EDGE_CURVE('',#3424,#3425,#586,.T.);
#4246=EDGE_CURVE('',#3424,#3176,#590,.T.);
#4248=EDGE_CURVE('',#3176,#3178,#594,.T.);
#4258=EDGE_CURVE('',#3268,#3441,#598,.T.);
#4260=EDGE_CURVE('',#3437,#3441,#602,.T.);
#4262=EDGE_CURVE('',#3437,#3270,#606,.T.);
#4264=EDGE_CURVE('',#3270,#3268,#610,.T.);
#4285=EDGE_CURVE('',#3241,#3242,#527,.T.);
#4287=EDGE_CURVE('',#3242,#3241,#532,.T.);
#4291=EDGE_CURVE('',#3444,#3445,#547,.T.);
#4293=EDGE_CURVE('',#3445,#3444,#552,.T.);
#4297=EDGE_CURVE('',#3315,#3316,#614,.T.);
#4299=EDGE_CURVE('',#3316,#3312,#618,.T.);
#4301=EDGE_CURVE('',#3304,#3312,#1932,.T.);
#4303=EDGE_CURVE('',#3245,#3304,#1863,.T.);
#4305=EDGE_CURVE('',#3250,#3245,#622,.T.);
#4307=EDGE_CURVE('',#3261,#3250,#1868,.T.);
#4309=EDGE_CURVE('',#3261,#3262,#626,.T.);
#4311=EDGE_CURVE('',#3262,#3264,#630,.T.);
#4313=EDGE_CURVE('',#3264,#3266,#634,.T.);
#4315=EDGE_CURVE('',#3315,#3266,#1882,.T.);
#4319=EDGE_CURVE('',#3295,#3296,#638,.T.);
#4321=EDGE_CURVE('',#3295,#3285,#642,.T.);
#4323=EDGE_CURVE('',#3285,#3286,#646,.T.);
#4325=EDGE_CURVE('',#3286,#3288,#650,.T.);
#4327=EDGE_CURVE('',#3298,#3288,#2010,.T.);
#4329=EDGE_CURVE('',#3296,#3298,#654,.T.);
#4333=EDGE_CURVE('',#3170,#3230,#658,.T.);
#4335=EDGE_CURVE('',#3234,#3230,#1820,.T.);
#4337=EDGE_CURVE('',#3234,#3186,#662,.T.);
#4339=EDGE_CURVE('',#3173,#3186,#1798,.T.);
#4341=EDGE_CURVE('',#3173,#3174,#666,.T.);
#4343=EDGE_CURVE('',#3174,#3165,#670,.T.);
#4345=EDGE_CURVE('',#3165,#3166,#674,.T.);
#4347=EDGE_CURVE('',#3169,#3166,#1783,.T.);
#4349=EDGE_CURVE('',#3169,#3170,#678,.T.);
#4353=EDGE_CURVE('',#3372,#3137,#682,.T.);
#4355=EDGE_CURVE('',#3137,#3138,#686,.T.);
#4357=EDGE_CURVE('',#3138,#3374,#690,.T.);
#4359=EDGE_CURVE('',#3368,#3374,#1005,.T.);
#4361=EDGE_CURVE('',#3368,#3141,#694,.T.);
#4363=EDGE_CURVE('',#3141,#3142,#698,.T.);
#4365=EDGE_CURVE('',#3142,#3370,#702,.T.);
#4367=EDGE_CURVE('',#3370,#3384,#707,.T.);
#4369=EDGE_CURVE('',#3384,#3362,#711,.T.);
#4371=EDGE_CURVE('',#3367,#3362,#988,.T.);
#4373=EDGE_CURVE('',#3367,#3364,#716,.T.);
#4375=EDGE_CURVE('',#3364,#3385,#720,.T.);
#4377=EDGE_CURVE('',#3372,#3385,#1020,.T.);
#4381=EDGE_CURVE('',#3376,#3149,#724,.T.);
#4383=EDGE_CURVE('',#3149,#3150,#728,.T.);
#4385=EDGE_CURVE('',#3150,#3378,#732,.T.);
#4387=EDGE_CURVE('',#3376,#3378,#1189,.T.);
#4398=EDGE_CURVE('',#3241,#3237,#806,.T.);
#4400=EDGE_CURVE('',#3237,#3238,#815,.T.);
#4402=EDGE_CURVE('',#3242,#3238,#810,.T.);
#4414=EDGE_CURVE('',#3238,#3237,#820,.T.);
#4429=EDGE_CURVE('',#2753,#2754,#825,.T.);
#4431=EDGE_CURVE('',#2754,#2753,#830,.T.);
#4441=EDGE_CURVE('',#3363,#3365,#983,.T.);
#4443=EDGE_CURVE('',#3382,#3363,#844,.T.);
#4445=EDGE_CURVE('',#3382,#3383,#849,.T.);
#4447=EDGE_CURVE('',#3365,#3383,#853,.T.);
#4451=EDGE_CURVE('',#2757,#2758,#835,.T.);
#4453=EDGE_CURVE('',#2758,#2757,#840,.T.);
#4464=EDGE_CURVE('',#2753,#2761,#857,.T.);
#4466=EDGE_CURVE('',#2761,#2762,#886,.T.);
#4468=EDGE_CURVE('',#2754,#2762,#861,.T.);
#4480=EDGE_CURVE('',#2762,#2761,#891,.T.);
#4491=EDGE_CURVE('',#3464,#3465,#866,.T.);
#4493=EDGE_CURVE('',#3465,#3464,#871,.T.);
#4497=EDGE_CURVE('',#2765,#2766,#896,.T.);
#4499=EDGE_CURVE('',#2766,#2765,#901,.T.);
#4509=EDGE_CURVE('',#3468,#3469,#876,.T.);
#4524=EDGE_CURVE('',#3484,#3485,#915,.T.);
#4526=EDGE_CURVE('',#3465,#3485,#939,.T.);
#4529=EDGE_CURVE('',#3464,#3484,#905,.T.);
#4540=EDGE_CURVE('',#3481,#3485,#935,.T.);
#4543=EDGE_CURVE('',#3480,#3484,#920,.T.);
#4555=EDGE_CURVE('',#3485,#3484,#930,.T.);
#4578=EDGE_CURVE('',#3473,#3475,#963,.T.);
#4637=EDGE_CURVE('',#2757,#2765,#974,.T.);
#4640=EDGE_CURVE('',#2758,#2766,#978,.T.);
#4663=EDGE_CURVE('',#3364,#3365,#995,.T.);
#4667=EDGE_CURVE('',#3362,#3363,#1224,.T.);
#4680=EDGE_CURVE('',#3385,#3383,#1000,.T.);
#4691=EDGE_CURVE('',#3374,#3375,#1029,.T.);
#4693=EDGE_CURVE('',#3375,#3369,#1010,.T.);
#4695=EDGE_CURVE('',#3368,#3369,#1148,.T.);
#4705=EDGE_CURVE('',#3371,#3373,#1015,.T.);
#4707=EDGE_CURVE('',#3372,#3373,#1038,.T.);
#4712=EDGE_CURVE('',#3384,#3382,#1217,.T.);
#4715=EDGE_CURVE('',#3370,#3371,#1139,.T.);
#4726=EDGE_CURVE('',#3130,#3138,#1024,.T.);
#4728=EDGE_CURVE('',#3130,#3375,#1068,.T.);
#4740=EDGE_CURVE('',#3129,#3137,#1033,.T.);
#4742=EDGE_CURVE('',#3129,#3130,#1072,.T.);
#4755=EDGE_CURVE('',#3373,#3129,#1052,.T.);
#4768=EDGE_CURVE('',#3134,#3371,#1056,.T.);
#4770=EDGE_CURVE('',#3133,#3134,#1060,.T.);
#4772=EDGE_CURVE('',#3369,#3133,#1064,.T.);
#4779=EDGE_CURVE('',#3125,#3126,#1043,.T.);
#4781=EDGE_CURVE('',#3126,#3125,#1048,.T.);
#4791=EDGE_CURVE('',#3379,#3377,#1194,.T.);
#4793=EDGE_CURVE('',#3146,#3379,#1086,.T.);
#4795=EDGE_CURVE('',#3145,#3146,#1090,.T.);
#4797=EDGE_CURVE('',#3377,#3145,#1094,.T.);
#4801=EDGE_CURVE('',#2745,#2746,#1077,.T.);
#4803=EDGE_CURVE('',#2746,#2745,#1082,.T.);
#4814=EDGE_CURVE('',#3125,#3117,#1098,.T.);
#4816=EDGE_CURVE('',#3117,#3118,#1107,.T.);
#4818=EDGE_CURVE('',#3126,#3118,#1102,.T.);
#4830=EDGE_CURVE('',#3118,#3117,#1112,.T.);
#4845=EDGE_CURVE('',#3121,#3122,#1117,.T.);
#4847=EDGE_CURVE('',#3122,#3121,#1122,.T.);
#4857=EDGE_CURVE('',#3121,#3114,#1130,.T.);
#4860=EDGE_CURVE('',#3113,#3122,#1126,.T.);
#4884=EDGE_CURVE('',#3134,#3142,#1134,.T.);
#4897=EDGE_CURVE('',#3133,#3141,#1143,.T.);
#4922=EDGE_CURVE('',#2745,#2741,#1152,.T.);
#4924=EDGE_CURVE('',#2741,#2742,#1171,.T.);
#4926=EDGE_CURVE('',#2746,#2742,#1156,.T.);
#4938=EDGE_CURVE('',#2742,#2741,#1176,.T.);
#4953=EDGE_CURVE('',#2737,#2738,#1161,.T.);
#4955=EDGE_CURVE('',#2738,#2737,#1166,.T.);
#4966=EDGE_CURVE('',#2750,#2737,#1184,.T.);
#4969=EDGE_CURVE('',#2738,#2749,#1180,.T.);
#4992=EDGE_CURVE('',#3378,#3379,#1203,.T.);
#4995=EDGE_CURVE('',#3376,#3377,#1212,.T.);
#5006=EDGE_CURVE('',#3146,#3150,#1198,.T.);
#5019=EDGE_CURVE('',#3145,#3149,#1207,.T.);
#5055=EDGE_CURVE('',#3504,#3505,#1243,.T.);
#5057=EDGE_CURVE('',#3504,#3444,#1228,.T.);
#5060=EDGE_CURVE('',#3505,#3445,#1290,.T.);
#5070=EDGE_CURVE('',#3508,#3509,#1233,.T.);
#5072=EDGE_CURVE('',#3509,#3508,#1238,.T.);
#5077=EDGE_CURVE('',#3505,#3504,#1248,.T.);
#5087=EDGE_CURVE('',#3517,#3516,#1262,.T.);
#5089=EDGE_CURVE('',#3516,#3508,#1252,.T.);
#5092=EDGE_CURVE('',#3517,#3509,#1286,.T.);
#5103=EDGE_CURVE('',#3512,#3516,#1282,.T.);
#5106=EDGE_CURVE('',#3513,#3517,#1267,.T.);
#5118=EDGE_CURVE('',#3516,#3517,#1277,.T.);
#5153=EDGE_CURVE('',#3429,#3210,#1334,.T.);
#5155=EDGE_CURVE('',#3429,#3421,#1294,.T.);
#5158=EDGE_CURVE('',#3158,#3182,#1298,.T.);
#5160=EDGE_CURVE('',#3158,#3198,#1702,.T.);
#5162=EDGE_CURVE('',#3198,#3210,#1302,.T.);
#5173=EDGE_CURVE('',#3432,#3424,#1994,.T.);
#5175=EDGE_CURVE('',#3208,#3432,#1346,.T.);
#5177=EDGE_CURVE('',#3193,#3208,#1306,.T.);
#5179=EDGE_CURVE('',#3193,#3153,#1598,.T.);
#5181=EDGE_CURVE('',#3153,#3176,#1824,.T.);
#5191=EDGE_CURVE('',#3428,#3429,#1330,.T.);
#5194=EDGE_CURVE('',#3218,#3210,#1338,.T.);
#5196=EDGE_CURVE('',#3217,#3218,#1769,.T.);
#5198=EDGE_CURVE('',#3214,#3217,#1788,.T.);
#5200=EDGE_CURVE('',#3213,#3214,#1752,.T.);
#5202=EDGE_CURVE('',#3208,#3213,#1342,.T.);
#5205=EDGE_CURVE('',#3432,#3433,#1350,.T.);
#5207=EDGE_CURVE('',#3433,#3204,#1354,.T.);
#5209=EDGE_CURVE('',#3221,#3204,#1358,.T.);
#5211=EDGE_CURVE('',#3221,#3222,#1722,.T.);
#5213=EDGE_CURVE('',#3225,#3222,#1793,.T.);
#5215=EDGE_CURVE('',#3225,#3226,#1739,.T.);
#5217=EDGE_CURVE('',#3206,#3226,#1362,.T.);
#5219=EDGE_CURVE('',#3206,#3428,#1366,.T.);
#5223=EDGE_CURVE('',#3452,#3453,#1321,.T.);
#5225=EDGE_CURVE('',#3453,#3452,#1326,.T.);
#5235=EDGE_CURVE('',#3319,#3320,#1370,.T.);
#5237=EDGE_CURVE('',#3272,#3320,#1887,.T.);
#5239=EDGE_CURVE('',#3401,#3272,#1828,.T.);
#5241=EDGE_CURVE('',#3397,#3401,#1374,.T.);
#5243=EDGE_CURVE('',#3397,#3436,#1378,.T.);
#5245=EDGE_CURVE('',#3436,#3440,#1382,.T.);
#5247=EDGE_CURVE('',#3440,#3395,#1386,.T.);
#5249=EDGE_CURVE('',#3399,#3395,#1390,.T.);
#5251=EDGE_CURVE('',#3399,#3271,#1960,.T.);
#5253=EDGE_CURVE('',#3249,#3271,#1877,.T.);
#5255=EDGE_CURVE('',#3328,#3249,#1394,.T.);
#5257=EDGE_CURVE('',#3328,#3415,#1398,.T.);
#5259=EDGE_CURVE('',#3411,#3415,#1402,.T.);
#5261=EDGE_CURVE('',#3411,#3276,#1406,.T.);
#5263=EDGE_CURVE('',#3276,#3326,#1410,.T.);
#5265=EDGE_CURVE('',#3246,#3326,#1414,.T.);
#5267=EDGE_CURVE('',#3302,#3246,#1854,.T.);
#5269=EDGE_CURVE('',#3302,#3306,#1418,.T.);
#5271=EDGE_CURVE('',#3306,#3413,#1422,.T.);
#5273=EDGE_CURVE('',#3417,#3413,#1426,.T.);
#5275=EDGE_CURVE('',#3319,#3417,#1430,.T.);
#5279=EDGE_CURVE('',#3448,#3449,#1311,.T.);
#5281=EDGE_CURVE('',#3449,#3448,#1316,.T.);
#5292=EDGE_CURVE('',#3457,#3449,#1438,.T.);
#5294=EDGE_CURVE('',#3456,#3457,#1463,.T.);
#5296=EDGE_CURVE('',#3456,#3448,#1434,.T.);
#5308=EDGE_CURVE('',#3457,#3456,#1468,.T.);
#5319=EDGE_CURVE('',#3335,#3336,#1443,.T.);
#5321=EDGE_CURVE('',#3336,#3335,#1448,.T.);
#5335=EDGE_CURVE('',#3339,#3340,#1453,.T.);
#5337=EDGE_CURVE('',#3340,#3339,#1458,.T.);
#5341=EDGE_CURVE('',#3460,#3461,#1473,.T.);
#5343=EDGE_CURVE('',#3461,#3460,#1478,.T.);
#5353=EDGE_CURVE('',#3493,#3492,#1492,.T.);
#5355=EDGE_CURVE('',#3492,#3335,#1482,.T.);
#5358=EDGE_CURVE('',#3493,#3336,#1516,.T.);
#5369=EDGE_CURVE('',#3488,#3492,#1512,.T.);
#5372=EDGE_CURVE('',#3489,#3493,#1497,.T.);
#5384=EDGE_CURVE('',#3492,#3493,#1507,.T.);
#5407=EDGE_CURVE('',#3501,#3500,#1530,.T.);
#5409=EDGE_CURVE('',#3500,#3339,#1520,.T.);
#5412=EDGE_CURVE('',#3501,#3340,#1554,.T.);
#5423=EDGE_CURVE('',#3496,#3500,#1550,.T.);
#5426=EDGE_CURVE('',#3497,#3501,#1535,.T.);
#5438=EDGE_CURVE('',#3500,#3501,#1545,.T.);
#5462=EDGE_CURVE('',#3461,#3453,#1562,.T.);
#5465=EDGE_CURVE('',#3460,#3452,#1558,.T.);
#5488=EDGE_CURVE('',#3428,#3420,#1566,.T.);
#5503=EDGE_CURVE('',#3201,#3206,#1570,.T.);
#5505=EDGE_CURVE('',#3201,#3157,#1710,.T.);
#5507=EDGE_CURVE('',#3157,#3180,#1990,.T.);
#5518=EDGE_CURVE('',#3433,#3425,#1574,.T.);
#5521=EDGE_CURVE('',#3154,#3178,#1578,.T.);
#5523=EDGE_CURVE('',#3154,#3190,#1590,.T.);
#5525=EDGE_CURVE('',#3190,#3204,#1582,.T.);
#5535=EDGE_CURVE('',#3197,#3198,#1698,.T.);
#5537=EDGE_CURVE('',#3197,#3218,#1773,.T.);
#5549=EDGE_CURVE('',#3201,#3202,#1714,.T.);
#5553=EDGE_CURVE('',#3202,#3226,#1735,.T.);
#5563=EDGE_CURVE('',#3189,#3190,#1586,.T.);
#5566=EDGE_CURVE('',#3153,#3154,#1594,.T.);
#5569=EDGE_CURVE('',#3193,#3194,#1602,.T.);
#5571=EDGE_CURVE('',#3162,#3194,#1606,.T.);
#5573=EDGE_CURVE('',#3161,#3162,#1610,.T.);
#5575=EDGE_CURVE('',#3189,#3161,#1614,.T.);
#5585=EDGE_CURVE('',#3408,#3409,#1618,.T.);
#5587=EDGE_CURVE('',#3332,#3409,#1622,.T.);
#5589=EDGE_CURVE('',#3330,#3332,#1626,.T.);
#5591=EDGE_CURVE('',#3275,#3330,#1630,.T.);
#5593=EDGE_CURVE('',#3408,#3275,#1634,.T.);
#5603=EDGE_CURVE('',#3388,#3389,#1638,.T.);
#5605=EDGE_CURVE('',#3254,#3389,#1642,.T.);
#5607=EDGE_CURVE('',#3253,#3254,#1646,.T.);
#5609=EDGE_CURVE('',#3392,#3253,#1650,.T.);
#5611=EDGE_CURVE('',#3392,#3393,#1654,.T.);
#5613=EDGE_CURVE('',#3258,#3393,#1658,.T.);
#5615=EDGE_CURVE('',#3257,#3258,#1662,.T.);
#5617=EDGE_CURVE('',#3388,#3257,#1666,.T.);
#5627=EDGE_CURVE('',#3311,#3308,#1940,.T.);
#5629=EDGE_CURVE('',#3324,#3311,#1670,.T.);
#5631=EDGE_CURVE('',#3322,#3324,#1674,.T.);
#5633=EDGE_CURVE('',#3404,#3322,#1678,.T.);
#5635=EDGE_CURVE('',#3404,#3405,#1682,.T.);
#5637=EDGE_CURVE('',#3308,#3405,#1686,.T.);
#5647=EDGE_CURVE('',#3229,#3232,#1811,.T.);
#5649=EDGE_CURVE('',#3184,#3229,#1690,.T.);
#5651=EDGE_CURVE('',#3197,#3184,#1694,.T.);
#5655=EDGE_CURVE('',#3157,#3158,#1706,.T.);
#5659=EDGE_CURVE('',#3232,#3202,#1718,.T.);
#5670=EDGE_CURVE('',#3189,#3221,#1726,.T.);
#5685=EDGE_CURVE('',#3194,#3213,#1765,.T.);
#5698=EDGE_CURVE('',#3161,#3174,#1748,.T.);
#5701=EDGE_CURVE('',#3173,#3222,#1731,.T.);
#5711=EDGE_CURVE('',#3232,#3234,#1815,.T.);
#5716=EDGE_CURVE('',#3186,#3225,#1744,.T.);
#5730=EDGE_CURVE('',#3162,#3165,#1761,.T.);
#5741=EDGE_CURVE('',#3166,#3214,#1757,.T.);
#5758=EDGE_CURVE('',#3184,#3170,#1802,.T.);
#5761=EDGE_CURVE('',#3169,#3217,#1778,.T.);
#5795=EDGE_CURVE('',#3229,#3230,#1806,.T.);
#5833=EDGE_CURVE('',#3404,#3417,#1849,.T.);
#5836=EDGE_CURVE('',#3405,#3413,#1920,.T.);
#5847=EDGE_CURVE('',#3408,#3411,#1900,.T.);
#5850=EDGE_CURVE('',#3409,#3415,#1973,.T.);
#5861=EDGE_CURVE('',#3266,#3272,#1833,.T.);
#5864=EDGE_CURVE('',#3258,#3264,#1837,.T.);
#5867=EDGE_CURVE('',#3393,#3401,#1841,.T.);
#5877=EDGE_CURVE('',#3319,#3322,#1845,.T.);
#5891=EDGE_CURVE('',#3245,#3246,#1858,.T.);
#5894=EDGE_CURVE('',#3304,#3302,#1945,.T.);
#5904=EDGE_CURVE('',#3261,#3271,#1969,.T.);
#5907=EDGE_CURVE('',#3249,#3250,#1872,.T.);
#5918=EDGE_CURVE('',#3315,#3320,#1956,.T.);
#5944=EDGE_CURVE('',#3330,#3326,#1892,.T.);
#5947=EDGE_CURVE('',#3332,#3328,#1978,.T.);
#5962=EDGE_CURVE('',#3275,#3276,#1896,.T.);
#5987=EDGE_CURVE('',#3440,#3441,#1904,.T.);
#5990=EDGE_CURVE('',#3254,#3268,#1908,.T.);
#5993=EDGE_CURVE('',#3389,#3395,#1912,.T.);
#6004=EDGE_CURVE('',#3436,#3437,#1916,.T.);
#6018=EDGE_CURVE('',#3308,#3306,#1924,.T.);
#6032=EDGE_CURVE('',#3392,#3397,#1928,.T.);
#6035=EDGE_CURVE('',#3253,#3270,#1986,.T.);
#6046=EDGE_CURVE('',#3311,#3312,#1936,.T.);
#6061=EDGE_CURVE('',#3324,#3316,#1949,.T.);
#6088=EDGE_CURVE('',#3388,#3399,#1964,.T.);
#6115=EDGE_CURVE('',#3257,#3262,#1982,.T.);
#6188=EDGE_CURVE('',#3291,#3296,#1998,.T.);
#6190=EDGE_CURVE('',#3300,#3291,#2022,.T.);
#6192=EDGE_CURVE('',#3295,#3300,#2038,.T.);
#6203=EDGE_CURVE('',#3292,#3298,#2006,.T.);
#6205=EDGE_CURVE('',#3291,#3292,#2026,.T.);
#6216=EDGE_CURVE('',#3282,#3292,#2002,.T.);
#6220=EDGE_CURVE('',#3288,#3282,#2014,.T.);
#6230=EDGE_CURVE('',#3300,#3279,#2018,.T.);
#6235=EDGE_CURVE('',#3280,#3282,#2030,.T.);
#6237=EDGE_CURVE('',#3279,#3280,#2034,.T.);
#6249=EDGE_CURVE('',#3285,#3279,#2042,.T.);
#6263=EDGE_CURVE('',#3286,#3280,#2046,.T.);
#6286=EDGE_CURVE('',#2885,#2769,#2050,.T.);
#6288=EDGE_CURVE('',#2769,#2770,#2114,.T.);
#6290=EDGE_CURVE('',#2886,#2770,#2110,.T.);
#6301=EDGE_CURVE('',#2914,#2798,#2054,.T.);
#6303=EDGE_CURVE('',#2798,#2769,#2118,.T.);
#6315=EDGE_CURVE('',#2912,#2796,#2058,.T.);
#6317=EDGE_CURVE('',#2796,#2798,#2122,.T.);
#6329=EDGE_CURVE('',#2910,#2794,#2062,.T.);
#6331=EDGE_CURVE('',#2794,#2796,#2126,.T.);
#6343=EDGE_CURVE('',#2908,#2792,#2066,.T.);
#6345=EDGE_CURVE('',#2792,#2794,#2130,.T.);
#6357=EDGE_CURVE('',#2906,#2790,#2070,.T.);
#6359=EDGE_CURVE('',#2790,#2792,#2134,.T.);
#6371=EDGE_CURVE('',#2904,#2788,#2074,.T.);
#6373=EDGE_CURVE('',#2788,#2790,#2138,.T.);
#6385=EDGE_CURVE('',#2902,#2786,#2078,.T.);
#6387=EDGE_CURVE('',#2786,#2788,#2142,.T.);
#6399=EDGE_CURVE('',#2900,#2784,#2082,.T.);
#6401=EDGE_CURVE('',#2784,#2786,#2146,.T.);
#6413=EDGE_CURVE('',#2898,#2782,#2086,.T.);
#6415=EDGE_CURVE('',#2782,#2784,#2150,.T.);
#6427=EDGE_CURVE('',#2896,#2780,#2090,.T.);
#6429=EDGE_CURVE('',#2780,#2782,#2154,.T.);
#6441=EDGE_CURVE('',#2894,#2778,#2094,.T.);
#6443=EDGE_CURVE('',#2778,#2780,#2158,.T.);
#6455=EDGE_CURVE('',#2892,#2776,#2098,.T.);
#6457=EDGE_CURVE('',#2776,#2778,#2162,.T.);
#6469=EDGE_CURVE('',#2890,#2774,#2102,.T.);
#6471=EDGE_CURVE('',#2774,#2776,#2166,.T.);
#6483=EDGE_CURVE('',#2888,#2772,#2106,.T.);
#6485=EDGE_CURVE('',#2772,#2774,#2170,.T.);
#6498=EDGE_CURVE('',#2770,#2772,#2174,.T.);
#6533=EDGE_CURVE('',#2801,#2802,#2178,.T.);
#6535=EDGE_CURVE('',#2830,#2801,#2182,.T.);
#6537=EDGE_CURVE('',#2828,#2830,#2186,.T.);
#6539=EDGE_CURVE('',#2826,#2828,#2190,.T.);
#6541=EDGE_CURVE('',#2824,#2826,#2194,.T.);
#6543=EDGE_CURVE('',#2822,#2824,#2198,.T.);
#6545=EDGE_CURVE('',#2820,#2822,#2202,.T.);
#6547=EDGE_CURVE('',#2818,#2820,#2206,.T.);
#6549=EDGE_CURVE('',#2816,#2818,#2210,.T.);
#6551=EDGE_CURVE('',#2814,#2816,#2214,.T.);
#6553=EDGE_CURVE('',#2812,#2814,#2218,.T.);
#6555=EDGE_CURVE('',#2810,#2812,#2222,.T.);
#6557=EDGE_CURVE('',#2808,#2810,#2226,.T.);
#6559=EDGE_CURVE('',#2806,#2808,#2230,.T.);
#6561=EDGE_CURVE('',#2804,#2806,#2234,.T.);
#6563=EDGE_CURVE('',#2802,#2804,#2238,.T.);
#6573=EDGE_CURVE('',#2833,#2834,#2242,.T.);
#6575=EDGE_CURVE('',#2850,#2833,#2246,.T.);
#6577=EDGE_CURVE('',#2848,#2850,#2250,.T.);
#6579=EDGE_CURVE('',#2846,#2848,#2254,.T.);
#6581=EDGE_CURVE('',#2844,#2846,#2258,.T.);
#6583=EDGE_CURVE('',#2842,#2844,#2262,.T.);
#6585=EDGE_CURVE('',#2840,#2842,#2266,.T.);
#6587=EDGE_CURVE('',#2838,#2840,#2270,.T.);
#6589=EDGE_CURVE('',#2836,#2838,#2274,.T.);
#6591=EDGE_CURVE('',#2834,#2836,#2278,.T.);
#6601=EDGE_CURVE('',#2853,#2854,#2282,.T.);
#6603=EDGE_CURVE('',#2882,#2853,#2286,.T.);
#6605=EDGE_CURVE('',#2880,#2882,#2290,.T.);
#6607=EDGE_CURVE('',#2878,#2880,#2294,.T.);
#6609=EDGE_CURVE('',#2876,#2878,#2298,.T.);
#6611=EDGE_CURVE('',#2874,#2876,#2302,.T.);
#6613=EDGE_CURVE('',#2872,#2874,#2306,.T.);
#6615=EDGE_CURVE('',#2870,#2872,#2310,.T.);
#6617=EDGE_CURVE('',#2868,#2870,#2314,.T.);
#6619=EDGE_CURVE('',#2866,#2868,#2318,.T.);
#6621=EDGE_CURVE('',#2864,#2866,#2322,.T.);
#6623=EDGE_CURVE('',#2862,#2864,#2326,.T.);
#6625=EDGE_CURVE('',#2860,#2862,#2330,.T.);
#6627=EDGE_CURVE('',#2858,#2860,#2334,.T.);
#6629=EDGE_CURVE('',#2856,#2858,#2338,.T.);
#6631=EDGE_CURVE('',#2854,#2856,#2342,.T.);
#6642=EDGE_CURVE('',#2917,#2801,#2346,.T.);
#6645=EDGE_CURVE('',#2918,#2802,#2406,.T.);
#6656=EDGE_CURVE('',#2946,#2830,#2350,.T.);
#6669=EDGE_CURVE('',#2944,#2828,#2354,.T.);
#6682=EDGE_CURVE('',#2942,#2826,#2358,.T.);
#6695=EDGE_CURVE('',#2940,#2824,#2362,.T.);
#6708=EDGE_CURVE('',#2938,#2822,#2366,.T.);
#6721=EDGE_CURVE('',#2936,#2820,#2370,.T.);
#6734=EDGE_CURVE('',#2934,#2818,#2374,.T.);
#6747=EDGE_CURVE('',#2932,#2816,#2378,.T.);
#6760=EDGE_CURVE('',#2930,#2814,#2382,.T.);
#6773=EDGE_CURVE('',#2928,#2812,#2386,.T.);
#6786=EDGE_CURVE('',#2926,#2810,#2390,.T.);
#6799=EDGE_CURVE('',#2924,#2808,#2394,.T.);
#6812=EDGE_CURVE('',#2922,#2806,#2398,.T.);
#6825=EDGE_CURVE('',#2920,#2804,#2402,.T.);
#6850=EDGE_CURVE('',#2949,#2833,#2410,.T.);
#6853=EDGE_CURVE('',#2950,#2834,#2446,.T.);
#6864=EDGE_CURVE('',#2966,#2850,#2414,.T.);
#6877=EDGE_CURVE('',#2964,#2848,#2418,.T.);
#6890=EDGE_CURVE('',#2962,#2846,#2422,.T.);
#6903=EDGE_CURVE('',#2960,#2844,#2426,.T.);
#6916=EDGE_CURVE('',#2958,#2842,#2430,.T.);
#6929=EDGE_CURVE('',#2956,#2840,#2434,.T.);
#6942=EDGE_CURVE('',#2954,#2838,#2438,.T.);
#6955=EDGE_CURVE('',#2952,#2836,#2442,.T.);
#6980=EDGE_CURVE('',#2969,#2853,#2450,.T.);
#6983=EDGE_CURVE('',#2970,#2854,#2510,.T.);
#6994=EDGE_CURVE('',#2998,#2882,#2454,.T.);
#7007=EDGE_CURVE('',#2996,#2880,#2458,.T.);
#7020=EDGE_CURVE('',#2994,#2878,#2462,.T.);
#7033=EDGE_CURVE('',#2992,#2876,#2466,.T.);
#7046=EDGE_CURVE('',#2990,#2874,#2470,.T.);
#7059=EDGE_CURVE('',#2988,#2872,#2474,.T.);
#7072=EDGE_CURVE('',#2986,#2870,#2478,.T.);
#7085=EDGE_CURVE('',#2984,#2868,#2482,.T.);
#7098=EDGE_CURVE('',#2982,#2866,#2486,.T.);
#7111=EDGE_CURVE('',#2980,#2864,#2490,.T.);
#7124=EDGE_CURVE('',#2978,#2862,#2494,.T.);
#7137=EDGE_CURVE('',#2976,#2860,#2498,.T.);
#7150=EDGE_CURVE('',#2974,#2858,#2502,.T.);
#7163=EDGE_CURVE('',#2972,#2856,#2506,.T.);
#7187=EDGE_CURVE('',#3002,#3056,#2514,.T.);
#7190=EDGE_CURVE('',#3100,#3001,#2634,.T.);
#7192=EDGE_CURVE('',#3001,#3002,#2522,.T.);
#7203=EDGE_CURVE('',#3002,#3030,#2582,.T.);
#7205=EDGE_CURVE('',#3030,#3074,#2518,.T.);
#7217=EDGE_CURVE('',#3004,#3001,#2526,.T.);
#7219=EDGE_CURVE('',#3006,#3004,#2530,.T.);
#7221=EDGE_CURVE('',#3008,#3006,#2534,.T.);
#7223=EDGE_CURVE('',#3010,#3008,#2538,.T.);
#7225=EDGE_CURVE('',#3012,#3010,#2542,.T.);
#7227=EDGE_CURVE('',#3014,#3012,#2546,.T.);
#7229=EDGE_CURVE('',#3016,#3014,#2550,.T.);
#7231=EDGE_CURVE('',#3018,#3016,#2554,.T.);
#7233=EDGE_CURVE('',#3020,#3018,#2558,.T.);
#7235=EDGE_CURVE('',#3022,#3020,#2562,.T.);
#7237=EDGE_CURVE('',#3024,#3022,#2566,.T.);
#7239=EDGE_CURVE('',#3026,#3024,#2570,.T.);
#7241=EDGE_CURVE('',#3028,#3026,#2574,.T.);
#7243=EDGE_CURVE('',#3030,#3028,#2578,.T.);
#7254=EDGE_CURVE('',#3033,#3034,#2586,.T.);
#7256=EDGE_CURVE('',#3036,#3033,#2590,.T.);
#7258=EDGE_CURVE('',#3038,#3036,#2594,.T.);
#7260=EDGE_CURVE('',#3040,#3038,#2598,.T.);
#7262=EDGE_CURVE('',#3042,#3040,#2602,.T.);
#7264=EDGE_CURVE('',#3044,#3042,#2606,.T.);
#7266=EDGE_CURVE('',#3046,#3044,#2610,.T.);
#7268=EDGE_CURVE('',#3048,#3046,#2614,.T.);
#7270=EDGE_CURVE('',#3050,#3048,#2618,.T.);
#7272=EDGE_CURVE('',#3052,#3050,#2622,.T.);
#7274=EDGE_CURVE('',#3054,#3052,#2626,.T.);
#7276=EDGE_CURVE('',#3034,#3054,#2630,.T.);
#7286=EDGE_CURVE('',#3004,#3058,#2638,.T.);
#7301=EDGE_CURVE('',#3006,#3060,#2642,.T.);
#7314=EDGE_CURVE('',#3102,#3008,#2646,.T.);
#7326=EDGE_CURVE('',#3104,#3010,#2650,.T.);
#7338=EDGE_CURVE('',#3012,#3062,#2654,.T.);
#7353=EDGE_CURVE('',#3106,#3014,#2658,.T.);
#7364=EDGE_CURVE('',#3016,#3064,#2662,.T.);
#7379=EDGE_CURVE('',#3018,#3066,#2666,.T.);
#7392=EDGE_CURVE('',#3108,#3020,#2670,.T.);
#7404=EDGE_CURVE('',#3110,#3022,#2674,.T.);
#7416=EDGE_CURVE('',#3024,#3068,#2678,.T.);
#7431=EDGE_CURVE('',#3026,#3070,#2682,.T.);
#7444=EDGE_CURVE('',#3028,#3072,#2686,.T.);
#7467=EDGE_CURVE('',#3034,#3076,#2690,.T.);
#7470=EDGE_CURVE('',#3033,#3078,#2734,.T.);
#7483=EDGE_CURVE('',#3054,#3098,#2694,.T.);
#7494=EDGE_CURVE('',#3052,#3096,#2698,.T.);
#7507=EDGE_CURVE('',#3050,#3094,#2702,.T.);
#7520=EDGE_CURVE('',#3048,#3092,#2706,.T.);
#7533=EDGE_CURVE('',#3046,#3090,#2710,.T.);
#7546=EDGE_CURVE('',#3044,#3088,#2714,.T.);
#7559=EDGE_CURVE('',#3042,#3086,#2718,.T.);
#7572=EDGE_CURVE('',#3040,#3084,#2722,.T.);
#7585=EDGE_CURVE('',#3038,#3082,#2726,.T.);
#7598=EDGE_CURVE('',#3036,#3080,#2730,.T.);
#7628=ADVANCED_BREP_SHAPE_REPRESENTATION('',(#7619),#7627);
#7635=PRODUCT_DEFINITION('design','',#7634,#7631);
#7636=PRODUCT_DEFINITION_SHAPE('','SHAPE FOR GX12-CE-R-2.',#7635);
#7637=SHAPE_DEFINITION_REPRESENTATION(#7636,#7628);
ENDSEC;
END-ISO-10303-21;
