ISO-10303-21;
HEADER;
FILE_DESCRIPTION (( 'STEP AP214' ),
    '1' );
FILE_NAME ('PRODUCT_1803.STEP',
    '2020-05-25T05:18:06',
    ( '' ),
    ( '' ),
    'SwSTEP 2.0',
    'SolidWorks 2017',
    '' );
FILE_SCHEMA (( 'AUTOMOTIVE_DESIGN' ));
ENDSEC;

DATA;
#1 = CARTESIAN_POINT ( 'NONE',  ( 310.0727759448452000, 91.64788496001634100, -31.30727029176549100 ) ) ;
#2 = DIRECTION ( 'NONE',  ( 0.0000000000000000000, 0.0000000000000000000, 1.000000000000000000 ) ) ;
#3 = CARTESIAN_POINT ( 'NONE',  ( 285.1288288949479600, 91.52532898018985500, -35.71363672341336600 ) ) ;
#4 = B_SPLINE_CURVE_WITH_KNOTS ( 'NONE', 3,
 ( #2760, #6795, #6879, #4639, #2332, #1225, #2378, #1207, #4678, #5226, #4036, #5251, #4611, #6328, #3467, #5816, #4064, #72, #1181, #1769, #4661, #2935 ),
 .UNSPECIFIED., .F., .F.,
 ( 4, 1, 1, 1, 2, 2, 1, 1, 2, 2, 1, 2, 2, 4 ),
 ( 0.0000000000000000000, 0.1249999999995610700, 0.1874999999994315700, 0.2187499999993706100, 0.2343749999994242700, 0.2499999999994778600, 0.3749999999993882100, 0.4374999999993433600, 0.4687499999993108800, 0.4999999999992783600, 0.6249999999994198000, 0.6874999999995479200, 0.7499999999996759300, 1.000000000000000000 ),
 .UNSPECIFIED. ) ;
#5 = CARTESIAN_POINT ( 'NONE',  ( 290.4502248460524400, 91.39104538690077100, -47.14528512458764500 ) ) ;
#6 = EDGE_CURVE ( 'NONE', #7026, #4278, #3064, .T. ) ;
#7 = CARTESIAN_POINT ( 'NONE',  ( 293.1194305696861900, 91.74162420034865300, -33.66385164390533900 ) ) ;
#8 = PRODUCT ( '____1', '____1', '', ( #6742 ) ) ;
#9 = CARTESIAN_POINT ( 'NONE',  ( 308.8284236627229700, 91.40312139462312800, -47.30807779752995400 ) ) ;
#10 = CARTESIAN_POINT ( 'NONE',  ( 273.1640230178854300, 89.31464129989062400, -52.61616593265724600 ) ) ;
#11 = CARTESIAN_POINT ( 'NONE',  ( 308.4765058074442500, 85.46874564475999100, -44.36015650858127700 ) ) ;
#12 = CARTESIAN_POINT ( 'NONE',  ( 287.6075524195742300, 93.13510198421610700, -25.18842878659301800 ) ) ;
#13 = CARTESIAN_POINT ( 'NONE',  ( 304.5801178658840600, 94.76874564476001700, -48.33760564957621100 ) ) ;
#14 = CARTESIAN_POINT ( 'NONE',  ( 290.9998493950735700, 85.46874564475953700, -45.30806422134099200 ) ) ;
#15 = CARTESIAN_POINT ( 'NONE',  ( 292.2032387969193800, 91.72518879933348000, -30.74795477743493400 ) ) ;
#16 = B_SPLINE_CURVE_WITH_KNOTS ( 'NONE', 3,
 ( #5308, #2483, #1826, #145, #4754, #3031, #1316, #3529, #6522, #2507 ),
 .UNSPECIFIED., .F., .F.,
 ( 4, 2, 2, 2, 4 ),
 ( 0.0000000000000000000, 0.2500000000000000000, 0.5000000000000000000, 0.7500000000000000000, 1.000000000000000000 ),
 .UNSPECIFIED. ) ;
#17 = CARTESIAN_POINT ( 'NONE',  ( 276.9238104069993900, 92.79102040701235400, -37.96920135124058500 ) ) ;
#18 = CARTESIAN_POINT ( 'NONE',  ( 299.8236186651652700, 90.29620332636858400, -24.91900824474634000 ) ) ;
#19 = CARTESIAN_POINT ( 'NONE',  ( 271.8343852205996400, 88.55314568370388900, -34.78067234923715000 ) ) ;
#20 = CARTESIAN_POINT ( 'NONE',  ( 291.3445193364999600, 93.27484570594002400, -53.64895960919998400 ) ) ;
#21 = SHAPE_REPRESENTATION ( '____1', ( #60 ), #3374 ) ;
#22 = DIRECTION ( 'NONE',  ( -0.01744974670008409000, 0.9996953165427817600, 0.01745796158005130300 ) ) ;
#23 = CARTESIAN_POINT ( 'NONE',  ( 309.8860333111910000, 91.65354366530753800, -35.20012009921767800 ) ) ;
#24 = SURFACE_SIDE_STYLE ('',( #6264 ) ) ;
#25 = EDGE_LOOP ( 'NONE', ( #3144, #1677, #4327, #3419 ) ) ;
#26 = CARTESIAN_POINT ( 'NONE',  ( 326.1812265383471800, 92.65276017548590900, -25.89591145490884500 ) ) ;
#27 = VECTOR ( 'NONE', #1997, 1000.000000000000100 ) ;
#28 = CARTESIAN_POINT ( 'NONE',  ( 329.6741180581825000, 88.35832614614800200, -55.17824593677595900 ) ) ;
#29 = CARTESIAN_POINT ( 'NONE',  ( 308.6395640873000700, 93.00102510520004300, -53.99043187734001500 ) ) ;
#30 = EDGE_LOOP ( 'NONE', ( #3689, #1701, #2597, #3143, #3454, #4441 ) ) ;
#31 = CARTESIAN_POINT ( 'NONE',  ( 284.7026387336127300, 89.00389448232739700, -54.93493450347846600 ) ) ;
#32 = FACE_OUTER_BOUND ( 'NONE', #2770, .T. ) ;
#33 = CARTESIAN_POINT ( 'NONE',  ( 273.0474433137519000, 89.14858453849913600, -52.39084553062046700 ) ) ;
#34 = EDGE_CURVE ( 'NONE', #1286, #4952, #4884, .T. ) ;
#35 = ORIENTED_EDGE ( 'NONE', *, *, #4656, .F. ) ;
#36 = FACE_OUTER_BOUND ( 'NONE', #6739, .T. ) ;
#37 = CARTESIAN_POINT ( 'NONE',  ( 297.1628519484575600, 93.26644045778005000, -53.69600251152385100 ) ) ;
#38 = CARTESIAN_POINT ( 'NONE',  ( 318.3916158839161300, 88.54085296218983100, -38.00019013633716700 ) ) ;
#39 = CARTESIAN_POINT ( 'NONE',  ( 310.0072386712612900, 91.38133775492167400, -44.57486504243871700 ) ) ;
#40 = CARTESIAN_POINT ( 'NONE',  ( 319.7481437852416700, 87.04085002964001200, -43.36708115772658100 ) ) ;
#41 = CARTESIAN_POINT ( 'NONE',  ( 326.8829755334579700, 89.36222894180083600, -52.47222265823104700 ) ) ;
#42 = ORIENTED_EDGE ( 'NONE', *, *, #1226, .F. ) ;
#43 = ORIENTED_EDGE ( 'NONE', *, *, #4659, .F. ) ;
#44 =( NAMED_UNIT ( * ) SI_UNIT ( $, .STERADIAN. ) SOLID_ANGLE_UNIT ( ) );
#45 = EDGE_CURVE ( 'NONE', #1695, #6936, #3657, .T. ) ;
#46 = ORIENTED_EDGE ( 'NONE', *, *, #4644, .F. ) ;
#47 = FACE_OUTER_BOUND ( 'NONE', #6706, .T. ) ;
#48 = ORIENTED_EDGE ( 'NONE', *, *, #7359, .T. ) ;
#49 = ORIENTED_EDGE ( 'NONE', *, *, #7276, .F. ) ;
#50 = ORIENTED_EDGE ( 'NONE', *, *, #714, .T. ) ;
#51 = ORIENTED_EDGE ( 'NONE', *, *, #1243, .F. ) ;
#52 = CARTESIAN_POINT ( 'NONE',  ( 272.2819209810000400, 87.55211604231999400, -47.83130146022000400 ) ) ;
#53 = B_SPLINE_CURVE_WITH_KNOTS ( 'NONE', 3,
 ( #250, #6052, #7093, #5953, #7167, #5975, #6538, #3053, #6620, #1993 ),
 .UNSPECIFIED., .F., .F.,
 ( 4, 2, 2, 2, 4 ),
 ( 0.0000000000000000000, 0.2500000000000000000, 0.5000000000000000000, 0.7500000000000000000, 1.000000000000000000 ),
 .UNSPECIFIED. ) ;
#54 = CARTESIAN_POINT ( 'NONE',  ( 288.2296805975746000, 90.12946803744924300, -39.71343594681996300 ) ) ;
#55 = EDGE_CURVE ( 'NONE', #5078, #1330, #384, .T. ) ;
#56 = ORIENTED_EDGE ( 'NONE', *, *, #4769, .T. ) ;
#57 = ORIENTED_EDGE ( 'NONE', *, *, #532, .T. ) ;
#58 = ORIENTED_EDGE ( 'NONE', *, *, #2823, .T. ) ;
#59 = CARTESIAN_POINT ( 'NONE',  ( 307.9925033858969000, 85.46874564475996300, -44.56048095643297600 ) ) ;
#60 = AXIS2_PLACEMENT_3D ( 'NONE', #5498, #3285, #4949 ) ;
#61 = CARTESIAN_POINT ( 'NONE',  ( 273.5804837406000200, 92.55335959479002400, -25.95767172803999800 ) ) ;
#62 = CARTESIAN_POINT ( 'NONE',  ( 296.6615249941196500, 89.23837451475563400, -53.22308253750061600 ) ) ;
#63 = B_SPLINE_CURVE_WITH_KNOTS ( 'NONE', 3,
 ( #4119, #5352, #7023, #3568 ),
 .UNSPECIFIED., .F., .F.,
 ( 4, 4 ),
 ( 0.0000000000000000000, 1.000000000000000000 ),
 .UNSPECIFIED. ) ;
#64 = EDGE_LOOP ( 'NONE', ( #3313, #6414, #5064, #5150 ) ) ;
#65 = CARTESIAN_POINT ( 'NONE',  ( 295.2341091665184600, 94.73120363955585800, -47.78296467475679800 ) ) ;
#66 = DIRECTION ( 'NONE',  ( -0.01745240645701114400, 0.9998476951560469900, 0.0000000000000000000 ) ) ;
#67 = CARTESIAN_POINT ( 'NONE',  ( 287.7567257108877900, 101.0000000000002400, -52.42965067278358000 ) ) ;
#68 = CARTESIAN_POINT ( 'NONE',  ( 273.8578274790652400, 88.49750784093392000, -25.20524626145695600 ) ) ;
#69 = CARTESIAN_POINT ( 'NONE',  ( 299.9999972795731100, 93.26137442417783100, -53.77917870192127500 ) ) ;
#70 = CARTESIAN_POINT ( 'NONE',  ( 314.7606589895842700, 91.27537720177248600, -29.61385166519893300 ) ) ;
#71 = VERTEX_POINT ( 'NONE', #5062 ) ;
#72 = CARTESIAN_POINT ( 'NONE',  ( 271.8277858487807100, 87.63380170035002000, -43.80449727322553600 ) ) ;
#73 =( GEOMETRIC_REPRESENTATION_CONTEXT ( 3 ) GLOBAL_UNCERTAINTY_ASSIGNED_CONTEXT ( ( #141 ) ) GLOBAL_UNIT_ASSIGNED_CONTEXT ( ( #6639, #2664, #6669 ) ) REPRESENTATION_CONTEXT ( 'NONE', 'WORKASPACE' ) );
#74 = DIRECTION ( 'NONE',  ( 0.0000000000000000000, 1.000000000000000000, 0.0000000000000000000 ) ) ;
#75 = ORIENTED_EDGE ( 'NONE', *, *, #7223, .T. ) ;
#76 = SURFACE_STYLE_FILL_AREA ( #1009 ) ;
#77 = CARTESIAN_POINT ( 'NONE',  ( 291.1319791924800000, 91.39956008698020200, -44.30808628783663000 ) ) ;
#78 = ORIENTED_EDGE ( 'NONE', *, *, #6278, .F. ) ;
#79 = CARTESIAN_POINT ( 'NONE',  ( 273.9588400810092700, 89.01085232678396200, -26.60568854595190300 ) ) ;
#80 = DIRECTION ( 'NONE',  ( 1.000000000000000000, 0.0000000000000000000, 0.0000000000000000000 ) ) ;
#81 = B_SPLINE_CURVE_WITH_KNOTS ( 'NONE', 3,
 ( #6288, #6377, #1191, #4079, #6957, #3500, #6422, #119, #4667, #2965, #6980, #4103, #1779, #7024, #161, #2430, #2341, #3474, #4733, #6999, #4167, #6446, #6934, #662, #3545, #6353, #682, #5806, #5262, #1800, #5821 ),
 .UNSPECIFIED., .F., .F.,
 ( 4, 2, 2, 2, 2, 2, 2, 1, 2, 2, 2, 2, 1, 1, 2, 2, 4 ),
 ( 0.0000000000000000000, 0.1249999999997987200, 0.1874999999997503700, 0.2187499999996773700, 0.2499999999996043700, 0.3749999999995992100, 0.4374999999996392300, 0.4687499999996924700, 0.4843749999997215000, 0.4999999999997505300, 0.6249999999997871700, 0.6874999999997836200, 0.7187499999997623000, 0.7343749999997517500, 0.7421874999997594100, 0.7499999999997671900, 1.000000000000000000 ),
 .UNSPECIFIED. ) ;
#82 = DIRECTION ( 'NONE',  ( -0.0000000000000000000, 1.000000000000000000, 0.0000000000000000000 ) ) ;
#83 = EDGE_CURVE ( 'NONE', #7418, #6914, #6698, .T. ) ;
#84 = CARTESIAN_POINT ( 'NONE',  ( 299.9998714613999500, 91.42902513656417800, -46.30807779752999700 ) ) ;
#85 = CARTESIAN_POINT ( 'NONE',  ( 291.3474018248999800, 93.18511738069001600, -53.97615330569999500 ) ) ;
#86 = CARTESIAN_POINT ( 'NONE',  ( 272.4768881360922700, 88.63353251281550600, -37.31181856293032700 ) ) ;
#87 = CARTESIAN_POINT ( 'NONE',  ( 289.2298201170075300, 90.74092067268030300, -39.72365358583611100 ) ) ;
#88 = CARTESIAN_POINT ( 'NONE',  ( 325.4114975899222500, 90.89512628416443400, -25.28900681751000300 ) ) ;
#89 = ORIENTED_EDGE ( 'NONE', *, *, #4508, .T. ) ;
#90 = CARTESIAN_POINT ( 'NONE',  ( 327.0172513565299800, 88.66314489768724600, -37.38635140750165700 ) ) ;
#91 = CARTESIAN_POINT ( 'NONE',  ( 319.5111495042025400, 88.54085002964014000, -40.70419573568207000 ) ) ;
#92 = EDGE_CURVE ( 'NONE', #463, #6378, #4261, .T. ) ;
#93 = CARTESIAN_POINT ( 'NONE',  ( 272.4782220500489400, 87.63380170035000600, -30.57566013161447700 ) ) ;
#94 = CARTESIAN_POINT ( 'NONE',  ( 317.7158500778413700, 91.18540329855119400, -41.94978412165304600 ) ) ;
#95 = PRODUCT ( '____-____1', '____-____1', '', ( #6177 ) ) ;
#96 = CARTESIAN_POINT ( 'NONE',  ( 308.9998714614001800, 85.46874564476090100, -44.30807779753000400 ) ) ;
#97 = ORIENTED_EDGE ( 'NONE', *, *, #4099, .T. ) ;
#98 = CARTESIAN_POINT ( 'NONE',  ( 292.9093898321234000, 90.23937355456429500, -30.46382065638521700 ) ) ;
#99 = CARTESIAN_POINT ( 'NONE',  ( 292.0476284896049000, 89.19389099420325800, -53.22353432003134100 ) ) ;
#100 = CARTESIAN_POINT ( 'NONE',  ( 295.9639893187902500, 94.74210604562483700, -49.23116254277046300 ) ) ;
#101 = CARTESIAN_POINT ( 'NONE',  ( 320.7106497678000200, 91.23304940153735700, -39.78237565572000300 ) ) ;
#102 = CARTESIAN_POINT ( 'NONE',  ( 318.8562923104701700, 87.04085002963996900, -36.56711676675445200 ) ) ;
#103 = ORIENTED_EDGE ( 'NONE', *, *, #5124, .F. ) ;
#104 = FACE_OUTER_BOUND ( 'NONE', #3244, .T. ) ;
#105 = CARTESIAN_POINT ( 'NONE',  ( 299.9998804551489700, 93.27547821270540900, -39.15350272018313400 ) ) ;
#106 = DIRECTION ( 'NONE',  ( -0.0000000000000000000, 1.000000000000000000, -0.0000000000000000000 ) ) ;
#107 = CARTESIAN_POINT ( 'NONE',  ( 299.9999972479878400, 93.04259395005242100, -53.98439982557882600 ) ) ;
#108 = EDGE_CURVE ( 'NONE', #1286, #4790, #312, .T. ) ;
#109 = CARTESIAN_POINT ( 'NONE',  ( 285.8006973165042300, 91.54993330385822500, -27.13039570597132100 ) ) ;
#110 = ORIENTED_EDGE ( 'NONE', *, *, #1041, .T. ) ;
#111 = CYLINDRICAL_SURFACE ( 'NONE', #3831, 4.990090537039049100 ) ;
#112 = CARTESIAN_POINT ( 'NONE',  ( 321.6348661039975800, 92.84944208074588800, -42.61039312460158600 ) ) ;
#113 = DIRECTION ( 'NONE',  ( 0.0000000000000000000, 0.0000000000000000000, -1.000000000000000000 ) ) ;
#114 = CARTESIAN_POINT ( 'NONE',  ( 320.7106497678000200, 91.23304940153735700, -39.78237565572000300 ) ) ;
#115 = ORIENTED_EDGE ( 'NONE', *, *, #3170, .F. ) ;
#116 = CYLINDRICAL_SURFACE ( 'NONE', #6212, 313.1642095832426700 ) ;
#117 = CARTESIAN_POINT ( 'NONE',  ( 292.9497849449711600, 91.42424871273743700, -45.78990574622209700 ) ) ;
#118 = CARTESIAN_POINT ( 'NONE',  ( 326.1812291128348400, 92.65284107391194400, -53.85605105821031900 ) ) ;
#119 = CARTESIAN_POINT ( 'NONE',  ( 273.5138130364567200, 88.48081949742901000, -25.30134480460815600 ) ) ;
#120 = ORIENTED_EDGE ( 'NONE', *, *, #133, .F. ) ;
#121 = ORIENTED_EDGE ( 'NONE', *, *, #6547, .T. ) ;
#122 = B_SPLINE_CURVE_WITH_KNOTS ( 'NONE', 3,
 ( #1421, #6622, #904, #3208, #4405, #3185 ),
 .UNSPECIFIED., .F., .F.,
 ( 4, 2, 4 ),
 ( 0.0000000000000000000, 0.5000000000000000000, 1.000000000000000000 ),
 .UNSPECIFIED. ) ;
#123 = CARTESIAN_POINT ( 'NONE',  ( 326.4125091760652100, 92.52594089399212900, -53.85567135427814400 ) ) ;
#124 = ORIENTED_EDGE ( 'NONE', *, *, #6369, .F. ) ;
#125 = CARTESIAN_POINT ( 'NONE',  ( 319.2106497678000200, 87.04085002963995500, -39.78237565571955500 ) ) ;
#126 = CARTESIAN_POINT ( 'NONE',  ( 307.3859148971413900, 91.42017001995141400, -39.73482638379529400 ) ) ;
#127 = CARTESIAN_POINT ( 'NONE',  ( 317.7984401329249000, 92.98660184686568200, -40.42725344065167500 ) ) ;
#128 = VERTEX_POINT ( 'NONE', #2804 ) ;
#129 = CARTESIAN_POINT ( 'NONE',  ( 299.9998714613999500, 100.8330302779821000, -46.30807779752999700 ) ) ;
#130 = ORIENTED_EDGE ( 'NONE', *, *, #349, .T. ) ;
#131 = EDGE_LOOP ( 'NONE', ( #406, #1517, #3431, #3330 ) ) ;
#132 = ORIENTED_EDGE ( 'NONE', *, *, #5551, .F. ) ;
#133 = EDGE_CURVE ( 'NONE', #329, #3042, #3610, .T. ) ;
#134 = EDGE_LOOP ( 'NONE', ( #304, #6395, #5153, #5671 ) ) ;
#135 = CARTESIAN_POINT ( 'NONE',  ( 304.8478091672742500, 101.0000000000000000, -45.30807779753080700 ) ) ;
#136 = B_SPLINE_CURVE_WITH_KNOTS ( 'NONE', 3,
 ( #3189, #1501, #3296, #2182, #5088, #1633, #1123, #6827, #3912, #1682, #1660, #2768, #4516, #3373, #3353, #7338, #1146, #5639, #2824 ),
 .UNSPECIFIED., .F., .F.,
 ( 4, 2, 2, 2, 2, 2, 1, 2, 2, 4 ),
 ( 0.0000000000000000000, 0.1249999999999908400, 0.1874999999999862600, 0.2499999999999816800, 0.3749999999999725200, 0.4999999999999633600, 0.6249999999999542600, 0.6875000000000173200, 0.7500000000000804900, 1.000000000000000000 ),
 .UNSPECIFIED. ) ;
#137 = AXIS2_PLACEMENT_3D ( 'NONE', #5994, #1992, #330 ) ;
#138 = CARTESIAN_POINT ( 'NONE',  ( 319.9552212972440100, 87.04085002963991300, -38.47169607318834000 ) ) ;
#139 = CARTESIAN_POINT ( 'NONE',  ( 328.2075240800064600, 87.63380170034997700, -30.71098603622042600 ) ) ;
#140 = VERTEX_POINT ( 'NONE', #2773 ) ;
#141 = UNCERTAINTY_MEASURE_WITH_UNIT (LENGTH_MEASURE( 1.000000000000000100E-005 ), #6639, 'distance_accuracy_value', 'NONE');
#142 = CARTESIAN_POINT ( 'NONE',  ( 328.4422704083119100, 88.52774863406372700, -34.23107290891498900 ) ) ;
#143 = CARTESIAN_POINT ( 'NONE',  ( 329.2114379648325000, 88.53961123718082100, -37.49483200885379800 ) ) ;
#144 = CARTESIAN_POINT ( 'NONE',  ( 298.2026296614002400, 94.76424888503918000, -50.96724933825490200 ) ) ;
#145 = CARTESIAN_POINT ( 'NONE',  ( 324.9415219384487700, 90.91431694151408700, -26.44225722797212100 ) ) ;
#146 = CARTESIAN_POINT ( 'NONE',  ( 305.0625360550442300, 91.44583545635434500, -39.73466827953110000 ) ) ;
#147 = EDGE_LOOP ( 'NONE', ( #4671, #829, #4555, #1269, #4862, #4074 ) ) ;
#148 = CARTESIAN_POINT ( 'NONE',  ( 272.2798123575948400, 87.63380169952829100, -43.52255252573540600 ) ) ;
#149 = CARTESIAN_POINT ( 'NONE',  ( 300.8194140337123500, 91.79218056743280800, -32.06385163733257600 ) ) ;
#150 = CARTESIAN_POINT ( 'NONE',  ( 280.4771317883318600, 91.12317262523568200, -43.27381424749568600 ) ) ;
#151 = CARTESIAN_POINT ( 'NONE',  ( 308.9998714614000100, 85.46874564476232200, -46.30807779752999700 ) ) ;
#152 = CARTESIAN_POINT ( 'NONE',  ( 309.7390960721903600, 90.15753393007143800, -39.71145981316227100 ) ) ;
#153 = EDGE_LOOP ( 'NONE', ( #621, #1476 ) ) ;
#154 = CARTESIAN_POINT ( 'NONE',  ( 308.1844802621197900, 91.69554845030710100, -35.81655977881274600 ) ) ;
#155 = VECTOR ( 'NONE', #2085, 1000.000000000000200 ) ;
#156 = AXIS2_PLACEMENT_3D ( 'NONE', #1019, #5616, #4383 ) ;
#157 = EDGE_CURVE ( 'NONE', #1818, #5595, #6138, .T. ) ;
#158 = CARTESIAN_POINT ( 'NONE',  ( 308.3641465390689400, 91.41023998363490900, -47.08040207815359000 ) ) ;
#159 = CARTESIAN_POINT ( 'NONE',  ( 305.6033439654763100, 90.24696552934742000, -33.85958137866693800 ) ) ;
#160 = CARTESIAN_POINT ( 'NONE',  ( 290.9998785003946900, 91.39776871634005300, -48.30807840469977800 ) ) ;
#161 = CARTESIAN_POINT ( 'NONE',  ( 273.2281422104519500, 88.46930304087044300, -25.52704268571638500 ) ) ;
#162 = B_SPLINE_CURVE_WITH_KNOTS ( 'NONE', 3,
 ( #382, #958, #6689, #1006, #4975, #1518, #3769, #5603, #6667, #409, #7267, #6713, #5549, #2644, #2713, #430, #6076, #2688, #2093, #448, #6738, #5574, #1543, #6123, #3284, #898, #7295, #4375, #930, #4947, #4428, #5525, #976, #2059 ),
 .UNSPECIFIED., .F., .F.,
 ( 4, 2, 2, 2, 1, 1, 2, 2, 2, 2, 2, 2, 2, 1, 1, 2, 2, 2, 4 ),
 ( 0.0000000000000000000, 0.1249999999996953000, 0.1874999999995654300, 0.2187499999994775600, 0.2343749999994047300, 0.2421874999993979800, 0.2460937499993678700, 0.2499999999993377500, 0.3749999999993721100, 0.4999999999994064700, 0.6249999999994407800, 0.6874999999994579900, 0.7187499999994638700, 0.7343749999994668700, 0.7421874999994854100, 0.7460937499994923000, 0.7499999999994991800, 0.8749999999997495300, 1.000000000000000000 ),
 .UNSPECIFIED. ) ;
#163 = CARTESIAN_POINT ( 'NONE',  ( 299.9998783930474200, 93.77565621906596500, -39.87614628745696200 ) ) ;
#164 = CARTESIAN_POINT ( 'NONE',  ( 272.1338046614091600, 88.49579855072296700, -30.52257330935643500 ) ) ;
#165 = EDGE_CURVE ( 'NONE', #2962, #2881, #6550, .T. ) ;
#166 = CARTESIAN_POINT ( 'NONE',  ( 311.6475292353064800, 91.60170847788853600, -37.81332355740645600 ) ) ;
#167 = CARTESIAN_POINT ( 'NONE',  ( 271.7764923744671800, 87.63379237541366300, -47.28110577654565100 ) ) ;
#168 = CARTESIAN_POINT ( 'NONE',  ( 317.7428604527607400, 92.98839257361618100, -40.08111474039817800 ) ) ;
#169 = CARTESIAN_POINT ( 'NONE',  ( 297.6470487761989700, 91.46828747322871300, -50.37959810067218300 ) ) ;
#170 = CARTESIAN_POINT ( 'NONE',  ( 295.4224515810132600, 93.31448966862194500, -37.84102547703610500 ) ) ;
#171 = B_SPLINE_CURVE_WITH_KNOTS ( 'NONE', 3,
 ( #1049, #6680, #5060, #3271 ),
 .UNSPECIFIED., .F., .F.,
 ( 4, 4 ),
 ( 5.033278227367959500E-012, 1.000000000000000000 ),
 .UNSPECIFIED. ) ;
#172 = DIRECTION ( 'NONE',  ( -0.0005250848998921842000, 0.01744054289998120700, -0.9998477642867448200 ) ) ;
#173 = CARTESIAN_POINT ( 'NONE',  ( 284.2087767316805300, 91.24611323405348200, -29.61385166517117500 ) ) ;
#174 = B_SPLINE_CURVE_WITH_KNOTS ( 'NONE', 3,
 ( #3640, #1959, #5990, #267 ),
 .UNSPECIFIED., .F., .F.,
 ( 4, 4 ),
 ( 0.0000000000000000000, 1.000000000000000000 ),
 .UNSPECIFIED. ) ;
#175 = VECTOR ( 'NONE', #4764, 1000.000000000000000 ) ;
#176 = EDGE_CURVE ( 'NONE', #6994, #2532, #5360, .T. ) ;
#177 = CARTESIAN_POINT ( 'NONE',  ( 327.5736171284786500, 88.54187004350849600, -47.83128893936108700 ) ) ;
#178 = ORIENTED_EDGE ( 'NONE', *, *, #3824, .T. ) ;
#179 = CARTESIAN_POINT ( 'NONE',  ( 308.2345932402905600, 91.41213928837733200, -45.66415253700154200 ) ) ;
#180 = VECTOR ( 'NONE', #5978, 1000.000000000000000 ) ;
#181 = DIRECTION ( 'NONE',  ( -1.000000000000000000, 0.0000000000000000000, 0.0000000000000000000 ) ) ;
#182 = CARTESIAN_POINT ( 'NONE',  ( 327.0187695969020800, 88.53414417577545200, -29.99958784910576900 ) ) ;
#183 = CARTESIAN_POINT ( 'NONE',  ( 285.8641318070134500, 93.09263216105083000, -37.31225297935999000 ) ) ;
#184 = CARTESIAN_POINT ( 'NONE',  ( 302.5276382563994300, 94.76874564476003100, -41.97894580362675800 ) ) ;
#185 = CARTESIAN_POINT ( 'NONE',  ( 271.6805111855939000, 87.63380170035002000, -30.80246469389949100 ) ) ;
#186 = EDGE_LOOP ( 'NONE', ( #470, #839 ) ) ;
#187 = FACE_OUTER_BOUND ( 'NONE', #7310, .T. ) ;
#188 = CARTESIAN_POINT ( 'NONE',  ( 323.7045975463455000, 90.96420274518554500, -37.61389193556545500 ) ) ;
#189 = CARTESIAN_POINT ( 'NONE',  ( 271.6037929684008500, 87.63380170034999100, -34.32868051706594800 ) ) ;
#190 = DIRECTION ( 'NONE',  ( 4.625929269271481400E-015, 1.000000000000000000, 0.0000000000000000000 ) ) ;
#191 = CARTESIAN_POINT ( 'NONE',  ( 299.9998714613999500, 89.50000000000036900, -46.30807779752999700 ) ) ;
#192 = CARTESIAN_POINT ( 'NONE',  ( 298.9207861856586400, 93.27290224329499300, -53.40508015809246000 ) ) ;
#193 = VERTEX_POINT ( 'NONE', #1437 ) ;
#194 = CARTESIAN_POINT ( 'NONE',  ( 282.9459524533137400, 91.20690169617024900, -40.26227422971200600 ) ) ;
#195 = CARTESIAN_POINT ( 'NONE',  ( 300.2112738112757600, 90.29579820208410000, -39.71319427949883600 ) ) ;
#196 = CARTESIAN_POINT ( 'NONE',  ( 287.1228382071975000, 90.59482547954546300, -35.73116417380054300 ) ) ;
#197 = ORIENTED_EDGE ( 'NONE', *, *, #7265, .T. ) ;
#198 = SURFACE_STYLE_FILL_AREA ( #3821 ) ;
#199 = CARTESIAN_POINT ( 'NONE',  ( 322.1716087828026500, 87.04085002963994100, -39.38975382918154400 ) ) ;
#200 = CARTESIAN_POINT ( 'NONE',  ( 319.7888296878380700, 88.54085002964014000, -38.58287539212241100 ) ) ;
#201 = CARTESIAN_POINT ( 'NONE',  ( 274.2643535328647900, 90.88169475110456100, -25.71436710406420200 ) ) ;
#202 = FACE_OUTER_BOUND ( 'NONE', #657, .T. ) ;
#203 = EDGE_LOOP ( 'NONE', ( #3663, #89, #3048, #3291, #1363, #4066, #4445, #58, #4040 ) ) ;
#204 = ORIENTED_EDGE ( 'NONE', *, *, #2395, .F. ) ;
#205 = ORIENTED_EDGE ( 'NONE', *, *, #5615, .T. ) ;
#206 = CARTESIAN_POINT ( 'NONE',  ( 328.3977454126785500, 88.47320956647824600, -30.96145688213608000 ) ) ;
#207 = CARTESIAN_POINT ( 'NONE',  ( 323.3897237893413600, 92.77780008240532100, -38.47938038895251400 ) ) ;
#208 = EDGE_CURVE ( 'NONE', #6452, #6914, #1451, .T. ) ;
#209 = CARTESIAN_POINT ( 'NONE',  ( 303.7345493934478200, 94.76874564476003100, -42.96700438073026600 ) ) ;
#210 = CARTESIAN_POINT ( 'NONE',  ( 329.3850902400714100, 88.29245941575756300, -23.94132693433547800 ) ) ;
#211 = ORIENTED_EDGE ( 'NONE', *, *, #7416, .F. ) ;
#212 = B_SPLINE_CURVE_WITH_KNOTS ( 'NONE', 3,
 ( #6455, #3534, #3036, #2972 ),
 .UNSPECIFIED., .F., .F.,
 ( 4, 4 ),
 ( 0.0000000000000000000, 1.000000000000000000 ),
 .UNSPECIFIED. ) ;
#213 = CARTESIAN_POINT ( 'NONE',  ( 295.2656785359022800, 94.73167822349420000, -44.73923079708229300 ) ) ;
#214 = ORIENTED_EDGE ( 'NONE', *, *, #7376, .F. ) ;
#215 = ORIENTED_EDGE ( 'NONE', *, *, #1825, .T. ) ;
#216 = ADVANCED_FACE ( 'NONE', ( #5684 ), #2607, .T. ) ;
#217 = CARTESIAN_POINT ( 'NONE',  ( 329.3245399497353100, 88.29326014752393800, -23.77846536967223700 ) ) ;
#218 = CARTESIAN_POINT ( 'NONE',  ( 317.8224809496981600, 92.98582586744208800, -39.03730093955726200 ) ) ;
#219 = CARTESIAN_POINT ( 'NONE',  ( 272.0364598680488400, 88.60951317905548300, -37.35492523777657700 ) ) ;
#220 = CARTESIAN_POINT ( 'NONE',  ( 282.5990706779198800, 91.19571927615525900, -41.40933071092595000 ) ) ;
#221 = EDGE_CURVE ( 'NONE', #7266, #1902, #2435, .T. ) ;
#222 = CARTESIAN_POINT ( 'NONE',  ( 284.2087760596007800, 91.24611329581355800, -36.23373933626538000 ) ) ;
#223 = CARTESIAN_POINT ( 'NONE',  ( 290.4787188820637900, 91.38937290646377700, -48.25735917236888600 ) ) ;
#224 = CARTESIAN_POINT ( 'NONE',  ( 285.1537614994313700, 90.02526603813032600, -35.73989146890684100 ) ) ;
#225 = VERTEX_POINT ( 'NONE', #4481 ) ;
#226 = CARTESIAN_POINT ( 'NONE',  ( 270.5834351792377100, 88.28994694723128600, -23.90907317591931000 ) ) ;
#227 = CARTESIAN_POINT ( 'NONE',  ( 297.2469752888654300, 91.46536559213853900, -42.49540878017251100 ) ) ;
#228 = CARTESIAN_POINT ( 'NONE',  ( 309.8732115445564500, 85.46874564475999100, -46.81296431406064300 ) ) ;
#229 = CARTESIAN_POINT ( 'NONE',  ( 299.9998714613999500, 89.50000000000028400, -46.30807779752999700 ) ) ;
#230 = CARTESIAN_POINT ( 'NONE',  ( 271.6297305917602200, 87.63380240864619000, -31.01864651196545400 ) ) ;
#231 = CARTESIAN_POINT ( 'NONE',  ( 322.9694804485364400, 90.99334922407129500, -36.87164102661860500 ) ) ;
#232 = ORIENTED_EDGE ( 'NONE', *, *, #2535, .T. ) ;
#233 = FACE_OUTER_BOUND ( 'NONE', #1808, .T. ) ;
#234 = CARTESIAN_POINT ( 'NONE',  ( 273.4157064843059300, 89.67304657638465000, -26.62680309638057000 ) ) ;
#235 = EDGE_CURVE ( 'NONE', #5554, #1601, #4781, .T. ) ;
#236 = CARTESIAN_POINT ( 'NONE',  ( 294.3374956349464900, 99.41651513896999900, -45.30807779753220600 ) ) ;
#237 = CARTESIAN_POINT ( 'NONE',  ( 319.6128033202994600, 92.92509046000090200, -37.01007138012727200 ) ) ;
#238 = CARTESIAN_POINT ( 'NONE',  ( 308.9998936043429000, 85.46874564476000600, -47.30809141035698700 ) ) ;
#239 = CARTESIAN_POINT ( 'NONE',  ( 308.5320151893275200, 90.18849356870127600, -30.51651559221873100 ) ) ;
#240 = CARTESIAN_POINT ( 'NONE',  ( 309.8790518901486200, 91.38532076356695200, -45.81393460730223700 ) ) ;
#241 = CARTESIAN_POINT ( 'NONE',  ( 328.0353222185200400, 87.63380170034999100, -34.78106241030378200 ) ) ;
#242 = AXIS2_PLACEMENT_3D ( 'NONE', #101, #4106, #5358 ) ;
#243 = CARTESIAN_POINT ( 'NONE',  ( 300.4714826524486900, 93.27341298576659800, -53.74850848814252700 ) ) ;
#244 = ADVANCED_FACE ( 'NONE', ( #6838 ), #5833, .T. ) ;
#245 = EDGE_CURVE ( 'NONE', #1367, #2672, #6087, .T. ) ;
#246 = CARTESIAN_POINT ( 'NONE',  ( 327.7190857907000900, 88.57423658695627500, -47.28130146021999300 ) ) ;
#247 = CARTESIAN_POINT ( 'NONE',  ( 291.9830637779040800, 91.72066545267881600, -33.19022042909409000 ) ) ;
#248 = CARTESIAN_POINT ( 'NONE',  ( 295.7834219922344800, 91.45356502385482100, -48.39078920506079800 ) ) ;
#249 = VERTEX_POINT ( 'NONE', #2576 ) ;
#250 = CARTESIAN_POINT ( 'NONE',  ( 300.8194140337123500, 91.79218056743280800, -32.06385163733257600 ) ) ;
#251 = CARTESIAN_POINT ( 'NONE',  ( 300.9679181453000800, 93.25481621870001400, -53.79691367018000400 ) ) ;
#252 = CARTESIAN_POINT ( 'NONE',  ( 272.2310294674659300, 88.57658179113107600, -34.83128959929748400 ) ) ;
#253 = B_SPLINE_CURVE_WITH_KNOTS ( 'NONE', 3,
 ( #6014, #2565, #1936, #2011, #869, #4892, #5969, #5942, #3666, #5470 ),
 .UNSPECIFIED., .F., .F.,
 ( 4, 2, 2, 2, 4 ),
 ( 0.5000000000000000000, 0.6250000000000000000, 0.7500000000000000000, 0.8750000000000000000, 1.000000000000000000 ),
 .UNSPECIFIED. ) ;
#254 = CARTESIAN_POINT ( 'NONE',  ( 324.4052977560600100, 90.93603791989419000, -39.91367377082343600 ) ) ;
#255 = EDGE_CURVE ( 'NONE', #5295, #4208, #6505, .T. ) ;
#256 = CARTESIAN_POINT ( 'NONE',  ( 274.8418099004337600, 90.90528508571456700, -26.42714286034622300 ) ) ;
#257 = DIRECTION ( 'NONE',  ( 0.0000000000000000000, 0.01746061910629587500, 0.9998475517699810800 ) ) ;
#258 = ORIENTED_EDGE ( 'NONE', *, *, #4744, .F. ) ;
#259 = DIRECTION ( 'NONE',  ( 0.0000000000000000000, 0.0000000000000000000, 1.000000000000000000 ) ) ;
#260 = CARTESIAN_POINT ( 'NONE',  ( 311.6647303542132500, 91.60114904408094100, -26.51421201116292900 ) ) ;
#261 = CARTESIAN_POINT ( 'NONE',  ( 304.2660006559046300, 94.73834407467987300, -43.73322421565652000 ) ) ;
#262 = CARTESIAN_POINT ( 'NONE',  ( 272.8302455651477800, 87.63380170034996300, -43.99861783866114000 ) ) ;
#263 = CARTESIAN_POINT ( 'NONE',  ( 319.2106497678000200, 87.04085002963995500, -39.78237565571955500 ) ) ;
#264 = ORIENTED_EDGE ( 'NONE', *, *, #2996, .T. ) ;
#265 = CYLINDRICAL_SURFACE ( 'NONE', #5678, 0.5999999999845322400 ) ;
#266 = CARTESIAN_POINT ( 'NONE',  ( 273.7878196283335200, 92.65134180310340600, -53.85636865840679400 ) ) ;
#267 = CARTESIAN_POINT ( 'NONE',  ( 272.9546014041349600, 88.77674555438353800, -51.92750680802962600 ) ) ;
#268 = DIRECTION ( 'NONE',  ( 0.0000000000000000000, -0.9998476951501493700, 0.01745240679488882200 ) ) ;
#269 = CARTESIAN_POINT ( 'NONE',  ( 304.6847006052671000, 93.25390151892078400, -40.88697838498350000 ) ) ;
#270 = CARTESIAN_POINT ( 'NONE',  ( 321.6348661039975800, 92.84944208074588800, -42.61039312460158600 ) ) ;
#271 = CARTESIAN_POINT ( 'NONE',  ( 292.3825137365834600, 91.72859611882204000, -33.48791014180437000 ) ) ;
#272 = VERTEX_POINT ( 'NONE', #6058 ) ;
#273 = CARTESIAN_POINT ( 'NONE',  ( 311.4909931126792900, 91.35366562855716700, -39.73054564397571700 ) ) ;
#274 = LINE ( 'NONE', #6274, #2338 ) ;
#275 = CARTESIAN_POINT ( 'NONE',  ( 274.2513294288168000, 88.58761652736738800, -53.22900420288853200 ) ) ;
#276 = CARTESIAN_POINT ( 'NONE',  ( 299.9977309548932000, 90.29604447941036900, -24.91902433406835700 ) ) ;
#277 = CARTESIAN_POINT ( 'NONE',  ( 301.5728813959971100, 94.76777042684960900, -51.03832493708091500 ) ) ;
#278 = AXIS2_PLACEMENT_3D ( 'NONE', #3898, #5071, #1616 ) ;
#279 = CARTESIAN_POINT ( 'NONE',  ( 299.9998714614037000, 94.76874564476014500, -51.00807779753149200 ) ) ;
#280 = VERTEX_POINT ( 'NONE', #859 ) ;
#281 = CARTESIAN_POINT ( 'NONE',  ( 298.0689172501591900, 93.27056643483219000, -53.76171403986986500 ) ) ;
#283 = ADVANCED_FACE ( 'NONE', ( #914 ), #3113, .F. ) ;
#282 = CARTESIAN_POINT ( 'NONE',  ( 274.2643520836613800, 90.88169270650986700, -27.19087812737983300 ) ) ;
#284 = CARTESIAN_POINT ( 'NONE',  ( 313.2012051443010100, 91.54875464800352300, -27.16637397028204900 ) ) ;
#285 = ORIENTED_EDGE ( 'NONE', *, *, #1442, .T. ) ;
#286 = CARTESIAN_POINT ( 'NONE',  ( 272.9913720688050500, 89.06870704344918000, -26.34478539796187500 ) ) ;
#287 = EDGE_LOOP ( 'NONE', ( #4359, #2756, #4437, #1141 ) ) ;
#288 = ORIENTED_EDGE ( 'NONE', *, *, #4612, .T. ) ;
#289 = EDGE_CURVE ( 'NONE', #1523, #4208, #4829, .T. ) ;
#290 = CARTESIAN_POINT ( 'NONE',  ( 309.5496255147398900, 91.39105672270478900, -45.47094255817709300 ) ) ;
#291 = CARTESIAN_POINT ( 'NONE',  ( 299.9998714613999500, 100.8330302779821000, -46.30807779752999700 ) ) ;
#292 = DIRECTION ( 'NONE',  ( 0.0000000000000000000, 0.0000000000000000000, -1.000000000000000000 ) ) ;
#293 = CARTESIAN_POINT ( 'NONE',  ( 300.0000955711582300, 91.48340609100282000, -39.73401444539250300 ) ) ;
#294 = ORIENTED_EDGE ( 'NONE', *, *, #5482, .F. ) ;
#295 = CARTESIAN_POINT ( 'NONE',  ( 302.3549962312531500, 93.26893877936980500, -53.71738133673473900 ) ) ;
#296 = ORIENTED_EDGE ( 'NONE', *, *, #5173, .T. ) ;
#297 = ORIENTED_EDGE ( 'NONE', *, *, #5913, .F. ) ;
#298 = CARTESIAN_POINT ( 'NONE',  ( 313.3108841298911800, 91.54485535906962900, -37.04310682646173800 ) ) ;
#299 = CARTESIAN_POINT ( 'NONE',  ( 291.9999441942533700, 85.46874564475999100, -46.44031933574977000 ) ) ;
#300 = CARTESIAN_POINT ( 'NONE',  ( 272.2553668422054900, 88.56744890042908500, -43.52256180327310600 ) ) ;
#301 = CARTESIAN_POINT ( 'NONE',  ( 302.9249847988578500, 91.46404736931313600, -42.62343594482730700 ) ) ;
#302 = CARTESIAN_POINT ( 'NONE',  ( 299.9999299603480300, 91.48356439391038500, -41.60808144946671000 ) ) ;
#303 = CARTESIAN_POINT ( 'NONE',  ( 279.2893471838999600, 88.54085002964001200, -39.78237565572000300 ) ) ;
#304 = ORIENTED_EDGE ( 'NONE', *, *, #5482, .T. ) ;
#305 = EDGE_CURVE ( 'NONE', #3965, #140, #7230, .T. ) ;
#306 = CARTESIAN_POINT ( 'NONE',  ( 304.9010614367953700, 94.76874564476001700, -45.27331440561430800 ) ) ;
#307 = CARTESIAN_POINT ( 'NONE',  ( 295.2998714614001300, 94.76874564476028700, -45.69284923620050200 ) ) ;
#308 = B_SPLINE_CURVE_WITH_KNOTS ( 'NONE', 3,
 ( #670, #4700, #6967, #6874 ),
 .UNSPECIFIED., .F., .F.,
 ( 4, 4 ),
 ( 0.0000000000000000000, 1.000000000000000000 ),
 .UNSPECIFIED. ) ;
#309 =( BOUNDED_CURVE ( )  B_SPLINE_CURVE ( 3, ( #1600, #5009, #6265, #7306 ),
 .UNSPECIFIED., .F., .F. ) 
 B_SPLINE_CURVE_WITH_KNOTS ( ( 4, 4 ),
 ( 0.0000000000000000000, 1.000000000000000000 ),
 .UNSPECIFIED. ) 
 CURVE ( )  GEOMETRIC_REPRESENTATION_ITEM ( )  RATIONAL_B_SPLINE_CURVE ( ( 0.9999940893365520900, 0.9999940893344745300, 0.9999940718170101700, 0.9999940367911861500 ) ) 
 REPRESENTATION_ITEM ( '' )  );
#310 = CARTESIAN_POINT ( 'NONE',  ( 274.5213736550854800, 90.89221050307899900, -26.61338584162182700 ) ) ;
#311 = EDGE_LOOP ( 'NONE', ( #2697, #2458, #986 ) ) ;
#312 = B_SPLINE_CURVE_WITH_KNOTS ( 'NONE', 3,
 ( #6804, #1636, #2873, #6248 ),
 .UNSPECIFIED., .F., .F.,
 ( 4, 4 ),
 ( 0.0000000000000000000, 1.000000000000000000 ),
 .UNSPECIFIED. ) ;
#313 = EDGE_LOOP ( 'NONE', ( #1581, #5586, #3054, #6461, #6327 ) ) ;
#314 = CARTESIAN_POINT ( 'NONE',  ( 326.1665419333522200, 92.42075342965698300, -54.14828375584754400 ) ) ;
#315 = ORIENTED_EDGE ( 'NONE', *, *, #2327, .F. ) ;
#316 = CARTESIAN_POINT ( 'NONE',  ( 304.5668878801639000, 94.73370969173805600, -44.30189092359934500 ) ) ;
#317 = EDGE_CURVE ( 'NONE', #6108, #1349, #5412, .T. ) ;
#318 = CARTESIAN_POINT ( 'NONE',  ( 322.7352401883097200, 91.00256318862187800, -42.86728395120273700 ) ) ;
#319 = ORIENTED_EDGE ( 'NONE', *, *, #5748, .F. ) ;
#320 = CARTESIAN_POINT ( 'NONE',  ( 320.7106375280690700, 92.88504549319722500, -42.75820119579083200 ) ) ;
#321 = CARTESIAN_POINT ( 'NONE',  ( 289.9925585117295600, 85.46874564476000600, -48.05554155311765600 ) ) ;
#322 = CARTESIAN_POINT ( 'NONE',  ( 304.4473235190000100, 94.26723425888999900, -50.76107527139999600 ) ) ;
#323 = CARTESIAN_POINT ( 'NONE',  ( 280.0594777686007400, 92.91334967325103400, -36.90088860073130000 ) ) ;
#324 = ORIENTED_EDGE ( 'NONE', *, *, #445, .T. ) ;
#325 = CARTESIAN_POINT ( 'NONE',  ( 305.7078699134187900, 93.24419466281956700, -42.00387391389979500 ) ) ;
#326 = ADVANCED_FACE ( 'NONE', ( #7014 ), #6654, .F. ) ;
#327 = CARTESIAN_POINT ( 'NONE',  ( 313.8364535181000300, 91.44379641321997100, -35.77886052677000400 ) ) ;
#328 = CARTESIAN_POINT ( 'NONE',  ( 319.7649448336000000, 92.87398551471997600, -54.03165754533000600 ) ) ;
#329 = VERTEX_POINT ( 'NONE', #4258 ) ;
#330 = DIRECTION ( 'NONE',  ( -1.000000000000000000, 0.0000000000000000000, 0.0000000000000000000 ) ) ;
#331 = DIRECTION ( 'NONE',  ( 0.0000000000000000000, 0.0000000000000000000, 1.000000000000000000 ) ) ;
#332 = LINE ( 'NONE', #88, #1227 ) ;
#333 = CARTESIAN_POINT ( 'NONE',  ( 308.9998714614000100, 85.46874564476232200, -48.30807779752999000 ) ) ;
#334 = DIRECTION ( 'NONE',  ( 1.000000000000000000, 0.0000000000000000000, 0.0000000000000000000 ) ) ;
#335 = CARTESIAN_POINT ( 'NONE',  ( 296.2414373021276800, 94.76874564476028700, -49.19644738141111900 ) ) ;
#336 = DIRECTION ( 'NONE',  ( 0.0000000000000000000, 1.000000000000000000, 0.0000000000000000000 ) ) ;
#337 = CARTESIAN_POINT ( 'NONE',  ( 299.9998714613999500, 100.9999999999999700, -46.30807779752999700 ) ) ;
#338 = EDGE_CURVE ( 'NONE', #1202, #5404, #1529, .T. ) ;
#339 = VERTEX_POINT ( 'NONE', #2122 ) ;
#340 = CARTESIAN_POINT ( 'NONE',  ( 273.7877987318424900, 92.65176285159132900, -35.21743573197805000 ) ) ;
#341 = CARTESIAN_POINT ( 'NONE',  ( 304.9767158402100300, 94.72963216720809500, -46.08497531555822500 ) ) ;
#342 = CARTESIAN_POINT ( 'NONE',  ( 308.9998714614000100, 85.46874564476232200, -46.30807779752999700 ) ) ;
#343 = DIRECTION ( 'NONE',  ( 0.0000000000000000000, -1.000000000000000000, 0.0000000000000000000 ) ) ;
#344 = CARTESIAN_POINT ( 'NONE',  ( 289.2522746203179600, 85.46874564475999100, -47.31544587305796800 ) ) ;
#345 = CARTESIAN_POINT ( 'NONE',  ( 299.7977977269999900, 93.75854488893001800, -39.85472081454999900 ) ) ;
#346 = CARTESIAN_POINT ( 'NONE',  ( 282.2671663660694900, 92.98871801853515300, -39.97372985515774200 ) ) ;
#347 = CARTESIAN_POINT ( 'NONE',  ( 301.0545576791295200, 94.76874564476001700, -51.20804186627032800 ) ) ;
#348 = CARTESIAN_POINT ( 'NONE',  ( 329.5626615393999800, 88.28644940914999500, -55.09677884776000700 ) ) ;
#349 = EDGE_CURVE ( 'NONE', #3971, #2777, #2023, .T. ) ;
#350 = FACE_OUTER_BOUND ( 'NONE', #5760, .T. ) ;
#351 = DIRECTION ( 'NONE',  ( 0.0000000000000000000, 1.000000000000000000, 0.0000000000000000000 ) ) ;
#352 = CARTESIAN_POINT ( 'NONE',  ( 311.6475225895050600, 92.11817950513032800, -26.50506098224932900 ) ) ;
#353 =( NAMED_UNIT ( * ) SI_UNIT ( $, .STERADIAN. ) SOLID_ANGLE_UNIT ( ) );
#354 = CARTESIAN_POINT ( 'NONE',  ( 273.7799022868817900, 92.65143094558384000, -25.78480337503199100 ) ) ;
#355 = CARTESIAN_POINT ( 'NONE',  ( 285.1701415892126200, 93.07441475313298400, -36.25692621389969600 ) ) ;
#356 = CARTESIAN_POINT ( 'NONE',  ( 287.6266272654999600, 91.44953521897997500, -39.73677995459999600 ) ) ;
#357 = CARTESIAN_POINT ( 'NONE',  ( 298.7618478247000000, 94.82252823415002800, -41.37334196044999100 ) ) ;
#358 = CARTESIAN_POINT ( 'NONE',  ( 297.1115018775169000, 94.76874564476027300, -50.06651195680074600 ) ) ;
#359 = VERTEX_POINT ( 'NONE', #3808 ) ;
#360 = FACE_OUTER_BOUND ( 'NONE', #313, .T. ) ;
#361 = B_SPLINE_CURVE_WITH_KNOTS ( 'NONE', 1,
 ( #4724, #865 ),
 .UNSPECIFIED., .F., .F.,
 ( 2, 2 ),
 ( 0.0000000000000000000, 1.000000000000000000 ),
 .UNSPECIFIED. ) ;
#362 = EDGE_CURVE ( 'NONE', #6849, #3341, #734, .T. ) ;
#363 =( BOUNDED_CURVE ( )  B_SPLINE_CURVE ( 3, ( #118, #2367, #5259, #6375 ),
 .UNSPECIFIED., .F., .F. ) 
 B_SPLINE_CURVE_WITH_KNOTS ( ( 4, 4 ),
 ( 0.0000000000000000000, 1.000000000000000000 ),
 .UNSPECIFIED. ) 
 CURVE ( )  GEOMETRIC_REPRESENTATION_ITEM ( )  RATIONAL_B_SPLINE_CURVE ( ( 0.9993396779670951100, 0.8547938765159228700, 0.8550125394576575400, 0.9999956667920556500 ) ) 
 REPRESENTATION_ITEM ( '' )  );
#365 = ADVANCED_FACE ( 'NONE', ( #3410, #5322, #3771 ), #2286, .T. ) ;
#364 = CARTESIAN_POINT ( 'NONE',  ( 329.3222238288459500, 88.38208873947003500, -54.80649372660167300 ) ) ;
#366 = ORIENTED_EDGE ( 'NONE', *, *, #584, .T. ) ;
#368 = ORIENTED_EDGE ( 'NONE', *, *, #7032, .F. ) ;
#367 = B_SPLINE_CURVE_WITH_KNOTS ( 'NONE', 3,
 ( #2908, #86, #219, #5438 ),
 .UNSPECIFIED., .F., .F.,
 ( 4, 4 ),
 ( 0.0000000000000000000, 1.000000000000000000 ),
 .UNSPECIFIED. ) ;
#369 = CARTESIAN_POINT ( 'NONE',  ( 272.2555884510453000, 88.52987147115085500, -47.83130121702615900 ) ) ;
#370 = AXIS2_PLACEMENT_3D ( 'NONE', #5127, #5779, #5732 ) ;
#371 = CARTESIAN_POINT ( 'NONE',  ( 302.9117973812884700, 94.75559474381890400, -42.26049978571470700 ) ) ;
#372 = CARTESIAN_POINT ( 'NONE',  ( 272.8308008448895500, 88.59327994800109700, -44.07256059515003700 ) ) ;
#373 = CARTESIAN_POINT ( 'NONE',  ( 312.9924616090236200, 91.32064968779901900, -53.20483476755309500 ) ) ;
#374 = CARTESIAN_POINT ( 'NONE',  ( 328.3171348927145900, 87.63380170034999100, -34.52829867827921400 ) ) ;
#375 = CARTESIAN_POINT ( 'NONE',  ( 279.2893471838999600, 88.54085296164828400, -39.78237565572000300 ) ) ;
#376 = EDGE_LOOP ( 'NONE', ( #2442, #2982, #7308, #48, #3661, #478 ) ) ;
#377 = FACE_OUTER_BOUND ( 'NONE', #5105, .T. ) ;
#378 = CARTESIAN_POINT ( 'NONE',  ( 281.2579387238389500, 92.95536425273196800, -42.02427232278011400 ) ) ;
#379 = CARTESIAN_POINT ( 'NONE',  ( 305.5740870696566300, 93.24556602085492300, -41.82959836393513300 ) ) ;
#380 = CARTESIAN_POINT ( 'NONE',  ( 280.2931741897001000, 91.53775970337000000, -54.34332556232000400 ) ) ;
#381 = CARTESIAN_POINT ( 'NONE',  ( 304.2270470455955000, 91.45347917776764700, -48.38598730660991300 ) ) ;
#382 = CARTESIAN_POINT ( 'NONE',  ( 290.9998721380649200, 91.40039372137461300, -45.30807779752999700 ) ) ;
#383 = ORIENTED_EDGE ( 'NONE', *, *, #2471, .T. ) ;
#384 = LINE ( 'NONE', #2728, #5941 ) ;
#385 =( NAMED_UNIT ( * ) PLANE_ANGLE_UNIT ( ) SI_UNIT ( $, .RADIAN. ) );
#386 = CARTESIAN_POINT ( 'NONE',  ( 272.0847707598359200, 88.50446158395139700, -31.02256193296999200 ) ) ;
#387 = CARTESIAN_POINT ( 'NONE',  ( 301.0492639299672500, 94.76874564476001700, -41.40755988112627500 ) ) ;
#388 = AXIS2_PLACEMENT_3D ( 'NONE', #5302, #4714, #729 ) ;
#389 = DIRECTION ( 'NONE',  ( 1.000000000000000000, 0.0000000000000000000, 0.0000000000000000000 ) ) ;
#390 = CARTESIAN_POINT ( 'NONE',  ( 273.8025248602218700, 92.41928645365479200, -54.14865334953742600 ) ) ;
#391 = ORIENTED_EDGE ( 'NONE', *, *, #7122, .F. ) ;
#392 = CIRCLE ( 'NONE', #4363, 6.949999999999997500 ) ;
#393 = VERTEX_POINT ( 'NONE', #3293 ) ;
#394 = EDGE_LOOP ( 'NONE', ( #297, #5247, #3894 ) ) ;
#395 = ORIENTED_EDGE ( 'NONE', *, *, #6498, .F. ) ;
#396 = CARTESIAN_POINT ( 'NONE',  ( 274.1165753649056000, 90.67126747078934600, -53.19960246131539300 ) ) ;
#397 = CARTESIAN_POINT ( 'NONE',  ( 326.2692469192148800, 92.65203170305805700, -25.90526444770422300 ) ) ;
#398 = DIRECTION ( 'NONE',  ( 1.000000000000000000, 0.0000000000000000000, 0.0000000000000000000 ) ) ;
#399 = ORIENTED_EDGE ( 'NONE', *, *, #1752, .F. ) ;
#400 = CARTESIAN_POINT ( 'NONE',  ( 322.4928352871763800, 88.54085296164831200, -37.46334177184305500 ) ) ;
#401 = ORIENTED_EDGE ( 'NONE', *, *, #5006, .T. ) ;
#402 = EDGE_CURVE ( 'NONE', #5958, #2624, #3172, .T. ) ;
#403 = CARTESIAN_POINT ( 'NONE',  ( 277.0471887162589200, 90.99378889883628600, -42.71045726775305700 ) ) ;
#404 = ADVANCED_FACE ( 'NONE', ( #559 ), #3929, .T. ) ;
#405 = CARTESIAN_POINT ( 'NONE',  ( 299.9998749466382200, 94.77061470948952100, -51.29304987250385000 ) ) ;
#406 = ORIENTED_EDGE ( 'NONE', *, *, #1128, .F. ) ;
#407 = DIRECTION ( 'NONE',  ( -0.0000000000000000000, 1.000000000000000000, 0.0000000000000000000 ) ) ;
#408 = CARTESIAN_POINT ( 'NONE',  ( 272.8309084876982000, 87.63380170032756700, -44.07256190852179900 ) ) ;
#409 = CARTESIAN_POINT ( 'NONE',  ( 291.6926399529072600, 91.41113870616469200, -45.58687693369294200 ) ) ;
#410 = APPLICATION_PROTOCOL_DEFINITION ( 'draft international standard', 'automotive_design', 1998, #6690 ) ;
#411 = CARTESIAN_POINT ( 'NONE',  ( 322.8227035709865000, 92.80156812352967700, -41.88398735056718200 ) ) ;
#412 = EDGE_CURVE ( 'NONE', #1448, #564, #7279, .T. ) ;
#413 = ORIENTED_EDGE ( 'NONE', *, *, #5408, .T. ) ;
#414 = ORIENTED_EDGE ( 'NONE', *, *, #2843, .T. ) ;
#415 = B_SPLINE_CURVE_WITH_KNOTS ( 'NONE', 3,
 ( #2523, #3018, #1916, #4802, #7065, #5394, #6536, #5945, #2497, #6516, #226, #3076 ),
 .UNSPECIFIED., .F., .F.,
 ( 4, 2, 2, 2, 2, 4 ),
 ( 0.0000000000000000000, 0.2500000000000430800, 0.5000000000000861500, 0.6250000000001076900, 0.7500000000001292300, 1.000000000000000000 ),
 .UNSPECIFIED. ) ;
#416 = AXIS2_PLACEMENT_3D ( 'NONE', #1973, #7070, #5999 ) ;
#417 = B_SPLINE_CURVE_WITH_KNOTS ( 'NONE', 3,
 ( #2571, #6691, #5499, #3203 ),
 .UNSPECIFIED., .F., .F.,
 ( 4, 4 ),
 ( 0.0000000000000000000, 1.000000000000000000 ),
 .UNSPECIFIED. ) ;
#418 = ORIENTED_EDGE ( 'NONE', *, *, #935, .F. ) ;
#419 = CARTESIAN_POINT ( 'NONE',  ( 292.5992327063548800, 85.46874564476000600, -45.07911377697697500 ) ) ;
#420 = EDGE_CURVE ( 'NONE', #5378, #2186, #3748, .T. ) ;
#421 = CARTESIAN_POINT ( 'NONE',  ( 328.4422704083119100, 88.52774863406372700, -34.23107290891498900 ) ) ;
#422 = CARTESIAN_POINT ( 'NONE',  ( 293.1194160714999800, 91.75133148077419800, -32.06385163790000100 ) ) ;
#423 = PRESENTATION_LAYER_ASSIGNMENT (  '', '', ( #6246 ) ) ;
#424 = CARTESIAN_POINT ( 'NONE',  ( 290.7368702003846000, 85.46874564476000600, -44.30822244823804800 ) ) ;
#425 = CARTESIAN_POINT ( 'NONE',  ( 299.8490206701000000, 93.22683647692001300, -53.53509991561000400 ) ) ;
#426 = CARTESIAN_POINT ( 'NONE',  ( 280.2493843261041800, 92.92018053496669000, -42.60656133180371800 ) ) ;
#427 = CARTESIAN_POINT ( 'NONE',  ( 303.3465889261001400, 93.26367919440809800, -52.64252924574143600 ) ) ;
#428 = CARTESIAN_POINT ( 'NONE',  ( 272.3865841115002100, 88.51033115020992200, -30.53824097962818500 ) ) ;
#429 = CARTESIAN_POINT ( 'NONE',  ( 319.6061139492999200, 90.19876109594001400, -54.65575329899999000 ) ) ;
#430 = CARTESIAN_POINT ( 'NONE',  ( 291.9765341499286300, 91.41545377653527300, -46.05655158434976900 ) ) ;
#431 = SURFACE_STYLE_USAGE ( .BOTH. , #1490 ) ;
#432 = DIRECTION ( 'NONE',  ( 1.955934272815129000E-017, 0.8827467591026950700, -0.4698490814013460100 ) ) ;
#433 = ORIENTED_EDGE ( 'NONE', *, *, #6078, .T. ) ;
#434 = CARTESIAN_POINT ( 'NONE',  ( 272.2295146012458000, 88.57177963454971300, -44.02256193297000700 ) ) ;
#435 = ADVANCED_FACE ( 'NONE', ( #6305 ), #4430, .T. ) ;
#436 = CARTESIAN_POINT ( 'NONE',  ( 309.1712900096408700, 91.39735104759833500, -47.30807779753003900 ) ) ;
#437 = CARTESIAN_POINT ( 'NONE',  ( 313.0070531059624300, 91.32030352113406500, -53.20483522911290900 ) ) ;
#438 = ORIENTED_EDGE ( 'NONE', *, *, #3626, .F. ) ;
#439 = ORIENTED_EDGE ( 'NONE', *, *, #2969, .F. ) ;
#440 = VECTOR ( 'NONE', #6176, 1000.000000000000100 ) ;
#441 = CARTESIAN_POINT ( 'NONE',  ( 309.7390960721903600, 90.15753393007143800, -39.71145981316227100 ) ) ;
#442 = CARTESIAN_POINT ( 'NONE',  ( 298.4269178868875100, 94.76777097728279400, -51.03834130717803700 ) ) ;
#443 = CARTESIAN_POINT ( 'NONE',  ( 280.3726800929000000, 90.20006697295001200, -54.65542043789000800 ) ) ;
#444 = CARTESIAN_POINT ( 'NONE',  ( 301.0853041213767400, 93.27317021448276100, -39.21375232438020900 ) ) ;
#445 = EDGE_CURVE ( 'NONE', #1533, #5334, #4360, .T. ) ;
#446 = CARTESIAN_POINT ( 'NONE',  ( 304.7000546419677100, 91.44923914582265900, -46.61311749393158300 ) ) ;
#447 = ORIENTED_EDGE ( 'NONE', *, *, #4705, .F. ) ;
#448 = CARTESIAN_POINT ( 'NONE',  ( 291.9034962492921700, 91.41426471740703600, -46.74137471681189000 ) ) ;
#449 = B_SPLINE_CURVE_WITH_KNOTS ( 'NONE', 3,
 ( #4366, #7367, #4448, #7312 ),
 .UNSPECIFIED., .F., .F.,
 ( 4, 4 ),
 ( 0.0000000000000000000, 1.000000000000000000 ),
 .UNSPECIFIED. ) ;
#450 = CYLINDRICAL_SURFACE ( 'NONE', #4388, 0.2999997853314541100 ) ;
#451 = CARTESIAN_POINT ( 'NONE',  ( 273.7051557229362400, 92.65528828135531100, -54.00173444131409200 ) ) ;
#452 = CARTESIAN_POINT ( 'NONE',  ( 290.0231736431380800, 91.38357392294666700, -46.05668646755724200 ) ) ;
#453 = DIRECTION ( 'NONE',  ( -1.000000000000000000, -0.0000000000000000000, -0.0000000000000000000 ) ) ;
#454 = ORIENTED_EDGE ( 'NONE', *, *, #4985, .T. ) ;
#455 = B_SPLINE_CURVE_WITH_KNOTS ( 'NONE', 3,
 ( #3629, #1312, #4355, #6104, #906, #7228, #6082, #2575, #3140, #2020 ),
 .UNSPECIFIED., .F., .F.,
 ( 4, 2, 2, 2, 4 ),
 ( 0.0000000000000000000, 0.2500000000000000000, 0.5000000000000000000, 0.7500000000000000000, 1.000000000000000000 ),
 .UNSPECIFIED. ) ;
#456 = CARTESIAN_POINT ( 'NONE',  ( 295.1526261820780500, 91.77492393415789700, -33.66385163790339900 ) ) ;
#457 = CYLINDRICAL_SURFACE ( 'NONE', #773, 0.2999997849975445400 ) ;
#458 = EDGE_CURVE ( 'NONE', #6751, #5679, #6648, .T. ) ;
#459 = CARTESIAN_POINT ( 'NONE',  ( 311.6904299828029300, 91.60027408338646600, -37.81279354806793000 ) ) ;
#460 = CARTESIAN_POINT ( 'NONE',  ( 316.8773676511000300, 87.04085002963999800, -35.95500741357000900 ) ) ;
#461 = CARTESIAN_POINT ( 'NONE',  ( 271.6312769524649300, 88.58718069713398800, -37.40337432864711100 ) ) ;
#462 = CARTESIAN_POINT ( 'NONE',  ( 272.8306412324931800, 88.59956402778503600, -34.23133096035107300 ) ) ;
#463 = VERTEX_POINT ( 'NONE', #7145 ) ;
#464 = CARTESIAN_POINT ( 'NONE',  ( 310.7406595225339200, 90.12942727339977000, -39.70880485964730200 ) ) ;
#465 = CARTESIAN_POINT ( 'NONE',  ( 273.5971977121383200, 92.46685222714104700, -25.68708712002236500 ) ) ;
#466 = CARTESIAN_POINT ( 'NONE',  ( 328.2692256132980900, 88.51737945622106500, -46.21150705967792000 ) ) ;
#467 = DIRECTION ( 'NONE',  ( 0.9998476951561126000, 0.01745240643270740800, -8.467256428310317900E-007 ) ) ;
#468 = CARTESIAN_POINT ( 'NONE',  ( 272.5650052314251200, 91.11235997606451100, -25.24073990772722100 ) ) ;
#469 = CARTESIAN_POINT ( 'NONE',  ( 326.2822219935853800, 89.34076942087075700, -25.68744542692971700 ) ) ;
#470 = ORIENTED_EDGE ( 'NONE', *, *, #3265, .T. ) ;
#471 = ORIENTED_EDGE ( 'NONE', *, *, #289, .F. ) ;
#472 = CARTESIAN_POINT ( 'NONE',  ( 272.8309038307604100, 87.63380170035024700, -34.38839591576994100 ) ) ;
#473 = ADVANCED_FACE ( 'NONE', ( #3218 ), #7067, .F. ) ;
#474 = CARTESIAN_POINT ( 'NONE',  ( 308.8077353902518800, 91.68111078280725200, -30.58656825291980800 ) ) ;
#475 = CARTESIAN_POINT ( 'NONE',  ( 279.2893471838999600, 87.04085002964269800, -39.78237565572000300 ) ) ;
#476 = CARTESIAN_POINT ( 'NONE',  ( 286.0609551418782000, 91.55875707413309800, -37.44573119477616500 ) ) ;
#477 = ORIENTED_EDGE ( 'NONE', *, *, #697, .F. ) ;
#478 = ORIENTED_EDGE ( 'NONE', *, *, #2834, .T. ) ;
#479 = CARTESIAN_POINT ( 'NONE',  ( 272.8309084877000700, 87.63380170035002000, -32.67693143276500200 ) ) ;
#480 = ORIENTED_EDGE ( 'NONE', *, *, #349, .F. ) ;
#481 = EDGE_LOOP ( 'NONE', ( #1134, #6492, #4716, #2590 ) ) ;
#482 = CARTESIAN_POINT ( 'NONE',  ( 296.5866050545804500, 94.76874564476001700, -42.52049814912321300 ) ) ;
#483 = VERTEX_POINT ( 'NONE', #708 ) ;
#484 = EDGE_CURVE ( 'NONE', #3625, #6653, #6125, .T. ) ;
#485 = CARTESIAN_POINT ( 'NONE',  ( 272.1045204698028800, 87.63380168411897800, -34.83130145968345200 ) ) ;
#486 = CARTESIAN_POINT ( 'NONE',  ( 312.2430172119071000, 101.0000000000002400, -40.18650492227642000 ) ) ;
#487 = ORIENTED_EDGE ( 'NONE', *, *, #2894, .F. ) ;
#488 = CARTESIAN_POINT ( 'NONE',  ( 325.6822370110522800, 90.61308755369681500, -53.21057593533323200 ) ) ;
#489 = CARTESIAN_POINT ( 'NONE',  ( 296.4971631542532000, 89.23731786145876300, -53.22309382785871900 ) ) ;
#490 = AXIS2_PLACEMENT_3D ( 'NONE', #84, #1782, #2345 ) ;
#491 = CARTESIAN_POINT ( 'NONE',  ( 276.3157431043758300, 92.76522455841050900, -39.97842831128795600 ) ) ;
#492 = CARTESIAN_POINT ( 'NONE',  ( 302.8882410452835100, 94.76874564476017300, -42.54964363825962400 ) ) ;
#493 = CARTESIAN_POINT ( 'NONE',  ( 303.5643829487343100, 101.0000000000000100, -42.82723740099910300 ) ) ;
#494 = CARTESIAN_POINT ( 'NONE',  ( 311.6565340943769200, 92.63446257154349400, -37.82937501023568700 ) ) ;
#495 = CARTESIAN_POINT ( 'NONE',  ( 326.3324045104315000, 89.35090753976317000, -25.71076981712126000 ) ) ;
#496 = MANIFOLD_SOLID_BREP ( '输入1', #6202 ) ;
#497 = CARTESIAN_POINT ( 'NONE',  ( 310.7778048733217700, 91.62795180868971600, -32.52034321940648500 ) ) ;
#498 = CARTESIAN_POINT ( 'NONE',  ( 328.2218852101396500, 87.63381322506082000, -43.89867210638882300 ) ) ;
#499 = EDGE_LOOP ( 'NONE', ( #3594, #1638, #3415, #6851, #4156, #5871, #4828, #5119, #2432 ) ) ;
#500 = ORIENTED_EDGE ( 'NONE', *, *, #3925, .T. ) ;
#501 = CARTESIAN_POINT ( 'NONE',  ( 285.6413688081404400, 91.54413990509185300, -37.02681538234642700 ) ) ;
#502 = B_SPLINE_CURVE_WITH_KNOTS ( 'NONE', 3,
 ( #1872, #3002, #5868, #5910, #4199, #1341, #792, #1908, #3639, #222 ),
 .UNSPECIFIED., .F., .F.,
 ( 4, 2, 2, 2, 4 ),
 ( 0.0000000000000000000, 0.2500000000000000000, 0.5000000000000000000, 0.7500000000000000000, 1.000000000000000000 ),
 .UNSPECIFIED. ) ;
#503 = CARTESIAN_POINT ( 'NONE',  ( 311.8106775790457200, 93.14731726155440600, -26.48701198077231900 ) ) ;
#504 = VECTOR ( 'NONE', #3471, 1000.000000000000000 ) ;
#505 = CARTESIAN_POINT ( 'NONE',  ( 284.2307149544350300, 89.98920130200706100, -25.20757217849385200 ) ) ;
#506 = CARTESIAN_POINT ( 'NONE',  ( 327.2283609944838600, 87.63380170022975300, -43.78546926950515700 ) ) ;
#507 = EDGE_CURVE ( 'NONE', #5334, #4704, #417, .T. ) ;
#508 = B_SPLINE_CURVE_WITH_KNOTS ( 'NONE', 3,
 ( #6200, #5650, #4553, #3982 ),
 .UNSPECIFIED., .F., .F.,
 ( 4, 4 ),
 ( 0.0000000000000000000, 1.000000000000000000 ),
 .UNSPECIFIED. ) ;
#509 = CARTESIAN_POINT ( 'NONE',  ( 272.9510493892393000, 88.53111824303623200, -51.92862556466163700 ) ) ;
#510 = AXIS2_PLACEMENT_3D ( 'NONE', #151, #713, #4743 ) ;
#512 = ADVANCED_FACE ( 'NONE', ( #6384 ), #5587, .F. ) ;
#511 = CARTESIAN_POINT ( 'NONE',  ( 273.8655539334369600, 90.31372019515363500, -53.14565142446730300 ) ) ;
#513 = FACE_OUTER_BOUND ( 'NONE', #134, .T. ) ;
#514 = CARTESIAN_POINT ( 'NONE',  ( 327.7190857907003200, 87.94636480735187000, -43.52256193297000700 ) ) ;
#515 = CARTESIAN_POINT ( 'NONE',  ( 271.5857434096771500, 88.47310497062666500, -31.01864770071968300 ) ) ;
#516 = CARTESIAN_POINT ( 'NONE',  ( 272.8295159562000000, 91.06818991406000000, -24.96986285057999700 ) ) ;
#517 = CARTESIAN_POINT ( 'NONE',  ( 297.1418814151090800, 93.26631210336799400, -53.69548214546145500 ) ) ;
#518 = B_SPLINE_CURVE_WITH_KNOTS ( 'NONE', 3,
 ( #4219, #4172, #1317, #5286, #3550, #1846, #705, #5856, #7004, #4739, #1873, #4191, #2464 ),
 .UNSPECIFIED., .F., .F.,
 ( 4, 1, 2, 2, 2, 2, 4 ),
 ( 0.0000000000000000000, 0.2499999999998658900, 0.3749999999998876500, 0.4999999999999094100, 0.6249999999999311700, 0.7499999999999529300, 1.000000000000000000 ),
 .UNSPECIFIED. ) ;
#519 = CARTESIAN_POINT ( 'NONE',  ( 276.4682589615745200, 92.77176017599794000, -40.74299560335499800 ) ) ;
#520 = CARTESIAN_POINT ( 'NONE',  ( 299.9998714614037000, 94.76874564476014500, -51.00807779753149200 ) ) ;
#521 = CARTESIAN_POINT ( 'NONE',  ( 322.2106497677999600, 87.04085002963991300, -39.97872519656980500 ) ) ;
#522 = VERTEX_POINT ( 'NONE', #3134 ) ;
#523 = CARTESIAN_POINT ( 'NONE',  ( 299.9998714613999500, 99.00000000000000000, -53.25807779752998500 ) ) ;
#524 = DIRECTION ( 'NONE',  ( 0.0000000000000000000, 1.000000000000000000, 0.0000000000000000000 ) ) ;
#525 = CARTESIAN_POINT ( 'NONE',  ( 327.1974584201695400, 87.63380170035000600, -47.45878384879298300 ) ) ;
#526 = CARTESIAN_POINT ( 'NONE',  ( 273.7053726092370900, 92.65406096813876500, -53.85363256115869700 ) ) ;
#527 = CARTESIAN_POINT ( 'NONE',  ( 299.9998714614004000, 101.0000000000000000, -41.35807779753015700 ) ) ;
#528 = CARTESIAN_POINT ( 'NONE',  ( 299.7380736836000200, 93.27066568127001700, -53.65029955602999900 ) ) ;
#529 = FACE_OUTER_BOUND ( 'NONE', #4881, .T. ) ;
#530 = CARTESIAN_POINT ( 'NONE',  ( 295.1668544257212300, 89.23527061193564700, -54.88280347957743300 ) ) ;
#531 = CARTESIAN_POINT ( 'NONE',  ( 273.3943699973098100, 89.64265036561870700, -52.88525920895339300 ) ) ;
#532 = EDGE_CURVE ( 'NONE', #393, #3669, #5134, .T. ) ;
#533 = EDGE_CURVE ( 'NONE', #905, #1814, #1319, .T. ) ;
#534 = ORIENTED_EDGE ( 'NONE', *, *, #3555, .T. ) ;
#535 = FACE_BOUND ( 'NONE', #4976, .T. ) ;
#536 = CARTESIAN_POINT ( 'NONE',  ( 271.7106158329389100, 88.47457718423332600, -30.69070268271636000 ) ) ;
#537 = CARTESIAN_POINT ( 'NONE',  ( 291.9830556813445800, 91.72066374362452700, -30.93749101495285100 ) ) ;
#538 = DIRECTION ( 'NONE',  ( -0.05233755910009162800, -0.9986294507511003200, -1.397007147982874500E-014 ) ) ;
#539 = CARTESIAN_POINT ( 'NONE',  ( 310.6184670605782700, 93.22670010833184100, -53.70528964060503100 ) ) ;
#540 = CARTESIAN_POINT ( 'NONE',  ( 286.4466421881606900, 91.57301030728277200, -35.71367496363471600 ) ) ;
#541 = CARTESIAN_POINT ( 'NONE',  ( 321.1032715943385900, 87.04085002963994100, -41.24333467072255400 ) ) ;
#542 = ORIENTED_EDGE ( 'NONE', *, *, #785, .T. ) ;
#543 = FACE_OUTER_BOUND ( 'NONE', #1118, .T. ) ;
#544 = CARTESIAN_POINT ( 'NONE',  ( 326.5809317993614500, 89.38006856329745600, -25.86882968956656400 ) ) ;
#545 = ADVANCED_FACE ( 'NONE', ( #1798 ), #6644, .T. ) ;
#546 = CARTESIAN_POINT ( 'NONE',  ( 310.2171308945568700, 91.64389706525005900, -31.46566414723211800 ) ) ;
#547 = CARTESIAN_POINT ( 'NONE',  ( 271.5857434096771500, 88.47310497062666500, -31.01864770071968300 ) ) ;
#548 = EDGE_CURVE ( 'NONE', #339, #1456, #2240, .T. ) ;
#549 = CARTESIAN_POINT ( 'NONE',  ( 298.0569885847318100, 91.47116662508062700, -50.59042925051420500 ) ) ;
#550 = CARTESIAN_POINT ( 'NONE',  ( 285.7722703202209700, 91.54868564189881400, -37.16909285414829600 ) ) ;
#551 = B_SPLINE_CURVE_WITH_KNOTS ( 'NONE', 3,
 ( #651, #6901, #1155, #4014, #2312, #200, #4204, #1347, #1751, #5777 ),
 .UNSPECIFIED., .F., .F.,
 ( 4, 2, 2, 2, 4 ),
 ( 0.5000000000000000000, 0.6250000000000000000, 0.7500000000000000000, 0.8750000000000000000, 1.000000000000000000 ),
 .UNSPECIFIED. ) ;
#552 = ORIENTED_EDGE ( 'NONE', *, *, #2269, .T. ) ;
#553 = AXIS2_PLACEMENT_3D ( 'NONE', #2993, #3017, #5894 ) ;
#554 = CARTESIAN_POINT ( 'NONE',  ( 290.0231301649445800, 91.38361251745683900, -46.55929909569133000 ) ) ;
#555 = CARTESIAN_POINT ( 'NONE',  ( 326.4432406853999900, 92.63771628842999900, -53.81689783629001800 ) ) ;
#556 = CARTESIAN_POINT ( 'NONE',  ( 282.8503889760270300, 88.94356588776805900, -54.94871594252415300 ) ) ;
#557 = VERTEX_POINT ( 'NONE', #4921 ) ;
#558 = EDGE_CURVE ( 'NONE', #3318, #4509, #3579, .T. ) ;
#559 = FACE_OUTER_BOUND ( 'NONE', #6897, .T. ) ;
#560 = CARTESIAN_POINT ( 'NONE',  ( 287.3022146806694600, 93.12771903545244400, -37.83890001781494300 ) ) ;
#561 = CARTESIAN_POINT ( 'NONE',  ( 307.0519501724365300, 85.46874564476000600, -46.83144345146136800 ) ) ;
#562 = DIRECTION ( 'NONE',  ( 0.0000000000000000000, -0.4687032498088203300, -0.8833556835265455900 ) ) ;
#563 = CARTESIAN_POINT ( 'NONE',  ( 270.6537547755000300, 88.25792890645003300, -23.67058164729000000 ) ) ;
#564 = VERTEX_POINT ( 'NONE', #6077 ) ;
#565 = CARTESIAN_POINT ( 'NONE',  ( 292.7708188048827100, 91.73540736937485500, -30.49559273828964800 ) ) ;
#566 = VECTOR ( 'NONE', #896, 1000.000000000000000 ) ;
#567 = B_SPLINE_CURVE_WITH_KNOTS ( 'NONE', 3,
 ( #441, #2754, #2830, #7370 ),
 .UNSPECIFIED., .F., .F.,
 ( 4, 4 ),
 ( 0.0000000000000000000, 1.000000000000000000 ),
 .UNSPECIFIED. ) ;
#568 = ORIENTED_EDGE ( 'NONE', *, *, #1765, .T. ) ;
#569 = VERTEX_POINT ( 'NONE', #932 ) ;
#570 = ORIENTED_EDGE ( 'NONE', *, *, #2501, .T. ) ;
#571 = CARTESIAN_POINT ( 'NONE',  ( 279.0929162611063800, 92.87755493890884400, -42.75807312148082000 ) ) ;
#572 = ORIENTED_EDGE ( 'NONE', *, *, #1496, .T. ) ;
#573 = CARTESIAN_POINT ( 'NONE',  ( 313.3229873181246600, 93.11285938317244900, -37.09383064167653300 ) ) ;
#574 = CARTESIAN_POINT ( 'NONE',  ( 271.5572851802705300, 88.53053514242346000, -34.39923014403117200 ) ) ;
#575 = CARTESIAN_POINT ( 'NONE',  ( 282.4469927566000300, 92.78995284489998600, -54.04584083111999600 ) ) ;
#576 = ORIENTED_EDGE ( 'NONE', *, *, #4656, .T. ) ;
#577 = CARTESIAN_POINT ( 'NONE',  ( 310.3265175740689900, 91.64089335885124400, -34.77223042390097200 ) ) ;
#578 = ORIENTED_EDGE ( 'NONE', *, *, #108, .F. ) ;
#579 = CARTESIAN_POINT ( 'NONE',  ( 325.5017449977453300, 90.80111182091066300, -53.20925678977246100 ) ) ;
#580 = ORIENTED_EDGE ( 'NONE', *, *, #785, .F. ) ;
#581 = CARTESIAN_POINT ( 'NONE',  ( 285.6880913117382200, 91.54593082566653100, -27.24597188581560300 ) ) ;
#582 = CARTESIAN_POINT ( 'NONE',  ( 329.6733957903302900, 88.51534607587775800, -37.16371545463140100 ) ) ;
#583 = CARTESIAN_POINT ( 'NONE',  ( 300.2022397032000100, 93.75767917100003500, -39.85347223512000200 ) ) ;
#584 = EDGE_CURVE ( 'NONE', #5182, #2438, #2899, .T. ) ;
#585 = CARTESIAN_POINT ( 'NONE',  ( 272.8309084876485700, 87.63380170034993500, -31.12255277813061500 ) ) ;
#586 = ORIENTED_EDGE ( 'NONE', *, *, #5294, .T. ) ;
#587 = CARTESIAN_POINT ( 'NONE',  ( 299.9998714613999500, 101.0000000000000000, -51.25807779752957300 ) ) ;
#589 = ADVANCED_FACE ( 'NONE', ( #3949 ), #116, .T. ) ;
#588 = CARTESIAN_POINT ( 'NONE',  ( 273.5148066699283000, 89.81423049731627400, -52.97479441119218500 ) ) ;
#590 = CARTESIAN_POINT ( 'NONE',  ( 327.7444361882421000, 88.53245086043621400, -47.83130127256270500 ) ) ;
#591 = CARTESIAN_POINT ( 'NONE',  ( 306.0156909612306300, 91.73780606966623500, -31.60479240893472100 ) ) ;
#592 = CARTESIAN_POINT ( 'NONE',  ( 326.4125490864231000, 92.52593739759709000, -44.53558769454262000 ) ) ;
#593 = CARTESIAN_POINT ( 'NONE',  ( 292.4950034873701300, 91.73063852639455700, -30.58362700789266600 ) ) ;
#594 = CARTESIAN_POINT ( 'NONE',  ( 318.1766691968496700, 88.54085296218984500, -38.32188058686643500 ) ) ;
#595 = EDGE_CURVE ( 'NONE', #2425, #1829, #6859, .T. ) ;
#596 = CARTESIAN_POINT ( 'NONE',  ( 310.2248331314909800, 91.37755399281755300, -44.72117518514203700 ) ) ;
#597 = CARTESIAN_POINT ( 'NONE',  ( 272.9421819344000300, 88.99822391598000600, -26.34100103736999900 ) ) ;
#598 = CARTESIAN_POINT ( 'NONE',  ( 272.0557054313481400, 88.56665985582238000, -34.83131708057121800 ) ) ;
#599 = CARTESIAN_POINT ( 'NONE',  ( 326.0461613297442200, 90.23397163759803200, -53.16429652479232000 ) ) ;
#600 = CARTESIAN_POINT ( 'NONE',  ( 273.6088420879912600, 92.59899898329895500, -25.89702284863744100 ) ) ;
#601 = PRESENTATION_STYLE_ASSIGNMENT (( #431 ) ) ;
#602 = CARTESIAN_POINT ( 'NONE',  ( 299.9999978235173900, 93.25563134100522700, -53.79496148710477100 ) ) ;
#603 = CARTESIAN_POINT ( 'NONE',  ( 271.7774726733940700, 87.63380170034999100, -45.14194711852919500 ) ) ;
#604 = CARTESIAN_POINT ( 'NONE',  ( 290.1266657710277200, 85.46874564475999100, -46.81290864673688600 ) ) ;
#605 = B_SPLINE_CURVE_WITH_KNOTS ( 'NONE', 3,
 ( #6786, #5166, #6342, #3937 ),
 .UNSPECIFIED., .F., .F.,
 ( 4, 4 ),
 ( 0.0000000000000000000, 1.000000000000000000 ),
 .UNSPECIFIED. ) ;
#606 = CARTESIAN_POINT ( 'NONE',  ( 273.5695465416320100, 92.54301664527925200, -25.84124381520286900 ) ) ;
#607 = CARTESIAN_POINT ( 'NONE',  ( 273.9648516019764800, 88.56298702168498900, -55.18226340745121000 ) ) ;
#608 = EDGE_CURVE ( 'NONE', #4157, #483, #725, .T. ) ;
#609 = AXIS2_PLACEMENT_3D ( 'NONE', #5178, #6905, #5152 ) ;
#610 = CARTESIAN_POINT ( 'NONE',  ( 307.9925585117450700, 85.46874564476000600, -48.05554155312238900 ) ) ;
#611 = ORIENTED_EDGE ( 'NONE', *, *, #6737, .F. ) ;
#612 = CARTESIAN_POINT ( 'NONE',  ( 291.8397681905003700, 90.21925861570072400, -33.04701224833006300 ) ) ;
#613 = ORIENTED_EDGE ( 'NONE', *, *, #4705, .T. ) ;
#614 = CARTESIAN_POINT ( 'NONE',  ( 296.2808812761496700, 89.23581755546960900, -53.22310918230964200 ) ) ;
#615 = B_SPLINE_CURVE_WITH_KNOTS ( 'NONE', 3,
 ( #709, #7053, #765, #3576 ),
 .UNSPECIFIED., .F., .F.,
 ( 4, 4 ),
 ( 0.0000000000000000000, 1.000000000000000000 ),
 .UNSPECIFIED. ) ;
#616 = DIRECTION ( 'NONE',  ( 0.0000000000000000000, -1.000000000000000000, 0.0000000000000000000 ) ) ;
#617 = CARTESIAN_POINT ( 'NONE',  ( 271.6072210444530700, 88.53609717304337300, -34.55243179194005900 ) ) ;
#618 = CARTESIAN_POINT ( 'NONE',  ( 326.6890553405843300, 89.56424333275531100, -52.77280067236655000 ) ) ;
#619 = CARTESIAN_POINT ( 'NONE',  ( 280.4747948497373500, 91.12308929216047200, -36.29009808391646900 ) ) ;
#620 = EDGE_CURVE ( 'NONE', #1203, #2605, #6756, .T. ) ;
#621 = ORIENTED_EDGE ( 'NONE', *, *, #1706, .F. ) ;
#622 = CARTESIAN_POINT ( 'NONE',  ( 326.4125091760652100, 92.52594089399212900, -53.85567135427814400 ) ) ;
#623 = FACE_OUTER_BOUND ( 'NONE', #3043, .T. ) ;
#624 = CARTESIAN_POINT ( 'NONE',  ( 273.5565245415080500, 92.52448710367805500, -25.89798975236992000 ) ) ;
#625 = CARTESIAN_POINT ( 'NONE',  ( 317.5519249257999900, 92.97403817295001700, -54.03201860362999300 ) ) ;
#626 = EDGE_LOOP ( 'NONE', ( #4343, #5054, #7388, #447 ) ) ;
#627 = CARTESIAN_POINT ( 'NONE',  ( 287.3269498455016400, 91.60169504369434900, -37.81291281726434800 ) ) ;
#628 = CYLINDRICAL_SURFACE ( 'NONE', #6570, 0.2999997853314541100 ) ;
#629 = CARTESIAN_POINT ( 'NONE',  ( 307.7708055816086700, 85.46874564475999100, -47.90754090172313100 ) ) ;
#630 = EDGE_CURVE ( 'NONE', #2617, #1507, #1942, .T. ) ;
#631 = DIRECTION ( 'NONE',  ( -0.0000000000000000000, 1.000000000000000000, 0.0000000000000000000 ) ) ;
#632 = DIRECTION ( 'NONE',  ( 0.0000000000000000000, 0.0000000000000000000, -1.000000000000000000 ) ) ;
#633 = CARTESIAN_POINT ( 'NONE',  ( 292.3133567411043100, 90.22855079769672700, -30.66593634077459300 ) ) ;
#634 = ORIENTED_EDGE ( 'NONE', *, *, #984, .T. ) ;
#635 = VECTOR ( 'NONE', #2717, 999.9999999999998900 ) ;
#636 = CARTESIAN_POINT ( 'NONE',  ( 295.7759497755046100, 89.23209728897229800, -53.22314708589682700 ) ) ;
#637 = B_SPLINE_CURVE_WITH_KNOTS ( 'NONE', 3,
 ( #2192, #6790, #7320, #4500 ),
 .UNSPECIFIED., .F., .F.,
 ( 4, 4 ),
 ( 0.0000000000000000000, 1.000000000000000000 ),
 .UNSPECIFIED. ) ;
#638 = CARTESIAN_POINT ( 'NONE',  ( 297.7092346417882100, 94.76039625931029800, -50.74052809732030100 ) ) ;
#639 = CARTESIAN_POINT ( 'NONE',  ( 308.9182675012999700, 93.48668996429998400, -24.71146823888998500 ) ) ;
#640 = CARTESIAN_POINT ( 'NONE',  ( 299.9998714613999500, 101.0000000000002400, -52.42965067278358000 ) ) ;
#641 = ORIENTED_EDGE ( 'NONE', *, *, #4554, .F. ) ;
#642 = CIRCLE ( 'NONE', #7062, 4.699999999999995700 ) ;
#643 = CARTESIAN_POINT ( 'NONE',  ( 300.6174745487512600, 91.79241192889541900, -31.25806174872112200 ) ) ;
#644 = DIRECTION ( 'NONE',  ( 0.0000000000000000000, 0.0000000000000000000, -1.000000000000000000 ) ) ;
#645 = B_SPLINE_CURVE_WITH_KNOTS ( 'NONE', 3,
 ( #6579, #5416, #4287, #3119 ),
 .UNSPECIFIED., .F., .F.,
 ( 4, 4 ),
 ( 0.0000000000000000000, 1.000000000000000000 ),
 .UNSPECIFIED. ) ;
#646 = CARTESIAN_POINT ( 'NONE',  ( 272.8309084877000100, 88.11360054313000500, -44.07256190503002800 ) ) ;
#647 = EDGE_CURVE ( 'NONE', #6224, #3692, #2477, .T. ) ;
#648 = CARTESIAN_POINT ( 'NONE',  ( 301.5728813959971100, 94.76777042684960900, -51.03832493708091500 ) ) ;
#649 = CARTESIAN_POINT ( 'NONE',  ( 308.9998591877251200, 91.39811659830336100, -44.30807791972525700 ) ) ;
#650 = ORIENTED_EDGE ( 'NONE', *, *, #420, .F. ) ;
#651 = CARTESIAN_POINT ( 'NONE',  ( 319.2106497678000200, 88.54085002964006900, -39.78237565571955500 ) ) ;
#652 = ORIENTED_EDGE ( 'NONE', *, *, #4051, .F. ) ;
#653 = CARTESIAN_POINT ( 'NONE',  ( 272.2310294674659300, 88.57658179113107600, -34.83128959929748400 ) ) ;
#654 = CARTESIAN_POINT ( 'NONE',  ( 317.5245313252792100, 91.19166520286199800, -41.65724127964038800 ) ) ;
#655 = CARTESIAN_POINT ( 'NONE',  ( 308.0232019038022000, 91.41545122097117800, -46.55957723243025000 ) ) ;
#656 = ORIENTED_EDGE ( 'NONE', *, *, #4554, .T. ) ;
#657 = EDGE_LOOP ( 'NONE', ( #6753, #1111, #2817, #5936, #3216, #7422, #1302, #4593 ) ) ;
#658 = ORIENTED_EDGE ( 'NONE', *, *, #1243, .T. ) ;
#659 = ORIENTED_EDGE ( 'NONE', *, *, #1128, .T. ) ;
#660 = CARTESIAN_POINT ( 'NONE',  ( 289.2298257703720300, 91.36770329258151000, -39.73461441022792000 ) ) ;
#661 = PRODUCT_DEFINITION_SHAPE ( 'NONE', 'NONE',  #7432 ) ;
#662 = CARTESIAN_POINT ( 'NONE',  ( 273.0294376494096000, 88.46430454304403700, -25.86214743611749300 ) ) ;
#663 = CARTESIAN_POINT ( 'NONE',  ( 285.1328164047033100, 89.03639204926909700, -53.22504345371122300 ) ) ;
#664 = CARTESIAN_POINT ( 'NONE',  ( 295.7324178166001600, 94.73757760199735900, -48.90950666993599300 ) ) ;
#665 = CARTESIAN_POINT ( 'NONE',  ( 313.6427597871349900, 93.10503765171695500, -36.61512394770855400 ) ) ;
#666 = AXIS2_PLACEMENT_3D ( 'NONE', #3309, #5044, #1587 ) ;
#667 = CARTESIAN_POINT ( 'NONE',  ( 326.7143477314000400, 92.43075497499998500, -25.65175199198999300 ) ) ;
#668 = CARTESIAN_POINT ( 'NONE',  ( 326.8377254067982600, 89.40936780156751200, -52.55639734583149200 ) ) ;
#669 = CARTESIAN_POINT ( 'NONE',  ( 272.9603157330000200, 89.10411924133998700, -52.44062218825999400 ) ) ;
#670 = CARTESIAN_POINT ( 'NONE',  ( 299.4844601213545700, 90.29633873839199500, -33.64179272394586900 ) ) ;
#671 = CARTESIAN_POINT ( 'NONE',  ( 287.3181421555633500, 91.60161349522134300, -26.51407612884169400 ) ) ;
#672 = PRESENTATION_STYLE_ASSIGNMENT (( #7269 ) ) ;
#673 = AXIS2_PLACEMENT_3D ( 'NONE', #2691, #4460, #2142 ) ;
#674 = CARTESIAN_POINT ( 'NONE',  ( 290.9998714614000100, 85.46874564475980700, -46.30807779752999700 ) ) ;
#675 = EDGE_LOOP ( 'NONE', ( #3442, #4282, #6257, #3504 ) ) ;
#676 = EDGE_LOOP ( 'NONE', ( #6724, #232 ) ) ;
#677 = CARTESIAN_POINT ( 'NONE',  ( 299.9999959138511900, 89.23367046695933900, -54.88313315414746500 ) ) ;
#678 = CARTESIAN_POINT ( 'NONE',  ( 300.1545187891151700, 91.48448551358133300, -25.71436710406420200 ) ) ;
#679 = FACE_OUTER_BOUND ( 'NONE', #3713, .T. ) ;
#680 = CARTESIAN_POINT ( 'NONE',  ( 293.0003458505479400, 91.42485528867852900, -46.04570842907970300 ) ) ;
#681 = CARTESIAN_POINT ( 'NONE',  ( 314.7367851999000500, 89.90752738596000900, -36.45087378518000100 ) ) ;
#682 = CARTESIAN_POINT ( 'NONE',  ( 273.0118356775831800, 88.46420667982445700, -25.91246434986725000 ) ) ;
#683 = B_SPLINE_CURVE_WITH_KNOTS ( 'NONE', 3,
 ( #2499, #6051, #4400, #3258, #4457, #3234 ),
 .UNSPECIFIED., .F., .F.,
 ( 4, 2, 4 ),
 ( 0.0000000000000000000, 0.5000000000000000000, 1.000000000000000000 ),
 .UNSPECIFIED. ) ;
#684 = CARTESIAN_POINT ( 'NONE',  ( 297.0506720686928500, 94.75586169118396600, -50.32719905912362900 ) ) ;
#685 = CYLINDRICAL_SURFACE ( 'NONE', #1503, 0.9999999999992216200 ) ;
#686 = EDGE_CURVE ( 'NONE', #4996, #5378, #3022, .T. ) ;
#687 = CARTESIAN_POINT ( 'NONE',  ( 319.2106497677999600, 87.04085002963991300, -39.97872519656893100 ) ) ;
#688 = CARTESIAN_POINT ( 'NONE',  ( 305.1381468601630900, 91.44510838461307900, -39.73468716174148300 ) ) ;
#689 = CARTESIAN_POINT ( 'NONE',  ( 318.9954866623930900, 92.94668956190201900, -37.34298271316884400 ) ) ;
#690 = CARTESIAN_POINT ( 'NONE',  ( 300.8194160708810600, 91.79185459750621600, -31.85441225932535000 ) ) ;
#691 = ADVANCED_FACE ( 'NONE', ( #4056 ), #5918, .F. ) ;
#692 = CARTESIAN_POINT ( 'NONE',  ( 300.2112738738316000, 90.69162591341095900, -39.72014343752293500 ) ) ;
#693 = CARTESIAN_POINT ( 'NONE',  ( 272.8309122182968200, 88.56531380750806200, -47.28130057498091100 ) ) ;
#694 = CARTESIAN_POINT ( 'NONE',  ( 313.8378784359251200, 91.52545918996659700, -31.01415886244359400 ) ) ;
#695 = B_SPLINE_CURVE_WITH_KNOTS ( 'NONE', 3,
 ( #1443, #3138, #6079, #5402, #2573, #805, #4898, #3703, #7094, #902, #1946, #5432, #4325, #4248, #6594, #2529, #7148, #2552, #3673, #6569, #3107, #4875, #6055, #1996, #3724, #6025, #6541, #277 ),
 .UNSPECIFIED., .F., .F.,
 ( 4, 2, 1, 1, 1, 1, 2, 2, 2, 2, 2, 1, 1, 1, 1, 2, 2, 4 ),
 ( 0.5001167284893813800, 0.5010930630040518800, 0.5020693975187224800, 0.5040220665480648100, 0.5079274046067481200, 0.5157380807241160900, 0.5313594329588525700, 0.5626021374283281000, 0.6250875463672774800, 0.7500583642451733600, 0.7520110332745080200, 0.7539637023038425800, 0.7578690403625131200, 0.7656797164798541100, 0.7813010687145349700, 0.8125437731838891500, 0.8750291821225963900, 1.000000000000000000 ),
 .UNSPECIFIED. ) ;
#696 = CARTESIAN_POINT ( 'NONE',  ( 307.2570541302047800, 91.42179535356400800, -45.29220312511711200 ) ) ;
#697 = EDGE_CURVE ( 'NONE', #5870, #1963, #4929, .T. ) ;
#698 = CARTESIAN_POINT ( 'NONE',  ( 327.1690857907000800, 87.63380170035000600, -32.67693144362500100 ) ) ;
#699 = DIRECTION ( 'NONE',  ( 0.0000000000000000000, -1.000000000000000000, 0.0000000000000000000 ) ) ;
#700 = MECHANICAL_DESIGN_GEOMETRIC_PRESENTATION_REPRESENTATION (  '', ( #6246 ), #951 ) ;
#701 = CARTESIAN_POINT ( 'NONE',  ( 306.0645973489337700, 90.23928754688495200, -34.79427311803080200 ) ) ;
#702 = PLANE ( 'NONE',  #5568 ) ;
#703 = CARTESIAN_POINT ( 'NONE',  ( 325.7175193887050600, 88.59266035235293700, -53.22790589732872500 ) ) ;
#704 = DIRECTION ( 'NONE',  ( 0.9986294507511003200, -0.05233755910009291900, 0.0000000000000000000 ) ) ;
#705 = CARTESIAN_POINT ( 'NONE',  ( 270.7422146550366100, 88.38484074396022500, -54.99779749551411400 ) ) ;
#706 = ORIENTED_EDGE ( 'NONE', *, *, #1176, .T. ) ;
#707 = LINE ( 'NONE', #2942, #2232 ) ;
#708 = CARTESIAN_POINT ( 'NONE',  ( 272.8309084876071300, 87.63380170035007700, -34.23131035398103000 ) ) ;
#709 = CARTESIAN_POINT ( 'NONE',  ( 287.3022388372058300, 93.12773376134404700, -26.48840439824367000 ) ) ;
#710 = CARTESIAN_POINT ( 'NONE',  ( 317.9572944429353400, 92.98145510288158300, -40.92914070627583800 ) ) ;
#711 = ORIENTED_EDGE ( 'NONE', *, *, #686, .T. ) ;
#712 = CARTESIAN_POINT ( 'NONE',  ( 282.2172382711589200, 91.18317924587145700, -42.02477714072135500 ) ) ;
#713 = DIRECTION ( 'NONE',  ( -0.0000000000000000000, 1.000000000000000000, 0.0000000000000000000 ) ) ;
#714 = EDGE_CURVE ( 'NONE', #1456, #2862, #2300, .T. ) ;
#715 = ORIENTED_EDGE ( 'NONE', *, *, #2990, .F. ) ;
#716 = DIRECTION ( 'NONE',  ( -1.000000000000000000, 0.0000000000000000000, 0.0000000000000000000 ) ) ;
#717 = EDGE_LOOP ( 'NONE', ( #7262, #35, #6124, #2278, #5877, #5883, #1270, #5319, #5695 ) ) ;
#718 = FACE_OUTER_BOUND ( 'NONE', #5507, .T. ) ;
#719 = DIRECTION ( 'NONE',  ( 0.05233755900182900100, 0.9986294507562502000, 0.0000000000000000000 ) ) ;
#720 = CARTESIAN_POINT ( 'NONE',  ( 299.9998714613999500, 99.00000000000000000, -39.35807779753000800 ) ) ;
#721 = CARTESIAN_POINT ( 'NONE',  ( 308.1823427951163100, 91.41294412134244900, -45.73120855495780300 ) ) ;
#722 = ADVANCED_FACE ( 'NONE', ( #2520 ), #5708, .T. ) ;
#723 = ORIENTED_EDGE ( 'NONE', *, *, #5375, .F. ) ;
#724 = DIRECTION ( 'NONE',  ( 0.0000000000000000000, -0.03141075907812933300, 0.9995065603657314900 ) ) ;
#725 = LINE ( 'NONE', #479, #1008 ) ;
#726 = CARTESIAN_POINT ( 'NONE',  ( 327.0196434963160100, 88.46954808130932700, -26.30621733183579300 ) ) ;
#727 = EDGE_CURVE ( 'NONE', #6487, #6009, #1148, .T. ) ;
#728 = DIRECTION ( 'NONE',  ( 0.5647786315923119000, -0.8043322228491600600, -0.1845935334274864700 ) ) ;
#729 = DIRECTION ( 'NONE',  ( -1.000000000000000000, 0.0000000000000000000, 0.0000000000000000000 ) ) ;
#730 = ORIENTED_EDGE ( 'NONE', *, *, #176, .F. ) ;
#731 = B_SPLINE_CURVE_WITH_KNOTS ( 'NONE', 3,
 ( #5900, #3599, #836, #5403, #3108, #4185, #2998, #6542, #3084, #5373, #2553, #7149, #7123, #1923, #1897, #1309, #6571, #185, #5956, #3674, #758, #230 ),
 .UNSPECIFIED., .F., .F.,
 ( 4, 1, 1, 1, 2, 2, 1, 1, 2, 2, 1, 2, 2, 4 ),
 ( 0.0000000000000000000, 0.1249999999993733100, 0.1874999999991492100, 0.2187499999989500100, 0.2343749999989372900, 0.2499999999989245800, 0.3749999999983424900, 0.4374999999981504200, 0.4687499999981507600, 0.4999999999981511500, 0.6249999999984625600, 0.6874999999986816100, 0.7499999999989005500, 1.000000000000000000 ),
 .UNSPECIFIED. ) ;
#732 = CARTESIAN_POINT ( 'NONE',  ( 296.6329200092575900, 94.75068488433676400, -42.59631502802444900 ) ) ;
#733 = CARTESIAN_POINT ( 'NONE',  ( 272.0852652596058800, 88.49303912903747000, -30.52257440059866800 ) ) ;
#734 = LINE ( 'NONE', #985, #2061 ) ;
#735 = DIRECTION ( 'NONE',  ( 0.0000000000000000000, -0.03141075907812933300, -0.9995065603657314900 ) ) ;
#736 = DIRECTION ( 'NONE',  ( -0.01745240642093537000, 0.9998476951566764900, 0.0000000000000000000 ) ) ;
#737 = CARTESIAN_POINT ( 'NONE',  ( 290.2582329242398500, 89.14676839278624200, -22.60795141699450600 ) ) ;
#738 = CARTESIAN_POINT ( 'NONE',  ( 319.0575397111442200, 92.94455240519393200, -42.26417550604770700 ) ) ;
#739 = VERTEX_POINT ( 'NONE', #154 ) ;
#740 = CARTESIAN_POINT ( 'NONE',  ( 300.0252073825568600, 91.79315503741438000, -30.66579398016826400 ) ) ;
#741 = CARTESIAN_POINT ( 'NONE',  ( 272.2799823156797200, 87.63380160319735500, -47.83135507884986000 ) ) ;
#742 = CYLINDRICAL_SURFACE ( 'NONE', #1320, 4.699999999999995700 ) ;
#743 = ORIENTED_EDGE ( 'NONE', *, *, #4564, .T. ) ;
#744 = CARTESIAN_POINT ( 'NONE',  ( 324.3908254683023500, 87.04085002964001200, -39.29983091121335500 ) ) ;
#745 = EDGE_CURVE ( 'NONE', #2081, #5512, #6088, .T. ) ;
#746 = ORIENTED_EDGE ( 'NONE', *, *, #7276, .T. ) ;
#747 = CARTESIAN_POINT ( 'NONE',  ( 272.2309084877003900, 88.06753694098497900, -30.52256193296998900 ) ) ;
#748 = B_SPLINE_CURVE_WITH_KNOTS ( 'NONE', 3,
 ( #1483, #2681, #2030, #3761 ),
 .UNSPECIFIED., .F., .F.,
 ( 4, 4 ),
 ( 0.0000000000000000000, 1.000000000000000000 ),
 .UNSPECIFIED. ) ;
#749 = CARTESIAN_POINT ( 'NONE',  ( 327.7200378862323800, 87.63380162385232100, -47.83131255655266800 ) ) ;
#750 = DIRECTION ( 'NONE',  ( -0.9998476951568822100, -0.01745240640915906800, 0.0000000000000000000 ) ) ;
#751 = ORIENTED_EDGE ( 'NONE', *, *, #3288, .T. ) ;
#752 = ORIENTED_EDGE ( 'NONE', *, *, #4494, .T. ) ;
#753 = ORIENTED_EDGE ( 'NONE', *, *, #5248, .T. ) ;
#754 = CARTESIAN_POINT ( 'NONE',  ( 308.3847130072581400, 91.40991702187638200, -47.09696613599329100 ) ) ;
#755 = ORIENTED_EDGE ( 'NONE', *, *, #6752, .T. ) ;
#756 = CARTESIAN_POINT ( 'NONE',  ( 295.0169614067368700, 94.76873953273830900, -46.30807490609812800 ) ) ;
#757 = CARTESIAN_POINT ( 'NONE',  ( 328.2648665189844900, 88.47672569825688500, -30.72430894132008900 ) ) ;
#758 = CARTESIAN_POINT ( 'NONE',  ( 271.6303667797601000, 87.63380170035003400, -30.95407594288605000 ) ) ;
#759 = CARTESIAN_POINT ( 'NONE',  ( 295.8838781099838700, 94.74071343178025000, -43.49616845167059900 ) ) ;
#760 = CARTESIAN_POINT ( 'NONE',  ( 271.6037879502642900, 87.63380170034999100, -34.32994337507512500 ) ) ;
#761 = CARTESIAN_POINT ( 'NONE',  ( 305.5929541070694300, 91.74523546570210900, -33.81261870175567500 ) ) ;
#762 = ORIENTED_EDGE ( 'NONE', *, *, #7376, .T. ) ;
#763 = AXIS2_PLACEMENT_3D ( 'NONE', #4292, #852, #895 ) ;
#764 = ORIENTED_EDGE ( 'NONE', *, *, #2792, .F. ) ;
#765 = CARTESIAN_POINT ( 'NONE',  ( 287.3180661226168700, 92.11049598692255800, -26.50519352196453900 ) ) ;
#766 = CARTESIAN_POINT ( 'NONE',  ( 311.6908637163367600, 91.60027290753636500, -26.51461496501827100 ) ) ;
#767 = CARTESIAN_POINT ( 'NONE',  ( 308.1844952590802800, 90.19645026973310600, -35.81655977642136400 ) ) ;
#768 = DIRECTION ( 'NONE',  ( -0.05233755908534553500, 0.9986294507518731500, 0.0000000000000000000 ) ) ;
#769 = ORIENTED_EDGE ( 'NONE', *, *, #3660, .F. ) ;
#770 = CARTESIAN_POINT ( 'NONE',  ( 327.1690857907000800, 87.63380170034959300, -45.67693169558000900 ) ) ;
#771 = CARTESIAN_POINT ( 'NONE',  ( 287.1053962976573100, 91.59443525923508400, -35.71370027763527600 ) ) ;
#772 = FACE_OUTER_BOUND ( 'NONE', #2082, .T. ) ;
#773 = AXIS2_PLACEMENT_3D ( 'NONE', #1092, #2748, #5131 ) ;
#774 = CARTESIAN_POINT ( 'NONE',  ( 325.5714822940066700, 89.83814338197369400, -25.86453266760500500 ) ) ;
#775 = ADVANCED_FACE ( 'NONE', ( #4864 ), #1836, .T. ) ;
#776 = EDGE_CURVE ( 'NONE', #1695, #3804, #3437, .T. ) ;
#777 = CARTESIAN_POINT ( 'NONE',  ( 308.9998708636723000, 91.40038569221030700, -47.30807779752999000 ) ) ;
#778 = CARTESIAN_POINT ( 'NONE',  ( 292.0054755167514000, 91.72110340092872600, -33.21265164021078000 ) ) ;
#779 = CARTESIAN_POINT ( 'NONE',  ( 327.0062987780910400, 89.23376049183555400, -51.92308166204432500 ) ) ;
#780 = CARTESIAN_POINT ( 'NONE',  ( 309.5045255497553900, 85.46874564476000600, -47.18135681857010200 ) ) ;
#781 = CARTESIAN_POINT ( 'NONE',  ( 301.5852341550999500, 94.45506998793003100, -52.66256107769000000 ) ) ;
#782 = CARTESIAN_POINT ( 'NONE',  ( 300.0000594751583700, 91.48356560129876400, -40.35875053010666100 ) ) ;
#783 = B_SPLINE_CURVE_WITH_KNOTS ( 'NONE', 3,
 ( #7377, #1651, #4482, #26 ),
 .UNSPECIFIED., .F., .F.,
 ( 4, 4 ),
 ( 0.0000000000000000000, 1.000000000000000000 ),
 .UNSPECIFIED. ) ;
#784 = CARTESIAN_POINT ( 'NONE',  ( 299.9998775946131100, 94.27405698886748600, -40.59932916126133100 ) ) ;
#785 = EDGE_CURVE ( 'NONE', #3352, #6208, #7231, .T. ) ;
#786 = CARTESIAN_POINT ( 'NONE',  ( 304.9913797286752700, 91.44651464705528100, -39.73465030159727000 ) ) ;
#787 = CARTESIAN_POINT ( 'NONE',  ( 318.3613117781794700, 92.96816221063453200, -37.94512774093377800 ) ) ;
#788 = ORIENTED_EDGE ( 'NONE', *, *, #2969, .T. ) ;
#789 = CARTESIAN_POINT ( 'NONE',  ( 313.4406960461142800, 91.54024203665636600, -27.45015226279089400 ) ) ;
#790 = CARTESIAN_POINT ( 'NONE',  ( 282.4819894975140100, 91.19190513185411400, -37.93610647661412800 ) ) ;
#791 = CARTESIAN_POINT ( 'NONE',  ( 320.7106694460425700, 87.04085002963996900, -41.28240116124363400 ) ) ;
#792 = CARTESIAN_POINT ( 'NONE',  ( 284.6524273169258700, 91.25881466328957000, -38.00180309409716300 ) ) ;
#793 = CARTESIAN_POINT ( 'NONE',  ( 328.0457187259228200, 87.63380170035002000, -34.77639928029842100 ) ) ;
#794 = EDGE_CURVE ( 'NONE', #6936, #1818, #5718, .T. ) ;
#795 = DIRECTION ( 'NONE',  ( 0.9998476951575764300, 0.01745240636938736800, -0.0000000000000000000 ) ) ;
#796 = DIRECTION ( 'NONE',  ( 1.000000000000000000, 0.0000000000000000000, 0.0000000000000000000 ) ) ;
#797 = ORIENTED_EDGE ( 'NONE', *, *, #412, .F. ) ;
#798 = CARTESIAN_POINT ( 'NONE',  ( 293.1080224655893300, 91.74101115432786500, -33.66381365997691700 ) ) ;
#799 = VECTOR ( 'NONE', #1080, 1000.000000000000000 ) ;
#800 = AXIS2_PLACEMENT_3D ( 'NONE', #5021, #1569, #2690 ) ;
#801 = CARTESIAN_POINT ( 'NONE',  ( 304.6995034067384200, 91.44924421417745500, -45.69110318345178000 ) ) ;
#802 = CARTESIAN_POINT ( 'NONE',  ( 296.2607708929132300, 91.45762317611321600, -43.45535199002833300 ) ) ;
#803 = CARTESIAN_POINT ( 'NONE',  ( 309.1326420052449700, 85.46874564476000600, -45.30822384518714300 ) ) ;
#804 = ORIENTED_EDGE ( 'NONE', *, *, #3849, .T. ) ;
#805 = CARTESIAN_POINT ( 'NONE',  ( 304.9810825762286900, 94.72949167077322800, -46.37895593281759000 ) ) ;
#806 = DIRECTION ( 'NONE',  ( 0.0000000000000000000, 0.0000000000000000000, 1.000000000000000000 ) ) ;
#807 = VERTEX_POINT ( 'NONE', #4229 ) ;
#808 = LINE ( 'NONE', #1381, #4414 ) ;
#809 = CARTESIAN_POINT ( 'NONE',  ( 296.2632318439228800, 94.74635160253525600, -42.96969156604140500 ) ) ;
#811 = ADVANCED_FACE ( 'NONE', ( #6216 ), #6559, .F. ) ;
#810 = CARTESIAN_POINT ( 'NONE',  ( 328.9906661561080900, 88.39899890922625000, -55.07125795091840800 ) ) ;
#812 = CARTESIAN_POINT ( 'NONE',  ( 299.4844680057971100, 90.29627345894046200, -39.71359706067411800 ) ) ;
#813 = CARTESIAN_POINT ( 'NONE',  ( 327.5750961277490800, 87.63380170022975300, -43.52256193296995000 ) ) ;
#814 = CARTESIAN_POINT ( 'NONE',  ( 305.5929303326674900, 91.74523502533790500, -32.52059473007898300 ) ) ;
#815 = CARTESIAN_POINT ( 'NONE',  ( 287.1315673323821300, 90.09495666042582200, -28.58751090904771200 ) ) ;
#816 = EDGE_LOOP ( 'NONE', ( #1909, #1857, #5971 ) ) ;
#817 = VECTOR ( 'NONE', #1930, 1000.000000000000000 ) ;
#818 = DIRECTION ( 'NONE',  ( 0.0000000000000000000, 0.0000000000000000000, -1.000000000000000000 ) ) ;
#819 = CARTESIAN_POINT ( 'NONE',  ( 308.8772751268119200, 90.18006629929431000, -30.58522983964137900 ) ) ;
#820 = EDGE_CURVE ( 'NONE', #1533, #7266, #4698, .T. ) ;
#821 = CARTESIAN_POINT ( 'NONE',  ( 309.9998682208565100, 91.38318559040513400, -46.18419866209008300 ) ) ;
#822 = CARTESIAN_POINT ( 'NONE',  ( 289.6722410149492900, 91.37560547559519400, -47.80972180011980300 ) ) ;
#823 = ORIENTED_EDGE ( 'NONE', *, *, #6260, .F. ) ;
#824 = CYLINDRICAL_SURFACE ( 'NONE', #242, 3.680103583070013100 ) ;
#825 = CARTESIAN_POINT ( 'NONE',  ( 285.1363038115907800, 91.02537121753447000, -28.60496773118285300 ) ) ;
#826 = CARTESIAN_POINT ( 'NONE',  ( 273.1038847801207800, 89.17030981466314200, -26.05587456413034500 ) ) ;
#827 = CARTESIAN_POINT ( 'NONE',  ( 299.9998749466382200, 94.77061470948952100, -51.29304987250385000 ) ) ;
#828 = CARTESIAN_POINT ( 'NONE',  ( 295.4189386742732500, 91.45031447090134700, -45.24567895317636600 ) ) ;
#829 = ORIENTED_EDGE ( 'NONE', *, *, #2115, .F. ) ;
#830 = VERTEX_POINT ( 'NONE', #6011 ) ;
#831 = ORIENTED_EDGE ( 'NONE', *, *, #3952, .F. ) ;
#832 = CARTESIAN_POINT ( 'NONE',  ( 274.2780230471159400, 90.11794752592163600, -53.21565368311031100 ) ) ;
#833 = EDGE_CURVE ( 'NONE', #6027, #3980, #5462, .T. ) ;
#834 = CARTESIAN_POINT ( 'NONE',  ( 270.5836507103399500, 88.29053449430159600, -23.94361116193283600 ) ) ;
#835 = CARTESIAN_POINT ( 'NONE',  ( 299.9632008319000500, 93.84490458295002200, -52.93893137044001700 ) ) ;
#836 = CARTESIAN_POINT ( 'NONE',  ( 272.0359240503574400, 87.63380170034999100, -30.52896475167514000 ) ) ;
#837 = B_SPLINE_CURVE_WITH_KNOTS ( 'NONE', 3,
 ( #6507, #192, #5382, #6431 ),
 .UNSPECIFIED., .F., .F.,
 ( 4, 4 ),
 ( 0.0000000000000000000, 1.000000000000000000 ),
 .UNSPECIFIED. ) ;
#838 = CARTESIAN_POINT ( 'NONE',  ( 324.2184098741924500, 90.94358112575844200, -40.94920830464332800 ) ) ;
#839 = ORIENTED_EDGE ( 'NONE', *, *, #3050, .T. ) ;
#840 = ORIENTED_EDGE ( 'NONE', *, *, #6510, .T. ) ;
#841 = VERTEX_POINT ( 'NONE', #6171 ) ;
#842 = VERTEX_POINT ( 'NONE', #1344 ) ;
#843 = CARTESIAN_POINT ( 'NONE',  ( 289.2298201518673900, 90.15753798625922900, -39.71347062523539500 ) ) ;
#844 = EDGE_CURVE ( 'NONE', #3770, #4055, #1097, .T. ) ;
#845 = CARTESIAN_POINT ( 'NONE',  ( 309.4984282946761000, 91.39195603135870300, -45.43875378780752800 ) ) ;
#846 = AXIS2_PLACEMENT_3D ( 'NONE', #114, #699, #4730 ) ;
#847 = CARTESIAN_POINT ( 'NONE',  ( 328.1002608669579100, 87.63380170035002000, -47.66158140104640500 ) ) ;
#848 = CARTESIAN_POINT ( 'NONE',  ( 328.6289420343547900, 88.57333903211593900, -37.46571437655991600 ) ) ;
#849 = CARTESIAN_POINT ( 'NONE',  ( 326.0970387059229000, 89.29237247554922900, -25.62403211886741900 ) ) ;
#850 = ORIENTED_EDGE ( 'NONE', *, *, #5084, .F. ) ;
#851 = ADVANCED_FACE ( 'NONE', ( #6469 ), #3125, .T. ) ;
#852 = DIRECTION ( 'NONE',  ( 0.0000000000000000000, -1.000000000000000000, 0.0000000000000000000 ) ) ;
#853 = CARTESIAN_POINT ( 'NONE',  ( 271.7313782629377700, 88.53595841732222000, -43.88828729631552500 ) ) ;
#854 = CARTESIAN_POINT ( 'NONE',  ( 313.3971529019678400, 91.31090852275480100, -39.01266200454666200 ) ) ;
#855 = CONTEXT_DEPENDENT_SHAPE_REPRESENTATION ( #3847, #661 ) ;
#856 = CARTESIAN_POINT ( 'NONE',  ( 308.3862221387422000, 85.46874564475999100, -45.50741069802624100 ) ) ;
#857 = CARTESIAN_POINT ( 'NONE',  ( 300.0068042236081900, 90.29605756204519200, -24.91897562256685500 ) ) ;
#858 = FACE_OUTER_BOUND ( 'NONE', #1337, .T. ) ;
#859 = CARTESIAN_POINT ( 'NONE',  ( 327.1690857907497600, 87.63380170034996300, -34.23131037150908900 ) ) ;
#860 = EDGE_CURVE ( 'NONE', #7106, #5156, #3968, .T. ) ;
#861 = CARTESIAN_POINT ( 'NONE',  ( 308.9998714614000100, 85.46874564476212300, -47.30807779752999000 ) ) ;
#862 = CARTESIAN_POINT ( 'NONE',  ( 312.9538956644950100, 91.55759696095239500, -26.91886789325300500 ) ) ;
#863 = CARTESIAN_POINT ( 'NONE',  ( 303.1328360658309900, 94.75410688619439300, -42.43089222881412300 ) ) ;
#864 = CARTESIAN_POINT ( 'NONE',  ( 309.8726213616026800, 91.38533685353570500, -46.80085116046251400 ) ) ;
#865 = CARTESIAN_POINT ( 'NONE',  ( 314.7606598200217100, 91.27537653553631000, -36.22929557102810300 ) ) ;
#866 = CARTESIAN_POINT ( 'NONE',  ( 328.2864589379503900, 87.63380170034997700, -34.58024951103832500 ) ) ;
#867 = CARTESIAN_POINT ( 'NONE',  ( 295.4074864601089400, 98.00000000000004300, -45.30807779753000400 ) ) ;
#868 = AXIS2_PLACEMENT_3D ( 'NONE', #669, #5906, #1850 ) ;
#869 = CARTESIAN_POINT ( 'NONE',  ( 321.9101500313972200, 88.54085002964015400, -40.70419573568253900 ) ) ;
#870 = EDGE_LOOP ( 'NONE', ( #2084, #5533, #1366, #6391 ) ) ;
#871 = CARTESIAN_POINT ( 'NONE',  ( 313.8182241214968300, 91.52651016835234500, -36.02364913454567100 ) ) ;
#872 = CARTESIAN_POINT ( 'NONE',  ( 285.1288288949479600, 91.52532898018985500, -35.71363672341336600 ) ) ;
#873 = CARTESIAN_POINT ( 'NONE',  ( 279.2893471838999600, 87.04085002964269800, -39.78237565572000300 ) ) ;
#874 = CARTESIAN_POINT ( 'NONE',  ( 327.1689019905207900, 88.57795981967701900, -46.21172135142931100 ) ) ;
#875 = CARTESIAN_POINT ( 'NONE',  ( 326.3176456832000600, 89.00456033282003400, -25.49301580785000400 ) ) ;
#876 = DIRECTION ( 'NONE',  ( 0.9986294507563318000, 0.05233755900027200300, 0.0000000000000000000 ) ) ;
#877 = CARTESIAN_POINT ( 'NONE',  ( 308.1992043618946600, 85.46874564475999100, -46.92172712018214800 ) ) ;
#878 = B_SPLINE_CURVE_WITH_KNOTS ( 'NONE', 3,
 ( #5909, #7059, #2469, #6489 ),
 .UNSPECIFIED., .F., .F.,
 ( 4, 4 ),
 ( 0.0000000000000000000, 1.000000000000000000 ),
 .UNSPECIFIED. ) ;
#879 = VERTEX_POINT ( 'NONE', #6686 ) ;
#880 = EDGE_CURVE ( 'NONE', #1023, #6145, #6649, .T. ) ;
#882 = ADVANCED_FACE ( 'NONE', ( #1621 ), #3915, .F. ) ;
#881 = CARTESIAN_POINT ( 'NONE',  ( 274.4183939249115300, 90.88800016278479200, -26.72447935257302000 ) ) ;
#883 = FACE_OUTER_BOUND ( 'NONE', #2790, .T. ) ;
#884 = B_SPLINE_CURVE_WITH_KNOTS ( 'NONE', 3,
 ( #3198, #6046, #6615, #3179, #7240, #3796, #269, #7189, #3735, #379, #325, #4345, #7140, #894, #4913, #2032, #3099, #7219, #3765, #4396, #3695, #2111, #3918, #5018, #6196, #6769, #2193, #1586, #6708, #3840, #4477, #5000, #3308, #427, #1540, #1001, #1565, #2709, #4501, #3868 ),
 .UNSPECIFIED., .F., .F.,
 ( 4, 2, 2, 2, 2, 2, 2, 2, 2, 2, 2, 2, 2, 2, 2, 2, 2, 2, 2, 4 ),
 ( 0.0000000000000000000, 0.001294473280358099800, 0.002588946560716199600, 0.003883419841074299500, 0.004530656481253407900, 0.005177893121432517900, 0.006472366401790735500, 0.007766839682148953900, 0.009061312962507171400, 0.01035578624286539000, 0.01165025952322360600, 0.01229749616340273900, 0.01294473280358187000, 0.01423920608394013900, 0.01488644272411921900, 0.01553367936429830100, 0.01682815264465634500, 0.01812262592501438400, 0.01941709920537242800, 0.02071157248573047100 ),
 .UNSPECIFIED. ) ;
#885 = CARTESIAN_POINT ( 'NONE',  ( 326.4174599616238200, 92.52595341437583400, -25.84912253379328500 ) ) ;
#886 = PRESENTATION_LAYER_ASSIGNMENT (  '', '', ( #5511 ) ) ;
#887 = CARTESIAN_POINT ( 'NONE',  ( 299.2194160715000100, 91.80408649450853900, -32.06385163790000100 ) ) ;
#888 = CARTESIAN_POINT ( 'NONE',  ( 311.6385060201038200, 91.60182060010805600, -26.51489090544421100 ) ) ;
#889 = ORIENTED_EDGE ( 'NONE', *, *, #402, .F. ) ;
#890 = FACE_OUTER_BOUND ( 'NONE', #5930, .T. ) ;
#891 = CARTESIAN_POINT ( 'NONE',  ( 289.0519501724365300, 85.46874564476000600, -46.83144345146136800 ) ) ;
#892 = CARTESIAN_POINT ( 'NONE',  ( 299.8970232570000000, 94.82206616305003900, -51.22080351716998300 ) ) ;
#893 = CARTESIAN_POINT ( 'NONE',  ( 281.6548488705746500, 92.96870237343029000, -37.96387373500559200 ) ) ;
#894 = CARTESIAN_POINT ( 'NONE',  ( 306.6569855394777200, 93.23357629419530200, -43.70166729437735100 ) ) ;
#895 = DIRECTION ( 'NONE',  ( 0.0000000000000000000, 0.0000000000000000000, -1.000000000000000000 ) ) ;
#896 = DIRECTION ( 'NONE',  ( 4.625929269271481400E-015, 1.000000000000000000, 0.0000000000000000000 ) ) ;
#897 = ORIENTED_EDGE ( 'NONE', *, *, #1028, .T. ) ;
#898 = CARTESIAN_POINT ( 'NONE',  ( 291.7280384558856700, 91.41155540177493300, -46.99357220086978500 ) ) ;
#899 = FACE_OUTER_BOUND ( 'NONE', #311, .T. ) ;
#900 = DIRECTION ( 'NONE',  ( 1.000000000000000000, 0.0000000000000000000, 0.0000000000000000000 ) ) ;
#901 = DIRECTION ( 'NONE',  ( 0.0000000000000000000, 0.0000000000000000000, 1.000000000000000000 ) ) ;
#902 = CARTESIAN_POINT ( 'NONE',  ( 304.9441523315032900, 94.72961928408996400, -46.93684399441518500 ) ) ;
#903 = AXIS2_PLACEMENT_3D ( 'NONE', #5602, #6175, #3283 ) ;
#904 = CARTESIAN_POINT ( 'NONE',  ( 328.3786753579526000, 88.53691522301001300, -34.54358349226633600 ) ) ;
#905 = VERTEX_POINT ( 'NONE', #996 ) ;
#906 = CARTESIAN_POINT ( 'NONE',  ( 281.7952877689234000, 91.17309291584710700, -53.20610249995024100 ) ) ;
#907 = CYLINDRICAL_SURFACE ( 'NONE', #3690, 0.4999999999945639600 ) ;
#908 = DIRECTION ( 'NONE',  ( 0.0000000000000000000, -1.000000000000000000, 0.0000000000000000000 ) ) ;
#909 = CARTESIAN_POINT ( 'NONE',  ( 327.1690905881814000, 87.63380170034014300, -30.96546703010058400 ) ) ;
#910 = CARTESIAN_POINT ( 'NONE',  ( 292.7474683024820500, 85.46874564475999100, -45.30070972200209700 ) ) ;
#911 = DIRECTION ( 'NONE',  ( -1.000000000000000000, -0.0000000000000000000, -0.0000000000000000000 ) ) ;
#912 = CARTESIAN_POINT ( 'NONE',  ( 304.9793976781105000, 94.72959083542873800, -46.15117584635849800 ) ) ;
#913 = EDGE_LOOP ( 'NONE', ( #7200, #3489, #568, #3226 ) ) ;
#914 = FACE_OUTER_BOUND ( 'NONE', #2857, .T. ) ;
#915 = CARTESIAN_POINT ( 'NONE',  ( 328.4422502731782200, 88.52770550386729600, -34.22660583614823100 ) ) ;
#916 = EDGE_CURVE ( 'NONE', #1827, #5859, #6603, .T. ) ;
#917 = CARTESIAN_POINT ( 'NONE',  ( 312.8887461237067700, 91.32309795264869500, -53.20483148182638200 ) ) ;
#918 = CARTESIAN_POINT ( 'NONE',  ( 278.8074674766593300, 91.06175894291584400, -43.43865340813152900 ) ) ;
#919 = CARTESIAN_POINT ( 'NONE',  ( 299.8491804772000400, 93.22683635352001400, -39.08106730862000700 ) ) ;
#920 = EDGE_LOOP ( 'NONE', ( #2094, #2828, #2443, #7212, #4243, #5126, #1733, #5063, #368, #5419, #850, #6064, #43 ) ) ;
#921 = FACE_OUTER_BOUND ( 'NONE', #3693, .T. ) ;
#922 = ORIENTED_EDGE ( 'NONE', *, *, #5705, .T. ) ;
#923 = ORIENTED_EDGE ( 'NONE', *, *, #1775, .F. ) ;
#924 = ORIENTED_EDGE ( 'NONE', *, *, #6737, .T. ) ;
#925 = ADVANCED_FACE ( 'NONE', ( #3495 ), #4519, .F. ) ;
#926 = CARTESIAN_POINT ( 'NONE',  ( 272.6828366910514800, 88.53014650955887500, -30.72586975718888900 ) ) ;
#927 = CARTESIAN_POINT ( 'NONE',  ( 329.6829936843999500, 89.62514642103002400, -54.79188584596001000 ) ) ;
#928 = CARTESIAN_POINT ( 'NONE',  ( 304.4553931838436800, 91.45145829871324800, -47.81212110946529500 ) ) ;
#929 = CARTESIAN_POINT ( 'NONE',  ( 290.9998936043807000, 85.46874564475955100, -47.30809141037600100 ) ) ;
#930 = CARTESIAN_POINT ( 'NONE',  ( 291.7089445214080600, 91.41125964225040000, -47.01321830668330600 ) ) ;
#931 = VERTEX_POINT ( 'NONE', #6915 ) ;
#932 = CARTESIAN_POINT ( 'NONE',  ( 299.9998731810918600, 94.77060170302876000, -41.32306419195874300 ) ) ;
#933 = ORIENTED_EDGE ( 'NONE', *, *, #7071, .T. ) ;
#934 = ORIENTED_EDGE ( 'NONE', *, *, #3909, .T. ) ;
#935 = EDGE_CURVE ( 'NONE', #6009, #6487, #6033, .T. ) ;
#936 = CARTESIAN_POINT ( 'NONE',  ( 287.1053993727274500, 91.59442993028601200, -28.61370171137689100 ) ) ;
#937 = CYLINDRICAL_SURFACE ( 'NONE', #5415, 0.5500000000000018200 ) ;
#938 = DIRECTION ( 'NONE',  ( -9.984020005621894600E-016, -1.000000000000000000, 0.0000000000000000000 ) ) ;
#939 = ORIENTED_EDGE ( 'NONE', *, *, #6606, .F. ) ;
#940 = B_SPLINE_CURVE_WITH_KNOTS ( 'NONE', 3,
 ( #4964, #6091, #3249, #950, #5544, #3814 ),
 .UNSPECIFIED., .F., .F.,
 ( 4, 2, 4 ),
 ( 0.0000000000000000000, 0.5000000000000000000, 1.000000000000000000 ),
 .UNSPECIFIED. ) ;
#941 = CARTESIAN_POINT ( 'NONE',  ( 299.9998714613999500, 100.9999999999999700, -46.30807779752999700 ) ) ;
#942 = AXIS2_PLACEMENT_3D ( 'NONE', #7182, #6038, #5466 ) ;
#943 = ORIENTED_EDGE ( 'NONE', *, *, #83, .F. ) ;
#944 = B_SPLINE_CURVE_WITH_KNOTS ( 'NONE', 3,
 ( #6802, #5089, #1578, #2151 ),
 .UNSPECIFIED., .F., .F.,
 ( 4, 4 ),
 ( 0.0000000000000000000, 1.000000000000000000 ),
 .UNSPECIFIED. ) ;
#945 = DIRECTION ( 'NONE',  ( 0.0000000000000000000, 0.0000000000000000000, -1.000000000000000000 ) ) ;
#946 = CARTESIAN_POINT ( 'NONE',  ( 299.9999959138511900, 89.23367046695933900, -54.88313315414746500 ) ) ;
#947 = CARTESIAN_POINT ( 'NONE',  ( 302.4909967461517800, 94.75842873891541300, -41.96981225117608700 ) ) ;
#948 = EDGE_CURVE ( 'NONE', #1891, #5859, #4885, .T. ) ;
#949 = CARTESIAN_POINT ( 'NONE',  ( 320.7106655870341000, 88.54085149577956300, -36.88231258674033300 ) ) ;
#950 = CARTESIAN_POINT ( 'NONE',  ( 299.0598341976581800, 93.27310796436778200, -53.74545298820240200 ) ) ;
#951 =( GEOMETRIC_REPRESENTATION_CONTEXT ( 3 ) GLOBAL_UNCERTAINTY_ASSIGNED_CONTEXT ( ( #5651 ) ) GLOBAL_UNIT_ASSIGNED_CONTEXT ( ( #1466, #5526, #353 ) ) REPRESENTATION_CONTEXT ( 'NONE', 'WORKASPACE' ) );
#952 = CARTESIAN_POINT ( 'NONE',  ( 328.3358946442816700, 87.63380170035000600, -34.49249644537634700 ) ) ;
#953 = CARTESIAN_POINT ( 'NONE',  ( 301.8158181819999900, 93.22729687268001400, -39.04869730646000600 ) ) ;
#954 = VERTEX_POINT ( 'NONE', #4783 ) ;
#955 = CARTESIAN_POINT ( 'NONE',  ( 279.6793884326725700, 92.89947545520267600, -42.73917409873865100 ) ) ;
#956 = CARTESIAN_POINT ( 'NONE',  ( 326.8183432771430700, 88.46865555914108400, -25.62301633527677700 ) ) ;
#957 = CARTESIAN_POINT ( 'NONE',  ( 272.2809084877000600, 87.63380170025983800, -44.07256193297001100 ) ) ;
#958 = CARTESIAN_POINT ( 'NONE',  ( 291.1711998803650700, 91.40313262247447300, -45.30807779753002500 ) ) ;
#959 = SURFACE_STYLE_USAGE ( .BOTH. , #4432 ) ;
#960 = FACE_OUTER_BOUND ( 'NONE', #1886, .T. ) ;
#961 = CARTESIAN_POINT ( 'NONE',  ( 322.2746098136947800, 92.82399173416611400, -42.31890682717413200 ) ) ;
#962 = CARTESIAN_POINT ( 'NONE',  ( 287.1053968560717100, 91.59427028672561700, -30.98037136277518800 ) ) ;
#963 = CARTESIAN_POINT ( 'NONE',  ( 298.5690817147000200, 94.29035166928001400, -40.59782134280000300 ) ) ;
#964 = CARTESIAN_POINT ( 'NONE',  ( 274.2643520836613800, 90.88169270650986700, -27.19087812737983300 ) ) ;
#965 = CARTESIAN_POINT ( 'NONE',  ( 314.7382080755466500, 89.98920418827823700, -25.15036717378462000 ) ) ;
#967 = ADVANCED_FACE ( 'NONE', ( #7098 ), #824, .T. ) ;
#966 = CARTESIAN_POINT ( 'NONE',  ( 321.1614069035400100, 91.06897286221629900, -25.67216573624048700 ) ) ;
#968 = EDGE_CURVE ( 'NONE', #3475, #4765, #6929, .T. ) ;
#969 = CARTESIAN_POINT ( 'NONE',  ( 325.6939963319437100, 89.93943215708463900, -53.21677491554843400 ) ) ;
#970 = CARTESIAN_POINT ( 'NONE',  ( 323.0296836516768100, 88.54085296164831200, -41.56456117509653600 ) ) ;
#971 = CARTESIAN_POINT ( 'NONE',  ( 301.6323511388000000, 93.75903926922001100, -52.79244464083001300 ) ) ;
#972 = CARTESIAN_POINT ( 'NONE',  ( 272.8309084876982000, 87.63380170034997700, -47.28130148371363400 ) ) ;
#973 = CARTESIAN_POINT ( 'NONE',  ( 290.4780042375000400, 90.48353295798997900, -54.58814948888999700 ) ) ;
#974 = CARTESIAN_POINT ( 'NONE',  ( 295.1526261848964600, 91.77492139640504800, -30.46385163789999600 ) ) ;
#975 = EDGE_CURVE ( 'NONE', #2991, #2605, #16, .T. ) ;
#976 = CARTESIAN_POINT ( 'NONE',  ( 291.1726315852320100, 91.40297065769667000, -47.30807779753004600 ) ) ;
#977 =( NAMED_UNIT ( * ) PLANE_ANGLE_UNIT ( ) SI_UNIT ( $, .RADIAN. ) );
#978 = CARTESIAN_POINT ( 'NONE',  ( 273.7036878938129100, 92.56305295550252800, -54.11760596665772700 ) ) ;
#979 = CARTESIAN_POINT ( 'NONE',  ( 300.1778498894999500, 94.28985595033000800, -51.99093749622001300 ) ) ;
#980 = CARTESIAN_POINT ( 'NONE',  ( 271.8635750571895100, 87.63380170034999100, -34.76971364621078900 ) ) ;
#981 = ORIENTED_EDGE ( 'NONE', *, *, #2744, .T. ) ;
#982 = ORIENTED_EDGE ( 'NONE', *, *, #5342, .T. ) ;
#983 = B_SPLINE_CURVE_WITH_KNOTS ( 'NONE', 3,
 ( #6073, #974, #4399, #1487 ),
 .UNSPECIFIED., .F., .F.,
 ( 4, 4 ),
 ( 0.0000000000000000000, 1.000000000000000000 ),
 .UNSPECIFIED. ) ;
#984 = EDGE_CURVE ( 'NONE', #4706, #6637, #3860, .T. ) ;
#985 = CARTESIAN_POINT ( 'NONE',  ( 271.7543052393398900, 88.05673591249791300, -47.33111358808501700 ) ) ;
#986 = ORIENTED_EDGE ( 'NONE', *, *, #1475, .F. ) ;
#987 = CARTESIAN_POINT ( 'NONE',  ( 298.4289724241645000, 94.76749847152363800, -41.57740437072953900 ) ) ;
#988 = EDGE_LOOP ( 'NONE', ( #1802, #4523 ) ) ;
#989 = CARTESIAN_POINT ( 'NONE',  ( 291.2636131249134300, 85.46874564475997700, -44.30822285545956200 ) ) ;
#990 = LINE ( 'NONE', #4420, #6726 ) ;
#991 = DIRECTION ( 'NONE',  ( 0.05233596169992038600, -0.9986295344685859300, 0.0000000000000000000 ) ) ;
#992 = AXIS2_PLACEMENT_3D ( 'NONE', #873, #3644, #2474 ) ;
#993 = CARTESIAN_POINT ( 'NONE',  ( 271.3678543431502100, 88.57255303703779200, -37.42459863650421400 ) ) ;
#994 = CARTESIAN_POINT ( 'NONE',  ( 328.4422502731782200, 88.52770550386729600, -34.22660583614823100 ) ) ;
#995 = CARTESIAN_POINT ( 'NONE',  ( 312.9776452011309400, 91.32100075527037600, -53.20483429870178300 ) ) ;
#996 = CARTESIAN_POINT ( 'NONE',  ( 272.9510493892393000, 88.53111824303623200, -51.92862556466163700 ) ) ;
#997 = CARTESIAN_POINT ( 'NONE',  ( 272.8306412324931800, 88.59956402778503600, -34.23133096035107300 ) ) ;
#998 = ORIENTED_EDGE ( 'NONE', *, *, #5351, .T. ) ;
#999 = FACE_OUTER_BOUND ( 'NONE', #1471, .T. ) ;
#1000 = CARTESIAN_POINT ( 'NONE',  ( 271.6124433205045500, 87.63380170034999100, -33.22449408331782900 ) ) ;
#1001 = CARTESIAN_POINT ( 'NONE',  ( 302.1487902092346800, 93.26966456465031300, -53.14405217604624500 ) ) ;
#1002 = ADVANCED_FACE ( 'NONE', ( #6741 ), #2054, .T. ) ;
#1003 = CARTESIAN_POINT ( 'NONE',  ( 272.8311737195051600, 88.54530122219905800, -31.12253134349013800 ) ) ;
#1004 = CARTESIAN_POINT ( 'NONE',  ( 329.9236579743999900, 92.30254044479998800, -54.18209984237002200 ) ) ;
#1005 = CARTESIAN_POINT ( 'NONE',  ( 302.0954843534966600, 91.47008947684034300, -50.52634907935949800 ) ) ;
#1006 = CARTESIAN_POINT ( 'NONE',  ( 291.4966704683574200, 91.40807716366960300, -45.43774798958148200 ) ) ;
#1007 = EDGE_LOOP ( 'NONE', ( #5329, #439, #570, #120 ) ) ;
#1008 = VECTOR ( 'NONE', #7381, 1000.000000000000000 ) ;
#1009 = FILL_AREA_STYLE ('',( #4431 ) ) ;
#1010 = CARTESIAN_POINT ( 'NONE',  ( 312.3741803318426900, 93.13496328662456800, -26.59930806915147300 ) ) ;
#1011 = CARTESIAN_POINT ( 'NONE',  ( 271.7307556047046500, 88.53457137022694200, -44.04732899501071600 ) ) ;
#1012 = CARTESIAN_POINT ( 'NONE',  ( 300.2018284216999900, 93.75767987311000700, -52.76273597990001500 ) ) ;
#1013 = EDGE_CURVE ( 'NONE', #6535, #6875, #7380, .T. ) ;
#1014 = CARTESIAN_POINT ( 'NONE',  ( 318.6728454246381300, 91.15321588513069200, -36.67146213813959600 ) ) ;
#1015 = CARTESIAN_POINT ( 'NONE',  ( 274.2778687806991800, 90.88225180463814500, -53.20865836681197400 ) ) ;
#1016 = ORIENTED_EDGE ( 'NONE', *, *, #714, .F. ) ;
#1017 = EDGE_LOOP ( 'NONE', ( #1018, #4799, #5066, #4556 ) ) ;
#1018 = ORIENTED_EDGE ( 'NONE', *, *, #647, .T. ) ;
#1019 = CARTESIAN_POINT ( 'NONE',  ( 279.2893471838999600, 87.04085002963991300, -39.78237565572000300 ) ) ;
#1020 = CARTESIAN_POINT ( 'NONE',  ( 327.0172513565299800, 88.66314489768724600, -37.38635140750165700 ) ) ;
#1021 = CARTESIAN_POINT ( 'NONE',  ( 328.1590129142999200, 89.62461689671999900, -24.30029677836000300 ) ) ;
#1022 = CARTESIAN_POINT ( 'NONE',  ( 285.4070953811712500, 93.08072815679348400, -27.55858882956177100 ) ) ;
#1023 = VERTEX_POINT ( 'NONE', #3631 ) ;
#1024 = VERTEX_POINT ( 'NONE', #1333 ) ;
#1025 = VERTEX_POINT ( 'NONE', #5336 ) ;
#1026 = CARTESIAN_POINT ( 'NONE',  ( 321.0902588868068500, 88.54085296164831200, -42.68237570689429100 ) ) ;
#1027 = ORIENTED_EDGE ( 'NONE', *, *, #3697, .T. ) ;
#1028 = EDGE_CURVE ( 'NONE', #5512, #5383, #1665, .T. ) ;
#1029 = DIRECTION ( 'NONE',  ( -0.5746404338172538300, 0.8184059944931477700, 0.0000000000000000000 ) ) ;
#1030 = CARTESIAN_POINT ( 'NONE',  ( 274.6804886421000400, 90.27329783779997300, -26.07429420396000500 ) ) ;
#1031 = CARTESIAN_POINT ( 'NONE',  ( 327.8437909354169600, 88.57253367073839500, -34.83153083834519500 ) ) ;
#1032 = CARTESIAN_POINT ( 'NONE',  ( 308.7363791642118800, 93.11493153905004800, -24.71949546439413600 ) ) ;
#1033 = VERTEX_POINT ( 'NONE', #5284 ) ;
#1034 = CARTESIAN_POINT ( 'NONE',  ( 328.0715533890568700, 87.63380060165029300, -43.66529386368060300 ) ) ;
#1035 = DIRECTION ( 'NONE',  ( 0.0000000000000000000, 0.0000000000000000000, 1.000000000000000000 ) ) ;
#1036 = B_SPLINE_CURVE_WITH_KNOTS ( 'NONE', 3,
 ( #1196, #1883, #5668, #6712 ),
 .UNSPECIFIED., .F., .F.,
 ( 4, 4 ),
 ( 0.0000000000000000000, 1.000000000000000000 ),
 .UNSPECIFIED. ) ;
#1037 = CARTESIAN_POINT ( 'NONE',  ( 293.1194172454167400, 90.24290211791625900, -30.46385156675374300 ) ) ;
#1038 = EDGE_CURVE ( 'NONE', #1720, #2777, #1433, .T. ) ;
#1039 = CARTESIAN_POINT ( 'NONE',  ( 271.9320198681144200, 87.63379845222715400, -47.69353778907626700 ) ) ;
#1040 = CARTESIAN_POINT ( 'NONE',  ( 285.1008243910764000, 93.07256391916396900, -35.68665331162787900 ) ) ;
#1041 = EDGE_CURVE ( 'NONE', #1827, #1024, #4023, .T. ) ;
#1042 = CARTESIAN_POINT ( 'NONE',  ( 285.9662849058420300, 90.05534869652107900, -39.27076638361224100 ) ) ;
#1043 = B_SPLINE_CURVE_WITH_KNOTS ( 'NONE', 3,
 ( #1732, #2897, #3470, #4563 ),
 .UNSPECIFIED., .F., .F.,
 ( 4, 4 ),
 ( 0.0000000000000000000, 1.000000000000000000 ),
 .UNSPECIFIED. ) ;
#1044 = CARTESIAN_POINT ( 'NONE',  ( 313.8998714613998700, 100.1715728752540100, -39.35807779753000100 ) ) ;
#1045 = ADVANCED_FACE ( 'NONE', ( #5489 ), #3677, .F. ) ;
#1046 = CARTESIAN_POINT ( 'NONE',  ( 310.9477927503631900, 85.46874564476000600, -45.78471214359781500 ) ) ;
#1047 = EDGE_LOOP ( 'NONE', ( #2782, #2041, #2296, #2968 ) ) ;
#1048 = CARTESIAN_POINT ( 'NONE',  ( 328.2165297040358500, 88.54168643783658900, -43.76248554194398800 ) ) ;
#1049 = CARTESIAN_POINT ( 'NONE',  ( 300.0000955711582300, 91.48340609100282000, -39.73401444539250300 ) ) ;
#1050 = CARTESIAN_POINT ( 'NONE',  ( 309.6430646691548000, 91.38924915147957500, -47.07909703733192000 ) ) ;
#1051 = CARTESIAN_POINT ( 'NONE',  ( 326.2639145427685300, 92.65674690796670600, -54.00134753625003000 ) ) ;
#1052 = CARTESIAN_POINT ( 'NONE',  ( 274.4816184005999800, 91.20567855833999700, -26.91568935143999400 ) ) ;
#1053 = CARTESIAN_POINT ( 'NONE',  ( 272.2309084214688800, 87.63380170034993500, -34.83130146021900200 ) ) ;
#1054 = DIRECTION ( 'NONE',  ( -0.05233755909403834500, -0.9986294507514176200, -0.0000000000000000000 ) ) ;
#1055 = CARTESIAN_POINT ( 'NONE',  ( 310.8344901818503000, 91.62610308530315700, -32.85204992941520200 ) ) ;
#1056 = CARTESIAN_POINT ( 'NONE',  ( 328.2219363855992400, 87.63380207555383100, -44.02234094207901900 ) ) ;
#1057 = AXIS2_PLACEMENT_3D ( 'NONE', #7255, #3275, #6764 ) ;
#1058 = CARTESIAN_POINT ( 'NONE',  ( 327.0874008709000100, 87.63380170034999100, -34.91747618503000400 ) ) ;
#1059 = CARTESIAN_POINT ( 'NONE',  ( 312.6404837707721600, 93.12892604886562300, -26.70963880995594100 ) ) ;
#1060 = CARTESIAN_POINT ( 'NONE',  ( 290.8272881306758100, 91.39749975785119300, -47.30807779752995400 ) ) ;
#1061 = VERTEX_POINT ( 'NONE', #3127 ) ;
#1062 = CARTESIAN_POINT ( 'NONE',  ( 271.7106968751662600, 87.63380170035000600, -34.64100085419180200 ) ) ;
#1063 = CARTESIAN_POINT ( 'NONE',  ( 273.4518425546479000, 88.57078080306730800, -52.96858858602590900 ) ) ;
#1064 = CARTESIAN_POINT ( 'NONE',  ( 273.7090087675883900, 90.09097368110394700, -53.08726155253354100 ) ) ;
#1065 = CARTESIAN_POINT ( 'NONE',  ( 308.7274321785105800, 93.04259354641995100, -53.98440008110944900 ) ) ;
#1066 = CARTESIAN_POINT ( 'NONE',  ( 284.2087718821237000, 91.24616274887476700, -25.87822573362844000 ) ) ;
#1067 = CARTESIAN_POINT ( 'NONE',  ( 285.1008241130724100, 93.07258487975207100, -28.64072128917981500 ) ) ;
#1068 = CARTESIAN_POINT ( 'NONE',  ( 296.2960137225617200, 89.23592394187711800, -53.22310809959943600 ) ) ;
#1069 = CARTESIAN_POINT ( 'NONE',  ( 276.3154793733807000, 92.76521322903647600, -39.59036801281882800 ) ) ;
#1070 = CARTESIAN_POINT ( 'NONE',  ( 304.1066674866658000, 94.76874564476017300, -43.94106858978818100 ) ) ;
#1071 = CARTESIAN_POINT ( 'NONE',  ( 298.4269178868875100, 94.76777097728279400, -51.03834130717803700 ) ) ;
#1072 = LINE ( 'NONE', #2907, #4928 ) ;
#1073 = CARTESIAN_POINT ( 'NONE',  ( 273.9948926953999300, 90.51244977793001600, -26.59259820710999700 ) ) ;
#1074 = DIRECTION ( 'NONE',  ( -1.000000000000000000, 0.0000000000000000000, 0.0000000000000000000 ) ) ;
#1075 = ADVANCED_FACE ( 'NONE', ( #5769 ), #4893, .F. ) ;
#1076 = CARTESIAN_POINT ( 'NONE',  ( 308.1949912628072100, 91.69511715121177500, -30.51657923430543900 ) ) ;
#1077 = CARTESIAN_POINT ( 'NONE',  ( 328.0706308318691500, 87.63380014133319700, -43.66440882911446400 ) ) ;
#1078 = EDGE_CURVE ( 'NONE', #2763, #2874, #884, .T. ) ;
#1079 = ORIENTED_EDGE ( 'NONE', *, *, #1176, .F. ) ;
#1080 = DIRECTION ( 'NONE',  ( -0.0000000000000000000, 1.000000000000000000, 0.0000000000000000000 ) ) ;
#1081 = B_SPLINE_CURVE_WITH_KNOTS ( 'NONE', 3,
 ( #3317, #4732, #3165, #4997, #6705, #4451, #4189, #761, #2970, #7206, #814, #1924, #591, #5183, #1212, #6060, #2673, #4930 ),
 .UNSPECIFIED., .F., .F.,
 ( 4, 2, 2, 2, 2, 2, 2, 2, 4 ),
 ( 0.0000000000000000000, 0.1250000000000000000, 0.2500000000000000000, 0.3750000000000000000, 0.5000000000000000000, 0.6250000000000000000, 0.7500000000000000000, 0.8750000000000000000, 1.000000000000000000 ),
 .UNSPECIFIED. ) ;
#1082 = FACE_OUTER_BOUND ( 'NONE', #3974, .T. ) ;
#1083 = CARTESIAN_POINT ( 'NONE',  ( 290.5014371896075400, 91.39194448205351800, -47.17747208376127300 ) ) ;
#1084 = ORIENTED_EDGE ( 'NONE', *, *, #2931, .F. ) ;
#1085 = DIRECTION ( 'NONE',  ( 0.0000000000000000000, -0.4698490814096490400, -0.8827467590982756000 ) ) ;
#1086 = ORIENTED_EDGE ( 'NONE', *, *, #608, .T. ) ;
#1087 = B_SPLINE_CURVE_WITH_KNOTS ( 'NONE', 3,
 ( #3282, #2167, #7348, #4503 ),
 .UNSPECIFIED., .F., .F.,
 ( 4, 4 ),
 ( 0.0000000000000000000, 1.000000000000000000 ),
 .UNSPECIFIED. ) ;
#1088 = CIRCLE ( 'NONE', #1057, 4.699999999999995700 ) ;
#1089 = EDGE_CURVE ( 'NONE', #6452, #6671, #2951, .T. ) ;
#1090 = CARTESIAN_POINT ( 'NONE',  ( 273.9118418072695200, 90.37965377431935100, -53.15957885319676300 ) ) ;
#1091 = DIRECTION ( 'NONE',  ( 0.0000000000000000000, 0.0000000000000000000, -1.000000000000000000 ) ) ;
#1092 = CARTESIAN_POINT ( 'NONE',  ( 270.8713560851850300, 88.17826504321601500, -54.81409873043352100 ) ) ;
#1093 = PRODUCT_DEFINITION_FORMATION_WITH_SPECIFIED_SOURCE ( '任何', '', #8, .NOT_KNOWN. ) ;
#1094 = CARTESIAN_POINT ( 'NONE',  ( 290.9998714614000100, 85.46874564476095800, -46.30807779752999700 ) ) ;
#1095 = ORIENTED_EDGE ( 'NONE', *, *, #45, .T. ) ;
#1096 = CARTESIAN_POINT ( 'NONE',  ( 291.7175392373623000, 91.71543346370059200, -31.28491516357604500 ) ) ;
#1097 = B_SPLINE_CURVE_WITH_KNOTS ( 'NONE', 3,
 ( #3277, #2706, #2108, #3836 ),
 .UNSPECIFIED., .F., .F.,
 ( 4, 4 ),
 ( 0.0000000000000000000, 1.000000000000000000 ),
 .UNSPECIFIED. ) ;
#1098 = CARTESIAN_POINT ( 'NONE',  ( 277.3239894583406900, 92.80763018912094300, -42.02347599824901900 ) ) ;
#1099 = CARTESIAN_POINT ( 'NONE',  ( 326.3552676001033300, 92.60985153951398300, -53.97796776640137800 ) ) ;
#1100 = CARTESIAN_POINT ( 'NONE',  ( 271.5740462508215400, 89.70103086957421100, -24.58929536152843900 ) ) ;
#1101 = ORIENTED_EDGE ( 'NONE', *, *, #6278, .T. ) ;
#1102 = CARTESIAN_POINT ( 'NONE',  ( 326.7973370990726500, 89.37985969163831600, -26.05903215714562300 ) ) ;
#1103 = ORIENTED_EDGE ( 'NONE', *, *, #3741, .F. ) ;
#1104 = ORIENTED_EDGE ( 'NONE', *, *, #34, .T. ) ;
#1105 = CARTESIAN_POINT ( 'NONE',  ( 284.2307120942351200, 89.98920800594791600, -29.61385166601314400 ) ) ;
#1106 = CARTESIAN_POINT ( 'NONE',  ( 308.3309095522370200, 91.69203394756434000, -30.52004295785031100 ) ) ;
#1107 = CARTESIAN_POINT ( 'NONE',  ( 271.5568532334729600, 88.52927746281052600, -34.32868342448968200 ) ) ;
#1108 = CARTESIAN_POINT ( 'NONE',  ( 327.2411279070619800, 87.63380170035000600, -47.55613700035033300 ) ) ;
#1109 = ORIENTED_EDGE ( 'NONE', *, *, #6592, .F. ) ;
#1110 = CYLINDRICAL_SURFACE ( 'NONE', #416, 0.5999999999999894300 ) ;
#1111 = ORIENTED_EDGE ( 'NONE', *, *, #1497, .T. ) ;
#1112 = ORIENTED_EDGE ( 'NONE', *, *, #4934, .F. ) ;
#1113 = CARTESIAN_POINT ( 'NONE',  ( 290.3007976821686500, 91.38841205223715700, -47.02313293522338000 ) ) ;
#1114 = ORIENTED_EDGE ( 'NONE', *, *, #5976, .F. ) ;
#1115 = EDGE_CURVE ( 'NONE', #1538, #359, #6139, .T. ) ;
#1116 = CARTESIAN_POINT ( 'NONE',  ( 328.3419724716459900, 87.63380170034999100, -30.93384356814625100 ) ) ;
#1117 = ADVANCED_FACE ( 'NONE', ( #7007 ), #4762, .F. ) ;
#1118 = EDGE_LOOP ( 'NONE', ( #2718, #6241, #6964, #1727, #2362 ) ) ;
#1119 = EDGE_LOOP ( 'NONE', ( #3563, #2006, #1342, #2526 ) ) ;
#1120 = ORIENTED_EDGE ( 'NONE', *, *, #5294, .F. ) ;
#1121 = LINE ( 'NONE', #1541, #3763 ) ;
#1122 = CARTESIAN_POINT ( 'NONE',  ( 309.5232922411731200, 85.46874564476002000, -44.36002342307101300 ) ) ;
#1123 = CARTESIAN_POINT ( 'NONE',  ( 327.2074027665642000, 87.63380170034999100, -34.44292792891639700 ) ) ;
#1124 = CARTESIAN_POINT ( 'NONE',  ( 300.5629179574911500, 90.29483971497104700, -32.95297673769968600 ) ) ;
#1125 = CARTESIAN_POINT ( 'NONE',  ( 291.9878256469781900, 91.72075694122447900, -30.93270033982025400 ) ) ;
#1126 = CARTESIAN_POINT ( 'NONE',  ( 317.8861289556101600, 88.54085296218983100, -40.54144453375828000 ) ) ;
#1127 = CARTESIAN_POINT ( 'NONE',  ( 285.1288288949479600, 91.52532898018985500, -35.71363672341336600 ) ) ;
#1128 = EDGE_CURVE ( 'NONE', #483, #2250, #1974, .T. ) ;
#1129 = CARTESIAN_POINT ( 'NONE',  ( 275.6329939449731200, 90.93736418519797800, -40.26499068122009800 ) ) ;
#1130 = CARTESIAN_POINT ( 'NONE',  ( 273.7158078455000200, 88.88131182089998100, -25.42394626538000000 ) ) ;
#1131 = CARTESIAN_POINT ( 'NONE',  ( 310.7778371913833600, 91.62795187691348500, -33.81264540932637200 ) ) ;
#1132 = CARTESIAN_POINT ( 'NONE',  ( 300.2112730328996100, 91.48261028313419300, -39.73391289902376400 ) ) ;
#1133 = ORIENTED_EDGE ( 'NONE', *, *, #4744, .T. ) ;
#1134 = ORIENTED_EDGE ( 'NONE', *, *, #6090, .T. ) ;
#1135 = CARTESIAN_POINT ( 'NONE',  ( 327.1862275534655300, 87.63380170035000600, -47.42244021752905800 ) ) ;
#1136 = B_SPLINE_CURVE_WITH_KNOTS ( 'NONE', 3,
 ( #3451, #5196, #2893, #6953, #3491, #91, #4094, #7116, #5992, #6584 ),
 .UNSPECIFIED., .F., .F.,
 ( 4, 2, 2, 2, 4 ),
 ( 0.0000000000000000000, 0.1250000000000000000, 0.2500000000000000000, 0.3750000000000000000, 0.5000000000000000000 ),
 .UNSPECIFIED. ) ;
#1137 = EDGE_CURVE ( 'NONE', #1248, #6683, #4623, .T. ) ;
#1138 = CARTESIAN_POINT ( 'NONE',  ( 290.2024485405718800, 91.38662130668416200, -45.70369695001192400 ) ) ;
#1139 = EDGE_CURVE ( 'NONE', #1814, #1374, #367, .T. ) ;
#1140 = CARTESIAN_POINT ( 'NONE',  ( 299.7380841997001000, 93.29664196249999000, -53.83342128673000800 ) ) ;
#1141 = ORIENTED_EDGE ( 'NONE', *, *, #2556, .T. ) ;
#1142 = CARTESIAN_POINT ( 'NONE',  ( 299.9998714613999500, 99.00000000000000000, -46.30807779752999700 ) ) ;
#1143 = AXIS2_PLACEMENT_3D ( 'NONE', #7243, #4373, #2621 ) ;
#1144 = LINE ( 'NONE', #3862, #7049 ) ;
#1145 = CARTESIAN_POINT ( 'NONE',  ( 306.9997994360333600, 85.46874564475999100, -46.56998818660022000 ) ) ;
#1146 = CARTESIAN_POINT ( 'NONE',  ( 327.6103108041488700, 87.63380170035000600, -34.81534159321503100 ) ) ;
#1147 = CARTESIAN_POINT ( 'NONE',  ( 271.5496045603000500, 89.66100931930998300, -24.61680067087999600 ) ) ;
#1148 = B_SPLINE_CURVE_WITH_KNOTS ( 'NONE', 3,
 ( #2914, #4609, #2251, #6276, #4638, #4093, #2331, #2353, #5225, #1768, #6846, #6367, #6952, #696, #3540, #5250, #4703, #6991, #5838, #649 ),
 .UNSPECIFIED., .F., .F.,
 ( 4, 2, 2, 2, 2, 2, 2, 2, 2, 4 ),
 ( 0.0000000000000000000, 0.1250000000000010800, 0.1875000000000010000, 0.2500000000000009400, 0.3750000000000007800, 0.5000000000000006700, 0.6250000000000005600, 0.7500000000000003300, 0.8750000000000002200, 1.000000000000000000 ),
 .UNSPECIFIED. ) ;
#1149 = CARTESIAN_POINT ( 'NONE',  ( 277.9699958030218500, 92.83383112326555400, -37.10887740184617900 ) ) ;
#1150 = CARTESIAN_POINT ( 'NONE',  ( 327.1689494756935200, 88.56863864671790100, -47.28130143115608100 ) ) ;
#1151 = CARTESIAN_POINT ( 'NONE',  ( 273.5565570127403700, 92.52447970814296200, -53.85605690286416100 ) ) ;
#1152 = CARTESIAN_POINT ( 'NONE',  ( 326.0980688026684200, 90.17989755499024800, -53.14906175621998600 ) ) ;
#1153 = CARTESIAN_POINT ( 'NONE',  ( 310.0581476875103100, 91.64829087182771200, -35.04057327176222000 ) ) ;
#1154 = AXIS2_PLACEMENT_3D ( 'NONE', #7198, #938, #389 ) ;
#1155 = CARTESIAN_POINT ( 'NONE',  ( 319.2496907527976800, 88.54085002964015400, -39.38975382918064100 ) ) ;
#1156 = CARTESIAN_POINT ( 'NONE',  ( 272.8305461598717400, 87.63380170034996300, -31.08221384232362900 ) ) ;
#1157 = DIRECTION ( 'NONE',  ( 0.0000000000000000000, 0.0000000000000000000, 1.000000000000000000 ) ) ;
#1158 = CARTESIAN_POINT ( 'NONE',  ( 272.9588902951518300, 89.02244670486203400, -51.92643442207615600 ) ) ;
#1159 = CARTESIAN_POINT ( 'NONE',  ( 299.9998804551489700, 93.27547821270540900, -39.15350272018313400 ) ) ;
#1160 = EDGE_CURVE ( 'NONE', #7040, #339, #1714, .T. ) ;
#1161 = VERTEX_POINT ( 'NONE', #1978 ) ;
#1162 = CARTESIAN_POINT ( 'NONE',  ( 320.7106167069656500, 92.88492935846375100, -36.80655701306550000 ) ) ;
#1163 = CYLINDRICAL_SURFACE ( 'NONE', #1154, 6.950000000000011700 ) ;
#1164 = CARTESIAN_POINT ( 'NONE',  ( 304.9009705405421200, 94.76874564476003100, -47.34244983121570300 ) ) ;
#1165 = ORIENTED_EDGE ( 'NONE', *, *, #844, .F. ) ;
#1166 = CARTESIAN_POINT ( 'NONE',  ( 300.6174012986066400, 91.47984615783863700, -41.60809511322264600 ) ) ;
#1167 = CARTESIAN_POINT ( 'NONE',  ( 278.8997793753351300, 92.87019642059513600, -42.73868630167596200 ) ) ;
#1168 = CARTESIAN_POINT ( 'NONE',  ( 327.0063022605466500, 89.23375587950798100, -26.71173277607037700 ) ) ;
#1169 = CARTESIAN_POINT ( 'NONE',  ( 310.3275835731104200, 91.37573176793179600, -44.80651127105903700 ) ) ;
#1170 = CARTESIAN_POINT ( 'NONE',  ( 273.2515527504999700, 92.56885443008998500, -25.70505082876000100 ) ) ;
#1171 = ORIENTED_EDGE ( 'NONE', *, *, #3265, .F. ) ;
#1172 = FACE_OUTER_BOUND ( 'NONE', #6398, .T. ) ;
#1173 = CARTESIAN_POINT ( 'NONE',  ( 327.6101045075786800, 88.51044304340726400, -30.52247841481577600 ) ) ;
#1174 = CARTESIAN_POINT ( 'NONE',  ( 284.2087718821237000, 91.24616274887476700, -25.87822573362844000 ) ) ;
#1175 = CARTESIAN_POINT ( 'NONE',  ( 271.7769834329550300, 87.63380170034999100, -46.21152594103879400 ) ) ;
#1176 = EDGE_CURVE ( 'NONE', #249, #3523, #5508, .T. ) ;
#1177 = CARTESIAN_POINT ( 'NONE',  ( 289.9999441942533200, 85.46874564475999100, -46.44031933573307900 ) ) ;
#1178 = CARTESIAN_POINT ( 'NONE',  ( 327.8273681922632900, 88.25962682465437600, -34.83130146022000400 ) ) ;
#1179 = ORIENTED_EDGE ( 'NONE', *, *, #4307, .F. ) ;
#1180 = CIRCLE ( 'NONE', #6013, 1.500000000000001300 ) ;
#1181 = CARTESIAN_POINT ( 'NONE',  ( 271.8201983005635000, 87.63380170035002000, -43.82103009461880600 ) ) ;
#1182 = CARTESIAN_POINT ( 'NONE',  ( 328.3707252544232300, 87.63380170035000600, -31.07978261287957300 ) ) ;
#1183 = B_SPLINE_CURVE_WITH_KNOTS ( 'NONE', 3,
 ( #7022, #4182, #1281, #2402, #6496, #757, #5818, #4774, #5299, #206, #5919, #6401 ),
 .UNSPECIFIED., .F., .F.,
 ( 4, 2, 2, 2, 2, 4 ),
 ( 0.0000000000000000000, 0.2500000000000644500, 0.5000000000001289000, 0.6250000000000940400, 0.7500000000000591700, 1.000000000000000000 ),
 .UNSPECIFIED. ) ;
#1184 = CARTESIAN_POINT ( 'NONE',  ( 284.2307114661674100, 89.98922824422723500, -26.67631441629851400 ) ) ;
#1185 = ORIENTED_EDGE ( 'NONE', *, *, #3010, .F. ) ;
#1186 = FACE_OUTER_BOUND ( 'NONE', #1047, .T. ) ;
#1187 = CARTESIAN_POINT ( 'NONE',  ( 285.9767553386423100, 93.09550995940753600, -37.40278382524026300 ) ) ;
#1188 = CARTESIAN_POINT ( 'NONE',  ( 307.4004083571902000, 85.46874564475999100, -45.07901191775865600 ) ) ;
#1189 = CARTESIAN_POINT ( 'NONE',  ( 323.2179314821378300, 92.78506119017679100, -38.17317506038138200 ) ) ;
#1190 = PRODUCT_RELATED_PRODUCT_CATEGORY ( 'part', '', ( #95 ) ) ;
#1191 = CARTESIAN_POINT ( 'NONE',  ( 273.7291848294786400, 88.49098201089201200, -25.22120364327614400 ) ) ;
#1192 = VECTOR ( 'NONE', #7294, 1000.000000000000000 ) ;
#1193 = B_SPLINE_CURVE_WITH_KNOTS ( 'NONE', 3,
 ( #2509, #6958, #2999, #7355, #1626, #5199, #5799, #94, #654, #4234, #5391, #7346, #6140, #3269, #1307, #6180, #5168, #5069, #5647, #4548, #6252, #4575, #2191 ),
 .UNSPECIFIED., .F., .F.,
 ( 4, 2, 2, 2, 2, 1, 2, 2, 2, 2, 2, 4 ),
 ( 0.0000000000000000000, 0.1250000000000013000, 0.2500000000000026100, 0.3750000000000038900, 0.5000000000000052200, 0.5625000000000047700, 0.5937500000000057700, 0.6250000000000067700, 0.6875000000000056600, 0.7500000000000044400, 0.8750000000000022200, 1.000000000000000000 ),
 .UNSPECIFIED. ) ;
#1194 = EDGE_LOOP ( 'NONE', ( #2073, #1271, #3432, #711 ) ) ;
#1195 = CARTESIAN_POINT ( 'NONE',  ( 299.9995201659285200, 89.17767844984942400, -24.32363930818719000 ) ) ;
#1196 = CARTESIAN_POINT ( 'NONE',  ( 328.4151181266622100, 88.47489119091591200, -31.11823212504968000 ) ) ;
#1197 = ORIENTED_EDGE ( 'NONE', *, *, #1981, .T. ) ;
#1198 = CARTESIAN_POINT ( 'NONE',  ( 299.9998714613999500, 89.50000000000028400, -46.30807779752999700 ) ) ;
#1199 = CARTESIAN_POINT ( 'NONE',  ( 271.5568483062804100, 88.52930690034466500, -34.33121500654227300 ) ) ;
#1200 = CARTESIAN_POINT ( 'NONE',  ( 299.9998714613999500, 101.0000000000000000, -51.25807779752958000 ) ) ;
#1201 = EDGE_LOOP ( 'NONE', ( #1860, #831, #4319, #922, #2137, #4088, #3262, #6300, #4192 ) ) ;
#1202 = VERTEX_POINT ( 'NONE', #3659 ) ;
#1203 = VERTEX_POINT ( 'NONE', #4285 ) ;
#1204 = CARTESIAN_POINT ( 'NONE',  ( 299.9999972893081100, 93.27370097337463100, -53.74779289863616300 ) ) ;
#1205 = VERTEX_POINT ( 'NONE', #238 ) ;
#1206 = CARTESIAN_POINT ( 'NONE',  ( 287.2973454423099600, 91.60091592027687600, -26.51426535981245500 ) ) ;
#1207 = CARTESIAN_POINT ( 'NONE',  ( 272.0630059544138800, 87.63380170034999100, -43.57131738198315000 ) ) ;
#1208 = EDGE_CURVE ( 'NONE', #6137, #2363, #642, .T. ) ;
#1209 = CARTESIAN_POINT ( 'NONE',  ( 308.6452405760999200, 93.27486632183003200, -53.64919612370998400 ) ) ;
#1210 = CARTESIAN_POINT ( 'NONE',  ( 281.1008488983161400, 88.88079373729156900, -54.96305480083664500 ) ) ;
#1211 = CARTESIAN_POINT ( 'NONE',  ( 293.6697488035881100, 93.23541538399848600, -49.72196429256791800 ) ) ;
#1212 = CARTESIAN_POINT ( 'NONE',  ( 306.7836014593415300, 91.72400970511975500, -30.88839081389599900 ) ) ;
#1213 = CARTESIAN_POINT ( 'NONE',  ( 292.7009620795427100, 90.23569009607631100, -30.50532191680245100 ) ) ;
#1214 = ORIENTED_EDGE ( 'NONE', *, *, #5179, .F. ) ;
#1215 = B_SPLINE_CURVE_WITH_KNOTS ( 'NONE', 3,
 ( #2486, #5288, #1290, #4151, #2437, #738, #6985, #2510, #1931, #5361, #3634, #5338, #710, #5310, #127, #168, #5961, #5905, #4129, #218, #1849, #6478, #5885, #3007, #787, #7054, #6526, #689, #3658, #7102, #237, #3681 ),
 .UNSPECIFIED., .F., .F.,
 ( 4, 2, 2, 2, 2, 2, 2, 2, 2, 2, 2, 2, 2, 2, 2, 4 ),
 ( 3.379462171739211800E-016, 0.001045771691621338600, 0.001568657537431757900, 0.002091543383242177100, 0.002614429229052596500, 0.003137315074863015900, 0.003660200920673435700, 0.004183086766483855500, 0.004705972612294275300, 0.005228858458104694200, 0.005751744303915114000, 0.006274630149725533000, 0.006797515995535953700, 0.007320401841346372600, 0.007843287687156792400, 0.008366173532967211300 ),
 .UNSPECIFIED. ) ;
#1216 = CARTESIAN_POINT ( 'NONE',  ( 297.4777919317105600, 94.75876998451525400, -50.60985535803986600 ) ) ;
#1217 = EDGE_CURVE ( 'NONE', #5155, #225, #3378, .T. ) ;
#1218 = CARTESIAN_POINT ( 'NONE',  ( 310.9470259829371900, 91.36431310383200400, -46.83614677810670900 ) ) ;
#1219 = CARTESIAN_POINT ( 'NONE',  ( 320.7107888368655000, 87.04085002964060900, -43.46250850532353400 ) ) ;
#1220 = DIRECTION ( 'NONE',  ( -0.0005246259000527615100, -0.01744057520004536900, 0.9998477639642731100 ) ) ;
#1221 = CARTESIAN_POINT ( 'NONE',  ( 291.3449989615999100, 93.30098712966000100, -53.83214831128000100 ) ) ;
#1222 = CARTESIAN_POINT ( 'NONE',  ( 286.4466044747113600, 91.57300432388203100, -28.61372269935422000 ) ) ;
#1223 = CARTESIAN_POINT ( 'NONE',  ( 328.2692312823185100, 88.50782712950838500, -47.30613749989457500 ) ) ;
#1224 = DIRECTION ( 'NONE',  ( 0.0000000000000000000, 0.0000000000000000000, 1.000000000000000000 ) ) ;
#1225 = CARTESIAN_POINT ( 'NONE',  ( 272.0772822195771700, 87.63380170034997700, -43.56477548092979600 ) ) ;
#1226 = EDGE_CURVE ( 'NONE', #4538, #5479, #5187, .T. ) ;
#1227 = VECTOR ( 'NONE', #3464, 1000.000000000000000 ) ;
#1228 = CARTESIAN_POINT ( 'NONE',  ( 328.0834230883209600, 87.63380170034999100, -30.61003979522335400 ) ) ;
#1229 = B_SPLINE_CURVE_WITH_KNOTS ( 'NONE', 3,
 ( #96, #1708, #11, #59, #6335, #1188, #6861, #4665, #3992, #1145, #561, #4587, #5159, #629, #610, #6930, #2869, #4642 ),
 .UNSPECIFIED., .F., .F.,
 ( 4, 2, 2, 2, 2, 2, 2, 2, 4 ),
 ( 0.0000000000000000000, 0.1250000000000000000, 0.2500000000000000000, 0.3750000000000000000, 0.5000000000000000000, 0.6250000000000000000, 0.7500000000000000000, 0.8750000000000000000, 1.000000000000000000 ),
 .UNSPECIFIED. ) ;
#1230 = CARTESIAN_POINT ( 'NONE',  ( 287.7020572904493200, 93.13693369800358800, -25.18574717284683500 ) ) ;
#1231 = AXIS2_PLACEMENT_3D ( 'NONE', #5726, #3486, #6363 ) ;
#1232 = CARTESIAN_POINT ( 'NONE',  ( 327.0063022605466500, 89.23375587950798100, -26.71173277607037700 ) ) ;
#1233 = DIRECTION ( 'NONE',  ( 0.0000000000000000000, -0.9998476951546425600, 0.01745240653746203300 ) ) ;
#1234 = CARTESIAN_POINT ( 'NONE',  ( 302.3551660443040400, 93.26876729023348400, -53.72898492070882500 ) ) ;
#1235 = CARTESIAN_POINT ( 'NONE',  ( 291.5194878512346600, 90.21263465944004200, -32.27327423236466300 ) ) ;
#1236 = CARTESIAN_POINT ( 'NONE',  ( 327.3824390693764600, 91.14461487078665400, -54.17247351133468700 ) ) ;
#1237 = CARTESIAN_POINT ( 'NONE',  ( 273.2569534917999500, 92.64492010625002600, -25.83257958008000100 ) ) ;
#1238 = CARTESIAN_POINT ( 'NONE',  ( 326.4151960260487600, 89.84953349162545100, -53.00156910712542700 ) ) ;
#1239 = CARTESIAN_POINT ( 'NONE',  ( 300.2026915705374700, 91.79296926028466400, -30.78438528652146600 ) ) ;
#1240 = DIRECTION ( 'NONE',  ( 1.000000000000000000, -0.0000000000000000000, 0.0000000000000000000 ) ) ;
#1241 = CARTESIAN_POINT ( 'NONE',  ( 305.6622472878528400, 99.41651513896999900, -45.30807779752888100 ) ) ;
#1242 = CARTESIAN_POINT ( 'NONE',  ( 284.2233986765373300, 90.40831359785558200, -25.43110438180863000 ) ) ;
#1243 = EDGE_CURVE ( 'NONE', #6003, #7323, #7186, .T. ) ;
#1244 = FACE_OUTER_BOUND ( 'NONE', #3513, .T. ) ;
#1245 = ORIENTED_EDGE ( 'NONE', *, *, #2744, .F. ) ;
#1246 = CARTESIAN_POINT ( 'NONE',  ( 319.7888296878380700, 87.04085002963991300, -38.58287539212240300 ) ) ;
#1247 = DIRECTION ( 'NONE',  ( 0.0000000000000000000, 1.000000000000000000, 0.0000000000000000000 ) ) ;
#1248 = VERTEX_POINT ( 'NONE', #2047 ) ;
#1249 = CARTESIAN_POINT ( 'NONE',  ( 308.3220174684813100, 91.41089835556100200, -47.04344225474039800 ) ) ;
#1250 = FACE_OUTER_BOUND ( 'NONE', #4599, .T. ) ;
#1251 = CARTESIAN_POINT ( 'NONE',  ( 296.5858083778098300, 94.76874564476003100, -50.09447677802555200 ) ) ;
#1252 = CARTESIAN_POINT ( 'NONE',  ( 289.0101910414999800, 91.56487292726004100, -39.73809003499999900 ) ) ;
#1253 = DIRECTION ( 'NONE',  ( 0.9998476951563557400, -0.01745240643922070900, 5.793224272794107100E-008 ) ) ;
#1254 = CARTESIAN_POINT ( 'NONE',  ( 327.7693346828656300, 87.63380165710715600, -30.52256228126452300 ) ) ;
#1255 = EDGE_LOOP ( 'NONE', ( #1893, #752, #49, #1375 ) ) ;
#1256 = VECTOR ( 'NONE', #5411, 1000.000000000000000 ) ;
#1257 = B_SPLINE_CURVE_WITH_KNOTS ( 'NONE', 3,
 ( #210, #4213, #3057, #4848 ),
 .UNSPECIFIED., .F., .F.,
 ( 4, 4 ),
 ( 0.0000000000000000000, 1.000000000000000000 ),
 .UNSPECIFIED. ) ;
#1258 = CARTESIAN_POINT ( 'NONE',  ( 296.3184937879992200, 94.74814837932426300, -49.67047769187257700 ) ) ;
#1259 = CARTESIAN_POINT ( 'NONE',  ( 307.4508522272800500, 91.41934610634579900, -39.73474501955301700 ) ) ;
#1260 = CARTESIAN_POINT ( 'NONE',  ( 314.7380784198093700, 89.98918775725164200, -36.66743990958736500 ) ) ;
#1261 = EDGE_LOOP ( 'NONE', ( #5703, #5691, #6393, #3877 ) ) ;
#1262 = VECTOR ( 'NONE', #5880, 1000.000000000000000 ) ;
#1263 = B_SPLINE_CURVE_WITH_KNOTS ( 'NONE', 3,
 ( #4631, #692, #3515, #4029 ),
 .UNSPECIFIED., .F., .F.,
 ( 4, 4 ),
 ( 0.0000000000000000000, 1.000000000000000000 ),
 .UNSPECIFIED. ) ;
#1264 = CARTESIAN_POINT ( 'NONE',  ( 322.5648052495251900, 87.04085002963996900, -42.99775278235920700 ) ) ;
#1265 = EDGE_CURVE ( 'NONE', #140, #6849, #7176, .T. ) ;
#1266 = DIRECTION ( 'NONE',  ( -0.0000000000000000000, 1.000000000000000000, 0.0000000000000000000 ) ) ;
#1267 = B_SPLINE_CURVE_WITH_KNOTS ( 'NONE', 3,
 ( #5689, #7424, #3399, #4589 ),
 .UNSPECIFIED., .F., .F.,
 ( 4, 4 ),
 ( 0.0000000000000000000, 1.000000000000000000 ),
 .UNSPECIFIED. ) ;
#1268 = AXIS2_PLACEMENT_3D ( 'NONE', #460, #6780, #1091 ) ;
#1269 = ORIENTED_EDGE ( 'NONE', *, *, #5964, .F. ) ;
#1270 = ORIENTED_EDGE ( 'NONE', *, *, #4009, .F. ) ;
#1271 = ORIENTED_EDGE ( 'NONE', *, *, #5014, .T. ) ;
#1272 = VERTEX_POINT ( 'NONE', #314 ) ;
#1273 = CARTESIAN_POINT ( 'NONE',  ( 293.1194160714823100, 90.97739395299001300, -30.46385163789988600 ) ) ;
#1274 = CARTESIAN_POINT ( 'NONE',  ( 308.2866806205989300, 91.41133467650477900, -45.60709462635944100 ) ) ;
#1275 = CARTESIAN_POINT ( 'NONE',  ( 305.8693046481437800, 90.24258614877838600, -31.83115930854349400 ) ) ;
#1276 = ORIENTED_EDGE ( 'NONE', *, *, #6892, .F. ) ;
#1277 = LINE ( 'NONE', #1462, #3779 ) ;
#1278 = ORIENTED_EDGE ( 'NONE', *, *, #2630, .F. ) ;
#1279 = ORIENTED_EDGE ( 'NONE', *, *, #1089, .T. ) ;
#1280 = ORIENTED_EDGE ( 'NONE', *, *, #1326, .F. ) ;
#1281 = CARTESIAN_POINT ( 'NONE',  ( 327.9703938356549900, 88.49032183617062200, -30.53797623606692500 ) ) ;
#1282 = CARTESIAN_POINT ( 'NONE',  ( 299.9600341568999500, 93.43774876847000100, -53.29329534684001100 ) ) ;
#1283 = PLANE ( 'NONE',  #388 ) ;
#1284 = CARTESIAN_POINT ( 'NONE',  ( 326.9860741245896600, 88.53503667498165400, -52.26584436302033500 ) ) ;
#1285 = ORIENTED_EDGE ( 'NONE', *, *, #484, .F. ) ;
#1286 = VERTEX_POINT ( 'NONE', #6650 ) ;
#1287 = AXIS2_PLACEMENT_3D ( 'NONE', #887, #4857, #5441 ) ;
#1288 = CARTESIAN_POINT ( 'NONE',  ( 320.7106497678000200, 87.04085002963991300, -39.78237565572000300 ) ) ;
#1289 = DIRECTION ( 'NONE',  ( 0.0000000000000000000, 0.0000000000000000000, -1.000000000000000000 ) ) ;
#1290 = CARTESIAN_POINT ( 'NONE',  ( 320.0126095392943200, 92.91080082537901300, -42.69703538971705800 ) ) ;
#1291 = ADVANCED_FACE ( 'NONE', ( #4329 ), #907, .T. ) ;
#1292 = CARTESIAN_POINT ( 'NONE',  ( 282.7829955432268900, 91.20167676414236300, -40.96376191765948200 ) ) ;
#1293 = EDGE_LOOP ( 'NONE', ( #6946, #6250, #46, #3781 ) ) ;
#1294 = PLANE ( 'NONE',  #6651 ) ;
#1295 = ORIENTED_EDGE ( 'NONE', *, *, #5273, .T. ) ;
#1296 = CARTESIAN_POINT ( 'NONE',  ( 303.3876263174149700, 90.28953369654628600, -39.71331101584417000 ) ) ;
#1297 = CARTESIAN_POINT ( 'NONE',  ( 328.2234414695254300, 87.63380168085623700, -47.31444697588753500 ) ) ;
#1298 = CARTESIAN_POINT ( 'NONE',  ( 273.5939433452714400, 92.53080847088844500, -53.99750599133398100 ) ) ;
#1299 = AXIS2_PLACEMENT_3D ( 'NONE', #5928, #6549, #257 ) ;
#1300 = CARTESIAN_POINT ( 'NONE',  ( 290.9998714614000100, 85.46874564476095800, -48.30807779752999000 ) ) ;
#1301 = EDGE_CURVE ( 'NONE', #6637, #140, #6912, .T. ) ;
#1302 = ORIENTED_EDGE ( 'NONE', *, *, #3146, .T. ) ;
#1303 = CARTESIAN_POINT ( 'NONE',  ( 308.2717060218107000, 91.41156635941638300, -45.62258176797737300 ) ) ;
#1304 = CARTESIAN_POINT ( 'NONE',  ( 287.6098116655447800, 93.13482493634151600, -25.18809193163036400 ) ) ;
#1305 = DIRECTION ( 'NONE',  ( -0.0002472347695487461600, 0.01745240600407257900, 0.9998476645967813200 ) ) ;
#1306 = CARTESIAN_POINT ( 'NONE',  ( 323.5760888348944500, 92.76985868354235300, -38.96794295094758800 ) ) ;
#1307 = CARTESIAN_POINT ( 'NONE',  ( 317.0464783438877100, 91.20709160447890400, -40.16685670458248600 ) ) ;
#1308 = CARTESIAN_POINT ( 'NONE',  ( 300.8141578296001100, 93.84483756058000400, -52.94441301421999700 ) ) ;
#1309 = CARTESIAN_POINT ( 'NONE',  ( 271.7219228135306800, 87.63380170034996300, -30.72983129030234300 ) ) ;
#1310 = ORIENTED_EDGE ( 'NONE', *, *, #4814, .F. ) ;
#1311 = B_SPLINE_CURVE_WITH_KNOTS ( 'NONE', 3,
 ( #4579, #6813, #3364, #1135, #525, #4557, #1108, #5120, #5706, #1592, #2249, #6877, #6275, #5145, #1696, #2281 ),
 .UNSPECIFIED., .F., .F.,
 ( 4, 2, 2, 2, 2, 2, 2, 4 ),
 ( 0.0000000000000000000, 0.1249999999999773000, 0.2499999999999545900, 0.3749999999999318900, 0.4999999999999091800, 0.6249999999998865400, 0.7499999999998637800, 1.000000000000000000 ),
 .UNSPECIFIED. ) ;
#1312 = CARTESIAN_POINT ( 'NONE',  ( 275.3654671222483900, 90.92678592203013500, -53.20747604425339000 ) ) ;
#1313 = DIRECTION ( 'NONE',  ( 0.0000000000000000000, 0.0000000000000000000, -1.000000000000000000 ) ) ;
#1314 = CYLINDRICAL_SURFACE ( 'NONE', #4836, 493.5472390974828700 ) ;
#1315 = EDGE_CURVE ( 'NONE', #339, #6936, #5763, .T. ) ;
#1316 = CARTESIAN_POINT ( 'NONE',  ( 325.2883551300909600, 90.90016020557260400, -26.70354550941293700 ) ) ;
#1317 = CARTESIAN_POINT ( 'NONE',  ( 270.6569977669863100, 88.38106387807623300, -54.88856451938324500 ) ) ;
#1318 = CARTESIAN_POINT ( 'NONE',  ( 329.3764954763799400, 88.29154890425580500, -23.85813466071772700 ) ) ;
#1319 = B_SPLINE_CURVE_WITH_KNOTS ( 'NONE', 3,
 ( #5476, #1994, #2096, #4323 ),
 .UNSPECIFIED., .F., .F.,
 ( 4, 4 ),
 ( 0.0000000000000000000, 1.000000000000000000 ),
 .UNSPECIFIED. ) ;
#1320 = AXIS2_PLACEMENT_3D ( 'NONE', #941, #4925, #1472 ) ;
#1321 = CARTESIAN_POINT ( 'NONE',  ( 280.2479732434142600, 91.11495025017050900, -43.34359109058653600 ) ) ;
#1322 = CARTESIAN_POINT ( 'NONE',  ( 311.6385060201038200, 91.60182060010805600, -26.51489090544421100 ) ) ;
#1323 = ORIENTED_EDGE ( 'NONE', *, *, #1385, .F. ) ;
#1324 = B_SPLINE_CURVE_WITH_KNOTS ( 'NONE', 3,
 ( #3665, #1411, #223, #5938, #6012, #2564, #822, #5469, #6041, #7158, #1393, #4815, #4201, #2008, #1345, #5422, #3715, #3046, #5389, #3096 ),
 .UNSPECIFIED., .F., .F.,
 ( 4, 2, 2, 2, 2, 2, 2, 2, 2, 4 ),
 ( 0.0000000000000000000, 0.1250000000000010800, 0.1875000000000010000, 0.2500000000000009400, 0.3750000000000007800, 0.5000000000000006700, 0.6250000000000005600, 0.7500000000000003300, 0.8750000000000002200, 1.000000000000000000 ),
 .UNSPECIFIED. ) ;
#1325 = CARTESIAN_POINT ( 'NONE',  ( 327.9382563679547500, 87.63380170035002000, -47.78262820225383200 ) ) ;
#1326 = EDGE_CURVE ( 'NONE', #5240, #2887, #2805, .T. ) ;
#1327 = CARTESIAN_POINT ( 'NONE',  ( 272.7554597242962600, 88.60071144592234300, -34.53401917188767800 ) ) ;
#1328 = CARTESIAN_POINT ( 'NONE',  ( 308.1269727134694600, 91.41379712790391900, -45.81556104781775200 ) ) ;
#1329 = CARTESIAN_POINT ( 'NONE',  ( 308.1844952590802800, 90.19645026973310600, -35.81655977642136400 ) ) ;
#1330 = VERTEX_POINT ( 'NONE', #6578 ) ;
#1331 = CARTESIAN_POINT ( 'NONE',  ( 287.7083125421453400, 91.33665946593647800, -39.73477139100797500 ) ) ;
#1332 = CARTESIAN_POINT ( 'NONE',  ( 295.4301326407227700, 94.73338000302942400, -44.30954592810430600 ) ) ;
#1334 = ADVANCED_FACE ( 'NONE', ( #5312 ), #3928, .F. ) ;
#1333 = CARTESIAN_POINT ( 'NONE',  ( 313.8378789887194100, 91.52546515343271900, -35.61232443244858100 ) ) ;
#1335 = CARTESIAN_POINT ( 'NONE',  ( 290.1993072216839100, 85.46874564476000600, -45.69453133466156200 ) ) ;
#1336 = DIRECTION ( 'NONE',  ( -1.000000000000000000, 0.0000000000000000000, 0.0000000000000000000 ) ) ;
#1337 = EDGE_LOOP ( 'NONE', ( #3027, #2539, #611, #6629 ) ) ;
#1338 = FACE_OUTER_BOUND ( 'NONE', #676, .T. ) ;
#1339 = CARTESIAN_POINT ( 'NONE',  ( 299.9690051128311600, 90.29609105735663400, -39.71323252414278900 ) ) ;
#1340 = CARTESIAN_POINT ( 'NONE',  ( 328.3953984456364300, 87.63382226466740100, -34.22660581853575900 ) ) ;
#1341 = CARTESIAN_POINT ( 'NONE',  ( 284.9052333174618600, 91.26610536582987300, -38.38056635359980400 ) ) ;
#1342 = ORIENTED_EDGE ( 'NONE', *, *, #5392, .T. ) ;
#1343 = FACE_OUTER_BOUND ( 'NONE', #2533, .T. ) ;
#1344 = CARTESIAN_POINT ( 'NONE',  ( 327.0196434963160100, 88.46954808130932700, -26.30621733183579300 ) ) ;
#1345 = CARTESIAN_POINT ( 'NONE',  ( 289.3998069322153100, 91.37071157320917800, -45.07893405985741000 ) ) ;
#1346 = CARTESIAN_POINT ( 'NONE',  ( 277.7893471838999600, 88.54085002964014000, -39.78237565572000300 ) ) ;
#1347 = CARTESIAN_POINT ( 'NONE',  ( 320.3180279412617300, 88.54085002964014000, -38.32141664071738100 ) ) ;
#1348 = CARTESIAN_POINT ( 'NONE',  ( 292.1359924799314700, 91.72382723927407300, -33.32759970692616500 ) ) ;
#1349 = VERTEX_POINT ( 'NONE', #946 ) ;
#1350 = CYLINDRICAL_SURFACE ( 'NONE', #2677, 1.500000000000001300 ) ;
#1351 = CARTESIAN_POINT ( 'NONE',  ( 285.1537608316231700, 90.02525921082104800, -33.35575951019991700 ) ) ;
#1352 = ADVANCED_FACE ( 'NONE', ( #4140 ), #6160, .T. ) ;
#1353 = EDGE_CURVE ( 'NONE', #6672, #2658, #944, .T. ) ;
#1354 = CARTESIAN_POINT ( 'NONE',  ( 299.9562915720000000, 93.25528697235000700, -53.79591509860000500 ) ) ;
#1355 = DIRECTION ( 'NONE',  ( 0.0000000000000000000, 0.0000000000000000000, 1.000000000000000000 ) ) ;
#1356 = ORIENTED_EDGE ( 'NONE', *, *, #7233, .T. ) ;
#1357 = B_SPLINE_CURVE_WITH_KNOTS ( 'NONE', 3,
 ( #3, #2814, #3984, #2785, #3312, #3903, #5048, #501, #5628, #4532, #2168, #550, #7349, #3340, #476, #6299, #2220, #4505, #1619 ),
 .UNSPECIFIED., .F., .F.,
 ( 4, 2, 2, 2, 2, 1, 2, 2, 2, 4 ),
 ( 0.0000000000000000000, 0.2500000000003898500, 0.3750000000005792000, 0.4375000000006740200, 0.4687500000007079900, 0.4843750000007370800, 0.4921875000007408000, 0.5000000000007444000, 0.7500000000003721500, 1.000000000000000000 ),
 .UNSPECIFIED. ) ;
#1358 = CARTESIAN_POINT ( 'NONE',  ( 323.2327965765468300, 90.98295161182811300, -37.09656015014183300 ) ) ;
#1359 = VECTOR ( 'NONE', #7246, 1000.000000000000000 ) ;
#1360 = CARTESIAN_POINT ( 'NONE',  ( 312.2446323720874900, 93.13790106796706400, -37.78203808064336000 ) ) ;
#1361 = CARTESIAN_POINT ( 'NONE',  ( 303.3938326747170300, 91.46170044123202600, -39.73424413006556900 ) ) ;
#1362 = CARTESIAN_POINT ( 'NONE',  ( 273.8578274790652400, 88.49750784093392000, -25.20524626145695600 ) ) ;
#1363 = ORIENTED_EDGE ( 'NONE', *, *, #6387, .T. ) ;
#1364 = CYLINDRICAL_SURFACE ( 'NONE', #5619, 3.680103583069999300 ) ;
#1365 = CARTESIAN_POINT ( 'NONE',  ( 282.9696996119527600, 91.20765817299204100, -40.01851372451200500 ) ) ;
#1366 = ORIENTED_EDGE ( 'NONE', *, *, #776, .T. ) ;
#1367 = VERTEX_POINT ( 'NONE', #5036 ) ;
#1368 = EDGE_CURVE ( 'NONE', #2333, #841, #1452, .T. ) ;
#1369 = VERTEX_POINT ( 'NONE', #1066 ) ;
#1370 = DIRECTION ( 'NONE',  ( 4.625929269271481400E-015, 1.000000000000000000, 0.0000000000000000000 ) ) ;
#1371 = AXIS2_PLACEMENT_3D ( 'NONE', #5086, #3326, #5638 ) ;
#1372 = CARTESIAN_POINT ( 'NONE',  ( 272.9546014041349600, 88.77674555438353800, -51.92750680802962600 ) ) ;
#1373 = CARTESIAN_POINT ( 'NONE',  ( 287.7296548911012300, 90.11395081098116600, -39.71341860094834400 ) ) ;
#1374 = VERTEX_POINT ( 'NONE', #461 ) ;
#1375 = ORIENTED_EDGE ( 'NONE', *, *, #5408, .F. ) ;
#1376 = ORIENTED_EDGE ( 'NONE', *, *, #2102, .T. ) ;
#1377 = ADVANCED_FACE ( 'NONE', ( #6831 ), #457, .T. ) ;
#1378 = CARTESIAN_POINT ( 'NONE',  ( 285.1450323636061100, 90.52531258815597000, -35.73116390516607800 ) ) ;
#1379 = CARTESIAN_POINT ( 'NONE',  ( 271.9703976177042400, 88.55162220146712600, -43.57530516151334900 ) ) ;
#1380 = CARTESIAN_POINT ( 'NONE',  ( 325.7598696082000600, 90.53086179334002300, -26.99755750387000600 ) ) ;
#1381 = CARTESIAN_POINT ( 'NONE',  ( 320.7106497678000200, 91.23304940153735700, -36.10227207264998800 ) ) ;
#1382 = DIRECTION ( 'NONE',  ( 0.0000000000000000000, 1.000000000000000000, 0.0000000000000000000 ) ) ;
#1383 = CARTESIAN_POINT ( 'NONE',  ( 295.0182264371385900, 94.72951138545323600, -46.31884587217975000 ) ) ;
#1384 = CARTESIAN_POINT ( 'NONE',  ( 272.3185809972010200, 87.63380170035000600, -43.52289886794653700 ) ) ;
#1385 = EDGE_CURVE ( 'NONE', #4704, #3890, #6699, .T. ) ;
#1386 = CARTESIAN_POINT ( 'NONE',  ( 326.1109256324201100, 88.49938072896550500, -25.20326432809523400 ) ) ;
#1387 = CARTESIAN_POINT ( 'NONE',  ( 327.7371964359249400, 87.93288012175709400, -47.83130030911132700 ) ) ;
#1388 = CARTESIAN_POINT ( 'NONE',  ( 310.8344220555998200, 90.12632972756058800, -32.81917217515252400 ) ) ;
#1389 = DIRECTION ( 'NONE',  ( 0.0000000000000000000, 1.000000000000000000, 0.0000000000000000000 ) ) ;
#1390 = ORIENTED_EDGE ( 'NONE', *, *, #3901, .T. ) ;
#1391 = ORIENTED_EDGE ( 'NONE', *, *, #2219, .F. ) ;
#1392 = CARTESIAN_POINT ( 'NONE',  ( 328.0863879240510000, 87.63380170034999100, -34.75689613654588300 ) ) ;
#1393 = CARTESIAN_POINT ( 'NONE',  ( 288.9990385593417300, 91.36316448284451000, -46.56623486165173600 ) ) ;
#1394 = CARTESIAN_POINT ( 'NONE',  ( 273.5565570127403700, 92.52447970814296200, -53.85605690286416100 ) ) ;
#1395 = EDGE_CURVE ( 'NONE', #5223, #4374, #4572, .T. ) ;
#1396 = CARTESIAN_POINT ( 'NONE',  ( 293.0994015806981000, 91.74086815633565100, -33.66374447411925500 ) ) ;
#1397 = CARTESIAN_POINT ( 'NONE',  ( 312.8150718505514800, 91.32487146193284400, -39.37464306420486800 ) ) ;
#1398 = CARTESIAN_POINT ( 'NONE',  ( 308.9998936043429000, 85.46874564476000600, -47.30809141035698700 ) ) ;
#1399 = LINE ( 'NONE', #6976, #7335 ) ;
#1400 = CARTESIAN_POINT ( 'NONE',  ( 299.1126291766000200, 93.43851091781002100, -53.29704291364000600 ) ) ;
#1401 = CARTESIAN_POINT ( 'NONE',  ( 284.2087760596007800, 91.24611329581355800, -36.23373933626538000 ) ) ;
#1402 = B_SPLINE_CURVE_WITH_KNOTS ( 'NONE', 3,
 ( #4263, #3065, #1387, #5985 ),
 .UNSPECIFIED., .F., .F.,
 ( 4, 4 ),
 ( 0.0000000000000000000, 1.000000000000000000 ),
 .UNSPECIFIED. ) ;
#1403 = CARTESIAN_POINT ( 'NONE',  ( 295.5135587340171200, 94.73440488975086300, -44.13493610789437600 ) ) ;
#1404 = EDGE_CURVE ( 'NONE', #4208, #5958, #6924, .T. ) ;
#1405 = EDGE_CURVE ( 'NONE', #1025, #7040, #2024, .T. ) ;
#1406 = ADVANCED_FACE ( 'NONE', ( #999 ), #6287, .F. ) ;
#1407 = VERTEX_POINT ( 'NONE', #6311 ) ;
#1408 = CARTESIAN_POINT ( 'NONE',  ( 303.1261673367631000, 94.75415353925775700, -42.42550246451061500 ) ) ;
#1409 = CARTESIAN_POINT ( 'NONE',  ( 299.9998714613999500, 91.42902513656417800, -51.00807779752999900 ) ) ;
#1410 = CARTESIAN_POINT ( 'NONE',  ( 328.2071331858310800, 87.63380170035003400, -34.66757955912310500 ) ) ;
#1411 = CARTESIAN_POINT ( 'NONE',  ( 290.7337805577093400, 91.39346382580939100, -48.30807368515137100 ) ) ;
#1412 = CARTESIAN_POINT ( 'NONE',  ( 313.2283339952433000, 91.54779437073749200, -37.13313741497067600 ) ) ;
#1413 = ORIENTED_EDGE ( 'NONE', *, *, #7387, .F. ) ;
#1414 = CARTESIAN_POINT ( 'NONE',  ( 292.0372209614394600, 91.72178412024354100, -33.24412062680972500 ) ) ;
#1415 = LINE ( 'NONE', #1833, #5820 ) ;
#1416 = CARTESIAN_POINT ( 'NONE',  ( 301.2308817640405900, 91.47597404931816800, -41.73022699980052200 ) ) ;
#1417 = CARTESIAN_POINT ( 'NONE',  ( 285.1008243910764000, 93.07256391916396900, -35.68665331162787900 ) ) ;
#1418 = CARTESIAN_POINT ( 'NONE',  ( 325.1426144737000100, 91.17387807379998300, -27.28474375560999800 ) ) ;
#1419 = CARTESIAN_POINT ( 'NONE',  ( 327.0062987780910400, 89.23376049183555400, -51.92308166204432500 ) ) ;
#1420 = AXIS2_PLACEMENT_3D ( 'NONE', #327, #6561, #4346 ) ;
#1421 = CARTESIAN_POINT ( 'NONE',  ( 328.4422704083119100, 88.52774863406372700, -34.23107290891498900 ) ) ;
#1422 = ORIENTED_EDGE ( 'NONE', *, *, #5506, .T. ) ;
#1423 = CIRCLE ( 'NONE', #763, 4.699999999999995700 ) ;
#1424 = CARTESIAN_POINT ( 'NONE',  ( 272.2555884510453000, 88.52987147115085500, -47.83130121702615900 ) ) ;
#1425 = VERTEX_POINT ( 'NONE', #2825 ) ;
#1426 = VERTEX_POINT ( 'NONE', #2297 ) ;
#1427 = FACE_BOUND ( 'NONE', #499, .T. ) ;
#1428 = CARTESIAN_POINT ( 'NONE',  ( 303.1607749137673400, 94.75388243282904500, -42.45367640658246000 ) ) ;
#1429 = CARTESIAN_POINT ( 'NONE',  ( 309.8172735294096500, 91.38627495848213300, -46.88512489534201000 ) ) ;
#1430 = CARTESIAN_POINT ( 'NONE',  ( 321.6731236273338900, 87.04085002963999800, -43.36694328491938000 ) ) ;
#1431 = CARTESIAN_POINT ( 'NONE',  ( 327.0063022605466500, 89.23375587950798100, -26.71173277607037700 ) ) ;
#1432 = ORIENTED_EDGE ( 'NONE', *, *, #6702, .T. ) ;
#1433 = LINE ( 'NONE', #7029, #5847 ) ;
#1434 = ADVANCED_FACE ( 'NONE', ( #5042 ), #2343, .F. ) ;
#1435 = DIRECTION ( 'NONE',  ( -1.261617073437625900E-014, -1.000000000000000000, 0.0000000000000000000 ) ) ;
#1436 = CARTESIAN_POINT ( 'NONE',  ( 325.4114976008270300, 90.89512464466676500, -53.20904204695601400 ) ) ;
#1437 = CARTESIAN_POINT ( 'NONE',  ( 300.0000073331830200, 93.11482237704491600, -24.71971111550668400 ) ) ;
#1438 = CARTESIAN_POINT ( 'NONE',  ( 295.9281069249667000, 91.45481756734786000, -48.66192125232134900 ) ) ;
#1439 = ORIENTED_EDGE ( 'NONE', *, *, #1368, .F. ) ;
#1440 = ORIENTED_EDGE ( 'NONE', *, *, #157, .T. ) ;
#1441 = CARTESIAN_POINT ( 'NONE',  ( 272.1304440277796700, 87.63380168863828600, -30.52256193335885500 ) ) ;
#1442 = EDGE_CURVE ( 'NONE', #7323, #3133, #2601, .T. ) ;
#1443 = CARTESIAN_POINT ( 'NONE',  ( 304.9815342452694200, 94.72951654313443700, -46.30801956589686300 ) ) ;
#1444 = CARTESIAN_POINT ( 'NONE',  ( 299.9998714614055200, 94.76874564476014500, -41.60807779752968800 ) ) ;
#1445 = B_SPLINE_CURVE_WITH_KNOTS ( 'NONE', 3,
 ( #949, #4963, #3832, #4447, #1558, #38, #594, #1639, #2323, #4521, #1126, #5094, #5667, #6341, #3914, #6867, #5137, #4573 ),
 .UNSPECIFIED., .F., .F.,
 ( 4, 2, 2, 2, 2, 2, 2, 2, 4 ),
 ( 0.0000000000000000000, 0.1250000000000000000, 0.2500000000000000000, 0.3750000000000000000, 0.5000000000000000000, 0.6250000000000000000, 0.7500000000000000000, 0.8750000000000000000, 1.000000000000000000 ),
 .UNSPECIFIED. ) ;
#1446 = CARTESIAN_POINT ( 'NONE',  ( 308.9998708124384700, 91.40039483382787500, -45.30807779753034500 ) ) ;
#1447 = EDGE_LOOP ( 'NONE', ( #2130, #399, #56, #7353, #3958 ) ) ;
#1448 = VERTEX_POINT ( 'NONE', #4687 ) ;
#1449 = ORIENTED_EDGE ( 'NONE', *, *, #6972, .T. ) ;
#1450 = CARTESIAN_POINT ( 'NONE',  ( 274.2647003954290900, 90.88170895850720400, -27.08649886380499400 ) ) ;
#1451 = B_SPLINE_CURVE_WITH_KNOTS ( 'NONE', 3,
 ( #6888, #1166, #1416, #5452, #3130, #5395, #4239, #7165, #301, #5473, #3160, #4347, #6050, #2589, #6618, #1917, #4917, #6517, #801, #446, #5494, #2116, #1542, #928, #1489, #381, #6151, #3257, #2687, #3800, #4945, #5524, #3843, #5601, #6711, #1005, #3233, #3819, #1464 ),
 .UNSPECIFIED., .F., .F.,
 ( 4, 2, 2, 2, 1, 2, 2, 1, 2, 2, 2, 2, 2, 2, 1, 2, 2, 2, 2, 2, 4 ),
 ( 0.0000000000000000000, 0.1250000000000161500, 0.1562500000000256500, 0.1875000000000351100, 0.2187500000000446000, 0.2343750000000449400, 0.2500000000000453000, 0.3125000000000378000, 0.3437500000000346400, 0.3750000000000314700, 0.5000000000000262000, 0.5625000000000235400, 0.5937500000000210900, 0.6250000000000186500, 0.6875000000000138800, 0.7187500000000115500, 0.7500000000000091000, 0.7812500000000066600, 0.8125000000000043300, 0.8749999999999993300, 1.000000000000000000 ),
 .UNSPECIFIED. ) ;
#1452 = B_SPLINE_CURVE_WITH_KNOTS ( 'NONE', 3,
 ( #515, #3913, #4544, #2725, #4470, #7307, #5618, #3963, #536, #4568, #5059, #1604 ),
 .UNSPECIFIED., .F., .F.,
 ( 4, 2, 2, 2, 2, 4 ),
 ( 0.0000000000000000000, 0.1249999999999634700, 0.2499999999999269500, 0.3749999999998904200, 0.4999999999998538900, 1.000000000000000000 ),
 .UNSPECIFIED. ) ;
#1453 = CARTESIAN_POINT ( 'NONE',  ( 273.7877987318424900, 92.65176285159138600, -44.53685849706108300 ) ) ;
#1454 = CARTESIAN_POINT ( 'NONE',  ( 304.0073311464265100, 94.74288476792523300, -43.34085245263291600 ) ) ;
#1455 = EDGE_CURVE ( 'NONE', #1533, #3684, #3021, .T. ) ;
#1456 = VERTEX_POINT ( 'NONE', #5161 ) ;
#1457 = CARTESIAN_POINT ( 'NONE',  ( 320.7106028994654700, 91.08069351521423600, -43.46247692419413500 ) ) ;
#1458 = AXIS2_PLACEMENT_3D ( 'NONE', #2663, #6099, #900 ) ;
#1459 = CARTESIAN_POINT ( 'NONE',  ( 299.8811482999999500, 94.29032281070000500, -40.62392909115999400 ) ) ;
#1460 = CARTESIAN_POINT ( 'NONE',  ( 281.5355800618548900, 92.96472911865282600, -41.74626579686697200 ) ) ;
#1461 = CARTESIAN_POINT ( 'NONE',  ( 300.5853383202000400, 91.80933055123000500, -54.27538130196999300 ) ) ;
#1462 = CARTESIAN_POINT ( 'NONE',  ( 308.1844952591000000, 90.18714900321296600, -35.81655977642999700 ) ) ;
#1463 = VERTEX_POINT ( 'NONE', #6933 ) ;
#1464 = CARTESIAN_POINT ( 'NONE',  ( 299.9998895331850100, 91.48464248340955900, -51.00807419949693200 ) ) ;
#1465 = CARTESIAN_POINT ( 'NONE',  ( 311.6565320605467900, 92.63433179001222600, -26.49604726916648900 ) ) ;
#1466 =( LENGTH_UNIT ( ) NAMED_UNIT ( * ) SI_UNIT ( .MILLI., .METRE. ) );
#1467 = FILL_AREA_STYLE_COLOUR ( '', #1722 ) ;
#1468 = CARTESIAN_POINT ( 'NONE',  ( 285.1551859679999600, 89.94361320256997800, -35.88294566400000500 ) ) ;
#1469 = CARTESIAN_POINT ( 'NONE',  ( 308.1265313782316200, 85.46874564475999100, -45.80319128101214700 ) ) ;
#1470 = EDGE_LOOP ( 'NONE', ( #5246, #5594, #214, #2060, #5231, #6763 ) ) ;
#1471 = EDGE_LOOP ( 'NONE', ( #6467, #4854, #2616, #6233 ) ) ;
#1472 = DIRECTION ( 'NONE',  ( 0.0000000000000000000, 0.0000000000000000000, -1.000000000000000000 ) ) ;
#1474 = ADVANCED_FACE ( 'NONE', ( #1524 ), #2922, .T. ) ;
#1473 = CARTESIAN_POINT ( 'NONE',  ( 274.2643520836613800, 90.88169270650986700, -27.19087812737983300 ) ) ;
#1475 = EDGE_CURVE ( 'NONE', #5803, #5843, #3174, .T. ) ;
#1476 = ORIENTED_EDGE ( 'NONE', *, *, #3316, .F. ) ;
#1477 = CARTESIAN_POINT ( 'NONE',  ( 292.9477927503631300, 85.46874564476000600, -45.78471214359781500 ) ) ;
#1478 = CARTESIAN_POINT ( 'NONE',  ( 303.2713455348655300, 94.75280682078985700, -42.54613496722431900 ) ) ;
#1479 = CYLINDRICAL_SURFACE ( 'NONE', #3015, 0.5999999999999894300 ) ;
#1480 = CARTESIAN_POINT ( 'NONE',  ( 294.9580162473000100, 101.0000000000000000, -45.38707779753000400 ) ) ;
#1481 = CARTESIAN_POINT ( 'NONE',  ( 271.7307801825069200, 88.51567108849739900, -46.21150335549506800 ) ) ;
#1482 = CARTESIAN_POINT ( 'NONE',  ( 277.6583981814245000, 91.01771310317074900, -43.09013787993428200 ) ) ;
#1483 = CARTESIAN_POINT ( 'NONE',  ( 327.0062749853544200, 89.23377115357682500, -51.93308521880165100 ) ) ;
#1484 = CARTESIAN_POINT ( 'NONE',  ( 302.8252106567063000, 93.26648654239170400, -53.69542712595575300 ) ) ;
#1485 = CARTESIAN_POINT ( 'NONE',  ( 313.2111266023465500, 91.54840839654210100, -37.15094950906754400 ) ) ;
#1486 = CARTESIAN_POINT ( 'NONE',  ( 272.7075125042642900, 88.53204075240783800, -30.75590536555632700 ) ) ;
#1487 = CARTESIAN_POINT ( 'NONE',  ( 299.2194168874921200, 91.79442219561320800, -30.46385163651156300 ) ) ;
#1488 = EDGE_CURVE ( 'NONE', #2364, #4538, #5837, .T. ) ;
#1489 = CARTESIAN_POINT ( 'NONE',  ( 304.4045346940751500, 91.45191237758946600, -47.95518029428754400 ) ) ;
#1490 = SURFACE_SIDE_STYLE ('',( #76 ) ) ;
#1491 = CARTESIAN_POINT ( 'NONE',  ( 285.1072412288582400, 93.07270875293738800, -35.97334424037194400 ) ) ;
#1492 = CARTESIAN_POINT ( 'NONE',  ( 300.2258069538999100, 93.22550379589003500, -53.53453446357999500 ) ) ;
#1493 = CARTESIAN_POINT ( 'NONE',  ( 275.1016100311250100, 90.91588662903383500, -26.37674436786494800 ) ) ;
#1494 = B_SPLINE_CURVE_WITH_KNOTS ( 'NONE', 3,
 ( #5752, #5200, #1755, #3989, #1210, #556, #2291, #31, #6350, #5801, #2361, #2795, #6819, #3369, #530, #677 ),
 .UNSPECIFIED., .F., .F.,
 ( 4, 2, 2, 1, 1, 1, 1, 2, 2, 4 ),
 ( 0.0000000000000000000, 0.2499999999999114000, 0.3749999999998671100, 0.4374999999998450100, 0.4687499999998339100, 0.4843749999998284200, 0.4921874999998256400, 0.4960937499998242500, 0.4999999999998229200, 1.000000000000000000 ),
 .UNSPECIFIED. ) ;
#1495 = DIRECTION ( 'NONE',  ( 0.0000000000000000000, 0.0000000000000000000, 1.000000000000000000 ) ) ;
#1496 = EDGE_CURVE ( 'NONE', #1407, #5965, #63, .T. ) ;
#1497 = EDGE_CURVE ( 'NONE', #3359, #4879, #3810, .T. ) ;
#1498 = CARTESIAN_POINT ( 'NONE',  ( 299.8474631249951000, 91.48447852890883800, -25.67216573624048300 ) ) ;
#1499 = VECTOR ( 'NONE', #3255, 1000.000000000000000 ) ;
#1500 = B_SPLINE_CURVE_WITH_KNOTS ( 'NONE', 3,
 ( #2118, #6155, #387, #4379 ),
 .UNSPECIFIED., .F., .F.,
 ( 4, 4 ),
 ( 0.0000000000000000000, 1.000000000000000000 ),
 .UNSPECIFIED. ) ;
#1501 = CARTESIAN_POINT ( 'NONE',  ( 327.1694480863338900, 87.63380170034999100, -34.27164908768863700 ) ) ;
#1502 = CARTESIAN_POINT ( 'NONE',  ( 271.9706893224899900, 88.51499281233070300, -47.77847366505178400 ) ) ;
#1503 = AXIS2_PLACEMENT_3D ( 'NONE', #5627, #4578, #7411 ) ;
#1504 = CARTESIAN_POINT ( 'NONE',  ( 285.3386063549064600, 93.07890922595110800, -27.68225863159326700 ) ) ;
#1505 = CARTESIAN_POINT ( 'NONE',  ( 322.1711448366474400, 88.54085296164827000, -42.31635622666291900 ) ) ;
#1506 = DIRECTION ( 'NONE',  ( -2.958040007489801000E-005, -0.9999999995624999600, -4.299967285754899600E-010 ) ) ;
#1507 = VERTEX_POINT ( 'NONE', #834 ) ;
#1508 = LINE ( 'NONE', #4298, #27 ) ;
#1509 = CARTESIAN_POINT ( 'NONE',  ( 289.2524077058229200, 85.46874564475999100, -45.30076484783842300 ) ) ;
#1510 = CARTESIAN_POINT ( 'NONE',  ( 303.8489036784999900, 94.79898831007003000, -42.45903385533001300 ) ) ;
#1511 = CARTESIAN_POINT ( 'NONE',  ( 317.4227024266123700, 88.95095925492532300, -24.61655085152243000 ) ) ;
#1512 = CARTESIAN_POINT ( 'NONE',  ( 313.3558297399744700, 91.54326115993590900, -36.98805849004020300 ) ) ;
#1513 = ADVANCED_FACE ( 'NONE', ( #3671, #5761 ), #1866, .T. ) ;
#1514 = ORIENTED_EDGE ( 'NONE', *, *, #3170, .T. ) ;
#1515 = CARTESIAN_POINT ( 'NONE',  ( 326.7362227550032100, 88.47131927097154900, -25.51945490378673800 ) ) ;
#1516 = CARTESIAN_POINT ( 'NONE',  ( 299.4152821965000200, 91.81031599323000600, -54.27514561112998600 ) ) ;
#1517 = ORIENTED_EDGE ( 'NONE', *, *, #2630, .T. ) ;
#1518 = CARTESIAN_POINT ( 'NONE',  ( 291.6149357952352300, 91.40992583677898200, -45.51911555269489900 ) ) ;
#1519 = FACE_OUTER_BOUND ( 'NONE', #7204, .T. ) ;
#1520 =( LENGTH_UNIT ( ) NAMED_UNIT ( * ) SI_UNIT ( .MILLI., .METRE. ) );
#1521 = CARTESIAN_POINT ( 'NONE',  ( 298.3763156048000300, 93.75817510442004700, -39.82230072516000500 ) ) ;
#1522 = CARTESIAN_POINT ( 'NONE',  ( 284.3214630365968700, 89.99286592953851000, -37.12728625676712800 ) ) ;
#1523 = VERTEX_POINT ( 'NONE', #2017 ) ;
#1524 = FACE_OUTER_BOUND ( 'NONE', #1119, .T. ) ;
#1525 = CARTESIAN_POINT ( 'NONE',  ( 299.8983156058308200, 91.48417444970797900, -25.67216573624048300 ) ) ;
#1526 = CARTESIAN_POINT ( 'NONE',  ( 326.1904744975259400, 92.49233636931057800, -25.63091409439768500 ) ) ;
#1527 = CARTESIAN_POINT ( 'NONE',  ( 273.8025248602218700, 92.41928645365479200, -54.14865334953742600 ) ) ;
#1528 = ORIENTED_EDGE ( 'NONE', *, *, #5024, .F. ) ;
#1529 = CIRCLE ( 'NONE', #156, 1.500000000000001300 ) ;
#1530 = CARTESIAN_POINT ( 'NONE',  ( 321.4697186458367900, 88.54085296164831200, -36.95785484353962100 ) ) ;
#1531 = EDGE_CURVE ( 'NONE', #1349, #3971, #2078, .T. ) ;
#1532 = CARTESIAN_POINT ( 'NONE',  ( 312.0589703881630000, 91.34190033541465000, -53.20480487953789600 ) ) ;
#1533 = VERTEX_POINT ( 'NONE', #1969 ) ;
#1534 = CYLINDRICAL_SURFACE ( 'NONE', #1143, 313.1642095832426700 ) ;
#1535 = CARTESIAN_POINT ( 'NONE',  ( 281.2567929964366200, 92.95532495509027600, -37.53967328821618600 ) ) ;
#1536 = VERTEX_POINT ( 'NONE', #5431 ) ;
#1537 = EDGE_LOOP ( 'NONE', ( #6315, #5003, #7313, #3694 ) ) ;
#1538 = VERTEX_POINT ( 'NONE', #1944 ) ;
#1539 = ORIENTED_EDGE ( 'NONE', *, *, #83, .T. ) ;
#1540 = CARTESIAN_POINT ( 'NONE',  ( 302.9553071054441500, 93.26593463978844100, -52.83398914995540700 ) ) ;
#1541 = CARTESIAN_POINT ( 'NONE',  ( 327.8064384626000600, 87.63380170035026100, -34.83130146022000400 ) ) ;
#1542 = CARTESIAN_POINT ( 'NONE',  ( 304.5438182262498100, 91.45066382415298300, -47.51903812481583600 ) ) ;
#1543 = CARTESIAN_POINT ( 'NONE',  ( 291.7974074907800200, 91.41262664476424500, -46.91231162768515600 ) ) ;
#1544 = ORIENTED_EDGE ( 'NONE', *, *, #532, .F. ) ;
#1545 = FILL_AREA_STYLE_COLOUR ( '', #4273 ) ;
#1546 = CARTESIAN_POINT ( 'NONE',  ( 273.6137997381133600, 92.60839273945238400, -53.97835305920433800 ) ) ;
#1547 = VERTEX_POINT ( 'NONE', #3080 ) ;
#1548 = ORIENTED_EDGE ( 'NONE', *, *, #1139, .T. ) ;
#1549 = EDGE_CURVE ( 'NONE', #2276, #7114, #6340, .T. ) ;
#1550 = VERTEX_POINT ( 'NONE', #1419 ) ;
#1551 = CARTESIAN_POINT ( 'NONE',  ( 298.3669498031999900, 93.75817242949003100, -52.79364143767001100 ) ) ;
#1552 = CARTESIAN_POINT ( 'NONE',  ( 271.8728691240150400, 87.63380170034997700, -34.77459618270992800 ) ) ;
#1553 = B_SPLINE_CURVE_WITH_KNOTS ( 'NONE', 3,
 ( #7419, #1184, #3426, #1770 ),
 .UNSPECIFIED., .F., .F.,
 ( 4, 4 ),
 ( 0.0000000000000000000, 1.000000000000000000 ),
 .UNSPECIFIED. ) ;
#1554 = CARTESIAN_POINT ( 'NONE',  ( 311.6654056464357200, 93.15057733548658800, -37.83929315618259200 ) ) ;
#1555 = ADVANCED_FACE ( 'NONE', ( #4223 ), #6062, .T. ) ;
#1556 = CARTESIAN_POINT ( 'NONE',  ( 326.1811352538605300, 92.65384343477235500, -25.78238466476957700 ) ) ;
#1557 = CARTESIAN_POINT ( 'NONE',  ( 273.5565570127403700, 92.52447970814296200, -53.85605690286416100 ) ) ;
#1558 = CARTESIAN_POINT ( 'NONE',  ( 318.9284642484188900, 88.54085296218984500, -37.46334177183474200 ) ) ;
#1559 = CARTESIAN_POINT ( 'NONE',  ( 318.5257074904357100, 91.16174270804187100, -53.20655328471299600 ) ) ;
#1560 = PRODUCT_DEFINITION_FORMATION_WITH_SPECIFIED_SOURCE ( '任何', '', #2290, .NOT_KNOWN. ) ;
#1562 = ORIENTED_EDGE ( 'NONE', *, *, #3217, .F. ) ;
#1561 = CARTESIAN_POINT ( 'NONE',  ( 328.3809173704000300, 87.63380170034999100, -34.38351656706338800 ) ) ;
#1563 = ORIENTED_EDGE ( 'NONE', *, *, #1852, .F. ) ;
#1564 = CARTESIAN_POINT ( 'NONE',  ( 300.0000073331830200, 93.11482237704491600, -24.71971111550668400 ) ) ;
#1565 = CARTESIAN_POINT ( 'NONE',  ( 301.7299591734044400, 93.27115622501990800, -53.26404767208195100 ) ) ;
#1566 = CARTESIAN_POINT ( 'NONE',  ( 272.8306112809169100, 88.54383599240831900, -31.04098865067748400 ) ) ;
#1567 = CARTESIAN_POINT ( 'NONE',  ( 327.8064916797453100, 87.63380178244428000, -43.52232455711595100 ) ) ;
#1568 = CARTESIAN_POINT ( 'NONE',  ( 328.2685764339891000, 88.50648760141527300, -47.46561187814849300 ) ) ;
#1569 = DIRECTION ( 'NONE',  ( 0.0000000000000000000, 0.0000000000000000000, 1.000000000000000000 ) ) ;
#1570 = CARTESIAN_POINT ( 'NONE',  ( 325.4114974460725900, 90.89512629061572100, -27.11462933524218900 ) ) ;
#1571 = PLANE ( 'NONE',  #1912 ) ;
#1572 = CARTESIAN_POINT ( 'NONE',  ( 271.6526483622981800, 87.63380170034999100, -34.54946910856626400 ) ) ;
#1573 = CARTESIAN_POINT ( 'NONE',  ( 285.1008241130724100, 93.07258487975207100, -28.64072128917981500 ) ) ;
#1574 = CARTESIAN_POINT ( 'NONE',  ( 299.8474631249951000, 91.48447852890883800, -53.37316752307952300 ) ) ;
#1575 = EDGE_CURVE ( 'NONE', #2699, #6487, #7092, .T. ) ;
#1576 = CARTESIAN_POINT ( 'NONE',  ( 309.5232371153504100, 85.46874564475999100, -48.25599908648101900 ) ) ;
#1577 = CARTESIAN_POINT ( 'NONE',  ( 292.0071844110873400, 85.46874564476000600, -44.56061404194389300 ) ) ;
#1578 = CARTESIAN_POINT ( 'NONE',  ( 295.1525611361501500, 90.27704509639993100, -33.66385164295018500 ) ) ;
#1579 = CARTESIAN_POINT ( 'NONE',  ( 287.3022388372058300, 93.12773376134404700, -26.48840439824367000 ) ) ;
#1580 = CARTESIAN_POINT ( 'NONE',  ( 320.7106338112649800, 88.54085149582466800, -42.68243872475490300 ) ) ;
#1581 = ORIENTED_EDGE ( 'NONE', *, *, #5824, .F. ) ;
#1582 = CARTESIAN_POINT ( 'NONE',  ( 326.4125413850492800, 92.52594836347276400, -25.89581987331916200 ) ) ;
#1583 = CARTESIAN_POINT ( 'NONE',  ( 275.7985277201472600, 90.94403575165695500, -40.97182010667342000 ) ) ;
#1584 = CARTESIAN_POINT ( 'NONE',  ( 270.5836507103399500, 88.29053449430159600, -23.94361116193283600 ) ) ;
#1585 = CARTESIAN_POINT ( 'NONE',  ( 279.2893541882143000, 92.88493240549442500, -36.80654941580921500 ) ) ;
#1586 = CARTESIAN_POINT ( 'NONE',  ( 305.5122911759813200, 93.24618484497627000, -50.86208038933396800 ) ) ;
#1587 = DIRECTION ( 'NONE',  ( -1.000000000000000000, 0.0000000000000000000, 0.0000000000000000000 ) ) ;
#1588 = ADVANCED_FACE ( 'NONE', ( #2683 ), #3850, .F. ) ;
#1589 = CARTESIAN_POINT ( 'NONE',  ( 326.1921070308518400, 92.49392034199971100, -25.63217978428314200 ) ) ;
#1590 = CARTESIAN_POINT ( 'NONE',  ( 326.2261655214454100, 92.46047702247129500, -54.13921681198755900 ) ) ;
#1591 = EDGE_CURVE ( 'NONE', #569, #3359, #1500, .T. ) ;
#1592 = CARTESIAN_POINT ( 'NONE',  ( 327.3552696129816000, 87.63380170035002000, -47.69552842077080600 ) ) ;
#1593 = CARTESIAN_POINT ( 'NONE',  ( 295.1525640025625400, 90.27705998057369600, -30.46385161857751800 ) ) ;
#1594 = DIRECTION ( 'NONE',  ( 0.0000000000000000000, 0.0000000000000000000, -1.000000000000000000 ) ) ;
#1595 = ORIENTED_EDGE ( 'NONE', *, *, #984, .F. ) ;
#1596 = LINE ( 'NONE', #3449, #6005 ) ;
#1597 = B_SPLINE_CURVE_WITH_KNOTS ( 'NONE', 3,
 ( #3571, #163, #784, #4806 ),
 .UNSPECIFIED., .F., .F.,
 ( 4, 4 ),
 ( 0.0000000000000000000, 1.000000000000000000 ),
 .UNSPECIFIED. ) ;
#1598 = CARTESIAN_POINT ( 'NONE',  ( 313.8998714613999300, 99.00000000000000000, -39.35807779752999400 ) ) ;
#1599 = EDGE_CURVE ( 'NONE', #2887, #1550, #5398, .T. ) ;
#1600 = CARTESIAN_POINT ( 'NONE',  ( 299.9999972479878400, 93.04259395005242100, -53.98439982557882600 ) ) ;
#1601 = VERTEX_POINT ( 'NONE', #1011 ) ;
#1602 = CARTESIAN_POINT ( 'NONE',  ( 299.9998714613999500, 100.9999999999999700, -41.60807779753000100 ) ) ;
#1603 = CIRCLE ( 'NONE', #4899, 5.750000000000560400 ) ;
#1604 = CARTESIAN_POINT ( 'NONE',  ( 272.0852652596058800, 88.49303912903747000, -30.52257440059866800 ) ) ;
#1605 = AXIS2_PLACEMENT_3D ( 'NONE', #5280, #181, #724 ) ;
#1606 = CARTESIAN_POINT ( 'NONE',  ( 285.1041622360129400, 93.07262559505133500, -28.49737805164554800 ) ) ;
#1607 = CARTESIAN_POINT ( 'NONE',  ( 273.5474594197140700, 92.48931805575948300, -25.79323708654570500 ) ) ;
#1608 = DIRECTION ( 'NONE',  ( -1.000000000000000000, 0.0000000000000000000, 0.0000000000000000000 ) ) ;
#1609 = ORIENTED_EDGE ( 'NONE', *, *, #5925, .F. ) ;
#1610 = CARTESIAN_POINT ( 'NONE',  ( 326.2653798446754600, 92.56451288688131700, -54.11721861308579700 ) ) ;
#1611 = PRODUCT_DEFINITION_SHAPE ( 'NONE', 'NONE',  #4020 ) ;
#1612 = CARTESIAN_POINT ( 'NONE',  ( 311.6385061008891700, 91.60180601048504900, -37.81291344840071400 ) ) ;
#1613 = ORIENTED_EDGE ( 'NONE', *, *, #2882, .F. ) ;
#1614 = LINE ( 'NONE', #6602, #817 ) ;
#1615 = CARTESIAN_POINT ( 'NONE',  ( 326.1587619981697800, 89.31114492779185800, -25.63989881346405400 ) ) ;
#1616 = DIRECTION ( 'NONE',  ( 0.0000000000000000000, 0.0000000000000000000, 1.000000000000000000 ) ) ;
#1617 = CARTESIAN_POINT ( 'NONE',  ( 308.1850199171445300, 91.69534327513903800, -30.51655977121929200 ) ) ;
#1618 = CARTESIAN_POINT ( 'NONE',  ( 271.5568483062804100, 88.52930690034466500, -34.33121500654227300 ) ) ;
#1619 = CARTESIAN_POINT ( 'NONE',  ( 287.3269498455016400, 91.60169504369434900, -37.81291281726434800 ) ) ;
#1620 = ORIENTED_EDGE ( 'NONE', *, *, #5075, .F. ) ;
#1621 = FACE_OUTER_BOUND ( 'NONE', #3507, .T. ) ;
#1622 = CARTESIAN_POINT ( 'NONE',  ( 313.5873361978160600, 93.10641365832069000, -27.57908761481782300 ) ) ;
#1623 = CARTESIAN_POINT ( 'NONE',  ( 290.2717395882874000, 91.38780278453987200, -45.62254636374022000 ) ) ;
#1624 = EDGE_CURVE ( 'NONE', #7130, #6042, #4412, .T. ) ;
#1625 = CARTESIAN_POINT ( 'NONE',  ( 271.6759342797572000, 87.63380170034997700, -34.59389964805759400 ) ) ;
#1626 = CARTESIAN_POINT ( 'NONE',  ( 319.0386041222428700, 91.14040058674926600, -43.07928474432611700 ) ) ;
#1627 = CARTESIAN_POINT ( 'NONE',  ( 313.8998714613999300, 99.00000000000000000, -53.25807779752999200 ) ) ;
#1628 = EDGE_LOOP ( 'NONE', ( #3448, #433, #2779, #4777 ) ) ;
#1629 = ORIENTED_EDGE ( 'NONE', *, *, #6902, .T. ) ;
#1631 = ADVANCED_FACE ( 'NONE', ( #4608 ), #1571, .T. ) ;
#1630 = CARTESIAN_POINT ( 'NONE',  ( 299.4844584190360000, 90.29636623704873000, -30.48590868077904000 ) ) ;
#1632 = CARTESIAN_POINT ( 'NONE',  ( 310.5993345656465300, 85.46874564475999100, -47.53714367726470200 ) ) ;
#1633 = CARTESIAN_POINT ( 'NONE',  ( 327.2002240400565300, 87.63380170035000600, -34.42295385153319400 ) ) ;
#1634 = CARTESIAN_POINT ( 'NONE',  ( 299.9999972893081100, 93.27370097337463100, -53.74779289863616300 ) ) ;
#1635 = VERTEX_POINT ( 'NONE', #5608 ) ;
#1636 = CARTESIAN_POINT ( 'NONE',  ( 314.7456919227282100, 90.41798281721492000, -25.37902358418393300 ) ) ;
#1637 = AXIS2_PLACEMENT_3D ( 'NONE', #3994, #6285, #6862 ) ;
#1638 = ORIENTED_EDGE ( 'NONE', *, *, #4834, .T. ) ;
#1639 = CARTESIAN_POINT ( 'NONE',  ( 317.8861289556106200, 88.54085296218983100, -39.02330677767992700 ) ) ;
#1640 = CARTESIAN_POINT ( 'NONE',  ( 327.0196434963160100, 88.46954808130932700, -26.30621733183579300 ) ) ;
#1641 = ORIENTED_EDGE ( 'NONE', *, *, #1353, .T. ) ;
#1642 = CARTESIAN_POINT ( 'NONE',  ( 301.1272014535993000, 101.0000000000000100, -41.45525626898377400 ) ) ;
#1643 = CARTESIAN_POINT ( 'NONE',  ( 275.9822772957641100, 90.95142046948205900, -41.41451761811288200 ) ) ;
#1644 = CARTESIAN_POINT ( 'NONE',  ( 273.0214412850000400, 89.12599221709003000, -25.94641591844000000 ) ) ;
#1645 = CARTESIAN_POINT ( 'NONE',  ( 326.3461910433607600, 89.35350573005959500, -25.71756198395992100 ) ) ;
#1646 = CARTESIAN_POINT ( 'NONE',  ( 270.8713560851850300, 88.17826504321601500, -54.81409873043352100 ) ) ;
#1647 = CARTESIAN_POINT ( 'NONE',  ( 310.5241383596259700, 91.63534701038956600, -34.45842632717528900 ) ) ;
#1648 = ORIENTED_EDGE ( 'NONE', *, *, #7210, .T. ) ;
#1649 = ORIENTED_EDGE ( 'NONE', *, *, #1137, .F. ) ;
#1650 = CARTESIAN_POINT ( 'NONE',  ( 326.0970387059229000, 89.29237247554922900, -25.62403211886741900 ) ) ;
#1651 = CARTESIAN_POINT ( 'NONE',  ( 326.1812482868356800, 92.65322468071930500, -44.53590518716762900 ) ) ;
#1652 = CARTESIAN_POINT ( 'NONE',  ( 311.7887039847361700, 91.59697880318439900, -37.80838910103292200 ) ) ;
#1653 = EDGE_CURVE ( 'NONE', #2263, #3873, #3749, .T. ) ;
#1654 = ORIENTED_EDGE ( 'NONE', *, *, #2121, .T. ) ;
#1655 = ORIENTED_EDGE ( 'NONE', *, *, #4417, .T. ) ;
#1656 = B_SPLINE_CURVE_WITH_KNOTS ( 'NONE', 3,
 ( #6703, #2705, #3790, #4368, #2656, #1532, #6684, #7317, #917, #7215, #995, #373, #4391, #4936, #437, #5015, #5039, #1559, #2128, #6170 ),
 .UNSPECIFIED., .F., .F.,
 ( 4, 1, 1, 1, 1, 1, 1, 1, 1, 1, 1, 2, 2, 2, 4 ),
 ( 0.0000000000000000000, 0.2500000000244800800, 0.3750000000367169100, 0.4375000000428321300, 0.4687500000458897900, 0.4843750000474185700, 0.4921875000481861800, 0.4960937500485699300, 0.4980468750487586600, 0.4990234375488562000, 0.4995117187989082700, 0.4997558594239342500, 0.5000000000489602800, 0.7500000000244802000, 1.000000000000000000 ),
 .UNSPECIFIED. ) ;
#1657 = CARTESIAN_POINT ( 'NONE',  ( 272.9842233730203100, 88.54474535707217300, -52.26920374199693200 ) ) ;
#1658 = DIRECTION ( 'NONE',  ( 1.000000000000000000, 0.0000000000000000000, 0.0000000000000000000 ) ) ;
#1659 = ORIENTED_EDGE ( 'NONE', *, *, #548, .F. ) ;
#1660 = CARTESIAN_POINT ( 'NONE',  ( 327.3174544492030100, 87.63380170034999100, -34.62795288701240500 ) ) ;
#1661 = CARTESIAN_POINT ( 'NONE',  ( 328.0296527805705300, 88.55375893930450100, -43.57538216341635700 ) ) ;
#1662 = ORIENTED_EDGE ( 'NONE', *, *, #5583, .F. ) ;
#1663 = CARTESIAN_POINT ( 'NONE',  ( 273.8456097503000100, 92.51376390784999200, -25.64281884108000000 ) ) ;
#1664 = FACE_OUTER_BOUND ( 'NONE', #5396, .T. ) ;
#1665 = B_SPLINE_CURVE_WITH_KNOTS ( 'NONE', 3,
 ( #125, #687, #4718, #4217, #5855, #2408, #2985, #7050, #6426, #4148 ),
 .UNSPECIFIED., .F., .F.,
 ( 4, 2, 2, 2, 4 ),
 ( 0.5000000000000000000, 0.6250000000000000000, 0.7500000000000000000, 0.8750000000000000000, 1.000000000000000000 ),
 .UNSPECIFIED. ) ;
#1666 = CARTESIAN_POINT ( 'NONE',  ( 277.0466498167912200, 92.79615483801961800, -37.81892249297252600 ) ) ;
#1667 = CARTESIAN_POINT ( 'NONE',  ( 322.0213293503312600, 87.04085002963991300, -40.53780412627669000 ) ) ;
#1668 = ORIENTED_EDGE ( 'NONE', *, *, #7302, .F. ) ;
#1669 = CARTESIAN_POINT ( 'NONE',  ( 272.8164872794171200, 88.59370975665963500, -43.92829660497854100 ) ) ;
#1670 = ADVANCED_FACE ( 'NONE', ( #1427, #4953 ), #6552, .F. ) ;
#1671 = CIRCLE ( 'NONE', #1984, 5.750000000000560400 ) ;
#1672 = CARTESIAN_POINT ( 'NONE',  ( 310.0872699002493400, 91.64748529040089400, -31.32205621105130100 ) ) ;
#1673 = CARTESIAN_POINT ( 'NONE',  ( 300.5425904355955100, 93.27452106046207800, -39.14902257609188800 ) ) ;
#1674 = CARTESIAN_POINT ( 'NONE',  ( 326.2722754512931300, 92.64890064329745200, -53.85574460482850200 ) ) ;
#1675 = CARTESIAN_POINT ( 'NONE',  ( 290.1951280567090000, 91.38658291990358900, -46.91755752029036600 ) ) ;
#1676 = PLANE ( 'NONE',  #5276 ) ;
#1677 = ORIENTED_EDGE ( 'NONE', *, *, #6992, .F. ) ;
#1678 = CARTESIAN_POINT ( 'NONE',  ( 309.8998714613991300, 101.0000000000000100, -41.35807779753041300 ) ) ;
#1679 = CARTESIAN_POINT ( 'NONE',  ( 272.2287858006000600, 87.55211661827999600, -43.52256193297000700 ) ) ;
#1680 = CARTESIAN_POINT ( 'NONE',  ( 308.1844952591000000, 90.18714900321296600, -33.16655977642999200 ) ) ;
#1681 = EDGE_CURVE ( 'NONE', #557, #5155, #7372, .T. ) ;
#1682 = CARTESIAN_POINT ( 'NONE',  ( 327.2910381287809400, 87.63380170035002000, -34.59601500645714400 ) ) ;
#1683 = CARTESIAN_POINT ( 'NONE',  ( 304.9884312227193800, 100.9999999999997200, -45.30807779753001100 ) ) ;
#1684 = CARTESIAN_POINT ( 'NONE',  ( 291.8922350184519700, 91.71888631015365000, -31.03681216332332900 ) ) ;
#1685 = CARTESIAN_POINT ( 'NONE',  ( 276.7086005395556200, 92.78197115929010900, -38.29168034570369600 ) ) ;
#1686 = CARTESIAN_POINT ( 'NONE',  ( 326.2722908873730000, 92.64890109054297800, -25.89521237747241900 ) ) ;
#1687 = LINE ( 'NONE', #3181, #1499 ) ;
#1688 = CARTESIAN_POINT ( 'NONE',  ( 276.0947662707795900, 90.95593423899976000, -37.93967193106245600 ) ) ;
#1689 = CARTESIAN_POINT ( 'NONE',  ( 326.1921070308518400, 92.49392034199971100, -25.63217978428314200 ) ) ;
#1690 = CARTESIAN_POINT ( 'NONE',  ( 272.9525603688836100, 88.65916123791922100, -37.27405332060961000 ) ) ;
#1691 = CARTESIAN_POINT ( 'NONE',  ( 308.9998714613997800, 85.46874564476088700, -48.30807779752999000 ) ) ;
#1692 = CARTESIAN_POINT ( 'NONE',  ( 308.9419391813085600, 91.67796392438424400, -30.62386986230073300 ) ) ;
#1693 = CARTESIAN_POINT ( 'NONE',  ( 271.5568525687260700, 88.52929954218657800, -34.32994921162170200 ) ) ;
#1694 = EDGE_CURVE ( 'NONE', #5939, #6848, #615, .T. ) ;
#1695 = VERTEX_POINT ( 'NONE', #1151 ) ;
#1696 = CARTESIAN_POINT ( 'NONE',  ( 327.6436979642191400, 87.63380170034999100, -47.83062645433320600 ) ) ;
#1697 = FACE_OUTER_BOUND ( 'NONE', #4152, .T. ) ;
#1698 = AXIS2_PLACEMENT_3D ( 'NONE', #7244, #7222, #3845 ) ;
#1699 = CARTESIAN_POINT ( 'NONE',  ( 273.5975157452599500, 92.54907935502747300, -25.78346848462747000 ) ) ;
#1700 = CARTESIAN_POINT ( 'NONE',  ( 290.2513369878801700, 91.38745402268654100, -45.64459407521987800 ) ) ;
#1701 = ORIENTED_EDGE ( 'NONE', *, *, #6854, .T. ) ;
#1702 = CARTESIAN_POINT ( 'NONE',  ( 272.2309084876977200, 87.63380170034997700, -30.52256193296874900 ) ) ;
#1703 = ORIENTED_EDGE ( 'NONE', *, *, #176, .T. ) ;
#1704 = B_SPLINE_CURVE_WITH_KNOTS ( 'NONE', 3,
 ( #1797, #6396, #3112, #1573 ),
 .UNSPECIFIED., .F., .F.,
 ( 4, 4 ),
 ( 0.0000000000000000000, 1.000000000000000000 ),
 .UNSPECIFIED. ) ;
#1705 = FACE_BOUND ( 'NONE', #675, .T. ) ;
#1706 = EDGE_CURVE ( 'NONE', #7113, #3762, #3855, .T. ) ;
#1707 = CARTESIAN_POINT ( 'NONE',  ( 300.3188338338606500, 90.29546540291225700, -30.88621600805629400 ) ) ;
#1708 = CARTESIAN_POINT ( 'NONE',  ( 308.7368702003847100, 85.46874564476000600, -44.30822244823804100 ) ) ;
#1709 = CARTESIAN_POINT ( 'NONE',  ( 300.9425316683007200, 93.25839106311069300, -53.78693714304270700 ) ) ;
#1710 = CARTESIAN_POINT ( 'NONE',  ( 292.9096555157523800, 90.23936316271326100, -33.66388240908790400 ) ) ;
#1711 = VERTEX_POINT ( 'NONE', #105 ) ;
#1712 = VECTOR ( 'NONE', #4666, 1000.000000000000000 ) ;
#1713 = CARTESIAN_POINT ( 'NONE',  ( 325.7175193887050600, 88.59266035235293700, -53.22790589732872500 ) ) ;
#1714 = B_SPLINE_CURVE_WITH_KNOTS ( 'NONE', 3,
 ( #3709, #5986, #7103, #4811 ),
 .UNSPECIFIED., .F., .F.,
 ( 4, 4 ),
 ( 0.0000000000000000000, 1.000000000000000000 ),
 .UNSPECIFIED. ) ;
#1715 = DIRECTION ( 'NONE',  ( -0.0000000000000000000, 1.000000000000000000, 0.0000000000000000000 ) ) ;
#1716 = CARTESIAN_POINT ( 'NONE',  ( 326.1812291128348400, 92.65284107391194400, -53.85605105821031900 ) ) ;
#1717 = CARTESIAN_POINT ( 'NONE',  ( 310.9510062541518800, 91.36423676338672800, -45.79490639083176300 ) ) ;
#1718 = CARTESIAN_POINT ( 'NONE',  ( 291.0402363126999600, 93.43214102185999100, -24.43693462381000000 ) ) ;
#1719 = CARTESIAN_POINT ( 'NONE',  ( 327.4560102994335600, 88.52018603946780200, -30.58677548317355700 ) ) ;
#1720 = VERTEX_POINT ( 'NONE', #2485 ) ;
#1721 = ORIENTED_EDGE ( 'NONE', *, *, #6017, .F. ) ;
#1722 = COLOUR_RGB ( '',0.8117647058823529400, 0.8431372549019607900, 0.9098039215686274400 ) ;
#1723 = CARTESIAN_POINT ( 'NONE',  ( 309.4953318426393000, 91.66436264842261000, -35.47616710468135200 ) ) ;
#1724 =( NAMED_UNIT ( * ) PLANE_ANGLE_UNIT ( ) SI_UNIT ( $, .RADIAN. ) );
#1725 = CARTESIAN_POINT ( 'NONE',  ( 327.8437909354169600, 88.57253367073839500, -34.83153083834519500 ) ) ;
#1726 = ORIENTED_EDGE ( 'NONE', *, *, #3729, .T. ) ;
#1727 = ORIENTED_EDGE ( 'NONE', *, *, #402, .T. ) ;
#1728 = DIRECTION ( 'NONE',  ( -0.0000000000000000000, 1.000000000000000000, 0.0000000000000000000 ) ) ;
#1729 = ORIENTED_EDGE ( 'NONE', *, *, #3626, .T. ) ;
#1730 = EDGE_CURVE ( 'NONE', #4278, #4265, #2852, .T. ) ;
#1731 = CARTESIAN_POINT ( 'NONE',  ( 272.7523109323142300, 87.63380170034997700, -30.82273076045890300 ) ) ;
#1732 = CARTESIAN_POINT ( 'NONE',  ( 314.7382106986302100, 89.98920916656281600, -29.61385166599422200 ) ) ;
#1733 = ORIENTED_EDGE ( 'NONE', *, *, #1160, .F. ) ;
#1734 =( BOUNDED_SURFACE ( )  B_SPLINE_SURFACE ( 3, 3, ( 
 ( #2703, #5013, #6143, #4419 ),
 ( #5620, #2155, #5065, #4493 ),
 ( #465, #6189, #2729, #4992 ),
 ( #3333, #1607, #5642, #5565 ) ),
 .UNSPECIFIED., .F., .F., .F. ) 
 B_SPLINE_SURFACE_WITH_KNOTS ( ( 4, 4 ),
 ( 4, 4 ),
 ( 0.0000000000000000000, 1.000000000000000000 ),
 ( 0.0000000000000000000, 1.000000000000000000 ),
 .UNSPECIFIED. ) 
 GEOMETRIC_REPRESENTATION_ITEM ( )  RATIONAL_B_SPLINE_SURFACE ( (
 ( 1.000000000000000000, 0.9029904468376751500, 0.9029904468376751500, 1.000000000000000000),
 ( 0.9270893713216594700, 0.8371528456682045800, 0.8371528456682045800, 0.9270893713216594700),
 ( 0.9270893713216594700, 0.8371528456682045800, 0.8371528456682045800, 0.9270893713216594700),
 ( 1.000000000000000000, 0.9029904468376751500, 0.9029904468376751500, 1.000000000000000000) ) ) 
 REPRESENTATION_ITEM ( '' )  SURFACE ( )  );
#1735 = CARTESIAN_POINT ( 'NONE',  ( 300.8197400883257700, 90.29400706670887200, -31.87617705414830400 ) ) ;
#1736 = EDGE_LOOP ( 'NONE', ( #78, #5949, #7379, #5817, #3578 ) ) ;
#1737 = ORIENTED_EDGE ( 'NONE', *, *, #6260, .T. ) ;
#1738 = EDGE_LOOP ( 'NONE', ( #6397, #130, #6497, #1376, #2615, #3512, #6134, #1703, #4900, #2198, #1548, #178, #6937, #1197, #6322 ) ) ;
#1739 = CARTESIAN_POINT ( 'NONE',  ( 291.5157993057550800, 91.40521919800346500, -44.37105279096680700 ) ) ;
#1740 = CARTESIAN_POINT ( 'NONE',  ( 321.9043752937308800, 92.83882675900444800, -37.05165686603503200 ) ) ;
#1741 = CARTESIAN_POINT ( 'NONE',  ( 326.4125413850492800, 92.52594836347276400, -25.89581987331916200 ) ) ;
#1742 = CARTESIAN_POINT ( 'NONE',  ( 292.0055093790264200, 91.72110243308277700, -30.91501824830751500 ) ) ;
#1743 = CARTESIAN_POINT ( 'NONE',  ( 276.6166511817637600, 92.77807365296796100, -41.10096618494290500 ) ) ;
#1744 = EDGE_CURVE ( 'NONE', #5214, #4960, #2237, .T. ) ;
#1745 = CARTESIAN_POINT ( 'NONE',  ( 309.8911627001552300, 91.38332144327253600, -44.51264867858567000 ) ) ;
#1746 = CARTESIAN_POINT ( 'NONE',  ( 273.2546836539999600, 92.42926337911998800, -25.65396185128999900 ) ) ;
#1747 = CARTESIAN_POINT ( 'NONE',  ( 326.8485510750284100, 89.39809027166307900, -52.53709193150496800 ) ) ;
#1748 = CARTESIAN_POINT ( 'NONE',  ( 272.2309084876999900, 87.63380170034952200, -31.12256193296999400 ) ) ;
#1749 = CARTESIAN_POINT ( 'NONE',  ( 285.5041859872424100, 91.53942407532852600, -27.48059969827051000 ) ) ;
#1750 = CARTESIAN_POINT ( 'NONE',  ( 275.7957298486634300, 90.94392315566669500, -38.60089609340883500 ) ) ;
#1751 = CARTESIAN_POINT ( 'NONE',  ( 320.5143002269512600, 88.54085002964015400, -38.28237565571992500 ) ) ;
#1752 = EDGE_CURVE ( 'NONE', #6347, #5215, #4361, .T. ) ;
#1753 = B_SPLINE_CURVE_WITH_KNOTS ( 'NONE', 3,
 ( #1329, #5917, #6418, #4209, #4139, #701, #4164, #159, #2455, #4731, #5348, #1275, #1841, #5874, #2427, #6442, #4181, #6468 ),
 .UNSPECIFIED., .F., .F.,
 ( 4, 2, 2, 2, 2, 2, 2, 2, 4 ),
 ( 0.0000000000000000000, 0.1250000000000002200, 0.2500000000000004400, 0.3750000000000006700, 0.5000000000000008900, 0.6250000000000011100, 0.7500000000000013300, 0.8750000000000006700, 1.000000000000000000 ),
 .UNSPECIFIED. ) ;
#1754 = EDGE_LOOP ( 'NONE', ( #769, #3019, #5600, #5061, #1609, #3744, #4969, #650 ) ) ;
#1755 = CARTESIAN_POINT ( 'NONE',  ( 276.2302482021305500, 88.67436862494770400, -55.00962184364154000 ) ) ;
#1756 = LINE ( 'NONE', #3497, #504 ) ;
#1757 = CARTESIAN_POINT ( 'NONE',  ( 292.8730476438813100, 93.22987712973007000, -47.23899668363332400 ) ) ;
#1758 = CARTESIAN_POINT ( 'NONE',  ( 298.8724994031771900, 101.0000000000000100, -41.45513804394893500 ) ) ;
#1759 = CARTESIAN_POINT ( 'NONE',  ( 327.7693346828656300, 87.63380165710715600, -30.52256228126452300 ) ) ;
#1760 = B_SPLINE_CURVE_WITH_KNOTS ( 'NONE', 3,
 ( #167, #3609, #6525, #4149 ),
 .UNSPECIFIED., .F., .F.,
 ( 4, 4 ),
 ( 0.0000000000000000000, 1.000000000000000000 ),
 .UNSPECIFIED. ) ;
#1761 = CARTESIAN_POINT ( 'NONE',  ( 309.5210975976475000, 91.38950735047421900, -44.35881570952241000 ) ) ;
#1762 = CARTESIAN_POINT ( 'NONE',  ( 273.4263073039999800, 89.68674718094001700, -26.67703576111000500 ) ) ;
#1763 = CARTESIAN_POINT ( 'NONE',  ( 273.7878221570339900, 92.65129892399664900, -25.89804785763167400 ) ) ;
#1764 = CARTESIAN_POINT ( 'NONE',  ( 279.2893471838999100, 91.07979218722353200, -36.10227207265000300 ) ) ;
#1765 = EDGE_CURVE ( 'NONE', #4463, #6009, #1614, .T. ) ;
#1766 = CARTESIAN_POINT ( 'NONE',  ( 328.3954117362729900, 87.63380170034999100, -34.22972748567834600 ) ) ;
#1767 = ORIENTED_EDGE ( 'NONE', *, *, #6238, .F. ) ;
#1768 = CARTESIAN_POINT ( 'NONE',  ( 307.0487486784841200, 91.42435792503792400, -46.82132786922031900 ) ) ;
#1769 = CARTESIAN_POINT ( 'NONE',  ( 271.7902212336043100, 87.63380170034999100, -43.89517266747959900 ) ) ;
#1770 = CARTESIAN_POINT ( 'NONE',  ( 284.2307120942351200, 89.98920800594791600, -29.61385166601314400 ) ) ;
#1771 = EDGE_LOOP ( 'NONE', ( #1528, #652, #7399, #1439 ) ) ;
#1772 = ADVANCED_FACE ( 'NONE', ( #6733 ), #5931, .F. ) ;
#1773 = AXIS2_PLACEMENT_3D ( 'NONE', #2012, #6634, #2639 ) ;
#1774 = CARTESIAN_POINT ( 'NONE',  ( 292.8076696947393900, 93.22884491532971700, -46.35937319613447000 ) ) ;
#1775 = EDGE_CURVE ( 'NONE', #1367, #4706, #5224, .T. ) ;
#1776 = ORIENTED_EDGE ( 'NONE', *, *, #1599, .T. ) ;
#1777 = LINE ( 'NONE', #2895, #4118 ) ;
#1778 = CARTESIAN_POINT ( 'NONE',  ( 272.0036844644001200, 87.55211678053999000, -30.52256193296999200 ) ) ;
#1779 = CARTESIAN_POINT ( 'NONE',  ( 273.2799945345308300, 88.47116944181118500, -25.47130240839191000 ) ) ;
#1780 = B_SPLINE_CURVE_WITH_KNOTS ( 'NONE', 3,
 ( #5090, #5111, #5664, #4570, #1124, #6247, #2771, #5737, #2235, #2850 ),
 .UNSPECIFIED., .F., .F.,
 ( 4, 2, 2, 2, 4 ),
 ( 0.0000000000000000000, 0.2500000000000000000, 0.5000000000000000000, 0.7500000000000000000, 1.000000000000000000 ),
 .UNSPECIFIED. ) ;
#1781 = CARTESIAN_POINT ( 'NONE',  ( 297.2698524870195300, 94.75734567466767500, -50.47992771007596200 ) ) ;
#1782 = DIRECTION ( 'NONE',  ( -0.0000000000000000000, 1.000000000000000000, 0.0000000000000000000 ) ) ;
#1783 = ORIENTED_EDGE ( 'NONE', *, *, #4644, .T. ) ;
#1784 = CARTESIAN_POINT ( 'NONE',  ( 286.0998714613970700, 100.1715728752540100, -39.35807779752423800 ) ) ;
#1785 = CARTESIAN_POINT ( 'NONE',  ( 327.7684344961099300, 88.50149692698920500, -30.52254270383724900 ) ) ;
#1786 = CARTESIAN_POINT ( 'NONE',  ( 299.9999978235173300, 93.25563134100522700, -53.79496148710477100 ) ) ;
#1787 = EDGE_CURVE ( 'NONE', #1205, #3199, #2147, .T. ) ;
#1788 = CARTESIAN_POINT ( 'NONE',  ( 326.1109256324201100, 88.49938072896550500, -25.20326432809523400 ) ) ;
#1789 = B_SPLINE_CURVE_WITH_KNOTS ( 'NONE', 3,
 ( #1168, #6292, #2880, #1640 ),
 .UNSPECIFIED., .F., .F.,
 ( 4, 4 ),
 ( 0.0000000000000000000, 1.000000000000000000 ),
 .UNSPECIFIED. ) ;
#1790 = ORIENTED_EDGE ( 'NONE', *, *, #2379, .T. ) ;
#1791 = CYLINDRICAL_SURFACE ( 'NONE', #1299, 2.199999999995879900 ) ;
#1792 = CARTESIAN_POINT ( 'NONE',  ( 328.0400658393217600, 87.63380170034997700, -47.71852909210134200 ) ) ;
#1793 = CARTESIAN_POINT ( 'NONE',  ( 285.1288496117154000, 91.52542747554332400, -28.61373719278195100 ) ) ;
#1794 = B_SPLINE_CURVE_WITH_KNOTS ( 'NONE', 3,
 ( #726, #182, #1895, #2964 ),
 .UNSPECIFIED., .F., .F.,
 ( 4, 4 ),
 ( 0.0000000000000000000, 1.000000000000000000 ),
 .UNSPECIFIED. ) ;
#1795 = CARTESIAN_POINT ( 'NONE',  ( 308.1208436698714800, 91.41396490923176500, -46.80249213006265300 ) ) ;
#1796 = VERTEX_POINT ( 'NONE', #5381 ) ;
#1797 = CARTESIAN_POINT ( 'NONE',  ( 285.1288496117154000, 91.52542747554332400, -28.61373719278195100 ) ) ;
#1798 = FACE_OUTER_BOUND ( 'NONE', #1771, .T. ) ;
#1799 = DIRECTION ( 'NONE',  ( 0.0000000000000000000, 0.0000000000000000000, 1.000000000000000000 ) ) ;
#1800 = CARTESIAN_POINT ( 'NONE',  ( 272.9491607021648700, 88.46498299555922500, -26.15163063087237200 ) ) ;
#1801 = ORIENTED_EDGE ( 'NONE', *, *, #3807, .T. ) ;
#1802 = ORIENTED_EDGE ( 'NONE', *, *, #7387, .T. ) ;
#1803 = CARTESIAN_POINT ( 'NONE',  ( 326.5086251505270000, 88.55429582521041700, -52.96476533207482600 ) ) ;
#1804 = ORIENTED_EDGE ( 'NONE', *, *, #55, .T. ) ;
#1805 = CARTESIAN_POINT ( 'NONE',  ( 313.8511082279812900, 93.09984382355813200, -35.92798774602064800 ) ) ;
#1806 = CARTESIAN_POINT ( 'NONE',  ( 320.2267482304091000, 87.04085002963999800, -36.10245321981245300 ) ) ;
#1807 = CARTESIAN_POINT ( 'NONE',  ( 326.9040550649226600, 89.34026955403767500, -52.42570993204881100 ) ) ;
#1808 = EDGE_LOOP ( 'NONE', ( #1662, #132 ) ) ;
#1809 = DIRECTION ( 'NONE',  ( -0.0000000000000000000, 1.000000000000000000, 0.0000000000000000000 ) ) ;
#1810 = CARTESIAN_POINT ( 'NONE',  ( 301.6135315302685200, 93.27119479665962800, -39.33795916096595100 ) ) ;
#1811 = CARTESIAN_POINT ( 'NONE',  ( 327.8440861844353000, 88.57817225671607300, -34.23130146022001700 ) ) ;
#1812 = ORIENTED_EDGE ( 'NONE', *, *, #975, .F. ) ;
#1813 = CARTESIAN_POINT ( 'NONE',  ( 324.2952173969180800, 87.04085002963999800, -38.81990179604481700 ) ) ;
#1814 = VERTEX_POINT ( 'NONE', #4721 ) ;
#1815 = AXIS2_PLACEMENT_3D ( 'NONE', #5926, #3549, #735 ) ;
#1816 = EDGE_LOOP ( 'NONE', ( #4073, #319, #211, #730, #2550, #7291 ) ) ;
#1817 = CARTESIAN_POINT ( 'NONE',  ( 272.0882072901060300, 87.94475018450528100, -34.83130146022000400 ) ) ;
#1818 = VERTEX_POINT ( 'NONE', #3147 ) ;
#1819 = CARTESIAN_POINT ( 'NONE',  ( 327.1690857907755700, 87.63380170034754700, -31.12255276975985300 ) ) ;
#1820 = CARTESIAN_POINT ( 'NONE',  ( 314.7606589895842700, 91.27537720177248600, -29.61385166519893300 ) ) ;
#1821 = PLANE ( 'NONE',  #6427 ) ;
#1822 = ORIENTED_EDGE ( 'NONE', *, *, #2471, .F. ) ;
#1823 = B_SPLINE_CURVE_WITH_KNOTS ( 'NONE', 3,
 ( #6520, #3026, #782, #1970 ),
 .UNSPECIFIED., .F., .F.,
 ( 4, 4 ),
 ( 0.0000000000000000000, 0.9999997331921166600 ),
 .UNSPECIFIED. ) ;
#1824 = CARTESIAN_POINT ( 'NONE',  ( 295.5022786866197200, 94.73432538702636000, -48.51399725374673700 ) ) ;
#1825 = EDGE_CURVE ( 'NONE', #1547, #4873, #1193, .T. ) ;
#1826 = CARTESIAN_POINT ( 'NONE',  ( 324.7346533924687700, 90.92268359389018400, -26.37653155822051700 ) ) ;
#1827 = VERTEX_POINT ( 'NONE', #5624 ) ;
#1828 = CARTESIAN_POINT ( 'NONE',  ( 305.0243341992949100, 91.44620069827730900, -39.73465865222127000 ) ) ;
#1829 = VERTEX_POINT ( 'NONE', #3940 ) ;
#1830 = CARTESIAN_POINT ( 'NONE',  ( 282.7801830634156200, 91.20158608075566100, -38.59298051822523200 ) ) ;
#1831 = B_SPLINE_CURVE_WITH_KNOTS ( 'NONE', 3,
 ( #6089, #4334, #6007, #5987, #947, #371, #7209, #4933, #3728, #3683, #1408, #2538, #863, #4386, #1428, #6554, #1478, #1979, #4306, #1454, #3176, #3092, #261, #5464, #2634, #2005, #6035, #2561, #2579, #6605, #3149, #7181, #316, #5486, #2028, #2604, #6061, #6626, #3754, #341, #912, #7232, #2125, #3247, #3329, #7340, #2700 ),
 .UNSPECIFIED., .F., .F.,
 ( 4, 2, 2, 2, 2, 2, 1, 1, 2, 2, 2, 2, 1, 2, 2, 1, 1, 1, 2, 2, 2, 2, 2, 1, 1, 1, 2, 4 ),
 ( 0.0000000000000000000, 0.06251459106086672300, 0.1250291821217334500, 0.1406578298869483900, 0.1426114108576003200, 0.1435882013429233300, 0.1445649918282463400, 0.1484721537695652400, 0.1562864776522029900, 0.1875437731827513400, 0.2500583642438464800, 0.2813156597743941000, 0.2852228217157165000, 0.2857112169583785900, 0.2861996122010406200, 0.2871764026863761200, 0.2891299836570471200, 0.2969443075397221700, 0.3125729553050745100, 0.3750875463665109800, 0.4376021374279475100, 0.4688594329586650600, 0.4844880807240244400, 0.4923024046067034400, 0.4962095665480429400, 0.4981631475187127100, 0.4991399380040470500, 0.5001167284893813800 ),
 .UNSPECIFIED. ) ;
#1832 = DIRECTION ( 'NONE',  ( 0.0000000000000000000, 0.0000000000000000000, 1.000000000000000000 ) ) ;
#1833 = CARTESIAN_POINT ( 'NONE',  ( 319.2106497678000200, 87.04085002963991300, -39.78237565572000300 ) ) ;
#1834 = CARTESIAN_POINT ( 'NONE',  ( 328.2234482848022600, 87.63380126864875300, -47.33120466397420500 ) ) ;
#1835 = B_SPLINE_CURVE_WITH_KNOTS ( 'NONE', 3,
 ( #6722, #909, #4384, #5536, #3350, #1254 ),
 .UNSPECIFIED., .F., .F.,
 ( 4, 2, 4 ),
 ( 0.0000000000000000000, 0.5000000000000000000, 1.000000000000000000 ),
 .UNSPECIFIED. ) ;
#1836 = PLANE ( 'NONE',  #3093 ) ;
#1837 = EDGE_CURVE ( 'NONE', #6378, #2100, #2593, .T. ) ;
#1838 = VECTOR ( 'NONE', #7058, 1000.000000000000000 ) ;
#1839 = CARTESIAN_POINT ( 'NONE',  ( 327.1694909384901800, 88.56732757563573000, -47.42819078581112500 ) ) ;
#1840 = CARTESIAN_POINT ( 'NONE',  ( 299.9999972479878400, 93.04259395005242100, -53.98439982557882600 ) ) ;
#1841 = CARTESIAN_POINT ( 'NONE',  ( 306.0649869984858400, 90.23929569817713100, -31.53841822331269300 ) ) ;
#1842 = CARTESIAN_POINT ( 'NONE',  ( 292.0020988522322200, 91.41203326812787100, -44.57189532374195600 ) ) ;
#1843 = CARTESIAN_POINT ( 'NONE',  ( 302.5782955354000000, 93.26542599070001000, -53.04872494854999600 ) ) ;
#1844 = CARTESIAN_POINT ( 'NONE',  ( 296.1137048545472200, 94.74487215528886000, -49.42932772991835600 ) ) ;
#1845 = CARTESIAN_POINT ( 'NONE',  ( 311.9559338174642000, 93.14424600187430800, -37.84041235206282700 ) ) ;
#1846 = CARTESIAN_POINT ( 'NONE',  ( 270.7125035453044000, 88.38343358839982500, -54.97018324393106100 ) ) ;
#1847 = CARTESIAN_POINT ( 'NONE',  ( 320.9069993086494600, 88.54085002964014000, -38.28237565572000300 ) ) ;
#1848 = CARTESIAN_POINT ( 'NONE',  ( 314.0385982190787200, 90.01685309649430200, -38.35707426042337400 ) ) ;
#1849 = CARTESIAN_POINT ( 'NONE',  ( 317.8709616638753900, 92.98425976503944000, -38.86988823816859900 ) ) ;
#1850 = DIRECTION ( 'NONE',  ( -0.01745240636745365400, -0.9998476951576101800, 0.0000000000000000000 ) ) ;
#1851 = CARTESIAN_POINT ( 'NONE',  ( 282.0604779683951100, 91.17796753136923400, -37.34894112081186500 ) ) ;
#1852 = EDGE_CURVE ( 'NONE', #7026, #1963, #567, .T. ) ;
#1853 = CARTESIAN_POINT ( 'NONE',  ( 313.3889262693246600, 93.26095303139618400, -25.00347442505685100 ) ) ;
#1854 = CYLINDRICAL_SURFACE ( 'NONE', #2070, 0.5499999999999949400 ) ;
#1855 = CARTESIAN_POINT ( 'NONE',  ( 327.8163035237120100, 87.63380170034997700, -47.82512876201673900 ) ) ;
#1856 = CARTESIAN_POINT ( 'NONE',  ( 327.2273859806625200, 88.56299608983094600, -47.56769675025266500 ) ) ;
#1857 = ORIENTED_EDGE ( 'NONE', *, *, #6948, .T. ) ;
#1858 = CARTESIAN_POINT ( 'NONE',  ( 307.9998746961222200, 91.41581806592056100, -46.43174434643890400 ) ) ;
#1859 = CYLINDRICAL_SURFACE ( 'NONE', #1287, 1.600000000000045800 ) ;
#1860 = ORIENTED_EDGE ( 'NONE', *, *, #4782, .T. ) ;
#1861 = CARTESIAN_POINT ( 'NONE',  ( 295.7620217941691300, 91.45832913353916600, -53.37269047207578200 ) ) ;
#1862 = PLANE ( 'NONE',  #4311 ) ;
#1863 = CARTESIAN_POINT ( 'NONE',  ( 285.0469424370999100, 91.67623757572998500, -28.61638348030000500 ) ) ;
#1864 = CARTESIAN_POINT ( 'NONE',  ( 323.6870103055825300, 92.76510135179141500, -39.66034598044633000 ) ) ;
#1865 = EDGE_CURVE ( 'NONE', #5383, #1161, #7397, .T. ) ;
#1866 = PLANE ( 'NONE',  #2918 ) ;
#1867 = CARTESIAN_POINT ( 'NONE',  ( 272.9492051241987300, 88.46766274946892800, -26.30819092959728800 ) ) ;
#1868 = EDGE_LOOP ( 'NONE', ( #3070, #6043, #2855, #4126 ) ) ;
#1869 = VECTOR ( 'NONE', #3025, 1000.000000000000000 ) ;
#1870 = B_SPLINE_CURVE_WITH_KNOTS ( 'NONE', 3,
 ( #6365, #671, #4660, #1206, #4033, #5275, #6346, #3488, #6950, #6389, #5796, #2891, #2396, #109, #5745, #2933, #2352, #581, #5834, #2861, #1749, #2913, #3539, #4605, #6968, #5174 ),
 .UNSPECIFIED., .F., .F.,
 ( 4, 2, 1, 1, 2, 2, 2, 2, 2, 1, 1, 2, 2, 2, 4 ),
 ( 0.0000000000000000000, 0.007812499999985463000, 0.01562499999997092600, 0.03124999999994233800, 0.06249999999982715200, 0.1249999999996528900, 0.2499999999993048900, 0.4999999999986074500, 0.5078124999986143300, 0.5156249999986212100, 0.5312499999986597400, 0.5624999999987595500, 0.6249999999989337400, 0.7499999999992845700, 1.000000000000000000 ),
 .UNSPECIFIED. ) ;
#1871 = CARTESIAN_POINT ( 'NONE',  ( 297.9356921988156700, 94.76297360690620100, -41.73919168682511600 ) ) ;
#1872 = CARTESIAN_POINT ( 'NONE',  ( 287.7083125421453400, 91.33665946593647800, -39.73477139100797500 ) ) ;
#1873 = CARTESIAN_POINT ( 'NONE',  ( 270.8780861440623100, 88.39178317944676200, -55.06449211735414200 ) ) ;
#1874 = CARTESIAN_POINT ( 'NONE',  ( 273.5340009693999800, 92.54587259858001900, -54.14573623825000200 ) ) ;
#1875 = EDGE_LOOP ( 'NONE', ( #7202, #4406, #418, #4072 ) ) ;
#1876 = LINE ( 'NONE', #2045, #4773 ) ;
#1877 = CARTESIAN_POINT ( 'NONE',  ( 300.4988834229063700, 91.79259770602520500, -31.08057744012888100 ) ) ;
#1878 = EDGE_CURVE ( 'NONE', #1507, #2862, #5136, .T. ) ;
#1879 = DIRECTION ( 'NONE',  ( -0.0000000000000000000, 0.9998476951223029800, -0.01745240839019827900 ) ) ;
#1880 = CARTESIAN_POINT ( 'NONE',  ( 320.7107888368655000, 87.04085002964060900, -43.46250850532353400 ) ) ;
#1881 = EDGE_CURVE ( 'NONE', #4706, #3965, #4987, .T. ) ;
#1882 = CARTESIAN_POINT ( 'NONE',  ( 271.6075074587999400, 87.55084090820003000, -34.40910007734000000 ) ) ;
#1883 = CARTESIAN_POINT ( 'NONE',  ( 328.4241629011355600, 88.49252617364780300, -32.15438182288439600 ) ) ;
#1884 = B_SPLINE_CURVE_WITH_KNOTS ( 'NONE', 3,
 ( #1372, #4794, #1935, #5367 ),
 .UNSPECIFIED., .F., .F.,
 ( 4, 4 ),
 ( 0.0000000000000000000, 1.000000000000000000 ),
 .UNSPECIFIED. ) ;
#1885 = ORIENTED_EDGE ( 'NONE', *, *, #4331, .F. ) ;
#1886 = EDGE_LOOP ( 'NONE', ( #2701, #5238, #5914 ) ) ;
#1887 = CARTESIAN_POINT ( 'NONE',  ( 272.5428798955972000, 88.59295990593777500, -34.76614954353118500 ) ) ;
#1888 = ADVANCED_FACE ( 'NONE', ( #36 ), #4552, .F. ) ;
#1889 = CARTESIAN_POINT ( 'NONE',  ( 308.6776811105548300, 91.40522624049965800, -45.35239578128295100 ) ) ;
#1890 = CARTESIAN_POINT ( 'NONE',  ( 327.0062992621823800, 89.23375770020754800, -43.51929667870334100 ) ) ;
#1891 = VERTEX_POINT ( 'NONE', #2242 ) ;
#1892 = FACE_OUTER_BOUND ( 'NONE', #2502, .T. ) ;
#1893 = ORIENTED_EDGE ( 'NONE', *, *, #2253, .F. ) ;
#1894 = VERTEX_POINT ( 'NONE', #3461 ) ;
#1895 = CARTESIAN_POINT ( 'NONE',  ( 327.0178927188241600, 88.59872341614055800, -33.69296992048219200 ) ) ;
#1896 = DIRECTION ( 'NONE',  ( -0.0006135099081478564300, 0.01745240641693220800, 0.9998475069308574400 ) ) ;
#1897 = CARTESIAN_POINT ( 'NONE',  ( 271.7538443097822100, 87.63380170035000600, -30.69124568511960000 ) ) ;
#1898 = EDGE_LOOP ( 'NONE', ( #1654, #4510, #3887, #943, #4444, #6573, #1812, #4132, #2846, #5537, #4254, #7394, #2318 ) ) ;
#1899 = CARTESIAN_POINT ( 'NONE',  ( 324.1184119642979300, 90.94760082100972900, -38.38181367059321800 ) ) ;
#1900 = CARTESIAN_POINT ( 'NONE',  ( 271.6037988335129400, 87.63381791714714100, -34.32741766239244900 ) ) ;
#1901 = EDGE_LOOP ( 'NONE', ( #6102, #2183, #3867, #4222 ) ) ;
#1902 = VERTEX_POINT ( 'NONE', #1150 ) ;
#1903 = DIRECTION ( 'NONE',  ( 0.5647786315923119000, -0.8043322228491601700, -0.1845935334274864900 ) ) ;
#1904 = AXIS2_PLACEMENT_3D ( 'NONE', #6810, #3944, #1074 ) ;
#1905 = CARTESIAN_POINT ( 'NONE',  ( 282.4222365193999700, 93.08984848089002600, -53.88798160436000000 ) ) ;
#1906 = CARTESIAN_POINT ( 'NONE',  ( 313.3259673606359600, 91.54431105276746900, -27.30276459109277500 ) ) ;
#1907 = DIRECTION ( 'NONE',  ( 4.578140479582088600E-018, -4.641500017676413300E-006, -0.9999999999892283900 ) ) ;
#1908 = CARTESIAN_POINT ( 'NONE',  ( 284.2975983153488600, 91.24847931892598800, -37.14449427553078900 ) ) ;
#1909 = ORIENTED_EDGE ( 'NONE', *, *, #92, .F. ) ;
#1910 = CARTESIAN_POINT ( 'NONE',  ( 327.9827865879609600, 87.63380170034997700, -34.80197384677783400 ) ) ;
#1911 = CARTESIAN_POINT ( 'NONE',  ( 287.1141126613337100, 91.09471209194529700, -35.72243326472273800 ) ) ;
#1912 = AXIS2_PLACEMENT_3D ( 'NONE', #1468, #3444, #66 ) ;
#1913 = CARTESIAN_POINT ( 'NONE',  ( 322.0213293503315400, 87.04085002963991300, -39.02694718516408300 ) ) ;
#1914 = EDGE_CURVE ( 'NONE', #3335, #6653, #6211, .T. ) ;
#1915 = CARTESIAN_POINT ( 'NONE',  ( 320.3606868345341400, 89.06171871810016700, -37.16885117904841700 ) ) ;
#1916 = CARTESIAN_POINT ( 'NONE',  ( 270.7624965641627500, 88.29714121192681400, -23.70963704840938700 ) ) ;
#1917 = CARTESIAN_POINT ( 'NONE',  ( 304.2163290992371000, 91.45356803303633300, -44.22538350234644600 ) ) ;
#1918 = CARTESIAN_POINT ( 'NONE',  ( 295.7727703675051900, 91.45347646397512200, -44.23001467377349600 ) ) ;
#1919 = CARTESIAN_POINT ( 'NONE',  ( 309.9997987285466900, 85.46874564475999100, -46.17583625931039400 ) ) ;
#1920 = CARTESIAN_POINT ( 'NONE',  ( 323.4612524442104000, 92.77475727692375100, -38.63837602468873900 ) ) ;
#1921 = CARTESIAN_POINT ( 'NONE',  ( 300.0371135808000000, 93.84489179210000000, -52.93893191418001000 ) ) ;
#1922 = ORIENTED_EDGE ( 'NONE', *, *, #4597, .F. ) ;
#1923 = CARTESIAN_POINT ( 'NONE',  ( 271.7839134583689400, 87.63380170034999100, -30.66153926755342200 ) ) ;
#1924 = CARTESIAN_POINT ( 'NONE',  ( 305.8334512586632700, 91.74098987809841800, -31.89925092810897000 ) ) ;
#1925 = B_SPLINE_CURVE_WITH_KNOTS ( 'NONE', 3,
 ( #4091, #1766, #5221, #4675 ),
 .UNSPECIFIED., .F., .F.,
 ( 4, 4 ),
 ( 0.0000000000000000000, 1.000000000000000000 ),
 .UNSPECIFIED. ) ;
#1926 = EDGE_CURVE ( 'NONE', #4436, #3546, #6866, .T. ) ;
#1927 = ADVANCED_FACE ( 'NONE', ( #2863 ), #2989, .T. ) ;
#1928 = CARTESIAN_POINT ( 'NONE',  ( 308.7495969946288600, 91.40167908614445500, -39.73352201178763500 ) ) ;
#1929 = CARTESIAN_POINT ( 'NONE',  ( 329.2625793863942400, 88.29613096712708400, -23.73135449826445200 ) ) ;
#1930 = DIRECTION ( 'NONE',  ( -0.0000000000000000000, 1.000000000000000000, 0.0000000000000000000 ) ) ;
#1931 = CARTESIAN_POINT ( 'NONE',  ( 318.5232712840389700, 92.96274556391006200, -41.80954410937286500 ) ) ;
#1932 = CARTESIAN_POINT ( 'NONE',  ( 299.9998714613999500, 100.9999999999999700, -46.30807779752999700 ) ) ;
#1933 = AXIS2_PLACEMENT_3D ( 'NONE', #3182, #5495, #3872 ) ;
#1934 = CARTESIAN_POINT ( 'NONE',  ( 279.7754480293699000, 91.09777751540691800, -43.43818271621224600 ) ) ;
#1935 = CARTESIAN_POINT ( 'NONE',  ( 272.9517433130044400, 88.61300187262109800, -51.92845974784847100 ) ) ;
#1936 = CARTESIAN_POINT ( 'NONE',  ( 322.1716087828024200, 88.54085002964015400, -40.17499748225908000 ) ) ;
#1937 = CARTESIAN_POINT ( 'NONE',  ( 290.4008564612000200, 93.15784490778001700, -53.95688812037999300 ) ) ;
#1938 = CARTESIAN_POINT ( 'NONE',  ( 293.0793906163619300, 91.74053624182560900, -33.66342211880864700 ) ) ;
#1939 = PRODUCT_DEFINITION_FORMATION_WITH_SPECIFIED_SOURCE ( '任何', '', #95, .NOT_KNOWN. ) ;
#1940 = CARTESIAN_POINT ( 'NONE',  ( 327.1689494756935200, 88.56863864671790100, -47.28130143115608100 ) ) ;
#1941 = ORIENTED_EDGE ( 'NONE', *, *, #6357, .F. ) ;
#1942 = B_SPLINE_CURVE_WITH_KNOTS ( 'NONE', 3,
 ( #3314, #2759, #2221, #6794 ),
 .UNSPECIFIED., .F., .F.,
 ( 4, 4 ),
 ( 0.0000000000000000000, 1.000000000000000000 ),
 .UNSPECIFIED. ) ;
#1943 = CARTESIAN_POINT ( 'NONE',  ( 325.0606057671000700, 91.28765469844998400, -26.85365709628000600 ) ) ;
#1944 = CARTESIAN_POINT ( 'NONE',  ( 299.2194168874921200, 91.79442219561320800, -30.46385163651156300 ) ) ;
#1945 = CARTESIAN_POINT ( 'NONE',  ( 301.6953581776999700, 93.84893256251999100, -52.75352267935998900 ) ) ;
#1946 = CARTESIAN_POINT ( 'NONE',  ( 304.9227019001537500, 94.72977336429542600, -47.08582209092276800 ) ) ;
#1947 = CARTESIAN_POINT ( 'NONE',  ( 292.7718754709000000, 89.50000000000001400, -53.53607779752999800 ) ) ;
#1948 = CARTESIAN_POINT ( 'NONE',  ( 295.6212186149245400, 94.73621691525902100, -43.93017291611639100 ) ) ;
#1949 = CARTESIAN_POINT ( 'NONE',  ( 272.2809084036684900, 87.63380170030491500, -43.52256676955618500 ) ) ;
#1950 = CARTESIAN_POINT ( 'NONE',  ( 327.1690857907000800, 88.11678143446999900, -34.23131928280100300 ) ) ;
#1951 = EDGE_LOOP ( 'NONE', ( #5694, #5750, #264, #658, #285, #6857 ) ) ;
#1952 = LINE ( 'NONE', #4918, #440 ) ;
#1953 = CARTESIAN_POINT ( 'NONE',  ( 313.4904021586592100, 91.53848071273091600, -27.52473529780451900 ) ) ;
#1954 = EDGE_CURVE ( 'NONE', #1963, #6474, #5561, .T. ) ;
#1955 = CARTESIAN_POINT ( 'NONE',  ( 309.6928407289675500, 91.38852977133109300, -45.58707096094279600 ) ) ;
#1956 = ORIENTED_EDGE ( 'NONE', *, *, #1442, .F. ) ;
#1957 = CIRCLE ( 'NONE', #5012, 6.950000000000011700 ) ;
#1958 = CARTESIAN_POINT ( 'NONE',  ( 281.5666023166424500, 93.02174970708628600, -53.75930655480648600 ) ) ;
#1959 = CARTESIAN_POINT ( 'NONE',  ( 272.9574606233274500, 88.94054635871648900, -51.92655366052254400 ) ) ;
#1960 = CARTESIAN_POINT ( 'NONE',  ( 271.6169780085732000, 89.76217450971849100, -54.48960229702224500 ) ) ;
#1961 = ADVANCED_FACE ( 'NONE', ( #4425 ), #5309, .F. ) ;
#1962 = CARTESIAN_POINT ( 'NONE',  ( 292.4949708325256700, 91.73064019893860200, -33.54406538676391100 ) ) ;
#1963 = VERTEX_POINT ( 'NONE', #3633 ) ;
#1964 = CARTESIAN_POINT ( 'NONE',  ( 311.2631167179129600, 91.35823669245938600, -39.73041890014708600 ) ) ;
#1965 = LINE ( 'NONE', #236, #1256 ) ;
#1966 = CARTESIAN_POINT ( 'NONE',  ( 309.1330230936529200, 85.46874564475997700, -47.30793133067547300 ) ) ;
#1967 = CARTESIAN_POINT ( 'NONE',  ( 322.2106497678000200, 88.54085002964006900, -39.78237565572013800 ) ) ;
#1968 = EDGE_CURVE ( 'NONE', #879, #3341, #1760, .T. ) ;
#1969 = CARTESIAN_POINT ( 'NONE',  ( 327.1690857907017900, 87.63380170028975200, -44.07256193106665200 ) ) ;
#1970 = CARTESIAN_POINT ( 'NONE',  ( 300.0000955711582300, 91.48340609100282000, -39.73401444539250300 ) ) ;
#1971 = VERTEX_POINT ( 'NONE', #5376 ) ;
#1972 = B_SPLINE_CURVE_WITH_KNOTS ( 'NONE', 3,
 ( #1725, #1178, #5773, #5249 ),
 .UNSPECIFIED., .F., .F.,
 ( 4, 4 ),
 ( 0.0000000000000000000, 1.000000000000000000 ),
 .UNSPECIFIED. ) ;
#1973 = CARTESIAN_POINT ( 'NONE',  ( 327.7690857907001600, 87.63380170034014300, -31.12256193296999400 ) ) ;
#1974 = LINE ( 'NONE', #5886, #4232 ) ;
#1975 = CARTESIAN_POINT ( 'NONE',  ( 299.9999972964811800, 91.77288922889192700, -54.28397342221406100 ) ) ;
#1976 = CARTESIAN_POINT ( 'NONE',  ( 329.3540054199346500, 88.29217674282533300, -23.81715445057614000 ) ) ;
#1977 = DIRECTION ( 'NONE',  ( -0.0000000000000000000, 1.000000000000000000, 0.0000000000000000000 ) ) ;
#1978 = CARTESIAN_POINT ( 'NONE',  ( 322.2106497678000200, 87.04085002963995500, -39.78237565572044300 ) ) ;
#1979 = CARTESIAN_POINT ( 'NONE',  ( 303.4833473263959700, 94.75037202866717200, -42.73822466063978000 ) ) ;
#1980 = ORIENTED_EDGE ( 'NONE', *, *, #776, .F. ) ;
#1981 = EDGE_CURVE ( 'NONE', #830, #2431, #518, .T. ) ;
#1982 = EDGE_LOOP ( 'NONE', ( #751, #1079, #3124, #6399, #1027 ) ) ;
#1983 = DIRECTION ( 'NONE',  ( -0.0000000000000000000, 1.000000000000000000, 0.0000000000000000000 ) ) ;
#1984 = AXIS2_PLACEMENT_3D ( 'NONE', #291, #6434, #1832 ) ;
#1985 = ORIENTED_EDGE ( 'NONE', *, *, #860, .F. ) ;
#1986 = ORIENTED_EDGE ( 'NONE', *, *, #6065, .T. ) ;
#1987 = CARTESIAN_POINT ( 'NONE',  ( 301.8837526471413600, 93.27070416427359600, -53.72976746026871800 ) ) ;
#1988 = ORIENTED_EDGE ( 'NONE', *, *, #935, .T. ) ;
#1989 = VERTEX_POINT ( 'NONE', #6476 ) ;
#1990 = ORIENTED_EDGE ( 'NONE', *, *, #5988, .T. ) ;
#1991 = CARTESIAN_POINT ( 'NONE',  ( 299.5077171081787200, 94.76874564476001700, -51.30731845679491000 ) ) ;
#1992 = DIRECTION ( 'NONE',  ( 0.0000000000000000000, 0.0000000000000000000, -1.000000000000000000 ) ) ;
#1993 = CARTESIAN_POINT ( 'NONE',  ( 299.2194166154920400, 91.79448991515968700, -33.66385163542315700 ) ) ;
#1994 = CARTESIAN_POINT ( 'NONE',  ( 272.9521455851973400, 88.57369995698947200, -47.04381539286242000 ) ) ;
#1995 = CARTESIAN_POINT ( 'NONE',  ( 300.0440362785001300, 93.25527675449002600, -53.79594278069998800 ) ) ;
#1996 = CARTESIAN_POINT ( 'NONE',  ( 303.3560141814015200, 94.75278576632894100, -50.00238185151451400 ) ) ;
#1997 = DIRECTION ( 'NONE',  ( 1.955934272815128700E-017, 0.8827467591026949600, -0.4698490814013460100 ) ) ;
#1998 = CARTESIAN_POINT ( 'NONE',  ( 313.8653536345227100, 93.09955675801862200, -28.68758523629560000 ) ) ;
#2000 = ADVANCED_FACE ( 'NONE', ( #3490 ), #1350, .F. ) ;
#1999 = CARTESIAN_POINT ( 'NONE',  ( 300.0000000247911800, 90.50318586093860100, -54.58354691465098100 ) ) ;
#2001 = EDGE_CURVE ( 'NONE', #7096, #5303, #1180, .T. ) ;
#2002 = DIRECTION ( 'NONE',  ( 0.8183964053820567100, 0.5746540904385248900, 0.0000000000000000000 ) ) ;
#2003 = VERTEX_POINT ( 'NONE', #7128 ) ;
#2004 = CARTESIAN_POINT ( 'NONE',  ( 327.1693528755607800, 88.59976484513096300, -34.23133097673119400 ) ) ;
#2005 = CARTESIAN_POINT ( 'NONE',  ( 304.2849350940627500, 94.73798360938488400, -43.76509396375173100 ) ) ;
#2006 = ORIENTED_EDGE ( 'NONE', *, *, #2219, .T. ) ;
#2007 = CARTESIAN_POINT ( 'NONE',  ( 328.1738008494925800, 87.63380170034999100, -47.54905841492495700 ) ) ;
#2008 = CARTESIAN_POINT ( 'NONE',  ( 289.2570265902954800, 91.36804858254794200, -45.29226435192060800 ) ) ;
#2009 = VECTOR ( 'NONE', #5660, 1000.000000000000000 ) ;
#2010 = AXIS2_PLACEMENT_3D ( 'NONE', #356, #2065, #6128 ) ;
#2011 = CARTESIAN_POINT ( 'NONE',  ( 322.0213293503313100, 88.54085002964012600, -40.53780412627650500 ) ) ;
#2012 = CARTESIAN_POINT ( 'NONE',  ( 311.6667521067103600, 93.19880102658289900, -35.64087459029571600 ) ) ;
#2013 = CARTESIAN_POINT ( 'NONE',  ( 293.0397930983180600, 91.73987940269238100, -33.66214703701545800 ) ) ;
#2014 = CARTESIAN_POINT ( 'NONE',  ( 287.3269498455016400, 91.60169504369434900, -37.81291281726434800 ) ) ;
#2015 = CARTESIAN_POINT ( 'NONE',  ( 300.0000879530449000, 91.48356220428632900, -53.20393052793885900 ) ) ;
#2016 = DIRECTION ( 'NONE',  ( -0.0000000000000000000, 1.000000000000000000, 0.0000000000000000000 ) ) ;
#2017 = CARTESIAN_POINT ( 'NONE',  ( 272.9913720688050500, 89.06870704344918000, -26.34478539796187500 ) ) ;
#2018 = CARTESIAN_POINT ( 'NONE',  ( 273.8695317367573200, 89.16672638714194900, -25.56051262565375400 ) ) ;
#2019 = B_SPLINE_CURVE_WITH_KNOTS ( 'NONE', 3,
 ( #4300, #3777, #5458, #7199 ),
 .UNSPECIFIED., .F., .F.,
 ( 4, 4 ),
 ( 0.0000000000000000000, 1.000000000000000000 ),
 .UNSPECIFIED. ) ;
#2020 = CARTESIAN_POINT ( 'NONE',  ( 300.0000879530449000, 91.48356220428632900, -53.20393052793885900 ) ) ;
#2021 = EDGE_CURVE ( 'NONE', #272, #4624, #1965, .T. ) ;
#2022 = CARTESIAN_POINT ( 'NONE',  ( 272.5578069068319000, 87.63380170034999100, -43.59598168037874900 ) ) ;
#2023 = B_SPLINE_CURVE_WITH_KNOTS ( 'NONE', 3,
 ( #810, #2180, #3827, #4488, #5032, #2148, #4954, #4411, #2722, #3243, #4438, #364 ),
 .UNSPECIFIED., .F., .F.,
 ( 4, 2, 2, 2, 2, 4 ),
 ( 0.0000000000000000000, 0.1250000000000039700, 0.2500000000000079400, 0.3750000000000118800, 0.5000000000000158800, 1.000000000000000000 ),
 .UNSPECIFIED. ) ;
#2024 = B_SPLINE_CURVE_WITH_KNOTS ( 'NONE', 3,
 ( #6165, #12, #4102, #2871 ),
 .UNSPECIFIED., .F., .F.,
 ( 4, 4 ),
 ( 0.9315178578914485900, 1.000000000000000000 ),
 .UNSPECIFIED. ) ;
#2025 = ORIENTED_EDGE ( 'NONE', *, *, #4111, .T. ) ;
#2026 = CARTESIAN_POINT ( 'NONE',  ( 273.7878196283335200, 92.65134180310340600, -53.85636865840679400 ) ) ;
#2027 = AXIS2_PLACEMENT_3D ( 'NONE', #5720, #3303, #2268 ) ;
#2028 = CARTESIAN_POINT ( 'NONE',  ( 304.8208521963938400, 94.73109208083786800, -45.01589362184287100 ) ) ;
#2029 = CARTESIAN_POINT ( 'NONE',  ( 289.9925033859250900, 85.46874564475996300, -44.56048095642128700 ) ) ;
#2030 = CARTESIAN_POINT ( 'NONE',  ( 327.0062904696309800, 89.23376685975868800, -51.92641615199479300 ) ) ;
#2031 = CARTESIAN_POINT ( 'NONE',  ( 280.6118691449750600, 92.93304293363991100, -42.45631811319469800 ) ) ;
#2032 = CARTESIAN_POINT ( 'NONE',  ( 307.0222110061973800, 93.22903037207216000, -44.95596078396909000 ) ) ;
#2033 = ADVANCED_FACE ( 'NONE', ( #7275 ), #1791, .F. ) ;
#2034 = CARTESIAN_POINT ( 'NONE',  ( 327.1688206126455000, 88.54550347862759500, -31.12253437069998800 ) ) ;
#2035 = CARTESIAN_POINT ( 'NONE',  ( 319.6855293913999400, 91.53637330533001700, -54.34370542215999900 ) ) ;
#2036 = LINE ( 'NONE', #1273, #2498 ) ;
#2037 = CARTESIAN_POINT ( 'NONE',  ( 285.1288288949479600, 91.52532898018985500, -35.71363672341336600 ) ) ;
#2038 = UNCERTAINTY_MEASURE_WITH_UNIT (LENGTH_MEASURE( 1.000000000000000100E-005 ), #7326, 'distance_accuracy_value', 'NONE');
#2039 = APPLICATION_CONTEXT ( 'automotive_design' ) ;
#2040 = CARTESIAN_POINT ( 'NONE',  ( 284.2307122166601500, 89.98919206247548200, -36.21177491662462000 ) ) ;
#2041 = ORIENTED_EDGE ( 'NONE', *, *, #3217, .T. ) ;
#2042 = LINE ( 'NONE', #87, #3933 ) ;
#2043 = CARTESIAN_POINT ( 'NONE',  ( 274.6935939472866700, 90.89924307910752100, -26.49045761484541100 ) ) ;
#2044 = ORIENTED_EDGE ( 'NONE', *, *, #4440, .T. ) ;
#2045 = CARTESIAN_POINT ( 'NONE',  ( 273.5565173387958600, 92.52447684744960600, -39.87714711452000000 ) ) ;
#2046 = LINE ( 'NONE', #3385, #3014 ) ;
#2047 = CARTESIAN_POINT ( 'NONE',  ( 313.8378784321329800, 91.52546389091860100, -28.71507605423880700 ) ) ;
#2048 = AXIS2_PLACEMENT_3D ( 'NONE', #681, #1253, #5281 ) ;
#2049 = CARTESIAN_POINT ( 'NONE',  ( 309.6645883644808900, 91.38902563906140100, -45.56087883292381900 ) ) ;
#2050 = EDGE_CURVE ( 'NONE', #280, #225, #5582, .T. ) ;
#2051 = CARTESIAN_POINT ( 'NONE',  ( 308.9998714614000100, 85.46874564476212300, -46.30807779752999700 ) ) ;
#2052 = CARTESIAN_POINT ( 'NONE',  ( 318.1685073372211700, 91.18122083170342800, -25.96931973564648300 ) ) ;
#2053 = ORIENTED_EDGE ( 'NONE', *, *, #1265, .F. ) ;
#2054 = CYLINDRICAL_SURFACE ( 'NONE', #3991, 0.5999999999845322400 ) ;
#2055 = CARTESIAN_POINT ( 'NONE',  ( 302.8320088246367700, 93.26645169455018400, -53.69518895756348800 ) ) ;
#2056 = CARTESIAN_POINT ( 'NONE',  ( 313.8378786383457900, 91.52544788096511800, -35.78868000001897100 ) ) ;
#2057 = CARTESIAN_POINT ( 'NONE',  ( 285.1008241130724100, 93.07258487975207100, -28.64072128917981500 ) ) ;
#2058 = CARTESIAN_POINT ( 'NONE',  ( 328.3947658410472200, 89.70285364139024900, -24.58707813079426800 ) ) ;
#2059 = CARTESIAN_POINT ( 'NONE',  ( 290.9998720579803800, 91.40038451955069800, -47.30807779752998200 ) ) ;
#2060 = ORIENTED_EDGE ( 'NONE', *, *, #1115, .F. ) ;
#2061 = VECTOR ( 'NONE', #3266, 1000.000000000000100 ) ;
#2062 = DIRECTION ( 'NONE',  ( 0.0000000000000000000, 0.0000000000000000000, 1.000000000000000000 ) ) ;
#2063 = DIRECTION ( 'NONE',  ( -0.0000000000000000000, -1.000000000000000000, -0.0000000000000000000 ) ) ;
#2064 = EDGE_CURVE ( 'NONE', #4534, #4538, #2559, .T. ) ;
#2065 = DIRECTION ( 'NONE',  ( -0.0004723942072370937000, 0.01745240643618148700, 0.9998475835612643500 ) ) ;
#2066 = CARTESIAN_POINT ( 'NONE',  ( 308.1993072216853900, 85.46874564476000600, -45.69453133466012700 ) ) ;
#2067 = B_SPLINE_CURVE_WITH_KNOTS ( 'NONE', 3,
 ( #1880, #4175, #1430, #1264, #6458, #6040, #2988, #6611, #3731, #744, #1813, #2468, #6486, #5832, #2393, #6410, #3009, #2953 ),
 .UNSPECIFIED., .F., .F.,
 ( 4, 2, 2, 2, 2, 2, 2, 2, 4 ),
 ( 0.0000000000000000000, 0.1250000000000000000, 0.2500000000000000000, 0.3750000000000000000, 0.5000000000000000000, 0.6250000000000000000, 0.7500000000000000000, 0.8750000000000000000, 1.000000000000000000 ),
 .UNSPECIFIED. ) ;
#2068 = CARTESIAN_POINT ( 'NONE',  ( 320.7106497678000200, 87.04085002963991300, -39.78237565572000300 ) ) ;
#2069 = ORIENTED_EDGE ( 'NONE', *, *, #5321, .F. ) ;
#2070 = AXIS2_PLACEMENT_3D ( 'NONE', #6925, #5270, #806 ) ;
#2071 = LINE ( 'NONE', #7264, #566 ) ;
#2072 = ORIENTED_EDGE ( 'NONE', *, *, #1115, .T. ) ;
#2073 = ORIENTED_EDGE ( 'NONE', *, *, #420, .T. ) ;
#2074 = ORIENTED_EDGE ( 'NONE', *, *, #2546, .F. ) ;
#2075 = ORIENTED_EDGE ( 'NONE', *, *, #484, .T. ) ;
#2077 = ADVANCED_FACE ( 'NONE', ( #4048 ), #111, .T. ) ;
#2076 = CARTESIAN_POINT ( 'NONE',  ( 312.6941459479000400, 91.39183297670000200, -53.37316752307952300 ) ) ;
#2078 = B_SPLINE_CURVE_WITH_KNOTS ( 'NONE', 3,
 ( #4351, #6054, #4846, #4297 ),
 .UNSPECIFIED., .F., .F.,
 ( 4, 4 ),
 ( 0.0000000000000000000, 1.000000000000000000 ),
 .UNSPECIFIED. ) ;
#2079 = CARTESIAN_POINT ( 'NONE',  ( 273.7878221570339900, 92.65129892399664900, -25.89804785763167400 ) ) ;
#2080 = EDGE_CURVE ( 'NONE', #4143, #6042, #3115, .T. ) ;
#2081 = VERTEX_POINT ( 'NONE', #6582 ) ;
#2082 = EDGE_LOOP ( 'NONE', ( #2175, #2808, #4464, #296, #542, #2949, #4032, #3591 ) ) ;
#2083 = CARTESIAN_POINT ( 'NONE',  ( 308.9998708636723000, 91.40038569221030700, -47.30807779752999000 ) ) ;
#2084 = ORIENTED_EDGE ( 'NONE', *, *, #1981, .F. ) ;
#2085 = DIRECTION ( 'NONE',  ( 0.05233755899203310100, -0.9986294507567635700, 6.322479613404926800E-014 ) ) ;
#2086 = PRODUCT_RELATED_PRODUCT_CATEGORY ( 'part', '', ( #2290 ) ) ;
#2087 = CARTESIAN_POINT ( 'NONE',  ( 289.7708055815986100, 85.46874564475999100, -47.90754090171480300 ) ) ;
#2088 = CARTESIAN_POINT ( 'NONE',  ( 306.2953574966999800, 94.23265801306999400, -46.30363826376999700 ) ) ;
#2089 = CARTESIAN_POINT ( 'NONE',  ( 281.9670762953952600, 92.97899335729286500, -41.09885187380396600 ) ) ;
#2090 = CARTESIAN_POINT ( 'NONE',  ( 270.2851681906000200, 89.62226910603001800, -54.79256133584002000 ) ) ;
#2091 = CARTESIAN_POINT ( 'NONE',  ( 309.5888105821000000, 93.15577109549002400, -53.95747284884001300 ) ) ;
#2092 = CARTESIAN_POINT ( 'NONE',  ( 327.7693346828656300, 87.63380165710715600, -30.52256228126452300 ) ) ;
#2093 = CARTESIAN_POINT ( 'NONE',  ( 291.9766501162873200, 91.41540935616505700, -46.55915421929460500 ) ) ;
#2094 = ORIENTED_EDGE ( 'NONE', *, *, #4582, .F. ) ;
#2095 =( NAMED_UNIT ( * ) SI_UNIT ( $, .STERADIAN. ) SOLID_ANGLE_UNIT ( ) );
#2096 = CARTESIAN_POINT ( 'NONE',  ( 272.9523609074372500, 88.61629964965237600, -42.15893493722362000 ) ) ;
#2097 = ORIENTED_EDGE ( 'NONE', *, *, #1968, .F. ) ;
#2098 = ORIENTED_EDGE ( 'NONE', *, *, #1878, .F. ) ;
#2099 = CARTESIAN_POINT ( 'NONE',  ( 294.8163429917999600, 94.76874564476001700, -51.49423748684999700 ) ) ;
#2100 = VERTEX_POINT ( 'NONE', #3123 ) ;
#2101 = CARTESIAN_POINT ( 'NONE',  ( 274.0717381909429400, 90.60737723485483700, -53.19352260664240400 ) ) ;
#2102 = EDGE_CURVE ( 'NONE', #3941, #1796, #4304, .T. ) ;
#2103 = CARTESIAN_POINT ( 'NONE',  ( 292.2288354818993000, 85.46874564475999100, -47.90743904254188800 ) ) ;
#2104 = DIRECTION ( 'NONE',  ( 0.9986294507563301400, 0.05233755900030689900, 0.0000000000000000000 ) ) ;
#2105 = CARTESIAN_POINT ( 'NONE',  ( 314.7382080755466500, 89.98920418827823700, -25.15036717378462000 ) ) ;
#2106 = CARTESIAN_POINT ( 'NONE',  ( 321.0902588868075300, 88.54085296164829800, -36.88237560454580700 ) ) ;
#2107 = CARTESIAN_POINT ( 'NONE',  ( 271.5807262918647200, 88.07405472193441700, -34.32741765905677100 ) ) ;
#2108 = CARTESIAN_POINT ( 'NONE',  ( 284.2160822919161100, 90.82733547305295500, -36.22641676392935800 ) ) ;
#2109 = CARTESIAN_POINT ( 'NONE',  ( 299.8457526464999900, 94.82203127784001100, -41.39705124289000800 ) ) ;
#2110 = CARTESIAN_POINT ( 'NONE',  ( 282.4992569957679500, 92.90736305740361400, -25.02454177945895700 ) ) ;
#2111 = CARTESIAN_POINT ( 'NONE',  ( 306.7622226529572900, 93.23227072910347600, -48.59187228223265000 ) ) ;
#2112 = ADVANCED_FACE ( 'NONE', ( #4513 ), #2764, .F. ) ;
#2113 = CARTESIAN_POINT ( 'NONE',  ( 300.0000955711582300, 91.48340609100282000, -39.73401444539250300 ) ) ;
#2114 = DIRECTION ( 'NONE',  ( -1.000000000000000000, 0.0000000000000000000, 0.0000000000000000000 ) ) ;
#2115 = EDGE_CURVE ( 'NONE', #2624, #128, #174, .T. ) ;
#2116 = CARTESIAN_POINT ( 'NONE',  ( 304.5808319653892800, 91.45032831535485200, -47.37035614502898500 ) ) ;
#2117 =( NAMED_UNIT ( * ) SI_UNIT ( $, .STERADIAN. ) SOLID_ANGLE_UNIT ( ) );
#2118 = CARTESIAN_POINT ( 'NONE',  ( 299.9998731810918600, 94.77060170302876000, -41.32306419195874300 ) ) ;
#2119 = CARTESIAN_POINT ( 'NONE',  ( 311.2413971070098500, 90.11388504908408900, -39.70848238360981200 ) ) ;
#2120 = B_SPLINE_CURVE_WITH_KNOTS ( 'NONE', 3,
 ( #2197, #3870, #1242, #5193 ),
 .UNSPECIFIED., .F., .F.,
 ( 4, 4 ),
 ( 0.0000000000000000000, 1.000000000000000000 ),
 .UNSPECIFIED. ) ;
#2121 = EDGE_CURVE ( 'NONE', #6474, #3391, #2420, .T. ) ;
#2122 = CARTESIAN_POINT ( 'NONE',  ( 273.7878221570339900, 92.65129892399664900, -25.89804785763167400 ) ) ;
#2123 = CARTESIAN_POINT ( 'NONE',  ( 290.9998714614002300, 85.46874564476118500, -44.30807779753000400 ) ) ;
#2124 = DIRECTION ( 'NONE',  ( 0.0000000000000000000, 0.0000000000000000000, -1.000000000000000000 ) ) ;
#2125 = CARTESIAN_POINT ( 'NONE',  ( 304.9813861395506900, 94.72953275900786700, -46.26929625255748100 ) ) ;
#2126 = CARTESIAN_POINT ( 'NONE',  ( 273.6088598281595000, 92.59904380969595600, -53.85598363248092800 ) ) ;
#2127 = CARTESIAN_POINT ( 'NONE',  ( 309.7280002107856400, 91.38779415422324300, -46.99361252809783500 ) ) ;
#2128 = CARTESIAN_POINT ( 'NONE',  ( 321.5133317243000900, 91.05457765766618600, -53.20757391792614000 ) ) ;
#2129 = ORIENTED_EDGE ( 'NONE', *, *, #4597, .T. ) ;
#2130 = ORIENTED_EDGE ( 'NONE', *, *, #3370, .F. ) ;
#2131 = FACE_OUTER_BOUND ( 'NONE', #3236, .T. ) ;
#2132 = CARTESIAN_POINT ( 'NONE',  ( 289.4004083571901400, 85.46874564475999100, -45.07901191775865600 ) ) ;
#2133 = DIRECTION ( 'NONE',  ( 0.0000000000000000000, 0.0000000000000000000, 1.000000000000000000 ) ) ;
#2134 = ORIENTED_EDGE ( 'NONE', *, *, #1404, .T. ) ;
#2135 = CARTESIAN_POINT ( 'NONE',  ( 326.1109256324201100, 88.49938072896550500, -25.20326432809523400 ) ) ;
#2136 = DIRECTION ( 'NONE',  ( 0.9986295344685803800, -0.05233596170002467000, 0.0000000000000000000 ) ) ;
#2137 = ORIENTED_EDGE ( 'NONE', *, *, #1744, .T. ) ;
#2138 = CARTESIAN_POINT ( 'NONE',  ( 285.1200794746439400, 92.04102119113835600, -35.70463400754519500 ) ) ;
#2139 = CYLINDRICAL_SURFACE ( 'NONE', #4668, 1.999999999999994900 ) ;
#2140 = APPLICATION_PROTOCOL_DEFINITION ( 'draft international standard', 'automotive_design', 1998, #3820 ) ;
#2141 = DIRECTION ( 'NONE',  ( 0.0000000000000000000, 0.0000000000000000000, 1.000000000000000000 ) ) ;
#2142 = DIRECTION ( 'NONE',  ( 0.9999999995624496700, 2.958209999325619700E-005, 0.0000000000000000000 ) ) ;
#2143 = CARTESIAN_POINT ( 'NONE',  ( 287.1053962976573100, 91.59443525923508400, -35.71370027763527600 ) ) ;
#2144 = EDGE_CURVE ( 'NONE', #5783, #3526, #1324, .T. ) ;
#2145 = CARTESIAN_POINT ( 'NONE',  ( 271.8423537341377600, 87.63380170034999100, -34.75772068504906500 ) ) ;
#2146 = ORIENTED_EDGE ( 'NONE', *, *, #3062, .T. ) ;
#2147 = LINE ( 'NONE', #861, #4855 ) ;
#2149 = ADVANCED_FACE ( 'NONE', ( #6379 ), #6613, .T. ) ;
#2148 = CARTESIAN_POINT ( 'NONE',  ( 329.1539350690152300, 88.38994832125747800, -55.04119410894436700 ) ) ;
#2150 = DIRECTION ( 'NONE',  ( -0.0000000000000000000, 0.0000000000000000000, 1.000000000000000000 ) ) ;
#2151 = CARTESIAN_POINT ( 'NONE',  ( 293.1194153694554500, 90.24288722582318200, -33.66385157650263000 ) ) ;
#2152 = CARTESIAN_POINT ( 'NONE',  ( 284.2307149544350300, 89.98920130200706100, -25.20757217849385200 ) ) ;
#2153 = ORIENTED_EDGE ( 'NONE', *, *, #6948, .F. ) ;
#2154 = AXIS2_PLACEMENT_3D ( 'NONE', #1198, #3407, #6406 ) ;
#2155 = CARTESIAN_POINT ( 'NONE',  ( 273.6831286323094300, 92.59125255662955600, -25.69411912420641600 ) ) ;
#2156 = CARTESIAN_POINT ( 'NONE',  ( 328.2692553807319800, 88.52669815997525400, -45.14192569959671200 ) ) ;
#2157 = EDGE_CURVE ( 'NONE', #128, #905, #1884, .T. ) ;
#2158 = CARTESIAN_POINT ( 'NONE',  ( 326.3564990763365500, 92.53233577001930100, -54.07534870650778900 ) ) ;
#2159 = CARTESIAN_POINT ( 'NONE',  ( 277.6573553852748500, 91.01767243461159800, -36.47517399804392100 ) ) ;
#2160 = CARTESIAN_POINT ( 'NONE',  ( 273.5565245415080500, 92.52448710367805500, -25.89798975236992000 ) ) ;
#2161 = EDGE_LOOP ( 'NONE', ( #4817, #755 ) ) ;
#2162 = CARTESIAN_POINT ( 'NONE',  ( 299.9998714614028500, 99.00000000000000000, -39.35807779753001500 ) ) ;
#2163 = ORIENTED_EDGE ( 'NONE', *, *, #2001, .F. ) ;
#2164 = ORIENTED_EDGE ( 'NONE', *, *, #4922, .F. ) ;
#2165 = VERTEX_POINT ( 'NONE', #1431 ) ;
#2166 = CARTESIAN_POINT ( 'NONE',  ( 310.0545762513944500, 91.64839664227292800, -35.04413900305885900 ) ) ;
#2167 = CARTESIAN_POINT ( 'NONE',  ( 272.1726310988157100, 88.57328348897908700, -34.83128661174254900 ) ) ;
#2168 = CARTESIAN_POINT ( 'NONE',  ( 285.7461176711103100, 91.54777525293997100, -37.14278845773657200 ) ) ;
#2169 = B_SPLINE_CURVE_WITH_KNOTS ( 'NONE', 3,
 ( #2909, #5743, #5339, #3206 ),
 .UNSPECIFIED., .F., .F.,
 ( 4, 4 ),
 ( 0.0000000000000000000, 1.000000000000000000 ),
 .UNSPECIFIED. ) ;
#2170 = ORIENTED_EDGE ( 'NONE', *, *, #458, .T. ) ;
#2171 = ORIENTED_EDGE ( 'NONE', *, *, #5824, .T. ) ;
#2172 = VERTEX_POINT ( 'NONE', #867 ) ;
#2173 = CARTESIAN_POINT ( 'NONE',  ( 290.2958515396139800, 91.38832611943337300, -47.01827113745915200 ) ) ;
#2174 = EDGE_CURVE ( 'NONE', #2991, #4790, #6460, .T. ) ;
#2175 = ORIENTED_EDGE ( 'NONE', *, *, #6333, .F. ) ;
#2176 = CARTESIAN_POINT ( 'NONE',  ( 295.5519183268999100, 94.26680074738001700, -50.76156176255999200 ) ) ;
#2177 = CARTESIAN_POINT ( 'NONE',  ( 271.6037764651360900, 87.63381744730178000, -34.33120622737625600 ) ) ;
#2178 = B_SPLINE_CURVE_WITH_KNOTS ( 'NONE', 3,
 ( #627, #6995, #5324, #5915 ),
 .UNSPECIFIED., .F., .F.,
 ( 4, 4 ),
 ( 0.0000000000000000000, 1.000000000000000000 ),
 .UNSPECIFIED. ) ;
#2179 = CARTESIAN_POINT ( 'NONE',  ( 299.9998714613999500, 100.1715728752540000, -53.25807779752998500 ) ) ;
#2180 = CARTESIAN_POINT ( 'NONE',  ( 329.0161098786681500, 88.39765334808522800, -55.07161872905678000 ) ) ;
#2181 = CARTESIAN_POINT ( 'NONE',  ( 299.9998714613999500, 89.50000000000036900, -51.00807779752999200 ) ) ;
#2182 = CARTESIAN_POINT ( 'NONE',  ( 327.1842037146099100, 87.63380170035002000, -34.36682818371065900 ) ) ;
#2183 = ORIENTED_EDGE ( 'NONE', *, *, #4440, .F. ) ;
#2184 = CARTESIAN_POINT ( 'NONE',  ( 285.5675728927090500, 93.08494991301493800, -27.32494539131955900 ) ) ;
#2185 =( BOUNDED_CURVE ( )  B_SPLINE_CURVE ( 3, ( #2230, #4490, #1065, #7421 ),
 .UNSPECIFIED., .F., .F. ) 
 B_SPLINE_CURVE_WITH_KNOTS ( ( 4, 4 ),
 ( 0.0000000000000000000, 1.000000000000000000 ),
 .UNSPECIFIED. ) 
 CURVE ( )  GEOMETRIC_REPRESENTATION_ITEM ( )  RATIONAL_B_SPLINE_CURVE ( ( 0.9999956667915360600, 0.9999956921846111500, 0.9999957048830091500, 0.9999957048848630000 ) ) 
 REPRESENTATION_ITEM ( '' )  );
#2186 = VERTEX_POINT ( 'NONE', #4911 ) ;
#2187 = CARTESIAN_POINT ( 'NONE',  ( 328.2692312823185100, 88.50782712950838500, -47.30613749989457500 ) ) ;
#2188 = CARTESIAN_POINT ( 'NONE',  ( 326.1812265383471800, 92.65276017548590900, -25.89591145490884500 ) ) ;
#2190 = ORIENTED_EDGE ( 'NONE', *, *, #7071, .F. ) ;
#2189 = CARTESIAN_POINT ( 'NONE',  ( 311.6475229033740100, 92.11824079479045200, -37.82053175239780500 ) ) ;
#2191 = CARTESIAN_POINT ( 'NONE',  ( 317.8966967674937200, 91.17936340050013700, -37.41069251491086300 ) ) ;
#2192 = CARTESIAN_POINT ( 'NONE',  ( 272.8308008448895500, 88.59327994800109700, -44.07256059515003700 ) ) ;
#2193 = CARTESIAN_POINT ( 'NONE',  ( 305.9090476275312100, 93.24212636694089400, -50.34280447439742500 ) ) ;
#2194 = DIRECTION ( 'NONE',  ( 0.5647798318876945400, 0.8043339223125617300, 0.1845824555861074700 ) ) ;
#2195 = ADVANCED_FACE ( 'NONE', ( #2944 ), #6301, .F. ) ;
#2196 = CARTESIAN_POINT ( 'NONE',  ( 308.1896847871740900, 91.69523748821130500, -30.51656352954002600 ) ) ;
#2197 = CARTESIAN_POINT ( 'NONE',  ( 284.2087718821237000, 91.24616274887476700, -25.87822573362844000 ) ) ;
#2198 = ORIENTED_EDGE ( 'NONE', *, *, #533, .T. ) ;
#2199 = CARTESIAN_POINT ( 'NONE',  ( 327.7690859395636400, 88.57674795097898400, -34.83129860822500500 ) ) ;
#2200 = CARTESIAN_POINT ( 'NONE',  ( 313.8653527256397500, 93.09948528714277000, -28.39699083067765200 ) ) ;
#2201 = FACE_OUTER_BOUND ( 'NONE', #2161, .T. ) ;
#2202 = CARTESIAN_POINT ( 'NONE',  ( 290.9998721380649200, 91.40039372137461300, -45.30807779752999700 ) ) ;
#2203 = CARTESIAN_POINT ( 'NONE',  ( 299.9999988172999700, -55.04874051950105200, -300.7838091636837100 ) ) ;
#2204 = CARTESIAN_POINT ( 'NONE',  ( 320.7106167069656500, 92.88492935846375100, -36.80655701306550000 ) ) ;
#2205 = CARTESIAN_POINT ( 'NONE',  ( 273.5362698157280200, 89.84483798769568400, -52.98913945041441300 ) ) ;
#2206 = CYLINDRICAL_SURFACE ( 'NONE', #510, 1.999999999999994900 ) ;
#2207 = AXIS2_PLACEMENT_3D ( 'NONE', #6261, #4486, #1594 ) ;
#2208 = CARTESIAN_POINT ( 'NONE',  ( 326.3889194992000300, 92.55353130629001200, -25.95839096337999800 ) ) ;
#2209 = CARTESIAN_POINT ( 'NONE',  ( 301.5728813959971100, 94.76777042684960900, -51.03832493708091500 ) ) ;
#2210 = CARTESIAN_POINT ( 'NONE',  ( 297.1523668713524000, 93.26638832748614000, -53.69570118123843400 ) ) ;
#2211 = CARTESIAN_POINT ( 'NONE',  ( 276.3347466620153300, 92.76604188782336300, -39.39329363523116700 ) ) ;
#2212 = CARTESIAN_POINT ( 'NONE',  ( 273.7878196283335200, 92.65134180310340600, -53.85636865840679400 ) ) ;
#2213 = CARTESIAN_POINT ( 'NONE',  ( 322.1716087828023100, 87.04085002963991300, -40.17499748225933600 ) ) ;
#2214 = B_SPLINE_CURVE_WITH_KNOTS ( 'NONE', 3,
 ( #7309, #7253, #1164, #13, #3435, #3996, #2803, #4021, #3354, #2209 ),
 .UNSPECIFIED., .F., .F.,
 ( 4, 2, 2, 2, 4 ),
 ( 0.5000824206614997700, 0.6250618154961248300, 0.7500412103307498900, 0.8750206051653749400, 1.000000000000000000 ),
 .UNSPECIFIED. ) ;
#2215 = CARTESIAN_POINT ( 'NONE',  ( 272.1304440277796700, 87.63380168863828600, -30.52256193335885500 ) ) ;
#2216 = CARTESIAN_POINT ( 'NONE',  ( 290.9998714614000100, 85.46874564475980700, -46.30807779752999700 ) ) ;
#2217 = CARTESIAN_POINT ( 'NONE',  ( 310.8345003356591900, 91.62610309191323700, -33.48098405774892000 ) ) ;
#2218 = CARTESIAN_POINT ( 'NONE',  ( 326.4049184683823900, 92.53690655122346700, -53.92643133152116500 ) ) ;
#2219 = EDGE_CURVE ( 'NONE', #7423, #4336, #7178, .T. ) ;
#2220 = CARTESIAN_POINT ( 'NONE',  ( 286.8717068747129700, 91.58635892163793800, -37.78368751432751800 ) ) ;
#2221 = CARTESIAN_POINT ( 'NONE',  ( 270.6416443270619000, 88.37309903817991600, -28.46931842986593600 ) ) ;
#2222 = CARTESIAN_POINT ( 'NONE',  ( 290.6777810103793600, 91.39499503418973300, -47.26379236489659500 ) ) ;
#2223 = PLANE ( 'NONE',  #2207 ) ;
#2224 = VECTOR ( 'NONE', #2819, 1000.000000000000000 ) ;
#2225 = B_SPLINE_CURVE_WITH_KNOTS ( 'NONE', 3,
 ( #3351, #2747, #5108, #1020 ),
 .UNSPECIFIED., .F., .F.,
 ( 4, 4 ),
 ( 0.0000000000000000000, 1.000000000000000000 ),
 .UNSPECIFIED. ) ;
#2226 = CARTESIAN_POINT ( 'NONE',  ( 299.2194166154920400, 91.79448991515968700, -33.66385163542315700 ) ) ;
#2227 = EDGE_CURVE ( 'NONE', #4277, #1550, #748, .T. ) ;
#2229 = ADVANCED_FACE ( 'NONE', ( #377 ), #2344, .F. ) ;
#2228 = CARTESIAN_POINT ( 'NONE',  ( 273.2441683752676300, 89.42893514512033400, -52.72656906170830400 ) ) ;
#2230 = CARTESIAN_POINT ( 'NONE',  ( 326.1665419333522200, 92.42075342965698300, -54.14828375584754400 ) ) ;
#2231 = ORIENTED_EDGE ( 'NONE', *, *, #2287, .F. ) ;
#2232 = VECTOR ( 'NONE', #80, 1000.000000000000000 ) ;
#2233 = CARTESIAN_POINT ( 'NONE',  ( 328.4058020312000400, 89.72532135655002600, -24.46282721893999600 ) ) ;
#2234 = PRODUCT_DEFINITION ( '未知', '', #1093, #2339 ) ;
#2235 = CARTESIAN_POINT ( 'NONE',  ( 299.6687584787447300, 90.29635173049457800, -33.61127393200577300 ) ) ;
#2236 = CARTESIAN_POINT ( 'NONE',  ( 291.9532837051580700, 91.72008181675201400, -30.96818311912696600 ) ) ;
#2237 = B_SPLINE_CURVE_WITH_KNOTS ( 'NONE', 3,
 ( #3006, #737, #4740, #2413 ),
 .UNSPECIFIED., .F., .F.,
 ( 4, 4 ),
 ( 0.0000000000000000000, 1.000000000000000000 ),
 .UNSPECIFIED. ) ;
#2238 = CARTESIAN_POINT ( 'NONE',  ( 290.4952173730450200, 85.46874564476000600, -45.43479877648977100 ) ) ;
#2239 = CARTESIAN_POINT ( 'NONE',  ( 304.9815342452694200, 94.72951654313443700, -46.30801956589686300 ) ) ;
#2240 =( BOUNDED_CURVE ( )  B_SPLINE_CURVE ( 3, ( #4897, #354, #4377, #4950 ),
 .UNSPECIFIED., .F., .F. ) 
 B_SPLINE_CURVE_WITH_KNOTS ( ( 4, 4 ),
 ( 0.0000000000000000000, 1.000000000000000000 ),
 .UNSPECIFIED. ) 
 CURVE ( )  GEOMETRIC_REPRESENTATION_ITEM ( )  RATIONAL_B_SPLINE_CURVE ( ( 1.000106347770871400, 0.9052029792744787900, 0.9051659068486600500, 0.9999951304936731700 ) ) 
 REPRESENTATION_ITEM ( '' )  );
#2241 = CARTESIAN_POINT ( 'NONE',  ( 326.4136795049840300, 92.52516462782507700, -53.93662983974071800 ) ) ;
#2242 = CARTESIAN_POINT ( 'NONE',  ( 313.8653537979421900, 93.09954838643335500, -35.63981846058494100 ) ) ;
#2243 = ORIENTED_EDGE ( 'NONE', *, *, #1405, .T. ) ;
#2244 = FACE_OUTER_BOUND ( 'NONE', #920, .T. ) ;
#2245 = CARTESIAN_POINT ( 'NONE',  ( 272.7215017319346700, 88.59036948150414000, -43.73539042565425900 ) ) ;
#2246 = DIRECTION ( 'NONE',  ( 0.0000000000000000000, 0.0000000000000000000, 1.000000000000000000 ) ) ;
#2247 = CARTESIAN_POINT ( 'NONE',  ( 310.0654846036046000, 91.64808597961599900, -31.29990650416607100 ) ) ;
#2248 = CARTESIAN_POINT ( 'NONE',  ( 301.6135315302685200, 93.27119479665962800, -39.33795916096595100 ) ) ;
#2249 = CARTESIAN_POINT ( 'NONE',  ( 327.3826852924361200, 87.63380170035000600, -47.71812295398892400 ) ) ;
#2250 = VERTEX_POINT ( 'NONE', #997 ) ;
#2251 = CARTESIAN_POINT ( 'NONE',  ( 308.4787072265214600, 91.40545911068102200, -48.25734996866859200 ) ) ;
#2252 = CARTESIAN_POINT ( 'NONE',  ( 295.0183622981439800, 94.76874564476000300, -45.23460453144190300 ) ) ;
#2253 = EDGE_CURVE ( 'NONE', #5156, #7106, #5835, .T. ) ;
#2254 = CARTESIAN_POINT ( 'NONE',  ( 299.7381569175000800, 93.18076340155997200, -53.97728448195999100 ) ) ;
#2255 = ORIENTED_EDGE ( 'NONE', *, *, #412, .T. ) ;
#2256 = ORIENTED_EDGE ( 'NONE', *, *, #2419, .F. ) ;
#2257 = CARTESIAN_POINT ( 'NONE',  ( 273.5803714086021600, 89.90772131025643400, -53.01734320879896200 ) ) ;
#2258 = CARTESIAN_POINT ( 'NONE',  ( 293.0060676083383000, 93.22871591551606200, -44.63530967147858800 ) ) ;
#2259 = CARTESIAN_POINT ( 'NONE',  ( 273.7034998199000000, 92.59954239431003500, -25.67290190516000300 ) ) ;
#2260 = ORIENTED_EDGE ( 'NONE', *, *, #5075, .T. ) ;
#2261 = CARTESIAN_POINT ( 'NONE',  ( 299.9998895331850100, 91.48464248340955900, -51.00807419949693200 ) ) ;
#2262 = CYLINDRICAL_SURFACE ( 'NONE', #942, 0.3000000000000224700 ) ;
#2263 = VERTEX_POINT ( 'NONE', #5509 ) ;
#2264 = ORIENTED_EDGE ( 'NONE', *, *, #1078, .T. ) ;
#2265 = CARTESIAN_POINT ( 'NONE',  ( 277.8002202069870300, 92.82701624379994600, -42.36496862592711200 ) ) ;
#2266 = CARTESIAN_POINT ( 'NONE',  ( 300.6151000227298500, 94.76874564476014500, -41.60807779753023500 ) ) ;
#2267 = EDGE_LOOP ( 'NONE', ( #6881, #6907, #6566, #7371, #4643, #3586, #6830, #2682 ) ) ;
#2268 = DIRECTION ( 'NONE',  ( 0.0000000000000000000, -0.9998476951523191900, 0.01745240667057420100 ) ) ;
#2269 = EDGE_CURVE ( 'NONE', #2862, #1695, #1876, .T. ) ;
#2270 = CARTESIAN_POINT ( 'NONE',  ( 276.3615111037724400, 90.96659758881929700, -37.53990377958788800 ) ) ;
#2271 = CARTESIAN_POINT ( 'NONE',  ( 272.8309084876982000, 87.63380170034997700, -47.28130148371363400 ) ) ;
#2272 = CARTESIAN_POINT ( 'NONE',  ( 271.9250742059307400, 88.55899047878125400, -34.81831187933332200 ) ) ;
#2273 = CARTESIAN_POINT ( 'NONE',  ( 272.9503162844032400, 88.53160681473784200, -29.96347670515063700 ) ) ;
#2274 = ADVANCED_FACE ( 'NONE', ( #718 ), #6245, .T. ) ;
#2275 = CARTESIAN_POINT ( 'NONE',  ( 309.4951640527820000, 91.66436363818300500, -30.85685680760333200 ) ) ;
#2276 = VERTEX_POINT ( 'NONE', #2847 ) ;
#2277 = ORIENTED_EDGE ( 'NONE', *, *, #5014, .F. ) ;
#2278 = ORIENTED_EDGE ( 'NONE', *, *, #7302, .T. ) ;
#2279 = DIRECTION ( 'NONE',  ( -0.05233755909999442800, -0.9986294507511055400, 0.0000000000000000000 ) ) ;
#2280 = CIRCLE ( 'NONE', #2330, 2.899999999994684600 ) ;
#2281 = CARTESIAN_POINT ( 'NONE',  ( 327.7200378862323800, 87.63380162385232100, -47.83131255655266800 ) ) ;
#2282 = ORIENTED_EDGE ( 'NONE', *, *, #6238, .T. ) ;
#2283 = CARTESIAN_POINT ( 'NONE',  ( 273.7769307228630300, 92.49245667968091300, -25.63434713884889100 ) ) ;
#2284 = EDGE_CURVE ( 'NONE', #280, #557, #136, .T. ) ;
#2285 = CARTESIAN_POINT ( 'NONE',  ( 290.2866945285977100, 91.38805888542668800, -45.60708051238756900 ) ) ;
#2286 = B_SPLINE_SURFACE_WITH_KNOTS ( 'NONE', 3, 1, ( 
 ( #5535, #5056 ),
 ( #966, #4468 ),
 ( #6720, #2076 ),
 ( #4986, #3213 ),
 ( #1525, #7305 ),
 ( #1498, #1574 ),
 ( #6185, #6676 ) ),
 .UNSPECIFIED., .F., .F., .F.,
 ( 4, 1, 1, 1, 4 ),
 ( 2, 2 ),
 ( 0.009823590447890556300, 0.5029504809236998700, 0.9901952489629000100, 0.9960761579080001900, 0.9960806073559609300 ),
 ( 0.0000000000000000000, 1.000000000000000000 ),
 .UNSPECIFIED. ) ;
#2287 = EDGE_CURVE ( 'NONE', #4704, #5334, #7037, .T. ) ;
#2288 = CARTESIAN_POINT ( 'NONE',  ( 300.1782123388999300, 94.28985524752999900, -40.62526442546999300 ) ) ;
#2289 = CARTESIAN_POINT ( 'NONE',  ( 272.7089559760297600, 87.63380170034999100, -30.75784816154234500 ) ) ;
#2290 = PRODUCT ( 'PRODUCT_1803', 'PRODUCT_1803', '', ( #6152 ) ) ;
#2291 = CARTESIAN_POINT ( 'NONE',  ( 283.7141633226993900, 88.97293341216465000, -54.94199340006359500 ) ) ;
#2292 = AXIS2_PLACEMENT_3D ( 'NONE', #5083, #3927, #5031 ) ;
#2293 = CARTESIAN_POINT ( 'NONE',  ( 297.5441421252882600, 93.26833116360808200, -53.08132020230622300 ) ) ;
#2294 = ORIENTED_EDGE ( 'NONE', *, *, #3456, .F. ) ;
#2295 = ORIENTED_EDGE ( 'NONE', *, *, #2174, .F. ) ;
#2296 = ORIENTED_EDGE ( 'NONE', *, *, #3618, .F. ) ;
#2297 = CARTESIAN_POINT ( 'NONE',  ( 271.6297305917602200, 87.63380240864619000, -31.01864651196545400 ) ) ;
#2298 = CARTESIAN_POINT ( 'NONE',  ( 271.5568483062804100, 88.52930690034466500, -34.33121500654227300 ) ) ;
#2299 = CARTESIAN_POINT ( 'NONE',  ( 292.0372680937189200, 91.72178331716351400, -30.88353903154622400 ) ) ;
#2300 = B_SPLINE_CURVE_WITH_KNOTS ( 'NONE', 3,
 ( #2283, #3466, #2815, #1699, #606, #624 ),
 .UNSPECIFIED., .F., .F.,
 ( 4, 2, 4 ),
 ( 0.0000000000000000000, 0.5000000000000000000, 1.000000000000000000 ),
 .UNSPECIFIED. ) ;
#2301 = CARTESIAN_POINT ( 'NONE',  ( 278.3310441903718700, 92.84813745140294800, -42.60573609314473500 ) ) ;
#2302 = CARTESIAN_POINT ( 'NONE',  ( 291.5194331776725700, 91.71131992831909900, -32.06385173092078800 ) ) ;
#2303 = CARTESIAN_POINT ( 'NONE',  ( 309.2659924562651700, 91.39359876849830800, -44.30808482823626100 ) ) ;
#2304 = ORIENTED_EDGE ( 'NONE', *, *, #5785, .F. ) ;
#2305 = CARTESIAN_POINT ( 'NONE',  ( 271.9900074988042300, 88.56292412408750200, -34.83154994069760600 ) ) ;
#2306 = CARTESIAN_POINT ( 'NONE',  ( 286.0998714613942900, 100.1715728752540100, -53.25807779752998500 ) ) ;
#2307 = CIRCLE ( 'NONE', #1605, 1.999999999999997600 ) ;
#2308 = CARTESIAN_POINT ( 'NONE',  ( 295.4074864601000200, 99.49999999999997200, -45.30807779753000400 ) ) ;
#2309 = CARTESIAN_POINT ( 'NONE',  ( 327.1689100962304900, 88.56359411951281400, -32.15880183677688100 ) ) ;
#2310 = DIRECTION ( 'NONE',  ( 0.01744974780378605300, 0.9996953165406891100, -0.01745796059669485800 ) ) ;
#2311 = CARTESIAN_POINT ( 'NONE',  ( 273.5555072431984100, 92.52301977189557600, -53.85449902448113600 ) ) ;
#2312 = CARTESIAN_POINT ( 'NONE',  ( 319.5111495042029900, 88.54085002964015400, -38.86055557575722500 ) ) ;
#2313 = CARTESIAN_POINT ( 'NONE',  ( 300.2262670675999600, 93.22550309447002800, -39.08168004477999300 ) ) ;
#2314 = CARTESIAN_POINT ( 'NONE',  ( 317.5322705941000500, 92.79043087086000700, -54.04571461461999600 ) ) ;
#2315 = CARTESIAN_POINT ( 'NONE',  ( 299.9998714613999500, 101.0000000000002400, -52.42965067278357300 ) ) ;
#2316 = CARTESIAN_POINT ( 'NONE',  ( 300.8194312723843500, 90.29397093920218300, -32.06385394946990900 ) ) ;
#2317 = EDGE_CURVE ( 'NONE', #4624, #4252, #6294, .T. ) ;
#2318 = ORIENTED_EDGE ( 'NONE', *, *, #1954, .T. ) ;
#2319 = CARTESIAN_POINT ( 'NONE',  ( 322.8963304068433300, 92.79851451748302800, -37.75758962228095300 ) ) ;
#2320 = CARTESIAN_POINT ( 'NONE',  ( 295.1519337555258700, 101.0000000000000000, -45.30807779753002500 ) ) ;
#2321 = CARTESIAN_POINT ( 'NONE',  ( 326.4125091760652100, 92.52594089399212900, -53.85567135427814400 ) ) ;
#2322 = CARTESIAN_POINT ( 'NONE',  ( 291.8394782008823500, 91.71784997940346800, -31.10213820628228400 ) ) ;
#2323 = CARTESIAN_POINT ( 'NONE',  ( 317.8106497166164100, 88.54085296218984500, -39.40276653671036700 ) ) ;
#2324 = CARTESIAN_POINT ( 'NONE',  ( 272.0029361156872500, 87.63372201592127900, -47.75054613169375300 ) ) ;
#2325 = CARTESIAN_POINT ( 'NONE',  ( 290.9998842500069700, 91.39799723756127000, -44.30807911639305300 ) ) ;
#2326 = CARTESIAN_POINT ( 'NONE',  ( 327.8162272363143200, 88.51147468957343300, -31.12256193296999400 ) ) ;
#2327 = EDGE_CURVE ( 'NONE', #3971, #1272, #1267, .T. ) ;
#2328 = ORIENTED_EDGE ( 'NONE', *, *, #1301, .F. ) ;
#2329 = CIRCLE ( 'NONE', #2695, 6.949999999999997500 ) ;
#2330 = AXIS2_PLACEMENT_3D ( 'NONE', #7150, #2628, #5502 ) ;
#2331 = CARTESIAN_POINT ( 'NONE',  ( 307.6722510846771000, 91.41649186372848100, -47.80971441302025900 ) ) ;
#2332 = CARTESIAN_POINT ( 'NONE',  ( 272.0904122962911600, 87.63380170034999100, -43.55908057647110400 ) ) ;
#2333 = VERTEX_POINT ( 'NONE', #4543 ) ;
#2334 = CARTESIAN_POINT ( 'NONE',  ( 272.5323672767636900, 87.63380170034999100, -30.60341459860097800 ) ) ;
#2335 = ORIENTED_EDGE ( 'NONE', *, *, #3849, .F. ) ;
#2336 = B_SPLINE_CURVE_WITH_KNOTS ( 'NONE', 3,
 ( #987, #3962, #3372, #2767 ),
 .UNSPECIFIED., .F., .F.,
 ( 4, 4 ),
 ( 0.0000000000000000000, 1.000000000000000000 ),
 .UNSPECIFIED. ) ;
#2337 = CARTESIAN_POINT ( 'NONE',  ( 327.8154078214497500, 88.49883470342913900, -30.52254275395807400 ) ) ;
#2338 = VECTOR ( 'NONE', #6736, 1000.000000000000000 ) ;
#2339 = PRODUCT_DEFINITION_CONTEXT ( 'detailed design', #6668, 'design' ) ;
#2340 = CARTESIAN_POINT ( 'NONE',  ( 314.7606603969106200, 91.27540511501293000, -25.83635124753239200 ) ) ;
#2341 = CARTESIAN_POINT ( 'NONE',  ( 273.2007083143237200, 88.46838118595121600, -25.56025633264216900 ) ) ;
#2342 = EDGE_LOOP ( 'NONE', ( #6949, #4786, #6876, #7410 ) ) ;
#2343 = CYLINDRICAL_SURFACE ( 'NONE', #2449, 1.000000000003123700 ) ;
#2344 = B_SPLINE_SURFACE_WITH_KNOTS ( 'NONE', 3, 3, ( 
 ( #2109, #6068, #345, #4370 ),
 ( #7286, #1459, #6731, #919 ),
 ( #3252, #6632, #4939, #953 ),
 ( #1510, #3732, #3278, #6172 ),
 ( #3837, #2088, #5518, #6093 ),
 ( #6657, #322, #3196, #4339 ),
 ( #2636, #7238, #971, #6147 ),
 ( #892, #3793, #4393, #425 ),
 ( #4966, #5545, #6115, #2657 ) ),
 .UNSPECIFIED., .F., .F., .F.,
 ( 4, 1, 1, 1, 1, 1, 4 ),
 ( 4, 4 ),
 ( 1.211982024226000300E-005, 0.009778676402705998800, 0.2548988027610000200, 0.5000189291193000200, 0.7451390554776000700, 0.9902591818359003400, 0.9999850512216002000 ),
 ( 0.0009605326136666001200, 0.9998392820771999600 ),
 .UNSPECIFIED. ) ;
#2345 = DIRECTION ( 'NONE',  ( 0.0000000000000000000, 0.0000000000000000000, 1.000000000000000000 ) ) ;
#2346 = CARTESIAN_POINT ( 'NONE',  ( 326.7120806054001600, 92.64641256605003200, -25.83037075991000700 ) ) ;
#2347 = CARTESIAN_POINT ( 'NONE',  ( 271.7255870009995000, 88.54562688864912400, -34.70760425242919900 ) ) ;
#2348 = CARTESIAN_POINT ( 'NONE',  ( 326.7801957587992700, 89.46929872794561300, -52.65015768642973600 ) ) ;
#2349 = ORIENTED_EDGE ( 'NONE', *, *, #3925, .F. ) ;
#2350 = CARTESIAN_POINT ( 'NONE',  ( 281.5315246433223700, 91.16007691360246700, -36.85430755204153300 ) ) ;
#2351 = CARTESIAN_POINT ( 'NONE',  ( 299.9999972896602600, 93.26739978749593300, -53.76344715186444700 ) ) ;
#2352 = CARTESIAN_POINT ( 'NONE',  ( 285.7465041903440700, 91.54800437498539600, -27.18420626677570300 ) ) ;
#2353 = CARTESIAN_POINT ( 'NONE',  ( 307.3932023114367700, 91.42010423055859300, -47.52835319135166300 ) ) ;
#2354 = ORIENTED_EDGE ( 'NONE', *, *, #2761, .F. ) ;
#2355 = VERTEX_POINT ( 'NONE', #5735 ) ;
#2356 = CARTESIAN_POINT ( 'NONE',  ( 270.4113712904102200, 88.36484611938892900, -55.18067882516651000 ) ) ;
#2357 = B_SPLINE_SURFACE_WITH_KNOTS ( 'NONE', 3, 1, ( 
 ( #6348, #6392 ),
 ( #2356, #6970 ),
 ( #607, #3520 ),
 ( #2864, #6368 ),
 ( #2915, #2839 ),
 ( #5369, #1915 ),
 ( #5943, #3421 ),
 ( #28, #582 ) ),
 .UNSPECIFIED., .F., .F., .F.,
 ( 4, 1, 1, 1, 1, 4 ),
 ( 2, 2 ),
 ( 0.003919319748042848300, 0.009741332077247999800, 0.1822385246377000200, 0.5346005250199999900, 0.9902763591845001900, 0.9960827528961613300 ),
 ( 0.0000000000000000000, 1.000000000000000000 ),
 .UNSPECIFIED. ) ;
#2358 = ORIENTED_EDGE ( 'NONE', *, *, #2371, .T. ) ;
#2359 = AXIS2_PLACEMENT_3D ( 'NONE', #337, #908, #6647 ) ;
#2360 = CARTESIAN_POINT ( 'NONE',  ( 304.5922564627000500, 99.49999999999998600, -45.30807779753000400 ) ) ;
#2361 = CARTESIAN_POINT ( 'NONE',  ( 285.5396657277104900, 89.02874439159535300, -54.92930112903608400 ) ) ;
#2362 = ORIENTED_EDGE ( 'NONE', *, *, #2115, .T. ) ;
#2363 = VERTEX_POINT ( 'NONE', #1602 ) ;
#2364 = VERTEX_POINT ( 'NONE', #5662 ) ;
#2365 = EDGE_LOOP ( 'NONE', ( #4937, #6774 ) ) ;
#2366 = CARTESIAN_POINT ( 'NONE',  ( 291.2615762482551000, 91.40149812278933400, -44.32068087466530700 ) ) ;
#2367 = CARTESIAN_POINT ( 'NONE',  ( 326.1794104840225800, 92.65303570779336400, -54.00199990799311000 ) ) ;
#2368 = CARTESIAN_POINT ( 'NONE',  ( 291.5609922282718600, 90.21351254987578700, -32.48263774560491900 ) ) ;
#2369 = B_SPLINE_CURVE_WITH_KNOTS ( 'NONE', 3,
 ( #5132, #1710, #2826, #6864, #6887, #612, #4648, #2368, #1235, #2386, #4142, #6403, #5282, #4120, #633, #1213, #98, #5850 ),
 .UNSPECIFIED., .F., .F.,
 ( 4, 2, 2, 2, 2, 2, 2, 2, 4 ),
 ( 0.0000000000000000000, 0.1250000000000000000, 0.2500000000000000000, 0.3750000000000000000, 0.5000000000000000000, 0.6250000000000000000, 0.7500000000000000000, 0.8750000000000000000, 1.000000000000000000 ),
 .UNSPECIFIED. ) ;
#2370 = DIRECTION ( 'NONE',  ( 0.0000000000000000000, 0.0000000000000000000, 1.000000000000000000 ) ) ;
#2371 = EDGE_CURVE ( 'NONE', #3692, #1891, #5304, .T. ) ;
#2372 = CARTESIAN_POINT ( 'NONE',  ( 308.9084238577000300, 93.43361886655998200, -24.43476039270999700 ) ) ;
#2373 = CARTESIAN_POINT ( 'NONE',  ( 325.9928380887553200, 90.28952058220481500, -53.17841574259159600 ) ) ;
#2374 = CARTESIAN_POINT ( 'NONE',  ( 285.7876792622034800, 91.55003685993621300, -28.61372611950723100 ) ) ;
#2375 = CARTESIAN_POINT ( 'NONE',  ( 299.4844677256082800, 90.29629014974614200, -24.91948972216803100 ) ) ;
#2376 = CARTESIAN_POINT ( 'NONE',  ( 290.4949849448655600, 85.46874564475996300, -47.18141788068685800 ) ) ;
#2377 = CARTESIAN_POINT ( 'NONE',  ( 329.2114379648325000, 88.53961123718082100, -37.49483200885379800 ) ) ;
#2378 = CARTESIAN_POINT ( 'NONE',  ( 272.0685603902848600, 87.63380170035000600, -43.56870302848031400 ) ) ;
#2379 = EDGE_CURVE ( 'NONE', #3675, #1272, #363, .T. ) ;
#2380 = CARTESIAN_POINT ( 'NONE',  ( 328.2212378219380200, 87.63380170034999100, -30.72598714533034300 ) ) ;
#2381 = ORIENTED_EDGE ( 'NONE', *, *, #5785, .T. ) ;
#2382 = CARTESIAN_POINT ( 'NONE',  ( 272.0557054313481400, 88.56665985582238000, -34.83131708057121800 ) ) ;
#2383 = CARTESIAN_POINT ( 'NONE',  ( 300.1030449484036400, 91.48418012815658100, -53.37269047207578200 ) ) ;
#2384 = ADVANCED_FACE ( 'NONE', ( #4766 ), #2870, .T. ) ;
#2385 = CARTESIAN_POINT ( 'NONE',  ( 295.1519337555258700, 101.0000000000000000, -45.30807779753002500 ) ) ;
#2386 = CARTESIAN_POINT ( 'NONE',  ( 291.5193442919634200, 90.21263358514379100, -31.85442491402758900 ) ) ;
#2387 = CARTESIAN_POINT ( 'NONE',  ( 297.0690355754056800, 94.75598580311395800, -50.34065839238981300 ) ) ;
#2388 = CYLINDRICAL_SURFACE ( 'NONE', #2796, 1.600000000000101300 ) ;
#2389 = CARTESIAN_POINT ( 'NONE',  ( 317.4953207528656100, 87.04085002964001200, -41.63661151673354500 ) ) ;
#2390 = CARTESIAN_POINT ( 'NONE',  ( 329.3850902400714100, 88.29245941575756300, -23.94132693433547800 ) ) ;
#2391 = CARTESIAN_POINT ( 'NONE',  ( 326.9405172929277200, 89.30228539842126200, -52.33025124888535400 ) ) ;
#2392 = CARTESIAN_POINT ( 'NONE',  ( 279.5322988834000200, 91.08883301546519800, -36.10227207264997400 ) ) ;
#2393 = CARTESIAN_POINT ( 'NONE',  ( 322.5647500531312100, 87.04085002963999800, -36.56713178466699800 ) ) ;
#2394 = ORIENTED_EDGE ( 'NONE', *, *, #3423, .F. ) ;
#2395 = EDGE_CURVE ( 'NONE', #4790, #5210, #6413, .T. ) ;
#2396 = CARTESIAN_POINT ( 'NONE',  ( 286.0420845351341700, 91.55853996046177200, -26.89970597920236300 ) ) ;
#2397 = B_SPLINE_SURFACE_WITH_KNOTS ( 'NONE', 3, 3, ( 
 ( #3798, #2661, #1516, #5493 ),
 ( #4944, #3232, #4427, #2091 ),
 ( #5523, #429, #2035, #328 ),
 ( #348, #927, #4916, #1004 ) ),
 .UNSPECIFIED., .F., .F., .F.,
 ( 4, 4 ),
 ( 4, 4 ),
 ( -2.908677270812000400E-007, 0.9999999939201003100 ),
 ( 0.0002123061820561000400, 0.9997909696101001700 ),
 .UNSPECIFIED. ) ;
#2398 = CARTESIAN_POINT ( 'NONE',  ( 328.0470486688144000, 87.63380170035000600, -30.59003303324480100 ) ) ;
#2399 = CARTESIAN_POINT ( 'NONE',  ( 308.3008918703272300, 91.41122522922474000, -47.02322514325257400 ) ) ;
#2400 = CARTESIAN_POINT ( 'NONE',  ( 287.1173687802999600, 91.38927781651995000, -25.71436710406420200 ) ) ;
#2401 = AXIS2_PLACEMENT_3D ( 'NONE', #2410, #6429, #7031 ) ;
#2402 = CARTESIAN_POINT ( 'NONE',  ( 328.1171300062367200, 88.48299723070532300, -30.59797119425918100 ) ) ;
#2403 = CARTESIAN_POINT ( 'NONE',  ( 299.4844584190360000, 90.29636623704873000, -30.48590868077904000 ) ) ;
#2404 = VECTOR ( 'NONE', #5316, 1000.000000000000100 ) ;
#2405 = DIRECTION ( 'NONE',  ( -1.000000000000000000, 0.0000000000000000000, 0.0000000000000000000 ) ) ;
#2406 = B_SPLINE_CURVE_WITH_KNOTS ( 'NONE', 1,
 ( #5920, #4805 ),
 .UNSPECIFIED., .F., .F.,
 ( 2, 2 ),
 ( 0.0000000000000000000, 1.000000000000000000 ),
 .UNSPECIFIED. ) ;
#2407 = CARTESIAN_POINT ( 'NONE',  ( 297.2052062191710300, 94.75690673256447400, -50.43706727351488400 ) ) ;
#2408 = CARTESIAN_POINT ( 'NONE',  ( 319.7888296878372800, 87.04085002963991300, -40.98187591931704800 ) ) ;
#2409 = CARTESIAN_POINT ( 'NONE',  ( 307.0356234416988200, 91.42462048357352000, -39.73500350155792700 ) ) ;
#2410 = CARTESIAN_POINT ( 'NONE',  ( 279.2893471838999600, 88.54085002964014000, -39.78237565572000300 ) ) ;
#2411 = EDGE_LOOP ( 'NONE', ( #3838, #4872, #1885, #1613, #5698, #3274 ) ) ;
#2412 = FACE_OUTER_BOUND ( 'NONE', #4674, .T. ) ;
#2413 = CARTESIAN_POINT ( 'NONE',  ( 270.8310228692082000, 88.30091653030663700, -23.69971675300045900 ) ) ;
#2414 = CARTESIAN_POINT ( 'NONE',  ( 273.5254949638999700, 92.63619122990999700, -53.81705706307000300 ) ) ;
#2415 =( BOUNDED_SURFACE ( )  B_SPLINE_SURFACE ( 3, 3, ( 
 ( #2720, #1598, #1627, #7332 ),
 ( #3879, #1044, #5634, #2179 ),
 ( #3908, #486, #3954, #2315 ),
 ( #6882, #1678, #4585, #587 ) ),
 .UNSPECIFIED., .F., .F., .F. ) 
 B_SPLINE_SURFACE_WITH_KNOTS ( ( 4, 4 ),
 ( 4, 4 ),
 ( 0.0000000000000000000, 1.000000000000000000 ),
 ( 0.0000000000000000000, 1.000000000000000000 ),
 .UNSPECIFIED. ) 
 GEOMETRIC_REPRESENTATION_ITEM ( )  RATIONAL_B_SPLINE_SURFACE ( (
 ( 1.000000000000000000, 0.3333333333333334300, 0.3333333333333334300, 1.000000000000000000),
 ( 0.8047378541243166400, 0.2682459513747723100, 0.2682459513747723100, 0.8047378541243166400),
 ( 0.8047378541243166400, 0.2682459513747723100, 0.2682459513747723100, 0.8047378541243166400),
 ( 1.000000000000000000, 0.3333333333333334300, 0.3333333333333334300, 1.000000000000000000) ) ) 
 REPRESENTATION_ITEM ( '' )  SURFACE ( )  );
#2416 = CARTESIAN_POINT ( 'NONE',  ( 309.5197238212927000, 90.16356803690528900, -35.48180597293063000 ) ) ;
#2417 = B_SPLINE_CURVE_WITH_KNOTS ( 'NONE', 3,
 ( #2152, #7282, #7364, #2726 ),
 .UNSPECIFIED., .F., .F.,
 ( 4, 4 ),
 ( 0.0000000000000000000, 1.000000000000000000 ),
 .UNSPECIFIED. ) ;
#2418 = DIRECTION ( 'NONE',  ( -0.0000000000000000000, 1.000000000000000000, -0.0000000000000000000 ) ) ;
#2419 = EDGE_CURVE ( 'NONE', #1829, #1448, #3558, .T. ) ;
#2420 = B_SPLINE_CURVE_WITH_KNOTS ( 'NONE', 3,
 ( #3072, #7109, #2541, #293 ),
 .UNSPECIFIED., .F., .F.,
 ( 4, 4 ),
 ( 0.0000000000000000000, 1.000000000000000000 ),
 .UNSPECIFIED. ) ;
#2421 = EDGE_LOOP ( 'NONE', ( #6316, #5041 ) ) ;
#2422 = FACE_BOUND ( 'NONE', #7133, .T. ) ;
#2423 = CARTESIAN_POINT ( 'NONE',  ( 328.3916938661000700, 87.55092259951001700, -34.30828823262999100 ) ) ;
#2424 = CARTESIAN_POINT ( 'NONE',  ( 293.1194305696861900, 91.74162420034865300, -33.66385164390533900 ) ) ;
#2425 = VERTEX_POINT ( 'NONE', #4646 ) ;
#2426 = ORIENTED_EDGE ( 'NONE', *, *, #6796, .T. ) ;
#2427 = CARTESIAN_POINT ( 'NONE',  ( 306.8496507804600200, 90.22491294697795200, -30.85102043294612900 ) ) ;
#2428 = VECTOR ( 'NONE', #292, 1000.000000000000000 ) ;
#2429 = CARTESIAN_POINT ( 'NONE',  ( 323.5263679909287500, 90.97129002074528600, -42.15194117412977400 ) ) ;
#2430 = CARTESIAN_POINT ( 'NONE',  ( 273.2116076331932400, 88.46874346837003600, -25.54685828379006900 ) ) ;
#2431 = VERTEX_POINT ( 'NONE', #6886 ) ;
#2432 = ORIENTED_EDGE ( 'NONE', *, *, #1217, .T. ) ;
#2433 = CARTESIAN_POINT ( 'NONE',  ( 295.0769513645095700, 94.72977367579299800, -47.08526236553819200 ) ) ;
#2434 = CARTESIAN_POINT ( 'NONE',  ( 271.9593314568481900, 87.63377316533187400, -47.71784826748614000 ) ) ;
#2435 = LINE ( 'NONE', #6074, #5854 ) ;
#2436 = CARTESIAN_POINT ( 'NONE',  ( 314.2965367748221300, 90.00675374146381100, -37.97032319132447500 ) ) ;
#2437 = CARTESIAN_POINT ( 'NONE',  ( 319.3584910656289300, 92.93407082907312100, -42.43994615511804400 ) ) ;
#2438 = VERTEX_POINT ( 'NONE', #4077 ) ;
#2439 = CARTESIAN_POINT ( 'NONE',  ( 313.8378784321329800, 91.52546389091860100, -28.71507605423880700 ) ) ;
#2440 = CIRCLE ( 'NONE', #3270, 6.949999999999997500 ) ;
#2441 = CARTESIAN_POINT ( 'NONE',  ( 310.3040220909766700, 90.14193846934364300, -31.53832367524550400 ) ) ;
#2442 = ORIENTED_EDGE ( 'NONE', *, *, #5793, .T. ) ;
#2443 = ORIENTED_EDGE ( 'NONE', *, *, #3062, .F. ) ;
#2444 = ORIENTED_EDGE ( 'NONE', *, *, #1914, .F. ) ;
#2445 = CARTESIAN_POINT ( 'NONE',  ( 329.4445345069999600, 88.20776746490999200, -55.42379734985000500 ) ) ;
#2446 = ORIENTED_EDGE ( 'NONE', *, *, #4467, .T. ) ;
#2447 = CARTESIAN_POINT ( 'NONE',  ( 299.4844680003999400, -288.6180343825339500, -24.82900503446583300 ) ) ;
#2448 = CARTESIAN_POINT ( 'NONE',  ( 273.6835180724938800, 92.49250775978005400, -54.10413506503086700 ) ) ;
#2449 = AXIS2_PLACEMENT_3D ( 'NONE', #79, #3434, #562 ) ;
#2450 = CARTESIAN_POINT ( 'NONE',  ( 272.8147154951681700, 88.60143604092726800, -34.38786710732531300 ) ) ;
#2451 = ORIENTED_EDGE ( 'NONE', *, *, #6524, .F. ) ;
#2452 = ORIENTED_EDGE ( 'NONE', *, *, #6106, .T. ) ;
#2453 = EDGE_CURVE ( 'NONE', #6674, #1033, #5753, .T. ) ;
#2454 = CARTESIAN_POINT ( 'NONE',  ( 308.2806638566551700, 91.41142779026705500, -45.61326918867136000 ) ) ;
#2455 = CARTESIAN_POINT ( 'NONE',  ( 305.5345799582777900, 90.24804815674156100, -33.51289480218981300 ) ) ;
#2456 = CARTESIAN_POINT ( 'NONE',  ( 292.7428308961181600, 91.42169656153505700, -47.32407228999414900 ) ) ;
#2457 = ORIENTED_EDGE ( 'NONE', *, *, #2606, .F. ) ;
#2458 = ORIENTED_EDGE ( 'NONE', *, *, #4582, .T. ) ;
#2459 = CARTESIAN_POINT ( 'NONE',  ( 327.8154078214497500, 88.49883470342913900, -30.52254275395807400 ) ) ;
#2460 = B_SPLINE_CURVE_WITH_KNOTS ( 'NONE', 3,
 ( #1759, #2901, #7046, #2459 ),
 .UNSPECIFIED., .F., .F.,
 ( 4, 4 ),
 ( 0.0000000000000000000, 1.000000000000000000 ),
 .UNSPECIFIED. ) ;
#2461 = CARTESIAN_POINT ( 'NONE',  ( 272.8309084877000100, 87.55211678053999000, -43.99087698521999800 ) ) ;
#2462 = EDGE_CURVE ( 'NONE', #5965, #3323, #5891, .T. ) ;
#2463 = CARTESIAN_POINT ( 'NONE',  ( 311.6533958515312900, 91.60151246756530000, -37.81328494393539300 ) ) ;
#2464 = CARTESIAN_POINT ( 'NONE',  ( 270.9781594174268700, 88.39715434839975200, -55.07166863154268600 ) ) ;
#2465 = ORIENTED_EDGE ( 'NONE', *, *, #4111, .F. ) ;
#2466 = CARTESIAN_POINT ( 'NONE',  ( 273.5430548520001300, 92.36086963513000100, -54.15880970832000700 ) ) ;
#2467 = CARTESIAN_POINT ( 'NONE',  ( 327.1690839693436000, 88.59662816412380000, -44.07256157538051900 ) ) ;
#2468 = CARTESIAN_POINT ( 'NONE',  ( 323.9260268945207600, 87.04085002964001200, -37.92822017413668300 ) ) ;
#2469 = CARTESIAN_POINT ( 'NONE',  ( 285.8129679803153100, 90.05019745429390800, -35.73987976630730400 ) ) ;
#2470 = SHAPE_REPRESENTATION ( 'PRODUCT_1803', ( #1458, #6612, #800 ), #3760 ) ;
#2471 = EDGE_CURVE ( 'NONE', #5303, #7096, #5922, .T. ) ;
#2472 = FACE_BOUND ( 'NONE', #5497, .T. ) ;
#2473 = CARTESIAN_POINT ( 'NONE',  ( 320.7105116117352300, 87.04085002964075100, -36.10224754195224500 ) ) ;
#2474 = DIRECTION ( 'NONE',  ( 0.0000000000000000000, 0.0000000000000000000, 1.000000000000000000 ) ) ;
#2475 = AXIS2_PLACEMENT_3D ( 'NONE', #3259, #2062, #2645 ) ;
#2476 = CARTESIAN_POINT ( 'NONE',  ( 300.1030449484036400, 91.48418012815658100, -25.71436710406420200 ) ) ;
#2477 = B_SPLINE_CURVE_WITH_KNOTS ( 'NONE', 3,
 ( #4459, #503, #6773, #3874, #1010, #1059, #3366, #6178, #5629, #5079, #1622, #6743, #2200, #2714 ),
 .UNSPECIFIED., .F., .F.,
 ( 4, 2, 2, 2, 2, 2, 4 ),
 ( 0.0000000000000000000, 0.0004297059807606963500, 0.0008594119615213927000, 0.001289117942282089200, 0.001718823923042785400, 0.002578235884564295000, 0.003437647846085804600 ),
 .UNSPECIFIED. ) ;
#2478 = DIRECTION ( 'NONE',  ( 0.0000000000000000000, -1.000000000000000000, 0.0000000000000000000 ) ) ;
#2479 = VERTEX_POINT ( 'NONE', #4727 ) ;
#2480 = CARTESIAN_POINT ( 'NONE',  ( 302.3439169339000000, 93.69837291331002400, -52.52264070894999300 ) ) ;
#2481 = DIRECTION ( 'NONE',  ( 0.0000000000000000000, 0.0000000000000000000, 1.000000000000000000 ) ) ;
#2482 = CARTESIAN_POINT ( 'NONE',  ( 324.2822394110684200, 90.94100360115999100, -38.87809563233636800 ) ) ;
#2483 = CARTESIAN_POINT ( 'NONE',  ( 324.6267890614922700, 90.92717242862231300, -26.35815327209400700 ) ) ;
#2484 = EDGE_LOOP ( 'NONE', ( #4202, #6601, #4244, #3502 ) ) ;
#2485 = CARTESIAN_POINT ( 'NONE',  ( 326.4125091760652100, 92.52594089399212900, -53.85567135427814400 ) ) ;
#2486 = CARTESIAN_POINT ( 'NONE',  ( 320.7106375280690700, 92.88504549319722500, -42.75820119579083200 ) ) ;
#2487 = CARTESIAN_POINT ( 'NONE',  ( 311.6385060201038200, 91.60182060010805600, -26.51489090544421100 ) ) ;
#2488 = CARTESIAN_POINT ( 'NONE',  ( 310.7657422219346000, 90.12840663190878800, -32.47327847149921400 ) ) ;
#2489 = EDGE_CURVE ( 'NONE', #931, #4615, #5317, .T. ) ;
#2490 = CARTESIAN_POINT ( 'NONE',  ( 327.7444361882421000, 88.53245086043621400, -47.83130127256270500 ) ) ;
#2491 = CARTESIAN_POINT ( 'NONE',  ( 328.1814286592641000, 87.63380170034996300, -47.53239594568860600 ) ) ;
#2492 = CARTESIAN_POINT ( 'NONE',  ( 299.9925646667999800, -459.6804674398999300, -47.32048776671291500 ) ) ;
#2493 = CARTESIAN_POINT ( 'NONE',  ( 321.4660782383568900, 87.04085002963991300, -38.47169607318890900 ) ) ;
#2494 = ADVANCED_FACE ( 'NONE', ( #1343 ), #450, .T. ) ;
#2495 = CARTESIAN_POINT ( 'NONE',  ( 306.9498714613999400, 89.50000000000028400, -46.30807779752999700 ) ) ;
#2496 = ORIENTED_EDGE ( 'NONE', *, *, #2651, .T. ) ;
#2497 = CARTESIAN_POINT ( 'NONE',  ( 270.6066934914689500, 88.29004207090726200, -23.83492983954279900 ) ) ;
#2498 = VECTOR ( 'NONE', #2936, 1000.000000000000000 ) ;
#2499 = CARTESIAN_POINT ( 'NONE',  ( 327.1690839693436000, 88.59662816412380000, -44.07256157538051900 ) ) ;
#2500 = CARTESIAN_POINT ( 'NONE',  ( 309.2603518096073000, 85.46874564475999100, -45.33365881566824400 ) ) ;
#2501 = EDGE_CURVE ( 'NONE', #7393, #3042, #1835, .T. ) ;
#2502 = EDGE_LOOP ( 'NONE', ( #6923, #7081, #3603, #1941, #7105 ) ) ;
#2503 = CIRCLE ( 'NONE', #666, 3.680103583070026800 ) ;
#2504 = B_SPLINE_CURVE_WITH_KNOTS ( 'NONE', 3,
 ( #3384, #5810, #5218, #2373, #599, #2859, #1152, #6893, #4696, #1238, #5268, #6345, #6919, #5791, #3511, #618, #2348, #3445, #668, #1747, #6359, #41, #1807, #2391, #5829, #4602, #4629, #2928 ),
 .UNSPECIFIED., .F., .F.,
 ( 4, 1, 1, 2, 2, 1, 1, 1, 2, 2, 1, 1, 1, 2, 2, 2, 2, 4 ),
 ( 0.0000000000000000000, 0.1249999999998691600, 0.1874999999998096500, 0.2187499999997805600, 0.2499999999997515300, 0.3749999999995231000, 0.4374999999994019200, 0.4687499999993606800, 0.4843749999993420300, 0.4999999999993233200, 0.6249999999993749400, 0.6874999999993981500, 0.7187499999993933700, 0.7343749999994098100, 0.7499999999994263500, 0.8124999999995697900, 0.8749999999997131200, 1.000000000000000000 ),
 .UNSPECIFIED. ) ;
#2505 = CARTESIAN_POINT ( 'NONE',  ( 295.0183070432474300, 94.72966876832627700, -45.92941683337098600 ) ) ;
#2506 = UNCERTAINTY_MEASURE_WITH_UNIT (LENGTH_MEASURE( 1.000000000000000100E-005 ), #3202, 'distance_accuracy_value', 'NONE');
#2507 = CARTESIAN_POINT ( 'NONE',  ( 325.4114974460725900, 90.89512629061572100, -27.11462933524218900 ) ) ;
#2508 = CARTESIAN_POINT ( 'NONE',  ( 309.3432929594761700, 91.39245706692722100, -39.73332668022321500 ) ) ;
#2509 = CARTESIAN_POINT ( 'NONE',  ( 320.7106028994654700, 91.08069351521423600, -43.46247692419413500 ) ) ;
#2510 = CARTESIAN_POINT ( 'NONE',  ( 318.6455333586094400, 92.95863092467092800, -41.93398799274405800 ) ) ;
#2511 = ORIENTED_EDGE ( 'NONE', *, *, #1315, .T. ) ;
#2512 = VECTOR ( 'NONE', #4601, 1000.000000000000000 ) ;
#2513 = CARTESIAN_POINT ( 'NONE',  ( 273.8656355211550100, 88.94368247527080500, -25.44200723266693800 ) ) ;
#2514 = DIRECTION ( 'NONE',  ( 0.0000000000000000000, 0.0000000000000000000, -1.000000000000000000 ) ) ;
#2515 = EDGE_CURVE ( 'NONE', #1161, #5679, #3752, .T. ) ;
#2516 = CARTESIAN_POINT ( 'NONE',  ( 275.1016100311250100, 90.91588662903383500, -26.37674436786494800 ) ) ;
#2517 =( GEOMETRIC_REPRESENTATION_CONTEXT ( 3 ) GLOBAL_UNCERTAINTY_ASSIGNED_CONTEXT ( ( #2727 ) ) GLOBAL_UNIT_ASSIGNED_CONTEXT ( ( #6947, #1724, #44 ) ) REPRESENTATION_CONTEXT ( 'NONE', 'WORKASPACE' ) );
#2518 = DIRECTION ( 'NONE',  ( 1.000000000000000000, 0.0000000000000000000, 0.0000000000000000000 ) ) ;
#2519 = ORIENTED_EDGE ( 'NONE', *, *, #2679, .T. ) ;
#2520 = FACE_OUTER_BOUND ( 'NONE', #1537, .T. ) ;
#2521 = DIRECTION ( 'NONE',  ( -0.01745240636938736500, 0.9998476951575763200, 0.0000000000000000000 ) ) ;
#2522 = CARTESIAN_POINT ( 'NONE',  ( 273.3190450946547700, 89.21017356242214200, -25.83100688472487500 ) ) ;
#2523 = CARTESIAN_POINT ( 'NONE',  ( 270.8310228692082000, 88.30091653030663700, -23.69971675300045900 ) ) ;
#2524 = CARTESIAN_POINT ( 'NONE',  ( 327.1689911666723600, 88.58727546913115700, -45.14214128628373100 ) ) ;
#2525 = CYLINDRICAL_SURFACE ( 'NONE', #6282, 0.5499999999999949400 ) ;
#2526 = ORIENTED_EDGE ( 'NONE', *, *, #2823, .F. ) ;
#2527 = ORIENTED_EDGE ( 'NONE', *, *, #548, .T. ) ;
#2528 = CARTESIAN_POINT ( 'NONE',  ( 308.9998493951151800, 85.46874564476000600, -45.30806422134850200 ) ) ;
#2529 = CARTESIAN_POINT ( 'NONE',  ( 304.0372745832844400, 94.74207606522841700, -49.22905961835525100 ) ) ;
#2530 = CARTESIAN_POINT ( 'NONE',  ( 295.5949858496832100, 94.73575322635474500, -43.97915658260190200 ) ) ;
#2531 = ORIENTED_EDGE ( 'NONE', *, *, #4051, .T. ) ;
#2532 = VERTEX_POINT ( 'NONE', #5849 ) ;
#2533 = EDGE_LOOP ( 'NONE', ( #7245, #6527 ) ) ;
#2534 = ADVANCED_FACE ( 'NONE', ( #187 ), #628, .T. ) ;
#2535 = EDGE_CURVE ( 'NONE', #6653, #3335, #1957, .T. ) ;
#2536 = CARTESIAN_POINT ( 'NONE',  ( 279.2893471838999600, 88.54085002964014000, -39.78237565572000300 ) ) ;
#2537 = CARTESIAN_POINT ( 'NONE',  ( 327.1852442761501200, 88.60166968712314900, -34.38964280318493400 ) ) ;
#2538 = CARTESIAN_POINT ( 'NONE',  ( 303.1280512399729300, 94.75414050901437700, -42.42702426000881400 ) ) ;
#2539 = ORIENTED_EDGE ( 'NONE', *, *, #5023, .F. ) ;
#2540 = DIRECTION ( 'NONE',  ( 0.0000000000000000000, 0.0000000000000000000, 1.000000000000000000 ) ) ;
#2541 = CARTESIAN_POINT ( 'NONE',  ( 300.0704859952138000, 91.48313896951523800, -39.73402975315999400 ) ) ;
#2542 = AXIS2_PLACEMENT_3D ( 'NONE', #3327, #2801, #6801 ) ;
#2543 = CARTESIAN_POINT ( 'NONE',  ( 321.1032715943395000, 87.04085002963991300, -38.32141664071767900 ) ) ;
#2544 = ORIENTED_EDGE ( 'NONE', *, *, #2287, .T. ) ;
#2545 = ORIENTED_EDGE ( 'NONE', *, *, #5307, .T. ) ;
#2546 = EDGE_CURVE ( 'NONE', #5621, #5202, #695, .T. ) ;
#2547 = CARTESIAN_POINT ( 'NONE',  ( 291.9742904432660000, 85.46874564476000600, -46.56855814572973900 ) ) ;
#2548 = CARTESIAN_POINT ( 'NONE',  ( 291.8069874443844500, 91.71720997944602500, -32.98065649493343400 ) ) ;
#2549 = CARTESIAN_POINT ( 'NONE',  ( 297.2589519598598700, 91.46545462465245200, -50.12929666792592100 ) ) ;
#2550 = ORIENTED_EDGE ( 'NONE', *, *, #3755, .F. ) ;
#2551 = DIRECTION ( 'NONE',  ( 0.0000000000000000000, 0.0000000000000000000, -1.000000000000000000 ) ) ;
#2552 = CARTESIAN_POINT ( 'NONE',  ( 304.0217798010347700, 94.74237641740298000, -49.25040732981897000 ) ) ;
#2553 = CARTESIAN_POINT ( 'NONE',  ( 271.8137475964774100, 87.63380170034997700, -30.63481016068173800 ) ) ;
#2554 = B_SPLINE_CURVE_WITH_KNOTS ( 'NONE', 3,
 ( #7343, #540, #3356, #1127 ),
 .UNSPECIFIED., .F., .F.,
 ( 4, 4 ),
 ( 0.0000000000000000000, 1.000000000000000000 ),
 .UNSPECIFIED. ) ;
#2555 = CARTESIAN_POINT ( 'NONE',  ( 322.0709193913664900, 91.02843868373874200, -36.34510070848583000 ) ) ;
#2556 = EDGE_CURVE ( 'NONE', #7130, #6596, #6989, .T. ) ;
#2557 = CARTESIAN_POINT ( 'NONE',  ( 273.8400287494944200, 90.27736862559936500, -26.90886088671227200 ) ) ;
#2558 = CARTESIAN_POINT ( 'NONE',  ( 329.3022236750491100, 88.29422564469756200, -23.75752813081573200 ) ) ;
#2559 = B_SPLINE_CURVE_WITH_KNOTS ( 'NONE', 3,
 ( #843, #3088, #5984, #812 ),
 .UNSPECIFIED., .F., .F.,
 ( 4, 4 ),
 ( 0.0000000000000000000, 1.000000000000000000 ),
 .UNSPECIFIED. ) ;
#2560 = CARTESIAN_POINT ( 'NONE',  ( 273.8617278836451300, 88.72057797304877600, -25.32363042385809800 ) ) ;
#2561 = CARTESIAN_POINT ( 'NONE',  ( 304.2904934678240900, 94.73787830188040000, -43.77449416860518000 ) ) ;
#2562 = FACE_OUTER_BOUND ( 'NONE', #394, .T. ) ;
#2563 = CARTESIAN_POINT ( 'NONE',  ( 309.3220966097679800, 91.39500756944438800, -45.35240863233519100 ) ) ;
#2564 = CARTESIAN_POINT ( 'NONE',  ( 289.7749886189174000, 91.37742591744566300, -47.89504559943581100 ) ) ;
#2565 = CARTESIAN_POINT ( 'NONE',  ( 322.2106497678000200, 88.54085002964014000, -39.97872519656952800 ) ) ;
#2566 = ADVANCED_FACE ( 'NONE', ( #3201 ), #7188, .F. ) ;
#2567 = CARTESIAN_POINT ( 'NONE',  ( 291.8732115445565100, 85.46874564475999100, -46.81296431406064300 ) ) ;
#2568 = CARTESIAN_POINT ( 'NONE',  ( 291.9878105813148200, 91.72075821120317600, -33.19498786412983500 ) ) ;
#2569 = CARTESIAN_POINT ( 'NONE',  ( 297.1256323750853300, 91.46445528412249400, -42.58600983570722300 ) ) ;
#2570 = CARTESIAN_POINT ( 'NONE',  ( 326.3775350630000400, 89.88741806457001400, -26.71228784842999500 ) ) ;
#2571 = CARTESIAN_POINT ( 'NONE',  ( 327.7195079876773900, 87.63380173883808800, -43.52256037000443500 ) ) ;
#2572 = CARTESIAN_POINT ( 'NONE',  ( 299.9931943043524100, 90.29607490264668000, -24.91897935913467100 ) ) ;
#2573 = CARTESIAN_POINT ( 'NONE',  ( 304.9814063494667900, 94.72950310881229500, -46.34353206460468800 ) ) ;
#2574 = AXIS2_PLACEMENT_3D ( 'NONE', #6935, #5163, #6504 ) ;
#2575 = CARTESIAN_POINT ( 'NONE',  ( 293.8464221485743900, 91.44030318891559300, -53.20475741590221500 ) ) ;
#2576 = CARTESIAN_POINT ( 'NONE',  ( 273.8578274790652400, 88.49750784093392000, -25.20524626145695600 ) ) ;
#2577 = LINE ( 'NONE', #747, #175 ) ;
#2578 = CARTESIAN_POINT ( 'NONE',  ( 272.8309084877000100, 87.63380170035024700, -45.67693169605000500 ) ) ;
#2579 = CARTESIAN_POINT ( 'NONE',  ( 304.3041637950084400, 94.73762264883092100, -43.79774203897859800 ) ) ;
#2580 = DIRECTION ( 'NONE',  ( 0.0000000000000000000, -0.9998533012465720100, 0.01712822192557865800 ) ) ;
#2581 = PRESENTATION_LAYER_ASSIGNMENT (  '', '', ( #3882 ) ) ;
#2582 = CARTESIAN_POINT ( 'NONE',  ( 327.0061497550121900, 89.23391344778336500, -26.59679479665004500 ) ) ;
#2583 = CARTESIAN_POINT ( 'NONE',  ( 294.3374956349396100, 100.8330302779791800, -45.30807779753109800 ) ) ;
#2584 = ORIENTED_EDGE ( 'NONE', *, *, #6440, .F. ) ;
#2585 = FACE_OUTER_BOUND ( 'NONE', #5343, .T. ) ;
#2586 = DIRECTION ( 'NONE',  ( 0.0000000000000000000, 1.000000000000000000, 0.0000000000000000000 ) ) ;
#2587 = CARTESIAN_POINT ( 'NONE',  ( 291.2603518096058800, 85.46874564475999100, -45.33365881566764700 ) ) ;
#2588 = CARTESIAN_POINT ( 'NONE',  ( 328.0290076945360600, 87.63375982350851200, -43.62793438533270800 ) ) ;
#2589 = CARTESIAN_POINT ( 'NONE',  ( 303.8355648319409300, 91.45683061666268500, -43.56012977911413500 ) ) ;
#2590 = ORIENTED_EDGE ( 'NONE', *, *, #2911, .T. ) ;
#2591 = CARTESIAN_POINT ( 'NONE',  ( 314.7605807746655300, 91.27523521660653200, -36.69276147608173500 ) ) ;
#2592 = FACE_OUTER_BOUND ( 'NONE', #2614, .T. ) ;
#2593 =( BOUNDED_CURVE ( )  B_SPLINE_CURVE ( 3, ( #1689, #2731, #3976, #6789 ),
 .UNSPECIFIED., .F., .F. ) 
 B_SPLINE_CURVE_WITH_KNOTS ( ( 4, 4 ),
 ( 0.0000000000000000000, 1.000000000000000000 ),
 .UNSPECIFIED. ) 
 CURVE ( )  GEOMETRIC_REPRESENTATION_ITEM ( )  RATIONAL_B_SPLINE_CURVE ( ( 0.9999951252429010200, 0.9052019777740445400, 0.9052021419171671900, 0.9999956176724549300 ) ) 
 REPRESENTATION_ITEM ( '' )  );
#2594 = CARTESIAN_POINT ( 'NONE',  ( 325.4170794258000700, 90.55283167397003300, -26.20870532311001000 ) ) ;
#2595 = EDGE_CURVE ( 'NONE', #2479, #4436, #808, .T. ) ;
#2596 = CARTESIAN_POINT ( 'NONE',  ( 274.2801582094589300, 89.75020561738840300, -25.83179442193128500 ) ) ;
#2597 = ORIENTED_EDGE ( 'NONE', *, *, #3316, .T. ) ;
#2598 = B_SPLINE_CURVE_WITH_KNOTS ( 'NONE', 3,
 ( #1618, #1693, #1107, #5677 ),
 .UNSPECIFIED., .F., .F.,
 ( 4, 4 ),
 ( 0.0000000000000000000, 1.000000000000000000 ),
 .UNSPECIFIED. ) ;
#2600 = ADVANCED_FACE ( 'NONE', ( #4215, #2422, #3481, #1705, #2244 ), #6544, .T. ) ;
#2599 = CARTESIAN_POINT ( 'NONE',  ( 272.2799823156797200, 87.63380160319735500, -47.83135507884986000 ) ) ;
#2601 = B_SPLINE_CURVE_WITH_KNOTS ( 'NONE', 3,
 ( #2320, #5235, #6909, #4046, #6863, #4647, #5206, #1758, #3995, #4591 ),
 .UNSPECIFIED., .F., .F.,
 ( 4, 2, 2, 2, 4 ),
 ( 0.0000000000000000000, 0.2500000000000000000, 0.5000000000000000000, 0.7500000000000000000, 1.000000000000000000 ),
 .UNSPECIFIED. ) ;
#2602 = DIRECTION ( 'NONE',  ( 0.9986295344685861600, 0.05233596169991473800, 0.0000000000000000000 ) ) ;
#2603 = ORIENTED_EDGE ( 'NONE', *, *, #2642, .F. ) ;
#2604 = CARTESIAN_POINT ( 'NONE',  ( 304.9116075154523200, 94.73027803290236200, -45.46201395556649800 ) ) ;
#2605 = VERTEX_POINT ( 'NONE', #3056 ) ;
#2606 = EDGE_CURVE ( 'NONE', #4540, #807, #6820, .T. ) ;
#2607 = CYLINDRICAL_SURFACE ( 'NONE', #6721, 0.4999999999993473600 ) ;
#2608 = CARTESIAN_POINT ( 'NONE',  ( 321.7662999354400300, 91.04012940298390800, -43.31784929089753400 ) ) ;
#2609 = CARTESIAN_POINT ( 'NONE',  ( 311.2386002275049500, 90.04205509460567200, -36.20669575093529600 ) ) ;
#2610 = CARTESIAN_POINT ( 'NONE',  ( 288.9997994360466600, 85.46874564475999100, -46.56998818666667000 ) ) ;
#2611 = VERTEX_POINT ( 'NONE', #1867 ) ;
#2612 = FACE_OUTER_BOUND ( 'NONE', #913, .T. ) ;
#2613 = CARTESIAN_POINT ( 'NONE',  ( 272.2553668422054900, 88.56744890042908500, -43.52256180327310600 ) ) ;
#2614 = EDGE_LOOP ( 'NONE', ( #4424, #1171, #1804, #7110 ) ) ;
#2615 = ORIENTED_EDGE ( 'NONE', *, *, #7135, .T. ) ;
#2616 = ORIENTED_EDGE ( 'NONE', *, *, #820, .F. ) ;
#2617 = VERTEX_POINT ( 'NONE', #4247 ) ;
#2618 = CARTESIAN_POINT ( 'NONE',  ( 292.9974160715000300, 90.16120232570000300, -33.66385163789999500 ) ) ;
#2619 = CARTESIAN_POINT ( 'NONE',  ( 326.7590522881855000, 88.47054711990259100, -25.54637952350619300 ) ) ;
#2620 = ADVANCED_FACE ( 'NONE', ( #899 ), #3795, .T. ) ;
#2621 = DIRECTION ( 'NONE',  ( 0.0000000000000000000, 0.4698490814013460100, 0.8827467591026949600 ) ) ;
#2622 = CARTESIAN_POINT ( 'NONE',  ( 311.6385060201038200, 91.60182060010805600, -26.51489090544421100 ) ) ;
#2623 =( REPRESENTATION_RELATIONSHIP ('NONE','NONE', #2470, #21 ) REPRESENTATION_RELATIONSHIP_WITH_TRANSFORMATION ( #5176 )SHAPE_REPRESENTATION_RELATIONSHIP( ) );
#2624 = VERTEX_POINT ( 'NONE', #5353 ) ;
#2625 = ORIENTED_EDGE ( 'NONE', *, *, #362, .F. ) ;
#2626 = CARTESIAN_POINT ( 'NONE',  ( 295.2998714613997900, 94.76874564476027300, -46.92330635885658600 ) ) ;
#2627 = ORIENTED_EDGE ( 'NONE', *, *, #6992, .T. ) ;
#2628 = DIRECTION ( 'NONE',  ( 0.0000000000000000000, -1.000000000000000000, 0.0000000000000000000 ) ) ;
#2629 = CARTESIAN_POINT ( 'NONE',  ( 274.9441938185098000, 90.90945440164527700, -26.39617064292911100 ) ) ;
#2630 = EDGE_CURVE ( 'NONE', #483, #4717, #4159, .T. ) ;
#2631 = ORIENTED_EDGE ( 'NONE', *, *, #45, .F. ) ;
#2632 = EDGE_LOOP ( 'NONE', ( #5604, #6869, #3395, #5142 ) ) ;
#2633 = CARTESIAN_POINT ( 'NONE',  ( 271.7307819418134000, 88.50613263289551500, -47.30609427574614800 ) ) ;
#2634 = CARTESIAN_POINT ( 'NONE',  ( 304.2854489828685600, 94.73797378814150200, -43.76595972755541200 ) ) ;
#2635 = CARTESIAN_POINT ( 'NONE',  ( 311.2558785653393400, 90.94353523275967200, -39.72296197086760800 ) ) ;
#2636 = CARTESIAN_POINT ( 'NONE',  ( 301.2449402590999600, 94.82252663095999900, -51.24270061461999900 ) ) ;
#2637 = SURFACE_STYLE_FILL_AREA ( #4977 ) ;
#2638 = CARTESIAN_POINT ( 'NONE',  ( 280.7799007307141900, 92.93891838942305100, -37.19834405361440600 ) ) ;
#2639 = DIRECTION ( 'NONE',  ( 0.0000000000000000000, -0.01746061909665015000, -0.9998475517701493900 ) ) ;
#2640 = ADVANCED_FACE ( 'NONE', ( #7001 ), #6593, .T. ) ;
#2641 = CARTESIAN_POINT ( 'NONE',  ( 327.9957112500530300, 87.63372148273597900, -43.60347876355256600 ) ) ;
#2642 = EDGE_CURVE ( 'NONE', #6662, #3770, #4746, .T. ) ;
#2643 = DIRECTION ( 'NONE',  ( -0.05233596162629526600, 0.9986295344724442900, -3.794882281315581000E-014 ) ) ;
#2644 = CARTESIAN_POINT ( 'NONE',  ( 291.8044698387226400, 91.41285296763719300, -45.69845448644300500 ) ) ;
#2645 = DIRECTION ( 'NONE',  ( 1.000000000000000000, 0.0000000000000000000, 0.0000000000000000000 ) ) ;
#2646 = FACE_OUTER_BOUND ( 'NONE', #2342, .T. ) ;
#2647 = CARTESIAN_POINT ( 'NONE',  ( 294.5518051372999900, 94.76434377392004600, -46.30424455686999600 ) ) ;
#2648 = CARTESIAN_POINT ( 'NONE',  ( 308.8671009175549200, 85.46874564476000600, -47.30793174987282200 ) ) ;
#2649 = B_SPLINE_CURVE_WITH_KNOTS ( 'NONE', 3,
 ( #6146, #1481, #3276, #6628 ),
 .UNSPECIFIED., .F., .F.,
 ( 4, 4 ),
 ( 0.0000000000000000000, 1.000000000000000000 ),
 .UNSPECIFIED. ) ;
#2650 = DIRECTION ( 'NONE',  ( 0.0000000000000000000, -1.000000000000000000, 0.0000000000000000000 ) ) ;
#2651 = EDGE_CURVE ( 'NONE', #3004, #1971, #4133, .T. ) ;
#2652 = CARTESIAN_POINT ( 'NONE',  ( 326.4229790744872200, 92.43050931264177400, -25.75960959213403400 ) ) ;
#2653 = DIRECTION ( 'NONE',  ( 0.05233755900029788500, -0.9986294507563304700, 0.0000000000000000000 ) ) ;
#2654 = CARTESIAN_POINT ( 'NONE',  ( 300.0000879530449000, 91.48356220428632900, -53.20393052793885900 ) ) ;
#2655 = CARTESIAN_POINT ( 'NONE',  ( 323.0296836516771500, 88.54085296164829800, -38.00019013634396000 ) ) ;
#2656 = CARTESIAN_POINT ( 'NONE',  ( 311.1105513371373900, 91.36171241165320100, -53.20477378799775200 ) ) ;
#2657 = CARTESIAN_POINT ( 'NONE',  ( 299.7735325305999900, 93.22680206220002200, -53.53263487219001600 ) ) ;
#2658 = VERTEX_POINT ( 'NONE', #3919 ) ;
#2659 = CARTESIAN_POINT ( 'NONE',  ( 271.6297305917602200, 87.63380240864619000, -31.01864651196545400 ) ) ;
#2660 = CARTESIAN_POINT ( 'NONE',  ( 272.5997903159647500, 88.52408222982346300, -30.64301834083418900 ) ) ;
#2661 = CARTESIAN_POINT ( 'NONE',  ( 299.4176351163999900, 90.47322420862998600, -54.59061662434002200 ) ) ;
#2662 = EDGE_LOOP ( 'NONE', ( #1084, #4527 ) ) ;
#2663 = CARTESIAN_POINT ( 'NONE',  ( 0.0000000000000000000, 0.0000000000000000000, 0.0000000000000000000 ) ) ;
#2664 =( NAMED_UNIT ( * ) PLANE_ANGLE_UNIT ( ) SI_UNIT ( $, .RADIAN. ) );
#2665 = CARTESIAN_POINT ( 'NONE',  ( 296.1511467345000000, 94.79895414440001400, -50.15679308388000400 ) ) ;
#2666 = AXIS2_PLACEMENT_3D ( 'NONE', #5170, #22, #6360 ) ;
#2667 = CARTESIAN_POINT ( 'NONE',  ( 295.8930754361342700, 94.76874564476027300, -48.67508700527212500 ) ) ;
#2668 = EDGE_LOOP ( 'NONE', ( #3041, #1449, #4967, #197, #6472, #391, #5814 ) ) ;
#2669 = CYLINDRICAL_SURFACE ( 'NONE', #3447, 4.700000000000002800 ) ;
#2670 = ADVANCED_FACE ( 'NONE', ( #2592 ), #6109, .F. ) ;
#2671 = ADVANCED_FACE ( 'NONE', ( #4600 ), #6638, .T. ) ;
#2672 = VERTEX_POINT ( 'NONE', #3978 ) ;
#2673 = CARTESIAN_POINT ( 'NONE',  ( 307.8100772598303900, 91.70384593169845300, -30.51656461169468000 ) ) ;
#2674 = CARTESIAN_POINT ( 'NONE',  ( 292.5993345656463600, 85.46874564475999100, -47.53714367726470200 ) ) ;
#2675 = CYLINDRICAL_SURFACE ( 'NONE', #903, 1.299999999938396900 ) ;
#2676 = CARTESIAN_POINT ( 'NONE',  ( 287.0155540793643400, 93.12099906143738800, -26.48716158765763500 ) ) ;
#2677 = AXIS2_PLACEMENT_3D ( 'NONE', #1288, #190, #1336 ) ;
#2678 = CARTESIAN_POINT ( 'NONE',  ( 309.5556319469900500, 91.39080943203084900, -47.14966239337437800 ) ) ;
#2679 = EDGE_CURVE ( 'NONE', #3518, #3150, #2046, .T. ) ;
#2680 = CARTESIAN_POINT ( 'NONE',  ( 290.9998714614002300, 85.46874564476118500, -44.30807779753000400 ) ) ;
#2681 = CARTESIAN_POINT ( 'NONE',  ( 327.0062830536611500, 89.23377458526991300, -51.92975064239904300 ) ) ;
#2682 = ORIENTED_EDGE ( 'NONE', *, *, #4402, .T. ) ;
#2683 = FACE_OUTER_BOUND ( 'NONE', #1868, .T. ) ;
#2684 = CARTESIAN_POINT ( 'NONE',  ( 282.1159853494644400, 92.98384180118947000, -40.73839002859118400 ) ) ;
#2685 = CARTESIAN_POINT ( 'NONE',  ( 290.5165781256999900, 89.14637698309002200, -54.90378017314000700 ) ) ;
#2686 = CARTESIAN_POINT ( 'NONE',  ( 327.4039156133588900, 91.11402786141199800, -25.23856434973265200 ) ) ;
#2687 = CARTESIAN_POINT ( 'NONE',  ( 303.5447922444562300, 91.45919795238576500, -49.39814939621961500 ) ) ;
#2688 = CARTESIAN_POINT ( 'NONE',  ( 291.9998745918375700, 91.41579649904385000, -46.43167355094279700 ) ) ;
#2689 = ORIENTED_EDGE ( 'NONE', *, *, #5321, .T. ) ;
#2690 = DIRECTION ( 'NONE',  ( 1.000000000000000000, 0.0000000000000000000, 0.0000000000000000000 ) ) ;
#2691 = CARTESIAN_POINT ( 'NONE',  ( 300.0083183271015100, 94.76912207873208200, -46.30807792753606800 ) ) ;
#2692 = EDGE_CURVE ( 'NONE', #1971, #3004, #2503, .T. ) ;
#2693 = B_SPLINE_CURVE_WITH_KNOTS ( 'NONE', 3,
 ( #2930, #4030, #2309, #4008 ),
 .UNSPECIFIED., .F., .F.,
 ( 4, 4 ),
 ( 0.0000000000000000000, 1.000000000000000000 ),
 .UNSPECIFIED. ) ;
#2694 = CARTESIAN_POINT ( 'NONE',  ( 274.2513294288168000, 88.58761652736738800, -53.22900420288853200 ) ) ;
#2695 = AXIS2_PLACEMENT_3D ( 'NONE', #6203, #3413, #1035 ) ;
#2696 = LINE ( 'NONE', #5230, #4341 ) ;
#2697 = ORIENTED_EDGE ( 'NONE', *, *, #6606, .T. ) ;
#2698 = ORIENTED_EDGE ( 'NONE', *, *, #4184, .T. ) ;
#2699 = VERTEX_POINT ( 'NONE', #1691 ) ;
#2700 = CARTESIAN_POINT ( 'NONE',  ( 304.9815342452694200, 94.72951654313443700, -46.30801956589686300 ) ) ;
#2701 = ORIENTED_EDGE ( 'NONE', *, *, #6402, .F. ) ;
#2702 = ORIENTED_EDGE ( 'NONE', *, *, #6122, .T. ) ;
#2703 = CARTESIAN_POINT ( 'NONE',  ( 273.7785618333418800, 92.49087460759454900, -25.63307991066979200 ) ) ;
#2704 = EDGE_LOOP ( 'NONE', ( #4010, #6749 ) ) ;
#2705 = CARTESIAN_POINT ( 'NONE',  ( 302.1664945635969300, 91.47051946732165100, -53.20443875256699300 ) ) ;
#2706 = CARTESIAN_POINT ( 'NONE',  ( 284.2233971527600100, 90.40826740093375200, -36.21909501929468400 ) ) ;
#2707 = CARTESIAN_POINT ( 'NONE',  ( 279.4858993069753400, 92.89231389529379600, -36.80642103404115100 ) ) ;
#2708 = ORIENTED_EDGE ( 'NONE', *, *, #2882, .T. ) ;
#2709 = CARTESIAN_POINT ( 'NONE',  ( 300.8712378470602900, 93.27318017192828800, -53.42661548523583500 ) ) ;
#2710 = ADVANCED_FACE ( 'NONE', ( #6373 ), #4948, .F. ) ;
#2711 = CARTESIAN_POINT ( 'NONE',  ( 326.6200032907014500, 88.47559371156941700, -25.40282445102962300 ) ) ;
#2712 = AXIS2_PLACEMENT_3D ( 'NONE', #6782, #2653, #2104 ) ;
#2713 = CARTESIAN_POINT ( 'NONE',  ( 291.8788855274517000, 91.41397080517980100, -45.81363900984867900 ) ) ;
#2714 = CARTESIAN_POINT ( 'NONE',  ( 313.8653536345227100, 93.09955675801862200, -28.68758523629560000 ) ) ;
#2715 = CARTESIAN_POINT ( 'NONE',  ( 290.2907751959556900, 91.38812883890236100, -45.60296047018923800 ) ) ;
#2716 = CARTESIAN_POINT ( 'NONE',  ( 311.7428760502401700, 91.59851747766673200, -37.81119535702717400 ) ) ;
#2717 = DIRECTION ( 'NONE',  ( -0.01745174204982865400, 0.9998096369093798500, 0.008725058312726534700 ) ) ;
#2718 = ORIENTED_EDGE ( 'NONE', *, *, #2157, .T. ) ;
#2719 = DIRECTION ( 'NONE',  ( -0.5746404338221264800, -0.8184059944897265100, 0.0000000000000000000 ) ) ;
#2720 = CARTESIAN_POINT ( 'NONE',  ( 299.9998714613999500, 99.00000000000000000, -39.35807779753000100 ) ) ;
#2721 = CONTEXT_DEPENDENT_SHAPE_REPRESENTATION ( #2623, #3892 ) ;
#2722 = CARTESIAN_POINT ( 'NONE',  ( 329.2275265696697500, 88.38606221203856700, -54.99695876674345400 ) ) ;
#2723 = CARTESIAN_POINT ( 'NONE',  ( 272.9588901346543300, 89.02244676251234500, -39.77676686623500800 ) ) ;
#2724 = EDGE_LOOP ( 'NONE', ( #4429, #7115, #2381, #4528, #1440, #2146, #5607 ) ) ;
#2725 = CARTESIAN_POINT ( 'NONE',  ( 271.6021711387838900, 88.47183160279426800, -30.89123778477255300 ) ) ;
#2726 = CARTESIAN_POINT ( 'NONE',  ( 299.4844677256082800, 90.29629014974614200, -24.91948972216803100 ) ) ;
#2727 = UNCERTAINTY_MEASURE_WITH_UNIT (LENGTH_MEASURE( 1.000000000000000100E-005 ), #6947, 'distance_accuracy_value', 'NONE');
#2728 = CARTESIAN_POINT ( 'NONE',  ( 290.9998714614000100, 85.46874564475980700, -45.30807779753000400 ) ) ;
#2729 = CARTESIAN_POINT ( 'NONE',  ( 273.6051880309862000, 92.60488614770785900, -25.81652998883844700 ) ) ;
#2730 = CARTESIAN_POINT ( 'NONE',  ( 278.3307232045036100, 91.04364432465624200, -36.22116100105243000 ) ) ;
#2731 = CARTESIAN_POINT ( 'NONE',  ( 326.1931387714137700, 92.59422535420594600, -25.68538843866441100 ) ) ;
#2732 = CARTESIAN_POINT ( 'NONE',  ( 299.9998714613999500, 100.8330302779821000, -52.05807779753055100 ) ) ;
#2733 = LINE ( 'NONE', #2107, #155 ) ;
#2734 = CARTESIAN_POINT ( 'NONE',  ( 310.0375792762022800, 91.64892299611256000, -35.06095289870501100 ) ) ;
#2735 = CARTESIAN_POINT ( 'NONE',  ( 326.2855479371173100, 92.49397070037225900, -54.10374805602825900 ) ) ;
#2736 = EDGE_CURVE ( 'NONE', #3279, #5155, #6230, .T. ) ;
#2737 = PLANE ( 'NONE',  #7229 ) ;
#2738 = CARTESIAN_POINT ( 'NONE',  ( 273.7016232580292000, 92.41845954499137900, -54.14960914085646200 ) ) ;
#2739 = CARTESIAN_POINT ( 'NONE',  ( 290.1207039093254100, 91.38531268929364200, -46.80224387915710300 ) ) ;
#2740 = CARTESIAN_POINT ( 'NONE',  ( 271.7272227785643400, 87.63380170035000600, -34.66017256611954200 ) ) ;
#2741 = ADVANCED_FACE ( 'NONE', ( #2858 ), #4109, .F. ) ;
#2742 = B_SPLINE_CURVE_WITH_KNOTS ( 'NONE', 3,
 ( #2938, #6954, #4137, #6974 ),
 .UNSPECIFIED., .F., .F.,
 ( 4, 4 ),
 ( 0.0000000000000000000, 1.000000000000000000 ),
 .UNSPECIFIED. ) ;
#2743 = PLANE ( 'NONE',  #2292 ) ;
#2744 = EDGE_CURVE ( 'NONE', #339, #2862, #5121, .T. ) ;
#2746 = ADVANCED_FACE ( 'NONE', ( #4850 ), #3846, .F. ) ;
#2745 = CARTESIAN_POINT ( 'NONE',  ( 274.0226733984674200, 90.53749072158977600, -53.18573433663179600 ) ) ;
#2747 = CARTESIAN_POINT ( 'NONE',  ( 327.8978619366308700, 88.61482272457946900, -37.42955716237690200 ) ) ;
#2748 = DIRECTION ( 'NONE',  ( 0.5647798318876945400, 0.8043339223125617300, 0.1845824555861074700 ) ) ;
#2749 =( GEOMETRIC_REPRESENTATION_CONTEXT ( 3 ) GLOBAL_UNCERTAINTY_ASSIGNED_CONTEXT ( ( #2506 ) ) GLOBAL_UNIT_ASSIGNED_CONTEXT ( ( #3202, #385, #2117 ) ) REPRESENTATION_CONTEXT ( 'NONE', 'WORKASPACE' ) );
#2750 = CARTESIAN_POINT ( 'NONE',  ( 285.9730306158975800, 93.09541536218110000, -26.92736315678697400 ) ) ;
#2751 = CARTESIAN_POINT ( 'NONE',  ( 328.4422648601701000, 88.52774007443657900, -34.22958386654953200 ) ) ;
#2752 = CARTESIAN_POINT ( 'NONE',  ( 326.1627681511052400, 92.56266844269202900, -54.11685944986400200 ) ) ;
#2753 = FACE_OUTER_BOUND ( 'NONE', #5496, .T. ) ;
#2754 = CARTESIAN_POINT ( 'NONE',  ( 309.7390956098088900, 90.56736919940397000, -39.71660272876673800 ) ) ;
#2755 = CARTESIAN_POINT ( 'NONE',  ( 299.3856956877699500, 91.47984740955197900, -50.97799571523979300 ) ) ;
#2756 = ORIENTED_EDGE ( 'NONE', *, *, #4610, .F. ) ;
#2757 = CARTESIAN_POINT ( 'NONE',  ( 279.2893471838999600, 87.04085002964269800, -36.10227207265000300 ) ) ;
#2758 = CYLINDRICAL_SURFACE ( 'NONE', #2712, 0.5000000000222447600 ) ;
#2759 = CARTESIAN_POINT ( 'NONE',  ( 270.6996090444182500, 88.45565270019393700, -32.99503724585511600 ) ) ;
#2760 = CARTESIAN_POINT ( 'NONE',  ( 272.2798123575948400, 87.63380169952829100, -43.52255252573540600 ) ) ;
#2761 = EDGE_CURVE ( 'NONE', #140, #3965, #2169, .T. ) ;
#2762 = CARTESIAN_POINT ( 'NONE',  ( 271.9540356950244000, 87.63380170035000600, -34.81433831124176200 ) ) ;
#2763 = VERTEX_POINT ( 'NONE', #1810 ) ;
#2764 = CYLINDRICAL_SURFACE ( 'NONE', #2821, 551.1541240026001600 ) ;
#2765 = CARTESIAN_POINT ( 'NONE',  ( 286.7404116541760600, 93.11439769956351100, -37.77220882088369100 ) ) ;
#2766 = B_SPLINE_SURFACE_WITH_KNOTS ( 'NONE', 3, 1, ( 
 ( #678, #7066 ),
 ( #2476, #2383 ),
 ( #4772, #1861 ),
 ( #2400, #3524 ),
 ( #5325, #5298 ),
 ( #201, #3590 ) ),
 .UNSPECIFIED., .F., .F., .F.,
 ( 4, 1, 1, 4 ),
 ( 2, 2 ),
 ( 0.003924333203543494000, 0.009806590694196001500, 0.4999920746090000300, 0.9901773535392006700 ),
 ( 0.0000000000000000000, 1.000000000000000000 ),
 .UNSPECIFIED. ) ;
#2767 = CARTESIAN_POINT ( 'NONE',  ( 299.9998731810918600, 94.77060170302876000, -41.32306419195874300 ) ) ;
#2768 = CARTESIAN_POINT ( 'NONE',  ( 327.3722015973351600, 87.63380170035000600, -34.68319077322592400 ) ) ;
#2769 = CARTESIAN_POINT ( 'NONE',  ( 326.1261705030000300, 92.51672258778000900, -25.64119053554000200 ) ) ;
#2770 = EDGE_LOOP ( 'NONE', ( #500, #205, #2708, #2171, #2905 ) ) ;
#2771 = CARTESIAN_POINT ( 'NONE',  ( 300.1740039908801800, 90.29576057670335800, -33.36146104043636700 ) ) ;
#2772 = ORIENTED_EDGE ( 'NONE', *, *, #5644, .T. ) ;
#2773 = CARTESIAN_POINT ( 'NONE',  ( 272.2555884510453000, 88.52987147115085500, -47.83130121702615900 ) ) ;
#2774 = CARTESIAN_POINT ( 'NONE',  ( 297.1733371076657600, 93.26647681696552200, -53.69630408781888100 ) ) ;
#2775 = CARTESIAN_POINT ( 'NONE',  ( 303.7583056206724500, 94.76874564476017300, -43.41970821364923000 ) ) ;
#2776 =( BOUNDED_CURVE ( )  B_SPLINE_CURVE ( 3, ( #107, #2952, #4058, #602 ),
 .UNSPECIFIED., .F., .F. ) 
 B_SPLINE_CURVE_WITH_KNOTS ( ( 4, 4 ),
 ( 0.0000000000000000000, 1.000000000000000000 ),
 .UNSPECIFIED. ) 
 CURVE ( )  GEOMETRIC_REPRESENTATION_ITEM ( )  RATIONAL_B_SPLINE_CURVE ( ( 0.9999957048853517200, 0.8945811059046321300, 0.8663746846481564800, 0.9153764411159648300 ) ) 
 REPRESENTATION_ITEM ( '' )  );
#2777 = VERTEX_POINT ( 'NONE', #4188 ) ;
#2778 = CARTESIAN_POINT ( 'NONE',  ( 275.1800408993999600, 90.95984808855001800, -26.39381407236000100 ) ) ;
#2779 = ORIENTED_EDGE ( 'NONE', *, *, #916, .T. ) ;
#2780 = CARTESIAN_POINT ( 'NONE',  ( 326.3720579226641700, 89.35804383131726100, -25.73096789995233600 ) ) ;
#2781 = ORIENTED_EDGE ( 'NONE', *, *, #4612, .F. ) ;
#2782 = ORIENTED_EDGE ( 'NONE', *, *, #2692, .F. ) ;
#2783 = ADVANCED_FACE ( 'NONE', ( #5035 ), #7048, .T. ) ;
#2784 = CARTESIAN_POINT ( 'NONE',  ( 308.1844802621197900, 91.69554845030710100, -35.81655977881274600 ) ) ;
#2785 = CARTESIAN_POINT ( 'NONE',  ( 285.3037188354129500, 91.53232087156612800, -36.48655046027168000 ) ) ;
#2786 = B_SPLINE_CURVE_WITH_KNOTS ( 'NONE', 3,
 ( #741, #5540, #5274, #6289, #2324, #4071, #2434, #6744, #6816, #1039, #5709, #5102, #2818, #3392, #4484 ),
 .UNSPECIFIED., .F., .F.,
 ( 4, 2, 2, 2, 1, 2, 2, 4 ),
 ( 0.0000000000000000000, 0.2500000000006207800, 0.3750000000008418300, 0.4375000000008602600, 0.4687500000008695300, 0.4843750000008741300, 0.5000000000008787400, 1.000000000000000000 ),
 .UNSPECIFIED. ) ;
#2787 = ORIENTED_EDGE ( 'NONE', *, *, #4635, .T. ) ;
#2788 = CARTESIAN_POINT ( 'NONE',  ( 273.8077671866519200, 92.65325756183428000, -54.00160641903428200 ) ) ;
#2789 = CYLINDRICAL_SURFACE ( 'NONE', #2898, 0.4999999999998447900 ) ;
#2790 = EDGE_LOOP ( 'NONE', ( #57, #3642, #4075, #6158 ) ) ;
#2791 = CARTESIAN_POINT ( 'NONE',  ( 290.3069166121891800, 91.38851853492002400, -47.02909856833994000 ) ) ;
#2792 = EDGE_CURVE ( 'NONE', #2932, #1425, #6899, .T. ) ;
#2793 = ORIENTED_EDGE ( 'NONE', *, *, #6842, .F. ) ;
#2794 = CARTESIAN_POINT ( 'NONE',  ( 306.9498714613999400, 98.99999999999998600, -46.30807779752999700 ) ) ;
#2795 = CARTESIAN_POINT ( 'NONE',  ( 285.6090092345860400, 89.03074910714057900, -54.92884834155653800 ) ) ;
#2796 = AXIS2_PLACEMENT_3D ( 'NONE', #422, #343, #5590 ) ;
#2797 = CARTESIAN_POINT ( 'NONE',  ( 273.1301673983284100, 89.26637901496138700, -52.56068116810881500 ) ) ;
#2798 = ORIENTED_EDGE ( 'NONE', *, *, #6972, .F. ) ;
#2799 = ORIENTED_EDGE ( 'NONE', *, *, #2419, .T. ) ;
#2800 = PRODUCT_DEFINITION_CONTEXT ( 'detailed design', #4920, 'design' ) ;
#2801 = DIRECTION ( 'NONE',  ( 1.000000000000000000, -0.0000000000000000000, 0.0000000000000000000 ) ) ;
#2802 = CARTESIAN_POINT ( 'NONE',  ( 328.2692600902166200, 88.53628782484185000, -44.04733263281749300 ) ) ;
#2803 = CARTESIAN_POINT ( 'NONE',  ( 303.3711157576174200, 94.76874564476003100, -50.01634876631515400 ) ) ;
#2804 = CARTESIAN_POINT ( 'NONE',  ( 272.9546014041349600, 88.77674555438353800, -51.92750680802962600 ) ) ;
#2805 = B_SPLINE_CURVE_WITH_KNOTS ( 'NONE', 3,
 ( #4988, #4385, #7280, #3175 ),
 .UNSPECIFIED., .F., .F.,
 ( 4, 4 ),
 ( 0.0000000000000000000, 1.000000000000000000 ),
 .UNSPECIFIED. ) ;
#2806 = CARTESIAN_POINT ( 'NONE',  ( 290.7391586850256400, 85.46874564476002000, -45.33359775354733800 ) ) ;
#2807 = CARTESIAN_POINT ( 'NONE',  ( 272.2805431887914600, 87.63380170034999100, -43.52256843352086000 ) ) ;
#2808 = ORIENTED_EDGE ( 'NONE', *, *, #445, .F. ) ;
#2809 = CARTESIAN_POINT ( 'NONE',  ( 272.5667551740310200, 88.58351464021193100, -43.58056334025705100 ) ) ;
#2810 = CARTESIAN_POINT ( 'NONE',  ( 310.1159021475484700, 91.64669542950495900, -31.35185826722546000 ) ) ;
#2811 = CARTESIAN_POINT ( 'NONE',  ( 271.5568652233373000, 88.52927006480301500, -34.32741763832604700 ) ) ;
#2812 = AXIS2_PLACEMENT_3D ( 'NONE', #1947, #1382, #1355 ) ;
#2813 = ORIENTED_EDGE ( 'NONE', *, *, #3492, .T. ) ;
#2814 = CARTESIAN_POINT ( 'NONE',  ( 285.1371677070254100, 91.52566232028065900, -35.87124462967561600 ) ) ;
#2815 = CARTESIAN_POINT ( 'NONE',  ( 273.6757511373221000, 92.53771650972022700, -25.68980510497215200 ) ) ;
#2816 = COLOUR_RGB ( '',0.8117647058823529400, 0.8431372549019607900, 0.9098039215686274400 ) ;
#2817 = ORIENTED_EDGE ( 'NONE', *, *, #3833, .T. ) ;
#2818 = CARTESIAN_POINT ( 'NONE',  ( 271.8253995663754900, 87.63380416068133600, -47.58768741643120100 ) ) ;
#2819 = DIRECTION ( 'NONE',  ( 0.0000000000000000000, 1.000000000000000000, 0.0000000000000000000 ) ) ;
#2820 = CARTESIAN_POINT ( 'NONE',  ( 273.4907822471161000, 89.77998245574414700, -52.95771096471160900 ) ) ;
#2821 = AXIS2_PLACEMENT_3D ( 'NONE', #2492, #4267, #2518 ) ;
#2822 = CARTESIAN_POINT ( 'NONE',  ( 291.8859573728032600, 91.41044295316005700, -44.51008375340494900 ) ) ;
#2823 = EDGE_CURVE ( 'NONE', #841, #5439, #5077, .T. ) ;
#2824 = CARTESIAN_POINT ( 'NONE',  ( 327.7690857907057300, 87.63380170034994900, -34.83130146021942900 ) ) ;
#2825 = CARTESIAN_POINT ( 'NONE',  ( 271.6037764651360900, 87.63381744730178000, -34.33120622737625600 ) ) ;
#2826 = CARTESIAN_POINT ( 'NONE',  ( 292.7009722792005800, 90.23567581852806500, -33.62231517702350200 ) ) ;
#2827 = CARTESIAN_POINT ( 'NONE',  ( 304.1066674866642100, 94.76874564476017300, -48.67508700527434200 ) ) ;
#2828 = ORIENTED_EDGE ( 'NONE', *, *, #6796, .F. ) ;
#2829 = PLANE ( 'NONE',  #2027 ) ;
#2830 = CARTESIAN_POINT ( 'NONE',  ( 309.7390956098088900, 90.97716035451331600, -39.72375566008183500 ) ) ;
#2831 = CARTESIAN_POINT ( 'NONE',  ( 272.9492051241987300, 88.46766274946892800, -26.30819092959728800 ) ) ;
#2832 = CARTESIAN_POINT ( 'NONE',  ( 309.7850251176282700, 91.65651843985490600, -31.04738902755259700 ) ) ;
#2833 = DIRECTION ( 'NONE',  ( -0.0000000000000000000, -1.000000000000000000, -0.0000000000000000000 ) ) ;
#2834 = EDGE_CURVE ( 'NONE', #6210, #6208, #7378, .T. ) ;
#2835 = DIRECTION ( 'NONE',  ( 0.0000000000000000000, 0.0000000000000000000, 1.000000000000000000 ) ) ;
#2836 = B_SPLINE_CURVE_WITH_KNOTS ( 'NONE', 3,
 ( #872, #5427, #1378, #224 ),
 .UNSPECIFIED., .F., .F.,
 ( 4, 4 ),
 ( 0.0000000000000000000, 1.000000000000000000 ),
 .UNSPECIFIED. ) ;
#2837 = AXIS2_PLACEMENT_3D ( 'NONE', #4203, #795, #2521 ) ;
#2838 = CARTESIAN_POINT ( 'NONE',  ( 285.0470575934999700, 91.67624914355001000, -35.71101410984000800 ) ) ;
#2839 = CARTESIAN_POINT ( 'NONE',  ( 304.1128682988384100, 89.56054280594906900, -37.17385051001877400 ) ) ;
#2840 = CARTESIAN_POINT ( 'NONE',  ( 272.2809084877000600, 87.63380170025983800, -43.52256193297001400 ) ) ;
#2841 = B_SPLINE_CURVE_WITH_KNOTS ( 'NONE', 3,
 ( #2528, #803, #2500, #3721, #6567, #4322, #4210, #6518, #1919, #3740, #5430, #228, #4245, #3162, #780, #3701, #1966, #1398 ),
 .UNSPECIFIED., .F., .F.,
 ( 4, 2, 2, 2, 2, 2, 2, 2, 4 ),
 ( 0.0000000000000000000, 0.1250000000000000000, 0.2500000000000000000, 0.3750000000000000000, 0.5000000000000000000, 0.6250000000000000000, 0.7500000000000000000, 0.8750000000000000000, 1.000000000000000000 ),
 .UNSPECIFIED. ) ;
#2842 = CARTESIAN_POINT ( 'NONE',  ( 327.7944268714393800, 87.63379562971769600, -34.83130158756623700 ) ) ;
#2843 = EDGE_CURVE ( 'NONE', #807, #4055, #502, .T. ) ;
#2844 = CARTESIAN_POINT ( 'NONE',  ( 273.7805039170215800, 90.19259795760986300, -53.11818171754160300 ) ) ;
#2845 = CARTESIAN_POINT ( 'NONE',  ( 294.5970220207899500, 93.25066391778757700, -41.54998219912334200 ) ) ;
#2846 = ORIENTED_EDGE ( 'NONE', *, *, #2395, .T. ) ;
#2847 = CARTESIAN_POINT ( 'NONE',  ( 300.0068042236081900, 90.29605756204519200, -24.91897562256685500 ) ) ;
#2848 = VECTOR ( 'NONE', #453, 1000.000000000000000 ) ;
#2849 = PRODUCT_DEFINITION ( '未知', '', #1560, #4994 ) ;
#2850 = CARTESIAN_POINT ( 'NONE',  ( 299.4844601213545700, 90.29633873839199500, -33.64179272394586900 ) ) ;
#2851 = CARTESIAN_POINT ( 'NONE',  ( 292.1360545890501600, 91.72382650028893600, -30.80005486255700800 ) ) ;
#2852 = B_SPLINE_CURVE_WITH_KNOTS ( 'NONE', 3,
 ( #6506, #6407, #3533, #5857, #4220, #1848, #2436, #4128, #1260, #3551 ),
 .UNSPECIFIED., .F., .F.,
 ( 4, 2, 2, 2, 4 ),
 ( 0.0000000000000000000, 0.2500000000000000000, 0.5000000000000000000, 0.7500000000000000000, 1.000000000000000000 ),
 .UNSPECIFIED. ) ;
#2853 = CARTESIAN_POINT ( 'NONE',  ( 276.6154908188605600, 92.77802446715514900, -38.46597951294442900 ) ) ;
#2854 = CARTESIAN_POINT ( 'NONE',  ( 304.6998714613998200, 94.76874564476017300, -46.92330635885938500 ) ) ;
#2855 = ORIENTED_EDGE ( 'NONE', *, *, #7329, .F. ) ;
#2856 = CARTESIAN_POINT ( 'NONE',  ( 317.1261139193015900, 87.04085002963999800, -40.74496200555886100 ) ) ;
#2857 = EDGE_LOOP ( 'NONE', ( #3875, #4956, #1391, #2531, #1783, #4789, #6016, #3101, #1278 ) ) ;
#2858 = FACE_OUTER_BOUND ( 'NONE', #7064, .T. ) ;
#2859 = CARTESIAN_POINT ( 'NONE',  ( 326.0815772596511700, 90.19707745239638500, -53.15413523155483900 ) ) ;
#2860 = CARTESIAN_POINT ( 'NONE',  ( 272.2309084876999900, 88.60756281284618300, -34.23130146022001700 ) ) ;
#2861 = CARTESIAN_POINT ( 'NONE',  ( 285.5551952853501200, 91.54122812362960800, -27.40784063126571700 ) ) ;
#2862 = VERTEX_POINT ( 'NONE', #6039 ) ;
#2863 = FACE_OUTER_BOUND ( 'NONE', #7299, .T. ) ;
#2864 = CARTESIAN_POINT ( 'NONE',  ( 284.5412282467905200, 89.08744974878929700, -55.18641073307330900 ) ) ;
#2865 = CARTESIAN_POINT ( 'NONE',  ( 317.5440925111999500, 93.06476581001000200, -53.70438359994000200 ) ) ;
#2866 = CARTESIAN_POINT ( 'NONE',  ( 287.7296548911012300, 90.11395081098116600, -39.71341860094834400 ) ) ;
#2867 = EDGE_LOOP ( 'NONE', ( #5417, #3295 ) ) ;
#2868 = PRESENTATION_STYLE_ASSIGNMENT (( #959 ) ) ;
#2869 = CARTESIAN_POINT ( 'NONE',  ( 308.7361297978864100, 85.46874564475997700, -48.30793273960039600 ) ) ;
#2870 = PLANE ( 'NONE',  #2048 ) ;
#2871 = CARTESIAN_POINT ( 'NONE',  ( 287.6030305378513400, 93.13467259327916300, -25.18831826908110500 ) ) ;
#2872 = DIRECTION ( 'NONE',  ( 0.0000000000000000000, 0.0000000000000000000, 1.000000000000000000 ) ) ;
#2873 = CARTESIAN_POINT ( 'NONE',  ( 314.7531784256380000, 90.84679305068881700, -25.60766290981804600 ) ) ;
#2874 = VERTEX_POINT ( 'NONE', #3757 ) ;
#2875 = LINE ( 'NONE', #1409, #6314 ) ;
#2876 = VERTEX_POINT ( 'NONE', #6556 ) ;
#2877 = ORIENTED_EDGE ( 'NONE', *, *, #6922, .T. ) ;
#2878 = B_SPLINE_CURVE_WITH_KNOTS ( 'NONE', 3,
 ( #6511, #1296, #5890, #152 ),
 .UNSPECIFIED., .F., .F.,
 ( 4, 4 ),
 ( 0.0000000000000000000, 1.000000000000000000 ),
 .UNSPECIFIED. ) ;
#2879 = DIRECTION ( 'NONE',  ( 1.000000000000000000, 0.0000000000000000000, 0.0000000000000000000 ) ) ;
#2880 = CARTESIAN_POINT ( 'NONE',  ( 327.0151956260846800, 88.72427285065904800, -26.44139926786884600 ) ) ;
#2881 = VERTEX_POINT ( 'NONE', #4228 ) ;
#2882 = EDGE_CURVE ( 'NONE', #2003, #954, #1088, .T. ) ;
#2883 = EDGE_LOOP ( 'NONE', ( #4709, #2349, #5921, #5872, #51 ) ) ;
#2884 = CARTESIAN_POINT ( 'NONE',  ( 318.4495099768927800, 87.04085002963999800, -36.83912633300148800 ) ) ;
#2885 = CARTESIAN_POINT ( 'NONE',  ( 299.9998714614025100, 101.0000000000002400, -40.18650492227642000 ) ) ;
#2886 = DIRECTION ( 'NONE',  ( 0.0000000000000000000, 1.000000000000000000, 0.0000000000000000000 ) ) ;
#2887 = VERTEX_POINT ( 'NONE', #5902 ) ;
#2888 = ORIENTED_EDGE ( 'NONE', *, *, #3993, .T. ) ;
#2889 = B_SPLINE_CURVE_WITH_KNOTS ( 'NONE', 3,
 ( #1174, #4131, #4723, #6986 ),
 .UNSPECIFIED., .F., .F.,
 ( 4, 4 ),
 ( 0.0000000000000000000, 1.000000000000000000 ),
 .UNSPECIFIED. ) ;
#2890 = EDGE_LOOP ( 'NONE', ( #7021, #2426, #939 ) ) ;
#2891 = CARTESIAN_POINT ( 'NONE',  ( 286.3082622460983100, 91.56754676213620300, -26.74455776563334200 ) ) ;
#2892 = B_SPLINE_CURVE_WITH_KNOTS ( 'NONE', 3,
 ( #7382, #1060, #2222, #1083, #5, #5123, #5080, #3986, #6259, #2791, #1113, #5630, #2173, #1675, #2739, #554, #6775, #3924, #452, #4581, #3343, #7414, #1138, #5149, #1700, #1623, #5727, #2285, #2715, #5652, #3315, #6234, #3287, #2202 ),
 .UNSPECIFIED., .F., .F.,
 ( 4, 2, 2, 2, 1, 1, 2, 2, 2, 2, 2, 2, 2, 1, 1, 2, 2, 2, 4 ),
 ( 0.0000000000000000000, 0.1249999999988504500, 0.1874999999982741300, 0.2187499999980112000, 0.2343749999978797500, 0.2421874999978108900, 0.2460937499978004500, 0.2499999999977900500, 0.3749999999979055600, 0.4999999999980211400, 0.6249999999981367100, 0.6874999999981845600, 0.7187499999981915600, 0.7343749999982111000, 0.7421874999982232000, 0.7460937499982268600, 0.7499999999982305300, 0.8749999999991152600, 1.000000000000000000 ),
 .UNSPECIFIED. ) ;
#2893 = CARTESIAN_POINT ( 'NONE',  ( 320.3180279412608800, 88.54085002964015400, -41.24333467072239000 ) ) ;
#2894 = EDGE_CURVE ( 'NONE', #3323, #6685, #449, .T. ) ;
#2895 = CARTESIAN_POINT ( 'NONE',  ( 279.2893471838999600, 88.54085296164828400, -42.68237570689308300 ) ) ;
#2896 = B_SPLINE_CURVE_WITH_KNOTS ( 'NONE', 3,
 ( #5181, #77, #2366, #1739, #2919, #2822, #1842, #3595, #5875, #4751, #3567, #117, #680, #6998, #5331, #2456, #4165, #6470, #5349, #6420, #4713, #160 ),
 .UNSPECIFIED., .F., .F.,
 ( 4, 2, 2, 2, 2, 2, 2, 2, 2, 2, 4 ),
 ( 0.0000000000000000000, 0.06249999999999304700, 0.1249999999999860900, 0.1874999999999791300, 0.2499999999999721900, 0.3749999999999768000, 0.4999999999999814600, 0.6249999999999861200, 0.7499999999999906700, 0.8749999999999953400, 1.000000000000000000 ),
 .UNSPECIFIED. ) ;
#2897 = CARTESIAN_POINT ( 'NONE',  ( 314.7382106185960400, 89.98920496842811200, -31.81151610852471400 ) ) ;
#2898 = AXIS2_PLACEMENT_3D ( 'NONE', #434, #3346, #6748 ) ;
#2899 = B_SPLINE_CURVE_WITH_KNOTS ( 'NONE', 3,
 ( #3923, #3342, #6815, #3848 ),
 .UNSPECIFIED., .F., .F.,
 ( 4, 4 ),
 ( 0.0000000000000000000, 1.000000000000000000 ),
 .UNSPECIFIED. ) ;
#2900 = CARTESIAN_POINT ( 'NONE',  ( 295.2962511196055900, 93.25731253229605500, -51.75975520964348700 ) ) ;
#2901 = CARTESIAN_POINT ( 'NONE',  ( 327.7848528471367900, 87.92214059648476600, -30.52256193296999200 ) ) ;
#2902 = CARTESIAN_POINT ( 'NONE',  ( 296.2320367546158800, 89.23547206767409500, -53.22311270253127400 ) ) ;
#2903 = CARTESIAN_POINT ( 'NONE',  ( 308.9998714614000100, 85.46874564476212300, -46.30807779752999700 ) ) ;
#2904 = CARTESIAN_POINT ( 'NONE',  ( 317.1259078682093100, 87.04085002964001200, -38.82000524061796700 ) ) ;
#2905 = ORIENTED_EDGE ( 'NONE', *, *, #2317, .F. ) ;
#2906 = VERTEX_POINT ( 'NONE', #3889 ) ;
#2907 = CARTESIAN_POINT ( 'NONE',  ( 293.1194160714796900, 90.97739395299001300, -33.66385163790008800 ) ) ;
#2908 = CARTESIAN_POINT ( 'NONE',  ( 272.9525603688836100, 88.65916123791922100, -37.27405332060961000 ) ) ;
#2909 = CARTESIAN_POINT ( 'NONE',  ( 272.2555884510453000, 88.52987147115085500, -47.83130121702615900 ) ) ;
#2910 = FACE_OUTER_BOUND ( 'NONE', #5049, .T. ) ;
#2911 = EDGE_CURVE ( 'NONE', #4717, #6344, #990, .T. ) ;
#2912 = CARTESIAN_POINT ( 'NONE',  ( 297.9180360516491500, 91.47020292562722000, -50.52461852691217100 ) ) ;
#2913 = CARTESIAN_POINT ( 'NONE',  ( 285.3696696278256000, 91.53463989142018400, -27.69702060007538000 ) ) ;
#2914 = CARTESIAN_POINT ( 'NONE',  ( 308.9998632986109300, 91.39814454551752500, -48.30808006212305400 ) ) ;
#2915 = CARTESIAN_POINT ( 'NONE',  ( 304.1135905666905600, 89.40352287621929900, -55.18838099216331700 ) ) ;
#2916 = FACE_OUTER_BOUND ( 'NONE', #3227, .T. ) ;
#2917 = CARTESIAN_POINT ( 'NONE',  ( 272.1045204698028800, 87.63380168411897800, -34.83130145968345200 ) ) ;
#2918 = AXIS2_PLACEMENT_3D ( 'NONE', #3055, #7196, #2551 ) ;
#2919 = CARTESIAN_POINT ( 'NONE',  ( 291.6391734876178200, 91.40698469298352800, -44.40831388906411100 ) ) ;
#2920 = EDGE_CURVE ( 'NONE', #3890, #6558, #5222, .T. ) ;
#2921 = CARTESIAN_POINT ( 'NONE',  ( 299.3088814162334800, 90.29633621719186500, -30.46394258290614600 ) ) ;
#2922 = PLANE ( 'NONE',  #5390 ) ;
#2923 = CARTESIAN_POINT ( 'NONE',  ( 327.7707990626000200, 87.55211631929998400, -47.83130146022000400 ) ) ;
#2924 = B_SPLINE_CURVE_WITH_KNOTS ( 'NONE', 3,
 ( #252, #7095, #5434, #4823 ),
 .UNSPECIFIED., .F., .F.,
 ( 4, 4 ),
 ( 0.0000000000000000000, 1.000000000000000000 ),
 .UNSPECIFIED. ) ;
#2925 = CARTESIAN_POINT ( 'NONE',  ( 326.5746559484293800, 88.55128706376525800, -52.91074106857667700 ) ) ;
#2926 = CARTESIAN_POINT ( 'NONE',  ( 309.5192762298021300, 91.38953594663739500, -48.25753007089601700 ) ) ;
#2927 = DIRECTION ( 'NONE',  ( 0.0000000000000000000, -0.9998479015595187500, -0.01744057760015097600 ) ) ;
#2928 = CARTESIAN_POINT ( 'NONE',  ( 327.0062749853544200, 89.23377115357682500, -51.93308521880165100 ) ) ;
#2929 = CARTESIAN_POINT ( 'NONE',  ( 281.7209326674317800, 91.16652800756416800, -37.00962224137916200 ) ) ;
#2930 = CARTESIAN_POINT ( 'NONE',  ( 327.1693528755607800, 88.59976484513096300, -34.23133097673119400 ) ) ;
#2931 = EDGE_CURVE ( 'NONE', #6671, #1894, #5707, .T. ) ;
#2932 = VERTEX_POINT ( 'NONE', #5643 ) ;
#2933 = CARTESIAN_POINT ( 'NONE',  ( 285.7725664654694200, 91.54893146582992400, -27.15800275449149100 ) ) ;
#2934 = FACE_OUTER_BOUND ( 'NONE', #4807, .T. ) ;
#2935 = CARTESIAN_POINT ( 'NONE',  ( 271.7779800806391700, 87.63380198558476800, -44.02233615496759000 ) ) ;
#2936 = DIRECTION ( 'NONE',  ( 0.0000000000000000000, -1.000000000000000000, 0.0000000000000000000 ) ) ;
#2937 = ORIENTED_EDGE ( 'NONE', *, *, #3423, .T. ) ;
#2938 = CARTESIAN_POINT ( 'NONE',  ( 285.1537616752817100, 90.02529874220810800, -28.58750731356407100 ) ) ;
#2939 = FACE_OUTER_BOUND ( 'NONE', #5845, .T. ) ;
#2940 = CARTESIAN_POINT ( 'NONE',  ( 287.7020572904493200, 93.13693369800358800, -25.18574717284683500 ) ) ;
#2941 = DIRECTION ( 'NONE',  ( 0.0000000000000000000, 0.0000000000000000000, -1.000000000000000000 ) ) ;
#2942 = CARTESIAN_POINT ( 'NONE',  ( 299.9998715028000300, 98.00000000000000000, -45.30807779753000400 ) ) ;
#2943 = VERTEX_POINT ( 'NONE', #7402 ) ;
#2944 = FACE_OUTER_BOUND ( 'NONE', #3030, .T. ) ;
#2945 = CARTESIAN_POINT ( 'NONE',  ( 297.1278423692647800, 94.75638331552427500, -50.38302256840142200 ) ) ;
#2946 = CARTESIAN_POINT ( 'NONE',  ( 313.5752656210205500, 93.10670564228412600, -36.74146876234452500 ) ) ;
#2947 = CARTESIAN_POINT ( 'NONE',  ( 320.2262861435141300, 87.04085002963999800, -43.46233446025597400 ) ) ;
#2948 = CARTESIAN_POINT ( 'NONE',  ( 291.3502029776000200, 93.00104135568003000, -53.99042836649000800 ) ) ;
#2949 = ORIENTED_EDGE ( 'NONE', *, *, #2834, .F. ) ;
#2950 = ADVANCED_BREP_SHAPE_REPRESENTATION ( '', ( #6607, #60 ), #2749 ) ;
#2951 = LINE ( 'NONE', #4057, #5232 ) ;
#2952 = CARTESIAN_POINT ( 'NONE',  ( 299.9999988844127800, 93.14150329456359100, -53.96106201673488600 ) ) ;
#2953 = CARTESIAN_POINT ( 'NONE',  ( 320.7105116117352300, 87.04085002964075100, -36.10224754195224500 ) ) ;
#2954 = ORIENTED_EDGE ( 'NONE', *, *, #620, .F. ) ;
#2955 = ORIENTED_EDGE ( 'NONE', *, *, #6623, .T. ) ;
#2956 = ORIENTED_EDGE ( 'NONE', *, *, #2920, .T. ) ;
#2957 = AXIS2_PLACEMENT_3D ( 'NONE', #7012, #7061, #3688 ) ;
#2958 = CARTESIAN_POINT ( 'NONE',  ( 328.2219554955737500, 87.63381090772510600, -44.07236632150006300 ) ) ;
#2959 = CARTESIAN_POINT ( 'NONE',  ( 299.2194160715001200, 91.01898335855999300, -33.66385163790980100 ) ) ;
#2960 = ORIENTED_EDGE ( 'NONE', *, *, #4694, .T. ) ;
#2961 = EDGE_LOOP ( 'NONE', ( #3852, #5776, #6037, #2963, #5055 ) ) ;
#2962 = VERTEX_POINT ( 'NONE', #2302 ) ;
#2963 = ORIENTED_EDGE ( 'NONE', *, *, #6357, .T. ) ;
#2964 = CARTESIAN_POINT ( 'NONE',  ( 327.0172513565299800, 88.66314489768724600, -37.38635140750165700 ) ) ;
#2965 = CARTESIAN_POINT ( 'NONE',  ( 273.4306210276533900, 88.47713851568444500, -25.34752305265194400 ) ) ;
#2966 = B_SPLINE_CURVE_WITH_KNOTS ( 'NONE', 3,
 ( #2177, #7303, #6209, #6817, #3851, #1572, #1625, #1062, #2740, #3368, #3953, #6797, #6777, #2145, #980, #1552, #3319, #7352, #2762, #3906, #485 ),
 .UNSPECIFIED., .F., .F.,
 ( 4, 2, 2, 1, 1, 2, 2, 1, 1, 1, 2, 2, 4 ),
 ( 0.0000000000000000000, 0.1250000000003181900, 0.2500000000006363800, 0.3750000000009545700, 0.4375000000011819400, 0.4687500000013609700, 0.5000000000015399900, 0.6250000000019031400, 0.6875000000021871400, 0.7187500000022217800, 0.7343750000021370700, 0.7500000000020523600, 1.000000000000000000 ),
 .UNSPECIFIED. ) ;
#2967 = CARTESIAN_POINT ( 'NONE',  ( 296.1816719486523700, 94.74599902913934100, -49.51161687892257400 ) ) ;
#2968 = ORIENTED_EDGE ( 'NONE', *, *, #5160, .F. ) ;
#2969 = EDGE_CURVE ( 'NONE', #7393, #3331, #605, .T. ) ;
#2970 = CARTESIAN_POINT ( 'NONE',  ( 305.5345009523155100, 91.74629657213471000, -33.48599378094605300 ) ) ;
#2971 = CARTESIAN_POINT ( 'NONE',  ( 304.9968843327060900, 91.44646227141719000, -39.73465169909447100 ) ) ;
#2972 = CARTESIAN_POINT ( 'NONE',  ( 270.7576053579439900, 88.53814588014479600, -37.52075455802167200 ) ) ;
#2973 = CARTESIAN_POINT ( 'NONE',  ( 300.7777724078381400, 91.79204037463594500, -31.64505529083847800 ) ) ;
#2974 = CARTESIAN_POINT ( 'NONE',  ( 309.8123562528643900, 90.15566617882841200, -31.04685386146795500 ) ) ;
#2975 = CARTESIAN_POINT ( 'NONE',  ( 294.8706656581566100, 100.9999999999995000, -45.30807779753000400 ) ) ;
#2976 = CARTESIAN_POINT ( 'NONE',  ( 327.7195079876773900, 87.63380173883808800, -43.52256037000443500 ) ) ;
#2977 = EDGE_CURVE ( 'NONE', #1536, #3675, #4113, .T. ) ;
#2978 = CARTESIAN_POINT ( 'NONE',  ( 328.2224462838293000, 87.63380171745400600, -45.14194624927044700 ) ) ;
#2979 = CARTESIAN_POINT ( 'NONE',  ( 293.1187730628020600, 91.74118948779236900, -33.66385165092688700 ) ) ;
#2980 = DIRECTION ( 'NONE',  ( 0.01744975088618323800, 0.9996955013518144000, -0.01744737146261875900 ) ) ;
#2981 = DIRECTION ( 'NONE',  ( 0.0000000000000000000, 0.0000000000000000000, -1.000000000000000000 ) ) ;
#2982 = ORIENTED_EDGE ( 'NONE', *, *, #2920, .F. ) ;
#2983 = CARTESIAN_POINT ( 'NONE',  ( 295.0278188926478200, 94.72947621538298800, -46.62731765856005200 ) ) ;
#2984 = VECTOR ( 'NONE', #2418, 1000.000000000000000 ) ;
#2985 = CARTESIAN_POINT ( 'NONE',  ( 319.9552212972433300, 87.04085002963991300, -41.09305523825121800 ) ) ;
#2986 = CARTESIAN_POINT ( 'NONE',  ( 307.3673613796132700, 91.42040442206625500, -39.73484998404394000 ) ) ;
#2987 = CARTESIAN_POINT ( 'NONE',  ( 310.7656769949098800, 90.12840211671911600, -33.85972473534297200 ) ) ;
#2988 = CARTESIAN_POINT ( 'NONE',  ( 323.9258936388226900, 87.04085002963999800, -41.63647594115261800 ) ) ;
#2989 =( BOUNDED_SURFACE ( )  B_SPLINE_SURFACE ( 3, 3, ( 
 ( #4052, #2346, #4027, #667 ),
 ( #639, #4669, #2372, #6963 ),
 ( #4628, #3510, #1718, #4107 ),
 ( #5741, #1237, #1170, #1746 ) ),
 .UNSPECIFIED., .F., .F., .T. ) 
 B_SPLINE_SURFACE_WITH_KNOTS ( ( 4, 4 ),
 ( 4, 4 ),
 ( -0.009989101474595999900, 1.010000539836000400 ),
 ( -0.1474985844581000200, 1.138655994407000300 ),
 .UNSPECIFIED. ) 
 GEOMETRIC_REPRESENTATION_ITEM ( )  RATIONAL_B_SPLINE_SURFACE ( (
 ( 1.048128534054000100, 0.8902571722230998600, 0.8891791839719002100, 1.044894569300000000),
 ( 1.048374636565000000, 0.8896960085395000400, 0.8886125080569000600, 1.045124135116999800),
 ( 1.048374323859000000, 0.8896967215750001300, 0.8886132280964003100, 1.045123843421999800),
 ( 1.048128103615000100, 0.8902581537118003900, 0.8891801751015999700, 1.044894167784999900) ) ) 
 REPRESENTATION_ITEM ( '' )  SURFACE ( )  );
#2990 = EDGE_CURVE ( 'NONE', #2165, #842, #1789, .T. ) ;
#2991 = VERTEX_POINT ( 'NONE', #3440 ) ;
#2992 = CARTESIAN_POINT ( 'NONE',  ( 273.8025248602218700, 92.41928645365479200, -54.14865334953742600 ) ) ;
#2993 = CARTESIAN_POINT ( 'NONE',  ( 274.3112929932000300, 90.94854618279001100, -53.74598597594000900 ) ) ;
#2994 = CARTESIAN_POINT ( 'NONE',  ( 309.7390960721903600, 90.15753393007143800, -39.71145981316227100 ) ) ;
#2995 = CARTESIAN_POINT ( 'NONE',  ( 317.6944591517000200, 88.54085002964001200, -36.76624452547000700 ) ) ;
#2996 = EDGE_CURVE ( 'NONE', #2363, #6003, #7268, .T. ) ;
#2997 = VECTOR ( 'NONE', #1266, 1000.000000000000000 ) ;
#2998 = CARTESIAN_POINT ( 'NONE',  ( 271.9206264862717700, 87.63380170035000600, -30.56854813176045800 ) ) ;
#2999 = CARTESIAN_POINT ( 'NONE',  ( 320.0243524676799300, 91.10523301167519600, -43.41473423609761500 ) ) ;
#3000 = B_SPLINE_CURVE_WITH_KNOTS ( 'NONE', 3,
 ( #3098, #4315, #774, #849 ),
 .UNSPECIFIED., .F., .F.,
 ( 4, 4 ),
 ( 0.0000000000000000000, 1.000000000000000000 ),
 .UNSPECIFIED. ) ;
#3001 = CARTESIAN_POINT ( 'NONE',  ( 321.4005889304911500, 91.05408908867829600, -36.15071947932362000 ) ) ;
#3002 = CARTESIAN_POINT ( 'NONE',  ( 287.2440591563345200, 91.32643732309770700, -39.73480625797303400 ) ) ;
#3003 = CARTESIAN_POINT ( 'NONE',  ( 306.2041227792530000, 91.43416064295493600, -39.73491699809242300 ) ) ;
#3004 = VERTEX_POINT ( 'NONE', #4522 ) ;
#3005 = CYLINDRICAL_SURFACE ( 'NONE', #5047, 0.5500000000000088200 ) ;
#3006 = CARTESIAN_POINT ( 'NONE',  ( 299.9995097681222700, 89.14775347945195000, -22.60846119917832900 ) ) ;
#3007 = CARTESIAN_POINT ( 'NONE',  ( 318.2579787432883300, 92.97158790813756500, -38.08546895733577700 ) ) ;
#3008 = CARTESIAN_POINT ( 'NONE',  ( 281.7213247242069700, 91.16654166897207300, -42.55496021930987600 ) ) ;
#3009 = CARTESIAN_POINT ( 'NONE',  ( 321.1950251022784600, 87.04085002963999800, -36.10241685468435700 ) ) ;
#3010 = EDGE_CURVE ( 'NONE', #3518, #5580, #1036, .T. ) ;
#3011 = EDGE_LOOP ( 'NONE', ( #6856, #4449, #2129, #3811, #4340, #897 ) ) ;
#3012 = DIRECTION ( 'NONE',  ( 0.0000000000000000000, 0.9999999999892283900, -4.641500017676883400E-006 ) ) ;
#3013 = EDGE_LOOP ( 'NONE', ( #5503, #288, #6589, #5959, #7129, #2170 ) ) ;
#3014 = VECTOR ( 'NONE', #1054, 1000.000000000000000 ) ;
#3015 = AXIS2_PLACEMENT_3D ( 'NONE', #2860, #6921, #6896 ) ;
#3016 = CARTESIAN_POINT ( 'NONE',  ( 319.5111495042029300, 87.04085002963991300, -38.86055557575722500 ) ) ;
#3017 = DIRECTION ( 'NONE',  ( -0.8184059945029378300, 0.5746404338033108700, 0.0000000000000000000 ) ) ;
#3018 = CARTESIAN_POINT ( 'NONE',  ( 270.7951073223471800, 88.29895288747673000, -23.70239772471409300 ) ) ;
#3019 = ORIENTED_EDGE ( 'NONE', *, *, #948, .F. ) ;
#3020 = CARTESIAN_POINT ( 'NONE',  ( 295.0183609626415100, 94.76874564476003100, -47.38162228486621100 ) ) ;
#3021 = LINE ( 'NONE', #3499, #1712 ) ;
#3022 = B_SPLINE_CURVE_WITH_KNOTS ( 'NONE', 3,
 ( #3286, #4483, #5101, #7351 ),
 .UNSPECIFIED., .F., .F.,
 ( 4, 4 ),
 ( 0.0000000000000000000, 1.000000000000000000 ),
 .UNSPECIFIED. ) ;
#3023 = CARTESIAN_POINT ( 'NONE',  ( 288.2154338631006000, 91.34779130091651200, -39.73472501126667600 ) ) ;
#3024 = CARTESIAN_POINT ( 'NONE',  ( 321.9101500313973900, 88.54085002964014000, -38.86055557575768700 ) ) ;
#3025 = DIRECTION ( 'NONE',  ( 4.625929269271481400E-015, 1.000000000000000000, 0.0000000000000000000 ) ) ;
#3026 = CARTESIAN_POINT ( 'NONE',  ( 300.0000238527017000, 91.48356538830476800, -40.98341956164332300 ) ) ;
#3027 = ORIENTED_EDGE ( 'NONE', *, *, #5925, .T. ) ;
#3028 = CARTESIAN_POINT ( 'NONE',  ( 324.4013266440928800, 90.93619851402337400, -39.56891108330817300 ) ) ;
#3029 = UNCERTAINTY_MEASURE_WITH_UNIT (LENGTH_MEASURE( 1.000000000000000100E-005 ), #1520, 'distance_accuracy_value', 'NONE');
#3030 = EDGE_LOOP ( 'NONE', ( #5895, #3970, #2545, #2787 ) ) ;
#3032 = ADVANCED_FACE ( 'NONE', ( #543 ), #2675, .F. ) ;
#3031 = CARTESIAN_POINT ( 'NONE',  ( 325.2145958098852800, 90.90317593137410800, -26.62006940824416600 ) ) ;
#3033 = CARTESIAN_POINT ( 'NONE',  ( 290.0254524795461200, 85.46874564476000600, -46.04759744931704500 ) ) ;
#3034 = AXIS2_PLACEMENT_3D ( 'NONE', #7180, #4812, #4888 ) ;
#3035 = CARTESIAN_POINT ( 'NONE',  ( 307.2773116588568300, 91.42154065902913400, -39.73496503605727500 ) ) ;
#3036 = CARTESIAN_POINT ( 'NONE',  ( 270.7207816445340400, 88.48580683107968500, -43.28267461161087200 ) ) ;
#3037 = CARTESIAN_POINT ( 'NONE',  ( 299.9998714614000100, 100.9999999999999900, -45.30807779753000400 ) ) ;
#3038 = EDGE_LOOP ( 'NONE', ( #4018, #1413, #3049, #7006 ) ) ;
#3039 = FACE_OUTER_BOUND ( 'NONE', #2411, .T. ) ;
#3040 = CARTESIAN_POINT ( 'NONE',  ( 310.4997569264184600, 90.13622630453079400, -34.50190089834384100 ) ) ;
#3041 = ORIENTED_EDGE ( 'NONE', *, *, #6136, .F. ) ;
#3042 = VERTEX_POINT ( 'NONE', #2092 ) ;
#3043 = EDGE_LOOP ( 'NONE', ( #4394, #3322, #3438, #6943, #1956, #6493, #7177 ) ) ;
#3044 = CARTESIAN_POINT ( 'NONE',  ( 328.3710362369107000, 87.63380444395036800, -31.11813480889205500 ) ) ;
#3045 = CARTESIAN_POINT ( 'NONE',  ( 328.0557150259181800, 87.63380170034999100, -47.70478807040297700 ) ) ;
#3046 = CARTESIAN_POINT ( 'NONE',  ( 290.4803984445097200, 91.38939920343956700, -44.35864339585235400 ) ) ;
#3047 = ORIENTED_EDGE ( 'NONE', *, *, #2462, .F. ) ;
#3048 = ORIENTED_EDGE ( 'NONE', *, *, #6449, .T. ) ;
#3049 = ORIENTED_EDGE ( 'NONE', *, *, #6440, .T. ) ;
#3050 = EDGE_CURVE ( 'NONE', #6535, #5078, #4702, .T. ) ;
#3051 = CARTESIAN_POINT ( 'NONE',  ( 300.5806210861000000, 89.13498463048000500, -54.90635733194999800 ) ) ;
#3052 = CARTESIAN_POINT ( 'NONE',  ( 295.3294793215342200, 91.44949756696023300, -45.69816410139229400 ) ) ;
#3053 = CARTESIAN_POINT ( 'NONE',  ( 299.6382126860654600, 91.79352843635442100, -33.62220792065185300 ) ) ;
#3054 = ORIENTED_EDGE ( 'NONE', *, *, #4256, .F. ) ;
#3055 = CARTESIAN_POINT ( 'NONE',  ( 288.9142961361000600, 85.46874564475999100, -44.22639287772000200 ) ) ;
#3056 = CARTESIAN_POINT ( 'NONE',  ( 325.4114974460725900, 90.89512629061572100, -27.11462933524218900 ) ) ;
#3057 = CARTESIAN_POINT ( 'NONE',  ( 329.2693341870607400, 88.45728870225640600, -32.97699447592162900 ) ) ;
#3058 = B_SPLINE_CURVE_WITH_KNOTS ( 'NONE', 3,
 ( #2377, #4112, #4701, #4637 ),
 .UNSPECIFIED., .F., .F.,
 ( 4, 4 ),
 ( 0.0000000000000000000, 1.000000000000000000 ),
 .UNSPECIFIED. ) ;
#3059 = CARTESIAN_POINT ( 'NONE',  ( 297.4692160008723900, 94.75899588846917300, -41.98101666616044300 ) ) ;
#3060 = VERTEX_POINT ( 'NONE', #5185 ) ;
#3061 = ORIENTED_EDGE ( 'NONE', *, *, #6411, .T. ) ;
#3062 = EDGE_CURVE ( 'NONE', #5595, #4138, #6844, .T. ) ;
#3063 = CARTESIAN_POINT ( 'NONE',  ( 289.9997987285465800, 85.46874564475999100, -46.17583625932628900 ) ) ;
#3064 = B_SPLINE_CURVE_WITH_KNOTS ( 'NONE', 3,
 ( #5588, #7341, #464, #6727 ),
 .UNSPECIFIED., .F., .F.,
 ( 4, 4 ),
 ( 0.0000000000000000000, 1.000000000000000000 ),
 .UNSPECIFIED. ) ;
#3065 = CARTESIAN_POINT ( 'NONE',  ( 327.7534907493488300, 88.23195855190938600, -47.83130146020109000 ) ) ;
#3066 = CARTESIAN_POINT ( 'NONE',  ( 312.2738911610655400, 91.58061310180609400, -26.60307433964526800 ) ) ;
#3067 = ORIENTED_EDGE ( 'NONE', *, *, #2001, .T. ) ;
#3068 = CARTESIAN_POINT ( 'NONE',  ( 309.5197216761151300, 90.16358958444213600, -30.85124172972959400 ) ) ;
#3069 = CARTESIAN_POINT ( 'NONE',  ( 277.7893471838999600, 87.04085002963991300, -39.78237565572000300 ) ) ;
#3070 = ORIENTED_EDGE ( 'NONE', *, *, #6031, .F. ) ;
#3071 = ORIENTED_EDGE ( 'NONE', *, *, #6333, .T. ) ;
#3072 = CARTESIAN_POINT ( 'NONE',  ( 300.2112730328996100, 91.48261028313419300, -39.73391289902376400 ) ) ;
#3073 = LINE ( 'NONE', #2723, #2009 ) ;
#3074 = PLANE ( 'NONE',  #2837 ) ;
#3075 = ADVANCED_FACE ( 'NONE', ( #1519, #6462 ), #4042, .F. ) ;
#3076 = CARTESIAN_POINT ( 'NONE',  ( 270.5836507103399500, 88.29053449430159600, -23.94361116193283600 ) ) ;
#3077 = ORIENTED_EDGE ( 'NONE', *, *, #4909, .T. ) ;
#3078 = CARTESIAN_POINT ( 'NONE',  ( 314.3180678892392700, 91.28727183707130200, -37.99555677158986800 ) ) ;
#3079 = CARTESIAN_POINT ( 'NONE',  ( 325.6974814440000000, 89.64851184029997500, -25.77622434082999400 ) ) ;
#3080 = CARTESIAN_POINT ( 'NONE',  ( 320.7106028994654700, 91.08069351521423600, -43.46247692419413500 ) ) ;
#3081 = DIRECTION ( 'NONE',  ( 0.0000000000000000000, 0.0000000000000000000, -1.000000000000000000 ) ) ;
#3082 = CARTESIAN_POINT ( 'NONE',  ( 287.1141187055197900, 91.09471111224628700, -28.60496446967454500 ) ) ;
#3083 = AXIS2_PLACEMENT_3D ( 'NONE', #4426, #5002, #6174 ) ;
#3084 = CARTESIAN_POINT ( 'NONE',  ( 271.8871684941955200, 87.63380170034997700, -30.58462819983680300 ) ) ;
#3085 = CARTESIAN_POINT ( 'NONE',  ( 321.0592675563184500, 91.06698247946660300, -36.10228646688371200 ) ) ;
#3086 = EDGE_LOOP ( 'NONE', ( #5852, #5827, #2394, #4101 ) ) ;
#3087 = CARTESIAN_POINT ( 'NONE',  ( 271.5220850732000600, 87.63380170034999100, -34.91747625075999700 ) ) ;
#3088 = CARTESIAN_POINT ( 'NONE',  ( 292.6472013699180400, 90.25005530643372300, -39.71343207612397900 ) ) ;
#3089 = CARTESIAN_POINT ( 'NONE',  ( 329.1722358347064400, 88.30095623122233000, -23.70000146389187600 ) ) ;
#3090 = CARTESIAN_POINT ( 'NONE',  ( 287.1315651793246400, 90.09495336887899000, -30.97163969332852300 ) ) ;
#3091 = CARTESIAN_POINT ( 'NONE',  ( 313.3559243433770700, 91.54324824632539000, -27.33946050547016400 ) ) ;
#3092 = CARTESIAN_POINT ( 'NONE',  ( 304.2500413975169500, 94.73864272007095600, -43.70694136331030000 ) ) ;
#3093 = AXIS2_PLACEMENT_3D ( 'NONE', #2423, #4160, #719 ) ;
#3094 = CARTESIAN_POINT ( 'NONE',  ( 326.9599879913677700, 89.28200199143123000, -26.40030577385174100 ) ) ;
#3095 = CARTESIAN_POINT ( 'NONE',  ( 297.1418814151090800, 93.26631210336799400, -53.69548214546145500 ) ) ;
#3096 = CARTESIAN_POINT ( 'NONE',  ( 290.9998842500069700, 91.39799723756127000, -44.30807911639305300 ) ) ;
#3097 = ORIENTED_EDGE ( 'NONE', *, *, #2021, .T. ) ;
#3098 = CARTESIAN_POINT ( 'NONE',  ( 324.5185833507645200, 90.93151261593814600, -26.35084539600547500 ) ) ;
#3099 = CARTESIAN_POINT ( 'NONE',  ( 307.0927846719330900, 93.22811790956687600, -45.38150397549654300 ) ) ;
#3100 = CARTESIAN_POINT ( 'NONE',  ( 273.0282079844986900, 89.12061171156877000, -26.21496917195001000 ) ) ;
#3101 = ORIENTED_EDGE ( 'NONE', *, *, #2911, .F. ) ;
#3102 = CARTESIAN_POINT ( 'NONE',  ( 291.7175515867180000, 91.71543454097903200, -32.84281001606739600 ) ) ;
#3103 = FACE_OUTER_BOUND ( 'NONE', #6020, .T. ) ;
#3104 = CARTESIAN_POINT ( 'NONE',  ( 296.4550951701739900, 91.45921381756316700, -43.21784007953577600 ) ) ;
#3105 = CARTESIAN_POINT ( 'NONE',  ( 326.2963616512000200, 90.00018020490996700, -26.28215324652000400 ) ) ;
#3106 = EDGE_CURVE ( 'NONE', #739, #1033, #1081, .T. ) ;
#3107 = CARTESIAN_POINT ( 'NONE',  ( 303.9045608763320300, 94.74455403185638100, -49.40577569350233500 ) ) ;
#3108 = CARTESIAN_POINT ( 'NONE',  ( 271.9423324994832600, 87.63380170034997700, -30.55900660703085200 ) ) ;
#3109 = ORIENTED_EDGE ( 'NONE', *, *, #108, .T. ) ;
#3110 = FACE_OUTER_BOUND ( 'NONE', #1736, .T. ) ;
#3111 = B_SPLINE_CURVE_WITH_KNOTS ( 'NONE', 3,
 ( #2917, #1817, #5296, #2382 ),
 .UNSPECIFIED., .F., .F.,
 ( 4, 4 ),
 ( 0.0000000000000000000, 1.000000000000000000 ),
 .UNSPECIFIED. ) ;
#3112 = CARTESIAN_POINT ( 'NONE',  ( 285.1104667575243600, 92.55691160967278100, -28.63174154280294900 ) ) ;
#3114 = ADVANCED_FACE ( 'NONE', ( #32 ), #4004, .T. ) ;
#3113 = PLANE ( 'NONE',  #5686 ) ;
#3116 = ORIENTED_EDGE ( 'NONE', *, *, #3405, .F. ) ;
#3115 = B_SPLINE_CURVE_WITH_KNOTS ( 'NONE', 3,
 ( #4230, #196, #1911, #771 ),
 .UNSPECIFIED., .F., .F.,
 ( 4, 4 ),
 ( 0.0000000000000000000, 1.000000000000000000 ),
 .UNSPECIFIED. ) ;
#3117 = LINE ( 'NONE', #3818, #6918 ) ;
#3118 = CARTESIAN_POINT ( 'NONE',  ( 327.6122983934524200, 88.58560556900180000, -34.83125793830647900 ) ) ;
#3119 = CARTESIAN_POINT ( 'NONE',  ( 270.9781594174268700, 88.39715434839975200, -55.07166863154268600 ) ) ;
#3120 = EDGE_CURVE ( 'NONE', #3965, #3341, #2786, .T. ) ;
#3121 = CARTESIAN_POINT ( 'NONE',  ( 309.7038911101976200, 91.38833745675494000, -45.59788418371155000 ) ) ;
#3122 = CARTESIAN_POINT ( 'NONE',  ( 328.0196739322340700, 87.63380170034997700, -34.78782443948410500 ) ) ;
#3123 = CARTESIAN_POINT ( 'NONE',  ( 326.1812265383471800, 92.65276017548590900, -25.89591145490884500 ) ) ;
#3124 = ORIENTED_EDGE ( 'NONE', *, *, #3952, .T. ) ;
#3125 = CYLINDRICAL_SURFACE ( 'NONE', #4907, 3.499999999999027400 ) ;
#3126 = CARTESIAN_POINT ( 'NONE',  ( 272.5867474929676700, 91.14332542181613000, -54.17272544621765500 ) ) ;
#3127 = CARTESIAN_POINT ( 'NONE',  ( 308.9998493951151800, 85.46874564476000600, -45.30806422134850200 ) ) ;
#3128 = CARTESIAN_POINT ( 'NONE',  ( 291.5045255497554400, 85.46874564476000600, -47.18135681857010200 ) ) ;
#3129 = CARTESIAN_POINT ( 'NONE',  ( 291.9792957232436400, 91.72059181432773300, -33.18641472697095200 ) ) ;
#3130 = CARTESIAN_POINT ( 'NONE',  ( 302.0818290519014800, 91.47016604914735200, -42.09159630609645600 ) ) ;
#3131 = CARTESIAN_POINT ( 'NONE',  ( 312.1732166335260700, 91.33933778708878000, -39.61727053540098400 ) ) ;
#3132 = ORIENTED_EDGE ( 'NONE', *, *, #7174, .F. ) ;
#3133 = VERTEX_POINT ( 'NONE', #527 ) ;
#3134 = CARTESIAN_POINT ( 'NONE',  ( 285.1537616752817100, 90.02529874220810800, -28.58750731356407100 ) ) ;
#3135 = CARTESIAN_POINT ( 'NONE',  ( 323.4189121863844300, 92.77655799665045300, -41.02341791214781400 ) ) ;
#3136 = CARTESIAN_POINT ( 'NONE',  ( 285.5704031936334700, 93.08502404121743700, -37.00612137750410100 ) ) ;
#3137 = CARTESIAN_POINT ( 'NONE',  ( 298.3020968896001400, 93.84771263106000600, -52.75226249105000400 ) ) ;
#3138 = CARTESIAN_POINT ( 'NONE',  ( 304.9815143123296400, 94.72951511657800000, -46.31153720041681500 ) ) ;
#3139 = CARTESIAN_POINT ( 'NONE',  ( 298.7696564049132900, 94.76874564476030100, -41.73040621718841000 ) ) ;
#3140 = CARTESIAN_POINT ( 'NONE',  ( 296.7917860160233100, 91.46438271642432500, -53.20453797860339800 ) ) ;
#3141 = ORIENTED_EDGE ( 'NONE', *, *, #3192, .T. ) ;
#3142 = ORIENTED_EDGE ( 'NONE', *, *, #4016, .F. ) ;
#3143 = ORIENTED_EDGE ( 'NONE', *, *, #3782, .F. ) ;
#3144 = ORIENTED_EDGE ( 'NONE', *, *, #1353, .F. ) ;
#3145 = CARTESIAN_POINT ( 'NONE',  ( 275.1016100311250100, 90.91588662903383500, -26.37674436786494800 ) ) ;
#3146 = EDGE_CURVE ( 'NONE', #4871, #6154, #3365, .T. ) ;
#3147 = CARTESIAN_POINT ( 'NONE',  ( 297.1418814151090800, 93.26631210336799400, -53.69548214546145500 ) ) ;
#3148 = CARTESIAN_POINT ( 'NONE',  ( 329.1766803017000000, 88.17678983125000500, -23.63757970312000700 ) ) ;
#3149 = CARTESIAN_POINT ( 'NONE',  ( 304.3685352855503100, 94.73651239903236400, -43.91142517647497800 ) ) ;
#3150 = VERTEX_POINT ( 'NONE', #3367 ) ;
#3151 = CARTESIAN_POINT ( 'NONE',  ( 327.0063022605466500, 89.23375587950798100, -26.71173277607037700 ) ) ;
#3152 = CARTESIAN_POINT ( 'NONE',  ( 320.7106497677938300, 88.54085002964008300, -38.28237565572080600 ) ) ;
#3153 = CARTESIAN_POINT ( 'NONE',  ( 328.2234482848022600, 87.63380126864875300, -47.33120466397420500 ) ) ;
#3154 = CARTESIAN_POINT ( 'NONE',  ( 291.5232371153504100, 85.46874564475999100, -48.25599908648101900 ) ) ;
#3155 = CARTESIAN_POINT ( 'NONE',  ( 285.1537616752817100, 90.02529874220810800, -28.58750731356407100 ) ) ;
#3156 = ADVANCED_FACE ( 'NONE', ( #5387, #5484, #1172 ), #3942, .T. ) ;
#3157 = ORIENTED_EDGE ( 'NONE', *, *, #2546, .T. ) ;
#3158 = CARTESIAN_POINT ( 'NONE',  ( 291.5047579779243300, 85.46874564475996300, -45.43473771436978800 ) ) ;
#3159 = CARTESIAN_POINT ( 'NONE',  ( 328.0533841247846000, 87.63378822391366900, -43.64836206795030900 ) ) ;
#3160 = CARTESIAN_POINT ( 'NONE',  ( 303.2116426346367500, 91.46183803863407000, -42.87570256119638400 ) ) ;
#3161 = CARTESIAN_POINT ( 'NONE',  ( 296.1642068168656600, 91.45683847471748600, -49.05606838351864200 ) ) ;
#3162 = CARTESIAN_POINT ( 'NONE',  ( 309.6135207840550800, 85.46874564475999100, -47.10874489703572700 ) ) ;
#3163 = CARTESIAN_POINT ( 'NONE',  ( 285.3390746951238300, 93.07892164456221500, -36.64591722774999000 ) ) ;
#3164 = CARTESIAN_POINT ( 'NONE',  ( 304.3460480573865500, 94.76874564476001700, -43.81558485540963200 ) ) ;
#3165 = CARTESIAN_POINT ( 'NONE',  ( 307.4433704690962900, 91.71127756394649600, -35.73624497904173600 ) ) ;
#3166 = CARTESIAN_POINT ( 'NONE',  ( 295.8930754361356900, 94.76874564476028700, -43.94106858978536000 ) ) ;
#3167 = EDGE_LOOP ( 'NONE', ( #1114, #1323, #3948, #3071 ) ) ;
#3168 = B_SPLINE_CURVE_WITH_KNOTS ( 'NONE', 1,
 ( #3556, #173 ),
 .UNSPECIFIED., .F., .F.,
 ( 2, 2 ),
 ( 0.0000000000000000000, 1.000000000000000000 ),
 .UNSPECIFIED. ) ;
#3169 = CARTESIAN_POINT ( 'NONE',  ( 299.0179094982802300, 93.25564440881618100, -53.79492601288255600 ) ) ;
#3170 = EDGE_CURVE ( 'NONE', #6875, #1330, #2892, .T. ) ;
#3171 = CARTESIAN_POINT ( 'NONE',  ( 272.6172801662248700, 87.63380170034999100, -43.63571693865851100 ) ) ;
#3172 = B_SPLINE_CURVE_WITH_KNOTS ( 'NONE', 3,
 ( #6105, #6161, #7250, #6754, #396, #5559, #5635, #2101, #7277, #7334, #3880, #2745, #3186, #3371, #1090, #6799, #7389, #511, #5129, #2844, #1064, #4539, #2257, #2205, #588, #2820, #3960, #5106, #5713, #4565, #531, #3910, #2228, #4514, #3398, #10, #6822, #6283, #6855, #2797, #6883, #3429, #33, #4586, #7420, #5085, #5755, #4017, #6239, #1158 ),
 .UNSPECIFIED., .F., .F.,
 ( 4, 2, 2, 1, 1, 2, 2, 2, 1, 1, 2, 2, 2, 2, 1, 1, 1, 2, 2, 2, 2, 1, 1, 2, 2, 2, 1, 2, 2, 4 ),
 ( 0.0000000000000000000, 0.06250000000003927400, 0.09375000000004789200, 0.1093750000000330300, 0.1171875000000046100, 0.1210937499999908000, 0.1249999999999769900, 0.1874999999999748800, 0.2187499999999797400, 0.2343749999999828200, 0.2421874999999662500, 0.2499999999999496800, 0.3749999999995530800, 0.4374999999993536800, 0.4687499999992772400, 0.4843749999992276200, 0.4921874999991832100, 0.4960937499991791600, 0.4999999999991751000, 0.6249999999996306300, 0.6874999999998443500, 0.7187499999999538100, 0.7343750000000201000, 0.7421875000000338600, 0.7500000000000476300, 0.8125000000000304200, 0.8437500000000353100, 0.8593750000000344200, 0.8750000000000335300, 1.000000000000000000 ),
 .UNSPECIFIED. ) ;
#3173 = CARTESIAN_POINT ( 'NONE',  ( 279.2893471838999600, 87.04085002963991300, -39.78237565572000300 ) ) ;
#3174 = B_SPLINE_CURVE_WITH_KNOTS ( 'NONE', 3,
 ( #4078, #5786, #1709, #5184, #1234, #5260 ),
 .UNSPECIFIED., .F., .F.,
 ( 4, 2, 4 ),
 ( 0.0000000000000000000, 0.4987977217900618800, 0.9975954435801237500 ),
 .UNSPECIFIED. ) ;
#3175 = CARTESIAN_POINT ( 'NONE',  ( 327.0184817786563400, 88.53616775083340000, -51.92917031201715600 ) ) ;
#3176 = CARTESIAN_POINT ( 'NONE',  ( 304.1221766625898200, 94.74100179310320900, -43.50012480312234000 ) ) ;
#3177 = DIRECTION ( 'NONE',  ( -0.01744974769995161200, 0.9996953159762846900, -0.01745799301994119600 ) ) ;
#3178 = CARTESIAN_POINT ( 'NONE',  ( 281.6585377494074600, 92.96882482163970000, -41.59588591703160900 ) ) ;
#3179 = CARTESIAN_POINT ( 'NONE',  ( 303.2408951864893000, 93.26432573645878700, -39.92157284818767200 ) ) ;
#3180 = CARTESIAN_POINT ( 'NONE',  ( 301.5708362188167900, 94.76750144279390000, -41.57742539338977400 ) ) ;
#3181 = CARTESIAN_POINT ( 'NONE',  ( 320.7106497678000200, 91.23304940153735700, -43.46247923879001700 ) ) ;
#3182 = CARTESIAN_POINT ( 'NONE',  ( 327.7705355992615100, 88.57427865453418300, -44.02256193297000700 ) ) ;
#3183 = APPLICATION_PROTOCOL_DEFINITION ( 'draft international standard', 'automotive_design', 1998, #4920 ) ;
#3184 = CARTESIAN_POINT ( 'NONE',  ( 292.8556066040999900, 93.70010505999002200, -46.30303998429000200 ) ) ;
#3185 = CARTESIAN_POINT ( 'NONE',  ( 327.8437909354169600, 88.57253367073839500, -34.83153083834519500 ) ) ;
#3187 = ADVANCED_FACE ( 'NONE', ( #5216 ), #2139, .T. ) ;
#3186 = CARTESIAN_POINT ( 'NONE',  ( 273.9869481887286000, 90.48662741846821700, -53.17840223480809000 ) ) ;
#3188 = FACE_OUTER_BOUND ( 'NONE', #3167, .T. ) ;
#3189 = CARTESIAN_POINT ( 'NONE',  ( 327.1690857907497600, 87.63380170034996300, -34.23131037150908900 ) ) ;
#3190 = AXIS2_PLACEMENT_3D ( 'NONE', #4084, #1220, #2927 ) ;
#3191 = CARTESIAN_POINT ( 'NONE',  ( 309.6989535727118400, 91.38842330933967200, -45.59303081702933700 ) ) ;
#3192 = EDGE_CURVE ( 'NONE', #2438, #5554, #4, .T. ) ;
#3193 = VERTEX_POINT ( 'NONE', #505 ) ;
#3194 = FACE_BOUND ( 'NONE', #153, .T. ) ;
#3195 = CARTESIAN_POINT ( 'NONE',  ( 278.3374294210513000, 91.04390047076944400, -43.34529968350992800 ) ) ;
#3196 = CARTESIAN_POINT ( 'NONE',  ( 305.0460627042999700, 93.73551372481001900, -51.36535273948999200 ) ) ;
#3197 = CARTESIAN_POINT ( 'NONE',  ( 279.6791799690311700, 92.89946763493874500, -36.82557724740343000 ) ) ;
#3198 = CARTESIAN_POINT ( 'NONE',  ( 301.6135315302685200, 93.27119479665962800, -39.33795916096595100 ) ) ;
#3199 = VERTEX_POINT ( 'NONE', #777 ) ;
#3200 = PLANE ( 'NONE',  #1698 ) ;
#3201 = FACE_OUTER_BOUND ( 'NONE', #2668, .T. ) ;
#3202 =( LENGTH_UNIT ( ) NAMED_UNIT ( * ) SI_UNIT ( .MILLI., .METRE. ) );
#3203 = CARTESIAN_POINT ( 'NONE',  ( 327.7446620143246600, 88.57003903765316000, -43.52256174297705400 ) ) ;
#3204 = CARTESIAN_POINT ( 'NONE',  ( 322.6936157656666100, 92.80690105011869700, -42.00627557668526200 ) ) ;
#3205 = EDGE_CURVE ( 'NONE', #3931, #6751, #551, .T. ) ;
#3206 = CARTESIAN_POINT ( 'NONE',  ( 272.2799823156797200, 87.63380160319735500, -47.83135507884986000 ) ) ;
#3207 = CARTESIAN_POINT ( 'NONE',  ( 296.1508165357000200, 94.79898752872999500, -42.45904905028999800 ) ) ;
#3208 = CARTESIAN_POINT ( 'NONE',  ( 328.1559636147376900, 88.55363340801812900, -34.76731975628541700 ) ) ;
#3209 = ORIENTED_EDGE ( 'NONE', *, *, #6309, .T. ) ;
#3210 = B_SPLINE_CURVE_WITH_KNOTS ( 'NONE', 3,
 ( #4693, #6424, #1236, #123 ),
 .UNSPECIFIED., .F., .F.,
 ( 4, 4 ),
 ( 0.0000000000000000000, 1.000000000000000000 ),
 .UNSPECIFIED. ) ;
#3211 = CARTESIAN_POINT ( 'NONE',  ( 313.8561966802304800, 92.57490843885386800, -28.69674941846971800 ) ) ;
#3212 = VECTOR ( 'NONE', #4303, 1000.000000000000000 ) ;
#3213 = CARTESIAN_POINT ( 'NONE',  ( 304.1592911627000100, 91.45861328685998600, -53.37316752307952300 ) ) ;
#3214 = CARTESIAN_POINT ( 'NONE',  ( 272.8309122182968200, 88.56531380750806200, -47.28130057498091100 ) ) ;
#3215 = CARTESIAN_POINT ( 'NONE',  ( 325.7057553523930000, 89.26577696132297000, -53.22265371551592500 ) ) ;
#3216 = ORIENTED_EDGE ( 'NONE', *, *, #6136, .T. ) ;
#3217 = EDGE_CURVE ( 'NONE', #1971, #1023, #5575, .T. ) ;
#3218 = FACE_OUTER_BOUND ( 'NONE', #287, .T. ) ;
#3219 = CARTESIAN_POINT ( 'NONE',  ( 322.1711448366480100, 88.54085296164829800, -37.24839508477738500 ) ) ;
#3220 = CARTESIAN_POINT ( 'NONE',  ( 271.7307819418134000, 88.50613263289551500, -47.30609427574614800 ) ) ;
#3221 = PRESENTATION_LAYER_ASSIGNMENT (  '', '', ( #5842 ) ) ;
#3222 = CARTESIAN_POINT ( 'NONE',  ( 321.4214764342288500, 91.05674740754415100, -26.14080564478648200 ) ) ;
#3223 = VERTEX_POINT ( 'NONE', #1793 ) ;
#3224 = CYLINDRICAL_SURFACE ( 'NONE', #846, 3.680103583070013100 ) ;
#3225 = CARTESIAN_POINT ( 'NONE',  ( 302.8274773676224100, 93.26649182323483000, -53.69527591000974800 ) ) ;
#3226 = ORIENTED_EDGE ( 'NONE', *, *, #727, .F. ) ;
#3227 = EDGE_LOOP ( 'NONE', ( #477, #294, #7153, #3844 ) ) ;
#3228 =( BOUNDED_SURFACE ( )  B_SPLINE_SURFACE ( 3, 3, ( 
 ( #3375, #563, #3400, #6910 ),
 ( #3964, #5759, #4592, #1147 ),
 ( #516, #3935, #4620, #7392 ),
 ( #1663, #2259, #6803, #61 ) ),
 .UNSPECIFIED., .F., .F., .F. ) 
 B_SPLINE_SURFACE_WITH_KNOTS ( ( 4, 4 ),
 ( 4, 4 ),
 ( -0.06675410707821999300, 1.010676317393999700 ),
 ( -0.1358082181584000200, 1.126363270186000000 ),
 .UNSPECIFIED. ) 
 GEOMETRIC_REPRESENTATION_ITEM ( )  RATIONAL_B_SPLINE_SURFACE ( (
 ( 1.055487239589000000, 0.8630383961358998300, 0.8616089797947001900, 1.051198990566000000),
 ( 1.055730395670999800, 0.8624382032409999600, 0.8610025229141000700, 1.051423354690999900),
 ( 1.055973971620000100, 0.8618369739686999600, 0.8603950188397999600, 1.051648106233000100),
 ( 1.056217938219000200, 0.8612347804377000800, 0.8597865404430997700, 1.051873218235999800) ) ) 
 REPRESENTATION_ITEM ( '' )  SURFACE ( )  );
#3229 = EDGE_LOOP ( 'NONE', ( #1280, #1668, #715, #2190, #5573 ) ) ;
#3230 = ADVANCED_FACE ( 'NONE', ( #5663, #535, #7258 ), #2357, .T. ) ;
#3231 = CARTESIAN_POINT ( 'NONE',  ( 326.9996203288515100, 88.46606518337863200, -26.04281935555132300 ) ) ;
#3232 = CARTESIAN_POINT ( 'NONE',  ( 309.5117475942000200, 90.48161940797996300, -54.58862425533001800 ) ) ;
#3233 = CARTESIAN_POINT ( 'NONE',  ( 301.2364386753037000, 91.47593911511549400, -50.88495381536098700 ) ) ;
#3234 = CARTESIAN_POINT ( 'NONE',  ( 327.7446620143246600, 88.57003903765316000, -43.52256174297705400 ) ) ;
#3235 =( LENGTH_UNIT ( ) NAMED_UNIT ( * ) SI_UNIT ( .MILLI., .METRE. ) );
#3236 = EDGE_LOOP ( 'NONE', ( #3621, #5346 ) ) ;
#3237 = EDGE_LOOP ( 'NONE', ( #4831, #4712, #7090, #204, #578, #1104 ) ) ;
#3238 = CARTESIAN_POINT ( 'NONE',  ( 323.1579988198148500, 92.78758255319880300, -41.48132930555842500 ) ) ;
#3239 = EDGE_LOOP ( 'NONE', ( #2153, #2335, #1214, #7290 ) ) ;
#3240 = CARTESIAN_POINT ( 'NONE',  ( 300.1187576799000600, 94.28989004675000300, -40.62330280645998900 ) ) ;
#3241 = CARTESIAN_POINT ( 'NONE',  ( 297.1115018775192300, 94.76874564476028700, -42.54964363825747100 ) ) ;
#3242 = DIRECTION ( 'NONE',  ( -0.0000000000000000000, -1.000000000000000000, -0.0000000000000000000 ) ) ;
#3243 = CARTESIAN_POINT ( 'NONE',  ( 329.2954190000497800, 88.38265835146344800, -54.93457337175755100 ) ) ;
#3244 = EDGE_LOOP ( 'NONE', ( #1109, #4720, #797, #2256, #1432, #2072, #762, #2627 ) ) ;
#3245 = CARTESIAN_POINT ( 'NONE',  ( 292.7473352170036400, 85.46874564475999100, -47.31539074715590200 ) ) ;
#3246 = CARTESIAN_POINT ( 'NONE',  ( 329.3179240118000700, 88.26087648841002000, -23.67054157596000500 ) ) ;
#3247 = CARTESIAN_POINT ( 'NONE',  ( 304.9814701189071700, 94.72952548073678300, -46.28632989586393600 ) ) ;
#3248 = CARTESIAN_POINT ( 'NONE',  ( 314.7382107376986900, 89.98922896440471700, -26.63817884310867600 ) ) ;
#3249 = CARTESIAN_POINT ( 'NONE',  ( 298.1198121954160500, 93.27083288766034700, -53.72909711073128100 ) ) ;
#3251 = ORIENTED_EDGE ( 'NONE', *, *, #3909, .F. ) ;
#3250 = CARTESIAN_POINT ( 'NONE',  ( 290.7361297978947100, 85.46874564475997700, -48.30793273960039600 ) ) ;
#3252 = CARTESIAN_POINT ( 'NONE',  ( 301.2379598487999600, 94.82252791908003100, -41.37335870815999100 ) ) ;
#3253 = CARTESIAN_POINT ( 'NONE',  ( 282.1139043773692400, 92.98377430610234700, -38.82046156152603100 ) ) ;
#3254 = CARTESIAN_POINT ( 'NONE',  ( 272.5341204260492400, 88.51965460300193900, -30.59908844334484700 ) ) ;
#3255 = DIRECTION ( 'NONE',  ( 0.0000000000000000000, -1.000000000000000000, 0.0000000000000000000 ) ) ;
#3256 = EDGE_CURVE ( 'NONE', #2876, #3931, #1136, .T. ) ;
#3257 = CARTESIAN_POINT ( 'NONE',  ( 303.7390979502672500, 91.45761217906630200, -49.16063803403498900 ) ) ;
#3258 = CARTESIAN_POINT ( 'NONE',  ( 327.4330792328356700, 88.58657598756698800, -43.58068662474725100 ) ) ;
#3259 = CARTESIAN_POINT ( 'NONE',  ( 0.0000000000000000000, 0.0000000000000000000, 0.0000000000000000000 ) ) ;
#3260 = CARTESIAN_POINT ( 'NONE',  ( 326.4439847903763100, 89.81954308884292000, -26.63686580455928900 ) ) ;
#3261 = FACE_OUTER_BOUND ( 'NONE', #1901, .T. ) ;
#3262 = ORIENTED_EDGE ( 'NONE', *, *, #630, .F. ) ;
#3263 = B_SPLINE_CURVE_WITH_KNOTS ( 'NONE', 3,
 ( #5908, #5888, #7183, #888 ),
 .UNSPECIFIED., .F., .F.,
 ( 4, 4 ),
 ( 0.0000000000000000000, 1.000000000000000000 ),
 .UNSPECIFIED. ) ;
#3264 = CARTESIAN_POINT ( 'NONE',  ( 287.3022388372058300, 93.12773376134404700, -26.48840439824367000 ) ) ;
#3265 = EDGE_CURVE ( 'NONE', #5078, #6535, #3947, .T. ) ;
#3267 = ADVANCED_FACE ( 'NONE', ( #3390 ), #3565, .T. ) ;
#3266 = DIRECTION ( 'NONE',  ( 0.05233596164165816400, -0.9986295344716391600, 1.958284690444500900E-014 ) ) ;
#3268 = DIRECTION ( 'NONE',  ( 0.0000000000000000000, -1.000000000000000000, 0.0000000000000000000 ) ) ;
#3269 = CARTESIAN_POINT ( 'NONE',  ( 317.0862332824417500, 91.20582153058809600, -40.42525327270004000 ) ) ;
#3270 = AXIS2_PLACEMENT_3D ( 'NONE', #6263, #3242, #7274 ) ;
#3271 = CARTESIAN_POINT ( 'NONE',  ( 289.2298257703720300, 91.36770329258151000, -39.73461441022792000 ) ) ;
#3272 =( BOUNDED_CURVE ( )  B_SPLINE_CURVE ( 3, ( #1786, #69, #2351, #1204 ),
 .UNSPECIFIED., .F., .F. ) 
 B_SPLINE_CURVE_WITH_KNOTS ( ( 4, 4 ),
 ( 0.0000000000000000000, 1.000000000000000000 ),
 .UNSPECIFIED. ) 
 CURVE ( )  GEOMETRIC_REPRESENTATION_ITEM ( )  RATIONAL_B_SPLINE_CURVE ( ( 0.9999962967558800900, 0.9964736540202329100, 0.9930539245476257500, 0.9897371083380586100 ) ) 
 REPRESENTATION_ITEM ( '' )  );
#3273 = CARTESIAN_POINT ( 'NONE',  ( 309.7130469210663400, 91.38805000012226300, -47.00907657837169800 ) ) ;
#3274 = ORIENTED_EDGE ( 'NONE', *, *, #1706, .T. ) ;
#3275 = DIRECTION ( 'NONE',  ( 0.0000000000000000000, -1.000000000000000000, 0.0000000000000000000 ) ) ;
#3276 = CARTESIAN_POINT ( 'NONE',  ( 271.7307515684728400, 88.52499464387581400, -45.14192238873730600 ) ) ;
#3277 = CARTESIAN_POINT ( 'NONE',  ( 284.2307122166601500, 89.98919206247548200, -36.21177491662462000 ) ) ;
#3278 = CARTESIAN_POINT ( 'NONE',  ( 305.0464816217000200, 93.73554717606003800, -41.25037697427998800 ) ) ;
#3279 = VERTEX_POINT ( 'NONE', #6534 ) ;
#3280 = CARTESIAN_POINT ( 'NONE',  ( 271.8138983425010900, 89.69959929116988900, -24.33971261639946700 ) ) ;
#3281 = CARTESIAN_POINT ( 'NONE',  ( 328.4183501410601600, 88.07175341856769500, -34.22660581435774700 ) ) ;
#3282 = CARTESIAN_POINT ( 'NONE',  ( 272.2310294674659300, 88.57658179113107600, -34.83128959929748400 ) ) ;
#3283 = DIRECTION ( 'NONE',  ( 0.9998476951560921800, -0.01745240645441688600, 0.0000000000000000000 ) ) ;
#3284 = CARTESIAN_POINT ( 'NONE',  ( 291.7484683134976500, 91.41187138641316800, -46.97149220298120300 ) ) ;
#3285 = DIRECTION ( 'NONE',  ( 0.0000000000000000000, 0.0000000000000000000, 1.000000000000000000 ) ) ;
#3286 = CARTESIAN_POINT ( 'NONE',  ( 287.3269498455016400, 91.60169504369434900, -37.81291281726434800 ) ) ;
#3287 = CARTESIAN_POINT ( 'NONE',  ( 290.8283519621744500, 91.39736275415906200, -45.30807779752999700 ) ) ;
#3288 = EDGE_CURVE ( 'NONE', #1523, #3523, #4558, .T. ) ;
#3289 = ORIENTED_EDGE ( 'NONE', *, *, #5940, .T. ) ;
#3290 = VECTOR ( 'NONE', #7139, 1000.000000000000000 ) ;
#3291 = ORIENTED_EDGE ( 'NONE', *, *, #1653, .T. ) ;
#3292 = CARTESIAN_POINT ( 'NONE',  ( 304.9815154404934700, 94.76903304165330200, -46.30807791726089600 ) ) ;
#3293 = CARTESIAN_POINT ( 'NONE',  ( 279.2893471838999600, 88.54085002964001200, -36.88237565572531900 ) ) ;
#3294 = CARTESIAN_POINT ( 'NONE',  ( 310.9997994360334100, 85.46874564475999100, -46.56998818660027700 ) ) ;
#3295 = ORIENTED_EDGE ( 'NONE', *, *, #5543, .F. ) ;
#3296 = CARTESIAN_POINT ( 'NONE',  ( 327.1734455659105300, 87.63380170034999100, -34.31145647807756700 ) ) ;
#3297 = VECTOR ( 'NONE', #4249, 1000.000000000000100 ) ;
#3298 = CARTESIAN_POINT ( 'NONE',  ( 327.7446620143246600, 88.57003903765316000, -43.52256174297705400 ) ) ;
#3299 = CARTESIAN_POINT ( 'NONE',  ( 299.9998714613999500, 89.50000000000036900, -41.60807779753000100 ) ) ;
#3300 = AXIS2_PLACEMENT_3D ( 'NONE', #2618, #6119, #2586 ) ;
#3301 = CARTESIAN_POINT ( 'NONE',  ( 309.7089691817751000, 91.38811984293563700, -47.01319367431055700 ) ) ;
#3302 = EDGE_CURVE ( 'NONE', #1989, #4849, #2836, .T. ) ;
#3303 = DIRECTION ( 'NONE',  ( -0.0001362943966470157600, 0.01745240650847482800, 0.9998476858656525400 ) ) ;
#3304 = CARTESIAN_POINT ( 'NONE',  ( 279.0463784223038600, 91.07075072405943700, -36.10227207264998100 ) ) ;
#3305 = VERTEX_POINT ( 'NONE', #7190 ) ;
#3306 = VECTOR ( 'NONE', #6956, 1000.000000000000100 ) ;
#3307 = CARTESIAN_POINT ( 'NONE',  ( 314.7606603969106200, 91.27540511501293000, -25.83635124753239200 ) ) ;
#3308 = CARTESIAN_POINT ( 'NONE',  ( 304.0927966613176600, 93.25864920997305800, -52.18897955312242200 ) ) ;
#3309 = CARTESIAN_POINT ( 'NONE',  ( 279.2893471838999600, 87.04085002963999800, -39.78237565572000300 ) ) ;
#3310 = ADVANCED_FACE ( 'NONE', ( #2585 ), #3736, .F. ) ;
#3311 = CARTESIAN_POINT ( 'NONE',  ( 309.3055976083130100, 91.66923386735004400, -35.58143249731632800 ) ) ;
#3312 = CARTESIAN_POINT ( 'NONE',  ( 285.3685823247519700, 91.53464546987770200, -36.62834730225603900 ) ) ;
#3313 = ORIENTED_EDGE ( 'NONE', *, *, #4161, .F. ) ;
#3314 = CARTESIAN_POINT ( 'NONE',  ( 270.7576053579439900, 88.53814588014479600, -37.52075455802167200 ) ) ;
#3315 = CARTESIAN_POINT ( 'NONE',  ( 290.4439831517917700, 91.39081837113444400, -45.46657759904054100 ) ) ;
#3316 = EDGE_CURVE ( 'NONE', #3762, #7113, #1423, .T. ) ;
#3317 = CARTESIAN_POINT ( 'NONE',  ( 308.1844802621197900, 91.69554845030710100, -35.81655977881274600 ) ) ;
#3318 = VERTEX_POINT ( 'NONE', #3643 ) ;
#3319 = CARTESIAN_POINT ( 'NONE',  ( 271.8791094383629500, 87.63380170034999100, -34.77779402837630600 ) ) ;
#3320 = B_SPLINE_CURVE_WITH_KNOTS ( 'NONE', 3,
 ( #2424, #2979, #7117, #798, #1396, #1938, #2013, #4869, #4841, #6586, #5428, #1962, #271, #5370, #1348, #1414, #778, #2568, #5451, #247, #3129, #6495, #5993, #3668, #4270, #2548, #3102, #4238, #4318, #3699, #7163 ),
 .UNSPECIFIED., .F., .F.,
 ( 4, 2, 1, 1, 1, 1, 2, 2, 2, 2, 2, 2, 1, 1, 1, 1, 1, 2, 2, 4 ),
 ( 0.0000000000000000000, 0.001953124999944622900, 0.003906249999889245700, 0.007812499999740554800, 0.01562499999948136500, 0.03124999999900156900, 0.06249999999800202200, 0.1249999999959614100, 0.2499999999918343700, 0.3749999999877073300, 0.4999999999835802500, 0.5019531249836515200, 0.5039062499837228000, 0.5078124999838599100, 0.5156249999840973900, 0.5312499999846138600, 0.5624999999856473700, 0.6249999999877140500, 0.7499999999918199900, 1.000000000000000000 ),
 .UNSPECIFIED. ) ;
#3321 = AXIS2_PLACEMENT_3D ( 'NONE', #2447, #1907, #3012 ) ;
#3322 = ORIENTED_EDGE ( 'NONE', *, *, #5988, .F. ) ;
#3323 = VERTEX_POINT ( 'NONE', #270 ) ;
#3324 = ORIENTED_EDGE ( 'NONE', *, *, #3456, .T. ) ;
#3325 = CARTESIAN_POINT ( 'NONE',  ( 287.0178830828770600, 93.12099679605917400, -37.82634707213701100 ) ) ;
#3326 = DIRECTION ( 'NONE',  ( 6.581629099291177200E-008, -0.01712806106464207300, 0.9998533040022229400 ) ) ;
#3327 = CARTESIAN_POINT ( 'NONE',  ( 272.8309084877000100, 87.55211678053999000, -31.04085870208999900 ) ) ;
#3328 = CARTESIAN_POINT ( 'NONE',  ( 305.5330291341568900, 100.8885662945996800, -45.30807779753000400 ) ) ;
#3329 = CARTESIAN_POINT ( 'NONE',  ( 304.9815067204579000, 94.72952072555249000, -46.29770069118593100 ) ) ;
#3330 = ORIENTED_EDGE ( 'NONE', *, *, #4508, .F. ) ;
#3331 = VERTEX_POINT ( 'NONE', #2034 ) ;
#3332 = ORIENTED_EDGE ( 'NONE', *, *, #5257, .T. ) ;
#3333 = CARTESIAN_POINT ( 'NONE',  ( 273.5460779833996400, 92.42904661163721900, -25.76178931198665700 ) ) ;
#3334 = CARTESIAN_POINT ( 'NONE',  ( 328.2692600902166200, 88.53628782484185000, -44.04733263281749300 ) ) ;
#3335 = VERTEX_POINT ( 'NONE', #2495 ) ;
#3336 = CARTESIAN_POINT ( 'NONE',  ( 272.0852652596058800, 88.49303912903747000, -30.52257440059866800 ) ) ;
#3337 = CARTESIAN_POINT ( 'NONE',  ( 308.8209323717391000, 91.68087364203853400, -35.75179255843385600 ) ) ;
#3338 = EDGE_LOOP ( 'NONE', ( #580, #1112, #1620, #7361 ) ) ;
#3339 = CARTESIAN_POINT ( 'NONE',  ( 308.9998632986109300, 91.39814454551752500, -48.30808006212305400 ) ) ;
#3340 = CARTESIAN_POINT ( 'NONE',  ( 285.8000484952918300, 91.54965362911531200, -37.19637444869117400 ) ) ;
#3341 = VERTEX_POINT ( 'NONE', #5450 ) ;
#3342 = CARTESIAN_POINT ( 'NONE',  ( 272.2464760648279000, 88.25539055487468000, -43.52256193307491100 ) ) ;
#3343 = CARTESIAN_POINT ( 'NONE',  ( 290.1271097834445000, 91.38534253695878800, -45.81532474201995300 ) ) ;
#3344 = CARTESIAN_POINT ( 'NONE',  ( 328.1549391155595600, 89.70135284924747100, -24.33745920283684700 ) ) ;
#3345 = ORIENTED_EDGE ( 'NONE', *, *, #221, .T. ) ;
#3346 = DIRECTION ( 'NONE',  ( 0.05233596169992633900, -0.9986295344685856000, 0.0000000000000000000 ) ) ;
#3348 = ADVANCED_FACE ( 'NONE', ( #4759 ), #4858, .F. ) ;
#3347 = CARTESIAN_POINT ( 'NONE',  ( 299.6684967044064400, 90.29636609541792300, -30.51638580168264500 ) ) ;
#3349 = EDGE_CURVE ( 'NONE', #5439, #5711, #3414, .T. ) ;
#3350 = CARTESIAN_POINT ( 'NONE',  ( 327.6120092120735900, 87.63380170034014300, -30.52256193296992100 ) ) ;
#3351 = CARTESIAN_POINT ( 'NONE',  ( 328.3376815027919500, 88.58997025900666200, -37.45115069970423600 ) ) ;
#3352 = VERTEX_POINT ( 'NONE', #6018 ) ;
#3353 = CARTESIAN_POINT ( 'NONE',  ( 327.5026030299191600, 87.63380170034996300, -34.76915400543970200 ) ) ;
#3354 = CARTESIAN_POINT ( 'NONE',  ( 302.0703806402669900, 94.76874564476003100, -50.87453461428376800 ) ) ;
#3355 = CARTESIAN_POINT ( 'NONE',  ( 300.6151000227270100, 94.76874564476017300, -51.00807779753013400 ) ) ;
#3356 = CARTESIAN_POINT ( 'NONE',  ( 285.7877546779743100, 91.55004425400302600, -35.71367153121603600 ) ) ;
#3357 = CARTESIAN_POINT ( 'NONE',  ( 274.6919632148000100, 90.26700266600002500, -26.07052480335999800 ) ) ;
#3358 = B_SPLINE_CURVE_WITH_KNOTS ( 'NONE', 3,
 ( #2321, #592, #6829, #1741 ),
 .UNSPECIFIED., .F., .F.,
 ( 4, 4 ),
 ( 0.0000000000000000000, 1.000000000000000000 ),
 .UNSPECIFIED. ) ;
#3359 = VERTEX_POINT ( 'NONE', #3180 ) ;
#3360 = CARTESIAN_POINT ( 'NONE',  ( 326.5947849146000400, 89.38047558185196800, -25.88014738114833700 ) ) ;
#3361 = FACE_OUTER_BOUND ( 'NONE', #6354, .T. ) ;
#3362 = CARTESIAN_POINT ( 'NONE',  ( 310.0579430344464500, 91.64829661974451400, -35.04077786905411100 ) ) ;
#3363 = EDGE_CURVE ( 'NONE', #4615, #5214, #4606, .T. ) ;
#3364 = CARTESIAN_POINT ( 'NONE',  ( 327.1730802194911100, 87.63380170035000600, -47.35476205712876000 ) ) ;
#3365 = B_SPLINE_CURVE_WITH_KNOTS ( 'NONE', 3,
 ( #3905, #2252, #5050, #482, #3951, #3876 ),
 .UNSPECIFIED., .F., .F.,
 ( 4, 2, 4 ),
 ( 0.0000000000000000000, 0.5000000000000000000, 1.000000000000000000 ),
 .UNSPECIFIED. ) ;
#3366 = CARTESIAN_POINT ( 'NONE',  ( 312.7667915613288900, 93.12601449797207900, -26.77715963897382100 ) ) ;
#3367 = CARTESIAN_POINT ( 'NONE',  ( 328.3710362369107000, 87.63380444395036800, -31.11813480889205500 ) ) ;
#3368 = CARTESIAN_POINT ( 'NONE',  ( 271.7386017471014800, 87.63380170035000600, -34.67272825867742400 ) ) ;
#3369 = CARTESIAN_POINT ( 'NONE',  ( 290.3922706761413200, 89.16799686156490200, -54.89788589643146100 ) ) ;
#3370 = EDGE_CURVE ( 'NONE', #5215, #842, #5175, .T. ) ;
#3371 = CARTESIAN_POINT ( 'NONE',  ( 273.9363756812599000, 90.41460033307831200, -53.16607541814521900 ) ) ;
#3372 = CARTESIAN_POINT ( 'NONE',  ( 299.4738993207178100, 94.76874564476001700, -41.32173641857618000 ) ) ;
#3373 = CARTESIAN_POINT ( 'NONE',  ( 327.4676268608276400, 87.63380170034999100, -34.75044871331957100 ) ) ;
#3374 =( GEOMETRIC_REPRESENTATION_CONTEXT ( 3 ) GLOBAL_UNCERTAINTY_ASSIGNED_CONTEXT ( ( #3029 ) ) GLOBAL_UNIT_ASSIGNED_CONTEXT ( ( #1520, #4401, #5550 ) ) REPRESENTATION_CONTEXT ( 'NONE', 'WORKASPACE' ) );
#3375 = CARTESIAN_POINT ( 'NONE',  ( 270.7946958050000000, 88.17329427562998500, -23.63927578241000700 ) ) ;
#3376 = ORIENTED_EDGE ( 'NONE', *, *, #2227, .T. ) ;
#3377 = CARTESIAN_POINT ( 'NONE',  ( 326.2932194016647700, 92.53931262644017900, -25.68770332265130200 ) ) ;
#3378 = B_SPLINE_CURVE_WITH_KNOTS ( 'NONE', 3,
 ( #4832, #3118, #5384, #5463, #3635, #4224, #6508, #2537, #7154, #2004 ),
 .UNSPECIFIED., .F., .F.,
 ( 4, 2, 2, 2, 4 ),
 ( 0.0000000000000000000, 0.5000000000000598400, 0.6250000000000397500, 0.7500000000000195400, 1.000000000000000000 ),
 .UNSPECIFIED. ) ;
#3379 = DIRECTION ( 'NONE',  ( 0.0000000000000000000, -1.000000000000000000, 0.0000000000000000000 ) ) ;
#3380 = CARTESIAN_POINT ( 'NONE',  ( 301.2300865178904700, 94.76874564476018700, -41.73040621718941200 ) ) ;
#3381 = CARTESIAN_POINT ( 'NONE',  ( 272.2801778516514400, 87.63380170034999100, -43.52256557319870500 ) ) ;
#3382 = FACE_OUTER_BOUND ( 'NONE', #2883, .T. ) ;
#3383 = CARTESIAN_POINT ( 'NONE',  ( 320.9069993086490600, 87.04085002963991300, -41.28237565572003800 ) ) ;
#3384 = CARTESIAN_POINT ( 'NONE',  ( 325.6822370110522800, 90.61308755369681500, -53.21057593533323200 ) ) ;
#3385 = CARTESIAN_POINT ( 'NONE',  ( 328.3944940248717300, 88.08138302013654200, -31.11819442683417600 ) ) ;
#3386 = ADVANCED_FACE ( 'NONE', ( #3110 ), #7171, .F. ) ;
#3387 = CARTESIAN_POINT ( 'NONE',  ( 310.1717382824146500, 91.64515362105353800, -31.41235804464417200 ) ) ;
#3388 = ORIENTED_EDGE ( 'NONE', *, *, #3697, .F. ) ;
#3389 = CARTESIAN_POINT ( 'NONE',  ( 290.9998493950735700, 85.46874564475953700, -45.30806422134099200 ) ) ;
#3390 = FACE_OUTER_BOUND ( 'NONE', #3787, .T. ) ;
#3391 = VERTEX_POINT ( 'NONE', #2113 ) ;
#3392 = CARTESIAN_POINT ( 'NONE',  ( 271.7764493678369600, 87.63381393215179600, -47.45500778880008100 ) ) ;
#3393 = EDGE_CURVE ( 'NONE', #5202, #71, #6895, .T. ) ;
#3394 = DIRECTION ( 'NONE',  ( 0.0000000000000000000, 0.0000000000000000000, -1.000000000000000000 ) ) ;
#3395 = ORIENTED_EDGE ( 'NONE', *, *, #4147, .T. ) ;
#3396 = PLANE ( 'NONE',  #370 ) ;
#3397 = VECTOR ( 'NONE', #3884, 1000.000000000000100 ) ;
#3398 = CARTESIAN_POINT ( 'NONE',  ( 273.1814548264257500, 89.33950739817463200, -52.64199322271465300 ) ) ;
#3399 = CARTESIAN_POINT ( 'NONE',  ( 327.1079142151030500, 91.08012432516793000, -54.45593231995670900 ) ) ;
#3400 = CARTESIAN_POINT ( 'NONE',  ( 270.5470567953000800, 88.27423456923000300, -23.79865842035999500 ) ) ;
#3401 = ORIENTED_EDGE ( 'NONE', *, *, #6592, .T. ) ;
#3402 = CARTESIAN_POINT ( 'NONE',  ( 291.6687167243399000, 91.71444829846908000, -31.38088829529368700 ) ) ;
#3403 = CARTESIAN_POINT ( 'NONE',  ( 276.4666892645473100, 92.77169320563436400, -38.82615830172560600 ) ) ;
#3404 = CARTESIAN_POINT ( 'NONE',  ( 326.4156442701716400, 92.39321411595958000, -54.01902044084714300 ) ) ;
#3405 = EDGE_CURVE ( 'NONE', #193, #6378, #4737, .T. ) ;
#3406 = CARTESIAN_POINT ( 'NONE',  ( 276.5152201205765400, 90.97272505468274100, -37.35215621368733000 ) ) ;
#3407 = DIRECTION ( 'NONE',  ( -9.984020005621894600E-016, -1.000000000000000000, 0.0000000000000000000 ) ) ;
#3408 = CARTESIAN_POINT ( 'NONE',  ( 298.7788831320506200, 91.47600386187031100, -50.85727983321351100 ) ) ;
#3409 = ORIENTED_EDGE ( 'NONE', *, *, #1488, .F. ) ;
#3410 = FACE_BOUND ( 'NONE', #6253, .T. ) ;
#3411 = CARTESIAN_POINT ( 'NONE',  ( 310.5875046624020100, 91.63349798380687600, -32.03601413113801800 ) ) ;
#3412 = FILL_AREA_STYLE ('',( #6297 ) ) ;
#3413 = DIRECTION ( 'NONE',  ( -0.0000000000000000000, -1.000000000000000000, -0.0000000000000000000 ) ) ;
#3414 = B_SPLINE_CURVE_WITH_KNOTS ( 'NONE', 3,
 ( #6515, #3767, #428, #3254, #2660, #926, #1486, #6665, #5019, #6149, #1566, #1003 ),
 .UNSPECIFIED., .F., .F.,
 ( 4, 2, 2, 2, 2, 4 ),
 ( 0.0000000000000000000, 0.2500000000000177100, 0.5000000000000354200, 0.6250000000000443000, 0.7500000000000530700, 1.000000000000000000 ),
 .UNSPECIFIED. ) ;
#3415 = ORIENTED_EDGE ( 'NONE', *, *, #3606, .T. ) ;
#3416 = DIRECTION ( 'NONE',  ( 0.0000000000000000000, -0.9998476950993751000, -0.01745240970374135200 ) ) ;
#3417 = VECTOR ( 'NONE', #4487, 1000.000000000000000 ) ;
#3418 = EDGE_CURVE ( 'NONE', #1033, #739, #5271, .T. ) ;
#3419 = ORIENTED_EDGE ( 'NONE', *, *, #4822, .F. ) ;
#3420 = ORIENTED_EDGE ( 'NONE', *, *, #4659, .T. ) ;
#3421 = CARTESIAN_POINT ( 'NONE',  ( 329.5576810604325100, 88.52217499657012900, -37.16377961692836600 ) ) ;
#3422 = CARTESIAN_POINT ( 'NONE',  ( 327.1690857912316200, 87.63380170022975300, -43.92857226798859200 ) ) ;
#3423 = EDGE_CURVE ( 'NONE', #2906, #5580, #6814, .T. ) ;
#3424 = VERTEX_POINT ( 'NONE', #2057 ) ;
#3425 = B_SPLINE_CURVE_WITH_KNOTS ( 'NONE', 3,
 ( #5687, #6757, #1576, #5617, #3930, #1632, #5584, #6186, #3294, #7336, #1046, #6244, #7390, #4541, #6955, #1122, #4044, #5756 ),
 .UNSPECIFIED., .F., .F.,
 ( 4, 2, 2, 2, 2, 2, 2, 2, 4 ),
 ( 0.0000000000000000000, 0.1250000000000000000, 0.2500000000000000000, 0.3750000000000000000, 0.5000000000000000000, 0.6250000000000000000, 0.7500000000000000000, 0.8750000000000000000, 1.000000000000000000 ),
 .UNSPECIFIED. ) ;
#3426 = CARTESIAN_POINT ( 'NONE',  ( 284.2307116554025600, 89.98922143456171300, -28.14508304116945000 ) ) ;
#3427 = AXIS2_PLACEMENT_3D ( 'NONE', #1748, #4658, #4089 ) ;
#3428 = ORIENTED_EDGE ( 'NONE', *, *, #1549, .T. ) ;
#3429 = CARTESIAN_POINT ( 'NONE',  ( 273.0775160008216700, 89.19141210285293700, -52.46242555155464500 ) ) ;
#3430 = EDGE_LOOP ( 'NONE', ( #6574, #5158, #3157 ) ) ;
#3431 = ORIENTED_EDGE ( 'NONE', *, *, #4090, .F. ) ;
#3432 = ORIENTED_EDGE ( 'NONE', *, *, #5124, .T. ) ;
#3433 = CARTESIAN_POINT ( 'NONE',  ( 297.0498537865397600, 93.26590796360022800, -39.78165540892511800 ) ) ;
#3434 = DIRECTION ( 'NONE',  ( -0.01541719820004933000, -0.8832506948811298400, 0.4686475434606071600 ) ) ;
#3435 = CARTESIAN_POINT ( 'NONE',  ( 304.3463410055018100, 94.76874564476003100, -48.79971974861049900 ) ) ;
#3436 = CARTESIAN_POINT ( 'NONE',  ( 309.4467157681068600, 89.24052592404899500, -53.22260861331955800 ) ) ;
#3437 = B_SPLINE_CURVE_WITH_KNOTS ( 'NONE', 3,
 ( #4767, #4748, #1298, #2448, #6463, #2992 ),
 .UNSPECIFIED., .F., .F.,
 ( 4, 2, 4 ),
 ( 0.0000000000000000000, 0.5000000000000000000, 1.000000000000000000 ),
 .UNSPECIFIED. ) ;
#3438 = ORIENTED_EDGE ( 'NONE', *, *, #5940, .F. ) ;
#3439 = CARTESIAN_POINT ( 'NONE',  ( 277.9709872913352300, 92.83387069756254600, -42.45635288818605300 ) ) ;
#3440 = CARTESIAN_POINT ( 'NONE',  ( 324.5185833507645200, 90.93151261593814600, -26.35084539600547500 ) ) ;
#3442 = ORIENTED_EDGE ( 'NONE', *, *, #1078, .F. ) ;
#3441 = CARTESIAN_POINT ( 'NONE',  ( 310.7426726132034700, 91.36816795006841100, -47.32397291567402700 ) ) ;
#3443 = CARTESIAN_POINT ( 'NONE',  ( 274.3991757611001400, 91.07230575954000100, -27.32381844875000700 ) ) ;
#3444 = DIRECTION ( 'NONE',  ( 0.9998476951560469900, 0.01745240645701114400, -0.0000000000000000000 ) ) ;
#3445 = CARTESIAN_POINT ( 'NONE',  ( 326.8211577457255400, 89.42662699418434600, -52.58508771915664700 ) ) ;
#3446 = CARTESIAN_POINT ( 'NONE',  ( 273.5565245415080500, 92.52448710367805500, -25.89798975236992000 ) ) ;
#3447 = AXIS2_PLACEMENT_3D ( 'NONE', #3704, #5998, #2481 ) ;
#3448 = ORIENTED_EDGE ( 'NONE', *, *, #686, .F. ) ;
#3449 = CARTESIAN_POINT ( 'NONE',  ( 313.8520629430702200, 92.33806035011008400, -35.62651499407601100 ) ) ;
#3450 = CARTESIAN_POINT ( 'NONE',  ( 273.5534183216061600, 92.39175628851435800, -54.01940005237636900 ) ) ;
#3451 = CARTESIAN_POINT ( 'NONE',  ( 320.7106497677933700, 88.54085002964008300, -41.28237565572000300 ) ) ;
#3452 = CARTESIAN_POINT ( 'NONE',  ( 272.7997701153580600, 87.63380170034999100, -30.93090917752690300 ) ) ;
#3453 = CARTESIAN_POINT ( 'NONE',  ( 295.4074864601089400, 100.9999999999999700, -45.30807779753000400 ) ) ;
#3454 = ORIENTED_EDGE ( 'NONE', *, *, #5615, .F. ) ;
#3455 = CARTESIAN_POINT ( 'NONE',  ( 279.2893471838999600, 87.04085002963991300, -39.78237565572000300 ) ) ;
#3456 = EDGE_CURVE ( 'NONE', #1369, #5295, #2889, .T. ) ;
#3457 = CARTESIAN_POINT ( 'NONE',  ( 271.0766309577747400, 88.55624798853912700, -37.46372477850425000 ) ) ;
#3458 = CARTESIAN_POINT ( 'NONE',  ( 297.9749207090253000, 89.24624850912317700, -53.22299495295189300 ) ) ;
#3459 = B_SPLINE_CURVE_WITH_KNOTS ( 'NONE', 3,
 ( #7036, #694, #4745, #6459 ),
 .UNSPECIFIED., .F., .F.,
 ( 4, 4 ),
 ( 0.0000000000000000000, 1.000000000000000000 ),
 .UNSPECIFIED. ) ;
#3460 = CARTESIAN_POINT ( 'NONE',  ( 296.0356202214927100, 94.74346613413027300, -49.32818507133038800 ) ) ;
#3461 = CARTESIAN_POINT ( 'NONE',  ( 299.9998714614037000, 94.76874564476014500, -51.00807779753149200 ) ) ;
#3462 = CARTESIAN_POINT ( 'NONE',  ( 327.7840243693657400, 88.50061722703455300, -30.52249658373297700 ) ) ;
#3463 = B_SPLINE_CURVE_WITH_KNOTS ( 'NONE', 3,
 ( #1785, #3462, #3536, #5812 ),
 .UNSPECIFIED., .F., .F.,
 ( 4, 4 ),
 ( 0.0000000000000000000, 1.000000000000000000 ),
 .UNSPECIFIED. ) ;
#3464 = DIRECTION ( 'NONE',  ( -0.0000000000000000000, -0.0000000000000000000, 1.000000000000000000 ) ) ;
#3465 = EDGE_CURVE ( 'NONE', #6003, #2172, #5828, .T. ) ;
#3466 = CARTESIAN_POINT ( 'NONE',  ( 273.7260268275563200, 92.52074707898496800, -25.65399545444428100 ) ) ;
#3467 = CARTESIAN_POINT ( 'NONE',  ( 271.9011226587573400, 87.63380170035002000, -43.69235223411981700 ) ) ;
#3468 = CARTESIAN_POINT ( 'NONE',  ( 272.6277925130699500, 87.63380170034999100, -30.67067247442420500 ) ) ;
#3469 = B_SPLINE_CURVE_WITH_KNOTS ( 'NONE', 3,
 ( #660, #3627, #3023, #1331 ),
 .UNSPECIFIED., .F., .F.,
 ( 4, 4 ),
 ( 0.0000000000000000000, 1.000000000000000000 ),
 .UNSPECIFIED. ) ;
#3470 = CARTESIAN_POINT ( 'NONE',  ( 314.7382105680096600, 89.98919477531637800, -34.00918055102246000 ) ) ;
#3471 = DIRECTION ( 'NONE',  ( -0.0000000000000000000, -1.000000000000000000, -0.0000000000000000000 ) ) ;
#3472 = EDGE_LOOP ( 'NONE', ( #3097, #3516, #5133, #5488, #6435 ) ) ;
#3473 = CYLINDRICAL_SURFACE ( 'NONE', #4887, 311.8089510888380000 ) ;
#3474 = CARTESIAN_POINT ( 'NONE',  ( 273.1945255662001800, 88.46818003708392600, -25.56807748728055800 ) ) ;
#3475 = VERTEX_POINT ( 'NONE', #523 ) ;
#3476 = CARTESIAN_POINT ( 'NONE',  ( 327.0184817786563400, 88.53616775083340000, -51.92917031201715600 ) ) ;
#3477 = CARTESIAN_POINT ( 'NONE',  ( 308.9998591877251200, 91.39811659830336100, -44.30807791972525700 ) ) ;
#3478 = AXIS2_PLACEMENT_3D ( 'NONE', #4876, #5051, #2719 ) ;
#3479 = CARTESIAN_POINT ( 'NONE',  ( 272.9398730755000300, 88.99396789164002500, -26.35364441728999900 ) ) ;
#3480 = ORIENTED_EDGE ( 'NONE', *, *, #948, .T. ) ;
#3481 = FACE_BOUND ( 'NONE', #2421, .T. ) ;
#3482 = CARTESIAN_POINT ( 'NONE',  ( 271.6234126456805000, 88.53756956618443000, -34.58321500016074200 ) ) ;
#3483 = CARTESIAN_POINT ( 'NONE',  ( 300.2622275065999700, 93.27063226284001000, -53.65006631506999200 ) ) ;
#3484 = CARTESIAN_POINT ( 'NONE',  ( 313.8182240070659100, 91.52650333449436500, -28.30377471719773700 ) ) ;
#3485 = CARTESIAN_POINT ( 'NONE',  ( 285.1288496117154000, 91.52542747554332400, -28.61373719278195100 ) ) ;
#3486 = DIRECTION ( 'NONE',  ( 0.9986294299991368400, 0.05233595624922725300, -0.0004574090927053762900 ) ) ;
#3487 = CARTESIAN_POINT ( 'NONE',  ( 290.7393911132039100, 85.46874564475999100, -47.28249677939553000 ) ) ;
#3488 = CARTESIAN_POINT ( 'NONE',  ( 287.0851492029975100, 91.59378189687096500, -26.52657664536761200 ) ) ;
#3489 = ORIENTED_EDGE ( 'NONE', *, *, #7233, .F. ) ;
#3490 = FACE_OUTER_BOUND ( 'NONE', #3011, .T. ) ;
#3491 = CARTESIAN_POINT ( 'NONE',  ( 319.7888296878373400, 88.54085002964015400, -40.98187591931705500 ) ) ;
#3492 = EDGE_CURVE ( 'NONE', #5479, #6474, #1263, .T. ) ;
#3493 = CARTESIAN_POINT ( 'NONE',  ( 326.4257029576000400, 92.36236104878999200, -54.15841601896000400 ) ) ;
#3494 = EDGE_LOOP ( 'NONE', ( #5979, #5605, #5661, #6565 ) ) ;
#3495 = FACE_OUTER_BOUND ( 'NONE', #2632, .T. ) ;
#3496 = ADVANCED_FACE ( 'NONE', ( #3745 ), #265, .T. ) ;
#3497 = CARTESIAN_POINT ( 'NONE',  ( 272.8309084877000100, 88.11668156555499800, -31.12254362190004600 ) ) ;
#3498 = CARTESIAN_POINT ( 'NONE',  ( 299.3972312260175400, 90.29636630478290700, -30.47127862291694800 ) ) ;
#3499 = CARTESIAN_POINT ( 'NONE',  ( 327.1690857907001400, 88.11548031864002400, -44.07256193093977700 ) ) ;
#3500 = CARTESIAN_POINT ( 'NONE',  ( 273.5586925819756600, 88.48286784933593200, -25.27980651086707200 ) ) ;
#3501 = CARTESIAN_POINT ( 'NONE',  ( 294.9277258963300600, 89.22494300385247400, -53.22321991591800100 ) ) ;
#3502 = ORIENTED_EDGE ( 'NONE', *, *, #4402, .F. ) ;
#3503 = ORIENTED_EDGE ( 'NONE', *, *, #3606, .F. ) ;
#3504 = ORIENTED_EDGE ( 'NONE', *, *, #4867, .T. ) ;
#3505 = B_SPLINE_CURVE_WITH_KNOTS ( 'NONE', 3,
 ( #2958, #2978, #7015, #6973 ),
 .UNSPECIFIED., .F., .F.,
 ( 4, 4 ),
 ( 0.0000000000000000000, 1.000000000000000000 ),
 .UNSPECIFIED. ) ;
#3506 = CARTESIAN_POINT ( 'NONE',  ( 326.2901162119416100, 88.56457153646148600, -53.09937457837850900 ) ) ;
#3507 = EDGE_LOOP ( 'NONE', ( #5146, #2164, #6762, #7193 ) ) ;
#3508 = EDGE_CURVE ( 'NONE', #3223, #7130, #3615, .T. ) ;
#3509 = CARTESIAN_POINT ( 'NONE',  ( 310.7503853176216400, 91.36802364731026700, -45.30552109262270500 ) ) ;
#3510 = CARTESIAN_POINT ( 'NONE',  ( 291.0419405314999600, 93.50813970795000800, -24.56517961987000100 ) ) ;
#3511 = CARTESIAN_POINT ( 'NONE',  ( 326.5951353632081000, 89.66208351508466000, -52.86507131983933800 ) ) ;
#3512 = ORIENTED_EDGE ( 'NONE', *, *, #1326, .T. ) ;
#3513 = EDGE_LOOP ( 'NONE', ( #3655, #2025, #2255, #1390, #5483, #4616, #4518, #5531, #5995, #7111, #4649, #6512, #3428 ) ) ;
#3514 = UNCERTAINTY_MEASURE_WITH_UNIT (LENGTH_MEASURE( 1.000000000000000100E-005 ), #3235, 'distance_accuracy_value', 'NONE');
#3515 = CARTESIAN_POINT ( 'NONE',  ( 300.2112738738315400, 91.08727798040915500, -39.72704957018292000 ) ) ;
#3516 = ORIENTED_EDGE ( 'NONE', *, *, #2317, .T. ) ;
#3517 = DIRECTION ( 'NONE',  ( 0.9986294507511057600, -0.05233755909999111100, 0.0000000000000000000 ) ) ;
#3518 = VERTEX_POINT ( 'NONE', #5830 ) ;
#3519 = CARTESIAN_POINT ( 'NONE',  ( 328.2219554955737500, 87.63381090772510600, -44.07236632150006300 ) ) ;
#3520 = CARTESIAN_POINT ( 'NONE',  ( 273.9641293341242700, 88.72000695141474600, -37.16773292530665900 ) ) ;
#3521 = EDGE_CURVE ( 'NONE', #4765, #272, #1603, .T. ) ;
#3522 = CARTESIAN_POINT ( 'NONE',  ( 308.3558027431805000, 91.41026402719313600, -45.53793292883698000 ) ) ;
#3523 = VERTEX_POINT ( 'NONE', #5289 ) ;
#3524 = CARTESIAN_POINT ( 'NONE',  ( 287.1173687802999600, 91.38927781651995000, -53.37269047207578200 ) ) ;
#3525 = CARTESIAN_POINT ( 'NONE',  ( 328.2219410417906700, 87.63380171889349400, -44.03899958435097500 ) ) ;
#3526 = VERTEX_POINT ( 'NONE', #2325 ) ;
#3527 = CARTESIAN_POINT ( 'NONE',  ( 328.3954259718742000, 87.63382168585707200, -34.23128831801180600 ) ) ;
#3528 = CARTESIAN_POINT ( 'NONE',  ( 297.0605810395902600, 94.75592866215357900, -50.33447336941779300 ) ) ;
#3529 = CARTESIAN_POINT ( 'NONE',  ( 325.3872073990624500, 90.89612057152925200, -26.89702211506845900 ) ) ;
#3530 = CARTESIAN_POINT ( 'NONE',  ( 307.3646088045578600, 91.42043915897336600, -39.73485349901959300 ) ) ;
#3531 = ORIENTED_EDGE ( 'NONE', *, *, #2144, .F. ) ;
#3532 = ORIENTED_EDGE ( 'NONE', *, *, #255, .F. ) ;
#3533 = CARTESIAN_POINT ( 'NONE',  ( 312.1559115199898400, 90.08462652745008400, -39.61715870793675300 ) ) ;
#3534 = CARTESIAN_POINT ( 'NONE',  ( 270.6840409846212200, 88.43348058575408300, -49.04459505276307100 ) ) ;
#3535 = CARTESIAN_POINT ( 'NONE',  ( 299.6382140034688700, 91.79352659167389600, -30.50549572749446600 ) ) ;
#3536 = CARTESIAN_POINT ( 'NONE',  ( 327.7996367914470900, 88.49973451610625800, -30.52250378913524300 ) ) ;
#3537 = DIRECTION ( 'NONE',  ( -1.000000000000000000, 0.0000000000000000000, 0.0000000000000000000 ) ) ;
#3538 = EDGE_CURVE ( 'NONE', #1635, #249, #5831, .T. ) ;
#3539 = CARTESIAN_POINT ( 'NONE',  ( 285.3047031838226500, 91.53228380292470900, -27.83857294623596300 ) ) ;
#3540 = CARTESIAN_POINT ( 'NONE',  ( 307.3998551678075200, 91.42002046650569000, -45.07886766334780000 ) ) ;
#3541 = LINE ( 'NONE', #3554, #1838 ) ;
#3542 = CARTESIAN_POINT ( 'NONE',  ( 328.1696302616857100, 87.63380170035000600, -30.67306571526758300 ) ) ;
#3543 = DIRECTION ( 'NONE',  ( 0.0000000000000000000, 0.0000000000000000000, 1.000000000000000000 ) ) ;
#3544 = CARTESIAN_POINT ( 'NONE',  ( 323.6195788581584300, 92.76799496505238100, -39.14030926601531500 ) ) ;
#3545 = CARTESIAN_POINT ( 'NONE',  ( 273.0189785977145800, 88.46423182957997300, -25.89129914479449100 ) ) ;
#3546 = VERTEX_POINT ( 'NONE', #6894 ) ;
#3547 = B_SPLINE_CURVE_WITH_KNOTS ( 'NONE', 3,
 ( #7159, #243, #5447, #1987, #295, #4797 ),
 .UNSPECIFIED., .F., .F.,
 ( 4, 2, 4 ),
 ( 0.0000000000000000000, 0.5000000000000000000, 1.000000000000000000 ),
 .UNSPECIFIED. ) ;
#3548 = CARTESIAN_POINT ( 'NONE',  ( 326.3673684078812600, 88.56088899461636300, -53.05866576271768100 ) ) ;
#3549 = DIRECTION ( 'NONE',  ( 1.000000000000000000, 0.0000000000000000000, 1.224646799147353200E-016 ) ) ;
#3550 = CARTESIAN_POINT ( 'NONE',  ( 270.7021999574662300, 88.38296398891397100, -54.95846180904226900 ) ) ;
#3551 = CARTESIAN_POINT ( 'NONE',  ( 314.7382106041041000, 89.98919374893414200, -36.20684491557953100 ) ) ;
#3552 = CARTESIAN_POINT ( 'NONE',  ( 272.2553668422054900, 88.56744890042908500, -43.52256180327310600 ) ) ;
#3553 = CARTESIAN_POINT ( 'NONE',  ( 282.8523281040923500, 91.20390232519282800, -40.73433768225739000 ) ) ;
#3554 = CARTESIAN_POINT ( 'NONE',  ( 285.1005705466847600, 93.07252858996757500, -35.68665331162787900 ) ) ;
#3555 = EDGE_CURVE ( 'NONE', #6108, #5803, #2776, .T. ) ;
#3556 = CARTESIAN_POINT ( 'NONE',  ( 284.2087760596007800, 91.24611329581355800, -36.23373933626538000 ) ) ;
#3557 = CARTESIAN_POINT ( 'NONE',  ( 328.2234338322145400, 87.63380166436900300, -47.29777656515437200 ) ) ;
#3558 = B_SPLINE_CURVE_WITH_KNOTS ( 'NONE', 3,
 ( #5203, #2921, #3498, #2403 ),
 .UNSPECIFIED., .F., .F.,
 ( 4, 4 ),
 ( 0.0000000000000000000, 1.000000000000000000 ),
 .UNSPECIFIED. ) ;
#3559 = LINE ( 'NONE', #4865, #3290 ) ;
#3560 = AXIS2_PLACEMENT_3D ( 'NONE', #4096, #6372, #3543 ) ;
#3561 = CARTESIAN_POINT ( 'NONE',  ( 320.3180279412617300, 87.04085002963994100, -38.32141664071738800 ) ) ;
#3562 = CARTESIAN_POINT ( 'NONE',  ( 328.1990456850023200, 87.63380170035000600, -30.70222907330086000 ) ) ;
#3563 = ORIENTED_EDGE ( 'NONE', *, *, #4725, .T. ) ;
#3564 = CARTESIAN_POINT ( 'NONE',  ( 308.2023444162707600, 91.41263628728100300, -45.70383231786812000 ) ) ;
#3565 = CYLINDRICAL_SURFACE ( 'NONE', #4124, 0.5499999999999949400 ) ;
#3566 = CARTESIAN_POINT ( 'NONE',  ( 287.6030305378513400, 93.13467259327916300, -25.18831826908110500 ) ) ;
#3567 = CARTESIAN_POINT ( 'NONE',  ( 292.7466946390767900, 91.42174464317182000, -45.29838906394275700 ) ) ;
#3568 = CARTESIAN_POINT ( 'NONE',  ( 320.7106167069656500, 92.88492935846375100, -36.80655701306550000 ) ) ;
#3569 = CARTESIAN_POINT ( 'NONE',  ( 302.8694717972000500, 93.26626680974003100, -53.69467824236998900 ) ) ;
#3570 = ORIENTED_EDGE ( 'NONE', *, *, #6063, .F. ) ;
#3571 = CARTESIAN_POINT ( 'NONE',  ( 299.9998804551489700, 93.27547821270540900, -39.15350272018313400 ) ) ;
#3572 = CARTESIAN_POINT ( 'NONE',  ( 272.8309084877000100, 88.09959550439499800, -47.28130148706927100 ) ) ;
#3573 = AXIS2_PLACEMENT_3D ( 'NONE', #4478, #6735, #4502 ) ;
#3574 = CARTESIAN_POINT ( 'NONE',  ( 300.2112730328996100, 91.48261028313419300, -39.73391289902376400 ) ) ;
#3575 = DIRECTION ( 'NONE',  ( 0.5647786315923119000, -0.8043322228491600600, -0.1845935334274864700 ) ) ;
#3576 = CARTESIAN_POINT ( 'NONE',  ( 287.3269497340124900, 91.60169586119359100, -26.51489350410940900 ) ) ;
#3577 = DIRECTION ( 'NONE',  ( -0.0000000000000000000, 1.000000000000000000, 0.0000000000000000000 ) ) ;
#3578 = ORIENTED_EDGE ( 'NONE', *, *, #2894, .T. ) ;
#3579 = CIRCLE ( 'NONE', #4038, 6.949999999999997500 ) ;
#3580 = DIRECTION ( 'NONE',  ( -9.984020005621894600E-016, -1.000000000000000000, 0.0000000000000000000 ) ) ;
#3581 = CARTESIAN_POINT ( 'NONE',  ( 300.0499847333564400, -404.3259664940737800, -31.12673894923098700 ) ) ;
#3582 = CARTESIAN_POINT ( 'NONE',  ( 286.8130024166000000, 93.35882477419002600, -37.84178555484000100 ) ) ;
#3583 = CARTESIAN_POINT ( 'NONE',  ( 300.5298004368175400, 93.42263804580956300, -24.76590442084977900 ) ) ;
#3584 = CARTESIAN_POINT ( 'NONE',  ( 327.9239355982321100, 87.63380170034997700, -47.78918331217161600 ) ) ;
#3585 = VERTEX_POINT ( 'NONE', #4699 ) ;
#3586 = ORIENTED_EDGE ( 'NONE', *, *, #5211, .T. ) ;
#3587 = DIRECTION ( 'NONE',  ( -0.0000000000000000000, 1.000000000000000000, 0.0000000000000000000 ) ) ;
#3588 = EDGE_CURVE ( 'NONE', #4252, #4374, #5122, .T. ) ;
#3589 = CARTESIAN_POINT ( 'NONE',  ( 308.3356660104039400, 91.41068540225525400, -47.05573337444725000 ) ) ;
#3590 = CARTESIAN_POINT ( 'NONE',  ( 274.2643535328647900, 90.88169475110456100, -53.37269047207578200 ) ) ;
#3591 = ORIENTED_EDGE ( 'NONE', *, *, #7359, .F. ) ;
#3592 = FACE_OUTER_BOUND ( 'NONE', #4626, .T. ) ;
#3593 = EDGE_LOOP ( 'NONE', ( #7041, #6319, #4677, #4231 ) ) ;
#3594 = ORIENTED_EDGE ( 'NONE', *, *, #6524, .T. ) ;
#3595 = CARTESIAN_POINT ( 'NONE',  ( 292.2198802273675300, 91.41496293664374700, -44.71737174074915800 ) ) ;
#3596 = CARTESIAN_POINT ( 'NONE',  ( 293.0498714613999600, 98.99999999999998600, -46.30807779752999700 ) ) ;
#3597 = CARTESIAN_POINT ( 'NONE',  ( 323.6619816113638400, 92.76617712506156000, -40.18669296900582600 ) ) ;
#3598 = CARTESIAN_POINT ( 'NONE',  ( 302.0681902610232300, 94.76874564476000300, -41.74066051682810800 ) ) ;
#3599 = CARTESIAN_POINT ( 'NONE',  ( 272.0920279586096100, 87.63380170034999100, -30.52264397557391700 ) ) ;
#3600 = B_SPLINE_CURVE_WITH_KNOTS ( 'NONE', 3,
 ( #6660, #2707, #3197, #323, #7288, #6633, #2638, #7261, #1535, #3839, #893, #4912, #4941, #3253, #3794, #7239, #4342, #346, #6094, #4371, #2684, #2089, #5490, #3178, #1460, #378, #6734, #4395, #2031, #426, #7218, #955, #3816, #5569 ),
 .UNSPECIFIED., .F., .F.,
 ( 4, 2, 2, 2, 2, 2, 2, 2, 2, 2, 2, 2, 2, 2, 2, 2, 4 ),
 ( 0.0000000000000000000, 0.0005816793292894179800, 0.001163358658578836000, 0.001745037987868253800, 0.002326717317157671900, 0.002908396646447090000, 0.003490075975736507700, 0.004071755305025926200, 0.004653434634315343900, 0.005235113963604761500, 0.005816793292894180100, 0.006398472622183597700, 0.006980151951473015400, 0.007561831280762433900, 0.008143510610051852400, 0.008725189939341269200, 0.009306869268630687700 ),
 .UNSPECIFIED. ) ;
#3601 = CARTESIAN_POINT ( 'NONE',  ( 322.8297569138159700, 90.99884614702575900, -36.76856066392829100 ) ) ;
#3602 = CARTESIAN_POINT ( 'NONE',  ( 272.1822410763508600, 88.49853984474751200, -30.52255092952348300 ) ) ;
#3603 = ORIENTED_EDGE ( 'NONE', *, *, #6752, .F. ) ;
#3604 = ORIENTED_EDGE ( 'NONE', *, *, #6776, .F. ) ;
#3605 = VERTEX_POINT ( 'NONE', #5794 ) ;
#3606 = EDGE_CURVE ( 'NONE', #329, #6059, #3463, .T. ) ;
#3607 = ORIENTED_EDGE ( 'NONE', *, *, #6169, .F. ) ;
#3608 = CARTESIAN_POINT ( 'NONE',  ( 311.6681789238721800, 91.60101828853871100, -37.81313345494106000 ) ) ;
#3609 = CARTESIAN_POINT ( 'NONE',  ( 271.7764862416584600, 87.63380170034999100, -47.29777526502278600 ) ) ;
#3610 = B_SPLINE_CURVE_WITH_KNOTS ( 'NONE', 3,
 ( #5692, #7395, #4621, #7426 ),
 .UNSPECIFIED., .F., .F.,
 ( 4, 4 ),
 ( 0.0000000000000000000, 1.000000000000000000 ),
 .UNSPECIFIED. ) ;
#3611 = CARTESIAN_POINT ( 'NONE',  ( 308.1844952591000000, 90.18714900321296600, -33.16655977642999200 ) ) ;
#3612 = CARTESIAN_POINT ( 'NONE',  ( 299.7267365566156100, 90.29632340797097400, -39.71329342884690300 ) ) ;
#3613 = AXIS2_PLACEMENT_3D ( 'NONE', #2903, #82, #2370 ) ;
#3614 = CARTESIAN_POINT ( 'NONE',  ( 279.5322987652363600, 91.08883301112646800, -43.46247925263148200 ) ) ;
#3615 = B_SPLINE_CURVE_WITH_KNOTS ( 'NONE', 3,
 ( #3485, #2374, #1222, #5770 ),
 .UNSPECIFIED., .F., .F.,
 ( 4, 4 ),
 ( 0.0000000000000000000, 1.000000000000000000 ),
 .UNSPECIFIED. ) ;
#3616 = ORIENTED_EDGE ( 'NONE', *, *, #4253, .F. ) ;
#3617 = ORIENTED_EDGE ( 'NONE', *, *, #1878, .T. ) ;
#3618 = EDGE_CURVE ( 'NONE', #6145, #1023, #4792, .T. ) ;
#3619 = CARTESIAN_POINT ( 'NONE',  ( 299.6911942828138500, 91.48171882033638300, -51.00806374566045100 ) ) ;
#3620 = ADVANCED_FACE ( 'NONE', ( #6996 ), #5340, .T. ) ;
#3621 = ORIENTED_EDGE ( 'NONE', *, *, #305, .T. ) ;
#3622 = ORIENTED_EDGE ( 'NONE', *, *, #2253, .T. ) ;
#3623 = ORIENTED_EDGE ( 'NONE', *, *, #6078, .F. ) ;
#3624 = CARTESIAN_POINT ( 'NONE',  ( 287.6713029401225900, 93.13652862722321400, -25.18629513789092300 ) ) ;
#3625 = VERTEX_POINT ( 'NONE', #5313 ) ;
#3626 = EDGE_CURVE ( 'NONE', #522, #4849, #5751, .T. ) ;
#3627 = CARTESIAN_POINT ( 'NONE',  ( 288.7226130833738000, 91.35805565269274100, -39.73467834961334000 ) ) ;
#3628 = CARTESIAN_POINT ( 'NONE',  ( 299.4844680003999400, 90.29639248523268700, -24.83076376578485900 ) ) ;
#3629 = CARTESIAN_POINT ( 'NONE',  ( 274.2778687806991800, 90.88225180463814500, -53.20865836681197400 ) ) ;
#3630 = FACE_OUTER_BOUND ( 'NONE', #1875, .T. ) ;
#3631 = CARTESIAN_POINT ( 'NONE',  ( 279.2893469742371600, 91.07979217942147400, -43.46247923879002400 ) ) ;
#3632 = CARTESIAN_POINT ( 'NONE',  ( 290.3862221387436200, 85.46874564475999100, -45.50741069802482000 ) ) ;
#3633 = CARTESIAN_POINT ( 'NONE',  ( 309.7390854526429400, 91.38639089325668900, -39.73304998310518200 ) ) ;
#3634 = CARTESIAN_POINT ( 'NONE',  ( 318.2011332972493800, 92.97346599052804100, -41.39417518678764200 ) ) ;
#3635 = CARTESIAN_POINT ( 'NONE',  ( 327.2924140673473500, 88.59936896558402000, -34.59788628643118400 ) ) ;
#3636 = CARTESIAN_POINT ( 'NONE',  ( 282.9691979009393200, 91.20764216095699300, -39.53854398732750800 ) ) ;
#3637 = EDGE_CURVE ( 'NONE', #4534, #2943, #2042, .T. ) ;
#3638 = CARTESIAN_POINT ( 'NONE',  ( 327.7190857907003200, 87.93381092496690600, -47.83130146022000400 ) ) ;
#3639 = CARTESIAN_POINT ( 'NONE',  ( 284.2088614863867000, 91.24582532355967100, -36.69802476853279700 ) ) ;
#3640 = CARTESIAN_POINT ( 'NONE',  ( 272.9588902951518300, 89.02244670486203400, -51.92643442207615600 ) ) ;
#3641 = CARTESIAN_POINT ( 'NONE',  ( 320.7106300882450700, 87.04085002963996900, -38.28234998909543000 ) ) ;
#3642 = ORIENTED_EDGE ( 'NONE', *, *, #4390, .T. ) ;
#3643 = CARTESIAN_POINT ( 'NONE',  ( 306.9498714613999400, 99.00000000000000000, -46.30807779752999700 ) ) ;
#3644 = DIRECTION ( 'NONE',  ( -0.0000000000000000000, 1.000000000000000000, 0.0000000000000000000 ) ) ;
#3645 = CARTESIAN_POINT ( 'NONE',  ( 296.7767305095116500, 91.46177466943260000, -42.88379433309631800 ) ) ;
#3646 = ORIENTED_EDGE ( 'NONE', *, *, #4236, .T. ) ;
#3647 = CARTESIAN_POINT ( 'NONE',  ( 328.2219554955737500, 87.63381090772510600, -44.07236632150006300 ) ) ;
#3648 = EDGE_CURVE ( 'NONE', #6674, #5882, #6362, .T. ) ;
#3649 = CARTESIAN_POINT ( 'NONE',  ( 299.2207336307000100, 94.37743852603001900, -52.84051887479000000 ) ) ;
#3650 = CARTESIAN_POINT ( 'NONE',  ( 287.1053993727274500, 91.59442993028601200, -28.61370171137689100 ) ) ;
#3651 = B_SPLINE_CURVE_WITH_KNOTS ( 'NONE', 3,
 ( #279, #5332, #6595, #4353, #358, #335, #2667, #5456, #2626, #307, #6080, #3166, #7169, #3241, #6101, #3139, #4901, #1444 ),
 .UNSPECIFIED., .F., .F.,
 ( 4, 2, 2, 2, 2, 2, 2, 2, 4 ),
 ( 0.0000000000000000000, 0.1250000000000000000, 0.2500000000000000000, 0.3750000000000000000, 0.5000000000000000000, 0.6250000000000000000, 0.7500000000000000000, 0.8750000000000000000, 1.000000000000000000 ),
 .UNSPECIFIED. ) ;
#3652 = CARTESIAN_POINT ( 'NONE',  ( 299.9995097681222700, 89.14775347945195000, -22.60846119917832900 ) ) ;
#3653 = ADVANCED_FACE ( 'NONE', ( #2412 ), #6204, .T. ) ;
#3654 = DIRECTION ( 'NONE',  ( 0.9999999995624999600, -2.958040007546035500E-005, 0.0000000000000000000 ) ) ;
#3655 = ORIENTED_EDGE ( 'NONE', *, *, #6922, .F. ) ;
#3657 = B_SPLINE_CURVE_WITH_KNOTS ( 'NONE', 3,
 ( #1557, #2126, #4387, #6188 ),
 .UNSPECIFIED., .F., .F.,
 ( 4, 4 ),
 ( 0.0000000000000000000, 1.000000000000000000 ),
 .UNSPECIFIED. ) ;
#3656 = VECTOR ( 'NONE', #74, 1000.000000000000000 ) ;
#3658 = CARTESIAN_POINT ( 'NONE',  ( 319.1409567864525300, 92.94166469084349600, -37.24697211802756400 ) ) ;
#3659 = CARTESIAN_POINT ( 'NONE',  ( 280.7893471838999600, 87.04085002963989800, -39.78237565572000300 ) ) ;
#3660 = EDGE_CURVE ( 'NONE', #5859, #5378, #4613, .T. ) ;
#3661 = ORIENTED_EDGE ( 'NONE', *, *, #4485, .T. ) ;
#3662 = CARTESIAN_POINT ( 'NONE',  ( 272.2307948264195300, 88.50126757978030400, -30.52254799994927800 ) ) ;
#3663 = ORIENTED_EDGE ( 'NONE', *, *, #3741, .T. ) ;
#3664 = VECTOR ( 'NONE', #1728, 1000.000000000000000 ) ;
#3665 = CARTESIAN_POINT ( 'NONE',  ( 290.9998785003946900, 91.39776871634005300, -48.30807840469977800 ) ) ;
#3666 = CARTESIAN_POINT ( 'NONE',  ( 320.9069993086491200, 88.54085002964015400, -41.28237565572002400 ) ) ;
#3667 = CARTESIAN_POINT ( 'NONE',  ( 273.4075049991751000, 89.21732967805475300, -25.75901527193791200 ) ) ;
#3668 = CARTESIAN_POINT ( 'NONE',  ( 291.9196232532712000, 91.71942464015475600, -33.12304956892808900 ) ) ;
#3669 = VERTEX_POINT ( 'NONE', #4889 ) ;
#3670 = CARTESIAN_POINT ( 'NONE',  ( 313.0187414373605200, 91.32006719309525500, -39.26602304073964000 ) ) ;
#3671 = FACE_BOUND ( 'NONE', #186, .T. ) ;
#3672 = CARTESIAN_POINT ( 'NONE',  ( 287.7200723939402000, 90.66293097251757200, -39.72300557519740500 ) ) ;
#3673 = CARTESIAN_POINT ( 'NONE',  ( 304.0074189110183100, 94.74265250117915100, -49.27004513179739600 ) ) ;
#3674 = CARTESIAN_POINT ( 'NONE',  ( 271.6427431051448600, 87.63380170035002000, -30.89238516167371200 ) ) ;
#3675 = VERTEX_POINT ( 'NONE', #3785 ) ;
#3676 = CARTESIAN_POINT ( 'NONE',  ( 323.8952593991685900, 90.95656360389519100, -37.90489405065854800 ) ) ;
#3677 = CYLINDRICAL_SURFACE ( 'NONE', #1773, 2.199999999996758300 ) ;
#3678 = CARTESIAN_POINT ( 'NONE',  ( 274.6236928425845500, 90.89639040396566800, -26.53073154899070100 ) ) ;
#3679 = EDGE_CURVE ( 'NONE', #3804, #2431, #645, .T. ) ;
#3680 = DIRECTION ( 'NONE',  ( 4.625929269271481400E-015, 1.000000000000000000, 0.0000000000000000000 ) ) ;
#3681 = CARTESIAN_POINT ( 'NONE',  ( 319.7806956000960100, 92.91916017165384300, -36.95496299713229100 ) ) ;
#3682 = CARTESIAN_POINT ( 'NONE',  ( 311.6535858293724500, 91.60152242822955800, -26.51412495835638000 ) ) ;
#3683 = CARTESIAN_POINT ( 'NONE',  ( 303.1263861285120800, 94.75415208774335000, -42.42567271222628700 ) ) ;
#3684 = VERTEX_POINT ( 'NONE', #2467 ) ;
#3685 = ORIENTED_EDGE ( 'NONE', *, *, #7214, .F. ) ;
#3686 = ORIENTED_EDGE ( 'NONE', *, *, #317, .F. ) ;
#3687 = CARTESIAN_POINT ( 'NONE',  ( 271.7779800806391700, 87.63380198558476800, -44.02233615496759000 ) ) ;
#3688 = DIRECTION ( 'NONE',  ( 0.0000000000000000000, -0.01746062009615352600, 0.9998475517526948000 ) ) ;
#3689 = ORIENTED_EDGE ( 'NONE', *, *, #2996, .F. ) ;
#3690 = AXIS2_PLACEMENT_3D ( 'NONE', #5538, #991, #2602 ) ;
#3691 = CARTESIAN_POINT ( 'NONE',  ( 289.2298201518673900, 90.15753798625922900, -39.71347062523539500 ) ) ;
#3692 = VERTEX_POINT ( 'NONE', #4959 ) ;
#3693 = EDGE_LOOP ( 'NONE', ( #6891, #1629, #3141, #7118, #2955, #6663, #5863, #3988, #923 ) ) ;
#3694 = ORIENTED_EDGE ( 'NONE', *, *, #3302, .T. ) ;
#3695 = CARTESIAN_POINT ( 'NONE',  ( 306.9528656167490800, 93.22991246422188300, -47.96895882001406600 ) ) ;
#3696 = ADVANCED_FACE ( 'NONE', ( #104 ), #1859, .F. ) ;
#3697 = EDGE_CURVE ( 'NONE', #5778, #1523, #6987, .T. ) ;
#3698 = CARTESIAN_POINT ( 'NONE',  ( 273.8695317367573200, 89.16672638714194900, -25.56051262565375400 ) ) ;
#3699 = CARTESIAN_POINT ( 'NONE',  ( 291.5194160891343800, 91.71130744960862600, -32.25403144350338600 ) ) ;
#3700 = CARTESIAN_POINT ( 'NONE',  ( 295.7168810657011000, 91.45298121783650900, -48.24969742995553900 ) ) ;
#3701 = CARTESIAN_POINT ( 'NONE',  ( 309.2605842377746500, 85.46874564476002000, -47.28255784151256300 ) ) ;
#3702 = CARTESIAN_POINT ( 'NONE',  ( 300.0022675887532800, 90.29603830709642400, -24.91902433403970500 ) ) ;
#3703 = CARTESIAN_POINT ( 'NONE',  ( 304.9747062973429500, 94.72946518662534700, -46.58904943634704000 ) ) ;
#3704 = CARTESIAN_POINT ( 'NONE',  ( 299.9998714613999500, 91.42902513656417800, -46.30807779752999700 ) ) ;
#3705 = B_SPLINE_CURVE_WITH_KNOTS ( 'NONE', 3,
 ( #1582, #4574, #1686, #2188 ),
 .UNSPECIFIED., .F., .F.,
 ( 4, 4 ),
 ( 0.0000000000000000000, 1.000000000000000000 ),
 .UNSPECIFIED. ) ;
#3706 = CARTESIAN_POINT ( 'NONE',  ( 299.9999978235173300, 93.25563134100522700, -53.79496148710477100 ) ) ;
#3707 = EDGE_CURVE ( 'NONE', #3359, #5621, #1831, .T. ) ;
#3708 = CARTESIAN_POINT ( 'NONE',  ( 274.5613002496975200, 90.89384184030129200, -26.57922781381250800 ) ) ;
#3709 = CARTESIAN_POINT ( 'NONE',  ( 287.6030305378513400, 93.13467259327916300, -25.18831826908110500 ) ) ;
#3710 = AXIS2_PLACEMENT_3D ( 'NONE', #2099, #336, #1495 ) ;
#3711 = CARTESIAN_POINT ( 'NONE',  ( 272.9588901393581200, 89.02244703377782300, -26.60257580274058100 ) ) ;
#3712 = CARTESIAN_POINT ( 'NONE',  ( 322.5093195618325700, 91.01140296523630000, -43.00440735335929100 ) ) ;
#3713 = EDGE_LOOP ( 'NONE', ( #4795, #5386, #4697, #7077, #42, #7019 ) ) ;
#3714 = CARTESIAN_POINT ( 'NONE',  ( 328.2481740009450800, 87.63380170034999100, -34.62694279401183900 ) ) ;
#3715 = CARTESIAN_POINT ( 'NONE',  ( 289.9912358929027500, 91.38122899927680000, -44.56084561503747200 ) ) ;
#3716 = FACE_BOUND ( 'NONE', #6312, .T. ) ;
#3717 = CARTESIAN_POINT ( 'NONE',  ( 291.1330230936529200, 85.46874564475997700, -47.30793133067547300 ) ) ;
#3718 = CARTESIAN_POINT ( 'NONE',  ( 271.7834698083930200, 88.53988413843298100, -43.76256019808423800 ) ) ;
#3719 = DIRECTION ( 'NONE',  ( -0.05233596170001612900, -0.9986295344685808300, -1.385876877779550400E-014 ) ) ;
#3720 = CARTESIAN_POINT ( 'NONE',  ( 297.9044969648325600, 91.47012769026886800, -42.08968639351619600 ) ) ;
#3721 = CARTESIAN_POINT ( 'NONE',  ( 309.5047579779228500, 85.46874564475996300, -45.43473771436919900 ) ) ;
#3722 = VERTEX_POINT ( 'NONE', #7155 ) ;
#3723 = CARTESIAN_POINT ( 'NONE',  ( 298.1672314991999400, 93.41191452746002700, -53.16883422831001100 ) ) ;
#3724 = CARTESIAN_POINT ( 'NONE',  ( 303.1590725662443900, 94.75510183732346500, -50.17257678198416900 ) ) ;
#3725 = CARTESIAN_POINT ( 'NONE',  ( 308.7393911132039600, 85.46874564475999100, -47.28249677939638200 ) ) ;
#3727 = ADVANCED_FACE ( 'NONE', ( #890 ), #3005, .T. ) ;
#3726 = CARTESIAN_POINT ( 'NONE',  ( 272.7747500676616100, 87.63380170034999100, -43.82714931204461800 ) ) ;
#3728 = CARTESIAN_POINT ( 'NONE',  ( 303.1096564528732500, 94.75426490536234800, -42.41220344980747800 ) ) ;
#3729 = EDGE_CURVE ( 'NONE', #3193, #6587, #2417, .T. ) ;
#3730 = CARTESIAN_POINT ( 'NONE',  ( 323.5263679909287500, 90.97129002074528600, -42.15194117412977400 ) ) ;
#3731 = CARTESIAN_POINT ( 'NONE',  ( 324.3906812334377600, 87.04085002963999800, -40.26492040022437600 ) ) ;
#3732 = CARTESIAN_POINT ( 'NONE',  ( 304.4476926501000100, 94.26726774306001700, -41.85470541480999200 ) ) ;
#3733 =( BOUNDED_CURVE ( )  B_SPLINE_CURVE ( 3, ( #5519, #3280, #5701, #5097 ),
 .UNSPECIFIED., .F., .F. ) 
 B_SPLINE_CURVE_WITH_KNOTS ( ( 4, 4 ),
 ( 0.0000000000000000000, 1.000000000000000000 ),
 .UNSPECIFIED. ) 
 CURVE ( )  GEOMETRIC_REPRESENTATION_ITEM ( )  RATIONAL_B_SPLINE_CURVE ( ( 0.9998797045656608900, 0.9998791956251420500, 0.9998786858371965200, 0.9998781752591297000 ) ) 
 REPRESENTATION_ITEM ( '' )  );
#3734 = CARTESIAN_POINT ( 'NONE',  ( 299.9995201659285200, 89.17767844984942400, -24.32363930818719000 ) ) ;
#3735 = CARTESIAN_POINT ( 'NONE',  ( 305.2938348712240200, 93.24832580071930000, -41.49785059370088200 ) ) ;
#3736 = PLANE ( 'NONE',  #1420 ) ;
#3737 = CARTESIAN_POINT ( 'NONE',  ( 328.0664968677545500, 87.63379840682718200, -43.66043307900552900 ) ) ;
#3738 = FACE_OUTER_BOUND ( 'NONE', #5513, .T. ) ;
#3739 = PLANE ( 'NONE',  #137 ) ;
#3740 = CARTESIAN_POINT ( 'NONE',  ( 309.9999441942533700, 85.46874564475999100, -46.44031933574977000 ) ) ;
#3741 = EDGE_CURVE ( 'NONE', #5711, #2250, #5314, .T. ) ;
#3742 = CARTESIAN_POINT ( 'NONE',  ( 304.5797093827401900, 94.76874564476003100, -44.27795743002789000 ) ) ;
#3743 = CARTESIAN_POINT ( 'NONE',  ( 308.8667198291454400, 85.46874564475997700, -45.30822426438449200 ) ) ;
#3744 = ORIENTED_EDGE ( 'NONE', *, *, #3807, .F. ) ;
#3745 = FACE_OUTER_BOUND ( 'NONE', #64, .T. ) ;
#3746 = B_SPLINE_CURVE_WITH_KNOTS ( 'NONE', 3,
 ( #1580, #1026, #7342, #1505, #6785, #970, #6681, #6728, #6168, #4473, #6112, #3888, #2655, #400, #3219, #1530, #2106, #5038 ),
 .UNSPECIFIED., .F., .F.,
 ( 4, 2, 2, 2, 2, 2, 2, 2, 4 ),
 ( 0.0000000000000000000, 0.1250000000000000000, 0.2500000000000000000, 0.3750000000000000000, 0.5000000000000000000, 0.6250000000000000000, 0.7500000000000000000, 0.8750000000000000000, 1.000000000000000000 ),
 .UNSPECIFIED. ) ;
#3747 = CARTESIAN_POINT ( 'NONE',  ( 299.9999959138511900, 89.23367046695933900, -54.88313315414746500 ) ) ;
#3748 = B_SPLINE_CURVE_WITH_KNOTS ( 'NONE', 3,
 ( #560, #6334, #3325, #2765, #7357, #4043, #4246, #1187, #183, #6351, #3136, #7168, #3163, #355, #1491, #1040 ),
 .UNSPECIFIED., .F., .F.,
 ( 4, 2, 2, 2, 2, 2, 2, 4 ),
 ( 0.0000000000000000000, 0.0004240397228938830200, 0.0008480794457877660300, 0.001272119168681649100, 0.001696158891575532100, 0.002120198614469415200, 0.002544238337363298200, 0.003392317783151083600 ),
 .UNSPECIFIED. ) ;
#3750 = ORIENTED_EDGE ( 'NONE', *, *, #3363, .F. ) ;
#3749 = B_SPLINE_CURVE_WITH_KNOTS ( 'NONE', 3,
 ( #598, #2305, #2272, #19, #6321, #5191, #2347, #4053, #4002, #3482, #617, #4654, #574, #1199 ),
 .UNSPECIFIED., .F., .F.,
 ( 4, 2, 2, 2, 2, 2, 4 ),
 ( 0.0000000000000000000, 0.2499999999999811800, 0.3749999999999702500, 0.4999999999999592500, 0.6249999999999482600, 0.7499999999999373800, 1.000000000000000000 ),
 .UNSPECIFIED. ) ;
#3751 = CARTESIAN_POINT ( 'NONE',  ( 291.5232922411731200, 85.46874564476002000, -44.36002342307101300 ) ) ;
#3752 = LINE ( 'NONE', #6163, #1869 ) ;
#3753 = CARTESIAN_POINT ( 'NONE',  ( 326.3718519966686200, 92.46831651737474500, -25.68490723322267000 ) ) ;
#3754 = CARTESIAN_POINT ( 'NONE',  ( 304.9697104667552600, 94.72972413593953400, -45.95410188410668400 ) ) ;
#3755 = EDGE_CURVE ( 'NONE', #2355, #6994, #5935, .T. ) ;
#3756 = CARTESIAN_POINT ( 'NONE',  ( 309.6159931444923400, 91.38988456578584900, -45.51994690506605700 ) ) ;
#3757 = CARTESIAN_POINT ( 'NONE',  ( 299.9998743175778500, 93.27490929037304600, -53.46459473537215200 ) ) ;
#3758 = CARTESIAN_POINT ( 'NONE',  ( 299.9914249056375900, 94.76918065052780100, -46.30807791726089600 ) ) ;
#3759 = PRODUCT_DEFINITION_SHAPE ( 'NONE', 'NONE',  #2849 ) ;
#3760 =( GEOMETRIC_REPRESENTATION_CONTEXT ( 3 ) GLOBAL_UNCERTAINTY_ASSIGNED_CONTEXT ( ( #2038 ) ) GLOBAL_UNIT_ASSIGNED_CONTEXT ( ( #7326, #6126, #4349 ) ) REPRESENTATION_CONTEXT ( 'NONE', 'WORKASPACE' ) );
#3761 = CARTESIAN_POINT ( 'NONE',  ( 327.0062987780910400, 89.23376049183555400, -51.92308166204432500 ) ) ;
#3762 = VERTEX_POINT ( 'NONE', #3299 ) ;
#3763 = VECTOR ( 'NONE', #2114, 1000.000000000000000 ) ;
#3764 = CARTESIAN_POINT ( 'NONE',  ( 272.4269457130801000, 88.57658191836479500, -43.52257457474932800 ) ) ;
#3765 = CARTESIAN_POINT ( 'NONE',  ( 307.1439808606850200, 93.22745892726803200, -46.68633541283856700 ) ) ;
#3766 = ADVANCED_FACE ( 'NONE', ( #6010 ), #4938, .F. ) ;
#3767 = CARTESIAN_POINT ( 'NONE',  ( 272.3098148063624000, 88.50574546132649800, -30.52274373760136300 ) ) ;
#3768 = CARTESIAN_POINT ( 'NONE',  ( 327.8815409203073700, 87.63368796642636500, -43.54436953662634800 ) ) ;
#3769 = CARTESIAN_POINT ( 'NONE',  ( 291.6355187561516100, 91.41024880158927600, -45.53568889830399500 ) ) ;
#3770 = VERTEX_POINT ( 'NONE', #5011 ) ;
#3771 = FACE_OUTER_BOUND ( 'NONE', #1898, .T. ) ;
#3772 = CARTESIAN_POINT ( 'NONE',  ( 285.1537614994313700, 90.02526603813032600, -35.73989146890684100 ) ) ;
#3773 = DIRECTION ( 'NONE',  ( 0.0000000000000000000, 0.0000000000000000000, -1.000000000000000000 ) ) ;
#3774 = CARTESIAN_POINT ( 'NONE',  ( 323.5456156074697000, 92.77116157132158500, -40.69740551735032600 ) ) ;
#3775 = CARTESIAN_POINT ( 'NONE',  ( 294.3529767643001400, 93.20252723918999000, -40.64459491118999800 ) ) ;
#3776 = CARTESIAN_POINT ( 'NONE',  ( 272.8309084876485700, 87.63380170034993500, -31.12255277813061500 ) ) ;
#3777 = CARTESIAN_POINT ( 'NONE',  ( 328.2387137553976100, 87.92506690350637700, -47.33130146019608700 ) ) ;
#3778 = EDGE_LOOP ( 'NONE', ( #3617, #552, #4962, #5143, #6215 ) ) ;
#3779 = VECTOR ( 'NONE', #407, 1000.000000000000000 ) ;
#3780 = ORIENTED_EDGE ( 'NONE', *, *, #3648, .T. ) ;
#3781 = ORIENTED_EDGE ( 'NONE', *, *, #5024, .T. ) ;
#3782 = EDGE_CURVE ( 'NONE', #2003, #7113, #4207, .T. ) ;
#3783 = CARTESIAN_POINT ( 'NONE',  ( 292.9997994360333600, 85.46874564475999100, -46.56998818660027700 ) ) ;
#3784 = CARTESIAN_POINT ( 'NONE',  ( 272.8302552322466600, 88.56391876231695900, -47.42865914730892700 ) ) ;
#3785 = CARTESIAN_POINT ( 'NONE',  ( 326.1812291128348400, 92.65284107391194400, -53.85605105821031900 ) ) ;
#3786 = EDGE_LOOP ( 'NONE', ( #7431, #438, #2452, #5555 ) ) ;
#3787 = EDGE_LOOP ( 'NONE', ( #6116, #3345, #6678, #2069 ) ) ;
#3788 = ORIENTED_EDGE ( 'NONE', *, *, #5729, .F. ) ;
#3789 = FACE_OUTER_BOUND ( 'NONE', #4980, .T. ) ;
#3790 = CARTESIAN_POINT ( 'NONE',  ( 305.4186283969858700, 91.44791847971224300, -53.20457180684287800 ) ) ;
#3792 = ORIENTED_EDGE ( 'NONE', *, *, #584, .F. ) ;
#3791 = CARTESIAN_POINT ( 'NONE',  ( 276.5182517584451000, 90.97284549211741500, -42.21584958006296500 ) ) ;
#3793 = CARTESIAN_POINT ( 'NONE',  ( 299.8810223946999800, 94.29032293434002600, -51.99223564998000300 ) ) ;
#3794 = CARTESIAN_POINT ( 'NONE',  ( 282.1711366440430300, 92.98562360419542500, -39.00798508432865200 ) ) ;
#3795 =( BOUNDED_SURFACE ( )  B_SPLINE_SURFACE ( 3, 3, ( 
 ( #3569, #1843, #2480, #6499 ),
 ( #5401, #4211, #1945, #781 ),
 ( #251, #4166, #1308, #7068 ),
 ( #1354, #1282, #835, #5300 ) ),
 .UNSPECIFIED., .F., .F., .F. ) 
 B_SPLINE_SURFACE_WITH_KNOTS ( ( 4, 4 ),
 ( 4, 4 ),
 ( -0.003982208744261000200, 1.014677139259000200 ),
 ( -0.0006928123353456000400, 1.000000000000000000 ),
 .UNSPECIFIED. ) 
 GEOMETRIC_REPRESENTATION_ITEM ( )  RATIONAL_B_SPLINE_SURFACE ( (
 ( 1.000340201188000000, 0.8364505657779002200, 0.8097418467360999500, 0.9202140440630999200),
 ( 1.000253813048000100, 0.8779810830795000700, 0.8580545759332001100, 0.9404742916098002300),
 ( 1.000208824992000300, 0.8996087889176002100, 0.8832142311265003300, 0.9510251516187001600),
 ( 1.000210022113000100, 0.8990332810999002200, 0.8825447390240003200, 0.9507443958851000700) ) ) 
 REPRESENTATION_ITEM ( '' )  SURFACE ( )  );
#3796 = CARTESIAN_POINT ( 'NONE',  ( 304.3491148380060700, 93.25668161663617200, -40.61510774325310500 ) ) ;
#3797 = CARTESIAN_POINT ( 'NONE',  ( 326.5408130848995300, 88.47889977173771600, -25.34697578866443700 ) ) ;
#3798 = CARTESIAN_POINT ( 'NONE',  ( 299.4199880362001000, 89.13613242403000900, -54.90608763756000600 ) ) ;
#3799 = EDGE_CURVE ( 'NONE', #3391, #2943, #171, .T. ) ;
#3800 = CARTESIAN_POINT ( 'NONE',  ( 303.4398046454904800, 91.46004179055351800, -49.51427699490587000 ) ) ;
#3801 = CARTESIAN_POINT ( 'NONE',  ( 311.6654150247807700, 93.15051901154171800, -26.48810572368458300 ) ) ;
#3802 = CARTESIAN_POINT ( 'NONE',  ( 322.4201062130849200, 92.81809023988988400, -42.22303244857148700 ) ) ;
#3803 = CARTESIAN_POINT ( 'NONE',  ( 308.1266657710277700, 85.46874564475999100, -46.81290864673606900 ) ) ;
#3804 = VERTEX_POINT ( 'NONE', #1527 ) ;
#3805 = B_SPLINE_CURVE_WITH_KNOTS ( 'NONE', 3,
 ( #7213, #4908, #2635, #7136 ),
 .UNSPECIFIED., .F., .F.,
 ( 4, 4 ),
 ( 0.0000000000000000000, 1.000000000000000000 ),
 .UNSPECIFIED. ) ;
#3806 = DIRECTION ( 'NONE',  ( 0.0000000000000000000, 0.0000000000000000000, -1.000000000000000000 ) ) ;
#3807 = EDGE_CURVE ( 'NONE', #3424, #5939, #4452, .T. ) ;
#3809 = ADVANCED_FACE ( 'NONE', ( #1082 ), #2758, .T. ) ;
#3808 = CARTESIAN_POINT ( 'NONE',  ( 300.8194140337123500, 91.79218056743280800, -32.06385163733257600 ) ) ;
#3810 = B_SPLINE_CURVE_WITH_KNOTS ( 'NONE', 3,
 ( #5899, #3598, #184, #4775, #209, #3164, #3742, #306, #5997, #6539 ),
 .UNSPECIFIED., .F., .F.,
 ( 4, 2, 2, 2, 4 ),
 ( 0.0000000000000000000, 0.1250206051653749400, 0.2500412103307498900, 0.3750618154961248300, 0.5000824206614997700 ),
 .UNSPECIFIED. ) ;
#3811 = ORIENTED_EDGE ( 'NONE', *, *, #3256, .T. ) ;
#3812 = CARTESIAN_POINT ( 'NONE',  ( 326.2788984934990100, 92.65234917949294400, -25.79038252650155600 ) ) ;
#3813 = CARTESIAN_POINT ( 'NONE',  ( 285.2254298495109900, 93.07588968707712200, -27.94347088143965900 ) ) ;
#3814 = CARTESIAN_POINT ( 'NONE',  ( 299.9999972893081100, 93.27370097337463100, -53.74779289863616300 ) ) ;
#3815 = CARTESIAN_POINT ( 'NONE',  ( 311.8814361518513500, 91.59386162007395200, -37.80071112929594100 ) ) ;
#3816 = CARTESIAN_POINT ( 'NONE',  ( 279.4858925203680000, 92.89231364291447300, -42.75833073561750600 ) ) ;
#3817 = CARTESIAN_POINT ( 'NONE',  ( 327.0195777488284500, 88.46722181521559500, -26.17188435407725700 ) ) ;
#3818 = CARTESIAN_POINT ( 'NONE',  ( 270.6258373405299300, 88.35066114822291200, -54.81409873043352100 ) ) ;
#3819 = CARTESIAN_POINT ( 'NONE',  ( 300.6206319216422000, 91.47982672099124100, -51.00806042113111300 ) ) ;
#3820 = APPLICATION_CONTEXT ( 'automotive_design' ) ;
#3821 = FILL_AREA_STYLE ('',( #1467 ) ) ;
#3822 = CARTESIAN_POINT ( 'NONE',  ( 323.0545743836750000, 92.79192153852268600, -41.62154904264971800 ) ) ;
#3823 = CARTESIAN_POINT ( 'NONE',  ( 298.1730716880000500, 93.22599586725003500, -53.56913652881999600 ) ) ;
#3824 = EDGE_CURVE ( 'NONE', #1374, #2617, #3896, .T. ) ;
#3825 = CARTESIAN_POINT ( 'NONE',  ( 308.4952173730469600, 85.46874564476000600, -45.43479877648975700 ) ) ;
#3826 = CARTESIAN_POINT ( 'NONE',  ( 297.1859521507724900, 91.79249053786898600, -33.66385163790659600 ) ) ;
#3827 = CARTESIAN_POINT ( 'NONE',  ( 329.0406959285737700, 88.39624925272058000, -55.06991042115968300 ) ) ;
#3828 = CARTESIAN_POINT ( 'NONE',  ( 292.9479258358413200, 85.46874564475999100, -46.83149857736488300 ) ) ;
#3829 = CARTESIAN_POINT ( 'NONE',  ( 326.4117666956592000, 92.52576614153026900, -25.91688902583623400 ) ) ;
#3830 = CARTESIAN_POINT ( 'NONE',  ( 271.6312769524649300, 88.58718069713398800, -37.40337432864711100 ) ) ;
#3831 = AXIS2_PLACEMENT_3D ( 'NONE', #4283, #7100, #3654 ) ;
#3832 = CARTESIAN_POINT ( 'NONE',  ( 319.9515808897621100, 88.54085296218983100, -36.95785484353010000 ) ) ;
#3833 = EDGE_CURVE ( 'NONE', #4879, #5202, #2214, .T. ) ;
#3834 = DIRECTION ( 'NONE',  ( 0.0000000000000000000, 0.0000000000000000000, 1.000000000000000000 ) ) ;
#3835 = ORIENTED_EDGE ( 'NONE', *, *, #5375, .T. ) ;
#3836 = CARTESIAN_POINT ( 'NONE',  ( 284.2087760596007800, 91.24611329581355800, -36.23373933626538000 ) ) ;
#3837 = CARTESIAN_POINT ( 'NONE',  ( 305.4479466721999800, 94.76434453486004400, -46.30424067026999100 ) ) ;
#3838 = ORIENTED_EDGE ( 'NONE', *, *, #6854, .F. ) ;
#3839 = CARTESIAN_POINT ( 'NONE',  ( 281.5315440695245600, 92.96459362426313100, -37.81410906459536400 ) ) ;
#3840 = CARTESIAN_POINT ( 'NONE',  ( 305.0762678170835300, 93.25037202381737700, -51.34915277144940400 ) ) ;
#3841 = ADVANCED_FACE ( 'NONE', ( #1697 ), #4506, .T. ) ;
#3842 = CARTESIAN_POINT ( 'NONE',  ( 327.7195079876773900, 87.63380173883808800, -43.52256037000443500 ) ) ;
#3843 = CARTESIAN_POINT ( 'NONE',  ( 302.8743122394571400, 91.46442576914927300, -50.02998975750506400 ) ) ;
#3844 = ORIENTED_EDGE ( 'NONE', *, *, #1852, .T. ) ;
#3845 = DIRECTION ( 'NONE',  ( 0.6925065118953148700, -0.7214116238199825800, 0.0000000000000000000 ) ) ;
#3846 = CYLINDRICAL_SURFACE ( 'NONE', #2666, 2.199999999996157000 ) ;
#3847 =( REPRESENTATION_RELATIONSHIP ('NONE','NONE', #2470, #5091 ) REPRESENTATION_RELATIONSHIP_WITH_TRANSFORMATION ( #6687 )SHAPE_REPRESENTATION_RELATIONSHIP( ) );
#3848 = CARTESIAN_POINT ( 'NONE',  ( 272.2798123575948400, 87.63380169952829100, -43.52255252573540600 ) ) ;
#3849 = EDGE_CURVE ( 'NONE', #1720, #463, #3358, .T. ) ;
#3850 = PLANE ( 'NONE',  #2010 ) ;
#3851 = CARTESIAN_POINT ( 'NONE',  ( 271.6273876660338300, 87.63380170034999100, -34.48662120960846500 ) ) ;
#3852 = ORIENTED_EDGE ( 'NONE', *, *, #2595, .F. ) ;
#3853 = B_SPLINE_CURVE_WITH_KNOTS ( 'NONE', 3,
 ( #6729, #6066, #1642, #6834, #6269, #493, #5067, #5669, #6251, #3975 ),
 .UNSPECIFIED., .F., .F.,
 ( 4, 2, 2, 2, 4 ),
 ( 0.0000000000000000000, 0.2500000000000000000, 0.5000000000000000000, 0.7500000000000000000, 1.000000000000000000 ),
 .UNSPECIFIED. ) ;
#3854 = CARTESIAN_POINT ( 'NONE',  ( 272.9556621064272100, 88.83751315254629300, -26.50444943033027200 ) ) ;
#3855 = CIRCLE ( 'NONE', #5641, 4.699999999999995700 ) ;
#3856 = AXIS2_PLACEMENT_3D ( 'NONE', #4059, #1224, #6988 ) ;
#3857 = CARTESIAN_POINT ( 'NONE',  ( 287.1053993727274500, 91.59442993028601200, -28.61370171137689100 ) ) ;
#3858 = CARTESIAN_POINT ( 'NONE',  ( 272.8310841403459200, 88.56339266310853000, -32.15879572893607000 ) ) ;
#3859 = EDGE_LOOP ( 'NONE', ( #7074, #5800, #4062, #1922 ) ) ;
#3860 = LINE ( 'NONE', #3572, #6030 ) ;
#3861 = CARTESIAN_POINT ( 'NONE',  ( 309.7650678125675700, 91.38716191183101500, -46.95209982596814100 ) ) ;
#3862 = CARTESIAN_POINT ( 'NONE',  ( 299.9998714613999500, 100.9999999999999700, -41.60807779753000100 ) ) ;
#3863 = CARTESIAN_POINT ( 'NONE',  ( 276.8574158405464800, 90.98629566882623000, -37.00974920393970500 ) ) ;
#3864 = CARTESIAN_POINT ( 'NONE',  ( 326.6201171495914100, 89.38071220345216300, -25.90188243174751300 ) ) ;
#3865 = ORIENTED_EDGE ( 'NONE', *, *, #745, .F. ) ;
#3866 = VERTEX_POINT ( 'NONE', #1634 ) ;
#3867 = ORIENTED_EDGE ( 'NONE', *, *, #6228, .T. ) ;
#3868 = CARTESIAN_POINT ( 'NONE',  ( 299.9998743175778500, 93.27490929037304600, -53.46459473537215200 ) ) ;
#3869 = CARTESIAN_POINT ( 'NONE',  ( 300.0000073331830200, 93.11482237704491600, -24.71971111550668400 ) ) ;
#3870 = CARTESIAN_POINT ( 'NONE',  ( 284.2160794299171000, 90.82745962329055100, -25.65461839209472600 ) ) ;
#3871 = AXIS2_PLACEMENT_3D ( 'NONE', #4672, #1240, #644 ) ;
#3872 = DIRECTION ( 'NONE',  ( 0.9986295344685861600, -0.05233596169991457800, 0.0000000000000000000 ) ) ;
#3873 = VERTEX_POINT ( 'NONE', #2298 ) ;
#3874 = CARTESIAN_POINT ( 'NONE',  ( 312.2345409932842700, 93.13807940992364800, -26.55705456886759600 ) ) ;
#3875 = ORIENTED_EDGE ( 'NONE', *, *, #608, .F. ) ;
#3876 = CARTESIAN_POINT ( 'NONE',  ( 298.4289724241645000, 94.76749847152363800, -41.57740437072953900 ) ) ;
#3877 = ORIENTED_EDGE ( 'NONE', *, *, #2453, .F. ) ;
#3878 = DIRECTION ( 'NONE',  ( -9.984020005621894600E-016, -1.000000000000000000, 0.0000000000000000000 ) ) ;
#3879 = CARTESIAN_POINT ( 'NONE',  ( 299.9998714613999500, 100.1715728752540000, -39.35807779752999400 ) ) ;
#3881 = ADVANCED_FACE ( 'NONE', ( #5297 ), #3228, .T. ) ;
#3880 = CARTESIAN_POINT ( 'NONE',  ( 274.0627358237886100, 90.59455262838085300, -53.19212797665139900 ) ) ;
#3882 = STYLED_ITEM ( 'NONE', ( #2868 ), #496 ) ;
#3883 = PLANE ( 'NONE',  #1268 ) ;
#3884 = DIRECTION ( 'NONE',  ( 6.658073082839481300E-008, -1.162170980825842800E-009, -0.9999999999999977800 ) ) ;
#3885 = CARTESIAN_POINT ( 'NONE',  ( 272.8311737195051600, 88.54530122219905800, -31.12253134349013800 ) ) ;
#3886 = CARTESIAN_POINT ( 'NONE',  ( 300.0000247293979200, 91.48356539354702500, -52.47225122211332900 ) ) ;
#3887 = ORIENTED_EDGE ( 'NONE', *, *, #208, .T. ) ;
#3888 = CARTESIAN_POINT ( 'NONE',  ( 323.2446303387427500, 88.54085296164831200, -38.32188058687227500 ) ) ;
#3889 = CARTESIAN_POINT ( 'NONE',  ( 328.3953984456364300, 87.63382226466740100, -34.22660581853575900 ) ) ;
#3890 = VERTEX_POINT ( 'NONE', #5162 ) ;
#3891 = CARTESIAN_POINT ( 'NONE',  ( 299.4844677256082800, 90.29629014974614200, -24.91948972216803100 ) ) ;
#3892 = PRODUCT_DEFINITION_SHAPE ( 'NONE', 'NONE',  #7433 ) ;
#3894 = ORIENTED_EDGE ( 'NONE', *, *, #3707, .T. ) ;
#3893 = CARTESIAN_POINT ( 'NONE',  ( 287.1329890817999600, 90.01327487850997500, -35.88294384948000000 ) ) ;
#3895 = CARTESIAN_POINT ( 'NONE',  ( 272.4248981465146900, 87.63380170034984900, -47.83130146022000400 ) ) ;
#3896 = B_SPLINE_CURVE_WITH_KNOTS ( 'NONE', 3,
 ( #3830, #993, #3457, #4545 ),
 .UNSPECIFIED., .F., .F.,
 ( 4, 4 ),
 ( 0.0000000000000000000, 1.000000000000000000 ),
 .UNSPECIFIED. ) ;
#3897 = CARTESIAN_POINT ( 'NONE',  ( 326.4700871500871200, 89.37242623368585700, -25.78734205304434100 ) ) ;
#3898 = CARTESIAN_POINT ( 'NONE',  ( 299.9998714613999500, 97.99999999999882000, -46.30807779752999700 ) ) ;
#3899 = CARTESIAN_POINT ( 'NONE',  ( 309.8859065846901300, 91.65354428776366500, -31.13289228071986500 ) ) ;
#3900 = PLANE ( 'NONE',  #7281 ) ;
#3901 = EDGE_CURVE ( 'NONE', #564, #2364, #1780, .T. ) ;
#3902 = ORIENTED_EDGE ( 'NONE', *, *, #3288, .F. ) ;
#3903 = CARTESIAN_POINT ( 'NONE',  ( 285.5032027836914500, 91.53934964701206000, -36.84535597936199700 ) ) ;
#3904 = DIRECTION ( 'NONE',  ( 0.0000000000000000000, 0.4698490814013460100, 0.8827467591026949600 ) ) ;
#3905 = CARTESIAN_POINT ( 'NONE',  ( 295.0169614067368700, 94.76873953273830900, -46.30807490609812800 ) ) ;
#3906 = CARTESIAN_POINT ( 'NONE',  ( 272.0270649464765100, 87.63380170035002000, -34.83113676227693400 ) ) ;
#3907 = B_SPLINE_CURVE_WITH_KNOTS ( 'NONE', 3,
 ( #827, #1991, #7088, #4819 ),
 .UNSPECIFIED., .F., .F.,
 ( 4, 4 ),
 ( 0.0000000000000000000, 1.000000000000000000 ),
 .UNSPECIFIED. ) ;
#3908 = CARTESIAN_POINT ( 'NONE',  ( 299.9998714613999500, 101.0000000000002400, -40.18650492227641300 ) ) ;
#3909 = EDGE_CURVE ( 'NONE', #2658, #2425, #2369, .T. ) ;
#3910 = CARTESIAN_POINT ( 'NONE',  ( 273.3293084979850400, 89.55019413979235300, -52.82403069959922000 ) ) ;
#3911 = FACE_BOUND ( 'NONE', #203, .T. ) ;
#3912 = CARTESIAN_POINT ( 'NONE',  ( 327.2476831832366300, 87.63380170035000600, -34.53113235275758100 ) ) ;
#3913 = CARTESIAN_POINT ( 'NONE',  ( 271.5861703443522400, 88.47255351762584000, -30.98543883747825200 ) ) ;
#3914 = CARTESIAN_POINT ( 'NONE',  ( 319.2501546989467400, 88.54085296218983100, -42.31635622667057800 ) ) ;
#3915 = PLANE ( 'NONE',  #7107 ) ;
#3916 = CARTESIAN_POINT ( 'NONE',  ( 321.6324698477621400, 87.04085002963991300, -40.98187591931748800 ) ) ;
#3917 = CARTESIAN_POINT ( 'NONE',  ( 326.0970387059229000, 89.29237247554922900, -25.62403211886741900 ) ) ;
#3918 = CARTESIAN_POINT ( 'NONE',  ( 306.6887800117469900, 93.23316829723037800, -48.79866480947987400 ) ) ;
#3919 = CARTESIAN_POINT ( 'NONE',  ( 293.1194153694554500, 90.24288722582318200, -33.66385157650263000 ) ) ;
#3920 = ADVANCED_FACE ( 'NONE', ( #2939 ), #1821, .T. ) ;
#3921 = CARTESIAN_POINT ( 'NONE',  ( 310.3045918201378300, 91.64147061270672600, -31.57398172694905000 ) ) ;
#3922 = CARTESIAN_POINT ( 'NONE',  ( 328.0291358143892400, 88.51716074773197800, -47.77858851952125000 ) ) ;
#3923 = CARTESIAN_POINT ( 'NONE',  ( 272.2553668422054900, 88.56744890042908500, -43.52256180327310600 ) ) ;
#3924 = CARTESIAN_POINT ( 'NONE',  ( 289.9998681523927600, 91.38316297120378800, -46.18426801794357300 ) ) ;
#3925 = EDGE_CURVE ( 'NONE', #4624, #2172, #707, .T. ) ;
#3926 = CONICAL_SURFACE ( 'NONE', #7333, 2.900000051173079500, 0.01745329252000796600 ) ;
#3927 = DIRECTION ( 'NONE',  ( 0.0000000000000000000, -1.000000000000000000, 0.0000000000000000000 ) ) ;
#3928 =( BOUNDED_SURFACE ( )  B_SPLINE_SURFACE ( 3, 3, ( 
 ( #2652, #7208, #885, #3829 ),
 ( #3753, #7252, #4904, #6110 ),
 ( #4958, #4362, #3812, #397 ),
 ( #1526, #6034, #1556, #5585 ) ),
 .UNSPECIFIED., .F., .F., .F. ) 
 B_SPLINE_SURFACE_WITH_KNOTS ( ( 4, 4 ),
 ( 4, 4 ),
 ( 0.0000000000000000000, 1.000000000000000000 ),
 ( 0.0000000000000000000, 1.000000000000000000 ),
 .UNSPECIFIED. ) 
 GEOMETRIC_REPRESENTATION_ITEM ( )  RATIONAL_B_SPLINE_SURFACE ( (
 ( 1.000000000000000000, 0.9029583215703368400, 0.9029583215703368400, 1.000000000000000000),
 ( 0.9270831929753529100, 0.8371174838850933300, 0.8371174838850933300, 0.9270831929753529100),
 ( 0.9270831929753529100, 0.8371174838850933300, 0.8371174838850933300, 0.9270831929753529100),
 ( 1.000000000000000000, 0.9029583215703368400, 0.9029583215703368400, 1.000000000000000000) ) ) 
 REPRESENTATION_ITEM ( '' )  SURFACE ( )  );
#3929 = PLANE ( 'NONE',  #4288 ) ;
#3930 = CARTESIAN_POINT ( 'NONE',  ( 310.2288354818993500, 85.46874564475999100, -47.90743904254188800 ) ) ;
#3931 = VERTEX_POINT ( 'NONE', #4688 ) ;
#3932 = CARTESIAN_POINT ( 'NONE',  ( 327.7190857907003200, 88.25892791447398600, -43.52256193297000700 ) ) ;
#3933 = VECTOR ( 'NONE', #1879, 1000.000000000000100 ) ;
#3934 = CARTESIAN_POINT ( 'NONE',  ( 326.3757777915000700, 92.61684700686001300, -25.80257574067000100 ) ) ;
#3935 = CARTESIAN_POINT ( 'NONE',  ( 272.6887365626000100, 91.15492882377999700, -25.00098142622000500 ) ) ;
#3936 = CARTESIAN_POINT ( 'NONE',  ( 277.0496382732295000, 92.79627886907304900, -41.74901925724879700 ) ) ;
#3937 = CARTESIAN_POINT ( 'NONE',  ( 327.1688206126455000, 88.54550347862759500, -31.12253437069998800 ) ) ;
#3938 = CARTESIAN_POINT ( 'NONE',  ( 299.9998749213082800, 94.02446827092168700, -52.37898134431107200 ) ) ;
#3939 = CARTESIAN_POINT ( 'NONE',  ( 275.9796733442146300, 90.95131596701959600, -38.15531846061984600 ) ) ;
#3940 = CARTESIAN_POINT ( 'NONE',  ( 299.2194173324838300, 90.29627363771351200, -30.46385166584346000 ) ) ;
#3941 = VERTEX_POINT ( 'NONE', #143 ) ;
#3942 = CYLINDRICAL_SURFACE ( 'NONE', #4755, 383.7407469339228800 ) ;
#3943 = CARTESIAN_POINT ( 'NONE',  ( 326.3712066895449800, 89.35789782886709500, -25.73052027713380600 ) ) ;
#3944 = DIRECTION ( 'NONE',  ( 0.0000000000000000000, 0.0000000000000000000, -1.000000000000000000 ) ) ;
#3945 = CARTESIAN_POINT ( 'NONE',  ( 328.1729453175704000, 87.63380417226420600, -43.76617021966981000 ) ) ;
#3946 = CARTESIAN_POINT ( 'NONE',  ( 326.1812291128348400, 92.65284107391194400, -53.85605105821031900 ) ) ;
#3947 = B_SPLINE_CURVE_WITH_KNOTS ( 'NONE', 3,
 ( #5747, #5797, #2587, #3158, #4237, #4915, #7087, #6048, #6616, #299, #2547, #2567, #4317, #4868, #3128, #7162, #3717, #4269 ),
 .UNSPECIFIED., .F., .F.,
 ( 4, 2, 2, 2, 2, 2, 2, 2, 4 ),
 ( 0.0000000000000000000, 0.1250000000000000000, 0.2500000000000000000, 0.3750000000000000000, 0.5000000000000000000, 0.6250000000000000000, 0.7500000000000000000, 0.8750000000000000000, 1.000000000000000000 ),
 .UNSPECIFIED. ) ;
#3948 = ORIENTED_EDGE ( 'NONE', *, *, #507, .F. ) ;
#3949 = FACE_OUTER_BOUND ( 'NONE', #4310, .T. ) ;
#3950 = CARTESIAN_POINT ( 'NONE',  ( 273.8042417603047600, 92.41690071501356800, -54.14918647306385000 ) ) ;
#3951 = CARTESIAN_POINT ( 'NONE',  ( 297.4094834861398300, 94.76874564476003100, -41.91500975330307500 ) ) ;
#3952 = EDGE_CURVE ( 'NONE', #249, #2611, #81, .T. ) ;
#3953 = CARTESIAN_POINT ( 'NONE',  ( 271.7456110446258900, 87.63380170035002000, -34.68003257248650300 ) ) ;
#3954 = CARTESIAN_POINT ( 'NONE',  ( 312.2430172119071000, 101.0000000000002400, -52.42965067278357300 ) ) ;
#3955 = AXIS2_PLACEMENT_3D ( 'NONE', #6723, #2150, #3268 ) ;
#3956 = ORIENTED_EDGE ( 'NONE', *, *, #880, .T. ) ;
#3957 = ORIENTED_EDGE ( 'NONE', *, *, #5057, .F. ) ;
#3958 = ORIENTED_EDGE ( 'NONE', *, *, #2990, .T. ) ;
#3959 = VECTOR ( 'NONE', #2643, 1000.000000000000200 ) ;
#3961 = ADVANCED_FACE ( 'NONE', ( #360 ), #1283, .T. ) ;
#3960 = CARTESIAN_POINT ( 'NONE',  ( 273.4790219911946000, 89.76322372599297200, -52.94909167953779400 ) ) ;
#3962 = CARTESIAN_POINT ( 'NONE',  ( 298.9505550947056300, 94.76874564476001700, -41.40756258409638900 ) ) ;
#3963 = CARTESIAN_POINT ( 'NONE',  ( 271.6889083134195200, 88.47378404740744900, -30.71680213394257200 ) ) ;
#3964 = CARTESIAN_POINT ( 'NONE',  ( 271.8124904126000300, 89.62128954104001400, -24.30196352831000400 ) ) ;
#3965 = VERTEX_POINT ( 'NONE', #5236 ) ;
#3966 = CARTESIAN_POINT ( 'NONE',  ( 291.9792874757680500, 91.72059011315460000, -30.94129692442194800 ) ) ;
#3967 = CYLINDRICAL_SURFACE ( 'NONE', #6951, 0.5999999999999894300 ) ;
#3968 = B_SPLINE_CURVE_WITH_KNOTS ( 'NONE', 3,
 ( #2680, #424, #6114, #2029, #7216, #2132, #1509, #6730, #5516, #2610, #891, #344, #7318, #2087, #321, #6704, #3250, #4369 ),
 .UNSPECIFIED., .F., .F.,
 ( 4, 2, 2, 2, 2, 2, 2, 2, 4 ),
 ( 0.0000000000000000000, 0.1250000000000000000, 0.2500000000000000000, 0.3750000000000000000, 0.5000000000000000000, 0.6250000000000000000, 0.7500000000000000000, 0.8750000000000000000, 1.000000000000000000 ),
 .UNSPECIFIED. ) ;
#3969 = CARTESIAN_POINT ( 'NONE',  ( 290.8667198291474300, 85.46874564475997700, -45.30822426438449200 ) ) ;
#3970 = ORIENTED_EDGE ( 'NONE', *, *, #5772, .T. ) ;
#3971 = VERTEX_POINT ( 'NONE', #5787 ) ;
#3972 = CARTESIAN_POINT ( 'NONE',  ( 327.7190857907000900, 87.63380170022975300, -44.07256193297001100 ) ) ;
#3973 = CARTESIAN_POINT ( 'NONE',  ( 304.6998714614001100, 94.76874564476017300, -45.69284923620349300 ) ) ;
#3974 = EDGE_LOOP ( 'NONE', ( #4607, #6670, #764, #3604, #6940, #6543 ) ) ;
#3975 = CARTESIAN_POINT ( 'NONE',  ( 304.8478091672742500, 101.0000000000000000, -45.30807779753080700 ) ) ;
#3976 = CARTESIAN_POINT ( 'NONE',  ( 326.1891410046956100, 92.65284791837034100, -25.78256291154577800 ) ) ;
#3977 = CARTESIAN_POINT ( 'NONE',  ( 326.3610659169742100, 89.35615304195148700, -25.72519887995185800 ) ) ;
#3978 = CARTESIAN_POINT ( 'NONE',  ( 272.2809084036684900, 87.63380170030491500, -43.52256676955618500 ) ) ;
#3979 = CARTESIAN_POINT ( 'NONE',  ( 308.2214441130806800, 91.69451726076120200, -30.51678056910421700 ) ) ;
#3980 = VERTEX_POINT ( 'NONE', #3527 ) ;
#3981 = ORIENTED_EDGE ( 'NONE', *, *, #4880, .F. ) ;
#3982 = CARTESIAN_POINT ( 'NONE',  ( 271.7779637351765700, 87.63381093402503600, -44.07236729229705900 ) ) ;
#3983 = FACE_OUTER_BOUND ( 'NONE', #7013, .T. ) ;
#3984 = CARTESIAN_POINT ( 'NONE',  ( 285.1622716032113100, 91.52702358075394800, -36.09169818831449600 ) ) ;
#3985 = CARTESIAN_POINT ( 'NONE',  ( 310.2471196744970700, 91.37739834575444300, -39.73243397255001200 ) ) ;
#3986 = CARTESIAN_POINT ( 'NONE',  ( 290.3351940664968000, 91.38901445857830200, -47.05531205384350100 ) ) ;
#3987 = CARTESIAN_POINT ( 'NONE',  ( 300.1507920772000400, 93.22553782522000200, -39.07918542575000500 ) ) ;
#3988 = ORIENTED_EDGE ( 'NONE', *, *, #1881, .F. ) ;
#3989 = CARTESIAN_POINT ( 'NONE',  ( 279.9051808026431400, 88.83344161824186400, -54.97380468045499000 ) ) ;
#3990 = DIRECTION ( 'NONE',  ( 0.0000000000000000000, 0.0000000000000000000, 1.000000000000000000 ) ) ;
#3991 = AXIS2_PLACEMENT_3D ( 'NONE', #7072, #4170, #704 ) ;
#3992 = CARTESIAN_POINT ( 'NONE',  ( 306.9999434867666000, 85.46874564475999100, -46.04616740845855100 ) ) ;
#3993 = EDGE_CURVE ( 'NONE', #3042, #6059, #2460, .T. ) ;
#3994 = CARTESIAN_POINT ( 'NONE',  ( 299.9998714613999500, 97.99999999999883500, -46.30807779752999700 ) ) ;
#3995 = CARTESIAN_POINT ( 'NONE',  ( 299.4333536130026200, 101.0000000000000000, -41.35820369038744100 ) ) ;
#3996 = CARTESIAN_POINT ( 'NONE',  ( 303.7354654277391400, 94.76874564476001700, -49.64832409988034100 ) ) ;
#3997 = CARTESIAN_POINT ( 'NONE',  ( 292.3825628604398000, 91.72859481238626200, -30.63976853246326100 ) ) ;
#3998 = CARTESIAN_POINT ( 'NONE',  ( 276.3346667004776100, 92.76603847864940600, -40.17149185900837700 ) ) ;
#3999 = CARTESIAN_POINT ( 'NONE',  ( 318.4040495194800000, 93.02269750566138400, -53.75904220696262600 ) ) ;
#4000 = CARTESIAN_POINT ( 'NONE',  ( 272.2809084036684900, 87.63380170030491500, -43.52256676955618500 ) ) ;
#4001 = CARTESIAN_POINT ( 'NONE',  ( 313.4158078632139000, 93.11060641662376700, -36.98059397234940300 ) ) ;
#4002 = CARTESIAN_POINT ( 'NONE',  ( 271.6593822423928900, 88.54058833864009200, -34.63730110183555400 ) ) ;
#4003 = CARTESIAN_POINT ( 'NONE',  ( 327.7684344961099300, 88.50149692698920500, -30.52254270383724900 ) ) ;
#4004 = PLANE ( 'NONE',  #3034 ) ;
#4005 = ADVANCED_FACE ( 'NONE', ( #3194, #1338 ), #6471, .F. ) ;
#4006 = VECTOR ( 'NONE', #7430, 1000.000000000000200 ) ;
#4007 = CARTESIAN_POINT ( 'NONE',  ( 310.3584620914228900, 91.63996852309610100, -31.64846553103008000 ) ) ;
#4008 = CARTESIAN_POINT ( 'NONE',  ( 327.1688206126455000, 88.54550347862759500, -31.12253437069998800 ) ) ;
#4009 = EDGE_CURVE ( 'NONE', #931, #3941, #1257, .T. ) ;
#4010 = ORIENTED_EDGE ( 'NONE', *, *, #3418, .F. ) ;
#4011 = CARTESIAN_POINT ( 'NONE',  ( 327.9022332296444200, 88.52376079887128000, -47.83129057912576300 ) ) ;
#4012 = AXIS2_PLACEMENT_3D ( 'NONE', #6439, #6465, #750 ) ;
#4013 = CARTESIAN_POINT ( 'NONE',  ( 320.7106300882450700, 87.04085002963996900, -38.28234998909543000 ) ) ;
#4014 = CARTESIAN_POINT ( 'NONE',  ( 319.3999701852688400, 88.54085002964012600, -39.02694718516320200 ) ) ;
#4015 = CARTESIAN_POINT ( 'NONE',  ( 300.1347748785000800, 93.75771393599001200, -39.85124411611000300 ) ) ;
#4016 = EDGE_CURVE ( 'NONE', #1463, #5965, #6286, .T. ) ;
#4017 = CARTESIAN_POINT ( 'NONE',  ( 272.9748343265360400, 89.04514757458399300, -52.15718237131866200 ) ) ;
#4018 = ORIENTED_EDGE ( 'NONE', *, *, #1787, .F. ) ;
#4019 = CARTESIAN_POINT ( 'NONE',  ( 321.4084251233700200, 92.85837917474982800, -36.86859714718665500 ) ) ;
#4020 = PRODUCT_DEFINITION ( '未知', '', #1939, #2800 ) ;
#4021 = CARTESIAN_POINT ( 'NONE',  ( 302.5292120174133900, 94.76874564476001700, -50.63644004132903800 ) ) ;
#4022 = CARTESIAN_POINT ( 'NONE',  ( 291.5537470226846600, 91.71208771642741900, -31.67327447220837700 ) ) ;
#4023 = B_SPLINE_CURVE_WITH_KNOTS ( 'NONE', 3,
 ( #4123, #166, #2463, #3608, #459, #2716, #1652, #3815, #5068, #5212, #6071, #5471, #6015, #5547, #1485, #1412, #7160, #298, #1512, #6664, #4866, #5520, #5491, #871, #2056, #5448 ),
 .UNSPECIFIED., .F., .F.,
 ( 4, 2, 1, 1, 2, 2, 2, 2, 2, 1, 1, 2, 2, 2, 4 ),
 ( 0.0000000000000000000, 0.007812500000014830200, 0.01562500000002966000, 0.03125000000005932100, 0.06250000000011815500, 0.1250000000002359500, 0.2500000000004704000, 0.5000000000009368100, 0.5078125000009330300, 0.5156250000009291500, 0.5312500000008972800, 0.5625000000008371100, 0.6250000000007165400, 0.7500000000004796200, 1.000000000000000000 ),
 .UNSPECIFIED. ) ;
#4024 = CARTESIAN_POINT ( 'NONE',  ( 278.3302798900224400, 92.84810745361645000, -36.95926502367466100 ) ) ;
#4025 = CARTESIAN_POINT ( 'NONE',  ( 304.5775430417406800, 94.76874564476015900, -47.53829285401994300 ) ) ;
#4026 = CARTESIAN_POINT ( 'NONE',  ( 310.5998809987041200, 91.37083502759693900, -47.53729802518588300 ) ) ;
#4027 = CARTESIAN_POINT ( 'NONE',  ( 326.7174750711000100, 92.57034699885004200, -25.70284077634000000 ) ) ;
#4028 = CARTESIAN_POINT ( 'NONE',  ( 290.0998714613987800, 101.0000000000000000, -41.35807779752631300 ) ) ;
#4029 = CARTESIAN_POINT ( 'NONE',  ( 300.2112730328996100, 91.48261028313419300, -39.73391289902376400 ) ) ;
#4030 = CARTESIAN_POINT ( 'NONE',  ( 327.1692651381809500, 88.58168040239506500, -33.19506932918474000 ) ) ;
#4031 = CARTESIAN_POINT ( 'NONE',  ( 290.1992043618935800, 85.46874564475999100, -46.92172712018012200 ) ) ;
#4032 = ORIENTED_EDGE ( 'NONE', *, *, #4485, .F. ) ;
#4033 = CARTESIAN_POINT ( 'NONE',  ( 287.2751029974682000, 91.60016955585656700, -26.51460455250644400 ) ) ;
#4034 = LINE ( 'NONE', #5610, #2848 ) ;
#4035 = CARTESIAN_POINT ( 'NONE',  ( 310.7551392150832600, 91.36819864955622000, -39.73154632198000500 ) ) ;
#4036 = CARTESIAN_POINT ( 'NONE',  ( 271.9612165889116700, 87.63380170034997700, -43.63545904585991100 ) ) ;
#4037 =( BOUNDED_SURFACE ( )  B_SPLINE_SURFACE ( 3, 3, ( 
 ( #3493, #6926, #4068, #555 ),
 ( #2314, #625, #5198, #2865 ),
 ( #29, #4662, #4039, #1209 ),
 ( #4583, #2254, #1140, #528 ) ),
 .UNSPECIFIED., .F., .F., .F. ) 
 B_SPLINE_SURFACE_WITH_KNOTS ( ( 4, 4 ),
 ( 4, 4 ),
 ( -0.009997904827261001200, 1.009998068384999800 ),
 ( -0.1280615714923000200, 1.116574220743999900 ),
 .UNSPECIFIED. ) 
 GEOMETRIC_REPRESENTATION_ITEM ( )  RATIONAL_B_SPLINE_SURFACE ( (
 ( 1.062941897863999700, 0.8358814706967001600, 0.8338049841811999700, 1.056712438318000200),
 ( 1.062561987380999900, 0.8368720723774999400, 0.8348081193099998700, 1.056370128178000200),
 ( 1.062373876914000100, 0.8373625630389002200, 0.8353048158352001100, 1.056200635303000000),
 ( 1.062377615161999900, 0.8373528157051000100, 0.8352949451747003800, 1.056204003571000100) ) ) 
 REPRESENTATION_ITEM ( '' )  SURFACE ( )  );
#4038 = AXIS2_PLACEMENT_3D ( 'NONE', #5527, #2063, #2141 ) ;
#4039 = CARTESIAN_POINT ( 'NONE',  ( 308.6447598484999200, 93.30085005013002300, -53.83230844691999600 ) ) ;
#4040 = ORIENTED_EDGE ( 'NONE', *, *, #3349, .T. ) ;
#4041 = CARTESIAN_POINT ( 'NONE',  ( 288.7297369950299500, 90.14399722542938800, -39.71345328809761100 ) ) ;
#4042 = CYLINDRICAL_SURFACE ( 'NONE', #2574, 378.9144268718482100 ) ;
#4043 = CARTESIAN_POINT ( 'NONE',  ( 286.3389626313019700, 93.10460118246270200, -37.62383314993737600 ) ) ;
#4044 = CARTESIAN_POINT ( 'NONE',  ( 309.2636131249134900, 85.46874564475997700, -44.30822285545956200 ) ) ;
#4045 = CARTESIAN_POINT ( 'NONE',  ( 323.1177833410184200, 92.78927382298658700, -38.02689656806843700 ) ) ;
#4046 = CARTESIAN_POINT ( 'NONE',  ( 296.0604872581085400, 100.9999999999999700, -43.25795581498930900 ) ) ;
#4047 = ORIENTED_EDGE ( 'NONE', *, *, #7152, .T. ) ;
#4048 = FACE_OUTER_BOUND ( 'NONE', #3430, .T. ) ;
#4049 = B_SPLINE_CURVE_WITH_KNOTS ( 'NONE', 3,
 ( #7080, #3638, #6530, #2490 ),
 .UNSPECIFIED., .F., .F.,
 ( 4, 4 ),
 ( 0.0000000000000000000, 1.000000000000000000 ),
 .UNSPECIFIED. ) ;
#4050 = CARTESIAN_POINT ( 'NONE',  ( 295.0334749630856100, 94.72949830632079200, -46.70544277366676100 ) ) ;
#4051 = EDGE_CURVE ( 'NONE', #7423, #1426, #731, .T. ) ;
#4052 = CARTESIAN_POINT ( 'NONE',  ( 326.7006115613999100, 92.62501090768999700, -25.97687305862000400 ) ) ;
#4053 = CARTESIAN_POINT ( 'NONE',  ( 271.6798170924540700, 88.54220016893461300, -34.66217894589743800 ) ) ;
#4054 = CARTESIAN_POINT ( 'NONE',  ( 300.2622170377000000, 93.29676619537004000, -53.83326445811001500 ) ) ;
#4055 = VERTEX_POINT ( 'NONE', #1401 ) ;
#4056 = FACE_OUTER_BOUND ( 'NONE', #4653, .T. ) ;
#4057 = CARTESIAN_POINT ( 'NONE',  ( 299.9998714613999500, 91.42902513656417800, -41.60807779752999400 ) ) ;
#4058 = CARTESIAN_POINT ( 'NONE',  ( 299.9999989004361400, 93.21974934237292100, -53.89359181045600200 ) ) ;
#4059 = CARTESIAN_POINT ( 'NONE',  ( 327.7180629298000000, 87.55211693676000100, -43.52256193297000700 ) ) ;
#4060 = CARTESIAN_POINT ( 'NONE',  ( 273.5545686172252400, 92.47231537208931200, -54.00156973510354400 ) ) ;
#4061 = CYLINDRICAL_SURFACE ( 'NONE', #992, 3.680103583069999300 ) ;
#4062 = ORIENTED_EDGE ( 'NONE', *, *, #3256, .F. ) ;
#4063 = ORIENTED_EDGE ( 'NONE', *, *, #1954, .F. ) ;
#4064 = CARTESIAN_POINT ( 'NONE',  ( 271.8434804730053400, 87.63380170034997700, -43.77461374889966100 ) ) ;
#4065 = EDGE_CURVE ( 'NONE', #3585, #1369, #2406, .T. ) ;
#4066 = ORIENTED_EDGE ( 'NONE', *, *, #6464, .T. ) ;
#4067 = CARTESIAN_POINT ( 'NONE',  ( 321.8027475526445200, 92.84285525859380100, -42.55540670807587100 ) ) ;
#4068 = CARTESIAN_POINT ( 'NONE',  ( 326.4421711835000800, 92.66402034076000400, -54.00104532114998800 ) ) ;
#4069 = B_SPLINE_CURVE_WITH_KNOTS ( 'NONE', 3,
 ( #6979, #3525, #4117, #3647 ),
 .UNSPECIFIED., .F., .F.,
 ( 4, 4 ),
 ( 0.0000000000000000000, 1.000000000000000000 ),
 .UNSPECIFIED. ) ;
#4070 = CARTESIAN_POINT ( 'NONE',  ( 287.1053962976573100, 91.59443525923508400, -35.71370027763527600 ) ) ;
#4071 = CARTESIAN_POINT ( 'NONE',  ( 271.9695821813861600, 87.63376007876266300, -47.72607438815866500 ) ) ;
#4072 = ORIENTED_EDGE ( 'NONE', *, *, #1765, .F. ) ;
#4073 = ORIENTED_EDGE ( 'NONE', *, *, #6826, .F. ) ;
#4074 = ORIENTED_EDGE ( 'NONE', *, *, #533, .F. ) ;
#4075 = ORIENTED_EDGE ( 'NONE', *, *, #5599, .T. ) ;
#4076 = CARTESIAN_POINT ( 'NONE',  ( 328.2219363855992400, 87.63380207555383100, -44.02234094207901900 ) ) ;
#4077 = CARTESIAN_POINT ( 'NONE',  ( 272.2798123575948400, 87.63380169952829100, -43.52255252573540600 ) ) ;
#4078 = CARTESIAN_POINT ( 'NONE',  ( 299.9999978235173300, 93.25563134100522700, -53.79496148710477100 ) ) ;
#4079 = CARTESIAN_POINT ( 'NONE',  ( 273.6352221940408100, 88.48645578761055200, -25.24930166816922700 ) ) ;
#4080 = CARTESIAN_POINT ( 'NONE',  ( 296.1343346390817100, 89.23477151150864000, -53.22311984057665800 ) ) ;
#4081 = CARTESIAN_POINT ( 'NONE',  ( 297.8473635409177400, 94.76141132924235000, -50.80786959836685000 ) ) ;
#4082 = CARTESIAN_POINT ( 'NONE',  ( 310.9989424473008600, 91.36330892836518600, -46.58062087290552700 ) ) ;
#4083 = CARTESIAN_POINT ( 'NONE',  ( 318.4496306145935000, 87.04085002964001200, -42.72589798304739600 ) ) ;
#4084 = CARTESIAN_POINT ( 'NONE',  ( 299.9864313199317400, -403.1634285632166600, -46.17640538684997900 ) ) ;
#4085 =( BOUNDED_CURVE ( )  B_SPLINE_CURVE ( 3, ( #3264, #6696, #4512, #7356 ),
 .UNSPECIFIED., .F., .F. ) 
 B_SPLINE_CURVE_WITH_KNOTS ( ( 4, 4 ),
 ( 3.118584904588405300, 3.162737121129313600 ),
 .UNSPECIFIED. ) 
 CURVE ( )  GEOMETRIC_REPRESENTATION_ITEM ( )  RATIONAL_B_SPLINE_CURVE ( ( 1.000000000000000000, 0.9998375550787272900, 0.9998375550787272900, 1.000000000000000000 ) ) 
 REPRESENTATION_ITEM ( '' )  );
#4086 = CARTESIAN_POINT ( 'NONE',  ( 313.6837951152560300, 91.53154933986883200, -27.89312492918982000 ) ) ;
#4087 = ADVANCED_FACE ( 'NONE', ( #4683 ), #2669, .F. ) ;
#4088 = ORIENTED_EDGE ( 'NONE', *, *, #6169, .T. ) ;
#4089 = DIRECTION ( 'NONE',  ( 0.0000000000000000000, 0.0000000000000000000, 1.000000000000000000 ) ) ;
#4090 = EDGE_CURVE ( 'NONE', #3722, #4717, #2924, .T. ) ;
#4091 = CARTESIAN_POINT ( 'NONE',  ( 328.3954259718742000, 87.63382168585707200, -34.23128831801180600 ) ) ;
#4092 = ORIENTED_EDGE ( 'NONE', *, *, #7152, .F. ) ;
#4093 = CARTESIAN_POINT ( 'NONE',  ( 307.7749983043481700, 91.41514141726905500, -47.89503775510224400 ) ) ;
#4094 = CARTESIAN_POINT ( 'NONE',  ( 319.3999701852683900, 88.54085002964015400, -40.53780412627600800 ) ) ;
#4095 = CARTESIAN_POINT ( 'NONE',  ( 272.3883421568644400, 88.58545862217808100, -34.83118187486499600 ) ) ;
#4096 = CARTESIAN_POINT ( 'NONE',  ( 271.6947968325000000, 87.63380170034999100, -47.91766068421000600 ) ) ;
#4097 = FACE_OUTER_BOUND ( 'NONE', #4942, .T. ) ;
#4098 = CARTESIAN_POINT ( 'NONE',  ( 296.7365827982402500, 93.26575653691314500, -52.72760084499461200 ) ) ;
#4099 = EDGE_CURVE ( 'NONE', #6452, #3391, #1823, .T. ) ;
#4100 = CARTESIAN_POINT ( 'NONE',  ( 322.7742381131669200, 92.80357614546683500, -37.63304527350037200 ) ) ;
#4101 = ORIENTED_EDGE ( 'NONE', *, *, #5211, .F. ) ;
#4102 = CARTESIAN_POINT ( 'NONE',  ( 287.6052921462784300, 93.13505129756097700, -25.18850458921651700 ) ) ;
#4103 = CARTESIAN_POINT ( 'NONE',  ( 273.3040488693610000, 88.47208023297550000, -25.44832134549862300 ) ) ;
#4104 = B_SPLINE_CURVE_WITH_KNOTS ( 'NONE', 3,
 ( #2659, #6118, #1000, #6148 ),
 .UNSPECIFIED., .F., .F.,
 ( 4, 4 ),
 ( 0.0000000000000000000, 1.000000000000000000 ),
 .UNSPECIFIED. ) ;
#4105 = CARTESIAN_POINT ( 'NONE',  ( 326.0567233875136700, 88.57587505323289200, -53.19528282612515800 ) ) ;
#4106 = DIRECTION ( 'NONE',  ( 0.0000000000000000000, -1.000000000000000000, 0.0000000000000000000 ) ) ;
#4107 = CARTESIAN_POINT ( 'NONE',  ( 291.0260505004999900, 93.29128902497997400, -24.38698229492000300 ) ) ;
#4108 = CARTESIAN_POINT ( 'NONE',  ( 300.2620551695000000, 92.99681793010998400, -53.99153701598000100 ) ) ;
#4109 = PLANE ( 'NONE',  #3871 ) ;
#4110 = CARTESIAN_POINT ( 'NONE',  ( 291.2800549084386100, 89.17654174082750300, -24.32307767725034300 ) ) ;
#4111 = EDGE_CURVE ( 'NONE', #6587, #1448, #4590, .T. ) ;
#4112 = CARTESIAN_POINT ( 'NONE',  ( 329.2484016779719700, 88.48710089421136600, -43.26538582639856400 ) ) ;
#4113 = B_SPLINE_CURVE_WITH_KNOTS ( 'NONE', 3,
 ( #6268, #539, #3999, #1716 ),
 .UNSPECIFIED., .F., .F.,
 ( 4, 4 ),
 ( 0.0000000000000000000, 1.000000000000000000 ),
 .UNSPECIFIED. ) ;
#4114 = CARTESIAN_POINT ( 'NONE',  ( 328.0396133916921700, 87.63380170034999100, -30.58624272507040900 ) ) ;
#4115 = DIRECTION ( 'NONE',  ( 4.625929269271481400E-015, 1.000000000000000000, 0.0000000000000000000 ) ) ;
#4116 = CARTESIAN_POINT ( 'NONE',  ( 295.3319037856468300, 94.76874564476001700, -48.35361213469064300 ) ) ;
#4117 = CARTESIAN_POINT ( 'NONE',  ( 328.2219486848910600, 87.63380173556613800, -44.05568261254256900 ) ) ;
#4118 = VECTOR ( 'NONE', #6329, 1000.000000000000100 ) ;
#4119 = CARTESIAN_POINT ( 'NONE',  ( 319.7806956000960100, 92.91916017165384300, -36.95496299713229100 ) ) ;
#4120 = CARTESIAN_POINT ( 'NONE',  ( 292.1363731771793900, 90.22513825015116100, -30.78410905339496000 ) ) ;
#4121 = CARTESIAN_POINT ( 'NONE',  ( 289.4015948232350300, 89.14454181590363600, -53.22402241452599700 ) ) ;
#4122 = CARTESIAN_POINT ( 'NONE',  ( 298.4269178868875100, 94.76777097728279400, -51.03834130717803700 ) ) ;
#4123 = CARTESIAN_POINT ( 'NONE',  ( 311.6385061008891700, 91.60180601048504900, -37.81291344840071400 ) ) ;
#4124 = AXIS2_PLACEMENT_3D ( 'NONE', #246, #1435, #796 ) ;
#4125 = CARTESIAN_POINT ( 'NONE',  ( 305.2861967661718800, 91.44366842773273200, -39.73472343652522900 ) ) ;
#4126 = ORIENTED_EDGE ( 'NONE', *, *, #3637, .F. ) ;
#4127 = VECTOR ( 'NONE', #6214, 1000.000000000000000 ) ;
#4128 = CARTESIAN_POINT ( 'NONE',  ( 314.6475871975595200, 89.99286134328234300, -37.12213600849031500 ) ) ;
#4129 = CARTESIAN_POINT ( 'NONE',  ( 317.7550462851188500, 92.98800076788457100, -39.38076690881437300 ) ) ;
#4130 = EDGE_LOOP ( 'NONE', ( #6086, #1655, #3981 ) ) ;
#4131 = CARTESIAN_POINT ( 'NONE',  ( 281.0250600707325400, 91.15143616664809700, -26.01099948787273800 ) ) ;
#4132 = ORIENTED_EDGE ( 'NONE', *, *, #2174, .T. ) ;
#4133 = CIRCLE ( 'NONE', #3573, 3.680103583070026800 ) ;
#4134 = CARTESIAN_POINT ( 'NONE',  ( 319.2106497678000200, 87.04085002963995500, -39.78237565571955500 ) ) ;
#4135 = AXIS2_PLACEMENT_3D ( 'NONE', #3582, #4763, #2580 ) ;
#4136 = CARTESIAN_POINT ( 'NONE',  ( 327.8622557892963400, 87.63380170034997700, -30.52263895750012100 ) ) ;
#4137 = CARTESIAN_POINT ( 'NONE',  ( 286.4722384988454000, 90.07345844458599500, -28.58751945320314600 ) ) ;
#4138 = VERTEX_POINT ( 'NONE', #4752 ) ;
#4139 = CARTESIAN_POINT ( 'NONE',  ( 306.5569978351107900, 90.23041298653032500, -35.28629916099083600 ) ) ;
#4140 = FACE_OUTER_BOUND ( 'NONE', #6718, .T. ) ;
#4141 = PLANE ( 'NONE',  #5716 ) ;
#4142 = CARTESIAN_POINT ( 'NONE',  ( 291.5610415624833000, 90.21351745850712700, -31.64521908400670800 ) ) ;
#4143 = VERTEX_POINT ( 'NONE', #6500 ) ;
#4144 = B_SPLINE_CURVE_WITH_KNOTS ( 'NONE', 3,
 ( #6532, #825, #6614, #3155 ),
 .UNSPECIFIED., .F., .F.,
 ( 4, 4 ),
 ( 0.0000000000000000000, 1.000000000000000000 ),
 .UNSPECIFIED. ) ;
#4145 = CARTESIAN_POINT ( 'NONE',  ( 295.1579505972702600, 94.73045583114218000, -47.51660365556036000 ) ) ;
#4146 = ORIENTED_EDGE ( 'NONE', *, *, #4218, .F. ) ;
#4147 = EDGE_CURVE ( 'NONE', #1894, #6671, #3651, .T. ) ;
#4148 = CARTESIAN_POINT ( 'NONE',  ( 320.7106694460425700, 87.04085002963996900, -41.28240116124363400 ) ) ;
#4149 = CARTESIAN_POINT ( 'NONE',  ( 271.7764731921033100, 87.63380133353460600, -47.33116679522920100 ) ) ;
#4150 = CARTESIAN_POINT ( 'NONE',  ( 326.1493463890148500, 92.37865235332630200, -53.85012254053911800 ) ) ;
#4151 = CARTESIAN_POINT ( 'NONE',  ( 319.5163165284865300, 92.92851262674746200, -42.51453705857665700 ) ) ;
#4152 = EDGE_LOOP ( 'NONE', ( #4242, #1985, #413, #3531 ) ) ;
#4153 = CYLINDRICAL_SURFACE ( 'NONE', #4410, 1.999999999999994900 ) ;
#4154 = CARTESIAN_POINT ( 'NONE',  ( 303.5448321401314600, 93.32208828103294700, -37.84115509507930100 ) ) ;
#4155 = ORIENTED_EDGE ( 'NONE', *, *, #968, .T. ) ;
#4156 = ORIENTED_EDGE ( 'NONE', *, *, #3010, .T. ) ;
#4157 = VERTEX_POINT ( 'NONE', #3776 ) ;
#4158 = CARTESIAN_POINT ( 'NONE',  ( 326.1812265383471800, 92.65276017548590900, -25.89591145490884500 ) ) ;
#4159 = B_SPLINE_CURVE_WITH_KNOTS ( 'NONE', 3,
 ( #6791, #472, #6197, #6770, #7347, #6225 ),
 .UNSPECIFIED., .F., .F.,
 ( 4, 2, 4 ),
 ( 0.0000000000000000000, 0.5000000000000000000, 1.000000000000000000 ),
 .UNSPECIFIED. ) ;
#4160 = DIRECTION ( 'NONE',  ( 0.9985988685230008400, -0.05233595620568085700, 0.007826076451177709300 ) ) ;
#4161 = EDGE_CURVE ( 'NONE', #7386, #3279, #122, .T. ) ;
#4162 = CARTESIAN_POINT ( 'NONE',  ( 327.1689494756935200, 88.56863864671790100, -47.28130143115608100 ) ) ;
#4163 = EDGE_LOOP ( 'NONE', ( #4946, #3376, #933, #4632, #6837, #6383, #840 ) ) ;
#4164 = CARTESIAN_POINT ( 'NONE',  ( 305.8691435599424200, 90.24257647825827200, -34.50157283357473400 ) ) ;
#4165 = CARTESIAN_POINT ( 'NONE',  ( 292.5986189185828700, 91.41989989968057300, -47.53902835843425100 ) ) ;
#4166 = CARTESIAN_POINT ( 'NONE',  ( 300.8843685946000100, 93.43849243765001200, -53.29699584731002200 ) ) ;
#4167 = CARTESIAN_POINT ( 'NONE',  ( 273.0735871298511500, 88.46497654033022700, -25.76006414888905700 ) ) ;
#4168 = CARTESIAN_POINT ( 'NONE',  ( 323.5263679909287500, 90.97129002074528600, -42.15194117412977400 ) ) ;
#4169 = CARTESIAN_POINT ( 'NONE',  ( 272.2307948264195300, 88.50126757978030400, -30.52254799994927800 ) ) ;
#4170 = DIRECTION ( 'NONE',  ( -0.05233755910009162800, -0.9986294507511004300, -1.397007147982874700E-014 ) ) ;
#4171 = ORIENTED_EDGE ( 'NONE', *, *, #2977, .T. ) ;
#4172 = CARTESIAN_POINT ( 'NONE',  ( 270.6470664930461100, 88.38092910106070100, -54.84072387157185300 ) ) ;
#4173 = DIRECTION ( 'NONE',  ( -0.0000000000000000000, 1.000000000000000000, -0.0000000000000000000 ) ) ;
#4174 = CARTESIAN_POINT ( 'NONE',  ( 287.3022146806694600, 93.12771903545244400, -37.83890001781494300 ) ) ;
#4175 = CARTESIAN_POINT ( 'NONE',  ( 321.1942846782942500, 87.04085002963999800, -43.46233467807152100 ) ) ;
#4176 = EDGE_CURVE ( 'NONE', #1205, #1061, #4250, .T. ) ;
#4177 = CARTESIAN_POINT ( 'NONE',  ( 327.9326799335667000, 87.63380170035000600, -47.78525026333927900 ) ) ;
#4178 = CYLINDRICAL_SURFACE ( 'NONE', #5754, 0.6000000000146017400 ) ;
#4179 = CARTESIAN_POINT ( 'NONE',  ( 327.4341179172725400, 88.54998045830285500, -47.77377302575176500 ) ) ;
#4180 = CARTESIAN_POINT ( 'NONE',  ( 308.9998708124384700, 91.40039483382787500, -45.30807779753034500 ) ) ;
#4181 = CARTESIAN_POINT ( 'NONE',  ( 307.8378134947339500, 90.20443692184966300, -30.51637140343847700 ) ) ;
#4182 = CARTESIAN_POINT ( 'NONE',  ( 327.8942930767422600, 88.49438272020640300, -30.52280786209687600 ) ) ;
#4183 = ORIENTED_EDGE ( 'NONE', *, *, #860, .T. ) ;
#4184 = EDGE_CURVE ( 'NONE', #5214, #193, #1508, .T. ) ;
#4185 = CARTESIAN_POINT ( 'NONE',  ( 271.9292901556846700, 87.63380170034997700, -30.56465405045155100 ) ) ;
#4186 = B_SPLINE_CURVE_WITH_KNOTS ( 'NONE', 3,
 ( #1484, #3225, #6707, #2055 ),
 .UNSPECIFIED., .F., .F.,
 ( 4, 4 ),
 ( 0.9975954435801237500, 1.000000000000000000 ),
 .UNSPECIFIED. ) ;
#4187 = CARTESIAN_POINT ( 'NONE',  ( 322.3863814264228700, 91.01620093114009100, -36.48745717307135500 ) ) ;
#4188 = CARTESIAN_POINT ( 'NONE',  ( 329.3222238288459500, 88.38208873947003500, -54.80649372660167300 ) ) ;
#4190 = ADVANCED_FACE ( 'NONE', ( #1250 ), #1163, .T. ) ;
#4189 = CARTESIAN_POINT ( 'NONE',  ( 305.8334947998820900, 91.74099083197809500, -34.43394863483828800 ) ) ;
#4191 = CARTESIAN_POINT ( 'NONE',  ( 270.9263167718627300, 88.39438017278281700, -55.07236205425467500 ) ) ;
#4192 = ORIENTED_EDGE ( 'NONE', *, *, #1139, .F. ) ;
#4193 = CARTESIAN_POINT ( 'NONE',  ( 279.2893471838999600, 88.54085296164828400, -39.78237565572000300 ) ) ;
#4194 = ORIENTED_EDGE ( 'NONE', *, *, #6031, .T. ) ;
#4195 = CARTESIAN_POINT ( 'NONE',  ( 313.2783800630987200, 91.54600295402293900, -27.24829775191177500 ) ) ;
#4196 = CARTESIAN_POINT ( 'NONE',  ( 309.8123851621406900, 90.15564569400380900, -35.28634804559715100 ) ) ;
#4197 = EDGE_CURVE ( 'NONE', #3523, #5295, #6545, .T. ) ;
#4198 = DIRECTION ( 'NONE',  ( 0.9985988686667153200, 0.05233595629695621300, -0.007826057502937784300 ) ) ;
#4199 = CARTESIAN_POINT ( 'NONE',  ( 285.5612045310463700, 91.28420229316155600, -39.03712991037393500 ) ) ;
#4200 = AXIS2_PLACEMENT_3D ( 'NONE', #2609, #4450, #6113 ) ;
#4201 = CARTESIAN_POINT ( 'NONE',  ( 289.0526924510389200, 91.36420011547259900, -45.78010514605671900 ) ) ;
#4202 = ORIENTED_EDGE ( 'NONE', *, *, #2679, .F. ) ;
#4203 = CARTESIAN_POINT ( 'NONE',  ( 327.0210677524000300, 88.38785895635000100, -52.44162874775999900 ) ) ;
#4204 = CARTESIAN_POINT ( 'NONE',  ( 319.9552212972441200, 88.54085002964015400, -38.47169607318834000 ) ) ;
#4205 = ORIENTED_EDGE ( 'NONE', *, *, #1028, .F. ) ;
#4206 = CARTESIAN_POINT ( 'NONE',  ( 328.2234482848022600, 87.63380126864875300, -47.33120466397420500 ) ) ;
#4207 = LINE ( 'NONE', #4990, #4127 ) ;
#4208 = VERTEX_POINT ( 'NONE', #964 ) ;
#4209 = CARTESIAN_POINT ( 'NONE',  ( 306.8496178548254000, 90.22489209013149000, -35.48213617109028900 ) ) ;
#4210 = CARTESIAN_POINT ( 'NONE',  ( 309.8730771517722400, 85.46874564475999100, -45.80324694832366100 ) ) ;
#4211 = CARTESIAN_POINT ( 'NONE',  ( 301.8293471584999000, 93.41301176903998300, -53.16945552874998500 ) ) ;
#4212 = CARTESIAN_POINT ( 'NONE',  ( 326.1493463890148500, 92.37865235332630200, -53.85012254053911800 ) ) ;
#4213 = CARTESIAN_POINT ( 'NONE',  ( 329.3271975059272400, 88.37487945251560000, -28.45915521248239700 ) ) ;
#4214 = ORIENTED_EDGE ( 'NONE', *, *, #1591, .F. ) ;
#4215 = FACE_BOUND ( 'NONE', #1754, .T. ) ;
#4216 = CARTESIAN_POINT ( 'NONE',  ( 295.6297292509854100, 94.73637486900133800, -43.91453789489463600 ) ) ;
#4217 = CARTESIAN_POINT ( 'NONE',  ( 319.3999701852683900, 87.04085002963991300, -40.53780412627600800 ) ) ;
#4218 = EDGE_CURVE ( 'NONE', #3770, #4540, #5788, .T. ) ;
#4219 = CARTESIAN_POINT ( 'NONE',  ( 270.6472036286906500, 88.38112853638644100, -54.80649809980738500 ) ) ;
#4220 = CARTESIAN_POINT ( 'NONE',  ( 313.3898186500180100, 90.04123152736546800, -39.00670253610744000 ) ) ;
#4221 = CARTESIAN_POINT ( 'NONE',  ( 282.4272696597999500, 92.97368133819998100, -54.03213506473000600 ) ) ;
#4222 = ORIENTED_EDGE ( 'NONE', *, *, #6702, .F. ) ;
#4223 = FACE_OUTER_BOUND ( 'NONE', #2890, .T. ) ;
#4224 = CARTESIAN_POINT ( 'NONE',  ( 327.2490241142002700, 88.60064425334293500, -34.53309935491564900 ) ) ;
#4225 = CARTESIAN_POINT ( 'NONE',  ( 297.1733371076657600, 93.26647681696552200, -53.69630408781888100 ) ) ;
#4226 = CARTESIAN_POINT ( 'NONE',  ( 282.0634939651738500, 91.17806868518900400, -42.21257102950425400 ) ) ;
#4227 = CARTESIAN_POINT ( 'NONE',  ( 328.3872771256559400, 87.63380231627506600, -33.19046868518128700 ) ) ;
#4228 = CARTESIAN_POINT ( 'NONE',  ( 293.1194279330090900, 91.74162197949498000, -30.46385164461463900 ) ) ;
#4229 = CARTESIAN_POINT ( 'NONE',  ( 287.7083125421453400, 91.33665946593647800, -39.73477139100797500 ) ) ;
#4230 = CARTESIAN_POINT ( 'NONE',  ( 287.1315644029331800, 90.09493737272625000, -35.73988802583788500 ) ) ;
#4231 = ORIENTED_EDGE ( 'NONE', *, *, #1217, .F. ) ;
#4232 = VECTOR ( 'NONE', #4173, 1000.000000000000000 ) ;
#4233 = CARTESIAN_POINT ( 'NONE',  ( 300.0207174542999800, 91.56396823979001500, -39.73531723584000000 ) ) ;
#4234 = CARTESIAN_POINT ( 'NONE',  ( 317.3019726049931800, 91.19888924172445900, -41.18075008474452400 ) ) ;
#4235 = ADVANCED_FACE ( 'NONE', ( #5916 ), #6129, .T. ) ;
#4236 = EDGE_CURVE ( 'NONE', #4873, #2479, #7124, .T. ) ;
#4237 = CARTESIAN_POINT ( 'NONE',  ( 291.6134179242720800, 85.46874564475999100, -45.50751355781913800 ) ) ;
#4238 = CARTESIAN_POINT ( 'NONE',  ( 291.6687276737952200, 91.71444922616754500, -32.74683837826040600 ) ) ;
#4239 = CARTESIAN_POINT ( 'NONE',  ( 302.4859208063556400, 91.46729387718994500, -42.31655865354260000 ) ) ;
#4240 = CARTESIAN_POINT ( 'NONE',  ( 295.4215263143357200, 91.45036612836463500, -47.53674137071120500 ) ) ;
#4241 = ORIENTED_EDGE ( 'NONE', *, *, #2050, .F. ) ;
#4242 = ORIENTED_EDGE ( 'NONE', *, *, #4494, .F. ) ;
#4243 = ORIENTED_EDGE ( 'NONE', *, *, #794, .F. ) ;
#4244 = ORIENTED_EDGE ( 'NONE', *, *, #3993, .F. ) ;
#4245 = CARTESIAN_POINT ( 'NONE',  ( 309.8004357011179800, 85.46874564476000600, -46.92162426039751500 ) ) ;
#4246 = CARTESIAN_POINT ( 'NONE',  ( 286.2138381988648900, 93.10148555577137600, -37.55808812915786600 ) ) ;
#4247 = CARTESIAN_POINT ( 'NONE',  ( 270.7576053579439900, 88.53814588014479600, -37.52075455802167200 ) ) ;
#4248 = CARTESIAN_POINT ( 'NONE',  ( 304.4973321154847100, 94.73432729964878300, -48.51425789744985900 ) ) ;
#4249 = DIRECTION ( 'NONE',  ( 4.578140479582088600E-018, -4.641500017676412500E-006, -0.9999999999892282800 ) ) ;
#4250 = B_SPLINE_CURVE_WITH_KNOTS ( 'NONE', 3,
 ( #7226, #2648, #3725, #4326, #7248, #877, #3803, #5478, #5500, #6026, #7271, #1469, #2066, #856, #3825, #4982, #3743, #4381 ),
 .UNSPECIFIED., .F., .F.,
 ( 4, 2, 2, 2, 2, 2, 2, 2, 4 ),
 ( 0.0000000000000000000, 0.1250000000000000000, 0.2500000000000000000, 0.3750000000000000000, 0.5000000000000000000, 0.6250000000000000000, 0.7500000000000000000, 0.8750000000000000000, 1.000000000000000000 ),
 .UNSPECIFIED. ) ;
#4251 = CARTESIAN_POINT ( 'NONE',  ( 295.0186475554908200, 94.72949137857088400, -46.37804675243774000 ) ) ;
#4252 = VERTEX_POINT ( 'NONE', #7417 ) ;
#4253 = EDGE_CURVE ( 'NONE', #3318, #3335, #7075, .T. ) ;
#4254 = ORIENTED_EDGE ( 'NONE', *, *, #4974, .T. ) ;
#4255 = ORIENTED_EDGE ( 'NONE', *, *, #3302, .F. ) ;
#4256 = EDGE_CURVE ( 'NONE', #5223, #6137, #4034, .T. ) ;
#4257 = ORIENTED_EDGE ( 'NONE', *, *, #3707, .F. ) ;
#4258 = CARTESIAN_POINT ( 'NONE',  ( 327.7684344961099300, 88.50149692698920500, -30.52254270383724900 ) ) ;
#4259 = DIRECTION ( 'NONE',  ( -1.000000000000000000, 0.0000000000000000000, 0.0000000000000000000 ) ) ;
#4260 = CARTESIAN_POINT ( 'NONE',  ( 329.2035550421153400, 88.29921388984138300, -23.70678432075683500 ) ) ;
#4261 = B_SPLINE_CURVE_WITH_KNOTS ( 'NONE', 3,
 ( #5717, #5135, #5092, #3377, #5666, #4594 ),
 .UNSPECIFIED., .F., .F.,
 ( 4, 2, 4 ),
 ( 0.0000000000000000000, 0.5000000000000000000, 1.000000000000000000 ),
 .UNSPECIFIED. ) ;
#4262 = DIRECTION ( 'NONE',  ( 4.625929269271481400E-015, 1.000000000000000000, 0.0000000000000000000 ) ) ;
#4263 = CARTESIAN_POINT ( 'NONE',  ( 327.7444361882421000, 88.53245086043621400, -47.83130127256270500 ) ) ;
#4264 = CARTESIAN_POINT ( 'NONE',  ( 282.9457006350210700, 91.20689369632812300, -39.29977292969926600 ) ) ;
#4265 = VERTEX_POINT ( 'NONE', #6745 ) ;
#4266 = CARTESIAN_POINT ( 'NONE',  ( 309.9766193422594300, 91.38361723797817100, -46.05688206512229500 ) ) ;
#4267 = DIRECTION ( 'NONE',  ( 0.0000000000000000000, 0.0000000000000000000, 1.000000000000000000 ) ) ;
#4268 = CARTESIAN_POINT ( 'NONE',  ( 294.3374956349467200, 97.99999999999883500, -45.30807779753110500 ) ) ;
#4269 = CARTESIAN_POINT ( 'NONE',  ( 290.9998936043807000, 85.46874564475955100, -47.30809141037600100 ) ) ;
#4270 = CARTESIAN_POINT ( 'NONE',  ( 291.8557418059987800, 91.71817206524194400, -33.04804344495202200 ) ) ;
#4271 = MECHANICAL_DESIGN_GEOMETRIC_PRESENTATION_REPRESENTATION (  '', ( #5842 ), #7089 ) ;
#4272 = CARTESIAN_POINT ( 'NONE',  ( 295.5443954363195800, 91.45144848777697200, -44.80389843270914700 ) ) ;
#4273 = COLOUR_RGB ( '',0.8117647058823529400, 0.8431372549019607900, 0.9098039215686274400 ) ;
#4274 = CARTESIAN_POINT ( 'NONE',  ( 326.6558836196999200, 89.26404694205003000, -25.64120239999000400 ) ) ;
#4275 = CARTESIAN_POINT ( 'NONE',  ( 321.6324698477623700, 88.54085002964015400, -38.58287539212277300 ) ) ;
#4276 = DIRECTION ( 'NONE',  ( 0.0000000000000000000, -1.000000000000000000, 0.0000000000000000000 ) ) ;
#4277 = VERTEX_POINT ( 'NONE', #5579 ) ;
#4278 = VERTEX_POINT ( 'NONE', #2119 ) ;
#4279 = CARTESIAN_POINT ( 'NONE',  ( 324.3129170755393000, 90.93976643055974300, -40.61277835354049200 ) ) ;
#4281 = ADVANCED_FACE ( 'NONE', ( #6630, #4407 ), #2223, .T. ) ;
#4280 = CARTESIAN_POINT ( 'NONE',  ( 272.9913720688050500, 89.06870704344918000, -26.34478539796187500 ) ) ;
#4282 = ORIENTED_EDGE ( 'NONE', *, *, #6411, .F. ) ;
#4283 = CARTESIAN_POINT ( 'NONE',  ( 299.9914249056375900, 94.76918065052780100, -46.30807791726089600 ) ) ;
#4284 = CARTESIAN_POINT ( 'NONE',  ( 298.4842192862969300, 91.47407319102482900, -50.76776295276653200 ) ) ;
#4285 = CARTESIAN_POINT ( 'NONE',  ( 326.9599879913677700, 89.28200199143123000, -26.40030577385174100 ) ) ;
#4286 = CARTESIAN_POINT ( 'NONE',  ( 297.1755923997183700, 93.26650217993936600, -53.69646652637136000 ) ) ;
#4287 = CARTESIAN_POINT ( 'NONE',  ( 271.9196181729459500, 89.73780564549204500, -54.76400558563367600 ) ) ;
#4288 = AXIS2_PLACEMENT_3D ( 'NONE', #1679, #3990, #1658 ) ;
#4289 = DIRECTION ( 'NONE',  ( 0.0000000000000000000, 0.0000000000000000000, 1.000000000000000000 ) ) ;
#4290 = CARTESIAN_POINT ( 'NONE',  ( 328.1757684069828000, 87.63380170034999100, -34.69565300047960900 ) ) ;
#4291 = CARTESIAN_POINT ( 'NONE',  ( 270.6472036286906500, 88.38112853638644100, -54.80649809980738500 ) ) ;
#4292 = CARTESIAN_POINT ( 'NONE',  ( 299.9998714613999500, 89.50000000000036900, -46.30807779752999700 ) ) ;
#4293 = CARTESIAN_POINT ( 'NONE',  ( 271.7307556047046500, 88.53457137022694200, -44.04732899501071600 ) ) ;
#4294 = CARTESIAN_POINT ( 'NONE',  ( 327.7702111018968500, 88.53916597585379100, -47.33130146021999700 ) ) ;
#4295 = CARTESIAN_POINT ( 'NONE',  ( 295.4559580407082000, 91.45065118412149700, -45.09699149598747400 ) ) ;
#4296 = EDGE_CURVE ( 'NONE', #1425, #6344, #2966, .T. ) ;
#4297 = CARTESIAN_POINT ( 'NONE',  ( 328.9906661561080900, 88.39899890922625000, -55.07125795091840800 ) ) ;
#4298 = CARTESIAN_POINT ( 'NONE',  ( 300.0000073329999900, 88.91591898327314400, -22.48508475358157500 ) ) ;
#4299 = B_SPLINE_CURVE_WITH_KNOTS ( 'NONE', 3,
 ( #1071, #5095, #1251, #4116, #3020, #756 ),
 .UNSPECIFIED., .F., .F.,
 ( 4, 2, 4 ),
 ( 0.0000000000000000000, 0.5000000000000000000, 1.000000000000000000 ),
 .UNSPECIFIED. ) ;
#4300 = CARTESIAN_POINT ( 'NONE',  ( 328.2234482848022600, 87.63380126864875300, -47.33120466397420500 ) ) ;
#4301 = CARTESIAN_POINT ( 'NONE',  ( 272.4569989879291800, 87.63380170034999100, -43.55001495018036200 ) ) ;
#4302 = LINE ( 'NONE', #5815, #2404 ) ;
#4303 = DIRECTION ( 'NONE',  ( 0.0000000000000000000, 0.0000000000000000000, -1.000000000000000000 ) ) ;
#4304 = B_SPLINE_CURVE_WITH_KNOTS ( 'NONE', 3,
 ( #7137, #5968, #848, #7083 ),
 .UNSPECIFIED., .F., .F.,
 ( 4, 4 ),
 ( 0.0000000000000000000, 1.000000000000000000 ),
 .UNSPECIFIED. ) ;
#4305 = CARTESIAN_POINT ( 'NONE',  ( 311.8829159049385600, 91.59381408419963600, -26.52684472069027800 ) ) ;
#4306 = CARTESIAN_POINT ( 'NONE',  ( 303.6790321632065600, 94.74789116969853400, -42.92779954375135500 ) ) ;
#4307 = EDGE_CURVE ( 'NONE', #6378, #4615, #5372, .T. ) ;
#4308 = CARTESIAN_POINT ( 'NONE',  ( 309.9033447457724200, 91.38481664946492300, -46.74169062877356100 ) ) ;
#4309 = CARTESIAN_POINT ( 'NONE',  ( 284.2307120942351200, 89.98920800594791600, -29.61385166601314400 ) ) ;
#4310 = EDGE_LOOP ( 'NONE', ( #6750, #3750, #1179, #3116 ) ) ;
#4311 = AXIS2_PLACEMENT_3D ( 'NONE', #4684, #5256, #2941 ) ;
#4312 = CARTESIAN_POINT ( 'NONE',  ( 327.9075131943254700, 87.63380170035002000, -34.82375801819044600 ) ) ;
#4313 = DIRECTION ( 'NONE',  ( 0.9986294299777344100, -0.05233595624703234200, 0.0004574560678714562500 ) ) ;
#4314 =( BOUNDED_SURFACE ( )  B_SPLINE_SURFACE ( 3, 3, ( 
 ( #4108, #5767, #4054, #3483 ),
 ( #2948, #85, #1221, #20 ),
 ( #575, #4221, #1905, #4741 ),
 ( #2466, #1874, #4785, #2414 ) ),
 .UNSPECIFIED., .F., .F., .F. ) 
 B_SPLINE_SURFACE_WITH_KNOTS ( ( 4, 4 ),
 ( 4, 4 ),
 ( -0.009997844940040001200, 1.009998020283999800 ),
 ( -0.1280511337894000000, 1.117242718218000000 ),
 .UNSPECIFIED. ) 
 GEOMETRIC_REPRESENTATION_ITEM ( )  RATIONAL_B_SPLINE_SURFACE ( (
 ( 1.062371954062000000, 0.8372319214113002100, 0.8352946531671003900, 1.056560149329000000),
 ( 1.062368207354999800, 0.8372416989519003700, 0.8353045470802001900, 1.056556751739000000),
 ( 1.062556745941000100, 0.8367496819217005200, 0.8348066740554998000, 1.056727722343000100),
 ( 1.062937520736000300, 0.8357559984222002700, 0.8338011637191998800, 1.057073016626999900) ) ) 
 REPRESENTATION_ITEM ( '' )  SURFACE ( )  );
#4315 = CARTESIAN_POINT ( 'NONE',  ( 325.0453173724634400, 90.38453091660446100, -26.10681026270758000 ) ) ;
#4316 = ADVANCED_FACE ( 'NONE', ( #3103 ), #3473, .F. ) ;
#4317 = CARTESIAN_POINT ( 'NONE',  ( 291.8004357011179200, 85.46874564476000600, -46.92162426039751500 ) ) ;
#4318 = CARTESIAN_POINT ( 'NONE',  ( 291.5537524238768000, 91.71208821423258000, -32.45445143498768200 ) ) ;
#4319 = ORIENTED_EDGE ( 'NONE', *, *, #3538, .F. ) ;
#4320 = CARTESIAN_POINT ( 'NONE',  ( 270.8310228692082000, 88.30091653030663700, -23.69971675300045900 ) ) ;
#4321 = VECTOR ( 'NONE', #7270, 1000.000000000000000 ) ;
#4322 = CARTESIAN_POINT ( 'NONE',  ( 309.8005385609004600, 85.46874564475999100, -45.69442847486640600 ) ) ;
#4323 = CARTESIAN_POINT ( 'NONE',  ( 272.9525603688836100, 88.65916123791922100, -37.27405332060961000 ) ) ;
#4324 = CARTESIAN_POINT ( 'NONE',  ( 298.4115035544999200, 94.45445353695002700, -52.66063994280001000 ) ) ;
#4325 = CARTESIAN_POINT ( 'NONE',  ( 304.7655293501370600, 94.73120373047778700, -47.78329943051204500 ) ) ;
#4326 = CARTESIAN_POINT ( 'NONE',  ( 308.4949849448656800, 85.46874564475996300, -47.18141788068602700 ) ) ;
#4327 = ORIENTED_EDGE ( 'NONE', *, *, #5889, .T. ) ;
#4328 = CARTESIAN_POINT ( 'NONE',  ( 299.9998715028000300, 98.00000000000000000, -45.30807779753000400 ) ) ;
#4329 = FACE_OUTER_BOUND ( 'NONE', #4645, .T. ) ;
#4330 = CARTESIAN_POINT ( 'NONE',  ( 274.5013390693319500, 90.89139167044673700, -26.63231422738648000 ) ) ;
#4331 = EDGE_CURVE ( 'NONE', #954, #6137, #6444, .T. ) ;
#4332 = CARTESIAN_POINT ( 'NONE',  ( 272.7729538234299300, 88.55969213231367100, -47.56697611731957700 ) ) ;
#4333 = EDGE_LOOP ( 'NONE', ( #6262, #7047, #1986, #2584 ) ) ;
#4334 = CARTESIAN_POINT ( 'NONE',  ( 301.6289942907712900, 94.76550657783037900, -41.59394831753019900 ) ) ;
#4335 = VERTEX_POINT ( 'NONE', #7 ) ;
#4336 = VERTEX_POINT ( 'NONE', #5177 ) ;
#4337 = CARTESIAN_POINT ( 'NONE',  ( 321.2439812400736500, 91.05999360117982600, -43.43354154467414900 ) ) ;
#4338 = CARTESIAN_POINT ( 'NONE',  ( 279.2893469742371600, 91.07979217942147400, -43.46247923879002400 ) ) ;
#4339 = CARTESIAN_POINT ( 'NONE',  ( 305.6448018896999800, 93.20379319072999600, -51.96963020757999600 ) ) ;
#4340 = ORIENTED_EDGE ( 'NONE', *, *, #5364, .F. ) ;
#4341 = VECTOR ( 'NONE', #6927, 1000.000000000000200 ) ;
#4342 = CARTESIAN_POINT ( 'NONE',  ( 282.2668008097315400, 92.98870626568690100, -39.58541831095640600 ) ) ;
#4343 = ORIENTED_EDGE ( 'NONE', *, *, #4417, .F. ) ;
#4344 = ORIENTED_EDGE ( 'NONE', *, *, #7010, .F. ) ;
#4345 = CARTESIAN_POINT ( 'NONE',  ( 306.0814791469530300, 93.24024575350672700, -42.53962365903530700 ) ) ;
#4346 = DIRECTION ( 'NONE',  ( 0.01745240645601960800, 0.9998476951560642000, 0.0000000000000000000 ) ) ;
#4347 = CARTESIAN_POINT ( 'NONE',  ( 303.2660826547824500, 91.46141249054890900, -42.92749310381718400 ) ) ;
#4348 = CARTESIAN_POINT ( 'NONE',  ( 314.7606598200217100, 91.27537653553631000, -36.22929557102810300 ) ) ;
#4349 =( NAMED_UNIT ( * ) SI_UNIT ( $, .STERADIAN. ) SOLID_ANGLE_UNIT ( ) );
#4350 = EDGE_LOOP ( 'NONE', ( #2888, #3503, #4940 ) ) ;
#4351 = CARTESIAN_POINT ( 'NONE',  ( 299.9999959138511900, 89.23367046695933900, -54.88313315414746500 ) ) ;
#4352 = CARTESIAN_POINT ( 'NONE',  ( 300.1538713574000200, 94.82203202755000900, -51.21913901253999800 ) ) ;
#4353 = CARTESIAN_POINT ( 'NONE',  ( 297.6328622536557300, 94.76874564476027300, -50.41487382279446200 ) ) ;
#4354 = B_SPLINE_CURVE_WITH_KNOTS ( 'NONE', 3,
 ( #915, #7254, #2751, #421 ),
 .UNSPECIFIED., .F., .F.,
 ( 4, 4 ),
 ( 0.0000000000000000000, 1.000000000000000000 ),
 .UNSPECIFIED. ) ;
#4355 = CARTESIAN_POINT ( 'NONE',  ( 276.7058394322958700, 90.98145460355530600, -53.20710786842221300 ) ) ;
#4356 = EDGE_CURVE ( 'NONE', #4157, #4336, #5263, .T. ) ;
#4358 = ADVANCED_FACE ( 'NONE', ( #2131 ), #1676, .T. ) ;
#4357 = DIRECTION ( 'NONE',  ( 0.0000000000000000000, 0.0000000000000000000, 1.000000000000000000 ) ) ;
#4359 = ORIENTED_EDGE ( 'NONE', *, *, #6106, .F. ) ;
#4360 = B_SPLINE_CURVE_WITH_KNOTS ( 'NONE', 3,
 ( #5685, #3422, #506, #5380, #813, #6477 ),
 .UNSPECIFIED., .F., .F.,
 ( 4, 2, 4 ),
 ( 0.0000000000000000000, 0.5000000000000000000, 1.000000000000000000 ),
 .UNSPECIFIED. ) ;
#4361 = B_SPLINE_CURVE_WITH_KNOTS ( 'NONE', 3,
 ( #6454, #5287, #4760, #1386 ),
 .UNSPECIFIED., .F., .F.,
 ( 4, 4 ),
 ( 0.0000000000000000000, 1.000000000000000000 ),
 .UNSPECIFIED. ) ;
#4362 = CARTESIAN_POINT ( 'NONE',  ( 326.2859153967441400, 92.59273578593959500, -25.69195429948019400 ) ) ;
#4363 = AXIS2_PLACEMENT_3D ( 'NONE', #1142, #6331, #1157 ) ;
#4364 = CARTESIAN_POINT ( 'NONE',  ( 272.2809084877000600, 88.57097883408866300, -47.28130146021999300 ) ) ;
#4365 = CARTESIAN_POINT ( 'NONE',  ( 320.9791201340319700, 91.06996084183501200, -43.46246639960553200 ) ) ;
#4366 = CARTESIAN_POINT ( 'NONE',  ( 321.6348661039975800, 92.84944208074588800, -42.61039312460158600 ) ) ;
#4367 = ORIENTED_EDGE ( 'NONE', *, *, #5006, .F. ) ;
#4368 = CARTESIAN_POINT ( 'NONE',  ( 309.2134452207110400, 91.39631415728658200, -53.20470940035831800 ) ) ;
#4369 = CARTESIAN_POINT ( 'NONE',  ( 290.9998714613998300, 85.46874564476118500, -48.30807779752999000 ) ) ;
#4370 = CARTESIAN_POINT ( 'NONE',  ( 299.7738202673000400, 93.22680169448003100, -39.08355560037999500 ) ) ;
#4371 = CARTESIAN_POINT ( 'NONE',  ( 282.1721149791702000, 92.98565519787321400, -40.55279650439381100 ) ) ;
#4372 = CARTESIAN_POINT ( 'NONE',  ( 270.1646974334999500, 90.96104838754001800, -54.48767513817000500 ) ) ;
#4373 = DIRECTION ( 'NONE',  ( 1.955934272815129000E-017, 0.8827467591026950700, -0.4698490814013460100 ) ) ;
#4374 = VERTEX_POINT ( 'NONE', #5730 ) ;
#4375 = CARTESIAN_POINT ( 'NONE',  ( 291.7130618131620300, 91.41132345711066900, -47.00906146991971500 ) ) ;
#4376 = CARTESIAN_POINT ( 'NONE',  ( 0.0000000000000000000, 0.0000000000000000000, 0.0000000000000000000 ) ) ;
#4377 = CARTESIAN_POINT ( 'NONE',  ( 273.7758962152802300, 92.59280575416976000, -25.68757712721721000 ) ) ;
#4378 = FACE_OUTER_BOUND ( 'NONE', #6371, .T. ) ;
#4379 = CARTESIAN_POINT ( 'NONE',  ( 301.5708362188167900, 94.76750144279390000, -41.57742539338977400 ) ) ;
#4380 = AXIS2_PLACEMENT_3D ( 'NONE', #1646, #2194, #5723 ) ;
#4381 = CARTESIAN_POINT ( 'NONE',  ( 308.9998493951151800, 85.46874564476000600, -45.30806422134850200 ) ) ;
#4382 = CARTESIAN_POINT ( 'NONE',  ( 297.1801099455665300, 93.26650561349026700, -53.69680820846059500 ) ) ;
#4383 = DIRECTION ( 'NONE',  ( -1.000000000000000000, 0.0000000000000000000, 0.0000000000000000000 ) ) ;
#4384 = CARTESIAN_POINT ( 'NONE',  ( 327.2337565906952900, 87.63380170034015700, -30.80935960351634500 ) ) ;
#4385 = CARTESIAN_POINT ( 'NONE',  ( 327.0182486527463700, 88.62072671245141500, -42.23395772021915900 ) ) ;
#4386 = CARTESIAN_POINT ( 'NONE',  ( 303.1462507050303500, 94.75400585316730000, -42.44177636092600600 ) ) ;
#4387 = CARTESIAN_POINT ( 'NONE',  ( 273.6967789544957600, 92.64743368682295000, -53.85613026748158900 ) ) ;
#4388 = AXIS2_PLACEMENT_3D ( 'NONE', #4150, #3575, #2002 ) ;
#4389 = PLANE ( 'NONE',  #6697 ) ;
#4390 = EDGE_CURVE ( 'NONE', #3669, #7194, #1777, .T. ) ;
#4391 = CARTESIAN_POINT ( 'NONE',  ( 312.9988114884544100, 91.32049908963327300, -53.20483496843169000 ) ) ;
#4392 = CARTESIAN_POINT ( 'NONE',  ( 276.0967429682001500, 90.95601353689387700, -41.62870980107160800 ) ) ;
#4393 = CARTESIAN_POINT ( 'NONE',  ( 299.8650215323999600, 93.75857970563004100, -52.76366778279000900 ) ) ;
#4394 = ORIENTED_EDGE ( 'NONE', *, *, #968, .F. ) ;
#4395 = CARTESIAN_POINT ( 'NONE',  ( 280.7851176298480000, 92.93909996798808500, -42.36334916188408800 ) ) ;
#4396 = CARTESIAN_POINT ( 'NONE',  ( 307.0424241269950000, 93.22876441781805600, -47.54642016746635100 ) ) ;
#4397 = ADVANCED_FACE ( 'NONE', ( #350 ), #4037, .T. ) ;
#4398 = CARTESIAN_POINT ( 'NONE',  ( 270.0442266763000100, 92.29982766903999900, -54.18278894050001100 ) ) ;
#4399 = CARTESIAN_POINT ( 'NONE',  ( 297.1859521535899900, 91.79248800011603700, -30.46385163789999600 ) ) ;
#4400 = CARTESIAN_POINT ( 'NONE',  ( 327.2270386688284100, 88.59596123877051400, -43.78688797963174300 ) ) ;
#4401 =( NAMED_UNIT ( * ) PLANE_ANGLE_UNIT ( ) SI_UNIT ( $, .RADIAN. ) );
#4402 = EDGE_CURVE ( 'NONE', #3150, #3042, #6355, .T. ) ;
#4403 = CARTESIAN_POINT ( 'NONE',  ( 327.0002784580684100, 89.57887684498413700, -51.92006989182213100 ) ) ;
#4404 = CARTESIAN_POINT ( 'NONE',  ( 294.9522566881000200, 93.73468066903001300, -41.24941295755999000 ) ) ;
#4405 = CARTESIAN_POINT ( 'NONE',  ( 328.0014114511878900, 88.56360366180787500, -34.83189680180419100 ) ) ;
#4406 = ORIENTED_EDGE ( 'NONE', *, *, #1575, .T. ) ;
#4407 = FACE_OUTER_BOUND ( 'NONE', #6231, .T. ) ;
#4408 = B_SPLINE_CURVE_WITH_KNOTS ( 'NONE', 3,
 ( #3706, #3169, #281, #4382 ),
 .UNSPECIFIED., .F., .F.,
 ( 4, 4 ),
 ( 0.0000000000000000000, 1.000000000000000000 ),
 .UNSPECIFIED. ) ;
#4409 = CARTESIAN_POINT ( 'NONE',  ( 309.8393476458112400, 90.18663977217210000, -24.99288461200525500 ) ) ;
#4410 = AXIS2_PLACEMENT_3D ( 'NONE', #342, #6555, #4289 ) ;
#4411 = CARTESIAN_POINT ( 'NONE',  ( 329.2093663616445300, 88.38699747399171300, -55.01072258350696800 ) ) ;
#4413 = ORIENTED_EDGE ( 'NONE', *, *, #3799, .T. ) ;
#4412 = B_SPLINE_CURVE_WITH_KNOTS ( 'NONE', 3,
 ( #936, #962, #4979, #2143 ),
 .UNSPECIFIED., .F., .F.,
 ( 4, 4 ),
 ( 0.0000000000000000000, 1.000000000000000000 ),
 .UNSPECIFIED. ) ;
#4414 = VECTOR ( 'NONE', #4276, 1000.000000000000000 ) ;
#4415 = CARTESIAN_POINT ( 'NONE',  ( 272.4269925470571800, 88.53901919379129000, -47.83128896121239400 ) ) ;
#4416 = DIRECTION ( 'NONE',  ( 0.0000000000000000000, -0.0000000000000000000, 1.000000000000000000 ) ) ;
#4417 = EDGE_CURVE ( 'NONE', #2672, #5182, #5113, .T. ) ;
#4418 =( BOUNDED_SURFACE ( )  B_SPLINE_SURFACE ( 3, 3, ( 
 ( #875, #4274, #4844, #4821 ),
 ( #3079, #7144, #3105, #2570 ),
 ( #7120, #2594, #4896, #1380 ),
 ( #7195, #5399, #1943, #1418 ) ),
 .UNSPECIFIED., .F., .F., .F. ) 
 B_SPLINE_SURFACE_WITH_KNOTS ( ( 4, 4 ),
 ( 4, 4 ),
 ( -0.009027233723118997800, 1.009027334338000100 ),
 ( -0.03972517985225999800, 1.039193678905999900 ),
 .UNSPECIFIED. ) 
 GEOMETRIC_REPRESENTATION_ITEM ( )  RATIONAL_B_SPLINE_SURFACE ( (
 ( 1.013859051808999800, 0.8835965876442002400, 0.8835324488699000100, 1.013666635486999600),
 ( 1.013893387122999600, 0.8833082022831000300, 0.8832439046073002900, 1.013700494095999900),
 ( 1.013927765493999800, 0.8830194552846002400, 0.8829549985079001600, 1.013734395162999600),
 ( 1.013962186756999900, 0.8827303480256998300, 0.8826657319498002500, 1.013768338528999700) ) ) 
 REPRESENTATION_ITEM ( '' )  SURFACE ( )  );
#4419 = CARTESIAN_POINT ( 'NONE',  ( 273.7975528189163600, 92.65206565634001400, -25.89916499209292400 ) ) ;
#4420 = CARTESIAN_POINT ( 'NONE',  ( 272.1432446960000700, 87.63380170034955100, -34.83130146022000400 ) ) ;
#4421 = DIRECTION ( 'NONE',  ( -0.0000000000000000000, 1.000000000000000000, 0.0000000000000000000 ) ) ;
#4422 = CARTESIAN_POINT ( 'NONE',  ( 276.8577885500181400, 90.98631023705085900, -42.55515184709010200 ) ) ;
#4423 = CARTESIAN_POINT ( 'NONE',  ( 314.7606603969106200, 91.27540511501293000, -25.83635124753239200 ) ) ;
#4424 = ORIENTED_EDGE ( 'NONE', *, *, #1013, .F. ) ;
#4425 = FACE_OUTER_BOUND ( 'NONE', #5147, .T. ) ;
#4426 = CARTESIAN_POINT ( 'NONE',  ( 320.7106497678000200, 88.54085296218983100, -39.78237565572000300 ) ) ;
#4427 = CARTESIAN_POINT ( 'NONE',  ( 309.5502790882000000, 91.81869525173999600, -54.27304855208998900 ) ) ;
#4428 = CARTESIAN_POINT ( 'NONE',  ( 291.5573269117092000, 91.40885460791962200, -47.14854081009403300 ) ) ;
#4429 = ORIENTED_EDGE ( 'NONE', *, *, #3555, .F. ) ;
#4430 = CYLINDRICAL_SURFACE ( 'NONE', #673, 4.990090723703929100 ) ;
#4431 = FILL_AREA_STYLE_COLOUR ( '', #2816 ) ;
#4432 = SURFACE_SIDE_STYLE ('',( #198 ) ) ;
#4433 = CARTESIAN_POINT ( 'NONE',  ( 319.6448860979500600, 91.11901618589706700, -36.21942112393708200 ) ) ;
#4434 = CARTESIAN_POINT ( 'NONE',  ( 274.0810179910472500, 88.58454682463389000, -53.22903711886421300 ) ) ;
#4435 = FACE_OUTER_BOUND ( 'NONE', #626, .T. ) ;
#4436 = VERTEX_POINT ( 'NONE', #2473 ) ;
#4437 = ORIENTED_EDGE ( 'NONE', *, *, #3508, .T. ) ;
#4439 = ADVANCED_FACE ( 'NONE', ( #529 ), #6717, .F. ) ;
#4438 = CARTESIAN_POINT ( 'NONE',  ( 329.3224651362018600, 88.38159607531898100, -54.87524397917224700 ) ) ;
#4440 = EDGE_CURVE ( 'NONE', #2881, #2425, #2036, .T. ) ;
#4441 = ORIENTED_EDGE ( 'NONE', *, *, #3465, .F. ) ;
#4442 = CARTESIAN_POINT ( 'NONE',  ( 292.2289373411915100, 85.46874564475999100, -44.70861469333698300 ) ) ;
#4443 = CARTESIAN_POINT ( 'NONE',  ( 286.2110107816523600, 93.10141498897441200, -26.77086443342884400 ) ) ;
#4444 = ORIENTED_EDGE ( 'NONE', *, *, #6826, .T. ) ;
#4445 = ORIENTED_EDGE ( 'NONE', *, *, #1368, .T. ) ;
#4446 = VERTEX_POINT ( 'NONE', #4728 ) ;
#4447 = CARTESIAN_POINT ( 'NONE',  ( 319.2501546989482800, 88.54085296218981700, -37.24839508476849700 ) ) ;
#4448 = CARTESIAN_POINT ( 'NONE',  ( 321.0239705670777500, 92.87327676430956600, -42.75799844567210800 ) ) ;
#4449 = ORIENTED_EDGE ( 'NONE', *, *, #2515, .T. ) ;
#4450 = DIRECTION ( 'NONE',  ( 0.01744975089998053100, 0.9996955013516187800, -0.01744737146003119000 ) ) ;
#4451 = CARTESIAN_POINT ( 'NONE',  ( 306.0157417768890600, 91.73780730468737900, -34.72839596006132700 ) ) ;
#4452 = B_SPLINE_CURVE_WITH_KNOTS ( 'NONE', 3,
 ( #1067, #1606, #5640, #4472, #3813, #1504, #1022, #2184, #5539, #6111, #2750, #4443, #5037, #5562, #2676, #1579 ),
 .UNSPECIFIED., .F., .F.,
 ( 4, 2, 2, 2, 2, 2, 2, 4 ),
 ( 9.512836555663712200E-014, 0.0004240398855974832300, 0.0008480797710998380200, 0.001272119656602192700, 0.001696159542104547700, 0.002120199427606902300, 0.002544239313109257100, 0.003392319084113971400 ),
 .UNSPECIFIED. ) ;
#4453 = CARTESIAN_POINT ( 'NONE',  ( 327.7446620143246600, 88.57003903765316000, -43.52256174297705400 ) ) ;
#4454 = CARTESIAN_POINT ( 'NONE',  ( 327.0196434963160100, 88.46954808130932700, -26.30621733183579300 ) ) ;
#4455 = CARTESIAN_POINT ( 'NONE',  ( 326.4125413850492800, 92.52594836347276400, -25.89581987331916200 ) ) ;
#4456 = EDGE_CURVE ( 'NONE', #7393, #280, #5205, .T. ) ;
#4457 = CARTESIAN_POINT ( 'NONE',  ( 327.5729820496964600, 88.57945158135773100, -43.52257275338638500 ) ) ;
#4458 = APPLICATION_PROTOCOL_DEFINITION ( 'draft international standard', 'automotive_design', 1998, #2039 ) ;
#4459 = CARTESIAN_POINT ( 'NONE',  ( 311.6654150247807700, 93.15051901154171800, -26.48810572368458300 ) ) ;
#4460 = DIRECTION ( 'NONE',  ( 2.958209999370344400E-005, -0.9999999995624497800, -6.600056826357776900E-010 ) ) ;
#4461 = CARTESIAN_POINT ( 'NONE',  ( 300.1504579732000500, 93.22553805430001700, -53.53698948289999700 ) ) ;
#4462 = CARTESIAN_POINT ( 'NONE',  ( 287.2696988829073900, 90.09967281588784300, -39.71333404410709300 ) ) ;
#4463 = VERTEX_POINT ( 'NONE', #6993 ) ;
#4464 = ORIENTED_EDGE ( 'NONE', *, *, #820, .T. ) ;
#4465 = B_SPLINE_CURVE_WITH_KNOTS ( 'NONE', 3,
 ( #4000, #2807, #3381, #5699 ),
 .UNSPECIFIED., .F., .F.,
 ( 4, 4 ),
 ( 0.9987896610977226000, 1.000000000000000000 ),
 .UNSPECIFIED. ) ;
#4466 = CARTESIAN_POINT ( 'NONE',  ( 272.9588901393581200, 89.02244703377782300, -26.60257580274058100 ) ) ;
#4467 = EDGE_CURVE ( 'NONE', #7257, #1902, #5923, .T. ) ;
#4468 = CARTESIAN_POINT ( 'NONE',  ( 321.1614069035400100, 91.06897286221629900, -53.37316752307952300 ) ) ;
#4469 = PLANE ( 'NONE',  #1371 ) ;
#4470 = CARTESIAN_POINT ( 'NONE',  ( 271.6126012798425800, 88.47186053085272300, -30.85842999030134900 ) ) ;
#4471 = AXIS2_PLACEMENT_3D ( 'NONE', #2051, #4421, #3834 ) ;
#4472 = CARTESIAN_POINT ( 'NONE',  ( 285.1813727565541400, 93.07470588487935000, -28.08042130522654000 ) ) ;
#4473 = CARTESIAN_POINT ( 'NONE',  ( 323.6106498189741400, 88.54085296164831200, -39.40276653671281800 ) ) ;
#4474 = DIRECTION ( 'NONE',  ( 0.0000000000000000000, -1.000000000000000000, 0.0000000000000000000 ) ) ;
#4475 = CARTESIAN_POINT ( 'NONE',  ( 274.3244164938000200, 90.46488654148001300, -26.19930763260000400 ) ) ;
#4476 = CARTESIAN_POINT ( 'NONE',  ( 286.0998714613942300, 99.00000000000000000, -53.25807779752999200 ) ) ;
#4477 = CARTESIAN_POINT ( 'NONE',  ( 304.9221584706959300, 93.25177191006818600, -51.50063421119972400 ) ) ;
#4478 = CARTESIAN_POINT ( 'NONE',  ( 279.2893471838999600, 87.04085002963999800, -39.78237565572000300 ) ) ;
#4479 = ADVANCED_FACE ( 'NONE', ( #5291 ), #6192, .F. ) ;
#4480 = CARTESIAN_POINT ( 'NONE',  ( 326.1665419333522200, 92.42075342965698300, -54.14828375584754400 ) ) ;
#4481 = CARTESIAN_POINT ( 'NONE',  ( 327.1693528755607800, 88.59976484513096300, -34.23133097673119400 ) ) ;
#4482 = CARTESIAN_POINT ( 'NONE',  ( 326.1812482868356800, 92.65322468071930500, -35.21591501313189800 ) ) ;
#4483 = CARTESIAN_POINT ( 'NONE',  ( 287.3180654196014500, 92.11047915129128700, -37.82220575130967400 ) ) ;
#4484 = CARTESIAN_POINT ( 'NONE',  ( 271.7764731921033100, 87.63380133353460600, -47.33116679522920100 ) ) ;
#4485 = EDGE_CURVE ( 'NONE', #5258, #6210, #3505, .T. ) ;
#4486 = DIRECTION ( 'NONE',  ( 0.0000000000000000000, -1.000000000000000000, 0.0000000000000000000 ) ) ;
#4487 = DIRECTION ( 'NONE',  ( -2.958040007489801000E-005, -0.9999999995624999600, -4.299967285754899600E-010 ) ) ;
#4488 = CARTESIAN_POINT ( 'NONE',  ( 329.0881671985662800, 88.39357181885911500, -55.06237386280795900 ) ) ;
#4489 = ADVANCED_FACE ( 'NONE', ( #2753 ), #7039, .F. ) ;
#4490 = CARTESIAN_POINT ( 'NONE',  ( 317.4497004031192700, 92.83600968373410500, -54.03873685936056100 ) ) ;
#4491 = CARTESIAN_POINT ( 'NONE',  ( 305.3985086688688300, 100.9304283843723200, -45.30807779753001100 ) ) ;
#4492 = DIRECTION ( 'NONE',  ( 0.0000000000000000000, 1.000000000000000000, 0.0000000000000000000 ) ) ;
#4493 = CARTESIAN_POINT ( 'NONE',  ( 273.6998126124689700, 92.65056845915241000, -25.90738199631670800 ) ) ;
#4494 = EDGE_CURVE ( 'NONE', #5156, #5783, #7354, .T. ) ;
#4495 = CARTESIAN_POINT ( 'NONE',  ( 326.2636980172647400, 92.65551952900713700, -53.85324684462457900 ) ) ;
#4496 = EDGE_LOOP ( 'NONE', ( #5326, #7324, #3792, #5243 ) ) ;
#4497 = CIRCLE ( 'NONE', #6083, 1.500000000000001300 ) ;
#4498 = DIRECTION ( 'NONE',  ( -0.01745240643271366400, 0.9998476951564709800, 0.0000000000000000000 ) ) ;
#4499 = CARTESIAN_POINT ( 'NONE',  ( 273.3492643887000800, 89.07841787974999200, -25.55358328236999900 ) ) ;
#4500 = CARTESIAN_POINT ( 'NONE',  ( 272.8309122182968200, 88.56531380750806200, -47.28130057498091100 ) ) ;
#4501 = CARTESIAN_POINT ( 'NONE',  ( 300.4377367167733700, 93.27370102844086800, -53.46832431454041800 ) ) ;
#4502 = DIRECTION ( 'NONE',  ( -1.000000000000000000, 0.0000000000000000000, 0.0000000000000000000 ) ) ;
#4503 = CARTESIAN_POINT ( 'NONE',  ( 272.0557054313481400, 88.56665985582238000, -34.83131708057121800 ) ) ;
#4504 = ORIENTED_EDGE ( 'NONE', *, *, #4769, .F. ) ;
#4505 = CARTESIAN_POINT ( 'NONE',  ( 287.1178606077860400, 91.59484233516440100, -37.81329969655461600 ) ) ;
#4506 = CYLINDRICAL_SURFACE ( 'NONE', #5285, 1.999999999999994900 ) ;
#4507 = DIRECTION ( 'NONE',  ( 0.0000000000000000000, 0.0000000000000000000, 1.000000000000000000 ) ) ;
#4508 = EDGE_CURVE ( 'NONE', #2250, #3722, #5354, .T. ) ;
#4509 = VERTEX_POINT ( 'NONE', #720 ) ;
#4510 = ORIENTED_EDGE ( 'NONE', *, *, #4099, .F. ) ;
#4511 = B_SPLINE_CURVE_WITH_KNOTS ( 'NONE', 3,
 ( #4455, #2686, #2058, #4973 ),
 .UNSPECIFIED., .F., .F.,
 ( 4, 4 ),
 ( 0.0000000000000000000, 1.000000000000000000 ),
 .UNSPECIFIED. ) ;
#4512 = CARTESIAN_POINT ( 'NONE',  ( 303.5448473892114400, 93.32208811479101500, -26.48624495225476800 ) ) ;
#4513 = FACE_OUTER_BOUND ( 'NONE', #5782, .T. ) ;
#4515 = ADVANCED_FACE ( 'NONE', ( #3738 ), #4680, .F. ) ;
#4514 = CARTESIAN_POINT ( 'NONE',  ( 273.2178535966348200, 89.39141985436388900, -52.69314238679438500 ) ) ;
#4516 = CARTESIAN_POINT ( 'NONE',  ( 327.4170632559468000, 87.63380170034996300, -34.72016236239274200 ) ) ;
#4517 = CARTESIAN_POINT ( 'NONE',  ( 326.2686080939000100, 92.60194856364005000, -25.67294936103000000 ) ) ;
#4518 = ORIENTED_EDGE ( 'NONE', *, *, #5292, .T. ) ;
#4519 = CYLINDRICAL_SURFACE ( 'NONE', #490, 4.700000000000002800 ) ;
#4520 = CARTESIAN_POINT ( 'NONE',  ( 296.3325906030773400, 89.23617904350199100, -53.22310549709906300 ) ) ;
#4521 = CARTESIAN_POINT ( 'NONE',  ( 317.8106497166161800, 88.54085296218983100, -40.16198477472779200 ) ) ;
#4522 = CARTESIAN_POINT ( 'NONE',  ( 279.2893471838999600, 87.04085002963999800, -36.10227207265000300 ) ) ;
#4523 = ORIENTED_EDGE ( 'NONE', *, *, #4176, .T. ) ;
#4524 = CARTESIAN_POINT ( 'NONE',  ( 299.9931943043524100, 90.29607490264668000, -24.91897935913467100 ) ) ;
#4525 = CARTESIAN_POINT ( 'NONE',  ( 273.8368404412999600, 89.77165221061000000, -25.87644545748000300 ) ) ;
#4526 = CARTESIAN_POINT ( 'NONE',  ( 299.9998714613999500, 100.1715728752540000, -53.25807779752999200 ) ) ;
#4527 = ORIENTED_EDGE ( 'NONE', *, *, #4147, .F. ) ;
#4528 = ORIENTED_EDGE ( 'NONE', *, *, #794, .T. ) ;
#4529 = CARTESIAN_POINT ( 'NONE',  ( 310.0576136260978000, 91.64830604489863200, -35.04110711351024300 ) ) ;
#4530 = CARTESIAN_POINT ( 'NONE',  ( 326.1921070308518400, 92.49392034199971100, -25.63217978428314200 ) ) ;
#4531 = AXIS2_PLACEMENT_3D ( 'NONE', #2216, #5116, #2246 ) ;
#4532 = CARTESIAN_POINT ( 'NONE',  ( 285.7210030181207700, 91.54690266688567100, -37.11621727151000300 ) ) ;
#4533 = ORIENTED_EDGE ( 'NONE', *, *, #2269, .F. ) ;
#4534 = VERTEX_POINT ( 'NONE', #3691 ) ;
#4535 = ORIENTED_EDGE ( 'NONE', *, *, #4065, .T. ) ;
#4536 = ORIENTED_EDGE ( 'NONE', *, *, #1752, .T. ) ;
#4537 = CARTESIAN_POINT ( 'NONE',  ( 311.2631167179129600, 91.35823669245938600, -39.73041890014708600 ) ) ;
#4538 = VERTEX_POINT ( 'NONE', #5424 ) ;
#4539 = CARTESIAN_POINT ( 'NONE',  ( 273.6113414723665200, 89.95186795864069000, -53.03549858902965800 ) ) ;
#4540 = VERTEX_POINT ( 'NONE', #1373 ) ;
#4541 = CARTESIAN_POINT ( 'NONE',  ( 310.2289373411914000, 85.46874564475999100, -44.70861469333698300 ) ) ;
#4542 = EDGE_CURVE ( 'NONE', #1695, #830, #4692, .T. ) ;
#4543 = CARTESIAN_POINT ( 'NONE',  ( 271.5857434096771500, 88.47310497062666500, -31.01864770071968300 ) ) ;
#4544 = CARTESIAN_POINT ( 'NONE',  ( 271.5897933271111200, 88.47217986446540300, -30.95207579087379200 ) ) ;
#4545 = CARTESIAN_POINT ( 'NONE',  ( 270.7576053579439900, 88.53814588014479600, -37.52075455802167200 ) ) ;
#4546 = CARTESIAN_POINT ( 'NONE',  ( 327.7681576824000400, 87.55211678050999100, -30.52256193296999200 ) ) ;
#4547 = CARTESIAN_POINT ( 'NONE',  ( 302.3668806691446800, 94.76874564476015900, -42.20128177226588000 ) ) ;
#4548 = CARTESIAN_POINT ( 'NONE',  ( 317.2015386641170400, 91.20214063780527200, -38.61887657255614700 ) ) ;
#4549 = CARTESIAN_POINT ( 'NONE',  ( 326.5525183232818400, 89.37891135932167700, -25.84628205282747600 ) ) ;
#4550 = ADVANCED_FACE ( 'NONE', ( #4842 ), #3074, .F. ) ;
#4551 = CARTESIAN_POINT ( 'NONE',  ( 309.3054256550004800, 91.66923468441983400, -30.75160879838344400 ) ) ;
#4552 = B_SPLINE_SURFACE_WITH_KNOTS ( 'NONE', 3, 3, ( 
 ( #2778, #3357, #6835, #1130 ),
 ( #5721, #1030, #7319, #7344 ),
 ( #5040, #4475, #4525, #4499 ),
 ( #1052, #1073, #5096, #1644 ),
 ( #5670, #6343, #4695, #597 ),
 ( #3443, #5213, #1762, #3479 ) ),
 .UNSPECIFIED., .F., .F., .F.,
 ( 4, 1, 1, 4 ),
 ( 4, 4 ),
 ( -0.03324737349321000400, 0.0000000000000000000, 1.000000000000000000, 1.033120917045999800 ),
 ( -0.02564359706608000300, 1.025654386852999900 ),
 .UNSPECIFIED. ) ;
#4553 = CARTESIAN_POINT ( 'NONE',  ( 271.7779698752414700, 87.63380170034999100, -44.05568209832526300 ) ) ;
#4554 = EDGE_CURVE ( 'NONE', #2991, #6347, #3000, .T. ) ;
#4555 = ORIENTED_EDGE ( 'NONE', *, *, #7214, .T. ) ;
#4556 = ORIENTED_EDGE ( 'NONE', *, *, #5023, .T. ) ;
#4557 = CARTESIAN_POINT ( 'NONE',  ( 327.2244456754682500, 87.63380170034999100, -47.52477084724873200 ) ) ;
#4558 = B_SPLINE_CURVE_WITH_KNOTS ( 'NONE', 3,
 ( #4818, #3100, #826, #2522, #3667, #4839, #7141, #3698 ),
 .UNSPECIFIED., .F., .F.,
 ( 4, 2, 2, 4 ),
 ( 0.0000000000000000000, 0.5000000000000000000, 0.7500000000000000000, 1.000000000000000000 ),
 .UNSPECIFIED. ) ;
#4559 = SHAPE_REPRESENTATION_RELATIONSHIP ( 'NONE' , 'NONE' ,  #5091, #2950 ) ;
#4560 = DIRECTION ( 'NONE',  ( 0.0000000000000000000, -0.9999999999997607500, -6.916999750751243000E-007 ) ) ;
#4561 = CARTESIAN_POINT ( 'NONE',  ( 328.3668691664788600, 87.63380170034997700, -31.04207387759102600 ) ) ;
#4562 = B_SPLINE_CURVE_WITH_KNOTS ( 'NONE', 3,
 ( #779, #1890, #7043, #1232 ),
 .UNSPECIFIED., .F., .F.,
 ( 4, 4 ),
 ( 0.0000000000000000000, 1.000000000000000000 ),
 .UNSPECIFIED. ) ;
#4563 = CARTESIAN_POINT ( 'NONE',  ( 314.7382106041041000, 89.98919374893414200, -36.20684491557953100 ) ) ;
#4564 = EDGE_CURVE ( 'NONE', #1202, #5303, #3559, .T. ) ;
#4565 = CARTESIAN_POINT ( 'NONE',  ( 273.4697119898080500, 89.74996038716632500, -52.94214810512236400 ) ) ;
#4566 = FACE_OUTER_BOUND ( 'NONE', #1447, .T. ) ;
#4567 = CARTESIAN_POINT ( 'NONE',  ( 294.6649775493673400, 93.24924894670554900, -51.14364247639216600 ) ) ;
#4568 = CARTESIAN_POINT ( 'NONE',  ( 271.8252691665798000, 88.47915822622616100, -30.57579308585494400 ) ) ;
#4569 = PRODUCT_RELATED_PRODUCT_CATEGORY ( 'part', '', ( #8 ) ) ;
#4570 = CARTESIAN_POINT ( 'NONE',  ( 300.6568109408899500, 90.29454751053806700, -32.79160887896947700 ) ) ;
#4571 = CARTESIAN_POINT ( 'NONE',  ( 291.5194331776725700, 91.71131992831909900, -32.06385173092078800 ) ) ;
#4572 = B_SPLINE_CURVE_WITH_KNOTS ( 'NONE', 3,
 ( #6781, #1683, #6758, #4491, #3328, #6828 ),
 .UNSPECIFIED., .F., .F.,
 ( 4, 2, 4 ),
 ( 0.0000000000000000000, 0.0004159371521028630300, 0.0008318743042057260600 ),
 .UNSPECIFIED. ) ;
#4573 = CARTESIAN_POINT ( 'NONE',  ( 320.7106338112649800, 88.54085149582466800, -42.68243872475490300 ) ) ;
#4574 = CARTESIAN_POINT ( 'NONE',  ( 326.3602207203266500, 92.60046521046021400, -25.89487838344498300 ) ) ;
#4575 = CARTESIAN_POINT ( 'NONE',  ( 317.6700219117435600, 91.18691252583225500, -37.67963165983265800 ) ) ;
#4576 = CARTESIAN_POINT ( 'NONE',  ( 326.6168875167170400, 89.38070265957196600, -25.89906932252171100 ) ) ;
#4577 = CARTESIAN_POINT ( 'NONE',  ( 310.5066567081545400, 91.63580889051884500, -31.87697305645042400 ) ) ;
#4578 = DIRECTION ( 'NONE',  ( 0.01541718469994274100, -0.8832499181401389800, 0.4686490078100730700 ) ) ;
#4579 = CARTESIAN_POINT ( 'NONE',  ( 327.1690857907017900, 87.63380170034979200, -47.28130146022042600 ) ) ;
#4580 = CARTESIAN_POINT ( 'NONE',  ( 309.7390854526429400, 91.38639089325668900, -39.73304998310518200 ) ) ;
#4581 = CARTESIAN_POINT ( 'NONE',  ( 290.0963871474043000, 91.38482149091190400, -45.87448795492584000 ) ) ;
#4582 = EDGE_CURVE ( 'NONE', #3866, #5843, #3547, .T. ) ;
#4583 = CARTESIAN_POINT ( 'NONE',  ( 299.7382456907000100, 92.99681451363001400, -53.99153724034001600 ) ) ;
#4584 = CYLINDRICAL_SURFACE ( 'NONE', #3321, 378.9144268718482100 ) ;
#4585 = CARTESIAN_POINT ( 'NONE',  ( 309.8998714613990700, 101.0000000000000100, -51.25807779752957300 ) ) ;
#4586 = CARTESIAN_POINT ( 'NONE',  ( 273.0335691628918100, 89.12882053328304700, -52.35474441901584400 ) ) ;
#4587 = CARTESIAN_POINT ( 'NONE',  ( 307.2522746203179600, 85.46874564475999100, -47.31544587305796100 ) ) ;
#4588 = ORIENTED_EDGE ( 'NONE', *, *, #165, .T. ) ;
#4589 = CARTESIAN_POINT ( 'NONE',  ( 326.1665419333522200, 92.42075342965698300, -54.14828375584754400 ) ) ;
#4590 = LINE ( 'NONE', #3628, #3297 ) ;
#4591 = CARTESIAN_POINT ( 'NONE',  ( 299.9998714614004000, 101.0000000000000000, -41.35807779753015700 ) ) ;
#4592 = CARTESIAN_POINT ( 'NONE',  ( 271.5648563190000000, 89.72395703992998500, -24.46168640748999600 ) ) ;
#4593 = ORIENTED_EDGE ( 'NONE', *, *, #7122, .T. ) ;
#4594 = CARTESIAN_POINT ( 'NONE',  ( 326.1921070308518400, 92.49392034199971100, -25.63217978428314200 ) ) ;
#4595 = CARTESIAN_POINT ( 'NONE',  ( 277.3239516174383500, 92.80762900252344100, -37.54111451519447200 ) ) ;
#4596 = ORIENTED_EDGE ( 'NONE', *, *, #4065, .F. ) ;
#4597 = EDGE_CURVE ( 'NONE', #5679, #2876, #253, .T. ) ;
#4598 = CARTESIAN_POINT ( 'NONE',  ( 313.0188294341936100, 93.12014880302651000, -37.39832061108641900 ) ) ;
#4599 = EDGE_LOOP ( 'NONE', ( #6725, #3289, #2075, #2444, #3616 ) ) ;
#4600 = FACE_OUTER_BOUND ( 'NONE', #870, .T. ) ;
#4601 = DIRECTION ( 'NONE',  ( -0.0000000000000000000, 1.000000000000000000, -0.0000000000000000000 ) ) ;
#4602 = CARTESIAN_POINT ( 'NONE',  ( 326.9928626161594100, 89.24775518970354000, -52.13337971715188200 ) ) ;
#4603 = CARTESIAN_POINT ( 'NONE',  ( 310.0199948359194200, 91.64949287772671500, -31.25304330525722200 ) ) ;
#4604 = CARTESIAN_POINT ( 'NONE',  ( 325.6822370110522800, 90.61308755369681500, -53.21057593533323200 ) ) ;
#4605 = CARTESIAN_POINT ( 'NONE',  ( 285.1627969355882900, 91.52696721605472900, -28.23331858523371800 ) ) ;
#4606 = B_SPLINE_CURVE_WITH_KNOTS ( 'NONE', 3,
 ( #7242, #6121, #7263, #5597 ),
 .UNSPECIFIED., .F., .F.,
 ( 4, 4 ),
 ( 0.0000000000000000000, 1.000000000000000000 ),
 .UNSPECIFIED. ) ;
#4607 = ORIENTED_EDGE ( 'NONE', *, *, #6090, .F. ) ;
#4608 = FACE_OUTER_BOUND ( 'NONE', #4689, .T. ) ;
#4609 = CARTESIAN_POINT ( 'NONE',  ( 308.7337858316457800, 91.40174264851742700, -48.30808031048805200 ) ) ;
#4610 = EDGE_CURVE ( 'NONE', #3223, #522, #4144, .T. ) ;
#4611 = CARTESIAN_POINT ( 'NONE',  ( 271.9352995433662300, 87.63380170034999100, -43.65861317505785200 ) ) ;
#4612 = EDGE_CURVE ( 'NONE', #1161, #2081, #5208, .T. ) ;
#4613 =( BOUNDED_CURVE ( )  B_SPLINE_CURVE ( 3, ( #5363, #4154, #170, #4174 ),
 .UNSPECIFIED., .F., .F. ) 
 B_SPLINE_CURVE_WITH_KNOTS ( ( 4, 4 ),
 ( 6.262040735940955100, 6.306192977702547600 ),
 .UNSPECIFIED. ) 
 CURVE ( )  GEOMETRIC_REPRESENTATION_ITEM ( )  RATIONAL_B_SPLINE_CURVE ( ( 1.000000000000000000, 0.9998375548931506300, 0.9998375548931506300, 1.000000000000000000 ) ) 
 REPRESENTATION_ITEM ( '' )  );
#4614 = DIRECTION ( 'NONE',  ( -1.000000000000000000, 0.0000000000000000000, 0.0000000000000000000 ) ) ;
#4615 = VERTEX_POINT ( 'NONE', #4816 ) ;
#4616 = ORIENTED_EDGE ( 'NONE', *, *, #1226, .T. ) ;
#4617 = CARTESIAN_POINT ( 'NONE',  ( 300.7862258557962000, 90.29413003791090400, -31.68948420853171700 ) ) ;
#4618 = CARTESIAN_POINT ( 'NONE',  ( 299.1316088128815500, 93.27735744215662800, -39.15315924719335100 ) ) ;
#4619 = CARTESIAN_POINT ( 'NONE',  ( 327.1690857907000800, 87.55211678053999000, -43.99087701113000300 ) ) ;
#4620 = CARTESIAN_POINT ( 'NONE',  ( 272.5809401369999700, 91.17123631149996800, -25.12931383416999900 ) ) ;
#4621 = CARTESIAN_POINT ( 'NONE',  ( 327.7690857907003900, 87.92303127188385800, -30.52256193296999200 ) ) ;
#4622 = FACE_OUTER_BOUND ( 'NONE', #3593, .T. ) ;
#4623 = B_SPLINE_CURVE_WITH_KNOTS ( 'NONE', 3,
 ( #2439, #6944, #3484, #4086, #5244, #1953, #789, #3091, #1906, #4195, #7132, #6553, #6528, #284, #862, #4856, #3066, #7078, #6480, #4305, #4886, #6006, #766, #260, #3682, #5414, #5932, #2487 ),
 .UNSPECIFIED., .F., .F.,
 ( 4, 2, 2, 2, 2, 1, 2, 2, 2, 2, 2, 1, 1, 1, 2, 4 ),
 ( 0.0000000000000000000, 0.2500000000003657600, 0.3750000000005426200, 0.4375000000006219500, 0.4687500000006615800, 0.4843750000006815100, 0.4921875000006794000, 0.5000000000006772400, 0.7500000000003723700, 0.8750000000002425800, 0.9375000000001514300, 0.9687500000001336700, 0.9843750000000960300, 0.9921875000000482900, 0.9960937500000242000, 1.000000000000000000 ),
 .UNSPECIFIED. ) ;
#4624 = VERTEX_POINT ( 'NONE', #4268 ) ;
#4625 = ORIENTED_EDGE ( 'NONE', *, *, #2489, .F. ) ;
#4626 = EDGE_LOOP ( 'NONE', ( #7398, #2698, #6045, #258 ) ) ;
#4627 = CARTESIAN_POINT ( 'NONE',  ( 311.6654056464357200, 93.15057733548658800, -37.83929315618259200 ) ) ;
#4628 = CARTESIAN_POINT ( 'NONE',  ( 291.0304333092999500, 93.48521325377997500, -24.71364026330000000 ) ) ;
#4629 = CARTESIAN_POINT ( 'NONE',  ( 327.0054764058741100, 89.23461490240731600, -52.03402718824515500 ) ) ;
#4630 = EDGE_LOOP ( 'NONE', ( #4711, #4840, #5683 ) ) ;
#4631 = CARTESIAN_POINT ( 'NONE',  ( 300.2112738112757600, 90.29579820208410000, -39.71319427949883600 ) ) ;
#4632 = ORIENTED_EDGE ( 'NONE', *, *, #5454, .T. ) ;
#4633 = CARTESIAN_POINT ( 'NONE',  ( 290.9998936043807000, 85.46874564475955100, -47.30809141037600100 ) ) ;
#4634 = ORIENTED_EDGE ( 'NONE', *, *, #2843, .F. ) ;
#4635 = EDGE_CURVE ( 'NONE', #4801, #7194, #3600, .T. ) ;
#4636 = CARTESIAN_POINT ( 'NONE',  ( 290.0253180867495100, 85.46874564475999100, -46.56861381305276400 ) ) ;
#4637 = CARTESIAN_POINT ( 'NONE',  ( 329.3222238288459500, 88.38208873947003500, -54.80649372660167300 ) ) ;
#4638 = CARTESIAN_POINT ( 'NONE',  ( 307.9925904923184100, 91.41222081818668200, -48.04133210213348100 ) ) ;
#4639 = CARTESIAN_POINT ( 'NONE',  ( 272.1213804713858100, 87.63380170034997700, -43.54716738413670600 ) ) ;
#4640 = CARTESIAN_POINT ( 'NONE',  ( 328.3710362369107000, 87.63380444395036800, -31.11813480889205500 ) ) ;
#4641 = ORIENTED_EDGE ( 'NONE', *, *, #1301, .T. ) ;
#4642 = CARTESIAN_POINT ( 'NONE',  ( 308.9998714613997800, 85.46874564476088700, -48.30807779752999000 ) ) ;
#4643 = ORIENTED_EDGE ( 'NONE', *, *, #833, .T. ) ;
#4644 = EDGE_CURVE ( 'NONE', #1426, #2932, #4104, .T. ) ;
#4645 = EDGE_LOOP ( 'NONE', ( #2625, #2053, #6575, #4685 ) ) ;
#4646 = CARTESIAN_POINT ( 'NONE',  ( 293.1194172454167400, 90.24290211791625900, -30.46385156675374300 ) ) ;
#4647 = CARTESIAN_POINT ( 'NONE',  ( 297.3109046091264000, 101.0000000000000100, -42.11386162798233800 ) ) ;
#4648 = CARTESIAN_POINT ( 'NONE',  ( 291.7214605621227300, 90.21683303791446900, -32.86973737294689400 ) ) ;
#4649 = ORIENTED_EDGE ( 'NONE', *, *, #34, .F. ) ;
#4650 = B_SPLINE_CURVE_WITH_KNOTS ( 'NONE', 3,
 ( #3044, #5344, #4227, #1340 ),
 .UNSPECIFIED., .F., .F.,
 ( 4, 4 ),
 ( 0.0000000000000000000, 1.000000000000000000 ),
 .UNSPECIFIED. ) ;
#4651 = DIRECTION ( 'NONE',  ( 0.0000000000000000000, 0.0000000000000000000, -1.000000000000000000 ) ) ;
#4652 = CARTESIAN_POINT ( 'NONE',  ( 317.7670419352379000, 87.04085002964001200, -37.52146782242469700 ) ) ;
#4653 = EDGE_LOOP ( 'NONE', ( #1095, #2304, #1980 ) ) ;
#4654 = CARTESIAN_POINT ( 'NONE',  ( 271.5699374030988300, 88.53238211805342000, -34.46303621414239200 ) ) ;
#4655 = CARTESIAN_POINT ( 'NONE',  ( 299.9998714614028500, 100.1715728752540000, -39.35807779753001500 ) ) ;
#4656 = EDGE_CURVE ( 'NONE', #5215, #1635, #4734, .T. ) ;
#4657 = DIRECTION ( 'NONE',  ( 0.9986294507511003200, -0.05233755910009291900, 0.0000000000000000000 ) ) ;
#4658 = DIRECTION ( 'NONE',  ( 0.0000000000000000000, 1.000000000000000000, 0.0000000000000000000 ) ) ;
#4659 = EDGE_CURVE ( 'NONE', #5843, #1536, #4186, .T. ) ;
#4660 = CARTESIAN_POINT ( 'NONE',  ( 287.3121313041025900, 91.60141192479076700, -26.51411428450993000 ) ) ;
#4661 = CARTESIAN_POINT ( 'NONE',  ( 271.7781488698276500, 87.63380170034999100, -43.95732391704011400 ) ) ;
#4662 = CARTESIAN_POINT ( 'NONE',  ( 308.6423604155999700, 93.18497743943999000, -53.97616869330999400 ) ) ;
#4663 = B_SPLINE_CURVE_WITH_KNOTS ( 'NONE', 3,
 ( #2940, #3624, #5254, #1304 ),
 .UNSPECIFIED., .F., .F.,
 ( 4, 4 ),
 ( 0.0000000000000000000, 0.9315178578914485900 ),
 .UNSPECIFIED. ) ;
#4664 = CARTESIAN_POINT ( 'NONE',  ( 308.9998708636723000, 91.40038569221030700, -47.30807779752999000 ) ) ;
#4665 = CARTESIAN_POINT ( 'NONE',  ( 307.0518170869324900, 85.46874564475999100, -45.78465701775999700 ) ) ;
#4666 = DIRECTION ( 'NONE',  ( 0.0000000000000000000, 1.000000000000000000, 0.0000000000000000000 ) ) ;
#4667 = CARTESIAN_POINT ( 'NONE',  ( 273.4979428921323600, 88.48010851979665900, -25.30972895250587800 ) ) ;
#4668 = AXIS2_PLACEMENT_3D ( 'NONE', #7328, #6206, #4507 ) ;
#4669 = CARTESIAN_POINT ( 'NONE',  ( 308.9067301358999800, 93.50961742548000200, -24.56300655927000100 ) ) ;
#4670 = CARTESIAN_POINT ( 'NONE',  ( 295.0169614067368700, 94.76873953273830900, -46.30807490609812800 ) ) ;
#4671 = ORIENTED_EDGE ( 'NONE', *, *, #2157, .F. ) ;
#4672 = CARTESIAN_POINT ( 'NONE',  ( 327.1690857907000800, 87.55211678053999000, -31.04085868464000700 ) ) ;
#4673 = CARTESIAN_POINT ( 'NONE',  ( 299.9995201659285200, 89.17767844984942400, -24.32363930818719000 ) ) ;
#4674 = EDGE_LOOP ( 'NONE', ( #1285, #1990, #6053, #7316, #6057 ) ) ;
#4675 = CARTESIAN_POINT ( 'NONE',  ( 328.3953984456364300, 87.63382226466740100, -34.22660581853575900 ) ) ;
#4676 = VECTOR ( 'NONE', #113, 1000.000000000000000 ) ;
#4677 = ORIENTED_EDGE ( 'NONE', *, *, #2050, .T. ) ;
#4678 = CARTESIAN_POINT ( 'NONE',  ( 272.0349254086014000, 87.63380170034997700, -43.58490388021532900 ) ) ;
#4679 = AXIS2_PLACEMENT_3D ( 'NONE', #1863, #1896, #6568 ) ;
#4680 = PLANE ( 'NONE',  #6415 ) ;
#4681 = ORIENTED_EDGE ( 'NONE', *, *, #6931, .F. ) ;
#4682 = CARTESIAN_POINT ( 'NONE',  ( 308.3070845261778500, 91.41112972807674500, -47.02926084552367300 ) ) ;
#4683 = FACE_OUTER_BOUND ( 'NONE', #6761, .T. ) ;
#4684 = CARTESIAN_POINT ( 'NONE',  ( 276.2731565679000600, 88.54085002964001200, -36.76624452535000400 ) ) ;
#4685 = ORIENTED_EDGE ( 'NONE', *, *, #3120, .T. ) ;
#4686 = CARTESIAN_POINT ( 'NONE',  ( 322.3627252635255900, 92.82042396891559100, -37.30248916312655900 ) ) ;
#4687 = CARTESIAN_POINT ( 'NONE',  ( 299.4844584190360000, 90.29636623704873000, -30.48590868077904000 ) ) ;
#4688 = CARTESIAN_POINT ( 'NONE',  ( 319.2106497678000200, 88.54085002964006900, -39.78237565571955500 ) ) ;
#4689 = EDGE_LOOP ( 'NONE', ( #1729, #4255, #2277, #6141, #4771, #6221 ) ) ;
#4690 = VECTOR ( 'NONE', #4827, 1000.000000000000000 ) ;
#4691 = CARTESIAN_POINT ( 'NONE',  ( 282.9808651386957200, 88.96771938576186800, -53.22567399777172200 ) ) ;
#4692 = B_SPLINE_CURVE_WITH_KNOTS ( 'NONE', 3,
 ( #1394, #3126, #1960, #4291 ),
 .UNSPECIFIED., .F., .F.,
 ( 4, 4 ),
 ( 0.0000000000000000000, 1.000000000000000000 ),
 .UNSPECIFIED. ) ;
#4693 = CARTESIAN_POINT ( 'NONE',  ( 329.3222238288459500, 88.38208873947003500, -54.80649372660167300 ) ) ;
#4694 = EDGE_CURVE ( 'NONE', #1456, #193, #6295, .T. ) ;
#4695 = CARTESIAN_POINT ( 'NONE',  ( 273.4286247163000200, 89.69101750619000800, -26.66438306742999800 ) ) ;
#4696 = CARTESIAN_POINT ( 'NONE',  ( 326.2989573973406400, 89.97062390225218600, -53.07163017500834500 ) ) ;
#4697 = ORIENTED_EDGE ( 'NONE', *, *, #2121, .F. ) ;
#4698 = LINE ( 'NONE', #770, #2428 ) ;
#4699 = CARTESIAN_POINT ( 'NONE',  ( 284.2087767316805300, 91.24611323405348200, -29.61385166517117500 ) ) ;
#4700 = CARTESIAN_POINT ( 'NONE',  ( 299.3972284289656600, 90.29635152092899400, -33.65642433722165800 ) ) ;
#4701 = CARTESIAN_POINT ( 'NONE',  ( 329.2852585127787400, 88.43460919197671900, -49.03593972669597900 ) ) ;
#4702 = B_SPLINE_CURVE_WITH_KNOTS ( 'NONE', 3,
 ( #929, #6098, #3487, #2376, #6388, #4031, #604, #4636, #1177, #3063, #3033, #7052, #1335, #3632, #2238, #2806, #3969, #14 ),
 .UNSPECIFIED., .F., .F.,
 ( 4, 2, 2, 2, 2, 2, 2, 2, 4 ),
 ( 0.0000000000000000000, 0.1250000000000000000, 0.2500000000000000000, 0.3750000000000000000, 0.5000000000000000000, 0.6250000000000000000, 0.7500000000000000000, 0.8750000000000000000, 1.000000000000000000 ),
 .UNSPECIFIED. ) ;
#4703 = CARTESIAN_POINT ( 'NONE',  ( 307.9912848242926800, 91.41227805919852800, -44.56081694850781400 ) ) ;
#4704 = VERTEX_POINT ( 'NONE', #4453 ) ;
#4705 = EDGE_CURVE ( 'NONE', #5182, #5614, #5305, .T. ) ;
#4706 = VERTEX_POINT ( 'NONE', #972 ) ;
#4707 = CARTESIAN_POINT ( 'NONE',  ( 328.0372476171218600, 87.63380170035000600, -30.58504941904567100 ) ) ;
#4708 = CARTESIAN_POINT ( 'NONE',  ( 308.4515205654194000, 91.40887008856573500, -47.14615311153198700 ) ) ;
#4709 = ORIENTED_EDGE ( 'NONE', *, *, #3465, .T. ) ;
#4710 = ORIENTED_EDGE ( 'NONE', *, *, #5712, .T. ) ;
#4711 = ORIENTED_EDGE ( 'NONE', *, *, #6983, .F. ) ;
#4712 = ORIENTED_EDGE ( 'NONE', *, *, #7035, .T. ) ;
#4713 = CARTESIAN_POINT ( 'NONE',  ( 291.2632559119492200, 91.40156988438771200, -48.30807380145641600 ) ) ;
#4714 = DIRECTION ( 'NONE',  ( 0.0000000000000000000, 0.0000000000000000000, -1.000000000000000000 ) ) ;
#4715 = CARTESIAN_POINT ( 'NONE',  ( 296.4108809933509300, 94.74944208243714200, -49.76875520371950000 ) ) ;
#4716 = ORIENTED_EDGE ( 'NONE', *, *, #4090, .T. ) ;
#4717 = VERTEX_POINT ( 'NONE', #1053 ) ;
#4718 = CARTESIAN_POINT ( 'NONE',  ( 319.2496907527973900, 87.04085002963994100, -40.17499748225851900 ) ) ;
#4719 = CARTESIAN_POINT ( 'NONE',  ( 305.0051341593907100, 91.44638373738024500, -39.73465379201519500 ) ) ;
#4720 = ORIENTED_EDGE ( 'NONE', *, *, #3901, .F. ) ;
#4721 = CARTESIAN_POINT ( 'NONE',  ( 272.9525603688836100, 88.65916123791922100, -37.27405332060961000 ) ) ;
#4722 = CARTESIAN_POINT ( 'NONE',  ( 272.2805469769921300, 88.25721866500441600, -43.52256192913914400 ) ) ;
#4723 = CARTESIAN_POINT ( 'NONE',  ( 277.9892215437436100, 91.03313515043583900, -26.17713435631940700 ) ) ;
#4724 = CARTESIAN_POINT ( 'NONE',  ( 314.7606589895842700, 91.27537720177248600, -29.61385166519893300 ) ) ;
#4725 = EDGE_CURVE ( 'NONE', #841, #7423, #6938, .T. ) ;
#4726 = CARTESIAN_POINT ( 'NONE',  ( 290.9998714614000100, 85.46874564476095800, -44.30807779753000400 ) ) ;
#4727 = CARTESIAN_POINT ( 'NONE',  ( 320.7106505953069000, 91.07992299340638500, -36.10227496280168000 ) ) ;
#4728 = CARTESIAN_POINT ( 'NONE',  ( 298.3887782067692500, 93.27120230637105200, -53.27989908219368700 ) ) ;
#4729 = ORIENTED_EDGE ( 'NONE', *, *, #92, .T. ) ;
#4730 = DIRECTION ( 'NONE',  ( 0.0000000000000000000, 0.0000000000000000000, -1.000000000000000000 ) ) ;
#4731 = CARTESIAN_POINT ( 'NONE',  ( 305.5343937507078100, 90.24805434731636900, -32.81978429307599800 ) ) ;
#4732 = CARTESIAN_POINT ( 'NONE',  ( 307.8100950792751900, 91.70384919494085800, -35.81655494139550900 ) ) ;
#4733 = CARTESIAN_POINT ( 'NONE',  ( 273.1537702925629100, 88.46687864837112200, -25.62079549361515200 ) ) ;
#4734 = B_SPLINE_CURVE_WITH_KNOTS ( 'NONE', 3,
 ( #6070, #1511, #5546, #3734 ),
 .UNSPECIFIED., .F., .F.,
 ( 4, 4 ),
 ( 0.0000000000000000000, 1.000000000000000000 ),
 .UNSPECIFIED. ) ;
#4735 = CARTESIAN_POINT ( 'NONE',  ( 327.0184405539535500, 88.53472894175918400, -52.10153521328248900 ) ) ;
#4736 = CARTESIAN_POINT ( 'NONE',  ( 299.9998714613999500, 100.9999999999999700, -46.30807779752999700 ) ) ;
#4737 =( BOUNDED_CURVE ( )  B_SPLINE_CURVE ( 3, ( #3869, #1032, #5045, #1589 ),
 .UNSPECIFIED., .F., .F. ) 
 B_SPLINE_CURVE_WITH_KNOTS ( ( 4, 4 ),
 ( 0.0000000000000000000, 1.000000000000000000 ),
 .UNSPECIFIED. ) 
 CURVE ( )  GEOMETRIC_REPRESENTATION_ITEM ( )  RATIONAL_B_SPLINE_CURVE ( ( 0.9999951099065818000, 0.9999951099078358000, 0.9999951158859060600, 0.9999951278467063000 ) ) 
 REPRESENTATION_ITEM ( '' )  );
#4738 = FACE_OUTER_BOUND ( 'NONE', #1201, .T. ) ;
#4739 = CARTESIAN_POINT ( 'NONE',  ( 270.8111501889467800, 88.38829376030530200, -55.03985127855433000 ) ) ;
#4740 = CARTESIAN_POINT ( 'NONE',  ( 280.5296073472167700, 88.86357477413169200, -22.97177113312682900 ) ) ;
#4741 = CARTESIAN_POINT ( 'NONE',  ( 282.4351731260000500, 93.06425279393002400, -53.70427609921999600 ) ) ;
#4742 = DIRECTION ( 'NONE',  ( -1.000000000000000000, 0.0000000000000000000, 0.0000000000000000000 ) ) ;
#4743 = DIRECTION ( 'NONE',  ( 0.0000000000000000000, 0.0000000000000000000, 1.000000000000000000 ) ) ;
#4744 = EDGE_CURVE ( 'NONE', #4960, #1456, #3733, .T. ) ;
#4745 = CARTESIAN_POINT ( 'NONE',  ( 313.8378786483278900, 91.52546077229187900, -33.31324164744746200 ) ) ;
#4746 = B_SPLINE_CURVE_WITH_KNOTS ( 'NONE', 3,
 ( #1105, #6173, #5144, #6839 ),
 .UNSPECIFIED., .F., .F.,
 ( 4, 4 ),
 ( 0.0000000000000000000, 1.000000000000000000 ),
 .UNSPECIFIED. ) ;
#4747 = AXIS2_PLACEMENT_3D ( 'NONE', #2068, #4115, #3537 ) ;
#4748 = CARTESIAN_POINT ( 'NONE',  ( 273.5641472735863400, 92.53544524176888300, -53.92681716426175600 ) ) ;
#4749 = CARTESIAN_POINT ( 'NONE',  ( 272.8306412324931800, 88.59956402778503600, -34.23133096035107300 ) ) ;
#4750 = CARTESIAN_POINT ( 'NONE',  ( 308.2907945988132500, 91.41127097481256700, -45.60294109851066200 ) ) ;
#4751 = CARTESIAN_POINT ( 'NONE',  ( 292.6029286082061800, 91.41995424111391300, -45.08304892838695100 ) ) ;
#4752 = CARTESIAN_POINT ( 'NONE',  ( 297.1801099455665300, 93.26650561349026700, -53.69680820846059500 ) ) ;
#4753 = CARTESIAN_POINT ( 'NONE',  ( 295.6083087074741200, 94.73598201899818600, -43.95403937366304300 ) ) ;
#4754 = CARTESIAN_POINT ( 'NONE',  ( 325.0408670522194800, 90.91025552362808100, -26.48976210754122100 ) ) ;
#4755 = AXIS2_PLACEMENT_3D ( 'NONE', #6277, #6850, #4560 ) ;
#4756 = DIRECTION ( 'NONE',  ( 0.9998476951566749300, 0.01745240642093534600, -5.792163855768027700E-008 ) ) ;
#4757 = CARTESIAN_POINT ( 'NONE',  ( 329.3853097115837700, 88.29186088946671900, -23.90616385854258800 ) ) ;
#4758 = EDGE_LOOP ( 'NONE', ( #5087, #1801, #6336, #6304 ) ) ;
#4759 = FACE_OUTER_BOUND ( 'NONE', #5027, .T. ) ;
#4760 = CARTESIAN_POINT ( 'NONE',  ( 326.1062978051389800, 88.76369845102740900, -25.34353665117589600 ) ) ;
#4761 = CARTESIAN_POINT ( 'NONE',  ( 317.8966967674937200, 91.17936340050013700, -37.41069251491086300 ) ) ;
#4762 = PLANE ( 'NONE',  #868 ) ;
#4763 = DIRECTION ( 'NONE',  ( -6.792236648063509000E-008, 0.01712822192557862000, 0.9998533012465697900 ) ) ;
#4764 = DIRECTION ( 'NONE',  ( 0.0000000000000000000, 1.000000000000000000, 0.0000000000000000000 ) ) ;
#4765 = VERTEX_POINT ( 'NONE', #2732 ) ;
#4766 = FACE_OUTER_BOUND ( 'NONE', #3237, .T. ) ;
#4767 = CARTESIAN_POINT ( 'NONE',  ( 273.5565570127403700, 92.52447970814296200, -53.85605690286416100 ) ) ;
#4768 = CARTESIAN_POINT ( 'NONE',  ( 299.9998895331850100, 91.48464248340955900, -51.00807419949693200 ) ) ;
#4769 = EDGE_CURVE ( 'NONE', #6347, #1203, #4778, .T. ) ;
#4770 = CARTESIAN_POINT ( 'NONE',  ( 308.1952598752739000, 91.41284546039372600, -46.91768782853914400 ) ) ;
#4771 = ORIENTED_EDGE ( 'NONE', *, *, #7084, .F. ) ;
#4772 = CARTESIAN_POINT ( 'NONE',  ( 295.7620217941691300, 91.45832913353916600, -25.71436710406420200 ) ) ;
#4773 = VECTOR ( 'NONE', #945, 1000.000000000000000 ) ;
#4774 = CARTESIAN_POINT ( 'NONE',  ( 328.3326587237998000, 88.47447055263793900, -30.81866275460276200 ) ) ;
#4775 = CARTESIAN_POINT ( 'NONE',  ( 303.3701905283057800, 94.76874564476001700, -42.59873762300897200 ) ) ;
#4776 = DIRECTION ( 'NONE',  ( -1.000000000000000000, 0.0000000000000000000, 0.0000000000000000000 ) ) ;
#4777 = ORIENTED_EDGE ( 'NONE', *, *, #3660, .T. ) ;
#4778 = B_SPLINE_CURVE_WITH_KNOTS ( 'NONE', 3,
 ( #3917, #1615, #7345, #469, #5070, #495, #1645, #3977, #5673, #3943, #2780, #6768, #3897, #6222, #4549, #544, #3360, #6254, #4576, #3864, #1102, #6809, #5141 ),
 .UNSPECIFIED., .F., .F.,
 ( 4, 2, 2, 1, 1, 2, 2, 2, 2, 1, 2, 2, 4 ),
 ( 0.0000000000000000000, 0.1250000000017576800, 0.1875000000026400300, 0.2187500000030777000, 0.2343750000032976100, 0.2421875000033269500, 0.2500000000033562600, 0.3750000000032537300, 0.4375000000031470900, 0.4687500000030909700, 0.4843750000030096500, 0.5000000000029283200, 1.000000000000000000 ),
 .UNSPECIFIED. ) ;
#4779 = CARTESIAN_POINT ( 'NONE',  ( 295.0220952656941900, 94.72947057151240800, -46.50844521551636700 ) ) ;
#4780 = CARTESIAN_POINT ( 'NONE',  ( 271.6037764651360900, 87.63381744730178000, -34.33120622737625600 ) ) ;
#4781 = LINE ( 'NONE', #6097, #3959 ) ;
#4782 = EDGE_CURVE ( 'NONE', #1814, #2611, #5878, .T. ) ;
#4783 = CARTESIAN_POINT ( 'NONE',  ( 304.5922564626910100, 98.00000000000004300, -45.30807779753000400 ) ) ;
#4784 = CARTESIAN_POINT ( 'NONE',  ( 305.7907823631987300, 91.43855326726500700, -39.73483689090674200 ) ) ;
#4785 = CARTESIAN_POINT ( 'NONE',  ( 273.5265590749999100, 92.66265502909000400, -54.00128366577999400 ) ) ;
#4786 = ORIENTED_EDGE ( 'NONE', *, *, #3349, .F. ) ;
#4787 = CARTESIAN_POINT ( 'NONE',  ( 273.8695317367573200, 89.16672638714194900, -25.56051262565375400 ) ) ;
#4788 = FACE_OUTER_BOUND ( 'NONE', #5423, .T. ) ;
#4789 = ORIENTED_EDGE ( 'NONE', *, *, #2792, .T. ) ;
#4790 = VERTEX_POINT ( 'NONE', #3307 ) ;
#4791 = ORIENTED_EDGE ( 'NONE', *, *, #2642, .T. ) ;
#4792 = B_SPLINE_CURVE_WITH_KNOTS ( 'NONE', 3,
 ( #1764, #2392, #6409, #5245, #619, #6385, #5220, #2350, #2929, #1851, #6483, #790, #7057, #1830, #4833, #4264, #3636, #1365, #194, #3553, #1292, #220, #4813, #712, #4226, #3008, #5385, #6509, #5907, #150, #1321, #1934, #3614, #5963 ),
 .UNSPECIFIED., .F., .F.,
 ( 4, 2, 2, 2, 2, 2, 2, 2, 2, 2, 2, 2, 2, 2, 2, 2, 4 ),
 ( 0.01447928323426276600, 0.01519829322336502400, 0.01591730321246728400, 0.01663631320156954200, 0.01735532319067180000, 0.01807433317977405800, 0.01879334316887632000, 0.01951235315797857800, 0.02023136314708083600, 0.02095037313618309400, 0.02166938312528535200, 0.02238839311438761000, 0.02310740310348986800, 0.02382641309259212600, 0.02454542308169438400, 0.02526443307079664600, 0.02598344305989890400 ),
 .UNSPECIFIED. ) ;
#4793 = VERTEX_POINT ( 'NONE', #442 ) ;
#4794 = CARTESIAN_POINT ( 'NONE',  ( 272.9531723259189600, 88.69487371408419600, -51.92798330912396000 ) ) ;
#4795 = ORIENTED_EDGE ( 'NONE', *, *, #3637, .T. ) ;
#4796 = EDGE_CURVE ( 'NONE', #5614, #6637, #637, .T. ) ;
#4797 = CARTESIAN_POINT ( 'NONE',  ( 302.8252106567063000, 93.26648654239170400, -53.69542712595575300 ) ) ;
#4798 = EDGE_LOOP ( 'NONE', ( #2163, #1822 ) ) ;
#4799 = ORIENTED_EDGE ( 'NONE', *, *, #5795, .T. ) ;
#4800 = ORIENTED_EDGE ( 'NONE', *, *, #916, .F. ) ;
#4801 = VERTEX_POINT ( 'NONE', #1585 ) ;
#4802 = CARTESIAN_POINT ( 'NONE',  ( 270.7039315246462900, 88.29406710810646100, -23.73317297186002500 ) ) ;
#4803 = CARTESIAN_POINT ( 'NONE',  ( 296.4575194611151700, 91.45925020096923700, -49.41256269563529500 ) ) ;
#4804 = CARTESIAN_POINT ( 'NONE',  ( 285.1537616752817100, 90.02529874220810800, -28.58750731356407100 ) ) ;
#4805 = CARTESIAN_POINT ( 'NONE',  ( 284.2087718821237000, 91.24616274887476700, -25.87822573362844000 ) ) ;
#4806 = CARTESIAN_POINT ( 'NONE',  ( 299.9998731810918600, 94.77060170302876000, -41.32306419195874300 ) ) ;
#4807 = EDGE_LOOP ( 'NONE', ( #6243, #2544 ) ) ;
#4808 = ADVANCED_FACE ( 'NONE', ( #623 ), #5100, .F. ) ;
#4809 = CARTESIAN_POINT ( 'NONE',  ( 304.9874227673323600, 91.44655227336355100, -39.73464929605889800 ) ) ;
#4810 = DIRECTION ( 'NONE',  ( 0.0000000000000000000, 0.0000000000000000000, 1.000000000000000000 ) ) ;
#4811 = CARTESIAN_POINT ( 'NONE',  ( 273.7878221570339900, 92.65129892399664900, -25.89804785763167400 ) ) ;
#4812 = DIRECTION ( 'NONE',  ( 0.0000000000000000000, 1.000000000000000000, 0.0000000000000000000 ) ) ;
#4813 = CARTESIAN_POINT ( 'NONE',  ( 282.4839867858886500, 91.19197026189236500, -41.62497937117062500 ) ) ;
#4814 = EDGE_CURVE ( 'NONE', #2355, #4277, #2504, .T. ) ;
#4815 = CARTESIAN_POINT ( 'NONE',  ( 289.0007872246636100, 91.36319797898541100, -46.03563605850245500 ) ) ;
#4816 = CARTESIAN_POINT ( 'NONE',  ( 329.1376937174241000, 88.30283721888714900, -23.69742476029605200 ) ) ;
#4817 = ORIENTED_EDGE ( 'NONE', *, *, #1926, .T. ) ;
#4818 = CARTESIAN_POINT ( 'NONE',  ( 272.9913720688050500, 89.06870704344918000, -26.34478539796187500 ) ) ;
#4819 = CARTESIAN_POINT ( 'NONE',  ( 298.4269178868875100, 94.76777097728279400, -51.03834130717803700 ) ) ;
#4820 = CARTESIAN_POINT ( 'NONE',  ( 297.6334197402299000, 91.46820753747545000, -42.23564795198501500 ) ) ;
#4821 = CARTESIAN_POINT ( 'NONE',  ( 326.9955999274999400, 89.24355825357999100, -26.42895219687000400 ) ) ;
#4822 = EDGE_CURVE ( 'NONE', #2658, #4335, #1072, .T. ) ;
#4823 = CARTESIAN_POINT ( 'NONE',  ( 272.2309084214688800, 87.63380170034993500, -34.83130146021900200 ) ) ;
#4824 = B_SPLINE_CURVE_WITH_KNOTS ( 'NONE', 3,
 ( #6382, #6965, #6942, #1719, #1173, #4003 ),
 .UNSPECIFIED., .F., .F.,
 ( 4, 2, 4 ),
 ( 0.0000000000000000000, 0.5000000000000000000, 1.000000000000000000 ),
 .UNSPECIFIED. ) ;
#4825 = CARTESIAN_POINT ( 'NONE',  ( 272.8311737195051600, 88.54530122219905800, -31.12253134349013800 ) ) ;
#4826 = CARTESIAN_POINT ( 'NONE',  ( 272.4250942400239000, 87.63380170034999100, -43.54049545522819600 ) ) ;
#4827 = DIRECTION ( 'NONE',  ( 0.0000000000000000000, 1.000000000000000000, 0.0000000000000000000 ) ) ;
#4828 = ORIENTED_EDGE ( 'NONE', *, *, #4161, .T. ) ;
#4829 = B_SPLINE_CURVE_WITH_KNOTS ( 'NONE', 3,
 ( #4280, #234, #2557, #1473 ),
 .UNSPECIFIED., .F., .F.,
 ( 4, 4 ),
 ( 0.0000000000000000000, 1.000000000000000000 ),
 .UNSPECIFIED. ) ;
#4830 = CARTESIAN_POINT ( 'NONE',  ( 314.7382106986302100, 89.98920916656281600, -29.61385166599422200 ) ) ;
#4831 = ORIENTED_EDGE ( 'NONE', *, *, #6002, .T. ) ;
#4832 = CARTESIAN_POINT ( 'NONE',  ( 327.7690859395636400, 88.57674795097898400, -34.83129860822500500 ) ) ;
#4833 = CARTESIAN_POINT ( 'NONE',  ( 282.8509106069076300, 91.20385684526540600, -38.82472648479094300 ) ) ;
#4834 = EDGE_CURVE ( 'NONE', #3331, #329, #4824, .T. ) ;
#4835 = CARTESIAN_POINT ( 'NONE',  ( 309.9998747012589900, 91.38316242215215400, -46.43190460961992700 ) ) ;
#4836 = AXIS2_PLACEMENT_3D ( 'NONE', #3581, #172, #5341 ) ;
#4837 = CARTESIAN_POINT ( 'NONE',  ( 328.0522709311555900, 87.63380170035002000, -34.77332940295534800 ) ) ;
#4838 = ADVANCED_FACE ( 'NONE', ( #6806 ), #4314, .T. ) ;
#4839 = CARTESIAN_POINT ( 'NONE',  ( 273.6169593527056300, 89.21047848612022300, -25.63776501524811000 ) ) ;
#4840 = ORIENTED_EDGE ( 'NONE', *, *, #5688, .T. ) ;
#4841 = CARTESIAN_POINT ( 'NONE',  ( 292.8991163329130800, 91.73753957001083800, -33.64914844295419300 ) ) ;
#4842 = FACE_OUTER_BOUND ( 'NONE', #3229, .T. ) ;
#4843 = CARTESIAN_POINT ( 'NONE',  ( 311.7185895598574900, 91.34900285740884800, -39.70784541128706000 ) ) ;
#4844 = CARTESIAN_POINT ( 'NONE',  ( 326.9151778808000000, 89.35546563603003300, -25.99914284886000400 ) ) ;
#4845 = CARTESIAN_POINT ( 'NONE',  ( 322.0213293503314800, 88.54085002964015400, -39.02694718516372800 ) ) ;
#4846 = CARTESIAN_POINT ( 'NONE',  ( 319.3996124215307800, 88.95298942276413400, -54.94649642651864200 ) ) ;
#4847 = CARTESIAN_POINT ( 'NONE',  ( 287.1228441825978700, 90.59482928868511900, -28.59623364437233300 ) ) ;
#4848 = CARTESIAN_POINT ( 'NONE',  ( 329.2114379648325000, 88.53961123718082100, -37.49483200885379800 ) ) ;
#4849 = VERTEX_POINT ( 'NONE', #5929 ) ;
#4850 = FACE_OUTER_BOUND ( 'NONE', #4758, .T. ) ;
#4851 = CARTESIAN_POINT ( 'NONE',  ( 295.6783335696357500, 94.73727237777455900, -43.82686045200466700 ) ) ;
#4852 = CARTESIAN_POINT ( 'NONE',  ( 272.2627933074518900, 87.93205193164054400, -47.83130025849160900 ) ) ;
#4853 = EDGE_CURVE ( 'NONE', #830, #2617, #212, .T. ) ;
#4854 = ORIENTED_EDGE ( 'NONE', *, *, #221, .F. ) ;
#4855 = VECTOR ( 'NONE', #1977, 1000.000000000000000 ) ;
#4856 = CARTESIAN_POINT ( 'NONE',  ( 312.6783360515992700, 91.56691796532712100, -26.75442956032320300 ) ) ;
#4857 = DIRECTION ( 'NONE',  ( 0.0000000000000000000, -1.000000000000000000, 0.0000000000000000000 ) ) ;
#4858 = B_SPLINE_SURFACE_WITH_KNOTS ( 'NONE', 3, 3, ( 
 ( #5393, #1461, #5492, #3051 ),
 ( #1937, #5972, #973, #2685 ),
 ( #6710, #380, #443, #7293 ),
 ( #4398, #4372, #2090, #5571 ) ),
 .UNSPECIFIED., .F., .F., .F.,
 ( 4, 4 ),
 ( 4, 4 ),
 ( 2.592196327033999900E-008, 1.000000006603000100 ),
 ( 0.0002087791938422000800, 1.000018974503000400 ),
 .UNSPECIFIED. ) ;
#4859 = CARTESIAN_POINT ( 'NONE',  ( 309.6780895202887200, 91.38878785172600800, -45.57305293597819700 ) ) ;
#4860 = CARTESIAN_POINT ( 'NONE',  ( 328.1947044621908300, 87.63380170034999100, -34.67898471339329100 ) ) ;
#4861 = DIRECTION ( 'NONE',  ( 0.05233596172310271700, 0.9986295344673707900, 0.0000000000000000000 ) ) ;
#4862 = ORIENTED_EDGE ( 'NONE', *, *, #4782, .F. ) ;
#4863 =( BOUNDED_SURFACE ( )  B_SPLINE_SURFACE ( 3, 3, ( 
 ( #5138, #2241, #6870, #3404 ),
 ( #5622, #1099, #2158, #6190 ),
 ( #4495, #1051, #1610, #6219 ),
 ( #7368, #7404, #2752, #6787 ) ),
 .UNSPECIFIED., .F., .F., .F. ) 
 B_SPLINE_SURFACE_WITH_KNOTS ( ( 4, 4 ),
 ( 4, 4 ),
 ( 0.0000000000000000000, 1.000000000000000000 ),
 ( 0.0000000000000000000, 1.000000000000000000 ),
 .UNSPECIFIED. ) 
 GEOMETRIC_REPRESENTATION_ITEM ( )  RATIONAL_B_SPLINE_SURFACE ( (
 ( 1.000000000000000000, 0.8514523710418499000, 0.8514523710418499000, 1.000000000000000000),
 ( 0.9208731614755623100, 0.7840796367671718500, 0.7840796367671718500, 0.9208731614755623100),
 ( 0.9208731614755623100, 0.7840796367671718500, 0.7840796367671718500, 0.9208731614755623100),
 ( 1.000000000000000000, 0.8514523710418499000, 0.8514523710418499000, 1.000000000000000000) ) ) 
 REPRESENTATION_ITEM ( '' )  SURFACE ( )  );
#4864 = FACE_OUTER_BOUND ( 'NONE', #6928, .T. ) ;
#4865 = CARTESIAN_POINT ( 'NONE',  ( 280.7893471838999600, 87.04085002963991300, -39.78237565572000300 ) ) ;
#4866 = CARTESIAN_POINT ( 'NONE',  ( 313.4903374298342600, 91.53849344603369800, -36.80276708080236100 ) ) ;
#4867 = EDGE_CURVE ( 'NONE', #4446, #2874, #837, .T. ) ;
#4868 = CARTESIAN_POINT ( 'NONE',  ( 291.6135207840549700, 85.46874564475999100, -47.10874489703572700 ) ) ;
#4869 = CARTESIAN_POINT ( 'NONE',  ( 292.9623457643664900, 91.73859368397364700, -33.65718147477370800 ) ) ;
#4870 = CARTESIAN_POINT ( 'NONE',  ( 327.1690839693436000, 88.59662816412380000, -44.07256157538051900 ) ) ;
#4871 = VERTEX_POINT ( 'NONE', #4670 ) ;
#4872 = ORIENTED_EDGE ( 'NONE', *, *, #1208, .F. ) ;
#4873 = VERTEX_POINT ( 'NONE', #4761 ) ;
#4874 = CARTESIAN_POINT ( 'NONE',  ( 320.7106497678000200, 88.54085296218983100, -39.78237565572000300 ) ) ;
#4875 = CARTESIAN_POINT ( 'NONE',  ( 303.7612968224943300, 94.74700658784020400, -49.58199694600379800 ) ) ;
#4876 = CARTESIAN_POINT ( 'NONE',  ( 273.6159745452999900, 92.60915612174999000, -55.42373680908000500 ) ) ;
#4877 = B_SPLINE_CURVE_WITH_KNOTS ( 'NONE', 3,
 ( #3476, #4735, #1284, #5306, #6380, #2925, #1803, #3548, #3506, #4105, #6356, #703 ),
 .UNSPECIFIED., .F., .F.,
 ( 4, 2, 2, 2, 2, 4 ),
 ( 0.0000000000000000000, 0.2500000000000023300, 0.5000000000000046600, 0.6250000000000022200, 0.7499999999999998900, 1.000000000000000000 ),
 .UNSPECIFIED. ) ;
#4878 = ORIENTED_EDGE ( 'NONE', *, *, #338, .T. ) ;
#4879 = VERTEX_POINT ( 'NONE', #7005 ) ;
#4880 = EDGE_CURVE ( 'NONE', #2438, #5182, #6501, .T. ) ;
#4881 = EDGE_LOOP ( 'NONE', ( #6716, #5566, #1514, #7292 ) ) ;
#4883 = ADVANCED_FACE ( 'NONE', ( #5028 ), #5472, .F. ) ;
#4882 = CARTESIAN_POINT ( 'NONE',  ( 299.9999972479878400, 93.04259395005242100, -53.98439982557882600 ) ) ;
#4884 = B_SPLINE_CURVE_WITH_KNOTS ( 'NONE', 3,
 ( #2105, #3248, #7365, #7284 ),
 .UNSPECIFIED., .F., .F.,
 ( 4, 4 ),
 ( 0.0000000000000000000, 1.000000000000000000 ),
 .UNSPECIFIED. ) ;
#4885 = B_SPLINE_CURVE_WITH_KNOTS ( 'NONE', 3,
 ( #5189, #5265, #1805, #5825, #6941, #665, #2946, #4001, #573, #4598, #5740, #1360, #1845, #6475 ),
 .UNSPECIFIED., .F., .F.,
 ( 4, 2, 2, 2, 2, 2, 4 ),
 ( 7.164218939837045500E-016, 0.0004297068715646396000, 0.0008594137431285627600, 0.001289120614692485900, 0.001718827486256409100, 0.002578241229384255300, 0.003437654972512101700 ),
 .UNSPECIFIED. ) ;
#4886 = CARTESIAN_POINT ( 'NONE',  ( 311.7897203918645900, 91.59695158119488700, -26.51907811924839100 ) ) ;
#4887 = AXIS2_PLACEMENT_3D ( 'NONE', #2203, #6236, #1085 ) ;
#4888 = DIRECTION ( 'NONE',  ( 0.0000000000000000000, 0.0000000000000000000, 1.000000000000000000 ) ) ;
#4889 = CARTESIAN_POINT ( 'NONE',  ( 279.2893471838999600, 88.54085002964001200, -42.68237565571468700 ) ) ;
#4890 = CARTESIAN_POINT ( 'NONE',  ( 323.3539181470712300, 90.97815493622923100, -42.35684464789900300 ) ) ;
#4891 = CARTESIAN_POINT ( 'NONE',  ( 324.5185833507645200, 90.93151261593814600, -26.35084539600547500 ) ) ;
#4892 = CARTESIAN_POINT ( 'NONE',  ( 321.6324698477622500, 88.54085002964014000, -40.98187591931741700 ) ) ;
#4893 = PLANE ( 'NONE',  #3300 ) ;
#4894 = CARTESIAN_POINT ( 'NONE',  ( 272.0973263068196400, 88.55892414565227000, -43.52257209354160500 ) ) ;
#4895 = CARTESIAN_POINT ( 'NONE',  ( 297.0748407879144700, 91.46407523823279500, -49.99278623674199900 ) ) ;
#4896 = CARTESIAN_POINT ( 'NONE',  ( 325.6781669965000700, 90.64424734052001000, -26.56699880332999400 ) ) ;
#4897 = CARTESIAN_POINT ( 'NONE',  ( 273.7878221570339900, 92.65129892399664900, -25.89804785763167400 ) ) ;
#4898 = CARTESIAN_POINT ( 'NONE',  ( 304.9797945621788800, 94.72947481548864300, -46.44945800817692600 ) ) ;
#4899 = AXIS2_PLACEMENT_3D ( 'NONE', #129, #6361, #6966 ) ;
#4900 = ORIENTED_EDGE ( 'NONE', *, *, #5866, .F. ) ;
#4901 = CARTESIAN_POINT ( 'NONE',  ( 299.3846429000738600, 94.76874564476028700, -41.60807779752974500 ) ) ;
#4902 = CARTESIAN_POINT ( 'NONE',  ( 313.8470376631963700, 92.05018866954124200, -28.70591274795214400 ) ) ;
#4903 = CARTESIAN_POINT ( 'NONE',  ( 274.2843472746437800, 90.88251388700700800, -26.98744234635930500 ) ) ;
#4904 = CARTESIAN_POINT ( 'NONE',  ( 326.3638691878064700, 92.60636624384936500, -25.81437816843509500 ) ) ;
#4905 = CARTESIAN_POINT ( 'NONE',  ( 272.9699725775308800, 89.03825432140693900, -26.42005722645252800 ) ) ;
#4906 = CYLINDRICAL_SURFACE ( 'NONE', #5989, 4.990090537039049100 ) ;
#4907 = AXIS2_PLACEMENT_3D ( 'NONE', #4965, #3177, #5591 ) ;
#4908 = CARTESIAN_POINT ( 'NONE',  ( 311.2486379072297500, 90.52871119183028300, -39.71572217721083600 ) ) ;
#4909 = EDGE_CURVE ( 'NONE', #6685, #1407, #1215, .T. ) ;
#4910 = CARTESIAN_POINT ( 'NONE',  ( 299.2194152585083800, 90.29628196496858500, -33.66385166146527300 ) ) ;
#4911 = CARTESIAN_POINT ( 'NONE',  ( 285.1008243910764000, 93.07256391916396900, -35.68665331162787900 ) ) ;
#4912 = CARTESIAN_POINT ( 'NONE',  ( 281.8726422456052200, 92.97590348371709000, -38.28909652211435600 ) ) ;
#4913 = CARTESIAN_POINT ( 'NONE',  ( 306.8050336697749600, 93.23175145076621100, -44.11667933242317500 ) ) ;
#4914 = ADVANCED_FACE ( 'NONE', ( #883 ), #3926, .F. ) ;
#4915 = CARTESIAN_POINT ( 'NONE',  ( 291.8005385609010900, 85.46874564475999100, -45.69442847486784100 ) ) ;
#4916 = CARTESIAN_POINT ( 'NONE',  ( 329.8033258294000800, 90.96384343292000100, -54.48699284417001800 ) ) ;
#4917 = CARTESIAN_POINT ( 'NONE',  ( 304.2828667398529200, 91.45298621057450800, -44.36646951546398300 ) ) ;
#4918 = CARTESIAN_POINT ( 'NONE',  ( 271.6084228324171500, 88.04036650792502900, -31.01864693184764500 ) ) ;
#4919 = ORIENTED_EDGE ( 'NONE', *, *, #4197, .T. ) ;
#4920 = APPLICATION_CONTEXT ( 'automotive_design' ) ;
#4921 = CARTESIAN_POINT ( 'NONE',  ( 327.7690857907057300, 87.63380170034994900, -34.83130146021942900 ) ) ;
#4922 = EDGE_CURVE ( 'NONE', #6596, #4143, #5822, .T. ) ;
#4923 = CARTESIAN_POINT ( 'NONE',  ( 274.6908415477327600, 90.33324162739226900, -26.10392315254640000 ) ) ;
#4924 = B_SPLINE_CURVE_WITH_KNOTS ( 'NONE', 3,
 ( #857, #6598, #4409, #965 ),
 .UNSPECIFIED., .F., .F.,
 ( 4, 4 ),
 ( 0.0000000000000000000, 1.000000000000000000 ),
 .UNSPECIFIED. ) ;
#4925 = DIRECTION ( 'NONE',  ( 0.0000000000000000000, -1.000000000000000000, 0.0000000000000000000 ) ) ;
#4926 = EDGE_LOOP ( 'NONE', ( #4183, #3622 ) ) ;
#4927 = CARTESIAN_POINT ( 'NONE',  ( 272.3549526831782300, 87.63380170034999100, -43.52654909012454000 ) ) ;
#4928 = VECTOR ( 'NONE', #106, 1000.000000000000000 ) ;
#4929 = B_SPLINE_CURVE_WITH_KNOTS ( 'NONE', 3,
 ( #5195, #4035, #3985, #4580 ),
 .UNSPECIFIED., .F., .F.,
 ( 4, 4 ),
 ( 0.0000000000000000000, 1.000000000000000000 ),
 .UNSPECIFIED. ) ;
#4930 = CARTESIAN_POINT ( 'NONE',  ( 308.1844802621207600, 91.69554478430326600, -30.51655977466535000 ) ) ;
#4931 = CARTESIAN_POINT ( 'NONE',  ( 290.9998714614002300, 85.46874564476118500, -44.30807779753000400 ) ) ;
#4932 = CARTESIAN_POINT ( 'NONE',  ( 271.7834919778197800, 88.50650669706354300, -47.59106163884332100 ) ) ;
#4933 = CARTESIAN_POINT ( 'NONE',  ( 303.0985310116734600, 94.75433987500413500, -42.40332534250445200 ) ) ;
#4934 = EDGE_CURVE ( 'NONE', #7257, #3352, #1402, .T. ) ;
#4935 = CARTESIAN_POINT ( 'NONE',  ( 309.1725487441555600, 91.39751341100019000, -45.30807779753000400 ) ) ;
#4936 = CARTESIAN_POINT ( 'NONE',  ( 313.0030447392591100, 91.32039865960737800, -53.20483510233795200 ) ) ;
#4937 = ORIENTED_EDGE ( 'NONE', *, *, #5273, .F. ) ;
#4938 = CYLINDRICAL_SURFACE ( 'NONE', #7197, 551.1543585297999900 ) ;
#4939 = CARTESIAN_POINT ( 'NONE',  ( 301.6231987375999800, 93.75904055481002800, -39.82358444035999400 ) ) ;
#4940 = ORIENTED_EDGE ( 'NONE', *, *, #133, .T. ) ;
#4941 = CARTESIAN_POINT ( 'NONE',  ( 281.9652382990982500, 92.97893324471893100, -38.46233565703651200 ) ) ;
#4942 = EDGE_LOOP ( 'NONE', ( #1295, #743, #383, #823 ) ) ;
#4943 = CARTESIAN_POINT ( 'NONE',  ( 326.3713043924312300, 88.48637283444459500, -25.25190173090067000 ) ) ;
#4944 = CARTESIAN_POINT ( 'NONE',  ( 309.4732161002999600, 89.14454356422001500, -54.90419995858000800 ) ) ;
#4945 = CARTESIAN_POINT ( 'NONE',  ( 303.2231857175169700, 91.46175159628856500, -49.73219786555413400 ) ) ;
#4946 = ORIENTED_EDGE ( 'NONE', *, *, #4814, .T. ) ;
#4947 = CARTESIAN_POINT ( 'NONE',  ( 291.6440170531186000, 91.41025297770148900, -47.07814555088952300 ) ) ;
#4948 = CYLINDRICAL_SURFACE ( 'NONE', #278, 5.749999999999998200 ) ;
#4949 = DIRECTION ( 'NONE',  ( 1.000000000000000000, 0.0000000000000000000, 0.0000000000000000000 ) ) ;
#4950 = CARTESIAN_POINT ( 'NONE',  ( 273.7769307228630300, 92.49245667968091300, -25.63434713884889100 ) ) ;
#4951 = CARTESIAN_POINT ( 'NONE',  ( 284.6726650830040100, 90.00676415062906700, -37.97602400574933800 ) ) ;
#4952 = VERTEX_POINT ( 'NONE', #4830 ) ;
#4953 = FACE_OUTER_BOUND ( 'NONE', #717, .T. ) ;
#4956 = ORIENTED_EDGE ( 'NONE', *, *, #4356, .T. ) ;
#4955 = ADVANCED_FACE ( 'NONE', ( #6990 ), #1854, .T. ) ;
#4954 = CARTESIAN_POINT ( 'NONE',  ( 329.1733604443444400, 88.38890092946739700, -55.03211448820028600 ) ) ;
#4957 = EDGE_CURVE ( 'NONE', #6914, #6452, #7025, .T. ) ;
#4958 = CARTESIAN_POINT ( 'NONE',  ( 326.2882548327452800, 92.49054647369986500, -25.63863468770517800 ) ) ;
#4959 = CARTESIAN_POINT ( 'NONE',  ( 313.8653536345227100, 93.09955675801862200, -28.68758523629560000 ) ) ;
#4960 = VERTEX_POINT ( 'NONE', #4320 ) ;
#4961 = ORIENTED_EDGE ( 'NONE', *, *, #4456, .F. ) ;
#4962 = ORIENTED_EDGE ( 'NONE', *, *, #4542, .T. ) ;
#4963 = CARTESIAN_POINT ( 'NONE',  ( 320.3310406487924500, 88.54085296218984500, -36.88237560453619300 ) ) ;
#4964 = CARTESIAN_POINT ( 'NONE',  ( 297.1801099455665300, 93.26650561349026700, -53.69680820846059500 ) ) ;
#4965 = CARTESIAN_POINT ( 'NONE',  ( 287.7303202999652300, 90.04218462613938800, -36.21163202555898400 ) ) ;
#4966 = CARTESIAN_POINT ( 'NONE',  ( 299.8455564707999200, 94.82203164666000800, -51.21912805904999300 ) ) ;
#4967 = ORIENTED_EDGE ( 'NONE', *, *, #4867, .F. ) ;
#4968 = FACE_OUTER_BOUND ( 'NONE', #5204, .T. ) ;
#4969 = ORIENTED_EDGE ( 'NONE', *, *, #6682, .F. ) ;
#4970 = ORIENTED_EDGE ( 'NONE', *, *, #4934, .T. ) ;
#4971 = ORIENTED_EDGE ( 'NONE', *, *, #1775, .T. ) ;
#4972 = CARTESIAN_POINT ( 'NONE',  ( 326.8706083480082000, 88.46722829241903700, -25.70472051424448500 ) ) ;
#4973 = CARTESIAN_POINT ( 'NONE',  ( 329.3850902400714100, 88.29245941575756300, -23.94132693433547800 ) ) ;
#4974 = EDGE_CURVE ( 'NONE', #3305, #5870, #6404, .T. ) ;
#4975 = CARTESIAN_POINT ( 'NONE',  ( 291.5480856234916600, 91.40887899266213900, -45.46991106793019100 ) ) ;
#4976 = EDGE_LOOP ( 'NONE', ( #4641, #5320, #5744, #7027, #613, #5950 ) ) ;
#4977 = FILL_AREA_STYLE ('',( #1545 ) ) ;
#4978 = ORIENTED_EDGE ( 'NONE', *, *, #727, .T. ) ;
#4979 = CARTESIAN_POINT ( 'NONE',  ( 287.1053948238969200, 91.59427188827436300, -33.34703456497824400 ) ) ;
#4980 = EDGE_LOOP ( 'NONE', ( #4367, #6191, #324, #2231 ) ) ;
#4981 = CARTESIAN_POINT ( 'NONE',  ( 298.7547060335001000, 94.82252555395001500, -51.24265125537999700 ) ) ;
#4982 = CARTESIAN_POINT ( 'NONE',  ( 308.7391586850236500, 85.46874564476002000, -45.33359775354735900 ) ) ;
#4983 = B_SPLINE_CURVE_WITH_KNOTS ( 'NONE', 3,
 ( #509, #5613, #1657, #6778, #5008, #1063, #7304, #5581, #4434, #2694 ),
 .UNSPECIFIED., .F., .F.,
 ( 4, 2, 2, 2, 4 ),
 ( 0.0000000000000000000, 0.2500000000000000000, 0.5000000000000000000, 0.7500000000000000000, 1.000000000000000000 ),
 .UNSPECIFIED. ) ;
#4984 = CARTESIAN_POINT ( 'NONE',  ( 272.9588901393581200, 89.02244703377782300, -26.60257580274058100 ) ) ;
#4985 = EDGE_CURVE ( 'NONE', #1902, #3684, #6447, .T. ) ;
#4986 = CARTESIAN_POINT ( 'NONE',  ( 304.1592911627000100, 91.45861328685998600, -25.67216573624048300 ) ) ;
#4987 = B_SPLINE_CURVE_WITH_KNOTS ( 'NONE', 3,
 ( #2271, #6194, #6808, #6220, #3895, #6871 ),
 .UNSPECIFIED., .F., .F.,
 ( 4, 2, 4 ),
 ( 0.0000000000000000000, 0.5000000000000000000, 1.000000000000000000 ),
 .UNSPECIFIED. ) ;
#4988 = CARTESIAN_POINT ( 'NONE',  ( 327.0172513565299800, 88.66314489768724600, -37.38635140750165700 ) ) ;
#4989 = MECHANICAL_DESIGN_GEOMETRIC_PRESENTATION_REPRESENTATION (  '', ( #5511 ), #2517 ) ;
#4990 = CARTESIAN_POINT ( 'NONE',  ( 299.9998714613999500, 100.9999999999999700, -51.00807779752999200 ) ) ;
#4991 = ORIENTED_EDGE ( 'NONE', *, *, #5583, .T. ) ;
#4992 = CARTESIAN_POINT ( 'NONE',  ( 273.6134306798825300, 92.60463386489243500, -25.91452926761521200 ) ) ;
#4993 = DIRECTION ( 'NONE',  ( 0.9999999995624999600, -2.958040007546035500E-005, 0.0000000000000000000 ) ) ;
#4994 = PRODUCT_DEFINITION_CONTEXT ( 'detailed design', #5004, 'design' ) ;
#4996 = VERTEX_POINT ( 'NONE', #2014 ) ;
#4995 = CARTESIAN_POINT ( 'NONE',  ( 276.3658779262453900, 90.96677187186280400, -42.03070813868232100 ) ) ;
#4997 = CARTESIAN_POINT ( 'NONE',  ( 306.7836527534728900, 91.72401188110023900, -35.44475824656128500 ) ) ;
#4998 = ORIENTED_EDGE ( 'NONE', *, *, #7063, .T. ) ;
#4999 = CARTESIAN_POINT ( 'NONE',  ( 273.7769307228630300, 92.49245667968091300, -25.63434713884889100 ) ) ;
#5000 = CARTESIAN_POINT ( 'NONE',  ( 304.4401078094200600, 93.25593138815445100, -51.93191982004196200 ) ) ;
#5001 = ADVANCED_FACE ( 'NONE', ( #3382 ), #3739, .T. ) ;
#5002 = DIRECTION ( 'NONE',  ( -0.0000000000000000000, 1.000000000000000000, 0.0000000000000000000 ) ) ;
#5003 = ORIENTED_EDGE ( 'NONE', *, *, #2080, .T. ) ;
#5004 = APPLICATION_CONTEXT ( 'automotive_design' ) ;
#5005 = CARTESIAN_POINT ( 'NONE',  ( 273.6139820130450200, 92.60736128457557500, -53.85388572317415900 ) ) ;
#5006 = EDGE_CURVE ( 'NONE', #3684, #4704, #683, .T. ) ;
#5007 = CARTESIAN_POINT ( 'NONE',  ( 320.7106505953069000, 91.07992299340638500, -36.10227496280168000 ) ) ;
#5008 = CARTESIAN_POINT ( 'NONE',  ( 273.2110116436022600, 88.56164628694757800, -52.72789408845977700 ) ) ;
#5009 = CARTESIAN_POINT ( 'NONE',  ( 291.2622366005715000, 93.04259783847335500, -53.98439906944220500 ) ) ;
#5010 = CARTESIAN_POINT ( 'NONE',  ( 272.2555884510453000, 88.52987147115085500, -47.83130121702615900 ) ) ;
#5011 = CARTESIAN_POINT ( 'NONE',  ( 284.2307122166601500, 89.98919206247548200, -36.21177491662462000 ) ) ;
#5012 = AXIS2_PLACEMENT_3D ( 'NONE', #229, #6621, #334 ) ;
#5013 = CARTESIAN_POINT ( 'NONE',  ( 273.7808993206248300, 92.59285812481152800, -25.68629175427057400 ) ) ;
#5014 = EDGE_CURVE ( 'NONE', #2186, #1989, #5405, .T. ) ;
#5015 = CARTESIAN_POINT ( 'NONE',  ( 313.2375560048151900, 91.31483164160022200, -53.20484251899615200 ) ) ;
#5016 = EDGE_LOOP ( 'NONE', ( #50, #2098, #3607, #1133 ) ) ;
#5017 = CARTESIAN_POINT ( 'NONE',  ( 291.2484176309330300, 93.11493453278126300, -24.71949620340925700 ) ) ;
#5018 = CARTESIAN_POINT ( 'NONE',  ( 306.5248907087734000, 93.23513058297591300, -49.20248230975022400 ) ) ;
#5019 = CARTESIAN_POINT ( 'NONE',  ( 272.7701622706814000, 88.53728297233097100, -30.85722908757563200 ) ) ;
#5020 = CARTESIAN_POINT ( 'NONE',  ( 328.2692312823185100, 88.50782712950838500, -47.30613749989457500 ) ) ;
#5021 = CARTESIAN_POINT ( 'NONE',  ( 0.0000000000000000000, 0.0000000000000000000, 0.0000000000000000000 ) ) ;
#5022 = CARTESIAN_POINT ( 'NONE',  ( 325.9278212739418400, 90.35725118855236800, -26.87497365878173400 ) ) ;
#5023 = EDGE_CURVE ( 'NONE', #6683, #6224, #6981, .T. ) ;
#5024 = EDGE_CURVE ( 'NONE', #1426, #2333, #1952, .T. ) ;
#5025 = CARTESIAN_POINT ( 'NONE',  ( 298.5608279183999200, 94.29034899172002300, -52.01814634651999800 ) ) ;
#5026 = CARTESIAN_POINT ( 'NONE',  ( 287.7296548911012300, 90.11395081098116600, -39.71341860094834400 ) ) ;
#5027 = EDGE_LOOP ( 'NONE', ( #6332, #3132, #7020, #3570 ) ) ;
#5028 = FACE_OUTER_BOUND ( 'NONE', #1261, .T. ) ;
#5029 = ORIENTED_EDGE ( 'NONE', *, *, #5795, .F. ) ;
#5030 = B_SPLINE_CURVE_WITH_KNOTS ( 'NONE', 3,
 ( #3891, #6766, #18, #4524 ),
 .UNSPECIFIED., .F., .F.,
 ( 4, 4 ),
 ( 0.0000000000000000000, 1.000000000000000000 ),
 .UNSPECIFIED. ) ;
#5031 = DIRECTION ( 'NONE',  ( 0.0000000000000000000, 0.0000000000000000000, -1.000000000000000000 ) ) ;
#5033 = ADVANCED_FACE ( 'NONE', ( #3188 ), #6624, .T. ) ;
#5032 = CARTESIAN_POINT ( 'NONE',  ( 329.1122394223572800, 88.39223342730480200, -55.05612067846444500 ) ) ;
#5034 = ORIENTED_EDGE ( 'NONE', *, *, #5197, .F. ) ;
#5035 = FACE_OUTER_BOUND ( 'NONE', #7300, .T. ) ;
#5036 = CARTESIAN_POINT ( 'NONE',  ( 272.8309084876982000, 87.63380170032756700, -44.07256190852179900 ) ) ;
#5037 = CARTESIAN_POINT ( 'NONE',  ( 286.3381744408462700, 93.10458143903615300, -26.70401825442494800 ) ) ;
#5038 = CARTESIAN_POINT ( 'NONE',  ( 320.7106655870341000, 88.54085149577956300, -36.88231258674033300 ) ) ;
#5039 = CARTESIAN_POINT ( 'NONE',  ( 314.3880329023216400, 91.28945263208814300, -53.20518758524799800 ) ) ;
#5040 = CARTESIAN_POINT ( 'NONE',  ( 274.8119925464000100, 91.15812087234999700, -26.52216980770999700 ) ) ;
#5041 = ORIENTED_EDGE ( 'NONE', *, *, #5599, .F. ) ;
#5042 = FACE_OUTER_BOUND ( 'NONE', #1982, .T. ) ;
#5043 = CARTESIAN_POINT ( 'NONE',  ( 299.2194168874921200, 91.79442219561320800, -30.46385163651156300 ) ) ;
#5044 = DIRECTION ( 'NONE',  ( -1.885515922929184400E-015, -1.000000000000000000, 2.844136236495595700E-029 ) ) ;
#5045 = CARTESIAN_POINT ( 'NONE',  ( 317.4751714130191000, 92.90807832438875400, -25.02348035492321500 ) ) ;
#5046 = CARTESIAN_POINT ( 'NONE',  ( 299.9998804551489700, 93.27547821270540900, -39.15350272018313400 ) ) ;
#5047 = AXIS2_PLACEMENT_3D ( 'NONE', #4364, #6652, #6166 ) ;
#5048 = CARTESIAN_POINT ( 'NONE',  ( 285.5542902534917300, 91.54112159084014900, -36.91834668323439000 ) ) ;
#5049 = EDGE_LOOP ( 'NONE', ( #2954, #4504, #641, #5459 ) ) ;
#5050 = CARTESIAN_POINT ( 'NONE',  ( 295.3323257016124300, 94.76874564476003100, -44.26203274355409400 ) ) ;
#5051 = DIRECTION ( 'NONE',  ( -0.8184059944897265100, 0.5746404338221264800, 0.0000000000000000000 ) ) ;
#5052 = CARTESIAN_POINT ( 'NONE',  ( 287.3022388372058300, 93.12773376134404700, -26.48840439824367000 ) ) ;
#5053 = ORIENTED_EDGE ( 'NONE', *, *, #3618, .T. ) ;
#5054 = ORIENTED_EDGE ( 'NONE', *, *, #245, .F. ) ;
#5055 = ORIENTED_EDGE ( 'NONE', *, *, #1926, .F. ) ;
#5056 = CARTESIAN_POINT ( 'NONE',  ( 325.4114974470901400, 90.89512629000684300, -53.37316752307952300 ) ) ;
#5057 = EDGE_CURVE ( 'NONE', #1330, #6875, #162, .T. ) ;
#5058 = ORIENTED_EDGE ( 'NONE', *, *, #5160, .T. ) ;
#5059 = CARTESIAN_POINT ( 'NONE',  ( 271.9545045134513000, 88.48561414344460700, -30.52207230945891700 ) ) ;
#5060 = CARTESIAN_POINT ( 'NONE',  ( 292.8202251591984600, 91.43459997937742400, -39.73444812483000300 ) ) ;
#5061 = ORIENTED_EDGE ( 'NONE', *, *, #647, .F. ) ;
#5062 = CARTESIAN_POINT ( 'NONE',  ( 299.9998749466382200, 94.77061470948952100, -51.29304987250385000 ) ) ;
#5063 = ORIENTED_EDGE ( 'NONE', *, *, #1405, .F. ) ;
#5064 = ORIENTED_EDGE ( 'NONE', *, *, #833, .F. ) ;
#5065 = CARTESIAN_POINT ( 'NONE',  ( 273.6901518686194700, 92.65086414561074000, -25.79252256925638400 ) ) ;
#5066 = ORIENTED_EDGE ( 'NONE', *, *, #1137, .T. ) ;
#5067 = CARTESIAN_POINT ( 'NONE',  ( 303.9391483755749200, 101.0000000000000000, -43.25802089764295700 ) ) ;
#5068 = CARTESIAN_POINT ( 'NONE',  ( 311.9446973663500000, 91.59173031338397700, -37.79283797886282800 ) ) ;
#5069 = CARTESIAN_POINT ( 'NONE',  ( 317.0390217851108300, 91.20732929283434500, -39.47731837658291500 ) ) ;
#5070 = CARTESIAN_POINT ( 'NONE',  ( 326.3034229825297500, 89.34521803725060400, -25.69695874272540300 ) ) ;
#5071 = DIRECTION ( 'NONE',  ( -0.0000000000000000000, 1.000000000000000000, 0.0000000000000000000 ) ) ;
#5072 = ADVANCED_FACE ( 'NONE', ( #6280 ), #3200, .T. ) ;
#5073 = CARTESIAN_POINT ( 'NONE',  ( 310.0571858537904900, 91.64831737626386100, -35.04153501169970000 ) ) ;
#5074 = CARTESIAN_POINT ( 'NONE',  ( 327.0874008709000100, 87.63380170034999100, -47.91765492151002100 ) ) ;
#5075 = EDGE_CURVE ( 'NONE', #6558, #7257, #7069, .T. ) ;
#5076 = DIRECTION ( 'NONE',  ( 0.0000000000000000000, 1.000000000000000000, 0.0000000000000000000 ) ) ;
#5077 = B_SPLINE_CURVE_WITH_KNOTS ( 'NONE', 3,
 ( #733, #164, #3602, #4169 ),
 .UNSPECIFIED., .F., .F.,
 ( 4, 4 ),
 ( 0.0000000000000000000, 1.000000000000000000 ),
 .UNSPECIFIED. ) ;
#5078 = VERTEX_POINT ( 'NONE', #3389 ) ;
#5079 = CARTESIAN_POINT ( 'NONE',  ( 313.4234081391140300, 93.11045311298305200, -27.33381205020768700 ) ) ;
#5080 = CARTESIAN_POINT ( 'NONE',  ( 290.3634144661230000, 91.38951214660382000, -47.07979198398659500 ) ) ;
#5081 = CARTESIAN_POINT ( 'NONE',  ( 326.1921070308518400, 92.49392034199971100, -25.63217978428314200 ) ) ;
#5082 = B_SPLINE_CURVE_WITH_KNOTS ( 'NONE', 3,
 ( #4480, #1590, #2735, #5118, #2218, #5704 ),
 .UNSPECIFIED., .F., .F.,
 ( 4, 2, 4 ),
 ( 0.0000000000000000000, 0.5000000000000000000, 1.000000000000000000 ),
 .UNSPECIFIED. ) ;
#5083 = CARTESIAN_POINT ( 'NONE',  ( 306.9142961361000100, 85.46874564475999100, -44.22639287772000200 ) ) ;
#5084 = EDGE_CURVE ( 'NONE', #3675, #2100, #783, .T. ) ;
#5085 = CARTESIAN_POINT ( 'NONE',  ( 273.0137329123296600, 89.10055691832859300, -52.29391547206967800 ) ) ;
#5086 = CARTESIAN_POINT ( 'NONE',  ( 286.8130022343000300, 93.35881969444001500, -26.48561461782000500 ) ) ;
#5087 = ORIENTED_EDGE ( 'NONE', *, *, #7084, .T. ) ;
#5088 = CARTESIAN_POINT ( 'NONE',  ( 327.1888421995256500, 87.63380170034999100, -34.38543621135958300 ) ) ;
#5089 = CARTESIAN_POINT ( 'NONE',  ( 297.1859823353516400, 90.29483638410627600, -33.66385172552845300 ) ) ;
#5090 = CARTESIAN_POINT ( 'NONE',  ( 300.8194312723843500, 90.29397093920218300, -32.06385394946990900 ) ) ;
#5091 = SHAPE_REPRESENTATION ( '____-____1', ( #60 ), #2749 ) ;
#5092 = CARTESIAN_POINT ( 'NONE',  ( 326.3716688595351900, 92.55037463002726400, -25.78123034034299700 ) ) ;
#5093 = CYLINDRICAL_SURFACE ( 'NONE', #6759, 1.500000000000001300 ) ;
#5094 = CARTESIAN_POINT ( 'NONE',  ( 318.1766691968485400, 88.54085296218983100, -41.24287072457195100 ) ) ;
#5095 = CARTESIAN_POINT ( 'NONE',  ( 297.4084500499277500, 94.76874564476000300, -50.70032944982653300 ) ) ;
#5096 = CARTESIAN_POINT ( 'NONE',  ( 273.5081669900999900, 89.81922099750001100, -26.26950706278000100 ) ) ;
#5097 = CARTESIAN_POINT ( 'NONE',  ( 273.7769307228630300, 92.49245667968091300, -25.63434713884889100 ) ) ;
#5098 = LINE ( 'NONE', #5315, #2984 ) ;
#5099 = CARTESIAN_POINT ( 'NONE',  ( 310.0115799959260100, 91.64973040505769600, -35.08615454332986900 ) ) ;
#5100 =( BOUNDED_SURFACE ( )  B_SPLINE_SURFACE ( 3, 3, ( 
 ( #6872, #4476, #5625, #2162 ),
 ( #4526, #2306, #1784, #4655 ),
 ( #640, #67, #5169, #2885 ),
 ( #1200, #5242, #4028, #5742 ) ),
 .UNSPECIFIED., .F., .F., .F. ) 
 B_SPLINE_SURFACE_WITH_KNOTS ( ( 4, 4 ),
 ( 4, 4 ),
 ( 0.0000000000000000000, 1.000000000000000000 ),
 ( 0.0000000000000000000, 1.000000000000000000 ),
 .UNSPECIFIED. ) 
 GEOMETRIC_REPRESENTATION_ITEM ( )  RATIONAL_B_SPLINE_SURFACE ( (
 ( 1.000000000000000000, 0.3333333333331950900, 0.3333333333331950900, 1.000000000000000000),
 ( 0.8047378541243175300, 0.2682459513746612800, 0.2682459513746612800, 0.8047378541243175300),
 ( 0.8047378541243175300, 0.2682459513746612800, 0.2682459513746612800, 0.8047378541243175300),
 ( 1.000000000000000000, 0.3333333333331950900, 0.3333333333331950900, 1.000000000000000000) ) ) 
 REPRESENTATION_ITEM ( '' )  SURFACE ( )  );
#5101 = CARTESIAN_POINT ( 'NONE',  ( 287.3091878810637400, 92.61907299133940800, -37.83108746863265300 ) ) ;
#5102 = CARTESIAN_POINT ( 'NONE',  ( 271.9269507469455200, 87.63380063650073700, -47.68866777364490900 ) ) ;
#5103 = EDGE_CURVE ( 'NONE', #3475, #3318, #2329, .T. ) ;
#5104 = CARTESIAN_POINT ( 'NONE',  ( 272.9524340783086100, 88.65257954255308400, -26.40631852221023100 ) ) ;
#5105 = EDGE_LOOP ( 'NONE', ( #4257, #4214, #3788, #3061, #2264, #2798, #7185, #2074 ) ) ;
#5107 = ADVANCED_FACE ( 'NONE', ( #6908 ), #2737, .F. ) ;
#5106 = CARTESIAN_POINT ( 'NONE',  ( 273.4740356465176200, 89.75611970246191600, -52.94538206905885900 ) ) ;
#5108 = CARTESIAN_POINT ( 'NONE',  ( 327.4580127313382100, 88.63919170982087800, -37.40795672722885000 ) ) ;
#5109 = CARTESIAN_POINT ( 'NONE',  ( 321.9658717944600400, 92.83637723380229500, -42.48527508882379800 ) ) ;
#5110 = CARTESIAN_POINT ( 'NONE',  ( 327.9026607719692900, 88.56128357601859600, -43.52257166715075000 ) ) ;
#5111 = CARTESIAN_POINT ( 'NONE',  ( 300.8197399433057100, 90.29400532309607300, -32.25194431215129500 ) ) ;
#5112 = CARTESIAN_POINT ( 'NONE',  ( 291.8069749947249000, 91.71720866837444000, -31.14706453487395200 ) ) ;
#5113 = LINE ( 'NONE', #2840, #3656 ) ;
#5114 = CARTESIAN_POINT ( 'NONE',  ( 321.4660782383559800, 87.04085002963991300, -41.09305523825154400 ) ) ;
#5115 = CARTESIAN_POINT ( 'NONE',  ( 272.1154191190684600, 87.92021393855866100, -30.52256193296999200 ) ) ;
#5116 = DIRECTION ( 'NONE',  ( 0.0000000000000000000, 1.000000000000000000, 0.0000000000000000000 ) ) ;
#5117 = CARTESIAN_POINT ( 'NONE',  ( 308.1844802621207600, 91.69554478430326600, -30.51655977466535000 ) ) ;
#5118 = CARTESIAN_POINT ( 'NONE',  ( 326.3751223060494300, 92.53227031341833700, -53.99711955125335500 ) ) ;
#5119 = ORIENTED_EDGE ( 'NONE', *, *, #2736, .T. ) ;
#5120 = CARTESIAN_POINT ( 'NONE',  ( 327.2808695781381500, 87.63380170034999100, -47.61561461430092400 ) ) ;
#5121 = B_SPLINE_CURVE_WITH_KNOTS ( 'NONE', 3,
 ( #1763, #5792, #600, #3446 ),
 .UNSPECIFIED., .F., .F.,
 ( 4, 4 ),
 ( 0.0000000000000000000, 1.000000000000000000 ),
 .UNSPECIFIED. ) ;
#5122 = LINE ( 'NONE', #1241, #6103 ) ;
#5123 = CARTESIAN_POINT ( 'NONE',  ( 290.3838237106810400, 91.38987337751066800, -47.09626689057476800 ) ) ;
#5124 = EDGE_CURVE ( 'NONE', #1989, #4996, #1357, .T. ) ;
#5125 = CARTESIAN_POINT ( 'NONE',  ( 328.3112997127311700, 87.63380170034999100, -30.85847741391519200 ) ) ;
#5126 = ORIENTED_EDGE ( 'NONE', *, *, #1315, .F. ) ;
#5127 = CARTESIAN_POINT ( 'NONE',  ( 273.2219976730999600, 88.50653689970999900, -53.22972521889998600 ) ) ;
#5128 = VECTOR ( 'NONE', #6445, 1000.000000000000100 ) ;
#5129 = CARTESIAN_POINT ( 'NONE',  ( 273.8629424860189400, 90.31000078212909400, -53.14482533517333000 ) ) ;
#5130 = CARTESIAN_POINT ( 'NONE',  ( 293.2656887887440600, 93.23184702759891700, -43.79266516375253100 ) ) ;
#5131 = DIRECTION ( 'NONE',  ( -0.8183964020411714800, 0.5746540951964626000, 0.0000000000000000000 ) ) ;
#5132 = CARTESIAN_POINT ( 'NONE',  ( 293.1194153694554500, 90.24288722582318200, -33.66385157650263000 ) ) ;
#5133 = ORIENTED_EDGE ( 'NONE', *, *, #3588, .T. ) ;
#5134 = CIRCLE ( 'NONE', #6824, 2.899999999994684600 ) ;
#5135 = CARTESIAN_POINT ( 'NONE',  ( 326.3999362625836500, 92.54388563236851400, -25.83880968348638200 ) ) ;
#5136 = B_SPLINE_CURVE_WITH_KNOTS ( 'NONE', 3,
 ( #1584, #1100, #468, #2160 ),
 .UNSPECIFIED., .F., .F.,
 ( 4, 4 ),
 ( 0.0000000000000000000, 1.000000000000000000 ),
 .UNSPECIFIED. ) ;
#5137 = CARTESIAN_POINT ( 'NONE',  ( 320.3310406487906900, 88.54085296218981700, -42.68237570690357100 ) ) ;
#5138 = CARTESIAN_POINT ( 'NONE',  ( 326.4135588651462300, 92.52448077859706600, -53.85411372450333500 ) ) ;
#5139 = CARTESIAN_POINT ( 'NONE',  ( 275.7263873874041500, 90.94112912019913600, -38.83033014638607500 ) ) ;
#5140 = CARTESIAN_POINT ( 'NONE',  ( 320.7106694460425700, 87.04085002963996900, -41.28240116124363400 ) ) ;
#5141 = CARTESIAN_POINT ( 'NONE',  ( 326.9599879913677700, 89.28200199143123000, -26.40030577385174100 ) ) ;
#5142 = ORIENTED_EDGE ( 'NONE', *, *, #1089, .F. ) ;
#5143 = ORIENTED_EDGE ( 'NONE', *, *, #4853, .T. ) ;
#5144 = CARTESIAN_POINT ( 'NONE',  ( 284.2307123790014300, 89.98919423025650100, -34.01246607173729300 ) ) ;
#5145 = CARTESIAN_POINT ( 'NONE',  ( 327.5735393349522700, 87.63380170035002000, -47.81667103529364500 ) ) ;
#5146 = ORIENTED_EDGE ( 'NONE', *, *, #2080, .F. ) ;
#5147 = EDGE_LOOP ( 'NONE', ( #4596, #723, #1165, #2603, #1721, #395 ) ) ;
#5148 = ORIENTED_EDGE ( 'NONE', *, *, #4796, .F. ) ;
#5149 = CARTESIAN_POINT ( 'NONE',  ( 290.2346684893734600, 91.38716987630709800, -45.66406359545137400 ) ) ;
#5150 = ORIENTED_EDGE ( 'NONE', *, *, #5248, .F. ) ;
#5151 = CARTESIAN_POINT ( 'NONE',  ( 328.2831132416569600, 87.63380170035000600, -30.80524459491148200 ) ) ;
#5152 = DIRECTION ( 'NONE',  ( -1.000000000000000000, 0.0000000000000000000, 0.0000000000000000000 ) ) ;
#5153 = ORIENTED_EDGE ( 'NONE', *, *, #7035, .F. ) ;
#5154 = CARTESIAN_POINT ( 'NONE',  ( 299.8466429828686700, 90.29622833580134500, -30.57989849974809700 ) ) ;
#5155 = VERTEX_POINT ( 'NONE', #2199 ) ;
#5156 = VERTEX_POINT ( 'NONE', #6258 ) ;
#5157 = EDGE_LOOP ( 'NONE', ( #401, #6400, #2956, #2260, #2446, #454 ) ) ;
#5158 = ORIENTED_EDGE ( 'NONE', *, *, #5913, .T. ) ;
#5159 = CARTESIAN_POINT ( 'NONE',  ( 307.4005102164444500, 85.46874564476000600, -47.53704181808233600 ) ) ;
#5160 = EDGE_CURVE ( 'NONE', #3004, #6145, #5379, .T. ) ;
#5161 = CARTESIAN_POINT ( 'NONE',  ( 273.7769307228630300, 92.49245667968091300, -25.63434713884889100 ) ) ;
#5162 = CARTESIAN_POINT ( 'NONE',  ( 328.2692600902166200, 88.53628782484185000, -44.04733263281749300 ) ) ;
#5163 = DIRECTION ( 'NONE',  ( 4.578140479582088600E-018, -4.641500017676413300E-006, -0.9999999999892283900 ) ) ;
#5164 = CARTESIAN_POINT ( 'NONE',  ( 292.9346313871686800, 91.73813249834691400, -30.46384889760542300 ) ) ;
#5165 = CARTESIAN_POINT ( 'NONE',  ( 279.2893471838999600, 92.88493214243889900, -42.75820189104737800 ) ) ;
#5166 = CARTESIAN_POINT ( 'NONE',  ( 327.1690857907000800, 87.93770145512736700, -31.12254360865424000 ) ) ;
#5167 = CARTESIAN_POINT ( 'NONE',  ( 317.7673149350654300, 87.04085002963999800, -42.04340413682165000 ) ) ;
#5168 = CARTESIAN_POINT ( 'NONE',  ( 317.0286956536612600, 91.20765804204033600, -39.64878238613038500 ) ) ;
#5169 = CARTESIAN_POINT ( 'NONE',  ( 287.7567257108902900, 101.0000000000002400, -40.18650492227131800 ) ) ;
#5170 = CARTESIAN_POINT ( 'NONE',  ( 287.3273772171598900, 91.55597457538861800, -28.71521247809345600 ) ) ;
#5171 = CARTESIAN_POINT ( 'NONE',  ( 309.7851701432143200, 91.65651754740133600, -35.28562052941066400 ) ) ;
#5172 = SURFACE_STYLE_USAGE ( .BOTH. , #24 ) ;
#5173 = EDGE_CURVE ( 'NONE', #7266, #3352, #1311, .T. ) ;
#5174 = CARTESIAN_POINT ( 'NONE',  ( 285.1288496117154000, 91.52542747554332400, -28.61373719278195100 ) ) ;
#5175 = B_SPLINE_CURVE_WITH_KNOTS ( 'NONE', 3,
 ( #2135, #7220, #4943, #3797, #2711, #6688, #1515, #2619, #956, #4972, #5548, #6072, #5522, #3231, #3817, #4454 ),
 .UNSPECIFIED., .F., .F.,
 ( 4, 2, 1, 2, 2, 1, 2, 2, 4 ),
 ( 0.0000000000000000000, 0.2499999999999177300, 0.3749999999999248900, 0.4374999999998860900, 0.4999999999998473400, 0.6249999999998402400, 0.6874999999998582200, 0.7499999999998762100, 1.000000000000000000 ),
 .UNSPECIFIED. ) ;
#5176 = ITEM_DEFINED_TRANSFORMATION ( 'NONE', 'NONE', #800,  #60 ) ;
#5177 = CARTESIAN_POINT ( 'NONE',  ( 272.2309084876977200, 87.63380170034997700, -30.52256193296874900 ) ) ;
#5178 = CARTESIAN_POINT ( 'NONE',  ( 326.1670151840000400, 92.35356250629001800, -25.72806934719407200 ) ) ;
#5179 = EDGE_CURVE ( 'NONE', #3675, #1720, #5980, .T. ) ;
#5180 = FACE_OUTER_BOUND ( 'NONE', #3038, .T. ) ;
#5181 = CARTESIAN_POINT ( 'NONE',  ( 290.9998842500069700, 91.39799723756127000, -44.30807911639305300 ) ) ;
#5182 = VERTEX_POINT ( 'NONE', #6229 ) ;
#5183 = CARTESIAN_POINT ( 'NONE',  ( 306.4907462018654200, 91.72931598317690300, -31.09918377682403800 ) ) ;
#5184 = CARTESIAN_POINT ( 'NONE',  ( 301.8844801441142100, 93.26489854453086500, -53.75437447351536900 ) ) ;
#5185 = CARTESIAN_POINT ( 'NONE',  ( 271.7779637351765700, 87.63381093402503600, -44.07236729229705900 ) ) ;
#5186 = CARTESIAN_POINT ( 'NONE',  ( 299.1317237001695700, 89.24912952940911700, -53.22293658032144500 ) ) ;
#5187 = B_SPLINE_CURVE_WITH_KNOTS ( 'NONE', 3,
 ( #7055, #3612, #1339, #5362 ),
 .UNSPECIFIED., .F., .F.,
 ( 4, 4 ),
 ( 0.0000000000000000000, 1.000000000000000000 ),
 .UNSPECIFIED. ) ;
#5188 = CARTESIAN_POINT ( 'NONE',  ( 278.5198234643155500, 92.85552681450838000, -42.66297371539531700 ) ) ;
#5189 = CARTESIAN_POINT ( 'NONE',  ( 313.8653537979421900, 93.09954838643335500, -35.63981846058494100 ) ) ;
#5190 = CARTESIAN_POINT ( 'NONE',  ( 320.7105116117352300, 87.04085002964075100, -36.10224754195224500 ) ) ;
#5191 = CARTESIAN_POINT ( 'NONE',  ( 271.7518067701175300, 88.54751195366877400, -34.72926275487559200 ) ) ;
#5192 = DIRECTION ( 'NONE',  ( -0.05233755910009162800, -0.9986294507511004300, -1.397007147982874700E-014 ) ) ;
#5193 = CARTESIAN_POINT ( 'NONE',  ( 284.2307149544350300, 89.98920130200706100, -25.20757217849385200 ) ) ;
#5194 = PLANE ( 'NONE',  #3856 ) ;
#5195 = CARTESIAN_POINT ( 'NONE',  ( 311.2631167179129600, 91.35823669245938600, -39.73041890014708600 ) ) ;
#5196 = CARTESIAN_POINT ( 'NONE',  ( 320.5143002269503000, 88.54085002964014000, -41.28237565571996000 ) ) ;
#5197 = EDGE_CURVE ( 'NONE', #1024, #1891, #1596, .T. ) ;
#5198 = CARTESIAN_POINT ( 'NONE',  ( 317.5569600217999100, 93.09020702607000400, -53.88801078388999600 ) ) ;
#5199 = CARTESIAN_POINT ( 'NONE',  ( 318.4450757178390200, 91.16093041060072700, -42.70367168617097100 ) ) ;
#5200 = CARTESIAN_POINT ( 'NONE',  ( 273.6630450147156400, 88.54566026193322200, -55.03825690601410500 ) ) ;
#5201 = CARTESIAN_POINT ( 'NONE',  ( 295.5665608710124800, 93.25711875627516200, -40.68195966337577800 ) ) ;
#5202 = VERTEX_POINT ( 'NONE', #648 ) ;
#5203 = CARTESIAN_POINT ( 'NONE',  ( 299.2194173324838300, 90.29627363771351200, -30.46385166584346000 ) ) ;
#5204 = EDGE_LOOP ( 'NONE', ( #1356, #1648 ) ) ;
#5205 = LINE ( 'NONE', #698, #4676 ) ;
#5206 = CARTESIAN_POINT ( 'NONE',  ( 297.8085161207927700, 101.0000000000000000, -41.83385032562191700 ) ) ;
#5207 = CARTESIAN_POINT ( 'NONE',  ( 320.7106497678000200, 88.54085296218983100, -36.88237560453635000 ) ) ;
#5208 = B_SPLINE_CURVE_WITH_KNOTS ( 'NONE', 3,
 ( #7187, #7085, #199, #1913, #5991, #7112, #2493, #2543, #6514, #3641 ),
 .UNSPECIFIED., .F., .F.,
 ( 4, 2, 2, 2, 4 ),
 ( 0.5000000000000000000, 0.6250000000000000000, 0.7500000000000000000, 0.8750000000000000000, 1.000000000000000000 ),
 .UNSPECIFIED. ) ;
#5209 = CARTESIAN_POINT ( 'NONE',  ( 295.9694682590428000, 94.74221245540483900, -49.23872818936784800 ) ) ;
#5210 = VERTEX_POINT ( 'NONE', #70 ) ;
#5211 = EDGE_CURVE ( 'NONE', #3980, #2906, #1925, .T. ) ;
#5212 = CARTESIAN_POINT ( 'NONE',  ( 312.1379229266190700, 91.58521299583296100, -37.75976157712911200 ) ) ;
#5213 = CARTESIAN_POINT ( 'NONE',  ( 273.9127415324999800, 90.37952647022999000, -27.00042710493000100 ) ) ;
#5214 = VERTEX_POINT ( 'NONE', #6412 ) ;
#5215 = VERTEX_POINT ( 'NONE', #1788 ) ;
#5216 = FACE_OUTER_BOUND ( 'NONE', #1255, .T. ) ;
#5217 = CARTESIAN_POINT ( 'NONE',  ( 327.7690857907003300, 88.11759911995999100, -34.83130146022000400 ) ) ;
#5218 = CARTESIAN_POINT ( 'NONE',  ( 325.8670217702143600, 90.42058845391800000, -53.20350152972483200 ) ) ;
#5219 = ADVANCED_FACE ( 'NONE', ( #2934 ), #5194, .T. ) ;
#5220 = CARTESIAN_POINT ( 'NONE',  ( 281.1315908745578400, 91.14626381030946300, -36.58752342696937600 ) ) ;
#5221 = CARTESIAN_POINT ( 'NONE',  ( 328.3954056198742800, 87.63380170034999100, -34.22816665001804600 ) ) ;
#5222 = B_SPLINE_CURVE_WITH_KNOTS ( 'NONE', 3,
 ( #3334, #2156, #466, #2187 ),
 .UNSPECIFIED., .F., .F.,
 ( 4, 4 ),
 ( 0.0000000000000000000, 1.000000000000000000 ),
 .UNSPECIFIED. ) ;
#5223 = VERTEX_POINT ( 'NONE', #135 ) ;
#5224 = LINE ( 'NONE', #2578, #3212 ) ;
#5225 = CARTESIAN_POINT ( 'NONE',  ( 307.2494074655355100, 91.42189028544996200, -47.31072059903442600 ) ) ;
#5226 = CARTESIAN_POINT ( 'NONE',  ( 271.9993772996859900, 87.63380170034999100, -43.60590566613525700 ) ) ;
#5227 = EDGE_CURVE ( 'NONE', #6848, #3223, #1870, .T. ) ;
#5228 = CARTESIAN_POINT ( 'NONE',  ( 272.8157904698847500, 87.63380170034997700, -30.98703480595282000 ) ) ;
#5229 = B_SPLINE_CURVE_WITH_KNOTS ( 'NONE', 3,
 ( #275, #5475, #832, #6022 ),
 .UNSPECIFIED., .F., .F.,
 ( 4, 4 ),
 ( 0.0000000000000000000, 1.000000000000000000 ),
 .UNSPECIFIED. ) ;
#5230 = CARTESIAN_POINT ( 'NONE',  ( 328.2450572583727000, 88.07503118882117100, -44.02231655613854100 ) ) ;
#5231 = ORIENTED_EDGE ( 'NONE', *, *, #6228, .F. ) ;
#5232 = VECTOR ( 'NONE', #1809, 1000.000000000000000 ) ;
#5233 = CARTESIAN_POINT ( 'NONE',  ( 293.3045985453127300, 93.23231321626732900, -48.91970672486865400 ) ) ;
#5234 = CARTESIAN_POINT ( 'NONE',  ( 322.5067186283836800, 92.81456092110255400, -37.40470972860166700 ) ) ;
#5235 = CARTESIAN_POINT ( 'NONE',  ( 295.2663557096613000, 100.9999999999999900, -44.75398964879041600 ) ) ;
#5236 = CARTESIAN_POINT ( 'NONE',  ( 272.2799823156797200, 87.63380160319735500, -47.83135507884986000 ) ) ;
#5237 = ORIENTED_EDGE ( 'NONE', *, *, #4218, .T. ) ;
#5238 = ORIENTED_EDGE ( 'NONE', *, *, #2379, .F. ) ;
#5239 = CARTESIAN_POINT ( 'NONE',  ( 297.3966322490931000, 94.75821061547182500, -50.56133415360106700 ) ) ;
#5240 = VERTEX_POINT ( 'NONE', #90 ) ;
#5241 = CARTESIAN_POINT ( 'NONE',  ( 311.0007164283327400, 91.36327488814113500, -46.05002742308364800 ) ) ;
#5242 = CARTESIAN_POINT ( 'NONE',  ( 290.0998714613967300, 101.0000000000000000, -51.25807779752958000 ) ) ;
#5243 = ORIENTED_EDGE ( 'NONE', *, *, #6156, .F. ) ;
#5244 = CARTESIAN_POINT ( 'NONE',  ( 313.6211540499239200, 91.53382299510582200, -27.74705574424725200 ) ) ;
#5245 = CARTESIAN_POINT ( 'NONE',  ( 280.2412354117778900, 91.11470698985540700, -36.21944390285509000 ) ) ;
#5246 = ORIENTED_EDGE ( 'NONE', *, *, #6122, .F. ) ;
#5247 = ORIENTED_EDGE ( 'NONE', *, *, #1497, .F. ) ;
#5248 = EDGE_CURVE ( 'NONE', #3279, #6027, #1972, .T. ) ;
#5249 = CARTESIAN_POINT ( 'NONE',  ( 327.7944268714393800, 87.63379562971769600, -34.83130158756623700 ) ) ;
#5250 = CARTESIAN_POINT ( 'NONE',  ( 307.7752863458363800, 91.41515557634949100, -44.70481539681091500 ) ) ;
#5251 = CARTESIAN_POINT ( 'NONE',  ( 271.9455717306427100, 87.63380170034999100, -43.64920720063148000 ) ) ;
#5252 = CARTESIAN_POINT ( 'NONE',  ( 327.7444361882421000, 88.53245086043621400, -47.83130127256270500 ) ) ;
#5253 = CARTESIAN_POINT ( 'NONE',  ( 308.0962587118095300, 91.41427180478091000, -45.87475578737877400 ) ) ;
#5254 = CARTESIAN_POINT ( 'NONE',  ( 287.6405577284496100, 93.13584192573037500, -25.18732218767108200 ) ) ;
#5255 = AXIS2_PLACEMENT_3D ( 'NONE', #5903, #4756, #736 ) ;
#5256 = DIRECTION ( 'NONE',  ( 0.0000000000000000000, -1.000000000000000000, 0.0000000000000000000 ) ) ;
#5257 = EDGE_CURVE ( 'NONE', #3941, #2777, #3058, .T. ) ;
#5258 = VERTEX_POINT ( 'NONE', #3519 ) ;
#5259 = CARTESIAN_POINT ( 'NONE',  ( 326.1736793079356300, 92.56240625634210100, -54.11572675367564500 ) ) ;
#5260 = CARTESIAN_POINT ( 'NONE',  ( 302.8252106567063000, 93.26648654239170400, -53.69542712595575300 ) ) ;
#5261 = ORIENTED_EDGE ( 'NONE', *, *, #1881, .T. ) ;
#5262 = CARTESIAN_POINT ( 'NONE',  ( 272.9767162605655800, 88.46418689249317400, -26.02165746806467800 ) ) ;
#5263 = B_SPLINE_CURVE_WITH_KNOTS ( 'NONE', 3,
 ( #585, #1156, #6852, #5228, #6303, #3452, #6903, #6349, #1731, #2289, #6370, #3468, #5710, #2334, #5749, #93, #5798, #6279, #1702 ),
 .UNSPECIFIED., .F., .F.,
 ( 4, 2, 2, 2, 2, 2, 1, 2, 2, 4 ),
 ( 0.0000000000000000000, 0.1249999999999236400, 0.1874999999998973900, 0.2499999999998711600, 0.3749999999998186500, 0.4999999999997661900, 0.6249999999997136700, 0.6874999999997614100, 0.7499999999998091500, 1.000000000000000000 ),
 .UNSPECIFIED. ) ;
#5264 = CARTESIAN_POINT ( 'NONE',  ( 299.9993148045505800, 89.16770833396812200, -23.75190791275336400 ) ) ;
#5265 = CARTESIAN_POINT ( 'NONE',  ( 313.8653531542437900, 93.09948527637044400, -35.78511647564461400 ) ) ;
#5266 = ORIENTED_EDGE ( 'NONE', *, *, #1038, .T. ) ;
#5267 = ORIENTED_EDGE ( 'NONE', *, *, #6623, .F. ) ;
#5268 = CARTESIAN_POINT ( 'NONE',  ( 326.4710898419103300, 89.79130667675870800, -52.96255047995904200 ) ) ;
#5269 = CYLINDRICAL_SURFACE ( 'NONE', #6337, 2.649999999999999500 ) ;
#5270 = DIRECTION ( 'NONE',  ( 0.0000000000000000000, 1.000000000000000000, 0.0000000000000000000 ) ) ;
#5271 = B_SPLINE_CURVE_WITH_KNOTS ( 'NONE', 3,
 ( #5117, #1617, #2196, #1076, #6840, #3979, #5702, #1106, #6296, #6199, #6273, #474, #1692, #4551, #2275, #2832, #3899, #4603, #6771, #5725, #6873, #5676, #2247, #1, #1672, #2810, #3387, #546, #3921, #4007, #4577, #3411, #497, #1055, #2217, #1131, #1647, #577, #5073, #1153, #5649, #3362, #4529, #6226, #2166, #6793, #2734, #5099, #6255, #23, #5171, #1723, #3311, #3337, #7374, #2784 ),
 .UNSPECIFIED., .F., .F.,
 ( 4, 2, 1, 1, 1, 1, 2, 2, 2, 2, 2, 2, 2, 1, 1, 1, 1, 1, 2, 2, 2, 2, 2, 2, 2, 1, 1, 1, 1, 1, 2, 2, 2, 2, 4 ),
 ( 0.0000000000000000000, 0.0004882812497838065100, 0.0009765624995676130200, 0.001953124999135229500, 0.003906249998260127900, 0.007812499996509909800, 0.01562499999299900300, 0.03124999998598799700, 0.06249999997196598000, 0.1249999999439346100, 0.1874999999159032400, 0.2499999998878702500, 0.2504882811378852900, 0.2509765623879003900, 0.2519531248879435800, 0.2539062498880314500, 0.2578124998882055900, 0.2656249998885665300, 0.2812499998892882800, 0.3124999998907317400, 0.3749999998936269800, 0.4999999998994152400, 0.6249999999052035000, 0.7499999999109916400, 0.7504882811610115200, 0.7509765624110313900, 0.7519531249113851100, 0.7539062499120593500, 0.7578124999134092700, 0.7656249999162524400, 0.7812499999218378600, 0.8124999999330024800, 0.8749999999553349500, 0.9374999999776674200, 1.000000000000000000 ),
 .UNSPECIFIED. ) ;
#5272 = CARTESIAN_POINT ( 'NONE',  ( 287.1315673323821300, 90.09495666042582200, -28.58751090904771200 ) ) ;
#5273 = EDGE_CURVE ( 'NONE', #5404, #1202, #4497, .T. ) ;
#5274 = CARTESIAN_POINT ( 'NONE',  ( 272.1172628872921000, 87.63368932630838500, -47.80963616251116100 ) ) ;
#5275 = CARTESIAN_POINT ( 'NONE',  ( 287.2227665659476700, 91.59841191609903900, -26.51619769666365300 ) ) ;
#5276 = AXIS2_PLACEMENT_3D ( 'NONE', #52, #3394, #4614 ) ;
#5277 = CARTESIAN_POINT ( 'NONE',  ( 319.2496907527976200, 87.04085002963991300, -39.38975382918062000 ) ) ;
#5278 = CARTESIAN_POINT ( 'NONE',  ( 327.9497467101553500, 87.63380170035000600, -30.54263639141957400 ) ) ;
#5279 = CARTESIAN_POINT ( 'NONE',  ( 307.9998682273620100, 91.41579924169079200, -46.18446356777150200 ) ) ;
#5280 = CARTESIAN_POINT ( 'NONE',  ( 299.9998714613999500, 99.00000000000000000, -41.35807779753000100 ) ) ;
#5281 = DIRECTION ( 'NONE',  ( 0.01745240643922073600, 0.9998476951563574100, 0.0000000000000000000 ) ) ;
#5282 = CARTESIAN_POINT ( 'NONE',  ( 291.8398093584584100, 90.21926855799517900, -31.08076043461157300 ) ) ;
#5283 = CARTESIAN_POINT ( 'NONE',  ( 295.9969379047094000, 94.74274029149981400, -49.27631480878047700 ) ) ;
#5284 = CARTESIAN_POINT ( 'NONE',  ( 308.1844802621207600, 91.69554478430326600, -30.51655977466535000 ) ) ;
#5285 = AXIS2_PLACEMENT_3D ( 'NONE', #1094, #6338, #2872 ) ;
#5286 = CARTESIAN_POINT ( 'NONE',  ( 270.6820967203437400, 88.38208585574244600, -54.93119727993055800 ) ) ;
#5287 = CARTESIAN_POINT ( 'NONE',  ( 326.1016682288326400, 89.02803262903370300, -25.48379004292810300 ) ) ;
#5288 = CARTESIAN_POINT ( 'NONE',  ( 320.3572746631362000, 92.89819944438369200, -42.75843149787883800 ) ) ;
#5289 = CARTESIAN_POINT ( 'NONE',  ( 273.8695317367573200, 89.16672638714194900, -25.56051262565375400 ) ) ;
#5290 = CARTESIAN_POINT ( 'NONE',  ( 294.5959540868636900, 100.9441118286002400, -45.30807779752999000 ) ) ;
#5291 = FACE_OUTER_BOUND ( 'NONE', #6732, .T. ) ;
#5292 = EDGE_CURVE ( 'NONE', #5479, #7026, #2878, .T. ) ;
#5293 = CARTESIAN_POINT ( 'NONE',  ( 327.7693346828656300, 87.63380165710715600, -30.52256228126452300 ) ) ;
#5294 = EDGE_CURVE ( 'NONE', #1248, #1024, #3459, .T. ) ;
#5295 = VERTEX_POINT ( 'NONE', #2516 ) ;
#5296 = CARTESIAN_POINT ( 'NONE',  ( 272.0719106684490500, 88.25569870112229900, -34.83130146022000400 ) ) ;
#5297 = FACE_OUTER_BOUND ( 'NONE', #5016, .T. ) ;
#5298 = CARTESIAN_POINT ( 'NONE',  ( 278.5430933434685100, 91.05695084678851000, -53.37269047207578200 ) ) ;
#5299 = CARTESIAN_POINT ( 'NONE',  ( 328.3520107818740700, 88.47398410019866300, -30.85470692802734400 ) ) ;
#5300 = CARTESIAN_POINT ( 'NONE',  ( 299.9649154123999300, 94.37964182914998900, -52.83523229848000100 ) ) ;
#5301 = DIRECTION ( 'NONE',  ( 0.8183964053820567100, 0.5746540904385248900, 0.0000000000000000000 ) ) ;
#5302 = CARTESIAN_POINT ( 'NONE',  ( 305.6895764809999600, 97.93999999999998400, -45.30807779753000400 ) ) ;
#5303 = VERTEX_POINT ( 'NONE', #5966 ) ;
#5304 = LINE ( 'NONE', #6310, #3397 ) ;
#5305 = B_SPLINE_CURVE_WITH_KNOTS ( 'NONE', 3,
 ( #2613, #3764, #2809, #2245, #5722, #1669, #6836, #6195 ),
 .UNSPECIFIED., .F., .F.,
 ( 4, 2, 2, 4 ),
 ( 0.0000000000000000000, 0.4999999999999245000, 0.7499999999999622500, 1.000000000000000000 ),
 .UNSPECIFIED. ) ;
#5306 = CARTESIAN_POINT ( 'NONE',  ( 326.8533610075144800, 88.53933553592973700, -52.58641098911489600 ) ) ;
#5307 = EDGE_CURVE ( 'NONE', #393, #4801, #4302, .T. ) ;
#5308 = CARTESIAN_POINT ( 'NONE',  ( 324.5185833507645200, 90.93151261593814600, -26.35084539600547500 ) ) ;
#5309 = PLANE ( 'NONE',  #5255 ) ;
#5310 = CARTESIAN_POINT ( 'NONE',  ( 317.8421063862510300, 92.98519333656999200, -40.59961678927782500 ) ) ;
#5311 = ORIENTED_EDGE ( 'NONE', *, *, #4542, .F. ) ;
#5312 = FACE_OUTER_BOUND ( 'NONE', #816, .T. ) ;
#5313 = CARTESIAN_POINT ( 'NONE',  ( 293.0498714613999600, 99.00000000000000000, -46.30807779752999700 ) ) ;
#5314 = B_SPLINE_CURVE_WITH_KNOTS ( 'NONE', 3,
 ( #3885, #3858, #6701, #462 ),
 .UNSPECIFIED., .F., .F.,
 ( 4, 4 ),
 ( 0.0000000000000000000, 1.000000000000000000 ),
 .UNSPECIFIED. ) ;
#5315 = CARTESIAN_POINT ( 'NONE',  ( 299.2194160714806800, 91.04454221553001500, -30.46385163789994300 ) ) ;
#5316 = DIRECTION ( 'NONE',  ( 0.0000000000000000000, 0.9998476951563900500, 0.01745240643734817500 ) ) ;
#5317 = B_SPLINE_CURVE_WITH_KNOTS ( 'NONE', 3,
 ( #2390, #4757, #1318, #1976, #5377, #217, #2558, #5461, #1929, #7101, #4260, #3089, #6577 ),
 .UNSPECIFIED., .F., .F.,
 ( 4, 1, 2, 2, 2, 2, 4 ),
 ( 0.0000000000000000000, 0.2499999999999136200, 0.3749999999998576100, 0.4999999999998016000, 0.6249999999997456500, 0.7499999999996895800, 1.000000000000000000 ),
 .UNSPECIFIED. ) ;
#5318 = CARTESIAN_POINT ( 'NONE',  ( 327.7596690126796400, 87.63380170034997700, -47.83135687991310200 ) ) ;
#5319 = ORIENTED_EDGE ( 'NONE', *, *, #2489, .T. ) ;
#5320 = ORIENTED_EDGE ( 'NONE', *, *, #1265, .T. ) ;
#5321 = EDGE_CURVE ( 'NONE', #3352, #7257, #4049, .T. ) ;
#5322 = FACE_BOUND ( 'NONE', #6437, .T. ) ;
#5323 = CARTESIAN_POINT ( 'NONE',  ( 272.8298543183884100, 88.60093241709451200, -34.31122473504289200 ) ) ;
#5324 = CARTESIAN_POINT ( 'NONE',  ( 303.5346493534179900, 91.85823198274563600, -37.81607816147182900 ) ) ;
#5325 = CARTESIAN_POINT ( 'NONE',  ( 278.5430933434685100, 91.05695084678851000, -25.71436710406420200 ) ) ;
#5326 = ORIENTED_EDGE ( 'NONE', *, *, #235, .F. ) ;
#5327 = FACE_OUTER_BOUND ( 'NONE', #4333, .T. ) ;
#5328 = ORIENTED_EDGE ( 'NONE', *, *, #3755, .T. ) ;
#5329 = ORIENTED_EDGE ( 'NONE', *, *, #4834, .F. ) ;
#5330 = EDGE_LOOP ( 'NONE', ( #6551, #4155, #6036, #6223, #1276, #4344, #6423 ) ) ;
#5331 = CARTESIAN_POINT ( 'NONE',  ( 292.9478334559129800, 91.42422508116304400, -46.83378082915042700 ) ) ;
#5332 = CARTESIAN_POINT ( 'NONE',  ( 299.3846429000710100, 94.76874564476025900, -51.00807779752987200 ) ) ;
#5333 = CARTESIAN_POINT ( 'NONE',  ( 295.7762368689008700, 94.73900536167775500, -43.65855348394908500 ) ) ;
#5334 = VERTEX_POINT ( 'NONE', #2976 ) ;
#5335 = LINE ( 'NONE', #4328, #6659 ) ;
#5336 = CARTESIAN_POINT ( 'NONE',  ( 287.6098116655447800, 93.13482493634151600, -25.18809193163036400 ) ) ;
#5337 = CARTESIAN_POINT ( 'NONE',  ( 307.5374353723640300, 91.41823902544720700, -39.73463952854162800 ) ) ;
#5338 = CARTESIAN_POINT ( 'NONE',  ( 318.0289978950980900, 92.97911963979362300, -41.08809443494448700 ) ) ;
#5339 = CARTESIAN_POINT ( 'NONE',  ( 272.2809084877000600, 87.93295863766464000, -47.83130146022000400 ) ) ;
#5340 = PLANE ( 'NONE',  #5530 ) ;
#5341 = DIRECTION ( 'NONE',  ( 0.0000000000000000000, 0.9998479021228624500, 0.01744054530428395000 ) ) ;
#5342 = EDGE_CURVE ( 'NONE', #3150, #2906, #4650, .T. ) ;
#5343 = EDGE_LOOP ( 'NONE', ( #2358, #5034, #1120, #5029 ) ) ;
#5344 = CARTESIAN_POINT ( 'NONE',  ( 328.3791568582696000, 87.63380228881068500, -32.15433155600776200 ) ) ;
#5346 = ORIENTED_EDGE ( 'NONE', *, *, #2761, .T. ) ;
#5345 = CARTESIAN_POINT ( 'NONE',  ( 327.9107717259232700, 87.63380170035000600, -47.79488549706671600 ) ) ;
#5347 = CARTESIAN_POINT ( 'NONE',  ( 272.7110868276963600, 88.59940342345593900, -34.59979094178188300 ) ) ;
#5348 = CARTESIAN_POINT ( 'NONE',  ( 305.6035589965499100, 90.24696848125007900, -32.47332812377455000 ) ) ;
#5349 = CARTESIAN_POINT ( 'NONE',  ( 292.0037123958218200, 91.41209402863715600, -48.05786546511467300 ) ) ;
#5350 = CARTESIAN_POINT ( 'NONE',  ( 322.2106497678000200, 88.54085002964015400, -39.58602611487076900 ) ) ;
#5351 = EDGE_CURVE ( 'NONE', #2100, #6133, #6183, .T. ) ;
#5352 = CARTESIAN_POINT ( 'NONE',  ( 320.0162913293299300, 92.91069575179712100, -36.87762621689045500 ) ) ;
#5353 = CARTESIAN_POINT ( 'NONE',  ( 272.9588902951518300, 89.02244670486203400, -51.92643442207615600 ) ) ;
#5354 = B_SPLINE_CURVE_WITH_KNOTS ( 'NONE', 3,
 ( #4749, #5323, #2450, #1327, #5347, #1887, #4095, #653 ),
 .UNSPECIFIED., .F., .F.,
 ( 4, 2, 2, 4 ),
 ( 0.0000000000000000000, 0.2500000000000000000, 0.5000000000000000000, 1.000000000000000000 ),
 .UNSPECIFIED. ) ;
#5355 = CARTESIAN_POINT ( 'NONE',  ( 295.0199235918599900, 94.72947462271169200, -46.44858812090281200 ) ) ;
#5356 = DIRECTION ( 'NONE',  ( 1.000000000000000000, -0.0000000000000000000, 0.0000000000000000000 ) ) ;
#5357 = VECTOR ( 'NONE', #6997, 1000.000000000000000 ) ;
#5358 = DIRECTION ( 'NONE',  ( 0.0000000000000000000, 0.0000000000000000000, -1.000000000000000000 ) ) ;
#5359 = CARTESIAN_POINT ( 'NONE',  ( 308.0569344718692800, 91.41138816545935700, -39.73407845395445300 ) ) ;
#5360 = B_SPLINE_CURVE_WITH_KNOTS ( 'NONE', 3,
 ( #1713, #6313, #3436, #5186, #3458, #62, #489, #4520, #1068, #614, #2902, #4080, #636, #3501, #99, #4121, #663, #4691, #6746, #5655, #6563 ),
 .UNSPECIFIED., .F., .F.,
 ( 4, 2, 2, 1, 2, 2, 1, 1, 1, 1, 2, 2, 4 ),
 ( 0.0000000000000000000, 0.4999999999994706500, 0.5624999999994040300, 0.5703124999993971500, 0.5712890624993974800, 0.5722656249993978200, 0.5742187499994015900, 0.5781249999994060300, 0.5937499999994267900, 0.6249999999994716400, 0.7499999999996478400, 0.8749999999998239200, 1.000000000000000000 ),
 .UNSPECIFIED. ) ;
#5361 = CARTESIAN_POINT ( 'NONE',  ( 318.3014667643190000, 92.97015024817845600, -41.54039824966996300 ) ) ;
#5362 = CARTESIAN_POINT ( 'NONE',  ( 300.2112738112757600, 90.29579820208410000, -39.71319427949883600 ) ) ;
#5363 = CARTESIAN_POINT ( 'NONE',  ( 311.6654056464357200, 93.15057733548658800, -37.83929315618259200 ) ) ;
#5364 = EDGE_CURVE ( 'NONE', #5512, #3931, #1415, .T. ) ;
#5365 = CARTESIAN_POINT ( 'NONE',  ( 287.7020572904493200, 93.13693369800358800, -25.18574717284683500 ) ) ;
#5366 = CARTESIAN_POINT ( 'NONE',  ( 327.8404239339133100, 87.63380170034997700, -34.83126220538707700 ) ) ;
#5367 = CARTESIAN_POINT ( 'NONE',  ( 272.9510493892393000, 88.53111824303623200, -51.92862556466163700 ) ) ;
#5368 = ADVANCED_FACE ( 'NONE', ( #5656, #1244 ), #4584, .F. ) ;
#5369 = CARTESIAN_POINT ( 'NONE',  ( 320.3614091023862900, 88.90469878837039600, -55.18338166119296800 ) ) ;
#5370 = CARTESIAN_POINT ( 'NONE',  ( 292.2031750946534300, 91.72518963898976100, -33.37970502870581400 ) ) ;
#5371 = CARTESIAN_POINT ( 'NONE',  ( 312.3899128487275300, 91.33455844491875600, -39.55114808507788400 ) ) ;
#5372 =( BOUNDED_CURVE ( )  B_SPLINE_CURVE ( 3, ( #5081, #5654, #3344, #7383 ),
 .UNSPECIFIED., .F., .F. ) 
 B_SPLINE_CURVE_WITH_KNOTS ( ( 4, 4 ),
 ( 0.0000000000000000000, 1.000000000000000000 ),
 .UNSPECIFIED. ) 
 CURVE ( )  GEOMETRIC_REPRESENTATION_ITEM ( )  RATIONAL_B_SPLINE_CURVE ( ( 0.9998728144256434600, 0.9998733473820712300, 0.9998738794988923900, 0.9998744107311057200 ) ) 
 REPRESENTATION_ITEM ( '' )  );
#5373 = CARTESIAN_POINT ( 'NONE',  ( 271.8517738689528200, 87.63380170035000600, -30.60547801343724900 ) ) ;
#5374 = CARTESIAN_POINT ( 'NONE',  ( 323.9354061311973400, 90.95495378093400500, -41.58978074569886000 ) ) ;
#5375 = EDGE_CURVE ( 'NONE', #4055, #3585, #3168, .T. ) ;
#5376 = CARTESIAN_POINT ( 'NONE',  ( 279.2893471838999600, 87.04085002963999800, -43.46247923879000300 ) ) ;
#5377 = CARTESIAN_POINT ( 'NONE',  ( 329.3359729487770000, 88.29280366923492800, -23.79140076061828400 ) ) ;
#5378 = VERTEX_POINT ( 'NONE', #7108 ) ;
#5379 = LINE ( 'NONE', #2757, #799 ) ;
#5380 = CARTESIAN_POINT ( 'NONE',  ( 327.4319931290468200, 87.63380170022975300, -43.58183713569391000 ) ) ;
#5381 = CARTESIAN_POINT ( 'NONE',  ( 328.3376815027919500, 88.58997025900666200, -37.45115069970423600 ) ) ;
#5382 = CARTESIAN_POINT ( 'NONE',  ( 299.4578167572696500, 93.27370090665385800, -53.46671965529260700 ) ) ;
#5383 = VERTEX_POINT ( 'NONE', #791 ) ;
#5384 = CARTESIAN_POINT ( 'NONE',  ( 327.4566083961761400, 88.59316277221029200, -34.76533995485988300 ) ) ;
#5385 = CARTESIAN_POINT ( 'NONE',  ( 281.5359100008352600, 91.16022689759285000, -42.70704326834371800 ) ) ;
#5386 = ORIENTED_EDGE ( 'NONE', *, *, #3799, .F. ) ;
#5387 = FACE_BOUND ( 'NONE', #2704, .T. ) ;
#5388 = CARTESIAN_POINT ( 'NONE',  ( 328.1323565025280100, 87.63380170034999100, -47.62254370478707700 ) ) ;
#5389 = CARTESIAN_POINT ( 'NONE',  ( 290.7350921097692000, 91.39348391051594000, -44.30808958481404900 ) ) ;
#5390 = AXIS2_PLACEMENT_3D ( 'NONE', #1778, #5805, #5736 ) ;
#5391 = CARTESIAN_POINT ( 'NONE',  ( 317.2084343822382400, 91.20190527318069900, -40.93656986105608600 ) ) ;
#5392 = EDGE_CURVE ( 'NONE', #4336, #5439, #2577, .T. ) ;
#5393 = CARTESIAN_POINT ( 'NONE',  ( 300.5876969371999500, 93.14650351161000700, -53.95989328697999100 ) ) ;
#5394 = CARTESIAN_POINT ( 'NONE',  ( 270.6434999808137700, 88.29130188753836700, -23.78120261771087500 ) ) ;
#5395 = CARTESIAN_POINT ( 'NONE',  ( 302.3528023387227100, 91.46825233207667300, -42.23661927676978700 ) ) ;
#5396 = EDGE_LOOP ( 'NONE', ( #5768, #1539, #7203, #97, #4413, #5425, #414, #3835, #4535, #3324, #6284, #2134 ) ) ;
#5397 = CARTESIAN_POINT ( 'NONE',  ( 314.6724179862650900, 91.27769216749605600, -37.13782543057471500 ) ) ;
#5398 = LINE ( 'NONE', #4403, #635 ) ;
#5399 = CARTESIAN_POINT ( 'NONE',  ( 324.7986214265999400, 91.19623891922999800, -26.49519011757999800 ) ) ;
#5400 = CARTESIAN_POINT ( 'NONE',  ( 300.0068042236081900, 90.29605756204519200, -24.91897562256685500 ) ) ;
#5401 = CARTESIAN_POINT ( 'NONE',  ( 301.9446454644999000, 93.27094529783003900, -53.76326286704000500 ) ) ;
#5402 = CARTESIAN_POINT ( 'NONE',  ( 304.9814758233756000, 94.72950865593375600, -46.32831378679230700 ) ) ;
#5403 = CARTESIAN_POINT ( 'NONE',  ( 271.9730925127683500, 87.63380170035000600, -30.54718498884764000 ) ) ;
#5404 = VERTEX_POINT ( 'NONE', #3069 ) ;
#5405 = B_SPLINE_CURVE_WITH_KNOTS ( 'NONE', 3,
 ( #1417, #7325, #2138, #2037 ),
 .UNSPECIFIED., .F., .F.,
 ( 4, 4 ),
 ( 0.0000000000000000000, 1.000000000000000000 ),
 .UNSPECIFIED. ) ;
#5406 = CARTESIAN_POINT ( 'NONE',  ( 295.1846348940915700, 94.73100133021816300, -44.99453768550967700 ) ) ;
#5407 = EDGE_CURVE ( 'NONE', #4143, #4849, #878, .T. ) ;
#5408 = EDGE_CURVE ( 'NONE', #7106, #3526, #6096, .T. ) ;
#5410 = ADVANCED_FACE ( 'NONE', ( #7164 ), #5867, .F. ) ;
#5409 = CARTESIAN_POINT ( 'NONE',  ( 274.3427678462555300, 90.88490557925352700, -26.84680788620972800 ) ) ;
#5411 = DIRECTION ( 'NONE',  ( -0.0000000000000000000, -1.000000000000000000, -0.0000000000000000000 ) ) ;
#5412 = B_SPLINE_CURVE_WITH_KNOTS ( 'NONE', 3,
 ( #4882, #1975, #1999, #3747 ),
 .UNSPECIFIED., .F., .F.,
 ( 4, 4 ),
 ( 0.0000000000000000000, 1.000000000000000000 ),
 .UNSPECIFIED. ) ;
#5413 = CARTESIAN_POINT ( 'NONE',  ( 287.1315651793246400, 90.09494230298534500, -33.35575983363383300 ) ) ;
#5414 = CARTESIAN_POINT ( 'NONE',  ( 311.6461685735196200, 91.60177087867205600, -26.51408576494218400 ) ) ;
#5415 = AXIS2_PLACEMENT_3D ( 'NONE', #3972, #1715, #6939 ) ;
#5416 = CARTESIAN_POINT ( 'NONE',  ( 272.8610715575555900, 91.07854413160480100, -54.45632638537120600 ) ) ;
#5417 = ORIENTED_EDGE ( 'NONE', *, *, #6065, .F. ) ;
#5418 = ORIENTED_EDGE ( 'NONE', *, *, #2327, .T. ) ;
#5419 = ORIENTED_EDGE ( 'NONE', *, *, #5351, .F. ) ;
#5420 = CARTESIAN_POINT ( 'NONE',  ( 309.9765629268813400, 91.38357163493289200, -46.55949385356122900 ) ) ;
#5421 = CARTESIAN_POINT ( 'NONE',  ( 328.0659901757907200, 87.63380170035000600, -47.69538683721449200 ) ) ;
#5422 = CARTESIAN_POINT ( 'NONE',  ( 289.7752312522846400, 91.37745353197713900, -44.70485724111457400 ) ) ;
#5423 = EDGE_LOOP ( 'NONE', ( #1562, #6075, #5058, #6107 ) ) ;
#5424 = CARTESIAN_POINT ( 'NONE',  ( 299.4844680057971100, 90.29627345894046200, -39.71359706067411800 ) ) ;
#5425 = ORIENTED_EDGE ( 'NONE', *, *, #7329, .T. ) ;
#5426 = EDGE_LOOP ( 'NONE', ( #981, #1016, #1659 ) ) ;
#5427 = CARTESIAN_POINT ( 'NONE',  ( 285.1363043573460900, 91.02533950313659300, -35.72243054558741400 ) ) ;
#5428 = CARTESIAN_POINT ( 'NONE',  ( 292.7018744069375200, 91.73421757941415000, -33.61010520961956200 ) ) ;
#5429 = CARTESIAN_POINT ( 'NONE',  ( 296.7881663295895600, 91.46186045529816500, -49.74051508271222800 ) ) ;
#5430 = CARTESIAN_POINT ( 'NONE',  ( 309.9742904432658900, 85.46874564476000600, -46.56855814572973900 ) ) ;
#5431 = CARTESIAN_POINT ( 'NONE',  ( 302.8320088246367700, 93.26645169455018400, -53.69518895756348800 ) ) ;
#5432 = CARTESIAN_POINT ( 'NONE',  ( 304.8416867261682300, 94.73045559399935200, -47.51700287932062100 ) ) ;
#5433 = AXIS2_PLACEMENT_3D ( 'NONE', #4736, #616, #4651 ) ;
#5434 = CARTESIAN_POINT ( 'NONE',  ( 272.2309084876999900, 87.94806149765959400, -34.83130146022000400 ) ) ;
#5435 = CARTESIAN_POINT ( 'NONE',  ( 323.7518979629808800, 90.96231158000873100, -41.88392809704515700 ) ) ;
#5436 = CARTESIAN_POINT ( 'NONE',  ( 274.4491710107868700, 90.88925901844440600, -26.68622548419704200 ) ) ;
#5437 = DIRECTION ( 'NONE',  ( -1.000000000000000000, 0.0000000000000000000, 0.0000000000000000000 ) ) ;
#5438 = CARTESIAN_POINT ( 'NONE',  ( 271.6312769524649300, 88.58718069713398800, -37.40337432864711100 ) ) ;
#5439 = VERTEX_POINT ( 'NONE', #3662 ) ;
#5440 = SHAPE_DEFINITION_REPRESENTATION ( #5944, #21 ) ;
#5441 = DIRECTION ( 'NONE',  ( 0.0000000000000000000, 0.0000000000000000000, -1.000000000000000000 ) ) ;
#5442 = AXIS2_PLACEMENT_3D ( 'NONE', #4874, #2016, #901 ) ;
#5443 = CARTESIAN_POINT ( 'NONE',  ( 309.8046271474910300, 91.38659262432437900, -45.69861038464914300 ) ) ;
#5444 = CARTESIAN_POINT ( 'NONE',  ( 328.2233107462794800, 87.63380170034996300, -47.39623949509896100 ) ) ;
#5445 = CARTESIAN_POINT ( 'NONE',  ( 291.2628727224021600, 85.46874564476000600, -48.30793314682191000 ) ) ;
#5446 = FACE_BOUND ( 'NONE', #6485, .T. ) ;
#5447 = CARTESIAN_POINT ( 'NONE',  ( 300.9419550250683000, 93.27311786418401600, -53.74553827310424500 ) ) ;
#5448 = CARTESIAN_POINT ( 'NONE',  ( 313.8378789887194100, 91.52546515343271900, -35.61232443244858100 ) ) ;
#5449 = ADVANCED_FACE ( 'NONE', ( #5514 ), #6655, .T. ) ;
#5450 = CARTESIAN_POINT ( 'NONE',  ( 271.7764731921033100, 87.63380133353460600, -47.33116679522920100 ) ) ;
#5451 = CARTESIAN_POINT ( 'NONE',  ( 291.9855808853118300, 91.72071464174439400, -33.19275418440197000 ) ) ;
#5452 = CARTESIAN_POINT ( 'NONE',  ( 301.9428848537760900, 91.47112929618214100, -42.02578478491653900 ) ) ;
#5453 = DIRECTION ( 'NONE',  ( 0.0000000000000000000, -1.000000000000000000, 0.0000000000000000000 ) ) ;
#5454 = EDGE_CURVE ( 'NONE', #2165, #1203, #7331, .T. ) ;
#5455 = CARTESIAN_POINT ( 'NONE',  ( 299.0295200421999800, 93.25480661191001300, -53.79696139716000400 ) ) ;
#5456 = CARTESIAN_POINT ( 'NONE',  ( 295.4221998810585300, 94.76874564476028700, -47.53829285401728600 ) ) ;
#5457 = B_SPLINE_CURVE_WITH_KNOTS ( 'NONE', 3,
 ( #2866, #54, #4041, #6853 ),
 .UNSPECIFIED., .F., .F.,
 ( 4, 4 ),
 ( 0.0000000000000000000, 1.000000000000000000 ),
 .UNSPECIFIED. ) ;
#5458 = CARTESIAN_POINT ( 'NONE',  ( 328.2539783277452400, 88.21633226436809100, -47.33130146019608000 ) ) ;
#5459 = ORIENTED_EDGE ( 'NONE', *, *, #975, .T. ) ;
#5460 = CARTESIAN_POINT ( 'NONE',  ( 274.7992509535131400, 90.90355080452567900, -26.44335697322403100 ) ) ;
#5461 = CARTESIAN_POINT ( 'NONE',  ( 329.2898315690400200, 88.29479992054554300, -23.74810595457830300 ) ) ;
#5462 = B_SPLINE_CURVE_WITH_KNOTS ( 'NONE', 3,
 ( #6581, #5366, #4312, #1910, #3122, #241, #793, #4837, #1392, #5468, #4290, #4860, #1410, #7157, #3714, #866, #374, #952, #6631, #1561, #6092, #6656 ),
 .UNSPECIFIED., .F., .F.,
 ( 4, 1, 1, 1, 2, 2, 1, 1, 2, 2, 1, 2, 2, 4 ),
 ( 0.0000000000000000000, 0.1249999999986016200, 0.1874999999979024300, 0.2187499999976287600, 0.2343749999975589200, 0.2499999999974890600, 0.3749999999976396100, 0.4374999999977073300, 0.4687499999977495800, 0.4999999999977917700, 0.6249999999983070200, 0.6874999999985737000, 0.7499999999988403700, 1.000000000000000000 ),
 .UNSPECIFIED. ) ;
#5463 = CARTESIAN_POINT ( 'NONE',  ( 327.3172022130441400, 88.59851556550472700, -34.62783363867685400 ) ) ;
#5464 = CARTESIAN_POINT ( 'NONE',  ( 304.2819139043600100, 94.73804119843690300, -43.75999788678236500 ) ) ;
#5465 = EDGE_CURVE ( 'NONE', #6914, #1894, #2875, .T. ) ;
#5466 = DIRECTION ( 'NONE',  ( 0.0000000000000000000, 1.000000000000000000, 1.156482317317784800E-014 ) ) ;
#5467 = CARTESIAN_POINT ( 'NONE',  ( 299.9998714614055200, 94.76874564476014500, -41.60807779752968800 ) ) ;
#5468 = CARTESIAN_POINT ( 'NONE',  ( 328.1295334899289200, 87.63380170035002000, -34.73146956011484600 ) ) ;
#5469 = CARTESIAN_POINT ( 'NONE',  ( 289.3931977466670000, 91.37058974529118400, -47.52836344826928900 ) ) ;
#5470 = CARTESIAN_POINT ( 'NONE',  ( 320.7106497677933700, 88.54085002964008300, -41.28237565572000300 ) ) ;
#5471 = CARTESIAN_POINT ( 'NONE',  ( 312.6760354647934200, 91.56700271341388500, -37.57419074239963000 ) ) ;
#5472 = CYLINDRICAL_SURFACE ( 'NONE', #5558, 2.649999999999999500 ) ;
#5473 = CARTESIAN_POINT ( 'NONE',  ( 303.0984039655050400, 91.46271539753186600, -42.77304889685132100 ) ) ;
#5474 = CARTESIAN_POINT ( 'NONE',  ( 299.3793323976336200, 91.47985413642503300, -41.60809517048138400 ) ) ;
#5475 = CARTESIAN_POINT ( 'NONE',  ( 274.2646722885279500, 89.35308307942506200, -53.22232866739135200 ) ) ;
#5476 = CARTESIAN_POINT ( 'NONE',  ( 272.9510493892393000, 88.53111824303623200, -51.92862556466163700 ) ) ;
#5477 = CARTESIAN_POINT ( 'NONE',  ( 297.1345936936999700, 93.26628829673001100, -53.69501401629000300 ) ) ;
#5478 = CARTESIAN_POINT ( 'NONE',  ( 308.0253180867495600, 85.46874564475999100, -46.56861381305360200 ) ) ;
#5479 = VERTEX_POINT ( 'NONE', #195 ) ;
#5480 = PLANE ( 'NONE',  #3710 ) ;
#5481 = ADVANCED_FACE ( 'NONE', ( #2612 ), #4153, .T. ) ;
#5482 = EDGE_CURVE ( 'NONE', #4278, #5870, #3805, .T. ) ;
#5483 = ORIENTED_EDGE ( 'NONE', *, *, #1488, .T. ) ;
#5484 = FACE_BOUND ( 'NONE', #1470, .T. ) ;
#5485 = CARTESIAN_POINT ( 'NONE',  ( 329.4360981392000600, 88.21378990636998200, -23.95469881263999300 ) ) ;
#5486 = CARTESIAN_POINT ( 'NONE',  ( 304.7396595881231200, 94.73183286581644300, -44.75440028130108100 ) ) ;
#5487 = CARTESIAN_POINT ( 'NONE',  ( 326.9907117467299700, 89.24999583608170900, -26.49298781766707100 ) ) ;
#5488 = ORIENTED_EDGE ( 'NONE', *, *, #6645, .T. ) ;
#5489 = FACE_OUTER_BOUND ( 'NONE', #7400, .T. ) ;
#5490 = CARTESIAN_POINT ( 'NONE',  ( 281.8739146329239100, 92.97594506341774000, -41.27322594374813700 ) ) ;
#5491 = CARTESIAN_POINT ( 'NONE',  ( 313.6837707381974400, 91.53156045281110700, -36.43433985258521100 ) ) ;
#5492 = CARTESIAN_POINT ( 'NONE',  ( 300.5829797031000200, 90.47215759085999300, -54.59086931696000300 ) ) ;
#5493 = CARTESIAN_POINT ( 'NONE',  ( 299.4129292767000300, 93.14740777783001100, -53.95967459790999500 ) ) ;
#5494 = CARTESIAN_POINT ( 'NONE',  ( 304.6702761232149300, 91.44951435196040300, -46.91788874328199900 ) ) ;
#5495 = DIRECTION ( 'NONE',  ( -0.05233596169990685500, -0.9986295344685866000, 0.0000000000000000000 ) ) ;
#5496 = EDGE_LOOP ( 'NONE', ( #6142, #471, #3388, #3685, #889 ) ) ;
#5497 = EDGE_LOOP ( 'NONE', ( #7385, #746 ) ) ;
#5498 = CARTESIAN_POINT ( 'NONE',  ( 0.0000000000000000000, 0.0000000000000000000, 0.0000000000000000000 ) ) ;
#5499 = CARTESIAN_POINT ( 'NONE',  ( 327.7534485161782500, 88.25704657771686400, -43.52256193297000700 ) ) ;
#5500 = CARTESIAN_POINT ( 'NONE',  ( 307.9999441942533700, 85.46874564475999100, -46.44031933573309300 ) ) ;
#5501 = B_SPLINE_CURVE_WITH_KNOTS ( 'NONE', 3,
 ( #6386, #603, #1175, #5771 ),
 .UNSPECIFIED., .F., .F.,
 ( 4, 4 ),
 ( 0.0000000000000000000, 1.000000000000000000 ),
 .UNSPECIFIED. ) ;
#5502 = DIRECTION ( 'NONE',  ( 0.0000000000000000000, 0.0000000000000000000, -1.000000000000000000 ) ) ;
#5503 = ORIENTED_EDGE ( 'NONE', *, *, #2515, .F. ) ;
#5504 = FACE_BOUND ( 'NONE', #988, .T. ) ;
#5505 = ORIENTED_EDGE ( 'NONE', *, *, #4009, .T. ) ;
#5506 = EDGE_CURVE ( 'NONE', #7289, #1547, #5556, .T. ) ;
#5507 = EDGE_LOOP ( 'NONE', ( #659, #1103, #75, #1086 ) ) ;
#5508 = B_SPLINE_CURVE_WITH_KNOTS ( 'NONE', 3,
 ( #1362, #2560, #2513, #4787 ),
 .UNSPECIFIED., .F., .F.,
 ( 4, 4 ),
 ( 0.0000000000000000000, 1.000000000000000000 ),
 .UNSPECIFIED. ) ;
#5509 = CARTESIAN_POINT ( 'NONE',  ( 272.0557054313481400, 88.56665985582238000, -34.83131708057121800 ) ) ;
#5510 = CARTESIAN_POINT ( 'NONE',  ( 272.5668936341450600, 88.54696888837582900, -47.77318948367496200 ) ) ;
#5511 = STYLED_ITEM ( 'NONE', ( #6692 ), #6607 ) ;
#5512 = VERTEX_POINT ( 'NONE', #263 ) ;
#5513 = EDGE_LOOP ( 'NONE', ( #6293, #2813, #4063, #1563 ) ) ;
#5514 = FACE_OUTER_BOUND ( 'NONE', #1951, .T. ) ;
#5515 = DIRECTION ( 'NONE',  ( 0.8184059944931478800, 0.5746404338172539400, -0.0000000000000000000 ) ) ;
#5517 = ORIENTED_EDGE ( 'NONE', *, *, #4880, .T. ) ;
#5516 = CARTESIAN_POINT ( 'NONE',  ( 288.9999434867534700, 85.46874564475999100, -46.04616740839209400 ) ) ;
#5518 = CARTESIAN_POINT ( 'NONE',  ( 307.1427683213000300, 93.70097149128001500, -46.30303585727000400 ) ) ;
#5519 = CARTESIAN_POINT ( 'NONE',  ( 270.8310228692082000, 88.30091653030663700, -23.69971675300045900 ) ) ;
#5520 = CARTESIAN_POINT ( 'NONE',  ( 313.6211173195351300, 91.53383501603235600, -36.58042458905963900 ) ) ;
#5521 = ADVANCED_FACE ( 'NONE', ( #3983 ), #2262, .T. ) ;
#5522 = CARTESIAN_POINT ( 'NONE',  ( 326.9498121882986700, 88.46609342682329200, -25.88805879739884500 ) ) ;
#5523 = CARTESIAN_POINT ( 'NONE',  ( 319.5266985070999800, 88.86114888655001200, -54.96780117583000400 ) ) ;
#5524 = CARTESIAN_POINT ( 'NONE',  ( 303.1100868831516100, 91.46262954269954500, -49.83534041807396900 ) ) ;
#5525 = CARTESIAN_POINT ( 'NONE',  ( 291.3222195630492600, 91.40521344791719100, -47.26370657269883700 ) ) ;
#5526 =( NAMED_UNIT ( * ) PLANE_ANGLE_UNIT ( ) SI_UNIT ( $, .RADIAN. ) );
#5527 = CARTESIAN_POINT ( 'NONE',  ( 299.9998714613999500, 99.00000000000000000, -46.30807779752999700 ) ) ;
#5528 = CARTESIAN_POINT ( 'NONE',  ( 297.4251630540000000, 93.26609093829004800, -53.04930471008998400 ) ) ;
#5529 = CARTESIAN_POINT ( 'NONE',  ( 293.7037058707000500, 94.23222441695998000, -46.30364227057999200 ) ) ;
#5530 = AXIS2_PLACEMENT_3D ( 'NONE', #5862, #2514, #4742 ) ;
#5531 = ORIENTED_EDGE ( 'NONE', *, *, #6, .T. ) ;
#5532 = CARTESIAN_POINT ( 'NONE',  ( 284.9308784602945900, 90.01687402286238200, -38.36264957503205200 ) ) ;
#5533 = ORIENTED_EDGE ( 'NONE', *, *, #6326, .T. ) ;
#5534 = CARTESIAN_POINT ( 'NONE',  ( 273.7953746369083200, 92.56102633207410700, -54.11609534060671900 ) ) ;
#5535 = CARTESIAN_POINT ( 'NONE',  ( 325.4114974470901400, 90.89512629000684300, -25.67216573624048300 ) ) ;
#5536 = CARTESIAN_POINT ( 'NONE',  ( 327.4558998106283000, 87.63380170034012900, -30.58722316785058100 ) ) ;
#5537 = ORIENTED_EDGE ( 'NONE', *, *, #6693, .T. ) ;
#5538 = CARTESIAN_POINT ( 'NONE',  ( 272.2297958123277800, 88.53749587819380900, -47.33130146021999700 ) ) ;
#5539 = CARTESIAN_POINT ( 'NONE',  ( 285.6605514999831100, 93.08737802361537200, -27.21432196848850900 ) ) ;
#5540 = CARTESIAN_POINT ( 'NONE',  ( 272.1923872217218400, 87.63380334114351900, -47.83162661822088800 ) ) ;
#5541 = CYLINDRICAL_SURFACE ( 'NONE', #4200, 3.499999999989692700 ) ;
#5542 = AXIS2_PLACEMENT_3D ( 'NONE', #3173, #4262, #5437 ) ;
#5543 = EDGE_CURVE ( 'NONE', #5780, #3199, #6798, .T. ) ;
#5544 = CARTESIAN_POINT ( 'NONE',  ( 299.5295182865407400, 93.27320509173650000, -53.74902526951498800 ) ) ;
#5545 = CARTESIAN_POINT ( 'NONE',  ( 299.8215484906999700, 94.29028845183999900, -51.99029699676000100 ) ) ;
#5546 = CARTESIAN_POINT ( 'NONE',  ( 308.7086066001622800, 89.17707596578146900, -24.32331681610625700 ) ) ;
#5547 = CARTESIAN_POINT ( 'NONE',  ( 313.2011868189949300, 91.54876343375623500, -37.16104522230340000 ) ) ;
#5548 = CARTESIAN_POINT ( 'NONE',  ( 326.9123349058426700, 88.46650416833411200, -25.79402562691964500 ) ) ;
#5549 = CARTESIAN_POINT ( 'NONE',  ( 291.7039012429098600, 91.41131208481074600, -45.59789427187158100 ) ) ;
#5550 =( NAMED_UNIT ( * ) SI_UNIT ( $, .STERADIAN. ) SOLID_ANGLE_UNIT ( ) );
#5551 = EDGE_CURVE ( 'NONE', #5564, #1463, #3746, .T. ) ;
#5552 = CARTESIAN_POINT ( 'NONE',  ( 298.1835494948999200, 93.22599853955003400, -39.04678010750999600 ) ) ;
#5553 = CARTESIAN_POINT ( 'NONE',  ( 285.5800537882899400, 90.04126605748633900, -39.01250207855108000 ) ) ;
#5554 = VERTEX_POINT ( 'NONE', #3687 ) ;
#5555 = ORIENTED_EDGE ( 'NONE', *, *, #4922, .T. ) ;
#5556 = B_SPLINE_CURVE_WITH_KNOTS ( 'NONE', 3,
 ( #3730, #4890, #6008, #318, #3712, #7235, #2608, #4337, #4365, #1457 ),
 .UNSPECIFIED., .F., .F.,
 ( 4, 2, 2, 2, 4 ),
 ( 0.0000000000000000000, 0.2500000000000000000, 0.5000000000000000000, 0.7500000000000000000, 1.000000000000000000 ),
 .UNSPECIFIED. ) ;
#5557 = DIRECTION ( 'NONE',  ( 1.000000000000000000, 0.0000000000000000000, 0.0000000000000000000 ) ) ;
#5558 = AXIS2_PLACEMENT_3D ( 'NONE', #3611, #3577, #4810 ) ;
#5560 = ADVANCED_FACE ( 'NONE', ( #5948 ), #1734, .F. ) ;
#5559 = CARTESIAN_POINT ( 'NONE',  ( 274.0942993132757100, 90.63952519002447200, -53.19674729566826000 ) ) ;
#5561 = B_SPLINE_CURVE_WITH_KNOTS ( 'NONE', 3,
 ( #6984, #2508, #1928, #5359, #6503, #5337, #1259, #6428, #126, #6451, #5960, #2986, #3530, #3035, #2409, #5881, #3003, #4784, #7073, #4125, #688, #146, #1828, #4719, #2971, #786, #4809, #1361, #7030, #3574 ),
 .UNSPECIFIED., .F., .F.,
 ( 4, 1, 1, 1, 1, 1, 1, 1, 1, 2, 2, 2, 2, 1, 1, 1, 1, 1, 1, 2, 2, 4 ),
 ( 0.0000000000000000000, 0.1250000000075959500, 0.1875000000113852000, 0.2187500000132798200, 0.2343750000142359200, 0.2421875000147052100, 0.2460937500149398800, 0.2480468750150660000, 0.2490234375151378400, 0.2495117187651649800, 0.2500000000151921300, 0.3750000000108108000, 0.4375000000086114400, 0.4687500000075117700, 0.4843750000069674300, 0.4921875000066901500, 0.4960937500065514800, 0.4980468750064771500, 0.4990234375064400200, 0.4995117187564263600, 0.5000000000064127600, 1.000000000000000000 ),
 .UNSPECIFIED. ) ;
#5562 = CARTESIAN_POINT ( 'NONE',  ( 286.7307174289904300, 93.11420926909013900, -26.54373171912385100 ) ) ;
#5563 = EDGE_CURVE ( 'NONE', #5580, #7386, #4354, .T. ) ;
#5564 = VERTEX_POINT ( 'NONE', #7285 ) ;
#5565 = CARTESIAN_POINT ( 'NONE',  ( 273.5573015041910000, 92.52430923399676000, -25.91904346985735000 ) ) ;
#5566 = ORIENTED_EDGE ( 'NONE', *, *, #1013, .T. ) ;
#5567 = VECTOR ( 'NONE', #3878, 1000.000000000000000 ) ;
#5568 = AXIS2_PLACEMENT_3D ( 'NONE', #1252, #1305, #1233 ) ;
#5569 = CARTESIAN_POINT ( 'NONE',  ( 279.2893471838999600, 92.88493214243889900, -42.75820189104737800 ) ) ;
#5570 = ORIENTED_EDGE ( 'NONE', *, *, #5197, .T. ) ;
#5571 = CARTESIAN_POINT ( 'NONE',  ( 270.4056389477000300, 88.28348982451997500, -55.09744753351000700 ) ) ;
#5572 = CARTESIAN_POINT ( 'NONE',  ( 311.6654150247807700, 93.15051901154171800, -26.48810572368458300 ) ) ;
#5573 = ORIENTED_EDGE ( 'NONE', *, *, #1599, .F. ) ;
#5574 = CARTESIAN_POINT ( 'NONE',  ( 291.8174104641688000, 91.41293490214883400, -46.88493253584627500 ) ) ;
#5575 = LINE ( 'NONE', #6302, #3664 ) ;
#5576 = DIRECTION ( 'NONE',  ( 1.000000000000000000, 0.0000000000000000000, 0.0000000000000000000 ) ) ;
#5577 = CARTESIAN_POINT ( 'NONE',  ( 273.6125661495826200, 92.53087660471655300, -54.07573345752307900 ) ) ;
#5578 = CARTESIAN_POINT ( 'NONE',  ( 297.7270119649999700, 94.40946066412999500, -52.36349275024001300 ) ) ;
#5579 = CARTESIAN_POINT ( 'NONE',  ( 327.0062749853544200, 89.23377115357682500, -51.93308521880165100 ) ) ;
#5580 = VERTEX_POINT ( 'NONE', #994 ) ;
#5581 = CARTESIAN_POINT ( 'NONE',  ( 273.9107991000954600, 88.58160394899806500, -53.19520973231532000 ) ) ;
#5582 = LINE ( 'NONE', #1950, #4690 ) ;
#5583 = EDGE_CURVE ( 'NONE', #1463, #5564, #1445, .T. ) ;
#5584 = CARTESIAN_POINT ( 'NONE',  ( 310.7473352170036400, 85.46874564475999100, -47.31539074715590200 ) ) ;
#5585 = CARTESIAN_POINT ( 'NONE',  ( 326.1715013146003900, 92.65352653841941300, -25.89705667768256300 ) ) ;
#5586 = ORIENTED_EDGE ( 'NONE', *, *, #4331, .T. ) ;
#5587 = CONICAL_SURFACE ( 'NONE', #5442, 2.900000051183654100, 0.01745329252128943000 ) ;
#5588 = CARTESIAN_POINT ( 'NONE',  ( 309.7390960721903600, 90.15753393007143800, -39.71145981316227100 ) ) ;
#5589 = CARTESIAN_POINT ( 'NONE',  ( 309.7484007396646500, 91.38744575020520200, -46.97156729963862900 ) ) ;
#5590 = DIRECTION ( 'NONE',  ( 0.0000000000000000000, 0.0000000000000000000, -1.000000000000000000 ) ) ;
#5591 = DIRECTION ( 'NONE',  ( 0.0000000000000000000, 0.01746065155148517400, 0.9998475512033809800 ) ) ;
#5592 = DIRECTION ( 'NONE',  ( -0.0000000000000000000, 1.000000000000000000, 0.0000000000000000000 ) ) ;
#5593 = FACE_OUTER_BOUND ( 'NONE', #1816, .T. ) ;
#5594 = ORIENTED_EDGE ( 'NONE', *, *, #5889, .F. ) ;
#5595 = VERTEX_POINT ( 'NONE', #2774 ) ;
#5596 = ADVANCED_FACE ( 'NONE', ( #7201 ), #4389, .T. ) ;
#5597 = CARTESIAN_POINT ( 'NONE',  ( 299.9995097681222700, 89.14775347945195000, -22.60846119917832900 ) ) ;
#5598 = CARTESIAN_POINT ( 'NONE',  ( 327.9700222668871600, 87.63369870004878200, -43.58741686086346300 ) ) ;
#5599 = EDGE_CURVE ( 'NONE', #7194, #4801, #6130, .T. ) ;
#5600 = ORIENTED_EDGE ( 'NONE', *, *, #2371, .F. ) ;
#5601 = CARTESIAN_POINT ( 'NONE',  ( 302.7529796386251100, 91.46533417936238700, -50.12059355317608600 ) ) ;
#5602 = CARTESIAN_POINT ( 'NONE',  ( 274.2916108456512300, 90.88567010791530300, -51.90890425235895800 ) ) ;
#5603 = CARTESIAN_POINT ( 'NONE',  ( 291.6640265744360900, 91.41069427396166700, -45.56037731634036400 ) ) ;
#5604 = ORIENTED_EDGE ( 'NONE', *, *, #4957, .F. ) ;
#5605 = ORIENTED_EDGE ( 'NONE', *, *, #3648, .F. ) ;
#5606 = SURFACE_SIDE_STYLE ('',( #2637 ) ) ;
#5607 = ORIENTED_EDGE ( 'NONE', *, *, #5839, .F. ) ;
#5608 = CARTESIAN_POINT ( 'NONE',  ( 299.9995201659285200, 89.17767844984942400, -24.32363930818719000 ) ) ;
#5609 = ORIENTED_EDGE ( 'NONE', *, *, #3405, .T. ) ;
#5610 = CARTESIAN_POINT ( 'NONE',  ( 299.9998714614000100, 100.9999999999999900, -45.30807779753000400 ) ) ;
#5611 = ORIENTED_EDGE ( 'NONE', *, *, #1865, .F. ) ;
#5612 = B_SPLINE_CURVE_WITH_KNOTS ( 'NONE', 3,
 ( #2811, #7375, #6841, #547 ),
 .UNSPECIFIED., .F., .F.,
 ( 4, 4 ),
 ( 0.0000000000000000000, 1.000000000000000000 ),
 .UNSPECIFIED. ) ;
#5613 = CARTESIAN_POINT ( 'NONE',  ( 272.9503448337492800, 88.53823331505930100, -52.09909418518052600 ) ) ;
#5614 = VERTEX_POINT ( 'NONE', #372 ) ;
#5615 = EDGE_CURVE ( 'NONE', #2172, #2003, #6860, .T. ) ;
#5616 = DIRECTION ( 'NONE',  ( -4.625929269271481400E-015, -1.000000000000000000, -0.0000000000000000000 ) ) ;
#5617 = CARTESIAN_POINT ( 'NONE',  ( 310.0072395369094200, 85.46874564475996300, -48.05567463862438900 ) ) ;
#5618 = CARTESIAN_POINT ( 'NONE',  ( 271.6527393973277600, 88.47263785691720300, -30.77042538183403800 ) ) ;
#5619 = AXIS2_PLACEMENT_3D ( 'NONE', #475, #6811, #6256 ) ;
#5620 = CARTESIAN_POINT ( 'NONE',  ( 273.6807868665873100, 92.48908237303992100, -25.64080988386860900 ) ) ;
#5621 = VERTEX_POINT ( 'NONE', #2239 ) ;
#5622 = CARTESIAN_POINT ( 'NONE',  ( 326.3550856266749100, 92.60882001965423200, -53.85350025496756400 ) ) ;
#5623 = CARTESIAN_POINT ( 'NONE',  ( 277.4415444520341200, 91.00925715259792500, -36.59077108036533600 ) ) ;
#5624 = CARTESIAN_POINT ( 'NONE',  ( 311.6385061008891700, 91.60180601048504900, -37.81291344840071400 ) ) ;
#5625 = CARTESIAN_POINT ( 'NONE',  ( 286.0998714613970700, 99.00000000000000000, -39.35807779752423800 ) ) ;
#5626 = CARTESIAN_POINT ( 'NONE',  ( 327.7690859395636400, 88.57674795097898400, -34.83129860822500500 ) ) ;
#5627 = CARTESIAN_POINT ( 'NONE',  ( 326.0063306966477500, 89.22341745111606300, -26.71551296499487200 ) ) ;
#5628 = CARTESIAN_POINT ( 'NONE',  ( 285.6721338467396000, 91.54520611585057600, -37.06279741873919400 ) ) ;
#5629 = CARTESIAN_POINT ( 'NONE',  ( 313.1190387690780300, 93.11774699068240600, -27.02954324421779500 ) ) ;
#5630 = CARTESIAN_POINT ( 'NONE',  ( 290.2967642510354800, 91.38834198374721000, -47.01916727817501100 ) ) ;
#5631 = CARTESIAN_POINT ( 'NONE',  ( 300.1344762331000300, 93.75771416528002100, -52.76492872940001200 ) ) ;
#5632 = EDGE_CURVE ( 'NONE', #7386, #3980, #7287, .T. ) ;
#5633 = CARTESIAN_POINT ( 'NONE',  ( 317.8966967674937200, 91.17936340050013700, -37.41069251491086300 ) ) ;
#5634 = CARTESIAN_POINT ( 'NONE',  ( 313.8998714613998700, 100.1715728752540100, -53.25807779752997800 ) ) ;
#5636 = ADVANCED_FACE ( 'NONE', ( #3789 ), #937, .T. ) ;
#5635 = CARTESIAN_POINT ( 'NONE',  ( 274.0835631021149700, 90.62422575687820400, -53.19527777014948800 ) ) ;
#5637 = VECTOR ( 'NONE', #2833, 1000.000000000000000 ) ;
#5638 = DIRECTION ( 'NONE',  ( 0.0000000000000000000, -0.9998533040022250500, -0.01712806106464210800 ) ) ;
#5639 = CARTESIAN_POINT ( 'NONE',  ( 327.6868461184599300, 87.63380170034999100, -34.83056511835064100 ) ) ;
#5640 = CARTESIAN_POINT ( 'NONE',  ( 285.1210650658583200, 93.07308257153530900, -28.35669106466363900 ) ) ;
#5641 = AXIS2_PLACEMENT_3D ( 'NONE', #191, #5904, #1289 ) ;
#5642 = CARTESIAN_POINT ( 'NONE',  ( 273.5516025129330200, 92.52448366306394700, -25.85128648541491000 ) ) ;
#5643 = CARTESIAN_POINT ( 'NONE',  ( 271.6037988335129400, 87.63381791714714100, -34.32741766239244900 ) ) ;
#5644 = EDGE_CURVE ( 'NONE', #2777, #1720, #3210, .T. ) ;
#5645 = CARTESIAN_POINT ( 'NONE',  ( 299.9998895331850100, 91.48464248340955900, -51.00807419949693200 ) ) ;
#5646 = CARTESIAN_POINT ( 'NONE',  ( 279.2893471838999100, 91.07979218722353200, -36.10227207265000300 ) ) ;
#5647 = CARTESIAN_POINT ( 'NONE',  ( 317.1082792996612600, 91.20511797163031500, -38.95274316744362900 ) ) ;
#5648 = CARTESIAN_POINT ( 'NONE',  ( 272.9514284011768800, 88.59553346836840100, -33.61876639425501900 ) ) ;
#5649 = CARTESIAN_POINT ( 'NONE',  ( 310.0580679886296000, 91.64829310151188200, -35.04065295189870000 ) ) ;
#5650 = CARTESIAN_POINT ( 'NONE',  ( 271.7779778360425100, 87.63380170034999100, -44.03899722809003200 ) ) ;
#5651 = UNCERTAINTY_MEASURE_WITH_UNIT (LENGTH_MEASURE( 1.000000000000000100E-005 ), #1466, 'distance_accuracy_value', 'NONE');
#5652 = CARTESIAN_POINT ( 'NONE',  ( 290.3566062870792700, 91.38925785646725300, -45.53713038402141700 ) ) ;
#5653 = EDGE_CURVE ( 'NONE', #2887, #6994, #4877, .T. ) ;
#5654 = CARTESIAN_POINT ( 'NONE',  ( 327.1730442131877200, 91.09846961054279300, -24.98243377821916800 ) ) ;
#5655 = CARTESIAN_POINT ( 'NONE',  ( 276.4556571123266100, 88.69887951856252100, -53.22800707221352900 ) ) ;
#5656 = FACE_BOUND ( 'NONE', #6812, .T. ) ;
#5657 = B_SPLINE_CURVE_WITH_KNOTS ( 'NONE', 3,
 ( #6772, #579, #5813, #4604 ),
 .UNSPECIFIED., .F., .F.,
 ( 4, 4 ),
 ( 0.0000000000000000000, 1.000000000000000000 ),
 .UNSPECIFIED. ) ;
#5658 = AXIS2_PLACEMENT_3D ( 'NONE', #6833, #3379, #7428 ) ;
#5659 = CARTESIAN_POINT ( 'NONE',  ( 300.5629416145478100, 90.29484790858209900, -31.17464568024651700 ) ) ;
#5660 = DIRECTION ( 'NONE',  ( 0.0000000000000000000, 0.0000000000000000000, 1.000000000000000000 ) ) ;
#5661 = ORIENTED_EDGE ( 'NONE', *, *, #2453, .T. ) ;
#5662 = CARTESIAN_POINT ( 'NONE',  ( 299.4844601213545700, 90.29633873839199500, -33.64179272394586900 ) ) ;
#5663 = FACE_BOUND ( 'NONE', #5157, .T. ) ;
#5664 = CARTESIAN_POINT ( 'NONE',  ( 300.7867049183033700, 90.29412500596993100, -32.43664240314742400 ) ) ;
#5665 = VERTEX_POINT ( 'NONE', #5879 ) ;
#5666 = CARTESIAN_POINT ( 'NONE',  ( 326.2431182324372100, 92.52207935734793400, -25.65176628347685700 ) ) ;
#5667 = CARTESIAN_POINT ( 'NONE',  ( 318.3916158839149400, 88.54085296218983100, -41.56456117510137500 ) ) ;
#5668 = CARTESIAN_POINT ( 'NONE',  ( 328.4332039469375100, 88.51010779097006800, -33.19049383056702100 ) ) ;
#5669 = CARTESIAN_POINT ( 'NONE',  ( 304.5249982406753600, 101.0000000000000100, -44.22355875443047800 ) ) ;
#5670 = CARTESIAN_POINT ( 'NONE',  ( 274.4015102798999800, 91.07660468660998300, -27.31114712754000400 ) ) ;
#5671 = ORIENTED_EDGE ( 'NONE', *, *, #1730, .F. ) ;
#5672 = VECTOR ( 'NONE', #7260, 1000.000000000000000 ) ;
#5673 = CARTESIAN_POINT ( 'NONE',  ( 326.3671843962735600, 89.35720996493735400, -25.72840163923885700 ) ) ;
#5674 = CARTESIAN_POINT ( 'NONE',  ( 327.8188891664743200, 88.57393817608463800, -34.83160538312546400 ) ) ;
#5675 = ADVANCED_FACE ( 'NONE', ( #5327 ), #6132, .F. ) ;
#5676 = CARTESIAN_POINT ( 'NONE',  ( 310.0623502469994200, 91.64817238475696100, -31.29675688870065600 ) ) ;
#5677 = CARTESIAN_POINT ( 'NONE',  ( 271.5568652233373000, 88.52927006480301500, -34.32741763832604700 ) ) ;
#5678 = AXIS2_PLACEMENT_3D ( 'NONE', #1811, #5192, #4657 ) ;
#5679 = VERTEX_POINT ( 'NONE', #5823 ) ;
#5680 = VECTOR ( 'NONE', #911, 1000.000000000000000 ) ;
#5681 = CARTESIAN_POINT ( 'NONE',  ( 299.2194173324838300, 90.29627363771351200, -30.46385166584346000 ) ) ;
#5682 = CARTESIAN_POINT ( 'NONE',  ( 308.1844952590802800, 90.19645026973310600, -35.81655977642136400 ) ) ;
#5683 = ORIENTED_EDGE ( 'NONE', *, *, #3146, .F. ) ;
#5684 = FACE_OUTER_BOUND ( 'NONE', #3338, .T. ) ;
#5685 = CARTESIAN_POINT ( 'NONE',  ( 327.1690857907017900, 87.63380170028975200, -44.07256193106665200 ) ) ;
#5686 = AXIS2_PLACEMENT_3D ( 'NONE', #3087, #6084, #4357 ) ;
#5687 = CARTESIAN_POINT ( 'NONE',  ( 308.9998714613997800, 85.46874564476088700, -48.30807779752999000 ) ) ;
#5688 = EDGE_CURVE ( 'NONE', #4793, #6154, #6747, .T. ) ;
#5689 = CARTESIAN_POINT ( 'NONE',  ( 328.9906661561080900, 88.39899890922625000, -55.07125795091840800 ) ) ;
#5690 = CARTESIAN_POINT ( 'NONE',  ( 327.3898671628000400, 91.17239820651997200, -25.13048509662999000 ) ) ;
#5691 = ORIENTED_EDGE ( 'NONE', *, *, #6179, .T. ) ;
#5692 = CARTESIAN_POINT ( 'NONE',  ( 327.7684344961099300, 88.50149692698920500, -30.52254270383724900 ) ) ;
#5693 = FACE_OUTER_BOUND ( 'NONE', #1007, .T. ) ;
#5694 = ORIENTED_EDGE ( 'NONE', *, *, #4256, .T. ) ;
#5695 = ORIENTED_EDGE ( 'NONE', *, *, #3363, .T. ) ;
#5696 = CARTESIAN_POINT ( 'NONE',  ( 328.4432638548705100, 88.54676972125682300, -34.23130146022001700 ) ) ;
#5697 = CARTESIAN_POINT ( 'NONE',  ( 302.3668806691422300, 94.76874564476015900, -50.41487382279556300 ) ) ;
#5698 = ORIENTED_EDGE ( 'NONE', *, *, #3782, .T. ) ;
#5699 = CARTESIAN_POINT ( 'NONE',  ( 272.2798123575948400, 87.63380169952829100, -43.52255252573540600 ) ) ;
#5700 = CARTESIAN_POINT ( 'NONE',  ( 322.2106497678000200, 87.04085002963995500, -39.78237565572044300 ) ) ;
#5701 = CARTESIAN_POINT ( 'NONE',  ( 272.7959080408999200, 91.09687940177181500, -24.98465065018571000 ) ) ;
#5702 = CARTESIAN_POINT ( 'NONE',  ( 308.2582279647110100, 91.69368300617068700, -30.51744056115111900 ) ) ;
#5703 = ORIENTED_EDGE ( 'NONE', *, *, #7063, .F. ) ;
#5704 = CARTESIAN_POINT ( 'NONE',  ( 326.4125091760652100, 92.52594089399212900, -53.85567135427814400 ) ) ;
#5705 = EDGE_CURVE ( 'NONE', #1635, #5214, #7172, .T. ) ;
#5706 = CARTESIAN_POINT ( 'NONE',  ( 327.3050845091136100, 87.63380170034999100, -47.64489195897458300 ) ) ;
#5707 = B_SPLINE_CURVE_WITH_KNOTS ( 'NONE', 3,
 ( #6144, #2266, #3380, #4547, #492, #2775, #1070, #7429, #3973, #2854, #4025, #2827, #6318, #6868, #5697, #6890, #3355, #520 ),
 .UNSPECIFIED., .F., .F.,
 ( 4, 2, 2, 2, 2, 2, 2, 2, 4 ),
 ( 0.0000000000000000000, 0.1250000000000000000, 0.2500000000000000000, 0.3750000000000000000, 0.5000000000000000000, 0.6250000000000000000, 0.7500000000000000000, 0.8750000000000000000, 1.000000000000000000 ),
 .UNSPECIFIED. ) ;
#5708 = PLANE ( 'NONE',  #7251 ) ;
#5709 = CARTESIAN_POINT ( 'NONE',  ( 271.9278771377916500, 87.63380017822193200, -47.68955600889536600 ) ) ;
#5710 = CARTESIAN_POINT ( 'NONE',  ( 272.5829308643039900, 87.63380170034999100, -30.63370092013059000 ) ) ;
#5711 = VERTEX_POINT ( 'NONE', #4825 ) ;
#5712 = EDGE_CURVE ( 'NONE', #2479, #7289, #7384, .T. ) ;
#5714 = ADVANCED_FACE ( 'NONE', ( #5693 ), #1110, .T. ) ;
#5713 = CARTESIAN_POINT ( 'NONE',  ( 273.4707233382914100, 89.75140108578578700, -52.94290563060769700 ) ) ;
#5715 = CARTESIAN_POINT ( 'NONE',  ( 327.7195079876773900, 87.63380173883808800, -43.52256037000443500 ) ) ;
#5716 = AXIS2_PLACEMENT_3D ( 'NONE', #2995, #2478, #7044 ) ;
#5717 = CARTESIAN_POINT ( 'NONE',  ( 326.4125413850492800, 92.52594836347276400, -25.89581987331916200 ) ) ;
#5718 = B_SPLINE_CURVE_WITH_KNOTS ( 'NONE', 3,
 ( #266, #1958, #6531, #3095 ),
 .UNSPECIFIED., .F., .F.,
 ( 4, 4 ),
 ( 0.0000000000000000000, 1.000000000000000000 ),
 .UNSPECIFIED. ) ;
#5719 = CARTESIAN_POINT ( 'NONE',  ( 277.4744772965448200, 92.81380500782542200, -37.41764999499187600 ) ) ;
#5720 = CARTESIAN_POINT ( 'NONE',  ( 309.6574119907000400, 91.46862372993999200, -39.73234532004000400 ) ) ;
#5721 = CARTESIAN_POINT ( 'NONE',  ( 275.1685510863999900, 90.96615567669999800, -26.39756959582999600 ) ) ;
#5722 = CARTESIAN_POINT ( 'NONE',  ( 272.7617571921238100, 88.59196912279391300, -43.79612560646951600 ) ) ;
#5723 = DIRECTION ( 'NONE',  ( -0.8183964020411714800, 0.5746540951964626000, 0.0000000000000000000 ) ) ;
#5724 = FACE_OUTER_BOUND ( 'NONE', #2484, .T. ) ;
#5725 = CARTESIAN_POINT ( 'NONE',  ( 310.0582357838533800, 91.64828580257321300, -31.29263436474427000 ) ) ;
#5726 = CARTESIAN_POINT ( 'NONE',  ( 271.7807121417000100, 87.55214830502002600, -47.41279849935000400 ) ) ;
#5727 = CARTESIAN_POINT ( 'NONE',  ( 290.2806857731677600, 91.38795595199357500, -45.61324653952559100 ) ) ;
#5728 = CARTESIAN_POINT ( 'NONE',  ( 300.1541849745000300, 94.82203132406000600, -41.39705661581000100 ) ) ;
#5729 = EDGE_CURVE ( 'NONE', #1711, #569, #1597, .T. ) ;
#5730 = CARTESIAN_POINT ( 'NONE',  ( 305.6622472878598300, 100.8330302779792500, -45.30807779752944200 ) ) ;
#5731 = ORIENTED_EDGE ( 'NONE', *, *, #4909, .F. ) ;
#5732 = DIRECTION ( 'NONE',  ( 0.0000000000000000000, 0.9999619230641735300, 0.008726535498112496200 ) ) ;
#5733 = CARTESIAN_POINT ( 'NONE',  ( 300.1752514179535200, 90.29577088546368200, -30.76688527029710900 ) ) ;
#5734 = DIRECTION ( 'NONE',  ( 4.625929269271481400E-015, 1.000000000000000000, 0.0000000000000000000 ) ) ;
#5735 = CARTESIAN_POINT ( 'NONE',  ( 325.6822370110522800, 90.61308755369681500, -53.21057593533323200 ) ) ;
#5736 = DIRECTION ( 'NONE',  ( 1.000000000000000000, 0.0000000000000000000, 0.0000000000000000000 ) ) ;
#5737 = CARTESIAN_POINT ( 'NONE',  ( 299.8478869926841000, 90.29621283402549600, -33.54716354539070300 ) ) ;
#5738 = CARTESIAN_POINT ( 'NONE',  ( 277.4770391509816800, 92.81390984756282600, -42.14911690360927600 ) ) ;
#5739 = EDGE_CURVE ( 'NONE', #2276, #1286, #4924, .T. ) ;
#5740 = CARTESIAN_POINT ( 'NONE',  ( 312.7736363354239300, 93.12590654336088400, -37.56231927928868700 ) ) ;
#5741 = CARTESIAN_POINT ( 'NONE',  ( 273.2684358249000500, 92.62351987604998300, -25.97908026897999500 ) ) ;
#5742 = CARTESIAN_POINT ( 'NONE',  ( 299.9998714614019900, 101.0000000000000000, -41.35807779753042000 ) ) ;
#5743 = CARTESIAN_POINT ( 'NONE',  ( 272.2809084877000600, 88.23211557497944600, -47.83130146022000400 ) ) ;
#5744 = ORIENTED_EDGE ( 'NONE', *, *, #6842, .T. ) ;
#5745 = CARTESIAN_POINT ( 'NONE',  ( 285.7901715303987100, 91.54955821179710500, -27.14059982119964700 ) ) ;
#5746 = VECTOR ( 'NONE', #6920, 1000.000000000000000 ) ;
#5747 = CARTESIAN_POINT ( 'NONE',  ( 290.9998493950735700, 85.46874564475953700, -45.30806422134099200 ) ) ;
#5748 = EDGE_CURVE ( 'NONE', #5958, #7418, #455, .T. ) ;
#5749 = CARTESIAN_POINT ( 'NONE',  ( 272.4973911208983800, 87.63380170035003400, -30.58470932486211800 ) ) ;
#5750 = ORIENTED_EDGE ( 'NONE', *, *, #1208, .T. ) ;
#5751 = B_SPLINE_CURVE_WITH_KNOTS ( 'NONE', 3,
 ( #4804, #5996, #1351, #3772 ),
 .UNSPECIFIED., .F., .F.,
 ( 4, 4 ),
 ( 0.0000000000000000000, 1.000000000000000000 ),
 .UNSPECIFIED. ) ;
#5752 = CARTESIAN_POINT ( 'NONE',  ( 270.9781594174268700, 88.39715434839975200, -55.07166863154268600 ) ) ;
#5753 = LINE ( 'NONE', #6932, #7082 ) ;
#5754 = AXIS2_PLACEMENT_3D ( 'NONE', #2326, #2279, #3517 ) ;
#5755 = CARTESIAN_POINT ( 'NONE',  ( 273.0105799453345400, 89.09606454589406600, -52.28348231749820500 ) ) ;
#5756 = CARTESIAN_POINT ( 'NONE',  ( 308.9998714614001800, 85.46874564476090100, -44.30807779753000400 ) ) ;
#5757 = CARTESIAN_POINT ( 'NONE',  ( 322.0620685770790600, 92.83253560386000900, -37.12641717235120400 ) ) ;
#5758 = DIRECTION ( 'NONE',  ( 1.000000000000000000, -0.0000000000000000000, 0.0000000000000000000 ) ) ;
#5759 = CARTESIAN_POINT ( 'NONE',  ( 271.6720991311999600, 89.70764495500000600, -24.33347816549000000 ) ) ;
#5760 = EDGE_LOOP ( 'NONE', ( #4047, #534, #6845, #3420, #4171, #1790 ) ) ;
#5761 = FACE_OUTER_BOUND ( 'NONE', #4926, .T. ) ;
#5762 = CARTESIAN_POINT ( 'NONE',  ( 293.1194279330090900, 91.74162197949498000, -30.46385164461463900 ) ) ;
#5763 = B_SPLINE_CURVE_WITH_KNOTS ( 'NONE', 3,
 ( #2079, #340, #1453, #2026 ),
 .UNSPECIFIED., .F., .F.,
 ( 4, 4 ),
 ( 0.0000000000000000000, 1.000000000000000000 ),
 .UNSPECIFIED. ) ;
#5764 = CARTESIAN_POINT ( 'NONE',  ( 278.5155852608124900, 92.85536185055647700, -36.90288361448249800 ) ) ;
#5765 = CARTESIAN_POINT ( 'NONE',  ( 308.9998632986109300, 91.39814454551752500, -48.30808006212305400 ) ) ;
#5766 = CARTESIAN_POINT ( 'NONE',  ( 318.8565906994724100, 87.04085002963999800, -42.99764153914048800 ) ) ;
#5767 = CARTESIAN_POINT ( 'NONE',  ( 300.2621441686000600, 93.18089047619000100, -53.97727241840998900 ) ) ;
#5768 = ORIENTED_EDGE ( 'NONE', *, *, #5748, .T. ) ;
#5769 = FACE_OUTER_BOUND ( 'NONE', #25, .T. ) ;
#5770 = CARTESIAN_POINT ( 'NONE',  ( 287.1053993727274500, 91.59442993028601200, -28.61370171137689100 ) ) ;
#5771 = CARTESIAN_POINT ( 'NONE',  ( 271.7764923744671800, 87.63379237541366300, -47.28110577654565100 ) ) ;
#5772 = EDGE_CURVE ( 'NONE', #3669, #393, #2280, .T. ) ;
#5773 = CARTESIAN_POINT ( 'NONE',  ( 327.8109453276957200, 87.94671426250231100, -34.83130146022000400 ) ) ;
#5774 = FACE_OUTER_BOUND ( 'NONE', #4496, .T. ) ;
#5775 = ORIENTED_EDGE ( 'NONE', *, *, #3508, .F. ) ;
#5776 = ORIENTED_EDGE ( 'NONE', *, *, #4236, .F. ) ;
#5777 = CARTESIAN_POINT ( 'NONE',  ( 320.7106497677938300, 88.54085002964008300, -38.28237565572080600 ) ) ;
#5778 = VERTEX_POINT ( 'NONE', #4984 ) ;
#5779 = DIRECTION ( 'NONE',  ( 8.492129686949485700E-006, 0.008726535497797834700, -0.9999619230281168200 ) ) ;
#5780 = VERTEX_POINT ( 'NONE', #1446 ) ;
#5781 = ADVANCED_FACE ( 'NONE', ( #4622 ), #3967, .T. ) ;
#5782 = EDGE_LOOP ( 'NONE', ( #115, #3957 ) ) ;
#5783 = VERTEX_POINT ( 'NONE', #7173 ) ;
#5784 = CARTESIAN_POINT ( 'NONE',  ( 296.6580960760679800, 93.26284716526716100, -39.97199244270812800 ) ) ;
#5785 = EDGE_CURVE ( 'NONE', #3804, #6936, #6740, .T. ) ;
#5786 = CARTESIAN_POINT ( 'NONE',  ( 300.4712641240480500, 93.25579141443493800, -53.79452128200489400 ) ) ;
#5787 = CARTESIAN_POINT ( 'NONE',  ( 328.9906661561080900, 88.39899890922625000, -55.07125795091840800 ) ) ;
#5788 = B_SPLINE_CURVE_WITH_KNOTS ( 'NONE', 3,
 ( #2040, #6640, #1522, #4951, #5532, #5553, #1042, #6182, #4462, #5026 ),
 .UNSPECIFIED., .F., .F.,
 ( 4, 2, 2, 2, 4 ),
 ( 0.0000000000000000000, 0.2500000000000000000, 0.5000000000000000000, 0.7500000000000000000, 1.000000000000000000 ),
 .UNSPECIFIED. ) ;
#5789 = CARTESIAN_POINT ( 'NONE',  ( 298.3597432040412500, 94.76586369018994600, -51.01850309687525000 ) ) ;
#5790 = CARTESIAN_POINT ( 'NONE',  ( 317.0306000545696200, 87.04085002963999800, -39.29998179389571100 ) ) ;
#5791 = CARTESIAN_POINT ( 'NONE',  ( 326.5167955707227600, 89.74369319807787800, -52.92784834949311100 ) ) ;
#5792 = CARTESIAN_POINT ( 'NONE',  ( 273.6967623053050700, 92.64743325473300200, -25.89733968658477500 ) ) ;
#5793 = EDGE_CURVE ( 'NONE', #6208, #6558, #2019, .T. ) ;
#5794 = CARTESIAN_POINT ( 'NONE',  ( 271.5568652233373000, 88.52927006480301500, -34.32741763832604700 ) ) ;
#5795 = EDGE_CURVE ( 'NONE', #3692, #1248, #6081, .T. ) ;
#5796 = CARTESIAN_POINT ( 'NONE',  ( 286.7018523353825100, 91.58085762651805300, -26.60028393060745700 ) ) ;
#5797 = CARTESIAN_POINT ( 'NONE',  ( 291.1326420052449200, 85.46874564476000600, -45.30822384518715000 ) ) ;
#5798 = CARTESIAN_POINT ( 'NONE',  ( 272.3896833936780700, 87.63380170035000600, -30.53852178376495300 ) ) ;
#5799 = CARTESIAN_POINT ( 'NONE',  ( 318.1818479086984400, 91.16984504225897000, -42.47928352754323100 ) ) ;
#5800 = ORIENTED_EDGE ( 'NONE', *, *, #3205, .F. ) ;
#5801 = CARTESIAN_POINT ( 'NONE',  ( 285.4355644077829800, 89.02572351351001600, -54.92998381869288200 ) ) ;
#5802 = FACE_OUTER_BOUND ( 'NONE', #7272, .T. ) ;
#5803 = VERTEX_POINT ( 'NONE', #6029 ) ;
#5804 = CARTESIAN_POINT ( 'NONE',  ( 298.2660157104864400, 93.27385786726348700, -39.31848428108564500 ) ) ;
#5805 = DIRECTION ( 'NONE',  ( 0.0000000000000000000, 0.0000000000000000000, 1.000000000000000000 ) ) ;
#5806 = CARTESIAN_POINT ( 'NONE',  ( 273.0100721775284600, 88.46420407653458500, -25.91786930693755100 ) ) ;
#5807 = CARTESIAN_POINT ( 'NONE',  ( 297.0549396990649600, 94.75589053451933800, -50.33033724774527700 ) ) ;
#5808 = COLOUR_RGB ( '',0.8117647058823529400, 0.8431372549019607900, 0.9098039215686274400 ) ;
#5809 = CARTESIAN_POINT ( 'NONE',  ( 310.2244489317092200, 91.37758436783386200, -47.91135041077976100 ) ) ;
#5810 = CARTESIAN_POINT ( 'NONE',  ( 325.7567870579218800, 90.53542434561053700, -53.21153096829893800 ) ) ;
#5811 = ADVANCED_FACE ( 'NONE', ( #3039 ), #742, .F. ) ;
#5812 = CARTESIAN_POINT ( 'NONE',  ( 327.8154078214497500, 88.49883470342913900, -30.52254275395807400 ) ) ;
#5813 = CARTESIAN_POINT ( 'NONE',  ( 325.5919907633918300, 90.70709921132554100, -53.21007645262579900 ) ) ;
#5814 = ORIENTED_EDGE ( 'NONE', *, *, #5688, .F. ) ;
#5815 = CARTESIAN_POINT ( 'NONE',  ( 279.2893471838999600, 88.54085296164828400, -36.88237560454692200 ) ) ;
#5816 = CARTESIAN_POINT ( 'NONE',  ( 271.8691340719578300, 87.63380170034999100, -43.73126627405039100 ) ) ;
#5817 = ORIENTED_EDGE ( 'NONE', *, *, #2462, .T. ) ;
#5818 = CARTESIAN_POINT ( 'NONE',  ( 328.2893908160883700, 88.47583619951977600, -30.75417385485387500 ) ) ;
#5819 = ORIENTED_EDGE ( 'NONE', *, *, #1041, .F. ) ;
#5820 = VECTOR ( 'NONE', #1370, 1000.000000000000000 ) ;
#5821 = CARTESIAN_POINT ( 'NONE',  ( 272.9492051241987300, 88.46766274946892800, -26.30819092959728800 ) ) ;
#5822 = B_SPLINE_CURVE_WITH_KNOTS ( 'NONE', 3,
 ( #815, #3090, #5413, #7131 ),
 .UNSPECIFIED., .F., .F.,
 ( 4, 4 ),
 ( 0.0000000000000000000, 1.000000000000000000 ),
 .UNSPECIFIED. ) ;
#5823 = CARTESIAN_POINT ( 'NONE',  ( 322.2106497678000200, 88.54085002964006900, -39.78237565572013800 ) ) ;
#5824 = EDGE_CURVE ( 'NONE', #954, #4252, #5335, .T. ) ;
#5825 = CARTESIAN_POINT ( 'NONE',  ( 313.7952965573363700, 93.10124229964505100, -36.20907564195873400 ) ) ;
#5826 = CARTESIAN_POINT ( 'NONE',  ( 317.0304923201536600, 87.04085002964001200, -40.26504786657324100 ) ) ;
#5827 = ORIENTED_EDGE ( 'NONE', *, *, #5563, .F. ) ;
#5828 = LINE ( 'NONE', #2308, #5746 ) ;
#5829 = CARTESIAN_POINT ( 'NONE',  ( 326.9562200947401600, 89.28592716415271000, -52.28002422070919400 ) ) ;
#5830 = CARTESIAN_POINT ( 'NONE',  ( 328.4151181266622100, 88.47489119091591200, -31.11823212504968000 ) ) ;
#5831 = B_SPLINE_CURVE_WITH_KNOTS ( 'NONE', 3,
 ( #4673, #4110, #6945, #68 ),
 .UNSPECIFIED., .F., .F.,
 ( 4, 4 ),
 ( 0.0000000000000000000, 1.000000000000000000 ),
 .UNSPECIFIED. ) ;
#5832 = CARTESIAN_POINT ( 'NONE',  ( 322.9717163005697100, 87.04085002964001200, -36.83888780092640000 ) ) ;
#5833 = PLANE ( 'NONE',  #4135 ) ;
#5834 = CARTESIAN_POINT ( 'NONE',  ( 285.6420684517502800, 91.54430193095062400, -27.29974908538527600 ) ) ;
#5835 = B_SPLINE_CURVE_WITH_KNOTS ( 'NONE', 3,
 ( #6271, #5445, #3154, #7184, #2103, #2674, #3245, #3828, #3783, #7207, #1477, #910, #419, #4442, #1577, #3751, #989, #4931 ),
 .UNSPECIFIED., .F., .F.,
 ( 4, 2, 2, 2, 2, 2, 2, 2, 4 ),
 ( 0.0000000000000000000, 0.1250000000000000000, 0.2500000000000000000, 0.3750000000000000000, 0.5000000000000000000, 0.6250000000000000000, 0.7500000000000000000, 0.8750000000000000000, 1.000000000000000000 ),
 .UNSPECIFIED. ) ;
#5836 = ORIENTED_EDGE ( 'NONE', *, *, #5227, .F. ) ;
#5837 = LINE ( 'NONE', #6376, #3306 ) ;
#5838 = CARTESIAN_POINT ( 'NONE',  ( 308.7350927723768500, 91.40172264569847000, -44.30808479915548000 ) ) ;
#5839 = EDGE_CURVE ( 'NONE', #5803, #4138, #4408, .T. ) ;
#5840 = CARTESIAN_POINT ( 'NONE',  ( 328.2411606970994700, 87.63380170034997700, -30.74890028357892300 ) ) ;
#5841 = CARTESIAN_POINT ( 'NONE',  ( 308.2958418220791300, 91.41130297665591800, -47.01826146762713400 ) ) ;
#5842 = STYLED_ITEM ( 'NONE', ( #601 ), #2950 ) ;
#5843 = VERTEX_POINT ( 'NONE', #7249 ) ;
#5844 = ADVANCED_FACE ( 'NONE', ( #6482, #202 ), #5480, .T. ) ;
#5845 = EDGE_LOOP ( 'NONE', ( #2689, #4970 ) ) ;
#5846 = CARTESIAN_POINT ( 'NONE',  ( 325.7175193887050600, 88.59266035235293700, -53.22790589732872500 ) ) ;
#5847 = VECTOR ( 'NONE', #1903, 1000.000000000000100 ) ;
#5848 = ADVANCED_FACE ( 'NONE', ( #5504, #4968 ), #2743, .T. ) ;
#5849 = CARTESIAN_POINT ( 'NONE',  ( 274.2513294288168000, 88.58761652736738800, -53.22900420288853200 ) ) ;
#5850 = CARTESIAN_POINT ( 'NONE',  ( 293.1194172454167400, 90.24290211791625900, -30.46385156675374300 ) ) ;
#5851 = ORIENTED_EDGE ( 'NONE', *, *, #2736, .F. ) ;
#5852 = ORIENTED_EDGE ( 'NONE', *, *, #5632, .F. ) ;
#5853 = CARTESIAN_POINT ( 'NONE',  ( 297.0887099186010700, 94.75611877856783800, -50.35495651802851600 ) ) ;
#5854 = VECTOR ( 'NONE', #351, 1000.000000000000000 ) ;
#5855 = CARTESIAN_POINT ( 'NONE',  ( 319.5111495042025400, 87.04085002963991300, -40.70419573568207000 ) ) ;
#5856 = CARTESIAN_POINT ( 'NONE',  ( 270.7584843521683500, 88.38563601001071400, -55.01004060333742300 ) ) ;
#5857 = CARTESIAN_POINT ( 'NONE',  ( 313.0038248020629200, 90.05530649867998200, -39.26518305207928700 ) ) ;
#5858 = CARTESIAN_POINT ( 'NONE',  ( 272.2801796842540500, 87.94551018263212000, -43.52256229319787200 ) ) ;
#5859 = VERTEX_POINT ( 'NONE', #1554 ) ;
#5860 = ORIENTED_EDGE ( 'NONE', *, *, #6402, .T. ) ;
#5861 = FACE_OUTER_BOUND ( 'NONE', #3239, .T. ) ;
#5862 = CARTESIAN_POINT ( 'NONE',  ( 327.8452851606000400, 87.55211678053999000, -34.83130146022000400 ) ) ;
#5863 = ORIENTED_EDGE ( 'NONE', *, *, #3120, .F. ) ;
#5864 = CARTESIAN_POINT ( 'NONE',  ( 293.0498714613999600, 89.50000000000029800, -46.30807779752999700 ) ) ;
#5865 = ORIENTED_EDGE ( 'NONE', *, *, #6017, .T. ) ;
#5866 = EDGE_CURVE ( 'NONE', #905, #2532, #4983, .T. ) ;
#5867 = PLANE ( 'NONE',  #6184 ) ;
#5868 = CARTESIAN_POINT ( 'NONE',  ( 286.7975669003602700, 91.31586261783091600, -39.64596033051856900 ) ) ;
#5869 = CARTESIAN_POINT ( 'NONE',  ( 328.0581239748744900, 87.63380170034999100, -30.59582061367796900 ) ) ;
#5870 = VERTEX_POINT ( 'NONE', #4537 ) ;
#5871 = ORIENTED_EDGE ( 'NONE', *, *, #5563, .T. ) ;
#5872 = ORIENTED_EDGE ( 'NONE', *, *, #6646, .T. ) ;
#5873 = CARTESIAN_POINT ( 'NONE',  ( 308.2968089103741200, 91.41128808365631600, -47.01921157128529700 ) ) ;
#5874 = CARTESIAN_POINT ( 'NONE',  ( 306.5567933756358900, 90.23043628727380400, -31.04697149460296800 ) ) ;
#5875 = CARTESIAN_POINT ( 'NONE',  ( 292.3223992966436000, 91.41631368302680000, -44.80191764419074500 ) ) ;
#5876 = ORIENTED_EDGE ( 'NONE', *, *, #2931, .T. ) ;
#5877 = ORIENTED_EDGE ( 'NONE', *, *, #7135, .F. ) ;
#5878 = B_SPLINE_CURVE_WITH_KNOTS ( 'NONE', 3,
 ( #1690, #5648, #2273, #2831 ),
 .UNSPECIFIED., .F., .F.,
 ( 4, 4 ),
 ( 0.0000000000000000000, 1.000000000000000000 ),
 .UNSPECIFIED. ) ;
#5879 = CARTESIAN_POINT ( 'NONE',  ( 299.2194166154920400, 91.79448991515968700, -33.66385163542315700 ) ) ;
#5880 = DIRECTION ( 'NONE',  ( 0.0000000000000000000, 1.000000000000000000, 0.0000000000000000000 ) ) ;
#5881 = CARTESIAN_POINT ( 'NONE',  ( 306.4410081477403200, 91.43150007009873500, -39.73495224349769500 ) ) ;
#5882 = VERTEX_POINT ( 'NONE', #5682 ) ;
#5883 = ORIENTED_EDGE ( 'NONE', *, *, #2102, .F. ) ;
#5884 = CARTESIAN_POINT ( 'NONE',  ( 321.1032715943388800, 88.54085002964015400, -38.32141664071753700 ) ) ;
#5885 = CARTESIAN_POINT ( 'NONE',  ( 318.0762100930047600, 92.97757511898309700, -38.38400609988023900 ) ) ;
#5886 = CARTESIAN_POINT ( 'NONE',  ( 272.8309084874363200, 88.11749910609499600, -34.23131924774735800 ) ) ;
#5887 = CARTESIAN_POINT ( 'NONE',  ( 308.1844952590851100, 90.19647486954103500, -30.51655977642065700 ) ) ;
#5888 = CARTESIAN_POINT ( 'NONE',  ( 295.4280927469415600, 91.85813959846403500, -26.51132671773715500 ) ) ;
#5889 = EDGE_CURVE ( 'NONE', #5665, #4335, #7273, .T. ) ;
#5890 = CARTESIAN_POINT ( 'NONE',  ( 306.5639020968500300, 90.24349891347698400, -39.71339063547660000 ) ) ;
#5891 = B_SPLINE_CURVE_WITH_KNOTS ( 'NONE', 3,
 ( #1162, #6421, #4019, #1740, #5757, #4686, #5234, #4100, #2319, #4045, #1189, #207, #1920, #1306, #3544, #5954, #1864, #5898, #3597, #6591, #3774, #3135, #6127, #3238, #3822, #411, #3204, #3802, #961, #5109, #4067, #112 ),
 .UNSPECIFIED., .F., .F.,
 ( 4, 2, 2, 2, 2, 2, 2, 2, 2, 2, 2, 2, 2, 2, 2, 4 ),
 ( 0.0000000000000000000, 0.001045624226926034800, 0.001568436340389056200, 0.002091248453852077900, 0.002614060567315099500, 0.003136872680778120700, 0.003659684794241142300, 0.004182496907704164400, 0.004705309021167186500, 0.005228121134630208500, 0.005750933248093230600, 0.006273745361556251800, 0.006796557475019273900, 0.007319369588482295900, 0.007842181701945318000, 0.008364993815408339200 ),
 .UNSPECIFIED. ) ;
#5892 = CARTESIAN_POINT ( 'NONE',  ( 319.3999701852689000, 87.04085002963991300, -39.02694718516321600 ) ) ;
#5893 = LINE ( 'NONE', #3938, #4006 ) ;
#5894 = DIRECTION ( 'NONE',  ( -0.5746404338033108700, -0.8184059945029378300, 0.0000000000000000000 ) ) ;
#5895 = ORIENTED_EDGE ( 'NONE', *, *, #4390, .F. ) ;
#5896 = CARTESIAN_POINT ( 'NONE',  ( 308.8272215043068600, 91.40298471572778300, -45.30807779753000400 ) ) ;
#5897 = DIRECTION ( 'NONE',  ( -0.0000000000000000000, 1.000000000000000000, 0.0000000000000000000 ) ) ;
#5898 = CARTESIAN_POINT ( 'NONE',  ( 323.6808314531223200, 92.76536677939043300, -40.00966754662649500 ) ) ;
#5899 = CARTESIAN_POINT ( 'NONE',  ( 301.5708362188167900, 94.76750144279390000, -41.57742539338977400 ) ) ;
#5900 = CARTESIAN_POINT ( 'NONE',  ( 272.1304440277796700, 87.63380168863828600, -30.52256193335885500 ) ) ;
#5901 = CARTESIAN_POINT ( 'NONE',  ( 295.0182557950521400, 94.72950821642450600, -46.32738000714816500 ) ) ;
#5902 = CARTESIAN_POINT ( 'NONE',  ( 327.0184817786563400, 88.53616775083340000, -51.92917031201715600 ) ) ;
#5903 = CARTESIAN_POINT ( 'NONE',  ( 284.2321375981000000, 89.90752684976999400, -36.45426236291000100 ) ) ;
#5904 = DIRECTION ( 'NONE',  ( 0.0000000000000000000, -1.000000000000000000, 0.0000000000000000000 ) ) ;
#5905 = CARTESIAN_POINT ( 'NONE',  ( 317.7363557440921200, 92.98860108990415100, -39.55783880001138900 ) ) ;
#5906 = DIRECTION ( 'NONE',  ( -0.9998476951576101800, 0.01745240636745365400, 0.0000000000000000000 ) ) ;
#5907 = CARTESIAN_POINT ( 'NONE',  ( 280.9213294311051600, 91.13891380101429700, -43.08958137225371800 ) ) ;
#5908 = CARTESIAN_POINT ( 'NONE',  ( 287.3269497340124900, 91.60169586119359100, -26.51489350410940900 ) ) ;
#5909 = CARTESIAN_POINT ( 'NONE',  ( 287.1315644029331800, 90.09493737272625000, -35.73988802583788500 ) ) ;
#5910 = CARTESIAN_POINT ( 'NONE',  ( 285.9398598583167100, 91.29432403135746200, -39.29040910250413500 ) ) ;
#5911 = CARTESIAN_POINT ( 'NONE',  ( 327.9663411527103600, 87.63380170034999100, -47.76905281735155000 ) ) ;
#5912 = CARTESIAN_POINT ( 'NONE',  ( 328.1318482457717200, 87.63380170034997700, -30.64133746711931700 ) ) ;
#5913 = EDGE_CURVE ( 'NONE', #4879, #5621, #7018, .T. ) ;
#5914 = ORIENTED_EDGE ( 'NONE', *, *, #5179, .T. ) ;
#5915 = CARTESIAN_POINT ( 'NONE',  ( 311.6385061008891700, 91.60180601048504900, -37.81291344840071400 ) ) ;
#5916 = FACE_OUTER_BOUND ( 'NONE', #3778, .T. ) ;
#5917 = CARTESIAN_POINT ( 'NONE',  ( 307.8381332091853400, 90.20440497724050000, -35.81679180898357400 ) ) ;
#5918 =( BOUNDED_SURFACE ( )  B_SPLINE_SURFACE ( 3, 3, ( 
 ( #6205, #2788, #7413, #3950 ),
 ( #526, #451, #978, #2738 ),
 ( #5005, #1546, #5577, #6153 ),
 ( #2311, #6900, #4060, #3450 ) ),
 .UNSPECIFIED., .F., .F., .F. ) 
 B_SPLINE_SURFACE_WITH_KNOTS ( ( 4, 4 ),
 ( 4, 4 ),
 ( 0.0000000000000000000, 1.000000000000000000 ),
 ( 0.0000000000000000000, 1.000000000000000000 ),
 .UNSPECIFIED. ) 
 GEOMETRIC_REPRESENTATION_ITEM ( )  RATIONAL_B_SPLINE_SURFACE ( (
 ( 1.000000000000000000, 0.8514504284523744000, 0.8514504284523744000, 1.000000000000000000),
 ( 0.9208693531595901800, 0.7840746052963939400, 0.7840746052963939400, 0.9208693531595901800),
 ( 0.9208693531595901800, 0.7840746052963939400, 0.7840746052963939400, 0.9208693531595901800),
 ( 1.000000000000000000, 0.8514504284523744000, 0.8514504284523744000, 1.000000000000000000) ) ) 
 REPRESENTATION_ITEM ( '' )  SURFACE ( )  );
#5919 = CARTESIAN_POINT ( 'NONE',  ( 328.4137007257879800, 88.47361429340952600, -31.03745009778676000 ) ) ;
#5920 = CARTESIAN_POINT ( 'NONE',  ( 284.2087767316805300, 91.24611323405348200, -29.61385166517117500 ) ) ;
#5921 = ORIENTED_EDGE ( 'NONE', *, *, #2021, .F. ) ;
#5922 = CIRCLE ( 'NONE', #2401, 1.500000000000001300 ) ;
#5923 = B_SPLINE_CURVE_WITH_KNOTS ( 'NONE', 3,
 ( #5252, #177, #4179, #1856, #1839, #4162 ),
 .UNSPECIFIED., .F., .F.,
 ( 4, 2, 4 ),
 ( 0.0000000000000000000, 0.5000000000000000000, 1.000000000000000000 ),
 .UNSPECIFIED. ) ;
#5924 = CARTESIAN_POINT ( 'NONE',  ( 324.1809303010060100, 90.94508461863007700, -38.54465934559981100 ) ) ;
#5925 = EDGE_CURVE ( 'NONE', #5939, #6224, #4085, .T. ) ;
#5927 = ADVANCED_FACE ( 'NONE', ( #5774 ), #2789, .T. ) ;
#5926 = CARTESIAN_POINT ( 'NONE',  ( 299.9998714613999500, 99.00000000000000000, -51.25807779752998500 ) ) ;
#5928 = CARTESIAN_POINT ( 'NONE',  ( 287.3273812685550300, 91.55574247557480300, -35.61218303608507100 ) ) ;
#5929 = CARTESIAN_POINT ( 'NONE',  ( 285.1537614994313700, 90.02526603813032600, -35.73989146890684100 ) ) ;
#5930 = EDGE_LOOP ( 'NONE', ( #1595, #5261, #2354, #2328 ) ) ;
#5931 = CYLINDRICAL_SURFACE ( 'NONE', #5542, 1.500000000000001300 ) ;
#5932 = CARTESIAN_POINT ( 'NONE',  ( 311.6437372667056700, 91.60185229761808000, -26.51407528593773900 ) ) ;
#5933 = AXIS2_PLACEMENT_3D ( 'NONE', #1480, #1389, #2540 ) ;
#5934 = CARTESIAN_POINT ( 'NONE',  ( 310.3039926399303000, 90.14192417714372100, -34.79471412136594900 ) ) ;
#5935 = B_SPLINE_CURVE_WITH_KNOTS ( 'NONE', 3,
 ( #488, #969, #3215, #6187 ),
 .UNSPECIFIED., .F., .F.,
 ( 4, 4 ),
 ( 0.0000000000000000000, 1.000000000000000000 ),
 .UNSPECIFIED. ) ;
#5936 = ORIENTED_EDGE ( 'NONE', *, *, #3393, .T. ) ;
#5937 = CARTESIAN_POINT ( 'NONE',  ( 328.0699708631047400, 87.63380170034999100, -47.69163561966544800 ) ) ;
#5938 = CARTESIAN_POINT ( 'NONE',  ( 290.1086588034342000, 91.38318934906550300, -48.10354866353759500 ) ) ;
#5939 = VERTEX_POINT ( 'NONE', #5052 ) ;
#5940 = EDGE_CURVE ( 'NONE', #4509, #3625, #2440, .T. ) ;
#5941 = VECTOR ( 'NONE', #4492, 1000.000000000000000 ) ;
#5942 = CARTESIAN_POINT ( 'NONE',  ( 321.1032715943387100, 88.54085002964014000, -41.24333467072254700 ) ) ;
#5943 = CARTESIAN_POINT ( 'NONE',  ( 329.5584033282847300, 88.36515506684037300, -55.17831009907291000 ) ) ;
#5944 = PRODUCT_DEFINITION_SHAPE ( 'NONE', 'NONE',  #2234 ) ;
#5945 = CARTESIAN_POINT ( 'NONE',  ( 270.6148673641960200, 88.29026120362004800, -23.81951281215130600 ) ) ;
#5946 = CARTESIAN_POINT ( 'NONE',  ( 313.5737471440223800, 91.30651187682926200, -38.86715198568646200 ) ) ;
#5947 = EDGE_LOOP ( 'NONE', ( #5977, #5311 ) ) ;
#5948 = FACE_OUTER_BOUND ( 'NONE', #5426, .T. ) ;
#5949 = ORIENTED_EDGE ( 'NONE', *, *, #5551, .T. ) ;
#5950 = ORIENTED_EDGE ( 'NONE', *, *, #4796, .T. ) ;
#5951 = ORIENTED_EDGE ( 'NONE', *, *, #1837, .T. ) ;
#5952 = ORIENTED_EDGE ( 'NONE', *, *, #2064, .T. ) ;
#5953 = CARTESIAN_POINT ( 'NONE',  ( 300.6174742920163700, 91.79241266676767500, -32.86964200791572200 ) ) ;
#5954 = CARTESIAN_POINT ( 'NONE',  ( 323.6748211966078700, 92.76562558247218200, -39.48647116793780000 ) ) ;
#5955 = CARTESIAN_POINT ( 'NONE',  ( 300.0353736386999800, 94.37964177613000100, -52.83523005332001100 ) ) ;
#5956 = CARTESIAN_POINT ( 'NONE',  ( 271.6728886885337000, 87.63380170034999100, -30.81887194484491100 ) ) ;
#5957 = CARTESIAN_POINT ( 'NONE',  ( 295.0183755013009700, 94.72950113755263100, -46.34766627774752800 ) ) ;
#5958 = VERTEX_POINT ( 'NONE', #1015 ) ;
#5959 = ORIENTED_EDGE ( 'NONE', *, *, #5364, .T. ) ;
#5960 = CARTESIAN_POINT ( 'NONE',  ( 307.3704536323734800, 91.42036538296477500, -39.73484604080162100 ) ) ;
#5961 = CARTESIAN_POINT ( 'NONE',  ( 317.7305032900870300, 92.98878925530051700, -39.90722864987196800 ) ) ;
#5962 = DIRECTION ( 'NONE',  ( 0.0000000000000000000, -1.000000000000000000, 0.0000000000000000000 ) ) ;
#5963 = CARTESIAN_POINT ( 'NONE',  ( 279.2893469742371600, 91.07979217942147400, -43.46247923879002400 ) ) ;
#5964 = EDGE_CURVE ( 'NONE', #2611, #5778, #6642, .T. ) ;
#5965 = VERTEX_POINT ( 'NONE', #2204 ) ;
#5966 = CARTESIAN_POINT ( 'NONE',  ( 280.7893471838999600, 88.54085002964012600, -39.78237565572000300 ) ) ;
#5967 = CARTESIAN_POINT ( 'NONE',  ( 328.2112950126483500, 87.63380170035000600, -47.45833349343849500 ) ) ;
#5968 = CARTESIAN_POINT ( 'NONE',  ( 328.9201928854568600, 88.55655332282162800, -37.48027402243707200 ) ) ;
#5969 = CARTESIAN_POINT ( 'NONE',  ( 321.4660782383562000, 88.54085002964015400, -41.09305523825150200 ) ) ;
#5970 = ADVANCED_FACE ( 'NONE', ( #7396 ), #2415, .F. ) ;
#5971 = ORIENTED_EDGE ( 'NONE', *, *, #1837, .F. ) ;
#5972 = CARTESIAN_POINT ( 'NONE',  ( 290.4394303494000300, 91.82068893289000800, -54.27251880464000100 ) ) ;
#5973 = CARTESIAN_POINT ( 'NONE',  ( 328.2234270116429100, 87.63379237454047700, -47.28110582821226900 ) ) ;
#5974 = CARTESIAN_POINT ( 'NONE',  ( 295.3002295538529400, 91.44922628649266000, -46.92500405920754500 ) ) ;
#5975 = CARTESIAN_POINT ( 'NONE',  ( 300.2026908226215500, 91.79297055156104100, -33.34331858634786300 ) ) ;
#5976 = EDGE_CURVE ( 'NONE', #3890, #7225, #2696, .T. ) ;
#5977 = ORIENTED_EDGE ( 'NONE', *, *, #6326, .F. ) ;
#5978 = DIRECTION ( 'NONE',  ( 0.0000000000000000000, 0.9998476951563677300, 0.01745240643862944200 ) ) ;
#5979 = ORIENTED_EDGE ( 'NONE', *, *, #6179, .F. ) ;
#5980 = B_SPLINE_CURVE_WITH_KNOTS ( 'NONE', 3,
 ( #3946, #1674, #6898, #622 ),
 .UNSPECIFIED., .F., .F.,
 ( 4, 4 ),
 ( 0.0000000000000000000, 1.000000000000000000 ),
 .UNSPECIFIED. ) ;
#5981 = CARTESIAN_POINT ( 'NONE',  ( 299.9996150552717000, 89.15773559293052100, -23.18018128202876200 ) ) ;
#5982 = FACE_OUTER_BOUND ( 'NONE', #3013, .T. ) ;
#5983 = CARTESIAN_POINT ( 'NONE',  ( 275.0372313638364400, 90.91323763806158800, -26.38138424965343600 ) ) ;
#5984 = CARTESIAN_POINT ( 'NONE',  ( 296.0658346698696200, 90.29632340750735900, -39.71339331167496300 ) ) ;
#5985 = CARTESIAN_POINT ( 'NONE',  ( 327.7200378862323800, 87.63380162385232100, -47.83131255655266800 ) ) ;
#5986 = CARTESIAN_POINT ( 'NONE',  ( 282.9923494818275500, 93.03158313715732700, -25.34032476745466100 ) ) ;
#5987 = CARTESIAN_POINT ( 'NONE',  ( 302.2001405317913600, 94.76044750419281100, -41.82726350689266300 ) ) ;
#5988 = EDGE_CURVE ( 'NONE', #3625, #3475, #392, .T. ) ;
#5989 = AXIS2_PLACEMENT_3D ( 'NONE', #3758, #1506, #4993 ) ;
#5990 = CARTESIAN_POINT ( 'NONE',  ( 272.9560309810576700, 88.85864595713231000, -51.92703026546099900 ) ) ;
#5991 = CARTESIAN_POINT ( 'NONE',  ( 321.9101500313975600, 87.04085002963991300, -38.86055557575804900 ) ) ;
#5992 = CARTESIAN_POINT ( 'NONE',  ( 319.2106497677999600, 88.54085002964015400, -39.97872519656893800 ) ) ;
#5993 = CARTESIAN_POINT ( 'NONE',  ( 291.9532929378283900, 91.72008346298224500, -33.15952996850492000 ) ) ;
#5994 = CARTESIAN_POINT ( 'NONE',  ( 295.4348156532999500, 97.93999999999998400, -45.30807779753000400 ) ) ;
#5995 = ORIENTED_EDGE ( 'NONE', *, *, #1730, .T. ) ;
#5996 = CARTESIAN_POINT ( 'NONE',  ( 285.1537606385260800, 90.02527027334419100, -30.97163936989459300 ) ) ;
#5997 = CARTESIAN_POINT ( 'NONE',  ( 304.9814386877831700, 94.76874564476003100, -45.78510902541163600 ) ) ;
#5998 = DIRECTION ( 'NONE',  ( -0.0000000000000000000, 1.000000000000000000, 0.0000000000000000000 ) ) ;
#5999 = DIRECTION ( 'NONE',  ( -1.000000000000000000, 2.312964634635783600E-014, 0.0000000000000000000 ) ) ;
#6001 = ADVANCED_FACE ( 'NONE', ( #5861 ), #7104, .T. ) ;
#6000 = CARTESIAN_POINT ( 'NONE',  ( 272.2465289745074400, 88.23030217397615600, -47.83130146005142100 ) ) ;
#6002 = EDGE_CURVE ( 'NONE', #4952, #4265, #1043, .T. ) ;
#6003 = VERTEX_POINT ( 'NONE', #3453 ) ;
#6004 = ORIENTED_EDGE ( 'NONE', *, *, #208, .F. ) ;
#6005 = VECTOR ( 'NONE', #2310, 1000.000000000000000 ) ;
#6006 = CARTESIAN_POINT ( 'NONE',  ( 311.7436399193779300, 91.59850143216169700, -26.51623614143146300 ) ) ;
#6007 = CARTESIAN_POINT ( 'NONE',  ( 301.7696833633177100, 94.76398640755699900, -41.63968205269639400 ) ) ;
#6008 = CARTESIAN_POINT ( 'NONE',  ( 323.1604349663810500, 90.98582573169964900, -42.54148872081391600 ) ) ;
#6009 = VERTEX_POINT ( 'NONE', #6281 ) ;
#6010 = FACE_OUTER_BOUND ( 'NONE', #2867, .T. ) ;
#6011 = CARTESIAN_POINT ( 'NONE',  ( 270.6472036286906500, 88.38112853638644100, -54.80649809980738500 ) ) ;
#6012 = CARTESIAN_POINT ( 'NONE',  ( 289.9925835568731700, 91.38120682684079600, -48.04133998287306900 ) ) ;
#6013 = AXIS2_PLACEMENT_3D ( 'NONE', #2536, #3680, #4259 ) ;
#6014 = CARTESIAN_POINT ( 'NONE',  ( 322.2106497678000200, 88.54085002964006900, -39.78237565572013800 ) ) ;
#6015 = CARTESIAN_POINT ( 'NONE',  ( 312.9526515736155300, 91.55764596956824200, -37.40975998323251200 ) ) ;
#6016 = ORIENTED_EDGE ( 'NONE', *, *, #4296, .T. ) ;
#6017 = EDGE_CURVE ( 'NONE', #3193, #6662, #1553, .T. ) ;
#6018 = CARTESIAN_POINT ( 'NONE',  ( 327.7200378862323800, 87.63380162385232100, -47.83131255655266800 ) ) ;
#6019 = CARTESIAN_POINT ( 'NONE',  ( 279.2893471838999100, 91.07979218722353200, -36.10227207265000300 ) ) ;
#6020 = EDGE_LOOP ( 'NONE', ( #6242, #706, #4919, #2294, #6585, #1726, #2877, #6135, #6235, #3109, #2295, #656, #4536, #576 ) ) ;
#6021 = CARTESIAN_POINT ( 'NONE',  ( 296.7337227877321200, 91.46143378136179100, -49.68872305624325500 ) ) ;
#6022 = CARTESIAN_POINT ( 'NONE',  ( 274.2778687806991800, 90.88225180463814500, -53.20865836681197400 ) ) ;
#6023 = DIRECTION ( 'NONE',  ( 0.05233755900026894300, -0.9986294507563320300, -1.385876761561867100E-014 ) ) ;
#6024 = CARTESIAN_POINT ( 'NONE',  ( 298.0499093757000000, 93.27085089516000900, -53.76278066735999800 ) ) ;
#6025 = CARTESIAN_POINT ( 'NONE',  ( 302.5321621651666500, 94.76140067435247300, -50.63416454812513500 ) ) ;
#6026 = CARTESIAN_POINT ( 'NONE',  ( 307.9997987285466900, 85.46874564475999100, -46.17583625932628900 ) ) ;
#6027 = VERTEX_POINT ( 'NONE', #2842 ) ;
#6028 = B_SPLINE_CURVE_WITH_KNOTS ( 'NONE', 3,
 ( #4293, #853, #3718, #1379, #4894, #300 ),
 .UNSPECIFIED., .F., .F.,
 ( 4, 2, 4 ),
 ( 0.0000000000000000000, 0.5000000000000000000, 1.000000000000000000 ),
 .UNSPECIFIED. ) ;
#6029 = CARTESIAN_POINT ( 'NONE',  ( 299.9999978235173300, 93.25563134100522700, -53.79496148710477100 ) ) ;
#6030 = VECTOR ( 'NONE', #7003, 1000.000000000000000 ) ;
#6031 = EDGE_CURVE ( 'NONE', #4540, #4534, #5457, .T. ) ;
#6032 = CARTESIAN_POINT ( 'NONE',  ( 272.7191152829535100, 87.63380170034999100, -43.73823364910352800 ) ) ;
#6033 = B_SPLINE_CURVE_WITH_KNOTS ( 'NONE', 3,
 ( #3477, #2303, #1761, #1745, #39, #596, #1169, #6358, #3509, #1717, #5241, #4082, #1218, #3441, #4026, #5809, #6381, #2926, #6961, #5765 ),
 .UNSPECIFIED., .F., .F.,
 ( 4, 2, 2, 2, 2, 2, 2, 2, 2, 4 ),
 ( 0.0000000000000000000, 0.1250000000000088000, 0.1875000000000012500, 0.2499999999999937300, 0.3749999999999947800, 0.4999999999999958900, 0.6249999999999968900, 0.7499999999999978900, 0.8749999999999990000, 1.000000000000000000 ),
 .UNSPECIFIED. ) ;
#6034 = CARTESIAN_POINT ( 'NONE',  ( 326.1881393360617400, 92.59433896475853500, -25.68413628241453800 ) ) ;
#6035 = CARTESIAN_POINT ( 'NONE',  ( 304.2867855894559200, 94.73794845873978000, -43.76822002589074900 ) ) ;
#6036 = ORIENTED_EDGE ( 'NONE', *, *, #6645, .F. ) ;
#6037 = ORIENTED_EDGE ( 'NONE', *, *, #1825, .F. ) ;
#6038 = DIRECTION ( 'NONE',  ( 0.0000000000000000000, 5.782411586588924200E-015, -1.000000000000000000 ) ) ;
#6039 = CARTESIAN_POINT ( 'NONE',  ( 273.5565245415080500, 92.52448710367805500, -25.89798975236992000 ) ) ;
#6040 = CARTESIAN_POINT ( 'NONE',  ( 323.6541376225445100, 87.04085002964001200, -42.04344218854500100 ) ) ;
#6041 = CARTESIAN_POINT ( 'NONE',  ( 289.2494083835515500, 91.36790625894163000, -47.31073124367750900 ) ) ;
#6042 = VERTEX_POINT ( 'NONE', #4070 ) ;
#6043 = ORIENTED_EDGE ( 'NONE', *, *, #2606, .T. ) ;
#6044 = ORIENTED_EDGE ( 'NONE', *, *, #4822, .T. ) ;
#6045 = ORIENTED_EDGE ( 'NONE', *, *, #4694, .F. ) ;
#6046 = CARTESIAN_POINT ( 'NONE',  ( 302.0393512419509500, 93.27009689500083300, -39.43931361985498500 ) ) ;
#6047 = ADVANCED_FACE ( 'NONE', ( #5593 ), #3396, .F. ) ;
#6048 = CARTESIAN_POINT ( 'NONE',  ( 291.9744248360503900, 85.46874564475999100, -46.04754178200627000 ) ) ;
#6049 = DIRECTION ( 'NONE',  ( 0.0000000000000000000, 0.0000000000000000000, 1.000000000000000000 ) ) ;
#6050 = CARTESIAN_POINT ( 'NONE',  ( 303.5422695314626900, 91.45923485818667600, -43.20364643490631100 ) ) ;
#6051 = CARTESIAN_POINT ( 'NONE',  ( 327.1697447085922500, 88.59783963017149200, -43.92517400625534000 ) ) ;
#6052 = CARTESIAN_POINT ( 'NONE',  ( 300.8194160711781800, 91.79185478197433700, -32.27329115039357500 ) ) ;
#6053 = ORIENTED_EDGE ( 'NONE', *, *, #5103, .T. ) ;
#6054 = CARTESIAN_POINT ( 'NONE',  ( 309.7295040062874700, 89.23101724025188700, -54.88378769470954000 ) ) ;
#6055 = CARTESIAN_POINT ( 'NONE',  ( 303.6298017944061500, 94.74898707781920800, -49.72568649751490000 ) ) ;
#6056 = CARTESIAN_POINT ( 'NONE',  ( 313.8378784321329800, 91.52546389091860100, -28.71507605423880700 ) ) ;
#6057 = ORIENTED_EDGE ( 'NONE', *, *, #2535, .F. ) ;
#6058 = CARTESIAN_POINT ( 'NONE',  ( 294.3374956349396100, 100.8330302779791800, -45.30807779753109800 ) ) ;
#6059 = VERTEX_POINT ( 'NONE', #2337 ) ;
#6060 = CARTESIAN_POINT ( 'NONE',  ( 307.4433376152727500, 91.71127467938052300, -30.59688224665093900 ) ) ;
#6061 = CARTESIAN_POINT ( 'NONE',  ( 304.9366213121209100, 94.73005620712301300, -45.61964398813466900 ) ) ;
#6062 =( BOUNDED_SURFACE ( )  B_SPLINE_SURFACE ( 3, 3, ( 
 ( #1995, #7147, #1921, #5955 ),
 ( #5455, #1400, #6519, #3649 ),
 ( #6024, #3723, #3137, #4324 ),
 ( #5477, #5528, #7247, #5578 ) ),
 .UNSPECIFIED., .F., .F., .F. ) 
 B_SPLINE_SURFACE_WITH_KNOTS ( ( 4, 4 ),
 ( 4, 4 ),
 ( -0.01472548230843999900, 1.002507023439000100 ),
 ( -0.0007136446428171000500, 1.000000000000000000 ),
 .UNSPECIFIED. ) 
 GEOMETRIC_REPRESENTATION_ITEM ( )  RATIONAL_B_SPLINE_SURFACE ( (
 ( 1.000216341901000200, 0.8990335844057000300, 0.8825428655697001900, 0.9507441853935001400),
 ( 1.000215080979000000, 0.8996220546967000900, 0.8832274499800001300, 0.9510312668292999500),
 ( 1.000261940033000000, 0.8777530099104002800, 0.8577865613617000600, 0.9403625943872999700),
 ( 1.000350045904000000, 0.8366341427355999900, 0.8099518008530000000, 0.9203030202560000800) ) ) 
 REPRESENTATION_ITEM ( '' )  SURFACE ( )  );
#6063 = EDGE_CURVE ( 'NONE', #2431, #1349, #1494, .T. ) ;
#6064 = ORIENTED_EDGE ( 'NONE', *, *, #2977, .F. ) ;
#6065 = EDGE_CURVE ( 'NONE', #3199, #5780, #6695, .T. ) ;
#6066 = CARTESIAN_POINT ( 'NONE',  ( 300.5656506093047800, 100.9999999999999900, -41.35820352623179700 ) ) ;
#6067 = CARTESIAN_POINT ( 'NONE',  ( 279.0463781211356600, 91.07075071279382400, -43.46247922494761400 ) ) ;
#6068 = CARTESIAN_POINT ( 'NONE',  ( 299.8217751868000400, 94.29028808339001000, -40.62588602871998900 ) ) ;
#6069 = FACE_BOUND ( 'NONE', #4798, .T. ) ;
#6070 = CARTESIAN_POINT ( 'NONE',  ( 326.1109256324201100, 88.49938072896550500, -25.20326432809523400 ) ) ;
#6071 = CARTESIAN_POINT ( 'NONE',  ( 312.2714130383816400, 91.58070265841890000, -37.72507076707621100 ) ) ;
#6072 = CARTESIAN_POINT ( 'NONE',  ( 326.9378107497080900, 88.46617822922301900, -25.85525145536185600 ) ) ;
#6073 = CARTESIAN_POINT ( 'NONE',  ( 293.1194279330090900, 91.74162197949498000, -30.46385164461463900 ) ) ;
#6074 = CARTESIAN_POINT ( 'NONE',  ( 327.1690857907000800, 88.11523352359500900, -47.28130146022000700 ) ) ;
#6075 = ORIENTED_EDGE ( 'NONE', *, *, #2651, .F. ) ;
#6076 = CARTESIAN_POINT ( 'NONE',  ( 291.9998683303210200, 91.41581888554834700, -46.18443139323568400 ) ) ;
#6077 = CARTESIAN_POINT ( 'NONE',  ( 300.8194312723843500, 90.29397093920218300, -32.06385394946990900 ) ) ;
#6078 = EDGE_CURVE ( 'NONE', #4996, #1827, #2178, .T. ) ;
#6079 = CARTESIAN_POINT ( 'NONE',  ( 304.9815066686077200, 94.72951249737346300, -46.31816017732170800 ) ) ;
#6080 = CARTESIAN_POINT ( 'NONE',  ( 295.4221998810592100, 94.76874564476028700, -45.07786274103988700 ) ) ;
#6081 = B_SPLINE_CURVE_WITH_KNOTS ( 'NONE', 3,
 ( #1998, #3211, #4902, #6056 ),
 .UNSPECIFIED., .F., .F.,
 ( 4, 4 ),
 ( 0.0000000000000000000, 1.000000000000000000 ),
 .UNSPECIFIED. ) ;
#6082 = CARTESIAN_POINT ( 'NONE',  ( 288.4905537807513800, 91.35988505291133800, -53.20524587001061400 ) ) ;
#6083 = AXIS2_PLACEMENT_3D ( 'NONE', #6436, #7011, #716 ) ;
#6085 = ADVANCED_FACE ( 'NONE', ( #921 ), #6466, .F. ) ;
#6084 = DIRECTION ( 'NONE',  ( 0.0000000000000000000, 1.000000000000000000, 0.0000000000000000000 ) ) ;
#6086 = ORIENTED_EDGE ( 'NONE', *, *, #6902, .F. ) ;
#6087 = B_SPLINE_CURVE_WITH_KNOTS ( 'NONE', 3,
 ( #408, #262, #6608, #3726, #7151, #6032, #6599, #6576, #3171, #2022, #7126, #4301, #4826, #4927, #1384, #1949 ),
 .UNSPECIFIED., .F., .F.,
 ( 4, 2, 2, 2, 2, 2, 2, 4 ),
 ( 0.0000000000000000000, 0.2496974152744466100, 0.3745461229116592800, 0.4993948305488719600, 0.6242435381860845800, 0.7490922458232972500, 0.8739409534605099300, 0.9987896610977226000 ),
 .UNSPECIFIED. ) ;
#6088 = B_SPLINE_CURVE_WITH_KNOTS ( 'NONE', 3,
 ( #4013, #6390, #3561, #138, #1246, #3016, #5892, #5277, #6416, #4134 ),
 .UNSPECIFIED., .F., .F.,
 ( 4, 2, 2, 2, 4 ),
 ( 0.0000000000000000000, 0.1250000000000000000, 0.2500000000000000000, 0.3750000000000000000, 0.5000000000000000000 ),
 .UNSPECIFIED. ) ;
#6089 = CARTESIAN_POINT ( 'NONE',  ( 301.5708362188167900, 94.76750144279390000, -41.57742539338977400 ) ) ;
#6090 = EDGE_CURVE ( 'NONE', #6344, #2263, #3111, .T. ) ;
#6091 = CARTESIAN_POINT ( 'NONE',  ( 297.6495943132879900, 93.26879106711663800, -53.71673675763416600 ) ) ;
#6092 = CARTESIAN_POINT ( 'NONE',  ( 328.3953506324707000, 87.63380170034999100, -34.30896544221684500 ) ) ;
#6093 = CARTESIAN_POINT ( 'NONE',  ( 307.9901791458000300, 93.16928496949000800, -46.30243345077001000 ) ) ;
#6094 = CARTESIAN_POINT ( 'NONE',  ( 282.2479225804541400, 92.98810029372094700, -40.17094255178440700 ) ) ;
#6095 = CARTESIAN_POINT ( 'NONE',  ( 300.5304871438460200, 94.76874564476001700, -51.29392662126415600 ) ) ;
#6096 = LINE ( 'NONE', #4726, #2997 ) ;
#6097 = CARTESIAN_POINT ( 'NONE',  ( 271.7549267327340200, 88.07379555879498400, -44.02231235787246500 ) ) ;
#6098 = CARTESIAN_POINT ( 'NONE',  ( 290.8671009175570200, 85.46874564476000600, -47.30793174987283600 ) ) ;
#6099 = DIRECTION ( 'NONE',  ( 0.0000000000000000000, 0.0000000000000000000, 1.000000000000000000 ) ) ;
#6100 = CARTESIAN_POINT ( 'NONE',  ( 300.1184944930000700, 94.28989027627001500, -51.99286797589999800 ) ) ;
#6101 = CARTESIAN_POINT ( 'NONE',  ( 297.6328622536582300, 94.76874564476028700, -42.20128177226408200 ) ) ;
#6102 = ORIENTED_EDGE ( 'NONE', *, *, #595, .F. ) ;
#6103 = VECTOR ( 'NONE', #2886, 1000.000000000000000 ) ;
#6104 = CARTESIAN_POINT ( 'NONE',  ( 279.9207390656419500, 91.10444356276791200, -53.20642109627060300 ) ) ;
#6105 = CARTESIAN_POINT ( 'NONE',  ( 274.2778687806991800, 90.88225180463814500, -53.20865836681197400 ) ) ;
#6106 = EDGE_CURVE ( 'NONE', #522, #6596, #2742, .T. ) ;
#6107 = ORIENTED_EDGE ( 'NONE', *, *, #880, .F. ) ;
#6108 = VERTEX_POINT ( 'NONE', #1840 ) ;
#6109 = CYLINDRICAL_SURFACE ( 'NONE', #4531, 0.9999999999999940000 ) ;
#6110 = CARTESIAN_POINT ( 'NONE',  ( 326.3556344850339300, 92.60609537362643100, -25.91239518070422300 ) ) ;
#6111 = CARTESIAN_POINT ( 'NONE',  ( 285.8629966487768000, 93.09260306055821800, -27.01612241253581500 ) ) ;
#6112 = CARTESIAN_POINT ( 'NONE',  ( 323.5351705799805000, 88.54085296164829800, -39.02330677768360800 ) ) ;
#6113 = DIRECTION ( 'NONE',  ( -0.9998476951386694500, 0.01745240745256870100, 0.0000000000000000000 ) ) ;
#6114 = CARTESIAN_POINT ( 'NONE',  ( 290.4765058074158900, 85.46874564475999100, -44.36015650859296500 ) ) ;
#6115 = CARTESIAN_POINT ( 'NONE',  ( 299.7975405105999600, 93.75854525702003200, -52.76146593448000700 ) ) ;
#6116 = ORIENTED_EDGE ( 'NONE', *, *, #5173, .F. ) ;
#6117 = VECTOR ( 'NONE', #2124, 1000.000000000000000 ) ;
#6118 = CARTESIAN_POINT ( 'NONE',  ( 271.6210869583801500, 87.63380170034999100, -32.12157050758216300 ) ) ;
#6119 = DIRECTION ( 'NONE',  ( -1.576126436874271400E-012, 0.0000000000000000000, -1.000000000000000000 ) ) ;
#6120 = ADVANCED_FACE ( 'NONE', ( #1892 ), #3224, .T. ) ;
#6121 = CARTESIAN_POINT ( 'NONE',  ( 319.4531308357820800, 88.86456892218060900, -22.97128013538810300 ) ) ;
#6122 = EDGE_CURVE ( 'NONE', #4335, #2962, #3320, .T. ) ;
#6123 = CARTESIAN_POINT ( 'NONE',  ( 291.7651556032598700, 91.41212901340976800, -46.95199607039825200 ) ) ;
#6124 = ORIENTED_EDGE ( 'NONE', *, *, #3370, .T. ) ;
#6125 = LINE ( 'NONE', #3596, #1359 ) ;
#6126 =( NAMED_UNIT ( * ) PLANE_ANGLE_UNIT ( ) SI_UNIT ( $, .RADIAN. ) );
#6127 = CARTESIAN_POINT ( 'NONE',  ( 323.3399858651200700, 92.77990867859298900, -41.18300259940126300 ) ) ;
#6128 = DIRECTION ( 'NONE',  ( 0.0000000000000000000, -0.9998476951224201100, 0.01745240838348892000 ) ) ;
#6129 = PLANE ( 'NONE',  #3478 ) ;
#6130 = B_SPLINE_CURVE_WITH_KNOTS ( 'NONE', 3,
 ( #5165, #571, #1167, #5188, #2301, #3439, #2265, #5738, #1098, #3936, #6913, #6889, #1743, #519, #7366, #3998, #491, #1069, #2211, #6317, #3403, #2853, #1685, #17, #1666, #4595, #5719, #6291, #1149, #4024, #5764, #6249, #6267, #6805 ),
 .UNSPECIFIED., .F., .F.,
 ( 4, 2, 2, 2, 2, 2, 2, 2, 2, 2, 2, 2, 2, 2, 2, 2, 4 ),
 ( 0.009306869268630687700, 0.009888209988668034800, 0.01046955070870538400, 0.01105089142874273100, 0.01163223214878007800, 0.01221357286881742700, 0.01279491358885477400, 0.01337625430889212100, 0.01395759502892947000, 0.01453893574896681700, 0.01512027646900416400, 0.01570161718904151300, 0.01628295790907886100, 0.01686429862911620700, 0.01744563934915355200, 0.01802698006919090100, 0.01860832078922825000 ),
 .UNSPECIFIED. ) ;
#6131 = CARTESIAN_POINT ( 'NONE',  ( 327.7690857907001600, 88.60776083374541700, -34.23130146022001700 ) ) ;
#6132 = CYLINDRICAL_SURFACE ( 'NONE', #3613, 0.9999999999999940000 ) ;
#6133 = VERTEX_POINT ( 'NONE', #1230 ) ;
#6134 = ORIENTED_EDGE ( 'NONE', *, *, #5653, .T. ) ;
#6135 = ORIENTED_EDGE ( 'NONE', *, *, #1549, .F. ) ;
#6136 = EDGE_CURVE ( 'NONE', #71, #4793, #3907, .T. ) ;
#6137 = VERTEX_POINT ( 'NONE', #7142 ) ;
#6138 = B_SPLINE_CURVE_WITH_KNOTS ( 'NONE', 3,
 ( #517, #2210, #37, #6290 ),
 .UNSPECIFIED., .F., .F.,
 ( 4, 4 ),
 ( 0.0000000000000000000, 1.000000000000000000 ),
 .UNSPECIFIED. ) ;
#6139 = B_SPLINE_CURVE_WITH_KNOTS ( 'NONE', 3,
 ( #5043, #6432, #3535, #740, #1239, #1877, #643, #2973, #690, #149 ),
 .UNSPECIFIED., .F., .F.,
 ( 4, 2, 2, 2, 4 ),
 ( 0.0000000000000000000, 0.2500000000000000000, 0.5000000000000000000, 0.7500000000000000000, 1.000000000000000000 ),
 .UNSPECIFIED. ) ;
#6140 = CARTESIAN_POINT ( 'NONE',  ( 317.1028103323266100, 91.20529149289717500, -40.51278804722736700 ) ) ;
#6141 = ORIENTED_EDGE ( 'NONE', *, *, #6682, .T. ) ;
#6142 = ORIENTED_EDGE ( 'NONE', *, *, #1404, .F. ) ;
#6143 = CARTESIAN_POINT ( 'NONE',  ( 273.7879097253827500, 92.65236080257516000, -25.78451541483273200 ) ) ;
#6144 = CARTESIAN_POINT ( 'NONE',  ( 299.9998714614055200, 94.76874564476014500, -41.60807779752968800 ) ) ;
#6145 = VERTEX_POINT ( 'NONE', #6019 ) ;
#6146 = CARTESIAN_POINT ( 'NONE',  ( 271.7307819418134000, 88.50613263289551500, -47.30609427574614800 ) ) ;
#6147 = CARTESIAN_POINT ( 'NONE',  ( 301.8260565786999900, 93.22729558835001700, -53.56731665394000400 ) ) ;
#6148 = CARTESIAN_POINT ( 'NONE',  ( 271.6037988335129400, 87.63381791714714100, -34.32741766239244900 ) ) ;
#6149 = CARTESIAN_POINT ( 'NONE',  ( 272.8151884257314900, 88.54164789832810800, -30.96447253225525400 ) ) ;
#6150 = DIRECTION ( 'NONE',  ( 0.5647798318876945400, 0.8043339223125618400, 0.1845824555861075000 ) ) ;
#6151 = CARTESIAN_POINT ( 'NONE',  ( 304.0115643039380300, 91.45535057414053900, -48.79194766258380200 ) ) ;
#6152 = PRODUCT_CONTEXT ( 'NONE', #6690, 'mechanical' ) ;
#6153 = CARTESIAN_POINT ( 'NONE',  ( 273.6108309945960300, 92.40935784617713000, -54.10262946878821600 ) ) ;
#6154 = VERTEX_POINT ( 'NONE', #6562 ) ;
#6155 = CARTESIAN_POINT ( 'NONE',  ( 300.5258989460396000, 94.76874564476001700, -41.32172667898942100 ) ) ;
#6156 = EDGE_CURVE ( 'NONE', #1601, #5182, #6028, .T. ) ;
#6157 = CARTESIAN_POINT ( 'NONE',  ( 320.1744364188263600, 91.09986340734836600, -36.10228905962669200 ) ) ;
#6158 = ORIENTED_EDGE ( 'NONE', *, *, #5307, .F. ) ;
#6159 = CARTESIAN_POINT ( 'NONE',  ( 293.1194305696861900, 91.74162420034865300, -33.66385164390533900 ) ) ;
#6160 =( BOUNDED_SURFACE ( )  B_SPLINE_SURFACE ( 3, 3, ( 
 ( #5485, #6700, #3246, #3148 ),
 ( #7179, #2233, #7363, #1021 ),
 ( #7425, #5690, #6266, #7391 ),
 ( #2208, #3934, #4517, #2769 ) ),
 .UNSPECIFIED., .F., .F., .F. ) 
 B_SPLINE_SURFACE_WITH_KNOTS ( ( 4, 4 ),
 ( 4, 4 ),
 ( -0.06670823480625000200, 1.010650293676999900 ),
 ( -0.1360307358430000200, 1.126131956878000200 ),
 .UNSPECIFIED. ) 
 GEOMETRIC_REPRESENTATION_ITEM ( )  RATIONAL_B_SPLINE_SURFACE ( (
 ( 1.055596526116000100, 0.8630557534332000700, 0.8615574622005001100, 1.051101652417999700),
 ( 1.055840108016000000, 0.8624557673889001700, 0.8609509117779001700, 1.051325541183000000),
 ( 1.056084110724000000, 0.8618547448189999300, 0.8603433134893001500, 1.051549816734999900),
 ( 1.056328511670000100, 0.8612527413160000500, 0.8597347235352000800, 1.051774458327999800) ) ) 
 REPRESENTATION_ITEM ( '' )  SURFACE ( )  );
#6162 = ADVANCED_FACE ( 'NONE', ( #4788 ), #4061, .T. ) ;
#6161 = CARTESIAN_POINT ( 'NONE',  ( 274.2218021976449300, 90.82109554746828900, -53.20837574054795000 ) ) ;
#6163 = CARTESIAN_POINT ( 'NONE',  ( 322.2106497678000200, 87.04085002963991300, -39.78237565572000300 ) ) ;
#6164 = VERTEX_POINT ( 'NONE', #1436 ) ;
#6165 = CARTESIAN_POINT ( 'NONE',  ( 287.6098116655447800, 93.13482493634151600, -25.18809193163036400 ) ) ;
#6166 = DIRECTION ( 'NONE',  ( 0.0000000000000000000, 0.0000000000000000000, -1.000000000000000000 ) ) ;
#6167 = AXIS2_PLACEMENT_3D ( 'NONE', #6557, #4313, #4861 ) ;
#6168 = CARTESIAN_POINT ( 'NONE',  ( 323.6106498189741400, 88.54085296164829800, -40.16198477472778400 ) ) ;
#6169 = EDGE_CURVE ( 'NONE', #4960, #1507, #415, .T. ) ;
#6170 = CARTESIAN_POINT ( 'NONE',  ( 325.4114976008270300, 90.89512464466676500, -53.20904204695601400 ) ) ;
#6171 = CARTESIAN_POINT ( 'NONE',  ( 272.0852652596058800, 88.49303912903747000, -30.52257440059866800 ) ) ;
#6172 = CARTESIAN_POINT ( 'NONE',  ( 305.6452705932999300, 93.20382660904999700, -40.64604853375998800 ) ) ;
#6173 = CARTESIAN_POINT ( 'NONE',  ( 284.2307120956442100, 89.98920442692467200, -31.81315886889213100 ) ) ;
#6174 = DIRECTION ( 'NONE',  ( 0.0000000000000000000, 0.0000000000000000000, 1.000000000000000000 ) ) ;
#6175 = DIRECTION ( 'NONE',  ( -0.01745174210008082100, -0.9998096343219697900, -0.008725354700035527200 ) ) ;
#6176 = DIRECTION ( 'NONE',  ( -0.05233755900699335600, 0.9986294507559796400, 5.389295022206433600E-014 ) ) ;
#6177 = PRODUCT_CONTEXT ( 'NONE', #3820, 'mechanical' ) ;
#6178 = CARTESIAN_POINT ( 'NONE',  ( 313.0058451210268200, 93.12043072562876500, -26.93668616955258700 ) ) ;
#6179 = EDGE_CURVE ( 'NONE', #5882, #739, #1277, .T. ) ;
#6180 = CARTESIAN_POINT ( 'NONE',  ( 317.0323203535128900, 91.20754250543154700, -39.99433608939405400 ) ) ;
#6181 = CARTESIAN_POINT ( 'NONE',  ( 294.9526899193000400, 93.73464735035001600, -51.36633044124000900 ) ) ;
#6182 = CARTESIAN_POINT ( 'NONE',  ( 286.8147726583387700, 90.08468531407547200, -39.62266899382316900 ) ) ;
#6183 = B_SPLINE_CURVE_WITH_KNOTS ( 'NONE', 3,
 ( #4158, #1853, #3583, #5365 ),
 .UNSPECIFIED., .F., .F.,
 ( 4, 4 ),
 ( 0.0000000000000000000, 1.000000000000000000 ),
 .UNSPECIFIED. ) ;
#6184 = AXIS2_PLACEMENT_3D ( 'NONE', #1882, #4198, #768 ) ;
#6185 = CARTESIAN_POINT ( 'NONE',  ( 299.8474246795090600, 91.48447875879820400, -25.67216573624048300 ) ) ;
#6186 = CARTESIAN_POINT ( 'NONE',  ( 310.9479258358413700, 85.46874564475999100, -46.83149857736488300 ) ) ;
#6187 = CARTESIAN_POINT ( 'NONE',  ( 325.7175193887050600, 88.59266035235293700, -53.22790589732872500 ) ) ;
#6188 = CARTESIAN_POINT ( 'NONE',  ( 273.7878196283335200, 92.65134180310340600, -53.85636865840679400 ) ) ;
#6189 = CARTESIAN_POINT ( 'NONE',  ( 273.5991957314364000, 92.55402490909273200, -25.73257112807405600 ) ) ;
#6190 = CARTESIAN_POINT ( 'NONE',  ( 326.3582312567507400, 92.41081706246605200, -54.10224595201125900 ) ) ;
#6191 = ORIENTED_EDGE ( 'NONE', *, *, #1455, .F. ) ;
#6192 = CYLINDRICAL_SURFACE ( 'NONE', #4012, 1.300000000106593400 ) ;
#6193 = CARTESIAN_POINT ( 'NONE',  ( 278.1015695880024100, 91.03485062181123100, -36.29093405976010400 ) ) ;
#6194 = CARTESIAN_POINT ( 'NONE',  ( 272.8309084806709800, 87.63380170034983500, -47.42529114588391100 ) ) ;
#6195 = CARTESIAN_POINT ( 'NONE',  ( 272.8308008448895500, 88.59327994800109700, -44.07256059515003700 ) ) ;
#6196 = CARTESIAN_POINT ( 'NONE',  ( 306.4345500695210400, 93.23619415914205900, -49.39958160183567800 ) ) ;
#6197 = CARTESIAN_POINT ( 'NONE',  ( 272.7662378910698100, 87.63380170035024700, -34.54450348694793100 ) ) ;
#6198 = ADVANCED_FACE ( 'NONE', ( #47 ), #2397, .F. ) ;
#6199 = CARTESIAN_POINT ( 'NONE',  ( 308.5108987062167200, 91.68793800113172700, -30.53552626012763900 ) ) ;
#6200 = CARTESIAN_POINT ( 'NONE',  ( 271.7779800806391700, 87.63380198558476800, -44.02233615496759000 ) ) ;
#6201 = AXIS2_PLACEMENT_3D ( 'NONE', #2461, #5356, #1313 ) ;
#6202 = CLOSED_SHELL ( 'NONE', ( #5970, #4190, #326, #4808, #2710, #5449, #3653, #3114, #5001, #3961, #5811, #4005 ) ) ;
#6203 = CARTESIAN_POINT ( 'NONE',  ( 299.9998714613999500, 99.00000000000000000, -46.30807779752999700 ) ) ;
#6204 = CYLINDRICAL_SURFACE ( 'NONE', #6298, 6.950000000000011700 ) ;
#6205 = CARTESIAN_POINT ( 'NONE',  ( 273.8079836407992500, 92.65203269408237900, -53.85379963705685900 ) ) ;
#6206 = DIRECTION ( 'NONE',  ( -0.0000000000000000000, 1.000000000000000000, 0.0000000000000000000 ) ) ;
#6207 = CARTESIAN_POINT ( 'NONE',  ( 294.3534615117999900, 93.20249395333000600, -51.97109911991999800 ) ) ;
#6208 = VERTEX_POINT ( 'NONE', #4206 ) ;
#6209 = CARTESIAN_POINT ( 'NONE',  ( 271.6068433480904200, 87.63380170035000600, -34.39522123891929800 ) ) ;
#6210 = VERTEX_POINT ( 'NONE', #5973 ) ;
#6211 = CIRCLE ( 'NONE', #2154, 6.950000000000011700 ) ;
#6212 = AXIS2_PLACEMENT_3D ( 'NONE', #7327, #432, #3904 ) ;
#6213 = CARTESIAN_POINT ( 'NONE',  ( 299.9931943043524100, 90.29607490264668000, -24.91897935913467100 ) ) ;
#6214 = DIRECTION ( 'NONE',  ( 0.0000000000000000000, -1.000000000000000000, 0.0000000000000000000 ) ) ;
#6215 = ORIENTED_EDGE ( 'NONE', *, *, #630, .T. ) ;
#6216 = FACE_OUTER_BOUND ( 'NONE', #1017, .T. ) ;
#6217 = CARTESIAN_POINT ( 'NONE',  ( 299.9999677853824700, 91.48356505306627200, -51.74015911316665500 ) ) ;
#6218 = CARTESIAN_POINT ( 'NONE',  ( 309.3202952149121100, 91.39486038009025000, -47.26435336842524700 ) ) ;
#6219 = CARTESIAN_POINT ( 'NONE',  ( 326.2674409216136800, 92.41992090117558700, -54.14922295394557500 ) ) ;
#6220 = CARTESIAN_POINT ( 'NONE',  ( 272.5680011412062000, 87.63380170034984900, -47.77202626104865100 ) ) ;
#6221 = ORIENTED_EDGE ( 'NONE', *, *, #4610, .T. ) ;
#6222 = CARTESIAN_POINT ( 'NONE',  ( 326.5326321066955300, 89.37768266484219700, -25.83136663727374600 ) ) ;
#6223 = ORIENTED_EDGE ( 'NONE', *, *, #1395, .F. ) ;
#6224 = VERTEX_POINT ( 'NONE', #5572 ) ;
#6225 = CARTESIAN_POINT ( 'NONE',  ( 272.2309084214688800, 87.63380170034993500, -34.83130146021900200 ) ) ;
#6226 = CARTESIAN_POINT ( 'NONE',  ( 310.0568033460812100, 91.64832975898539800, -35.04191661771599100 ) ) ;
#6227 = CARTESIAN_POINT ( 'NONE',  ( 272.1045204698028800, 87.63380168411897800, -34.83130145968345200 ) ) ;
#6228 = EDGE_CURVE ( 'NONE', #2881, #1538, #983, .T. ) ;
#6229 = CARTESIAN_POINT ( 'NONE',  ( 272.2553668422054900, 88.56744890042908500, -43.52256180327310600 ) ) ;
#6230 = B_SPLINE_CURVE_WITH_KNOTS ( 'NONE', 3,
 ( #1031, #5674, #7373, #5626 ),
 .UNSPECIFIED., .F., .F.,
 ( 4, 4 ),
 ( 0.0000000000000000000, 1.000000000000000000 ),
 .UNSPECIFIED. ) ;
#6231 = EDGE_LOOP ( 'NONE', ( #2496, #7296 ) ) ;
#6232 = CARTESIAN_POINT ( 'NONE',  ( 326.9599879913677700, 89.28200199143123000, -26.40030577385174100 ) ) ;
#6233 = ORIENTED_EDGE ( 'NONE', *, *, #1455, .T. ) ;
#6234 = CARTESIAN_POINT ( 'NONE',  ( 290.6793028089430200, 91.39487081998039700, -45.35185076597383600 ) ) ;
#6235 = ORIENTED_EDGE ( 'NONE', *, *, #5739, .T. ) ;
#6236 = DIRECTION ( 'NONE',  ( 0.0000000000000000000, -0.8827467590982757100, 0.4698490814096489800 ) ) ;
#6237 = B_SPLINE_CURVE_WITH_KNOTS ( 'NONE', 3,
 ( #3842, #1567, #3768, #5598, #2641, #2588, #6617, #3159, #7191, #3737, #1077, #1034, #3945, #498, #1056 ),
 .UNSPECIFIED., .F., .F.,
 ( 4, 2, 2, 2, 1, 2, 2, 4 ),
 ( 0.0000000000000000000, 0.2499999999997468100, 0.3749999999997153400, 0.4374999999997918300, 0.4687499999999468200, 0.4843749999999291100, 0.4999999999999114000, 1.000000000000000000 ),
 .UNSPECIFIED. ) ;
#6238 = EDGE_CURVE ( 'NONE', #463, #931, #4511, .T. ) ;
#6240 = ADVANCED_FACE ( 'NONE', ( #3592 ), #1534, .T. ) ;
#6239 = CARTESIAN_POINT ( 'NONE',  ( 272.9590177043916700, 89.02248028851720100, -52.04156273606321300 ) ) ;
#6241 = ORIENTED_EDGE ( 'NONE', *, *, #5866, .T. ) ;
#6242 = ORIENTED_EDGE ( 'NONE', *, *, #3538, .T. ) ;
#6243 = ORIENTED_EDGE ( 'NONE', *, *, #507, .T. ) ;
#6244 = CARTESIAN_POINT ( 'NONE',  ( 310.7474683024821600, 85.46874564475999100, -45.30070972200209700 ) ) ;
#6245 = PLANE ( 'NONE',  #2542 ) ;
#6246 = STYLED_ITEM ( 'NONE', ( #672 ), #6977 ) ;
#6247 = CARTESIAN_POINT ( 'NONE',  ( 300.3188525260898100, 90.29545442253467500, -33.24157457292579900 ) ) ;
#6248 = CARTESIAN_POINT ( 'NONE',  ( 314.7606603969106200, 91.27540511501293000, -25.83635124753239200 ) ) ;
#6249 = CARTESIAN_POINT ( 'NONE',  ( 278.8963878089475100, 92.87006678257284900, -36.82648453740169000 ) ) ;
#6250 = ORIENTED_EDGE ( 'NONE', *, *, #6776, .T. ) ;
#6251 = CARTESIAN_POINT ( 'NONE',  ( 304.7332378199707300, 101.0000000000000000, -44.75326621258725600 ) ) ;
#6252 = CARTESIAN_POINT ( 'NONE',  ( 317.4856509877851600, 91.19293404611998700, -37.97505805246243700 ) ) ;
#6253 = EDGE_LOOP ( 'NONE', ( #4978, #1988 ) ) ;
#6254 = CARTESIAN_POINT ( 'NONE',  ( 326.6081155136822100, 89.38064269936072000, -25.89149821006421700 ) ) ;
#6255 = CARTESIAN_POINT ( 'NONE',  ( 309.9865658645934400, 91.65050584479200800, -35.11002739002664400 ) ) ;
#6256 = DIRECTION ( 'NONE',  ( 0.0000000000000000000, 0.0000000000000000000, 1.000000000000000000 ) ) ;
#6257 = ORIENTED_EDGE ( 'NONE', *, *, #7265, .F. ) ;
#6258 = CARTESIAN_POINT ( 'NONE',  ( 290.9998714613998300, 85.46874564476118500, -48.30807779752999000 ) ) ;
#6259 = CARTESIAN_POINT ( 'NONE',  ( 290.3216816769592600, 91.38877665414919700, -47.04312903803516800 ) ) ;
#6260 = EDGE_CURVE ( 'NONE', #5404, #7096, #2071, .T. ) ;
#6261 = CARTESIAN_POINT ( 'NONE',  ( 275.4560650697000600, 87.04085002963999800, -35.95500741356000400 ) ) ;
#6262 = ORIENTED_EDGE ( 'NONE', *, *, #4176, .F. ) ;
#6263 = CARTESIAN_POINT ( 'NONE',  ( 299.9998714613999500, 99.00000000000000000, -46.30807779752999700 ) ) ;
#6264 = SURFACE_STYLE_FILL_AREA ( #3412 ) ;
#6265 = CARTESIAN_POINT ( 'NONE',  ( 282.5296574791224200, 92.83552876338569600, -54.03886345119833800 ) ) ;
#6266 = CARTESIAN_POINT ( 'NONE',  ( 327.2832389789999800, 91.15750024859998700, -25.00099457038999900 ) ) ;
#6267 = CARTESIAN_POINT ( 'NONE',  ( 279.0929234830009600, 92.87755521263429200, -36.80667772284323300 ) ) ;
#6268 = CARTESIAN_POINT ( 'NONE',  ( 302.8320088246367700, 93.26645169455018400, -53.69518895756348800 ) ) ;
#6269 = CARTESIAN_POINT ( 'NONE',  ( 302.6887590497697700, 101.0000000000000000, -42.11395891078288400 ) ) ;
#6270 = CARTESIAN_POINT ( 'NONE',  ( 275.6327474403680600, 90.93735422569797300, -39.30242620120328200 ) ) ;
#6271 = CARTESIAN_POINT ( 'NONE',  ( 290.9998714613998300, 85.46874564476118500, -48.30807779752999000 ) ) ;
#6272 = ADVANCED_FACE ( 'NONE', ( #4435 ), #2525, .T. ) ;
#6273 = CARTESIAN_POINT ( 'NONE',  ( 308.5874633495943700, 91.68618673809406500, -30.54631401531159400 ) ) ;
#6274 = CARTESIAN_POINT ( 'NONE',  ( 308.9998714614000100, 85.46874564476212300, -45.30807779753000400 ) ) ;
#6275 = CARTESIAN_POINT ( 'NONE',  ( 327.4761451868730000, 87.63380170035000600, -47.77581728700509700 ) ) ;
#6276 = CARTESIAN_POINT ( 'NONE',  ( 308.1086627721788300, 91.41063479485573900, -48.10354058600234600 ) ) ;
#6277 = CARTESIAN_POINT ( 'NONE',  ( 299.4844688603999400, -291.9467521673914200, -37.81484012954676600 ) ) ;
#6278 = EDGE_CURVE ( 'NONE', #5564, #6685, #6847, .T. ) ;
#6279 = CARTESIAN_POINT ( 'NONE',  ( 272.3131481166532200, 87.63380170035000600, -30.52329827407342900 ) ) ;
#6280 = FACE_OUTER_BOUND ( 'NONE', #4163, .T. ) ;
#6281 = CARTESIAN_POINT ( 'NONE',  ( 308.9998591877251200, 91.39811659830336100, -44.30807791972525700 ) ) ;
#6282 = AXIS2_PLACEMENT_3D ( 'NONE', #957, #7221, #6049 ) ;
#6283 = CARTESIAN_POINT ( 'NONE',  ( 273.1371535987249200, 89.27633359195519300, -52.57253843713511500 ) ) ;
#6284 = ORIENTED_EDGE ( 'NONE', *, *, #255, .T. ) ;
#6285 = DIRECTION ( 'NONE',  ( 0.0000000000000000000, -1.000000000000000000, -0.0000000000000000000 ) ) ;
#6286 = LINE ( 'NONE', #5207, #180 ) ;
#6287 = PLANE ( 'NONE',  #6307 ) ;
#6288 = CARTESIAN_POINT ( 'NONE',  ( 273.8578274790652400, 88.49750784093392000, -25.20524626145695600 ) ) ;
#6289 = CARTESIAN_POINT ( 'NONE',  ( 272.0286648453188100, 87.63369948168112000, -47.76661041107919900 ) ) ;
#6290 = CARTESIAN_POINT ( 'NONE',  ( 297.1733371076657600, 93.26647681696552200, -53.69630408781888100 ) ) ;
#6291 = CARTESIAN_POINT ( 'NONE',  ( 277.7963787612347900, 92.82686138326766900, -37.20204984016880400 ) ) ;
#6292 = CARTESIAN_POINT ( 'NONE',  ( 327.0107490974868900, 88.97901430290866600, -26.57656410216061700 ) ) ;
#6293 = ORIENTED_EDGE ( 'NONE', *, *, #5292, .F. ) ;
#6294 = CIRCLE ( 'NONE', #1637, 5.749999999999998200 ) ;
#6295 =( BOUNDED_CURVE ( )  B_SPLINE_CURVE ( 3, ( #4999, #2110, #5017, #1564 ),
 .UNSPECIFIED., .F., .F. ) 
 B_SPLINE_CURVE_WITH_KNOTS ( ( 4, 4 ),
 ( 0.0000000000000000000, 1.000000000000000000 ),
 .UNSPECIFIED. ) 
 CURVE ( )  GEOMETRIC_REPRESENTATION_ITEM ( )  RATIONAL_B_SPLINE_CURVE ( ( 0.9999951304936627300, 0.9999951185119573300, 0.9999951125187615000, 0.9999951125200168300 ) ) 
 REPRESENTATION_ITEM ( '' )  );
#6296 = CARTESIAN_POINT ( 'NONE',  ( 308.3916395290598900, 91.69065381260128300, -30.52436648392246400 ) ) ;
#6297 = FILL_AREA_STYLE_COLOUR ( '', #5808 ) ;
#6298 = AXIS2_PLACEMENT_3D ( 'NONE', #7033, #3580, #7079 ) ;
#6299 = CARTESIAN_POINT ( 'NONE',  ( 286.3435251998703800, 91.56830718130304100, -37.60069584966137100 ) ) ;
#6300 = ORIENTED_EDGE ( 'NONE', *, *, #3824, .F. ) ;
#6301 = CONICAL_SURFACE ( 'NONE', #6784, 2.900000051173079500, 0.01745329252000796600 ) ;
#6302 = CARTESIAN_POINT ( 'NONE',  ( 279.2893471838999600, 87.04085002964269800, -43.46247923879000300 ) ) ;
#6303 = CARTESIAN_POINT ( 'NONE',  ( 272.8111519746636900, 87.63380170034997700, -30.96842679101900900 ) ) ;
#6304 = ORIENTED_EDGE ( 'NONE', *, *, #5227, .T. ) ;
#6305 = FACE_OUTER_BOUND ( 'NONE', #4630, .T. ) ;
#6306 = CARTESIAN_POINT ( 'NONE',  ( 300.6572936601896800, 90.29455268298681900, -31.33768328593273400 ) ) ;
#6307 = AXIS2_PLACEMENT_3D ( 'NONE', #4619, #5758, #632 ) ;
#6308 = CARTESIAN_POINT ( 'NONE',  ( 294.0611552742795400, 93.24346779336836700, -42.25060501439627100 ) ) ;
#6309 = EDGE_CURVE ( 'NONE', #6027, #557, #1121, .T. ) ;
#6310 = CARTESIAN_POINT ( 'NONE',  ( 313.8653536749009200, 93.09948528568843100, -35.77886052677000400 ) ) ;
#6311 = CARTESIAN_POINT ( 'NONE',  ( 319.7806956000960100, 92.91916017165384300, -36.95496299713229100 ) ) ;
#6312 = EDGE_LOOP ( 'NONE', ( #5611, #4205, #3865, #2781 ) ) ;
#6313 = CARTESIAN_POINT ( 'NONE',  ( 317.9302844633242000, 88.99028096392247300, -53.22374664505245100 ) ) ;
#6314 = VECTOR ( 'NONE', #1983, 1000.000000000000000 ) ;
#6315 = ORIENTED_EDGE ( 'NONE', *, *, #5407, .F. ) ;
#6316 = ORIENTED_EDGE ( 'NONE', *, *, #4635, .F. ) ;
#6317 = CARTESIAN_POINT ( 'NONE',  ( 276.4105733680202100, 92.76929139612377600, -39.01163073852986700 ) ) ;
#6318 = CARTESIAN_POINT ( 'NONE',  ( 303.7583056206706300, 94.76874564476015900, -49.19644738141308700 ) ) ;
#6319 = ORIENTED_EDGE ( 'NONE', *, *, #2284, .F. ) ;
#6320 = CARTESIAN_POINT ( 'NONE',  ( 319.7479278583452400, 87.04085002963999800, -36.19787621297001600 ) ) ;
#6321 = CARTESIAN_POINT ( 'NONE',  ( 271.8057776850234900, 88.55123929293060300, -34.76537183227110000 ) ) ;
#6322 = ORIENTED_EDGE ( 'NONE', *, *, #6063, .T. ) ;
#6323 = ORIENTED_EDGE ( 'NONE', *, *, #1624, .F. ) ;
#6324 = ORIENTED_EDGE ( 'NONE', *, *, #1160, .T. ) ;
#6325 = PLANE ( 'NONE',  #1231 ) ;
#6326 = EDGE_CURVE ( 'NONE', #830, #1695, #3117, .T. ) ;
#6327 = ORIENTED_EDGE ( 'NONE', *, *, #3588, .F. ) ;
#6328 = CARTESIAN_POINT ( 'NONE',  ( 271.9312992521158200, 87.63380170034996300, -43.66238688691024100 ) ) ;
#6329 = DIRECTION ( 'NONE',  ( 2.137303368091710400E-018, 0.9998476951563900500, -0.01745240643734817500 ) ) ;
#6330 = EDGE_LOOP ( 'NONE', ( #5505, #3332, #2772, #804, #2282 ) ) ;
#6331 = DIRECTION ( 'NONE',  ( -0.0000000000000000000, -1.000000000000000000, -0.0000000000000000000 ) ) ;
#6332 = ORIENTED_EDGE ( 'NONE', *, *, #3679, .F. ) ;
#6333 = EDGE_CURVE ( 'NONE', #5334, #7225, #6237, .T. ) ;
#6334 = CARTESIAN_POINT ( 'NONE',  ( 287.1588744631950500, 93.12429766737679400, -37.84010052792946500 ) ) ;
#6335 = CARTESIAN_POINT ( 'NONE',  ( 307.7709074408646200, 85.46874564475999100, -44.70871655255414400 ) ) ;
#6336 = ORIENTED_EDGE ( 'NONE', *, *, #1694, .T. ) ;
#6337 = AXIS2_PLACEMENT_3D ( 'NONE', #1680, #5897, #1799 ) ;
#6338 = DIRECTION ( 'NONE',  ( -0.0000000000000000000, 1.000000000000000000, 0.0000000000000000000 ) ) ;
#6339 = CARTESIAN_POINT ( 'NONE',  ( 291.9196128933042500, 91.71942306658039000, -31.00466538665420300 ) ) ;
#6340 = B_SPLINE_CURVE_WITH_KNOTS ( 'NONE', 3,
 ( #5400, #3702, #276, #2572 ),
 .UNSPECIFIED., .F., .F.,
 ( 4, 4 ),
 ( 0.0000000000000000000, 1.000000000000000000 ),
 .UNSPECIFIED. ) ;
#6341 = CARTESIAN_POINT ( 'NONE',  ( 318.9284642484173000, 88.54085296218983100, -42.10140953960415500 ) ) ;
#6342 = CARTESIAN_POINT ( 'NONE',  ( 327.1690857907000800, 88.24160120991462000, -31.12254360865424000 ) ) ;
#6343 = CARTESIAN_POINT ( 'NONE',  ( 273.9150674979999800, 90.38381109639998100, -26.98776509748000100 ) ) ;
#6344 = VERTEX_POINT ( 'NONE', #6227 ) ;
#6345 = CARTESIAN_POINT ( 'NONE',  ( 326.4945674418883100, 89.76684912548299200, -52.94497361976810600 ) ) ;
#6346 = CARTESIAN_POINT ( 'NONE',  ( 287.1771857704001700, 91.59687904891251300, -26.51898437535500400 ) ) ;
#6347 = VERTEX_POINT ( 'NONE', #1650 ) ;
#6348 = CARTESIAN_POINT ( 'NONE',  ( 270.2953528218910200, 88.35835743429355200, -55.18062691948567500 ) ) ;
#6349 = CARTESIAN_POINT ( 'NONE',  ( 272.7705100985093600, 87.63380170034996300, -30.85694733632470800 ) ) ;
#6350 = CARTESIAN_POINT ( 'NONE',  ( 285.1920589429044000, 89.01857773541964000, -54.93160131654546800 ) ) ;
#6351 = CARTESIAN_POINT ( 'NONE',  ( 285.6615553529475700, 93.08740412816266000, -37.11419449988534300 ) ) ;
#6352 = DIRECTION ( 'NONE',  ( -1.000000000000000000, 0.0000000000000000000, 0.0000000000000000000 ) ) ;
#6353 = CARTESIAN_POINT ( 'NONE',  ( 273.0146692796676000, 88.46421477773306200, -25.90397423529096700 ) ) ;
#6354 = EDGE_LOOP ( 'NONE', ( #3251, #6044, #2702, #4588, #2044 ) ) ;
#6355 = B_SPLINE_CURVE_WITH_KNOTS ( 'NONE', 3,
 ( #4640, #1182, #4561, #6880, #1116, #5125, #5151, #5840, #2380, #139, #3562, #3542, #5912, #1228, #5869, #2398, #4114, #4707, #5278, #4136, #5293 ),
 .UNSPECIFIED., .F., .F.,
 ( 4, 2, 2, 1, 1, 2, 2, 1, 1, 1, 2, 2, 4 ),
 ( 0.0000000000000000000, 0.1250000000002270400, 0.2500000000004540800, 0.3750000000006811200, 0.4375000000007946400, 0.4687500000008555900, 0.5000000000009164900, 0.6250000000011878300, 0.6875000000012372300, 0.7187500000012619900, 0.7343750000012743100, 0.7500000000012867500, 1.000000000000000000 ),
 .UNSPECIFIED. ) ;
#6356 = CARTESIAN_POINT ( 'NONE',  ( 325.8917918331753200, 88.58410218790260200, -53.22721742733163100 ) ) ;
#6357 = EDGE_CURVE ( 'NONE', #1547, #3546, #1687, .T. ) ;
#6358 = CARTESIAN_POINT ( 'NONE',  ( 310.6066081711205700, 91.37071086346300300, -45.08788180890560000 ) ) ;
#6359 = CARTESIAN_POINT ( 'NONE',  ( 326.8530655972998000, 89.39338731394842300, -52.52884279670950500 ) ) ;
#6360 = DIRECTION ( 'NONE',  ( 0.0000000000000000000, -0.01746062010650369100, 0.9998475517525141600 ) ) ;
#6361 = DIRECTION ( 'NONE',  ( 0.0000000000000000000, 1.000000000000000000, 0.0000000000000000000 ) ) ;
#6362 = B_SPLINE_CURVE_WITH_KNOTS ( 'NONE', 3,
 ( #5887, #239, #819, #3068, #2974, #2441, #6529, #2488, #1388, #6457, #2987, #3040, #5934, #4196, #2416, #6433, #7008, #767 ),
 .UNSPECIFIED., .F., .F.,
 ( 4, 2, 2, 2, 2, 2, 2, 2, 4 ),
 ( 0.0000000000000000000, 0.1250000000000000000, 0.2500000000000000000, 0.3750000000000000000, 0.5000000000000000000, 0.6250000000000000000, 0.7500000000000000000, 0.8750000000000000000, 1.000000000000000000 ),
 .UNSPECIFIED. ) ;
#6363 = DIRECTION ( 'NONE',  ( -0.05233596172417304100, 0.9986295344673148400, 0.0000000000000000000 ) ) ;
#6364 = ORIENTED_EDGE ( 'NONE', *, *, #4197, .F. ) ;
#6365 = CARTESIAN_POINT ( 'NONE',  ( 287.3269497340124900, 91.60169586119359100, -26.51489350410940900 ) ) ;
#6366 = VECTOR ( 'NONE', #3587, 1000.000000000000000 ) ;
#6367 = CARTESIAN_POINT ( 'NONE',  ( 307.0007799383960200, 91.42493175778417900, -46.03558538078648600 ) ) ;
#6368 = CARTESIAN_POINT ( 'NONE',  ( 284.5405059789383100, 89.24446967851905300, -37.17188025092875100 ) ) ;
#6369 = EDGE_CURVE ( 'NONE', #5554, #3060, #508, .T. ) ;
#6370 = CARTESIAN_POINT ( 'NONE',  ( 272.6825396547369600, 87.63380170034999100, -30.72591030927252500 ) ) ;
#6371 = EDGE_LOOP ( 'NONE', ( #7017, #2793, #6661, #2097, #5267, #124 ) ) ;
#6372 = DIRECTION ( 'NONE',  ( 0.0000000000000000000, 1.000000000000000000, 0.0000000000000000000 ) ) ;
#6373 = FACE_OUTER_BOUND ( 'NONE', #3472, .T. ) ;
#6374 = CARTESIAN_POINT ( 'NONE',  ( 327.1690857907017900, 87.63380170034979200, -47.28130146022042600 ) ) ;
#6375 = CARTESIAN_POINT ( 'NONE',  ( 326.1665419333522200, 92.42075342965698300, -54.14828375584754400 ) ) ;
#6376 = CARTESIAN_POINT ( 'NONE',  ( 299.4844680003999400, 90.29639248523268700, -24.83076376578485900 ) ) ;
#6377 = CARTESIAN_POINT ( 'NONE',  ( 273.7933642075526000, 88.49415769452168900, -25.20961763907575600 ) ) ;
#6378 = VERTEX_POINT ( 'NONE', #4530 ) ;
#6379 = FACE_OUTER_BOUND ( 'NONE', #376, .T. ) ;
#6380 = CARTESIAN_POINT ( 'NONE',  ( 326.7589565335482600, 88.54314073795249800, -52.72744627723641000 ) ) ;
#6381 = CARTESIAN_POINT ( 'NONE',  ( 310.0084616657579200, 91.38136252557437400, -48.05534202176151100 ) ) ;
#6382 = CARTESIAN_POINT ( 'NONE',  ( 327.1688206126455000, 88.54550347862759500, -31.12253437069998800 ) ) ;
#6383 = ORIENTED_EDGE ( 'NONE', *, *, #6533, .F. ) ;
#6384 = FACE_OUTER_BOUND ( 'NONE', #7283, .T. ) ;
#6385 = CARTESIAN_POINT ( 'NONE',  ( 280.9202854913985400, 91.13887732089172300, -36.47460767049258800 ) ) ;
#6386 = CARTESIAN_POINT ( 'NONE',  ( 271.7779637351765700, 87.63381093402503600, -44.07236729229705900 ) ) ;
#6387 = EDGE_CURVE ( 'NONE', #3873, #3605, #2598, .T. ) ;
#6388 = CARTESIAN_POINT ( 'NONE',  ( 290.3863249985331000, 85.46874564475999100, -47.10864203725260800 ) ) ;
#6389 = CARTESIAN_POINT ( 'NONE',  ( 286.8323490714852300, 91.58526059410584700, -26.56664430359622700 ) ) ;
#6390 = CARTESIAN_POINT ( 'NONE',  ( 320.5143002269513200, 87.04085002963991300, -38.28237565571992500 ) ) ;
#6391 = ORIENTED_EDGE ( 'NONE', *, *, #3679, .T. ) ;
#6392 = CARTESIAN_POINT ( 'NONE',  ( 270.2946305540388000, 88.51537736402332300, -37.16609643734113200 ) ) ;
#6393 = ORIENTED_EDGE ( 'NONE', *, *, #3106, .T. ) ;
#6394 = CARTESIAN_POINT ( 'NONE',  ( 308.4425542143380300, 91.40886589623231400, -45.46752308516264000 ) ) ;
#6395 = ORIENTED_EDGE ( 'NONE', *, *, #4974, .F. ) ;
#6396 = CARTESIAN_POINT ( 'NONE',  ( 285.1200771318986000, 92.04118159340390500, -28.62274930784170100 ) ) ;
#6397 = ORIENTED_EDGE ( 'NONE', *, *, #1531, .T. ) ;
#6398 = EDGE_LOOP ( 'NONE', ( #4681, #6323, #5775, #5836, #924, #1649, #586, #5819, #3623, #103 ) ) ;
#6399 = ORIENTED_EDGE ( 'NONE', *, *, #5964, .T. ) ;
#6400 = ORIENTED_EDGE ( 'NONE', *, *, #1385, .T. ) ;
#6401 = CARTESIAN_POINT ( 'NONE',  ( 328.4151181266622100, 88.47489119091591200, -31.11823212504968000 ) ) ;
#6402 = EDGE_CURVE ( 'NONE', #1272, #1720, #5082, .T. ) ;
#6403 = CARTESIAN_POINT ( 'NONE',  ( 291.7214145615504900, 90.21683956696780600, -31.25780430125582800 ) ) ;
#6404 = B_SPLINE_CURVE_WITH_KNOTS ( 'NONE', 3,
 ( #4348, #2591, #5397, #3078, #6588, #5946, #854, #3670, #1397, #5371, #3131, #4843, #273, #1964 ),
 .UNSPECIFIED., .F., .F.,
 ( 4, 2, 2, 2, 2, 2, 4 ),
 ( 0.0000000000000000000, 0.2500000000000118800, 0.5000000000000237600, 0.6250000000000177600, 0.7500000000000118800, 0.8750000000000058800, 1.000000000000000000 ),
 .UNSPECIFIED. ) ;
#6405 = CARTESIAN_POINT ( 'NONE',  ( 296.8725027757408300, 94.75465750341086800, -50.19599090833579400 ) ) ;
#6406 = DIRECTION ( 'NONE',  ( 1.000000000000000000, 0.0000000000000000000, 0.0000000000000000000 ) ) ;
#6407 = CARTESIAN_POINT ( 'NONE',  ( 311.7009042791842700, 90.09961852036580900, -39.70811815240977400 ) ) ;
#6408 = ADVANCED_FACE ( 'NONE', ( #1186 ), #1364, .T. ) ;
#6409 = CARTESIAN_POINT ( 'NONE',  ( 279.7712014804729400, 91.09762153811682600, -36.12609471590973700 ) ) ;
#6410 = CARTESIAN_POINT ( 'NONE',  ( 321.6731788237237900, 87.04085002964001200, -36.19767477093267900 ) ) ;
#6411 = EDGE_CURVE ( 'NONE', #1711, #2763, #6597, .T. ) ;
#6412 = CARTESIAN_POINT ( 'NONE',  ( 299.9995097681222700, 89.14775347945195000, -22.60846119917832900 ) ) ;
#6413 = B_SPLINE_CURVE_WITH_KNOTS ( 'NONE', 1,
 ( #2340, #1820 ),
 .UNSPECIFIED., .F., .F.,
 ( 2, 2 ),
 ( 0.0000000000000000000, 1.000000000000000000 ),
 .UNSPECIFIED. ) ;
#6414 = ORIENTED_EDGE ( 'NONE', *, *, #5632, .T. ) ;
#6415 = AXIS2_PLACEMENT_3D ( 'NONE', #4233, #6583, #268 ) ;
#6416 = CARTESIAN_POINT ( 'NONE',  ( 319.2106497678000800, 87.04085002963991300, -39.58602611487018000 ) ) ;
#6417 = CARTESIAN_POINT ( 'NONE',  ( 308.0230998693406800, 91.41541385292021000, -46.05697399476765200 ) ) ;
#6418 = CARTESIAN_POINT ( 'NONE',  ( 307.4911741072850200, 90.21187480708439900, -35.74737000760204400 ) ) ;
#6419 = FACE_OUTER_BOUND ( 'NONE', #3494, .T. ) ;
#6420 = CARTESIAN_POINT ( 'NONE',  ( 291.5166965966599300, 91.40526743935474500, -48.25802956434262100 ) ) ;
#6421 = CARTESIAN_POINT ( 'NONE',  ( 321.0639266164267300, 92.87166015468314100, -36.80677715860992500 ) ) ;
#6422 = CARTESIAN_POINT ( 'NONE',  ( 273.5436298165466800, 88.48217454224139500, -25.28669687906288400 ) ) ;
#6423 = ORIENTED_EDGE ( 'NONE', *, *, #558, .F. ) ;
#6424 = CARTESIAN_POINT ( 'NONE',  ( 328.3523290582572300, 89.76329233553433100, -54.48948363236102200 ) ) ;
#6425 = CYLINDRICAL_SURFACE ( 'NONE', #4471, 0.9999999999999940000 ) ;
#6426 = CARTESIAN_POINT ( 'NONE',  ( 320.5143002269503500, 87.04085002963991300, -41.28237565571996000 ) ) ;
#6427 = AXIS2_PLACEMENT_3D ( 'NONE', #2923, #2981, #2405 ) ;
#6428 = CARTESIAN_POINT ( 'NONE',  ( 307.4075606707267000, 91.41989598921433900, -39.73479904847798100 ) ) ;
#6429 = DIRECTION ( 'NONE',  ( 4.625929269271481400E-015, 1.000000000000000000, 0.0000000000000000000 ) ) ;
#6430 = CARTESIAN_POINT ( 'NONE',  ( 320.7106497677938300, 88.54085002964008300, -38.28237565572080600 ) ) ;
#6431 = CARTESIAN_POINT ( 'NONE',  ( 299.9998743175778500, 93.27490929037304600, -53.46459473537215200 ) ) ;
#6432 = CARTESIAN_POINT ( 'NONE',  ( 299.4288570773352400, 91.79371236880365400, -30.46385185152753300 ) ) ;
#6433 = CARTESIAN_POINT ( 'NONE',  ( 308.8772724158955600, 90.18004240575531600, -35.74796172600327500 ) ) ;
#6434 = DIRECTION ( 'NONE',  ( 0.0000000000000000000, 1.000000000000000000, 0.0000000000000000000 ) ) ;
#6435 = ORIENTED_EDGE ( 'NONE', *, *, #3521, .T. ) ;
#6436 = CARTESIAN_POINT ( 'NONE',  ( 279.2893471838999600, 87.04085002963991300, -39.78237565572000300 ) ) ;
#6437 = EDGE_LOOP ( 'NONE', ( #1422, #215, #3646, #4710 ) ) ;
#6438 = MECHANICAL_DESIGN_GEOMETRIC_PRESENTATION_REPRESENTATION (  '', ( #3882 ), #73 ) ;
#6439 = CARTESIAN_POINT ( 'NONE',  ( 325.7189642818459000, 88.49702178178661400, -51.92931292610081300 ) ) ;
#6440 = EDGE_CURVE ( 'NONE', #1061, #5780, #274, .T. ) ;
#6441 = CARTESIAN_POINT ( 'NONE',  ( 308.6794086584732200, 91.40534981807735400, -47.26433953983697500 ) ) ;
#6442 = CARTESIAN_POINT ( 'NONE',  ( 307.4912108964228400, 90.21189798931044400, -30.58564592473452500 ) ) ;
#6443 = ADVANCED_FACE ( 'NONE', ( #4566 ), #685, .F. ) ;
#6444 = LINE ( 'NONE', #2360, #2224 ) ;
#6445 = DIRECTION ( 'NONE',  ( -0.01744974775295667800, 0.9996953159752863800, -0.01745799302412830200 ) ) ;
#6446 = CARTESIAN_POINT ( 'NONE',  ( 273.0591320829144600, 88.46470642527337700, -25.79039448871689500 ) ) ;
#6447 = B_SPLINE_CURVE_WITH_KNOTS ( 'NONE', 3,
 ( #1940, #874, #2524, #4870 ),
 .UNSPECIFIED., .F., .F.,
 ( 4, 4 ),
 ( 0.0000000000000000000, 1.000000000000000000 ),
 .UNSPECIFIED. ) ;
#6448 = CARTESIAN_POINT ( 'NONE',  ( 295.0555093027391500, 94.72961955075169300, -46.93622023244671500 ) ) ;
#6449 = EDGE_CURVE ( 'NONE', #3722, #2263, #1087, .T. ) ;
#6450 = CARTESIAN_POINT ( 'NONE',  ( 290.9998714614000100, 85.46874564475980700, -47.30807779752999000 ) ) ;
#6451 = CARTESIAN_POINT ( 'NONE',  ( 307.3750920116084400, 91.42030680810795200, -39.73484013166766000 ) ) ;
#6452 = VERTEX_POINT ( 'NONE', #7322 ) ;
#6453 = VECTOR ( 'NONE', #7409, 1000.000000000000000 ) ;
#6454 = CARTESIAN_POINT ( 'NONE',  ( 326.0970387059229000, 89.29237247554922900, -25.62403211886741900 ) ) ;
#6455 = CARTESIAN_POINT ( 'NONE',  ( 270.6472036286906500, 88.38112853638644100, -54.80649809980738500 ) ) ;
#6456 = AXIS2_PLACEMENT_3D ( 'NONE', #674, #1247, #6491 ) ;
#6457 = CARTESIAN_POINT ( 'NONE',  ( 310.8345659276991500, 90.12632219126815900, -33.51394844632527300 ) ) ;
#6458 = CARTESIAN_POINT ( 'NONE',  ( 322.9716143111728000, 87.04085002963999800, -42.72576152100857900 ) ) ;
#6459 = CARTESIAN_POINT ( 'NONE',  ( 313.8378789887194100, 91.52546515343271900, -35.61232443244858100 ) ) ;
#6460 = B_SPLINE_CURVE_WITH_KNOTS ( 'NONE', 3,
 ( #4891, #3222, #2052, #4423 ),
 .UNSPECIFIED., .F., .F.,
 ( 4, 4 ),
 ( 0.0000000000000000000, 1.000000000000000000 ),
 .UNSPECIFIED. ) ;
#6461 = ORIENTED_EDGE ( 'NONE', *, *, #1395, .T. ) ;
#6462 = FACE_BOUND ( 'NONE', #3786, .T. ) ;
#6463 = CARTESIAN_POINT ( 'NONE',  ( 273.7429009265107400, 92.45901352763647200, -54.13960376766856800 ) ) ;
#6464 = EDGE_CURVE ( 'NONE', #3605, #2333, #5612, .T. ) ;
#6465 = DIRECTION ( 'NONE',  ( -0.01745174209996629100, 0.9998096369085285300, 0.008725058309979331200 ) ) ;
#6466 = PLANE ( 'NONE',  #3560 ) ;
#6467 = ORIENTED_EDGE ( 'NONE', *, *, #4985, .F. ) ;
#6468 = CARTESIAN_POINT ( 'NONE',  ( 308.1844952590851100, 90.19647486954103500, -30.51655977642065700 ) ) ;
#6469 = FACE_OUTER_BOUND ( 'NONE', #7403, .T. ) ;
#6470 = CARTESIAN_POINT ( 'NONE',  ( 292.2220369590261300, 91.41500959959607500, -47.91326816105611600 ) ) ;
#6471 = PLANE ( 'NONE',  #2812 ) ;
#6472 = ORIENTED_EDGE ( 'NONE', *, *, #5729, .T. ) ;
#6473 = EDGE_LOOP ( 'NONE', ( #753, #3209, #7170, #5851 ) ) ;
#6474 = VERTEX_POINT ( 'NONE', #1132 ) ;
#6475 = CARTESIAN_POINT ( 'NONE',  ( 311.6654056464357200, 93.15057733548658800, -37.83929315618259200 ) ) ;
#6476 = CARTESIAN_POINT ( 'NONE',  ( 285.1288288949479600, 91.52532898018985500, -35.71363672341336600 ) ) ;
#6477 = CARTESIAN_POINT ( 'NONE',  ( 327.7195079876773900, 87.63380173883808800, -43.52256037000443500 ) ) ;
#6478 = CARTESIAN_POINT ( 'NONE',  ( 317.9974055924051300, 92.98014832741952800, -38.54369067035708000 ) ) ;
#6479 = CLOSED_SHELL ( 'NONE', ( #7241, #4914, #6408, #512, #3187, #925, #5368, #2077, #6240, #6709, #6120, #4883, #2000, #2534, #2671, #4439, #4955, #3496, #5675, #1772, #7358, #4281, #2195, #6162, #2600, #7051, #2033, #244, #1045, #3310, #811, #7205, #2746, #1631, #3386, #2229, #2566, #4397, #2620, #1555, #4838, #5521, #1927, #6001, #3841, #365, #6047, #4489, #4316, #1961, #851, #1588, #7337, #4087, #3156, #3075, #7278, #6792, #435, #6198, #6978, #3348, #691, #4235, #5560, #1334, #589, #6755, #1513, #5481, #967, #4515, #6975, #6823, #2384, #5072, #3032, #3230, #4479, #1888, #1117, #1434, #6677, #1670, #6443, #7408, #5844, #7321, #6821, #1075, #3696, #7161, #722, #882, #473, #7086, #2494, #1377, #3881, #1352, #2670, #5848, #7127, #4550, #5033, #5636, #1406, #3267, #216, #2149, #1291, #3727, #2783, #6272, #5927, #6560, #6523, #2274, #1474, #6635, #545, #3809, #5410, #2640, #5714, #2741, #5781, #3620, #1002, #775, #5596, #6600, #2112, #6800, #5219, #6494, #3920, #4358, #6085, #404, #283, #5107, #3766 ) ) ;
#6480 = CARTESIAN_POINT ( 'NONE',  ( 311.9464302496674600, 91.59167195758882900, -26.53479996810937900 ) ) ;
#6481 = CARTESIAN_POINT ( 'NONE',  ( 297.1778477840015900, 93.26651241901252800, -53.69662877755488500 ) ) ;
#6482 = FACE_BOUND ( 'NONE', #2662, .T. ) ;
#6483 = CARTESIAN_POINT ( 'NONE',  ( 282.2128542403854100, 91.18303405528359900, -37.53409157334196800 ) ) ;
#6484 = ORIENTED_EDGE ( 'NONE', *, *, #844, .T. ) ;
#6485 = EDGE_LOOP ( 'NONE', ( #5053, #3956 ) ) ;
#6486 = CARTESIAN_POINT ( 'NONE',  ( 323.6540356331443600, 87.04085002963999800, -37.52141111239681200 ) ) ;
#6487 = VERTEX_POINT ( 'NONE', #3339 ) ;
#6488 = AXIS2_PLACEMENT_3D ( 'NONE', #386, #6023, #876 ) ;
#6489 = CARTESIAN_POINT ( 'NONE',  ( 285.1537614994313700, 90.02526603813032600, -35.73989146890684100 ) ) ;
#6490 = CARTESIAN_POINT ( 'NONE',  ( 328.0018958380824800, 87.63380170034996300, -47.74806567947356200 ) ) ;
#6491 = DIRECTION ( 'NONE',  ( 0.0000000000000000000, 0.0000000000000000000, 1.000000000000000000 ) ) ;
#6492 = ORIENTED_EDGE ( 'NONE', *, *, #6449, .F. ) ;
#6493 = ORIENTED_EDGE ( 'NONE', *, *, #6646, .F. ) ;
#6494 = ADVANCED_FACE ( 'NONE', ( #772 ), #3900, .F. ) ;
#6495 = CARTESIAN_POINT ( 'NONE',  ( 291.9705569004887000, 91.72042100823871600, -33.17749950771926100 ) ) ;
#6496 = CARTESIAN_POINT ( 'NONE',  ( 328.1826223749671400, 88.48001033052834400, -30.64185287770885700 ) ) ;
#6497 = ORIENTED_EDGE ( 'NONE', *, *, #5257, .F. ) ;
#6498 = EDGE_CURVE ( 'NONE', #1369, #3193, #2120, .T. ) ;
#6499 = CARTESIAN_POINT ( 'NONE',  ( 302.2761015334000400, 94.40925424874997400, -52.36214096591000800 ) ) ;
#6500 = CARTESIAN_POINT ( 'NONE',  ( 287.1315644029331800, 90.09493737272625000, -35.73988802583788500 ) ) ;
#6501 = B_SPLINE_CURVE_WITH_KNOTS ( 'NONE', 3,
 ( #148, #5858, #4722, #3552 ),
 .UNSPECIFIED., .F., .F.,
 ( 4, 4 ),
 ( 0.0000000000000000000, 1.000000000000000000 ),
 .UNSPECIFIED. ) ;
#6502 = CARTESIAN_POINT ( 'NONE',  ( 324.3212743980735100, 90.93942891141044500, -39.05026844458291200 ) ) ;
#6503 = CARTESIAN_POINT ( 'NONE',  ( 307.7106017460164900, 91.41599536633263800, -39.73443881387333900 ) ) ;
#6504 = DIRECTION ( 'NONE',  ( 0.0000000000000000000, 0.9999999999892283900, -4.641500017676883400E-006 ) ) ;
#6505 = B_SPLINE_CURVE_WITH_KNOTS ( 'NONE', 3,
 ( #3145, #5983, #2629, #256, #5460, #7099, #7175, #2043, #3678, #3708, #310, #4330, #5436, #881, #6548, #5409, #4903, #1450, #282 ),
 .UNSPECIFIED., .F., .F.,
 ( 4, 1, 1, 2, 2, 1, 2, 2, 2, 2, 4 ),
 ( 0.0000000000000000000, 0.1250000000001579800, 0.1875000000001829600, 0.2187500000001937300, 0.2500000000002045000, 0.3750000000001400500, 0.4375000000001618700, 0.5000000000001836300, 0.6250000000001246800, 0.7500000000000656100, 1.000000000000000000 ),
 .UNSPECIFIED. ) ;
#6506 = CARTESIAN_POINT ( 'NONE',  ( 311.2413971070098500, 90.11388504908408900, -39.70848238360981200 ) ) ;
#6507 = CARTESIAN_POINT ( 'NONE',  ( 298.3887782067692500, 93.27120230637105200, -53.27989908219368700 ) ) ;
#6508 = CARTESIAN_POINT ( 'NONE',  ( 327.2297484521302000, 88.60107514323790700, -34.49663969513099500 ) ) ;
#6509 = CARTESIAN_POINT ( 'NONE',  ( 281.1371632987736600, 91.14645771644454400, -42.97397411736572800 ) ) ;
#6510 = EDGE_CURVE ( 'NONE', #6164, #2355, #5657, .T. ) ;
#6511 = CARTESIAN_POINT ( 'NONE',  ( 300.2112738112757600, 90.29579820208410000, -39.71319427949883600 ) ) ;
#6512 = ORIENTED_EDGE ( 'NONE', *, *, #5739, .F. ) ;
#6513 = CARTESIAN_POINT ( 'NONE',  ( 328.1580735845175200, 87.63380170034997700, -47.57904705765309200 ) ) ;
#6514 = CARTESIAN_POINT ( 'NONE',  ( 320.9069993086499700, 87.04085002963991300, -38.28237565572008100 ) ) ;
#6515 = CARTESIAN_POINT ( 'NONE',  ( 272.2307948264195300, 88.50126757978030400, -30.52254799994927800 ) ) ;
#6516 = CARTESIAN_POINT ( 'NONE',  ( 270.5891754111070800, 88.28974026173803200, -23.87758981643265700 ) ) ;
#6517 = CARTESIAN_POINT ( 'NONE',  ( 304.5782077619335300, 91.45038006172002600, -45.07939461049407700 ) ) ;
#6518 = CARTESIAN_POINT ( 'NONE',  ( 309.9744248360505000, 85.46874564475999100, -46.04754178200627000 ) ) ;
#6519 = CARTESIAN_POINT ( 'NONE',  ( 299.1828027676000900, 93.84485899569003200, -52.94447437216000200 ) ) ;
#6520 = CARTESIAN_POINT ( 'NONE',  ( 299.9999299603480300, 91.48356439391038500, -41.60808144946671000 ) ) ;
#6521 = CARTESIAN_POINT ( 'NONE',  ( 295.0609028118028000, 94.72999660126339400, -45.58947582885505100 ) ) ;
#6523 = ADVANCED_FACE ( 'NONE', ( #7234 ), #1479, .T. ) ;
#6522 = CARTESIAN_POINT ( 'NONE',  ( 325.4115836545383900, 90.89503647730700200, -27.00601669742155800 ) ) ;
#6524 = EDGE_CURVE ( 'NONE', #225, #3331, #2693, .T. ) ;
#6525 = CARTESIAN_POINT ( 'NONE',  ( 271.7764782914138700, 87.63380170034999100, -47.31444442655399700 ) ) ;
#6526 = CARTESIAN_POINT ( 'NONE',  ( 318.7220691707792600, 92.95603884196400200, -37.56000276672566700 ) ) ;
#6527 = ORIENTED_EDGE ( 'NONE', *, *, #5644, .F. ) ;
#6528 = CARTESIAN_POINT ( 'NONE',  ( 313.2112540848670500, 91.54839563833688500, -27.17658132916054100 ) ) ;
#6529 = CARTESIAN_POINT ( 'NONE',  ( 310.4996922085291000, 90.13624060497129200, -31.83133623941696700 ) ) ;
#6530 = CARTESIAN_POINT ( 'NONE',  ( 327.7190857907003200, 88.23382014958390600, -47.83130146022000400 ) ) ;
#6531 = CARTESIAN_POINT ( 'NONE',  ( 289.3537981560152700, 93.22619746014436300, -53.70473846562147500 ) ) ;
#6532 = CARTESIAN_POINT ( 'NONE',  ( 285.1288496117154000, 91.52542747554332400, -28.61373719278195100 ) ) ;
#6533 = EDGE_CURVE ( 'NONE', #6164, #2605, #332, .T. ) ;
#6534 = CARTESIAN_POINT ( 'NONE',  ( 327.8437909354169600, 88.57253367073839500, -34.83153083834519500 ) ) ;
#6535 = VERTEX_POINT ( 'NONE', #4633 ) ;
#6536 = CARTESIAN_POINT ( 'NONE',  ( 270.6330330134833300, 88.29088701853804400, -23.79322779280427700 ) ) ;
#6537 = CARTESIAN_POINT ( 'NONE',  ( 295.2996932071855000, 91.44922133799360600, -46.00294828481121800 ) ) ;
#6538 = CARTESIAN_POINT ( 'NONE',  ( 300.0252064393669700, 91.79315651315882000, -33.46190985965490900 ) ) ;
#6539 = CARTESIAN_POINT ( 'NONE',  ( 304.9815154830091000, 94.76834249397910500, -46.30807792266738000 ) ) ;
#6540 = CARTESIAN_POINT ( 'NONE',  ( 299.9999426496999600, -458.5708278016999200, -24.73795505335325000 ) ) ;
#6541 = CARTESIAN_POINT ( 'NONE',  ( 302.0658932034612600, 94.76473407078071900, -50.87611395731147500 ) ) ;
#6542 = CARTESIAN_POINT ( 'NONE',  ( 271.9151148018310700, 87.63380170035002000, -30.57113685308388500 ) ) ;
#6543 = ORIENTED_EDGE ( 'NONE', *, *, #1653, .F. ) ;
#6544 = CYLINDRICAL_SURFACE ( 'NONE', #6962, 551.8445287760998800 ) ;
#6545 = B_SPLINE_CURVE_WITH_KNOTS ( 'NONE', 3,
 ( #2018, #2596, #4923, #1493 ),
 .UNSPECIFIED., .F., .F.,
 ( 4, 4 ),
 ( 0.0000000000000000000, 1.000000000000000000 ),
 .UNSPECIFIED. ) ;
#6546 = CARTESIAN_POINT ( 'NONE',  ( 320.7106505953069000, 91.07992299340638500, -36.10227496280168000 ) ) ;
#6547 = EDGE_CURVE ( 'NONE', #5614, #1367, #7146, .T. ) ;
#6548 = CARTESIAN_POINT ( 'NONE',  ( 274.3648423219037200, 90.88580911423568400, -26.80561315032956000 ) ) ;
#6549 = DIRECTION ( 'NONE',  ( -0.01744974669998822900, 0.9996953165602476800, -0.01745796057999907800 ) ) ;
#6550 = B_SPLINE_CURVE_WITH_KNOTS ( 'NONE', 3,
 ( #4571, #6865, #4022, #3402, #1096, #5112, #2322, #1684, #6339, #2236, #6832, #3966, #537, #6911, #1125, #1742, #2299, #2851, #15, #3997, #593, #565, #5164, #5762 ),
 .UNSPECIFIED., .F., .F.,
 ( 4, 2, 2, 2, 1, 1, 1, 1, 2, 2, 2, 2, 2, 4 ),
 ( 0.0000000000000000000, 0.2500000000056263300, 0.3750000000084554000, 0.4375000000098681600, 0.4687500000105731000, 0.4843750000109268200, 0.4921875000111037300, 0.4960937500111934900, 0.4980468750112382900, 0.5000000000112830900, 0.6250000000084623400, 0.7500000000056414900, 0.8750000000028207400, 1.000000000000000000 ),
 .UNSPECIFIED. ) ;
#6551 = ORIENTED_EDGE ( 'NONE', *, *, #5103, .F. ) ;
#6552 = CYLINDRICAL_SURFACE ( 'NONE', #3190, 492.6473508800156700 ) ;
#6553 = CARTESIAN_POINT ( 'NONE',  ( 313.2284575435734300, 91.54778158142836700, -27.19439229666174600 ) ) ;
#6554 = CARTESIAN_POINT ( 'NONE',  ( 303.2138564562313300, 94.75340401421905800, -42.49756983914566200 ) ) ;
#6555 = DIRECTION ( 'NONE',  ( -0.0000000000000000000, 1.000000000000000000, 0.0000000000000000000 ) ) ;
#6556 = CARTESIAN_POINT ( 'NONE',  ( 320.7106497677933700, 88.54085002964008300, -41.28237565572000300 ) ) ;
#6557 = CARTESIAN_POINT ( 'NONE',  ( 328.2192072484000400, 87.55214823695001800, -47.41280229791000500 ) ) ;
#6558 = VERTEX_POINT ( 'NONE', #1223 ) ;
#6559 = CYLINDRICAL_SURFACE ( 'NONE', #2957, 2.200000000001543800 ) ;
#6560 = ADVANCED_FACE ( 'NONE', ( #4378 ), #6325, .F. ) ;
#6561 = DIRECTION ( 'NONE',  ( 0.9998476951560620900, -0.01745240645601956900, 6.659087294090564100E-008 ) ) ;
#6562 = CARTESIAN_POINT ( 'NONE',  ( 298.4289724241645000, 94.76749847152363800, -41.57740437072953900 ) ) ;
#6563 = CARTESIAN_POINT ( 'NONE',  ( 274.2513294288168000, 88.58761652736738800, -53.22900420288853200 ) ) ;
#6564 = CARTESIAN_POINT ( 'NONE',  ( 295.9882774639920100, 91.45535432668374700, -43.82404524622070600 ) ) ;
#6565 = ORIENTED_EDGE ( 'NONE', *, *, #3418, .T. ) ;
#6566 = ORIENTED_EDGE ( 'NONE', *, *, #2284, .T. ) ;
#6567 = CARTESIAN_POINT ( 'NONE',  ( 309.6134179242727100, 85.46874564475999100, -45.50751355782055900 ) ) ;
#6568 = DIRECTION ( 'NONE',  ( 0.0000000000000000000, -0.9998476950994154000, 0.01745240970142722000 ) ) ;
#6569 = CARTESIAN_POINT ( 'NONE',  ( 303.9735756727280900, 94.74329226016116900, -49.31562080396246000 ) ) ;
#6570 = AXIS2_PLACEMENT_3D ( 'NONE', #4212, #728, #5301 ) ;
#6571 = CARTESIAN_POINT ( 'NONE',  ( 271.6962435403580700, 87.63380170035000600, -30.77282375163997600 ) ) ;
#6572 = CARTESIAN_POINT ( 'NONE',  ( 295.6389232789283600, 94.73654684179321400, -43.89775696988837700 ) ) ;
#6573 = ORIENTED_EDGE ( 'NONE', *, *, #6533, .T. ) ;
#6574 = ORIENTED_EDGE ( 'NONE', *, *, #3833, .F. ) ;
#6575 = ORIENTED_EDGE ( 'NONE', *, *, #305, .F. ) ;
#6576 = CARTESIAN_POINT ( 'NONE',  ( 272.6435656514160500, 87.63380170034999100, -43.65717448902479000 ) ) ;
#6577 = CARTESIAN_POINT ( 'NONE',  ( 329.1376937174241000, 88.30283721888714900, -23.69742476029605200 ) ) ;
#6578 = CARTESIAN_POINT ( 'NONE',  ( 290.9998721380649200, 91.40039372137461300, -45.30807779752999700 ) ) ;
#6579 = CARTESIAN_POINT ( 'NONE',  ( 273.8025248602218700, 92.41928645365479200, -54.14865334953742600 ) ) ;
#6580 = CARTESIAN_POINT ( 'NONE',  ( 309.7029829148210100, 91.38835325554363500, -45.59699252363708400 ) ) ;
#6581 = CARTESIAN_POINT ( 'NONE',  ( 327.7944268714393800, 87.63379562971769600, -34.83130158756623700 ) ) ;
#6582 = CARTESIAN_POINT ( 'NONE',  ( 320.7106300882450700, 87.04085002963996900, -38.28234998909543000 ) ) ;
#6583 = DIRECTION ( 'NONE',  ( 0.0002780586896919128200, 0.01745240612020812500, 0.9998476564977190100 ) ) ;
#6584 = CARTESIAN_POINT ( 'NONE',  ( 319.2106497678000200, 88.54085002964006900, -39.78237565571955500 ) ) ;
#6585 = ORIENTED_EDGE ( 'NONE', *, *, #6498, .T. ) ;
#6586 = CARTESIAN_POINT ( 'NONE',  ( 292.7771535398868000, 91.73549524962275800, -33.62898680752560000 ) ) ;
#6587 = VERTEX_POINT ( 'NONE', #2375 ) ;
#6588 = CARTESIAN_POINT ( 'NONE',  ( 314.0657043871510700, 91.29401678560030600, -38.37413342681460200 ) ) ;
#6589 = ORIENTED_EDGE ( 'NONE', *, *, #745, .T. ) ;
#6590 = SHAPE_DEFINITION_REPRESENTATION ( #1611, #5091 ) ;
#6591 = CARTESIAN_POINT ( 'NONE',  ( 323.5942405665484200, 92.76908023620558200, -40.53006384775942200 ) ) ;
#6592 = EDGE_CURVE ( 'NONE', #2364, #6672, #308, .T. ) ;
#6593 = PLANE ( 'NONE',  #1904 ) ;
#6594 = CARTESIAN_POINT ( 'NONE',  ( 304.2671264307753600, 94.73758184595251900, -48.90987689602754800 ) ) ;
#6595 = CARTESIAN_POINT ( 'NONE',  ( 298.7696564049103900, 94.76874564476028700, -50.88574937787082300 ) ) ;
#6596 = VERTEX_POINT ( 'NONE', #5272 ) ;
#6597 = B_SPLINE_CURVE_WITH_KNOTS ( 'NONE', 3,
 ( #5046, #1673, #444, #2248 ),
 .UNSPECIFIED., .F., .F.,
 ( 4, 4 ),
 ( 0.0000000000000000000, 1.000000000000000000 ),
 .UNSPECIFIED. ) ;
#6598 = CARTESIAN_POINT ( 'NONE',  ( 304.9270613515716400, 90.28914529947216700, -24.91536901307642500 ) ) ;
#6600 = ADVANCED_FACE ( 'NONE', ( #5724 ), #4178, .T. ) ;
#6599 = CARTESIAN_POINT ( 'NONE',  ( 272.6960570827274100, 87.63380170034999100, -43.71012701528956500 ) ) ;
#6601 = ORIENTED_EDGE ( 'NONE', *, *, #7314, .F. ) ;
#6602 = CARTESIAN_POINT ( 'NONE',  ( 308.9998714614000100, 85.46874564476232200, -44.30807779753000400 ) ) ;
#6603 = B_SPLINE_CURVE_WITH_KNOTS ( 'NONE', 3,
 ( #1612, #2189, #494, #4627 ),
 .UNSPECIFIED., .F., .F.,
 ( 4, 4 ),
 ( 0.0000000000000000000, 1.000000000000000000 ),
 .UNSPECIFIED. ) ;
#6604 = CARTESIAN_POINT ( 'NONE',  ( 274.2643526426928100, 90.88169471464334500, -25.33184544714000500 ) ) ;
#6605 = CARTESIAN_POINT ( 'NONE',  ( 304.3370490048103000, 94.73703089601521300, -43.85461106656933300 ) ) ;
#6606 = EDGE_CURVE ( 'NONE', #5803, #3866, #3272, .T. ) ;
#6607 = MANIFOLD_SOLID_BREP ( '输入1', #6479 ) ;
#6608 = CARTESIAN_POINT ( 'NONE',  ( 272.8176236806792800, 87.63380170034997700, -43.93196214183338100 ) ) ;
#6609 = CYLINDRICAL_SURFACE ( 'NONE', #3427, 0.5999999999999894300 ) ;
#6610 = CARTESIAN_POINT ( 'NONE',  ( 309.7972853422379000, 91.38661395993767700, -46.91247040044861900 ) ) ;
#6611 = CARTESIAN_POINT ( 'NONE',  ( 324.2953506526179700, 87.04085002964001200, -40.74490471154171400 ) ) ;
#6612 = AXIS2_PLACEMENT_3D ( 'NONE', #4376, #331, #5576 ) ;
#6613 = PLANE ( 'NONE',  #6167 ) ;
#6614 = CARTESIAN_POINT ( 'NONE',  ( 285.1450320904640400, 90.52532845634714000, -28.59623409498401600 ) ) ;
#6615 = CARTESIAN_POINT ( 'NONE',  ( 302.4496694224782200, 93.26840539268576400, -39.57697449522540700 ) ) ;
#6616 = CARTESIAN_POINT ( 'NONE',  ( 291.9997987285466400, 85.46874564475999100, -46.17583625931039400 ) ) ;
#6617 = CARTESIAN_POINT ( 'NONE',  ( 328.0392395907613800, 87.63377298798070600, -43.63615305059813200 ) ) ;
#6618 = CARTESIAN_POINT ( 'NONE',  ( 304.0716517716018100, 91.45481638177747600, -43.95426214367334000 ) ) ;
#6619 = CARTESIAN_POINT ( 'NONE',  ( 296.9014116958915700, 91.46274003671796000, -49.84317086917518200 ) ) ;
#6620 = CARTESIAN_POINT ( 'NONE',  ( 299.4288555815344400, 91.79371439795220100, -33.66385163790004500 ) ) ;
#6621 = DIRECTION ( 'NONE',  ( -9.984020005621894600E-016, -1.000000000000000000, 0.0000000000000000000 ) ) ;
#6622 = CARTESIAN_POINT ( 'NONE',  ( 328.4418036887070700, 88.53057234073605700, -34.39014488310748900 ) ) ;
#6623 = EDGE_CURVE ( 'NONE', #3060, #879, #5501, .T. ) ;
#6624 = CYLINDRICAL_SURFACE ( 'NONE', #1933, 0.4999999999876711400 ) ;
#6625 = CARTESIAN_POINT ( 'NONE',  ( 272.0977516847112800, 88.52138168551576300, -47.83129021435537700 ) ) ;
#6626 = CARTESIAN_POINT ( 'NONE',  ( 304.9628519186475200, 94.72979785530562000, -45.86889160327067600 ) ) ;
#6627 = CARTESIAN_POINT ( 'NONE',  ( 308.9998708124384700, 91.40039483382787500, -45.30807779753034500 ) ) ;
#6628 = CARTESIAN_POINT ( 'NONE',  ( 271.7307556047046500, 88.53457137022694200, -44.04732899501071600 ) ) ;
#6629 = ORIENTED_EDGE ( 'NONE', *, *, #1694, .F. ) ;
#6630 = FACE_BOUND ( 'NONE', #2365, .T. ) ;
#6631 = CARTESIAN_POINT ( 'NONE',  ( 328.3449182429437800, 87.63380170035000600, -34.47279797808202800 ) ) ;
#6632 = CARTESIAN_POINT ( 'NONE',  ( 301.4305792932000300, 94.29078423694997500, -40.59847157425999600 ) ) ;
#6633 = CARTESIAN_POINT ( 'NONE',  ( 280.6089196027409700, 92.93293890222399500, -37.10706279960513900 ) ) ;
#6634 = DIRECTION ( 'NONE',  ( -0.01744974780012442300, -0.9996953165412190100, 0.01745796057001482900 ) ) ;
#6635 = ADVANCED_FACE ( 'NONE', ( #2646 ), #6609, .T. ) ;
#6636 = CARTESIAN_POINT ( 'NONE',  ( 301.5728813959971100, 94.76777042684960900, -51.03832493708091500 ) ) ;
#6637 = VERTEX_POINT ( 'NONE', #693 ) ;
#6638 = CYLINDRICAL_SURFACE ( 'NONE', #4380, 0.2999997849975445400 ) ;
#6639 =( LENGTH_UNIT ( ) NAMED_UNIT ( * ) SI_UNIT ( .MILLI., .METRE. ) );
#6640 = CARTESIAN_POINT ( 'NONE',  ( 284.2308441488500000, 89.98918719548079500, -36.67187952442737500 ) ) ;
#6641 = ORIENTED_EDGE ( 'NONE', *, *, #5653, .F. ) ;
#6642 = B_SPLINE_CURVE_WITH_KNOTS ( 'NONE', 3,
 ( #6719, #5104, #3854, #4466 ),
 .UNSPECIFIED., .F., .F.,
 ( 4, 4 ),
 ( 0.0000000000000000000, 1.000000000000000000 ),
 .UNSPECIFIED. ) ;
#6643 = CARTESIAN_POINT ( 'NONE',  ( 273.7878196283335200, 92.65134180310340600, -53.85636865840679400 ) ) ;
#6644 = CYLINDRICAL_SURFACE ( 'NONE', #6488, 0.5000000000191310300 ) ;
#6645 = EDGE_CURVE ( 'NONE', #4374, #4765, #1671, .T. ) ;
#6646 = EDGE_CURVE ( 'NONE', #272, #7323, #7227, .T. ) ;
#6647 = DIRECTION ( 'NONE',  ( 0.0000000000000000000, 0.0000000000000000000, -1.000000000000000000 ) ) ;
#6648 = B_SPLINE_CURVE_WITH_KNOTS ( 'NONE', 3,
 ( #6430, #1847, #5884, #7121, #4275, #3024, #4845, #7045, #5350, #1967 ),
 .UNSPECIFIED., .F., .F.,
 ( 4, 2, 2, 2, 4 ),
 ( 0.0000000000000000000, 0.1250000000000000000, 0.2500000000000000000, 0.3750000000000000000, 0.5000000000000000000 ),
 .UNSPECIFIED. ) ;
#6649 = B_SPLINE_CURVE_WITH_KNOTS ( 'NONE', 3,
 ( #4338, #6067, #918, #3195, #7259, #1482, #7237, #403, #4422, #3791, #4995, #4392, #1643, #1583, #6788, #1129, #6807, #7405, #6270, #5139, #1750, #3939, #1688, #2270, #3406, #3863, #7369, #5623, #2159, #6193, #2730, #6767, #3304, #5646 ),
 .UNSPECIFIED., .F., .F.,
 ( 4, 2, 2, 2, 2, 2, 2, 2, 2, 2, 2, 2, 2, 2, 2, 2, 4 ),
 ( 0.002974315490511964800, 0.003693375974496389900, 0.004412436458480814600, 0.005131496942465239700, 0.005850557426449664800, 0.006569617910434089900, 0.007288678394418515000, 0.008007738878402939300, 0.008726799362387365300, 0.009445859846371789500, 0.01016492033035621600, 0.01088398081434064000, 0.01160304129832506400, 0.01232210178230949000, 0.01304116226629391400, 0.01376022275027834000, 0.01447928323426276400 ),
 .UNSPECIFIED. ) ;
#6650 = CARTESIAN_POINT ( 'NONE',  ( 314.7382080755466500, 89.98920418827823700, -25.15036717378462000 ) ) ;
#6651 = AXIS2_PLACEMENT_3D ( 'NONE', #2445, #5515, #1029 ) ;
#6652 = DIRECTION ( 'NONE',  ( 0.0000000000000000000, -1.000000000000000000, 0.0000000000000000000 ) ) ;
#6653 = VERTEX_POINT ( 'NONE', #5864 ) ;
#6654 = CYLINDRICAL_SURFACE ( 'NONE', #2359, 4.699999999999995700 ) ;
#6655 = PLANE ( 'NONE',  #5933 ) ;
#6656 = CARTESIAN_POINT ( 'NONE',  ( 328.3954259718742000, 87.63382168585707200, -34.23128831801180600 ) ) ;
#6657 = CARTESIAN_POINT ( 'NONE',  ( 303.8485843336000000, 94.79895479297000800, -50.15679780331001300 ) ) ;
#6658 = ORIENTED_EDGE ( 'NONE', *, *, #2227, .F. ) ;
#6659 = VECTOR ( 'NONE', #5557, 1000.000000000000000 ) ;
#6660 = CARTESIAN_POINT ( 'NONE',  ( 279.2893541882143000, 92.88493240549442500, -36.80654941580921500 ) ) ;
#6661 = ORIENTED_EDGE ( 'NONE', *, *, #362, .T. ) ;
#6662 = VERTEX_POINT ( 'NONE', #4309 ) ;
#6663 = ORIENTED_EDGE ( 'NONE', *, *, #1968, .T. ) ;
#6664 = CARTESIAN_POINT ( 'NONE',  ( 313.4406204126202100, 91.54025489953475900, -36.87735722239868600 ) ) ;
#6665 = CARTESIAN_POINT ( 'NONE',  ( 272.7508513560526400, 88.53557758059061200, -30.82081347410682800 ) ) ;
#6666 = CARTESIAN_POINT ( 'NONE',  ( 320.7106497678000200, 88.54085296218983100, -42.68237570690365600 ) ) ;
#6667 = CARTESIAN_POINT ( 'NONE',  ( 291.6776894002417700, 91.41090726643716400, -45.57267973421961200 ) ) ;
#6668 = APPLICATION_CONTEXT ( 'automotive_design' ) ;
#6669 =( NAMED_UNIT ( * ) SI_UNIT ( $, .STERADIAN. ) SOLID_ANGLE_UNIT ( ) );
#6670 = ORIENTED_EDGE ( 'NONE', *, *, #4296, .F. ) ;
#6671 = VERTEX_POINT ( 'NONE', #5467 ) ;
#6672 = VERTEX_POINT ( 'NONE', #4910 ) ;
#6673 = CARTESIAN_POINT ( 'NONE',  ( 292.0075073374999900, 93.16798570303001300, -46.30243769800000600 ) ) ;
#6674 = VERTEX_POINT ( 'NONE', #7009 ) ;
#6675 = CARTESIAN_POINT ( 'NONE',  ( 273.7896350619392900, 92.65166443415421300, -54.00227360499612000 ) ) ;
#6677 = ADVANCED_FACE ( 'NONE', ( #3911, #4738 ), #1314, .F. ) ;
#6676 = CARTESIAN_POINT ( 'NONE',  ( 299.8474246795090600, 91.48447875879820400, -53.37316752307952300 ) ) ;
#6678 = ORIENTED_EDGE ( 'NONE', *, *, #4467, .F. ) ;
#6679 = CARTESIAN_POINT ( 'NONE',  ( 271.7314159699271300, 88.50477327146163000, -47.46542847458196200 ) ) ;
#6680 = CARTESIAN_POINT ( 'NONE',  ( 296.4125790663877100, 91.46211538010082600, -39.73426456169999500 ) ) ;
#6681 = CARTESIAN_POINT ( 'NONE',  ( 323.2446303387425200, 88.54085296164829800, -41.24287072456827000 ) ) ;
#6682 = EDGE_CURVE ( 'NONE', #2186, #3424, #3541, .T. ) ;
#6683 = VERTEX_POINT ( 'NONE', #1322 ) ;
#6684 = CARTESIAN_POINT ( 'NONE',  ( 312.5331391077131100, 91.33132758302541300, -53.20482014973807600 ) ) ;
#6685 = VERTEX_POINT ( 'NONE', #320 ) ;
#6686 = CARTESIAN_POINT ( 'NONE',  ( 271.7764923744671800, 87.63379237541366300, -47.28110577654565100 ) ) ;
#6687 = ITEM_DEFINED_TRANSFORMATION ( 'NONE', 'NONE', #6612,  #60 ) ;
#6688 = CARTESIAN_POINT ( 'NONE',  ( 326.6908477150627700, 88.47294141292205400, -25.47114042289390000 ) ) ;
#6689 = CARTESIAN_POINT ( 'NONE',  ( 291.3201629886970600, 91.40535987794770300, -45.35175868279267800 ) ) ;
#6690 = APPLICATION_CONTEXT ( 'automotive_design' ) ;
#6691 = CARTESIAN_POINT ( 'NONE',  ( 327.7366554534779100, 87.94542413743752700, -43.52256193297000700 ) ) ;
#6692 = PRESENTATION_STYLE_ASSIGNMENT (( #5172 ) ) ;
#6693 = EDGE_CURVE ( 'NONE', #5210, #3305, #361, .T. ) ;
#6694 = CARTESIAN_POINT ( 'NONE',  ( 300.1027404812999700, 94.82206615751002200, -41.39536149680999700 ) ) ;
#6695 = B_SPLINE_CURVE_WITH_KNOTS ( 'NONE', 3,
 ( #4664, #9, #6441, #7016, #4708, #754, #158, #3589, #1249, #4682, #2399, #5873, #5841, #4770, #1795, #655, #1858, #5279, #6417, #5253, #1328, #721, #3564, #179, #7042, #1303, #2454, #1274, #4750, #3522, #6394, #1889, #5896, #4180 ),
 .UNSPECIFIED., .F., .F.,
 ( 4, 2, 2, 2, 1, 1, 2, 2, 2, 2, 2, 2, 2, 1, 1, 2, 2, 2, 4 ),
 ( 0.0000000000000000000, 0.1250000000009807700, 0.1875000000014698000, 0.2187500000017143000, 0.2343750000018105500, 0.2421875000018320900, 0.2460937500018395300, 0.2500000000018469100, 0.3750000000018081100, 0.5000000000017692500, 0.6250000000017303900, 0.6875000000017238400, 0.7187500000017205100, 0.7343750000017165200, 0.7421875000017313900, 0.7460937500017191800, 0.7500000000017069700, 0.8750000000008535400, 1.000000000000000000 ),
 .UNSPECIFIED. ) ;
#6696 = CARTESIAN_POINT ( 'NONE',  ( 295.4224714702790500, 93.31448976529306100, -26.48637458168041900 ) ) ;
#6697 = AXIS2_PLACEMENT_3D ( 'NONE', #4546, #7401, #2879 ) ;
#6698 = B_SPLINE_CURVE_WITH_KNOTS ( 'NONE', 3,
 ( #2654, #3886, #6217, #2261 ),
 .UNSPECIFIED., .F., .F.,
 ( 4, 4 ),
 ( 0.0000000000000000000, 1.000000000000000000 ),
 .UNSPECIFIED. ) ;
#6699 = B_SPLINE_CURVE_WITH_KNOTS ( 'NONE', 3,
 ( #3298, #5110, #1661, #1048, #7339, #2802 ),
 .UNSPECIFIED., .F., .F.,
 ( 4, 2, 4 ),
 ( 0.0000000000000000000, 0.5000000000000000000, 1.000000000000000000 ),
 .UNSPECIFIED. ) ;
#6700 = CARTESIAN_POINT ( 'NONE',  ( 329.4234427628999800, 88.27581534248003000, -23.79977296092000600 ) ) ;
#6701 = CARTESIAN_POINT ( 'NONE',  ( 272.8307289539419000, 88.58147897598598800, -33.19506627212791700 ) ) ;
#6702 = EDGE_CURVE ( 'NONE', #1829, #1538, #5098, .T. ) ;
#6703 = CARTESIAN_POINT ( 'NONE',  ( 300.0000879530449000, 91.48356220428632900, -53.20393052793885900 ) ) ;
#6704 = CARTESIAN_POINT ( 'NONE',  ( 290.4764506816093200, 85.46874564476002000, -48.25613217198713300 ) ) ;
#6705 = CARTESIAN_POINT ( 'NONE',  ( 306.4908009415696000, 91.72931782924847300, -35.23397930082924700 ) ) ;
#6706 = EDGE_LOOP ( 'NONE', ( #3686, #4092, #315, #6765 ) ) ;
#6707 = CARTESIAN_POINT ( 'NONE',  ( 302.8297433023940900, 93.26648075769530500, -53.69511401210577600 ) ) ;
#6708 = CARTESIAN_POINT ( 'NONE',  ( 305.3709677812894400, 93.24758231444900500, -51.03031555684189200 ) ) ;
#6709 = ADVANCED_FACE ( 'NONE', ( #3630 ), #2206, .T. ) ;
#6710 = CARTESIAN_POINT ( 'NONE',  ( 280.2136682865000200, 92.87545243377999800, -54.03123068675000700 ) ) ;
#6711 = CARTESIAN_POINT ( 'NONE',  ( 302.3665602729752200, 91.46817124450468800, -50.38036923921784200 ) ) ;
#6712 = CARTESIAN_POINT ( 'NONE',  ( 328.4422502731782200, 88.52770550386729600, -34.22660583614823100 ) ) ;
#6713 = CARTESIAN_POINT ( 'NONE',  ( 291.7029284967786100, 91.41129711846069500, -45.59693855622913400 ) ) ;
#6714 = APPLICATION_PROTOCOL_DEFINITION ( 'draft international standard', 'automotive_design', 1998, #6668 ) ;
#6715 = CARTESIAN_POINT ( 'NONE',  ( 287.1315673323821300, 90.09495666042582200, -28.58751090904771200 ) ) ;
#6716 = ORIENTED_EDGE ( 'NONE', *, *, #3050, .F. ) ;
#6717 = CYLINDRICAL_SURFACE ( 'NONE', #6456, 0.9999999999999940000 ) ;
#6718 = EDGE_LOOP ( 'NONE', ( #4729, #6779, #4625, #1767 ) ) ;
#6719 = CARTESIAN_POINT ( 'NONE',  ( 272.9492051241987300, 88.46766274946892800, -26.30819092959728800 ) ) ;
#6720 = CARTESIAN_POINT ( 'NONE',  ( 312.6941459479000400, 91.39183297670000200, -25.67216573624048300 ) ) ;
#6721 = AXIS2_PLACEMENT_3D ( 'NONE', #4294, #3719, #2136 ) ;
#6722 = CARTESIAN_POINT ( 'NONE',  ( 327.1690857907755700, 87.63380170034754700, -31.12255276975985300 ) ) ;
#6723 = CARTESIAN_POINT ( 'NONE',  ( 292.9974160715000300, 91.87676217833001100, -30.46385163789999600 ) ) ;
#6724 = ORIENTED_EDGE ( 'NONE', *, *, #1914, .T. ) ;
#6725 = ORIENTED_EDGE ( 'NONE', *, *, #558, .T. ) ;
#6726 = VECTOR ( 'NONE', #1608, 1000.000000000000000 ) ;
#6727 = CARTESIAN_POINT ( 'NONE',  ( 311.2413971070098500, 90.11388504908408900, -39.70848238360981200 ) ) ;
#6728 = CARTESIAN_POINT ( 'NONE',  ( 323.5351705799802200, 88.54085296164831200, -40.54144453375700200 ) ) ;
#6729 = CARTESIAN_POINT ( 'NONE',  ( 299.9998714614004000, 101.0000000000000000, -41.35807779753015700 ) ) ;
#6730 = CARTESIAN_POINT ( 'NONE',  ( 289.0518170869323700, 85.46874564475999100, -45.78465701775999700 ) ) ;
#6731 = CARTESIAN_POINT ( 'NONE',  ( 299.8651643885999600, 93.75857958211001600, -39.85249819988999300 ) ) ;
#6732 = EDGE_LOOP ( 'NONE', ( #5328, #6641, #1776, #6658, #1310 ) ) ;
#6733 = FACE_OUTER_BOUND ( 'NONE', #7038, .T. ) ;
#6734 = CARTESIAN_POINT ( 'NONE',  ( 281.1073471873591500, 92.95023232725505100, -42.14770573009623400 ) ) ;
#6735 = DIRECTION ( 'NONE',  ( -1.885515922929184400E-015, -1.000000000000000000, 2.844136236495595700E-029 ) ) ;
#6736 = DIRECTION ( 'NONE',  ( -0.0000000000000000000, 1.000000000000000000, 0.0000000000000000000 ) ) ;
#6737 = EDGE_CURVE ( 'NONE', #6848, #6683, #3263, .T. ) ;
#6738 = CARTESIAN_POINT ( 'NONE',  ( 291.8727829205803300, 91.41378918374775300, -46.80057269607816300 ) ) ;
#6739 = EDGE_LOOP ( 'NONE', ( #3532, #6364, #3902, #6858 ) ) ;
#6740 =( BOUNDED_CURVE ( )  B_SPLINE_CURVE ( 3, ( #390, #5534, #6675, #6643 ),
 .UNSPECIFIED., .F., .T. ) 
 B_SPLINE_CURVE_WITH_KNOTS ( ( 4, 4 ),
 ( 0.0000000000000000000, 1.000000000000000000 ),
 .UNSPECIFIED. ) 
 CURVE ( )  GEOMETRIC_REPRESENTATION_ITEM ( )  RATIONAL_B_SPLINE_CURVE ( ( 0.9999940367916869700, 0.8549373297352527200, 0.8547912164405527800, 0.9995556969075964900 ) ) 
 REPRESENTATION_ITEM ( '' )  );
#6741 = FACE_OUTER_BOUND ( 'NONE', #3086, .T. ) ;
#6742 = PRODUCT_CONTEXT ( 'NONE', #2039, 'mechanical' ) ;
#6743 = CARTESIAN_POINT ( 'NONE',  ( 313.8069797154549300, 93.10096025333022900, -28.10823027470085800 ) ) ;
#6744 = CARTESIAN_POINT ( 'NONE',  ( 271.9451594282434700, 87.63378831938470600, -47.70562523504695900 ) ) ;
#6745 = CARTESIAN_POINT ( 'NONE',  ( 314.7382106041041000, 89.98919374893414200, -36.20684491557953100 ) ) ;
#6746 = CARTESIAN_POINT ( 'NONE',  ( 278.6422891317849900, 88.79893210409244400, -53.22715553652962200 ) ) ;
#6747 = B_SPLINE_CURVE_WITH_KNOTS ( 'NONE', 3,
 ( #4122, #5789, #144, #4081, #638, #1216, #5239, #1781, #2407, #2945, #5853, #2387, #3528, #5807, #684, #6405, #6982, #4715, #1258, #2967, #1844, #3460, #5283, #6960, #5209, #100, #7002, #664, #1824, #65, #4145, #2433, #6448, #4050, #2983, #4779, #5355, #4251, #5957, #5901, #1383, #2505, #6521, #5406, #213, #1332, #1403, #2530, #4753, #1948, #4216, #6572, #4851, #5333, #759, #809, #732, #3059, #1871, #7097 ),
 .UNSPECIFIED., .F., .F.,
 ( 4, 2, 2, 2, 1, 1, 1, 1, 2, 2, 2, 2, 1, 1, 1, 1, 2, 2, 2, 2, 2, 2, 1, 1, 2, 2, 2, 2, 2, 1, 2, 2, 1, 2, 2, 4 ),
 ( 0.0000000000000000000, 0.06249999999901451100, 0.09374999999852787200, 0.1093749999982842500, 0.1171874999981624300, 0.1210937499981015200, 0.1230468749980681100, 0.1240234374980511300, 0.1245117187480429100, 0.1249999999980346800, 0.1874999999975501000, 0.2187499999973078200, 0.2343749999971866400, 0.2421874999971260800, 0.2460937499970958000, 0.2480468749970841100, 0.2490234374970777000, 0.2499999999970712900, 0.3749999999974416000, 0.4374999999976244600, 0.4687499999977166000, 0.4843749999977639000, 0.4921874999977868800, 0.4960937499977983700, 0.4980468749978048100, 0.4999999999978113100, 0.5624999999979920500, 0.6249999999981729100, 0.6874999999983536500, 0.6953124999983798500, 0.6992187499983985000, 0.7031249999984171600, 0.7187499999984984200, 0.7499999999986595200, 0.8749999999993297600, 1.000000000000000000 ),
 .UNSPECIFIED. ) ;
#6748 = DIRECTION ( 'NONE',  ( 0.9986295344685860400, 0.05233596169991709000, 0.0000000000000000000 ) ) ;
#6749 = ORIENTED_EDGE ( 'NONE', *, *, #3106, .F. ) ;
#6750 = ORIENTED_EDGE ( 'NONE', *, *, #4184, .F. ) ;
#6751 = VERTEX_POINT ( 'NONE', #3152 ) ;
#6752 = EDGE_CURVE ( 'NONE', #3546, #4436, #2067, .T. ) ;
#6753 = ORIENTED_EDGE ( 'NONE', *, *, #1591, .T. ) ;
#6755 = ADVANCED_FACE ( 'NONE', ( #6971 ), #1294, .T. ) ;
#6754 = CARTESIAN_POINT ( 'NONE',  ( 274.1324979718231700, 90.69395354508223800, -53.20139499025572100 ) ) ;
#6756 = B_SPLINE_CURVE_WITH_KNOTS ( 'NONE', 3,
 ( #6232, #3260, #5022, #1570 ),
 .UNSPECIFIED., .F., .F.,
 ( 4, 4 ),
 ( 0.0000000000000000000, 1.000000000000000000 ),
 .UNSPECIFIED. ) ;
#6757 = CARTESIAN_POINT ( 'NONE',  ( 309.2628727224021100, 85.46874564476000600, -48.30793314682191000 ) ) ;
#6758 = CARTESIAN_POINT ( 'NONE',  ( 305.1266675253302200, 100.9859203818090200, -45.30807779753000400 ) ) ;
#6759 = AXIS2_PLACEMENT_3D ( 'NONE', #3455, #5734, #6352 ) ;
#6760 = CARTESIAN_POINT ( 'NONE',  ( 300.0072389073999400, -459.6807018893000000, -47.32048971049311300 ) ) ;
#6761 = EDGE_LOOP ( 'NONE', ( #6917, #6004, #1279, #5876 ) ) ;
#6762 = ORIENTED_EDGE ( 'NONE', *, *, #2556, .F. ) ;
#6763 = ORIENTED_EDGE ( 'NONE', *, *, #165, .F. ) ;
#6764 = DIRECTION ( 'NONE',  ( 0.0000000000000000000, 0.0000000000000000000, -1.000000000000000000 ) ) ;
#6765 = ORIENTED_EDGE ( 'NONE', *, *, #1531, .F. ) ;
#6766 = CARTESIAN_POINT ( 'NONE',  ( 299.6540430137198400, 90.29622461211387500, -24.91918047528237100 ) ) ;
#6767 = CARTESIAN_POINT ( 'NONE',  ( 278.8032091128882800, 91.06159847332425300, -36.12657485064240600 ) ) ;
#6768 = CARTESIAN_POINT ( 'NONE',  ( 326.4245228398364700, 89.36683252127487300, -25.75894567333351400 ) ) ;
#6769 = CARTESIAN_POINT ( 'NONE',  ( 306.1388324812033900, 93.23958968156119900, -49.97673334116141300 ) ) ;
#6770 = CARTESIAN_POINT ( 'NONE',  ( 272.5440946439795200, 87.63380170035021900, -34.76664014850393900 ) ) ;
#6771 = CARTESIAN_POINT ( 'NONE',  ( 310.0535271378217900, 91.64841561978104800, -31.28792636669026100 ) ) ;
#6772 = CARTESIAN_POINT ( 'NONE',  ( 325.4114976008270300, 90.89512464466676500, -53.20904204695601400 ) ) ;
#6773 = CARTESIAN_POINT ( 'NONE',  ( 311.9535166552499300, 93.14423974835946800, -26.50124485092808500 ) ) ;
#6774 = ORIENTED_EDGE ( 'NONE', *, *, #338, .F. ) ;
#6775 = CARTESIAN_POINT ( 'NONE',  ( 289.9998747711213700, 91.38318258818597400, -46.43194102443148100 ) ) ;
#6776 = EDGE_CURVE ( 'NONE', #3605, #2932, #2733, .T. ) ;
#6777 = CARTESIAN_POINT ( 'NONE',  ( 271.8017704195333400, 87.63380170034997700, -34.73133325873745000 ) ) ;
#6778 = CARTESIAN_POINT ( 'NONE',  ( 273.1145824110777800, 88.55645193619749000, -52.58366564026174200 ) ) ;
#6779 = ORIENTED_EDGE ( 'NONE', *, *, #4307, .T. ) ;
#6780 = DIRECTION ( 'NONE',  ( 0.0000000000000000000, -1.000000000000000000, 0.0000000000000000000 ) ) ;
#6781 = CARTESIAN_POINT ( 'NONE',  ( 304.8478091672742500, 101.0000000000000000, -45.30807779753080700 ) ) ;
#6782 = CARTESIAN_POINT ( 'NONE',  ( 272.0552876821244000, 88.57224256019331700, -34.33130146022000400 ) ) ;
#6783 = CYLINDRICAL_SURFACE ( 'NONE', #4747, 1.500000000000001300 ) ;
#6784 = AXIS2_PLACEMENT_3D ( 'NONE', #375, #5592, #2133 ) ;
#6785 = CARTESIAN_POINT ( 'NONE',  ( 322.4928352871758600, 88.54085296164829800, -42.10140953959733400 ) ) ;
#6786 = CARTESIAN_POINT ( 'NONE',  ( 327.1690857907755700, 87.63380170034754700, -31.12255276975985300 ) ) ;
#6787 = CARTESIAN_POINT ( 'NONE',  ( 326.1648251213241000, 92.41836455816159900, -54.14880002171089000 ) ) ;
#6788 = CARTESIAN_POINT ( 'NONE',  ( 275.7277966229869400, 90.94118590793802100, -40.74007804827677900 ) ) ;
#6789 = CARTESIAN_POINT ( 'NONE',  ( 326.1812265383471800, 92.65276017548590900, -25.89591145490884500 ) ) ;
#6790 = CARTESIAN_POINT ( 'NONE',  ( 272.8307472688914600, 88.58387955724990100, -45.14213970151119800 ) ) ;
#6791 = CARTESIAN_POINT ( 'NONE',  ( 272.8309084876071300, 87.63380170035007700, -34.23131035398103000 ) ) ;
#6792 = ADVANCED_FACE ( 'NONE', ( #2562 ), #4906, .T. ) ;
#6793 = CARTESIAN_POINT ( 'NONE',  ( 310.0476884232266500, 91.64860822930403100, -35.05098967260546100 ) ) ;
#6794 = CARTESIAN_POINT ( 'NONE',  ( 270.5836507103399500, 88.29053449430159600, -23.94361116193283600 ) ) ;
#6795 = CARTESIAN_POINT ( 'NONE',  ( 272.2411383992908300, 87.63380170034999100, -43.52256007074129200 ) ) ;
#6796 = EDGE_CURVE ( 'NONE', #4138, #3866, #940, .T. ) ;
#6797 = CARTESIAN_POINT ( 'NONE',  ( 271.7701721467272500, 87.63380170035000600, -34.70459860077625100 ) ) ;
#6798 = B_SPLINE_CURVE_WITH_KNOTS ( 'NONE', 3,
 ( #6627, #4935, #2563, #845, #290, #3756, #7156, #2049, #4859, #1955, #3191, #6580, #3121, #5443, #240, #4266, #821, #4835, #5420, #4308, #864, #1429, #6610, #3861, #5589, #2127, #7311, #3273, #3301, #1050, #2678, #6218, #436, #2083 ),
 .UNSPECIFIED., .F., .F.,
 ( 4, 2, 2, 2, 1, 1, 2, 2, 2, 2, 2, 2, 2, 1, 1, 2, 2, 2, 4 ),
 ( 0.0000000000000000000, 0.1250000000013925000, 0.1875000000021125600, 0.2187500000024703600, 0.2343750000026491300, 0.2421875000027415300, 0.2460937500027572700, 0.2500000000027730000, 0.3750000000026578700, 0.5000000000025427400, 0.6250000000024276100, 0.6875000000023701000, 0.7187500000023412400, 0.7343750000023404600, 0.7421875000023230300, 0.7460937500022969400, 0.7500000000022708500, 0.8750000000011354300, 1.000000000000000000 ),
 .UNSPECIFIED. ) ;
#6799 = CARTESIAN_POINT ( 'NONE',  ( 273.8845318733596100, 90.34075120831398900, -53.15154620951727100 ) ) ;
#6800 = ADVANCED_FACE ( 'NONE', ( #5180 ), #6425, .F. ) ;
#6801 = DIRECTION ( 'NONE',  ( 0.0000000000000000000, 0.0000000000000000000, -1.000000000000000000 ) ) ;
#6802 = CARTESIAN_POINT ( 'NONE',  ( 299.2194152585083800, 90.29628196496858500, -33.66385166146527300 ) ) ;
#6803 = CARTESIAN_POINT ( 'NONE',  ( 273.5951409952999700, 92.61583416138000800, -25.80135085009000000 ) ) ;
#6804 = CARTESIAN_POINT ( 'NONE',  ( 314.7382080755466500, 89.98920418827823700, -25.15036717378462000 ) ) ;
#6805 = CARTESIAN_POINT ( 'NONE',  ( 279.2893541882143000, 92.88493240549442500, -36.80654941580921500 ) ) ;
#6806 = FACE_OUTER_BOUND ( 'NONE', #2724, .T. ) ;
#6807 = CARTESIAN_POINT ( 'NONE',  ( 275.6094951310079800, 90.93641546717893200, -40.02620190483031600 ) ) ;
#6808 = CARTESIAN_POINT ( 'NONE',  ( 272.7716332745138200, 87.63380170034986300, -47.56839413768185700 ) ) ;
#6809 = CARTESIAN_POINT ( 'NONE',  ( 326.9057244024163500, 89.33920558859068700, -26.23810725334380200 ) ) ;
#6810 = CARTESIAN_POINT ( 'NONE',  ( 272.3125932776000600, 87.55211678053999000, -34.83130146022000400 ) ) ;
#6811 = DIRECTION ( 'NONE',  ( -0.0000000000000000000, 1.000000000000000000, 0.0000000000000000000 ) ) ;
#6812 = EDGE_LOOP ( 'NONE', ( #4998, #3780 ) ) ;
#6813 = CARTESIAN_POINT ( 'NONE',  ( 327.1694168092007000, 87.63380170035000600, -47.31827116045474200 ) ) ;
#6814 = LINE ( 'NONE', #3281, #6453 ) ;
#6815 = CARTESIAN_POINT ( 'NONE',  ( 272.2631442021567500, 87.94459612606189600, -43.52256236536304400 ) ) ;
#6816 = CARTESIAN_POINT ( 'NONE',  ( 271.9383741477968200, 87.63379476275028400, -47.69954217161683400 ) ) ;
#6817 = CARTESIAN_POINT ( 'NONE',  ( 271.6189217053420700, 87.63380170034997700, -34.45750088092031400 ) ) ;
#6818 = ORIENTED_EDGE ( 'NONE', *, *, #1496, .F. ) ;
#6819 = CARTESIAN_POINT ( 'NONE',  ( 285.6414385240984800, 89.03168334440053400, -54.92863744680391800 ) ) ;
#6820 = LINE ( 'NONE', #3672, #5128 ) ;
#6821 = ADVANCED_FACE ( 'NONE', ( #3361 ), #2388, .F. ) ;
#6823 = ADVANCED_FACE ( 'NONE', ( #513 ), #5541, .T. ) ;
#6822 = CARTESIAN_POINT ( 'NONE',  ( 273.1450161726557400, 89.28753952821107000, -52.58567462510456600 ) ) ;
#6824 = AXIS2_PLACEMENT_3D ( 'NONE', #303, #5453, #3773 ) ;
#6825 = PLANE ( 'NONE',  #3955 ) ;
#6826 = EDGE_CURVE ( 'NONE', #7418, #6164, #1656, .T. ) ;
#6827 = CARTESIAN_POINT ( 'NONE',  ( 327.2294840267788300, 87.63380170035000600, -34.49691574922861300 ) ) ;
#6828 = CARTESIAN_POINT ( 'NONE',  ( 305.6622472878598300, 100.8330302779792500, -45.30807779752944200 ) ) ;
#6829 = CARTESIAN_POINT ( 'NONE',  ( 326.4125490864231000, 92.52593739759709000, -35.21570871772920700 ) ) ;
#6830 = ORIENTED_EDGE ( 'NONE', *, *, #5342, .F. ) ;
#6831 = FACE_OUTER_BOUND ( 'NONE', #5947, .T. ) ;
#6832 = CARTESIAN_POINT ( 'NONE',  ( 291.9705483111000000, 91.72041932542285300, -30.95021262540670300 ) ) ;
#6833 = CARTESIAN_POINT ( 'NONE',  ( 299.9998714613999500, 98.00000000000008500, -46.30807779752999700 ) ) ;
#6834 = CARTESIAN_POINT ( 'NONE',  ( 302.1912688680345700, 100.9999999999999700, -41.83373210058804400 ) ) ;
#6835 = CARTESIAN_POINT ( 'NONE',  ( 274.2038855302000100, 89.57415724345001700, -25.74723553437000200 ) ) ;
#6836 = CARTESIAN_POINT ( 'NONE',  ( 272.8303335817596500, 88.59382919405035800, -43.99841280278061400 ) ) ;
#6837 = ORIENTED_EDGE ( 'NONE', *, *, #620, .T. ) ;
#6838 = FACE_OUTER_BOUND ( 'NONE', #1628, .T. ) ;
#6839 = CARTESIAN_POINT ( 'NONE',  ( 284.2307122166601500, 89.98919206247548200, -36.21177491662462000 ) ) ;
#6840 = CARTESIAN_POINT ( 'NONE',  ( 308.2029433040588600, 91.69493681937829900, -30.51661472306524900 ) ) ;
#6841 = CARTESIAN_POINT ( 'NONE',  ( 271.5761187872439600, 88.49182510844326500, -32.12157151850534800 ) ) ;
#6842 = EDGE_CURVE ( 'NONE', #6849, #1601, #2649, .T. ) ;
#6843 = CARTESIAN_POINT ( 'NONE',  ( 327.7444361882421000, 88.53245086043621400, -47.83130127256270500 ) ) ;
#6844 = B_SPLINE_CURVE_WITH_KNOTS ( 'NONE', 3,
 ( #4225, #4286, #6481, #7056 ),
 .UNSPECIFIED., .F., .F.,
 ( 4, 4 ),
 ( 0.0000000000000000000, 0.002397958853172284100 ),
 .UNSPECIFIED. ) ;
#6845 = ORIENTED_EDGE ( 'NONE', *, *, #1475, .T. ) ;
#6846 = CARTESIAN_POINT ( 'NONE',  ( 306.9990236573826800, 91.42495297413134400, -46.56620151570269400 ) ) ;
#6847 = LINE ( 'NONE', #6666, #1192 ) ;
#6848 = VERTEX_POINT ( 'NONE', #7236 ) ;
#6849 = VERTEX_POINT ( 'NONE', #3220 ) ;
#6850 = DIRECTION ( 'NONE',  ( 4.349573491966041200E-018, -6.916999750662789500E-007, 0.9999999999997608600 ) ) ;
#6851 = ORIENTED_EDGE ( 'NONE', *, *, #7314, .T. ) ;
#6852 = CARTESIAN_POINT ( 'NONE',  ( 272.8265486522528800, 87.63380170034999100, -31.04240647531750200 ) ) ;
#6853 = CARTESIAN_POINT ( 'NONE',  ( 289.2298201518673900, 90.15753798625922900, -39.71347062523539500 ) ) ;
#6854 = EDGE_CURVE ( 'NONE', #2363, #3762, #1144, .T. ) ;
#6855 = CARTESIAN_POINT ( 'NONE',  ( 273.1319746050558000, 89.26895389279147300, -52.56376669949665400 ) ) ;
#6856 = ORIENTED_EDGE ( 'NONE', *, *, #1865, .T. ) ;
#6857 = ORIENTED_EDGE ( 'NONE', *, *, #6892, .T. ) ;
#6858 = ORIENTED_EDGE ( 'NONE', *, *, #289, .T. ) ;
#6859 = B_SPLINE_CURVE_WITH_KNOTS ( 'NONE', 3,
 ( #1037, #1593, #7298, #5681 ),
 .UNSPECIFIED., .F., .F.,
 ( 4, 4 ),
 ( 0.0000000000000000000, 1.000000000000000000 ),
 .UNSPECIFIED. ) ;
#6860 = CIRCLE ( 'NONE', #5658, 4.699999999999995700 ) ;
#6861 = CARTESIAN_POINT ( 'NONE',  ( 307.2524077058229800, 85.46874564475999100, -45.30076484783842300 ) ) ;
#6862 = DIRECTION ( 'NONE',  ( 0.0000000000000000000, 0.0000000000000000000, 1.000000000000000000 ) ) ;
#6863 = CARTESIAN_POINT ( 'NONE',  ( 296.4354392379729600, 101.0000000000000000, -42.82733468379736800 ) ) ;
#6864 = CARTESIAN_POINT ( 'NONE',  ( 292.3133382240504800, 90.22853747739968400, -33.46182967395545700 ) ) ;
#6865 = CARTESIAN_POINT ( 'NONE',  ( 291.5194160670212700, 91.71130721327033100, -31.87368664339060900 ) ) ;
#6866 = B_SPLINE_CURVE_WITH_KNOTS ( 'NONE', 3,
 ( #5190, #1806, #6320, #102, #2884, #4652, #6916, #2904, #5790, #5826, #2856, #2389, #5167, #4083, #5766, #40, #2947, #1219 ),
 .UNSPECIFIED., .F., .F.,
 ( 4, 2, 2, 2, 2, 2, 2, 2, 4 ),
 ( 0.0000000000000000000, 0.1250000000000000000, 0.2500000000000000000, 0.3750000000000000000, 0.5000000000000000000, 0.6250000000000000000, 0.7500000000000000000, 0.8750000000000000000, 1.000000000000000000 ),
 .UNSPECIFIED. ) ;
#6867 = CARTESIAN_POINT ( 'NONE',  ( 319.9515808897603500, 88.54085296218983100, -42.60689646790943600 ) ) ;
#6868 = CARTESIAN_POINT ( 'NONE',  ( 302.8882410452811200, 94.76874564476017300, -50.06651195680213800 ) ) ;
#6869 = ORIENTED_EDGE ( 'NONE', *, *, #5465, .T. ) ;
#6870 = CARTESIAN_POINT ( 'NONE',  ( 326.4144959158981000, 92.47377531269644600, -54.00118883014047800 ) ) ;
#6871 = CARTESIAN_POINT ( 'NONE',  ( 272.2799823156797200, 87.63380160319735500, -47.83135507884986000 ) ) ;
#6872 = CARTESIAN_POINT ( 'NONE',  ( 299.9998714613999500, 99.00000000000000000, -53.25807779752998500 ) ) ;
#6873 = CARTESIAN_POINT ( 'NONE',  ( 310.0602585668628400, 91.64823004460294000, -31.29465854832254800 ) ) ;
#6874 = CARTESIAN_POINT ( 'NONE',  ( 299.2194152585083800, 90.29628196496858500, -33.66385166146527300 ) ) ;
#6875 = VERTEX_POINT ( 'NONE', #7256 ) ;
#6876 = ORIENTED_EDGE ( 'NONE', *, *, #5392, .F. ) ;
#6877 = CARTESIAN_POINT ( 'NONE',  ( 327.4421629063867800, 87.63380170035000600, -47.75786462506511800 ) ) ;
#6878 = DIRECTION ( 'NONE',  ( 0.0006135262616035334100, -0.01745240641907124000, 0.9998475069207855000 ) ) ;
#6879 = CARTESIAN_POINT ( 'NONE',  ( 272.1846421392901900, 87.63380170035002000, -43.52884067174499400 ) ) ;
#6880 = CARTESIAN_POINT ( 'NONE',  ( 328.3520687841579500, 87.63380170035000600, -30.96806256546932100 ) ) ;
#6881 = ORIENTED_EDGE ( 'NONE', *, *, #2501, .F. ) ;
#6882 = CARTESIAN_POINT ( 'NONE',  ( 299.9998714613999500, 101.0000000000000000, -41.35807779753041300 ) ) ;
#6883 = CARTESIAN_POINT ( 'NONE',  ( 273.1006670715403900, 89.22436316462982100, -52.50931675175515800 ) ) ;
#6884 = LINE ( 'NONE', #2959, #5357 ) ;
#6885 = CARTESIAN_POINT ( 'NONE',  ( 298.3887782067692500, 93.27120230637105200, -53.27989908219368700 ) ) ;
#6886 = CARTESIAN_POINT ( 'NONE',  ( 270.9781594174268700, 88.39715434839975200, -55.07166863154268600 ) ) ;
#6887 = CARTESIAN_POINT ( 'NONE',  ( 292.1364076179077100, 90.22512705347415400, -33.34351808940022700 ) ) ;
#6888 = CARTESIAN_POINT ( 'NONE',  ( 299.9999299603480300, 91.48356439391038500, -41.60808144946671000 ) ) ;
#6889 = CARTESIAN_POINT ( 'NONE',  ( 276.7091144678939800, 92.78199308622242800, -41.27418310121485900 ) ) ;
#6890 = CARTESIAN_POINT ( 'NONE',  ( 301.2300865178876300, 94.76874564476018700, -50.88574937787135600 ) ) ;
#6891 = ORIENTED_EDGE ( 'NONE', *, *, #245, .T. ) ;
#6892 = EDGE_CURVE ( 'NONE', #3133, #5223, #3853, .T. ) ;
#6893 = CARTESIAN_POINT ( 'NONE',  ( 326.1916940064728600, 90.08236445003490200, -53.11800905642243700 ) ) ;
#6894 = CARTESIAN_POINT ( 'NONE',  ( 320.7107888368655000, 87.04085002964060900, -43.46250850532353400 ) ) ;
#6895 = B_SPLINE_CURVE_WITH_KNOTS ( 'NONE', 3,
 ( #6636, #347, #6095, #405 ),
 .UNSPECIFIED., .F., .F.,
 ( 4, 4 ),
 ( 0.0000000000000000000, 1.000000000000000000 ),
 .UNSPECIFIED. ) ;
#6896 = DIRECTION ( 'NONE',  ( 0.0000000000000000000, 0.0000000000000000000, -1.000000000000000000 ) ) ;
#6897 = EDGE_LOOP ( 'NONE', ( #5517, #366 ) ) ;
#6898 = CARTESIAN_POINT ( 'NONE',  ( 326.3602028473857200, 92.60050966707099500, -53.85559820902840000 ) ) ;
#6899 = B_SPLINE_CURVE_WITH_KNOTS ( 'NONE', 3,
 ( #1900, #189, #760, #4780 ),
 .UNSPECIFIED., .F., .F.,
 ( 4, 4 ),
 ( 0.0000000000000000000, 1.000000000000000000 ),
 .UNSPECIFIED. ) ;
#6900 = CARTESIAN_POINT ( 'NONE',  ( 273.5553864066984600, 92.52370355981968000, -53.93701282437614700 ) ) ;
#6901 = CARTESIAN_POINT ( 'NONE',  ( 319.2106497678001300, 88.54085002964014000, -39.58602611487017200 ) ) ;
#6902 = EDGE_CURVE ( 'NONE', #2672, #2438, #4465, .T. ) ;
#6903 = CARTESIAN_POINT ( 'NONE',  ( 272.7925913798811200, 87.63380170034999100, -30.91093511473472700 ) ) ;
#6904 = B_SPLINE_CURVE_WITH_KNOTS ( 'NONE', 3,
 ( #6885, #2293, #4098, #2900, #4567, #1211, #5233, #1757, #1774, #2258, #5130, #6308, #2845, #5201, #6906, #5784, #3433, #5804, #4618, #1159 ),
 .UNSPECIFIED., .F., .F.,
 ( 4, 2, 2, 2, 2, 2, 2, 2, 2, 4 ),
 ( 0.0000000000000000000, 0.1249999999999999400, 0.2499999999999998900, 0.3749999999999998300, 0.4999999999999997800, 0.6249999999999997800, 0.7499999999999996700, 0.8124999999999996700, 0.8749999999999995600, 1.000000000000000000 ),
 .UNSPECIFIED. ) ;
#6905 = DIRECTION ( 'NONE',  ( 0.0000000000000000000, 0.0000000000000000000, -1.000000000000000000 ) ) ;
#6906 = CARTESIAN_POINT ( 'NONE',  ( 295.9163591049791600, 93.25850027763191000, -40.42225928786312000 ) ) ;
#6907 = ORIENTED_EDGE ( 'NONE', *, *, #4456, .T. ) ;
#6908 = FACE_OUTER_BOUND ( 'NONE', #2267, .T. ) ;
#6909 = CARTESIAN_POINT ( 'NONE',  ( 295.4748519712436500, 101.0000000000000100, -44.22362383708083700 ) ) ;
#6910 = CARTESIAN_POINT ( 'NONE',  ( 270.5329076698000700, 88.21304353568001500, -23.95408016193999100 ) ) ;
#6911 = CARTESIAN_POINT ( 'NONE',  ( 291.9855728903410200, 91.72071292743287100, -30.93495712122479100 ) ) ;
#6912 = B_SPLINE_CURVE_WITH_KNOTS ( 'NONE', 3,
 ( #3214, #3784, #4332, #5510, #4415, #369 ),
 .UNSPECIFIED., .F., .F.,
 ( 4, 2, 4 ),
 ( 0.0000000000000000000, 0.5000000000000000000, 1.000000000000000000 ),
 .UNSPECIFIED. ) ;
#6913 = CARTESIAN_POINT ( 'NONE',  ( 276.9265307207146500, 92.79113447028993300, -41.59927901108834900 ) ) ;
#6914 = VERTEX_POINT ( 'NONE', #5645 ) ;
#6915 = CARTESIAN_POINT ( 'NONE',  ( 329.3850902400714100, 88.29245941575756300, -23.94132693433547800 ) ) ;
#6916 = CARTESIAN_POINT ( 'NONE',  ( 317.4953137696969600, 87.04085002963999800, -37.92843818392530900 ) ) ;
#6917 = ORIENTED_EDGE ( 'NONE', *, *, #5465, .F. ) ;
#6918 = VECTOR ( 'NONE', #6150, 999.9999999999998900 ) ;
#6919 = CARTESIAN_POINT ( 'NONE',  ( 326.5101131990881000, 89.75065449084421200, -52.93306580377293400 ) ) ;
#6920 = DIRECTION ( 'NONE',  ( -0.0000000000000000000, -1.000000000000000000, -0.0000000000000000000 ) ) ;
#6921 = DIRECTION ( 'NONE',  ( 0.0000000000000000000, -1.000000000000000000, 0.0000000000000000000 ) ) ;
#6922 = EDGE_CURVE ( 'NONE', #6587, #7114, #5030, .T. ) ;
#6923 = ORIENTED_EDGE ( 'NONE', *, *, #5712, .F. ) ;
#6924 = LINE ( 'NONE', #6604, #6117 ) ;
#6925 = CARTESIAN_POINT ( 'NONE',  ( 272.2809084877000600, 87.63380170025983800, -44.07256193297001100 ) ) ;
#6926 = CARTESIAN_POINT ( 'NONE',  ( 326.4347399371000600, 92.54723724358996200, -54.14535080728998700 ) ) ;
#6927 = DIRECTION ( 'NONE',  ( -0.05233596168758257400, -0.9986295344692323100, 6.310422516632192700E-015 ) ) ;
#6928 = EDGE_LOOP ( 'NONE', ( #2937, #1185, #2519, #982 ) ) ;
#6929 = CIRCLE ( 'NONE', #1815, 1.999999999999997600 ) ;
#6930 = CARTESIAN_POINT ( 'NONE',  ( 308.4764506815938600, 85.46874564476002000, -48.25613217198241500 ) ) ;
#6931 = EDGE_CURVE ( 'NONE', #6042, #1989, #2554, .T. ) ;
#6932 = CARTESIAN_POINT ( 'NONE',  ( 308.1844952591000000, 90.18714900321296600, -30.51655977642999700 ) ) ;
#6933 = CARTESIAN_POINT ( 'NONE',  ( 320.7106655870341000, 88.54085149577956300, -36.88231258674033300 ) ) ;
#6934 = CARTESIAN_POINT ( 'NONE',  ( 273.0390662112044400, 88.46441872454867900, -25.83789585927778300 ) ) ;
#6935 = CARTESIAN_POINT ( 'NONE',  ( 299.4844680003999400, -288.6180343825339500, -24.82900503446583300 ) ) ;
#6936 = VERTEX_POINT ( 'NONE', #2212 ) ;
#6937 = ORIENTED_EDGE ( 'NONE', *, *, #4853, .F. ) ;
#6938 = B_SPLINE_CURVE_WITH_KNOTS ( 'NONE', 3,
 ( #3336, #7407, #5115, #2215 ),
 .UNSPECIFIED., .F., .F.,
 ( 4, 4 ),
 ( 0.0000000000000000000, 1.000000000000000000 ),
 .UNSPECIFIED. ) ;
#6939 = DIRECTION ( 'NONE',  ( 0.0000000000000000000, 0.0000000000000000000, 1.000000000000000000 ) ) ;
#6940 = ORIENTED_EDGE ( 'NONE', *, *, #6387, .F. ) ;
#6941 = CARTESIAN_POINT ( 'NONE',  ( 313.7530545074234300, 93.10229905645235200, -36.34874524991742800 ) ) ;
#6942 = CARTESIAN_POINT ( 'NONE',  ( 327.2332266962286600, 88.53648888892718100, -30.81046243981910500 ) ) ;
#6943 = ORIENTED_EDGE ( 'NONE', *, *, #7010, .T. ) ;
#6944 = CARTESIAN_POINT ( 'NONE',  ( 313.8378782254095500, 91.52544600020004900, -28.53872500739794700 ) ) ;
#6945 = CARTESIAN_POINT ( 'NONE',  ( 282.5559832089748500, 88.94980284517654900, -24.61696797273248900 ) ) ;
#6946 = ORIENTED_EDGE ( 'NONE', *, *, #6464, .F. ) ;
#6947 =( LENGTH_UNIT ( ) NAMED_UNIT ( * ) SI_UNIT ( .MILLI., .METRE. ) );
#6948 = EDGE_CURVE ( 'NONE', #463, #2100, #3705, .T. ) ;
#6949 = ORIENTED_EDGE ( 'NONE', *, *, #7223, .F. ) ;
#6950 = CARTESIAN_POINT ( 'NONE',  ( 287.0226210696615700, 91.59167518640227000, -26.53433083701970900 ) ) ;
#6951 = AXIS2_PLACEMENT_3D ( 'NONE', #6131, #2650, #3806 ) ;
#6952 = CARTESIAN_POINT ( 'NONE',  ( 307.0526953887513200, 91.42431023579145200, -45.78004682681964300 ) ) ;
#6953 = CARTESIAN_POINT ( 'NONE',  ( 319.9552212972433300, 88.54085002964012600, -41.09305523825120300 ) ) ;
#6954 = CARTESIAN_POINT ( 'NONE',  ( 285.8129679803153100, 90.05023065197490000, -28.58751934539135000 ) ) ;
#6955 = CARTESIAN_POINT ( 'NONE',  ( 310.0071844110873900, 85.46874564476000600, -44.56061404194389300 ) ) ;
#6956 = DIRECTION ( 'NONE',  ( 4.578140479582088600E-018, -4.641500017676412500E-006, -0.9999999999892282800 ) ) ;
#6957 = CARTESIAN_POINT ( 'NONE',  ( 273.6042861212372400, 88.48498839306401500, -25.26045078115630100 ) ) ;
#6958 = CARTESIAN_POINT ( 'NONE',  ( 320.3632269747546400, 91.09284778343841500, -43.46246534990415000 ) ) ;
#6959 = SHAPE_DEFINITION_REPRESENTATION ( #3759, #2470 ) ;
#6960 = CARTESIAN_POINT ( 'NONE',  ( 295.9776940115819500, 94.74237166238670200, -49.25005325842653300 ) ) ;
#6961 = CARTESIAN_POINT ( 'NONE',  ( 309.2646046038677800, 91.39362000167798800, -48.30808033999976200 ) ) ;
#6962 = AXIS2_PLACEMENT_3D ( 'NONE', #6540, #3081, #4776 ) ;
#6963 = CARTESIAN_POINT ( 'NONE',  ( 308.9226236243000000, 93.29276626749999900, -24.38480764733999700 ) ) ;
#6964 = ORIENTED_EDGE ( 'NONE', *, *, #7416, .T. ) ;
#6965 = CARTESIAN_POINT ( 'NONE',  ( 327.1707627330304700, 88.54260147316549000, -30.96317672560077500 ) ) ;
#6966 = DIRECTION ( 'NONE',  ( 0.0000000000000000000, 0.0000000000000000000, 1.000000000000000000 ) ) ;
#6967 = CARTESIAN_POINT ( 'NONE',  ( 299.3088774170128100, 90.29632136328912400, -33.66376090385485000 ) ) ;
#6968 = CARTESIAN_POINT ( 'NONE',  ( 285.1372426215011700, 91.52569448912555600, -28.45454779918501500 ) ) ;
#6969 = CARTESIAN_POINT ( 'NONE',  ( 327.8797244387189900, 87.63380170035000600, -47.80680887668161500 ) ) ;
#6970 = CARTESIAN_POINT ( 'NONE',  ( 270.4106490225580000, 88.52186604911868500, -37.16614834302195200 ) ) ;
#6971 = FACE_OUTER_BOUND ( 'NONE', #6330, .T. ) ;
#6972 = EDGE_CURVE ( 'NONE', #71, #2874, #5893, .T. ) ;
#6973 = CARTESIAN_POINT ( 'NONE',  ( 328.2234270116429100, 87.63379237454047700, -47.28110582821226900 ) ) ;
#6974 = CARTESIAN_POINT ( 'NONE',  ( 287.1315673323821300, 90.09495666042582200, -28.58751090904771200 ) ) ;
#6975 = ADVANCED_FACE ( 'NONE', ( #2916 ), #2829, .F. ) ;
#6976 = CARTESIAN_POINT ( 'NONE',  ( 314.7501600513789400, 90.67377288406974900, -36.21879263139693700 ) ) ;
#6977 = ADVANCED_BREP_SHAPE_REPRESENTATION ( '', ( #496, #60 ), #3374 ) ;
#6978 = ADVANCED_FACE ( 'NONE', ( #960 ), #4863, .F. ) ;
#6979 = CARTESIAN_POINT ( 'NONE',  ( 328.2219363855992400, 87.63380207555383100, -44.02234094207901900 ) ) ;
#6980 = CARTESIAN_POINT ( 'NONE',  ( 273.3783144036239600, 88.47498332573393000, -25.38407549985898000 ) ) ;
#6981 = B_SPLINE_CURVE_WITH_KNOTS ( 'NONE', 3,
 ( #2622, #352, #1465, #3801 ),
 .UNSPECIFIED., .F., .F.,
 ( 4, 4 ),
 ( 0.0000000000000000000, 1.000000000000000000 ),
 .UNSPECIFIED. ) ;
#6982 = CARTESIAN_POINT ( 'NONE',  ( 296.6879915937200800, 94.75290549516840600, -50.04221744621465000 ) ) ;
#6983 = EDGE_CURVE ( 'NONE', #4793, #4871, #4299, .T. ) ;
#6984 = CARTESIAN_POINT ( 'NONE',  ( 309.7390854526429400, 91.38639089325668900, -39.73304998310518200 ) ) ;
#6985 = CARTESIAN_POINT ( 'NONE',  ( 318.9133764321763400, 92.94951082457744500, -42.16208197164802800 ) ) ;
#6986 = CARTESIAN_POINT ( 'NONE',  ( 275.1016100311250100, 90.91588662903383500, -26.37674436786494800 ) ) ;
#6987 = B_SPLINE_CURVE_WITH_KNOTS ( 'NONE', 3,
 ( #3711, #7134, #4905, #286 ),
 .UNSPECIFIED., .F., .F.,
 ( 4, 4 ),
 ( 0.0000000000000000000, 1.000000000000000000 ),
 .UNSPECIFIED. ) ;
#6988 = DIRECTION ( 'NONE',  ( 1.000000000000000000, 0.0000000000000000000, 0.0000000000000000000 ) ) ;
#6989 = B_SPLINE_CURVE_WITH_KNOTS ( 'NONE', 3,
 ( #3650, #3082, #4847, #6715 ),
 .UNSPECIFIED., .F., .F.,
 ( 4, 4 ),
 ( 0.0000000000000000000, 1.000000000000000000 ),
 .UNSPECIFIED. ) ;
#6990 = FACE_OUTER_BOUND ( 'NONE', #4130, .T. ) ;
#6991 = CARTESIAN_POINT ( 'NONE',  ( 308.4804283254025000, 91.40543347440484500, -44.35863383422412200 ) ) ;
#6992 = EDGE_CURVE ( 'NONE', #5665, #6672, #6884, .T. ) ;
#6993 = CARTESIAN_POINT ( 'NONE',  ( 308.9998714614001800, 85.46874564476090100, -44.30807779753000400 ) ) ;
#6994 = VERTEX_POINT ( 'NONE', #5846 ) ;
#6995 = CARTESIAN_POINT ( 'NONE',  ( 295.4308042859491400, 91.85819520175964200, -37.81607808189959700 ) ) ;
#6996 = FACE_OUTER_BOUND ( 'NONE', #6473, .T. ) ;
#6997 = DIRECTION ( 'NONE',  ( -0.0000000000000000000, -1.000000000000000000, -0.0000000000000000000 ) ) ;
#6998 = CARTESIAN_POINT ( 'NONE',  ( 292.9994995179536700, 91.42484503980462300, -46.57771763538236300 ) ) ;
#6999 = CARTESIAN_POINT ( 'NONE',  ( 273.1195924162076900, 88.46597411884216900, -25.67319428617883800 ) ) ;
#7000 = ORIENTED_EDGE ( 'NONE', *, *, #3729, .F. ) ;
#7001 = FACE_OUTER_BOUND ( 'NONE', #481, .T. ) ;
#7002 = CARTESIAN_POINT ( 'NONE',  ( 295.9602841706524700, 94.74203377211233600, -49.22602713312942800 ) ) ;
#7003 = DIRECTION ( 'NONE',  ( -0.0000000000000000000, 1.000000000000000000, -0.0000000000000000000 ) ) ;
#7004 = CARTESIAN_POINT ( 'NONE',  ( 270.7938520400849700, 88.38740943167546500, -55.03139877880245500 ) ) ;
#7005 = CARTESIAN_POINT ( 'NONE',  ( 304.9815154830091000, 94.76834249397910500, -46.30807792266738000 ) ) ;
#7006 = ORIENTED_EDGE ( 'NONE', *, *, #5543, .T. ) ;
#7007 = FACE_OUTER_BOUND ( 'NONE', #147, .T. ) ;
#7008 = CARTESIAN_POINT ( 'NONE',  ( 308.5322831681814400, 90.18846281381559000, -35.81660416053424700 ) ) ;
#7009 = CARTESIAN_POINT ( 'NONE',  ( 308.1844952590851100, 90.19647486954103500, -30.51655977642065700 ) ) ;
#7010 = EDGE_CURVE ( 'NONE', #4509, #3133, #2307, .T. ) ;
#7011 = DIRECTION ( 'NONE',  ( -4.625929269271481400E-015, -1.000000000000000000, -0.0000000000000000000 ) ) ;
#7012 = CARTESIAN_POINT ( 'NONE',  ( 311.6380435649664900, 91.55411620077048000, -28.71524657179517300 ) ) ;
#7013 = EDGE_LOOP ( 'NONE', ( #1245, #2511, #2631, #4533 ) ) ;
#7014 = FACE_OUTER_BOUND ( 'NONE', #30, .T. ) ;
#7015 = CARTESIAN_POINT ( 'NONE',  ( 328.2229362390597800, 87.63380168266790800, -46.21152553243725000 ) ) ;
#7016 = CARTESIAN_POINT ( 'NONE',  ( 308.5029165043037000, 91.40806806897867900, -47.17831857029474900 ) ) ;
#7017 = ORIENTED_EDGE ( 'NONE', *, *, #235, .T. ) ;
#7018 = LINE ( 'NONE', #3292, #3417 ) ;
#7019 = ORIENTED_EDGE ( 'NONE', *, *, #2064, .F. ) ;
#7020 = ORIENTED_EDGE ( 'NONE', *, *, #317, .T. ) ;
#7021 = ORIENTED_EDGE ( 'NONE', *, *, #5839, .T. ) ;
#7022 = CARTESIAN_POINT ( 'NONE',  ( 327.8154078214497500, 88.49883470342913900, -30.52254275395807400 ) ) ;
#7023 = CARTESIAN_POINT ( 'NONE',  ( 320.3281618356504600, 92.89925295574440200, -36.80629944965983900 ) ) ;
#7024 = CARTESIAN_POINT ( 'NONE',  ( 273.2452100791548400, 88.46990763574237300, -25.50807874012507900 ) ) ;
#7025 = B_SPLINE_CURVE_WITH_KNOTS ( 'NONE', 3,
 ( #4768, #3619, #2755, #3408, #4284, #549, #2912, #169, #7166, #2549, #4895, #6619, #5429, #6021, #4803, #3161, #1438, #248, #3700, #4240, #5974, #6537, #3052, #828, #4295, #4272, #7192, #1918, #6564, #802, #3104, #7119, #3645, #7143, #2569, #227, #4820, #3720, #7091, #5474, #302 ),
 .UNSPECIFIED., .F., .F.,
 ( 4, 2, 2, 2, 2, 1, 2, 2, 1, 2, 2, 2, 2, 2, 2, 1, 2, 2, 2, 2, 2, 4 ),
 ( 0.0000000000000000000, 0.06250000000001874900, 0.1250000000000375000, 0.1562500000000416900, 0.1875000000000458500, 0.2187500000000500400, 0.2343750000000516800, 0.2500000000000532900, 0.3125000000000540100, 0.3437500000000537900, 0.3750000000000535100, 0.5000000000000409700, 0.5625000000000354200, 0.5937500000000325300, 0.6250000000000297500, 0.6875000000000284200, 0.7187500000000283100, 0.7500000000000282000, 0.7812500000000282000, 0.8125000000000280900, 0.8750000000000187600, 1.000000000000000000 ),
 .UNSPECIFIED. ) ;
#7026 = VERTEX_POINT ( 'NONE', #2994 ) ;
#7027 = ORIENTED_EDGE ( 'NONE', *, *, #6156, .T. ) ;
#7028 = VECTOR ( 'NONE', #538, 1000.000000000000100 ) ;
#7029 = CARTESIAN_POINT ( 'NONE',  ( 326.3948651349454600, 92.55104845709770700, -53.85012254053911800 ) ) ;
#7030 = CARTESIAN_POINT ( 'NONE',  ( 301.8021121553612100, 91.47260468625943000, -39.73400358392056100 ) ) ;
#7031 = DIRECTION ( 'NONE',  ( -1.000000000000000000, 0.0000000000000000000, 0.0000000000000000000 ) ) ;
#7032 = EDGE_CURVE ( 'NONE', #6133, #1025, #4663, .T. ) ;
#7033 = CARTESIAN_POINT ( 'NONE',  ( 299.9998714613999500, 98.99999999999998600, -46.30807779752999700 ) ) ;
#7034 = CARTESIAN_POINT ( 'NONE',  ( 295.1519337555258700, 101.0000000000000000, -45.30807779753002500 ) ) ;
#7035 = EDGE_CURVE ( 'NONE', #4265, #3305, #1399, .T. ) ;
#7036 = CARTESIAN_POINT ( 'NONE',  ( 313.8378784321329800, 91.52546389091860100, -28.71507605423880700 ) ) ;
#7037 = B_SPLINE_CURVE_WITH_KNOTS ( 'NONE', 3,
 ( #7362, #3932, #514, #5715 ),
 .UNSPECIFIED., .F., .F.,
 ( 4, 4 ),
 ( 0.0000000000000000000, 1.000000000000000000 ),
 .UNSPECIFIED. ) ;
#7038 = EDGE_LOOP ( 'NONE', ( #7211, #4878, #1737, #3067 ) ) ;
#7039 = PLANE ( 'NONE',  #553 ) ;
#7040 = VERTEX_POINT ( 'NONE', #3566 ) ;
#7041 = ORIENTED_EDGE ( 'NONE', *, *, #1681, .F. ) ;
#7042 = CARTESIAN_POINT ( 'NONE',  ( 308.2512787400849600, 91.41188197697266600, -45.64465882951495200 ) ) ;
#7043 = CARTESIAN_POINT ( 'NONE',  ( 327.0063006388477900, 89.23375626608040500, -35.11551169581666400 ) ) ;
#7044 = DIRECTION ( 'NONE',  ( 0.0000000000000000000, 0.0000000000000000000, -1.000000000000000000 ) ) ;
#7045 = CARTESIAN_POINT ( 'NONE',  ( 322.1716087828025400, 88.54085002964014000, -39.38975382918118100 ) ) ;
#7046 = CARTESIAN_POINT ( 'NONE',  ( 327.8002084255106800, 88.21047949267818900, -30.52256193296999200 ) ) ;
#7047 = ORIENTED_EDGE ( 'NONE', *, *, #1787, .T. ) ;
#7048 = PLANE ( 'NONE',  #6201 ) ;
#7049 = VECTOR ( 'NONE', #4474, 1000.000000000000000 ) ;
#7051 = ADVANCED_FACE ( 'NONE', ( #2472, #5446, #1664 ), #2766, .T. ) ;
#7050 = CARTESIAN_POINT ( 'NONE',  ( 320.3180279412608200, 87.04085002963991300, -41.24333467072239000 ) ) ;
#7052 = CARTESIAN_POINT ( 'NONE',  ( 290.1265313782315000, 85.46874564475999100, -45.80319128101214700 ) ) ;
#7053 = CARTESIAN_POINT ( 'NONE',  ( 287.3091870565058300, 92.61914399073829400, -26.49631085798074900 ) ) ;
#7054 = CARTESIAN_POINT ( 'NONE',  ( 318.5930436491029200, 92.96039885307823200, -37.68242176749906500 ) ) ;
#7055 = CARTESIAN_POINT ( 'NONE',  ( 299.4844680057971100, 90.29627345894046200, -39.71359706067411800 ) ) ;
#7056 = CARTESIAN_POINT ( 'NONE',  ( 297.1801099455665300, 93.26650561349026700, -53.69680820846059500 ) ) ;
#7057 = CARTESIAN_POINT ( 'NONE',  ( 282.5964447194955400, 91.19563379127147600, -38.15029054125198400 ) ) ;
#7058 = DIRECTION ( 'NONE',  ( -0.0000000000000000000, -0.0000000000000000000, 1.000000000000000000 ) ) ;
#7059 = CARTESIAN_POINT ( 'NONE',  ( 286.4722384988454000, 90.07342524690500300, -35.73987987411909700 ) ) ;
#7060 = CARTESIAN_POINT ( 'NONE',  ( 328.2234270116429100, 87.63379237454047700, -47.28110582821226900 ) ) ;
#7061 = DIRECTION ( 'NONE',  ( 0.01744974549995492400, 0.9996953165639043100, 0.01745796157007168500 ) ) ;
#7062 = AXIS2_PLACEMENT_3D ( 'NONE', #1932, #5962, #818 ) ;
#7063 = EDGE_CURVE ( 'NONE', #5882, #6674, #1753, .T. ) ;
#7064 = EDGE_LOOP ( 'NONE', ( #2451, #4241, #4961, #788 ) ) ;
#7065 = CARTESIAN_POINT ( 'NONE',  ( 270.6790533581885300, 88.29285158544908500, -23.74847911004073400 ) ) ;
#7066 = CARTESIAN_POINT ( 'NONE',  ( 300.1545187891151700, 91.48448551358133300, -53.37269047207578200 ) ) ;
#7067 = PLANE ( 'NONE',  #4679 ) ;
#7068 = CARTESIAN_POINT ( 'NONE',  ( 300.7766254474999500, 94.37743165421999000, -52.84043977352000400 ) ) ;
#7069 = B_SPLINE_CURVE_WITH_KNOTS ( 'NONE', 3,
 ( #5020, #1568, #7412, #3922, #4011, #6843 ),
 .UNSPECIFIED., .F., .F.,
 ( 4, 2, 4 ),
 ( 0.0000000000000000000, 0.5000000000000000000, 1.000000000000000000 ),
 .UNSPECIFIED. ) ;
#7070 = DIRECTION ( 'NONE',  ( 1.156482317317892000E-014, 1.000000000000000000, 0.0000000000000000000 ) ) ;
#7071 = EDGE_CURVE ( 'NONE', #1550, #2165, #4562, .T. ) ;
#7072 = CARTESIAN_POINT ( 'NONE',  ( 327.8440861844353000, 88.57817225671607300, -34.23130146022001700 ) ) ;
#7073 = CARTESIAN_POINT ( 'NONE',  ( 305.5696091678009300, 91.44084959136276300, -39.73479002754444900 ) ) ;
#7074 = ORIENTED_EDGE ( 'NONE', *, *, #458, .F. ) ;
#7075 = LINE ( 'NONE', #2794, #5567 ) ;
#7076 = DIRECTION ( 'NONE',  ( -0.0000000000000000000, 1.000000000000000000, 0.0000000000000000000 ) ) ;
#7077 = ORIENTED_EDGE ( 'NONE', *, *, #3492, .F. ) ;
#7078 = CARTESIAN_POINT ( 'NONE',  ( 312.1402427143769400, 91.58512979087282700, -26.56815459086848800 ) ) ;
#7079 = DIRECTION ( 'NONE',  ( 1.000000000000000000, 0.0000000000000000000, 0.0000000000000000000 ) ) ;
#7080 = CARTESIAN_POINT ( 'NONE',  ( 327.7200378862323800, 87.63380162385232100, -47.83131255655266800 ) ) ;
#7081 = ORIENTED_EDGE ( 'NONE', *, *, #2595, .T. ) ;
#7082 = VECTOR ( 'NONE', #631, 1000.000000000000000 ) ;
#7083 = CARTESIAN_POINT ( 'NONE',  ( 328.3376815027919500, 88.58997025900666200, -37.45115069970423600 ) ) ;
#7084 = EDGE_CURVE ( 'NONE', #3223, #3424, #1704, .T. ) ;
#7085 = CARTESIAN_POINT ( 'NONE',  ( 322.2106497678000800, 87.04085002963991300, -39.58602611487109600 ) ) ;
#7086 = ADVANCED_FACE ( 'NONE', ( #5982 ), #6783, .F. ) ;
#7087 = CARTESIAN_POINT ( 'NONE',  ( 291.8730771517722400, 85.46874564475999100, -45.80324694832366100 ) ) ;
#7088 = CARTESIAN_POINT ( 'NONE',  ( 298.9836638450038900, 94.76874564476001700, -51.22143810689849600 ) ) ;
#7089 =( GEOMETRIC_REPRESENTATION_CONTEXT ( 3 ) GLOBAL_UNCERTAINTY_ASSIGNED_CONTEXT ( ( #3514 ) ) GLOBAL_UNIT_ASSIGNED_CONTEXT ( ( #3235, #977, #2095 ) ) REPRESENTATION_CONTEXT ( 'NONE', 'WORKASPACE' ) );
#7090 = ORIENTED_EDGE ( 'NONE', *, *, #6693, .F. ) ;
#7091 = CARTESIAN_POINT ( 'NONE',  ( 298.7636539506863800, 91.47597718118410600, -41.73109733076263000 ) ) ;
#7092 = LINE ( 'NONE', #333, #4321 ) ;
#7093 = CARTESIAN_POINT ( 'NONE',  ( 300.7777723536082100, 91.79204074357210200, -32.48264825486057800 ) ) ;
#7094 = CARTESIAN_POINT ( 'NONE',  ( 304.9662087580833800, 94.72949821119436800, -46.70617773667618900 ) ) ;
#7095 = CARTESIAN_POINT ( 'NONE',  ( 272.2309084876999900, 88.26232129496892800, -34.83130146022000400 ) ) ;
#7096 = VERTEX_POINT ( 'NONE', #1346 ) ;
#7097 = CARTESIAN_POINT ( 'NONE',  ( 298.4289724241645000, 94.76749847152363800, -41.57740437072953900 ) ) ;
#7098 = FACE_OUTER_BOUND ( 'NONE', #2961, .T. ) ;
#7099 = CARTESIAN_POINT ( 'NONE',  ( 274.7711716168588500, 90.90240631877924200, -26.45481978301219400 ) ) ;
#7100 = DIRECTION ( 'NONE',  ( -2.958040007489801000E-005, -0.9999999995624999600, -4.299967285754899600E-010 ) ) ;
#7101 = CARTESIAN_POINT ( 'NONE',  ( 329.2456603207671700, 88.29699618574333900, -23.72322142770614000 ) ) ;
#7102 = CARTESIAN_POINT ( 'NONE',  ( 319.4496847446007500, 92.93086333801268500, -37.08032978036674600 ) ) ;
#7103 = CARTESIAN_POINT ( 'NONE',  ( 278.3857592214960200, 92.87045803924904400, -25.57700713885643400 ) ) ;
#7104 = CYLINDRICAL_SURFACE ( 'NONE', #609, 0.3000000000000224700 ) ;
#7105 = ORIENTED_EDGE ( 'NONE', *, *, #5506, .F. ) ;
#7106 = VERTEX_POINT ( 'NONE', #2123 ) ;
#7107 = AXIS2_PLACEMENT_3D ( 'NONE', #3893, #467, #4498 ) ;
#7108 = CARTESIAN_POINT ( 'NONE',  ( 287.3022146806694600, 93.12771903545244400, -37.83890001781494300 ) ) ;
#7109 = CARTESIAN_POINT ( 'NONE',  ( 300.1408773968695400, 91.48271303556227000, -39.73397850775000300 ) ) ;
#7110 = ORIENTED_EDGE ( 'NONE', *, *, #5057, .T. ) ;
#7111 = ORIENTED_EDGE ( 'NONE', *, *, #6002, .F. ) ;
#7112 = CARTESIAN_POINT ( 'NONE',  ( 321.6324698477628200, 87.04085002963991300, -38.58287539212306400 ) ) ;
#7113 = VERTEX_POINT ( 'NONE', #2181 ) ;
#7114 = VERTEX_POINT ( 'NONE', #6213 ) ;
#7115 = ORIENTED_EDGE ( 'NONE', *, *, #7174, .T. ) ;
#7116 = CARTESIAN_POINT ( 'NONE',  ( 319.2496907527973900, 88.54085002964014000, -40.17499748225850500 ) ) ;
#7117 = CARTESIAN_POINT ( 'NONE',  ( 293.1137795860639700, 91.74110665274851300, -33.66384429925067000 ) ) ;
#7118 = ORIENTED_EDGE ( 'NONE', *, *, #6369, .T. ) ;
#7119 = CARTESIAN_POINT ( 'NONE',  ( 296.5600925729993400, 91.46006014519879600, -43.10171278589704300 ) ) ;
#7120 = CARTESIAN_POINT ( 'NONE',  ( 325.0777184377000100, 90.29204447411000000, -26.06137286548000300 ) ) ;
#7121 = CARTESIAN_POINT ( 'NONE',  ( 321.4660782383563200, 88.54085002964012600, -38.47169607318863900 ) ) ;
#7122 = EDGE_CURVE ( 'NONE', #6154, #569, #2336, .T. ) ;
#7123 = CARTESIAN_POINT ( 'NONE',  ( 271.7879085153893500, 87.63380170035002000, -30.65778848490591500 ) ) ;
#7124 = B_SPLINE_CURVE_WITH_KNOTS ( 'NONE', 3,
 ( #5633, #7330, #1014, #4433, #6157, #5007 ),
 .UNSPECIFIED., .F., .F.,
 ( 4, 2, 4 ),
 ( 0.0000000000000000000, 0.5000000000000000000, 1.000000000000000000 ),
 .UNSPECIFIED. ) ;
#7125 = CARTESIAN_POINT ( 'NONE',  ( 323.3555795424215900, 90.97808309753648400, -37.21747933853576700 ) ) ;
#7127 = ADVANCED_FACE ( 'NONE', ( #3716, #2201 ), #3883, .T. ) ;
#7126 = CARTESIAN_POINT ( 'NONE',  ( 272.5257506711727200, 87.63380170034999100, -43.57884128268312900 ) ) ;
#7128 = CARTESIAN_POINT ( 'NONE',  ( 299.9998714613999500, 98.00000000000008500, -51.00807779752999200 ) ) ;
#7129 = ORIENTED_EDGE ( 'NONE', *, *, #3205, .T. ) ;
#7130 = VERTEX_POINT ( 'NONE', #3857 ) ;
#7131 = CARTESIAN_POINT ( 'NONE',  ( 287.1315644029331800, 90.09493737272625000, -35.73988802583788500 ) ) ;
#7132 = CARTESIAN_POINT ( 'NONE',  ( 313.2539237781863900, 91.54687332885890800, -27.22120898500304900 ) ) ;
#7133 = EDGE_LOOP ( 'NONE', ( #5731, #487, #3047, #6818 ) ) ;
#7134 = CARTESIAN_POINT ( 'NONE',  ( 272.9588906985564400, 89.02243895208145800, -26.50673743424653500 ) ) ;
#7135 = EDGE_CURVE ( 'NONE', #1796, #5240, #2225, .T. ) ;
#7136 = CARTESIAN_POINT ( 'NONE',  ( 311.2631167179129600, 91.35823669245938600, -39.73041890014708600 ) ) ;
#7137 = CARTESIAN_POINT ( 'NONE',  ( 329.2114379648325000, 88.53961123718082100, -37.49483200885379800 ) ) ;
#7138 = SHAPE_REPRESENTATION_RELATIONSHIP ( 'NONE' , 'NONE' ,  #21, #6977 ) ;
#7139 = DIRECTION ( 'NONE',  ( 4.625929269271481400E-015, 1.000000000000000000, 0.0000000000000000000 ) ) ;
#7140 = CARTESIAN_POINT ( 'NONE',  ( 306.2955713810932300, 93.23781806980029800, -42.91523522574625100 ) ) ;
#7141 = CARTESIAN_POINT ( 'NONE',  ( 273.7381013610289500, 89.19638877813103800, -25.58865681549001500 ) ) ;
#7142 = CARTESIAN_POINT ( 'NONE',  ( 304.5922564626910100, 100.9999999999999700, -45.30807779753000400 ) ) ;
#7143 = CARTESIAN_POINT ( 'NONE',  ( 296.8898388417894100, 91.46265488319697600, -42.78065374305833000 ) ) ;
#7144 = CARTESIAN_POINT ( 'NONE',  ( 326.0361707734001600, 89.90876356939001800, -25.92403527295000000 ) ) ;
#7145 = CARTESIAN_POINT ( 'NONE',  ( 326.4125413850492800, 92.52594836347276400, -25.89581987331916200 ) ) ;
#7146 = LINE ( 'NONE', #646, #5637 ) ;
#7147 = CARTESIAN_POINT ( 'NONE',  ( 300.0402941944000800, 93.43773123915997300, -53.29330881833000400 ) ) ;
#7148 = CARTESIAN_POINT ( 'NONE',  ( 304.0313217572814300, 94.74219193903216800, -49.23729220163492200 ) ) ;
#7149 = CARTESIAN_POINT ( 'NONE',  ( 271.7981507919109800, 87.63380170034999100, -30.64845408765307900 ) ) ;
#7150 = CARTESIAN_POINT ( 'NONE',  ( 279.2893471838999600, 88.54085002964001200, -39.78237565572000300 ) ) ;
#7151 = CARTESIAN_POINT ( 'NONE',  ( 272.7588566525467400, 87.63380170034996300, -43.79770765809451700 ) ) ;
#7152 = EDGE_CURVE ( 'NONE', #1272, #6108, #2185, .T. ) ;
#7153 = ORIENTED_EDGE ( 'NONE', *, *, #6, .F. ) ;
#7154 = CARTESIAN_POINT ( 'NONE',  ( 327.1701463532049300, 88.60116613576985900, -34.31309707893760200 ) ) ;
#7155 = CARTESIAN_POINT ( 'NONE',  ( 272.2310294674659300, 88.57658179113107600, -34.83128959929748400 ) ) ;
#7156 = CARTESIAN_POINT ( 'NONE',  ( 309.6363894240124600, 91.38952331448985000, -45.53641446480507000 ) ) ;
#7157 = CARTESIAN_POINT ( 'NONE',  ( 328.2120426744179400, 87.63380170035000600, -34.66293300216447200 ) ) ;
#7158 = CARTESIAN_POINT ( 'NONE',  ( 289.0487615062835400, 91.36412485152783300, -46.82135340259843300 ) ) ;
#7159 = CARTESIAN_POINT ( 'NONE',  ( 299.9999972893081100, 93.27370097337463100, -53.74779289863616300 ) ) ;
#7160 = CARTESIAN_POINT ( 'NONE',  ( 313.2538060477529600, 91.54688616083046800, -37.10631897420762500 ) ) ;
#7161 = ADVANCED_FACE ( 'NONE', ( #3261 ), #6825, .F. ) ;
#7162 = CARTESIAN_POINT ( 'NONE',  ( 291.2605842377746500, 85.46874564476002000, -47.28255784151256300 ) ) ;
#7163 = CARTESIAN_POINT ( 'NONE',  ( 291.5194331776725700, 91.71131992831909900, -32.06385173092078800 ) ) ;
#7164 = FACE_OUTER_BOUND ( 'NONE', #1293, .T. ) ;
#7165 = CARTESIAN_POINT ( 'NONE',  ( 302.7408831385368400, 91.46542393776368800, -42.48692562628404800 ) ) ;
#7166 = CARTESIAN_POINT ( 'NONE',  ( 297.5139264959058800, 91.46732773565642600, -50.29966174383077500 ) ) ;
#7167 = CARTESIAN_POINT ( 'NONE',  ( 300.4988830184365200, 91.79259862836546800, -33.04712639098807600 ) ) ;
#7168 = CARTESIAN_POINT ( 'NONE',  ( 285.4087021049500100, 93.08077074652707900, -36.77159122293426200 ) ) ;
#7169 = CARTESIAN_POINT ( 'NONE',  ( 296.2414373021295000, 94.76874564476028700, -43.41970821364657200 ) ) ;
#7170 = ORIENTED_EDGE ( 'NONE', *, *, #1681, .T. ) ;
#7171 = CONICAL_SURFACE ( 'NONE', #3083, 2.900000051183654100, 0.01745329252128943000 ) ;
#7172 = B_SPLINE_CURVE_WITH_KNOTS ( 'NONE', 3,
 ( #1195, #5264, #5981, #3652 ),
 .UNSPECIFIED., .F., .F.,
 ( 4, 4 ),
 ( 0.0000000000000000000, 1.000000000000000000 ),
 .UNSPECIFIED. ) ;
#7173 = CARTESIAN_POINT ( 'NONE',  ( 290.9998785003946900, 91.39776871634005300, -48.30807840469977800 ) ) ;
#7174 = EDGE_CURVE ( 'NONE', #6108, #3804, #309, .T. ) ;
#7175 = CARTESIAN_POINT ( 'NONE',  ( 274.7560167840726400, 90.90178847435696200, -26.46146396454464200 ) ) ;
#7177 = ORIENTED_EDGE ( 'NONE', *, *, #3521, .F. ) ;
#7176 = B_SPLINE_CURVE_WITH_KNOTS ( 'NONE', 3,
 ( #5010, #6625, #1502, #4932, #6679, #2633 ),
 .UNSPECIFIED., .F., .F.,
 ( 4, 2, 4 ),
 ( 0.0000000000000000000, 0.5000000000000000000, 1.000000000000000000 ),
 .UNSPECIFIED. ) ;
#7178 = LINE ( 'NONE', #7217, #5672 ) ;
#7179 = CARTESIAN_POINT ( 'NONE',  ( 328.4195614148999300, 89.66152470052000500, -24.61743660692000200 ) ) ;
#7180 = CARTESIAN_POINT ( 'NONE',  ( 294.0191371581000800, 98.00000000000000000, -52.19307779753000900 ) ) ;
#7181 = CARTESIAN_POINT ( 'NONE',  ( 304.4753124862969600, 94.73484573257137200, -44.11070247205326900 ) ) ;
#7182 = CARTESIAN_POINT ( 'NONE',  ( 273.8020509813999900, 92.35210158718999200, -25.89801296689502400 ) ) ;
#7183 = CARTESIAN_POINT ( 'NONE',  ( 303.5373604430020600, 91.85817640243256200, -26.51132657912504000 ) ) ;
#7184 = CARTESIAN_POINT ( 'NONE',  ( 292.0072395369093700, 85.46874564475996300, -48.05567463862438900 ) ) ;
#7185 = ORIENTED_EDGE ( 'NONE', *, *, #3393, .F. ) ;
#7186 = LINE ( 'NONE', #3037, #5680 ) ;
#7187 = CARTESIAN_POINT ( 'NONE',  ( 322.2106497678000200, 87.04085002963995500, -39.78237565572044300 ) ) ;
#7188 = B_SPLINE_SURFACE_WITH_KNOTS ( 'NONE', 3, 3, ( 
 ( #4352, #979, #1012, #1492 ),
 ( #7301, #6100, #5631, #4461 ),
 ( #4981, #5025, #1551, #3823 ),
 ( #2665, #2176, #6181, #6207 ),
 ( #2647, #5529, #3184, #6673 ),
 ( #3207, #7224, #4404, #3775 ),
 ( #357, #963, #1521, #5552 ),
 ( #6694, #3240, #4015, #3987 ),
 ( #5728, #2288, #583, #2313 ) ),
 .UNSPECIFIED., .F., .F., .F.,
 ( 4, 1, 1, 1, 1, 1, 4 ),
 ( 4, 4 ),
 ( 1.992496840620000200E-005, 0.009725441693963001200, 0.2548473474318999600, 0.4999692531699001000, 0.7450911589077999800, 0.9902130646457001400, 0.9999920407143000300 ),
 ( 0.0009605713115005001100, 1.000812249507000000 ),
 .UNSPECIFIED. ) ;
#7189 = CARTESIAN_POINT ( 'NONE',  ( 305.1467858100052100, 93.24972063074987700, -41.33946824604662100 ) ) ;
#7190 = CARTESIAN_POINT ( 'NONE',  ( 314.7606598200217100, 91.27537653553631000, -36.22929557102810300 ) ) ;
#7191 = CARTESIAN_POINT ( 'NONE',  ( 328.0601558430493000, 87.63379469957335700, -43.65443741624358200 ) ) ;
#7192 = CARTESIAN_POINT ( 'NONE',  ( 295.5952605027386500, 91.45190417370923800, -44.66083488223326000 ) ) ;
#7193 = ORIENTED_EDGE ( 'NONE', *, *, #1624, .T. ) ;
#7194 = VERTEX_POINT ( 'NONE', #7360 ) ;
#7195 = CARTESIAN_POINT ( 'NONE',  ( 324.4583675755000600, 90.93514689074000000, -26.34844394048999300 ) ) ;
#7196 = DIRECTION ( 'NONE',  ( 0.0000000000000000000, -1.000000000000000000, 0.0000000000000000000 ) ) ;
#7197 = AXIS2_PLACEMENT_3D ( 'NONE', #6760, #4416, #398 ) ;
#7198 = CARTESIAN_POINT ( 'NONE',  ( 299.9998714613999500, 98.99999999999998600, -46.30807779752999700 ) ) ;
#7199 = CARTESIAN_POINT ( 'NONE',  ( 328.2692312823185100, 88.50782712950838500, -47.30613749989457500 ) ) ;
#7200 = ORIENTED_EDGE ( 'NONE', *, *, #1575, .F. ) ;
#7201 = FACE_OUTER_BOUND ( 'NONE', #4350, .T. ) ;
#7202 = ORIENTED_EDGE ( 'NONE', *, *, #7210, .F. ) ;
#7203 = ORIENTED_EDGE ( 'NONE', *, *, #4957, .T. ) ;
#7204 = EDGE_LOOP ( 'NONE', ( #2465, #7000, #5865, #4791, #5237, #4194, #5952, #3409, #3401, #1641, #934, #7350, #2799 ) ) ;
#7205 = ADVANCED_FACE ( 'NONE', ( #858 ), #4469, .F. ) ;
#7206 = CARTESIAN_POINT ( 'NONE',  ( 305.5344895667264500, 91.74629636414515200, -32.84722023985530400 ) ) ;
#7207 = CARTESIAN_POINT ( 'NONE',  ( 292.9999434867665400, 85.46874564475999100, -46.04616740846010700 ) ) ;
#7208 = CARTESIAN_POINT ( 'NONE',  ( 326.4215990891119100, 92.49078869465660100, -25.79106173890567200 ) ) ;
#7209 = CARTESIAN_POINT ( 'NONE',  ( 302.9986670605459300, 94.75501242236983000, -42.32432253559785800 ) ) ;
#7210 = EDGE_CURVE ( 'NONE', #2699, #4463, #3425, .T. ) ;
#7211 = ORIENTED_EDGE ( 'NONE', *, *, #4564, .F. ) ;
#7212 = ORIENTED_EDGE ( 'NONE', *, *, #157, .F. ) ;
#7213 = CARTESIAN_POINT ( 'NONE',  ( 311.2413971070098500, 90.11388504908408900, -39.70848238360981200 ) ) ;
#7214 = EDGE_CURVE ( 'NONE', #2624, #5778, #3073, .T. ) ;
#7215 = CARTESIAN_POINT ( 'NONE',  ( 312.9480122952246600, 91.32170157611904000, -53.20483336046094500 ) ) ;
#7216 = CARTESIAN_POINT ( 'NONE',  ( 289.7709074408646200, 85.46874564475999100, -44.70871655255413700 ) ) ;
#7217 = CARTESIAN_POINT ( 'NONE',  ( 272.1581389359500300, 87.63380170035020500, -30.52256193296998900 ) ) ;
#7218 = CARTESIAN_POINT ( 'NONE',  ( 280.0604892227594300, 92.91338638306000100, -42.66362096007329500 ) ) ;
#7219 = CARTESIAN_POINT ( 'NONE',  ( 307.1546148613392700, 93.22731967757710000, -46.24490585267780300 ) ) ;
#7220 = CARTESIAN_POINT ( 'NONE',  ( 326.2414965382653200, 88.49262936743211600, -25.21208876772409700 ) ) ;
#7221 = DIRECTION ( 'NONE',  ( 0.0000000000000000000, 1.000000000000000000, 0.0000000000000000000 ) ) ;
#7222 = DIRECTION ( 'NONE',  ( -0.7214116238199825800, -0.6925065118953148700, 0.0000000000000000000 ) ) ;
#7223 = EDGE_CURVE ( 'NONE', #5711, #4157, #1756, .T. ) ;
#7224 = CARTESIAN_POINT ( 'NONE',  ( 295.5515366118999600, 94.26683409888001100, -41.85423100392000600 ) ) ;
#7225 = VERTEX_POINT ( 'NONE', #4076 ) ;
#7226 = CARTESIAN_POINT ( 'NONE',  ( 308.9998936043429000, 85.46874564476000600, -47.30809141035698700 ) ) ;
#7227 = B_SPLINE_CURVE_WITH_KNOTS ( 'NONE', 3,
 ( #2583, #5290, #2975, #7034 ),
 .UNSPECIFIED., .F., .F.,
 ( 4, 4 ),
 ( 7.368059844041839400E-015, 0.0008318575547263090200 ),
 .UNSPECIFIED. ) ;
#7228 = CARTESIAN_POINT ( 'NONE',  ( 286.0800597648097300, 91.30233740600087300, -53.20551488682021800 ) ) ;
#7229 = AXIS2_PLACEMENT_3D ( 'NONE', #1058, #5076, #2835 ) ;
#7230 = B_SPLINE_CURVE_WITH_KNOTS ( 'NONE', 3,
 ( #2599, #4852, #6000, #1424 ),
 .UNSPECIFIED., .F., .F.,
 ( 4, 4 ),
 ( 0.0000000000000000000, 1.000000000000000000 ),
 .UNSPECIFIED. ) ;
#7231 = B_SPLINE_CURVE_WITH_KNOTS ( 'NONE', 3,
 ( #749, #5318, #1855, #6969, #5345, #3584, #4177, #1325, #5911, #6490, #1792, #3045, #5421, #5937, #847, #5388, #6513, #2007, #2491, #5967, #5444, #3153 ),
 .UNSPECIFIED., .F., .F.,
 ( 4, 1, 1, 1, 2, 2, 1, 1, 2, 2, 1, 2, 2, 4 ),
 ( 0.0000000000000000000, 0.1250000000000648600, 0.1875000000000973100, 0.2187500000001097200, 0.2343750000001998400, 0.2500000000002899300, 0.3750000000005466700, 0.4375000000006750200, 0.4687500000006534800, 0.5000000000006319400, 0.6250000000004193300, 0.6875000000003129700, 0.7500000000002066100, 1.000000000000000000 ),
 .UNSPECIFIED. ) ;
#7232 = CARTESIAN_POINT ( 'NONE',  ( 304.9809882615944600, 94.72955076005534600, -46.22970961949081200 ) ) ;
#7233 = EDGE_CURVE ( 'NONE', #4463, #2699, #1229, .T. ) ;
#7234 = FACE_OUTER_BOUND ( 'NONE', #131, .T. ) ;
#7235 = CARTESIAN_POINT ( 'NONE',  ( 322.0210551715212000, 91.03033441383780700, -43.23164822578736700 ) ) ;
#7236 = CARTESIAN_POINT ( 'NONE',  ( 287.3269497340124900, 91.60169586119359100, -26.51489350410940900 ) ) ;
#7237 = CARTESIAN_POINT ( 'NONE',  ( 277.4471022919213400, 91.00947434157970400, -42.97722624357521700 ) ) ;
#7238 = CARTESIAN_POINT ( 'NONE',  ( 301.4386456989000200, 94.29078295009000500, -52.01757262773000400 ) ) ;
#7239 = CARTESIAN_POINT ( 'NONE',  ( 282.2478023220466500, 92.98809645285190600, -39.39225837289523500 ) ) ;
#7240 = CARTESIAN_POINT ( 'NONE',  ( 303.6238491254301300, 93.26192109185977600, -40.12989924201410500 ) ) ;
#7241 = ADVANCED_FACE ( 'NONE', ( #4097 ), #5093, .F. ) ;
#7242 = CARTESIAN_POINT ( 'NONE',  ( 329.1376937174241000, 88.30283721888714900, -23.69742476029605200 ) ) ;
#7243 = CARTESIAN_POINT ( 'NONE',  ( 300.0000073329999900, -58.22399721719200700, -298.9297758301461800 ) ) ;
#7244 = CARTESIAN_POINT ( 'NONE',  ( 325.3549301082000500, 90.95405474065002200, -53.74645475684001600 ) ) ;
#7245 = ORIENTED_EDGE ( 'NONE', *, *, #1038, .F. ) ;
#7246 = DIRECTION ( 'NONE',  ( -9.984020005621894600E-016, -1.000000000000000000, 0.0000000000000000000 ) ) ;
#7247 = CARTESIAN_POINT ( 'NONE',  ( 297.6591125872998900, 93.69905875329999400, -52.52372193232001500 ) ) ;
#7248 = CARTESIAN_POINT ( 'NONE',  ( 308.3863249985319600, 85.46874564475999100, -47.10864203725061100 ) ) ;
#7249 = CARTESIAN_POINT ( 'NONE',  ( 302.8252106567063000, 93.26648654239170400, -53.69542712595575300 ) ) ;
#7250 = CARTESIAN_POINT ( 'NONE',  ( 274.1834925119494500, 90.76658233415732000, -53.20610717437501300 ) ) ;
#7251 = AXIS2_PLACEMENT_3D ( 'NONE', #2838, #6878, #3416 ) ;
#7252 = CARTESIAN_POINT ( 'NONE',  ( 326.3698559948189200, 92.55550422251339200, -25.73039941325254900 ) ) ;
#7253 = CARTESIAN_POINT ( 'NONE',  ( 304.9815924026320300, 94.76874564476000300, -46.83087442371520100 ) ) ;
#7254 = CARTESIAN_POINT ( 'NONE',  ( 328.4422640788790800, 88.52771410133021800, -34.22809485876151600 ) ) ;
#7255 = CARTESIAN_POINT ( 'NONE',  ( 299.9998714613999500, 98.00000000000008500, -46.30807779752999700 ) ) ;
#7256 = CARTESIAN_POINT ( 'NONE',  ( 290.9998720579803800, 91.40038451955069800, -47.30807779752998200 ) ) ;
#7257 = VERTEX_POINT ( 'NONE', #590 ) ;
#7258 = FACE_OUTER_BOUND ( 'NONE', #1738, .T. ) ;
#7259 = CARTESIAN_POINT ( 'NONE',  ( 278.1038755179012600, 91.03493944909929800, -43.27464461869074300 ) ) ;
#7260 = DIRECTION ( 'NONE',  ( 1.000000000000000000, 0.0000000000000000000, 0.0000000000000000000 ) ) ;
#7261 = CARTESIAN_POINT ( 'NONE',  ( 281.1035288009850300, 92.95010171849745000, -37.41406899071012800 ) ) ;
#7262 = ORIENTED_EDGE ( 'NONE', *, *, #5705, .F. ) ;
#7263 = CARTESIAN_POINT ( 'NONE',  ( 309.7349426636035900, 89.14733525651094200, -22.60822098249243700 ) ) ;
#7264 = CARTESIAN_POINT ( 'NONE',  ( 277.7893471838999600, 87.04085002963991300, -39.78237565572000300 ) ) ;
#7265 = EDGE_CURVE ( 'NONE', #4446, #1711, #6904, .T. ) ;
#7266 = VERTEX_POINT ( 'NONE', #6374 ) ;
#7267 = CARTESIAN_POINT ( 'NONE',  ( 291.6988403419055100, 91.41123424072782200, -45.59291996907674600 ) ) ;
#7268 = CIRCLE ( 'NONE', #5433, 4.699999999999995700 ) ;
#7269 = SURFACE_STYLE_USAGE ( .BOTH. , #5606 ) ;
#7270 = DIRECTION ( 'NONE',  ( -0.0000000000000000000, 1.000000000000000000, 0.0000000000000000000 ) ) ;
#7271 = CARTESIAN_POINT ( 'NONE',  ( 308.0254524795461700, 85.46874564476000600, -46.04759744931704500 ) ) ;
#7272 = EDGE_LOOP ( 'NONE', ( #1544, #7315 ) ) ;
#7273 = B_SPLINE_CURVE_WITH_KNOTS ( 'NONE', 3,
 ( #2226, #3826, #456, #6159 ),
 .UNSPECIFIED., .F., .F.,
 ( 4, 4 ),
 ( 0.0000000000000000000, 1.000000000000000000 ),
 .UNSPECIFIED. ) ;
#7274 = DIRECTION ( 'NONE',  ( 0.0000000000000000000, 0.0000000000000000000, 1.000000000000000000 ) ) ;
#7275 = FACE_OUTER_BOUND ( 'NONE', #1194, .T. ) ;
#7276 = EDGE_CURVE ( 'NONE', #3526, #5783, #2896, .T. ) ;
#7278 = ADVANCED_FACE ( 'NONE', ( #7427, #233 ), #4141, .F. ) ;
#7277 = CARTESIAN_POINT ( 'NONE',  ( 274.0668201838686300, 90.60037093468831400, -53.19276493367564700 ) ) ;
#7279 = B_SPLINE_CURVE_WITH_KNOTS ( 'NONE', 3,
 ( #1630, #3347, #5154, #5733, #1707, #5659, #6306, #4617, #1735, #2316 ),
 .UNSPECIFIED., .F., .F.,
 ( 4, 2, 2, 2, 4 ),
 ( 0.0000000000000000000, 0.2500000000000000000, 0.5000000000000000000, 0.7500000000000000000, 1.000000000000000000 ),
 .UNSPECIFIED. ) ;
#7280 = CARTESIAN_POINT ( 'NONE',  ( 327.0183674406883400, 88.57847760626941600, -47.08156424496235800 ) ) ;
#7281 = AXIS2_PLACEMENT_3D ( 'NONE', #5074, #524, #2 ) ;
#7282 = CARTESIAN_POINT ( 'NONE',  ( 289.3278843597896600, 90.19454075585883900, -25.02450574558327600 ) ) ;
#7283 = EDGE_LOOP ( 'NONE', ( #4991, #1101, #3077, #572, #3142 ) ) ;
#7284 = CARTESIAN_POINT ( 'NONE',  ( 314.7382106986302100, 89.98920916656281600, -29.61385166599422200 ) ) ;
#7285 = CARTESIAN_POINT ( 'NONE',  ( 320.7106338112649800, 88.54085149582466800, -42.68243872475490300 ) ) ;
#7286 = CARTESIAN_POINT ( 'NONE',  ( 299.8971322114999800, 94.82206603929002100, -41.39535998243999900 ) ) ;
#7287 = LINE ( 'NONE', #5696, #7028 ) ;
#7288 = CARTESIAN_POINT ( 'NONE',  ( 280.2484621097050900, 92.92014717423028000, -36.95795720339878400 ) ) ;
#7289 = VERTEX_POINT ( 'NONE', #2429 ) ;
#7290 = ORIENTED_EDGE ( 'NONE', *, *, #5084, .T. ) ;
#7291 = ORIENTED_EDGE ( 'NONE', *, *, #6510, .F. ) ;
#7292 = ORIENTED_EDGE ( 'NONE', *, *, #55, .F. ) ;
#7293 = CARTESIAN_POINT ( 'NONE',  ( 280.4521859960000300, 88.86237424254000000, -54.96751531346000500 ) ) ;
#7294 = DIRECTION ( 'NONE',  ( 2.137303368248620500E-018, 0.9998476951563677300, -0.01745240643862944200 ) ) ;
#7295 = CARTESIAN_POINT ( 'NONE',  ( 291.7190794092690600, 91.41141667554231300, -47.00288605491125100 ) ) ;
#7296 = ORIENTED_EDGE ( 'NONE', *, *, #2692, .T. ) ;
#7297 = APPLICATION_PROTOCOL_DEFINITION ( 'draft international standard', 'automotive_design', 1998, #5004 ) ;
#7298 = CARTESIAN_POINT ( 'NONE',  ( 297.1859849413635300, 90.29485125131644500, -30.46385170115570400 ) ) ;
#7299 = EDGE_LOOP ( 'NONE', ( #6324, #2527, #2960, #5609, #5951, #998, #7415, #2243 ) ) ;
#7300 = EDGE_LOOP ( 'NONE', ( #634, #5148, #121, #4971 ) ) ;
#7301 = CARTESIAN_POINT ( 'NONE',  ( 300.1025127527999500, 94.82206638725003200, -51.22080722239999800 ) ) ;
#7302 = EDGE_CURVE ( 'NONE', #842, #5240, #1794, .T. ) ;
#7303 = CARTESIAN_POINT ( 'NONE',  ( 271.6038101533220000, 87.63380170035002000, -34.36350296330746800 ) ) ;
#7304 = CARTESIAN_POINT ( 'NONE',  ( 273.5961494562179200, 88.57472179511280800, -53.06495979633046300 ) ) ;
#7305 = CARTESIAN_POINT ( 'NONE',  ( 299.8983156058308200, 91.48417444970797900, -53.37316752307952300 ) ) ;
#7306 = CARTESIAN_POINT ( 'NONE',  ( 273.8025248602218700, 92.41928645365479200, -54.14865334953742600 ) ) ;
#7307 = CARTESIAN_POINT ( 'NONE',  ( 271.6374780087150500, 88.47225283909580200, -30.79875095860137400 ) ) ;
#7308 = ORIENTED_EDGE ( 'NONE', *, *, #5976, .T. ) ;
#7309 = CARTESIAN_POINT ( 'NONE',  ( 304.9815154830091000, 94.76834249397910500, -46.30807792266738000 ) ) ;
#7310 = EDGE_LOOP ( 'NONE', ( #5860, #5266, #480, #5418 ) ) ;
#7311 = CARTESIAN_POINT ( 'NONE',  ( 309.7190550040347100, 91.38794716864127600, -47.00291127327457000 ) ) ;
#7312 = CARTESIAN_POINT ( 'NONE',  ( 320.7106375280690700, 92.88504549319722500, -42.75820119579083200 ) ) ;
#7313 = ORIENTED_EDGE ( 'NONE', *, *, #6931, .T. ) ;
#7314 = EDGE_CURVE ( 'NONE', #6059, #3518, #1183, .T. ) ;
#7315 = ORIENTED_EDGE ( 'NONE', *, *, #5772, .F. ) ;
#7316 = ORIENTED_EDGE ( 'NONE', *, *, #4253, .T. ) ;
#7317 = CARTESIAN_POINT ( 'NONE',  ( 312.7702123484066300, 91.32586958111537000, -53.20482771594569700 ) ) ;
#7318 = CARTESIAN_POINT ( 'NONE',  ( 289.4005102164545100, 85.46874564476000600, -47.53704181809068500 ) ) ;
#7319 = CARTESIAN_POINT ( 'NONE',  ( 274.1924261978000500, 89.58043999890000500, -25.75101881210000000 ) ) ;
#7320 = CARTESIAN_POINT ( 'NONE',  ( 272.8308334573261500, 88.57455907110197300, -46.21171968391631400 ) ) ;
#7321 = ADVANCED_FACE ( 'NONE', ( #6419 ), #5269, .F. ) ;
#7322 = CARTESIAN_POINT ( 'NONE',  ( 299.9999299603480300, 91.48356439391038500, -41.60808144946671000 ) ) ;
#7323 = VERTEX_POINT ( 'NONE', #2385 ) ;
#7324 = ORIENTED_EDGE ( 'NONE', *, *, #3192, .F. ) ;
#7325 = CARTESIAN_POINT ( 'NONE',  ( 285.1104681781791900, 92.55682123970001400, -35.69564939792530800 ) ) ;
#7326 =( LENGTH_UNIT ( ) NAMED_UNIT ( * ) SI_UNIT ( .MILLI., .METRE. ) );
#7327 = CARTESIAN_POINT ( 'NONE',  ( 300.0000073329999900, -58.22399721719200700, -298.9297758301461800 ) ) ;
#7328 = CARTESIAN_POINT ( 'NONE',  ( 290.9998714614000100, 85.46874564476095800, -46.30807779752999700 ) ) ;
#7329 = EDGE_CURVE ( 'NONE', #2943, #807, #3469, .T. ) ;
#7330 = CARTESIAN_POINT ( 'NONE',  ( 318.2421145603148600, 91.16785925186597700, -37.00086634794057300 ) ) ;
#7331 = B_SPLINE_CURVE_WITH_KNOTS ( 'NONE', 3,
 ( #3151, #2582, #5487, #3094 ),
 .UNSPECIFIED., .F., .F.,
 ( 4, 4 ),
 ( 0.0000000000000000000, 1.000000000000000000 ),
 .UNSPECIFIED. ) ;
#7332 = CARTESIAN_POINT ( 'NONE',  ( 299.9998714613999500, 99.00000000000000000, -53.25807779752998500 ) ) ;
#7333 = AXIS2_PLACEMENT_3D ( 'NONE', #4193, #7076, #259 ) ;
#7334 = CARTESIAN_POINT ( 'NONE',  ( 274.0635747663805000, 90.59574773723086600, -53.19225896142685200 ) ) ;
#7335 = VECTOR ( 'NONE', #2980, 1000.000000000000200 ) ;
#7336 = CARTESIAN_POINT ( 'NONE',  ( 310.9999434867666500, 85.46874564475999100, -46.04616740846010700 ) ) ;
#7337 = ADVANCED_FACE ( 'NONE', ( #679 ), #702, .F. ) ;
#7338 = CARTESIAN_POINT ( 'NONE',  ( 327.5217721086714800, 87.63380170034997700, -34.77820320771270700 ) ) ;
#7339 = CARTESIAN_POINT ( 'NONE',  ( 328.2686682536896100, 88.53765526263876500, -43.88830272604124600 ) ) ;
#7340 = CARTESIAN_POINT ( 'NONE',  ( 304.9815142301283100, 94.72951797139731400, -46.30450028859559100 ) ) ;
#7341 = CARTESIAN_POINT ( 'NONE',  ( 310.2398910988613900, 90.14397853484599900, -39.70912733113169700 ) ) ;
#7342 = CARTESIAN_POINT ( 'NONE',  ( 321.4697186458361100, 88.54085296164829800, -42.60689646790054000 ) ) ;
#7343 = CARTESIAN_POINT ( 'NONE',  ( 287.1053962976573100, 91.59443525923508400, -35.71370027763527600 ) ) ;
#7344 = CARTESIAN_POINT ( 'NONE',  ( 273.7043637534999900, 88.88758216001001200, -25.42774342024000200 ) ) ;
#7345 = CARTESIAN_POINT ( 'NONE',  ( 326.2128233004025300, 89.32495391575970700, -25.65893019078055900 ) ) ;
#7346 = CARTESIAN_POINT ( 'NONE',  ( 317.1415111490494500, 91.20405184812359800, -40.68348769800695000 ) ) ;
#7347 = CARTESIAN_POINT ( 'NONE',  ( 272.3879851557916300, 87.63380170035024700, -34.83130146022001100 ) ) ;
#7348 = CARTESIAN_POINT ( 'NONE',  ( 272.1142292614914600, 88.56997672885219700, -34.83131362162335900 ) ) ;
#7349 = CARTESIAN_POINT ( 'NONE',  ( 285.7899378159452200, 91.54930111729382200, -37.18656304207466000 ) ) ;
#7350 = ORIENTED_EDGE ( 'NONE', *, *, #595, .T. ) ;
#7351 = CARTESIAN_POINT ( 'NONE',  ( 287.3022146806694600, 93.12771903545244400, -37.83890001781494300 ) ) ;
#7352 = CARTESIAN_POINT ( 'NONE',  ( 271.8811274363062600, 87.63380170034997700, -34.77881659321818800 ) ) ;
#7353 = ORIENTED_EDGE ( 'NONE', *, *, #5454, .F. ) ;
#7354 = LINE ( 'NONE', #1300, #6366 ) ;
#7355 = CARTESIAN_POINT ( 'NONE',  ( 319.3536039211201100, 91.12931299324141300, -43.22095186768825000 ) ) ;
#7356 = CARTESIAN_POINT ( 'NONE',  ( 311.6654150247807700, 93.15051901154171800, -26.48810572368458300 ) ) ;
#7358 = ADVANCED_FACE ( 'NONE', ( #6069, #5802 ), #1862, .F. ) ;
#7357 = CARTESIAN_POINT ( 'NONE',  ( 286.6025483750214000, 93.11106527307896400, -37.73120103486089500 ) ) ;
#7359 = EDGE_CURVE ( 'NONE', #7225, #5258, #4069, .T. ) ;
#7360 = CARTESIAN_POINT ( 'NONE',  ( 279.2893471838999600, 92.88493214243889900, -42.75820189104737800 ) ) ;
#7361 = ORIENTED_EDGE ( 'NONE', *, *, #5793, .F. ) ;
#7362 = CARTESIAN_POINT ( 'NONE',  ( 327.7446620143246600, 88.57003903765316000, -43.52256174297705400 ) ) ;
#7363 = CARTESIAN_POINT ( 'NONE',  ( 328.2997242020001600, 89.71040989760001600, -24.33346823855999100 ) ) ;
#7364 = CARTESIAN_POINT ( 'NONE',  ( 294.4145189655325800, 90.29651571086246500, -24.92914889305549800 ) ) ;
#7365 = CARTESIAN_POINT ( 'NONE',  ( 314.7382107034512700, 89.98922206358652400, -28.12601525456234700 ) ) ;
#7366 = CARTESIAN_POINT ( 'NONE',  ( 276.4111594840765600, 92.76931649613177900, -40.55563114444798600 ) ) ;
#7367 = CARTESIAN_POINT ( 'NONE',  ( 321.3371728495795900, 92.86135943355753900, -42.70789965120008000 ) ) ;
#7368 = CARTESIAN_POINT ( 'NONE',  ( 326.1610896747546900, 92.65349375304866400, -53.85341364815225500 ) ) ;
#7369 = CARTESIAN_POINT ( 'NONE',  ( 277.0428312584476800, 90.99361716903126800, -36.85767380800881200 ) ) ;
#7370 = CARTESIAN_POINT ( 'NONE',  ( 309.7390854526429400, 91.38639089325668900, -39.73304998310518200 ) ) ;
#7371 = ORIENTED_EDGE ( 'NONE', *, *, #6309, .F. ) ;
#7372 = LINE ( 'NONE', #5217, #2512 ) ;
#7373 = CARTESIAN_POINT ( 'NONE',  ( 327.7939876862420200, 88.57534420302585000, -34.83145050631899400 ) ) ;
#7374 = CARTESIAN_POINT ( 'NONE',  ( 308.5247721657909800, 91.68764219779960500, -35.81656307529733100 ) ) ;
#7375 = CARTESIAN_POINT ( 'NONE',  ( 271.5664941214169500, 88.51054082060687700, -33.22449457199254400 ) ) ;
#7376 = EDGE_CURVE ( 'NONE', #359, #5665, #53, .T. ) ;
#7377 = CARTESIAN_POINT ( 'NONE',  ( 326.1812291128348400, 92.65284107391194400, -53.85605105821031900 ) ) ;
#7378 = B_SPLINE_CURVE_WITH_KNOTS ( 'NONE', 3,
 ( #7060, #3557, #1297, #1834 ),
 .UNSPECIFIED., .F., .F.,
 ( 4, 4 ),
 ( 0.0000000000000000000, 1.000000000000000000 ),
 .UNSPECIFIED. ) ;
#7379 = ORIENTED_EDGE ( 'NONE', *, *, #4016, .T. ) ;
#7380 = LINE ( 'NONE', #6450, #1262 ) ;
#7381 = DIRECTION ( 'NONE',  ( 0.0000000000000000000, 0.0000000000000000000, -1.000000000000000000 ) ) ;
#7382 = CARTESIAN_POINT ( 'NONE',  ( 290.9998720579803800, 91.40038451955069800, -47.30807779752998200 ) ) ;
#7383 = CARTESIAN_POINT ( 'NONE',  ( 329.1376937174241000, 88.30283721888714900, -23.69742476029605200 ) ) ;
#7384 = B_SPLINE_CURVE_WITH_KNOTS ( 'NONE', 3,
 ( #6546, #3085, #3001, #2555, #4187, #3601, #231, #1358, #7125, #188, #3676, #1899, #5924, #2482, #6502, #3028, #254, #4279, #838, #5374, #5435, #4168 ),
 .UNSPECIFIED., .F., .F.,
 ( 4, 2, 2, 2, 2, 2, 2, 2, 2, 2, 4 ),
 ( 0.0000000000000000000, 0.1250000000000031100, 0.2500000000000062200, 0.3125000000000077700, 0.3750000000000093300, 0.5000000000000124300, 0.5625000000000108800, 0.6250000000000093300, 0.7500000000000062200, 0.8750000000000031100, 1.000000000000000000 ),
 .UNSPECIFIED. ) ;
#7385 = ORIENTED_EDGE ( 'NONE', *, *, #2144, .T. ) ;
#7386 = VERTEX_POINT ( 'NONE', #142 ) ;
#7387 = EDGE_CURVE ( 'NONE', #1061, #1205, #2841, .T. ) ;
#7388 = ORIENTED_EDGE ( 'NONE', *, *, #6547, .F. ) ;
#7389 = CARTESIAN_POINT ( 'NONE',  ( 273.8731078307798200, 90.32447919007445600, -53.14801967050051700 ) ) ;
#7390 = CARTESIAN_POINT ( 'NONE',  ( 310.5992327063550000, 85.46874564476000600, -45.07911377697697500 ) ) ;
#7391 = CARTESIAN_POINT ( 'NONE',  ( 327.1421313239000000, 91.07132516939002200, -24.96821264047000400 ) ) ;
#7392 = CARTESIAN_POINT ( 'NONE',  ( 272.5655174489999100, 91.10785852803003600, -25.28471634289999400 ) ) ;
#7393 = VERTEX_POINT ( 'NONE', #1819 ) ;
#7394 = ORIENTED_EDGE ( 'NONE', *, *, #697, .T. ) ;
#7395 = CARTESIAN_POINT ( 'NONE',  ( 327.7690857907003900, 88.21226084342758600, -30.52256193296999200 ) ) ;
#7396 = FACE_OUTER_BOUND ( 'NONE', #5330, .T. ) ;
#7397 = B_SPLINE_CURVE_WITH_KNOTS ( 'NONE', 3,
 ( #5140, #3383, #541, #5114, #3916, #7406, #1667, #2213, #521, #5700 ),
 .UNSPECIFIED., .F., .F.,
 ( 4, 2, 2, 2, 4 ),
 ( 0.0000000000000000000, 0.1250000000000000000, 0.2500000000000000000, 0.3750000000000000000, 0.5000000000000000000 ),
 .UNSPECIFIED. ) ;
#7398 = ORIENTED_EDGE ( 'NONE', *, *, #1744, .F. ) ;
#7399 = ORIENTED_EDGE ( 'NONE', *, *, #4725, .F. ) ;
#7400 = EDGE_LOOP ( 'NONE', ( #3480, #4800, #110, #5570 ) ) ;
#7401 = DIRECTION ( 'NONE',  ( 0.0000000000000000000, 0.0000000000000000000, 1.000000000000000000 ) ) ;
#7402 = CARTESIAN_POINT ( 'NONE',  ( 289.2298257703720300, 91.36770329258151000, -39.73461441022792000 ) ) ;
#7403 = EDGE_LOOP ( 'NONE', ( #2457, #4146, #6484, #4634 ) ) ;
#7404 = CARTESIAN_POINT ( 'NONE',  ( 326.1613057688290400, 92.65471868644176800, -54.00121924746599000 ) ) ;
#7405 = CARTESIAN_POINT ( 'NONE',  ( 275.6089960491697200, 90.93639532793685000, -39.54620221094175700 ) ) ;
#7406 = CARTESIAN_POINT ( 'NONE',  ( 321.9101500313970000, 87.04085002963991300, -40.70419573568266700 ) ) ;
#7407 = CARTESIAN_POINT ( 'NONE',  ( 272.1004084275349400, 88.20662620019086800, -30.52256193296999200 ) ) ;
#7408 = ADVANCED_FACE ( 'NONE', ( #2910 ), #4418, .T. ) ;
#7409 = DIRECTION ( 'NONE',  ( 0.05233755903066383800, 0.9986294507547390800, -5.408102103203025600E-013 ) ) ;
#7410 = ORIENTED_EDGE ( 'NONE', *, *, #4356, .F. ) ;
#7411 = DIRECTION ( 'NONE',  ( 0.0000000000000000000, -0.4687047142347728900, -0.8833549065093259100 ) ) ;
#7412 = CARTESIAN_POINT ( 'NONE',  ( 328.2161545556123800, 88.50834104404928800, -47.59152707261163300 ) ) ;
#7413 = CARTESIAN_POINT ( 'NONE',  ( 273.8063022822294700, 92.56120601809526200, -54.11724706630948800 ) ) ;
#7414 = CARTESIAN_POINT ( 'NONE',  ( 290.1824593180167500, 91.38628189111692300, -45.73104485401198400 ) ) ;
#7415 = ORIENTED_EDGE ( 'NONE', *, *, #7032, .T. ) ;
#7416 = EDGE_CURVE ( 'NONE', #2532, #5958, #5229, .T. ) ;
#7417 = CARTESIAN_POINT ( 'NONE',  ( 305.6622472878529500, 97.99999999999941700, -45.30807779752972700 ) ) ;
#7418 = VERTEX_POINT ( 'NONE', #2015 ) ;
#7419 = CARTESIAN_POINT ( 'NONE',  ( 284.2307149544350300, 89.98920130200706100, -25.20757217849385200 ) ) ;
#7420 = CARTESIAN_POINT ( 'NONE',  ( 273.0214358953487600, 89.11153220114871900, -52.31828730621932500 ) ) ;
#7421 = CARTESIAN_POINT ( 'NONE',  ( 299.9999972479878400, 93.04259395005242100, -53.98439982557882600 ) ) ;
#7422 = ORIENTED_EDGE ( 'NONE', *, *, #6983, .T. ) ;
#7423 = VERTEX_POINT ( 'NONE', #1441 ) ;
#7424 = CARTESIAN_POINT ( 'NONE',  ( 328.0492865155091000, 89.73950212650049700, -54.76360394844856200 ) ) ;
#7425 = CARTESIAN_POINT ( 'NONE',  ( 327.4037902571000700, 91.10816917632999400, -25.28537934418999800 ) ) ;
#7426 = CARTESIAN_POINT ( 'NONE',  ( 327.7693346828656300, 87.63380165710715600, -30.52256228126452300 ) ) ;
#7427 = FACE_BOUND ( 'NONE', #3859, .T. ) ;
#7428 = DIRECTION ( 'NONE',  ( 0.0000000000000000000, 0.0000000000000000000, -1.000000000000000000 ) ) ;
#7429 = CARTESIAN_POINT ( 'NONE',  ( 304.5775430417414800, 94.76874564476017300, -45.07786274104286400 ) ) ;
#7430 = DIRECTION ( 'NONE',  ( 4.953654485822782700E-007, -0.5674659259609766700, -0.8233968805339292300 ) ) ;
#7431 = ORIENTED_EDGE ( 'NONE', *, *, #5407, .T. ) ;
#7432 = NEXT_ASSEMBLY_USAGE_OCCURRENCE ( 'NAUO1', ' ', ' ', #2849, #4020, $ ) ;
#7433 = NEXT_ASSEMBLY_USAGE_OCCURRENCE ( 'NAUO2', ' ', ' ', #2849, #2234, $ ) ;
ENDSEC;
END-ISO-10303-21;
