ISO-10303-21;
HEADER;
FILE_DESCRIPTION((''),'2;1');
FILE_NAME('MANIFOLD_SOLID_BREP_92418','2020-06-11T',('Administrator'),(''),
'PRO/ENGINEER BY PARAMETRIC TECHNOLOGY CORPORATION, 2009360',
'PRO/ENGINEER BY PARAMETRIC TECHNOLOGY CORPORATION, 2009360','');
FILE_SCHEMA(('CONFIG_CONTROL_DESIGN'));
ENDSEC;
DATA;
#2=DIRECTION('',(0.E0,-1.E0,0.E0));
#3=VECTOR('',#2,4.999009867715E0);
#4=CARTESIAN_POINT('',(2.899999984758E2,9.816799259896E0,-5.694533918449E1));
#5=LINE('',#4,#3);
#6=DIRECTION('',(0.E0,5.812381937191E-1,-8.137334712067E-1));
#7=VECTOR('',#6,8.602325267043E-1);
#8=CARTESIAN_POINT('',(2.899999984758E2,7.816799259896E0,-5.814533918449E1));
#9=LINE('',#8,#7);
#10=DIRECTION('',(0.E0,1.E0,0.E0));
#11=VECTOR('',#10,1.E0);
#12=CARTESIAN_POINT('',(2.899999984758E2,8.316799259896E0,-5.884533918449E1));
#13=LINE('',#12,#11);
#14=DIRECTION('',(0.E0,5.812381937191E-1,8.137334712067E-1));
#15=VECTOR('',#14,8.602325267042E-1);
#16=CARTESIAN_POINT('',(2.899999984758E2,9.316799259896E0,-5.884533918449E1));
#17=LINE('',#16,#15);
#18=DIRECTION('',(1.E0,0.E0,0.E0));
#19=VECTOR('',#18,2.E1);
#20=CARTESIAN_POINT('',(2.899999984758E2,4.817789392181E0,-5.694533918449E1));
#21=LINE('',#20,#19);
#22=DIRECTION('',(0.E0,-1.E0,0.E0));
#23=VECTOR('',#22,1.5E0);
#24=CARTESIAN_POINT('',(2.889999984758E2,6.317789392181E0,-5.694533918449E1));
#25=LINE('',#24,#23);
#26=DIRECTION('',(1.E0,0.E0,0.E0));
#27=VECTOR('',#26,1.448949305732E1);
#28=CARTESIAN_POINT('',(2.745105054185E2,4.817789392181E0,-5.694533918449E1));
#29=LINE('',#28,#27);
#30=DIRECTION('',(0.E0,1.E0,0.E0));
#31=VECTOR('',#30,9.679759932289E1);
#32=CARTESIAN_POINT('',(2.745105054185E2,-9.197980993071E1,-5.694533918449E1));
#33=LINE('',#32,#31);
#34=DIRECTION('',(0.E0,1.E0,0.E0));
#35=VECTOR('',#34,9.679759932289E1);
#36=CARTESIAN_POINT('',(3.255105054185E2,-9.197980993071E1,-5.694533918449E1));
#37=LINE('',#36,#35);
#38=DIRECTION('',(1.E0,0.E0,0.E0));
#39=VECTOR('',#38,1.451050694268E1);
#40=CARTESIAN_POINT('',(3.109999984758E2,4.817789392181E0,-5.694533918449E1));
#41=LINE('',#40,#39);
#42=DIRECTION('',(0.E0,1.E0,0.E0));
#43=VECTOR('',#42,1.5E0);
#44=CARTESIAN_POINT('',(3.109999984758E2,4.817789392181E0,-5.694533918449E1));
#45=LINE('',#44,#43);
#46=DIRECTION('',(1.E0,0.E0,0.E0));
#47=VECTOR('',#46,1.305114239073E1);
#48=CARTESIAN_POINT('',(3.109999984758E2,6.317789392181E0,-5.694533918449E1));
#49=LINE('',#48,#47);
#50=CARTESIAN_POINT('',(3.270506839520E2,3.318246306712E0,-5.694533918449E1));
#51=CARTESIAN_POINT('',(3.270506839520E2,3.818170154290E0,-5.694533918449E1));
#52=CARTESIAN_POINT('',(3.268337280814E2,4.601061978755E0,-5.694533918449E1));
#53=CARTESIAN_POINT('',(3.262163691481E2,5.483474588276E0,-5.694533918449E1));
#54=CARTESIAN_POINT('',(3.253339565386E2,6.100833521490E0,-5.694533918449E1));
#55=CARTESIAN_POINT('',(3.245510647142E2,6.317789392181E0,-5.694533918449E1));
#56=CARTESIAN_POINT('',(3.240511408666E2,6.317789392181E0,-5.694533918449E1));
#58=DIRECTION('',(0.E0,-1.E0,0.E0));
#59=VECTOR('',#58,8.501434253223E1);
#60=CARTESIAN_POINT('',(3.270506839520E2,3.318246306712E0,-5.694533918449E1));
#61=LINE('',#60,#59);
#62=DIRECTION('',(-1.E0,-1.184237892934E-14,0.E0));
#63=VECTOR('',#62,1.2E0);
#64=CARTESIAN_POINT('',(3.282506839520E2,-8.169609622552E1,-5.694533918449E1));
#65=LINE('',#64,#63);
#66=DIRECTION('',(0.E0,1.E0,0.E0));
#67=VECTOR('',#66,1.178462802164E1);
#68=CARTESIAN_POINT('',(3.282506839520E2,-9.348072424716E1,-5.694533918449E1));
#69=LINE('',#68,#67);
#70=DIRECTION('',(0.E0,-1.E0,0.E0));
#71=VECTOR('',#70,1.178462802164E1);
#72=CARTESIAN_POINT('',(2.717493129996E2,-8.169609622552E1,-5.694533918449E1));
#73=LINE('',#72,#71);
#74=CARTESIAN_POINT('',(2.759488560851E2,6.317789392181E0,-5.694533918449E1));
#75=CARTESIAN_POINT('',(2.754489322375E2,6.317789392181E0,-5.694533918449E1));
#76=CARTESIAN_POINT('',(2.746660404131E2,6.100833521490E0,-5.694533918449E1));
#77=CARTESIAN_POINT('',(2.737836278036E2,5.483474588276E0,-5.694533918449E1));
#78=CARTESIAN_POINT('',(2.731662688703E2,4.601061978755E0,-5.694533918449E1));
#79=CARTESIAN_POINT('',(2.729493129996E2,3.818170154290E0,-5.694533918449E1));
#80=CARTESIAN_POINT('',(2.729493129996E2,3.318246306712E0,-5.694533918449E1));
#82=DIRECTION('',(1.E0,0.E0,0.E0));
#83=VECTOR('',#82,1.305114239073E1);
#84=CARTESIAN_POINT('',(2.759488560851E2,6.317789392181E0,-5.694533918449E1));
#85=LINE('',#84,#83);
#86=DIRECTION('',(1.E0,0.E0,0.E0));
#87=VECTOR('',#86,2.E1);
#88=CARTESIAN_POINT('',(2.899999984758E2,9.816799259896E0,-5.814533918449E1));
#89=LINE('',#88,#87);
#90=DIRECTION('',(0.E0,0.E0,-1.E0));
#91=VECTOR('',#90,1.2E0);
#92=CARTESIAN_POINT('',(3.099999984758E2,9.816799259896E0,-5.694533918449E1));
#93=LINE('',#92,#91);
#94=DIRECTION('',(1.E0,0.E0,0.E0));
#95=VECTOR('',#94,2.E1);
#96=CARTESIAN_POINT('',(2.899999984758E2,9.816799259896E0,-5.694533918449E1));
#97=LINE('',#96,#95);
#98=DIRECTION('',(0.E0,0.E0,1.E0));
#99=VECTOR('',#98,1.2E0);
#100=CARTESIAN_POINT('',(2.899999984758E2,9.816799259896E0,-5.814533918449E1));
#101=LINE('',#100,#99);
#102=DIRECTION('',(1.E0,0.E0,0.E0));
#103=VECTOR('',#102,2.E1);
#104=CARTESIAN_POINT('',(2.899999984758E2,9.316799259896E0,-5.884533918449E1));
#105=LINE('',#104,#103);
#106=DIRECTION('',(1.E0,0.E0,0.E0));
#107=VECTOR('',#106,2.E1);
#108=CARTESIAN_POINT('',(2.899999984758E2,8.316799259896E0,-5.884533918449E1));
#109=LINE('',#108,#107);
#110=DIRECTION('',(1.E0,0.E0,0.E0));
#111=VECTOR('',#110,2.E1);
#112=CARTESIAN_POINT('',(2.899999984758E2,6.296843314267E0,-5.814533918449E1));
#113=LINE('',#112,#111);
#114=DIRECTION('',(0.E0,1.E0,0.E0));
#115=VECTOR('',#114,1.519955945628E0);
#116=CARTESIAN_POINT('',(3.099999984758E2,6.296843314267E0,-5.814533918449E1));
#117=LINE('',#116,#115);
#118=DIRECTION('',(1.E0,0.E0,0.E0));
#119=VECTOR('',#118,2.E1);
#120=CARTESIAN_POINT('',(2.899999984758E2,7.816799259896E0,-5.814533918449E1));
#121=LINE('',#120,#119);
#122=DIRECTION('',(0.E0,-1.E0,0.E0));
#123=VECTOR('',#122,1.519955945628E0);
#124=CARTESIAN_POINT('',(2.899999984758E2,7.816799259896E0,-5.814533918449E1));
#125=LINE('',#124,#123);
#126=DIRECTION('',(1.E0,0.E0,0.E0));
#127=VECTOR('',#126,1.E0);
#128=CARTESIAN_POINT('',(2.889999984758E2,6.252840541072E0,-6.066625637249E1));
#129=LINE('',#128,#127);
#130=DIRECTION('',(0.E0,-1.745240643728E-2,-9.998476951564E-1));
#131=VECTOR('',#130,3.721483988037E0);
#132=CARTESIAN_POINT('',(2.889999984758E2,6.317789392181E0,-5.694533918449E1));
#133=LINE('',#132,#131);
#134=DIRECTION('',(1.744974916068E-2,-1.744974916068E-2,-9.996954598819E-1));
#135=VECTOR('',#134,5.522599040964E0);
#136=CARTESIAN_POINT('',(2.759488560851E2,6.317789392181E0,-5.694533918449E1));
#137=LINE('',#136,#135);
#138=DIRECTION('',(-1.744974916067E-2,-1.744974916068E-2,-9.996954598819E-1));
#139=VECTOR('',#138,5.522599040964E0);
#140=CARTESIAN_POINT('',(3.240511408666E2,6.317789392181E0,-5.694533918449E1));
#141=LINE('',#140,#139);
#142=DIRECTION('',(0.E0,-1.745240643728E-2,-9.998476951564E-1));
#143=VECTOR('',#142,3.721483988037E0);
#144=CARTESIAN_POINT('',(3.109999984758E2,6.317789392181E0,-5.694533918449E1));
#145=LINE('',#144,#143);
#146=DIRECTION('',(1.E0,0.E0,1.421085471520E-14));
#147=VECTOR('',#146,1.E0);
#148=CARTESIAN_POINT('',(3.099999984758E2,6.252840541072E0,-6.066625637249E1));
#149=LINE('',#148,#147);
#150=DIRECTION('',(0.E0,-1.745240643728E-2,-9.998476951564E-1));
#151=VECTOR('',#150,2.521301194384E0);
#152=CARTESIAN_POINT('',(3.099999984758E2,6.296843314267E0,-5.814533918449E1));
#153=LINE('',#152,#151);
#154=DIRECTION('',(0.E0,-1.745240643728E-2,-9.998476951564E-1));
#155=VECTOR('',#154,2.521301194384E0);
#156=CARTESIAN_POINT('',(2.899999984758E2,6.296843314267E0,-5.814533918449E1));
#157=LINE('',#156,#155);
#158=DIRECTION('',(0.E0,-1.E0,0.E0));
#159=VECTOR('',#158,1.435051148891E0);
#160=CARTESIAN_POINT('',(3.099999984758E2,6.252840541072E0,-6.066625637249E1));
#161=LINE('',#160,#159);
#162=DIRECTION('',(0.E0,1.E0,0.E0));
#163=VECTOR('',#162,1.435051148891E0);
#164=CARTESIAN_POINT('',(3.109999984758E2,4.817789392181E0,-6.066625637249E1));
#165=LINE('',#164,#163);
#166=DIRECTION('',(-1.E0,0.E0,0.E0));
#167=VECTOR('',#166,5.1E1);
#168=CARTESIAN_POINT('',(3.255105054185E2,-7.426527056321E1,-6.066625637249E1));
#169=LINE('',#168,#167);
#170=DIRECTION('',(0.E0,-1.E0,0.E0));
#171=VECTOR('',#170,1.435051148891E0);
#172=CARTESIAN_POINT('',(2.889999984758E2,6.252840541072E0,-6.066625637249E1));
#173=LINE('',#172,#171);
#174=DIRECTION('',(0.E0,1.E0,0.E0));
#175=VECTOR('',#174,1.435051148891E0);
#176=CARTESIAN_POINT('',(2.899999984758E2,4.817789392181E0,-6.066625637249E1));
#177=LINE('',#176,#175);
#178=DIRECTION('',(0.E0,0.E0,1.E0));
#179=VECTOR('',#178,3.720917188E0);
#180=CARTESIAN_POINT('',(2.899999984758E2,4.817789392181E0,-6.066625637249E1));
#181=LINE('',#180,#179);
#182=DIRECTION('',(0.E0,0.E0,1.E0));
#183=VECTOR('',#182,3.720917188E0);
#184=CARTESIAN_POINT('',(3.099999984758E2,4.817789392181E0,-6.066625637249E1));
#185=LINE('',#184,#183);
#186=DIRECTION('',(1.E0,0.E0,0.E0));
#187=VECTOR('',#186,2.E1);
#188=CARTESIAN_POINT('',(2.899999984758E2,4.817789392181E0,-6.066625637249E1));
#189=LINE('',#188,#187);
#190=DIRECTION('',(0.E0,0.E0,1.E0));
#191=VECTOR('',#190,3.720917188E0);
#192=CARTESIAN_POINT('',(2.889999984758E2,4.817789392181E0,-6.066625637249E1));
#193=LINE('',#192,#191);
#194=DIRECTION('',(9.999999999995E-1,0.E0,-1.044510581171E-6));
#195=VECTOR('',#194,1.448949305732E1);
#196=CARTESIAN_POINT('',(2.745105054185E2,4.817789392181E0,-6.066624123806E1));
#197=LINE('',#196,#195);
#198=DIRECTION('',(0.E0,0.E0,1.E0));
#199=VECTOR('',#198,3.720917188E0);
#200=CARTESIAN_POINT('',(3.109999984758E2,4.817789392181E0,-6.066625637249E1));
#201=LINE('',#200,#199);
#202=DIRECTION('',(9.999999999995E-1,0.E0,1.042997936581E-6));
#203=VECTOR('',#202,1.451050694269E1);
#204=CARTESIAN_POINT('',(3.109999984758E2,4.817789392181E0,-6.066625637249E1));
#205=LINE('',#204,#203);
#206=DIRECTION('',(0.E0,1.E0,0.E0));
#207=VECTOR('',#206,4.999009867715E0);
#208=CARTESIAN_POINT('',(3.099999984758E2,4.817789392181E0,-5.694533918449E1));
#209=LINE('',#208,#207);
#210=DIRECTION('',(0.E0,5.812381937191E-1,8.137334712067E-1));
#211=VECTOR('',#210,8.602325267043E-1);
#212=CARTESIAN_POINT('',(3.099999984758E2,9.316799259896E0,-5.884533918449E1));
#213=LINE('',#212,#211);
#214=DIRECTION('',(0.E0,1.E0,0.E0));
#215=VECTOR('',#214,1.E0);
#216=CARTESIAN_POINT('',(3.099999984758E2,8.316799259896E0,-5.884533918449E1));
#217=LINE('',#216,#215);
#218=DIRECTION('',(0.E0,5.812381937191E-1,-8.137334712067E-1));
#219=VECTOR('',#218,8.602325267043E-1);
#220=CARTESIAN_POINT('',(3.099999984758E2,7.816799259896E0,-5.814533918449E1));
#221=LINE('',#220,#219);
#222=DIRECTION('',(0.E0,0.E0,1.E0));
#223=VECTOR('',#222,3.720902053571E0);
#224=CARTESIAN_POINT('',(2.745105054185E2,4.817789392181E0,-6.066624123806E1));
#225=LINE('',#224,#223);
#226=DIRECTION('',(0.E0,1.E0,1.913738394774E-7));
#227=VECTOR('',#226,7.908305995540E1);
#228=CARTESIAN_POINT('',(2.745105054185E2,-7.426527056321E1,-6.066625637249E1));
#229=LINE('',#228,#227);
#230=DIRECTION('',(0.E0,9.961946983533E-1,-8.715573975814E-2));
#231=VECTOR('',#230,1.770586685171E1);
#232=CARTESIAN_POINT('',(2.745105054185E2,-9.190376125063E1,-5.912308844897E1));
#233=LINE('',#232,#231);
#234=DIRECTION('',(0.E0,3.489949670249E-2,-9.993908270191E-1));
#235=VECTOR('',#234,2.179076699129E0);
#236=CARTESIAN_POINT('',(2.745105054185E2,-9.197980993071E1,-5.694533918449E1));
#237=LINE('',#236,#235);
#238=DIRECTION('',(-1.E0,0.E0,0.E0));
#239=VECTOR('',#238,5.1E1);
#240=CARTESIAN_POINT('',(3.255105054185E2,-9.190376125063E1,-5.912308844897E1));
#241=LINE('',#240,#239);
#242=DIRECTION('',(0.E0,0.E0,1.E0));
#243=VECTOR('',#242,3.720902053571E0);
#244=CARTESIAN_POINT('',(3.255105054185E2,4.817789392181E0,-6.066624123806E1));
#245=LINE('',#244,#243);
#246=DIRECTION('',(0.E0,3.489949670249E-2,-9.993908270191E-1));
#247=VECTOR('',#246,2.179076699129E0);
#248=CARTESIAN_POINT('',(3.255105054185E2,-9.197980993071E1,-5.694533918449E1));
#249=LINE('',#248,#247);
#250=DIRECTION('',(0.E0,9.961946983533E-1,-8.715573975814E-2));
#251=VECTOR('',#250,1.770586685171E1);
#252=CARTESIAN_POINT('',(3.255105054185E2,-9.190376125063E1,-5.912308844897E1));
#253=LINE('',#252,#251);
#254=DIRECTION('',(0.E0,1.E0,1.913738394774E-7));
#255=VECTOR('',#254,7.908305995540E1);
#256=CARTESIAN_POINT('',(3.255105054185E2,-7.426527056321E1,-6.066625637249E1));
#257=LINE('',#256,#255);
#258=DIRECTION('',(-1.E0,0.E0,0.E0));
#259=VECTOR('',#258,5.1E1);
#260=CARTESIAN_POINT('',(3.255105054185E2,-9.197980993071E1,-5.694533918449E1));
#261=LINE('',#260,#259);
#262=CARTESIAN_POINT('',(2.730456809676E2,3.221878338732E0,-6.246625637249E1));
#263=CARTESIAN_POINT('',(2.730456809676E2,3.721802186310E0,-6.246625637249E1));
#264=CARTESIAN_POINT('',(2.732626368383E2,4.504694010776E0,-6.246625637249E1));
#265=CARTESIAN_POINT('',(2.738799957715E2,5.387106620296E0,-6.246625637249E1));
#266=CARTESIAN_POINT('',(2.747624083811E2,6.004465553510E0,-6.246625637249E1));
#267=CARTESIAN_POINT('',(2.755453002055E2,6.221421424201E0,-6.246625637249E1));
#268=CARTESIAN_POINT('',(2.760452240531E2,6.221421424201E0,-6.246625637249E1));
#270=DIRECTION('',(-1.E0,0.E0,0.E0));
#271=VECTOR('',#270,5.390863501644E1);
#272=CARTESIAN_POINT('',(3.269543159841E2,-7.434386025774E1,-6.246625637249E1));
#273=LINE('',#272,#271);
#274=CARTESIAN_POINT('',(3.239547728986E2,6.221421424201E0,-6.246625637249E1));
#275=CARTESIAN_POINT('',(3.244546967462E2,6.221421424201E0,-6.246625637249E1));
#276=CARTESIAN_POINT('',(3.252375885706E2,6.004465553510E0,-6.246625637249E1));
#277=CARTESIAN_POINT('',(3.261200011802E2,5.387106620296E0,-6.246625637249E1));
#278=CARTESIAN_POINT('',(3.267373601134E2,4.504694010776E0,-6.246625637249E1));
#279=CARTESIAN_POINT('',(3.269543159841E2,3.721802186311E0,-6.246625637249E1));
#280=CARTESIAN_POINT('',(3.269543159841E2,3.221878338732E0,-6.246625637249E1));
#282=DIRECTION('',(-1.E0,0.E0,0.E0));
#283=VECTOR('',#282,4.790954884550E1);
#284=CARTESIAN_POINT('',(3.239547728986E2,6.221421424201E0,-6.246625637249E1));
#285=LINE('',#284,#283);
#286=CARTESIAN_POINT('',(3.167999984758E2,-2.217010773639E1,-6.246625637249E1));
#287=DIRECTION('',(0.E0,0.E0,-1.E0));
#288=DIRECTION('',(-1.750323369650E-13,1.E0,0.E0));
#289=AXIS2_PLACEMENT_3D('',#286,#287,#288);
#291=CARTESIAN_POINT('',(2.831999984758E2,-2.217010773639E1,-6.246625637249E1));
#292=DIRECTION('',(0.E0,0.E0,1.E0));
#293=DIRECTION('',(1.750323369650E-13,1.E0,0.E0));
#294=AXIS2_PLACEMENT_3D('',#291,#292,#293);
#296=CARTESIAN_POINT('',(3.167999984758E2,-3.217010773639E1,-6.246625637249E1));
#297=DIRECTION('',(0.E0,0.E0,-1.E0));
#298=DIRECTION('',(-1.750323369650E-13,1.E0,0.E0));
#299=AXIS2_PLACEMENT_3D('',#296,#297,#298);
#301=CARTESIAN_POINT('',(2.831999984758E2,-3.217010773639E1,-6.246625637249E1));
#302=DIRECTION('',(0.E0,0.E0,1.E0));
#303=DIRECTION('',(1.750323369650E-13,1.E0,0.E0));
#304=AXIS2_PLACEMENT_3D('',#301,#302,#303);
#306=CARTESIAN_POINT('',(3.167999984758E2,-3.717010773639E1,-6.246625637249E1));
#307=DIRECTION('',(0.E0,0.E0,-1.E0));
#308=DIRECTION('',(-2.187904212063E-13,1.E0,0.E0));
#309=AXIS2_PLACEMENT_3D('',#306,#307,#308);
#311=CARTESIAN_POINT('',(2.831999984758E2,-3.717010773639E1,-6.246625637249E1));
#312=DIRECTION('',(0.E0,0.E0,1.E0));
#313=DIRECTION('',(2.187904212063E-13,1.E0,0.E0));
#314=AXIS2_PLACEMENT_3D('',#311,#312,#313);
#316=CARTESIAN_POINT('',(3.167999984758E2,-2.717010773639E1,-6.246625637249E1));
#317=DIRECTION('',(0.E0,0.E0,-1.E0));
#318=DIRECTION('',(-1.750323369650E-13,1.E0,0.E0));
#319=AXIS2_PLACEMENT_3D('',#316,#317,#318);
#321=CARTESIAN_POINT('',(2.831999984758E2,-2.717010773639E1,-6.246625637249E1));
#322=DIRECTION('',(0.E0,0.E0,1.E0));
#323=DIRECTION('',(1.750323369650E-13,1.E0,0.E0));
#324=AXIS2_PLACEMENT_3D('',#321,#322,#323);
#326=CARTESIAN_POINT('',(3.167999984758E2,-1.717010773639E1,-6.246625637249E1));
#327=DIRECTION('',(0.E0,0.E0,-1.E0));
#328=DIRECTION('',(3.063065896888E-13,1.E0,0.E0));
#329=AXIS2_PLACEMENT_3D('',#326,#327,#328);
#331=CARTESIAN_POINT('',(2.831999984758E2,-1.717010773639E1,-6.246625637249E1));
#332=DIRECTION('',(0.E0,0.E0,1.E0));
#333=DIRECTION('',(-3.063065896888E-13,1.E0,0.E0));
#334=AXIS2_PLACEMENT_3D('',#331,#332,#333);
#336=CARTESIAN_POINT('',(3.167999984758E2,-1.217010773639E1,-6.246625637249E1));
#337=DIRECTION('',(0.E0,0.E0,-1.E0));
#338=DIRECTION('',(-1.750323369650E-13,1.E0,0.E0));
#339=AXIS2_PLACEMENT_3D('',#336,#337,#338);
#341=CARTESIAN_POINT('',(2.831999984758E2,-1.217010773639E1,-6.246625637249E1));
#342=DIRECTION('',(0.E0,0.E0,1.E0));
#343=DIRECTION('',(1.750323369650E-13,1.E0,0.E0));
#344=AXIS2_PLACEMENT_3D('',#341,#342,#343);
#346=CARTESIAN_POINT('',(3.21E2,-4.693532131947E1,-6.246625637249E1));
#347=DIRECTION('',(0.E0,0.E0,-1.E0));
#348=DIRECTION('',(1.E0,-1.625544268034E-14,0.E0));
#349=AXIS2_PLACEMENT_3D('',#346,#347,#348);
#351=DIRECTION('',(0.E0,1.E0,0.E0));
#352=VECTOR('',#351,5.E0);
#353=CARTESIAN_POINT('',(3.214371106649E2,-4.693532131947E1,-6.246625637249E1));
#354=LINE('',#353,#352);
#355=CARTESIAN_POINT('',(3.21E2,-4.193532131947E1,-6.246625637249E1));
#356=DIRECTION('',(0.E0,0.E0,-1.E0));
#357=DIRECTION('',(0.E0,1.E0,0.E0));
#358=AXIS2_PLACEMENT_3D('',#355,#356,#357);
#360=DIRECTION('',(-1.E0,0.E0,0.E0));
#361=VECTOR('',#360,1.E1);
#362=CARTESIAN_POINT('',(3.21E2,-4.149821065461E1,-6.246625637249E1));
#363=LINE('',#362,#361);
#364=CARTESIAN_POINT('',(3.11E2,-4.193532131947E1,-6.246625637249E1));
#365=DIRECTION('',(0.E0,0.E0,-1.E0));
#366=DIRECTION('',(-1.E0,0.E0,0.E0));
#367=AXIS2_PLACEMENT_3D('',#364,#365,#366);
#369=DIRECTION('',(0.E0,-1.E0,0.E0));
#370=VECTOR('',#369,5.E0);
#371=CARTESIAN_POINT('',(3.105628893351E2,-4.193532131947E1,-6.246625637249E1));
#372=LINE('',#371,#370);
#373=CARTESIAN_POINT('',(3.11E2,-4.693532131947E1,-6.246625637249E1));
#374=DIRECTION('',(0.E0,0.E0,-1.E0));
#375=DIRECTION('',(0.E0,-1.E0,0.E0));
#376=AXIS2_PLACEMENT_3D('',#373,#374,#375);
#378=DIRECTION('',(1.E0,0.E0,0.E0));
#379=VECTOR('',#378,1.E1);
#380=CARTESIAN_POINT('',(3.11E2,-4.737243198433E1,-6.246625637249E1));
#381=LINE('',#380,#379);
#382=DIRECTION('',(-1.E0,0.E0,0.E0));
#383=VECTOR('',#382,1.E1);
#384=CARTESIAN_POINT('',(3.21E2,-4.799821065461E1,-6.246625637249E1));
#385=LINE('',#384,#383);
#386=DIRECTION('',(0.E0,1.E0,0.E0));
#387=VECTOR('',#386,5.E0);
#388=CARTESIAN_POINT('',(3.099371106649E2,-4.693532131947E1,-6.246625637249E1));
#389=LINE('',#388,#387);
#390=DIRECTION('',(1.E0,0.E0,0.E0));
#391=VECTOR('',#390,1.E1);
#392=CARTESIAN_POINT('',(3.11E2,-4.087243198433E1,-6.246625637249E1));
#393=LINE('',#392,#391);
#394=DIRECTION('',(0.E0,-1.E0,0.E0));
#395=VECTOR('',#394,5.E0);
#396=CARTESIAN_POINT('',(3.220628893351E2,-4.193532131947E1,-6.246625637249E1));
#397=LINE('',#396,#395);
#398=DIRECTION('',(1.744974916068E-2,-1.744974916069E-2,-9.996954598819E-1));
#399=VECTOR('',#398,5.522599040964E0);
#400=CARTESIAN_POINT('',(2.729493129996E2,3.318246306712E0,-5.694533918449E1));
#401=LINE('',#400,#399);
#402=DIRECTION('',(0.E0,-1.E0,0.E0));
#403=VECTOR('',#402,8.501434253223E1);
#404=CARTESIAN_POINT('',(2.729493129996E2,3.318246306712E0,-5.694533918449E1));
#405=LINE('',#404,#403);
#406=DIRECTION('',(-1.744974916062E-2,1.744974916068E-2,9.996954598819E-1));
#407=VECTOR('',#406,8.505962913880E-1);
#408=CARTESIAN_POINT('',(2.729641556916E2,-8.171093891744E1,-5.779567643518E1));
#409=LINE('',#408,#407);
#410=DIRECTION('',(-4.569202846477E-4,9.996572206232E-1,2.617694557531E-2));
#411=VECTOR('',#410,1.007947378950E1);
#412=CARTESIAN_POINT('',(2.729687612076E2,-9.178695767119E1,-5.805952627199E1));
#413=LINE('',#412,#411);
#414=DIRECTION('',(-1.521307335903E-3,-9.961935455681E-1,8.715563890250E-2));
#415=VECTOR('',#414,1.750974746930E1);
#416=CARTESIAN_POINT('',(2.730456809676E2,-7.434386025774E1,-6.246625637249E1));
#417=LINE('',#416,#415);
#418=DIRECTION('',(0.E0,1.E0,0.E0));
#419=VECTOR('',#418,7.756573859648E1);
#420=CARTESIAN_POINT('',(2.730456809676E2,-7.434386025774E1,-6.246625637249E1));
#421=LINE('',#420,#419);
#422=DIRECTION('',(-1.E0,0.E0,0.E0));
#423=VECTOR('',#422,1.2E0);
#424=CARTESIAN_POINT('',(2.729641556916E2,-8.171093891744E1,-5.779567643518E1));
#425=LINE('',#424,#423);
#426=DIRECTION('',(1.E0,0.E0,0.E0));
#427=VECTOR('',#426,1.2E0);
#428=CARTESIAN_POINT('',(2.717493129996E2,-8.169609622552E1,-5.694533918449E1));
#429=LINE('',#428,#427);
#430=DIRECTION('',(-1.744974916062E-2,1.744974916068E-2,9.996954598819E-1));
#431=VECTOR('',#430,8.505962913880E-1);
#432=CARTESIAN_POINT('',(2.717641556916E2,-8.171093891744E1,-5.779567643518E1));
#433=LINE('',#432,#431);
#434=DIRECTION('',(-1.E0,0.E0,0.E0));
#435=VECTOR('',#434,1.2E0);
#436=CARTESIAN_POINT('',(2.729687612076E2,-9.178695767119E1,-5.805952627199E1));
#437=LINE('',#436,#435);
#438=DIRECTION('',(-1.745240643728E-2,0.E0,9.998476951564E-1));
#439=VECTOR('',#438,2.881095677610E0);
#440=CARTESIAN_POINT('',(2.718190432604E2,-9.178695767119E1,-6.094018314478E1));
#441=LINE('',#440,#439);
#442=DIRECTION('',(1.745240643728E-2,0.E0,-9.998476951564E-1));
#443=VECTOR('',#442,2.881095677610E0);
#444=CARTESIAN_POINT('',(2.729687612076E2,-9.178695767119E1,-5.805952627199E1));
#445=LINE('',#444,#443);
#446=DIRECTION('',(-1.744177813810E-2,-3.489418781262E-2,9.992388003037E-1));
#447=VECTOR('',#446,3.427804756339E0);
#448=CARTESIAN_POINT('',(2.718091000097E2,-9.336111378421E1,-6.037053469689E1));
#449=LINE('',#448,#447);
#450=CARTESIAN_POINT('',(2.718173219501E2,-9.291411859145E1,-6.084156934569E1));
#451=CARTESIAN_POINT('',(2.718171020965E2,-9.305808470038E1,-6.082897394367E1));
#452=CARTESIAN_POINT('',(2.718150163696E2,-9.324662803529E1,-6.070948272647E1));
#453=CARTESIAN_POINT('',(2.718116206293E2,-9.335607100867E1,-6.051494089447E1));
#454=CARTESIAN_POINT('',(2.718091000097E2,-9.336111378421E1,-6.037053469689E1));
#456=DIRECTION('',(-1.521307335880E-3,-9.961935455681E-1,8.715563890249E-2));
#457=VECTOR('',#456,1.131467800882E0);
#458=CARTESIAN_POINT('',(2.718190432604E2,-9.178695767119E1,-6.094018314478E1));
#459=LINE('',#458,#457);
#460=DIRECTION('',(4.569202846477E-4,-9.996572206232E-1,-2.617694557531E-2));
#461=VECTOR('',#460,1.007947378950E1);
#462=CARTESIAN_POINT('',(2.717641556916E2,-8.171093891744E1,-5.779567643518E1));
#463=LINE('',#462,#461);
#464=DIRECTION('',(-1.E0,0.E0,0.E0));
#465=VECTOR('',#464,5.650137095240E1);
#466=CARTESIAN_POINT('',(3.282506839520E2,-9.348072424716E1,-5.694533918449E1));
#467=LINE('',#466,#465);
#468=DIRECTION('',(-1.744177813809E-2,3.489418781262E-2,-9.992388003037E-1));
#469=VECTOR('',#468,3.427804756339E0);
#470=CARTESIAN_POINT('',(3.282506839520E2,-9.348072424716E1,-5.694533918449E1));
#471=LINE('',#470,#469);
#472=DIRECTION('',(1.744974916068E-2,1.744974916068E-2,9.996954598819E-1));
#473=VECTOR('',#472,8.505962913880E-1);
#474=CARTESIAN_POINT('',(3.282358412601E2,-8.171093891744E1,-5.779567643518E1));
#475=LINE('',#474,#473);
#476=DIRECTION('',(4.569202846364E-4,9.996572206232E-1,2.617694557531E-2));
#477=VECTOR('',#476,1.007947378950E1);
#478=CARTESIAN_POINT('',(3.282312357441E2,-9.178695767119E1,-5.805952627199E1));
#479=LINE('',#478,#477);
#480=DIRECTION('',(-1.521307335930E-3,9.961935455681E-1,-8.715563890250E-2));
#481=VECTOR('',#480,1.131467800882E0);
#482=CARTESIAN_POINT('',(3.281826750016E2,-9.291411859145E1,-6.084156934569E1));
#483=LINE('',#482,#481);
#484=CARTESIAN_POINT('',(3.281908969420E2,-9.336111378421E1,-6.037053469689E1));
#485=CARTESIAN_POINT('',(3.281883763224E2,-9.335607100867E1,-6.051494089447E1));
#486=CARTESIAN_POINT('',(3.281849805821E2,-9.324662803529E1,-6.070948272647E1));
#487=CARTESIAN_POINT('',(3.281828948552E2,-9.305808470038E1,-6.082897394367E1));
#488=CARTESIAN_POINT('',(3.281826750016E2,-9.291411859145E1,-6.084156934569E1));
#490=DIRECTION('',(-1.E0,0.E0,0.E0));
#491=VECTOR('',#490,1.2E0);
#492=CARTESIAN_POINT('',(3.282358412601E2,-8.171093891744E1,-5.779567643518E1));
#493=LINE('',#492,#491);
#494=DIRECTION('',(1.744974916068E-2,1.744974916067E-2,9.996954598819E-1));
#495=VECTOR('',#494,8.505962913880E-1);
#496=CARTESIAN_POINT('',(3.270358412601E2,-8.171093891744E1,-5.779567643518E1));
#497=LINE('',#496,#495);
#498=DIRECTION('',(-1.744974916068E-2,-1.744974916068E-2,-9.996954598819E-1));
#499=VECTOR('',#498,5.522599040964E0);
#500=CARTESIAN_POINT('',(3.270506839520E2,3.318246306712E0,-5.694533918449E1));
#501=LINE('',#500,#499);
#502=DIRECTION('',(0.E0,-1.E0,0.E0));
#503=VECTOR('',#502,7.756573859648E1);
#504=CARTESIAN_POINT('',(3.269543159841E2,3.221878338732E0,-6.246625637249E1));
#505=LINE('',#504,#503);
#506=DIRECTION('',(-1.521307335906E-3,9.961935455681E-1,-8.715563890250E-2));
#507=VECTOR('',#506,1.750974746930E1);
#508=CARTESIAN_POINT('',(3.269809536913E2,-9.178695767119E1,-6.094018314478E1));
#509=LINE('',#508,#507);
#510=DIRECTION('',(-4.569202846364E-4,-9.996572206232E-1,-2.617694557531E-2));
#511=VECTOR('',#510,1.007947378950E1);
#512=CARTESIAN_POINT('',(3.270358412601E2,-8.171093891744E1,-5.779567643518E1));
#513=LINE('',#512,#511);
#514=DIRECTION('',(1.E0,0.E0,0.E0));
#515=VECTOR('',#514,1.2E0);
#516=CARTESIAN_POINT('',(3.269809536913E2,-9.178695767119E1,-6.094018314478E1));
#517=LINE('',#516,#515);
#518=DIRECTION('',(1.E0,0.E0,0.E0));
#519=VECTOR('',#518,1.2E0);
#520=CARTESIAN_POINT('',(2.718190432604E2,-9.178695767119E1,-6.094018314478E1));
#521=LINE('',#520,#519);
#522=DIRECTION('',(-1.E0,0.E0,0.E0));
#523=VECTOR('',#522,5.638179693227E1);
#524=CARTESIAN_POINT('',(3.281908969420E2,-9.336111378421E1,-6.037053469689E1));
#525=LINE('',#524,#523);
#526=DIRECTION('',(1.E0,0.E0,0.E0));
#527=VECTOR('',#526,5.636535305152E1);
#528=CARTESIAN_POINT('',(2.718173219501E2,-9.291411859145E1,-6.084156934569E1));
#529=LINE('',#528,#527);
#530=DIRECTION('',(-1.745240643728E-2,0.E0,-9.998476951564E-1));
#531=VECTOR('',#530,2.881095677610E0);
#532=CARTESIAN_POINT('',(3.282312357441E2,-9.178695767119E1,-5.805952627199E1));
#533=LINE('',#532,#531);
#534=DIRECTION('',(1.E0,0.E0,0.E0));
#535=VECTOR('',#534,1.2E0);
#536=CARTESIAN_POINT('',(3.270312357441E2,-9.178695767119E1,-5.805952627199E1));
#537=LINE('',#536,#535);
#538=DIRECTION('',(1.745240643728E-2,0.E0,9.998476951564E-1));
#539=VECTOR('',#538,2.881095677610E0);
#540=CARTESIAN_POINT('',(3.269809536913E2,-9.178695767119E1,-6.094018314478E1));
#541=LINE('',#540,#539);
#542=CARTESIAN_POINT('',(3.167999984758E2,-2.087106963071E1,-6.321625637249E1));
#543=DIRECTION('',(-1.E0,0.E0,0.E0));
#544=DIRECTION('',(0.E0,-8.660254037844E-1,5.E-1));
#545=AXIS2_PLACEMENT_3D('',#542,#543,#544);
#547=CARTESIAN_POINT('',(3.167999984758E2,-2.346914584207E1,-6.321625637249E1));
#548=DIRECTION('',(-1.E0,0.E0,0.E0));
#549=DIRECTION('',(0.E0,-5.210646728907E-14,1.E0));
#550=AXIS2_PLACEMENT_3D('',#547,#548,#549);
#552=DIRECTION('',(1.E0,0.E0,0.E0));
#553=VECTOR('',#552,3.36E1);
#554=CARTESIAN_POINT('',(2.831999984758E2,-2.087106963071E1,-6.246625637249E1));
#555=LINE('',#554,#553);
#556=DIRECTION('',(-1.E0,0.E0,0.E0));
#557=VECTOR('',#556,3.36E1);
#558=CARTESIAN_POINT('',(3.167999984758E2,-2.152058868355E1,-6.284125637249E1));
#559=LINE('',#558,#557);
#560=CARTESIAN_POINT('',(2.831999984758E2,-2.346914584207E1,-6.321625637249E1));
#561=DIRECTION('',(1.E0,0.E0,0.E0));
#562=DIRECTION('',(0.E0,8.660254037844E-1,5.E-1));
#563=AXIS2_PLACEMENT_3D('',#560,#561,#562);
#565=CARTESIAN_POINT('',(2.831999984758E2,-2.087106963071E1,-6.321625637249E1));
#566=DIRECTION('',(1.E0,0.E0,0.E0));
#567=DIRECTION('',(0.E0,5.210646728907E-14,1.E0));
#568=AXIS2_PLACEMENT_3D('',#565,#566,#567);
#570=DIRECTION('',(1.E0,0.E0,0.E0));
#571=VECTOR('',#570,3.36E1);
#572=CARTESIAN_POINT('',(2.831999984758E2,-2.281962678923E1,-6.284125637249E1));
#573=LINE('',#572,#571);
#574=DIRECTION('',(-1.E0,0.E0,0.E0));
#575=VECTOR('',#574,3.36E1);
#576=CARTESIAN_POINT('',(3.167999984758E2,-2.346914584207E1,-6.246625637249E1));
#577=LINE('',#576,#575);
#578=CARTESIAN_POINT('',(2.831999984758E2,-2.217010773639E1,-6.246625637249E1));
#579=DIRECTION('',(-1.E0,0.E0,0.E0));
#580=DIRECTION('',(0.E0,8.660254037844E-1,-5.E-1));
#581=AXIS2_PLACEMENT_3D('',#578,#579,#580);
#583=CARTESIAN_POINT('',(2.831999984758E2,-2.217010773639E1,-6.284125637249E1));
#584=DIRECTION('',(0.E0,0.E0,-1.E0));
#585=DIRECTION('',(-1.E0,8.751616848252E-14,0.E0));
#586=AXIS2_PLACEMENT_3D('',#583,#584,#585);
#588=CARTESIAN_POINT('',(2.831999984758E2,-2.217010773639E1,-6.284125637249E1));
#589=DIRECTION('',(0.E0,0.E0,-1.E0));
#590=DIRECTION('',(0.E0,-1.E0,0.E0));
#591=AXIS2_PLACEMENT_3D('',#588,#589,#590);
#593=CARTESIAN_POINT('',(3.167999984758E2,-2.217010773639E1,-6.246625637249E1));
#594=DIRECTION('',(1.E0,0.E0,0.E0));
#595=DIRECTION('',(0.E0,-8.660254037844E-1,-5.E-1));
#596=AXIS2_PLACEMENT_3D('',#593,#594,#595);
#598=CARTESIAN_POINT('',(3.167999984758E2,-2.217010773639E1,-6.284125637249E1));
#599=DIRECTION('',(0.E0,0.E0,-1.E0));
#600=DIRECTION('',(0.E0,1.E0,0.E0));
#601=AXIS2_PLACEMENT_3D('',#598,#599,#600);
#603=CARTESIAN_POINT('',(3.167999984758E2,-3.087106963071E1,-6.321625637249E1));
#604=DIRECTION('',(-1.E0,0.E0,0.E0));
#605=DIRECTION('',(0.E0,-8.660254037844E-1,5.E-1));
#606=AXIS2_PLACEMENT_3D('',#603,#604,#605);
#608=CARTESIAN_POINT('',(3.167999984758E2,-3.346914584207E1,-6.321625637249E1));
#609=DIRECTION('',(-1.E0,0.E0,0.E0));
#610=DIRECTION('',(0.E0,7.579122514774E-14,1.E0));
#611=AXIS2_PLACEMENT_3D('',#608,#609,#610);
#613=DIRECTION('',(1.E0,0.E0,0.E0));
#614=VECTOR('',#613,3.36E1);
#615=CARTESIAN_POINT('',(2.831999984758E2,-3.087106963071E1,-6.246625637249E1));
#616=LINE('',#615,#614);
#617=DIRECTION('',(-1.E0,0.E0,0.E0));
#618=VECTOR('',#617,3.36E1);
#619=CARTESIAN_POINT('',(3.167999984758E2,-3.152058868355E1,-6.284125637249E1));
#620=LINE('',#619,#618);
#621=CARTESIAN_POINT('',(2.831999984758E2,-3.346914584207E1,-6.321625637249E1));
#622=DIRECTION('',(1.E0,0.E0,0.E0));
#623=DIRECTION('',(0.E0,8.660254037844E-1,5.E-1));
#624=AXIS2_PLACEMENT_3D('',#621,#622,#623);
#626=CARTESIAN_POINT('',(2.831999984758E2,-3.087106963071E1,-6.321625637249E1));
#627=DIRECTION('',(1.E0,0.E0,0.E0));
#628=DIRECTION('',(0.E0,5.210646728907E-14,1.E0));
#629=AXIS2_PLACEMENT_3D('',#626,#627,#628);
#631=DIRECTION('',(1.E0,0.E0,0.E0));
#632=VECTOR('',#631,3.36E1);
#633=CARTESIAN_POINT('',(2.831999984758E2,-3.281962678923E1,-6.284125637249E1));
#634=LINE('',#633,#632);
#635=DIRECTION('',(-1.E0,0.E0,0.E0));
#636=VECTOR('',#635,3.36E1);
#637=CARTESIAN_POINT('',(3.167999984758E2,-3.346914584207E1,-6.246625637249E1));
#638=LINE('',#637,#636);
#639=CARTESIAN_POINT('',(2.831999984758E2,-3.217010773639E1,-6.246625637249E1));
#640=DIRECTION('',(-1.E0,0.E0,0.E0));
#641=DIRECTION('',(0.E0,8.660254037845E-1,-5.E-1));
#642=AXIS2_PLACEMENT_3D('',#639,#640,#641);
#644=CARTESIAN_POINT('',(2.831999984758E2,-3.217010773639E1,-6.284125637249E1));
#645=DIRECTION('',(0.E0,0.E0,-1.E0));
#646=DIRECTION('',(-1.E0,1.093952106032E-14,0.E0));
#647=AXIS2_PLACEMENT_3D('',#644,#645,#646);
#649=CARTESIAN_POINT('',(2.831999984758E2,-3.217010773639E1,-6.284125637249E1));
#650=DIRECTION('',(0.E0,0.E0,-1.E0));
#651=DIRECTION('',(0.E0,-1.E0,0.E0));
#652=AXIS2_PLACEMENT_3D('',#649,#650,#651);
#654=CARTESIAN_POINT('',(3.167999984758E2,-3.217010773639E1,-6.246625637249E1));
#655=DIRECTION('',(1.E0,0.E0,0.E0));
#656=DIRECTION('',(0.E0,-8.660254037844E-1,-5.E-1));
#657=AXIS2_PLACEMENT_3D('',#654,#655,#656);
#659=CARTESIAN_POINT('',(3.167999984758E2,-3.217010773639E1,-6.284125637249E1));
#660=DIRECTION('',(0.E0,0.E0,-1.E0));
#661=DIRECTION('',(0.E0,1.E0,0.E0));
#662=AXIS2_PLACEMENT_3D('',#659,#660,#661);
#664=CARTESIAN_POINT('',(3.167999984758E2,-3.587106963071E1,-6.321625637249E1));
#665=DIRECTION('',(-1.E0,0.E0,0.E0));
#666=DIRECTION('',(0.E0,-8.660254037844E-1,5.E-1));
#667=AXIS2_PLACEMENT_3D('',#664,#665,#666);
#669=CARTESIAN_POINT('',(3.167999984758E2,-3.846914584207E1,-6.321625637249E1));
#670=DIRECTION('',(-1.E0,0.E0,0.E0));
#671=DIRECTION('',(0.E0,7.579122514774E-14,1.E0));
#672=AXIS2_PLACEMENT_3D('',#669,#670,#671);
#674=DIRECTION('',(1.E0,0.E0,0.E0));
#675=VECTOR('',#674,3.36E1);
#676=CARTESIAN_POINT('',(2.831999984758E2,-3.587106963071E1,-6.246625637249E1));
#677=LINE('',#676,#675);
#678=DIRECTION('',(-1.E0,0.E0,0.E0));
#679=VECTOR('',#678,3.36E1);
#680=CARTESIAN_POINT('',(3.167999984758E2,-3.652058868355E1,-6.284125637249E1));
#681=LINE('',#680,#679);
#682=CARTESIAN_POINT('',(2.831999984758E2,-3.846914584207E1,-6.321625637249E1));
#683=DIRECTION('',(1.E0,0.E0,0.E0));
#684=DIRECTION('',(0.E0,8.660254037844E-1,5.E-1));
#685=AXIS2_PLACEMENT_3D('',#682,#683,#684);
#687=CARTESIAN_POINT('',(2.831999984758E2,-3.587106963071E1,-6.321625637249E1));
#688=DIRECTION('',(1.E0,0.E0,0.E0));
#689=DIRECTION('',(0.E0,5.684341886081E-14,1.E0));
#690=AXIS2_PLACEMENT_3D('',#687,#688,#689);
#692=DIRECTION('',(1.E0,0.E0,0.E0));
#693=VECTOR('',#692,3.36E1);
#694=CARTESIAN_POINT('',(2.831999984758E2,-3.781962678923E1,-6.284125637249E1));
#695=LINE('',#694,#693);
#696=DIRECTION('',(-1.E0,0.E0,0.E0));
#697=VECTOR('',#696,3.36E1);
#698=CARTESIAN_POINT('',(3.167999984758E2,-3.846914584207E1,-6.246625637249E1));
#699=LINE('',#698,#697);
#700=CARTESIAN_POINT('',(2.831999984758E2,-3.717010773639E1,-6.246625637249E1));
#701=DIRECTION('',(-1.E0,0.E0,0.E0));
#702=DIRECTION('',(0.E0,8.660254037845E-1,-5.E-1));
#703=AXIS2_PLACEMENT_3D('',#700,#701,#702);
#705=CARTESIAN_POINT('',(2.831999984758E2,-3.717010773639E1,-6.284125637249E1));
#706=DIRECTION('',(0.E0,0.E0,-1.E0));
#707=DIRECTION('',(-1.E0,1.093952106032E-14,0.E0));
#708=AXIS2_PLACEMENT_3D('',#705,#706,#707);
#710=CARTESIAN_POINT('',(2.831999984758E2,-3.717010773639E1,-6.284125637249E1));
#711=DIRECTION('',(0.E0,0.E0,-1.E0));
#712=DIRECTION('',(0.E0,-1.E0,0.E0));
#713=AXIS2_PLACEMENT_3D('',#710,#711,#712);
#715=CARTESIAN_POINT('',(3.167999984758E2,-3.717010773639E1,-6.246625637249E1));
#716=DIRECTION('',(1.E0,0.E0,0.E0));
#717=DIRECTION('',(0.E0,-8.660254037844E-1,-5.E-1));
#718=AXIS2_PLACEMENT_3D('',#715,#716,#717);
#720=CARTESIAN_POINT('',(3.167999984758E2,-3.717010773639E1,-6.284125637249E1));
#721=DIRECTION('',(0.E0,0.E0,-1.E0));
#722=DIRECTION('',(0.E0,1.E0,0.E0));
#723=AXIS2_PLACEMENT_3D('',#720,#721,#722);
#725=CARTESIAN_POINT('',(3.167999984758E2,-2.587106963071E1,-6.321625637249E1));
#726=DIRECTION('',(-1.E0,0.E0,0.E0));
#727=DIRECTION('',(0.E0,-8.660254037844E-1,5.E-1));
#728=AXIS2_PLACEMENT_3D('',#725,#726,#727);
#730=CARTESIAN_POINT('',(3.167999984758E2,-2.846914584207E1,-6.321625637249E1));
#731=DIRECTION('',(-1.E0,0.E0,0.E0));
#732=DIRECTION('',(0.E0,-5.210646728907E-14,1.E0));
#733=AXIS2_PLACEMENT_3D('',#730,#731,#732);
#735=DIRECTION('',(1.E0,0.E0,0.E0));
#736=VECTOR('',#735,3.36E1);
#737=CARTESIAN_POINT('',(2.831999984758E2,-2.587106963071E1,-6.246625637249E1));
#738=LINE('',#737,#736);
#739=DIRECTION('',(-1.E0,0.E0,0.E0));
#740=VECTOR('',#739,3.36E1);
#741=CARTESIAN_POINT('',(3.167999984758E2,-2.652058868355E1,-6.284125637249E1));
#742=LINE('',#741,#740);
#743=CARTESIAN_POINT('',(2.831999984758E2,-2.846914584207E1,-6.321625637249E1));
#744=DIRECTION('',(1.E0,0.E0,0.E0));
#745=DIRECTION('',(0.E0,8.660254037844E-1,5.E-1));
#746=AXIS2_PLACEMENT_3D('',#743,#744,#745);
#748=CARTESIAN_POINT('',(2.831999984758E2,-2.587106963071E1,-6.321625637249E1));
#749=DIRECTION('',(1.E0,0.E0,0.E0));
#750=DIRECTION('',(0.E0,5.210646728907E-14,1.E0));
#751=AXIS2_PLACEMENT_3D('',#748,#749,#750);
#753=DIRECTION('',(1.E0,0.E0,0.E0));
#754=VECTOR('',#753,3.36E1);
#755=CARTESIAN_POINT('',(2.831999984758E2,-2.781962678923E1,-6.284125637249E1));
#756=LINE('',#755,#754);
#757=DIRECTION('',(-1.E0,0.E0,0.E0));
#758=VECTOR('',#757,3.36E1);
#759=CARTESIAN_POINT('',(3.167999984758E2,-2.846914584207E1,-6.246625637249E1));
#760=LINE('',#759,#758);
#761=CARTESIAN_POINT('',(2.831999984758E2,-2.717010773639E1,-6.246625637249E1));
#762=DIRECTION('',(-1.E0,0.E0,0.E0));
#763=DIRECTION('',(0.E0,8.660254037844E-1,-5.E-1));
#764=AXIS2_PLACEMENT_3D('',#761,#762,#763);
#766=CARTESIAN_POINT('',(2.831999984758E2,-2.717010773639E1,-6.284125637249E1));
#767=DIRECTION('',(0.E0,0.E0,-1.E0));
#768=DIRECTION('',(-1.E0,8.751616848252E-14,0.E0));
#769=AXIS2_PLACEMENT_3D('',#766,#767,#768);
#771=CARTESIAN_POINT('',(2.831999984758E2,-2.717010773639E1,-6.284125637249E1));
#772=DIRECTION('',(0.E0,0.E0,-1.E0));
#773=DIRECTION('',(0.E0,-1.E0,0.E0));
#774=AXIS2_PLACEMENT_3D('',#771,#772,#773);
#776=CARTESIAN_POINT('',(3.167999984758E2,-2.717010773639E1,-6.246625637249E1));
#777=DIRECTION('',(1.E0,0.E0,0.E0));
#778=DIRECTION('',(0.E0,-8.660254037844E-1,-5.E-1));
#779=AXIS2_PLACEMENT_3D('',#776,#777,#778);
#781=CARTESIAN_POINT('',(3.167999984758E2,-2.717010773639E1,-6.284125637249E1));
#782=DIRECTION('',(0.E0,0.E0,-1.E0));
#783=DIRECTION('',(0.E0,1.E0,0.E0));
#784=AXIS2_PLACEMENT_3D('',#781,#782,#783);
#786=CARTESIAN_POINT('',(3.167999984758E2,-1.587106963071E1,-6.321625637249E1));
#787=DIRECTION('',(-1.E0,0.E0,0.E0));
#788=DIRECTION('',(0.E0,-8.660254037844E-1,5.E-1));
#789=AXIS2_PLACEMENT_3D('',#786,#787,#788);
#791=CARTESIAN_POINT('',(3.167999984758E2,-1.846914584207E1,-6.321625637249E1));
#792=DIRECTION('',(-1.E0,0.E0,0.E0));
#793=DIRECTION('',(0.E0,-5.210646728907E-14,1.E0));
#794=AXIS2_PLACEMENT_3D('',#791,#792,#793);
#796=DIRECTION('',(1.E0,0.E0,0.E0));
#797=VECTOR('',#796,3.36E1);
#798=CARTESIAN_POINT('',(2.831999984758E2,-1.587106963071E1,-6.246625637249E1));
#799=LINE('',#798,#797);
#800=DIRECTION('',(-1.E0,0.E0,0.E0));
#801=VECTOR('',#800,3.36E1);
#802=CARTESIAN_POINT('',(3.167999984758E2,-1.652058868355E1,-6.284125637249E1));
#803=LINE('',#802,#801);
#804=CARTESIAN_POINT('',(2.831999984758E2,-1.846914584207E1,-6.321625637249E1));
#805=DIRECTION('',(1.E0,0.E0,0.E0));
#806=DIRECTION('',(0.E0,8.660254037844E-1,5.E-1));
#807=AXIS2_PLACEMENT_3D('',#804,#805,#806);
#809=CARTESIAN_POINT('',(2.831999984758E2,-1.587106963071E1,-6.321625637249E1));
#810=DIRECTION('',(1.E0,0.E0,0.E0));
#811=DIRECTION('',(0.E0,-8.052817671948E-14,1.E0));
#812=AXIS2_PLACEMENT_3D('',#809,#810,#811);
#814=DIRECTION('',(1.E0,0.E0,0.E0));
#815=VECTOR('',#814,3.36E1);
#816=CARTESIAN_POINT('',(2.831999984758E2,-1.781962678923E1,-6.284125637249E1));
#817=LINE('',#816,#815);
#818=DIRECTION('',(-1.E0,0.E0,0.E0));
#819=VECTOR('',#818,3.36E1);
#820=CARTESIAN_POINT('',(3.167999984758E2,-1.846914584207E1,-6.246625637249E1));
#821=LINE('',#820,#819);
#822=CARTESIAN_POINT('',(2.831999984758E2,-1.717010773639E1,-6.246625637249E1));
#823=DIRECTION('',(-1.E0,0.E0,0.E0));
#824=DIRECTION('',(0.E0,8.660254037844E-1,-5.E-1));
#825=AXIS2_PLACEMENT_3D('',#822,#823,#824);
#827=CARTESIAN_POINT('',(2.831999984758E2,-1.717010773639E1,-6.284125637249E1));
#828=DIRECTION('',(0.E0,0.E0,-1.E0));
#829=DIRECTION('',(-1.E0,1.093952106032E-14,0.E0));
#830=AXIS2_PLACEMENT_3D('',#827,#828,#829);
#832=CARTESIAN_POINT('',(2.831999984758E2,-1.717010773639E1,-6.284125637249E1));
#833=DIRECTION('',(0.E0,0.E0,-1.E0));
#834=DIRECTION('',(0.E0,-1.E0,0.E0));
#835=AXIS2_PLACEMENT_3D('',#832,#833,#834);
#837=CARTESIAN_POINT('',(3.167999984758E2,-1.717010773639E1,-6.246625637249E1));
#838=DIRECTION('',(1.E0,0.E0,0.E0));
#839=DIRECTION('',(0.E0,-8.660254037845E-1,-5.E-1));
#840=AXIS2_PLACEMENT_3D('',#837,#838,#839);
#842=CARTESIAN_POINT('',(3.167999984758E2,-1.717010773639E1,-6.284125637249E1));
#843=DIRECTION('',(0.E0,0.E0,-1.E0));
#844=DIRECTION('',(0.E0,1.E0,0.E0));
#845=AXIS2_PLACEMENT_3D('',#842,#843,#844);
#847=CARTESIAN_POINT('',(3.167999984758E2,-1.087106963071E1,-6.321625637249E1));
#848=DIRECTION('',(-1.E0,0.E0,0.E0));
#849=DIRECTION('',(0.E0,-8.660254037844E-1,5.E-1));
#850=AXIS2_PLACEMENT_3D('',#847,#848,#849);
#852=CARTESIAN_POINT('',(3.167999984758E2,-1.346914584207E1,-6.321625637249E1));
#853=DIRECTION('',(-1.E0,0.E0,0.E0));
#854=DIRECTION('',(0.E0,7.815970093361E-14,1.E0));
#855=AXIS2_PLACEMENT_3D('',#852,#853,#854);
#857=DIRECTION('',(1.E0,0.E0,0.E0));
#858=VECTOR('',#857,3.36E1);
#859=CARTESIAN_POINT('',(2.831999984758E2,-1.087106963071E1,-6.246625637249E1));
#860=LINE('',#859,#858);
#861=DIRECTION('',(-1.E0,0.E0,0.E0));
#862=VECTOR('',#861,3.36E1);
#863=CARTESIAN_POINT('',(3.167999984758E2,-1.152058868355E1,-6.284125637249E1));
#864=LINE('',#863,#862);
#865=CARTESIAN_POINT('',(2.831999984758E2,-1.346914584207E1,-6.321625637249E1));
#866=DIRECTION('',(1.E0,0.E0,0.E0));
#867=DIRECTION('',(0.E0,8.660254037844E-1,5.E-1));
#868=AXIS2_PLACEMENT_3D('',#865,#866,#867);
#870=CARTESIAN_POINT('',(2.831999984758E2,-1.087106963071E1,-6.321625637249E1));
#871=DIRECTION('',(1.E0,0.E0,0.E0));
#872=DIRECTION('',(0.E0,5.210646728907E-14,1.E0));
#873=AXIS2_PLACEMENT_3D('',#870,#871,#872);
#875=DIRECTION('',(1.E0,0.E0,0.E0));
#876=VECTOR('',#875,3.36E1);
#877=CARTESIAN_POINT('',(2.831999984758E2,-1.281962678923E1,-6.284125637249E1));
#878=LINE('',#877,#876);
#879=DIRECTION('',(-1.E0,0.E0,0.E0));
#880=VECTOR('',#879,3.36E1);
#881=CARTESIAN_POINT('',(3.167999984758E2,-1.346914584207E1,-6.246625637249E1));
#882=LINE('',#881,#880);
#883=CARTESIAN_POINT('',(2.831999984758E2,-1.217010773639E1,-6.246625637249E1));
#884=DIRECTION('',(-1.E0,0.E0,0.E0));
#885=DIRECTION('',(0.E0,8.660254037844E-1,-5.E-1));
#886=AXIS2_PLACEMENT_3D('',#883,#884,#885);
#888=CARTESIAN_POINT('',(2.831999984758E2,-1.217010773639E1,-6.284125637249E1));
#889=DIRECTION('',(0.E0,0.E0,-1.E0));
#890=DIRECTION('',(-1.E0,0.E0,0.E0));
#891=AXIS2_PLACEMENT_3D('',#888,#889,#890);
#893=CARTESIAN_POINT('',(2.831999984758E2,-1.217010773639E1,-6.284125637249E1));
#894=DIRECTION('',(0.E0,0.E0,-1.E0));
#895=DIRECTION('',(0.E0,-1.E0,0.E0));
#896=AXIS2_PLACEMENT_3D('',#893,#894,#895);
#898=CARTESIAN_POINT('',(3.167999984758E2,-1.217010773639E1,-6.246625637249E1));
#899=DIRECTION('',(1.E0,0.E0,0.E0));
#900=DIRECTION('',(0.E0,-8.660254037844E-1,-5.E-1));
#901=AXIS2_PLACEMENT_3D('',#898,#899,#900);
#903=CARTESIAN_POINT('',(3.167999984758E2,-1.217010773639E1,-6.284125637249E1));
#904=DIRECTION('',(0.E0,0.E0,-1.E0));
#905=DIRECTION('',(0.E0,1.E0,0.E0));
#906=AXIS2_PLACEMENT_3D('',#903,#904,#905);
#908=CARTESIAN_POINT('',(3.21E2,-4.693532131947E1,-6.126625637249E1));
#909=DIRECTION('',(0.E0,0.E0,1.E0));
#910=DIRECTION('',(0.E0,-1.E0,0.E0));
#911=AXIS2_PLACEMENT_3D('',#908,#909,#910);
#913=DIRECTION('',(0.E0,5.233595624294E-2,-9.986295347546E-1));
#914=VECTOR('',#913,1.201646815198E0);
#915=CARTESIAN_POINT('',(3.21E2,-4.743532131947E1,-6.126625637249E1));
#916=LINE('',#915,#914);
#917=DIRECTION('',(0.E0,5.233595624294E-2,-9.986295347546E-1));
#918=VECTOR('',#917,1.201646815198E0);
#919=CARTESIAN_POINT('',(3.11E2,-4.743532131947E1,-6.126625637249E1));
#920=LINE('',#919,#918);
#921=CARTESIAN_POINT('',(3.11E2,-4.693532131947E1,-6.126625637249E1));
#922=DIRECTION('',(0.E0,0.E0,1.E0));
#923=DIRECTION('',(-1.E0,0.E0,0.E0));
#924=AXIS2_PLACEMENT_3D('',#921,#922,#923);
#926=DIRECTION('',(5.233595624288E-2,0.E0,-9.986295347546E-1));
#927=VECTOR('',#926,1.201646815198E0);
#928=CARTESIAN_POINT('',(3.105E2,-4.693532131947E1,-6.126625637249E1));
#929=LINE('',#928,#927);
#930=DIRECTION('',(5.233595624288E-2,0.E0,-9.986295347546E-1));
#931=VECTOR('',#930,1.201646815198E0);
#932=CARTESIAN_POINT('',(3.105E2,-4.193532131947E1,-6.126625637249E1));
#933=LINE('',#932,#931);
#934=CARTESIAN_POINT('',(3.11E2,-4.193532131947E1,-6.126625637249E1));
#935=DIRECTION('',(0.E0,0.E0,1.E0));
#936=DIRECTION('',(0.E0,1.E0,0.E0));
#937=AXIS2_PLACEMENT_3D('',#934,#935,#936);
#939=DIRECTION('',(0.E0,-5.233595624294E-2,-9.986295347546E-1));
#940=VECTOR('',#939,1.201646815198E0);
#941=CARTESIAN_POINT('',(3.21E2,-4.143532131947E1,-6.126625637249E1));
#942=LINE('',#941,#940);
#943=DIRECTION('',(0.E0,-5.233595624294E-2,-9.986295347546E-1));
#944=VECTOR('',#943,1.201646815198E0);
#945=CARTESIAN_POINT('',(3.11E2,-4.143532131947E1,-6.126625637249E1));
#946=LINE('',#945,#944);
#947=CARTESIAN_POINT('',(3.21E2,-4.193532131947E1,-6.126625637249E1));
#948=DIRECTION('',(0.E0,0.E0,1.E0));
#949=DIRECTION('',(1.E0,0.E0,0.E0));
#950=AXIS2_PLACEMENT_3D('',#947,#948,#949);
#952=DIRECTION('',(-5.233595624293E-2,-1.182614936059E-14,-9.986295347546E-1));
#953=VECTOR('',#952,1.201646815198E0);
#954=CARTESIAN_POINT('',(3.215E2,-4.693532131947E1,-6.126625637249E1));
#955=LINE('',#954,#953);
#956=DIRECTION('',(-5.233595624293E-2,0.E0,-9.986295347546E-1));
#957=VECTOR('',#956,1.201646815198E0);
#958=CARTESIAN_POINT('',(3.215E2,-4.193532131947E1,-6.126625637249E1));
#959=LINE('',#958,#957);
#960=DIRECTION('',(-1.E0,0.E0,0.E0));
#961=VECTOR('',#960,1.E1);
#962=CARTESIAN_POINT('',(3.21E2,-4.143532131947E1,-6.126625637249E1));
#963=LINE('',#962,#961);
#964=DIRECTION('',(0.E0,1.E0,0.E0));
#965=VECTOR('',#964,5.E0);
#966=CARTESIAN_POINT('',(3.215E2,-4.693532131947E1,-6.126625637249E1));
#967=LINE('',#966,#965);
#968=DIRECTION('',(1.E0,0.E0,0.E0));
#969=VECTOR('',#968,1.E1);
#970=CARTESIAN_POINT('',(3.11E2,-4.743532131947E1,-6.126625637249E1));
#971=LINE('',#970,#969);
#972=DIRECTION('',(0.E0,-1.E0,0.E0));
#973=VECTOR('',#972,5.E0);
#974=CARTESIAN_POINT('',(3.105E2,-4.193532131947E1,-6.126625637249E1));
#975=LINE('',#974,#973);
#976=CARTESIAN_POINT('',(3.11E2,-4.193532131947E1,-6.126625637249E1));
#977=DIRECTION('',(0.E0,0.E0,-1.E0));
#978=DIRECTION('',(-1.E0,0.E0,0.E0));
#979=AXIS2_PLACEMENT_3D('',#976,#977,#978);
#981=DIRECTION('',(0.E0,1.E0,0.E0));
#982=VECTOR('',#981,5.E0);
#983=CARTESIAN_POINT('',(3.1E2,-4.693532131947E1,-6.126625637249E1));
#984=LINE('',#983,#982);
#985=CARTESIAN_POINT('',(3.11E2,-4.693532131947E1,-6.126625637249E1));
#986=DIRECTION('',(0.E0,0.E0,-1.E0));
#987=DIRECTION('',(0.E0,-1.E0,0.E0));
#988=AXIS2_PLACEMENT_3D('',#985,#986,#987);
#990=DIRECTION('',(-1.E0,0.E0,0.E0));
#991=VECTOR('',#990,1.E1);
#992=CARTESIAN_POINT('',(3.21E2,-4.793532131947E1,-6.126625637249E1));
#993=LINE('',#992,#991);
#994=CARTESIAN_POINT('',(3.21E2,-4.693532131947E1,-6.126625637249E1));
#995=DIRECTION('',(0.E0,0.E0,-1.E0));
#996=DIRECTION('',(1.E0,0.E0,0.E0));
#997=AXIS2_PLACEMENT_3D('',#994,#995,#996);
#999=DIRECTION('',(0.E0,-1.E0,0.E0));
#1000=VECTOR('',#999,5.E0);
#1001=CARTESIAN_POINT('',(3.22E2,-4.193532131947E1,-6.126625637249E1));
#1002=LINE('',#1001,#1000);
#1003=CARTESIAN_POINT('',(3.21E2,-4.193532131947E1,-6.126625637249E1));
#1004=DIRECTION('',(0.E0,0.E0,-1.E0));
#1005=DIRECTION('',(0.E0,1.E0,0.E0));
#1006=AXIS2_PLACEMENT_3D('',#1003,#1004,#1005);
#1008=DIRECTION('',(1.E0,0.E0,0.E0));
#1009=VECTOR('',#1008,1.E1);
#1010=CARTESIAN_POINT('',(3.11E2,-4.093532131947E1,-6.126625637249E1));
#1011=LINE('',#1010,#1009);
#1012=CARTESIAN_POINT('',(3.11E2,-4.193532131947E1,-6.246625637249E1));
#1013=DIRECTION('',(0.E0,0.E0,1.E0));
#1014=DIRECTION('',(0.E0,1.E0,0.E0));
#1015=AXIS2_PLACEMENT_3D('',#1012,#1013,#1014);
#1017=DIRECTION('',(0.E0,-5.233595624294E-2,9.986295347546E-1));
#1018=VECTOR('',#1017,1.201646815198E0);
#1019=CARTESIAN_POINT('',(3.11E2,-4.087243198433E1,-6.246625637249E1));
#1020=LINE('',#1019,#1018);
#1021=DIRECTION('',(0.E0,-5.233595624294E-2,9.986295347546E-1));
#1022=VECTOR('',#1021,1.201646815198E0);
#1023=CARTESIAN_POINT('',(3.21E2,-4.087243198433E1,-6.246625637249E1));
#1024=LINE('',#1023,#1022);
#1025=CARTESIAN_POINT('',(3.21E2,-4.193532131947E1,-6.246625637249E1));
#1026=DIRECTION('',(0.E0,0.E0,1.E0));
#1027=DIRECTION('',(1.E0,0.E0,0.E0));
#1028=AXIS2_PLACEMENT_3D('',#1025,#1026,#1027);
#1030=DIRECTION('',(-5.233595624288E-2,0.E0,9.986295347546E-1));
#1031=VECTOR('',#1030,1.201646815198E0);
#1032=CARTESIAN_POINT('',(3.220628893351E2,-4.193532131947E1,
-6.246625637249E1));
#1033=LINE('',#1032,#1031);
#1034=DIRECTION('',(-5.233595624288E-2,0.E0,9.986295347546E-1));
#1035=VECTOR('',#1034,1.201646815198E0);
#1036=CARTESIAN_POINT('',(3.220628893351E2,-4.693532131947E1,
-6.246625637249E1));
#1037=LINE('',#1036,#1035);
#1038=CARTESIAN_POINT('',(3.21E2,-4.693532131947E1,-6.246625637249E1));
#1039=DIRECTION('',(0.E0,0.E0,1.E0));
#1040=DIRECTION('',(0.E0,-1.E0,0.E0));
#1041=AXIS2_PLACEMENT_3D('',#1038,#1039,#1040);
#1043=DIRECTION('',(0.E0,5.233595624294E-2,9.986295347546E-1));
#1044=VECTOR('',#1043,1.201646815198E0);
#1045=CARTESIAN_POINT('',(3.11E2,-4.799821065461E1,-6.246625637249E1));
#1046=LINE('',#1045,#1044);
#1047=DIRECTION('',(0.E0,5.233595624294E-2,9.986295347546E-1));
#1048=VECTOR('',#1047,1.201646815198E0);
#1049=CARTESIAN_POINT('',(3.21E2,-4.799821065461E1,-6.246625637249E1));
#1050=LINE('',#1049,#1048);
#1051=CARTESIAN_POINT('',(3.11E2,-4.693532131947E1,-6.246625637249E1));
#1052=DIRECTION('',(0.E0,0.E0,1.E0));
#1053=DIRECTION('',(-1.E0,0.E0,0.E0));
#1054=AXIS2_PLACEMENT_3D('',#1051,#1052,#1053);
#1056=DIRECTION('',(5.233595624293E-2,0.E0,9.986295347546E-1));
#1057=VECTOR('',#1056,1.201646815198E0);
#1058=CARTESIAN_POINT('',(3.099371106649E2,-4.193532131947E1,
-6.246625637249E1));
#1059=LINE('',#1058,#1057);
#1060=DIRECTION('',(5.233595624293E-2,0.E0,9.986295347546E-1));
#1061=VECTOR('',#1060,1.201646815198E0);
#1062=CARTESIAN_POINT('',(3.099371106649E2,-4.693532131947E1,
-6.246625637249E1));
#1063=LINE('',#1062,#1061);
#1064=CARTESIAN_POINT('',(2.831999984758E2,-2.087106963071E1,
-6.246625637249E1));
#1065=CARTESIAN_POINT('',(3.167999984758E2,-2.087106963071E1,
-6.246625637249E1));
#1066=VERTEX_POINT('',#1064);
#1067=VERTEX_POINT('',#1065);
#1068=CARTESIAN_POINT('',(2.831999984758E2,-2.346914584207E1,
-6.246625637249E1));
#1069=VERTEX_POINT('',#1068);
#1070=CARTESIAN_POINT('',(3.167999984758E2,-2.346914584207E1,
-6.246625637249E1));
#1071=VERTEX_POINT('',#1070);
#1072=CARTESIAN_POINT('',(2.831999984758E2,-3.087106963071E1,
-6.246625637249E1));
#1073=CARTESIAN_POINT('',(3.167999984758E2,-3.087106963071E1,
-6.246625637249E1));
#1074=VERTEX_POINT('',#1072);
#1075=VERTEX_POINT('',#1073);
#1076=CARTESIAN_POINT('',(2.831999984758E2,-3.346914584207E1,
-6.246625637249E1));
#1077=VERTEX_POINT('',#1076);
#1078=CARTESIAN_POINT('',(3.167999984758E2,-3.346914584207E1,
-6.246625637249E1));
#1079=VERTEX_POINT('',#1078);
#1080=CARTESIAN_POINT('',(2.831999984758E2,-3.587106963071E1,
-6.246625637249E1));
#1081=CARTESIAN_POINT('',(3.167999984758E2,-3.587106963071E1,
-6.246625637249E1));
#1082=VERTEX_POINT('',#1080);
#1083=VERTEX_POINT('',#1081);
#1084=CARTESIAN_POINT('',(2.831999984758E2,-3.846914584207E1,
-6.246625637249E1));
#1085=VERTEX_POINT('',#1084);
#1086=CARTESIAN_POINT('',(3.167999984758E2,-3.846914584207E1,
-6.246625637249E1));
#1087=VERTEX_POINT('',#1086);
#1088=CARTESIAN_POINT('',(2.831999984758E2,-2.587106963071E1,
-6.246625637249E1));
#1089=CARTESIAN_POINT('',(3.167999984758E2,-2.587106963071E1,
-6.246625637249E1));
#1090=VERTEX_POINT('',#1088);
#1091=VERTEX_POINT('',#1089);
#1092=CARTESIAN_POINT('',(2.831999984758E2,-2.846914584207E1,
-6.246625637249E1));
#1093=VERTEX_POINT('',#1092);
#1094=CARTESIAN_POINT('',(3.167999984758E2,-2.846914584207E1,
-6.246625637249E1));
#1095=VERTEX_POINT('',#1094);
#1096=CARTESIAN_POINT('',(2.831999984758E2,-1.587106963071E1,
-6.246625637249E1));
#1097=CARTESIAN_POINT('',(3.167999984758E2,-1.587106963071E1,
-6.246625637249E1));
#1098=VERTEX_POINT('',#1096);
#1099=VERTEX_POINT('',#1097);
#1100=CARTESIAN_POINT('',(2.831999984758E2,-1.846914584207E1,
-6.246625637249E1));
#1101=VERTEX_POINT('',#1100);
#1102=CARTESIAN_POINT('',(3.167999984758E2,-1.846914584207E1,
-6.246625637249E1));
#1103=VERTEX_POINT('',#1102);
#1104=CARTESIAN_POINT('',(2.831999984758E2,-1.087106963071E1,
-6.246625637249E1));
#1105=CARTESIAN_POINT('',(3.167999984758E2,-1.087106963071E1,
-6.246625637249E1));
#1106=VERTEX_POINT('',#1104);
#1107=VERTEX_POINT('',#1105);
#1108=CARTESIAN_POINT('',(2.831999984758E2,-1.346914584207E1,
-6.246625637249E1));
#1109=VERTEX_POINT('',#1108);
#1110=CARTESIAN_POINT('',(3.167999984758E2,-1.346914584207E1,
-6.246625637249E1));
#1111=VERTEX_POINT('',#1110);
#1112=CARTESIAN_POINT('',(2.831999984758E2,-2.152058868355E1,
-6.284125637249E1));
#1113=CARTESIAN_POINT('',(2.831999984758E2,-2.281962678923E1,
-6.284125637249E1));
#1114=VERTEX_POINT('',#1112);
#1115=VERTEX_POINT('',#1113);
#1116=CARTESIAN_POINT('',(2.825504794230E2,-2.217010773639E1,
-6.284125637249E1));
#1117=VERTEX_POINT('',#1116);
#1118=CARTESIAN_POINT('',(3.167999984758E2,-2.152058868355E1,
-6.284125637249E1));
#1119=VERTEX_POINT('',#1118);
#1120=CARTESIAN_POINT('',(3.167999984758E2,-2.281962678923E1,
-6.284125637249E1));
#1121=VERTEX_POINT('',#1120);
#1122=CARTESIAN_POINT('',(2.831999984758E2,-3.152058868355E1,
-6.284125637249E1));
#1123=CARTESIAN_POINT('',(2.831999984758E2,-3.281962678923E1,
-6.284125637249E1));
#1124=VERTEX_POINT('',#1122);
#1125=VERTEX_POINT('',#1123);
#1126=CARTESIAN_POINT('',(2.825504794230E2,-3.217010773639E1,
-6.284125637249E1));
#1127=VERTEX_POINT('',#1126);
#1128=CARTESIAN_POINT('',(3.167999984758E2,-3.152058868355E1,
-6.284125637249E1));
#1129=VERTEX_POINT('',#1128);
#1130=CARTESIAN_POINT('',(3.167999984758E2,-3.281962678923E1,
-6.284125637249E1));
#1131=VERTEX_POINT('',#1130);
#1132=CARTESIAN_POINT('',(2.831999984758E2,-3.652058868355E1,
-6.284125637249E1));
#1133=CARTESIAN_POINT('',(2.831999984758E2,-3.781962678923E1,
-6.284125637249E1));
#1134=VERTEX_POINT('',#1132);
#1135=VERTEX_POINT('',#1133);
#1136=CARTESIAN_POINT('',(2.825504794230E2,-3.717010773639E1,
-6.284125637249E1));
#1137=VERTEX_POINT('',#1136);
#1138=CARTESIAN_POINT('',(3.167999984758E2,-3.652058868355E1,
-6.284125637249E1));
#1139=VERTEX_POINT('',#1138);
#1140=CARTESIAN_POINT('',(3.167999984758E2,-3.781962678923E1,
-6.284125637249E1));
#1141=VERTEX_POINT('',#1140);
#1142=CARTESIAN_POINT('',(2.831999984758E2,-2.652058868355E1,
-6.284125637249E1));
#1143=CARTESIAN_POINT('',(2.831999984758E2,-2.781962678923E1,
-6.284125637249E1));
#1144=VERTEX_POINT('',#1142);
#1145=VERTEX_POINT('',#1143);
#1146=CARTESIAN_POINT('',(2.825504794230E2,-2.717010773639E1,
-6.284125637249E1));
#1147=VERTEX_POINT('',#1146);
#1148=CARTESIAN_POINT('',(3.167999984758E2,-2.652058868355E1,
-6.284125637249E1));
#1149=VERTEX_POINT('',#1148);
#1150=CARTESIAN_POINT('',(3.167999984758E2,-2.781962678923E1,
-6.284125637249E1));
#1151=VERTEX_POINT('',#1150);
#1152=CARTESIAN_POINT('',(2.831999984758E2,-1.652058868355E1,
-6.284125637249E1));
#1153=CARTESIAN_POINT('',(2.831999984758E2,-1.781962678923E1,
-6.284125637249E1));
#1154=VERTEX_POINT('',#1152);
#1155=VERTEX_POINT('',#1153);
#1156=CARTESIAN_POINT('',(2.825504794230E2,-1.717010773639E1,
-6.284125637249E1));
#1157=VERTEX_POINT('',#1156);
#1158=CARTESIAN_POINT('',(3.167999984758E2,-1.652058868355E1,
-6.284125637249E1));
#1159=VERTEX_POINT('',#1158);
#1160=CARTESIAN_POINT('',(3.167999984758E2,-1.781962678923E1,
-6.284125637249E1));
#1161=VERTEX_POINT('',#1160);
#1162=CARTESIAN_POINT('',(2.831999984758E2,-1.152058868355E1,
-6.284125637249E1));
#1163=CARTESIAN_POINT('',(2.831999984758E2,-1.281962678923E1,
-6.284125637249E1));
#1164=VERTEX_POINT('',#1162);
#1165=VERTEX_POINT('',#1163);
#1166=CARTESIAN_POINT('',(2.825504794230E2,-1.217010773639E1,
-6.284125637249E1));
#1167=VERTEX_POINT('',#1166);
#1168=CARTESIAN_POINT('',(3.167999984758E2,-1.152058868355E1,
-6.284125637249E1));
#1169=VERTEX_POINT('',#1168);
#1170=CARTESIAN_POINT('',(3.167999984758E2,-1.281962678923E1,
-6.284125637249E1));
#1171=VERTEX_POINT('',#1170);
#1172=CARTESIAN_POINT('',(3.282506839520E2,-9.348072424716E1,
-5.694533918449E1));
#1173=CARTESIAN_POINT('',(3.282506839520E2,-8.169609622552E1,
-5.694533918449E1));
#1174=VERTEX_POINT('',#1172);
#1175=VERTEX_POINT('',#1173);
#1176=CARTESIAN_POINT('',(3.281826750016E2,-9.291411859145E1,
-6.084156934569E1));
#1177=CARTESIAN_POINT('',(3.281809536913E2,-9.178695767119E1,
-6.094018314478E1));
#1178=VERTEX_POINT('',#1176);
#1179=VERTEX_POINT('',#1177);
#1180=CARTESIAN_POINT('',(3.281908969420E2,-9.336111378421E1,
-6.037053469689E1));
#1181=VERTEX_POINT('',#1180);
#1182=CARTESIAN_POINT('',(3.282312357441E2,-9.178695767119E1,
-5.805952627199E1));
#1183=VERTEX_POINT('',#1182);
#1184=CARTESIAN_POINT('',(3.282358412601E2,-8.171093891744E1,
-5.779567643518E1));
#1185=VERTEX_POINT('',#1184);
#1186=CARTESIAN_POINT('',(3.269809536913E2,-9.178695767119E1,
-6.094018314478E1));
#1187=CARTESIAN_POINT('',(3.269543159841E2,-7.434386025774E1,
-6.246625637249E1));
#1188=VERTEX_POINT('',#1186);
#1189=VERTEX_POINT('',#1187);
#1190=CARTESIAN_POINT('',(3.270358412601E2,-8.171093891744E1,
-5.779567643518E1));
#1191=CARTESIAN_POINT('',(3.270506839520E2,-8.169609622552E1,
-5.694533918449E1));
#1192=VERTEX_POINT('',#1190);
#1193=VERTEX_POINT('',#1191);
#1194=CARTESIAN_POINT('',(3.270312357441E2,-9.178695767119E1,
-5.805952627199E1));
#1195=VERTEX_POINT('',#1194);
#1196=CARTESIAN_POINT('',(2.717493129996E2,-8.169609622552E1,
-5.694533918449E1));
#1197=CARTESIAN_POINT('',(2.717493129996E2,-9.348072424716E1,
-5.694533918449E1));
#1198=VERTEX_POINT('',#1196);
#1199=VERTEX_POINT('',#1197);
#1200=CARTESIAN_POINT('',(2.718190432604E2,-9.178695767119E1,
-6.094018314478E1));
#1201=CARTESIAN_POINT('',(2.718173219501E2,-9.291411859145E1,
-6.084156934569E1));
#1202=VERTEX_POINT('',#1200);
#1203=VERTEX_POINT('',#1201);
#1204=CARTESIAN_POINT('',(2.718091000097E2,-9.336111378421E1,
-6.037053469689E1));
#1205=VERTEX_POINT('',#1204);
#1206=CARTESIAN_POINT('',(2.717641556916E2,-8.171093891744E1,
-5.779567643518E1));
#1207=VERTEX_POINT('',#1206);
#1208=CARTESIAN_POINT('',(2.717687612076E2,-9.178695767119E1,
-5.805952627199E1));
#1209=VERTEX_POINT('',#1208);
#1210=CARTESIAN_POINT('',(2.730456809676E2,-7.434386025774E1,
-6.246625637249E1));
#1211=CARTESIAN_POINT('',(2.730190432604E2,-9.178695767119E1,
-6.094018314478E1));
#1212=VERTEX_POINT('',#1210);
#1213=VERTEX_POINT('',#1211);
#1214=CARTESIAN_POINT('',(2.729687612076E2,-9.178695767119E1,
-5.805952627199E1));
#1215=VERTEX_POINT('',#1214);
#1216=CARTESIAN_POINT('',(2.729641556916E2,-8.171093891744E1,
-5.779567643518E1));
#1217=VERTEX_POINT('',#1216);
#1218=CARTESIAN_POINT('',(2.729493129996E2,-8.169609622552E1,
-5.694533918449E1));
#1219=VERTEX_POINT('',#1218);
#1220=CARTESIAN_POINT('',(2.745105054185E2,-9.190376125063E1,
-5.912308844897E1));
#1221=CARTESIAN_POINT('',(2.745105054185E2,-7.426527056321E1,
-6.066625637249E1));
#1222=VERTEX_POINT('',#1220);
#1223=VERTEX_POINT('',#1221);
#1224=CARTESIAN_POINT('',(2.745105054185E2,4.817789392181E0,-6.066624123806E1));
#1225=VERTEX_POINT('',#1224);
#1226=CARTESIAN_POINT('',(3.255105054185E2,-9.190376125063E1,
-5.912308844897E1));
#1227=CARTESIAN_POINT('',(3.255105054185E2,-7.426527056321E1,
-6.066625637249E1));
#1228=VERTEX_POINT('',#1226);
#1229=VERTEX_POINT('',#1227);
#1230=CARTESIAN_POINT('',(3.255105054185E2,4.817789392181E0,-6.066624123806E1));
#1231=VERTEX_POINT('',#1230);
#1232=CARTESIAN_POINT('',(2.745105054185E2,4.817789392181E0,-5.694533918449E1));
#1233=VERTEX_POINT('',#1232);
#1234=CARTESIAN_POINT('',(2.745105054185E2,-9.197980993071E1,
-5.694533918449E1));
#1235=VERTEX_POINT('',#1234);
#1236=CARTESIAN_POINT('',(3.255105054185E2,4.817789392181E0,-5.694533918449E1));
#1237=VERTEX_POINT('',#1236);
#1238=CARTESIAN_POINT('',(3.255105054185E2,-9.197980993071E1,
-5.694533918449E1));
#1239=VERTEX_POINT('',#1238);
#1240=VERTEX_POINT('',#262);
#1241=VERTEX_POINT('',#268);
#1242=CARTESIAN_POINT('',(2.759488560851E2,6.317789392181E0,-5.694533918449E1));
#1243=VERTEX_POINT('',#1242);
#1244=VERTEX_POINT('',#80);
#1245=VERTEX_POINT('',#274);
#1246=VERTEX_POINT('',#280);
#1247=CARTESIAN_POINT('',(3.270506839520E2,3.318246306712E0,-5.694533918449E1));
#1248=VERTEX_POINT('',#1247);
#1249=VERTEX_POINT('',#56);
#1250=CARTESIAN_POINT('',(2.899999984758E2,9.816799259896E0,-5.694533918449E1));
#1251=CARTESIAN_POINT('',(3.099999984758E2,9.816799259896E0,-5.694533918449E1));
#1252=VERTEX_POINT('',#1250);
#1253=VERTEX_POINT('',#1251);
#1254=CARTESIAN_POINT('',(2.899999984758E2,8.316799259896E0,-5.884533918449E1));
#1255=CARTESIAN_POINT('',(2.899999984758E2,9.316799259896E0,-5.884533918449E1));
#1256=VERTEX_POINT('',#1254);
#1257=VERTEX_POINT('',#1255);
#1258=CARTESIAN_POINT('',(3.099999984758E2,8.316799259896E0,-5.884533918449E1));
#1259=CARTESIAN_POINT('',(3.099999984758E2,9.316799259896E0,-5.884533918449E1));
#1260=VERTEX_POINT('',#1258);
#1261=VERTEX_POINT('',#1259);
#1262=CARTESIAN_POINT('',(2.899999984758E2,7.816799259896E0,-5.814533918449E1));
#1263=CARTESIAN_POINT('',(3.099999984758E2,7.816799259896E0,-5.814533918449E1));
#1264=VERTEX_POINT('',#1262);
#1265=VERTEX_POINT('',#1263);
#1266=CARTESIAN_POINT('',(2.899999984758E2,9.816799259896E0,-5.814533918449E1));
#1267=CARTESIAN_POINT('',(3.099999984758E2,9.816799259896E0,-5.814533918449E1));
#1268=VERTEX_POINT('',#1266);
#1269=VERTEX_POINT('',#1267);
#1270=CARTESIAN_POINT('',(2.889999984758E2,6.317789392181E0,-5.694533918449E1));
#1271=CARTESIAN_POINT('',(2.889999984758E2,4.817789392181E0,-5.694533918449E1));
#1272=VERTEX_POINT('',#1270);
#1273=VERTEX_POINT('',#1271);
#1274=CARTESIAN_POINT('',(3.109999984758E2,4.817789392181E0,-5.694533918449E1));
#1275=CARTESIAN_POINT('',(3.109999984758E2,6.317789392181E0,-5.694533918449E1));
#1276=VERTEX_POINT('',#1274);
#1277=VERTEX_POINT('',#1275);
#1278=CARTESIAN_POINT('',(2.899999984758E2,4.817789392181E0,-6.066625637249E1));
#1279=CARTESIAN_POINT('',(2.899999984758E2,4.817789392181E0,-5.694533918449E1));
#1280=VERTEX_POINT('',#1278);
#1281=VERTEX_POINT('',#1279);
#1282=CARTESIAN_POINT('',(2.889999984758E2,4.817789392181E0,-6.066625637249E1));
#1283=VERTEX_POINT('',#1282);
#1284=CARTESIAN_POINT('',(3.109999984758E2,4.817789392181E0,-6.066625637249E1));
#1285=VERTEX_POINT('',#1284);
#1286=CARTESIAN_POINT('',(3.099999984758E2,4.817789392181E0,-6.066625637249E1));
#1287=CARTESIAN_POINT('',(3.099999984758E2,4.817789392181E0,-5.694533918449E1));
#1288=VERTEX_POINT('',#1286);
#1289=VERTEX_POINT('',#1287);
#1290=CARTESIAN_POINT('',(2.889999984758E2,6.252840541072E0,-6.066625637249E1));
#1291=CARTESIAN_POINT('',(2.899999984758E2,6.252840541072E0,-6.066625637249E1));
#1292=VERTEX_POINT('',#1290);
#1293=VERTEX_POINT('',#1291);
#1294=CARTESIAN_POINT('',(3.099999984758E2,6.252840541072E0,-6.066625637249E1));
#1295=CARTESIAN_POINT('',(3.109999984758E2,6.252840541072E0,-6.066625637249E1));
#1296=VERTEX_POINT('',#1294);
#1297=VERTEX_POINT('',#1295);
#1298=CARTESIAN_POINT('',(2.899999984758E2,6.296843314267E0,-5.814533918449E1));
#1299=VERTEX_POINT('',#1298);
#1300=CARTESIAN_POINT('',(3.099999984758E2,6.296843314267E0,-5.814533918449E1));
#1301=VERTEX_POINT('',#1300);
#1302=CARTESIAN_POINT('',(3.214371106649E2,-4.693532131947E1,
-6.246625637249E1));
#1303=CARTESIAN_POINT('',(3.21E2,-4.737243198433E1,-6.246625637249E1));
#1304=VERTEX_POINT('',#1302);
#1305=VERTEX_POINT('',#1303);
#1306=CARTESIAN_POINT('',(3.21E2,-4.743532131947E1,-6.126625637249E1));
#1307=VERTEX_POINT('',#1306);
#1308=CARTESIAN_POINT('',(3.215E2,-4.693532131947E1,-6.126625637249E1));
#1309=VERTEX_POINT('',#1308);
#1310=CARTESIAN_POINT('',(3.21E2,-4.149821065461E1,-6.246625637249E1));
#1311=CARTESIAN_POINT('',(3.214371106649E2,-4.193532131947E1,
-6.246625637249E1));
#1312=VERTEX_POINT('',#1310);
#1313=VERTEX_POINT('',#1311);
#1314=CARTESIAN_POINT('',(3.215E2,-4.193532131947E1,-6.126625637249E1));
#1315=VERTEX_POINT('',#1314);
#1316=CARTESIAN_POINT('',(3.21E2,-4.143532131947E1,-6.126625637249E1));
#1317=VERTEX_POINT('',#1316);
#1318=CARTESIAN_POINT('',(3.11E2,-4.737243198433E1,-6.246625637249E1));
#1319=CARTESIAN_POINT('',(3.105628893351E2,-4.693532131947E1,
-6.246625637249E1));
#1320=VERTEX_POINT('',#1318);
#1321=VERTEX_POINT('',#1319);
#1322=CARTESIAN_POINT('',(3.105E2,-4.693532131947E1,-6.126625637249E1));
#1323=VERTEX_POINT('',#1322);
#1324=CARTESIAN_POINT('',(3.11E2,-4.743532131947E1,-6.126625637249E1));
#1325=VERTEX_POINT('',#1324);
#1326=CARTESIAN_POINT('',(3.105628893351E2,-4.193532131947E1,
-6.246625637249E1));
#1327=CARTESIAN_POINT('',(3.11E2,-4.149821065461E1,-6.246625637249E1));
#1328=VERTEX_POINT('',#1326);
#1329=VERTEX_POINT('',#1327);
#1330=CARTESIAN_POINT('',(3.11E2,-4.143532131947E1,-6.126625637249E1));
#1331=VERTEX_POINT('',#1330);
#1332=CARTESIAN_POINT('',(3.105E2,-4.193532131947E1,-6.126625637249E1));
#1333=VERTEX_POINT('',#1332);
#1334=CARTESIAN_POINT('',(3.1E2,-4.193532131947E1,-6.126625637249E1));
#1335=CARTESIAN_POINT('',(3.11E2,-4.093532131947E1,-6.126625637249E1));
#1336=VERTEX_POINT('',#1334);
#1337=VERTEX_POINT('',#1335);
#1338=CARTESIAN_POINT('',(3.11E2,-4.087243198433E1,-6.246625637249E1));
#1339=VERTEX_POINT('',#1338);
#1340=CARTESIAN_POINT('',(3.099371106649E2,-4.193532131947E1,
-6.246625637249E1));
#1341=VERTEX_POINT('',#1340);
#1342=CARTESIAN_POINT('',(3.11E2,-4.793532131947E1,-6.126625637249E1));
#1343=CARTESIAN_POINT('',(3.1E2,-4.693532131947E1,-6.126625637249E1));
#1344=VERTEX_POINT('',#1342);
#1345=VERTEX_POINT('',#1343);
#1346=CARTESIAN_POINT('',(3.099371106649E2,-4.693532131947E1,
-6.246625637249E1));
#1347=VERTEX_POINT('',#1346);
#1348=CARTESIAN_POINT('',(3.11E2,-4.799821065461E1,-6.246625637249E1));
#1349=VERTEX_POINT('',#1348);
#1350=CARTESIAN_POINT('',(3.21E2,-4.093532131947E1,-6.126625637249E1));
#1351=CARTESIAN_POINT('',(3.22E2,-4.193532131947E1,-6.126625637249E1));
#1352=VERTEX_POINT('',#1350);
#1353=VERTEX_POINT('',#1351);
#1354=CARTESIAN_POINT('',(3.220628893351E2,-4.193532131947E1,
-6.246625637249E1));
#1355=VERTEX_POINT('',#1354);
#1356=CARTESIAN_POINT('',(3.21E2,-4.087243198433E1,-6.246625637249E1));
#1357=VERTEX_POINT('',#1356);
#1358=CARTESIAN_POINT('',(3.22E2,-4.693532131947E1,-6.126625637249E1));
#1359=CARTESIAN_POINT('',(3.21E2,-4.793532131947E1,-6.126625637249E1));
#1360=VERTEX_POINT('',#1358);
#1361=VERTEX_POINT('',#1359);
#1362=CARTESIAN_POINT('',(3.21E2,-4.799821065461E1,-6.246625637249E1));
#1363=VERTEX_POINT('',#1362);
#1364=CARTESIAN_POINT('',(3.220628893351E2,-4.693532131947E1,
-6.246625637249E1));
#1365=VERTEX_POINT('',#1364);
#1366=CARTESIAN_POINT('',(2.899999984758E2,9.816799259896E0,-5.694533918449E1));
#1367=DIRECTION('',(-1.E0,0.E0,0.E0));
#1368=DIRECTION('',(0.E0,-1.E0,0.E0));
#1369=AXIS2_PLACEMENT_3D('',#1366,#1367,#1368);
#1370=PLANE('',#1369);
#1372=ORIENTED_EDGE('',*,*,#1371,.T.);
#1374=ORIENTED_EDGE('',*,*,#1373,.F.);
#1376=ORIENTED_EDGE('',*,*,#1375,.T.);
#1378=ORIENTED_EDGE('',*,*,#1377,.F.);
#1380=ORIENTED_EDGE('',*,*,#1379,.F.);
#1382=ORIENTED_EDGE('',*,*,#1381,.T.);
#1384=ORIENTED_EDGE('',*,*,#1383,.T.);
#1386=ORIENTED_EDGE('',*,*,#1385,.T.);
#1388=ORIENTED_EDGE('',*,*,#1387,.T.);
#1389=EDGE_LOOP('',(#1372,#1374,#1376,#1378,#1380,#1382,#1384,#1386,#1388));
#1390=FACE_OUTER_BOUND('',#1389,.F.);
#1392=CARTESIAN_POINT('',(3.099999984758E2,-4.633507920587E1,
-5.694533918449E1));
#1393=DIRECTION('',(0.E0,0.E0,-1.E0));
#1394=DIRECTION('',(-1.E0,0.E0,0.E0));
#1395=AXIS2_PLACEMENT_3D('',#1392,#1393,#1394);
#1396=PLANE('',#1395);
#1397=ORIENTED_EDGE('',*,*,#1371,.F.);
#1399=ORIENTED_EDGE('',*,*,#1398,.T.);
#1401=ORIENTED_EDGE('',*,*,#1400,.F.);
#1403=ORIENTED_EDGE('',*,*,#1402,.F.);
#1404=EDGE_LOOP('',(#1397,#1399,#1401,#1403));
#1405=FACE_OUTER_BOUND('',#1404,.F.);
#1407=CARTESIAN_POINT('',(3.099999984758E2,-4.633507920587E1,
-5.694533918449E1));
#1408=DIRECTION('',(0.E0,0.E0,-1.E0));
#1409=DIRECTION('',(-1.E0,0.E0,0.E0));
#1410=AXIS2_PLACEMENT_3D('',#1407,#1408,#1409);
#1411=PLANE('',#1410);
#1413=ORIENTED_EDGE('',*,*,#1412,.T.);
#1415=ORIENTED_EDGE('',*,*,#1414,.F.);
#1417=ORIENTED_EDGE('',*,*,#1416,.F.);
#1419=ORIENTED_EDGE('',*,*,#1418,.F.);
#1421=ORIENTED_EDGE('',*,*,#1420,.T.);
#1423=ORIENTED_EDGE('',*,*,#1422,.F.);
#1425=ORIENTED_EDGE('',*,*,#1424,.T.);
#1427=ORIENTED_EDGE('',*,*,#1426,.T.);
#1429=ORIENTED_EDGE('',*,*,#1428,.F.);
#1431=ORIENTED_EDGE('',*,*,#1430,.T.);
#1433=ORIENTED_EDGE('',*,*,#1432,.F.);
#1435=ORIENTED_EDGE('',*,*,#1434,.F.);
#1437=ORIENTED_EDGE('',*,*,#1436,.T.);
#1439=ORIENTED_EDGE('',*,*,#1438,.F.);
#1441=ORIENTED_EDGE('',*,*,#1440,.T.);
#1443=ORIENTED_EDGE('',*,*,#1442,.F.);
#1445=ORIENTED_EDGE('',*,*,#1444,.F.);
#1447=ORIENTED_EDGE('',*,*,#1446,.T.);
#1448=EDGE_LOOP('',(#1413,#1415,#1417,#1419,#1421,#1423,#1425,#1427,#1429,#1431,
#1433,#1435,#1437,#1439,#1441,#1443,#1445,#1447));
#1449=FACE_OUTER_BOUND('',#1448,.F.);
#1451=CARTESIAN_POINT('',(2.792499984758E2,9.816799259896E0,-5.494533918449E1));
#1452=DIRECTION('',(0.E0,1.E0,0.E0));
#1453=DIRECTION('',(-1.E0,0.E0,0.E0));
#1454=AXIS2_PLACEMENT_3D('',#1451,#1452,#1453);
#1455=PLANE('',#1454);
#1457=ORIENTED_EDGE('',*,*,#1456,.T.);
#1459=ORIENTED_EDGE('',*,*,#1458,.F.);
#1460=ORIENTED_EDGE('',*,*,#1398,.F.);
#1461=ORIENTED_EDGE('',*,*,#1387,.F.);
#1462=EDGE_LOOP('',(#1457,#1459,#1460,#1461));
#1463=FACE_OUTER_BOUND('',#1462,.F.);
#1465=CARTESIAN_POINT('',(2.899999984758E2,9.316799259896E0,-5.884533918449E1));
#1466=DIRECTION('',(0.E0,8.137334712067E-1,-5.812381937191E-1));
#1467=DIRECTION('',(0.E0,5.812381937191E-1,8.137334712067E-1));
#1468=AXIS2_PLACEMENT_3D('',#1465,#1466,#1467);
#1469=PLANE('',#1468);
#1470=ORIENTED_EDGE('',*,*,#1456,.F.);
#1471=ORIENTED_EDGE('',*,*,#1385,.F.);
#1473=ORIENTED_EDGE('',*,*,#1472,.T.);
#1475=ORIENTED_EDGE('',*,*,#1474,.T.);
#1476=EDGE_LOOP('',(#1470,#1471,#1473,#1475));
#1477=FACE_OUTER_BOUND('',#1476,.F.);
#1479=CARTESIAN_POINT('',(2.899999984758E2,8.316799259896E0,-5.884533918449E1));
#1480=DIRECTION('',(0.E0,0.E0,-1.E0));
#1481=DIRECTION('',(0.E0,1.E0,0.E0));
#1482=AXIS2_PLACEMENT_3D('',#1479,#1480,#1481);
#1483=PLANE('',#1482);
#1484=ORIENTED_EDGE('',*,*,#1383,.F.);
#1486=ORIENTED_EDGE('',*,*,#1485,.T.);
#1488=ORIENTED_EDGE('',*,*,#1487,.T.);
#1489=ORIENTED_EDGE('',*,*,#1472,.F.);
#1490=EDGE_LOOP('',(#1484,#1486,#1488,#1489));
#1491=FACE_OUTER_BOUND('',#1490,.F.);
#1493=CARTESIAN_POINT('',(2.899999984758E2,7.816799259896E0,-5.814533918449E1));
#1494=DIRECTION('',(0.E0,-8.137334712067E-1,-5.812381937191E-1));
#1495=DIRECTION('',(0.E0,5.812381937191E-1,-8.137334712067E-1));
#1496=AXIS2_PLACEMENT_3D('',#1493,#1494,#1495);
#1497=PLANE('',#1496);
#1499=ORIENTED_EDGE('',*,*,#1498,.T.);
#1501=ORIENTED_EDGE('',*,*,#1500,.T.);
#1502=ORIENTED_EDGE('',*,*,#1485,.F.);
#1503=ORIENTED_EDGE('',*,*,#1381,.F.);
#1504=EDGE_LOOP('',(#1499,#1501,#1502,#1503));
#1505=FACE_OUTER_BOUND('',#1504,.F.);
#1507=CARTESIAN_POINT('',(3.225499984758E2,9.816799259896E0,-5.814533918449E1));
#1508=DIRECTION('',(0.E0,0.E0,1.E0));
#1509=DIRECTION('',(1.E0,0.E0,0.E0));
#1510=AXIS2_PLACEMENT_3D('',#1507,#1508,#1509);
#1511=PLANE('',#1510);
#1513=ORIENTED_EDGE('',*,*,#1512,.T.);
#1515=ORIENTED_EDGE('',*,*,#1514,.T.);
#1516=ORIENTED_EDGE('',*,*,#1498,.F.);
#1517=ORIENTED_EDGE('',*,*,#1379,.T.);
#1518=EDGE_LOOP('',(#1513,#1515,#1516,#1517));
#1519=FACE_OUTER_BOUND('',#1518,.F.);
#1521=CARTESIAN_POINT('',(2.792499984758E2,6.315809278412E0,-5.705877982633E1));
#1522=DIRECTION('',(0.E0,-9.998476951564E-1,1.745240643728E-2));
#1523=DIRECTION('',(0.E0,-1.745240643728E-2,-9.998476951564E-1));
#1524=AXIS2_PLACEMENT_3D('',#1521,#1522,#1523);
#1525=PLANE('',#1524);
#1527=ORIENTED_EDGE('',*,*,#1526,.F.);
#1529=ORIENTED_EDGE('',*,*,#1528,.F.);
#1530=ORIENTED_EDGE('',*,*,#1446,.F.);
#1532=ORIENTED_EDGE('',*,*,#1531,.T.);
#1534=ORIENTED_EDGE('',*,*,#1533,.F.);
#1536=ORIENTED_EDGE('',*,*,#1535,.F.);
#1537=ORIENTED_EDGE('',*,*,#1426,.F.);
#1539=ORIENTED_EDGE('',*,*,#1538,.T.);
#1541=ORIENTED_EDGE('',*,*,#1540,.F.);
#1543=ORIENTED_EDGE('',*,*,#1542,.F.);
#1544=ORIENTED_EDGE('',*,*,#1512,.F.);
#1545=ORIENTED_EDGE('',*,*,#1377,.T.);
#1546=EDGE_LOOP('',(#1527,#1529,#1530,#1532,#1534,#1536,#1537,#1539,#1541,#1543,
#1544,#1545));
#1547=FACE_OUTER_BOUND('',#1546,.F.);
#1549=CARTESIAN_POINT('',(3.E2,-2.334443153264E1,-6.066625637249E1));
#1550=DIRECTION('',(0.E0,0.E0,1.E0));
#1551=DIRECTION('',(1.E0,0.E0,0.E0));
#1552=AXIS2_PLACEMENT_3D('',#1549,#1550,#1551);
#1553=PLANE('',#1552);
#1555=ORIENTED_EDGE('',*,*,#1554,.T.);
#1557=ORIENTED_EDGE('',*,*,#1556,.F.);
#1558=ORIENTED_EDGE('',*,*,#1540,.T.);
#1560=ORIENTED_EDGE('',*,*,#1559,.F.);
#1562=ORIENTED_EDGE('',*,*,#1561,.T.);
#1564=ORIENTED_EDGE('',*,*,#1563,.F.);
#1566=ORIENTED_EDGE('',*,*,#1565,.T.);
#1568=ORIENTED_EDGE('',*,*,#1567,.T.);
#1570=ORIENTED_EDGE('',*,*,#1569,.T.);
#1572=ORIENTED_EDGE('',*,*,#1571,.F.);
#1573=ORIENTED_EDGE('',*,*,#1526,.T.);
#1574=ORIENTED_EDGE('',*,*,#1375,.F.);
#1575=EDGE_LOOP('',(#1555,#1557,#1558,#1560,#1562,#1564,#1566,#1568,#1570,#1572,
#1573,#1574));
#1576=FACE_OUTER_BOUND('',#1575,.F.);
#1578=CARTESIAN_POINT('',(2.745105054185E2,4.817789392181E0,-6.066623367084E1));
#1579=DIRECTION('',(0.E0,1.E0,0.E0));
#1580=DIRECTION('',(0.E0,0.E0,1.E0));
#1581=AXIS2_PLACEMENT_3D('',#1578,#1579,#1580);
#1582=PLANE('',#1581);
#1583=ORIENTED_EDGE('',*,*,#1373,.T.);
#1584=ORIENTED_EDGE('',*,*,#1402,.T.);
#1586=ORIENTED_EDGE('',*,*,#1585,.F.);
#1587=ORIENTED_EDGE('',*,*,#1554,.F.);
#1588=EDGE_LOOP('',(#1583,#1584,#1586,#1587));
#1589=FACE_OUTER_BOUND('',#1588,.F.);
#1591=CARTESIAN_POINT('',(2.745105054185E2,4.817789392181E0,-6.066623367084E1));
#1592=DIRECTION('',(0.E0,1.E0,0.E0));
#1593=DIRECTION('',(0.E0,0.E0,1.E0));
#1594=AXIS2_PLACEMENT_3D('',#1591,#1592,#1593);
#1595=PLANE('',#1594);
#1597=ORIENTED_EDGE('',*,*,#1596,.F.);
#1598=ORIENTED_EDGE('',*,*,#1569,.F.);
#1600=ORIENTED_EDGE('',*,*,#1599,.T.);
#1601=ORIENTED_EDGE('',*,*,#1414,.T.);
#1602=EDGE_LOOP('',(#1597,#1598,#1600,#1601));
#1603=FACE_OUTER_BOUND('',#1602,.F.);
#1605=CARTESIAN_POINT('',(2.745105054185E2,4.817789392181E0,-6.066623367084E1));
#1606=DIRECTION('',(0.E0,1.E0,0.E0));
#1607=DIRECTION('',(0.E0,0.E0,1.E0));
#1608=AXIS2_PLACEMENT_3D('',#1605,#1606,#1607);
#1609=PLANE('',#1608);
#1611=ORIENTED_EDGE('',*,*,#1610,.T.);
#1612=ORIENTED_EDGE('',*,*,#1422,.T.);
#1614=ORIENTED_EDGE('',*,*,#1613,.F.);
#1615=ORIENTED_EDGE('',*,*,#1561,.F.);
#1616=EDGE_LOOP('',(#1611,#1612,#1614,#1615));
#1617=FACE_OUTER_BOUND('',#1616,.F.);
#1619=CARTESIAN_POINT('',(3.099999984758E2,9.816799259896E0,-5.694533918449E1));
#1620=DIRECTION('',(1.E0,0.E0,0.E0));
#1621=DIRECTION('',(0.E0,1.E0,0.E0));
#1622=AXIS2_PLACEMENT_3D('',#1619,#1620,#1621);
#1623=PLANE('',#1622);
#1624=ORIENTED_EDGE('',*,*,#1514,.F.);
#1625=ORIENTED_EDGE('',*,*,#1542,.T.);
#1626=ORIENTED_EDGE('',*,*,#1556,.T.);
#1627=ORIENTED_EDGE('',*,*,#1585,.T.);
#1628=ORIENTED_EDGE('',*,*,#1400,.T.);
#1629=ORIENTED_EDGE('',*,*,#1458,.T.);
#1630=ORIENTED_EDGE('',*,*,#1474,.F.);
#1631=ORIENTED_EDGE('',*,*,#1487,.F.);
#1632=ORIENTED_EDGE('',*,*,#1500,.F.);
#1633=EDGE_LOOP('',(#1624,#1625,#1626,#1627,#1628,#1629,#1630,#1631,#1632));
#1634=FACE_OUTER_BOUND('',#1633,.F.);
#1636=CARTESIAN_POINT('',(2.889999984758E2,6.317789392181E0,-6.066625637249E1));
#1637=DIRECTION('',(-1.E0,0.E0,0.E0));
#1638=DIRECTION('',(0.E0,-1.E0,0.E0));
#1639=AXIS2_PLACEMENT_3D('',#1636,#1637,#1638);
#1640=PLANE('',#1639);
#1641=ORIENTED_EDGE('',*,*,#1412,.F.);
#1642=ORIENTED_EDGE('',*,*,#1528,.T.);
#1643=ORIENTED_EDGE('',*,*,#1571,.T.);
#1644=ORIENTED_EDGE('',*,*,#1596,.T.);
#1645=EDGE_LOOP('',(#1641,#1642,#1643,#1644));
#1646=FACE_OUTER_BOUND('',#1645,.F.);
#1648=CARTESIAN_POINT('',(2.745105054185E2,0.E0,0.E0));
#1649=DIRECTION('',(1.E0,0.E0,0.E0));
#1650=DIRECTION('',(0.E0,1.E0,0.E0));
#1651=AXIS2_PLACEMENT_3D('',#1648,#1649,#1650);
#1652=PLANE('',#1651);
#1653=ORIENTED_EDGE('',*,*,#1599,.F.);
#1654=ORIENTED_EDGE('',*,*,#1567,.F.);
#1656=ORIENTED_EDGE('',*,*,#1655,.F.);
#1658=ORIENTED_EDGE('',*,*,#1657,.F.);
#1659=ORIENTED_EDGE('',*,*,#1416,.T.);
#1660=EDGE_LOOP('',(#1653,#1654,#1656,#1658,#1659));
#1661=FACE_OUTER_BOUND('',#1660,.F.);
#1663=CARTESIAN_POINT('',(3.249292222916E2,-8.428030407749E1,
-5.979005450544E1));
#1664=DIRECTION('',(0.E0,-8.715573975814E-2,-9.961946983533E-1));
#1665=DIRECTION('',(0.E0,9.961946983533E-1,-8.715573975814E-2));
#1666=AXIS2_PLACEMENT_3D('',#1663,#1664,#1665);
#1667=PLANE('',#1666);
#1668=ORIENTED_EDGE('',*,*,#1565,.F.);
#1670=ORIENTED_EDGE('',*,*,#1669,.F.);
#1672=ORIENTED_EDGE('',*,*,#1671,.T.);
#1673=ORIENTED_EDGE('',*,*,#1655,.T.);
#1674=EDGE_LOOP('',(#1668,#1670,#1672,#1673));
#1675=FACE_OUTER_BOUND('',#1674,.F.);
#1677=CARTESIAN_POINT('',(3.255105054185E2,0.E0,0.E0));
#1678=DIRECTION('',(1.E0,0.E0,0.E0));
#1679=DIRECTION('',(0.E0,1.E0,0.E0));
#1680=AXIS2_PLACEMENT_3D('',#1677,#1678,#1679);
#1681=PLANE('',#1680);
#1682=ORIENTED_EDGE('',*,*,#1613,.T.);
#1683=ORIENTED_EDGE('',*,*,#1420,.F.);
#1685=ORIENTED_EDGE('',*,*,#1684,.T.);
#1686=ORIENTED_EDGE('',*,*,#1669,.T.);
#1687=ORIENTED_EDGE('',*,*,#1563,.T.);
#1688=EDGE_LOOP('',(#1682,#1683,#1685,#1686,#1687));
#1689=FACE_OUTER_BOUND('',#1688,.F.);
#1691=CARTESIAN_POINT('',(9.956128105254E1,-9.052686793779E1,
-9.855215409920E1));
#1692=DIRECTION('',(0.E0,9.993908270191E-1,3.489949670250E-2));
#1693=DIRECTION('',(0.E0,-3.489949670250E-2,9.993908270191E-1));
#1694=AXIS2_PLACEMENT_3D('',#1691,#1692,#1693);
#1695=PLANE('',#1694);
#1696=ORIENTED_EDGE('',*,*,#1671,.F.);
#1697=ORIENTED_EDGE('',*,*,#1684,.F.);
#1698=ORIENTED_EDGE('',*,*,#1418,.T.);
#1699=ORIENTED_EDGE('',*,*,#1657,.T.);
#1700=EDGE_LOOP('',(#1696,#1697,#1698,#1699));
#1701=FACE_OUTER_BOUND('',#1700,.F.);
#1703=CARTESIAN_POINT('',(3.109999984758E2,4.817789392181E0,-6.066625637249E1));
#1704=DIRECTION('',(1.E0,0.E0,0.E0));
#1705=DIRECTION('',(0.E0,1.E0,0.E0));
#1706=AXIS2_PLACEMENT_3D('',#1703,#1704,#1705);
#1707=PLANE('',#1706);
#1708=ORIENTED_EDGE('',*,*,#1424,.F.);
#1709=ORIENTED_EDGE('',*,*,#1610,.F.);
#1710=ORIENTED_EDGE('',*,*,#1559,.T.);
#1711=ORIENTED_EDGE('',*,*,#1538,.F.);
#1712=EDGE_LOOP('',(#1708,#1709,#1710,#1711));
#1713=FACE_OUTER_BOUND('',#1712,.F.);
#1715=CARTESIAN_POINT('',(2.758070788837E2,3.460023508088E0,-4.877057153821E1));
#1716=DIRECTION('',(1.744974916068E-2,-1.744974916068E-2,-9.996954598819E-1));
#1717=DIRECTION('',(-9.998476951564E-1,0.E0,-1.745240643728E-2));
#1718=AXIS2_PLACEMENT_3D('',#1715,#1716,#1717);
#1719=CYLINDRICAL_SURFACE('',#1718,3.E0);
#1721=ORIENTED_EDGE('',*,*,#1720,.T.);
#1722=ORIENTED_EDGE('',*,*,#1531,.F.);
#1723=ORIENTED_EDGE('',*,*,#1444,.T.);
#1725=ORIENTED_EDGE('',*,*,#1724,.T.);
#1726=EDGE_LOOP('',(#1721,#1722,#1723,#1725));
#1727=FACE_OUTER_BOUND('',#1726,.F.);
#1729=CARTESIAN_POINT('',(3.E2,-2.334443153264E1,-6.246625637249E1));
#1730=DIRECTION('',(0.E0,0.E0,1.E0));
#1731=DIRECTION('',(1.E0,0.E0,0.E0));
#1732=AXIS2_PLACEMENT_3D('',#1729,#1730,#1731);
#1733=PLANE('',#1732);
#1734=ORIENTED_EDGE('',*,*,#1720,.F.);
#1736=ORIENTED_EDGE('',*,*,#1735,.F.);
#1738=ORIENTED_EDGE('',*,*,#1737,.F.);
#1740=ORIENTED_EDGE('',*,*,#1739,.F.);
#1742=ORIENTED_EDGE('',*,*,#1741,.F.);
#1743=ORIENTED_EDGE('',*,*,#1533,.T.);
#1744=EDGE_LOOP('',(#1734,#1736,#1738,#1740,#1742,#1743));
#1745=FACE_OUTER_BOUND('',#1744,.F.);
#1747=ORIENTED_EDGE('',*,*,#1746,.T.);
#1749=ORIENTED_EDGE('',*,*,#1748,.T.);
#1751=ORIENTED_EDGE('',*,*,#1750,.F.);
#1753=ORIENTED_EDGE('',*,*,#1752,.T.);
#1754=EDGE_LOOP('',(#1747,#1749,#1751,#1753));
#1755=FACE_BOUND('',#1754,.F.);
#1757=ORIENTED_EDGE('',*,*,#1756,.T.);
#1759=ORIENTED_EDGE('',*,*,#1758,.T.);
#1761=ORIENTED_EDGE('',*,*,#1760,.F.);
#1763=ORIENTED_EDGE('',*,*,#1762,.T.);
#1764=EDGE_LOOP('',(#1757,#1759,#1761,#1763));
#1765=FACE_BOUND('',#1764,.F.);
#1767=ORIENTED_EDGE('',*,*,#1766,.T.);
#1769=ORIENTED_EDGE('',*,*,#1768,.T.);
#1771=ORIENTED_EDGE('',*,*,#1770,.F.);
#1773=ORIENTED_EDGE('',*,*,#1772,.T.);
#1774=EDGE_LOOP('',(#1767,#1769,#1771,#1773));
#1775=FACE_BOUND('',#1774,.F.);
#1777=ORIENTED_EDGE('',*,*,#1776,.T.);
#1779=ORIENTED_EDGE('',*,*,#1778,.T.);
#1781=ORIENTED_EDGE('',*,*,#1780,.F.);
#1783=ORIENTED_EDGE('',*,*,#1782,.T.);
#1784=EDGE_LOOP('',(#1777,#1779,#1781,#1783));
#1785=FACE_BOUND('',#1784,.F.);
#1787=ORIENTED_EDGE('',*,*,#1786,.T.);
#1789=ORIENTED_EDGE('',*,*,#1788,.T.);
#1791=ORIENTED_EDGE('',*,*,#1790,.F.);
#1793=ORIENTED_EDGE('',*,*,#1792,.T.);
#1794=EDGE_LOOP('',(#1787,#1789,#1791,#1793));
#1795=FACE_BOUND('',#1794,.F.);
#1797=ORIENTED_EDGE('',*,*,#1796,.T.);
#1799=ORIENTED_EDGE('',*,*,#1798,.T.);
#1801=ORIENTED_EDGE('',*,*,#1800,.F.);
#1803=ORIENTED_EDGE('',*,*,#1802,.T.);
#1804=EDGE_LOOP('',(#1797,#1799,#1801,#1803));
#1805=FACE_BOUND('',#1804,.F.);
#1807=ORIENTED_EDGE('',*,*,#1806,.T.);
#1809=ORIENTED_EDGE('',*,*,#1808,.F.);
#1811=ORIENTED_EDGE('',*,*,#1810,.T.);
#1813=ORIENTED_EDGE('',*,*,#1812,.F.);
#1815=ORIENTED_EDGE('',*,*,#1814,.T.);
#1817=ORIENTED_EDGE('',*,*,#1816,.F.);
#1819=ORIENTED_EDGE('',*,*,#1818,.T.);
#1821=ORIENTED_EDGE('',*,*,#1820,.F.);
#1822=EDGE_LOOP('',(#1807,#1809,#1811,#1813,#1815,#1817,#1819,#1821));
#1823=FACE_BOUND('',#1822,.F.);
#1825=CARTESIAN_POINT('',(3.E2,-2.334443153264E1,-6.246625637249E1));
#1826=DIRECTION('',(0.E0,0.E0,1.E0));
#1827=DIRECTION('',(1.E0,0.E0,0.E0));
#1828=AXIS2_PLACEMENT_3D('',#1825,#1826,#1827);
#1829=PLANE('',#1828);
#1831=ORIENTED_EDGE('',*,*,#1830,.F.);
#1833=ORIENTED_EDGE('',*,*,#1832,.T.);
#1835=ORIENTED_EDGE('',*,*,#1834,.F.);
#1837=ORIENTED_EDGE('',*,*,#1836,.T.);
#1839=ORIENTED_EDGE('',*,*,#1838,.F.);
#1841=ORIENTED_EDGE('',*,*,#1840,.T.);
#1843=ORIENTED_EDGE('',*,*,#1842,.F.);
#1845=ORIENTED_EDGE('',*,*,#1844,.T.);
#1846=EDGE_LOOP('',(#1831,#1833,#1835,#1837,#1839,#1841,#1843,#1845));
#1847=FACE_OUTER_BOUND('',#1846,.F.);
#1849=CARTESIAN_POINT('',(2.729506838476E2,1.631951457590E1,-5.702387501345E1));
#1850=DIRECTION('',(9.998476951564E-1,0.E0,1.745240643728E-2));
#1851=DIRECTION('',(1.745240643728E-2,0.E0,-9.998476951564E-1));
#1852=AXIS2_PLACEMENT_3D('',#1849,#1850,#1851);
#1853=PLANE('',#1852);
#1854=ORIENTED_EDGE('',*,*,#1724,.F.);
#1855=ORIENTED_EDGE('',*,*,#1442,.T.);
#1857=ORIENTED_EDGE('',*,*,#1856,.F.);
#1859=ORIENTED_EDGE('',*,*,#1858,.F.);
#1861=ORIENTED_EDGE('',*,*,#1860,.T.);
#1863=ORIENTED_EDGE('',*,*,#1862,.F.);
#1864=ORIENTED_EDGE('',*,*,#1735,.T.);
#1865=EDGE_LOOP('',(#1854,#1855,#1857,#1859,#1861,#1863,#1864));
#1866=FACE_OUTER_BOUND('',#1865,.F.);
#1868=CARTESIAN_POINT('',(2.759499984758E2,-8.169609622552E1,
-5.694533918449E1));
#1869=DIRECTION('',(0.E0,-9.998476951564E-1,1.745240643728E-2));
#1870=DIRECTION('',(0.E0,-1.745240643728E-2,-9.998476951564E-1));
#1871=AXIS2_PLACEMENT_3D('',#1868,#1869,#1870);
#1872=PLANE('',#1871);
#1874=ORIENTED_EDGE('',*,*,#1873,.F.);
#1875=ORIENTED_EDGE('',*,*,#1856,.T.);
#1876=ORIENTED_EDGE('',*,*,#1440,.F.);
#1878=ORIENTED_EDGE('',*,*,#1877,.F.);
#1879=EDGE_LOOP('',(#1874,#1875,#1876,#1878));
#1880=FACE_OUTER_BOUND('',#1879,.F.);
#1882=CARTESIAN_POINT('',(2.759499984758E2,-8.170002276776E1,
-5.779539058574E1));
#1883=DIRECTION('',(0.E0,2.617694830787E-2,-9.996573249756E-1));
#1884=DIRECTION('',(0.E0,9.996573249756E-1,2.617694830787E-2));
#1885=AXIS2_PLACEMENT_3D('',#1882,#1883,#1884);
#1886=PLANE('',#1885);
#1888=ORIENTED_EDGE('',*,*,#1887,.F.);
#1889=ORIENTED_EDGE('',*,*,#1858,.T.);
#1890=ORIENTED_EDGE('',*,*,#1873,.T.);
#1892=ORIENTED_EDGE('',*,*,#1891,.T.);
#1893=EDGE_LOOP('',(#1888,#1889,#1890,#1892));
#1894=FACE_OUTER_BOUND('',#1893,.F.);
#1896=CARTESIAN_POINT('',(2.762499984758E2,-9.178695767119E1,
-6.234533918449E1));
#1897=DIRECTION('',(0.E0,1.E0,0.E0));
#1898=DIRECTION('',(0.E0,0.E0,1.E0));
#1899=AXIS2_PLACEMENT_3D('',#1896,#1897,#1898);
#1900=PLANE('',#1899);
#1902=ORIENTED_EDGE('',*,*,#1901,.F.);
#1904=ORIENTED_EDGE('',*,*,#1903,.T.);
#1905=ORIENTED_EDGE('',*,*,#1860,.F.);
#1906=ORIENTED_EDGE('',*,*,#1887,.T.);
#1907=EDGE_LOOP('',(#1902,#1904,#1905,#1906));
#1908=FACE_OUTER_BOUND('',#1907,.F.);
#1910=CARTESIAN_POINT('',(2.717506838476E2,1.281951457590E1,-5.702387501345E1));
#1911=DIRECTION('',(9.998476951564E-1,0.E0,1.745240643728E-2));
#1912=DIRECTION('',(1.745240643728E-2,0.E0,-9.998476951564E-1));
#1913=AXIS2_PLACEMENT_3D('',#1910,#1911,#1912);
#1914=PLANE('',#1913);
#1916=ORIENTED_EDGE('',*,*,#1915,.F.);
#1918=ORIENTED_EDGE('',*,*,#1917,.F.);
#1920=ORIENTED_EDGE('',*,*,#1919,.F.);
#1921=ORIENTED_EDGE('',*,*,#1901,.T.);
#1922=ORIENTED_EDGE('',*,*,#1891,.F.);
#1923=ORIENTED_EDGE('',*,*,#1877,.T.);
#1924=ORIENTED_EDGE('',*,*,#1438,.T.);
#1925=EDGE_LOOP('',(#1916,#1918,#1920,#1921,#1922,#1923,#1924));
#1926=FACE_OUTER_BOUND('',#1925,.F.);
#1928=CARTESIAN_POINT('',(9.956128105254E1,-9.202595417832E1,
-9.860450334425E1));
#1929=DIRECTION('',(0.E0,9.993908270191E-1,3.489949670250E-2));
#1930=DIRECTION('',(0.E0,-3.489949670250E-2,9.993908270191E-1));
#1931=AXIS2_PLACEMENT_3D('',#1928,#1929,#1930);
#1932=PLANE('',#1931);
#1933=ORIENTED_EDGE('',*,*,#1436,.F.);
#1935=ORIENTED_EDGE('',*,*,#1934,.T.);
#1937=ORIENTED_EDGE('',*,*,#1936,.T.);
#1938=ORIENTED_EDGE('',*,*,#1915,.T.);
#1939=EDGE_LOOP('',(#1933,#1935,#1937,#1938));
#1940=FACE_OUTER_BOUND('',#1939,.F.);
#1942=CARTESIAN_POINT('',(3.282493131040E2,1.281951457590E1,-5.702387501345E1));
#1943=DIRECTION('',(-9.998476951564E-1,0.E0,1.745240643728E-2));
#1944=DIRECTION('',(1.745240643728E-2,0.E0,9.998476951564E-1));
#1945=AXIS2_PLACEMENT_3D('',#1942,#1943,#1944);
#1946=PLANE('',#1945);
#1947=ORIENTED_EDGE('',*,*,#1934,.F.);
#1948=ORIENTED_EDGE('',*,*,#1434,.T.);
#1950=ORIENTED_EDGE('',*,*,#1949,.F.);
#1952=ORIENTED_EDGE('',*,*,#1951,.F.);
#1954=ORIENTED_EDGE('',*,*,#1953,.T.);
#1956=ORIENTED_EDGE('',*,*,#1955,.F.);
#1958=ORIENTED_EDGE('',*,*,#1957,.F.);
#1959=EDGE_LOOP('',(#1947,#1948,#1950,#1952,#1954,#1956,#1958));
#1960=FACE_OUTER_BOUND('',#1959,.F.);
#1962=CARTESIAN_POINT('',(3.240499984758E2,-8.169609622552E1,
-5.694533918449E1));
#1963=DIRECTION('',(0.E0,-9.998476951564E-1,1.745240643728E-2));
#1964=DIRECTION('',(0.E0,-1.745240643728E-2,-9.998476951564E-1));
#1965=AXIS2_PLACEMENT_3D('',#1962,#1963,#1964);
#1966=PLANE('',#1965);
#1968=ORIENTED_EDGE('',*,*,#1967,.F.);
#1969=ORIENTED_EDGE('',*,*,#1949,.T.);
#1970=ORIENTED_EDGE('',*,*,#1432,.T.);
#1972=ORIENTED_EDGE('',*,*,#1971,.F.);
#1973=EDGE_LOOP('',(#1968,#1969,#1970,#1972));
#1974=FACE_OUTER_BOUND('',#1973,.F.);
#1976=CARTESIAN_POINT('',(3.240499984758E2,-8.170002276776E1,
-5.779539058574E1));
#1977=DIRECTION('',(0.E0,2.617694830787E-2,-9.996573249756E-1));
#1978=DIRECTION('',(0.E0,9.996573249756E-1,2.617694830787E-2));
#1979=AXIS2_PLACEMENT_3D('',#1976,#1977,#1978);
#1980=PLANE('',#1979);
#1981=ORIENTED_EDGE('',*,*,#1951,.T.);
#1982=ORIENTED_EDGE('',*,*,#1967,.T.);
#1984=ORIENTED_EDGE('',*,*,#1983,.T.);
#1986=ORIENTED_EDGE('',*,*,#1985,.T.);
#1987=EDGE_LOOP('',(#1981,#1982,#1984,#1986));
#1988=FACE_OUTER_BOUND('',#1987,.F.);
#1990=CARTESIAN_POINT('',(3.270493131040E2,1.631951457590E1,-5.702387501345E1));
#1991=DIRECTION('',(-9.998476951564E-1,0.E0,1.745240643728E-2));
#1992=DIRECTION('',(1.745240643728E-2,0.E0,9.998476951564E-1));
#1993=AXIS2_PLACEMENT_3D('',#1990,#1991,#1992);
#1994=PLANE('',#1993);
#1996=ORIENTED_EDGE('',*,*,#1995,.T.);
#1997=ORIENTED_EDGE('',*,*,#1739,.T.);
#1999=ORIENTED_EDGE('',*,*,#1998,.F.);
#2001=ORIENTED_EDGE('',*,*,#2000,.T.);
#2002=ORIENTED_EDGE('',*,*,#1983,.F.);
#2003=ORIENTED_EDGE('',*,*,#1971,.T.);
#2004=ORIENTED_EDGE('',*,*,#1430,.F.);
#2005=EDGE_LOOP('',(#1996,#1997,#1999,#2001,#2002,#2003,#2004));
#2006=FACE_OUTER_BOUND('',#2005,.F.);
#2008=CARTESIAN_POINT('',(3.241929180680E2,3.460023508088E0,-4.877057153821E1));
#2009=DIRECTION('',(-1.744974916068E-2,-1.744974916068E-2,-9.996954598819E-1));
#2010=DIRECTION('',(0.E0,9.998476951564E-1,-1.745240643728E-2));
#2011=AXIS2_PLACEMENT_3D('',#2008,#2009,#2010);
#2012=CYLINDRICAL_SURFACE('',#2011,3.E0);
#2013=ORIENTED_EDGE('',*,*,#1741,.T.);
#2014=ORIENTED_EDGE('',*,*,#1995,.F.);
#2015=ORIENTED_EDGE('',*,*,#1428,.T.);
#2016=ORIENTED_EDGE('',*,*,#1535,.T.);
#2017=EDGE_LOOP('',(#2013,#2014,#2015,#2016));
#2018=FACE_OUTER_BOUND('',#2017,.F.);
#2020=CARTESIAN_POINT('',(3.249292222916E2,-8.443718440906E1,
-6.158320496248E1));
#2021=DIRECTION('',(0.E0,-8.715573975814E-2,-9.961946983533E-1));
#2022=DIRECTION('',(0.E0,9.961946983533E-1,-8.715573975814E-2));
#2023=AXIS2_PLACEMENT_3D('',#2020,#2021,#2022);
#2024=PLANE('',#2023);
#2026=ORIENTED_EDGE('',*,*,#2025,.T.);
#2027=ORIENTED_EDGE('',*,*,#1955,.T.);
#2029=ORIENTED_EDGE('',*,*,#2028,.F.);
#2030=ORIENTED_EDGE('',*,*,#1998,.T.);
#2031=ORIENTED_EDGE('',*,*,#1737,.T.);
#2032=ORIENTED_EDGE('',*,*,#1862,.T.);
#2033=ORIENTED_EDGE('',*,*,#1903,.F.);
#2034=ORIENTED_EDGE('',*,*,#1919,.T.);
#2035=EDGE_LOOP('',(#2026,#2027,#2029,#2030,#2031,#2032,#2033,#2034));
#2036=FACE_OUTER_BOUND('',#2035,.F.);
#2038=CARTESIAN_POINT('',(9.956128105254E1,-9.287141227897E1,
-6.035343394350E1));
#2039=DIRECTION('',(-1.E0,0.E0,0.E0));
#2040=DIRECTION('',(0.E0,0.E0,1.E0));
#2041=AXIS2_PLACEMENT_3D('',#2038,#2039,#2040);
#2042=CYLINDRICAL_SURFACE('',#2041,4.9E-1);
#2043=ORIENTED_EDGE('',*,*,#1936,.F.);
#2044=ORIENTED_EDGE('',*,*,#1957,.T.);
#2045=ORIENTED_EDGE('',*,*,#2025,.F.);
#2046=ORIENTED_EDGE('',*,*,#1917,.T.);
#2047=EDGE_LOOP('',(#2043,#2044,#2045,#2046));
#2048=FACE_OUTER_BOUND('',#2047,.F.);
#2050=CARTESIAN_POINT('',(3.237499984758E2,-9.178695767119E1,
-6.234533918449E1));
#2051=DIRECTION('',(0.E0,1.E0,0.E0));
#2052=DIRECTION('',(0.E0,0.E0,1.E0));
#2053=AXIS2_PLACEMENT_3D('',#2050,#2051,#2052);
#2054=PLANE('',#2053);
#2055=ORIENTED_EDGE('',*,*,#1953,.F.);
#2056=ORIENTED_EDGE('',*,*,#1985,.F.);
#2057=ORIENTED_EDGE('',*,*,#2000,.F.);
#2058=ORIENTED_EDGE('',*,*,#2028,.T.);
#2059=EDGE_LOOP('',(#2055,#2056,#2057,#2058));
#2060=FACE_OUTER_BOUND('',#2059,.F.);
#2062=CARTESIAN_POINT('',(3.167999984758E2,-2.217010773639E1,
-6.321625637249E1));
#2063=DIRECTION('',(0.E0,0.E0,-1.E0));
#2064=DIRECTION('',(-1.E0,0.E0,0.E0));
#2065=AXIS2_PLACEMENT_3D('',#2062,#2063,#2064);
#2066=TOROIDAL_SURFACE('',#2065,1.299038105677E0,7.5E-1);
#2068=ORIENTED_EDGE('',*,*,#2067,.F.);
#2070=ORIENTED_EDGE('',*,*,#2069,.T.);
#2072=ORIENTED_EDGE('',*,*,#2071,.F.);
#2073=ORIENTED_EDGE('',*,*,#1746,.F.);
#2074=EDGE_LOOP('',(#2068,#2070,#2072,#2073));
#2075=FACE_OUTER_BOUND('',#2074,.F.);
#2077=CARTESIAN_POINT('',(2.774499984758E2,-2.087106963071E1,
-6.321625637249E1));
#2078=DIRECTION('',(1.E0,0.E0,0.E0));
#2079=DIRECTION('',(0.E0,0.E0,-1.E0));
#2080=AXIS2_PLACEMENT_3D('',#2077,#2078,#2079);
#2081=CYLINDRICAL_SURFACE('',#2080,7.5E-1);
#2082=ORIENTED_EDGE('',*,*,#2067,.T.);
#2083=ORIENTED_EDGE('',*,*,#1752,.F.);
#2085=ORIENTED_EDGE('',*,*,#2084,.T.);
#2087=ORIENTED_EDGE('',*,*,#2086,.F.);
#2088=EDGE_LOOP('',(#2082,#2083,#2085,#2087));
#2089=FACE_OUTER_BOUND('',#2088,.F.);
#2091=CARTESIAN_POINT('',(2.831999984758E2,-2.217010773639E1,
-6.321625637249E1));
#2092=DIRECTION('',(0.E0,0.E0,-1.E0));
#2093=DIRECTION('',(-1.E0,0.E0,0.E0));
#2094=AXIS2_PLACEMENT_3D('',#2091,#2092,#2093);
#2095=TOROIDAL_SURFACE('',#2094,1.299038105677E0,7.5E-1);
#2097=ORIENTED_EDGE('',*,*,#2096,.F.);
#2099=ORIENTED_EDGE('',*,*,#2098,.T.);
#2101=ORIENTED_EDGE('',*,*,#2100,.T.);
#2102=ORIENTED_EDGE('',*,*,#2084,.F.);
#2103=ORIENTED_EDGE('',*,*,#1750,.T.);
#2104=EDGE_LOOP('',(#2097,#2099,#2101,#2102,#2103));
#2105=FACE_OUTER_BOUND('',#2104,.F.);
#2107=CARTESIAN_POINT('',(2.774499984758E2,-2.346914584207E1,
-6.321625637249E1));
#2108=DIRECTION('',(1.E0,0.E0,0.E0));
#2109=DIRECTION('',(0.E0,0.E0,-1.E0));
#2110=AXIS2_PLACEMENT_3D('',#2107,#2108,#2109);
#2111=CYLINDRICAL_SURFACE('',#2110,7.5E-1);
#2112=ORIENTED_EDGE('',*,*,#2071,.T.);
#2114=ORIENTED_EDGE('',*,*,#2113,.F.);
#2115=ORIENTED_EDGE('',*,*,#2096,.T.);
#2116=ORIENTED_EDGE('',*,*,#1748,.F.);
#2117=EDGE_LOOP('',(#2112,#2114,#2115,#2116));
#2118=FACE_OUTER_BOUND('',#2117,.F.);
#2120=CARTESIAN_POINT('',(2.774499984758E2,-2.217010773639E1,
-6.246625637249E1));
#2121=DIRECTION('',(1.E0,0.E0,0.E0));
#2122=DIRECTION('',(0.E0,0.E0,-1.E0));
#2123=AXIS2_PLACEMENT_3D('',#2120,#2121,#2122);
#2124=CYLINDRICAL_SURFACE('',#2123,7.5E-1);
#2126=ORIENTED_EDGE('',*,*,#2125,.T.);
#2127=ORIENTED_EDGE('',*,*,#2113,.T.);
#2129=ORIENTED_EDGE('',*,*,#2128,.T.);
#2130=ORIENTED_EDGE('',*,*,#2086,.T.);
#2131=EDGE_LOOP('',(#2126,#2127,#2129,#2130));
#2132=FACE_OUTER_BOUND('',#2131,.F.);
#2134=CARTESIAN_POINT('',(2.831999984758E2,-2.217010773639E1,
-6.246625637249E1));
#2135=DIRECTION('',(0.E0,-8.660254037844E-1,-5.E-1));
#2136=DIRECTION('',(1.E0,0.E0,0.E0));
#2137=AXIS2_PLACEMENT_3D('',#2134,#2135,#2136);
#2138=SPHERICAL_SURFACE('',#2137,7.5E-1);
#2139=ORIENTED_EDGE('',*,*,#2125,.F.);
#2140=ORIENTED_EDGE('',*,*,#2100,.F.);
#2141=ORIENTED_EDGE('',*,*,#2098,.F.);
#2142=EDGE_LOOP('',(#2139,#2140,#2141));
#2143=FACE_OUTER_BOUND('',#2142,.F.);
#2145=CARTESIAN_POINT('',(3.167999984758E2,-2.217010773639E1,
-6.246625637249E1));
#2146=DIRECTION('',(0.E0,8.660254037844E-1,-5.E-1));
#2147=DIRECTION('',(1.E0,0.E0,0.E0));
#2148=AXIS2_PLACEMENT_3D('',#2145,#2146,#2147);
#2149=SPHERICAL_SURFACE('',#2148,7.5E-1);
#2150=ORIENTED_EDGE('',*,*,#2128,.F.);
#2151=ORIENTED_EDGE('',*,*,#2069,.F.);
#2152=EDGE_LOOP('',(#2150,#2151));
#2153=FACE_OUTER_BOUND('',#2152,.F.);
#2155=CARTESIAN_POINT('',(3.167999984758E2,-3.217010773639E1,
-6.321625637249E1));
#2156=DIRECTION('',(0.E0,0.E0,-1.E0));
#2157=DIRECTION('',(-1.E0,0.E0,0.E0));
#2158=AXIS2_PLACEMENT_3D('',#2155,#2156,#2157);
#2159=TOROIDAL_SURFACE('',#2158,1.299038105677E0,7.5E-1);
#2161=ORIENTED_EDGE('',*,*,#2160,.F.);
#2163=ORIENTED_EDGE('',*,*,#2162,.T.);
#2165=ORIENTED_EDGE('',*,*,#2164,.F.);
#2166=ORIENTED_EDGE('',*,*,#1756,.F.);
#2167=EDGE_LOOP('',(#2161,#2163,#2165,#2166));
#2168=FACE_OUTER_BOUND('',#2167,.F.);
#2170=CARTESIAN_POINT('',(2.774499984758E2,-3.087106963071E1,
-6.321625637249E1));
#2171=DIRECTION('',(1.E0,0.E0,0.E0));
#2172=DIRECTION('',(0.E0,0.E0,-1.E0));
#2173=AXIS2_PLACEMENT_3D('',#2170,#2171,#2172);
#2174=CYLINDRICAL_SURFACE('',#2173,7.5E-1);
#2175=ORIENTED_EDGE('',*,*,#2160,.T.);
#2176=ORIENTED_EDGE('',*,*,#1762,.F.);
#2178=ORIENTED_EDGE('',*,*,#2177,.T.);
#2180=ORIENTED_EDGE('',*,*,#2179,.F.);
#2181=EDGE_LOOP('',(#2175,#2176,#2178,#2180));
#2182=FACE_OUTER_BOUND('',#2181,.F.);
#2184=CARTESIAN_POINT('',(2.831999984758E2,-3.217010773639E1,
-6.321625637249E1));
#2185=DIRECTION('',(0.E0,0.E0,-1.E0));
#2186=DIRECTION('',(-1.E0,0.E0,0.E0));
#2187=AXIS2_PLACEMENT_3D('',#2184,#2185,#2186);
#2188=TOROIDAL_SURFACE('',#2187,1.299038105677E0,7.5E-1);
#2190=ORIENTED_EDGE('',*,*,#2189,.F.);
#2192=ORIENTED_EDGE('',*,*,#2191,.T.);
#2194=ORIENTED_EDGE('',*,*,#2193,.T.);
#2195=ORIENTED_EDGE('',*,*,#2177,.F.);
#2196=ORIENTED_EDGE('',*,*,#1760,.T.);
#2197=EDGE_LOOP('',(#2190,#2192,#2194,#2195,#2196));
#2198=FACE_OUTER_BOUND('',#2197,.F.);
#2200=CARTESIAN_POINT('',(2.774499984758E2,-3.346914584207E1,
-6.321625637249E1));
#2201=DIRECTION('',(1.E0,0.E0,0.E0));
#2202=DIRECTION('',(0.E0,0.E0,-1.E0));
#2203=AXIS2_PLACEMENT_3D('',#2200,#2201,#2202);
#2204=CYLINDRICAL_SURFACE('',#2203,7.5E-1);
#2205=ORIENTED_EDGE('',*,*,#2164,.T.);
#2207=ORIENTED_EDGE('',*,*,#2206,.F.);
#2208=ORIENTED_EDGE('',*,*,#2189,.T.);
#2209=ORIENTED_EDGE('',*,*,#1758,.F.);
#2210=EDGE_LOOP('',(#2205,#2207,#2208,#2209));
#2211=FACE_OUTER_BOUND('',#2210,.F.);
#2213=CARTESIAN_POINT('',(2.774499984758E2,-3.217010773639E1,
-6.246625637249E1));
#2214=DIRECTION('',(1.E0,0.E0,0.E0));
#2215=DIRECTION('',(0.E0,0.E0,-1.E0));
#2216=AXIS2_PLACEMENT_3D('',#2213,#2214,#2215);
#2217=CYLINDRICAL_SURFACE('',#2216,7.5E-1);
#2219=ORIENTED_EDGE('',*,*,#2218,.T.);
#2220=ORIENTED_EDGE('',*,*,#2206,.T.);
#2222=ORIENTED_EDGE('',*,*,#2221,.T.);
#2223=ORIENTED_EDGE('',*,*,#2179,.T.);
#2224=EDGE_LOOP('',(#2219,#2220,#2222,#2223));
#2225=FACE_OUTER_BOUND('',#2224,.F.);
#2227=CARTESIAN_POINT('',(2.831999984758E2,-3.217010773639E1,
-6.246625637249E1));
#2228=DIRECTION('',(0.E0,-8.660254037844E-1,-5.E-1));
#2229=DIRECTION('',(1.E0,0.E0,0.E0));
#2230=AXIS2_PLACEMENT_3D('',#2227,#2228,#2229);
#2231=SPHERICAL_SURFACE('',#2230,7.5E-1);
#2232=ORIENTED_EDGE('',*,*,#2218,.F.);
#2233=ORIENTED_EDGE('',*,*,#2193,.F.);
#2234=ORIENTED_EDGE('',*,*,#2191,.F.);
#2235=EDGE_LOOP('',(#2232,#2233,#2234));
#2236=FACE_OUTER_BOUND('',#2235,.F.);
#2238=CARTESIAN_POINT('',(3.167999984758E2,-3.217010773639E1,
-6.246625637249E1));
#2239=DIRECTION('',(0.E0,-8.660254037844E-1,-5.E-1));
#2240=DIRECTION('',(1.E0,0.E0,0.E0));
#2241=AXIS2_PLACEMENT_3D('',#2238,#2239,#2240);
#2242=SPHERICAL_SURFACE('',#2241,7.5E-1);
#2243=ORIENTED_EDGE('',*,*,#2221,.F.);
#2244=ORIENTED_EDGE('',*,*,#2162,.F.);
#2245=EDGE_LOOP('',(#2243,#2244));
#2246=FACE_OUTER_BOUND('',#2245,.F.);
#2248=CARTESIAN_POINT('',(3.167999984758E2,-3.717010773639E1,
-6.321625637249E1));
#2249=DIRECTION('',(0.E0,0.E0,-1.E0));
#2250=DIRECTION('',(-1.E0,0.E0,0.E0));
#2251=AXIS2_PLACEMENT_3D('',#2248,#2249,#2250);
#2252=TOROIDAL_SURFACE('',#2251,1.299038105677E0,7.5E-1);
#2254=ORIENTED_EDGE('',*,*,#2253,.F.);
#2256=ORIENTED_EDGE('',*,*,#2255,.T.);
#2258=ORIENTED_EDGE('',*,*,#2257,.F.);
#2259=ORIENTED_EDGE('',*,*,#1766,.F.);
#2260=EDGE_LOOP('',(#2254,#2256,#2258,#2259));
#2261=FACE_OUTER_BOUND('',#2260,.F.);
#2263=CARTESIAN_POINT('',(2.774499984758E2,-3.587106963071E1,
-6.321625637249E1));
#2264=DIRECTION('',(1.E0,0.E0,0.E0));
#2265=DIRECTION('',(0.E0,0.E0,-1.E0));
#2266=AXIS2_PLACEMENT_3D('',#2263,#2264,#2265);
#2267=CYLINDRICAL_SURFACE('',#2266,7.5E-1);
#2268=ORIENTED_EDGE('',*,*,#2253,.T.);
#2269=ORIENTED_EDGE('',*,*,#1772,.F.);
#2271=ORIENTED_EDGE('',*,*,#2270,.T.);
#2273=ORIENTED_EDGE('',*,*,#2272,.F.);
#2274=EDGE_LOOP('',(#2268,#2269,#2271,#2273));
#2275=FACE_OUTER_BOUND('',#2274,.F.);
#2277=CARTESIAN_POINT('',(2.831999984758E2,-3.717010773639E1,
-6.321625637249E1));
#2278=DIRECTION('',(0.E0,0.E0,-1.E0));
#2279=DIRECTION('',(-1.E0,0.E0,0.E0));
#2280=AXIS2_PLACEMENT_3D('',#2277,#2278,#2279);
#2281=TOROIDAL_SURFACE('',#2280,1.299038105677E0,7.5E-1);
#2283=ORIENTED_EDGE('',*,*,#2282,.F.);
#2285=ORIENTED_EDGE('',*,*,#2284,.T.);
#2287=ORIENTED_EDGE('',*,*,#2286,.T.);
#2288=ORIENTED_EDGE('',*,*,#2270,.F.);
#2289=ORIENTED_EDGE('',*,*,#1770,.T.);
#2290=EDGE_LOOP('',(#2283,#2285,#2287,#2288,#2289));
#2291=FACE_OUTER_BOUND('',#2290,.F.);
#2293=CARTESIAN_POINT('',(2.774499984758E2,-3.846914584207E1,
-6.321625637249E1));
#2294=DIRECTION('',(1.E0,0.E0,0.E0));
#2295=DIRECTION('',(0.E0,0.E0,-1.E0));
#2296=AXIS2_PLACEMENT_3D('',#2293,#2294,#2295);
#2297=CYLINDRICAL_SURFACE('',#2296,7.5E-1);
#2298=ORIENTED_EDGE('',*,*,#2257,.T.);
#2300=ORIENTED_EDGE('',*,*,#2299,.F.);
#2301=ORIENTED_EDGE('',*,*,#2282,.T.);
#2302=ORIENTED_EDGE('',*,*,#1768,.F.);
#2303=EDGE_LOOP('',(#2298,#2300,#2301,#2302));
#2304=FACE_OUTER_BOUND('',#2303,.F.);
#2306=CARTESIAN_POINT('',(2.774499984758E2,-3.717010773639E1,
-6.246625637249E1));
#2307=DIRECTION('',(1.E0,0.E0,0.E0));
#2308=DIRECTION('',(0.E0,0.E0,-1.E0));
#2309=AXIS2_PLACEMENT_3D('',#2306,#2307,#2308);
#2310=CYLINDRICAL_SURFACE('',#2309,7.5E-1);
#2312=ORIENTED_EDGE('',*,*,#2311,.T.);
#2313=ORIENTED_EDGE('',*,*,#2299,.T.);
#2315=ORIENTED_EDGE('',*,*,#2314,.T.);
#2316=ORIENTED_EDGE('',*,*,#2272,.T.);
#2317=EDGE_LOOP('',(#2312,#2313,#2315,#2316));
#2318=FACE_OUTER_BOUND('',#2317,.F.);
#2320=CARTESIAN_POINT('',(2.831999984758E2,-3.717010773639E1,
-6.246625637249E1));
#2321=DIRECTION('',(0.E0,-8.660254037844E-1,-5.E-1));
#2322=DIRECTION('',(1.E0,0.E0,0.E0));
#2323=AXIS2_PLACEMENT_3D('',#2320,#2321,#2322);
#2324=SPHERICAL_SURFACE('',#2323,7.5E-1);
#2325=ORIENTED_EDGE('',*,*,#2311,.F.);
#2326=ORIENTED_EDGE('',*,*,#2286,.F.);
#2327=ORIENTED_EDGE('',*,*,#2284,.F.);
#2328=EDGE_LOOP('',(#2325,#2326,#2327));
#2329=FACE_OUTER_BOUND('',#2328,.F.);
#2331=CARTESIAN_POINT('',(3.167999984758E2,-3.717010773639E1,
-6.246625637249E1));
#2332=DIRECTION('',(0.E0,-8.660254037844E-1,-5.E-1));
#2333=DIRECTION('',(1.E0,0.E0,0.E0));
#2334=AXIS2_PLACEMENT_3D('',#2331,#2332,#2333);
#2335=SPHERICAL_SURFACE('',#2334,7.5E-1);
#2336=ORIENTED_EDGE('',*,*,#2314,.F.);
#2337=ORIENTED_EDGE('',*,*,#2255,.F.);
#2338=EDGE_LOOP('',(#2336,#2337));
#2339=FACE_OUTER_BOUND('',#2338,.F.);
#2341=CARTESIAN_POINT('',(3.167999984758E2,-2.717010773639E1,
-6.321625637249E1));
#2342=DIRECTION('',(0.E0,0.E0,-1.E0));
#2343=DIRECTION('',(-1.E0,0.E0,0.E0));
#2344=AXIS2_PLACEMENT_3D('',#2341,#2342,#2343);
#2345=TOROIDAL_SURFACE('',#2344,1.299038105677E0,7.5E-1);
#2347=ORIENTED_EDGE('',*,*,#2346,.F.);
#2349=ORIENTED_EDGE('',*,*,#2348,.T.);
#2351=ORIENTED_EDGE('',*,*,#2350,.F.);
#2352=ORIENTED_EDGE('',*,*,#1776,.F.);
#2353=EDGE_LOOP('',(#2347,#2349,#2351,#2352));
#2354=FACE_OUTER_BOUND('',#2353,.F.);
#2356=CARTESIAN_POINT('',(2.774499984758E2,-2.587106963071E1,
-6.321625637249E1));
#2357=DIRECTION('',(1.E0,0.E0,0.E0));
#2358=DIRECTION('',(0.E0,0.E0,-1.E0));
#2359=AXIS2_PLACEMENT_3D('',#2356,#2357,#2358);
#2360=CYLINDRICAL_SURFACE('',#2359,7.5E-1);
#2361=ORIENTED_EDGE('',*,*,#2346,.T.);
#2362=ORIENTED_EDGE('',*,*,#1782,.F.);
#2364=ORIENTED_EDGE('',*,*,#2363,.T.);
#2366=ORIENTED_EDGE('',*,*,#2365,.F.);
#2367=EDGE_LOOP('',(#2361,#2362,#2364,#2366));
#2368=FACE_OUTER_BOUND('',#2367,.F.);
#2370=CARTESIAN_POINT('',(2.831999984758E2,-2.717010773639E1,
-6.321625637249E1));
#2371=DIRECTION('',(0.E0,0.E0,-1.E0));
#2372=DIRECTION('',(-1.E0,0.E0,0.E0));
#2373=AXIS2_PLACEMENT_3D('',#2370,#2371,#2372);
#2374=TOROIDAL_SURFACE('',#2373,1.299038105677E0,7.5E-1);
#2376=ORIENTED_EDGE('',*,*,#2375,.F.);
#2378=ORIENTED_EDGE('',*,*,#2377,.T.);
#2380=ORIENTED_EDGE('',*,*,#2379,.T.);
#2381=ORIENTED_EDGE('',*,*,#2363,.F.);
#2382=ORIENTED_EDGE('',*,*,#1780,.T.);
#2383=EDGE_LOOP('',(#2376,#2378,#2380,#2381,#2382));
#2384=FACE_OUTER_BOUND('',#2383,.F.);
#2386=CARTESIAN_POINT('',(2.774499984758E2,-2.846914584207E1,
-6.321625637249E1));
#2387=DIRECTION('',(1.E0,0.E0,0.E0));
#2388=DIRECTION('',(0.E0,0.E0,-1.E0));
#2389=AXIS2_PLACEMENT_3D('',#2386,#2387,#2388);
#2390=CYLINDRICAL_SURFACE('',#2389,7.5E-1);
#2391=ORIENTED_EDGE('',*,*,#2350,.T.);
#2393=ORIENTED_EDGE('',*,*,#2392,.F.);
#2394=ORIENTED_EDGE('',*,*,#2375,.T.);
#2395=ORIENTED_EDGE('',*,*,#1778,.F.);
#2396=EDGE_LOOP('',(#2391,#2393,#2394,#2395));
#2397=FACE_OUTER_BOUND('',#2396,.F.);
#2399=CARTESIAN_POINT('',(2.774499984758E2,-2.717010773639E1,
-6.246625637249E1));
#2400=DIRECTION('',(1.E0,0.E0,0.E0));
#2401=DIRECTION('',(0.E0,0.E0,-1.E0));
#2402=AXIS2_PLACEMENT_3D('',#2399,#2400,#2401);
#2403=CYLINDRICAL_SURFACE('',#2402,7.5E-1);
#2405=ORIENTED_EDGE('',*,*,#2404,.T.);
#2406=ORIENTED_EDGE('',*,*,#2392,.T.);
#2408=ORIENTED_EDGE('',*,*,#2407,.T.);
#2409=ORIENTED_EDGE('',*,*,#2365,.T.);
#2410=EDGE_LOOP('',(#2405,#2406,#2408,#2409));
#2411=FACE_OUTER_BOUND('',#2410,.F.);
#2413=CARTESIAN_POINT('',(2.831999984758E2,-2.717010773639E1,
-6.246625637249E1));
#2414=DIRECTION('',(0.E0,-8.660254037844E-1,-5.E-1));
#2415=DIRECTION('',(1.E0,0.E0,0.E0));
#2416=AXIS2_PLACEMENT_3D('',#2413,#2414,#2415);
#2417=SPHERICAL_SURFACE('',#2416,7.5E-1);
#2418=ORIENTED_EDGE('',*,*,#2404,.F.);
#2419=ORIENTED_EDGE('',*,*,#2379,.F.);
#2420=ORIENTED_EDGE('',*,*,#2377,.F.);
#2421=EDGE_LOOP('',(#2418,#2419,#2420));
#2422=FACE_OUTER_BOUND('',#2421,.F.);
#2424=CARTESIAN_POINT('',(3.167999984758E2,-2.717010773639E1,
-6.246625637249E1));
#2425=DIRECTION('',(0.E0,8.660254037844E-1,-5.E-1));
#2426=DIRECTION('',(1.E0,0.E0,0.E0));
#2427=AXIS2_PLACEMENT_3D('',#2424,#2425,#2426);
#2428=SPHERICAL_SURFACE('',#2427,7.5E-1);
#2429=ORIENTED_EDGE('',*,*,#2407,.F.);
#2430=ORIENTED_EDGE('',*,*,#2348,.F.);
#2431=EDGE_LOOP('',(#2429,#2430));
#2432=FACE_OUTER_BOUND('',#2431,.F.);
#2434=CARTESIAN_POINT('',(3.167999984758E2,-1.717010773639E1,
-6.321625637249E1));
#2435=DIRECTION('',(0.E0,0.E0,-1.E0));
#2436=DIRECTION('',(-1.E0,0.E0,0.E0));
#2437=AXIS2_PLACEMENT_3D('',#2434,#2435,#2436);
#2438=TOROIDAL_SURFACE('',#2437,1.299038105677E0,7.5E-1);
#2440=ORIENTED_EDGE('',*,*,#2439,.F.);
#2442=ORIENTED_EDGE('',*,*,#2441,.T.);
#2444=ORIENTED_EDGE('',*,*,#2443,.F.);
#2445=ORIENTED_EDGE('',*,*,#1786,.F.);
#2446=EDGE_LOOP('',(#2440,#2442,#2444,#2445));
#2447=FACE_OUTER_BOUND('',#2446,.F.);
#2449=CARTESIAN_POINT('',(2.774499984758E2,-1.587106963071E1,
-6.321625637249E1));
#2450=DIRECTION('',(1.E0,0.E0,0.E0));
#2451=DIRECTION('',(0.E0,0.E0,-1.E0));
#2452=AXIS2_PLACEMENT_3D('',#2449,#2450,#2451);
#2453=CYLINDRICAL_SURFACE('',#2452,7.5E-1);
#2454=ORIENTED_EDGE('',*,*,#2439,.T.);
#2455=ORIENTED_EDGE('',*,*,#1792,.F.);
#2457=ORIENTED_EDGE('',*,*,#2456,.T.);
#2459=ORIENTED_EDGE('',*,*,#2458,.F.);
#2460=EDGE_LOOP('',(#2454,#2455,#2457,#2459));
#2461=FACE_OUTER_BOUND('',#2460,.F.);
#2463=CARTESIAN_POINT('',(2.831999984758E2,-1.717010773639E1,
-6.321625637249E1));
#2464=DIRECTION('',(0.E0,0.E0,-1.E0));
#2465=DIRECTION('',(-1.E0,0.E0,0.E0));
#2466=AXIS2_PLACEMENT_3D('',#2463,#2464,#2465);
#2467=TOROIDAL_SURFACE('',#2466,1.299038105677E0,7.5E-1);
#2469=ORIENTED_EDGE('',*,*,#2468,.F.);
#2471=ORIENTED_EDGE('',*,*,#2470,.T.);
#2473=ORIENTED_EDGE('',*,*,#2472,.T.);
#2474=ORIENTED_EDGE('',*,*,#2456,.F.);
#2475=ORIENTED_EDGE('',*,*,#1790,.T.);
#2476=EDGE_LOOP('',(#2469,#2471,#2473,#2474,#2475));
#2477=FACE_OUTER_BOUND('',#2476,.F.);
#2479=CARTESIAN_POINT('',(2.774499984758E2,-1.846914584207E1,
-6.321625637249E1));
#2480=DIRECTION('',(1.E0,0.E0,0.E0));
#2481=DIRECTION('',(0.E0,0.E0,-1.E0));
#2482=AXIS2_PLACEMENT_3D('',#2479,#2480,#2481);
#2483=CYLINDRICAL_SURFACE('',#2482,7.5E-1);
#2484=ORIENTED_EDGE('',*,*,#2443,.T.);
#2486=ORIENTED_EDGE('',*,*,#2485,.F.);
#2487=ORIENTED_EDGE('',*,*,#2468,.T.);
#2488=ORIENTED_EDGE('',*,*,#1788,.F.);
#2489=EDGE_LOOP('',(#2484,#2486,#2487,#2488));
#2490=FACE_OUTER_BOUND('',#2489,.F.);
#2492=CARTESIAN_POINT('',(2.774499984758E2,-1.717010773639E1,
-6.246625637249E1));
#2493=DIRECTION('',(1.E0,0.E0,0.E0));
#2494=DIRECTION('',(0.E0,0.E0,-1.E0));
#2495=AXIS2_PLACEMENT_3D('',#2492,#2493,#2494);
#2496=CYLINDRICAL_SURFACE('',#2495,7.5E-1);
#2498=ORIENTED_EDGE('',*,*,#2497,.T.);
#2499=ORIENTED_EDGE('',*,*,#2485,.T.);
#2501=ORIENTED_EDGE('',*,*,#2500,.T.);
#2502=ORIENTED_EDGE('',*,*,#2458,.T.);
#2503=EDGE_LOOP('',(#2498,#2499,#2501,#2502));
#2504=FACE_OUTER_BOUND('',#2503,.F.);
#2506=CARTESIAN_POINT('',(2.831999984758E2,-1.717010773639E1,
-6.246625637249E1));
#2507=DIRECTION('',(0.E0,8.660254037844E-1,-5.E-1));
#2508=DIRECTION('',(1.E0,0.E0,0.E0));
#2509=AXIS2_PLACEMENT_3D('',#2506,#2507,#2508);
#2510=SPHERICAL_SURFACE('',#2509,7.5E-1);
#2511=ORIENTED_EDGE('',*,*,#2497,.F.);
#2512=ORIENTED_EDGE('',*,*,#2472,.F.);
#2513=ORIENTED_EDGE('',*,*,#2470,.F.);
#2514=EDGE_LOOP('',(#2511,#2512,#2513));
#2515=FACE_OUTER_BOUND('',#2514,.F.);
#2517=CARTESIAN_POINT('',(3.167999984758E2,-1.717010773639E1,
-6.246625637249E1));
#2518=DIRECTION('',(0.E0,8.660254037844E-1,-5.E-1));
#2519=DIRECTION('',(1.E0,0.E0,0.E0));
#2520=AXIS2_PLACEMENT_3D('',#2517,#2518,#2519);
#2521=SPHERICAL_SURFACE('',#2520,7.5E-1);
#2522=ORIENTED_EDGE('',*,*,#2500,.F.);
#2523=ORIENTED_EDGE('',*,*,#2441,.F.);
#2524=EDGE_LOOP('',(#2522,#2523));
#2525=FACE_OUTER_BOUND('',#2524,.F.);
#2527=CARTESIAN_POINT('',(3.167999984758E2,-1.217010773639E1,
-6.321625637249E1));
#2528=DIRECTION('',(0.E0,0.E0,-1.E0));
#2529=DIRECTION('',(-1.E0,0.E0,0.E0));
#2530=AXIS2_PLACEMENT_3D('',#2527,#2528,#2529);
#2531=TOROIDAL_SURFACE('',#2530,1.299038105677E0,7.5E-1);
#2533=ORIENTED_EDGE('',*,*,#2532,.F.);
#2535=ORIENTED_EDGE('',*,*,#2534,.T.);
#2537=ORIENTED_EDGE('',*,*,#2536,.F.);
#2538=ORIENTED_EDGE('',*,*,#1796,.F.);
#2539=EDGE_LOOP('',(#2533,#2535,#2537,#2538));
#2540=FACE_OUTER_BOUND('',#2539,.F.);
#2542=CARTESIAN_POINT('',(2.774499984758E2,-1.087106963071E1,
-6.321625637249E1));
#2543=DIRECTION('',(1.E0,0.E0,0.E0));
#2544=DIRECTION('',(0.E0,0.E0,-1.E0));
#2545=AXIS2_PLACEMENT_3D('',#2542,#2543,#2544);
#2546=CYLINDRICAL_SURFACE('',#2545,7.5E-1);
#2547=ORIENTED_EDGE('',*,*,#2532,.T.);
#2548=ORIENTED_EDGE('',*,*,#1802,.F.);
#2550=ORIENTED_EDGE('',*,*,#2549,.T.);
#2552=ORIENTED_EDGE('',*,*,#2551,.F.);
#2553=EDGE_LOOP('',(#2547,#2548,#2550,#2552));
#2554=FACE_OUTER_BOUND('',#2553,.F.);
#2556=CARTESIAN_POINT('',(2.831999984758E2,-1.217010773639E1,
-6.321625637249E1));
#2557=DIRECTION('',(0.E0,0.E0,-1.E0));
#2558=DIRECTION('',(-1.E0,0.E0,0.E0));
#2559=AXIS2_PLACEMENT_3D('',#2556,#2557,#2558);
#2560=TOROIDAL_SURFACE('',#2559,1.299038105677E0,7.5E-1);
#2562=ORIENTED_EDGE('',*,*,#2561,.F.);
#2564=ORIENTED_EDGE('',*,*,#2563,.T.);
#2566=ORIENTED_EDGE('',*,*,#2565,.T.);
#2567=ORIENTED_EDGE('',*,*,#2549,.F.);
#2568=ORIENTED_EDGE('',*,*,#1800,.T.);
#2569=EDGE_LOOP('',(#2562,#2564,#2566,#2567,#2568));
#2570=FACE_OUTER_BOUND('',#2569,.F.);
#2572=CARTESIAN_POINT('',(2.774499984758E2,-1.346914584207E1,
-6.321625637249E1));
#2573=DIRECTION('',(1.E0,0.E0,0.E0));
#2574=DIRECTION('',(0.E0,0.E0,-1.E0));
#2575=AXIS2_PLACEMENT_3D('',#2572,#2573,#2574);
#2576=CYLINDRICAL_SURFACE('',#2575,7.5E-1);
#2577=ORIENTED_EDGE('',*,*,#2536,.T.);
#2579=ORIENTED_EDGE('',*,*,#2578,.F.);
#2580=ORIENTED_EDGE('',*,*,#2561,.T.);
#2581=ORIENTED_EDGE('',*,*,#1798,.F.);
#2582=EDGE_LOOP('',(#2577,#2579,#2580,#2581));
#2583=FACE_OUTER_BOUND('',#2582,.F.);
#2585=CARTESIAN_POINT('',(2.774499984758E2,-1.217010773639E1,
-6.246625637249E1));
#2586=DIRECTION('',(1.E0,0.E0,0.E0));
#2587=DIRECTION('',(0.E0,0.E0,-1.E0));
#2588=AXIS2_PLACEMENT_3D('',#2585,#2586,#2587);
#2589=CYLINDRICAL_SURFACE('',#2588,7.5E-1);
#2591=ORIENTED_EDGE('',*,*,#2590,.T.);
#2592=ORIENTED_EDGE('',*,*,#2578,.T.);
#2594=ORIENTED_EDGE('',*,*,#2593,.T.);
#2595=ORIENTED_EDGE('',*,*,#2551,.T.);
#2596=EDGE_LOOP('',(#2591,#2592,#2594,#2595));
#2597=FACE_OUTER_BOUND('',#2596,.F.);
#2599=CARTESIAN_POINT('',(2.831999984758E2,-1.217010773639E1,
-6.246625637249E1));
#2600=DIRECTION('',(0.E0,8.660254037844E-1,-5.E-1));
#2601=DIRECTION('',(1.E0,0.E0,0.E0));
#2602=AXIS2_PLACEMENT_3D('',#2599,#2600,#2601);
#2603=SPHERICAL_SURFACE('',#2602,7.5E-1);
#2604=ORIENTED_EDGE('',*,*,#2590,.F.);
#2605=ORIENTED_EDGE('',*,*,#2565,.F.);
#2606=ORIENTED_EDGE('',*,*,#2563,.F.);
#2607=EDGE_LOOP('',(#2604,#2605,#2606));
#2608=FACE_OUTER_BOUND('',#2607,.F.);
#2610=CARTESIAN_POINT('',(3.167999984758E2,-1.217010773639E1,
-6.246625637249E1));
#2611=DIRECTION('',(0.E0,8.660254037844E-1,-5.E-1));
#2612=DIRECTION('',(1.E0,0.E0,0.E0));
#2613=AXIS2_PLACEMENT_3D('',#2610,#2611,#2612);
#2614=SPHERICAL_SURFACE('',#2613,7.5E-1);
#2615=ORIENTED_EDGE('',*,*,#2593,.F.);
#2616=ORIENTED_EDGE('',*,*,#2534,.F.);
#2617=EDGE_LOOP('',(#2615,#2616));
#2618=FACE_OUTER_BOUND('',#2617,.F.);
#2620=CARTESIAN_POINT('',(3.21E2,-4.693532131947E1,-6.186625637249E1));
#2621=DIRECTION('',(0.E0,0.E0,1.E0));
#2622=DIRECTION('',(-1.E0,0.E0,0.E0));
#2623=AXIS2_PLACEMENT_3D('',#2620,#2621,#2622);
#2624=CONICAL_SURFACE('',#2623,4.685553324302E-1,3.E0);
#2625=ORIENTED_EDGE('',*,*,#1830,.T.);
#2627=ORIENTED_EDGE('',*,*,#2626,.F.);
#2629=ORIENTED_EDGE('',*,*,#2628,.T.);
#2631=ORIENTED_EDGE('',*,*,#2630,.T.);
#2632=EDGE_LOOP('',(#2625,#2627,#2629,#2631));
#2633=FACE_OUTER_BOUND('',#2632,.F.);
#2635=CARTESIAN_POINT('',(3.080534566092E2,-4.743532131947E1,
-6.126625637249E1));
#2636=DIRECTION('',(0.E0,9.986295347546E-1,5.233595624294E-2));
#2637=DIRECTION('',(1.E0,0.E0,0.E0));
#2638=AXIS2_PLACEMENT_3D('',#2635,#2636,#2637);
#2639=PLANE('',#2638);
#2640=ORIENTED_EDGE('',*,*,#2626,.T.);
#2641=ORIENTED_EDGE('',*,*,#1844,.F.);
#2643=ORIENTED_EDGE('',*,*,#2642,.F.);
#2645=ORIENTED_EDGE('',*,*,#2644,.T.);
#2646=EDGE_LOOP('',(#2640,#2641,#2643,#2645));
#2647=FACE_OUTER_BOUND('',#2646,.F.);
#2649=CARTESIAN_POINT('',(3.11E2,-4.693532131947E1,-6.186625637249E1));
#2650=DIRECTION('',(0.E0,0.E0,1.E0));
#2651=DIRECTION('',(0.E0,1.E0,0.E0));
#2652=AXIS2_PLACEMENT_3D('',#2649,#2650,#2651);
#2653=CONICAL_SURFACE('',#2652,4.685553324302E-1,3.E0);
#2654=ORIENTED_EDGE('',*,*,#1842,.T.);
#2656=ORIENTED_EDGE('',*,*,#2655,.F.);
#2658=ORIENTED_EDGE('',*,*,#2657,.T.);
#2659=ORIENTED_EDGE('',*,*,#2642,.T.);
#2660=EDGE_LOOP('',(#2654,#2656,#2658,#2659));
#2661=FACE_OUTER_BOUND('',#2660,.F.);
#2663=CARTESIAN_POINT('',(3.105E2,-3.898877792864E1,-6.126625637249E1));
#2664=DIRECTION('',(9.986295347546E-1,0.E0,5.233595624294E-2));
#2665=DIRECTION('',(0.E0,-1.E0,0.E0));
#2666=AXIS2_PLACEMENT_3D('',#2663,#2664,#2665);
#2667=PLANE('',#2666);
#2668=ORIENTED_EDGE('',*,*,#2655,.T.);
#2669=ORIENTED_EDGE('',*,*,#1840,.F.);
#2671=ORIENTED_EDGE('',*,*,#2670,.F.);
#2673=ORIENTED_EDGE('',*,*,#2672,.T.);
#2674=EDGE_LOOP('',(#2668,#2669,#2671,#2673));
#2675=FACE_OUTER_BOUND('',#2674,.F.);
#2677=CARTESIAN_POINT('',(3.11E2,-4.193532131947E1,-6.186625637249E1));
#2678=DIRECTION('',(0.E0,0.E0,1.E0));
#2679=DIRECTION('',(1.E0,0.E0,0.E0));
#2680=AXIS2_PLACEMENT_3D('',#2677,#2678,#2679);
#2681=CONICAL_SURFACE('',#2680,4.685553324302E-1,3.E0);
#2682=ORIENTED_EDGE('',*,*,#1838,.T.);
#2684=ORIENTED_EDGE('',*,*,#2683,.F.);
#2686=ORIENTED_EDGE('',*,*,#2685,.T.);
#2687=ORIENTED_EDGE('',*,*,#2670,.T.);
#2688=EDGE_LOOP('',(#2682,#2684,#2686,#2687));
#2689=FACE_OUTER_BOUND('',#2688,.F.);
#2691=CARTESIAN_POINT('',(3.239465433908E2,-4.143532131947E1,
-6.126625637249E1));
#2692=DIRECTION('',(0.E0,-9.986295347546E-1,5.233595624294E-2));
#2693=DIRECTION('',(-1.E0,0.E0,0.E0));
#2694=AXIS2_PLACEMENT_3D('',#2691,#2692,#2693);
#2695=PLANE('',#2694);
#2697=ORIENTED_EDGE('',*,*,#2696,.F.);
#2699=ORIENTED_EDGE('',*,*,#2698,.T.);
#2700=ORIENTED_EDGE('',*,*,#2683,.T.);
#2701=ORIENTED_EDGE('',*,*,#1836,.F.);
#2702=EDGE_LOOP('',(#2697,#2699,#2700,#2701));
#2703=FACE_OUTER_BOUND('',#2702,.F.);
#2705=CARTESIAN_POINT('',(3.21E2,-4.193532131947E1,-6.186625637249E1));
#2706=DIRECTION('',(0.E0,0.E0,1.E0));
#2707=DIRECTION('',(0.E0,-1.E0,0.E0));
#2708=AXIS2_PLACEMENT_3D('',#2705,#2706,#2707);
#2709=CONICAL_SURFACE('',#2708,4.685553324302E-1,3.E0);
#2710=ORIENTED_EDGE('',*,*,#1834,.T.);
#2712=ORIENTED_EDGE('',*,*,#2711,.F.);
#2714=ORIENTED_EDGE('',*,*,#2713,.T.);
#2715=ORIENTED_EDGE('',*,*,#2696,.T.);
#2716=EDGE_LOOP('',(#2710,#2712,#2714,#2715));
#2717=FACE_OUTER_BOUND('',#2716,.F.);
#2719=CARTESIAN_POINT('',(3.215E2,-4.988186471030E1,-6.126625637249E1));
#2720=DIRECTION('',(-9.986295347546E-1,0.E0,5.233595624294E-2));
#2721=DIRECTION('',(0.E0,1.E0,0.E0));
#2722=AXIS2_PLACEMENT_3D('',#2719,#2720,#2721);
#2723=PLANE('',#2722);
#2724=ORIENTED_EDGE('',*,*,#2630,.F.);
#2726=ORIENTED_EDGE('',*,*,#2725,.T.);
#2727=ORIENTED_EDGE('',*,*,#2711,.T.);
#2728=ORIENTED_EDGE('',*,*,#1832,.F.);
#2729=EDGE_LOOP('',(#2724,#2726,#2727,#2728));
#2730=FACE_OUTER_BOUND('',#2729,.F.);
#2732=CARTESIAN_POINT('',(0.E0,0.E0,-6.126625637249E1));
#2733=DIRECTION('',(0.E0,0.E0,-1.E0));
#2734=DIRECTION('',(-1.E0,0.E0,0.E0));
#2735=AXIS2_PLACEMENT_3D('',#2732,#2733,#2734);
#2736=PLANE('',#2735);
#2738=ORIENTED_EDGE('',*,*,#2737,.F.);
#2740=ORIENTED_EDGE('',*,*,#2739,.F.);
#2742=ORIENTED_EDGE('',*,*,#2741,.F.);
#2744=ORIENTED_EDGE('',*,*,#2743,.F.);
#2746=ORIENTED_EDGE('',*,*,#2745,.F.);
#2748=ORIENTED_EDGE('',*,*,#2747,.F.);
#2750=ORIENTED_EDGE('',*,*,#2749,.F.);
#2752=ORIENTED_EDGE('',*,*,#2751,.F.);
#2753=EDGE_LOOP('',(#2738,#2740,#2742,#2744,#2746,#2748,#2750,#2752));
#2754=FACE_OUTER_BOUND('',#2753,.F.);
#2755=ORIENTED_EDGE('',*,*,#2698,.F.);
#2756=ORIENTED_EDGE('',*,*,#2713,.F.);
#2757=ORIENTED_EDGE('',*,*,#2725,.F.);
#2758=ORIENTED_EDGE('',*,*,#2628,.F.);
#2759=ORIENTED_EDGE('',*,*,#2644,.F.);
#2760=ORIENTED_EDGE('',*,*,#2657,.F.);
#2761=ORIENTED_EDGE('',*,*,#2672,.F.);
#2762=ORIENTED_EDGE('',*,*,#2685,.F.);
#2763=EDGE_LOOP('',(#2755,#2756,#2757,#2758,#2759,#2760,#2761,#2762));
#2764=FACE_BOUND('',#2763,.F.);
#2766=CARTESIAN_POINT('',(3.11E2,-4.193532131947E1,-6.186625637249E1));
#2767=DIRECTION('',(0.E0,0.E0,-1.E0));
#2768=DIRECTION('',(0.E0,-1.E0,0.E0));
#2769=AXIS2_PLACEMENT_3D('',#2766,#2767,#2768);
#2770=CONICAL_SURFACE('',#2769,1.031444667570E0,3.E0);
#2771=ORIENTED_EDGE('',*,*,#2737,.T.);
#2773=ORIENTED_EDGE('',*,*,#2772,.F.);
#2774=ORIENTED_EDGE('',*,*,#1812,.T.);
#2776=ORIENTED_EDGE('',*,*,#2775,.T.);
#2777=EDGE_LOOP('',(#2771,#2773,#2774,#2776));
#2778=FACE_OUTER_BOUND('',#2777,.F.);
#2780=CARTESIAN_POINT('',(3.075534566092E2,-4.093532131947E1,
-6.126625637249E1));
#2781=DIRECTION('',(0.E0,9.986295347546E-1,5.233595624294E-2));
#2782=DIRECTION('',(1.E0,0.E0,0.E0));
#2783=AXIS2_PLACEMENT_3D('',#2780,#2781,#2782);
#2784=PLANE('',#2783);
#2785=ORIENTED_EDGE('',*,*,#2772,.T.);
#2786=ORIENTED_EDGE('',*,*,#2751,.T.);
#2788=ORIENTED_EDGE('',*,*,#2787,.F.);
#2789=ORIENTED_EDGE('',*,*,#1814,.F.);
#2790=EDGE_LOOP('',(#2785,#2786,#2788,#2789));
#2791=FACE_OUTER_BOUND('',#2790,.F.);
#2793=CARTESIAN_POINT('',(3.21E2,-4.193532131947E1,-6.186625637249E1));
#2794=DIRECTION('',(0.E0,0.E0,-1.E0));
#2795=DIRECTION('',(-1.E0,0.E0,0.E0));
#2796=AXIS2_PLACEMENT_3D('',#2793,#2794,#2795);
#2797=CONICAL_SURFACE('',#2796,1.031444667570E0,3.E0);
#2798=ORIENTED_EDGE('',*,*,#2749,.T.);
#2800=ORIENTED_EDGE('',*,*,#2799,.F.);
#2801=ORIENTED_EDGE('',*,*,#1816,.T.);
#2802=ORIENTED_EDGE('',*,*,#2787,.T.);
#2803=EDGE_LOOP('',(#2798,#2800,#2801,#2802));
#2804=FACE_OUTER_BOUND('',#2803,.F.);
#2806=CARTESIAN_POINT('',(3.22E2,-3.848877792864E1,-6.126625637249E1));
#2807=DIRECTION('',(9.986295347546E-1,0.E0,5.233595624294E-2));
#2808=DIRECTION('',(0.E0,-1.E0,0.E0));
#2809=AXIS2_PLACEMENT_3D('',#2806,#2807,#2808);
#2810=PLANE('',#2809);
#2811=ORIENTED_EDGE('',*,*,#2799,.T.);
#2812=ORIENTED_EDGE('',*,*,#2747,.T.);
#2814=ORIENTED_EDGE('',*,*,#2813,.F.);
#2815=ORIENTED_EDGE('',*,*,#1818,.F.);
#2816=EDGE_LOOP('',(#2811,#2812,#2814,#2815));
#2817=FACE_OUTER_BOUND('',#2816,.F.);
#2819=CARTESIAN_POINT('',(3.21E2,-4.693532131947E1,-6.186625637249E1));
#2820=DIRECTION('',(0.E0,0.E0,-1.E0));
#2821=DIRECTION('',(0.E0,1.E0,0.E0));
#2822=AXIS2_PLACEMENT_3D('',#2819,#2820,#2821);
#2823=CONICAL_SURFACE('',#2822,1.031444667570E0,3.E0);
#2824=ORIENTED_EDGE('',*,*,#2745,.T.);
#2826=ORIENTED_EDGE('',*,*,#2825,.F.);
#2827=ORIENTED_EDGE('',*,*,#1820,.T.);
#2828=ORIENTED_EDGE('',*,*,#2813,.T.);
#2829=EDGE_LOOP('',(#2824,#2826,#2827,#2828));
#2830=FACE_OUTER_BOUND('',#2829,.F.);
#2832=CARTESIAN_POINT('',(3.244465433908E2,-4.793532131947E1,
-6.126625637249E1));
#2833=DIRECTION('',(0.E0,-9.986295347546E-1,5.233595624294E-2));
#2834=DIRECTION('',(-1.E0,0.E0,0.E0));
#2835=AXIS2_PLACEMENT_3D('',#2832,#2833,#2834);
#2836=PLANE('',#2835);
#2838=ORIENTED_EDGE('',*,*,#2837,.F.);
#2839=ORIENTED_EDGE('',*,*,#1806,.F.);
#2840=ORIENTED_EDGE('',*,*,#2825,.T.);
#2841=ORIENTED_EDGE('',*,*,#2743,.T.);
#2842=EDGE_LOOP('',(#2838,#2839,#2840,#2841));
#2843=FACE_OUTER_BOUND('',#2842,.F.);
#2845=CARTESIAN_POINT('',(3.11E2,-4.693532131947E1,-6.186625637249E1));
#2846=DIRECTION('',(0.E0,0.E0,-1.E0));
#2847=DIRECTION('',(1.E0,0.E0,0.E0));
#2848=AXIS2_PLACEMENT_3D('',#2845,#2846,#2847);
#2849=CONICAL_SURFACE('',#2848,1.031444667570E0,3.E0);
#2850=ORIENTED_EDGE('',*,*,#2741,.T.);
#2852=ORIENTED_EDGE('',*,*,#2851,.F.);
#2853=ORIENTED_EDGE('',*,*,#1808,.T.);
#2854=ORIENTED_EDGE('',*,*,#2837,.T.);
#2855=EDGE_LOOP('',(#2850,#2852,#2853,#2854));
#2856=FACE_OUTER_BOUND('',#2855,.F.);
#2858=CARTESIAN_POINT('',(3.1E2,-5.038186471030E1,-6.126625637249E1));
#2859=DIRECTION('',(-9.986295347546E-1,0.E0,5.233595624294E-2));
#2860=DIRECTION('',(0.E0,1.E0,0.E0));
#2861=AXIS2_PLACEMENT_3D('',#2858,#2859,#2860);
#2862=PLANE('',#2861);
#2863=ORIENTED_EDGE('',*,*,#2775,.F.);
#2864=ORIENTED_EDGE('',*,*,#1810,.F.);
#2865=ORIENTED_EDGE('',*,*,#2851,.T.);
#2866=ORIENTED_EDGE('',*,*,#2739,.T.);
#2867=EDGE_LOOP('',(#2863,#2864,#2865,#2866));
#2868=FACE_OUTER_BOUND('',#2867,.F.);
#2870=CLOSED_SHELL('',(#1391,#1406,#1450,#1464,#1478,#1492,#1506,#1520,#1548,
#1577,#1590,#1604,#1618,#1635,#1647,#1662,#1676,#1690,#1702,#1714,#1728,#1824,
#1848,#1867,#1881,#1895,#1909,#1927,#1941,#1961,#1975,#1989,#2007,#2019,#2037,
#2049,#2061,#2076,#2090,#2106,#2119,#2133,#2144,#2154,#2169,#2183,#2199,#2212,
#2226,#2237,#2247,#2262,#2276,#2292,#2305,#2319,#2330,#2340,#2355,#2369,#2385,
#2398,#2412,#2423,#2433,#2448,#2462,#2478,#2491,#2505,#2516,#2526,#2541,#2555,
#2571,#2584,#2598,#2609,#2619,#2634,#2648,#2662,#2676,#2690,#2704,#2718,#2731,
#2765,#2779,#2792,#2805,#2818,#2831,#2844,#2857,#2869));
#2871=MANIFOLD_SOLID_BREP('',#2870);
#2872=(LENGTH_UNIT()NAMED_UNIT(*)SI_UNIT(.MILLI.,.METRE.));
#2873=DIMENSIONAL_EXPONENTS(0.E0,0.E0,0.E0,0.E0,0.E0,0.E0,0.E0);
#2874=(NAMED_UNIT(*)PLANE_ANGLE_UNIT()SI_UNIT($,.RADIAN.));
#2875=PLANE_ANGLE_MEASURE_WITH_UNIT(PLANE_ANGLE_MEASURE(1.745329251994E-2),
#2874);
#2876=(CONVERSION_BASED_UNIT('DEGREE',#2875)NAMED_UNIT(#2873)PLANE_ANGLE_UNIT(
));
#2877=(NAMED_UNIT(*)SI_UNIT($,.STERADIAN.)SOLID_ANGLE_UNIT());
#2878=UNCERTAINTY_MEASURE_WITH_UNIT(LENGTH_MEASURE(1.205404607579E-2),#2872,
'closure',
'Maximum model space distance between geometric entities at asserted connectivities');
#2881=APPLICATION_CONTEXT(
'CONFIGURATION CONTROLLED 3D DESIGNS OF MECHANICAL PARTS AND ASSEMBLIES');
#2882=APPLICATION_PROTOCOL_DEFINITION('international standard',
'config_control_design',1994,#2881);
#2883=DESIGN_CONTEXT('',#2881,'design');
#2884=MECHANICAL_CONTEXT('',#2881,'mechanical');
#2885=PRODUCT('MANIFOLD_SOLID_BREP_92418','MANIFOLD_SOLID_BREP_92418',
'NOT SPECIFIED',(#2884));
#2886=PRODUCT_DEFINITION_FORMATION_WITH_SPECIFIED_SOURCE('3','LAST_VERSION',
#2885,.MADE.);
#2890=PRODUCT_CATEGORY('part','');
#2891=PRODUCT_RELATED_PRODUCT_CATEGORY('detail','',(#2885));
#2892=PRODUCT_CATEGORY_RELATIONSHIP('','',#2890,#2891);
#2893=SECURITY_CLASSIFICATION_LEVEL('unclassified');
#2894=SECURITY_CLASSIFICATION('','',#2893);
#2895=CC_DESIGN_SECURITY_CLASSIFICATION(#2894,(#2886));
#2896=APPROVAL_STATUS('approved');
#2897=APPROVAL(#2896,'');
#2898=CC_DESIGN_APPROVAL(#2897,(#2894,#2886,#2887));
#2899=CALENDAR_DATE(120,11,6);
#2900=COORDINATED_UNIVERSAL_TIME_OFFSET(8,0,.AHEAD.);
#2901=LOCAL_TIME(19,58,4.5E1,#2900);
#2902=DATE_AND_TIME(#2899,#2901);
#2903=APPROVAL_DATE_TIME(#2902,#2897);
#2904=DATE_TIME_ROLE('creation_date');
#2905=CC_DESIGN_DATE_AND_TIME_ASSIGNMENT(#2902,#2904,(#2887));
#2906=DATE_TIME_ROLE('classification_date');
#2907=CC_DESIGN_DATE_AND_TIME_ASSIGNMENT(#2902,#2906,(#2894));
#2908=PERSON('UNSPECIFIED','UNSPECIFIED',$,$,$,$);
#2909=ORGANIZATION('UNSPECIFIED','UNSPECIFIED','UNSPECIFIED');
#2910=PERSON_AND_ORGANIZATION(#2908,#2909);
#2911=APPROVAL_ROLE('approver');
#2912=APPROVAL_PERSON_ORGANIZATION(#2910,#2897,#2911);
#2913=PERSON_AND_ORGANIZATION_ROLE('creator');
#2914=CC_DESIGN_PERSON_AND_ORGANIZATION_ASSIGNMENT(#2910,#2913,(#2886,#2887));
#2915=PERSON_AND_ORGANIZATION_ROLE('design_supplier');
#2916=CC_DESIGN_PERSON_AND_ORGANIZATION_ASSIGNMENT(#2910,#2915,(#2886));
#2917=PERSON_AND_ORGANIZATION_ROLE('classification_officer');
#2918=CC_DESIGN_PERSON_AND_ORGANIZATION_ASSIGNMENT(#2910,#2917,(#2894));
#2919=PERSON_AND_ORGANIZATION_ROLE('design_owner');
#2920=CC_DESIGN_PERSON_AND_ORGANIZATION_ASSIGNMENT(#2910,#2919,(#2885));
#57=B_SPLINE_CURVE_WITH_KNOTS('',3,(#50,#51,#52,#53,#54,#55,#56),.UNSPECIFIED.,
.F.,.F.,(4,1,1,1,4),(0.E0,2.5E-1,5.E-1,7.5E-1,1.E0),.UNSPECIFIED.);
#81=B_SPLINE_CURVE_WITH_KNOTS('',3,(#74,#75,#76,#77,#78,#79,#80),.UNSPECIFIED.,
.F.,.F.,(4,1,1,1,4),(0.E0,2.5E-1,5.E-1,7.5E-1,1.E0),.UNSPECIFIED.);
#269=B_SPLINE_CURVE_WITH_KNOTS('',3,(#262,#263,#264,#265,#266,#267,#268),
.UNSPECIFIED.,.F.,.F.,(4,1,1,1,4),(0.E0,2.5E-1,5.E-1,7.5E-1,1.E0),
.UNSPECIFIED.);
#281=B_SPLINE_CURVE_WITH_KNOTS('',3,(#274,#275,#276,#277,#278,#279,#280),
.UNSPECIFIED.,.F.,.F.,(4,1,1,1,4),(0.E0,2.5E-1,5.E-1,7.5E-1,1.E0),
.UNSPECIFIED.);
#290=CIRCLE('',#289,1.299038105677E0);
#295=CIRCLE('',#294,1.299038105677E0);
#300=CIRCLE('',#299,1.299038105677E0);
#305=CIRCLE('',#304,1.299038105677E0);
#310=CIRCLE('',#309,1.299038105677E0);
#315=CIRCLE('',#314,1.299038105677E0);
#320=CIRCLE('',#319,1.299038105677E0);
#325=CIRCLE('',#324,1.299038105677E0);
#330=CIRCLE('',#329,1.299038105677E0);
#335=CIRCLE('',#334,1.299038105677E0);
#340=CIRCLE('',#339,1.299038105677E0);
#345=CIRCLE('',#344,1.299038105677E0);
#350=CIRCLE('',#349,4.371106648604E-1);
#359=CIRCLE('',#358,4.371106648604E-1);
#368=CIRCLE('',#367,4.371106648604E-1);
#377=CIRCLE('',#376,4.371106648604E-1);
#455=B_SPLINE_CURVE_WITH_KNOTS('',3,(#450,#451,#452,#453,#454),.UNSPECIFIED.,
.F.,.F.,(4,1,4),(0.E0,5.E-1,1.E0),.UNSPECIFIED.);
#489=B_SPLINE_CURVE_WITH_KNOTS('',3,(#484,#485,#486,#487,#488),.UNSPECIFIED.,
.F.,.F.,(4,1,4),(0.E0,5.E-1,1.E0),.UNSPECIFIED.);
#546=CIRCLE('',#545,7.5E-1);
#551=CIRCLE('',#550,7.5E-1);
#564=CIRCLE('',#563,7.5E-1);
#569=CIRCLE('',#568,7.5E-1);
#582=CIRCLE('',#581,7.5E-1);
#587=CIRCLE('',#586,6.495190528383E-1);
#592=CIRCLE('',#591,6.495190528383E-1);
#597=CIRCLE('',#596,7.5E-1);
#602=CIRCLE('',#601,6.495190528383E-1);
#607=CIRCLE('',#606,7.5E-1);
#612=CIRCLE('',#611,7.5E-1);
#625=CIRCLE('',#624,7.5E-1);
#630=CIRCLE('',#629,7.5E-1);
#643=CIRCLE('',#642,7.5E-1);
#648=CIRCLE('',#647,6.495190528383E-1);
#653=CIRCLE('',#652,6.495190528383E-1);
#658=CIRCLE('',#657,7.5E-1);
#663=CIRCLE('',#662,6.495190528383E-1);
#668=CIRCLE('',#667,7.5E-1);
#673=CIRCLE('',#672,7.5E-1);
#686=CIRCLE('',#685,7.5E-1);
#691=CIRCLE('',#690,7.5E-1);
#704=CIRCLE('',#703,7.5E-1);
#709=CIRCLE('',#708,6.495190528383E-1);
#714=CIRCLE('',#713,6.495190528383E-1);
#719=CIRCLE('',#718,7.5E-1);
#724=CIRCLE('',#723,6.495190528383E-1);
#729=CIRCLE('',#728,7.5E-1);
#734=CIRCLE('',#733,7.5E-1);
#747=CIRCLE('',#746,7.5E-1);
#752=CIRCLE('',#751,7.5E-1);
#765=CIRCLE('',#764,7.5E-1);
#770=CIRCLE('',#769,6.495190528383E-1);
#775=CIRCLE('',#774,6.495190528383E-1);
#780=CIRCLE('',#779,7.5E-1);
#785=CIRCLE('',#784,6.495190528383E-1);
#790=CIRCLE('',#789,7.5E-1);
#795=CIRCLE('',#794,7.5E-1);
#808=CIRCLE('',#807,7.5E-1);
#813=CIRCLE('',#812,7.5E-1);
#826=CIRCLE('',#825,7.5E-1);
#831=CIRCLE('',#830,6.495190528383E-1);
#836=CIRCLE('',#835,6.495190528383E-1);
#841=CIRCLE('',#840,7.5E-1);
#846=CIRCLE('',#845,6.495190528383E-1);
#851=CIRCLE('',#850,7.5E-1);
#856=CIRCLE('',#855,7.5E-1);
#869=CIRCLE('',#868,7.5E-1);
#874=CIRCLE('',#873,7.5E-1);
#887=CIRCLE('',#886,7.5E-1);
#892=CIRCLE('',#891,6.495190528383E-1);
#897=CIRCLE('',#896,6.495190528383E-1);
#902=CIRCLE('',#901,7.5E-1);
#907=CIRCLE('',#906,6.495190528383E-1);
#912=CIRCLE('',#911,5.E-1);
#925=CIRCLE('',#924,5.E-1);
#938=CIRCLE('',#937,5.E-1);
#951=CIRCLE('',#950,5.E-1);
#980=CIRCLE('',#979,1.E0);
#989=CIRCLE('',#988,1.E0);
#998=CIRCLE('',#997,1.E0);
#1007=CIRCLE('',#1006,1.E0);
#1016=CIRCLE('',#1015,1.062889335140E0);
#1029=CIRCLE('',#1028,1.062889335140E0);
#1042=CIRCLE('',#1041,1.062889335140E0);
#1055=CIRCLE('',#1054,1.062889335140E0);
#1371=EDGE_CURVE('',#1252,#1281,#5,.T.);
#1373=EDGE_CURVE('',#1280,#1281,#181,.T.);
#1375=EDGE_CURVE('',#1280,#1293,#177,.T.);
#1377=EDGE_CURVE('',#1299,#1293,#157,.T.);
#1379=EDGE_CURVE('',#1264,#1299,#125,.T.);
#1381=EDGE_CURVE('',#1264,#1256,#9,.T.);
#1383=EDGE_CURVE('',#1256,#1257,#13,.T.);
#1385=EDGE_CURVE('',#1257,#1268,#17,.T.);
#1387=EDGE_CURVE('',#1268,#1252,#101,.T.);
#1391=ADVANCED_FACE('',(#1390),#1370,.T.);
#1398=EDGE_CURVE('',#1252,#1253,#97,.T.);
#1400=EDGE_CURVE('',#1289,#1253,#209,.T.);
#1402=EDGE_CURVE('',#1281,#1289,#21,.T.);
#1406=ADVANCED_FACE('',(#1405),#1396,.F.);
#1412=EDGE_CURVE('',#1272,#1273,#25,.T.);
#1414=EDGE_CURVE('',#1233,#1273,#29,.T.);
#1416=EDGE_CURVE('',#1235,#1233,#33,.T.);
#1418=EDGE_CURVE('',#1239,#1235,#261,.T.);
#1420=EDGE_CURVE('',#1239,#1237,#37,.T.);
#1422=EDGE_CURVE('',#1276,#1237,#41,.T.);
#1424=EDGE_CURVE('',#1276,#1277,#45,.T.);
#1426=EDGE_CURVE('',#1277,#1249,#49,.T.);
#1428=EDGE_CURVE('',#1248,#1249,#57,.T.);
#1430=EDGE_CURVE('',#1248,#1193,#61,.T.);
#1432=EDGE_CURVE('',#1175,#1193,#65,.T.);
#1434=EDGE_CURVE('',#1174,#1175,#69,.T.);
#1436=EDGE_CURVE('',#1174,#1199,#467,.T.);
#1438=EDGE_CURVE('',#1198,#1199,#73,.T.);
#1440=EDGE_CURVE('',#1198,#1219,#429,.T.);
#1442=EDGE_CURVE('',#1244,#1219,#405,.T.);
#1444=EDGE_CURVE('',#1243,#1244,#81,.T.);
#1446=EDGE_CURVE('',#1243,#1272,#85,.T.);
#1450=ADVANCED_FACE('',(#1449),#1411,.F.);
#1456=EDGE_CURVE('',#1268,#1269,#89,.T.);
#1458=EDGE_CURVE('',#1253,#1269,#93,.T.);
#1464=ADVANCED_FACE('',(#1463),#1455,.T.);
#1472=EDGE_CURVE('',#1257,#1261,#105,.T.);
#1474=EDGE_CURVE('',#1261,#1269,#213,.T.);
#1478=ADVANCED_FACE('',(#1477),#1469,.T.);
#1485=EDGE_CURVE('',#1256,#1260,#109,.T.);
#1487=EDGE_CURVE('',#1260,#1261,#217,.T.);
#1492=ADVANCED_FACE('',(#1491),#1483,.T.);
#1498=EDGE_CURVE('',#1264,#1265,#121,.T.);
#1500=EDGE_CURVE('',#1265,#1260,#221,.T.);
#1506=ADVANCED_FACE('',(#1505),#1497,.T.);
#1512=EDGE_CURVE('',#1299,#1301,#113,.T.);
#1514=EDGE_CURVE('',#1301,#1265,#117,.T.);
#1520=ADVANCED_FACE('',(#1519),#1511,.F.);
#1526=EDGE_CURVE('',#1292,#1293,#129,.T.);
#1528=EDGE_CURVE('',#1272,#1292,#133,.T.);
#1531=EDGE_CURVE('',#1243,#1241,#137,.T.);
#1533=EDGE_CURVE('',#1245,#1241,#285,.T.);
#1535=EDGE_CURVE('',#1249,#1245,#141,.T.);
#1538=EDGE_CURVE('',#1277,#1297,#145,.T.);
#1540=EDGE_CURVE('',#1296,#1297,#149,.T.);
#1542=EDGE_CURVE('',#1301,#1296,#153,.T.);
#1548=ADVANCED_FACE('',(#1547),#1525,.F.);
#1554=EDGE_CURVE('',#1280,#1288,#189,.T.);
#1556=EDGE_CURVE('',#1296,#1288,#161,.T.);
#1559=EDGE_CURVE('',#1285,#1297,#165,.T.);
#1561=EDGE_CURVE('',#1285,#1231,#205,.T.);
#1563=EDGE_CURVE('',#1229,#1231,#257,.T.);
#1565=EDGE_CURVE('',#1229,#1223,#169,.T.);
#1567=EDGE_CURVE('',#1223,#1225,#229,.T.);
#1569=EDGE_CURVE('',#1225,#1283,#197,.T.);
#1571=EDGE_CURVE('',#1292,#1283,#173,.T.);
#1577=ADVANCED_FACE('',(#1576),#1553,.T.);
#1585=EDGE_CURVE('',#1288,#1289,#185,.T.);
#1590=ADVANCED_FACE('',(#1589),#1582,.F.);
#1596=EDGE_CURVE('',#1283,#1273,#193,.T.);
#1599=EDGE_CURVE('',#1225,#1233,#225,.T.);
#1604=ADVANCED_FACE('',(#1603),#1595,.F.);
#1610=EDGE_CURVE('',#1285,#1276,#201,.T.);
#1613=EDGE_CURVE('',#1231,#1237,#245,.T.);
#1618=ADVANCED_FACE('',(#1617),#1609,.F.);
#1635=ADVANCED_FACE('',(#1634),#1623,.T.);
#1647=ADVANCED_FACE('',(#1646),#1640,.F.);
#1655=EDGE_CURVE('',#1222,#1223,#233,.T.);
#1657=EDGE_CURVE('',#1235,#1222,#237,.T.);
#1662=ADVANCED_FACE('',(#1661),#1652,.T.);
#1669=EDGE_CURVE('',#1228,#1229,#253,.T.);
#1671=EDGE_CURVE('',#1228,#1222,#241,.T.);
#1676=ADVANCED_FACE('',(#1675),#1667,.F.);
#1684=EDGE_CURVE('',#1239,#1228,#249,.T.);
#1690=ADVANCED_FACE('',(#1689),#1681,.F.);
#1702=ADVANCED_FACE('',(#1701),#1695,.T.);
#1714=ADVANCED_FACE('',(#1713),#1707,.F.);
#1720=EDGE_CURVE('',#1240,#1241,#269,.T.);
#1724=EDGE_CURVE('',#1244,#1240,#401,.T.);
#1728=ADVANCED_FACE('',(#1727),#1719,.T.);
#1735=EDGE_CURVE('',#1212,#1240,#421,.T.);
#1737=EDGE_CURVE('',#1189,#1212,#273,.T.);
#1739=EDGE_CURVE('',#1246,#1189,#505,.T.);
#1741=EDGE_CURVE('',#1245,#1246,#281,.T.);
#1746=EDGE_CURVE('',#1067,#1071,#290,.T.);
#1748=EDGE_CURVE('',#1071,#1069,#577,.T.);
#1750=EDGE_CURVE('',#1066,#1069,#295,.T.);
#1752=EDGE_CURVE('',#1066,#1067,#555,.T.);
#1756=EDGE_CURVE('',#1075,#1079,#300,.T.);
#1758=EDGE_CURVE('',#1079,#1077,#638,.T.);
#1760=EDGE_CURVE('',#1074,#1077,#305,.T.);
#1762=EDGE_CURVE('',#1074,#1075,#616,.T.);
#1766=EDGE_CURVE('',#1083,#1087,#310,.T.);
#1768=EDGE_CURVE('',#1087,#1085,#699,.T.);
#1770=EDGE_CURVE('',#1082,#1085,#315,.T.);
#1772=EDGE_CURVE('',#1082,#1083,#677,.T.);
#1776=EDGE_CURVE('',#1091,#1095,#320,.T.);
#1778=EDGE_CURVE('',#1095,#1093,#760,.T.);
#1780=EDGE_CURVE('',#1090,#1093,#325,.T.);
#1782=EDGE_CURVE('',#1090,#1091,#738,.T.);
#1786=EDGE_CURVE('',#1099,#1103,#330,.T.);
#1788=EDGE_CURVE('',#1103,#1101,#821,.T.);
#1790=EDGE_CURVE('',#1098,#1101,#335,.T.);
#1792=EDGE_CURVE('',#1098,#1099,#799,.T.);
#1796=EDGE_CURVE('',#1107,#1111,#340,.T.);
#1798=EDGE_CURVE('',#1111,#1109,#882,.T.);
#1800=EDGE_CURVE('',#1106,#1109,#345,.T.);
#1802=EDGE_CURVE('',#1106,#1107,#860,.T.);
#1806=EDGE_CURVE('',#1363,#1349,#385,.T.);
#1808=EDGE_CURVE('',#1347,#1349,#1055,.T.);
#1810=EDGE_CURVE('',#1347,#1341,#389,.T.);
#1812=EDGE_CURVE('',#1339,#1341,#1016,.T.);
#1814=EDGE_CURVE('',#1339,#1357,#393,.T.);
#1816=EDGE_CURVE('',#1355,#1357,#1029,.T.);
#1818=EDGE_CURVE('',#1355,#1365,#397,.T.);
#1820=EDGE_CURVE('',#1363,#1365,#1042,.T.);
#1824=ADVANCED_FACE('',(#1745,#1755,#1765,#1775,#1785,#1795,#1805,#1823),#1733,
.F.);
#1830=EDGE_CURVE('',#1304,#1305,#350,.T.);
#1832=EDGE_CURVE('',#1304,#1313,#354,.T.);
#1834=EDGE_CURVE('',#1312,#1313,#359,.T.);
#1836=EDGE_CURVE('',#1312,#1329,#363,.T.);
#1838=EDGE_CURVE('',#1328,#1329,#368,.T.);
#1840=EDGE_CURVE('',#1328,#1321,#372,.T.);
#1842=EDGE_CURVE('',#1320,#1321,#377,.T.);
#1844=EDGE_CURVE('',#1320,#1305,#381,.T.);
#1848=ADVANCED_FACE('',(#1847),#1829,.F.);
#1856=EDGE_CURVE('',#1217,#1219,#409,.T.);
#1858=EDGE_CURVE('',#1215,#1217,#413,.T.);
#1860=EDGE_CURVE('',#1215,#1213,#445,.T.);
#1862=EDGE_CURVE('',#1212,#1213,#417,.T.);
#1867=ADVANCED_FACE('',(#1866),#1853,.F.);
#1873=EDGE_CURVE('',#1217,#1207,#425,.T.);
#1877=EDGE_CURVE('',#1207,#1198,#433,.T.);
#1881=ADVANCED_FACE('',(#1880),#1872,.F.);
#1887=EDGE_CURVE('',#1215,#1209,#437,.T.);
#1891=EDGE_CURVE('',#1207,#1209,#463,.T.);
#1895=ADVANCED_FACE('',(#1894),#1886,.T.);
#1901=EDGE_CURVE('',#1202,#1209,#441,.T.);
#1903=EDGE_CURVE('',#1202,#1213,#521,.T.);
#1909=ADVANCED_FACE('',(#1908),#1900,.T.);
#1915=EDGE_CURVE('',#1205,#1199,#449,.T.);
#1917=EDGE_CURVE('',#1203,#1205,#455,.T.);
#1919=EDGE_CURVE('',#1202,#1203,#459,.T.);
#1927=ADVANCED_FACE('',(#1926),#1914,.F.);
#1934=EDGE_CURVE('',#1174,#1181,#471,.T.);
#1936=EDGE_CURVE('',#1181,#1205,#525,.T.);
#1941=ADVANCED_FACE('',(#1940),#1932,.F.);
#1949=EDGE_CURVE('',#1185,#1175,#475,.T.);
#1951=EDGE_CURVE('',#1183,#1185,#479,.T.);
#1953=EDGE_CURVE('',#1183,#1179,#533,.T.);
#1955=EDGE_CURVE('',#1178,#1179,#483,.T.);
#1957=EDGE_CURVE('',#1181,#1178,#489,.T.);
#1961=ADVANCED_FACE('',(#1960),#1946,.F.);
#1967=EDGE_CURVE('',#1185,#1192,#493,.T.);
#1971=EDGE_CURVE('',#1192,#1193,#497,.T.);
#1975=ADVANCED_FACE('',(#1974),#1966,.F.);
#1983=EDGE_CURVE('',#1192,#1195,#513,.T.);
#1985=EDGE_CURVE('',#1195,#1183,#537,.T.);
#1989=ADVANCED_FACE('',(#1988),#1980,.T.);
#1995=EDGE_CURVE('',#1248,#1246,#501,.T.);
#1998=EDGE_CURVE('',#1188,#1189,#509,.T.);
#2000=EDGE_CURVE('',#1188,#1195,#541,.T.);
#2007=ADVANCED_FACE('',(#2006),#1994,.F.);
#2019=ADVANCED_FACE('',(#2018),#2012,.T.);
#2025=EDGE_CURVE('',#1203,#1178,#529,.T.);
#2028=EDGE_CURVE('',#1188,#1179,#517,.T.);
#2037=ADVANCED_FACE('',(#2036),#2024,.T.);
#2049=ADVANCED_FACE('',(#2048),#2042,.T.);
#2061=ADVANCED_FACE('',(#2060),#2054,.T.);
#2067=EDGE_CURVE('',#1119,#1067,#546,.T.);
#2069=EDGE_CURVE('',#1119,#1121,#602,.T.);
#2071=EDGE_CURVE('',#1071,#1121,#551,.T.);
#2076=ADVANCED_FACE('',(#2075),#2066,.F.);
#2084=EDGE_CURVE('',#1066,#1114,#569,.T.);
#2086=EDGE_CURVE('',#1119,#1114,#559,.T.);
#2090=ADVANCED_FACE('',(#2089),#2081,.F.);
#2096=EDGE_CURVE('',#1115,#1069,#564,.T.);
#2098=EDGE_CURVE('',#1115,#1117,#592,.T.);
#2100=EDGE_CURVE('',#1117,#1114,#587,.T.);
#2106=ADVANCED_FACE('',(#2105),#2095,.F.);
#2113=EDGE_CURVE('',#1115,#1121,#573,.T.);
#2119=ADVANCED_FACE('',(#2118),#2111,.F.);
#2125=EDGE_CURVE('',#1114,#1115,#582,.T.);
#2128=EDGE_CURVE('',#1121,#1119,#597,.T.);
#2133=ADVANCED_FACE('',(#2132),#2124,.T.);
#2144=ADVANCED_FACE('',(#2143),#2138,.T.);
#2154=ADVANCED_FACE('',(#2153),#2149,.T.);
#2160=EDGE_CURVE('',#1129,#1075,#607,.T.);
#2162=EDGE_CURVE('',#1129,#1131,#663,.T.);
#2164=EDGE_CURVE('',#1079,#1131,#612,.T.);
#2169=ADVANCED_FACE('',(#2168),#2159,.F.);
#2177=EDGE_CURVE('',#1074,#1124,#630,.T.);
#2179=EDGE_CURVE('',#1129,#1124,#620,.T.);
#2183=ADVANCED_FACE('',(#2182),#2174,.F.);
#2189=EDGE_CURVE('',#1125,#1077,#625,.T.);
#2191=EDGE_CURVE('',#1125,#1127,#653,.T.);
#2193=EDGE_CURVE('',#1127,#1124,#648,.T.);
#2199=ADVANCED_FACE('',(#2198),#2188,.F.);
#2206=EDGE_CURVE('',#1125,#1131,#634,.T.);
#2212=ADVANCED_FACE('',(#2211),#2204,.F.);
#2218=EDGE_CURVE('',#1124,#1125,#643,.T.);
#2221=EDGE_CURVE('',#1131,#1129,#658,.T.);
#2226=ADVANCED_FACE('',(#2225),#2217,.T.);
#2237=ADVANCED_FACE('',(#2236),#2231,.T.);
#2247=ADVANCED_FACE('',(#2246),#2242,.T.);
#2253=EDGE_CURVE('',#1139,#1083,#668,.T.);
#2255=EDGE_CURVE('',#1139,#1141,#724,.T.);
#2257=EDGE_CURVE('',#1087,#1141,#673,.T.);
#2262=ADVANCED_FACE('',(#2261),#2252,.F.);
#2270=EDGE_CURVE('',#1082,#1134,#691,.T.);
#2272=EDGE_CURVE('',#1139,#1134,#681,.T.);
#2276=ADVANCED_FACE('',(#2275),#2267,.F.);
#2282=EDGE_CURVE('',#1135,#1085,#686,.T.);
#2284=EDGE_CURVE('',#1135,#1137,#714,.T.);
#2286=EDGE_CURVE('',#1137,#1134,#709,.T.);
#2292=ADVANCED_FACE('',(#2291),#2281,.F.);
#2299=EDGE_CURVE('',#1135,#1141,#695,.T.);
#2305=ADVANCED_FACE('',(#2304),#2297,.F.);
#2311=EDGE_CURVE('',#1134,#1135,#704,.T.);
#2314=EDGE_CURVE('',#1141,#1139,#719,.T.);
#2319=ADVANCED_FACE('',(#2318),#2310,.T.);
#2330=ADVANCED_FACE('',(#2329),#2324,.T.);
#2340=ADVANCED_FACE('',(#2339),#2335,.T.);
#2346=EDGE_CURVE('',#1149,#1091,#729,.T.);
#2348=EDGE_CURVE('',#1149,#1151,#785,.T.);
#2350=EDGE_CURVE('',#1095,#1151,#734,.T.);
#2355=ADVANCED_FACE('',(#2354),#2345,.F.);
#2363=EDGE_CURVE('',#1090,#1144,#752,.T.);
#2365=EDGE_CURVE('',#1149,#1144,#742,.T.);
#2369=ADVANCED_FACE('',(#2368),#2360,.F.);
#2375=EDGE_CURVE('',#1145,#1093,#747,.T.);
#2377=EDGE_CURVE('',#1145,#1147,#775,.T.);
#2379=EDGE_CURVE('',#1147,#1144,#770,.T.);
#2385=ADVANCED_FACE('',(#2384),#2374,.F.);
#2392=EDGE_CURVE('',#1145,#1151,#756,.T.);
#2398=ADVANCED_FACE('',(#2397),#2390,.F.);
#2404=EDGE_CURVE('',#1144,#1145,#765,.T.);
#2407=EDGE_CURVE('',#1151,#1149,#780,.T.);
#2412=ADVANCED_FACE('',(#2411),#2403,.T.);
#2423=ADVANCED_FACE('',(#2422),#2417,.T.);
#2433=ADVANCED_FACE('',(#2432),#2428,.T.);
#2439=EDGE_CURVE('',#1159,#1099,#790,.T.);
#2441=EDGE_CURVE('',#1159,#1161,#846,.T.);
#2443=EDGE_CURVE('',#1103,#1161,#795,.T.);
#2448=ADVANCED_FACE('',(#2447),#2438,.F.);
#2456=EDGE_CURVE('',#1098,#1154,#813,.T.);
#2458=EDGE_CURVE('',#1159,#1154,#803,.T.);
#2462=ADVANCED_FACE('',(#2461),#2453,.F.);
#2468=EDGE_CURVE('',#1155,#1101,#808,.T.);
#2470=EDGE_CURVE('',#1155,#1157,#836,.T.);
#2472=EDGE_CURVE('',#1157,#1154,#831,.T.);
#2478=ADVANCED_FACE('',(#2477),#2467,.F.);
#2485=EDGE_CURVE('',#1155,#1161,#817,.T.);
#2491=ADVANCED_FACE('',(#2490),#2483,.F.);
#2497=EDGE_CURVE('',#1154,#1155,#826,.T.);
#2500=EDGE_CURVE('',#1161,#1159,#841,.T.);
#2505=ADVANCED_FACE('',(#2504),#2496,.T.);
#2516=ADVANCED_FACE('',(#2515),#2510,.T.);
#2526=ADVANCED_FACE('',(#2525),#2521,.T.);
#2532=EDGE_CURVE('',#1169,#1107,#851,.T.);
#2534=EDGE_CURVE('',#1169,#1171,#907,.T.);
#2536=EDGE_CURVE('',#1111,#1171,#856,.T.);
#2541=ADVANCED_FACE('',(#2540),#2531,.F.);
#2549=EDGE_CURVE('',#1106,#1164,#874,.T.);
#2551=EDGE_CURVE('',#1169,#1164,#864,.T.);
#2555=ADVANCED_FACE('',(#2554),#2546,.F.);
#2561=EDGE_CURVE('',#1165,#1109,#869,.T.);
#2563=EDGE_CURVE('',#1165,#1167,#897,.T.);
#2565=EDGE_CURVE('',#1167,#1164,#892,.T.);
#2571=ADVANCED_FACE('',(#2570),#2560,.F.);
#2578=EDGE_CURVE('',#1165,#1171,#878,.T.);
#2584=ADVANCED_FACE('',(#2583),#2576,.F.);
#2590=EDGE_CURVE('',#1164,#1165,#887,.T.);
#2593=EDGE_CURVE('',#1171,#1169,#902,.T.);
#2598=ADVANCED_FACE('',(#2597),#2589,.T.);
#2609=ADVANCED_FACE('',(#2608),#2603,.T.);
#2619=ADVANCED_FACE('',(#2618),#2614,.T.);
#2626=EDGE_CURVE('',#1307,#1305,#916,.T.);
#2628=EDGE_CURVE('',#1307,#1309,#912,.T.);
#2630=EDGE_CURVE('',#1309,#1304,#955,.T.);
#2634=ADVANCED_FACE('',(#2633),#2624,.T.);
#2642=EDGE_CURVE('',#1325,#1320,#920,.T.);
#2644=EDGE_CURVE('',#1325,#1307,#971,.T.);
#2648=ADVANCED_FACE('',(#2647),#2639,.F.);
#2655=EDGE_CURVE('',#1323,#1321,#929,.T.);
#2657=EDGE_CURVE('',#1323,#1325,#925,.T.);
#2662=ADVANCED_FACE('',(#2661),#2653,.T.);
#2670=EDGE_CURVE('',#1333,#1328,#933,.T.);
#2672=EDGE_CURVE('',#1333,#1323,#975,.T.);
#2676=ADVANCED_FACE('',(#2675),#2667,.F.);
#2683=EDGE_CURVE('',#1331,#1329,#946,.T.);
#2685=EDGE_CURVE('',#1331,#1333,#938,.T.);
#2690=ADVANCED_FACE('',(#2689),#2681,.T.);
#2696=EDGE_CURVE('',#1317,#1312,#942,.T.);
#2698=EDGE_CURVE('',#1317,#1331,#963,.T.);
#2704=ADVANCED_FACE('',(#2703),#2695,.F.);
#2711=EDGE_CURVE('',#1315,#1313,#959,.T.);
#2713=EDGE_CURVE('',#1315,#1317,#951,.T.);
#2718=ADVANCED_FACE('',(#2717),#2709,.T.);
#2725=EDGE_CURVE('',#1309,#1315,#967,.T.);
#2731=ADVANCED_FACE('',(#2730),#2723,.F.);
#2737=EDGE_CURVE('',#1336,#1337,#980,.T.);
#2739=EDGE_CURVE('',#1345,#1336,#984,.T.);
#2741=EDGE_CURVE('',#1344,#1345,#989,.T.);
#2743=EDGE_CURVE('',#1361,#1344,#993,.T.);
#2745=EDGE_CURVE('',#1360,#1361,#998,.T.);
#2747=EDGE_CURVE('',#1353,#1360,#1002,.T.);
#2749=EDGE_CURVE('',#1352,#1353,#1007,.T.);
#2751=EDGE_CURVE('',#1337,#1352,#1011,.T.);
#2765=ADVANCED_FACE('',(#2754,#2764),#2736,.T.);
#2772=EDGE_CURVE('',#1339,#1337,#1020,.T.);
#2775=EDGE_CURVE('',#1341,#1336,#1059,.T.);
#2779=ADVANCED_FACE('',(#2778),#2770,.F.);
#2787=EDGE_CURVE('',#1357,#1352,#1024,.T.);
#2792=ADVANCED_FACE('',(#2791),#2784,.F.);
#2799=EDGE_CURVE('',#1355,#1353,#1033,.T.);
#2805=ADVANCED_FACE('',(#2804),#2797,.F.);
#2813=EDGE_CURVE('',#1365,#1360,#1037,.T.);
#2818=ADVANCED_FACE('',(#2817),#2810,.F.);
#2825=EDGE_CURVE('',#1363,#1361,#1050,.T.);
#2831=ADVANCED_FACE('',(#2830),#2823,.F.);
#2837=EDGE_CURVE('',#1349,#1344,#1046,.T.);
#2844=ADVANCED_FACE('',(#2843),#2836,.F.);
#2851=EDGE_CURVE('',#1347,#1345,#1063,.T.);
#2857=ADVANCED_FACE('',(#2856),#2849,.F.);
#2869=ADVANCED_FACE('',(#2868),#2862,.F.);
#2879=(GEOMETRIC_REPRESENTATION_CONTEXT(3)GLOBAL_UNCERTAINTY_ASSIGNED_CONTEXT((
#2878))GLOBAL_UNIT_ASSIGNED_CONTEXT((#2872,#2876,#2877))REPRESENTATION_CONTEXT(
'ID1','3'));
#2880=ADVANCED_BREP_SHAPE_REPRESENTATION('',(#2871),#2879);
#2887=PRODUCT_DEFINITION('design','',#2886,#2883);
#2888=PRODUCT_DEFINITION_SHAPE('','SHAPE FOR MANIFOLD_SOLID_BREP_92418.',#2887);
#2889=SHAPE_DEFINITION_REPRESENTATION(#2888,#2880);
ENDSEC;
END-ISO-10303-21;
