ISO-10303-21;
HEADER;
FILE_DESCRIPTION((''),'2;1');
FILE_NAME('TX16-16','2025-12-22T',('Administrator'),(''),
'PRO/ENGINEER BY PARAMETRIC TECHNOLOGY CORPORATION, 2001280',
'PRO/ENGINEER BY PARAMETRIC TECHNOLOGY CORPORATION, 2001280','');
FILE_SCHEMA(('CONFIG_CONTROL_DESIGN'));
ENDSEC;
DATA;
#1=DIRECTION('',(0.E0,9.961946980917E-1,-8.715574274766E-2));
#2=VECTOR('',#1,1.943989874799E0);
#3=CARTESIAN_POINT('',(7.315523572193E1,2.224834891935E1,-1.063519680604E1));
#4=LINE('',#3,#2);
#5=CARTESIAN_POINT('',(7.315E1,2.222220619905E1,-1.093400969966E1));
#6=DIRECTION('',(0.E0,9.961946980917E-1,-8.715574274766E-2));
#7=DIRECTION('',(-1.E0,0.E0,0.E0));
#8=AXIS2_PLACEMENT_3D('',#5,#6,#7);
#10=DIRECTION('',(0.E0,9.961946980917E-1,-8.715574274766E-2));
#11=VECTOR('',#10,2.252557495413E0);
#12=CARTESIAN_POINT('',(7.285E1,2.222220619905E1,-1.093400969966E1));
#13=LINE('',#12,#11);
#14=CARTESIAN_POINT('',(7.285E1,2.446619203313E1,-1.113033302125E1));
#15=CARTESIAN_POINT('',(7.285E1,2.444870665166E1,-1.111064368641E1));
#16=CARTESIAN_POINT('',(7.285323141062E1,2.441330685035E1,-1.107065004614E1));
#17=CARTESIAN_POINT('',(7.286928942453E1,2.435962967307E1,-1.100919680256E1));
#18=CARTESIAN_POINT('',(7.289759764468E1,2.430814114289E1,-1.094965590366E1));
#19=CARTESIAN_POINT('',(7.293911526804E1,2.426103658410E1,-1.089463269859E1));
#20=CARTESIAN_POINT('',(7.299497701767E1,2.422107752963E1,-1.084754802670E1));
#21=CARTESIAN_POINT('',(7.306645349036E1,2.419211264383E1,-1.081317450838E1));
#22=CARTESIAN_POINT('',(7.312465555797E1,2.418445560670E1,-1.080404837487E1));
#23=CARTESIAN_POINT('',(7.315523572193E1,2.418494132577E1,-1.080462668747E1));
#25=CARTESIAN_POINT('',(7.315523572193E1,2.418494132577E1,-1.080462668747E1));
#26=CARTESIAN_POINT('',(7.417190384393E1,2.420108954197E1,-1.082385326828E1));
#27=CARTESIAN_POINT('',(7.518857053118E1,2.421731979499E1,-1.084308700123E1));
#28=CARTESIAN_POINT('',(7.620523572193E1,2.423363442093E1,-1.086232808964E1));
#30=CARTESIAN_POINT('',(7.620523572193E1,2.229909215041E1,-1.069307757185E1));
#31=CARTESIAN_POINT('',(7.586578122086E1,2.229342216123E1,-1.068663367842E1));
#32=CARTESIAN_POINT('',(7.518724929191E1,2.228210354039E1,-1.067375436707E1));
#33=CARTESIAN_POINT('',(7.417058261826E1,2.226518940904E1,-1.065446080275E1));
#34=CARTESIAN_POINT('',(7.349355899420E1,2.225395543011E1,-1.064161532474E1));
#35=CARTESIAN_POINT('',(7.315523572193E1,2.224834891935E1,-1.063519680604E1));
#37=CARTESIAN_POINT('',(7.619999999996E1,2.227294938450E1,-1.099189046148E1));
#38=DIRECTION('',(-9.996804753902E-1,-1.669790048820E-2,1.897701881067E-2));
#39=DIRECTION('',(1.745240643691E-2,-9.990346103976E-1,4.031452266002E-2));
#40=AXIS2_PLACEMENT_3D('',#37,#38,#39);
#42=CARTESIAN_POINT('',(7.620523572193E1,2.197323899910E1,-1.097979616148E1));
#43=CARTESIAN_POINT('',(7.586578122123E1,2.196757883865E1,-1.097310870107E1));
#44=CARTESIAN_POINT('',(7.518724929079E1,2.195628045497E1,-1.095974362543E1));
#45=CARTESIAN_POINT('',(7.417058261920E1,2.193939816244E1,-1.093972593179E1));
#46=CARTESIAN_POINT('',(7.349355899364E1,2.192818649876E1,-1.092640045120E1));
#47=CARTESIAN_POINT('',(7.315523572193E1,2.192259138090E1,-1.091974267627E1));
#49=CARTESIAN_POINT('',(7.315000036593E1,2.222220620510E1,-1.093400970660E1));
#50=DIRECTION('',(-9.996828842982E-1,-1.656620548579E-2,1.896553919919E-2));
#51=DIRECTION('',(1.745240645259E-2,-9.987160677668E-1,4.755659253409E-2));
#52=AXIS2_PLACEMENT_3D('',#49,#50,#51);
#54=CARTESIAN_POINT('',(7.62E1,2.227294938451E1,-1.099189046148E1));
#55=DIRECTION('',(0.E0,-4.032066369472E-2,-9.991867913855E-1));
#56=DIRECTION('',(1.E0,-1.184237892934E-14,0.E0));
#57=AXIS2_PLACEMENT_3D('',#54,#55,#56);
#59=CARTESIAN_POINT('',(7.65E1,2.990821510136E1,-1.13E1));
#60=DIRECTION('',(-1.E0,0.E0,0.E0));
#61=DIRECTION('',(0.E0,-1.821059753869E-1,-9.832789094293E-1));
#62=AXIS2_PLACEMENT_3D('',#59,#60,#61);
#64=CARTESIAN_POINT('',(7.620523572193E1,2.821678095874E1,-1.905921560358E1));
#65=CARTESIAN_POINT('',(7.623691483521E1,2.821733391972E1,-1.905877019694E1));
#66=CARTESIAN_POINT('',(7.629755777771E1,2.822852431011E1,-1.904976181502E1));
#67=CARTESIAN_POINT('',(7.637283365648E1,2.826709515176E1,-1.901860951586E1));
#68=CARTESIAN_POINT('',(7.643099080364E1,2.832032151825E1,-1.897542013032E1));
#69=CARTESIAN_POINT('',(7.647162036810E1,2.838265693153E1,-1.892445921717E1));
#70=CARTESIAN_POINT('',(7.649514463739E1,2.844979574728E1,-1.886940275360E1));
#71=CARTESIAN_POINT('',(7.65E1,2.849457726576E1,-1.883185666694E1));
#72=CARTESIAN_POINT('',(7.65E1,2.851673526729E1,-1.881342538422E1));
#74=CARTESIAN_POINT('',(7.620523572193E1,2.990821510136E1,-1.13E1));
#75=DIRECTION('',(-1.E0,0.E0,0.E0));
#76=DIRECTION('',(0.E0,-2.129884995892E-1,-9.770547062692E-1));
#77=AXIS2_PLACEMENT_3D('',#74,#75,#76);
#79=CARTESIAN_POINT('',(7.65E1,2.990821510136E1,-1.13E1));
#80=DIRECTION('',(-1.E0,0.E0,0.E0));
#81=DIRECTION('',(0.E0,0.E0,-1.E0));
#82=AXIS2_PLACEMENT_3D('',#79,#80,#81);
#84=CARTESIAN_POINT('',(7.65E1,2.990821510136E1,-1.13E1));
#85=DIRECTION('',(-1.E0,0.E0,0.E0));
#86=DIRECTION('',(0.E0,0.E0,1.E0));
#87=AXIS2_PLACEMENT_3D('',#84,#85,#86);
#89=DIRECTION('',(8.660254037844E-1,0.E0,5.E-1));
#90=VECTOR('',#89,1.385640646055E0);
#91=CARTESIAN_POINT('',(7.65E1,2.990821510136E1,-1.655E1));
#92=LINE('',#91,#90);
#93=DIRECTION('',(8.660254037844E-1,0.E0,-5.E-1));
#94=VECTOR('',#93,1.385640646055E0);
#95=CARTESIAN_POINT('',(7.65E1,2.990821510136E1,-6.05E0));
#96=LINE('',#95,#94);
#97=CARTESIAN_POINT('',(7.77E1,2.990821510136E1,-1.13E1));
#98=DIRECTION('',(-1.E0,0.E0,0.E0));
#99=DIRECTION('',(0.E0,0.E0,-1.E0));
#100=AXIS2_PLACEMENT_3D('',#97,#98,#99);
#102=CARTESIAN_POINT('',(7.77E1,2.990821510136E1,-1.13E1));
#103=DIRECTION('',(-1.E0,0.E0,0.E0));
#104=DIRECTION('',(0.E0,0.E0,1.E0));
#105=AXIS2_PLACEMENT_3D('',#102,#103,#104);
#107=CARTESIAN_POINT('',(7.77E1,2.990821510136E1,-1.13E1));
#108=DIRECTION('',(-1.E0,0.E0,0.E0));
#109=DIRECTION('',(0.E0,-1.E0,0.E0));
#110=AXIS2_PLACEMENT_3D('',#107,#108,#109);
#112=CARTESIAN_POINT('',(7.77E1,2.990821510136E1,-1.13E1));
#113=DIRECTION('',(-1.E0,0.E0,0.E0));
#114=DIRECTION('',(0.E0,1.E0,0.E0));
#115=AXIS2_PLACEMENT_3D('',#112,#113,#114);
#117=DIRECTION('',(9.998476951564E-1,1.745240643729E-2,1.986591541739E-11));
#118=VECTOR('',#117,1.809001722943E0);
#119=CARTESIAN_POINT('',(7.77E1,2.611806845203E1,-1.13E1));
#120=LINE('',#119,#118);
#121=CARTESIAN_POINT('',(8.E1,2.990821510136E1,-1.13E1));
#122=DIRECTION('',(1.E0,0.E0,0.E0));
#123=DIRECTION('',(0.E0,1.E0,0.E0));
#124=AXIS2_PLACEMENT_3D('',#121,#122,#123);
#126=CARTESIAN_POINT('',(7.950872620607E1,2.990821510136E1,-1.13E1));
#127=DIRECTION('',(1.E0,0.E0,0.E0));
#128=DIRECTION('',(0.E0,1.E0,0.E0));
#129=AXIS2_PLACEMENT_3D('',#126,#127,#128);
#131=CARTESIAN_POINT('',(7.95E1,3.316686646980E1,-1.13E1));
#132=DIRECTION('',(0.E0,0.E0,1.E0));
#133=DIRECTION('',(1.E0,2.842170943040E-14,0.E0));
#134=AXIS2_PLACEMENT_3D('',#131,#132,#133);
#136=DIRECTION('',(0.E0,1.E0,0.E0));
#137=VECTOR('',#136,5.196152422707E0);
#138=CARTESIAN_POINT('',(8.E1,2.731013889001E1,-9.8E0));
#139=LINE('',#138,#137);
#140=CARTESIAN_POINT('',(8.E1,2.990821510136E1,-1.13E1));
#141=DIRECTION('',(-1.E0,0.E0,0.E0));
#142=DIRECTION('',(0.E0,8.660254037844E-1,5.E-1));
#143=AXIS2_PLACEMENT_3D('',#140,#141,#142);
#145=DIRECTION('',(1.E0,0.E0,0.E0));
#146=VECTOR('',#145,3.35E0);
#147=CARTESIAN_POINT('',(7.665E1,2.731013889001E1,-9.8E0));
#148=LINE('',#147,#146);
#149=DIRECTION('',(1.E0,0.E0,0.E0));
#150=VECTOR('',#149,3.35E0);
#151=CARTESIAN_POINT('',(7.665E1,3.250629131272E1,-9.8E0));
#152=LINE('',#151,#150);
#153=CARTESIAN_POINT('',(7.665E1,2.990821510136E1,-1.13E1));
#154=DIRECTION('',(-1.E0,0.E0,0.E0));
#155=DIRECTION('',(0.E0,0.E0,1.E0));
#156=AXIS2_PLACEMENT_3D('',#153,#154,#155);
#158=CARTESIAN_POINT('',(7.665E1,2.990821510136E1,-1.13E1));
#159=DIRECTION('',(-1.E0,0.E0,0.E0));
#160=DIRECTION('',(0.E0,0.E0,-1.E0));
#161=AXIS2_PLACEMENT_3D('',#158,#159,#160);
#163=DIRECTION('',(0.E0,1.E0,0.E0));
#164=VECTOR('',#163,5.196152422707E0);
#165=CARTESIAN_POINT('',(7.665E1,2.731013889001E1,-9.8E0));
#166=LINE('',#165,#164);
#167=CARTESIAN_POINT('',(7.665E1,2.990821510136E1,-1.13E1));
#168=DIRECTION('',(-1.E0,0.E0,0.E0));
#169=DIRECTION('',(0.E0,8.660254037844E-1,5.E-1));
#170=AXIS2_PLACEMENT_3D('',#167,#168,#169);
#172=DIRECTION('',(9.998476951564E-1,0.E0,-1.745240643728E-2));
#173=VECTOR('',#172,3.800578846567E0);
#174=CARTESIAN_POINT('',(7.285E1,2.990821510136E1,-6.983670753273E0));
#175=LINE('',#174,#173);
#176=CARTESIAN_POINT('',(7.285E1,2.990821510136E1,-1.13E1));
#177=DIRECTION('',(-1.E0,0.E0,0.E0));
#178=DIRECTION('',(0.E0,-9.404985598057E-2,-9.955674887169E-1));
#179=AXIS2_PLACEMENT_3D('',#176,#177,#178);
#181=DIRECTION('',(0.E0,0.E0,1.E0));
#182=VECTOR('',#181,1.483485793651E0);
#183=CARTESIAN_POINT('',(7.285E1,2.940821510136E1,-1.807625035101E1));
#184=LINE('',#183,#182);
#185=CARTESIAN_POINT('',(7.285E1,2.990821510136E1,-1.13E1));
#186=DIRECTION('',(-1.E0,0.E0,0.E0));
#187=DIRECTION('',(0.E0,-7.358706841610E-2,-9.972887963684E-1));
#188=AXIS2_PLACEMENT_3D('',#185,#186,#187);
#190=DIRECTION('',(0.E0,9.961946980917E-1,-8.715574274766E-2));
#191=VECTOR('',#190,1.527062755877E0);
#192=CARTESIAN_POINT('',(7.285E1,2.317639905208E1,-1.222207456217E1));
#193=LINE('',#192,#191);
#194=CARTESIAN_POINT('',(7.285E1,2.990821510136E1,-1.13E1));
#195=DIRECTION('',(-1.E0,0.E0,0.E0));
#196=DIRECTION('',(0.E0,0.E0,1.E0));
#197=AXIS2_PLACEMENT_3D('',#194,#195,#196);
#199=CARTESIAN_POINT('',(7.285E1,2.990821510136E1,-1.13E1));
#200=DIRECTION('',(-1.E0,0.E0,0.E0));
#201=DIRECTION('',(0.E0,0.E0,-1.E0));
#202=AXIS2_PLACEMENT_3D('',#199,#200,#201);
#204=DIRECTION('',(0.E0,4.768745345321E-1,8.789713751396E-1));
#205=VECTOR('',#204,7.001112281389E-2);
#206=CARTESIAN_POINT('',(7.285E1,2.868135085480E1,-2.386013675479E1));
#207=LINE('',#206,#205);
#208=DIRECTION('',(0.E0,4.805918416900E-1,-8.769444005757E-1));
#209=VECTOR('',#208,4.441069488512E-1);
#210=CARTESIAN_POINT('',(7.285E1,2.871473737641E1,-2.379859898190E1));
#211=LINE('',#210,#209);
#212=DIRECTION('',(0.E0,7.497346775254E-1,6.617385535964E-1));
#213=VECTOR('',#212,4.514596101364E-1);
#214=CARTESIAN_POINT('',(7.285E1,2.892817155286E1,-2.418805608395E1));
#215=LINE('',#214,#213);
#216=DIRECTION('',(0.E0,5.352047121253E-1,-8.447223899713E-1));
#217=VECTOR('',#216,3.891121651838E-1);
#218=CARTESIAN_POINT('',(7.285E1,2.926664647808E1,-2.388930785453E1));
#219=LINE('',#218,#217);
#220=DIRECTION('',(0.E0,5.446439836239E-1,8.386673542605E-1));
#221=VECTOR('',#220,3.740678794306E-1);
#222=CARTESIAN_POINT('',(7.285E1,2.947490114244E1,-2.421799961267E1));
#223=LINE('',#222,#221);
#224=DIRECTION('',(0.E0,5.817513991754E-1,-8.133666513679E-1));
#225=VECTOR('',#224,3.946361611736E-1);
#226=CARTESIAN_POINT('',(7.285E1,2.967863496243E1,-2.390428109392E1));
#227=LINE('',#226,#225);
#228=DIRECTION('',(0.E0,5.817513991754E-1,8.133666513679E-1));
#229=VECTOR('',#228,3.946361611736E-1);
#230=CARTESIAN_POINT('',(7.285E1,2.990821510136E1,-2.422526498684E1));
#231=LINE('',#230,#229);
#232=DIRECTION('',(0.E0,5.446439836239E-1,-8.386673542605E-1));
#233=VECTOR('',#232,3.740678794306E-1);
#234=CARTESIAN_POINT('',(7.285E1,3.013779524029E1,-2.390428109392E1));
#235=LINE('',#234,#233);
#236=DIRECTION('',(0.E0,5.352047121253E-1,8.447223899713E-1));
#237=VECTOR('',#236,3.891121651838E-1);
#238=CARTESIAN_POINT('',(7.285E1,3.034152906029E1,-2.421799961267E1));
#239=LINE('',#238,#237);
#240=DIRECTION('',(0.E0,7.497346775254E-1,-6.617385535964E-1));
#241=VECTOR('',#240,4.514596101364E-1);
#242=CARTESIAN_POINT('',(7.285E1,3.054978372464E1,-2.388930785453E1));
#243=LINE('',#242,#241);
#244=DIRECTION('',(0.E0,4.805918416900E-1,8.769444005757E-1));
#245=VECTOR('',#244,4.441069488512E-1);
#246=CARTESIAN_POINT('',(7.285E1,3.088825864986E1,-2.418805608395E1));
#247=LINE('',#246,#245);
#248=DIRECTION('',(0.E0,4.768745345322E-1,-8.789713751396E-1));
#249=VECTOR('',#248,7.001124827679E-2);
#250=CARTESIAN_POINT('',(7.285E1,3.110169282632E1,-2.379859898190E1));
#251=LINE('',#250,#249);
#252=CARTESIAN_POINT('',(7.285E1,2.990821510136E1,-1.13E1));
#253=DIRECTION('',(-1.E0,0.E0,0.E0));
#254=DIRECTION('',(0.E0,9.907492163658E-1,-1.357055277819E-1));
#255=AXIS2_PLACEMENT_3D('',#252,#253,#254);
#257=DIRECTION('',(0.E0,0.E0,-1.E0));
#258=VECTOR('',#257,1.483485793651E0);
#259=CARTESIAN_POINT('',(7.285E1,3.040821510136E1,-1.659276455736E1));
#260=LINE('',#259,#258);
#261=CARTESIAN_POINT('',(7.285E1,2.990821510136E1,-1.13E1));
#262=DIRECTION('',(-1.E0,0.E0,0.E0));
#263=DIRECTION('',(0.E0,9.801056304834E-1,-1.984765807211E-1));
#264=AXIS2_PLACEMENT_3D('',#261,#262,#263);
#266=DIRECTION('',(0.E0,9.961946980917E-1,8.715574274766E-2));
#267=VECTOR('',#266,1.527062755877E0);
#268=CARTESIAN_POINT('',(7.285E1,3.511877932958E1,-1.235516685088E1));
#269=LINE('',#268,#267);
#270=CARTESIAN_POINT('',(7.285E1,2.469765087314E1,-1.235516685088E1));
#271=CARTESIAN_POINT('',(7.368333288345E1,2.468555225780E1,-1.236870980168E1));
#272=CARTESIAN_POINT('',(7.451666622105E1,2.467348827645E1,-1.238225579051E1));
#273=CARTESIAN_POINT('',(7.535E1,2.466145827508E1,-1.239580475995E1));
#275=CARTESIAN_POINT('',(7.535E1,3.045185276368E1,-1.663232626142E1));
#276=CARTESIAN_POINT('',(7.451666589439E1,3.043730686276E1,-1.661918793405E1));
#277=CARTESIAN_POINT('',(7.368333255239E1,3.042276097517E1,-1.660600106480E1));
#278=CARTESIAN_POINT('',(7.285E1,3.040821510136E1,-1.659276455736E1));
#280=CARTESIAN_POINT('',(7.535E1,3.045185276368E1,-1.802911018967E1));
#281=CARTESIAN_POINT('',(7.451666770562E1,3.043730689438E1,-1.804487859646E1));
#282=CARTESIAN_POINT('',(7.368333436147E1,3.042276100675E1,-1.806059160103E1));
#283=CARTESIAN_POINT('',(7.285E1,3.040821510136E1,-1.807625035101E1));
#285=DIRECTION('',(0.E0,0.E0,1.E0));
#286=VECTOR('',#285,1.396783928249E0);
#287=CARTESIAN_POINT('',(7.535E1,3.045185276368E1,-1.802911018967E1));
#288=LINE('',#287,#286);
#289=CARTESIAN_POINT('',(7.535E1,2.990821510136E1,-1.13E1));
#290=DIRECTION('',(-1.E0,0.E0,0.E0));
#291=DIRECTION('',(0.E0,9.896168527479E-1,-1.437305978466E-1));
#292=AXIS2_PLACEMENT_3D('',#289,#290,#291);
#294=DIRECTION('',(0.E0,9.961946980917E-1,8.715574274766E-2));
#295=VECTOR('',#294,1.439658954443E0);
#296=CARTESIAN_POINT('',(7.535E1,3.515497192765E1,-1.239580475995E1));
#297=LINE('',#296,#295);
#298=CARTESIAN_POINT('',(7.535E1,2.990821510136E1,-1.13E1));
#299=DIRECTION('',(1.E0,0.E0,0.E0));
#300=DIRECTION('',(0.E0,1.014255631696E-1,-9.948431309185E-1));
#301=AXIS2_PLACEMENT_3D('',#298,#299,#300);
#303=DIRECTION('',(0.E0,0.E0,1.E0));
#304=VECTOR('',#303,1.396783928249E0);
#305=CARTESIAN_POINT('',(7.535E1,2.936457743904E1,-1.802911018967E1));
#306=LINE('',#305,#304);
#307=CARTESIAN_POINT('',(7.535E1,2.990821510136E1,-1.13E1));
#308=DIRECTION('',(1.E0,0.E0,0.E0));
#309=DIRECTION('',(0.E0,-9.788785855055E-1,-2.044424487202E-1));
#310=AXIS2_PLACEMENT_3D('',#307,#308,#309);
#312=DIRECTION('',(0.E0,9.961946980917E-1,-8.715574274766E-2));
#313=VECTOR('',#312,1.439658954443E0);
#314=CARTESIAN_POINT('',(7.535E1,2.322727765760E1,-1.227033021447E1));
#315=LINE('',#314,#313);
#316=CARTESIAN_POINT('',(7.535E1,2.990821510136E1,-1.13E1));
#317=DIRECTION('',(-1.E0,0.E0,0.E0));
#318=DIRECTION('',(0.E0,-8.052657234851E-2,-9.967524623224E-1));
#319=AXIS2_PLACEMENT_3D('',#316,#317,#318);
#321=CARTESIAN_POINT('',(7.285E1,3.664003115064E1,-1.222207456217E1));
#322=CARTESIAN_POINT('',(7.368333499263E1,3.662314708251E1,-1.223815320616E1));
#323=CARTESIAN_POINT('',(7.451666834679E1,3.660618817731E1,-1.225423836885E1));
#324=CARTESIAN_POINT('',(7.535E1,3.658915254512E1,-1.227033021447E1));
#326=CARTESIAN_POINT('',(7.285E1,3.511877932958E1,-1.235516685088E1));
#327=CARTESIAN_POINT('',(7.368333288345E1,3.513087794493E1,-1.236870980168E1));
#328=CARTESIAN_POINT('',(7.451666622105E1,3.514294192627E1,-1.238225579051E1));
#329=CARTESIAN_POINT('',(7.535E1,3.515497192765E1,-1.239580475995E1));
#331=CARTESIAN_POINT('',(7.535E1,2.936457743904E1,-1.802911018967E1));
#332=CARTESIAN_POINT('',(7.451666770562E1,2.937912330835E1,-1.804487859646E1));
#333=CARTESIAN_POINT('',(7.368333436147E1,2.939366919598E1,-1.806059160103E1));
#334=CARTESIAN_POINT('',(7.285E1,2.940821510136E1,-1.807625035101E1));
#336=CARTESIAN_POINT('',(7.535E1,2.936457743904E1,-1.663232626142E1));
#337=CARTESIAN_POINT('',(7.451666589439E1,2.937912333996E1,-1.661918793405E1));
#338=CARTESIAN_POINT('',(7.368333255239E1,2.939366922755E1,-1.660600106480E1));
#339=CARTESIAN_POINT('',(7.285E1,2.940821510136E1,-1.659276455736E1));
#341=CARTESIAN_POINT('',(7.285E1,2.317639905208E1,-1.222207456217E1));
#342=CARTESIAN_POINT('',(7.368333499263E1,2.319328312022E1,-1.223815320616E1));
#343=CARTESIAN_POINT('',(7.451666834679E1,2.321024202542E1,-1.225423836885E1));
#344=CARTESIAN_POINT('',(7.535E1,2.322727765760E1,-1.227033021447E1));
#346=DIRECTION('',(9.998476951564E-1,0.E0,1.745240643728E-2));
#347=VECTOR('',#346,3.800578846567E0);
#348=CARTESIAN_POINT('',(7.285E1,2.990821510136E1,-1.561632924673E1));
#349=LINE('',#348,#347);
#350=CARTESIAN_POINT('',(7.315523572193E1,2.990821510136E1,-1.13E1));
#351=DIRECTION('',(1.E0,0.E0,0.E0));
#352=DIRECTION('',(0.E0,-9.988681996884E-1,4.756384815398E-2));
#353=AXIS2_PLACEMENT_3D('',#350,#351,#352);
#355=CARTESIAN_POINT('',(7.285E1,2.990821510136E1,-1.13E1));
#356=DIRECTION('',(1.E0,0.E0,0.E0));
#357=DIRECTION('',(0.E0,-9.988682002320E-1,4.756383673919E-2));
#358=AXIS2_PLACEMENT_3D('',#355,#356,#357);
#360=CARTESIAN_POINT('',(7.315E1,2.222220619905E1,-1.093400969966E1));
#361=DIRECTION('',(0.E0,-4.756383673919E-2,-9.988682002320E-1));
#362=DIRECTION('',(1.745240643743E-2,-9.987160677669E-1,4.755659253648E-2));
#363=AXIS2_PLACEMENT_3D('',#360,#361,#362);
#365=CARTESIAN_POINT('',(7.620523572193E1,2.821678095874E1,-1.905921560358E1));
#366=CARTESIAN_POINT('',(7.518856960655E1,2.819903498568E1,-1.907350987471E1));
#367=CARTESIAN_POINT('',(7.417190293536E1,2.818128900293E1,-1.908776465510E1));
#368=CARTESIAN_POINT('',(7.315523572193E1,2.816354301071E1,-1.910198059041E1));
#370=CARTESIAN_POINT('',(7.374372827289E1,2.817381518639E1,-2.382785564442E1));
#371=CARTESIAN_POINT('',(7.398637189760E1,2.817805054662E1,-2.360344142487E1));
#372=CARTESIAN_POINT('',(7.445507981043E1,2.818623187367E1,-2.313927768364E1));
#373=CARTESIAN_POINT('',(7.511054760008E1,2.819767310649E1,-2.239479408987E1));
#374=CARTESIAN_POINT('',(7.551175168117E1,2.820467614979E1,-2.187090939167E1));
#375=CARTESIAN_POINT('',(7.570370900437E1,2.820802677733E1,-2.160166619663E1));
#377=CARTESIAN_POINT('',(7.394229721585E1,2.847377327710E1,-2.404800933E1));
#378=CARTESIAN_POINT('',(7.418958665430E1,2.847800219640E1,-2.381929587798E1));
#379=CARTESIAN_POINT('',(7.466872705182E1,2.848619315687E1,-2.334478173214E1));
#380=CARTESIAN_POINT('',(7.533713562911E1,2.849762474733E1,-2.258558136619E1));
#381=CARTESIAN_POINT('',(7.574713003855E1,2.850463582262E1,-2.205019836860E1));
#382=CARTESIAN_POINT('',(7.594274742642E1,2.850798108587E1,-2.177582030210E1));
#384=CARTESIAN_POINT('',(7.373850145317E1,2.847376965033E1,-2.382785442219E1));
#385=DIRECTION('',(7.340912450200E-1,1.281361034509E-2,6.789299340690E-1));
#386=DIRECTION('',(1.745572102621E-2,-9.998476372881E-1,-3.584982870564E-6));
#387=AXIS2_PLACEMENT_3D('',#384,#385,#386);
#389=CARTESIAN_POINT('',(7.570370900437E1,2.820802677733E1,-2.160166619663E1));
#390=CARTESIAN_POINT('',(7.578495450584E1,2.820944492283E1,-2.148769117829E1));
#391=CARTESIAN_POINT('',(7.592802915316E1,2.821194230008E1,-2.125005883413E1));
#392=CARTESIAN_POINT('',(7.608723170917E1,2.821472119103E1,-2.086049099071E1));
#393=CARTESIAN_POINT('',(7.618375564766E1,2.821640602265E1,-2.045091188759E1));
#394=CARTESIAN_POINT('',(7.620522642976E1,2.821678079654E1,-2.017429152548E1));
#395=CARTESIAN_POINT('',(7.620523572193E1,2.821678095874E1,-2.003427497986E1));
#397=CARTESIAN_POINT('',(7.594274742642E1,2.850798108587E1,-2.177582030210E1));
#398=CARTESIAN_POINT('',(7.603244171267E1,2.850939004348E1,-2.165000292153E1));
#399=CARTESIAN_POINT('',(7.619254628016E1,2.851190537719E1,-2.138426738419E1));
#400=CARTESIAN_POINT('',(7.636879594926E1,2.851467407428E1,-2.095217080131E1));
#401=CARTESIAN_POINT('',(7.647610244070E1,2.851635990979E1,-2.049804400069E1));
#402=CARTESIAN_POINT('',(7.649999511277E1,2.851673509563E1,-2.018876455132E1));
#403=CARTESIAN_POINT('',(7.65E1,2.851673526729E1,-2.003427497986E1));
#405=CARTESIAN_POINT('',(7.569847073662E1,2.850798104143E1,-2.160166438307E1));
#406=DIRECTION('',(5.804854566707E-1,1.013241133608E-2,8.142075710986E-1));
#407=DIRECTION('',(1.746088931834E-2,-9.998475470329E-1,-6.049673449600E-6));
#408=AXIS2_PLACEMENT_3D('',#405,#406,#407);
#410=DIRECTION('',(0.E0,0.E0,1.E0));
#411=VECTOR('',#410,1.220849595648E0);
#412=CARTESIAN_POINT('',(7.65E1,2.851673526729E1,-2.003427497986E1));
#413=LINE('',#412,#411);
#414=CARTESIAN_POINT('',(7.62E1,2.851673526729E1,-2.003427497977E1));
#415=DIRECTION('',(0.E0,0.E0,1.E0));
#416=DIRECTION('',(1.745240643719E-2,-9.998476951564E-1,0.E0));
#417=AXIS2_PLACEMENT_3D('',#414,#415,#416);
#419=DIRECTION('',(0.E0,0.E0,1.E0));
#420=VECTOR('',#419,9.750593762870E-1);
#421=CARTESIAN_POINT('',(7.620523572193E1,2.821678095874E1,-2.003427497986E1));
#422=LINE('',#421,#420);
#423=DIRECTION('',(0.E0,1.E0,0.E0));
#424=VECTOR('',#423,2.782959668155E0);
#425=CARTESIAN_POINT('',(7.65E1,2.851673526729E1,-2.003427497986E1));
#426=LINE('',#425,#424);
#427=DIRECTION('',(9.649399244935E-8,1.E0,-6.878290522290E-8));
#428=VECTOR('',#427,2.800468030992E0);
#429=CARTESIAN_POINT('',(7.594274742642E1,2.850798108587E1,-2.177582030210E1));
#430=LINE('',#429,#428);
#431=CARTESIAN_POINT('',(7.594274769664E1,3.130844911686E1,-2.177582049472E1));
#432=CARTESIAN_POINT('',(7.603245851078E1,3.130703989655E1,-2.164998110329E1));
#433=CARTESIAN_POINT('',(7.619256915580E1,3.130452446771E1,-2.138421660688E1));
#434=CARTESIAN_POINT('',(7.636877880491E1,3.130175639639E1,-2.095220546564E1));
#435=CARTESIAN_POINT('',(7.647608594162E1,3.130007054881E1,-2.049815051865E1));
#436=CARTESIAN_POINT('',(7.649999515325E1,3.129969510596E1,-2.018881285123E1));
#437=CARTESIAN_POINT('',(7.65E1,3.129969493544E1,-2.003427497986E1));
#439=CARTESIAN_POINT('',(7.570370900437E1,3.160840342540E1,-2.160166619663E1));
#440=CARTESIAN_POINT('',(7.578500992914E1,3.160698431248E1,-2.148761545165E1));
#441=CARTESIAN_POINT('',(7.592812459264E1,3.160448623674E1,-2.124986478846E1));
#442=CARTESIAN_POINT('',(7.608724211249E1,3.160170883010E1,-2.086042825928E1));
#443=CARTESIAN_POINT('',(7.618374707091E1,3.160002432979E1,-2.045095567581E1));
#444=CARTESIAN_POINT('',(7.620522652433E1,3.159964940453E1,-2.017431697156E1));
#445=CARTESIAN_POINT('',(7.620523572193E1,3.159964924399E1,-2.003427497986E1));
#447=CARTESIAN_POINT('',(7.569847175290E1,3.130844914356E1,-2.160166510771E1));
#448=DIRECTION('',(5.804854568392E-1,-1.013241133902E-2,8.142075709785E-1));
#449=DIRECTION('',(8.142493692925E-1,-8.904542880828E-8,-5.805152578587E-1));
#450=AXIS2_PLACEMENT_3D('',#447,#448,#449);
#452=DIRECTION('',(0.E0,0.E0,1.E0));
#453=VECTOR('',#452,9.750593762869E-1);
#454=CARTESIAN_POINT('',(7.620523572193E1,3.159964924399E1,-2.003427497986E1));
#455=LINE('',#454,#453);
#456=CARTESIAN_POINT('',(7.62E1,3.129969493544E1,-2.003427497976E1));
#457=DIRECTION('',(0.E0,0.E0,1.E0));
#458=DIRECTION('',(1.E0,0.E0,0.E0));
#459=AXIS2_PLACEMENT_3D('',#456,#457,#458);
#461=DIRECTION('',(0.E0,0.E0,1.E0));
#462=VECTOR('',#461,1.220848619017E0);
#463=CARTESIAN_POINT('',(7.65E1,3.129969493544E1,-2.003427497986E1));
#464=LINE('',#463,#462);
#465=CARTESIAN_POINT('',(7.620523572193E1,3.159964924399E1,-1.905921560358E1));
#466=CARTESIAN_POINT('',(7.518856960655E1,3.161739521704E1,-1.907350987471E1));
#467=CARTESIAN_POINT('',(7.417190293536E1,3.163514119980E1,-1.908776465510E1));
#468=CARTESIAN_POINT('',(7.315523572193E1,3.165288719202E1,-1.910198059041E1));
#470=CARTESIAN_POINT('',(7.394234201215E1,3.134265617026E1,-2.404796789794E1));
#471=CARTESIAN_POINT('',(7.418958572494E1,3.133842801615E1,-2.381929487468E1));
#472=CARTESIAN_POINT('',(7.466872753636E1,3.133023703985E1,-2.334478224059E1));
#473=CARTESIAN_POINT('',(7.533713531757E1,3.131880546146E1,-2.258558110184E1));
#474=CARTESIAN_POINT('',(7.574713043643E1,3.131179437547E1,-2.205019865376E1));
#475=CARTESIAN_POINT('',(7.594274769664E1,3.130844911686E1,-2.177582049472E1));
#477=CARTESIAN_POINT('',(7.374372826163E1,3.164261501653E1,-2.382785564461E1));
#478=CARTESIAN_POINT('',(7.398636620922E1,3.163837975540E1,-2.360344673594E1));
#479=CARTESIAN_POINT('',(7.445506681468E1,3.163019855590E1,-2.313929072134E1));
#480=CARTESIAN_POINT('',(7.511052056347E1,3.161875756816E1,-2.239482649164E1));
#481=CARTESIAN_POINT('',(7.551174139290E1,3.161175423253E1,-2.187092435403E1));
#482=CARTESIAN_POINT('',(7.570370900437E1,3.160840342540E1,-2.160166619663E1));
#484=CARTESIAN_POINT('',(7.373849946828E1,3.134266058704E1,-2.382785626052E1));
#485=DIRECTION('',(7.340913717825E-1,-1.281361255770E-2,6.789297969655E-1));
#486=DIRECTION('',(6.789855395916E-1,-5.606317188267E-8,-7.341516444343E-1));
#487=AXIS2_PLACEMENT_3D('',#484,#485,#486);
#489=CARTESIAN_POINT('',(7.373471750446E1,2.851497189689E1,-2.413442177235E1));
#490=CARTESIAN_POINT('',(7.373618609917E1,2.850242712543E1,-2.413303418940E1));
#491=CARTESIAN_POINT('',(7.373913021098E1,2.847731659734E1,-2.413021937548E1));
#492=CARTESIAN_POINT('',(7.374221830263E1,2.845221090721E1,-2.412732780778E1));
#493=CARTESIAN_POINT('',(7.374376663742E1,2.843964821067E1,-2.412586222733E1));
#495=CARTESIAN_POINT('',(7.373851394942E1,2.847377134783E1,-2.382784951773E1));
#496=DIRECTION('',(1.243714552815E-1,-9.855456137875E-1,1.150286236355E-1));
#497=DIRECTION('',(1.741370425912E-2,-1.137428731963E-1,-9.933576001124E-1));
#498=AXIS2_PLACEMENT_3D('',#495,#496,#497);
#500=CARTESIAN_POINT('',(7.393235612811E1,2.855294557854E1,-2.405719515340E1));
#501=CARTESIAN_POINT('',(7.393396483715E1,2.853974254679E1,-2.405571001917E1));
#502=CARTESIAN_POINT('',(7.393707589886E1,2.851334466302E1,-2.405283675032E1));
#503=CARTESIAN_POINT('',(7.394059577443E1,2.848698368173E1,-2.404958300425E1));
#504=CARTESIAN_POINT('',(7.394229721585E1,2.847377327710E1,-2.404800933E1));
#506=CARTESIAN_POINT('',(7.393235612811E1,2.855294557854E1,-2.405719515340E1));
#507=CARTESIAN_POINT('',(7.391472648203E1,2.854446583161E1,-2.407347025488E1));
#508=CARTESIAN_POINT('',(7.387624093147E1,2.853039438945E1,-2.410081480305E1));
#509=CARTESIAN_POINT('',(7.380780113638E1,2.851731822349E1,-2.412742200360E1));
#510=CARTESIAN_POINT('',(7.375975712473E1,2.851472772787E1,-2.413395529615E1));
#511=CARTESIAN_POINT('',(7.373471750446E1,2.851497189689E1,-2.413442177235E1));
#513=CARTESIAN_POINT('',(7.393235612811E1,2.855294557854E1,-2.405719515340E1));
#514=CARTESIAN_POINT('',(7.396903181451E1,2.857058702994E1,-2.402333612735E1));
#515=CARTESIAN_POINT('',(7.404196465077E1,2.860603911794E1,-2.395532104254E1));
#516=CARTESIAN_POINT('',(7.415058500671E1,2.865996667240E1,-2.385194657255E1));
#517=CARTESIAN_POINT('',(7.422230619437E1,2.869633392639E1,-2.378228947616E1));
#518=CARTESIAN_POINT('',(7.425800756240E1,2.871462869488E1,-2.374726192425E1));
#520=CARTESIAN_POINT('',(7.373471750446E1,2.851497189689E1,-2.413442177235E1));
#521=CARTESIAN_POINT('',(7.354156279292E1,2.851685672963E1,-2.413801771610E1));
#522=CARTESIAN_POINT('',(7.334839044849E1,2.851874204078E1,-2.414161342321E1));
#523=CARTESIAN_POINT('',(7.315523572193E1,2.852062748594E1,-2.414520823871E1));
#525=DIRECTION('',(9.993359646872E-1,-7.713691590820E-5,3.643657136089E-2));
#526=VECTOR('',#525,1.408943150403E0);
#527=CARTESIAN_POINT('',(7.285E1,2.871473737641E1,-2.379859898190E1));
#528=LINE('',#527,#526);
#529=CARTESIAN_POINT('',(7.381829390362E1,2.893283474624E1,-2.416139672245E1));
#530=CARTESIAN_POINT('',(7.396808783106E1,2.886160439885E1,-2.402598094679E1));
#531=CARTESIAN_POINT('',(7.411464174815E1,2.878886096814E1,-2.388792189829E1));
#532=CARTESIAN_POINT('',(7.425800756240E1,2.871462869488E1,-2.374726192425E1));
#534=DIRECTION('',(9.996096184709E-1,4.814006295916E-3,2.752155525825E-2));
#535=VECTOR('',#534,9.686720552969E-1);
#536=CARTESIAN_POINT('',(7.285E1,2.892817155286E1,-2.418805608395E1));
#537=LINE('',#536,#535);
#538=CARTESIAN_POINT('',(7.381829390362E1,2.893283474624E1,-2.416139672245E1));
#539=CARTESIAN_POINT('',(7.393020553764E1,2.904450570339E1,-2.406022706234E1));
#540=CARTESIAN_POINT('',(7.403984300013E1,2.915743133831E1,-2.395800293207E1));
#541=CARTESIAN_POINT('',(7.414728916780E1,2.927156592729E1,-2.385476275927E1));
#543=DIRECTION('',(9.996384629094E-1,3.790728207496E-3,2.661905054439E-2));
#544=VECTOR('',#543,1.297758355580E0);
#545=CARTESIAN_POINT('',(7.285E1,2.926664647808E1,-2.388930785453E1));
#546=LINE('',#545,#544);
#547=CARTESIAN_POINT('',(7.378918921259E1,2.947507139035E1,-2.418763777898E1));
#548=CARTESIAN_POINT('',(7.391073082792E1,2.940833728318E1,-2.407834630608E1));
#549=CARTESIAN_POINT('',(7.403008531960E1,2.934049597296E1,-2.396737864686E1));
#550=CARTESIAN_POINT('',(7.414728916780E1,2.927156592729E1,-2.385476275927E1));
#552=DIRECTION('',(9.994778524920E-1,1.811765048109E-4,3.231082718002E-2));
#553=VECTOR('',#552,9.396798640885E-1);
#554=CARTESIAN_POINT('',(7.285E1,2.947490114244E1,-2.421799961267E1));
#555=LINE('',#554,#553);
#556=CARTESIAN_POINT('',(7.378918921259E1,2.947507139035E1,-2.418763777898E1));
#557=CARTESIAN_POINT('',(7.390727308804E1,2.954157016947E1,-2.408145554142E1));
#558=CARTESIAN_POINT('',(7.402327953635E1,2.960913212731E1,-2.397370275191E1));
#559=CARTESIAN_POINT('',(7.413724365722E1,2.967773930068E1,-2.386440594613E1));
#561=DIRECTION('',(9.995203112034E-1,-6.954643843224E-4,3.096229676814E-2));
#562=VECTOR('',#561,1.287861429920E0);
#563=CARTESIAN_POINT('',(7.285E1,2.967863496243E1,-2.390428109392E1));
#564=LINE('',#563,#562);
#565=CARTESIAN_POINT('',(7.377830895638E1,2.990821510136E1,-2.419741169223E1));
#566=CARTESIAN_POINT('',(7.390021042529E1,2.983258599276E1,-2.408801446009E1));
#567=CARTESIAN_POINT('',(7.401983986718E1,2.975575253170E1,-2.397700155200E1));
#568=CARTESIAN_POINT('',(7.413724365722E1,2.967773930068E1,-2.386440594613E1));
#570=DIRECTION('',(9.995501735837E-1,0.E0,2.999084007989E-2));
#571=VECTOR('',#570,9.287267221908E-1);
#572=CARTESIAN_POINT('',(7.285E1,2.990821510136E1,-2.422526498684E1));
#573=LINE('',#572,#571);
#574=CARTESIAN_POINT('',(7.377830895638E1,2.990821510136E1,-2.419741169223E1));
#575=CARTESIAN_POINT('',(7.390021042529E1,2.998384420997E1,-2.408801446009E1));
#576=CARTESIAN_POINT('',(7.401983986718E1,3.006067767102E1,-2.397700155200E1));
#577=CARTESIAN_POINT('',(7.413724365722E1,3.013869090205E1,-2.386440594613E1));
#579=DIRECTION('',(9.995203112034E-1,6.954643843252E-4,3.096229676814E-2));
#580=VECTOR('',#579,1.287861429920E0);
#581=CARTESIAN_POINT('',(7.285E1,3.013779524029E1,-2.390428109392E1));
#582=LINE('',#581,#580);
#583=CARTESIAN_POINT('',(7.378918921259E1,3.034135881238E1,-2.418763777898E1));
#584=CARTESIAN_POINT('',(7.390727308804E1,3.027486003326E1,-2.408145554142E1));
#585=CARTESIAN_POINT('',(7.402327953635E1,3.020729807541E1,-2.397370275191E1));
#586=CARTESIAN_POINT('',(7.413724365722E1,3.013869090205E1,-2.386440594613E1));
#588=DIRECTION('',(9.994778524920E-1,-1.811765048109E-4,3.231082718002E-2));
#589=VECTOR('',#588,9.396798640885E-1);
#590=CARTESIAN_POINT('',(7.285E1,3.034152906029E1,-2.421799961267E1));
#591=LINE('',#590,#589);
#592=CARTESIAN_POINT('',(7.378918921259E1,3.034135881238E1,-2.418763777898E1));
#593=CARTESIAN_POINT('',(7.391073082792E1,3.040809291955E1,-2.407834630608E1));
#594=CARTESIAN_POINT('',(7.403008531960E1,3.047593422977E1,-2.396737864686E1));
#595=CARTESIAN_POINT('',(7.414728916780E1,3.054486427544E1,-2.385476275927E1));
#597=DIRECTION('',(9.996384629094E-1,-3.790728207493E-3,2.661905054439E-2));
#598=VECTOR('',#597,1.297758355580E0);
#599=CARTESIAN_POINT('',(7.285E1,3.054978372464E1,-2.388930785453E1));
#600=LINE('',#599,#598);
#601=CARTESIAN_POINT('',(7.381829390362E1,3.088359545649E1,-2.416139672245E1));
#602=CARTESIAN_POINT('',(7.393020553764E1,3.077192449934E1,-2.406022706234E1));
#603=CARTESIAN_POINT('',(7.403984300013E1,3.065899886442E1,-2.395800293207E1));
#604=CARTESIAN_POINT('',(7.414728916780E1,3.054486427544E1,-2.385476275927E1));
#606=DIRECTION('',(9.996096184709E-1,-4.814006295916E-3,2.752155525825E-2));
#607=VECTOR('',#606,9.686720552969E-1);
#608=CARTESIAN_POINT('',(7.285E1,3.088825864986E1,-2.418805608395E1));
#609=LINE('',#608,#607);
#610=CARTESIAN_POINT('',(7.381829390362E1,3.088359545649E1,-2.416139672245E1));
#611=CARTESIAN_POINT('',(7.396808783106E1,3.095482580388E1,-2.402598094679E1));
#612=CARTESIAN_POINT('',(7.411464174815E1,3.102756923459E1,-2.388792189829E1));
#613=CARTESIAN_POINT('',(7.425800756240E1,3.110180150785E1,-2.374726192425E1));
#615=CARTESIAN_POINT('',(7.373472957860E1,3.130145842376E1,-2.413442154756E1));
#616=CARTESIAN_POINT('',(7.354156669402E1,3.129957351124E1,-2.413801764344E1));
#617=CARTESIAN_POINT('',(7.334839862154E1,3.129768824172E1,-2.414161327110E1));
#618=CARTESIAN_POINT('',(7.315523572193E1,3.129580271679E1,-2.414520823871E1));
#620=DIRECTION('',(9.993359646872E-1,7.713691590820E-5,3.643657136089E-2));
#621=VECTOR('',#620,1.408943150403E0);
#622=CARTESIAN_POINT('',(7.285E1,3.110169282632E1,-2.379859898190E1));
#623=LINE('',#622,#621);
#624=CARTESIAN_POINT('',(7.393239960082E1,3.126346363915E1,-2.405715501947E1));
#625=CARTESIAN_POINT('',(7.396907305108E1,3.124582293740E1,-2.402329745703E1));
#626=CARTESIAN_POINT('',(7.404196381917E1,3.121039150883E1,-2.395532179074E1));
#627=CARTESIAN_POINT('',(7.415059407845E1,3.115645898517E1,-2.385193788114E1));
#628=CARTESIAN_POINT('',(7.422230804972E1,3.112009532558E1,-2.378228765582E1));
#629=CARTESIAN_POINT('',(7.425800756240E1,3.110180150785E1,-2.374726192425E1));
#631=CARTESIAN_POINT('',(7.393239960082E1,3.126346363915E1,-2.405715501947E1));
#632=CARTESIAN_POINT('',(7.393400881216E1,3.127667798644E1,-2.405566921620E1));
#633=CARTESIAN_POINT('',(7.393706092631E1,3.130308992396E1,-2.405285058171E1));
#634=CARTESIAN_POINT('',(7.394064069902E1,3.132943968157E1,-2.404954167039E1));
#635=CARTESIAN_POINT('',(7.394234201215E1,3.134265617026E1,-2.404796789794E1));
#637=CARTESIAN_POINT('',(7.373852924064E1,3.134265644673E1,-2.382784193992E1));
#638=DIRECTION('',(1.243661478299E-1,9.855465124892E-1,1.150266621020E-1));
#639=DIRECTION('',(6.789159096512E-1,2.056064707335E-5,-7.342160357822E-1));
#640=AXIS2_PLACEMENT_3D('',#637,#638,#639);
#642=CARTESIAN_POINT('',(7.373472957860E1,3.130145842376E1,-2.413442154756E1));
#643=CARTESIAN_POINT('',(7.373619780734E1,3.131400809274E1,-2.413303367224E1));
#644=CARTESIAN_POINT('',(7.373916835343E1,3.133911524296E1,-2.413021852816E1));
#645=CARTESIAN_POINT('',(7.374221261653E1,3.136422418019E1,-2.412732710460E1));
#646=CARTESIAN_POINT('',(7.374375937857E1,3.137678212135E1,-2.412586234006E1));
#648=CARTESIAN_POINT('',(7.373472957860E1,3.130145842376E1,-2.413442154756E1));
#649=CARTESIAN_POINT('',(7.375976820207E1,3.130170236321E1,-2.413395468471E1));
#650=CARTESIAN_POINT('',(7.380783157034E1,3.129910220232E1,-2.412740288721E1));
#651=CARTESIAN_POINT('',(7.387625451910E1,3.128603737311E1,-2.410081711693E1));
#652=CARTESIAN_POINT('',(7.391477069664E1,3.127194298636E1,-2.407342935703E1));
#653=CARTESIAN_POINT('',(7.393239960082E1,3.126346363915E1,-2.405715501947E1));
#655=CARTESIAN_POINT('',(7.373849857195E1,3.134266060269E1,-2.382785555069E1));
#656=DIRECTION('',(-9.997265523191E-1,1.745029188119E-2,-1.556624236922E-2));
#657=DIRECTION('',(1.745240643913E-2,9.998476951564E-1,-1.196672390809E-10));
#658=AXIS2_PLACEMENT_3D('',#655,#656,#657);
#660=CARTESIAN_POINT('',(7.315523572193E1,3.165288719202E1,-2.383701541909E1));
#661=CARTESIAN_POINT('',(7.325330284527E1,3.165117542401E1,-2.383548958057E1));
#662=CARTESIAN_POINT('',(7.344944544795E1,3.164775174215E1,-2.383243721645E1));
#663=CARTESIAN_POINT('',(7.364563451039E1,3.164432724932E1,-2.382938301338E1));
#664=CARTESIAN_POINT('',(7.374372826163E1,3.164261501653E1,-2.382785564461E1));
#666=DIRECTION('',(9.997208166619E-1,-1.781776944003E-2,1.551824168624E-2));
#667=VECTOR('',#666,5.886880085258E-1);
#668=CARTESIAN_POINT('',(7.315523572193E1,3.138727122856E1,-2.413499774285E1));
#669=LINE('',#668,#667);
#670=CARTESIAN_POINT('',(7.314999999992E1,3.135293288347E1,-2.383701541910E1));
#671=DIRECTION('',(9.997267292425E-1,-1.745029496940E-2,1.555487202187E-2));
#672=DIRECTION('',(1.745240643719E-2,1.144611503081E-1,-9.932744125264E-1));
#673=AXIS2_PLACEMENT_3D('',#670,#671,#672);
#675=DIRECTION('',(0.E0,0.E0,-1.E0));
#676=VECTOR('',#675,4.735034828679E0);
#677=CARTESIAN_POINT('',(7.315523572193E1,3.165288719202E1,-1.910198059041E1));
#678=LINE('',#677,#676);
#679=DIRECTION('',(0.E0,0.E0,-1.E0));
#680=VECTOR('',#679,4.979411776293E0);
#681=CARTESIAN_POINT('',(7.285E1,3.135293288347E1,-1.885757361534E1));
#682=LINE('',#681,#680);
#683=CARTESIAN_POINT('',(7.315E1,3.135293288347E1,-2.383701541909E1));
#684=DIRECTION('',(0.E0,0.E0,-1.E0));
#685=DIRECTION('',(-1.E0,0.E0,0.E0));
#686=AXIS2_PLACEMENT_3D('',#683,#684,#685);
#688=CARTESIAN_POINT('',(7.285E1,2.990821510136E1,-1.13E1));
#689=DIRECTION('',(1.E0,0.E0,0.E0));
#690=DIRECTION('',(0.E0,1.877653159929E-1,-9.822139207475E-1));
#691=AXIS2_PLACEMENT_3D('',#688,#689,#690);
#693=CARTESIAN_POINT('',(7.315523572193E1,3.165288719202E1,-1.910198059041E1));
#694=CARTESIAN_POINT('',(7.312284954848E1,3.165345249478E1,-1.910243344238E1));
#695=CARTESIAN_POINT('',(7.306040692179E1,3.164393979966E1,-1.909481928660E1));
#696=CARTESIAN_POINT('',(7.298233391471E1,3.160628705844E1,-1.906458754009E1));
#697=CARTESIAN_POINT('',(7.292181331381E1,3.155282913042E1,-1.902146948534E1));
#698=CARTESIAN_POINT('',(7.287949488924E1,3.148954015413E1,-1.897003737049E1));
#699=CARTESIAN_POINT('',(7.285502557454E1,3.142109645897E1,-1.891424427390E1));
#700=CARTESIAN_POINT('',(7.285E1,3.137548450175E1,-1.887622272200E1));
#701=CARTESIAN_POINT('',(7.285E1,3.135293288347E1,-1.885757361534E1));
#703=CARTESIAN_POINT('',(7.315523572193E1,2.990821510136E1,-1.13E1));
#704=DIRECTION('',(1.E0,0.E0,0.E0));
#705=DIRECTION('',(0.E0,2.182293496058E-1,-9.758975104849E-1));
#706=AXIS2_PLACEMENT_3D('',#703,#704,#705);
#708=CARTESIAN_POINT('',(7.315E1,3.759422400367E1,-1.093400969966E1));
#709=DIRECTION('',(0.E0,4.756383673919E-2,-9.988682002320E-1));
#710=DIRECTION('',(-1.E0,2.368475785867E-14,0.E0));
#711=AXIS2_PLACEMENT_3D('',#708,#709,#710);
#713=CARTESIAN_POINT('',(7.315523572193E1,3.756808128907E1,-1.063519680554E1));
#714=CARTESIAN_POINT('',(7.349355899427E1,3.756247477832E1,-1.064161532424E1));
#715=CARTESIAN_POINT('',(7.417058261815E1,3.755124079182E1,-1.065446080291E1));
#716=CARTESIAN_POINT('',(7.518724929180E1,3.753432666034E1,-1.067375436724E1));
#717=CARTESIAN_POINT('',(7.586578122093E1,3.752300804741E1,-1.068663367790E1));
#718=CARTESIAN_POINT('',(7.620523572193E1,3.751733805823E1,-1.069307757134E1));
#720=CARTESIAN_POINT('',(7.315000000004E1,3.759422400369E1,-1.093400969966E1));
#721=DIRECTION('',(9.996828842984E-1,-1.656620547016E-2,-1.896553919783E-2));
#722=DIRECTION('',(1.745240643691E-2,9.987160677670E-1,4.755659253439E-2));
#723=AXIS2_PLACEMENT_3D('',#720,#721,#722);
#725=CARTESIAN_POINT('',(7.315523572193E1,3.789383882122E1,-1.091974266342E1));
#726=CARTESIAN_POINT('',(7.349355899398E1,3.788824370336E1,-1.092640043836E1));
#727=CARTESIAN_POINT('',(7.417058261934E1,3.787703204049E1,-1.093972593602E1));
#728=CARTESIAN_POINT('',(7.518724929091E1,3.786014974793E1,-1.095974362991E1));
#729=CARTESIAN_POINT('',(7.586578122157E1,3.784885136353E1,-1.097310868782E1));
#730=CARTESIAN_POINT('',(7.620523572193E1,3.784319120309E1,-1.097979614822E1));
#732=CARTESIAN_POINT('',(7.619999971708E1,3.754348082295E1,-1.099189045611E1));
#733=DIRECTION('',(9.996804753904E-1,-1.669790047586E-2,-1.897701880960E-2));
#734=DIRECTION('',(1.745240642454E-2,9.990346103978E-1,4.031452266027E-2));
#735=AXIS2_PLACEMENT_3D('',#732,#733,#734);
#737=DIRECTION('',(0.E0,9.961946980917E-1,8.715574274766E-2));
#738=VECTOR('',#737,1.943989880520E0);
#739=CARTESIAN_POINT('',(7.315523572193E1,3.563148887696E1,-1.080462668747E1));
#740=LINE('',#739,#738);
#741=CARTESIAN_POINT('',(7.285E1,3.535025229177E1,-1.113033178572E1));
#742=CARTESIAN_POINT('',(7.285E1,3.536773767325E1,-1.111064245088E1));
#743=CARTESIAN_POINT('',(7.285323141062E1,3.540311679825E1,-1.107065061955E1));
#744=CARTESIAN_POINT('',(7.286928942453E1,3.545680228584E1,-1.100919664891E1));
#745=CARTESIAN_POINT('',(7.289759764468E1,3.550828858926E1,-1.094965594483E1));
#746=CARTESIAN_POINT('',(7.293911526804E1,3.555539374476E1,-1.089463268755E1));
#747=CARTESIAN_POINT('',(7.299497701767E1,3.559535263914E1,-1.084754802967E1));
#748=CARTESIAN_POINT('',(7.306645349036E1,3.562431756859E1,-1.081317450753E1));
#749=CARTESIAN_POINT('',(7.312465555797E1,3.563197459603E1,-1.080404837487E1));
#750=CARTESIAN_POINT('',(7.315523572193E1,3.563148887696E1,-1.080462668747E1));
#752=DIRECTION('',(0.E0,9.961946980917E-1,8.715574274766E-2));
#753=VECTOR('',#752,2.252543319291E0);
#754=CARTESIAN_POINT('',(7.285E1,3.535025229177E1,-1.113033178572E1));
#755=LINE('',#754,#753);
#756=CARTESIAN_POINT('',(7.315E1,3.759422400367E1,-1.093400969966E1));
#757=DIRECTION('',(0.E0,9.961946980917E-1,8.715574274766E-2));
#758=DIRECTION('',(-1.E0,0.E0,0.E0));
#759=AXIS2_PLACEMENT_3D('',#756,#757,#758);
#761=CARTESIAN_POINT('',(7.315523572193E1,2.990821510136E1,-1.13E1));
#762=DIRECTION('',(-1.E0,0.E0,0.E0));
#763=DIRECTION('',(0.E0,-9.962751024385E-1,8.623178219912E-2));
#764=AXIS2_PLACEMENT_3D('',#761,#762,#763);
#766=CARTESIAN_POINT('',(7.285E1,2.990821510136E1,-1.13E1));
#767=DIRECTION('',(-1.E0,0.E0,0.E0));
#768=DIRECTION('',(0.E0,-9.995143535935E-1,3.116178686419E-2));
#769=AXIS2_PLACEMENT_3D('',#766,#767,#768);
#771=CARTESIAN_POINT('',(7.315523572193E1,3.563148887696E1,-1.080462668747E1));
#772=CARTESIAN_POINT('',(7.417190384393E1,3.561534066075E1,-1.082385326828E1));
#773=CARTESIAN_POINT('',(7.518857053118E1,3.559911040773E1,-1.084308700123E1));
#774=CARTESIAN_POINT('',(7.620523572193E1,3.558279578179E1,-1.086232808964E1));
#776=CARTESIAN_POINT('',(7.65E1,2.990821510136E1,-1.13E1));
#777=DIRECTION('',(1.E0,0.E0,0.E0));
#778=DIRECTION('',(0.E0,9.997853700530E-1,2.071747638915E-2));
#779=AXIS2_PLACEMENT_3D('',#776,#777,#778);
#781=CARTESIAN_POINT('',(7.620523572193E1,2.990821510136E1,-1.13E1));
#782=DIRECTION('',(1.E0,0.E0,0.E0));
#783=DIRECTION('',(0.E0,9.970388022119E-1,7.690010977839E-2));
#784=AXIS2_PLACEMENT_3D('',#781,#782,#783);
#786=DIRECTION('',(0.E0,-9.961946980917E-1,8.715574274766E-2));
#787=VECTOR('',#786,1.941931907718E0);
#788=CARTESIAN_POINT('',(7.620523572193E1,2.423363442093E1,-1.086232808964E1));
#789=LINE('',#788,#787);
#790=CARTESIAN_POINT('',(7.65E1,2.451793916052E1,-1.118830161661E1));
#791=CARTESIAN_POINT('',(7.65E1,2.450053890558E1,-1.116891308728E1));
#792=CARTESIAN_POINT('',(7.649686942159E1,2.446535462902E1,-1.112957256504E1));
#793=CARTESIAN_POINT('',(7.648141018921E1,2.441210744723E1,-1.106925006686E1));
#794=CARTESIAN_POINT('',(7.645421642960E1,2.436093937306E1,-1.101069735893E1));
#795=CARTESIAN_POINT('',(7.641434464898E1,2.431387480287E1,-1.095629386621E1));
#796=CARTESIAN_POINT('',(7.636063166130E1,2.427347224606E1,-1.090917832604E1));
#797=CARTESIAN_POINT('',(7.629170562107E1,2.424331704E1,-1.087375524996E1));
#798=CARTESIAN_POINT('',(7.623517507045E1,2.423411486354E1,-1.086289471241E1));
#799=CARTESIAN_POINT('',(7.620523572193E1,2.423363442093E1,-1.086232808964E1));
#801=DIRECTION('',(0.E0,-9.961946980917E-1,8.715574274766E-2));
#802=VECTOR('',#801,2.253565272236E0);
#803=CARTESIAN_POINT('',(7.65E1,2.451793916052E1,-1.118830161661E1));
#804=LINE('',#803,#802);
#805=CARTESIAN_POINT('',(7.62E1,2.227294938451E1,-1.099189046148E1));
#806=DIRECTION('',(0.E0,-9.961946980917E-1,8.715574274766E-2));
#807=DIRECTION('',(1.E0,0.E0,0.E0));
#808=AXIS2_PLACEMENT_3D('',#805,#806,#807);
#810=DIRECTION('',(0.E0,-9.961946980917E-1,-8.715574274766E-2));
#811=VECTOR('',#810,1.941931913659E0);
#812=CARTESIAN_POINT('',(7.620523572193E1,3.751733805823E1,-1.069307757134E1));
#813=LINE('',#812,#811);
#814=CARTESIAN_POINT('',(7.62E1,3.754348081821E1,-1.099189046148E1));
#815=DIRECTION('',(0.E0,-9.961946980917E-1,-8.715574274766E-2));
#816=DIRECTION('',(1.E0,0.E0,0.E0));
#817=AXIS2_PLACEMENT_3D('',#814,#815,#816);
#819=DIRECTION('',(0.E0,-9.961946980917E-1,-8.715574274766E-2));
#820=VECTOR('',#819,2.253564659460E0);
#821=CARTESIAN_POINT('',(7.65E1,3.754348081821E1,-1.099189046148E1));
#822=LINE('',#821,#820);
#823=CARTESIAN_POINT('',(7.65E1,3.529849165265E1,-1.118830156321E1));
#824=CARTESIAN_POINT('',(7.65E1,3.531589190759E1,-1.116891303387E1));
#825=CARTESIAN_POINT('',(7.649686942159E1,3.535107529040E1,-1.112957258983E1));
#826=CARTESIAN_POINT('',(7.648141018921E1,3.540432283141E1,-1.106925006022E1));
#827=CARTESIAN_POINT('',(7.645421642960E1,3.545549080933E1,-1.101069736071E1));
#828=CARTESIAN_POINT('',(7.641434464898E1,3.550255540530E1,-1.095629386573E1));
#829=CARTESIAN_POINT('',(7.636063166130E1,3.554295795520E1,-1.090917832617E1));
#830=CARTESIAN_POINT('',(7.629170562107E1,3.557311316314E1,-1.087375524992E1));
#831=CARTESIAN_POINT('',(7.623517507045E1,3.558231533919E1,-1.086289471241E1));
#832=CARTESIAN_POINT('',(7.620523572193E1,3.558279578179E1,-1.086232808964E1));
#834=CARTESIAN_POINT('',(7.62E1,3.754348081821E1,-1.099189046148E1));
#835=DIRECTION('',(0.E0,4.032066369472E-2,-9.991867913855E-1));
#836=DIRECTION('',(1.745240643719E-2,9.990346103975E-1,4.031452266235E-2));
#837=AXIS2_PLACEMENT_3D('',#834,#835,#836);
#839=CARTESIAN_POINT('',(7.620523572193E1,2.990821510136E1,-1.13E1));
#840=DIRECTION('',(-1.E0,0.E0,0.E0));
#841=DIRECTION('',(0.E0,9.991867918279E-1,4.032065273051E-2));
#842=AXIS2_PLACEMENT_3D('',#839,#840,#841);
#844=CARTESIAN_POINT('',(7.620523572193E1,3.159964924399E1,-1.905921560358E1));
#845=CARTESIAN_POINT('',(7.623691483521E1,3.159909628301E1,-1.905877019694E1));
#846=CARTESIAN_POINT('',(7.629755777771E1,3.158790589261E1,-1.904976181252E1));
#847=CARTESIAN_POINT('',(7.637283365648E1,3.154933505097E1,-1.901860952463E1));
#848=CARTESIAN_POINT('',(7.643099080364E1,3.149610868448E1,-1.897542009777E1));
#849=CARTESIAN_POINT('',(7.647162036810E1,3.143377327120E1,-1.892445933862E1));
#850=CARTESIAN_POINT('',(7.649514463739E1,3.136663445544E1,-1.886940230034E1));
#851=CARTESIAN_POINT('',(7.65E1,3.132185293696E1,-1.883185764357E1));
#852=CARTESIAN_POINT('',(7.65E1,3.129969493544E1,-1.881342636085E1));
#854=CARTESIAN_POINT('',(7.65E1,2.990821510136E1,-1.13E1));
#855=DIRECTION('',(-1.E0,0.E0,0.E0));
#856=DIRECTION('',(0.E0,9.991867913855E-1,4.032066369472E-2));
#857=AXIS2_PLACEMENT_3D('',#854,#855,#856);
#859=CARTESIAN_POINT('',(7.315523572193E1,2.990821510136E1,-1.13E1));
#860=DIRECTION('',(-1.E0,0.E0,0.E0));
#861=DIRECTION('',(0.E0,1.144785859505E-1,-9.934257160748E-1));
#862=AXIS2_PLACEMENT_3D('',#859,#860,#861);
#864=CARTESIAN_POINT('',(7.315E1,3.135293288347E1,-2.383701541909E1));
#865=DIRECTION('',(0.E0,-9.934257160748E-1,-1.144785859505E-1));
#866=DIRECTION('',(-1.E0,0.E0,0.E0));
#867=AXIS2_PLACEMENT_3D('',#864,#865,#866);
#869=CARTESIAN_POINT('',(7.285E1,2.990821510136E1,-1.13E1));
#870=DIRECTION('',(-1.E0,0.E0,0.E0));
#871=DIRECTION('',(0.E0,1.144791271427E-1,-9.934256537097E-1));
#872=AXIS2_PLACEMENT_3D('',#869,#870,#871);
#874=CARTESIAN_POINT('',(7.285E1,3.113507940775E1,-2.386013686507E1));
#875=CARTESIAN_POINT('',(7.285E1,3.114932471214E1,-2.388639369760E1));
#876=CARTESIAN_POINT('',(7.285712347966E1,3.117684638117E1,-2.393686067944E1));
#877=CARTESIAN_POINT('',(7.289018319975E1,3.121719420588E1,-2.401001938447E1));
#878=CARTESIAN_POINT('',(7.294004038755E1,3.125001397297E1,-2.406868759452E1));
#879=CARTESIAN_POINT('',(7.300438402251E1,3.127570172049E1,-2.411367987420E1));
#880=CARTESIAN_POINT('',(7.308015935758E1,3.129194418071E1,-2.414084423981E1));
#881=CARTESIAN_POINT('',(7.312987256278E1,3.129555513887E1,-2.414568027416E1));
#882=CARTESIAN_POINT('',(7.315523572193E1,3.129580271679E1,-2.414520823871E1));
#884=CARTESIAN_POINT('',(7.285E1,2.990821510136E1,-1.13E1));
#885=DIRECTION('',(-1.E0,0.E0,0.E0));
#886=DIRECTION('',(0.E0,-9.721538491162E-2,-9.952633666204E-1));
#887=AXIS2_PLACEMENT_3D('',#884,#885,#886);
#889=CARTESIAN_POINT('',(7.315E1,2.846349731925E1,-2.383701541909E1));
#890=DIRECTION('',(0.E0,-9.934257160748E-1,1.144785859505E-1));
#891=DIRECTION('',(-1.E0,0.E0,-1.184237892934E-14));
#892=AXIS2_PLACEMENT_3D('',#889,#890,#891);
#894=CARTESIAN_POINT('',(7.315523572193E1,2.990821510136E1,-1.13E1));
#895=DIRECTION('',(-1.E0,0.E0,0.E0));
#896=DIRECTION('',(0.E0,-1.073989452968E-1,-9.942160059812E-1));
#897=AXIS2_PLACEMENT_3D('',#894,#895,#896);
#899=CARTESIAN_POINT('',(7.315523572193E1,2.852062748594E1,-2.414520823871E1));
#900=CARTESIAN_POINT('',(7.312987256278E1,2.852087506386E1,-2.414568027416E1));
#901=CARTESIAN_POINT('',(7.308015935758E1,2.852448602186E1,-2.414084424009E1));
#902=CARTESIAN_POINT('',(7.300438402251E1,2.854072848277E1,-2.411367987321E1));
#903=CARTESIAN_POINT('',(7.294004038755E1,2.856641622776E1,-2.406868759819E1));
#904=CARTESIAN_POINT('',(7.289018319975E1,2.859923600428E1,-2.401001937076E1));
#905=CARTESIAN_POINT('',(7.285712347966E1,2.863958379378E1,-2.393686073062E1));
#906=CARTESIAN_POINT('',(7.285E1,2.866710555041E1,-2.388639358732E1));
#907=CARTESIAN_POINT('',(7.285E1,2.868135085480E1,-2.386013675479E1));
#909=CARTESIAN_POINT('',(7.314999999993E1,2.846349731925E1,-2.383701541910E1));
#910=DIRECTION('',(9.997267292425E-1,1.745029496941E-2,1.555487202193E-2));
#911=DIRECTION('',(1.745240643719E-2,-9.998476951564E-1,6.158037043254E-12));
#912=AXIS2_PLACEMENT_3D('',#909,#910,#911);
#914=DIRECTION('',(9.997208166627E-1,1.781776932303E-2,1.551824177149E-2));
#915=VECTOR('',#914,5.886952693956E-1);
#916=CARTESIAN_POINT('',(7.315523572193E1,2.842915897416E1,-2.413499774285E1));
#917=LINE('',#916,#915);
#918=CARTESIAN_POINT('',(7.315523572193E1,2.816354301071E1,-2.383701541909E1));
#919=CARTESIAN_POINT('',(7.325330284046E1,2.816525477863E1,-2.383548958065E1));
#920=CARTESIAN_POINT('',(7.344944544772E1,2.816867846057E1,-2.383243721647E1));
#921=CARTESIAN_POINT('',(7.364563450933E1,2.817210295338E1,-2.382938301338E1));
#922=CARTESIAN_POINT('',(7.374372827289E1,2.817381518639E1,-2.382785564442E1));
#924=CARTESIAN_POINT('',(7.373850098836E1,2.847376964222E1,-2.382785551307E1));
#925=DIRECTION('',(-9.997265523183E-1,-1.745029188119E-2,-1.556624241620E-2));
#926=DIRECTION('',(1.745240640844E-2,-1.137398807828E-1,-9.933572635412E-1));
#927=AXIS2_PLACEMENT_3D('',#924,#925,#926);
#929=DIRECTION('',(0.E0,0.E0,1.E0));
#930=VECTOR('',#929,4.735034828680E0);
#931=CARTESIAN_POINT('',(7.315523572193E1,2.816354301071E1,-2.383701541909E1));
#932=LINE('',#931,#930);
#933=CARTESIAN_POINT('',(7.315E1,2.846349731925E1,-2.383701541909E1));
#934=DIRECTION('',(0.E0,0.E0,1.E0));
#935=DIRECTION('',(-1.E0,0.E0,0.E0));
#936=AXIS2_PLACEMENT_3D('',#933,#934,#935);
#938=DIRECTION('',(0.E0,0.E0,1.E0));
#939=VECTOR('',#938,4.979411218601E0);
#940=CARTESIAN_POINT('',(7.285E1,2.846349731925E1,-2.383698531905E1));
#941=LINE('',#940,#939);
#942=CARTESIAN_POINT('',(7.285E1,2.846349731925E1,-1.885757410045E1));
#943=CARTESIAN_POINT('',(7.285E1,2.844094570097E1,-1.887622320712E1));
#944=CARTESIAN_POINT('',(7.285502557454E1,2.839533374375E1,-1.891424404875E1));
#945=CARTESIAN_POINT('',(7.287949488924E1,2.832689004859E1,-1.897003743081E1));
#946=CARTESIAN_POINT('',(7.292181331381E1,2.826360107231E1,-1.902146946917E1));
#947=CARTESIAN_POINT('',(7.298233391471E1,2.821014314429E1,-1.906458754444E1));
#948=CARTESIAN_POINT('',(7.306040692179E1,2.817249040306E1,-1.909481928536E1));
#949=CARTESIAN_POINT('',(7.312284954848E1,2.816297770795E1,-1.910243344238E1));
#950=CARTESIAN_POINT('',(7.315523572193E1,2.816354301071E1,-1.910198059041E1));
#952=CARTESIAN_POINT('',(8.E1,2.990821510136E1,-1.13E1));
#953=DIRECTION('',(1.E0,0.E0,0.E0));
#954=DIRECTION('',(0.E0,-1.E0,0.E0));
#955=AXIS2_PLACEMENT_3D('',#952,#953,#954);
#957=CARTESIAN_POINT('',(7.950872620607E1,2.990821510136E1,-1.13E1));
#958=DIRECTION('',(1.E0,0.E0,0.E0));
#959=DIRECTION('',(0.E0,-1.E0,0.E0));
#960=AXIS2_PLACEMENT_3D('',#957,#958,#959);
#962=CARTESIAN_POINT('',(7.95E1,2.664956373292E1,-1.13E1));
#963=DIRECTION('',(0.E0,0.E0,-1.E0));
#964=DIRECTION('',(1.E0,0.E0,0.E0));
#965=AXIS2_PLACEMENT_3D('',#962,#963,#964);
#967=DIRECTION('',(9.998476951564E-1,-1.745240643728E-2,-1.986591541739E-11));
#968=VECTOR('',#967,1.809001722943E0);
#969=CARTESIAN_POINT('',(7.77E1,3.369836175070E1,-1.13E1));
#970=LINE('',#969,#968);
#971=CARTESIAN_POINT('',(8.E1,2.731013889001E1,-9.8E0));
#972=CARTESIAN_POINT('',(8.E1,3.250629131272E1,-9.8E0));
#973=VERTEX_POINT('',#971);
#974=VERTEX_POINT('',#972);
#975=CARTESIAN_POINT('',(7.665E1,2.731013889001E1,-9.8E0));
#976=CARTESIAN_POINT('',(7.665E1,3.250629131272E1,-9.8E0));
#977=VERTEX_POINT('',#975);
#978=VERTEX_POINT('',#976);
#979=CARTESIAN_POINT('',(7.77E1,2.990821510136E1,-1.585717967697E1));
#980=CARTESIAN_POINT('',(7.77E1,2.990821510136E1,-6.742820323028E0));
#981=VERTEX_POINT('',#979);
#982=VERTEX_POINT('',#980);
#983=CARTESIAN_POINT('',(7.65E1,2.990821510136E1,-1.655E1));
#984=CARTESIAN_POINT('',(7.65E1,2.990821510136E1,-6.05E0));
#985=VERTEX_POINT('',#983);
#986=VERTEX_POINT('',#984);
#987=CARTESIAN_POINT('',(7.285E1,2.871473737641E1,-2.379859898190E1));
#988=CARTESIAN_POINT('',(7.285E1,2.892817155286E1,-2.418805608395E1));
#989=VERTEX_POINT('',#987);
#990=VERTEX_POINT('',#988);
#991=CARTESIAN_POINT('',(7.285E1,2.926664647808E1,-2.388930785453E1));
#992=VERTEX_POINT('',#991);
#993=CARTESIAN_POINT('',(7.285E1,2.947490114244E1,-2.421799961267E1));
#994=VERTEX_POINT('',#993);
#995=CARTESIAN_POINT('',(7.285E1,2.967863496243E1,-2.390428109392E1));
#996=VERTEX_POINT('',#995);
#997=CARTESIAN_POINT('',(7.285E1,2.990821510136E1,-2.422526498684E1));
#998=VERTEX_POINT('',#997);
#999=CARTESIAN_POINT('',(7.285E1,3.013779524029E1,-2.390428109392E1));
#1000=VERTEX_POINT('',#999);
#1001=CARTESIAN_POINT('',(7.285E1,3.034152906029E1,-2.421799961267E1));
#1002=VERTEX_POINT('',#1001);
#1003=CARTESIAN_POINT('',(7.285E1,3.054978372464E1,-2.388930785453E1));
#1004=VERTEX_POINT('',#1003);
#1005=CARTESIAN_POINT('',(7.285E1,3.088825864986E1,-2.418805608395E1));
#1006=VERTEX_POINT('',#1005);
#1007=CARTESIAN_POINT('',(7.285E1,3.110169282632E1,-2.379859898190E1));
#1008=VERTEX_POINT('',#1007);
#1009=VERTEX_POINT('',#529);
#1010=VERTEX_POINT('',#532);
#1011=VERTEX_POINT('',#541);
#1012=VERTEX_POINT('',#547);
#1013=VERTEX_POINT('',#559);
#1014=VERTEX_POINT('',#565);
#1015=VERTEX_POINT('',#577);
#1016=VERTEX_POINT('',#583);
#1017=VERTEX_POINT('',#595);
#1018=VERTEX_POINT('',#601);
#1019=VERTEX_POINT('',#613);
#1020=CARTESIAN_POINT('',(7.77E1,2.611806845203E1,-1.13E1));
#1021=CARTESIAN_POINT('',(7.77E1,3.369836175070E1,-1.13E1));
#1022=VERTEX_POINT('',#1020);
#1023=VERTEX_POINT('',#1021);
#1024=CARTESIAN_POINT('',(7.665E1,2.990821510136E1,-7.05E0));
#1025=CARTESIAN_POINT('',(7.665E1,2.990821510136E1,-1.555E1));
#1026=VERTEX_POINT('',#1024);
#1027=VERTEX_POINT('',#1025);
#1028=CARTESIAN_POINT('',(7.285E1,2.990821510136E1,-6.983670753273E0));
#1029=CARTESIAN_POINT('',(7.285E1,2.990821510136E1,-1.561632924673E1));
#1030=VERTEX_POINT('',#1028);
#1031=VERTEX_POINT('',#1029);
#1032=VERTEX_POINT('',#489);
#1033=VERTEX_POINT('',#493);
#1034=VERTEX_POINT('',#500);
#1035=VERTEX_POINT('',#504);
#1036=VERTEX_POINT('',#370);
#1037=VERTEX_POINT('',#375);
#1038=VERTEX_POINT('',#382);
#1039=VERTEX_POINT('',#395);
#1040=VERTEX_POINT('',#403);
#1041=CARTESIAN_POINT('',(7.65E1,2.851673526729E1,-1.881342538422E1));
#1042=VERTEX_POINT('',#1041);
#1043=CARTESIAN_POINT('',(7.620523572193E1,2.821678095874E1,-1.905921560358E1));
#1044=VERTEX_POINT('',#1043);
#1045=VERTEX_POINT('',#631);
#1046=VERTEX_POINT('',#635);
#1047=VERTEX_POINT('',#642);
#1048=VERTEX_POINT('',#646);
#1049=VERTEX_POINT('',#475);
#1050=VERTEX_POINT('',#477);
#1051=VERTEX_POINT('',#482);
#1052=VERTEX_POINT('',#437);
#1053=VERTEX_POINT('',#445);
#1054=CARTESIAN_POINT('',(7.620523572193E1,3.159964924399E1,-1.905921560358E1));
#1055=VERTEX_POINT('',#1054);
#1056=CARTESIAN_POINT('',(7.65E1,3.129969493544E1,-1.881342636085E1));
#1057=VERTEX_POINT('',#1056);
#1058=CARTESIAN_POINT('',(7.315523572193E1,2.816354301071E1,-2.383701541909E1));
#1059=CARTESIAN_POINT('',(7.315523572193E1,2.816354301071E1,-1.910198059041E1));
#1060=VERTEX_POINT('',#1058);
#1061=VERTEX_POINT('',#1059);
#1062=CARTESIAN_POINT('',(7.285E1,2.846349731925E1,-2.383698531905E1));
#1063=CARTESIAN_POINT('',(7.285E1,2.846349731925E1,-1.885757410045E1));
#1064=VERTEX_POINT('',#1062);
#1065=VERTEX_POINT('',#1063);
#1066=CARTESIAN_POINT('',(7.285E1,2.868135861890E1,-2.386020653731E1));
#1067=VERTEX_POINT('',#1066);
#1068=CARTESIAN_POINT('',(7.315523572193E1,2.852062748594E1,-2.414520823871E1));
#1069=CARTESIAN_POINT('',(7.315523572193E1,2.842915897416E1,-2.413499774285E1));
#1070=VERTEX_POINT('',#1068);
#1071=VERTEX_POINT('',#1069);
#1072=CARTESIAN_POINT('',(7.315523572193E1,3.138727122856E1,-2.413499774285E1));
#1073=CARTESIAN_POINT('',(7.315523572193E1,3.129580271679E1,-2.414520823871E1));
#1074=VERTEX_POINT('',#1072);
#1075=VERTEX_POINT('',#1073);
#1076=CARTESIAN_POINT('',(7.285E1,3.135293971331E1,-2.383701463205E1));
#1077=CARTESIAN_POINT('',(7.285E1,3.113507165672E1,-2.386020653019E1));
#1078=VERTEX_POINT('',#1076);
#1079=VERTEX_POINT('',#1077);
#1080=CARTESIAN_POINT('',(7.315523572193E1,3.165288719202E1,-1.910198059041E1));
#1081=CARTESIAN_POINT('',(7.315523572193E1,3.165288719202E1,-2.383701541909E1));
#1082=VERTEX_POINT('',#1080);
#1083=VERTEX_POINT('',#1081);
#1084=CARTESIAN_POINT('',(7.285E1,3.135293288347E1,-1.885757361534E1));
#1085=VERTEX_POINT('',#1084);
#1086=VERTEX_POINT('',#30);
#1087=VERTEX_POINT('',#35);
#1088=VERTEX_POINT('',#42);
#1089=VERTEX_POINT('',#47);
#1090=CARTESIAN_POINT('',(7.315523572193E1,2.418494132577E1,-1.080462668747E1));
#1091=VERTEX_POINT('',#1090);
#1092=CARTESIAN_POINT('',(7.285E1,2.222220619905E1,-1.093400969966E1));
#1093=CARTESIAN_POINT('',(7.285E1,2.446619203313E1,-1.113033302125E1));
#1094=VERTEX_POINT('',#1092);
#1095=VERTEX_POINT('',#1093);
#1096=CARTESIAN_POINT('',(7.315523572193E1,3.563148887696E1,-1.080462668747E1));
#1097=VERTEX_POINT('',#1096);
#1098=CARTESIAN_POINT('',(7.285E1,3.535028863869E1,-1.113033167322E1));
#1099=VERTEX_POINT('',#1098);
#1100=CARTESIAN_POINT('',(7.315523572193E1,3.756808128907E1,-1.063519680554E1));
#1101=VERTEX_POINT('',#1100);
#1102=CARTESIAN_POINT('',(7.285E1,3.759422400367E1,-1.093400969966E1));
#1103=VERTEX_POINT('',#1102);
#1104=VERTEX_POINT('',#718);
#1105=VERTEX_POINT('',#725);
#1106=VERTEX_POINT('',#730);
#1107=CARTESIAN_POINT('',(7.620523572193E1,3.558279578179E1,-1.086232808964E1));
#1108=VERTEX_POINT('',#1107);
#1109=CARTESIAN_POINT('',(7.65E1,3.754348081821E1,-1.099189046148E1));
#1110=CARTESIAN_POINT('',(7.65E1,3.529849165265E1,-1.118830156321E1));
#1111=VERTEX_POINT('',#1109);
#1112=VERTEX_POINT('',#1110);
#1113=CARTESIAN_POINT('',(7.65E1,2.451789243905E1,-1.118830220495E1));
#1114=VERTEX_POINT('',#1113);
#1115=CARTESIAN_POINT('',(7.620523572193E1,2.423363442093E1,-1.086232808964E1));
#1116=VERTEX_POINT('',#1115);
#1117=CARTESIAN_POINT('',(7.65E1,2.227294938451E1,-1.099189046148E1));
#1118=VERTEX_POINT('',#1117);
#1119=CARTESIAN_POINT('',(8.E1,2.664956384728E1,-1.13E1));
#1120=CARTESIAN_POINT('',(8.E1,3.316686635545E1,-1.13E1));
#1121=VERTEX_POINT('',#1119);
#1122=VERTEX_POINT('',#1120);
#1123=CARTESIAN_POINT('',(7.950872620607E1,2.614963988539E1,-1.13E1));
#1124=CARTESIAN_POINT('',(7.950872620607E1,3.366679031733E1,-1.13E1));
#1125=VERTEX_POINT('',#1123);
#1126=VERTEX_POINT('',#1124);
#1127=CARTESIAN_POINT('',(7.535E1,3.515497192765E1,-1.239580475995E1));
#1128=CARTESIAN_POINT('',(7.535E1,3.658915254512E1,-1.227033021447E1));
#1129=VERTEX_POINT('',#1127);
#1130=VERTEX_POINT('',#1128);
#1131=CARTESIAN_POINT('',(7.535E1,2.322727765760E1,-1.227033021447E1));
#1132=CARTESIAN_POINT('',(7.535E1,2.466145827508E1,-1.239580475995E1));
#1133=VERTEX_POINT('',#1131);
#1134=VERTEX_POINT('',#1132);
#1135=CARTESIAN_POINT('',(7.285E1,3.511877932958E1,-1.235516685088E1));
#1136=CARTESIAN_POINT('',(7.285E1,3.664003115064E1,-1.222207456217E1));
#1137=VERTEX_POINT('',#1135);
#1138=VERTEX_POINT('',#1136);
#1139=CARTESIAN_POINT('',(7.285E1,2.317639905208E1,-1.222207456217E1));
#1140=CARTESIAN_POINT('',(7.285E1,2.469765087314E1,-1.235516685088E1));
#1141=VERTEX_POINT('',#1139);
#1142=VERTEX_POINT('',#1140);
#1143=CARTESIAN_POINT('',(7.535E1,3.045185276368E1,-1.802911018967E1));
#1144=CARTESIAN_POINT('',(7.535E1,3.045185276368E1,-1.663232626142E1));
#1145=VERTEX_POINT('',#1143);
#1146=VERTEX_POINT('',#1144);
#1147=CARTESIAN_POINT('',(7.535E1,2.936457743904E1,-1.802911018967E1));
#1148=CARTESIAN_POINT('',(7.535E1,2.936457743904E1,-1.663232626142E1));
#1149=VERTEX_POINT('',#1147);
#1150=VERTEX_POINT('',#1148);
#1151=VERTEX_POINT('',#283);
#1152=VERTEX_POINT('',#334);
#1153=VERTEX_POINT('',#278);
#1154=VERTEX_POINT('',#339);
#1155=CARTESIAN_POINT('',(7.315E1,2.184037520852E1,-1.090060381660E1));
#1156=DIRECTION('',(0.E0,9.961946980917E-1,-8.715574274766E-2));
#1157=DIRECTION('',(-1.E0,0.E0,0.E0));
#1158=AXIS2_PLACEMENT_3D('',#1155,#1156,#1157);
#1159=CYLINDRICAL_SURFACE('',#1158,3.E-1);
#1161=ORIENTED_EDGE('',*,*,#1160,.F.);
#1163=ORIENTED_EDGE('',*,*,#1162,.F.);
#1165=ORIENTED_EDGE('',*,*,#1164,.T.);
#1167=ORIENTED_EDGE('',*,*,#1166,.T.);
#1168=EDGE_LOOP('',(#1161,#1163,#1165,#1167));
#1169=FACE_OUTER_BOUND('',#1168,.F.);
#1170=ADVANCED_FACE('',(#1169),#1159,.T.);
#1171=CARTESIAN_POINT('',(7.285E1,2.550272760406E1,-1.091456978668E1));
#1172=DIRECTION('',(-1.745240643728E-2,-8.714246850589E-2,-9.960429728140E-1));
#1173=DIRECTION('',(0.E0,-9.961946980917E-1,8.715574274766E-2));
#1174=AXIS2_PLACEMENT_3D('',#1171,#1172,#1173);
#1175=PLANE('',#1174);
#1177=ORIENTED_EDGE('',*,*,#1176,.T.);
#1178=ORIENTED_EDGE('',*,*,#1160,.T.);
#1180=ORIENTED_EDGE('',*,*,#1179,.T.);
#1182=ORIENTED_EDGE('',*,*,#1181,.T.);
#1183=EDGE_LOOP('',(#1177,#1178,#1180,#1182));
#1184=FACE_OUTER_BOUND('',#1183,.F.);
#1185=ADVANCED_FACE('',(#1184),#1175,.F.);
#1186=CARTESIAN_POINT('',(7.639538101583E1,2.202998899179E1,-1.116698828800E1));
#1187=CARTESIAN_POINT('',(7.602450496182E1,2.202379100761E1,-1.115994764069E1));
#1188=CARTESIAN_POINT('',(7.523603277413E1,2.201063345113E1,-1.114498109864E1));
#1189=CARTESIAN_POINT('',(7.408967367997E1,2.199156252013E1,-1.112322640188E1));
#1190=CARTESIAN_POINT('',(7.331419045538E1,2.197870030580E1,-1.110851328816E1));
#1191=CARTESIAN_POINT('',(7.295630380006E1,2.197277257448E1,-1.110172388179E1));
#1192=CARTESIAN_POINT('',(7.640759096362E1,2.175239392395E1,-1.076818299372E1));
#1193=CARTESIAN_POINT('',(7.603670984373E1,2.174619585511E1,-1.076114225024E1));
#1194=CARTESIAN_POINT('',(7.524822692921E1,2.173303811963E1,-1.074617550458E1));
#1195=CARTESIAN_POINT('',(7.410185237079E1,2.171396693137E1,-1.072442051435E1));
#1196=CARTESIAN_POINT('',(7.332635877120E1,2.170110454496E1,-1.070970720378E1));
#1197=CARTESIAN_POINT('',(7.296846734592E1,2.169517673464E1,-1.070291770692E1));
#1198=CARTESIAN_POINT('',(7.640758810179E1,2.211730314673E1,-1.044709885151E1));
#1199=CARTESIAN_POINT('',(7.603671244224E1,2.211110516914E1,-1.044005821169E1));
#1200=CARTESIAN_POINT('',(7.524824108980E1,2.209794762661E1,-1.042509168549E1));
#1201=CARTESIAN_POINT('',(7.410188319978E1,2.207887671563E1,-1.040333701158E1));
#1202=CARTESIAN_POINT('',(7.332640078305E1,2.206601451471E1,-1.038862391319E1));
#1203=CARTESIAN_POINT('',(7.296851449914E1,2.206008678954E1,-1.038183451386E1));
#1204=CARTESIAN_POINT('',(7.639537750587E1,2.247754175507E1,-1.077318597739E1));
#1205=CARTESIAN_POINT('',(7.602450814884E1,2.247134388281E1,-1.076614545721E1));
#1206=CARTESIAN_POINT('',(7.523605014178E1,2.245818656297E1,-1.075117918434E1));
#1207=CARTESIAN_POINT('',(7.408971149101E1,2.243911597207E1,-1.072942487553E1));
#1208=CARTESIAN_POINT('',(7.331424198195E1,2.242625398522E1,-1.071471202204E1));
#1209=CARTESIAN_POINT('',(7.295636163241E1,2.242032635835E1,-1.070792273529E1));
#1210=(BOUNDED_SURFACE()B_SPLINE_SURFACE(3,3,((#1186,#1187,#1188,#1189,#1190,
#1191),(#1192,#1193,#1194,#1195,#1196,#1197),(#1198,#1199,#1200,#1201,#1202,
#1203),(#1204,#1205,#1206,#1207,#1208,#1209)),.UNSPECIFIED.,.F.,.F.,.F.)B_SPLINE_SURFACE_WITH_KNOTS((4,4),(4,1,1,4),(0.E0,1.E0),(3.775002892403E-2,
3.337907256737E-1,6.671240590870E-1,9.527956206683E-1),.UNSPECIFIED.)GEOMETRIC_REPRESENTATION_ITEM()RATIONAL_B_SPLINE_SURFACE(((1.796560228236E0,
1.796560228236E0,1.796560228236E0,1.796560228236E0,1.796560228236E0,
1.796560228236E0),(7.344799239212E-1,7.344799239212E-1,7.344799239212E-1,
7.344799239212E-1,7.344799239212E-1,7.344799239212E-1),(7.344799239212E-1,
7.344799239212E-1,7.344799239212E-1,7.344799239212E-1,7.344799239212E-1,
7.344799239212E-1),(1.796560228236E0,1.796560228236E0,1.796560228236E0,
1.796560228236E0,1.796560228236E0,1.796560228236E0)))REPRESENTATION_ITEM('')SURFACE());
#1211=ORIENTED_EDGE('',*,*,#1176,.F.);
#1213=ORIENTED_EDGE('',*,*,#1212,.F.);
#1215=ORIENTED_EDGE('',*,*,#1214,.T.);
#1217=ORIENTED_EDGE('',*,*,#1216,.T.);
#1218=EDGE_LOOP('',(#1211,#1213,#1215,#1217));
#1219=FACE_OUTER_BOUND('',#1218,.F.);
#1220=ADVANCED_FACE('',(#1219),#1210,.T.);
#1221=CARTESIAN_POINT('',(7.62E1,2.227294938451E1,-1.099189046148E1));
#1222=DIRECTION('',(3.260525466386E-14,7.507503241235E-1,6.605860661779E-1));
#1223=DIRECTION('',(2.527740342009E-2,-6.603749926729E-1,7.505104409191E-1));
#1224=AXIS2_PLACEMENT_3D('',#1221,#1222,#1223);
#1225=SPHERICAL_SURFACE('',#1224,3.E-1);
#1227=ORIENTED_EDGE('',*,*,#1226,.T.);
#1228=ORIENTED_EDGE('',*,*,#1212,.T.);
#1230=ORIENTED_EDGE('',*,*,#1229,.F.);
#1231=EDGE_LOOP('',(#1227,#1228,#1230));
#1232=FACE_OUTER_BOUND('',#1231,.F.);
#1233=ADVANCED_FACE('',(#1232),#1225,.T.);
#1234=CARTESIAN_POINT('',(7.62E1,2.990821510136E1,-1.13E1));
#1235=DIRECTION('',(-1.E0,0.E0,0.E0));
#1236=DIRECTION('',(0.E0,-2.571560893020E-3,-9.999966935318E-1));
#1237=AXIS2_PLACEMENT_3D('',#1234,#1235,#1236);
#1238=TOROIDAL_SURFACE('',#1237,7.641479834077E0,3.E-1);
#1239=ORIENTED_EDGE('',*,*,#1226,.F.);
#1241=ORIENTED_EDGE('',*,*,#1240,.F.);
#1243=ORIENTED_EDGE('',*,*,#1242,.F.);
#1245=ORIENTED_EDGE('',*,*,#1244,.T.);
#1246=EDGE_LOOP('',(#1239,#1241,#1243,#1245));
#1247=FACE_OUTER_BOUND('',#1246,.F.);
#1248=ADVANCED_FACE('',(#1247),#1238,.T.);
#1249=CARTESIAN_POINT('',(7.65E1,0.E0,0.E0));
#1250=DIRECTION('',(-1.E0,0.E0,0.E0));
#1251=DIRECTION('',(0.E0,-1.E0,0.E0));
#1252=AXIS2_PLACEMENT_3D('',#1249,#1250,#1251);
#1253=PLANE('',#1252);
#1255=ORIENTED_EDGE('',*,*,#1254,.F.);
#1257=ORIENTED_EDGE('',*,*,#1256,.T.);
#1259=ORIENTED_EDGE('',*,*,#1258,.F.);
#1261=ORIENTED_EDGE('',*,*,#1260,.F.);
#1263=ORIENTED_EDGE('',*,*,#1262,.T.);
#1264=ORIENTED_EDGE('',*,*,#1240,.T.);
#1266=ORIENTED_EDGE('',*,*,#1265,.F.);
#1268=ORIENTED_EDGE('',*,*,#1267,.F.);
#1269=EDGE_LOOP('',(#1255,#1257,#1259,#1261,#1263,#1264,#1266,#1268));
#1270=FACE_OUTER_BOUND('',#1269,.F.);
#1272=ORIENTED_EDGE('',*,*,#1271,.F.);
#1274=ORIENTED_EDGE('',*,*,#1273,.F.);
#1275=EDGE_LOOP('',(#1272,#1274));
#1276=FACE_BOUND('',#1275,.F.);
#1277=ADVANCED_FACE('',(#1270,#1276),#1253,.F.);
#1278=CARTESIAN_POINT('',(7.71E1,2.990821510136E1,-1.13E1));
#1279=DIRECTION('',(-1.E0,0.E0,0.E0));
#1280=DIRECTION('',(0.E0,0.E0,-1.E0));
#1281=AXIS2_PLACEMENT_3D('',#1278,#1279,#1280);
#1282=CONICAL_SURFACE('',#1281,4.903589838486E0,3.E1);
#1283=ORIENTED_EDGE('',*,*,#1271,.T.);
#1285=ORIENTED_EDGE('',*,*,#1284,.T.);
#1287=ORIENTED_EDGE('',*,*,#1286,.F.);
#1289=ORIENTED_EDGE('',*,*,#1288,.F.);
#1290=EDGE_LOOP('',(#1283,#1285,#1287,#1289));
#1291=FACE_OUTER_BOUND('',#1290,.F.);
#1292=ADVANCED_FACE('',(#1291),#1282,.T.);
#1293=CARTESIAN_POINT('',(7.71E1,2.990821510136E1,-1.13E1));
#1294=DIRECTION('',(-1.E0,0.E0,0.E0));
#1295=DIRECTION('',(0.E0,0.E0,-1.E0));
#1296=AXIS2_PLACEMENT_3D('',#1293,#1294,#1295);
#1297=CONICAL_SURFACE('',#1296,4.903589838486E0,3.E1);
#1298=ORIENTED_EDGE('',*,*,#1273,.T.);
#1299=ORIENTED_EDGE('',*,*,#1288,.T.);
#1301=ORIENTED_EDGE('',*,*,#1300,.F.);
#1302=ORIENTED_EDGE('',*,*,#1284,.F.);
#1303=EDGE_LOOP('',(#1298,#1299,#1301,#1302));
#1304=FACE_OUTER_BOUND('',#1303,.F.);
#1305=ADVANCED_FACE('',(#1304),#1297,.T.);
#1306=CARTESIAN_POINT('',(7.77E1,0.E0,0.E0));
#1307=DIRECTION('',(-1.E0,0.E0,0.E0));
#1308=DIRECTION('',(0.E0,0.E0,-1.E0));
#1309=AXIS2_PLACEMENT_3D('',#1306,#1307,#1308);
#1310=PLANE('',#1309);
#1311=ORIENTED_EDGE('',*,*,#1286,.T.);
#1312=ORIENTED_EDGE('',*,*,#1300,.T.);
#1313=EDGE_LOOP('',(#1311,#1312));
#1314=FACE_OUTER_BOUND('',#1313,.F.);
#1316=ORIENTED_EDGE('',*,*,#1315,.F.);
#1318=ORIENTED_EDGE('',*,*,#1317,.F.);
#1319=EDGE_LOOP('',(#1316,#1318));
#1320=FACE_BOUND('',#1319,.F.);
#1321=ADVANCED_FACE('',(#1314,#1320),#1310,.F.);
#1322=CARTESIAN_POINT('',(7.860436312142E1,2.990821510136E1,-1.13E1));
#1323=DIRECTION('',(-1.E0,0.E0,0.E0));
#1324=DIRECTION('',(0.E0,-1.E0,0.E0));
#1325=AXIS2_PLACEMENT_3D('',#1322,#1323,#1324);
#1326=CONICAL_SURFACE('',#1325,3.774360932332E0,1.E0);
#1328=ORIENTED_EDGE('',*,*,#1327,.T.);
#1330=ORIENTED_EDGE('',*,*,#1329,.F.);
#1331=ORIENTED_EDGE('',*,*,#1315,.T.);
#1333=ORIENTED_EDGE('',*,*,#1332,.T.);
#1334=EDGE_LOOP('',(#1328,#1330,#1331,#1333));
#1335=FACE_OUTER_BOUND('',#1334,.F.);
#1336=ADVANCED_FACE('',(#1335),#1326,.T.);
#1337=CARTESIAN_POINT('',(7.95E1,2.990821510136E1,-1.13E1));
#1338=DIRECTION('',(-1.E0,0.E0,0.E0));
#1339=DIRECTION('',(0.E0,9.998748520623E-1,-1.582024694654E-2));
#1340=AXIS2_PLACEMENT_3D('',#1337,#1338,#1339);
#1341=TOROIDAL_SURFACE('',#1340,3.258651368442E0,5.E-1);
#1343=ORIENTED_EDGE('',*,*,#1342,.T.);
#1345=ORIENTED_EDGE('',*,*,#1344,.T.);
#1346=ORIENTED_EDGE('',*,*,#1327,.F.);
#1348=ORIENTED_EDGE('',*,*,#1347,.F.);
#1349=EDGE_LOOP('',(#1343,#1345,#1346,#1348));
#1350=FACE_OUTER_BOUND('',#1349,.F.);
#1351=ADVANCED_FACE('',(#1350),#1341,.T.);
#1352=CARTESIAN_POINT('',(8.E1,0.E0,0.E0));
#1353=DIRECTION('',(-1.E0,0.E0,0.E0));
#1354=DIRECTION('',(0.E0,-1.E0,0.E0));
#1355=AXIS2_PLACEMENT_3D('',#1352,#1353,#1354);
#1356=PLANE('',#1355);
#1358=ORIENTED_EDGE('',*,*,#1357,.F.);
#1359=ORIENTED_EDGE('',*,*,#1342,.F.);
#1360=EDGE_LOOP('',(#1358,#1359));
#1361=FACE_OUTER_BOUND('',#1360,.F.);
#1363=ORIENTED_EDGE('',*,*,#1362,.F.);
#1365=ORIENTED_EDGE('',*,*,#1364,.F.);
#1366=EDGE_LOOP('',(#1363,#1365));
#1367=FACE_BOUND('',#1366,.F.);
#1368=ADVANCED_FACE('',(#1361,#1367),#1356,.F.);
#1369=CARTESIAN_POINT('',(7.285E1,2.731013889001E1,-9.8E0));
#1370=DIRECTION('',(0.E0,0.E0,1.E0));
#1371=DIRECTION('',(0.E0,1.E0,0.E0));
#1372=AXIS2_PLACEMENT_3D('',#1369,#1370,#1371);
#1373=PLANE('',#1372);
#1374=ORIENTED_EDGE('',*,*,#1362,.T.);
#1376=ORIENTED_EDGE('',*,*,#1375,.F.);
#1378=ORIENTED_EDGE('',*,*,#1377,.F.);
#1380=ORIENTED_EDGE('',*,*,#1379,.T.);
#1381=EDGE_LOOP('',(#1374,#1376,#1378,#1380));
#1382=FACE_OUTER_BOUND('',#1381,.F.);
#1383=ADVANCED_FACE('',(#1382),#1373,.F.);
#1384=CARTESIAN_POINT('',(7.285E1,2.990821510136E1,-1.13E1));
#1385=DIRECTION('',(-1.E0,0.E0,0.E0));
#1386=DIRECTION('',(0.E0,-1.E0,0.E0));
#1387=AXIS2_PLACEMENT_3D('',#1384,#1385,#1386);
#1388=CYLINDRICAL_SURFACE('',#1387,3.E0);
#1389=ORIENTED_EDGE('',*,*,#1364,.T.);
#1390=ORIENTED_EDGE('',*,*,#1379,.F.);
#1392=ORIENTED_EDGE('',*,*,#1391,.F.);
#1393=ORIENTED_EDGE('',*,*,#1375,.T.);
#1394=EDGE_LOOP('',(#1389,#1390,#1392,#1393));
#1395=FACE_OUTER_BOUND('',#1394,.F.);
#1396=ADVANCED_FACE('',(#1395),#1388,.F.);
#1397=CARTESIAN_POINT('',(7.665E1,0.E0,0.E0));
#1398=DIRECTION('',(-1.E0,0.E0,0.E0));
#1399=DIRECTION('',(0.E0,0.E0,1.E0));
#1400=AXIS2_PLACEMENT_3D('',#1397,#1398,#1399);
#1401=PLANE('',#1400);
#1403=ORIENTED_EDGE('',*,*,#1402,.F.);
#1405=ORIENTED_EDGE('',*,*,#1404,.F.);
#1406=EDGE_LOOP('',(#1403,#1405));
#1407=FACE_OUTER_BOUND('',#1406,.F.);
#1408=ORIENTED_EDGE('',*,*,#1377,.T.);
#1409=ORIENTED_EDGE('',*,*,#1391,.T.);
#1410=EDGE_LOOP('',(#1408,#1409));
#1411=FACE_BOUND('',#1410,.F.);
#1412=ADVANCED_FACE('',(#1407,#1411),#1401,.T.);
#1413=CARTESIAN_POINT('',(7.475E1,2.990821510136E1,-1.13E1));
#1414=DIRECTION('',(-1.E0,0.E0,0.E0));
#1415=DIRECTION('',(0.E0,0.E0,1.E0));
#1416=AXIS2_PLACEMENT_3D('',#1413,#1414,#1415);
#1417=CONICAL_SURFACE('',#1416,4.283164623364E0,1.E0);
#1419=ORIENTED_EDGE('',*,*,#1418,.F.);
#1421=ORIENTED_EDGE('',*,*,#1420,.T.);
#1422=ORIENTED_EDGE('',*,*,#1402,.T.);
#1424=ORIENTED_EDGE('',*,*,#1423,.F.);
#1425=EDGE_LOOP('',(#1419,#1421,#1422,#1424));
#1426=FACE_OUTER_BOUND('',#1425,.F.);
#1427=ADVANCED_FACE('',(#1426),#1417,.F.);
#1428=CARTESIAN_POINT('',(7.285E1,0.E0,0.E0));
#1429=DIRECTION('',(-1.E0,0.E0,0.E0));
#1430=DIRECTION('',(0.E0,-1.E0,0.E0));
#1431=AXIS2_PLACEMENT_3D('',#1428,#1429,#1430);
#1432=PLANE('',#1431);
#1433=ORIENTED_EDGE('',*,*,#1164,.F.);
#1435=ORIENTED_EDGE('',*,*,#1434,.T.);
#1437=ORIENTED_EDGE('',*,*,#1436,.F.);
#1439=ORIENTED_EDGE('',*,*,#1438,.F.);
#1441=ORIENTED_EDGE('',*,*,#1440,.T.);
#1443=ORIENTED_EDGE('',*,*,#1442,.T.);
#1445=ORIENTED_EDGE('',*,*,#1444,.T.);
#1447=ORIENTED_EDGE('',*,*,#1446,.T.);
#1449=ORIENTED_EDGE('',*,*,#1448,.T.);
#1451=ORIENTED_EDGE('',*,*,#1450,.T.);
#1453=ORIENTED_EDGE('',*,*,#1452,.T.);
#1455=ORIENTED_EDGE('',*,*,#1454,.T.);
#1457=ORIENTED_EDGE('',*,*,#1456,.T.);
#1459=ORIENTED_EDGE('',*,*,#1458,.T.);
#1461=ORIENTED_EDGE('',*,*,#1460,.T.);
#1463=ORIENTED_EDGE('',*,*,#1462,.T.);
#1465=ORIENTED_EDGE('',*,*,#1464,.F.);
#1467=ORIENTED_EDGE('',*,*,#1466,.F.);
#1469=ORIENTED_EDGE('',*,*,#1468,.T.);
#1471=ORIENTED_EDGE('',*,*,#1470,.F.);
#1473=ORIENTED_EDGE('',*,*,#1472,.F.);
#1474=EDGE_LOOP('',(#1433,#1435,#1437,#1439,#1441,#1443,#1445,#1447,#1449,#1451,
#1453,#1455,#1457,#1459,#1461,#1463,#1465,#1467,#1469,#1471,#1473));
#1475=FACE_OUTER_BOUND('',#1474,.F.);
#1477=ORIENTED_EDGE('',*,*,#1476,.F.);
#1479=ORIENTED_EDGE('',*,*,#1478,.F.);
#1481=ORIENTED_EDGE('',*,*,#1480,.T.);
#1483=ORIENTED_EDGE('',*,*,#1482,.T.);
#1484=EDGE_LOOP('',(#1477,#1479,#1481,#1483));
#1485=FACE_BOUND('',#1484,.F.);
#1486=ORIENTED_EDGE('',*,*,#1418,.T.);
#1488=ORIENTED_EDGE('',*,*,#1487,.T.);
#1489=EDGE_LOOP('',(#1486,#1488));
#1490=FACE_BOUND('',#1489,.F.);
#1492=ORIENTED_EDGE('',*,*,#1491,.T.);
#1494=ORIENTED_EDGE('',*,*,#1493,.F.);
#1496=ORIENTED_EDGE('',*,*,#1495,.F.);
#1498=ORIENTED_EDGE('',*,*,#1497,.T.);
#1499=EDGE_LOOP('',(#1492,#1494,#1496,#1498));
#1500=FACE_BOUND('',#1499,.F.);
#1501=ADVANCED_FACE('',(#1475,#1485,#1490,#1500),#1432,.T.);
#1502=CARTESIAN_POINT('',(7.41E1,2.990821510136E1,-1.13E1));
#1503=DIRECTION('',(1.E0,0.E0,0.E0));
#1504=DIRECTION('',(0.E0,0.E0,-1.E0));
#1505=AXIS2_PLACEMENT_3D('',#1502,#1503,#1504);
#1506=CONICAL_SURFACE('',#1505,5.338148077887E0,1.E0);
#1508=ORIENTED_EDGE('',*,*,#1507,.F.);
#1510=ORIENTED_EDGE('',*,*,#1509,.T.);
#1512=ORIENTED_EDGE('',*,*,#1511,.F.);
#1513=ORIENTED_EDGE('',*,*,#1495,.T.);
#1514=EDGE_LOOP('',(#1508,#1510,#1512,#1513));
#1515=FACE_OUTER_BOUND('',#1514,.F.);
#1516=ADVANCED_FACE('',(#1515),#1506,.T.);
#1517=CARTESIAN_POINT('',(7.41E1,2.990821510136E1,-1.13E1));
#1518=DIRECTION('',(1.E0,0.E0,0.E0));
#1519=DIRECTION('',(0.E0,0.E0,-1.E0));
#1520=AXIS2_PLACEMENT_3D('',#1517,#1518,#1519);
#1521=CONICAL_SURFACE('',#1520,5.338148077887E0,1.E0);
#1523=ORIENTED_EDGE('',*,*,#1522,.T.);
#1524=ORIENTED_EDGE('',*,*,#1476,.T.);
#1526=ORIENTED_EDGE('',*,*,#1525,.T.);
#1528=ORIENTED_EDGE('',*,*,#1527,.T.);
#1529=EDGE_LOOP('',(#1523,#1524,#1526,#1528));
#1530=FACE_OUTER_BOUND('',#1529,.F.);
#1531=ADVANCED_FACE('',(#1530),#1521,.T.);
#1532=CARTESIAN_POINT('',(7.285E1,3.040821510136E1,-1.478104352310E1));
#1533=DIRECTION('',(-1.745240643728E-2,9.998476951564E-1,0.E0));
#1534=DIRECTION('',(0.E0,0.E0,-1.E0));
#1535=AXIS2_PLACEMENT_3D('',#1532,#1533,#1534);
#1536=PLANE('',#1535);
#1538=ORIENTED_EDGE('',*,*,#1537,.T.);
#1539=ORIENTED_EDGE('',*,*,#1507,.T.);
#1540=ORIENTED_EDGE('',*,*,#1493,.T.);
#1542=ORIENTED_EDGE('',*,*,#1541,.F.);
#1543=EDGE_LOOP('',(#1538,#1539,#1540,#1542));
#1544=FACE_OUTER_BOUND('',#1543,.F.);
#1545=ADVANCED_FACE('',(#1544),#1536,.T.);
#1546=CARTESIAN_POINT('',(7.535E1,0.E0,0.E0));
#1547=DIRECTION('',(-1.E0,0.E0,0.E0));
#1548=DIRECTION('',(0.E0,0.E0,1.E0));
#1549=AXIS2_PLACEMENT_3D('',#1546,#1547,#1548);
#1550=PLANE('',#1549);
#1551=ORIENTED_EDGE('',*,*,#1537,.F.);
#1553=ORIENTED_EDGE('',*,*,#1552,.F.);
#1555=ORIENTED_EDGE('',*,*,#1554,.F.);
#1556=ORIENTED_EDGE('',*,*,#1509,.F.);
#1557=EDGE_LOOP('',(#1551,#1553,#1555,#1556));
#1558=FACE_OUTER_BOUND('',#1557,.F.);
#1559=ADVANCED_FACE('',(#1558),#1550,.T.);
#1560=CARTESIAN_POINT('',(7.535E1,0.E0,0.E0));
#1561=DIRECTION('',(-1.E0,0.E0,0.E0));
#1562=DIRECTION('',(0.E0,0.E0,1.E0));
#1563=AXIS2_PLACEMENT_3D('',#1560,#1561,#1562);
#1564=PLANE('',#1563);
#1566=ORIENTED_EDGE('',*,*,#1565,.T.);
#1567=ORIENTED_EDGE('',*,*,#1527,.F.);
#1569=ORIENTED_EDGE('',*,*,#1568,.F.);
#1571=ORIENTED_EDGE('',*,*,#1570,.F.);
#1572=EDGE_LOOP('',(#1566,#1567,#1569,#1571));
#1573=FACE_OUTER_BOUND('',#1572,.F.);
#1574=ADVANCED_FACE('',(#1573),#1564,.T.);
#1575=CARTESIAN_POINT('',(7.41E1,2.990821510136E1,-1.13E1));
#1576=DIRECTION('',(-1.E0,0.E0,0.E0));
#1577=DIRECTION('',(0.E0,0.E0,1.E0));
#1578=AXIS2_PLACEMENT_3D('',#1575,#1576,#1577);
#1579=CONICAL_SURFACE('',#1578,6.772853259495E0,1.E0);
#1580=ORIENTED_EDGE('',*,*,#1541,.T.);
#1581=ORIENTED_EDGE('',*,*,#1491,.F.);
#1583=ORIENTED_EDGE('',*,*,#1582,.T.);
#1584=ORIENTED_EDGE('',*,*,#1552,.T.);
#1585=EDGE_LOOP('',(#1580,#1581,#1583,#1584));
#1586=FACE_OUTER_BOUND('',#1585,.F.);
#1587=ADVANCED_FACE('',(#1586),#1579,.F.);
#1588=CARTESIAN_POINT('',(7.41E1,2.990821510136E1,-1.13E1));
#1589=DIRECTION('',(-1.E0,0.E0,0.E0));
#1590=DIRECTION('',(0.E0,0.E0,1.E0));
#1591=AXIS2_PLACEMENT_3D('',#1588,#1589,#1590);
#1592=CONICAL_SURFACE('',#1591,6.772853259495E0,1.E0);
#1594=ORIENTED_EDGE('',*,*,#1593,.F.);
#1595=ORIENTED_EDGE('',*,*,#1570,.T.);
#1597=ORIENTED_EDGE('',*,*,#1596,.F.);
#1598=ORIENTED_EDGE('',*,*,#1480,.F.);
#1599=EDGE_LOOP('',(#1594,#1595,#1597,#1598));
#1600=FACE_OUTER_BOUND('',#1599,.F.);
#1601=ADVANCED_FACE('',(#1600),#1592,.F.);
#1602=CARTESIAN_POINT('',(7.285E1,3.379614731286E1,-1.247088215836E1));
#1603=DIRECTION('',(1.745240643728E-2,-8.714246850589E-2,9.960429728140E-1));
#1604=DIRECTION('',(0.E0,9.961946980917E-1,8.715574274766E-2));
#1605=AXIS2_PLACEMENT_3D('',#1602,#1603,#1604);
#1606=PLANE('',#1605);
#1607=ORIENTED_EDGE('',*,*,#1497,.F.);
#1608=ORIENTED_EDGE('',*,*,#1511,.T.);
#1609=ORIENTED_EDGE('',*,*,#1554,.T.);
#1610=ORIENTED_EDGE('',*,*,#1582,.F.);
#1611=EDGE_LOOP('',(#1607,#1608,#1609,#1610));
#1612=FACE_OUTER_BOUND('',#1611,.F.);
#1613=ADVANCED_FACE('',(#1612),#1606,.F.);
#1614=CARTESIAN_POINT('',(7.285E1,2.940821510136E1,-2.023547646438E1));
#1615=DIRECTION('',(-1.745240643728E-2,-9.998476951564E-1,0.E0));
#1616=DIRECTION('',(0.E0,0.E0,1.E0));
#1617=AXIS2_PLACEMENT_3D('',#1614,#1615,#1616);
#1618=PLANE('',#1617);
#1619=ORIENTED_EDGE('',*,*,#1565,.F.);
#1620=ORIENTED_EDGE('',*,*,#1593,.T.);
#1621=ORIENTED_EDGE('',*,*,#1478,.T.);
#1622=ORIENTED_EDGE('',*,*,#1522,.F.);
#1623=EDGE_LOOP('',(#1619,#1620,#1621,#1622));
#1624=FACE_OUTER_BOUND('',#1623,.F.);
#1625=ADVANCED_FACE('',(#1624),#1618,.T.);
#1626=CARTESIAN_POINT('',(7.285E1,2.185376703536E1,-1.210635925469E1));
#1627=DIRECTION('',(1.745240643728E-2,8.714246850589E-2,9.960429728140E-1));
#1628=DIRECTION('',(0.E0,9.961946980917E-1,-8.715574274766E-2));
#1629=AXIS2_PLACEMENT_3D('',#1626,#1627,#1628);
#1630=PLANE('',#1629);
#1631=ORIENTED_EDGE('',*,*,#1482,.F.);
#1632=ORIENTED_EDGE('',*,*,#1596,.T.);
#1633=ORIENTED_EDGE('',*,*,#1568,.T.);
#1634=ORIENTED_EDGE('',*,*,#1525,.F.);
#1635=EDGE_LOOP('',(#1631,#1632,#1633,#1634));
#1636=FACE_OUTER_BOUND('',#1635,.F.);
#1637=ADVANCED_FACE('',(#1636),#1630,.F.);
#1638=CARTESIAN_POINT('',(7.475E1,2.990821510136E1,-1.13E1));
#1639=DIRECTION('',(-1.E0,0.E0,0.E0));
#1640=DIRECTION('',(0.E0,0.E0,1.E0));
#1641=AXIS2_PLACEMENT_3D('',#1638,#1639,#1640);
#1642=CONICAL_SURFACE('',#1641,4.283164623364E0,1.E0);
#1643=ORIENTED_EDGE('',*,*,#1487,.F.);
#1644=ORIENTED_EDGE('',*,*,#1423,.T.);
#1645=ORIENTED_EDGE('',*,*,#1404,.T.);
#1646=ORIENTED_EDGE('',*,*,#1420,.F.);
#1647=EDGE_LOOP('',(#1643,#1644,#1645,#1646));
#1648=FACE_OUTER_BOUND('',#1647,.F.);
#1649=ADVANCED_FACE('',(#1648),#1642,.F.);
#1650=CARTESIAN_POINT('',(7.315E1,2.990821510136E1,-1.13E1));
#1651=DIRECTION('',(-1.E0,0.E0,0.E0));
#1652=DIRECTION('',(0.E0,-6.516623034291E-1,7.585092236021E-1));
#1653=AXIS2_PLACEMENT_3D('',#1650,#1651,#1652);
#1654=TOROIDAL_SURFACE('',#1653,7.694717782108E0,3.E-1);
#1656=ORIENTED_EDGE('',*,*,#1655,.F.);
#1658=ORIENTED_EDGE('',*,*,#1657,.T.);
#1660=ORIENTED_EDGE('',*,*,#1659,.F.);
#1661=ORIENTED_EDGE('',*,*,#1434,.F.);
#1662=EDGE_LOOP('',(#1656,#1658,#1660,#1661));
#1663=FACE_OUTER_BOUND('',#1662,.F.);
#1664=ADVANCED_FACE('',(#1663),#1654,.T.);
#1665=CARTESIAN_POINT('',(7.315E1,2.222220619905E1,-1.093400969966E1));
#1666=DIRECTION('',(7.132504491542E-1,6.108826752877E-2,6.982420929389E-1));
#1667=DIRECTION('',(-7.009092642998E-1,6.216387266114E-2,7.105363158590E-1));
#1668=AXIS2_PLACEMENT_3D('',#1665,#1666,#1667);
#1669=SPHERICAL_SURFACE('',#1668,3.E-1);
#1670=ORIENTED_EDGE('',*,*,#1655,.T.);
#1671=ORIENTED_EDGE('',*,*,#1162,.T.);
#1672=ORIENTED_EDGE('',*,*,#1216,.F.);
#1673=EDGE_LOOP('',(#1670,#1671,#1672));
#1674=FACE_OUTER_BOUND('',#1673,.F.);
#1675=ADVANCED_FACE('',(#1674),#1669,.T.);
#1676=CARTESIAN_POINT('',(7.468023572193E1,2.990821510136E1,-1.13E1));
#1677=DIRECTION('',(-1.E0,0.E0,0.E0));
#1678=DIRECTION('',(0.E0,-1.E0,0.E0));
#1679=AXIS2_PLACEMENT_3D('',#1676,#1677,#1678);
#1680=CONICAL_SURFACE('',#1679,7.968053116640E0,1.E0);
#1681=ORIENTED_EDGE('',*,*,#1214,.F.);
#1682=ORIENTED_EDGE('',*,*,#1244,.F.);
#1684=ORIENTED_EDGE('',*,*,#1683,.T.);
#1685=ORIENTED_EDGE('',*,*,#1657,.F.);
#1686=EDGE_LOOP('',(#1681,#1682,#1684,#1685));
#1687=FACE_OUTER_BOUND('',#1686,.F.);
#1688=ADVANCED_FACE('',(#1687),#1680,.T.);
#1689=CARTESIAN_POINT('',(7.468023572193E1,2.990821510136E1,-1.13E1));
#1690=DIRECTION('',(-1.E0,0.E0,0.E0));
#1691=DIRECTION('',(0.E0,-1.E0,0.E0));
#1692=AXIS2_PLACEMENT_3D('',#1689,#1690,#1691);
#1693=CONICAL_SURFACE('',#1692,7.968053116640E0,1.E0);
#1695=ORIENTED_EDGE('',*,*,#1694,.F.);
#1697=ORIENTED_EDGE('',*,*,#1696,.F.);
#1699=ORIENTED_EDGE('',*,*,#1698,.F.);
#1701=ORIENTED_EDGE('',*,*,#1700,.F.);
#1702=EDGE_LOOP('',(#1695,#1697,#1699,#1701));
#1703=FACE_OUTER_BOUND('',#1702,.F.);
#1704=ADVANCED_FACE('',(#1703),#1693,.T.);
#1705=CARTESIAN_POINT('',(7.285E1,2.815821510136E1,-2.543393175416E1));
#1706=DIRECTION('',(1.745240643728E-2,-9.998476951564E-1,0.E0));
#1707=DIRECTION('',(0.E0,0.E0,1.E0));
#1708=AXIS2_PLACEMENT_3D('',#1705,#1706,#1707);
#1709=PLANE('',#1708);
#1711=ORIENTED_EDGE('',*,*,#1710,.F.);
#1713=ORIENTED_EDGE('',*,*,#1712,.F.);
#1715=ORIENTED_EDGE('',*,*,#1714,.T.);
#1716=ORIENTED_EDGE('',*,*,#1683,.F.);
#1718=ORIENTED_EDGE('',*,*,#1717,.F.);
#1720=ORIENTED_EDGE('',*,*,#1719,.F.);
#1721=EDGE_LOOP('',(#1711,#1713,#1715,#1716,#1718,#1720));
#1722=FACE_OUTER_BOUND('',#1721,.F.);
#1723=ADVANCED_FACE('',(#1722),#1709,.T.);
#1724=CARTESIAN_POINT('',(7.354888868404E1,2.823134599031E1,-2.375980955755E1));
#1725=CARTESIAN_POINT('',(7.377604918787E1,2.823531109165E1,-2.355252853611E1));
#1726=CARTESIAN_POINT('',(7.425581209451E1,2.824368538434E1,-2.308554798638E1));
#1727=CARTESIAN_POINT('',(7.494257415001E1,2.825567286061E1,-2.231621288913E1));
#1728=CARTESIAN_POINT('',(7.538921425282E1,2.826346899260E1,-2.173226815999E1));
#1729=CARTESIAN_POINT('',(7.560403056693E1,2.826721862531E1,-2.142741875132E1));
#1730=CARTESIAN_POINT('',(7.561062828438E1,2.826733378890E1,-2.141803183766E1));
#1731=CARTESIAN_POINT('',(7.380207267248E1,2.795641357757E1,-2.403202000739E1));
#1732=CARTESIAN_POINT('',(7.403508239585E1,2.796048077742E1,-2.381940166373E1));
#1733=CARTESIAN_POINT('',(7.452719900571E1,2.796907070480E1,-2.334039652506E1));
#1734=CARTESIAN_POINT('',(7.523164551583E1,2.798136686437E1,-2.255125070392E1));
#1735=CARTESIAN_POINT('',(7.568978724111E1,2.798936375793E1,-2.195226863451E1));
#1736=CARTESIAN_POINT('',(7.591013544056E1,2.799320995006E1,-2.163956879049E1));
#1737=CARTESIAN_POINT('',(7.591690306051E1,2.799332807931E1,-2.162994014631E1));
#1738=CARTESIAN_POINT('',(7.401802555727E1,2.828523643838E1,-2.427497755917E1));
#1739=CARTESIAN_POINT('',(7.425625591806E1,2.828939476479E1,-2.405759546474E1));
#1740=CARTESIAN_POINT('',(7.475939864941E1,2.829817715384E1,-2.356785795083E1));
#1741=CARTESIAN_POINT('',(7.547962916710E1,2.831074882429E1,-2.276103035084E1));
#1742=CARTESIAN_POINT('',(7.594803650134E1,2.831892490472E1,-2.214862691800E1));
#1743=CARTESIAN_POINT('',(7.617332210611E1,2.832285727958E1,-2.182892027995E1));
#1744=CARTESIAN_POINT('',(7.618024137010E1,2.832297805578E1,-2.181907588265E1));
#1745=CARTESIAN_POINT('',(7.382627193728E1,2.865370642767E1,-2.407187927672E1));
#1746=CARTESIAN_POINT('',(7.406013815098E1,2.865778857761E1,-2.385847939890E1));
#1747=CARTESIAN_POINT('',(7.455406369060E1,2.866641007997E1,-2.337771352206E1));
#1748=CARTESIAN_POINT('',(7.526109970249E1,2.867875143947E1,-2.258566685351E1));
#1749=CARTESIAN_POINT('',(7.572092558892E1,2.868677773017E1,-2.198448289436E1));
#1750=CARTESIAN_POINT('',(7.594208381205E1,2.869063806132E1,-2.167063352571E1));
#1751=CARTESIAN_POINT('',(7.594887631050E1,2.869075662482E1,-2.166096948538E1));
#1752=(BOUNDED_SURFACE()B_SPLINE_SURFACE(3,3,((#1724,#1725,#1726,#1727,#1728,
#1729,#1730),(#1731,#1732,#1733,#1734,#1735,#1736,#1737),(#1738,#1739,#1740,
#1741,#1742,#1743,#1744),(#1745,#1746,#1747,#1748,#1749,#1750,#1751)),
.UNSPECIFIED.,.F.,.F.,.F.)B_SPLINE_SURFACE_WITH_KNOTS((4,4),(4,1,1,1,4),(0.E0,
1.E0),(4.977374833604E-2,3.333389337039E-1,6.666722291967E-1,1.E0,
1.010580773641E0),.UNSPECIFIED.)GEOMETRIC_REPRESENTATION_ITEM()RATIONAL_B_SPLINE_SURFACE(((1.750959381604E0,1.750959381604E0,1.750959381604E0,1.750959381604E0,
1.750959381604E0,1.750959381604E0,1.750959381604E0),(7.496802061320E-1,
7.496802061320E-1,7.496802061320E-1,7.496802061320E-1,7.496802061320E-1,
7.496802061320E-1,7.496802061320E-1),(7.496802061320E-1,7.496802061320E-1,
7.496802061320E-1,7.496802061320E-1,7.496802061320E-1,7.496802061320E-1,
7.496802061320E-1),(1.750959381604E0,1.750959381604E0,1.750959381604E0,
1.750959381604E0,1.750959381604E0,1.750959381604E0,1.750959381604E0)))REPRESENTATION_ITEM('')SURFACE());
#1753=ORIENTED_EDGE('',*,*,#1710,.T.);
#1755=ORIENTED_EDGE('',*,*,#1754,.T.);
#1757=ORIENTED_EDGE('',*,*,#1756,.F.);
#1759=ORIENTED_EDGE('',*,*,#1758,.F.);
#1760=EDGE_LOOP('',(#1753,#1755,#1757,#1759));
#1761=FACE_OUTER_BOUND('',#1760,.F.);
#1762=ADVANCED_FACE('',(#1761),#1752,.T.);
#1763=CARTESIAN_POINT('',(7.550105834678E1,2.826542145824E1,-2.156945263986E1));
#1764=CARTESIAN_POINT('',(7.550933885426E1,2.826556599504E1,-2.155868251359E1));
#1765=CARTESIAN_POINT('',(7.560005013559E1,2.826714936634E1,-2.143869161687E1));
#1766=CARTESIAN_POINT('',(7.575298949148E1,2.826981893273E1,-2.119353526376E1));
#1767=CARTESIAN_POINT('',(7.591158664639E1,2.827258725637E1,-2.081238161229E1));
#1768=CARTESIAN_POINT('',(7.600607748473E1,2.827423660009E1,-2.041051479738E1));
#1769=CARTESIAN_POINT('',(7.602589341747E1,2.827458248848E1,-2.011729506685E1));
#1770=CARTESIAN_POINT('',(7.602200838596E1,2.827451467500E1,-1.996201002044E1));
#1771=CARTESIAN_POINT('',(7.602134058875E1,2.827450301856E1,-1.994351760934E1));
#1772=CARTESIAN_POINT('',(7.579740592571E1,2.799179633373E1,-2.179361357533E1));
#1773=CARTESIAN_POINT('',(7.580689547996E1,2.799196197452E1,-2.178127109630E1));
#1774=CARTESIAN_POINT('',(7.591085152332E1,2.799377653400E1,-2.164376229723E1));
#1775=CARTESIAN_POINT('',(7.608611975511E1,2.799683585237E1,-2.136281104122E1));
#1776=CARTESIAN_POINT('',(7.626787521155E1,2.800000840566E1,-2.092600359085E1));
#1777=CARTESIAN_POINT('',(7.637616320197E1,2.800189857957E1,-2.046545532443E1));
#1778=CARTESIAN_POINT('',(7.639887426311E1,2.800229500261E1,-2.012941811554E1));
#1779=CARTESIAN_POINT('',(7.639442061605E1,2.800221726392E1,-1.995145750574E1));
#1780=CARTESIAN_POINT('',(7.639365511323E1,2.800220390201E1,-1.993026473267E1));
#1781=CARTESIAN_POINT('',(7.605221411141E1,2.832026460317E1,-2.199391870295E1));
#1782=CARTESIAN_POINT('',(7.606278404246E1,2.832044910200E1,-2.198017120515E1));
#1783=CARTESIAN_POINT('',(7.617857530474E1,2.832247024600E1,-2.182700880589E1));
#1784=CARTESIAN_POINT('',(7.637379611359E1,2.832587783790E1,-2.151407203653E1));
#1785=CARTESIAN_POINT('',(7.657624530300E1,2.832941160164E1,-2.102753361378E1));
#1786=CARTESIAN_POINT('',(7.669686211558E1,2.833151697594E1,-2.051454893327E1));
#1787=CARTESIAN_POINT('',(7.672216019779E1,2.833195855560E1,-2.014025099688E1));
#1788=CARTESIAN_POINT('',(7.671719844877E1,2.833187194795E1,-1.994202801795E1));
#1789=CARTESIAN_POINT('',(7.671634563845E1,2.833185706209E1,-1.991842226267E1));
#1790=CARTESIAN_POINT('',(7.582894467314E1,2.868809333549E1,-2.182720461225E1));
#1791=CARTESIAN_POINT('',(7.583861540587E1,2.868826213876E1,-2.181462651250E1));
#1792=CARTESIAN_POINT('',(7.594455620758E1,2.869011134233E1,-2.167449261508E1));
#1793=CARTESIAN_POINT('',(7.612317047330E1,2.869322906594E1,-2.138817740971E1));
#1794=CARTESIAN_POINT('',(7.630839625502E1,2.869646219398E1,-2.094303010829E1));
#1795=CARTESIAN_POINT('',(7.641875178073E1,2.869838845685E1,-2.047368829004E1));
#1796=CARTESIAN_POINT('',(7.644189668359E1,2.869879245263E1,-2.013123478255E1));
#1797=CARTESIAN_POINT('',(7.643735782816E1,2.869871322662E1,-1.994987618690E1));
#1798=CARTESIAN_POINT('',(7.643657768394E1,2.869869960915E1,-1.992827875831E1));
#1799=(BOUNDED_SURFACE()B_SPLINE_SURFACE(3,3,((#1763,#1764,#1765,#1766,#1767,
#1768,#1769,#1770,#1771),(#1772,#1773,#1774,#1775,#1776,#1777,#1778,#1779,
#1780),(#1781,#1782,#1783,#1784,#1785,#1786,#1787,#1788,#1789),(#1790,#1791,
#1792,#1793,#1794,#1795,#1796,#1797,#1798)),.UNSPECIFIED.,.F.,.F.,.F.)B_SPLINE_SURFACE_WITH_KNOTS((4,4),(4,1,1,1,1,1,4),(0.E0,1.E0),(-2.479826643409E-2,0.E0,
2.497229978543E-1,5.000137536302E-1,7.502974840775E-1,1.E0,1.033779806544E0),
.UNSPECIFIED.)GEOMETRIC_REPRESENTATION_ITEM()RATIONAL_B_SPLINE_SURFACE(((
1.749171687257E0,1.749171687257E0,1.749171687257E0,1.749171687257E0,
1.749171687257E0,1.749171687257E0,1.749171687257E0,1.749171687257E0,
1.749171687257E0),(7.502761042475E-1,7.502761042475E-1,7.502761042475E-1,
7.502761042475E-1,7.502761042475E-1,7.502761042475E-1,7.502761042475E-1,
7.502761042475E-1,7.502761042475E-1),(7.502761042475E-1,7.502761042475E-1,
7.502761042475E-1,7.502761042475E-1,7.502761042475E-1,7.502761042475E-1,
7.502761042475E-1,7.502761042475E-1,7.502761042475E-1),(1.749171687257E0,
1.749171687257E0,1.749171687257E0,1.749171687257E0,1.749171687257E0,
1.749171687257E0,1.749171687257E0,1.749171687257E0,1.749171687257E0)))REPRESENTATION_ITEM('')SURFACE());
#1800=ORIENTED_EDGE('',*,*,#1719,.T.);
#1802=ORIENTED_EDGE('',*,*,#1801,.T.);
#1804=ORIENTED_EDGE('',*,*,#1803,.F.);
#1805=ORIENTED_EDGE('',*,*,#1754,.F.);
#1806=EDGE_LOOP('',(#1800,#1802,#1804,#1805));
#1807=FACE_OUTER_BOUND('',#1806,.F.);
#1808=ADVANCED_FACE('',(#1807),#1799,.T.);
#1809=CARTESIAN_POINT('',(7.62E1,2.851673526729E1,-2.009065452068E1));
#1810=DIRECTION('',(0.E0,0.E0,1.E0));
#1811=DIRECTION('',(1.745240643729E-2,-9.998476951564E-1,0.E0));
#1812=AXIS2_PLACEMENT_3D('',#1809,#1810,#1811);
#1813=CYLINDRICAL_SURFACE('',#1812,3.E-1);
#1814=ORIENTED_EDGE('',*,*,#1262,.F.);
#1815=ORIENTED_EDGE('',*,*,#1801,.F.);
#1816=ORIENTED_EDGE('',*,*,#1717,.T.);
#1817=ORIENTED_EDGE('',*,*,#1242,.T.);
#1818=EDGE_LOOP('',(#1814,#1815,#1816,#1817));
#1819=FACE_OUTER_BOUND('',#1818,.F.);
#1820=ADVANCED_FACE('',(#1819),#1813,.T.);
#1821=CARTESIAN_POINT('',(7.35E1,2.811345543384E1,-2.003427497986E1));
#1822=DIRECTION('',(0.E0,1.E0,0.E0));
#1823=DIRECTION('',(1.E0,0.E0,0.E0));
#1824=AXIS2_PLACEMENT_3D('',#1821,#1822,#1823);
#1825=CYLINDRICAL_SURFACE('',#1824,3.E0);
#1826=ORIENTED_EDGE('',*,*,#1803,.T.);
#1827=ORIENTED_EDGE('',*,*,#1260,.T.);
#1829=ORIENTED_EDGE('',*,*,#1828,.F.);
#1831=ORIENTED_EDGE('',*,*,#1830,.F.);
#1832=EDGE_LOOP('',(#1826,#1827,#1829,#1831));
#1833=FACE_OUTER_BOUND('',#1832,.F.);
#1834=ADVANCED_FACE('',(#1833),#1825,.T.);
#1835=CARTESIAN_POINT('',(7.582895180344E1,3.112833679273E1,-2.182719381340E1));
#1836=CARTESIAN_POINT('',(7.584245876028E1,3.112810102792E1,-2.180962733602E1));
#1837=CARTESIAN_POINT('',(7.595089909553E1,3.112620819483E1,-2.166522812818E1));
#1838=CARTESIAN_POINT('',(7.612969475421E1,3.112308730500E1,-2.137493763983E1));
#1839=CARTESIAN_POINT('',(7.631138151668E1,3.111991595076E1,-2.093297302355E1));
#1840=CARTESIAN_POINT('',(7.641944195107E1,3.111802974886E1,-2.046750417540E1));
#1841=CARTESIAN_POINT('',(7.644188210288E1,3.111763805456E1,-2.012852890920E1));
#1842=CARTESIAN_POINT('',(7.643733398205E1,3.111771744230E1,-1.994921432671E1));
#1843=CARTESIAN_POINT('',(7.643657779409E1,3.111773064161E1,-1.992827766839E1));
#1844=CARTESIAN_POINT('',(7.605222163564E1,3.149616536130E1,-2.199390670368E1));
#1845=CARTESIAN_POINT('',(7.606698449605E1,3.149590767461E1,-2.197470706066E1));
#1846=CARTESIAN_POINT('',(7.618550773245E1,3.149383884382E1,-2.181688280167E1));
#1847=CARTESIAN_POINT('',(7.638092682918E1,3.149042779080E1,-2.149960111109E1));
#1848=CARTESIAN_POINT('',(7.657950792073E1,3.148696154495E1,-2.101654128486E1));
#1849=CARTESIAN_POINT('',(7.669761623613E1,3.148489995664E1,-2.050778973017E1));
#1850=CARTESIAN_POINT('',(7.672214399750E1,3.148447182297E1,-2.013729349801E1));
#1851=CARTESIAN_POINT('',(7.671717215555E1,3.148455860680E1,-1.994130461929E1));
#1852=CARTESIAN_POINT('',(7.671634553687E1,3.148457303548E1,-1.991842108064E1));
#1853=CARTESIAN_POINT('',(7.579741293220E1,3.182463349791E1,-2.179360298863E1));
#1854=CARTESIAN_POINT('',(7.581066683821E1,3.182440215012E1,-2.177636557627E1));
#1855=CARTESIAN_POINT('',(7.591707557912E1,3.182254477863E1,-2.163467136946E1));
#1856=CARTESIAN_POINT('',(7.609252179676E1,3.181948235351E1,-2.134981931328E1));
#1857=CARTESIAN_POINT('',(7.627080453663E1,3.181637041671E1,-2.091613493252E1));
#1858=CARTESIAN_POINT('',(7.637684043284E1,3.181451955326E1,-2.045938707654E1));
#1859=CARTESIAN_POINT('',(7.639885995415E1,3.181413520109E1,-2.012676294037E1));
#1860=CARTESIAN_POINT('',(7.639439720849E1,3.181421309860E1,-1.995080804628E1));
#1861=CARTESIAN_POINT('',(7.639365521155E1,3.181422605021E1,-1.993026366306E1));
#1862=CARTESIAN_POINT('',(7.550106463881E1,3.155100872085E1,-2.156944352345E1));
#1863=CARTESIAN_POINT('',(7.551262987712E1,3.155080684886E1,-2.155440203929E1));
#1864=CARTESIAN_POINT('',(7.560548131167E1,3.154918612104E1,-2.143075893986E1));
#1865=CARTESIAN_POINT('',(7.575857592244E1,3.154651384467E1,-2.118219881917E1));
#1866=CARTESIAN_POINT('',(7.591414281973E1,3.154379841438E1,-2.080377039533E1));
#1867=CARTESIAN_POINT('',(7.600666849710E1,3.154218337267E1,-2.040521976893E1));
#1868=CARTESIAN_POINT('',(7.602588105224E1,3.154184801628E1,-2.011497821553E1));
#1869=CARTESIAN_POINT('',(7.602198803517E1,3.154191596914E1,-1.996144331140E1));
#1870=CARTESIAN_POINT('',(7.602134073824E1,3.154192726775E1,-1.994351667208E1));
#1871=(BOUNDED_SURFACE()B_SPLINE_SURFACE(3,3,((#1835,#1836,#1837,#1838,#1839,
#1840,#1841,#1842,#1843),(#1844,#1845,#1846,#1847,#1848,#1849,#1850,#1851,
#1852),(#1853,#1854,#1855,#1856,#1857,#1858,#1859,#1860,#1861),(#1862,#1863,
#1864,#1865,#1866,#1867,#1868,#1869,#1870)),.UNSPECIFIED.,.F.,.F.,.F.)B_SPLINE_SURFACE_WITH_KNOTS((4,4),(4,1,1,1,1,1,4),(0.E0,1.E0),(-3.494516460063E-2,0.E0,
2.497577331219E-1,5.000135230988E-1,7.502624082954E-1,1.E0,1.033036102453E0),
.UNSPECIFIED.)GEOMETRIC_REPRESENTATION_ITEM()RATIONAL_B_SPLINE_SURFACE(((
1.749171170782E0,1.749171170782E0,1.749171170782E0,1.749171170782E0,
1.749171170782E0,1.749171170782E0,1.749171170782E0,1.749171170782E0,
1.749171170782E0),(7.502762764059E-1,7.502762764059E-1,7.502762764059E-1,
7.502762764059E-1,7.502762764059E-1,7.502762764059E-1,7.502762764059E-1,
7.502762764059E-1,7.502762764059E-1),(7.502762764059E-1,7.502762764059E-1,
7.502762764059E-1,7.502762764059E-1,7.502762764059E-1,7.502762764059E-1,
7.502762764059E-1,7.502762764059E-1,7.502762764059E-1),(1.749171170782E0,
1.749171170782E0,1.749171170782E0,1.749171170782E0,1.749171170782E0,
1.749171170782E0,1.749171170782E0,1.749171170782E0,1.749171170782E0)))REPRESENTATION_ITEM('')SURFACE());
#1872=ORIENTED_EDGE('',*,*,#1828,.T.);
#1874=ORIENTED_EDGE('',*,*,#1873,.T.);
#1876=ORIENTED_EDGE('',*,*,#1875,.F.);
#1878=ORIENTED_EDGE('',*,*,#1877,.F.);
#1879=EDGE_LOOP('',(#1872,#1874,#1876,#1878));
#1880=FACE_OUTER_BOUND('',#1879,.F.);
#1881=ADVANCED_FACE('',(#1880),#1871,.T.);
#1882=CARTESIAN_POINT('',(7.62E1,3.129969493544E1,-2.009145743048E1));
#1883=DIRECTION('',(0.E0,0.E0,1.E0));
#1884=DIRECTION('',(1.E0,0.E0,0.E0));
#1885=AXIS2_PLACEMENT_3D('',#1882,#1883,#1884);
#1886=CYLINDRICAL_SURFACE('',#1885,3.E-1);
#1888=ORIENTED_EDGE('',*,*,#1887,.F.);
#1889=ORIENTED_EDGE('',*,*,#1873,.F.);
#1890=ORIENTED_EDGE('',*,*,#1258,.T.);
#1892=ORIENTED_EDGE('',*,*,#1891,.F.);
#1893=EDGE_LOOP('',(#1888,#1889,#1890,#1892));
#1894=FACE_OUTER_BOUND('',#1893,.F.);
#1895=ADVANCED_FACE('',(#1894),#1886,.T.);
#1896=CARTESIAN_POINT('',(7.285E1,3.165821510136E1,-1.777856324184E1));
#1897=DIRECTION('',(1.745240643728E-2,9.998476951564E-1,0.E0));
#1898=DIRECTION('',(0.E0,0.E0,-1.E0));
#1899=AXIS2_PLACEMENT_3D('',#1896,#1897,#1898);
#1900=PLANE('',#1899);
#1902=ORIENTED_EDGE('',*,*,#1901,.T.);
#1903=ORIENTED_EDGE('',*,*,#1875,.T.);
#1904=ORIENTED_EDGE('',*,*,#1887,.T.);
#1905=ORIENTED_EDGE('',*,*,#1698,.T.);
#1907=ORIENTED_EDGE('',*,*,#1906,.T.);
#1909=ORIENTED_EDGE('',*,*,#1908,.T.);
#1910=EDGE_LOOP('',(#1902,#1903,#1904,#1905,#1907,#1909));
#1911=FACE_OUTER_BOUND('',#1910,.F.);
#1912=ADVANCED_FACE('',(#1911),#1900,.T.);
#1913=CARTESIAN_POINT('',(7.382626864803E1,3.116272383286E1,-2.407188226794E1));
#1914=CARTESIAN_POINT('',(7.405806307585E1,3.115867784607E1,-2.386037302004E1));
#1915=CARTESIAN_POINT('',(7.454870199664E1,3.115011371185E1,-2.338307934513E1));
#1916=CARTESIAN_POINT('',(7.525185739931E1,3.113784008865E1,-2.259660184935E1));
#1917=CARTESIAN_POINT('',(7.571409297960E1,3.112977173658E1,-2.199373128025E1));
#1918=CARTESIAN_POINT('',(7.593821467933E1,3.112585967776E1,-2.167613831103E1));
#1919=CARTESIAN_POINT('',(7.594887615344E1,3.112567358104E1,-2.166096963085E1));
#1920=CARTESIAN_POINT('',(7.401802220219E1,3.153119381594E1,-2.427498060148E1));
#1921=CARTESIAN_POINT('',(7.425414211550E1,3.152707232752E1,-2.405952441759E1));
#1922=CARTESIAN_POINT('',(7.475393689489E1,3.151834837720E1,-2.357332390236E1));
#1923=CARTESIAN_POINT('',(7.547021437958E1,3.150584570719E1,-2.277216941066E1));
#1924=CARTESIAN_POINT('',(7.594107637328E1,3.149762678052E1,-2.215804789763E1));
#1925=CARTESIAN_POINT('',(7.616938075929E1,3.149364171264E1,-2.183452779508E1));
#1926=CARTESIAN_POINT('',(7.618024120398E1,3.149345214287E1,-2.181907602653E1));
#1927=CARTESIAN_POINT('',(7.380206939783E1,3.186001667209E1,-2.403202299066E1));
#1928=CARTESIAN_POINT('',(7.403301492295E1,3.185598550295E1,-2.382128835284E1));
#1929=CARTESIAN_POINT('',(7.452185695107E1,3.184745273361E1,-2.334574269926E1));
#1930=CARTESIAN_POINT('',(7.522243706571E1,3.183522406222E1,-2.256214565276E1));
#1931=CARTESIAN_POINT('',(7.568297966015E1,3.182718526133E1,-2.196148314951E1));
#1932=CARTESIAN_POINT('',(7.590628048238E1,3.182328753098E1,-2.164505341608E1));
#1933=CARTESIAN_POINT('',(7.591690290732E1,3.182310211587E1,-2.162994029370E1));
#1934=CARTESIAN_POINT('',(7.354888549278E1,3.158508427234E1,-2.375981246695E1));
#1935=CARTESIAN_POINT('',(7.377403361598E1,3.158115429723E1,-2.355436786521E1));
#1936=CARTESIAN_POINT('',(7.425060414476E1,3.157283572771E1,-2.309075995443E1));
#1937=CARTESIAN_POINT('',(7.493359687325E1,3.156091404529E1,-2.232683432855E1));
#1938=CARTESIAN_POINT('',(7.538257757808E1,3.155307705793E1,-2.174125134509E1));
#1939=CARTESIAN_POINT('',(7.560027239063E1,3.154927718085E1,-2.143276568504E1));
#1940=CARTESIAN_POINT('',(7.561062813744E1,3.154909642061E1,-2.141803198299E1));
#1941=(BOUNDED_SURFACE()B_SPLINE_SURFACE(3,3,((#1913,#1914,#1915,#1916,#1917,
#1918,#1919),(#1920,#1921,#1922,#1923,#1924,#1925,#1926),(#1927,#1928,#1929,
#1930,#1931,#1932,#1933),(#1934,#1935,#1936,#1937,#1938,#1939,#1940)),
.UNSPECIFIED.,.F.,.F.,.F.)B_SPLINE_SURFACE_WITH_KNOTS((4,4),(4,1,1,1,4),(0.E0,
1.E0),(5.079834373736E-2,3.333389050296E-1,6.666722015253E-1,1.E0,
1.016695685543E0),.UNSPECIFIED.)GEOMETRIC_REPRESENTATION_ITEM()RATIONAL_B_SPLINE_SURFACE(((1.750959362711E0,1.750959362711E0,1.750959362711E0,1.750959362711E0,
1.750959362711E0,1.750959362711E0,1.750959362711E0),(7.496802124296E-1,
7.496802124296E-1,7.496802124296E-1,7.496802124296E-1,7.496802124296E-1,
7.496802124296E-1,7.496802124296E-1),(7.496802124296E-1,7.496802124296E-1,
7.496802124296E-1,7.496802124296E-1,7.496802124296E-1,7.496802124296E-1,
7.496802124296E-1),(1.750959362711E0,1.750959362711E0,1.750959362711E0,
1.750959362711E0,1.750959362711E0,1.750959362711E0,1.750959362711E0)))REPRESENTATION_ITEM('')SURFACE());
#1943=ORIENTED_EDGE('',*,*,#1942,.T.);
#1944=ORIENTED_EDGE('',*,*,#1877,.T.);
#1945=ORIENTED_EDGE('',*,*,#1901,.F.);
#1947=ORIENTED_EDGE('',*,*,#1946,.F.);
#1948=EDGE_LOOP('',(#1943,#1944,#1945,#1947));
#1949=FACE_OUTER_BOUND('',#1948,.F.);
#1950=ADVANCED_FACE('',(#1949),#1941,.T.);
#1951=CARTESIAN_POINT('',(6.39E1,2.815821510136E1,-1.319E1));
#1952=DIRECTION('',(0.E0,-1.E0,0.E0));
#1953=DIRECTION('',(1.E0,0.E0,0.E0));
#1954=AXIS2_PLACEMENT_3D('',#1951,#1952,#1953);
#1955=CYLINDRICAL_SURFACE('',#1954,1.479E1);
#1957=ORIENTED_EDGE('',*,*,#1956,.T.);
#1958=ORIENTED_EDGE('',*,*,#1756,.T.);
#1959=ORIENTED_EDGE('',*,*,#1830,.T.);
#1960=ORIENTED_EDGE('',*,*,#1942,.F.);
#1962=ORIENTED_EDGE('',*,*,#1961,.F.);
#1964=ORIENTED_EDGE('',*,*,#1963,.T.);
#1966=ORIENTED_EDGE('',*,*,#1965,.F.);
#1968=ORIENTED_EDGE('',*,*,#1967,.T.);
#1970=ORIENTED_EDGE('',*,*,#1969,.F.);
#1972=ORIENTED_EDGE('',*,*,#1971,.T.);
#1974=ORIENTED_EDGE('',*,*,#1973,.F.);
#1976=ORIENTED_EDGE('',*,*,#1975,.T.);
#1978=ORIENTED_EDGE('',*,*,#1977,.F.);
#1980=ORIENTED_EDGE('',*,*,#1979,.T.);
#1982=ORIENTED_EDGE('',*,*,#1981,.F.);
#1984=ORIENTED_EDGE('',*,*,#1983,.T.);
#1986=ORIENTED_EDGE('',*,*,#1985,.F.);
#1987=EDGE_LOOP('',(#1957,#1958,#1959,#1960,#1962,#1964,#1966,#1968,#1970,#1972,
#1974,#1976,#1978,#1980,#1982,#1984,#1986));
#1988=FACE_OUTER_BOUND('',#1987,.F.);
#1989=ADVANCED_FACE('',(#1988),#1955,.T.);
#1990=CARTESIAN_POINT('',(7.372895684316E1,2.852171644466E1,-2.413520601129E1));
#1991=CARTESIAN_POINT('',(7.373239946068E1,2.849361344211E1,-2.413211256259E1));
#1992=CARTESIAN_POINT('',(7.373594161374E1,2.846553454192E1,-2.412892662792E1));
#1993=CARTESIAN_POINT('',(7.373958225804E1,2.843748116949E1,-2.412564863003E1));
#1994=CARTESIAN_POINT('',(7.380688968097E1,2.853090736518E1,-2.413612542152E1));
#1995=CARTESIAN_POINT('',(7.381031102700E1,2.850298512544E1,-2.413302790527E1));
#1996=CARTESIAN_POINT('',(7.381383135008E1,2.847508635379E1,-2.412983774741E1));
#1997=CARTESIAN_POINT('',(7.381744962160E1,2.844721244465E1,-2.412655536580E1));
#1998=CARTESIAN_POINT('',(7.387914956721E1,2.854263584031E1,-2.410784496794E1));
#1999=CARTESIAN_POINT('',(7.388253471157E1,2.851494427085E1,-2.410475062219E1));
#2000=CARTESIAN_POINT('',(7.388601785787E1,2.848727536007E1,-2.410156368647E1));
#2001=CARTESIAN_POINT('',(7.388959800022E1,2.845963046289E1,-2.409828457141E1));
#2002=CARTESIAN_POINT('',(7.393527970767E1,2.855520463169E1,-2.405445714086E1));
#2003=CARTESIAN_POINT('',(7.393861895895E1,2.852776025946E1,-2.405137274483E1));
#2004=CARTESIAN_POINT('',(7.394205496158E1,2.850033767852E1,-2.404819601033E1));
#2005=CARTESIAN_POINT('',(7.394558673605E1,2.847293820145E1,-2.404492733934E1));
#2006=(BOUNDED_SURFACE()B_SPLINE_SURFACE(3,3,((#1990,#1991,#1992,#1993),(#1994,
#1995,#1996,#1997),(#1998,#1999,#2000,#2001),(#2002,#2003,#2004,#2005)),
.UNSPECIFIED.,.F.,.F.,.F.)B_SPLINE_SURFACE_WITH_KNOTS((4,4),(4,4),(0.E0,1.E0),(
8.753169807695E-1,8.985736280822E-1),.UNSPECIFIED.)GEOMETRIC_REPRESENTATION_ITEM()RATIONAL_B_SPLINE_SURFACE(((1.037535684381E0,1.037535684381E0,1.037535684381E0,
1.037535684381E0),(9.874881052063E-1,9.874881052063E-1,9.874881052063E-1,
9.874881052063E-1),(9.874881052063E-1,9.874881052063E-1,9.874881052063E-1,
9.874881052063E-1),(1.037535684381E0,1.037535684381E0,1.037535684381E0,
1.037535684381E0)))REPRESENTATION_ITEM('')SURFACE());
#2008=ORIENTED_EDGE('',*,*,#2007,.T.);
#2010=ORIENTED_EDGE('',*,*,#2009,.T.);
#2011=ORIENTED_EDGE('',*,*,#1956,.F.);
#2013=ORIENTED_EDGE('',*,*,#2012,.T.);
#2014=EDGE_LOOP('',(#2008,#2010,#2011,#2013));
#2015=FACE_OUTER_BOUND('',#2014,.F.);
#2016=ADVANCED_FACE('',(#2015),#2006,.T.);
#2017=CARTESIAN_POINT('',(7.344951540961E1,2.990821510136E1,-1.13E1));
#2018=DIRECTION('',(-1.E0,0.E0,0.E0));
#2019=DIRECTION('',(0.E0,-1.E0,0.E0));
#2020=AXIS2_PLACEMENT_3D('',#2017,#2018,#2019);
#2021=CONICAL_SURFACE('',#2020,1.291480040644E1,1.E0);
#2022=ORIENTED_EDGE('',*,*,#2007,.F.);
#2024=ORIENTED_EDGE('',*,*,#2023,.T.);
#2026=ORIENTED_EDGE('',*,*,#2025,.T.);
#2028=ORIENTED_EDGE('',*,*,#2027,.T.);
#2029=EDGE_LOOP('',(#2022,#2024,#2026,#2028));
#2030=FACE_OUTER_BOUND('',#2029,.F.);
#2031=ADVANCED_FACE('',(#2030),#2021,.T.);
#2032=CARTESIAN_POINT('',(7.344951540961E1,2.990821510136E1,-1.13E1));
#2033=DIRECTION('',(-1.E0,0.E0,0.E0));
#2034=DIRECTION('',(0.E0,-1.E0,0.E0));
#2035=AXIS2_PLACEMENT_3D('',#2032,#2033,#2034);
#2036=CONICAL_SURFACE('',#2035,1.291480040644E1,1.E0);
#2038=ORIENTED_EDGE('',*,*,#2037,.T.);
#2040=ORIENTED_EDGE('',*,*,#2039,.F.);
#2042=ORIENTED_EDGE('',*,*,#2041,.T.);
#2044=ORIENTED_EDGE('',*,*,#2043,.F.);
#2045=EDGE_LOOP('',(#2038,#2040,#2042,#2044));
#2046=FACE_OUTER_BOUND('',#2045,.F.);
#2047=ADVANCED_FACE('',(#2046),#2036,.T.);
#2048=CARTESIAN_POINT('',(7.285E1,2.789046843244E1,-2.531788498838E1));
#2049=DIRECTION('',(-1.745240643728E-2,-8.788375035418E-1,4.768019042307E-1));
#2050=DIRECTION('',(0.E0,4.768745345321E-1,8.789713751396E-1));
#2051=AXIS2_PLACEMENT_3D('',#2048,#2049,#2050);
#2052=PLANE('',#2051);
#2053=ORIENTED_EDGE('',*,*,#2012,.F.);
#2054=ORIENTED_EDGE('',*,*,#1985,.T.);
#2056=ORIENTED_EDGE('',*,*,#2055,.F.);
#2057=ORIENTED_EDGE('',*,*,#1440,.F.);
#2059=ORIENTED_EDGE('',*,*,#2058,.F.);
#2060=ORIENTED_EDGE('',*,*,#2023,.F.);
#2061=EDGE_LOOP('',(#2053,#2054,#2056,#2057,#2059,#2060));
#2062=FACE_OUTER_BOUND('',#2061,.F.);
#2063=ADVANCED_FACE('',(#2062),#2052,.F.);
#2064=CARTESIAN_POINT('',(7.285E1,2.807666315456E1,-2.263429370773E1));
#2065=DIRECTION('',(-1.745240643728E-2,8.768108376959E-1,4.805186452247E-1));
#2066=DIRECTION('',(0.E0,4.805918416900E-1,-8.769444005757E-1));
#2067=AXIS2_PLACEMENT_3D('',#2064,#2065,#2066);
#2068=PLANE('',#2067);
#2069=ORIENTED_EDGE('',*,*,#1442,.F.);
#2070=ORIENTED_EDGE('',*,*,#2055,.T.);
#2071=ORIENTED_EDGE('',*,*,#1983,.F.);
#2073=ORIENTED_EDGE('',*,*,#2072,.F.);
#2074=EDGE_LOOP('',(#2069,#2070,#2071,#2073));
#2075=FACE_OUTER_BOUND('',#2074,.F.);
#2076=ADVANCED_FACE('',(#2075),#2068,.F.);
#2077=CARTESIAN_POINT('',(7.285E1,2.793276062522E1,-2.506663594325E1));
#2078=DIRECTION('',(-1.745240643728E-2,-6.616377676095E-1,7.496204893026E-1));
#2079=DIRECTION('',(0.E0,7.497346775254E-1,6.617385535964E-1));
#2080=AXIS2_PLACEMENT_3D('',#2077,#2078,#2079);
#2081=PLANE('',#2080);
#2082=ORIENTED_EDGE('',*,*,#1444,.F.);
#2083=ORIENTED_EDGE('',*,*,#2072,.T.);
#2084=ORIENTED_EDGE('',*,*,#1981,.T.);
#2086=ORIENTED_EDGE('',*,*,#2085,.F.);
#2087=EDGE_LOOP('',(#2082,#2083,#2084,#2086));
#2088=FACE_OUTER_BOUND('',#2087,.F.);
#2089=ADVANCED_FACE('',(#2088),#2081,.F.);
#2090=CARTESIAN_POINT('',(7.285E1,2.855606360797E1,-2.276778323654E1));
#2091=DIRECTION('',(-1.745240643728E-2,8.445937346598E-1,5.351231978554E-1));
#2092=DIRECTION('',(0.E0,5.352047121253E-1,-8.447223899713E-1));
#2093=AXIS2_PLACEMENT_3D('',#2090,#2091,#2092);
#2094=PLANE('',#2093);
#2095=ORIENTED_EDGE('',*,*,#1446,.F.);
#2096=ORIENTED_EDGE('',*,*,#2085,.T.);
#2097=ORIENTED_EDGE('',*,*,#1979,.F.);
#2099=ORIENTED_EDGE('',*,*,#2098,.F.);
#2100=EDGE_LOOP('',(#2095,#2096,#2097,#2099));
#2101=FACE_OUTER_BOUND('',#2100,.F.);
#2102=ADVANCED_FACE('',(#2101),#2094,.F.);
#2103=CARTESIAN_POINT('',(7.285E1,2.875178590017E1,-2.533148505508E1));
#2104=DIRECTION('',(-1.745240643728E-2,-8.385396211602E-1,5.445610317072E-1));
#2105=DIRECTION('',(0.E0,5.446439836239E-1,8.386673542605E-1));
#2106=AXIS2_PLACEMENT_3D('',#2103,#2104,#2105);
#2107=PLANE('',#2106);
#2108=ORIENTED_EDGE('',*,*,#1448,.F.);
#2109=ORIENTED_EDGE('',*,*,#2098,.T.);
#2110=ORIENTED_EDGE('',*,*,#1977,.T.);
#2112=ORIENTED_EDGE('',*,*,#2111,.F.);
#2113=EDGE_LOOP('',(#2108,#2109,#2110,#2112));
#2114=FACE_OUTER_BOUND('',#2113,.F.);
#2115=ADVANCED_FACE('',(#2114),#2107,.F.);
#2116=CARTESIAN_POINT('',(7.285E1,2.890625278875E1,-2.282438699641E1));
#2117=DIRECTION('',(-1.745240643728E-2,8.132427716873E-1,5.816627956195E-1));
#2118=DIRECTION('',(0.E0,5.817513991754E-1,-8.133666513679E-1));
#2119=AXIS2_PLACEMENT_3D('',#2116,#2117,#2118);
#2120=PLANE('',#2119);
#2121=ORIENTED_EDGE('',*,*,#1450,.F.);
#2122=ORIENTED_EDGE('',*,*,#2111,.T.);
#2123=ORIENTED_EDGE('',*,*,#1975,.F.);
#2125=ORIENTED_EDGE('',*,*,#2124,.F.);
#2126=EDGE_LOOP('',(#2121,#2122,#2123,#2125));
#2127=FACE_OUTER_BOUND('',#2126,.F.);
#2128=ADVANCED_FACE('',(#2127),#2120,.F.);
#2129=CARTESIAN_POINT('',(7.285E1,2.913583292768E1,-2.530515908434E1));
#2130=DIRECTION('',(-1.745240643728E-2,-8.132427716873E-1,5.816627956195E-1));
#2131=DIRECTION('',(0.E0,5.817513991754E-1,8.133666513679E-1));
#2132=AXIS2_PLACEMENT_3D('',#2129,#2130,#2131);
#2133=PLANE('',#2132);
#2134=ORIENTED_EDGE('',*,*,#1452,.F.);
#2135=ORIENTED_EDGE('',*,*,#2124,.T.);
#2136=ORIENTED_EDGE('',*,*,#1973,.T.);
#2138=ORIENTED_EDGE('',*,*,#2137,.F.);
#2139=EDGE_LOOP('',(#2134,#2135,#2136,#2138));
#2140=FACE_OUTER_BOUND('',#2139,.F.);
#2141=ADVANCED_FACE('',(#2140),#2133,.F.);
#2142=CARTESIAN_POINT('',(7.285E1,2.941467999802E1,-2.279079565151E1));
#2143=DIRECTION('',(-1.745240643728E-2,8.385396211602E-1,5.445610317072E-1));
#2144=DIRECTION('',(0.E0,5.446439836239E-1,-8.386673542605E-1));
#2145=AXIS2_PLACEMENT_3D('',#2142,#2143,#2144);
#2146=PLANE('',#2145);
#2147=ORIENTED_EDGE('',*,*,#1454,.F.);
#2148=ORIENTED_EDGE('',*,*,#2137,.T.);
#2149=ORIENTED_EDGE('',*,*,#1971,.F.);
#2151=ORIENTED_EDGE('',*,*,#2150,.F.);
#2152=EDGE_LOOP('',(#2147,#2148,#2149,#2151));
#2153=FACE_OUTER_BOUND('',#2152,.F.);
#2154=ADVANCED_FACE('',(#2153),#2146,.F.);
#2155=CARTESIAN_POINT('',(7.285E1,2.963094619018E1,-2.533952423066E1));
#2156=DIRECTION('',(-1.745240643728E-2,-8.445937346598E-1,5.351231978554E-1));
#2157=DIRECTION('',(0.E0,5.352047121253E-1,8.447223899713E-1));
#2158=AXIS2_PLACEMENT_3D('',#2155,#2156,#2157);
#2159=PLANE('',#2158);
#2160=ORIENTED_EDGE('',*,*,#1456,.F.);
#2161=ORIENTED_EDGE('',*,*,#2150,.T.);
#2162=ORIENTED_EDGE('',*,*,#1969,.T.);
#2164=ORIENTED_EDGE('',*,*,#2163,.F.);
#2165=EDGE_LOOP('',(#2160,#2161,#2162,#2164));
#2166=FACE_OUTER_BOUND('',#2165,.F.);
#2167=ADVANCED_FACE('',(#2166),#2159,.F.);
#2168=CARTESIAN_POINT('',(7.285E1,2.955437279699E1,-2.301072799523E1));
#2169=DIRECTION('',(-1.745240643728E-2,6.616377676095E-1,7.496204893026E-1));
#2170=DIRECTION('',(0.E0,7.497346775254E-1,-6.617385535964E-1));
#2171=AXIS2_PLACEMENT_3D('',#2168,#2169,#2170);
#2172=PLANE('',#2171);
#2173=ORIENTED_EDGE('',*,*,#1458,.F.);
#2174=ORIENTED_EDGE('',*,*,#2163,.T.);
#2175=ORIENTED_EDGE('',*,*,#1967,.F.);
#2177=ORIENTED_EDGE('',*,*,#2176,.F.);
#2178=EDGE_LOOP('',(#2173,#2174,#2175,#2177));
#2179=FACE_OUTER_BOUND('',#2178,.F.);
#2180=ADVANCED_FACE('',(#2179),#2172,.F.);
#2181=CARTESIAN_POINT('',(7.285E1,3.025018442801E1,-2.535236135812E1));
#2182=DIRECTION('',(-1.745240643728E-2,-8.768108376959E-1,4.805186452247E-1));
#2183=DIRECTION('',(0.E0,4.805918416900E-1,8.769444005757E-1));
#2184=AXIS2_PLACEMENT_3D('',#2181,#2182,#2183);
#2185=PLANE('',#2184);
#2186=ORIENTED_EDGE('',*,*,#1460,.F.);
#2187=ORIENTED_EDGE('',*,*,#2176,.T.);
#2188=ORIENTED_EDGE('',*,*,#1965,.T.);
#2190=ORIENTED_EDGE('',*,*,#2189,.F.);
#2191=EDGE_LOOP('',(#2186,#2187,#2188,#2190));
#2192=FACE_OUTER_BOUND('',#2191,.F.);
#2193=ADVANCED_FACE('',(#2192),#2185,.F.);
#2194=CARTESIAN_POINT('',(7.285E1,3.046855401466E1,-2.263160252551E1));
#2195=DIRECTION('',(-1.745240643728E-2,8.788375035418E-1,4.768019042307E-1));
#2196=DIRECTION('',(0.E0,4.768745345321E-1,-8.789713751396E-1));
#2197=AXIS2_PLACEMENT_3D('',#2194,#2195,#2196);
#2198=PLANE('',#2197);
#2200=ORIENTED_EDGE('',*,*,#2199,.F.);
#2201=ORIENTED_EDGE('',*,*,#2043,.T.);
#2203=ORIENTED_EDGE('',*,*,#2202,.F.);
#2204=ORIENTED_EDGE('',*,*,#1462,.F.);
#2205=ORIENTED_EDGE('',*,*,#2189,.T.);
#2206=ORIENTED_EDGE('',*,*,#1963,.F.);
#2207=EDGE_LOOP('',(#2200,#2201,#2203,#2204,#2205,#2206));
#2208=FACE_OUTER_BOUND('',#2207,.F.);
#2209=ADVANCED_FACE('',(#2208),#2198,.F.);
#2210=CARTESIAN_POINT('',(7.393530056405E1,3.126121755394E1,-2.405444698960E1));
#2211=CARTESIAN_POINT('',(7.393863815124E1,3.128866463156E1,-2.405136333384E1));
#2212=CARTESIAN_POINT('',(7.394207233141E1,3.131608935612E1,-2.404818743723E1));
#2213=CARTESIAN_POINT('',(7.394560222269E1,3.134349032025E1,-2.404491966324E1));
#2214=CARTESIAN_POINT('',(7.387917241185E1,3.127378524283E1,-2.410783305866E1));
#2215=CARTESIAN_POINT('',(7.388255586545E1,3.130147960616E1,-2.410473946422E1));
#2216=CARTESIAN_POINT('',(7.388603715935E1,3.132915074526E1,-2.410155337919E1));
#2217=CARTESIAN_POINT('',(7.388961538692E1,3.135679720565E1,-2.409827517486E1));
#2218=CARTESIAN_POINT('',(7.380691523755E1,3.128551273567E1,-2.413611328720E1));
#2219=CARTESIAN_POINT('',(7.381033487178E1,3.131343785273E1,-2.413301653072E1));
#2220=CARTESIAN_POINT('',(7.381385331866E1,3.134133893267E1,-2.412982723344E1));
#2221=CARTESIAN_POINT('',(7.381746965023E1,3.136921447700E1,-2.412654577321E1));
#2222=CARTESIAN_POINT('',(7.372898486899E1,3.129470302937E1,-2.413519544210E1));
#2223=CARTESIAN_POINT('',(7.373242576263E1,3.132280897747E1,-2.413210275779E1));
#2224=CARTESIAN_POINT('',(7.373596602561E1,3.135089025140E1,-2.412891768923E1));
#2225=CARTESIAN_POINT('',(7.373960471515E1,3.137894531823E1,-2.412564061870E1));
#2226=(BOUNDED_SURFACE()B_SPLINE_SURFACE(3,3,((#2210,#2211,#2212,#2213),(#2214,
#2215,#2216,#2217),(#2218,#2219,#2220,#2221),(#2222,#2223,#2224,#2225)),
.UNSPECIFIED.,.F.,.F.,.F.)B_SPLINE_SURFACE_WITH_KNOTS((4,4),(4,4),(0.E0,1.E0),(
8.809027420338E-1,9.042609178316E-1),.UNSPECIFIED.)GEOMETRIC_REPRESENTATION_ITEM()RATIONAL_B_SPLINE_SURFACE(((1.037533546935E0,1.037533546935E0,1.037533546935E0,
1.037533546935E0),(9.874888176884E-1,9.874888176884E-1,9.874888176884E-1,
9.874888176884E-1),(9.874888176884E-1,9.874888176884E-1,9.874888176884E-1,
9.874888176884E-1),(1.037533546935E0,1.037533546935E0,1.037533546935E0,
1.037533546935E0)))REPRESENTATION_ITEM('')SURFACE());
#2227=ORIENTED_EDGE('',*,*,#1961,.T.);
#2229=ORIENTED_EDGE('',*,*,#2228,.T.);
#2230=ORIENTED_EDGE('',*,*,#2037,.F.);
#2231=ORIENTED_EDGE('',*,*,#2199,.T.);
#2232=EDGE_LOOP('',(#2227,#2229,#2230,#2231));
#2233=FACE_OUTER_BOUND('',#2232,.F.);
#2234=ADVANCED_FACE('',(#2233),#2226,.T.);
#2235=CARTESIAN_POINT('',(7.373850245562E1,3.134266053490E1,-2.382785549022E1));
#2236=DIRECTION('',(-4.705710886231E-1,7.112256321874E-1,5.222269149247E-1));
#2237=DIRECTION('',(4.895639834184E-1,7.028470043398E-1,-5.160747955773E-1));
#2238=AXIS2_PLACEMENT_3D('',#2235,#2236,#2237);
#2239=SPHERICAL_SURFACE('',#2238,3.E-1);
#2241=ORIENTED_EDGE('',*,*,#2240,.T.);
#2242=ORIENTED_EDGE('',*,*,#2228,.F.);
#2243=ORIENTED_EDGE('',*,*,#1946,.T.);
#2244=EDGE_LOOP('',(#2241,#2242,#2243));
#2245=FACE_OUTER_BOUND('',#2244,.F.);
#2246=ADVANCED_FACE('',(#2245),#2239,.T.);
#2247=CARTESIAN_POINT('',(7.295681867813E1,3.120350153585E1,-2.409819313158E1));
#2248=CARTESIAN_POINT('',(7.328267405906E1,3.119781370902E1,-2.409312433092E1));
#2249=CARTESIAN_POINT('',(7.360852939396E1,3.119212588299E1,-2.408805245770E1));
#2250=CARTESIAN_POINT('',(7.393438468261E1,3.118643805777E1,-2.408297750073E1));
#2251=CARTESIAN_POINT('',(7.296656649620E1,3.156911207511E1,-2.431458545100E1));
#2252=CARTESIAN_POINT('',(7.329242323696E1,3.156342422454E1,-2.430951662918E1));
#2253=CARTESIAN_POINT('',(7.361827993418E1,3.155773637473E1,-2.430444473476E1));
#2254=CARTESIAN_POINT('',(7.394413658764E1,3.155204852569E1,-2.429936975654E1));
#2255=CARTESIAN_POINT('',(7.296657129205E1,3.185199722644E1,-2.399746132167E1));
#2256=CARTESIAN_POINT('',(7.329242603996E1,3.184630941066E1,-2.399239253085E1));
#2257=CARTESIAN_POINT('',(7.361828074070E1,3.184062159570E1,-2.398732066750E1));
#2258=CARTESIAN_POINT('',(7.394413539403E1,3.183493378157E1,-2.398224572043E1));
#2259=CARTESIAN_POINT('',(7.295682532245E1,3.159541873458E1,-2.365884027113E1));
#2260=CARTESIAN_POINT('',(7.328267794241E1,3.158973095594E1,-2.365377151341E1));
#2261=CARTESIAN_POINT('',(7.360853051133E1,3.158404317819E1,-2.364869968325E1));
#2262=CARTESIAN_POINT('',(7.393438302895E1,3.157835540134E1,-2.364362476944E1));
#2263=(BOUNDED_SURFACE()B_SPLINE_SURFACE(3,3,((#2247,#2248,#2249,#2250),(#2251,
#2252,#2253,#2254),(#2255,#2256,#2257,#2258),(#2259,#2260,#2261,#2262)),
.UNSPECIFIED.,.F.,.F.,.F.)B_SPLINE_SURFACE_WITH_KNOTS((4,4),(4,4),(0.E0,1.E0),(
4.720260880688E-2,3.073077263162E-1),.UNSPECIFIED.)GEOMETRIC_REPRESENTATION_ITEM()RATIONAL_B_SPLINE_SURFACE(((1.676847457974E0,1.676847457974E0,1.676847457974E0,
1.676847457974E0),(7.743841806752E-1,7.743841806752E-1,7.743841806752E-1,
7.743841806752E-1),(7.743841806752E-1,7.743841806752E-1,7.743841806752E-1,
7.743841806752E-1),(1.676847457974E0,1.676847457974E0,1.676847457974E0,
1.676847457974E0)))REPRESENTATION_ITEM('')SURFACE());
#2264=ORIENTED_EDGE('',*,*,#2240,.F.);
#2265=ORIENTED_EDGE('',*,*,#1908,.F.);
#2267=ORIENTED_EDGE('',*,*,#2266,.F.);
#2268=ORIENTED_EDGE('',*,*,#2039,.T.);
#2269=EDGE_LOOP('',(#2264,#2265,#2267,#2268));
#2270=FACE_OUTER_BOUND('',#2269,.F.);
#2271=ADVANCED_FACE('',(#2270),#2263,.T.);
#2272=CARTESIAN_POINT('',(7.315E1,3.135293288347E1,-2.383701541909E1));
#2273=DIRECTION('',(7.132504491541E-1,8.023910145663E-2,-6.963012877906E-1));
#2274=DIRECTION('',(-7.009092642999E-1,8.165190284769E-2,-7.085613381916E-1));
#2275=AXIS2_PLACEMENT_3D('',#2272,#2273,#2274);
#2276=SPHERICAL_SURFACE('',#2275,3.E-1);
#2277=ORIENTED_EDGE('',*,*,#2266,.T.);
#2279=ORIENTED_EDGE('',*,*,#2278,.F.);
#2281=ORIENTED_EDGE('',*,*,#2280,.T.);
#2282=EDGE_LOOP('',(#2277,#2279,#2281));
#2283=FACE_OUTER_BOUND('',#2282,.F.);
#2284=ADVANCED_FACE('',(#2283),#2276,.T.);
#2285=CARTESIAN_POINT('',(7.315E1,3.135293288347E1,-5.474208369113E0));
#2286=DIRECTION('',(0.E0,0.E0,-1.E0));
#2287=DIRECTION('',(-1.E0,0.E0,0.E0));
#2288=AXIS2_PLACEMENT_3D('',#2285,#2286,#2287);
#2289=CYLINDRICAL_SURFACE('',#2288,3.E-1);
#2290=ORIENTED_EDGE('',*,*,#1906,.F.);
#2292=ORIENTED_EDGE('',*,*,#2291,.T.);
#2293=ORIENTED_EDGE('',*,*,#1466,.T.);
#2294=ORIENTED_EDGE('',*,*,#2278,.T.);
#2295=EDGE_LOOP('',(#2290,#2292,#2293,#2294));
#2296=FACE_OUTER_BOUND('',#2295,.F.);
#2297=ADVANCED_FACE('',(#2296),#2289,.T.);
#2298=CARTESIAN_POINT('',(7.315E1,2.990821510136E1,-1.13E1));
#2299=DIRECTION('',(-1.E0,0.E0,0.E0));
#2300=DIRECTION('',(0.E0,2.799996341336E-3,-9.999960800026E-1));
#2301=AXIS2_PLACEMENT_3D('',#2298,#2299,#2300);
#2302=TOROIDAL_SURFACE('',#2301,7.694717782108E0,3.E-1);
#2304=ORIENTED_EDGE('',*,*,#2303,.F.);
#2305=ORIENTED_EDGE('',*,*,#1468,.F.);
#2306=ORIENTED_EDGE('',*,*,#2291,.F.);
#2307=ORIENTED_EDGE('',*,*,#1696,.T.);
#2308=EDGE_LOOP('',(#2304,#2305,#2306,#2307));
#2309=FACE_OUTER_BOUND('',#2308,.F.);
#2310=ADVANCED_FACE('',(#2309),#2302,.T.);
#2311=CARTESIAN_POINT('',(7.315E1,3.759422400367E1,-1.093400969966E1));
#2312=DIRECTION('',(-3.328413482203E-14,-7.531400739168E-1,6.578601896001E-1));
#2313=DIRECTION('',(2.518195466515E-2,6.576515718045E-1,7.529012413739E-1));
#2314=AXIS2_PLACEMENT_3D('',#2311,#2312,#2313);
#2315=SPHERICAL_SURFACE('',#2314,3.E-1);
#2316=ORIENTED_EDGE('',*,*,#2303,.T.);
#2318=ORIENTED_EDGE('',*,*,#2317,.T.);
#2320=ORIENTED_EDGE('',*,*,#2319,.F.);
#2321=EDGE_LOOP('',(#2316,#2318,#2320));
#2322=FACE_OUTER_BOUND('',#2321,.F.);
#2323=ADVANCED_FACE('',(#2322),#2315,.T.);
#2324=CARTESIAN_POINT('',(7.295630549766E1,3.784365760070E1,-1.110172391317E1));
#2325=CARTESIAN_POINT('',(7.331419158712E1,3.783772987872E1,-1.110851330881E1));
#2326=CARTESIAN_POINT('',(7.408967424585E1,3.782486767376E1,-1.112322641180E1));
#2327=CARTESIAN_POINT('',(7.523603320891E1,3.780579674493E1,-1.114498110607E1));
#2328=CARTESIAN_POINT('',(7.602450583136E1,3.779263918118E1,-1.115994765638E1));
#2329=CARTESIAN_POINT('',(7.639538232012E1,3.778644118971E1,-1.116698831194E1));
#2330=CARTESIAN_POINT('',(7.296846904350E1,3.812125343841E1,-1.070291773853E1));
#2331=CARTESIAN_POINT('',(7.332635990291E1,3.811532563743E1,-1.070970722466E1));
#2332=CARTESIAN_POINT('',(7.410185293664E1,3.810246326038E1,-1.072442052449E1));
#2333=CARTESIAN_POINT('',(7.524822736395E1,3.808339207429E1,-1.074617551224E1));
#2334=CARTESIAN_POINT('',(7.603671071323E1,3.807023433154E1,-1.076114226615E1));
#2335=CARTESIAN_POINT('',(7.640759226789E1,3.806403625541E1,-1.076818301788E1));
#2336=CARTESIAN_POINT('',(7.296851619668E1,3.775634338402E1,-1.038183454701E1));
#2337=CARTESIAN_POINT('',(7.332640191473E1,3.775041566820E1,-1.038862393560E1));
#2338=CARTESIAN_POINT('',(7.410188376560E1,3.773755347663E1,-1.040333702326E1));
#2339=CARTESIAN_POINT('',(7.524824152452E1,3.771848256784E1,-1.042509169469E1));
#2340=CARTESIAN_POINT('',(7.603671331171E1,3.770532501803E1,-1.044005822914E1));
#2341=CARTESIAN_POINT('',(7.640758940602E1,3.769912703315E1,-1.044709887721E1));
#2342=CARTESIAN_POINT('',(7.295636332995E1,3.739610381626E1,-1.070792276749E1));
#2343=CARTESIAN_POINT('',(7.331424311365E1,3.739017619873E1,-1.071471204351E1));
#2344=CARTESIAN_POINT('',(7.408971205686E1,3.737731422125E1,-1.072942488627E1));
#2345=CARTESIAN_POINT('',(7.523605057652E1,3.735824363252E1,-1.075117919259E1));
#2346=CARTESIAN_POINT('',(7.602450901834E1,3.734508630540E1,-1.076614547372E1));
#2347=CARTESIAN_POINT('',(7.639537881011E1,3.733888842585E1,-1.077318600215E1));
#2348=(BOUNDED_SURFACE()B_SPLINE_SURFACE(3,3,((#2324,#2325,#2326,#2327,#2328,
#2329),(#2330,#2331,#2332,#2333,#2334,#2335),(#2336,#2337,#2338,#2339,#2340,
#2341),(#2342,#2343,#2344,#2345,#2346,#2347)),.UNSPECIFIED.,.F.,.F.,.F.)B_SPLINE_SURFACE_WITH_KNOTS((4,4),(4,1,1,4),(0.E0,1.E0),(4.720483100975E-2,
3.328759409115E-1,6.662092743247E-1,9.622503181065E-1),.UNSPECIFIED.)GEOMETRIC_REPRESENTATION_ITEM()RATIONAL_B_SPLINE_SURFACE(((1.796560225559E0,
1.796560225559E0,1.796560225559E0,1.796560225559E0,1.796560225559E0,
1.796560225559E0),(7.344799248135E-1,7.344799248135E-1,7.344799248135E-1,
7.344799248135E-1,7.344799248135E-1,7.344799248135E-1),(7.344799248135E-1,
7.344799248135E-1,7.344799248135E-1,7.344799248135E-1,7.344799248135E-1,
7.344799248135E-1),(1.796560225559E0,1.796560225559E0,1.796560225559E0,
1.796560225559E0,1.796560225559E0,1.796560225559E0)))REPRESENTATION_ITEM('')SURFACE());
#2350=ORIENTED_EDGE('',*,*,#2349,.F.);
#2351=ORIENTED_EDGE('',*,*,#2317,.F.);
#2352=ORIENTED_EDGE('',*,*,#1694,.T.);
#2354=ORIENTED_EDGE('',*,*,#2353,.T.);
#2355=EDGE_LOOP('',(#2350,#2351,#2352,#2354));
#2356=FACE_OUTER_BOUND('',#2355,.F.);
#2357=ADVANCED_FACE('',(#2356),#2348,.T.);
#2358=CARTESIAN_POINT('',(7.285E1,4.619584711809E1,-9.875016842855E0));
#2359=DIRECTION('',(-1.745240643728E-2,8.714246850589E-2,-9.960429728140E-1));
#2360=DIRECTION('',(0.E0,-9.961946980917E-1,-8.715574274766E-2));
#2361=AXIS2_PLACEMENT_3D('',#2358,#2359,#2360);
#2362=PLANE('',#2361);
#2364=ORIENTED_EDGE('',*,*,#2363,.T.);
#2365=ORIENTED_EDGE('',*,*,#2349,.T.);
#2367=ORIENTED_EDGE('',*,*,#2366,.T.);
#2369=ORIENTED_EDGE('',*,*,#2368,.F.);
#2370=EDGE_LOOP('',(#2364,#2365,#2367,#2369));
#2371=FACE_OUTER_BOUND('',#2370,.F.);
#2372=ADVANCED_FACE('',(#2371),#2362,.F.);
#2373=CARTESIAN_POINT('',(7.315E1,2.213758404758E1,-1.228629047202E1));
#2374=DIRECTION('',(0.E0,9.961946980917E-1,8.715574274766E-2));
#2375=DIRECTION('',(-1.E0,0.E0,0.E0));
#2376=AXIS2_PLACEMENT_3D('',#2373,#2374,#2375);
#2377=CYLINDRICAL_SURFACE('',#2376,3.E-1);
#2378=ORIENTED_EDGE('',*,*,#2363,.F.);
#2380=ORIENTED_EDGE('',*,*,#2379,.F.);
#2381=ORIENTED_EDGE('',*,*,#1470,.T.);
#2382=ORIENTED_EDGE('',*,*,#2319,.T.);
#2383=EDGE_LOOP('',(#2378,#2380,#2381,#2382));
#2384=FACE_OUTER_BOUND('',#2383,.F.);
#2385=ADVANCED_FACE('',(#2384),#2377,.T.);
#2386=CARTESIAN_POINT('',(7.315E1,2.990821510136E1,-1.13E1));
#2387=DIRECTION('',(-1.E0,0.E0,0.E0));
#2388=DIRECTION('',(0.E0,-2.799996341335E-3,-9.999960800026E-1));
#2389=AXIS2_PLACEMENT_3D('',#2386,#2387,#2388);
#2390=TOROIDAL_SURFACE('',#2389,5.444717782108E0,3.E-1);
#2392=ORIENTED_EDGE('',*,*,#2391,.F.);
#2393=ORIENTED_EDGE('',*,*,#1166,.F.);
#2394=ORIENTED_EDGE('',*,*,#1472,.T.);
#2395=ORIENTED_EDGE('',*,*,#2379,.T.);
#2396=EDGE_LOOP('',(#2392,#2393,#2394,#2395));
#2397=FACE_OUTER_BOUND('',#2396,.F.);
#2398=ADVANCED_FACE('',(#2397),#2390,.T.);
#2399=CARTESIAN_POINT('',(7.468023572193E1,2.990821510136E1,-1.13E1));
#2400=DIRECTION('',(-1.E0,0.E0,0.E0));
#2401=DIRECTION('',(0.E0,-1.E0,0.E0));
#2402=AXIS2_PLACEMENT_3D('',#2399,#2400,#2401);
#2403=CONICAL_SURFACE('',#2402,5.718053116640E0,1.E0);
#2404=ORIENTED_EDGE('',*,*,#2391,.T.);
#2405=ORIENTED_EDGE('',*,*,#2368,.T.);
#2407=ORIENTED_EDGE('',*,*,#2406,.T.);
#2408=ORIENTED_EDGE('',*,*,#1179,.F.);
#2409=EDGE_LOOP('',(#2404,#2405,#2407,#2408));
#2410=FACE_OUTER_BOUND('',#2409,.F.);
#2411=ADVANCED_FACE('',(#2410),#2403,.T.);
#2412=CARTESIAN_POINT('',(7.62E1,2.990821510136E1,-1.13E1));
#2413=DIRECTION('',(-1.E0,0.E0,0.E0));
#2414=DIRECTION('',(0.E0,1.255950005785E-3,-9.999992112945E-1));
#2415=AXIS2_PLACEMENT_3D('',#2412,#2413,#2414);
#2416=TOROIDAL_SURFACE('',#2415,5.391479834077E0,3.E-1);
#2417=ORIENTED_EDGE('',*,*,#1267,.T.);
#2419=ORIENTED_EDGE('',*,*,#2418,.T.);
#2420=ORIENTED_EDGE('',*,*,#2406,.F.);
#2422=ORIENTED_EDGE('',*,*,#2421,.F.);
#2423=EDGE_LOOP('',(#2417,#2419,#2420,#2422));
#2424=FACE_OUTER_BOUND('',#2423,.F.);
#2425=ADVANCED_FACE('',(#2424),#2416,.T.);
#2426=CARTESIAN_POINT('',(7.62E1,3.762686521268E1,-1.233518403718E1));
#2427=DIRECTION('',(0.E0,-9.961946980917E-1,8.715574274766E-2));
#2428=DIRECTION('',(1.E0,0.E0,0.E0));
#2429=AXIS2_PLACEMENT_3D('',#2426,#2427,#2428);
#2430=CYLINDRICAL_SURFACE('',#2429,3.E-1);
#2431=ORIENTED_EDGE('',*,*,#1181,.F.);
#2432=ORIENTED_EDGE('',*,*,#2418,.F.);
#2433=ORIENTED_EDGE('',*,*,#1265,.T.);
#2434=ORIENTED_EDGE('',*,*,#1229,.T.);
#2435=EDGE_LOOP('',(#2431,#2432,#2433,#2434));
#2436=FACE_OUTER_BOUND('',#2435,.F.);
#2437=ADVANCED_FACE('',(#2436),#2430,.T.);
#2438=CARTESIAN_POINT('',(7.62E1,3.796430785496E1,-1.095507286646E1));
#2439=DIRECTION('',(0.E0,-9.961946980917E-1,-8.715574274766E-2));
#2440=DIRECTION('',(1.E0,0.E0,0.E0));
#2441=AXIS2_PLACEMENT_3D('',#2438,#2439,#2440);
#2442=CYLINDRICAL_SURFACE('',#2441,3.E-1);
#2443=ORIENTED_EDGE('',*,*,#2366,.F.);
#2445=ORIENTED_EDGE('',*,*,#2444,.F.);
#2446=ORIENTED_EDGE('',*,*,#1254,.T.);
#2447=ORIENTED_EDGE('',*,*,#2421,.T.);
#2448=EDGE_LOOP('',(#2443,#2445,#2446,#2447));
#2449=FACE_OUTER_BOUND('',#2448,.F.);
#2450=ADVANCED_FACE('',(#2449),#2442,.T.);
#2451=CARTESIAN_POINT('',(7.62E1,3.754348081821E1,-1.099189046148E1));
#2452=DIRECTION('',(-7.009092642999E-1,-6.216387266114E-2,7.105363158589E-1));
#2453=DIRECTION('',(7.132504491542E-1,-6.108826752878E-2,6.982420929389E-1));
#2454=AXIS2_PLACEMENT_3D('',#2451,#2452,#2453);
#2455=SPHERICAL_SURFACE('',#2454,3.E-1);
#2457=ORIENTED_EDGE('',*,*,#2456,.T.);
#2458=ORIENTED_EDGE('',*,*,#2444,.T.);
#2459=ORIENTED_EDGE('',*,*,#2353,.F.);
#2460=EDGE_LOOP('',(#2457,#2458,#2459));
#2461=FACE_OUTER_BOUND('',#2460,.F.);
#2462=ADVANCED_FACE('',(#2461),#2455,.T.);
#2463=CARTESIAN_POINT('',(7.62E1,2.990821510136E1,-1.13E1));
#2464=DIRECTION('',(-1.E0,0.E0,0.E0));
#2465=DIRECTION('',(0.E0,6.558266054475E-1,7.549115601097E-1));
#2466=AXIS2_PLACEMENT_3D('',#2463,#2464,#2465);
#2467=TOROIDAL_SURFACE('',#2466,7.641479834077E0,3.E-1);
#2468=ORIENTED_EDGE('',*,*,#2456,.F.);
#2469=ORIENTED_EDGE('',*,*,#1700,.T.);
#2470=ORIENTED_EDGE('',*,*,#1891,.T.);
#2471=ORIENTED_EDGE('',*,*,#1256,.F.);
#2472=EDGE_LOOP('',(#2468,#2469,#2470,#2471));
#2473=FACE_OUTER_BOUND('',#2472,.F.);
#2474=ADVANCED_FACE('',(#2473),#2467,.T.);
#2475=CARTESIAN_POINT('',(7.315E1,2.990821510136E1,-1.13E1));
#2476=DIRECTION('',(-1.E0,0.E0,0.E0));
#2477=DIRECTION('',(0.E0,6.390481939725E-1,-7.691666957042E-1));
#2478=AXIS2_PLACEMENT_3D('',#2475,#2476,#2477);
#2479=TOROIDAL_SURFACE('',#2478,1.261998276895E1,3.E-1);
#2480=ORIENTED_EDGE('',*,*,#2041,.F.);
#2481=ORIENTED_EDGE('',*,*,#2280,.F.);
#2482=ORIENTED_EDGE('',*,*,#1464,.T.);
#2483=ORIENTED_EDGE('',*,*,#2202,.T.);
#2484=EDGE_LOOP('',(#2480,#2481,#2482,#2483));
#2485=FACE_OUTER_BOUND('',#2484,.F.);
#2486=ADVANCED_FACE('',(#2485),#2479,.T.);
#2487=CARTESIAN_POINT('',(7.315E1,2.990821510136E1,-1.13E1));
#2488=DIRECTION('',(-1.E0,0.E0,0.E0));
#2489=DIRECTION('',(0.E0,6.390481939725E-1,-7.691666957042E-1));
#2490=AXIS2_PLACEMENT_3D('',#2487,#2488,#2489);
#2491=TOROIDAL_SURFACE('',#2490,1.261998276895E1,3.E-1);
#2492=ORIENTED_EDGE('',*,*,#1438,.T.);
#2494=ORIENTED_EDGE('',*,*,#2493,.T.);
#2495=ORIENTED_EDGE('',*,*,#2025,.F.);
#2496=ORIENTED_EDGE('',*,*,#2058,.T.);
#2497=EDGE_LOOP('',(#2492,#2494,#2495,#2496));
#2498=FACE_OUTER_BOUND('',#2497,.F.);
#2499=ADVANCED_FACE('',(#2498),#2491,.T.);
#2500=CARTESIAN_POINT('',(7.315E1,2.846349731925E1,-2.383701541909E1));
#2501=DIRECTION('',(7.132504491542E-1,-7.009092642998E-1,0.E0));
#2502=DIRECTION('',(-7.009092642998E-1,-7.132504491542E-1,0.E0));
#2503=AXIS2_PLACEMENT_3D('',#2500,#2501,#2502);
#2504=SPHERICAL_SURFACE('',#2503,3.E-1);
#2506=ORIENTED_EDGE('',*,*,#2505,.T.);
#2507=ORIENTED_EDGE('',*,*,#2493,.F.);
#2509=ORIENTED_EDGE('',*,*,#2508,.T.);
#2510=EDGE_LOOP('',(#2506,#2507,#2509));
#2511=FACE_OUTER_BOUND('',#2510,.F.);
#2512=ADVANCED_FACE('',(#2511),#2504,.T.);
#2513=CARTESIAN_POINT('',(7.295682532245E1,2.822101146815E1,-2.365884027113E1));
#2514=CARTESIAN_POINT('',(7.328267794241E1,2.822669924678E1,-2.365377151341E1));
#2515=CARTESIAN_POINT('',(7.360853051133E1,2.823238702453E1,-2.364869968325E1));
#2516=CARTESIAN_POINT('',(7.393438302895E1,2.823807480138E1,-2.364362476944E1));
#2517=CARTESIAN_POINT('',(7.296657129206E1,2.796443297628E1,-2.399746132166E1));
#2518=CARTESIAN_POINT('',(7.329242603996E1,2.797012079207E1,-2.399239253085E1));
#2519=CARTESIAN_POINT('',(7.361828074070E1,2.797580860703E1,-2.398732066750E1));
#2520=CARTESIAN_POINT('',(7.394413539403E1,2.798149642116E1,-2.398224572043E1));
#2521=CARTESIAN_POINT('',(7.296656649620E1,2.824731812762E1,-2.431458545100E1));
#2522=CARTESIAN_POINT('',(7.329242323697E1,2.825300597819E1,-2.430951662918E1));
#2523=CARTESIAN_POINT('',(7.361827993418E1,2.825869382799E1,-2.430444473476E1));
#2524=CARTESIAN_POINT('',(7.394413658764E1,2.826438167704E1,-2.429936975654E1));
#2525=CARTESIAN_POINT('',(7.295681867814E1,2.861292866687E1,-2.409819313158E1));
#2526=CARTESIAN_POINT('',(7.328267405906E1,2.861861649370E1,-2.409312433092E1));
#2527=CARTESIAN_POINT('',(7.360852939396E1,2.862430431973E1,-2.408805245770E1));
#2528=CARTESIAN_POINT('',(7.393438468261E1,2.862999214495E1,-2.408297750073E1));
#2529=(BOUNDED_SURFACE()B_SPLINE_SURFACE(3,3,((#2513,#2514,#2515,#2516),(#2517,
#2518,#2519,#2520),(#2521,#2522,#2523,#2524),(#2525,#2526,#2527,#2528)),
.UNSPECIFIED.,.F.,.F.,.F.)B_SPLINE_SURFACE_WITH_KNOTS((4,4),(4,4),(0.E0,1.E0),(
4.247337700839E-2,3.036028007741E-1),.UNSPECIFIED.)GEOMETRIC_REPRESENTATION_ITEM()RATIONAL_B_SPLINE_SURFACE(((1.676847457971E0,1.676847457971E0,1.676847457971E0,
1.676847457971E0),(7.743841806764E-1,7.743841806764E-1,7.743841806764E-1,
7.743841806764E-1),(7.743841806764E-1,7.743841806764E-1,7.743841806764E-1,
7.743841806764E-1),(1.676847457971E0,1.676847457971E0,1.676847457971E0,
1.676847457971E0)))REPRESENTATION_ITEM('')SURFACE());
#2531=ORIENTED_EDGE('',*,*,#2530,.F.);
#2532=ORIENTED_EDGE('',*,*,#2027,.F.);
#2533=ORIENTED_EDGE('',*,*,#2505,.F.);
#2534=ORIENTED_EDGE('',*,*,#1712,.T.);
#2535=EDGE_LOOP('',(#2531,#2532,#2533,#2534));
#2536=FACE_OUTER_BOUND('',#2535,.F.);
#2537=ADVANCED_FACE('',(#2536),#2529,.T.);
#2538=CARTESIAN_POINT('',(7.373850245562E1,2.847376966783E1,-2.382785549022E1));
#2539=DIRECTION('',(4.705710886231E-1,7.112256321874E-1,-5.222269149247E-1));
#2540=DIRECTION('',(4.895639834184E-1,-7.028470043398E-1,-5.160747955773E-1));
#2541=AXIS2_PLACEMENT_3D('',#2538,#2539,#2540);
#2542=SPHERICAL_SURFACE('',#2541,3.E-1);
#2543=ORIENTED_EDGE('',*,*,#2530,.T.);
#2544=ORIENTED_EDGE('',*,*,#1758,.T.);
#2545=ORIENTED_EDGE('',*,*,#2009,.F.);
#2546=EDGE_LOOP('',(#2543,#2544,#2545));
#2547=FACE_OUTER_BOUND('',#2546,.F.);
#2548=ADVANCED_FACE('',(#2547),#2542,.T.);
#2549=CARTESIAN_POINT('',(7.315E1,2.846349731925E1,-2.428714035484E1));
#2550=DIRECTION('',(0.E0,0.E0,1.E0));
#2551=DIRECTION('',(-1.E0,0.E0,0.E0));
#2552=AXIS2_PLACEMENT_3D('',#2549,#2550,#2551);
#2553=CYLINDRICAL_SURFACE('',#2552,3.E-1);
#2554=ORIENTED_EDGE('',*,*,#1714,.F.);
#2555=ORIENTED_EDGE('',*,*,#2508,.F.);
#2556=ORIENTED_EDGE('',*,*,#1436,.T.);
#2557=ORIENTED_EDGE('',*,*,#1659,.T.);
#2558=EDGE_LOOP('',(#2554,#2555,#2556,#2557));
#2559=FACE_OUTER_BOUND('',#2558,.F.);
#2560=ADVANCED_FACE('',(#2559),#2553,.T.);
#2561=CARTESIAN_POINT('',(7.95E1,2.990821510136E1,-1.13E1));
#2562=DIRECTION('',(-1.E0,0.E0,0.E0));
#2563=DIRECTION('',(0.E0,-9.998748520623E-1,1.582024694654E-2));
#2564=AXIS2_PLACEMENT_3D('',#2561,#2562,#2563);
#2565=TOROIDAL_SURFACE('',#2564,3.258651368442E0,5.E-1);
#2566=ORIENTED_EDGE('',*,*,#1357,.T.);
#2567=ORIENTED_EDGE('',*,*,#1347,.T.);
#2569=ORIENTED_EDGE('',*,*,#2568,.F.);
#2570=ORIENTED_EDGE('',*,*,#1344,.F.);
#2571=EDGE_LOOP('',(#2566,#2567,#2569,#2570));
#2572=FACE_OUTER_BOUND('',#2571,.F.);
#2573=ADVANCED_FACE('',(#2572),#2565,.T.);
#2574=CARTESIAN_POINT('',(7.860436312142E1,2.990821510136E1,-1.13E1));
#2575=DIRECTION('',(-1.E0,0.E0,0.E0));
#2576=DIRECTION('',(0.E0,-1.E0,0.E0));
#2577=AXIS2_PLACEMENT_3D('',#2574,#2575,#2576);
#2578=CONICAL_SURFACE('',#2577,3.774360932332E0,1.E0);
#2579=ORIENTED_EDGE('',*,*,#2568,.T.);
#2580=ORIENTED_EDGE('',*,*,#1332,.F.);
#2581=ORIENTED_EDGE('',*,*,#1317,.T.);
#2582=ORIENTED_EDGE('',*,*,#1329,.T.);
#2583=EDGE_LOOP('',(#2579,#2580,#2581,#2582));
#2584=FACE_OUTER_BOUND('',#2583,.F.);
#2585=ADVANCED_FACE('',(#2584),#2578,.T.);
#2586=CLOSED_SHELL('',(#1170,#1185,#1220,#1233,#1248,#1277,#1292,#1305,#1321,
#1336,#1351,#1368,#1383,#1396,#1412,#1427,#1501,#1516,#1531,#1545,#1559,#1574,
#1587,#1601,#1613,#1625,#1637,#1649,#1664,#1675,#1688,#1704,#1723,#1762,#1808,
#1820,#1834,#1881,#1895,#1912,#1950,#1989,#2016,#2031,#2047,#2063,#2076,#2089,
#2102,#2115,#2128,#2141,#2154,#2167,#2180,#2193,#2209,#2234,#2246,#2271,#2284,
#2297,#2310,#2323,#2357,#2372,#2385,#2398,#2411,#2425,#2437,#2450,#2462,#2474,
#2486,#2499,#2512,#2537,#2548,#2560,#2573,#2585));
#2587=MANIFOLD_SOLID_BREP('',#2586);
#2588=CARTESIAN_POINT('',(-7.620523572193E1,2.229909215041E1,
-1.069307757185E1));
#2589=CARTESIAN_POINT('',(-7.586578122086E1,2.229342216123E1,
-1.068663367842E1));
#2590=CARTESIAN_POINT('',(-7.518724929191E1,2.228210354039E1,
-1.067375436707E1));
#2591=CARTESIAN_POINT('',(-7.417058261826E1,2.226518940904E1,
-1.065446080275E1));
#2592=CARTESIAN_POINT('',(-7.349355899420E1,2.225395543011E1,
-1.064161532474E1));
#2593=CARTESIAN_POINT('',(-7.315523572193E1,2.224834891935E1,
-1.063519680604E1));
#2595=CARTESIAN_POINT('',(-7.315000036593E1,2.222220620510E1,
-1.093400970660E1));
#2596=DIRECTION('',(-9.996828842982E-1,1.656620548579E-2,-1.896553919919E-2));
#2597=DIRECTION('',(-1.745240645259E-2,-9.987160677668E-1,4.755659253409E-2));
#2598=AXIS2_PLACEMENT_3D('',#2595,#2596,#2597);
#2600=CARTESIAN_POINT('',(-7.620523572193E1,2.197323899910E1,
-1.097979616148E1));
#2601=CARTESIAN_POINT('',(-7.586578122123E1,2.196757883865E1,
-1.097310870107E1));
#2602=CARTESIAN_POINT('',(-7.518724929079E1,2.195628045497E1,
-1.095974362543E1));
#2603=CARTESIAN_POINT('',(-7.417058261920E1,2.193939816244E1,
-1.093972593179E1));
#2604=CARTESIAN_POINT('',(-7.349355899364E1,2.192818649876E1,
-1.092640045120E1));
#2605=CARTESIAN_POINT('',(-7.315523572193E1,2.192259138090E1,
-1.091974267627E1));
#2607=CARTESIAN_POINT('',(-7.619999999996E1,2.227294938450E1,
-1.099189046148E1));
#2608=DIRECTION('',(-9.996804753902E-1,1.669790048820E-2,-1.897701881067E-2));
#2609=DIRECTION('',(-1.745240643691E-2,-9.990346103976E-1,4.031452266002E-2));
#2610=AXIS2_PLACEMENT_3D('',#2607,#2608,#2609);
#2612=CARTESIAN_POINT('',(-7.315523572193E1,2.418494132577E1,
-1.080462668747E1));
#2613=CARTESIAN_POINT('',(-7.417190384393E1,2.420108954197E1,
-1.082385326828E1));
#2614=CARTESIAN_POINT('',(-7.518857053118E1,2.421731979499E1,
-1.084308700123E1));
#2615=CARTESIAN_POINT('',(-7.620523572193E1,2.423363442093E1,
-1.086232808964E1));
#2617=DIRECTION('',(0.E0,-9.961946980917E-1,8.715574274766E-2));
#2618=VECTOR('',#2617,1.941931907718E0);
#2619=CARTESIAN_POINT('',(-7.620523572193E1,2.423363442093E1,
-1.086232808964E1));
#2620=LINE('',#2619,#2618);
#2621=CARTESIAN_POINT('',(-7.62E1,2.227294938451E1,-1.099189046148E1));
#2622=DIRECTION('',(0.E0,9.961946980917E-1,-8.715574274766E-2));
#2623=DIRECTION('',(-1.E0,0.E0,0.E0));
#2624=AXIS2_PLACEMENT_3D('',#2621,#2622,#2623);
#2626=DIRECTION('',(0.E0,-9.961946980917E-1,8.715574274766E-2));
#2627=VECTOR('',#2626,2.253565272236E0);
#2628=CARTESIAN_POINT('',(-7.65E1,2.451793916052E1,-1.118830161661E1));
#2629=LINE('',#2628,#2627);
#2630=CARTESIAN_POINT('',(-7.65E1,2.451793916052E1,-1.118830161661E1));
#2631=CARTESIAN_POINT('',(-7.65E1,2.450053890558E1,-1.116891308728E1));
#2632=CARTESIAN_POINT('',(-7.649686942159E1,2.446535462902E1,
-1.112957256504E1));
#2633=CARTESIAN_POINT('',(-7.648141018921E1,2.441210744723E1,
-1.106925006686E1));
#2634=CARTESIAN_POINT('',(-7.645421642960E1,2.436093937306E1,
-1.101069735893E1));
#2635=CARTESIAN_POINT('',(-7.641434464898E1,2.431387480287E1,
-1.095629386621E1));
#2636=CARTESIAN_POINT('',(-7.636063166130E1,2.427347224606E1,
-1.090917832604E1));
#2637=CARTESIAN_POINT('',(-7.629170562107E1,2.424331704E1,-1.087375524996E1));
#2638=CARTESIAN_POINT('',(-7.623517507045E1,2.423411486354E1,
-1.086289471241E1));
#2639=CARTESIAN_POINT('',(-7.620523572193E1,2.423363442093E1,
-1.086232808964E1));
#2641=CARTESIAN_POINT('',(-7.62E1,2.227294938451E1,-1.099189046148E1));
#2642=DIRECTION('',(0.E0,4.032066369472E-2,9.991867913855E-1));
#2643=DIRECTION('',(-1.E0,-1.184237892934E-14,0.E0));
#2644=AXIS2_PLACEMENT_3D('',#2641,#2642,#2643);
#2646=CARTESIAN_POINT('',(-7.620523572193E1,2.990821510136E1,-1.13E1));
#2647=DIRECTION('',(-1.E0,0.E0,0.E0));
#2648=DIRECTION('',(0.E0,-2.129884995892E-1,-9.770547062692E-1));
#2649=AXIS2_PLACEMENT_3D('',#2646,#2647,#2648);
#2651=CARTESIAN_POINT('',(-7.620523572193E1,2.821678095874E1,
-1.905921560358E1));
#2652=CARTESIAN_POINT('',(-7.623691483521E1,2.821733391972E1,
-1.905877019694E1));
#2653=CARTESIAN_POINT('',(-7.629755777771E1,2.822852431011E1,
-1.904976181502E1));
#2654=CARTESIAN_POINT('',(-7.637283365648E1,2.826709515176E1,
-1.901860951586E1));
#2655=CARTESIAN_POINT('',(-7.643099080364E1,2.832032151825E1,
-1.897542013032E1));
#2656=CARTESIAN_POINT('',(-7.647162036810E1,2.838265693153E1,
-1.892445921717E1));
#2657=CARTESIAN_POINT('',(-7.649514463739E1,2.844979574728E1,
-1.886940275360E1));
#2658=CARTESIAN_POINT('',(-7.65E1,2.849457726576E1,-1.883185666694E1));
#2659=CARTESIAN_POINT('',(-7.65E1,2.851673526729E1,-1.881342538422E1));
#2661=CARTESIAN_POINT('',(-7.65E1,2.990821510136E1,-1.13E1));
#2662=DIRECTION('',(-1.E0,0.E0,0.E0));
#2663=DIRECTION('',(0.E0,-1.821059753869E-1,-9.832789094293E-1));
#2664=AXIS2_PLACEMENT_3D('',#2661,#2662,#2663);
#2666=CARTESIAN_POINT('',(-7.285E1,2.990821510136E1,-1.13E1));
#2667=DIRECTION('',(1.E0,0.E0,0.E0));
#2668=DIRECTION('',(0.E0,-9.988682002320E-1,4.756383673919E-2));
#2669=AXIS2_PLACEMENT_3D('',#2666,#2667,#2668);
#2671=CARTESIAN_POINT('',(-7.315523572193E1,2.990821510136E1,-1.13E1));
#2672=DIRECTION('',(1.E0,0.E0,0.E0));
#2673=DIRECTION('',(0.E0,-9.988681996884E-1,4.756384815398E-2));
#2674=AXIS2_PLACEMENT_3D('',#2671,#2672,#2673);
#2676=CARTESIAN_POINT('',(-7.315E1,2.222220619905E1,-1.093400969966E1));
#2677=DIRECTION('',(0.E0,4.756383673919E-2,9.988682002320E-1));
#2678=DIRECTION('',(-1.745240643743E-2,-9.987160677669E-1,4.755659253648E-2));
#2679=AXIS2_PLACEMENT_3D('',#2676,#2677,#2678);
#2681=DIRECTION('',(0.E0,9.961946980917E-1,-8.715574274766E-2));
#2682=VECTOR('',#2681,1.943989874799E0);
#2683=CARTESIAN_POINT('',(-7.315523572193E1,2.224834891935E1,
-1.063519680604E1));
#2684=LINE('',#2683,#2682);
#2685=CARTESIAN_POINT('',(-7.285E1,2.446619203313E1,-1.113033302125E1));
#2686=CARTESIAN_POINT('',(-7.285E1,2.444870665166E1,-1.111064368641E1));
#2687=CARTESIAN_POINT('',(-7.285323141062E1,2.441330685035E1,
-1.107065004614E1));
#2688=CARTESIAN_POINT('',(-7.286928942453E1,2.435962967307E1,
-1.100919680256E1));
#2689=CARTESIAN_POINT('',(-7.289759764468E1,2.430814114289E1,
-1.094965590366E1));
#2690=CARTESIAN_POINT('',(-7.293911526804E1,2.426103658410E1,
-1.089463269859E1));
#2691=CARTESIAN_POINT('',(-7.299497701767E1,2.422107752963E1,
-1.084754802670E1));
#2692=CARTESIAN_POINT('',(-7.306645349036E1,2.419211264383E1,
-1.081317450838E1));
#2693=CARTESIAN_POINT('',(-7.312465555797E1,2.418445560670E1,
-1.080404837487E1));
#2694=CARTESIAN_POINT('',(-7.315523572193E1,2.418494132577E1,
-1.080462668747E1));
#2696=DIRECTION('',(0.E0,9.961946980917E-1,-8.715574274766E-2));
#2697=VECTOR('',#2696,2.252557495413E0);
#2698=CARTESIAN_POINT('',(-7.285E1,2.222220619905E1,-1.093400969966E1));
#2699=LINE('',#2698,#2697);
#2700=CARTESIAN_POINT('',(-7.315E1,2.222220619905E1,-1.093400969966E1));
#2701=DIRECTION('',(0.E0,-9.961946980917E-1,8.715574274766E-2));
#2702=DIRECTION('',(1.E0,0.E0,0.E0));
#2703=AXIS2_PLACEMENT_3D('',#2700,#2701,#2702);
#2705=CARTESIAN_POINT('',(-7.315523572193E1,2.990821510136E1,-1.13E1));
#2706=DIRECTION('',(-1.E0,0.E0,0.E0));
#2707=DIRECTION('',(0.E0,-9.962751024385E-1,8.623178219912E-2));
#2708=AXIS2_PLACEMENT_3D('',#2705,#2706,#2707);
#2710=CARTESIAN_POINT('',(-7.285E1,2.990821510136E1,-1.13E1));
#2711=DIRECTION('',(-1.E0,0.E0,0.E0));
#2712=DIRECTION('',(0.E0,-9.995143535935E-1,3.116178686419E-2));
#2713=AXIS2_PLACEMENT_3D('',#2710,#2711,#2712);
#2715=CARTESIAN_POINT('',(-7.315523572193E1,3.563148887696E1,
-1.080462668747E1));
#2716=CARTESIAN_POINT('',(-7.417190384393E1,3.561534066075E1,
-1.082385326828E1));
#2717=CARTESIAN_POINT('',(-7.518857053118E1,3.559911040773E1,
-1.084308700123E1));
#2718=CARTESIAN_POINT('',(-7.620523572193E1,3.558279578179E1,
-1.086232808964E1));
#2720=CARTESIAN_POINT('',(-7.65E1,2.990821510136E1,-1.13E1));
#2721=DIRECTION('',(1.E0,0.E0,0.E0));
#2722=DIRECTION('',(0.E0,9.997853700530E-1,2.071747638915E-2));
#2723=AXIS2_PLACEMENT_3D('',#2720,#2721,#2722);
#2725=CARTESIAN_POINT('',(-7.620523572193E1,2.990821510136E1,-1.13E1));
#2726=DIRECTION('',(1.E0,0.E0,0.E0));
#2727=DIRECTION('',(0.E0,9.970388022119E-1,7.690010977839E-2));
#2728=AXIS2_PLACEMENT_3D('',#2725,#2726,#2727);
#2730=CARTESIAN_POINT('',(-7.65E1,2.990821510136E1,-1.13E1));
#2731=DIRECTION('',(-1.E0,0.E0,0.E0));
#2732=DIRECTION('',(0.E0,0.E0,-1.E0));
#2733=AXIS2_PLACEMENT_3D('',#2730,#2731,#2732);
#2735=CARTESIAN_POINT('',(-7.65E1,2.990821510136E1,-1.13E1));
#2736=DIRECTION('',(-1.E0,0.E0,0.E0));
#2737=DIRECTION('',(0.E0,0.E0,1.E0));
#2738=AXIS2_PLACEMENT_3D('',#2735,#2736,#2737);
#2740=DIRECTION('',(-8.660254037844E-1,0.E0,5.E-1));
#2741=VECTOR('',#2740,1.385640646055E0);
#2742=CARTESIAN_POINT('',(-7.65E1,2.990821510136E1,-1.655E1));
#2743=LINE('',#2742,#2741);
#2744=DIRECTION('',(-8.660254037844E-1,0.E0,-5.E-1));
#2745=VECTOR('',#2744,1.385640646055E0);
#2746=CARTESIAN_POINT('',(-7.65E1,2.990821510136E1,-6.05E0));
#2747=LINE('',#2746,#2745);
#2748=CARTESIAN_POINT('',(-7.77E1,2.990821510136E1,-1.13E1));
#2749=DIRECTION('',(-1.E0,0.E0,0.E0));
#2750=DIRECTION('',(0.E0,0.E0,-1.E0));
#2751=AXIS2_PLACEMENT_3D('',#2748,#2749,#2750);
#2753=CARTESIAN_POINT('',(-7.77E1,2.990821510136E1,-1.13E1));
#2754=DIRECTION('',(-1.E0,0.E0,0.E0));
#2755=DIRECTION('',(0.E0,0.E0,1.E0));
#2756=AXIS2_PLACEMENT_3D('',#2753,#2754,#2755);
#2758=CARTESIAN_POINT('',(-7.77E1,2.990821510136E1,-1.13E1));
#2759=DIRECTION('',(-1.E0,0.E0,0.E0));
#2760=DIRECTION('',(0.E0,-1.E0,0.E0));
#2761=AXIS2_PLACEMENT_3D('',#2758,#2759,#2760);
#2763=CARTESIAN_POINT('',(-7.77E1,2.990821510136E1,-1.13E1));
#2764=DIRECTION('',(-1.E0,0.E0,0.E0));
#2765=DIRECTION('',(0.E0,1.E0,0.E0));
#2766=AXIS2_PLACEMENT_3D('',#2763,#2764,#2765);
#2768=DIRECTION('',(-9.998476951564E-1,1.745240643729E-2,1.986591541739E-11));
#2769=VECTOR('',#2768,1.809001722943E0);
#2770=CARTESIAN_POINT('',(-7.77E1,2.611806845203E1,-1.13E1));
#2771=LINE('',#2770,#2769);
#2772=CARTESIAN_POINT('',(-8.E1,2.990821510136E1,-1.13E1));
#2773=DIRECTION('',(1.E0,0.E0,0.E0));
#2774=DIRECTION('',(0.E0,1.E0,0.E0));
#2775=AXIS2_PLACEMENT_3D('',#2772,#2773,#2774);
#2777=CARTESIAN_POINT('',(-7.95E1,3.316686646980E1,-1.13E1));
#2778=DIRECTION('',(0.E0,0.E0,-1.E0));
#2779=DIRECTION('',(-1.E0,2.842170943040E-14,0.E0));
#2780=AXIS2_PLACEMENT_3D('',#2777,#2778,#2779);
#2782=CARTESIAN_POINT('',(-7.950872620607E1,2.990821510136E1,-1.13E1));
#2783=DIRECTION('',(1.E0,0.E0,0.E0));
#2784=DIRECTION('',(0.E0,1.E0,0.E0));
#2785=AXIS2_PLACEMENT_3D('',#2782,#2783,#2784);
#2787=DIRECTION('',(0.E0,1.E0,0.E0));
#2788=VECTOR('',#2787,5.196152422707E0);
#2789=CARTESIAN_POINT('',(-8.E1,2.731013889001E1,-9.8E0));
#2790=LINE('',#2789,#2788);
#2791=CARTESIAN_POINT('',(-8.E1,2.990821510136E1,-1.13E1));
#2792=DIRECTION('',(-1.E0,0.E0,0.E0));
#2793=DIRECTION('',(0.E0,8.660254037844E-1,5.E-1));
#2794=AXIS2_PLACEMENT_3D('',#2791,#2792,#2793);
#2796=DIRECTION('',(-1.E0,0.E0,0.E0));
#2797=VECTOR('',#2796,3.35E0);
#2798=CARTESIAN_POINT('',(-7.665E1,2.731013889001E1,-9.8E0));
#2799=LINE('',#2798,#2797);
#2800=DIRECTION('',(-1.E0,0.E0,0.E0));
#2801=VECTOR('',#2800,3.35E0);
#2802=CARTESIAN_POINT('',(-7.665E1,3.250629131272E1,-9.8E0));
#2803=LINE('',#2802,#2801);
#2804=CARTESIAN_POINT('',(-7.665E1,2.990821510136E1,-1.13E1));
#2805=DIRECTION('',(-1.E0,0.E0,0.E0));
#2806=DIRECTION('',(0.E0,0.E0,1.E0));
#2807=AXIS2_PLACEMENT_3D('',#2804,#2805,#2806);
#2809=CARTESIAN_POINT('',(-7.665E1,2.990821510136E1,-1.13E1));
#2810=DIRECTION('',(-1.E0,0.E0,0.E0));
#2811=DIRECTION('',(0.E0,0.E0,-1.E0));
#2812=AXIS2_PLACEMENT_3D('',#2809,#2810,#2811);
#2814=DIRECTION('',(0.E0,1.E0,0.E0));
#2815=VECTOR('',#2814,5.196152422707E0);
#2816=CARTESIAN_POINT('',(-7.665E1,2.731013889001E1,-9.8E0));
#2817=LINE('',#2816,#2815);
#2818=CARTESIAN_POINT('',(-7.665E1,2.990821510136E1,-1.13E1));
#2819=DIRECTION('',(-1.E0,0.E0,0.E0));
#2820=DIRECTION('',(0.E0,8.660254037844E-1,5.E-1));
#2821=AXIS2_PLACEMENT_3D('',#2818,#2819,#2820);
#2823=DIRECTION('',(-9.998476951564E-1,0.E0,-1.745240643728E-2));
#2824=VECTOR('',#2823,3.800578846567E0);
#2825=CARTESIAN_POINT('',(-7.285E1,2.990821510136E1,-6.983670753273E0));
#2826=LINE('',#2825,#2824);
#2827=CARTESIAN_POINT('',(-7.285E1,2.990821510136E1,-1.13E1));
#2828=DIRECTION('',(-1.E0,0.E0,0.E0));
#2829=DIRECTION('',(0.E0,-9.404985598057E-2,-9.955674887169E-1));
#2830=AXIS2_PLACEMENT_3D('',#2827,#2828,#2829);
#2832=DIRECTION('',(0.E0,9.961946980917E-1,-8.715574274766E-2));
#2833=VECTOR('',#2832,1.527062755877E0);
#2834=CARTESIAN_POINT('',(-7.285E1,2.317639905208E1,-1.222207456217E1));
#2835=LINE('',#2834,#2833);
#2836=CARTESIAN_POINT('',(-7.285E1,2.990821510136E1,-1.13E1));
#2837=DIRECTION('',(-1.E0,0.E0,0.E0));
#2838=DIRECTION('',(0.E0,-7.358706841610E-2,-9.972887963684E-1));
#2839=AXIS2_PLACEMENT_3D('',#2836,#2837,#2838);
#2841=DIRECTION('',(0.E0,0.E0,1.E0));
#2842=VECTOR('',#2841,1.483485793651E0);
#2843=CARTESIAN_POINT('',(-7.285E1,2.940821510136E1,-1.807625035101E1));
#2844=LINE('',#2843,#2842);
#2845=CARTESIAN_POINT('',(-7.285E1,2.990821510136E1,-1.13E1));
#2846=DIRECTION('',(-1.E0,0.E0,0.E0));
#2847=DIRECTION('',(0.E0,0.E0,1.E0));
#2848=AXIS2_PLACEMENT_3D('',#2845,#2846,#2847);
#2850=CARTESIAN_POINT('',(-7.285E1,2.990821510136E1,-1.13E1));
#2851=DIRECTION('',(-1.E0,0.E0,0.E0));
#2852=DIRECTION('',(0.E0,0.E0,-1.E0));
#2853=AXIS2_PLACEMENT_3D('',#2850,#2851,#2852);
#2855=DIRECTION('',(0.E0,4.768745345322E-1,-8.789713751396E-1));
#2856=VECTOR('',#2855,7.001124827679E-2);
#2857=CARTESIAN_POINT('',(-7.285E1,3.110169282632E1,-2.379859898190E1));
#2858=LINE('',#2857,#2856);
#2859=DIRECTION('',(0.E0,4.805918416900E-1,8.769444005757E-1));
#2860=VECTOR('',#2859,4.441069488512E-1);
#2861=CARTESIAN_POINT('',(-7.285E1,3.088825864986E1,-2.418805608395E1));
#2862=LINE('',#2861,#2860);
#2863=DIRECTION('',(0.E0,7.497346775254E-1,-6.617385535964E-1));
#2864=VECTOR('',#2863,4.514596101364E-1);
#2865=CARTESIAN_POINT('',(-7.285E1,3.054978372464E1,-2.388930785453E1));
#2866=LINE('',#2865,#2864);
#2867=DIRECTION('',(0.E0,5.352047121253E-1,8.447223899713E-1));
#2868=VECTOR('',#2867,3.891121651838E-1);
#2869=CARTESIAN_POINT('',(-7.285E1,3.034152906029E1,-2.421799961267E1));
#2870=LINE('',#2869,#2868);
#2871=DIRECTION('',(0.E0,5.446439836239E-1,-8.386673542605E-1));
#2872=VECTOR('',#2871,3.740678794306E-1);
#2873=CARTESIAN_POINT('',(-7.285E1,3.013779524029E1,-2.390428109392E1));
#2874=LINE('',#2873,#2872);
#2875=DIRECTION('',(0.E0,5.817513991754E-1,8.133666513679E-1));
#2876=VECTOR('',#2875,3.946361611736E-1);
#2877=CARTESIAN_POINT('',(-7.285E1,2.990821510136E1,-2.422526498684E1));
#2878=LINE('',#2877,#2876);
#2879=DIRECTION('',(0.E0,5.817513991754E-1,-8.133666513679E-1));
#2880=VECTOR('',#2879,3.946361611736E-1);
#2881=CARTESIAN_POINT('',(-7.285E1,2.967863496243E1,-2.390428109392E1));
#2882=LINE('',#2881,#2880);
#2883=DIRECTION('',(0.E0,5.446439836239E-1,8.386673542605E-1));
#2884=VECTOR('',#2883,3.740678794306E-1);
#2885=CARTESIAN_POINT('',(-7.285E1,2.947490114244E1,-2.421799961267E1));
#2886=LINE('',#2885,#2884);
#2887=DIRECTION('',(0.E0,5.352047121253E-1,-8.447223899713E-1));
#2888=VECTOR('',#2887,3.891121651838E-1);
#2889=CARTESIAN_POINT('',(-7.285E1,2.926664647808E1,-2.388930785453E1));
#2890=LINE('',#2889,#2888);
#2891=DIRECTION('',(0.E0,7.497346775254E-1,6.617385535964E-1));
#2892=VECTOR('',#2891,4.514596101364E-1);
#2893=CARTESIAN_POINT('',(-7.285E1,2.892817155286E1,-2.418805608395E1));
#2894=LINE('',#2893,#2892);
#2895=DIRECTION('',(0.E0,4.805918416900E-1,-8.769444005757E-1));
#2896=VECTOR('',#2895,4.441069488512E-1);
#2897=CARTESIAN_POINT('',(-7.285E1,2.871473737641E1,-2.379859898190E1));
#2898=LINE('',#2897,#2896);
#2899=DIRECTION('',(0.E0,4.768745345321E-1,8.789713751396E-1));
#2900=VECTOR('',#2899,7.001112281389E-2);
#2901=CARTESIAN_POINT('',(-7.285E1,2.868135085480E1,-2.386013675479E1));
#2902=LINE('',#2901,#2900);
#2903=CARTESIAN_POINT('',(-7.285E1,2.990821510136E1,-1.13E1));
#2904=DIRECTION('',(-1.E0,0.E0,0.E0));
#2905=DIRECTION('',(0.E0,9.907492163658E-1,-1.357055277819E-1));
#2906=AXIS2_PLACEMENT_3D('',#2903,#2904,#2905);
#2908=DIRECTION('',(0.E0,9.961946980917E-1,8.715574274766E-2));
#2909=VECTOR('',#2908,1.527062755877E0);
#2910=CARTESIAN_POINT('',(-7.285E1,3.511877932958E1,-1.235516685088E1));
#2911=LINE('',#2910,#2909);
#2912=CARTESIAN_POINT('',(-7.285E1,2.990821510136E1,-1.13E1));
#2913=DIRECTION('',(-1.E0,0.E0,0.E0));
#2914=DIRECTION('',(0.E0,9.801056304834E-1,-1.984765807211E-1));
#2915=AXIS2_PLACEMENT_3D('',#2912,#2913,#2914);
#2917=DIRECTION('',(0.E0,0.E0,-1.E0));
#2918=VECTOR('',#2917,1.483485793651E0);
#2919=CARTESIAN_POINT('',(-7.285E1,3.040821510136E1,-1.659276455736E1));
#2920=LINE('',#2919,#2918);
#2921=CARTESIAN_POINT('',(-7.285E1,2.469765087314E1,-1.235516685088E1));
#2922=CARTESIAN_POINT('',(-7.368333288345E1,2.468555225780E1,
-1.236870980168E1));
#2923=CARTESIAN_POINT('',(-7.451666622105E1,2.467348827645E1,
-1.238225579051E1));
#2924=CARTESIAN_POINT('',(-7.535E1,2.466145827508E1,-1.239580475995E1));
#2926=CARTESIAN_POINT('',(-7.535E1,3.045185276368E1,-1.802911018967E1));
#2927=CARTESIAN_POINT('',(-7.451666770562E1,3.043730689438E1,
-1.804487859646E1));
#2928=CARTESIAN_POINT('',(-7.368333436147E1,3.042276100675E1,
-1.806059160103E1));
#2929=CARTESIAN_POINT('',(-7.285E1,3.040821510136E1,-1.807625035101E1));
#2931=CARTESIAN_POINT('',(-7.535E1,3.045185276368E1,-1.663232626142E1));
#2932=CARTESIAN_POINT('',(-7.451666589439E1,3.043730686276E1,
-1.661918793405E1));
#2933=CARTESIAN_POINT('',(-7.368333255239E1,3.042276097517E1,
-1.660600106480E1));
#2934=CARTESIAN_POINT('',(-7.285E1,3.040821510136E1,-1.659276455736E1));
#2936=DIRECTION('',(0.E0,0.E0,1.E0));
#2937=VECTOR('',#2936,1.396783928249E0);
#2938=CARTESIAN_POINT('',(-7.535E1,3.045185276368E1,-1.802911018967E1));
#2939=LINE('',#2938,#2937);
#2940=CARTESIAN_POINT('',(-7.535E1,2.990821510136E1,-1.13E1));
#2941=DIRECTION('',(1.E0,0.E0,0.E0));
#2942=DIRECTION('',(0.E0,1.014255631696E-1,-9.948431309185E-1));
#2943=AXIS2_PLACEMENT_3D('',#2940,#2941,#2942);
#2945=DIRECTION('',(0.E0,9.961946980917E-1,8.715574274766E-2));
#2946=VECTOR('',#2945,1.439658954443E0);
#2947=CARTESIAN_POINT('',(-7.535E1,3.515497192765E1,-1.239580475995E1));
#2948=LINE('',#2947,#2946);
#2949=CARTESIAN_POINT('',(-7.535E1,2.990821510136E1,-1.13E1));
#2950=DIRECTION('',(-1.E0,0.E0,0.E0));
#2951=DIRECTION('',(0.E0,9.896168527479E-1,-1.437305978466E-1));
#2952=AXIS2_PLACEMENT_3D('',#2949,#2950,#2951);
#2954=DIRECTION('',(0.E0,0.E0,1.E0));
#2955=VECTOR('',#2954,1.396783928249E0);
#2956=CARTESIAN_POINT('',(-7.535E1,2.936457743904E1,-1.802911018967E1));
#2957=LINE('',#2956,#2955);
#2958=CARTESIAN_POINT('',(-7.535E1,2.990821510136E1,-1.13E1));
#2959=DIRECTION('',(-1.E0,0.E0,0.E0));
#2960=DIRECTION('',(0.E0,-8.052657234851E-2,-9.967524623224E-1));
#2961=AXIS2_PLACEMENT_3D('',#2958,#2959,#2960);
#2963=DIRECTION('',(0.E0,9.961946980917E-1,-8.715574274766E-2));
#2964=VECTOR('',#2963,1.439658954443E0);
#2965=CARTESIAN_POINT('',(-7.535E1,2.322727765760E1,-1.227033021447E1));
#2966=LINE('',#2965,#2964);
#2967=CARTESIAN_POINT('',(-7.535E1,2.990821510136E1,-1.13E1));
#2968=DIRECTION('',(1.E0,0.E0,0.E0));
#2969=DIRECTION('',(0.E0,-9.788785855055E-1,-2.044424487202E-1));
#2970=AXIS2_PLACEMENT_3D('',#2967,#2968,#2969);
#2972=CARTESIAN_POINT('',(-7.285E1,3.511877932958E1,-1.235516685088E1));
#2973=CARTESIAN_POINT('',(-7.368333288345E1,3.513087794493E1,
-1.236870980168E1));
#2974=CARTESIAN_POINT('',(-7.451666622105E1,3.514294192627E1,
-1.238225579051E1));
#2975=CARTESIAN_POINT('',(-7.535E1,3.515497192765E1,-1.239580475995E1));
#2977=CARTESIAN_POINT('',(-7.285E1,3.664003115064E1,-1.222207456217E1));
#2978=CARTESIAN_POINT('',(-7.368333499263E1,3.662314708251E1,
-1.223815320616E1));
#2979=CARTESIAN_POINT('',(-7.451666834679E1,3.660618817731E1,
-1.225423836885E1));
#2980=CARTESIAN_POINT('',(-7.535E1,3.658915254512E1,-1.227033021447E1));
#2982=CARTESIAN_POINT('',(-7.535E1,2.936457743904E1,-1.663232626142E1));
#2983=CARTESIAN_POINT('',(-7.451666589439E1,2.937912333996E1,
-1.661918793405E1));
#2984=CARTESIAN_POINT('',(-7.368333255239E1,2.939366922755E1,
-1.660600106480E1));
#2985=CARTESIAN_POINT('',(-7.285E1,2.940821510136E1,-1.659276455736E1));
#2987=CARTESIAN_POINT('',(-7.535E1,2.936457743904E1,-1.802911018967E1));
#2988=CARTESIAN_POINT('',(-7.451666770562E1,2.937912330835E1,
-1.804487859646E1));
#2989=CARTESIAN_POINT('',(-7.368333436147E1,2.939366919598E1,
-1.806059160103E1));
#2990=CARTESIAN_POINT('',(-7.285E1,2.940821510136E1,-1.807625035101E1));
#2992=CARTESIAN_POINT('',(-7.285E1,2.317639905208E1,-1.222207456217E1));
#2993=CARTESIAN_POINT('',(-7.368333499263E1,2.319328312022E1,
-1.223815320616E1));
#2994=CARTESIAN_POINT('',(-7.451666834679E1,2.321024202542E1,
-1.225423836885E1));
#2995=CARTESIAN_POINT('',(-7.535E1,2.322727765760E1,-1.227033021447E1));
#2997=DIRECTION('',(-9.998476951564E-1,0.E0,1.745240643728E-2));
#2998=VECTOR('',#2997,3.800578846567E0);
#2999=CARTESIAN_POINT('',(-7.285E1,2.990821510136E1,-1.561632924673E1));
#3000=LINE('',#2999,#2998);
#3001=DIRECTION('',(0.E0,9.961946980917E-1,8.715574274766E-2));
#3002=VECTOR('',#3001,1.943989880520E0);
#3003=CARTESIAN_POINT('',(-7.315523572193E1,3.563148887696E1,
-1.080462668747E1));
#3004=LINE('',#3003,#3002);
#3005=CARTESIAN_POINT('',(-7.315E1,3.759422400367E1,-1.093400969966E1));
#3006=DIRECTION('',(0.E0,-9.961946980917E-1,-8.715574274766E-2));
#3007=DIRECTION('',(1.E0,0.E0,0.E0));
#3008=AXIS2_PLACEMENT_3D('',#3005,#3006,#3007);
#3010=DIRECTION('',(0.E0,9.961946980917E-1,8.715574274766E-2));
#3011=VECTOR('',#3010,2.252543319291E0);
#3012=CARTESIAN_POINT('',(-7.285E1,3.535025229177E1,-1.113033178572E1));
#3013=LINE('',#3012,#3011);
#3014=CARTESIAN_POINT('',(-7.285E1,3.535025229177E1,-1.113033178572E1));
#3015=CARTESIAN_POINT('',(-7.285E1,3.536773767325E1,-1.111064245088E1));
#3016=CARTESIAN_POINT('',(-7.285323141062E1,3.540311679825E1,
-1.107065061955E1));
#3017=CARTESIAN_POINT('',(-7.286928942453E1,3.545680228584E1,
-1.100919664891E1));
#3018=CARTESIAN_POINT('',(-7.289759764468E1,3.550828858926E1,
-1.094965594483E1));
#3019=CARTESIAN_POINT('',(-7.293911526804E1,3.555539374476E1,
-1.089463268755E1));
#3020=CARTESIAN_POINT('',(-7.299497701767E1,3.559535263914E1,
-1.084754802967E1));
#3021=CARTESIAN_POINT('',(-7.306645349036E1,3.562431756859E1,
-1.081317450753E1));
#3022=CARTESIAN_POINT('',(-7.312465555797E1,3.563197459603E1,
-1.080404837487E1));
#3023=CARTESIAN_POINT('',(-7.315523572193E1,3.563148887696E1,
-1.080462668747E1));
#3025=DIRECTION('',(0.E0,-9.961946980917E-1,-8.715574274766E-2));
#3026=VECTOR('',#3025,1.941931913659E0);
#3027=CARTESIAN_POINT('',(-7.620523572193E1,3.751733805823E1,
-1.069307757134E1));
#3028=LINE('',#3027,#3026);
#3029=CARTESIAN_POINT('',(-7.65E1,3.529849165265E1,-1.118830156321E1));
#3030=CARTESIAN_POINT('',(-7.65E1,3.531589190759E1,-1.116891303387E1));
#3031=CARTESIAN_POINT('',(-7.649686942159E1,3.535107529040E1,
-1.112957258983E1));
#3032=CARTESIAN_POINT('',(-7.648141018921E1,3.540432283141E1,
-1.106925006022E1));
#3033=CARTESIAN_POINT('',(-7.645421642960E1,3.545549080933E1,
-1.101069736071E1));
#3034=CARTESIAN_POINT('',(-7.641434464898E1,3.550255540530E1,
-1.095629386573E1));
#3035=CARTESIAN_POINT('',(-7.636063166130E1,3.554295795520E1,
-1.090917832617E1));
#3036=CARTESIAN_POINT('',(-7.629170562107E1,3.557311316314E1,
-1.087375524992E1));
#3037=CARTESIAN_POINT('',(-7.623517507045E1,3.558231533919E1,
-1.086289471241E1));
#3038=CARTESIAN_POINT('',(-7.620523572193E1,3.558279578179E1,
-1.086232808964E1));
#3040=DIRECTION('',(0.E0,-9.961946980917E-1,-8.715574274766E-2));
#3041=VECTOR('',#3040,2.253564659460E0);
#3042=CARTESIAN_POINT('',(-7.65E1,3.754348081821E1,-1.099189046148E1));
#3043=LINE('',#3042,#3041);
#3044=CARTESIAN_POINT('',(-7.62E1,3.754348081821E1,-1.099189046148E1));
#3045=DIRECTION('',(0.E0,9.961946980917E-1,8.715574274766E-2));
#3046=DIRECTION('',(-1.E0,0.E0,0.E0));
#3047=AXIS2_PLACEMENT_3D('',#3044,#3045,#3046);
#3049=CARTESIAN_POINT('',(-7.62E1,3.754348081821E1,-1.099189046148E1));
#3050=DIRECTION('',(0.E0,-4.032066369472E-2,9.991867913855E-1));
#3051=DIRECTION('',(-1.745240643719E-2,9.990346103975E-1,4.031452266235E-2));
#3052=AXIS2_PLACEMENT_3D('',#3049,#3050,#3051);
#3054=CARTESIAN_POINT('',(-7.65E1,2.990821510136E1,-1.13E1));
#3055=DIRECTION('',(-1.E0,0.E0,0.E0));
#3056=DIRECTION('',(0.E0,9.991867913855E-1,4.032066369472E-2));
#3057=AXIS2_PLACEMENT_3D('',#3054,#3055,#3056);
#3059=CARTESIAN_POINT('',(-7.620523572193E1,3.159964924399E1,
-1.905921560358E1));
#3060=CARTESIAN_POINT('',(-7.623691483521E1,3.159909628301E1,
-1.905877019694E1));
#3061=CARTESIAN_POINT('',(-7.629755777771E1,3.158790589261E1,
-1.904976181252E1));
#3062=CARTESIAN_POINT('',(-7.637283365648E1,3.154933505097E1,
-1.901860952463E1));
#3063=CARTESIAN_POINT('',(-7.643099080364E1,3.149610868448E1,
-1.897542009777E1));
#3064=CARTESIAN_POINT('',(-7.647162036810E1,3.143377327120E1,
-1.892445933862E1));
#3065=CARTESIAN_POINT('',(-7.649514463739E1,3.136663445544E1,
-1.886940230034E1));
#3066=CARTESIAN_POINT('',(-7.65E1,3.132185293696E1,-1.883185764357E1));
#3067=CARTESIAN_POINT('',(-7.65E1,3.129969493544E1,-1.881342636085E1));
#3069=CARTESIAN_POINT('',(-7.620523572193E1,2.990821510136E1,-1.13E1));
#3070=DIRECTION('',(-1.E0,0.E0,0.E0));
#3071=DIRECTION('',(0.E0,9.991867918279E-1,4.032065273051E-2));
#3072=AXIS2_PLACEMENT_3D('',#3069,#3070,#3071);
#3074=DIRECTION('',(0.E0,0.E0,1.E0));
#3075=VECTOR('',#3074,9.750593762869E-1);
#3076=CARTESIAN_POINT('',(-7.620523572193E1,3.159964924399E1,
-2.003427497986E1));
#3077=LINE('',#3076,#3075);
#3078=DIRECTION('',(0.E0,0.E0,1.E0));
#3079=VECTOR('',#3078,1.220848619017E0);
#3080=CARTESIAN_POINT('',(-7.65E1,3.129969493544E1,-2.003427497986E1));
#3081=LINE('',#3080,#3079);
#3082=CARTESIAN_POINT('',(-7.62E1,3.129969493544E1,-2.003427497976E1));
#3083=DIRECTION('',(0.E0,0.E0,-1.E0));
#3084=DIRECTION('',(-1.E0,0.E0,0.E0));
#3085=AXIS2_PLACEMENT_3D('',#3082,#3083,#3084);
#3087=CARTESIAN_POINT('',(-7.620523572193E1,3.159964924399E1,
-1.905921560358E1));
#3088=CARTESIAN_POINT('',(-7.518856960655E1,3.161739521704E1,
-1.907350987471E1));
#3089=CARTESIAN_POINT('',(-7.417190293536E1,3.163514119980E1,
-1.908776465510E1));
#3090=CARTESIAN_POINT('',(-7.315523572193E1,3.165288719202E1,
-1.910198059041E1));
#3092=CARTESIAN_POINT('',(-7.394234201215E1,3.134265617026E1,
-2.404796789794E1));
#3093=CARTESIAN_POINT('',(-7.418958572494E1,3.133842801615E1,
-2.381929487468E1));
#3094=CARTESIAN_POINT('',(-7.466872753636E1,3.133023703985E1,
-2.334478224059E1));
#3095=CARTESIAN_POINT('',(-7.533713531757E1,3.131880546146E1,
-2.258558110184E1));
#3096=CARTESIAN_POINT('',(-7.574713043643E1,3.131179437547E1,
-2.205019865376E1));
#3097=CARTESIAN_POINT('',(-7.594274769664E1,3.130844911686E1,
-2.177582049472E1));
#3099=CARTESIAN_POINT('',(-7.373849946828E1,3.134266058704E1,
-2.382785626052E1));
#3100=DIRECTION('',(7.340913717825E-1,1.281361255770E-2,-6.789297969655E-1));
#3101=DIRECTION('',(-6.789855395916E-1,-5.606317188267E-8,-7.341516444343E-1));
#3102=AXIS2_PLACEMENT_3D('',#3099,#3100,#3101);
#3104=CARTESIAN_POINT('',(-7.374372826163E1,3.164261501653E1,
-2.382785564461E1));
#3105=CARTESIAN_POINT('',(-7.398636620922E1,3.163837975540E1,
-2.360344673594E1));
#3106=CARTESIAN_POINT('',(-7.445506681468E1,3.163019855590E1,
-2.313929072134E1));
#3107=CARTESIAN_POINT('',(-7.511052056347E1,3.161875756816E1,
-2.239482649164E1));
#3108=CARTESIAN_POINT('',(-7.551174139290E1,3.161175423253E1,
-2.187092435403E1));
#3109=CARTESIAN_POINT('',(-7.570370900437E1,3.160840342540E1,
-2.160166619663E1));
#3111=CARTESIAN_POINT('',(-7.373471750446E1,2.851497189689E1,
-2.413442177235E1));
#3112=CARTESIAN_POINT('',(-7.373618609917E1,2.850242712543E1,
-2.413303418940E1));
#3113=CARTESIAN_POINT('',(-7.373913021098E1,2.847731659734E1,
-2.413021937548E1));
#3114=CARTESIAN_POINT('',(-7.374221830263E1,2.845221090721E1,
-2.412732780778E1));
#3115=CARTESIAN_POINT('',(-7.374376663742E1,2.843964821067E1,
-2.412586222733E1));
#3117=CARTESIAN_POINT('',(-7.393235612811E1,2.855294557854E1,
-2.405719515340E1));
#3118=CARTESIAN_POINT('',(-7.391472648203E1,2.854446583161E1,
-2.407347025488E1));
#3119=CARTESIAN_POINT('',(-7.387624093147E1,2.853039438945E1,
-2.410081480305E1));
#3120=CARTESIAN_POINT('',(-7.380780113638E1,2.851731822349E1,
-2.412742200360E1));
#3121=CARTESIAN_POINT('',(-7.375975712473E1,2.851472772787E1,
-2.413395529615E1));
#3122=CARTESIAN_POINT('',(-7.373471750446E1,2.851497189689E1,
-2.413442177235E1));
#3124=CARTESIAN_POINT('',(-7.393235612811E1,2.855294557854E1,
-2.405719515340E1));
#3125=CARTESIAN_POINT('',(-7.393396483715E1,2.853974254679E1,
-2.405571001917E1));
#3126=CARTESIAN_POINT('',(-7.393707589886E1,2.851334466302E1,
-2.405283675032E1));
#3127=CARTESIAN_POINT('',(-7.394059577443E1,2.848698368173E1,
-2.404958300425E1));
#3128=CARTESIAN_POINT('',(-7.394229721585E1,2.847377327710E1,-2.404800933E1));
#3130=CARTESIAN_POINT('',(-7.373851394942E1,2.847377134783E1,
-2.382784951773E1));
#3131=DIRECTION('',(1.243714552815E-1,9.855456137875E-1,-1.150286236355E-1));
#3132=DIRECTION('',(-1.741370425912E-2,-1.137428731963E-1,-9.933576001124E-1));
#3133=AXIS2_PLACEMENT_3D('',#3130,#3131,#3132);
#3135=CARTESIAN_POINT('',(-7.315523572193E1,2.816354301071E1,
-2.383701541909E1));
#3136=CARTESIAN_POINT('',(-7.325330284046E1,2.816525477863E1,
-2.383548958065E1));
#3137=CARTESIAN_POINT('',(-7.344944544772E1,2.816867846057E1,
-2.383243721647E1));
#3138=CARTESIAN_POINT('',(-7.364563450933E1,2.817210295338E1,
-2.382938301338E1));
#3139=CARTESIAN_POINT('',(-7.374372827289E1,2.817381518639E1,
-2.382785564442E1));
#3141=DIRECTION('',(-9.997208166627E-1,1.781776932302E-2,1.551824177149E-2));
#3142=VECTOR('',#3141,5.886952693956E-1);
#3143=CARTESIAN_POINT('',(-7.315523572193E1,2.842915897416E1,
-2.413499774285E1));
#3144=LINE('',#3143,#3142);
#3145=CARTESIAN_POINT('',(-7.373850098836E1,2.847376964222E1,
-2.382785551307E1));
#3146=DIRECTION('',(-9.997265523183E-1,1.745029188119E-2,1.556624241620E-2));
#3147=DIRECTION('',(-1.745240640844E-2,-1.137398807828E-1,-9.933572635412E-1));
#3148=AXIS2_PLACEMENT_3D('',#3145,#3146,#3147);
#3150=CARTESIAN_POINT('',(-7.374372827289E1,2.817381518639E1,
-2.382785564442E1));
#3151=CARTESIAN_POINT('',(-7.398637189760E1,2.817805054662E1,
-2.360344142487E1));
#3152=CARTESIAN_POINT('',(-7.445507981043E1,2.818623187367E1,
-2.313927768364E1));
#3153=CARTESIAN_POINT('',(-7.511054760008E1,2.819767310649E1,
-2.239479408987E1));
#3154=CARTESIAN_POINT('',(-7.551175168117E1,2.820467614979E1,
-2.187090939167E1));
#3155=CARTESIAN_POINT('',(-7.570370900437E1,2.820802677733E1,
-2.160166619663E1));
#3157=CARTESIAN_POINT('',(-7.373850145317E1,2.847376965033E1,
-2.382785442219E1));
#3158=DIRECTION('',(7.340912450200E-1,-1.281361034509E-2,-6.789299340690E-1));
#3159=DIRECTION('',(-1.745572102621E-2,-9.998476372881E-1,-3.584982870564E-6));
#3160=AXIS2_PLACEMENT_3D('',#3157,#3158,#3159);
#3162=CARTESIAN_POINT('',(-7.394229721585E1,2.847377327710E1,-2.404800933E1));
#3163=CARTESIAN_POINT('',(-7.418958665430E1,2.847800219640E1,
-2.381929587798E1));
#3164=CARTESIAN_POINT('',(-7.466872705182E1,2.848619315687E1,
-2.334478173214E1));
#3165=CARTESIAN_POINT('',(-7.533713562911E1,2.849762474733E1,
-2.258558136619E1));
#3166=CARTESIAN_POINT('',(-7.574713003855E1,2.850463582262E1,
-2.205019836860E1));
#3167=CARTESIAN_POINT('',(-7.594274742642E1,2.850798108587E1,
-2.177582030210E1));
#3169=CARTESIAN_POINT('',(-7.620523572193E1,2.821678095874E1,
-1.905921560358E1));
#3170=CARTESIAN_POINT('',(-7.518856960655E1,2.819903498568E1,
-1.907350987471E1));
#3171=CARTESIAN_POINT('',(-7.417190293536E1,2.818128900293E1,
-1.908776465510E1));
#3172=CARTESIAN_POINT('',(-7.315523572193E1,2.816354301071E1,
-1.910198059041E1));
#3174=CARTESIAN_POINT('',(-7.570370900437E1,2.820802677733E1,
-2.160166619663E1));
#3175=CARTESIAN_POINT('',(-7.578495450584E1,2.820944492283E1,
-2.148769117829E1));
#3176=CARTESIAN_POINT('',(-7.592802915316E1,2.821194230008E1,
-2.125005883413E1));
#3177=CARTESIAN_POINT('',(-7.608723170917E1,2.821472119103E1,
-2.086049099071E1));
#3178=CARTESIAN_POINT('',(-7.618375564766E1,2.821640602265E1,
-2.045091188759E1));
#3179=CARTESIAN_POINT('',(-7.620522642976E1,2.821678079654E1,
-2.017429152548E1));
#3180=CARTESIAN_POINT('',(-7.620523572193E1,2.821678095874E1,
-2.003427497986E1));
#3182=CARTESIAN_POINT('',(-7.569847073662E1,2.850798104143E1,
-2.160166438307E1));
#3183=DIRECTION('',(5.804854566707E-1,-1.013241133608E-2,-8.142075710986E-1));
#3184=DIRECTION('',(-1.746088931834E-2,-9.998475470329E-1,-6.049673449600E-6));
#3185=AXIS2_PLACEMENT_3D('',#3182,#3183,#3184);
#3187=CARTESIAN_POINT('',(-7.594274742642E1,2.850798108587E1,
-2.177582030210E1));
#3188=CARTESIAN_POINT('',(-7.603244171267E1,2.850939004348E1,
-2.165000292153E1));
#3189=CARTESIAN_POINT('',(-7.619254628016E1,2.851190537719E1,
-2.138426738419E1));
#3190=CARTESIAN_POINT('',(-7.636879594926E1,2.851467407428E1,
-2.095217080131E1));
#3191=CARTESIAN_POINT('',(-7.647610244070E1,2.851635990979E1,
-2.049804400069E1));
#3192=CARTESIAN_POINT('',(-7.649999511277E1,2.851673509563E1,
-2.018876455132E1));
#3193=CARTESIAN_POINT('',(-7.65E1,2.851673526729E1,-2.003427497986E1));
#3195=DIRECTION('',(-9.649399244935E-8,1.E0,-6.878290395429E-8));
#3196=VECTOR('',#3195,2.800468030992E0);
#3197=CARTESIAN_POINT('',(-7.594274742642E1,2.850798108587E1,
-2.177582030210E1));
#3198=LINE('',#3197,#3196);
#3199=DIRECTION('',(0.E0,1.E0,0.E0));
#3200=VECTOR('',#3199,2.782959668155E0);
#3201=CARTESIAN_POINT('',(-7.65E1,2.851673526729E1,-2.003427497986E1));
#3202=LINE('',#3201,#3200);
#3203=CARTESIAN_POINT('',(-7.594274769664E1,3.130844911686E1,
-2.177582049472E1));
#3204=CARTESIAN_POINT('',(-7.603245851078E1,3.130703989655E1,
-2.164998110329E1));
#3205=CARTESIAN_POINT('',(-7.619256915580E1,3.130452446771E1,
-2.138421660688E1));
#3206=CARTESIAN_POINT('',(-7.636877880491E1,3.130175639639E1,
-2.095220546564E1));
#3207=CARTESIAN_POINT('',(-7.647608594162E1,3.130007054881E1,
-2.049815051865E1));
#3208=CARTESIAN_POINT('',(-7.649999515325E1,3.129969510596E1,
-2.018881285123E1));
#3209=CARTESIAN_POINT('',(-7.65E1,3.129969493544E1,-2.003427497986E1));
#3211=CARTESIAN_POINT('',(-7.569847175290E1,3.130844914356E1,
-2.160166510771E1));
#3212=DIRECTION('',(5.804854568392E-1,1.013241133902E-2,-8.142075709785E-1));
#3213=DIRECTION('',(-8.142493692925E-1,-8.904542880828E-8,-5.805152578587E-1));
#3214=AXIS2_PLACEMENT_3D('',#3211,#3212,#3213);
#3216=CARTESIAN_POINT('',(-7.570370900437E1,3.160840342540E1,
-2.160166619663E1));
#3217=CARTESIAN_POINT('',(-7.578500992914E1,3.160698431248E1,
-2.148761545165E1));
#3218=CARTESIAN_POINT('',(-7.592812459264E1,3.160448623674E1,
-2.124986478846E1));
#3219=CARTESIAN_POINT('',(-7.608724211249E1,3.160170883010E1,
-2.086042825928E1));
#3220=CARTESIAN_POINT('',(-7.618374707091E1,3.160002432979E1,
-2.045095567581E1));
#3221=CARTESIAN_POINT('',(-7.620522652433E1,3.159964940453E1,
-2.017431697156E1));
#3222=CARTESIAN_POINT('',(-7.620523572193E1,3.159964924399E1,
-2.003427497986E1));
#3224=DIRECTION('',(0.E0,0.E0,1.E0));
#3225=VECTOR('',#3224,1.220849595648E0);
#3226=CARTESIAN_POINT('',(-7.65E1,2.851673526729E1,-2.003427497986E1));
#3227=LINE('',#3226,#3225);
#3228=DIRECTION('',(0.E0,0.E0,1.E0));
#3229=VECTOR('',#3228,9.750593762870E-1);
#3230=CARTESIAN_POINT('',(-7.620523572193E1,2.821678095874E1,
-2.003427497986E1));
#3231=LINE('',#3230,#3229);
#3232=CARTESIAN_POINT('',(-7.62E1,2.851673526729E1,-2.003427497977E1));
#3233=DIRECTION('',(0.E0,0.E0,-1.E0));
#3234=DIRECTION('',(-1.745240643719E-2,-9.998476951564E-1,0.E0));
#3235=AXIS2_PLACEMENT_3D('',#3232,#3233,#3234);
#3237=DIRECTION('',(0.E0,0.E0,1.E0));
#3238=VECTOR('',#3237,4.735034828680E0);
#3239=CARTESIAN_POINT('',(-7.315523572193E1,2.816354301071E1,
-2.383701541909E1));
#3240=LINE('',#3239,#3238);
#3241=CARTESIAN_POINT('',(-7.285E1,2.846349731925E1,-1.885757410045E1));
#3242=CARTESIAN_POINT('',(-7.285E1,2.844094570097E1,-1.887622320712E1));
#3243=CARTESIAN_POINT('',(-7.285502557454E1,2.839533374375E1,
-1.891424404875E1));
#3244=CARTESIAN_POINT('',(-7.287949488924E1,2.832689004859E1,
-1.897003743081E1));
#3245=CARTESIAN_POINT('',(-7.292181331381E1,2.826360107231E1,
-1.902146946917E1));
#3246=CARTESIAN_POINT('',(-7.298233391471E1,2.821014314429E1,
-1.906458754444E1));
#3247=CARTESIAN_POINT('',(-7.306040692179E1,2.817249040306E1,
-1.909481928536E1));
#3248=CARTESIAN_POINT('',(-7.312284954848E1,2.816297770795E1,
-1.910243344238E1));
#3249=CARTESIAN_POINT('',(-7.315523572193E1,2.816354301071E1,
-1.910198059041E1));
#3251=DIRECTION('',(0.E0,0.E0,1.E0));
#3252=VECTOR('',#3251,4.979411218601E0);
#3253=CARTESIAN_POINT('',(-7.285E1,2.846349731925E1,-2.383698531905E1));
#3254=LINE('',#3253,#3252);
#3255=CARTESIAN_POINT('',(-7.315E1,2.846349731925E1,-2.383701541909E1));
#3256=DIRECTION('',(0.E0,0.E0,-1.E0));
#3257=DIRECTION('',(1.E0,0.E0,0.E0));
#3258=AXIS2_PLACEMENT_3D('',#3255,#3256,#3257);
#3260=CARTESIAN_POINT('',(-7.314999999993E1,2.846349731925E1,
-2.383701541910E1));
#3261=DIRECTION('',(9.997267292425E-1,-1.745029496941E-2,-1.555487202193E-2));
#3262=DIRECTION('',(-1.745240643719E-2,-9.998476951564E-1,6.158037043254E-12));
#3263=AXIS2_PLACEMENT_3D('',#3260,#3261,#3262);
#3265=CARTESIAN_POINT('',(-7.285E1,2.990821510136E1,-1.13E1));
#3266=DIRECTION('',(-1.E0,0.E0,0.E0));
#3267=DIRECTION('',(0.E0,-9.721538491162E-2,-9.952633666204E-1));
#3268=AXIS2_PLACEMENT_3D('',#3265,#3266,#3267);
#3270=CARTESIAN_POINT('',(-7.315523572193E1,2.852062748594E1,
-2.414520823871E1));
#3271=CARTESIAN_POINT('',(-7.312987256278E1,2.852087506386E1,
-2.414568027416E1));
#3272=CARTESIAN_POINT('',(-7.308015935758E1,2.852448602186E1,
-2.414084424009E1));
#3273=CARTESIAN_POINT('',(-7.300438402251E1,2.854072848277E1,
-2.411367987321E1));
#3274=CARTESIAN_POINT('',(-7.294004038755E1,2.856641622776E1,
-2.406868759819E1));
#3275=CARTESIAN_POINT('',(-7.289018319975E1,2.859923600428E1,
-2.401001937076E1));
#3276=CARTESIAN_POINT('',(-7.285712347966E1,2.863958379378E1,
-2.393686073062E1));
#3277=CARTESIAN_POINT('',(-7.285E1,2.866710555041E1,-2.388639358732E1));
#3278=CARTESIAN_POINT('',(-7.285E1,2.868135085480E1,-2.386013675479E1));
#3280=CARTESIAN_POINT('',(-7.315523572193E1,2.990821510136E1,-1.13E1));
#3281=DIRECTION('',(-1.E0,0.E0,0.E0));
#3282=DIRECTION('',(0.E0,-1.073989452968E-1,-9.942160059812E-1));
#3283=AXIS2_PLACEMENT_3D('',#3280,#3281,#3282);
#3285=CARTESIAN_POINT('',(-7.315E1,2.846349731925E1,-2.383701541909E1));
#3286=DIRECTION('',(0.E0,9.934257160748E-1,-1.144785859505E-1));
#3287=DIRECTION('',(1.E0,0.E0,-2.368475785867E-14));
#3288=AXIS2_PLACEMENT_3D('',#3285,#3286,#3287);
#3290=CARTESIAN_POINT('',(-7.373471750446E1,2.851497189689E1,
-2.413442177235E1));
#3291=CARTESIAN_POINT('',(-7.354156279292E1,2.851685672963E1,
-2.413801771610E1));
#3292=CARTESIAN_POINT('',(-7.334839044849E1,2.851874204078E1,
-2.414161342321E1));
#3293=CARTESIAN_POINT('',(-7.315523572193E1,2.852062748594E1,
-2.414520823871E1));
#3295=CARTESIAN_POINT('',(-7.393235612811E1,2.855294557854E1,
-2.405719515340E1));
#3296=CARTESIAN_POINT('',(-7.396903181451E1,2.857058702994E1,
-2.402333612735E1));
#3297=CARTESIAN_POINT('',(-7.404196465077E1,2.860603911794E1,
-2.395532104254E1));
#3298=CARTESIAN_POINT('',(-7.415058500671E1,2.865996667240E1,
-2.385194657255E1));
#3299=CARTESIAN_POINT('',(-7.422230619437E1,2.869633392639E1,
-2.378228947616E1));
#3300=CARTESIAN_POINT('',(-7.425800756240E1,2.871462869488E1,
-2.374726192425E1));
#3302=CARTESIAN_POINT('',(-7.381829390362E1,2.893283474624E1,
-2.416139672245E1));
#3303=CARTESIAN_POINT('',(-7.396808783106E1,2.886160439885E1,
-2.402598094679E1));
#3304=CARTESIAN_POINT('',(-7.411464174815E1,2.878886096814E1,
-2.388792189829E1));
#3305=CARTESIAN_POINT('',(-7.425800756240E1,2.871462869488E1,
-2.374726192425E1));
#3307=DIRECTION('',(-9.993359646872E-1,-7.713691590820E-5,3.643657136089E-2));
#3308=VECTOR('',#3307,1.408943150403E0);
#3309=CARTESIAN_POINT('',(-7.285E1,2.871473737641E1,-2.379859898190E1));
#3310=LINE('',#3309,#3308);
#3311=CARTESIAN_POINT('',(-7.381829390362E1,2.893283474624E1,
-2.416139672245E1));
#3312=CARTESIAN_POINT('',(-7.393020553764E1,2.904450570339E1,
-2.406022706234E1));
#3313=CARTESIAN_POINT('',(-7.403984300013E1,2.915743133831E1,
-2.395800293207E1));
#3314=CARTESIAN_POINT('',(-7.414728916780E1,2.927156592729E1,
-2.385476275927E1));
#3316=DIRECTION('',(-9.996096184709E-1,4.814006295916E-3,2.752155525825E-2));
#3317=VECTOR('',#3316,9.686720552969E-1);
#3318=CARTESIAN_POINT('',(-7.285E1,2.892817155286E1,-2.418805608395E1));
#3319=LINE('',#3318,#3317);
#3320=CARTESIAN_POINT('',(-7.378918921259E1,2.947507139035E1,
-2.418763777898E1));
#3321=CARTESIAN_POINT('',(-7.391073082792E1,2.940833728318E1,
-2.407834630608E1));
#3322=CARTESIAN_POINT('',(-7.403008531960E1,2.934049597296E1,
-2.396737864686E1));
#3323=CARTESIAN_POINT('',(-7.414728916780E1,2.927156592729E1,
-2.385476275927E1));
#3325=DIRECTION('',(-9.996384629094E-1,3.790728207496E-3,2.661905054439E-2));
#3326=VECTOR('',#3325,1.297758355580E0);
#3327=CARTESIAN_POINT('',(-7.285E1,2.926664647808E1,-2.388930785453E1));
#3328=LINE('',#3327,#3326);
#3329=CARTESIAN_POINT('',(-7.378918921259E1,2.947507139035E1,
-2.418763777898E1));
#3330=CARTESIAN_POINT('',(-7.390727308804E1,2.954157016947E1,
-2.408145554142E1));
#3331=CARTESIAN_POINT('',(-7.402327953635E1,2.960913212731E1,
-2.397370275191E1));
#3332=CARTESIAN_POINT('',(-7.413724365722E1,2.967773930068E1,
-2.386440594613E1));
#3334=DIRECTION('',(-9.994778524920E-1,1.811765048109E-4,3.231082718002E-2));
#3335=VECTOR('',#3334,9.396798640885E-1);
#3336=CARTESIAN_POINT('',(-7.285E1,2.947490114244E1,-2.421799961267E1));
#3337=LINE('',#3336,#3335);
#3338=CARTESIAN_POINT('',(-7.377830895638E1,2.990821510136E1,
-2.419741169223E1));
#3339=CARTESIAN_POINT('',(-7.390021042529E1,2.983258599276E1,
-2.408801446009E1));
#3340=CARTESIAN_POINT('',(-7.401983986718E1,2.975575253170E1,
-2.397700155200E1));
#3341=CARTESIAN_POINT('',(-7.413724365722E1,2.967773930068E1,
-2.386440594613E1));
#3343=DIRECTION('',(-9.995203112034E-1,-6.954643843224E-4,3.096229676814E-2));
#3344=VECTOR('',#3343,1.287861429920E0);
#3345=CARTESIAN_POINT('',(-7.285E1,2.967863496243E1,-2.390428109392E1));
#3346=LINE('',#3345,#3344);
#3347=CARTESIAN_POINT('',(-7.377830895638E1,2.990821510136E1,
-2.419741169223E1));
#3348=CARTESIAN_POINT('',(-7.390021042529E1,2.998384420997E1,
-2.408801446009E1));
#3349=CARTESIAN_POINT('',(-7.401983986718E1,3.006067767102E1,
-2.397700155200E1));
#3350=CARTESIAN_POINT('',(-7.413724365722E1,3.013869090205E1,
-2.386440594613E1));
#3352=DIRECTION('',(-9.995501735837E-1,0.E0,2.999084007989E-2));
#3353=VECTOR('',#3352,9.287267221908E-1);
#3354=CARTESIAN_POINT('',(-7.285E1,2.990821510136E1,-2.422526498684E1));
#3355=LINE('',#3354,#3353);
#3356=CARTESIAN_POINT('',(-7.378918921259E1,3.034135881238E1,
-2.418763777898E1));
#3357=CARTESIAN_POINT('',(-7.390727308804E1,3.027486003326E1,
-2.408145554142E1));
#3358=CARTESIAN_POINT('',(-7.402327953635E1,3.020729807541E1,
-2.397370275191E1));
#3359=CARTESIAN_POINT('',(-7.413724365722E1,3.013869090205E1,
-2.386440594613E1));
#3361=DIRECTION('',(-9.995203112034E-1,6.954643843252E-4,3.096229676814E-2));
#3362=VECTOR('',#3361,1.287861429920E0);
#3363=CARTESIAN_POINT('',(-7.285E1,3.013779524029E1,-2.390428109392E1));
#3364=LINE('',#3363,#3362);
#3365=CARTESIAN_POINT('',(-7.378918921259E1,3.034135881238E1,
-2.418763777898E1));
#3366=CARTESIAN_POINT('',(-7.391073082792E1,3.040809291955E1,
-2.407834630608E1));
#3367=CARTESIAN_POINT('',(-7.403008531960E1,3.047593422977E1,
-2.396737864686E1));
#3368=CARTESIAN_POINT('',(-7.414728916780E1,3.054486427544E1,
-2.385476275927E1));
#3370=DIRECTION('',(-9.994778524920E-1,-1.811765048109E-4,3.231082718002E-2));
#3371=VECTOR('',#3370,9.396798640885E-1);
#3372=CARTESIAN_POINT('',(-7.285E1,3.034152906029E1,-2.421799961267E1));
#3373=LINE('',#3372,#3371);
#3374=CARTESIAN_POINT('',(-7.381829390362E1,3.088359545649E1,
-2.416139672245E1));
#3375=CARTESIAN_POINT('',(-7.393020553764E1,3.077192449934E1,
-2.406022706234E1));
#3376=CARTESIAN_POINT('',(-7.403984300013E1,3.065899886442E1,
-2.395800293207E1));
#3377=CARTESIAN_POINT('',(-7.414728916780E1,3.054486427544E1,
-2.385476275927E1));
#3379=DIRECTION('',(-9.996384629094E-1,-3.790728207493E-3,2.661905054439E-2));
#3380=VECTOR('',#3379,1.297758355580E0);
#3381=CARTESIAN_POINT('',(-7.285E1,3.054978372464E1,-2.388930785453E1));
#3382=LINE('',#3381,#3380);
#3383=CARTESIAN_POINT('',(-7.381829390362E1,3.088359545649E1,
-2.416139672245E1));
#3384=CARTESIAN_POINT('',(-7.396808783106E1,3.095482580388E1,
-2.402598094679E1));
#3385=CARTESIAN_POINT('',(-7.411464174815E1,3.102756923459E1,
-2.388792189829E1));
#3386=CARTESIAN_POINT('',(-7.425800756240E1,3.110180150785E1,
-2.374726192425E1));
#3388=DIRECTION('',(-9.996096184709E-1,-4.814006295916E-3,2.752155525825E-2));
#3389=VECTOR('',#3388,9.686720552969E-1);
#3390=CARTESIAN_POINT('',(-7.285E1,3.088825864986E1,-2.418805608395E1));
#3391=LINE('',#3390,#3389);
#3392=CARTESIAN_POINT('',(-7.393239960082E1,3.126346363915E1,
-2.405715501947E1));
#3393=CARTESIAN_POINT('',(-7.396907305108E1,3.124582293740E1,
-2.402329745703E1));
#3394=CARTESIAN_POINT('',(-7.404196381917E1,3.121039150883E1,
-2.395532179074E1));
#3395=CARTESIAN_POINT('',(-7.415059407845E1,3.115645898517E1,
-2.385193788114E1));
#3396=CARTESIAN_POINT('',(-7.422230804972E1,3.112009532558E1,
-2.378228765582E1));
#3397=CARTESIAN_POINT('',(-7.425800756240E1,3.110180150785E1,
-2.374726192425E1));
#3399=DIRECTION('',(-9.993359646872E-1,7.713691590820E-5,3.643657136089E-2));
#3400=VECTOR('',#3399,1.408943150403E0);
#3401=CARTESIAN_POINT('',(-7.285E1,3.110169282632E1,-2.379859898190E1));
#3402=LINE('',#3401,#3400);
#3403=CARTESIAN_POINT('',(-7.373472957860E1,3.130145842376E1,
-2.413442154756E1));
#3404=CARTESIAN_POINT('',(-7.354156669402E1,3.129957351124E1,
-2.413801764344E1));
#3405=CARTESIAN_POINT('',(-7.334839862154E1,3.129768824172E1,
-2.414161327110E1));
#3406=CARTESIAN_POINT('',(-7.315523572193E1,3.129580271679E1,
-2.414520823871E1));
#3408=CARTESIAN_POINT('',(-7.393239960082E1,3.126346363915E1,
-2.405715501947E1));
#3409=CARTESIAN_POINT('',(-7.393400881216E1,3.127667798644E1,
-2.405566921620E1));
#3410=CARTESIAN_POINT('',(-7.393706092631E1,3.130308992396E1,
-2.405285058171E1));
#3411=CARTESIAN_POINT('',(-7.394064069902E1,3.132943968157E1,
-2.404954167039E1));
#3412=CARTESIAN_POINT('',(-7.394234201215E1,3.134265617026E1,
-2.404796789794E1));
#3414=CARTESIAN_POINT('',(-7.373472957860E1,3.130145842376E1,
-2.413442154756E1));
#3415=CARTESIAN_POINT('',(-7.375976820207E1,3.130170236321E1,
-2.413395468471E1));
#3416=CARTESIAN_POINT('',(-7.380783157034E1,3.129910220232E1,
-2.412740288721E1));
#3417=CARTESIAN_POINT('',(-7.387625451910E1,3.128603737311E1,
-2.410081711693E1));
#3418=CARTESIAN_POINT('',(-7.391477069664E1,3.127194298636E1,
-2.407342935703E1));
#3419=CARTESIAN_POINT('',(-7.393239960082E1,3.126346363915E1,
-2.405715501947E1));
#3421=CARTESIAN_POINT('',(-7.373472957860E1,3.130145842376E1,
-2.413442154756E1));
#3422=CARTESIAN_POINT('',(-7.373619780734E1,3.131400809274E1,
-2.413303367224E1));
#3423=CARTESIAN_POINT('',(-7.373916835343E1,3.133911524296E1,
-2.413021852816E1));
#3424=CARTESIAN_POINT('',(-7.374221261653E1,3.136422418019E1,
-2.412732710460E1));
#3425=CARTESIAN_POINT('',(-7.374375937857E1,3.137678212135E1,
-2.412586234006E1));
#3427=CARTESIAN_POINT('',(-7.373852924064E1,3.134265644673E1,
-2.382784193992E1));
#3428=DIRECTION('',(1.243661478299E-1,-9.855465124892E-1,-1.150266621020E-1));
#3429=DIRECTION('',(-6.789159096512E-1,2.056064707335E-5,-7.342160357822E-1));
#3430=AXIS2_PLACEMENT_3D('',#3427,#3428,#3429);
#3432=CARTESIAN_POINT('',(-7.373849857195E1,3.134266060269E1,
-2.382785555069E1));
#3433=DIRECTION('',(-9.997265523191E-1,-1.745029188119E-2,1.556624236922E-2));
#3434=DIRECTION('',(-1.745240643913E-2,9.998476951564E-1,-1.196672390809E-10));
#3435=AXIS2_PLACEMENT_3D('',#3432,#3433,#3434);
#3437=DIRECTION('',(-9.997208166619E-1,-1.781776944003E-2,1.551824168623E-2));
#3438=VECTOR('',#3437,5.886880085258E-1);
#3439=CARTESIAN_POINT('',(-7.315523572193E1,3.138727122856E1,
-2.413499774285E1));
#3440=LINE('',#3439,#3438);
#3441=CARTESIAN_POINT('',(-7.315523572193E1,3.165288719202E1,
-2.383701541909E1));
#3442=CARTESIAN_POINT('',(-7.325330284527E1,3.165117542401E1,
-2.383548958057E1));
#3443=CARTESIAN_POINT('',(-7.344944544795E1,3.164775174215E1,
-2.383243721645E1));
#3444=CARTESIAN_POINT('',(-7.364563451039E1,3.164432724932E1,
-2.382938301338E1));
#3445=CARTESIAN_POINT('',(-7.374372826163E1,3.164261501653E1,
-2.382785564461E1));
#3447=CARTESIAN_POINT('',(-7.314999999992E1,3.135293288347E1,
-2.383701541910E1));
#3448=DIRECTION('',(9.997267292425E-1,1.745029496940E-2,-1.555487202187E-2));
#3449=DIRECTION('',(-1.745240643719E-2,1.144611503081E-1,-9.932744125264E-1));
#3450=AXIS2_PLACEMENT_3D('',#3447,#3448,#3449);
#3452=CARTESIAN_POINT('',(-7.315523572193E1,2.990821510136E1,-1.13E1));
#3453=DIRECTION('',(-1.E0,0.E0,0.E0));
#3454=DIRECTION('',(0.E0,1.144785859505E-1,-9.934257160748E-1));
#3455=AXIS2_PLACEMENT_3D('',#3452,#3453,#3454);
#3457=CARTESIAN_POINT('',(-7.285E1,3.113507940775E1,-2.386013686507E1));
#3458=CARTESIAN_POINT('',(-7.285E1,3.114932471214E1,-2.388639369760E1));
#3459=CARTESIAN_POINT('',(-7.285712347966E1,3.117684638117E1,
-2.393686067944E1));
#3460=CARTESIAN_POINT('',(-7.289018319975E1,3.121719420588E1,
-2.401001938447E1));
#3461=CARTESIAN_POINT('',(-7.294004038755E1,3.125001397297E1,
-2.406868759452E1));
#3462=CARTESIAN_POINT('',(-7.300438402251E1,3.127570172049E1,
-2.411367987420E1));
#3463=CARTESIAN_POINT('',(-7.308015935758E1,3.129194418071E1,
-2.414084423981E1));
#3464=CARTESIAN_POINT('',(-7.312987256278E1,3.129555513887E1,
-2.414568027416E1));
#3465=CARTESIAN_POINT('',(-7.315523572193E1,3.129580271679E1,
-2.414520823871E1));
#3467=CARTESIAN_POINT('',(-7.285E1,2.990821510136E1,-1.13E1));
#3468=DIRECTION('',(-1.E0,0.E0,0.E0));
#3469=DIRECTION('',(0.E0,1.144791271427E-1,-9.934256537097E-1));
#3470=AXIS2_PLACEMENT_3D('',#3467,#3468,#3469);
#3472=CARTESIAN_POINT('',(-7.315E1,3.135293288347E1,-2.383701541909E1));
#3473=DIRECTION('',(0.E0,9.934257160748E-1,1.144785859505E-1));
#3474=DIRECTION('',(1.E0,0.E0,-1.184237892934E-14));
#3475=AXIS2_PLACEMENT_3D('',#3472,#3473,#3474);
#3477=DIRECTION('',(0.E0,0.E0,-1.E0));
#3478=VECTOR('',#3477,4.735034828679E0);
#3479=CARTESIAN_POINT('',(-7.315523572193E1,3.165288719202E1,
-1.910198059041E1));
#3480=LINE('',#3479,#3478);
#3481=CARTESIAN_POINT('',(-7.315E1,3.135293288347E1,-2.383701541909E1));
#3482=DIRECTION('',(0.E0,0.E0,1.E0));
#3483=DIRECTION('',(1.E0,0.E0,0.E0));
#3484=AXIS2_PLACEMENT_3D('',#3481,#3482,#3483);
#3486=DIRECTION('',(0.E0,0.E0,-1.E0));
#3487=VECTOR('',#3486,4.979411776293E0);
#3488=CARTESIAN_POINT('',(-7.285E1,3.135293288347E1,-1.885757361534E1));
#3489=LINE('',#3488,#3487);
#3490=CARTESIAN_POINT('',(-7.315523572193E1,2.990821510136E1,-1.13E1));
#3491=DIRECTION('',(1.E0,0.E0,0.E0));
#3492=DIRECTION('',(0.E0,2.182293496058E-1,-9.758975104849E-1));
#3493=AXIS2_PLACEMENT_3D('',#3490,#3491,#3492);
#3495=CARTESIAN_POINT('',(-7.315523572193E1,3.165288719202E1,
-1.910198059041E1));
#3496=CARTESIAN_POINT('',(-7.312284954848E1,3.165345249478E1,
-1.910243344238E1));
#3497=CARTESIAN_POINT('',(-7.306040692179E1,3.164393979966E1,
-1.909481928660E1));
#3498=CARTESIAN_POINT('',(-7.298233391471E1,3.160628705844E1,
-1.906458754009E1));
#3499=CARTESIAN_POINT('',(-7.292181331381E1,3.155282913042E1,
-1.902146948534E1));
#3500=CARTESIAN_POINT('',(-7.287949488924E1,3.148954015413E1,
-1.897003737049E1));
#3501=CARTESIAN_POINT('',(-7.285502557454E1,3.142109645897E1,
-1.891424427390E1));
#3502=CARTESIAN_POINT('',(-7.285E1,3.137548450175E1,-1.887622272200E1));
#3503=CARTESIAN_POINT('',(-7.285E1,3.135293288347E1,-1.885757361534E1));
#3505=CARTESIAN_POINT('',(-7.285E1,2.990821510136E1,-1.13E1));
#3506=DIRECTION('',(1.E0,0.E0,0.E0));
#3507=DIRECTION('',(0.E0,1.877653159929E-1,-9.822139207475E-1));
#3508=AXIS2_PLACEMENT_3D('',#3505,#3506,#3507);
#3510=CARTESIAN_POINT('',(-7.315E1,3.759422400367E1,-1.093400969966E1));
#3511=DIRECTION('',(0.E0,-4.756383673919E-2,9.988682002320E-1));
#3512=DIRECTION('',(1.E0,2.368475785867E-14,0.E0));
#3513=AXIS2_PLACEMENT_3D('',#3510,#3511,#3512);
#3515=CARTESIAN_POINT('',(-7.315523572193E1,3.756808128907E1,
-1.063519680554E1));
#3516=CARTESIAN_POINT('',(-7.349355899427E1,3.756247477832E1,
-1.064161532424E1));
#3517=CARTESIAN_POINT('',(-7.417058261815E1,3.755124079182E1,
-1.065446080291E1));
#3518=CARTESIAN_POINT('',(-7.518724929180E1,3.753432666034E1,
-1.067375436724E1));
#3519=CARTESIAN_POINT('',(-7.586578122093E1,3.752300804741E1,
-1.068663367790E1));
#3520=CARTESIAN_POINT('',(-7.620523572193E1,3.751733805823E1,
-1.069307757134E1));
#3522=CARTESIAN_POINT('',(-7.619999971708E1,3.754348082295E1,
-1.099189045611E1));
#3523=DIRECTION('',(9.996804753904E-1,1.669790047586E-2,1.897701880960E-2));
#3524=DIRECTION('',(-1.745240642454E-2,9.990346103978E-1,4.031452266027E-2));
#3525=AXIS2_PLACEMENT_3D('',#3522,#3523,#3524);
#3527=CARTESIAN_POINT('',(-7.315523572193E1,3.789383882122E1,
-1.091974266342E1));
#3528=CARTESIAN_POINT('',(-7.349355899398E1,3.788824370336E1,
-1.092640043836E1));
#3529=CARTESIAN_POINT('',(-7.417058261934E1,3.787703204049E1,
-1.093972593602E1));
#3530=CARTESIAN_POINT('',(-7.518724929091E1,3.786014974793E1,
-1.095974362991E1));
#3531=CARTESIAN_POINT('',(-7.586578122157E1,3.784885136353E1,
-1.097310868782E1));
#3532=CARTESIAN_POINT('',(-7.620523572193E1,3.784319120309E1,
-1.097979614822E1));
#3534=CARTESIAN_POINT('',(-7.315000000004E1,3.759422400369E1,
-1.093400969966E1));
#3535=DIRECTION('',(9.996828842984E-1,1.656620547016E-2,1.896553919783E-2));
#3536=DIRECTION('',(-1.745240643691E-2,9.987160677670E-1,4.755659253439E-2));
#3537=AXIS2_PLACEMENT_3D('',#3534,#3535,#3536);
#3539=CARTESIAN_POINT('',(-8.E1,2.990821510136E1,-1.13E1));
#3540=DIRECTION('',(1.E0,0.E0,0.E0));
#3541=DIRECTION('',(0.E0,-1.E0,0.E0));
#3542=AXIS2_PLACEMENT_3D('',#3539,#3540,#3541);
#3544=CARTESIAN_POINT('',(-7.95E1,2.664956373292E1,-1.13E1));
#3545=DIRECTION('',(0.E0,0.E0,1.E0));
#3546=DIRECTION('',(-1.E0,0.E0,0.E0));
#3547=AXIS2_PLACEMENT_3D('',#3544,#3545,#3546);
#3549=CARTESIAN_POINT('',(-7.950872620607E1,2.990821510136E1,-1.13E1));
#3550=DIRECTION('',(1.E0,0.E0,0.E0));
#3551=DIRECTION('',(0.E0,-1.E0,0.E0));
#3552=AXIS2_PLACEMENT_3D('',#3549,#3550,#3551);
#3554=DIRECTION('',(-9.998476951564E-1,-1.745240643728E-2,-1.986591541739E-11));
#3555=VECTOR('',#3554,1.809001722943E0);
#3556=CARTESIAN_POINT('',(-7.77E1,3.369836175070E1,-1.13E1));
#3557=LINE('',#3556,#3555);
#3558=CARTESIAN_POINT('',(-8.E1,2.731013889001E1,-9.8E0));
#3559=CARTESIAN_POINT('',(-8.E1,3.250629131272E1,-9.8E0));
#3560=VERTEX_POINT('',#3558);
#3561=VERTEX_POINT('',#3559);
#3562=CARTESIAN_POINT('',(-7.665E1,2.731013889001E1,-9.8E0));
#3563=CARTESIAN_POINT('',(-7.665E1,3.250629131272E1,-9.8E0));
#3564=VERTEX_POINT('',#3562);
#3565=VERTEX_POINT('',#3563);
#3566=CARTESIAN_POINT('',(-7.77E1,2.990821510136E1,-1.585717967697E1));
#3567=CARTESIAN_POINT('',(-7.77E1,2.990821510136E1,-6.742820323028E0));
#3568=VERTEX_POINT('',#3566);
#3569=VERTEX_POINT('',#3567);
#3570=CARTESIAN_POINT('',(-7.65E1,2.990821510136E1,-1.655E1));
#3571=CARTESIAN_POINT('',(-7.65E1,2.990821510136E1,-6.05E0));
#3572=VERTEX_POINT('',#3570);
#3573=VERTEX_POINT('',#3571);
#3574=CARTESIAN_POINT('',(-7.285E1,2.871473737641E1,-2.379859898190E1));
#3575=CARTESIAN_POINT('',(-7.285E1,2.892817155286E1,-2.418805608395E1));
#3576=VERTEX_POINT('',#3574);
#3577=VERTEX_POINT('',#3575);
#3578=CARTESIAN_POINT('',(-7.285E1,2.926664647808E1,-2.388930785453E1));
#3579=VERTEX_POINT('',#3578);
#3580=CARTESIAN_POINT('',(-7.285E1,2.947490114244E1,-2.421799961267E1));
#3581=VERTEX_POINT('',#3580);
#3582=CARTESIAN_POINT('',(-7.285E1,2.967863496243E1,-2.390428109392E1));
#3583=VERTEX_POINT('',#3582);
#3584=CARTESIAN_POINT('',(-7.285E1,2.990821510136E1,-2.422526498684E1));
#3585=VERTEX_POINT('',#3584);
#3586=CARTESIAN_POINT('',(-7.285E1,3.013779524029E1,-2.390428109392E1));
#3587=VERTEX_POINT('',#3586);
#3588=CARTESIAN_POINT('',(-7.285E1,3.034152906029E1,-2.421799961267E1));
#3589=VERTEX_POINT('',#3588);
#3590=CARTESIAN_POINT('',(-7.285E1,3.054978372464E1,-2.388930785453E1));
#3591=VERTEX_POINT('',#3590);
#3592=CARTESIAN_POINT('',(-7.285E1,3.088825864986E1,-2.418805608395E1));
#3593=VERTEX_POINT('',#3592);
#3594=CARTESIAN_POINT('',(-7.285E1,3.110169282632E1,-2.379859898190E1));
#3595=VERTEX_POINT('',#3594);
#3596=VERTEX_POINT('',#3302);
#3597=VERTEX_POINT('',#3305);
#3598=VERTEX_POINT('',#3314);
#3599=VERTEX_POINT('',#3320);
#3600=VERTEX_POINT('',#3332);
#3601=VERTEX_POINT('',#3338);
#3602=VERTEX_POINT('',#3350);
#3603=VERTEX_POINT('',#3356);
#3604=VERTEX_POINT('',#3368);
#3605=VERTEX_POINT('',#3374);
#3606=VERTEX_POINT('',#3386);
#3607=CARTESIAN_POINT('',(-7.77E1,2.611806845203E1,-1.13E1));
#3608=CARTESIAN_POINT('',(-7.77E1,3.369836175070E1,-1.13E1));
#3609=VERTEX_POINT('',#3607);
#3610=VERTEX_POINT('',#3608);
#3611=CARTESIAN_POINT('',(-7.665E1,2.990821510136E1,-7.05E0));
#3612=CARTESIAN_POINT('',(-7.665E1,2.990821510136E1,-1.555E1));
#3613=VERTEX_POINT('',#3611);
#3614=VERTEX_POINT('',#3612);
#3615=CARTESIAN_POINT('',(-7.285E1,2.990821510136E1,-6.983670753273E0));
#3616=CARTESIAN_POINT('',(-7.285E1,2.990821510136E1,-1.561632924673E1));
#3617=VERTEX_POINT('',#3615);
#3618=VERTEX_POINT('',#3616);
#3619=VERTEX_POINT('',#3111);
#3620=VERTEX_POINT('',#3115);
#3621=VERTEX_POINT('',#3124);
#3622=VERTEX_POINT('',#3128);
#3623=VERTEX_POINT('',#3150);
#3624=VERTEX_POINT('',#3155);
#3625=VERTEX_POINT('',#3167);
#3626=VERTEX_POINT('',#3180);
#3627=VERTEX_POINT('',#3193);
#3628=CARTESIAN_POINT('',(-7.65E1,2.851673526729E1,-1.881342538422E1));
#3629=VERTEX_POINT('',#3628);
#3630=CARTESIAN_POINT('',(-7.620523572193E1,2.821678095874E1,
-1.905921560358E1));
#3631=VERTEX_POINT('',#3630);
#3632=VERTEX_POINT('',#3408);
#3633=VERTEX_POINT('',#3412);
#3634=VERTEX_POINT('',#3421);
#3635=VERTEX_POINT('',#3425);
#3636=VERTEX_POINT('',#3097);
#3637=VERTEX_POINT('',#3104);
#3638=VERTEX_POINT('',#3109);
#3639=VERTEX_POINT('',#3209);
#3640=VERTEX_POINT('',#3222);
#3641=CARTESIAN_POINT('',(-7.620523572193E1,3.159964924399E1,
-1.905921560358E1));
#3642=VERTEX_POINT('',#3641);
#3643=CARTESIAN_POINT('',(-7.65E1,3.129969493544E1,-1.881342636085E1));
#3644=VERTEX_POINT('',#3643);
#3645=CARTESIAN_POINT('',(-7.315523572193E1,2.816354301071E1,
-2.383701541909E1));
#3646=CARTESIAN_POINT('',(-7.315523572193E1,2.816354301071E1,
-1.910198059041E1));
#3647=VERTEX_POINT('',#3645);
#3648=VERTEX_POINT('',#3646);
#3649=CARTESIAN_POINT('',(-7.285E1,2.846349731925E1,-2.383698531905E1));
#3650=CARTESIAN_POINT('',(-7.285E1,2.846349731925E1,-1.885757410045E1));
#3651=VERTEX_POINT('',#3649);
#3652=VERTEX_POINT('',#3650);
#3653=CARTESIAN_POINT('',(-7.285E1,2.868135861890E1,-2.386020653731E1));
#3654=VERTEX_POINT('',#3653);
#3655=CARTESIAN_POINT('',(-7.315523572193E1,2.852062748594E1,
-2.414520823871E1));
#3656=CARTESIAN_POINT('',(-7.315523572193E1,2.842915897416E1,
-2.413499774285E1));
#3657=VERTEX_POINT('',#3655);
#3658=VERTEX_POINT('',#3656);
#3659=CARTESIAN_POINT('',(-7.315523572193E1,3.138727122856E1,
-2.413499774285E1));
#3660=CARTESIAN_POINT('',(-7.315523572193E1,3.129580271679E1,
-2.414520823871E1));
#3661=VERTEX_POINT('',#3659);
#3662=VERTEX_POINT('',#3660);
#3663=CARTESIAN_POINT('',(-7.285E1,3.135293971331E1,-2.383701463205E1));
#3664=CARTESIAN_POINT('',(-7.285E1,3.113507165672E1,-2.386020653019E1));
#3665=VERTEX_POINT('',#3663);
#3666=VERTEX_POINT('',#3664);
#3667=CARTESIAN_POINT('',(-7.315523572193E1,3.165288719202E1,
-1.910198059041E1));
#3668=CARTESIAN_POINT('',(-7.315523572193E1,3.165288719202E1,
-2.383701541909E1));
#3669=VERTEX_POINT('',#3667);
#3670=VERTEX_POINT('',#3668);
#3671=CARTESIAN_POINT('',(-7.285E1,3.135293288347E1,-1.885757361534E1));
#3672=VERTEX_POINT('',#3671);
#3673=VERTEX_POINT('',#2588);
#3674=VERTEX_POINT('',#2593);
#3675=VERTEX_POINT('',#2600);
#3676=VERTEX_POINT('',#2605);
#3677=CARTESIAN_POINT('',(-7.315523572193E1,2.418494132577E1,
-1.080462668747E1));
#3678=VERTEX_POINT('',#3677);
#3679=CARTESIAN_POINT('',(-7.285E1,2.222220619905E1,-1.093400969966E1));
#3680=CARTESIAN_POINT('',(-7.285E1,2.446619203313E1,-1.113033302125E1));
#3681=VERTEX_POINT('',#3679);
#3682=VERTEX_POINT('',#3680);
#3683=CARTESIAN_POINT('',(-7.315523572193E1,3.563148887696E1,
-1.080462668747E1));
#3684=VERTEX_POINT('',#3683);
#3685=CARTESIAN_POINT('',(-7.285E1,3.535028863869E1,-1.113033167322E1));
#3686=VERTEX_POINT('',#3685);
#3687=CARTESIAN_POINT('',(-7.315523572193E1,3.756808128907E1,
-1.063519680554E1));
#3688=VERTEX_POINT('',#3687);
#3689=CARTESIAN_POINT('',(-7.285E1,3.759422400367E1,-1.093400969966E1));
#3690=VERTEX_POINT('',#3689);
#3691=VERTEX_POINT('',#3520);
#3692=VERTEX_POINT('',#3527);
#3693=VERTEX_POINT('',#3532);
#3694=CARTESIAN_POINT('',(-7.620523572193E1,3.558279578179E1,
-1.086232808964E1));
#3695=VERTEX_POINT('',#3694);
#3696=CARTESIAN_POINT('',(-7.65E1,3.754348081821E1,-1.099189046148E1));
#3697=CARTESIAN_POINT('',(-7.65E1,3.529849165265E1,-1.118830156321E1));
#3698=VERTEX_POINT('',#3696);
#3699=VERTEX_POINT('',#3697);
#3700=CARTESIAN_POINT('',(-7.65E1,2.451789243905E1,-1.118830220495E1));
#3701=VERTEX_POINT('',#3700);
#3702=CARTESIAN_POINT('',(-7.620523572193E1,2.423363442093E1,
-1.086232808964E1));
#3703=VERTEX_POINT('',#3702);
#3704=CARTESIAN_POINT('',(-7.65E1,2.227294938451E1,-1.099189046148E1));
#3705=VERTEX_POINT('',#3704);
#3706=CARTESIAN_POINT('',(-8.E1,2.664956384728E1,-1.13E1));
#3707=CARTESIAN_POINT('',(-8.E1,3.316686635545E1,-1.13E1));
#3708=VERTEX_POINT('',#3706);
#3709=VERTEX_POINT('',#3707);
#3710=CARTESIAN_POINT('',(-7.950872620607E1,2.614963988539E1,-1.13E1));
#3711=CARTESIAN_POINT('',(-7.950872620607E1,3.366679031733E1,-1.13E1));
#3712=VERTEX_POINT('',#3710);
#3713=VERTEX_POINT('',#3711);
#3714=CARTESIAN_POINT('',(-7.535E1,3.515497192765E1,-1.239580475995E1));
#3715=CARTESIAN_POINT('',(-7.535E1,3.658915254512E1,-1.227033021447E1));
#3716=VERTEX_POINT('',#3714);
#3717=VERTEX_POINT('',#3715);
#3718=CARTESIAN_POINT('',(-7.535E1,2.322727765760E1,-1.227033021447E1));
#3719=CARTESIAN_POINT('',(-7.535E1,2.466145827508E1,-1.239580475995E1));
#3720=VERTEX_POINT('',#3718);
#3721=VERTEX_POINT('',#3719);
#3722=CARTESIAN_POINT('',(-7.285E1,3.511877932958E1,-1.235516685088E1));
#3723=CARTESIAN_POINT('',(-7.285E1,3.664003115064E1,-1.222207456217E1));
#3724=VERTEX_POINT('',#3722);
#3725=VERTEX_POINT('',#3723);
#3726=CARTESIAN_POINT('',(-7.285E1,2.317639905208E1,-1.222207456217E1));
#3727=CARTESIAN_POINT('',(-7.285E1,2.469765087314E1,-1.235516685088E1));
#3728=VERTEX_POINT('',#3726);
#3729=VERTEX_POINT('',#3727);
#3730=CARTESIAN_POINT('',(-7.535E1,3.045185276368E1,-1.802911018967E1));
#3731=CARTESIAN_POINT('',(-7.535E1,3.045185276368E1,-1.663232626142E1));
#3732=VERTEX_POINT('',#3730);
#3733=VERTEX_POINT('',#3731);
#3734=CARTESIAN_POINT('',(-7.535E1,2.936457743904E1,-1.802911018967E1));
#3735=CARTESIAN_POINT('',(-7.535E1,2.936457743904E1,-1.663232626142E1));
#3736=VERTEX_POINT('',#3734);
#3737=VERTEX_POINT('',#3735);
#3738=VERTEX_POINT('',#2929);
#3739=VERTEX_POINT('',#2990);
#3740=VERTEX_POINT('',#2934);
#3741=VERTEX_POINT('',#2985);
#3742=CARTESIAN_POINT('',(-7.639537750587E1,2.247754175507E1,
-1.077318597739E1));
#3743=CARTESIAN_POINT('',(-7.602450814884E1,2.247134388281E1,
-1.076614545721E1));
#3744=CARTESIAN_POINT('',(-7.523605014178E1,2.245818656297E1,
-1.075117918434E1));
#3745=CARTESIAN_POINT('',(-7.408971149101E1,2.243911597207E1,
-1.072942487553E1));
#3746=CARTESIAN_POINT('',(-7.331424198195E1,2.242625398522E1,
-1.071471202204E1));
#3747=CARTESIAN_POINT('',(-7.295636163241E1,2.242032635835E1,
-1.070792273529E1));
#3748=CARTESIAN_POINT('',(-7.640758810179E1,2.211730314673E1,
-1.044709885151E1));
#3749=CARTESIAN_POINT('',(-7.603671244224E1,2.211110516914E1,
-1.044005821169E1));
#3750=CARTESIAN_POINT('',(-7.524824108980E1,2.209794762661E1,
-1.042509168549E1));
#3751=CARTESIAN_POINT('',(-7.410188319978E1,2.207887671563E1,
-1.040333701158E1));
#3752=CARTESIAN_POINT('',(-7.332640078305E1,2.206601451471E1,
-1.038862391319E1));
#3753=CARTESIAN_POINT('',(-7.296851449914E1,2.206008678954E1,
-1.038183451386E1));
#3754=CARTESIAN_POINT('',(-7.640759096362E1,2.175239392395E1,
-1.076818299372E1));
#3755=CARTESIAN_POINT('',(-7.603670984373E1,2.174619585511E1,
-1.076114225024E1));
#3756=CARTESIAN_POINT('',(-7.524822692921E1,2.173303811963E1,
-1.074617550458E1));
#3757=CARTESIAN_POINT('',(-7.410185237079E1,2.171396693137E1,
-1.072442051435E1));
#3758=CARTESIAN_POINT('',(-7.332635877120E1,2.170110454496E1,
-1.070970720378E1));
#3759=CARTESIAN_POINT('',(-7.296846734592E1,2.169517673464E1,
-1.070291770692E1));
#3760=CARTESIAN_POINT('',(-7.639538101583E1,2.202998899179E1,
-1.116698828800E1));
#3761=CARTESIAN_POINT('',(-7.602450496182E1,2.202379100761E1,
-1.115994764069E1));
#3762=CARTESIAN_POINT('',(-7.523603277413E1,2.201063345113E1,
-1.114498109864E1));
#3763=CARTESIAN_POINT('',(-7.408967367997E1,2.199156252013E1,
-1.112322640188E1));
#3764=CARTESIAN_POINT('',(-7.331419045538E1,2.197870030580E1,
-1.110851328816E1));
#3765=CARTESIAN_POINT('',(-7.295630380006E1,2.197277257448E1,
-1.110172388179E1));
#3766=(BOUNDED_SURFACE()B_SPLINE_SURFACE(3,3,((#3742,#3743,#3744,#3745,#3746,
#3747),(#3748,#3749,#3750,#3751,#3752,#3753),(#3754,#3755,#3756,#3757,#3758,
#3759),(#3760,#3761,#3762,#3763,#3764,#3765)),.UNSPECIFIED.,.F.,.F.,.F.)B_SPLINE_SURFACE_WITH_KNOTS((4,4),(4,1,1,4),(0.E0,1.E0),(3.775002892403E-2,
3.337907256737E-1,6.671240590870E-1,9.527956206683E-1),.UNSPECIFIED.)GEOMETRIC_REPRESENTATION_ITEM()RATIONAL_B_SPLINE_SURFACE(((1.796560228236E0,
1.796560228236E0,1.796560228236E0,1.796560228236E0,1.796560228236E0,
1.796560228236E0),(7.344799239212E-1,7.344799239212E-1,7.344799239212E-1,
7.344799239212E-1,7.344799239212E-1,7.344799239212E-1),(7.344799239212E-1,
7.344799239212E-1,7.344799239212E-1,7.344799239212E-1,7.344799239212E-1,
7.344799239212E-1),(1.796560228236E0,1.796560228236E0,1.796560228236E0,
1.796560228236E0,1.796560228236E0,1.796560228236E0)))REPRESENTATION_ITEM('')SURFACE());
#3768=ORIENTED_EDGE('',*,*,#3767,.T.);
#3770=ORIENTED_EDGE('',*,*,#3769,.F.);
#3772=ORIENTED_EDGE('',*,*,#3771,.F.);
#3774=ORIENTED_EDGE('',*,*,#3773,.T.);
#3775=EDGE_LOOP('',(#3768,#3770,#3772,#3774));
#3776=FACE_OUTER_BOUND('',#3775,.F.);
#3777=ADVANCED_FACE('',(#3776),#3766,.T.);
#3778=CARTESIAN_POINT('',(-7.285E1,2.550272760406E1,-1.091456978668E1));
#3779=DIRECTION('',(-1.745240643728E-2,8.714246850589E-2,9.960429728140E-1));
#3780=DIRECTION('',(0.E0,-9.961946980917E-1,8.715574274766E-2));
#3781=AXIS2_PLACEMENT_3D('',#3778,#3779,#3780);
#3782=PLANE('',#3781);
#3783=ORIENTED_EDGE('',*,*,#3767,.F.);
#3785=ORIENTED_EDGE('',*,*,#3784,.F.);
#3787=ORIENTED_EDGE('',*,*,#3786,.F.);
#3789=ORIENTED_EDGE('',*,*,#3788,.F.);
#3790=EDGE_LOOP('',(#3783,#3785,#3787,#3789));
#3791=FACE_OUTER_BOUND('',#3790,.F.);
#3792=ADVANCED_FACE('',(#3791),#3782,.T.);
#3793=CARTESIAN_POINT('',(-7.62E1,3.762686521268E1,-1.233518403718E1));
#3794=DIRECTION('',(0.E0,9.961946980917E-1,-8.715574274766E-2));
#3795=DIRECTION('',(-1.E0,0.E0,0.E0));
#3796=AXIS2_PLACEMENT_3D('',#3793,#3794,#3795);
#3797=CYLINDRICAL_SURFACE('',#3796,3.E-1);
#3798=ORIENTED_EDGE('',*,*,#3784,.T.);
#3800=ORIENTED_EDGE('',*,*,#3799,.F.);
#3802=ORIENTED_EDGE('',*,*,#3801,.F.);
#3804=ORIENTED_EDGE('',*,*,#3803,.T.);
#3805=EDGE_LOOP('',(#3798,#3800,#3802,#3804));
#3806=FACE_OUTER_BOUND('',#3805,.F.);
#3807=ADVANCED_FACE('',(#3806),#3797,.T.);
#3808=CARTESIAN_POINT('',(-7.62E1,2.227294938451E1,-1.099189046148E1));
#3809=DIRECTION('',(3.259198466665E-14,-7.507503241235E-1,-6.605860661779E-1));
#3810=DIRECTION('',(-2.527740342009E-2,-6.603749926729E-1,7.505104409191E-1));
#3811=AXIS2_PLACEMENT_3D('',#3808,#3809,#3810);
#3812=SPHERICAL_SURFACE('',#3811,3.E-1);
#3814=ORIENTED_EDGE('',*,*,#3813,.F.);
#3815=ORIENTED_EDGE('',*,*,#3799,.T.);
#3816=ORIENTED_EDGE('',*,*,#3773,.F.);
#3817=EDGE_LOOP('',(#3814,#3815,#3816));
#3818=FACE_OUTER_BOUND('',#3817,.F.);
#3819=ADVANCED_FACE('',(#3818),#3812,.T.);
#3820=CARTESIAN_POINT('',(-7.62E1,2.990821510136E1,-1.13E1));
#3821=DIRECTION('',(-1.E0,0.E0,0.E0));
#3822=DIRECTION('',(0.E0,-2.571560893020E-3,-9.999966935318E-1));
#3823=AXIS2_PLACEMENT_3D('',#3820,#3821,#3822);
#3824=TOROIDAL_SURFACE('',#3823,7.641479834077E0,3.E-1);
#3825=ORIENTED_EDGE('',*,*,#3813,.T.);
#3827=ORIENTED_EDGE('',*,*,#3826,.F.);
#3829=ORIENTED_EDGE('',*,*,#3828,.T.);
#3831=ORIENTED_EDGE('',*,*,#3830,.T.);
#3832=EDGE_LOOP('',(#3825,#3827,#3829,#3831));
#3833=FACE_OUTER_BOUND('',#3832,.F.);
#3834=ADVANCED_FACE('',(#3833),#3824,.T.);
#3835=CARTESIAN_POINT('',(-7.468023572193E1,2.990821510136E1,-1.13E1));
#3836=DIRECTION('',(1.E0,0.E0,0.E0));
#3837=DIRECTION('',(0.E0,1.E0,0.E0));
#3838=AXIS2_PLACEMENT_3D('',#3835,#3836,#3837);
#3839=CONICAL_SURFACE('',#3838,7.968053116640E0,1.E0);
#3840=ORIENTED_EDGE('',*,*,#3771,.T.);
#3842=ORIENTED_EDGE('',*,*,#3841,.T.);
#3844=ORIENTED_EDGE('',*,*,#3843,.F.);
#3845=ORIENTED_EDGE('',*,*,#3826,.T.);
#3846=EDGE_LOOP('',(#3840,#3842,#3844,#3845));
#3847=FACE_OUTER_BOUND('',#3846,.F.);
#3848=ADVANCED_FACE('',(#3847),#3839,.T.);
#3849=CARTESIAN_POINT('',(-7.468023572193E1,2.990821510136E1,-1.13E1));
#3850=DIRECTION('',(1.E0,0.E0,0.E0));
#3851=DIRECTION('',(0.E0,1.E0,0.E0));
#3852=AXIS2_PLACEMENT_3D('',#3849,#3850,#3851);
#3853=CONICAL_SURFACE('',#3852,7.968053116640E0,1.E0);
#3855=ORIENTED_EDGE('',*,*,#3854,.T.);
#3857=ORIENTED_EDGE('',*,*,#3856,.T.);
#3859=ORIENTED_EDGE('',*,*,#3858,.T.);
#3861=ORIENTED_EDGE('',*,*,#3860,.T.);
#3862=EDGE_LOOP('',(#3855,#3857,#3859,#3861));
#3863=FACE_OUTER_BOUND('',#3862,.F.);
#3864=ADVANCED_FACE('',(#3863),#3853,.T.);
#3865=CARTESIAN_POINT('',(-7.315E1,2.990821510136E1,-1.13E1));
#3866=DIRECTION('',(-1.E0,0.E0,0.E0));
#3867=DIRECTION('',(0.E0,-6.516623034291E-1,7.585092236021E-1));
#3868=AXIS2_PLACEMENT_3D('',#3865,#3866,#3867);
#3869=TOROIDAL_SURFACE('',#3868,7.694717782108E0,3.E-1);
#3871=ORIENTED_EDGE('',*,*,#3870,.T.);
#3873=ORIENTED_EDGE('',*,*,#3872,.T.);
#3875=ORIENTED_EDGE('',*,*,#3874,.T.);
#3876=ORIENTED_EDGE('',*,*,#3841,.F.);
#3877=EDGE_LOOP('',(#3871,#3873,#3875,#3876));
#3878=FACE_OUTER_BOUND('',#3877,.F.);
#3879=ADVANCED_FACE('',(#3878),#3869,.T.);
#3880=CARTESIAN_POINT('',(-7.315E1,2.222220619905E1,-1.093400969966E1));
#3881=DIRECTION('',(7.132504491542E-1,-6.108826752877E-2,-6.982420929389E-1));
#3882=DIRECTION('',(7.009092642998E-1,6.216387266114E-2,7.105363158590E-1));
#3883=AXIS2_PLACEMENT_3D('',#3880,#3881,#3882);
#3884=SPHERICAL_SURFACE('',#3883,3.E-1);
#3885=ORIENTED_EDGE('',*,*,#3870,.F.);
#3886=ORIENTED_EDGE('',*,*,#3769,.T.);
#3888=ORIENTED_EDGE('',*,*,#3887,.F.);
#3889=EDGE_LOOP('',(#3885,#3886,#3888));
#3890=FACE_OUTER_BOUND('',#3889,.F.);
#3891=ADVANCED_FACE('',(#3890),#3884,.T.);
#3892=CARTESIAN_POINT('',(-7.315E1,2.184037520852E1,-1.090060381660E1));
#3893=DIRECTION('',(0.E0,-9.961946980917E-1,8.715574274766E-2));
#3894=DIRECTION('',(1.E0,0.E0,0.E0));
#3895=AXIS2_PLACEMENT_3D('',#3892,#3893,#3894);
#3896=CYLINDRICAL_SURFACE('',#3895,3.E-1);
#3897=ORIENTED_EDGE('',*,*,#3788,.T.);
#3899=ORIENTED_EDGE('',*,*,#3898,.F.);
#3901=ORIENTED_EDGE('',*,*,#3900,.F.);
#3902=ORIENTED_EDGE('',*,*,#3887,.T.);
#3903=EDGE_LOOP('',(#3897,#3899,#3901,#3902));
#3904=FACE_OUTER_BOUND('',#3903,.F.);
#3905=ADVANCED_FACE('',(#3904),#3896,.T.);
#3906=CARTESIAN_POINT('',(-7.315E1,2.990821510136E1,-1.13E1));
#3907=DIRECTION('',(-1.E0,0.E0,0.E0));
#3908=DIRECTION('',(0.E0,-2.799996341335E-3,-9.999960800026E-1));
#3909=AXIS2_PLACEMENT_3D('',#3906,#3907,#3908);
#3910=TOROIDAL_SURFACE('',#3909,5.444717782108E0,3.E-1);
#3912=ORIENTED_EDGE('',*,*,#3911,.T.);
#3914=ORIENTED_EDGE('',*,*,#3913,.F.);
#3916=ORIENTED_EDGE('',*,*,#3915,.F.);
#3917=ORIENTED_EDGE('',*,*,#3898,.T.);
#3918=EDGE_LOOP('',(#3912,#3914,#3916,#3917));
#3919=FACE_OUTER_BOUND('',#3918,.F.);
#3920=ADVANCED_FACE('',(#3919),#3910,.T.);
#3921=CARTESIAN_POINT('',(-7.468023572193E1,2.990821510136E1,-1.13E1));
#3922=DIRECTION('',(1.E0,0.E0,0.E0));
#3923=DIRECTION('',(0.E0,1.E0,0.E0));
#3924=AXIS2_PLACEMENT_3D('',#3921,#3922,#3923);
#3925=CONICAL_SURFACE('',#3924,5.718053116640E0,1.E0);
#3926=ORIENTED_EDGE('',*,*,#3911,.F.);
#3927=ORIENTED_EDGE('',*,*,#3786,.T.);
#3929=ORIENTED_EDGE('',*,*,#3928,.F.);
#3931=ORIENTED_EDGE('',*,*,#3930,.F.);
#3932=EDGE_LOOP('',(#3926,#3927,#3929,#3931));
#3933=FACE_OUTER_BOUND('',#3932,.F.);
#3934=ADVANCED_FACE('',(#3933),#3925,.T.);
#3935=CARTESIAN_POINT('',(-7.62E1,2.990821510136E1,-1.13E1));
#3936=DIRECTION('',(-1.E0,0.E0,0.E0));
#3937=DIRECTION('',(0.E0,1.255950005785E-3,-9.999992112945E-1));
#3938=AXIS2_PLACEMENT_3D('',#3935,#3936,#3937);
#3939=TOROIDAL_SURFACE('',#3938,5.391479834077E0,3.E-1);
#3941=ORIENTED_EDGE('',*,*,#3940,.F.);
#3943=ORIENTED_EDGE('',*,*,#3942,.T.);
#3944=ORIENTED_EDGE('',*,*,#3928,.T.);
#3945=ORIENTED_EDGE('',*,*,#3803,.F.);
#3946=EDGE_LOOP('',(#3941,#3943,#3944,#3945));
#3947=FACE_OUTER_BOUND('',#3946,.F.);
#3948=ADVANCED_FACE('',(#3947),#3939,.T.);
#3949=CARTESIAN_POINT('',(-7.65E1,0.E0,0.E0));
#3950=DIRECTION('',(-1.E0,0.E0,0.E0));
#3951=DIRECTION('',(0.E0,-1.E0,0.E0));
#3952=AXIS2_PLACEMENT_3D('',#3949,#3950,#3951);
#3953=PLANE('',#3952);
#3955=ORIENTED_EDGE('',*,*,#3954,.T.);
#3956=ORIENTED_EDGE('',*,*,#3940,.T.);
#3957=ORIENTED_EDGE('',*,*,#3801,.T.);
#3958=ORIENTED_EDGE('',*,*,#3830,.F.);
#3960=ORIENTED_EDGE('',*,*,#3959,.F.);
#3962=ORIENTED_EDGE('',*,*,#3961,.T.);
#3964=ORIENTED_EDGE('',*,*,#3963,.T.);
#3966=ORIENTED_EDGE('',*,*,#3965,.F.);
#3967=EDGE_LOOP('',(#3955,#3956,#3957,#3958,#3960,#3962,#3964,#3966));
#3968=FACE_OUTER_BOUND('',#3967,.F.);
#3970=ORIENTED_EDGE('',*,*,#3969,.T.);
#3972=ORIENTED_EDGE('',*,*,#3971,.T.);
#3973=EDGE_LOOP('',(#3970,#3972));
#3974=FACE_BOUND('',#3973,.F.);
#3975=ADVANCED_FACE('',(#3968,#3974),#3953,.T.);
#3976=CARTESIAN_POINT('',(-7.71E1,2.990821510136E1,-1.13E1));
#3977=DIRECTION('',(1.E0,0.E0,0.E0));
#3978=DIRECTION('',(0.E0,0.E0,1.E0));
#3979=AXIS2_PLACEMENT_3D('',#3976,#3977,#3978);
#3980=CONICAL_SURFACE('',#3979,4.903589838486E0,3.E1);
#3981=ORIENTED_EDGE('',*,*,#3969,.F.);
#3983=ORIENTED_EDGE('',*,*,#3982,.T.);
#3985=ORIENTED_EDGE('',*,*,#3984,.T.);
#3987=ORIENTED_EDGE('',*,*,#3986,.F.);
#3988=EDGE_LOOP('',(#3981,#3983,#3985,#3987));
#3989=FACE_OUTER_BOUND('',#3988,.F.);
#3990=ADVANCED_FACE('',(#3989),#3980,.T.);
#3991=CARTESIAN_POINT('',(-7.71E1,2.990821510136E1,-1.13E1));
#3992=DIRECTION('',(1.E0,0.E0,0.E0));
#3993=DIRECTION('',(0.E0,0.E0,1.E0));
#3994=AXIS2_PLACEMENT_3D('',#3991,#3992,#3993);
#3995=CONICAL_SURFACE('',#3994,4.903589838486E0,3.E1);
#3996=ORIENTED_EDGE('',*,*,#3971,.F.);
#3997=ORIENTED_EDGE('',*,*,#3986,.T.);
#3999=ORIENTED_EDGE('',*,*,#3998,.T.);
#4000=ORIENTED_EDGE('',*,*,#3982,.F.);
#4001=EDGE_LOOP('',(#3996,#3997,#3999,#4000));
#4002=FACE_OUTER_BOUND('',#4001,.F.);
#4003=ADVANCED_FACE('',(#4002),#3995,.T.);
#4004=CARTESIAN_POINT('',(-7.77E1,0.E0,0.E0));
#4005=DIRECTION('',(-1.E0,0.E0,0.E0));
#4006=DIRECTION('',(0.E0,0.E0,-1.E0));
#4007=AXIS2_PLACEMENT_3D('',#4004,#4005,#4006);
#4008=PLANE('',#4007);
#4009=ORIENTED_EDGE('',*,*,#3984,.F.);
#4010=ORIENTED_EDGE('',*,*,#3998,.F.);
#4011=EDGE_LOOP('',(#4009,#4010));
#4012=FACE_OUTER_BOUND('',#4011,.F.);
#4014=ORIENTED_EDGE('',*,*,#4013,.T.);
#4016=ORIENTED_EDGE('',*,*,#4015,.T.);
#4017=EDGE_LOOP('',(#4014,#4016));
#4018=FACE_BOUND('',#4017,.F.);
#4019=ADVANCED_FACE('',(#4012,#4018),#4008,.T.);
#4020=CARTESIAN_POINT('',(-7.860436312142E1,2.990821510136E1,-1.13E1));
#4021=DIRECTION('',(1.E0,0.E0,0.E0));
#4022=DIRECTION('',(0.E0,1.E0,0.E0));
#4023=AXIS2_PLACEMENT_3D('',#4020,#4021,#4022);
#4024=CONICAL_SURFACE('',#4023,3.774360932332E0,1.E0);
#4026=ORIENTED_EDGE('',*,*,#4025,.F.);
#4028=ORIENTED_EDGE('',*,*,#4027,.F.);
#4029=ORIENTED_EDGE('',*,*,#4013,.F.);
#4031=ORIENTED_EDGE('',*,*,#4030,.T.);
#4032=EDGE_LOOP('',(#4026,#4028,#4029,#4031));
#4033=FACE_OUTER_BOUND('',#4032,.F.);
#4034=ADVANCED_FACE('',(#4033),#4024,.T.);
#4035=CARTESIAN_POINT('',(-7.95E1,2.990821510136E1,-1.13E1));
#4036=DIRECTION('',(-1.E0,0.E0,0.E0));
#4037=DIRECTION('',(0.E0,9.998748520623E-1,-1.582024694654E-2));
#4038=AXIS2_PLACEMENT_3D('',#4035,#4036,#4037);
#4039=TOROIDAL_SURFACE('',#4038,3.258651368442E0,5.E-1);
#4041=ORIENTED_EDGE('',*,*,#4040,.F.);
#4043=ORIENTED_EDGE('',*,*,#4042,.T.);
#4044=ORIENTED_EDGE('',*,*,#4025,.T.);
#4046=ORIENTED_EDGE('',*,*,#4045,.F.);
#4047=EDGE_LOOP('',(#4041,#4043,#4044,#4046));
#4048=FACE_OUTER_BOUND('',#4047,.F.);
#4049=ADVANCED_FACE('',(#4048),#4039,.T.);
#4050=CARTESIAN_POINT('',(-8.E1,0.E0,0.E0));
#4051=DIRECTION('',(-1.E0,0.E0,0.E0));
#4052=DIRECTION('',(0.E0,-1.E0,0.E0));
#4053=AXIS2_PLACEMENT_3D('',#4050,#4051,#4052);
#4054=PLANE('',#4053);
#4056=ORIENTED_EDGE('',*,*,#4055,.T.);
#4057=ORIENTED_EDGE('',*,*,#4040,.T.);
#4058=EDGE_LOOP('',(#4056,#4057));
#4059=FACE_OUTER_BOUND('',#4058,.F.);
#4061=ORIENTED_EDGE('',*,*,#4060,.T.);
#4063=ORIENTED_EDGE('',*,*,#4062,.T.);
#4064=EDGE_LOOP('',(#4061,#4063));
#4065=FACE_BOUND('',#4064,.F.);
#4066=ADVANCED_FACE('',(#4059,#4065),#4054,.T.);
#4067=CARTESIAN_POINT('',(-7.285E1,2.731013889001E1,-9.8E0));
#4068=DIRECTION('',(0.E0,0.E0,-1.E0));
#4069=DIRECTION('',(0.E0,1.E0,0.E0));
#4070=AXIS2_PLACEMENT_3D('',#4067,#4068,#4069);
#4071=PLANE('',#4070);
#4072=ORIENTED_EDGE('',*,*,#4060,.F.);
#4074=ORIENTED_EDGE('',*,*,#4073,.F.);
#4076=ORIENTED_EDGE('',*,*,#4075,.T.);
#4078=ORIENTED_EDGE('',*,*,#4077,.T.);
#4079=EDGE_LOOP('',(#4072,#4074,#4076,#4078));
#4080=FACE_OUTER_BOUND('',#4079,.F.);
#4081=ADVANCED_FACE('',(#4080),#4071,.T.);
#4082=CARTESIAN_POINT('',(-7.285E1,2.990821510136E1,-1.13E1));
#4083=DIRECTION('',(-1.E0,0.E0,0.E0));
#4084=DIRECTION('',(0.E0,-1.E0,0.E0));
#4085=AXIS2_PLACEMENT_3D('',#4082,#4083,#4084);
#4086=CYLINDRICAL_SURFACE('',#4085,3.E0);
#4087=ORIENTED_EDGE('',*,*,#4062,.F.);
#4088=ORIENTED_EDGE('',*,*,#4077,.F.);
#4090=ORIENTED_EDGE('',*,*,#4089,.T.);
#4091=ORIENTED_EDGE('',*,*,#4073,.T.);
#4092=EDGE_LOOP('',(#4087,#4088,#4090,#4091));
#4093=FACE_OUTER_BOUND('',#4092,.F.);
#4094=ADVANCED_FACE('',(#4093),#4086,.F.);
#4095=CARTESIAN_POINT('',(-7.665E1,0.E0,0.E0));
#4096=DIRECTION('',(-1.E0,0.E0,0.E0));
#4097=DIRECTION('',(0.E0,0.E0,1.E0));
#4098=AXIS2_PLACEMENT_3D('',#4095,#4096,#4097);
#4099=PLANE('',#4098);
#4101=ORIENTED_EDGE('',*,*,#4100,.T.);
#4103=ORIENTED_EDGE('',*,*,#4102,.T.);
#4104=EDGE_LOOP('',(#4101,#4103));
#4105=FACE_OUTER_BOUND('',#4104,.F.);
#4106=ORIENTED_EDGE('',*,*,#4075,.F.);
#4107=ORIENTED_EDGE('',*,*,#4089,.F.);
#4108=EDGE_LOOP('',(#4106,#4107));
#4109=FACE_BOUND('',#4108,.F.);
#4110=ADVANCED_FACE('',(#4105,#4109),#4099,.F.);
#4111=CARTESIAN_POINT('',(-7.475E1,2.990821510136E1,-1.13E1));
#4112=DIRECTION('',(1.E0,0.E0,0.E0));
#4113=DIRECTION('',(0.E0,0.E0,-1.E0));
#4114=AXIS2_PLACEMENT_3D('',#4111,#4112,#4113);
#4115=CONICAL_SURFACE('',#4114,4.283164623364E0,1.E0);
#4117=ORIENTED_EDGE('',*,*,#4116,.T.);
#4119=ORIENTED_EDGE('',*,*,#4118,.T.);
#4120=ORIENTED_EDGE('',*,*,#4100,.F.);
#4122=ORIENTED_EDGE('',*,*,#4121,.F.);
#4123=EDGE_LOOP('',(#4117,#4119,#4120,#4122));
#4124=FACE_OUTER_BOUND('',#4123,.F.);
#4125=ADVANCED_FACE('',(#4124),#4115,.F.);
#4126=CARTESIAN_POINT('',(-7.285E1,0.E0,0.E0));
#4127=DIRECTION('',(-1.E0,0.E0,0.E0));
#4128=DIRECTION('',(0.E0,-1.E0,0.E0));
#4129=AXIS2_PLACEMENT_3D('',#4126,#4127,#4128);
#4130=PLANE('',#4129);
#4131=ORIENTED_EDGE('',*,*,#3900,.T.);
#4132=ORIENTED_EDGE('',*,*,#3915,.T.);
#4134=ORIENTED_EDGE('',*,*,#4133,.T.);
#4136=ORIENTED_EDGE('',*,*,#4135,.F.);
#4138=ORIENTED_EDGE('',*,*,#4137,.T.);
#4140=ORIENTED_EDGE('',*,*,#4139,.T.);
#4142=ORIENTED_EDGE('',*,*,#4141,.F.);
#4144=ORIENTED_EDGE('',*,*,#4143,.F.);
#4146=ORIENTED_EDGE('',*,*,#4145,.F.);
#4148=ORIENTED_EDGE('',*,*,#4147,.F.);
#4150=ORIENTED_EDGE('',*,*,#4149,.F.);
#4152=ORIENTED_EDGE('',*,*,#4151,.F.);
#4154=ORIENTED_EDGE('',*,*,#4153,.F.);
#4156=ORIENTED_EDGE('',*,*,#4155,.F.);
#4158=ORIENTED_EDGE('',*,*,#4157,.F.);
#4160=ORIENTED_EDGE('',*,*,#4159,.F.);
#4162=ORIENTED_EDGE('',*,*,#4161,.F.);
#4164=ORIENTED_EDGE('',*,*,#4163,.F.);
#4166=ORIENTED_EDGE('',*,*,#4165,.T.);
#4168=ORIENTED_EDGE('',*,*,#4167,.T.);
#4169=ORIENTED_EDGE('',*,*,#3872,.F.);
#4170=EDGE_LOOP('',(#4131,#4132,#4134,#4136,#4138,#4140,#4142,#4144,#4146,#4148,
#4150,#4152,#4154,#4156,#4158,#4160,#4162,#4164,#4166,#4168,#4169));
#4171=FACE_OUTER_BOUND('',#4170,.F.);
#4173=ORIENTED_EDGE('',*,*,#4172,.T.);
#4175=ORIENTED_EDGE('',*,*,#4174,.F.);
#4177=ORIENTED_EDGE('',*,*,#4176,.F.);
#4179=ORIENTED_EDGE('',*,*,#4178,.T.);
#4180=EDGE_LOOP('',(#4173,#4175,#4177,#4179));
#4181=FACE_BOUND('',#4180,.F.);
#4182=ORIENTED_EDGE('',*,*,#4116,.F.);
#4184=ORIENTED_EDGE('',*,*,#4183,.F.);
#4185=EDGE_LOOP('',(#4182,#4184));
#4186=FACE_BOUND('',#4185,.F.);
#4188=ORIENTED_EDGE('',*,*,#4187,.F.);
#4190=ORIENTED_EDGE('',*,*,#4189,.F.);
#4192=ORIENTED_EDGE('',*,*,#4191,.T.);
#4194=ORIENTED_EDGE('',*,*,#4193,.T.);
#4195=EDGE_LOOP('',(#4188,#4190,#4192,#4194));
#4196=FACE_BOUND('',#4195,.F.);
#4197=ADVANCED_FACE('',(#4171,#4181,#4186,#4196),#4130,.F.);
#4198=CARTESIAN_POINT('',(-7.41E1,2.990821510136E1,-1.13E1));
#4199=DIRECTION('',(-1.E0,0.E0,0.E0));
#4200=DIRECTION('',(0.E0,0.E0,1.E0));
#4201=AXIS2_PLACEMENT_3D('',#4198,#4199,#4200);
#4202=CONICAL_SURFACE('',#4201,5.338148077887E0,1.E0);
#4204=ORIENTED_EDGE('',*,*,#4203,.T.);
#4205=ORIENTED_EDGE('',*,*,#4191,.F.);
#4207=ORIENTED_EDGE('',*,*,#4206,.T.);
#4209=ORIENTED_EDGE('',*,*,#4208,.F.);
#4210=EDGE_LOOP('',(#4204,#4205,#4207,#4209));
#4211=FACE_OUTER_BOUND('',#4210,.F.);
#4212=ADVANCED_FACE('',(#4211),#4202,.T.);
#4213=CARTESIAN_POINT('',(-7.41E1,2.990821510136E1,-1.13E1));
#4214=DIRECTION('',(-1.E0,0.E0,0.E0));
#4215=DIRECTION('',(0.E0,0.E0,1.E0));
#4216=AXIS2_PLACEMENT_3D('',#4213,#4214,#4215);
#4217=CONICAL_SURFACE('',#4216,5.338148077887E0,1.E0);
#4219=ORIENTED_EDGE('',*,*,#4218,.F.);
#4221=ORIENTED_EDGE('',*,*,#4220,.F.);
#4223=ORIENTED_EDGE('',*,*,#4222,.F.);
#4224=ORIENTED_EDGE('',*,*,#4172,.F.);
#4225=EDGE_LOOP('',(#4219,#4221,#4223,#4224));
#4226=FACE_OUTER_BOUND('',#4225,.F.);
#4227=ADVANCED_FACE('',(#4226),#4217,.T.);
#4228=CARTESIAN_POINT('',(-7.285E1,3.040821510136E1,-1.478104352310E1));
#4229=DIRECTION('',(-1.745240643728E-2,-9.998476951564E-1,0.E0));
#4230=DIRECTION('',(0.E0,0.E0,-1.E0));
#4231=AXIS2_PLACEMENT_3D('',#4228,#4229,#4230);
#4232=PLANE('',#4231);
#4234=ORIENTED_EDGE('',*,*,#4233,.F.);
#4236=ORIENTED_EDGE('',*,*,#4235,.T.);
#4237=ORIENTED_EDGE('',*,*,#4193,.F.);
#4238=ORIENTED_EDGE('',*,*,#4203,.F.);
#4239=EDGE_LOOP('',(#4234,#4236,#4237,#4238));
#4240=FACE_OUTER_BOUND('',#4239,.F.);
#4241=ADVANCED_FACE('',(#4240),#4232,.F.);
#4242=CARTESIAN_POINT('',(-7.535E1,0.E0,0.E0));
#4243=DIRECTION('',(-1.E0,0.E0,0.E0));
#4244=DIRECTION('',(0.E0,0.E0,1.E0));
#4245=AXIS2_PLACEMENT_3D('',#4242,#4243,#4244);
#4246=PLANE('',#4245);
#4247=ORIENTED_EDGE('',*,*,#4233,.T.);
#4248=ORIENTED_EDGE('',*,*,#4208,.T.);
#4250=ORIENTED_EDGE('',*,*,#4249,.T.);
#4252=ORIENTED_EDGE('',*,*,#4251,.T.);
#4253=EDGE_LOOP('',(#4247,#4248,#4250,#4252));
#4254=FACE_OUTER_BOUND('',#4253,.F.);
#4255=ADVANCED_FACE('',(#4254),#4246,.F.);
#4256=CARTESIAN_POINT('',(-7.535E1,0.E0,0.E0));
#4257=DIRECTION('',(-1.E0,0.E0,0.E0));
#4258=DIRECTION('',(0.E0,0.E0,1.E0));
#4259=AXIS2_PLACEMENT_3D('',#4256,#4257,#4258);
#4260=PLANE('',#4259);
#4262=ORIENTED_EDGE('',*,*,#4261,.F.);
#4264=ORIENTED_EDGE('',*,*,#4263,.T.);
#4266=ORIENTED_EDGE('',*,*,#4265,.T.);
#4267=ORIENTED_EDGE('',*,*,#4220,.T.);
#4268=EDGE_LOOP('',(#4262,#4264,#4266,#4267));
#4269=FACE_OUTER_BOUND('',#4268,.F.);
#4270=ADVANCED_FACE('',(#4269),#4260,.F.);
#4271=CARTESIAN_POINT('',(-7.285E1,3.379614731286E1,-1.247088215836E1));
#4272=DIRECTION('',(1.745240643728E-2,8.714246850589E-2,-9.960429728140E-1));
#4273=DIRECTION('',(0.E0,9.961946980917E-1,8.715574274766E-2));
#4274=AXIS2_PLACEMENT_3D('',#4271,#4272,#4273);
#4275=PLANE('',#4274);
#4276=ORIENTED_EDGE('',*,*,#4189,.T.);
#4278=ORIENTED_EDGE('',*,*,#4277,.T.);
#4279=ORIENTED_EDGE('',*,*,#4249,.F.);
#4280=ORIENTED_EDGE('',*,*,#4206,.F.);
#4281=EDGE_LOOP('',(#4276,#4278,#4279,#4280));
#4282=FACE_OUTER_BOUND('',#4281,.F.);
#4283=ADVANCED_FACE('',(#4282),#4275,.T.);
#4284=CARTESIAN_POINT('',(-7.41E1,2.990821510136E1,-1.13E1));
#4285=DIRECTION('',(1.E0,0.E0,0.E0));
#4286=DIRECTION('',(0.E0,0.E0,-1.E0));
#4287=AXIS2_PLACEMENT_3D('',#4284,#4285,#4286);
#4288=CONICAL_SURFACE('',#4287,6.772853259495E0,1.E0);
#4289=ORIENTED_EDGE('',*,*,#4235,.F.);
#4290=ORIENTED_EDGE('',*,*,#4251,.F.);
#4291=ORIENTED_EDGE('',*,*,#4277,.F.);
#4292=ORIENTED_EDGE('',*,*,#4187,.T.);
#4293=EDGE_LOOP('',(#4289,#4290,#4291,#4292));
#4294=FACE_OUTER_BOUND('',#4293,.F.);
#4295=ADVANCED_FACE('',(#4294),#4288,.F.);
#4296=CARTESIAN_POINT('',(-7.41E1,2.990821510136E1,-1.13E1));
#4297=DIRECTION('',(1.E0,0.E0,0.E0));
#4298=DIRECTION('',(0.E0,0.E0,-1.E0));
#4299=AXIS2_PLACEMENT_3D('',#4296,#4297,#4298);
#4300=CONICAL_SURFACE('',#4299,6.772853259495E0,1.E0);
#4302=ORIENTED_EDGE('',*,*,#4301,.T.);
#4303=ORIENTED_EDGE('',*,*,#4176,.T.);
#4305=ORIENTED_EDGE('',*,*,#4304,.T.);
#4306=ORIENTED_EDGE('',*,*,#4263,.F.);
#4307=EDGE_LOOP('',(#4302,#4303,#4305,#4306));
#4308=FACE_OUTER_BOUND('',#4307,.F.);
#4309=ADVANCED_FACE('',(#4308),#4300,.F.);
#4310=CARTESIAN_POINT('',(-7.285E1,2.940821510136E1,-2.023547646438E1));
#4311=DIRECTION('',(-1.745240643728E-2,9.998476951564E-1,0.E0));
#4312=DIRECTION('',(0.E0,0.E0,1.E0));
#4313=AXIS2_PLACEMENT_3D('',#4310,#4311,#4312);
#4314=PLANE('',#4313);
#4315=ORIENTED_EDGE('',*,*,#4261,.T.);
#4316=ORIENTED_EDGE('',*,*,#4218,.T.);
#4317=ORIENTED_EDGE('',*,*,#4178,.F.);
#4318=ORIENTED_EDGE('',*,*,#4301,.F.);
#4319=EDGE_LOOP('',(#4315,#4316,#4317,#4318));
#4320=FACE_OUTER_BOUND('',#4319,.F.);
#4321=ADVANCED_FACE('',(#4320),#4314,.F.);
#4322=CARTESIAN_POINT('',(-7.285E1,2.185376703536E1,-1.210635925469E1));
#4323=DIRECTION('',(1.745240643728E-2,-8.714246850589E-2,-9.960429728140E-1));
#4324=DIRECTION('',(0.E0,9.961946980917E-1,-8.715574274766E-2));
#4325=AXIS2_PLACEMENT_3D('',#4322,#4323,#4324);
#4326=PLANE('',#4325);
#4327=ORIENTED_EDGE('',*,*,#4174,.T.);
#4328=ORIENTED_EDGE('',*,*,#4222,.T.);
#4329=ORIENTED_EDGE('',*,*,#4265,.F.);
#4330=ORIENTED_EDGE('',*,*,#4304,.F.);
#4331=EDGE_LOOP('',(#4327,#4328,#4329,#4330));
#4332=FACE_OUTER_BOUND('',#4331,.F.);
#4333=ADVANCED_FACE('',(#4332),#4326,.T.);
#4334=CARTESIAN_POINT('',(-7.475E1,2.990821510136E1,-1.13E1));
#4335=DIRECTION('',(1.E0,0.E0,0.E0));
#4336=DIRECTION('',(0.E0,0.E0,-1.E0));
#4337=AXIS2_PLACEMENT_3D('',#4334,#4335,#4336);
#4338=CONICAL_SURFACE('',#4337,4.283164623364E0,1.E0);
#4339=ORIENTED_EDGE('',*,*,#4183,.T.);
#4340=ORIENTED_EDGE('',*,*,#4121,.T.);
#4341=ORIENTED_EDGE('',*,*,#4102,.F.);
#4342=ORIENTED_EDGE('',*,*,#4118,.F.);
#4343=EDGE_LOOP('',(#4339,#4340,#4341,#4342));
#4344=FACE_OUTER_BOUND('',#4343,.F.);
#4345=ADVANCED_FACE('',(#4344),#4338,.F.);
#4346=CARTESIAN_POINT('',(-7.315E1,2.213758404758E1,-1.228629047202E1));
#4347=DIRECTION('',(0.E0,-9.961946980917E-1,-8.715574274766E-2));
#4348=DIRECTION('',(1.E0,0.E0,0.E0));
#4349=AXIS2_PLACEMENT_3D('',#4346,#4347,#4348);
#4350=CYLINDRICAL_SURFACE('',#4349,3.E-1);
#4352=ORIENTED_EDGE('',*,*,#4351,.T.);
#4354=ORIENTED_EDGE('',*,*,#4353,.F.);
#4355=ORIENTED_EDGE('',*,*,#4133,.F.);
#4356=ORIENTED_EDGE('',*,*,#3913,.T.);
#4357=EDGE_LOOP('',(#4352,#4354,#4355,#4356));
#4358=FACE_OUTER_BOUND('',#4357,.F.);
#4359=ADVANCED_FACE('',(#4358),#4350,.T.);
#4360=CARTESIAN_POINT('',(-7.285E1,4.619584711809E1,-9.875016842855E0));
#4361=DIRECTION('',(-1.745240643728E-2,-8.714246850589E-2,9.960429728140E-1));
#4362=DIRECTION('',(0.E0,-9.961946980917E-1,-8.715574274766E-2));
#4363=AXIS2_PLACEMENT_3D('',#4360,#4361,#4362);
#4364=PLANE('',#4363);
#4365=ORIENTED_EDGE('',*,*,#4351,.F.);
#4366=ORIENTED_EDGE('',*,*,#3930,.T.);
#4368=ORIENTED_EDGE('',*,*,#4367,.F.);
#4370=ORIENTED_EDGE('',*,*,#4369,.F.);
#4371=EDGE_LOOP('',(#4365,#4366,#4368,#4370));
#4372=FACE_OUTER_BOUND('',#4371,.F.);
#4373=ADVANCED_FACE('',(#4372),#4364,.T.);
#4374=CARTESIAN_POINT('',(-7.62E1,3.796430785496E1,-1.095507286646E1));
#4375=DIRECTION('',(0.E0,9.961946980917E-1,8.715574274766E-2));
#4376=DIRECTION('',(-1.E0,0.E0,0.E0));
#4377=AXIS2_PLACEMENT_3D('',#4374,#4375,#4376);
#4378=CYLINDRICAL_SURFACE('',#4377,3.E-1);
#4379=ORIENTED_EDGE('',*,*,#4367,.T.);
#4380=ORIENTED_EDGE('',*,*,#3942,.F.);
#4381=ORIENTED_EDGE('',*,*,#3954,.F.);
#4383=ORIENTED_EDGE('',*,*,#4382,.T.);
#4384=EDGE_LOOP('',(#4379,#4380,#4381,#4383));
#4385=FACE_OUTER_BOUND('',#4384,.F.);
#4386=ADVANCED_FACE('',(#4385),#4378,.T.);
#4387=CARTESIAN_POINT('',(-7.62E1,3.754348081821E1,-1.099189046148E1));
#4388=DIRECTION('',(-7.009092642999E-1,6.216387266114E-2,-7.105363158589E-1));
#4389=DIRECTION('',(-7.132504491542E-1,-6.108826752878E-2,6.982420929389E-1));
#4390=AXIS2_PLACEMENT_3D('',#4387,#4388,#4389);
#4391=SPHERICAL_SURFACE('',#4390,3.E-1);
#4393=ORIENTED_EDGE('',*,*,#4392,.F.);
#4395=ORIENTED_EDGE('',*,*,#4394,.T.);
#4396=ORIENTED_EDGE('',*,*,#4382,.F.);
#4397=EDGE_LOOP('',(#4393,#4395,#4396));
#4398=FACE_OUTER_BOUND('',#4397,.F.);
#4399=ADVANCED_FACE('',(#4398),#4391,.T.);
#4400=CARTESIAN_POINT('',(-7.62E1,2.990821510136E1,-1.13E1));
#4401=DIRECTION('',(-1.E0,0.E0,0.E0));
#4402=DIRECTION('',(0.E0,6.558266054475E-1,7.549115601097E-1));
#4403=AXIS2_PLACEMENT_3D('',#4400,#4401,#4402);
#4404=TOROIDAL_SURFACE('',#4403,7.641479834077E0,3.E-1);
#4405=ORIENTED_EDGE('',*,*,#4392,.T.);
#4406=ORIENTED_EDGE('',*,*,#3965,.T.);
#4408=ORIENTED_EDGE('',*,*,#4407,.F.);
#4409=ORIENTED_EDGE('',*,*,#3856,.F.);
#4410=EDGE_LOOP('',(#4405,#4406,#4408,#4409));
#4411=FACE_OUTER_BOUND('',#4410,.F.);
#4412=ADVANCED_FACE('',(#4411),#4404,.T.);
#4413=CARTESIAN_POINT('',(-7.62E1,3.129969493544E1,-2.009145743048E1));
#4414=DIRECTION('',(0.E0,0.E0,-1.E0));
#4415=DIRECTION('',(-1.E0,0.E0,0.E0));
#4416=AXIS2_PLACEMENT_3D('',#4413,#4414,#4415);
#4417=CYLINDRICAL_SURFACE('',#4416,3.E-1);
#4419=ORIENTED_EDGE('',*,*,#4418,.T.);
#4420=ORIENTED_EDGE('',*,*,#4407,.T.);
#4421=ORIENTED_EDGE('',*,*,#3963,.F.);
#4423=ORIENTED_EDGE('',*,*,#4422,.T.);
#4424=EDGE_LOOP('',(#4419,#4420,#4421,#4423));
#4425=FACE_OUTER_BOUND('',#4424,.F.);
#4426=ADVANCED_FACE('',(#4425),#4417,.T.);
#4427=CARTESIAN_POINT('',(-7.285E1,3.165821510136E1,-1.777856324184E1));
#4428=DIRECTION('',(1.745240643728E-2,-9.998476951564E-1,0.E0));
#4429=DIRECTION('',(0.E0,0.E0,-1.E0));
#4430=AXIS2_PLACEMENT_3D('',#4427,#4428,#4429);
#4431=PLANE('',#4430);
#4433=ORIENTED_EDGE('',*,*,#4432,.F.);
#4435=ORIENTED_EDGE('',*,*,#4434,.F.);
#4437=ORIENTED_EDGE('',*,*,#4436,.F.);
#4438=ORIENTED_EDGE('',*,*,#3858,.F.);
#4439=ORIENTED_EDGE('',*,*,#4418,.F.);
#4441=ORIENTED_EDGE('',*,*,#4440,.F.);
#4442=EDGE_LOOP('',(#4433,#4435,#4437,#4438,#4439,#4441));
#4443=FACE_OUTER_BOUND('',#4442,.F.);
#4444=ADVANCED_FACE('',(#4443),#4431,.F.);
#4445=CARTESIAN_POINT('',(-7.354888549278E1,3.158508427234E1,
-2.375981246695E1));
#4446=CARTESIAN_POINT('',(-7.377403361598E1,3.158115429723E1,
-2.355436786521E1));
#4447=CARTESIAN_POINT('',(-7.425060414476E1,3.157283572771E1,
-2.309075995443E1));
#4448=CARTESIAN_POINT('',(-7.493359687325E1,3.156091404529E1,
-2.232683432855E1));
#4449=CARTESIAN_POINT('',(-7.538257757808E1,3.155307705793E1,
-2.174125134509E1));
#4450=CARTESIAN_POINT('',(-7.560027239063E1,3.154927718085E1,
-2.143276568504E1));
#4451=CARTESIAN_POINT('',(-7.561062813744E1,3.154909642061E1,
-2.141803198299E1));
#4452=CARTESIAN_POINT('',(-7.380206939783E1,3.186001667209E1,
-2.403202299066E1));
#4453=CARTESIAN_POINT('',(-7.403301492295E1,3.185598550295E1,
-2.382128835284E1));
#4454=CARTESIAN_POINT('',(-7.452185695107E1,3.184745273361E1,
-2.334574269926E1));
#4455=CARTESIAN_POINT('',(-7.522243706571E1,3.183522406222E1,
-2.256214565276E1));
#4456=CARTESIAN_POINT('',(-7.568297966015E1,3.182718526133E1,
-2.196148314951E1));
#4457=CARTESIAN_POINT('',(-7.590628048238E1,3.182328753098E1,
-2.164505341608E1));
#4458=CARTESIAN_POINT('',(-7.591690290732E1,3.182310211587E1,
-2.162994029370E1));
#4459=CARTESIAN_POINT('',(-7.401802220219E1,3.153119381594E1,
-2.427498060148E1));
#4460=CARTESIAN_POINT('',(-7.425414211550E1,3.152707232752E1,
-2.405952441759E1));
#4461=CARTESIAN_POINT('',(-7.475393689489E1,3.151834837720E1,
-2.357332390236E1));
#4462=CARTESIAN_POINT('',(-7.547021437958E1,3.150584570719E1,
-2.277216941066E1));
#4463=CARTESIAN_POINT('',(-7.594107637328E1,3.149762678052E1,
-2.215804789763E1));
#4464=CARTESIAN_POINT('',(-7.616938075929E1,3.149364171264E1,
-2.183452779508E1));
#4465=CARTESIAN_POINT('',(-7.618024120398E1,3.149345214287E1,
-2.181907602653E1));
#4466=CARTESIAN_POINT('',(-7.382626864803E1,3.116272383286E1,
-2.407188226794E1));
#4467=CARTESIAN_POINT('',(-7.405806307585E1,3.115867784607E1,
-2.386037302004E1));
#4468=CARTESIAN_POINT('',(-7.454870199664E1,3.115011371185E1,
-2.338307934513E1));
#4469=CARTESIAN_POINT('',(-7.525185739931E1,3.113784008865E1,
-2.259660184935E1));
#4470=CARTESIAN_POINT('',(-7.571409297960E1,3.112977173658E1,
-2.199373128025E1));
#4471=CARTESIAN_POINT('',(-7.593821467933E1,3.112585967776E1,
-2.167613831103E1));
#4472=CARTESIAN_POINT('',(-7.594887615344E1,3.112567358104E1,
-2.166096963085E1));
#4473=(BOUNDED_SURFACE()B_SPLINE_SURFACE(3,3,((#4445,#4446,#4447,#4448,#4449,
#4450,#4451),(#4452,#4453,#4454,#4455,#4456,#4457,#4458),(#4459,#4460,#4461,
#4462,#4463,#4464,#4465),(#4466,#4467,#4468,#4469,#4470,#4471,#4472)),
.UNSPECIFIED.,.F.,.F.,.F.)B_SPLINE_SURFACE_WITH_KNOTS((4,4),(4,1,1,1,4),(0.E0,
1.E0),(5.079834373736E-2,3.333389050296E-1,6.666722015253E-1,1.E0,
1.016695685543E0),.UNSPECIFIED.)GEOMETRIC_REPRESENTATION_ITEM()RATIONAL_B_SPLINE_SURFACE(((1.750959362711E0,1.750959362711E0,1.750959362711E0,1.750959362711E0,
1.750959362711E0,1.750959362711E0,1.750959362711E0),(7.496802124296E-1,
7.496802124296E-1,7.496802124296E-1,7.496802124296E-1,7.496802124296E-1,
7.496802124296E-1,7.496802124296E-1),(7.496802124296E-1,7.496802124296E-1,
7.496802124296E-1,7.496802124296E-1,7.496802124296E-1,7.496802124296E-1,
7.496802124296E-1),(1.750959362711E0,1.750959362711E0,1.750959362711E0,
1.750959362711E0,1.750959362711E0,1.750959362711E0,1.750959362711E0)))REPRESENTATION_ITEM('')SURFACE());
#4475=ORIENTED_EDGE('',*,*,#4474,.F.);
#4477=ORIENTED_EDGE('',*,*,#4476,.T.);
#4478=ORIENTED_EDGE('',*,*,#4432,.T.);
#4480=ORIENTED_EDGE('',*,*,#4479,.F.);
#4481=EDGE_LOOP('',(#4475,#4477,#4478,#4480));
#4482=FACE_OUTER_BOUND('',#4481,.F.);
#4483=ADVANCED_FACE('',(#4482),#4473,.T.);
#4484=CARTESIAN_POINT('',(-6.39E1,2.815821510136E1,-1.319E1));
#4485=DIRECTION('',(0.E0,1.E0,0.E0));
#4486=DIRECTION('',(-1.E0,0.E0,0.E0));
#4487=AXIS2_PLACEMENT_3D('',#4484,#4485,#4486);
#4488=CYLINDRICAL_SURFACE('',#4487,1.479E1);
#4490=ORIENTED_EDGE('',*,*,#4489,.F.);
#4492=ORIENTED_EDGE('',*,*,#4491,.T.);
#4494=ORIENTED_EDGE('',*,*,#4493,.F.);
#4496=ORIENTED_EDGE('',*,*,#4495,.T.);
#4498=ORIENTED_EDGE('',*,*,#4497,.F.);
#4500=ORIENTED_EDGE('',*,*,#4499,.T.);
#4502=ORIENTED_EDGE('',*,*,#4501,.F.);
#4504=ORIENTED_EDGE('',*,*,#4503,.T.);
#4506=ORIENTED_EDGE('',*,*,#4505,.F.);
#4508=ORIENTED_EDGE('',*,*,#4507,.T.);
#4510=ORIENTED_EDGE('',*,*,#4509,.F.);
#4512=ORIENTED_EDGE('',*,*,#4511,.T.);
#4514=ORIENTED_EDGE('',*,*,#4513,.F.);
#4516=ORIENTED_EDGE('',*,*,#4515,.T.);
#4517=ORIENTED_EDGE('',*,*,#4474,.T.);
#4519=ORIENTED_EDGE('',*,*,#4518,.F.);
#4521=ORIENTED_EDGE('',*,*,#4520,.F.);
#4522=EDGE_LOOP('',(#4490,#4492,#4494,#4496,#4498,#4500,#4502,#4504,#4506,#4508,
#4510,#4512,#4514,#4516,#4517,#4519,#4521));
#4523=FACE_OUTER_BOUND('',#4522,.F.);
#4524=ADVANCED_FACE('',(#4523),#4488,.T.);
#4525=CARTESIAN_POINT('',(-7.393527970767E1,2.855520463169E1,
-2.405445714086E1));
#4526=CARTESIAN_POINT('',(-7.393861895895E1,2.852776025946E1,
-2.405137274483E1));
#4527=CARTESIAN_POINT('',(-7.394205496158E1,2.850033767852E1,
-2.404819601033E1));
#4528=CARTESIAN_POINT('',(-7.394558673605E1,2.847293820145E1,
-2.404492733934E1));
#4529=CARTESIAN_POINT('',(-7.387914956721E1,2.854263584031E1,
-2.410784496794E1));
#4530=CARTESIAN_POINT('',(-7.388253471157E1,2.851494427085E1,
-2.410475062219E1));
#4531=CARTESIAN_POINT('',(-7.388601785787E1,2.848727536007E1,
-2.410156368647E1));
#4532=CARTESIAN_POINT('',(-7.388959800022E1,2.845963046289E1,
-2.409828457141E1));
#4533=CARTESIAN_POINT('',(-7.380688968097E1,2.853090736518E1,
-2.413612542152E1));
#4534=CARTESIAN_POINT('',(-7.381031102700E1,2.850298512544E1,
-2.413302790527E1));
#4535=CARTESIAN_POINT('',(-7.381383135008E1,2.847508635379E1,
-2.412983774741E1));
#4536=CARTESIAN_POINT('',(-7.381744962160E1,2.844721244465E1,
-2.412655536580E1));
#4537=CARTESIAN_POINT('',(-7.372895684316E1,2.852171644466E1,
-2.413520601129E1));
#4538=CARTESIAN_POINT('',(-7.373239946068E1,2.849361344211E1,
-2.413211256259E1));
#4539=CARTESIAN_POINT('',(-7.373594161374E1,2.846553454192E1,
-2.412892662792E1));
#4540=CARTESIAN_POINT('',(-7.373958225804E1,2.843748116949E1,
-2.412564863003E1));
#4541=(BOUNDED_SURFACE()B_SPLINE_SURFACE(3,3,((#4525,#4526,#4527,#4528),(#4529,
#4530,#4531,#4532),(#4533,#4534,#4535,#4536),(#4537,#4538,#4539,#4540)),
.UNSPECIFIED.,.F.,.F.,.F.)B_SPLINE_SURFACE_WITH_KNOTS((4,4),(4,4),(0.E0,1.E0),(
8.753169807695E-1,8.985736280822E-1),.UNSPECIFIED.)GEOMETRIC_REPRESENTATION_ITEM()RATIONAL_B_SPLINE_SURFACE(((1.037535684381E0,1.037535684381E0,1.037535684381E0,
1.037535684381E0),(9.874881052063E-1,9.874881052063E-1,9.874881052063E-1,
9.874881052063E-1),(9.874881052063E-1,9.874881052063E-1,9.874881052063E-1,
9.874881052063E-1),(1.037535684381E0,1.037535684381E0,1.037535684381E0,
1.037535684381E0)))REPRESENTATION_ITEM('')SURFACE());
#4543=ORIENTED_EDGE('',*,*,#4542,.F.);
#4545=ORIENTED_EDGE('',*,*,#4544,.F.);
#4546=ORIENTED_EDGE('',*,*,#4489,.T.);
#4548=ORIENTED_EDGE('',*,*,#4547,.F.);
#4549=EDGE_LOOP('',(#4543,#4545,#4546,#4548));
#4550=FACE_OUTER_BOUND('',#4549,.F.);
#4551=ADVANCED_FACE('',(#4550),#4541,.T.);
#4552=CARTESIAN_POINT('',(-7.344951540961E1,2.990821510136E1,-1.13E1));
#4553=DIRECTION('',(1.E0,0.E0,0.E0));
#4554=DIRECTION('',(0.E0,1.E0,0.E0));
#4555=AXIS2_PLACEMENT_3D('',#4552,#4553,#4554);
#4556=CONICAL_SURFACE('',#4555,1.291480040644E1,1.E0);
#4557=ORIENTED_EDGE('',*,*,#4542,.T.);
#4559=ORIENTED_EDGE('',*,*,#4558,.F.);
#4561=ORIENTED_EDGE('',*,*,#4560,.F.);
#4563=ORIENTED_EDGE('',*,*,#4562,.F.);
#4564=EDGE_LOOP('',(#4557,#4559,#4561,#4563));
#4565=FACE_OUTER_BOUND('',#4564,.F.);
#4566=ADVANCED_FACE('',(#4565),#4556,.T.);
#4567=CARTESIAN_POINT('',(-7.344951540961E1,2.990821510136E1,-1.13E1));
#4568=DIRECTION('',(1.E0,0.E0,0.E0));
#4569=DIRECTION('',(0.E0,1.E0,0.E0));
#4570=AXIS2_PLACEMENT_3D('',#4567,#4568,#4569);
#4571=CONICAL_SURFACE('',#4570,1.291480040644E1,1.E0);
#4573=ORIENTED_EDGE('',*,*,#4572,.F.);
#4575=ORIENTED_EDGE('',*,*,#4574,.T.);
#4577=ORIENTED_EDGE('',*,*,#4576,.F.);
#4579=ORIENTED_EDGE('',*,*,#4578,.T.);
#4580=EDGE_LOOP('',(#4573,#4575,#4577,#4579));
#4581=FACE_OUTER_BOUND('',#4580,.F.);
#4582=ADVANCED_FACE('',(#4581),#4571,.T.);
#4583=CARTESIAN_POINT('',(-7.295681867814E1,2.861292866687E1,
-2.409819313158E1));
#4584=CARTESIAN_POINT('',(-7.328267405906E1,2.861861649370E1,
-2.409312433092E1));
#4585=CARTESIAN_POINT('',(-7.360852939396E1,2.862430431973E1,
-2.408805245770E1));
#4586=CARTESIAN_POINT('',(-7.393438468261E1,2.862999214495E1,
-2.408297750073E1));
#4587=CARTESIAN_POINT('',(-7.296656649620E1,2.824731812762E1,
-2.431458545100E1));
#4588=CARTESIAN_POINT('',(-7.329242323697E1,2.825300597819E1,
-2.430951662918E1));
#4589=CARTESIAN_POINT('',(-7.361827993418E1,2.825869382799E1,
-2.430444473476E1));
#4590=CARTESIAN_POINT('',(-7.394413658764E1,2.826438167704E1,
-2.429936975654E1));
#4591=CARTESIAN_POINT('',(-7.296657129206E1,2.796443297628E1,
-2.399746132166E1));
#4592=CARTESIAN_POINT('',(-7.329242603996E1,2.797012079207E1,
-2.399239253085E1));
#4593=CARTESIAN_POINT('',(-7.361828074070E1,2.797580860703E1,
-2.398732066750E1));
#4594=CARTESIAN_POINT('',(-7.394413539403E1,2.798149642116E1,
-2.398224572043E1));
#4595=CARTESIAN_POINT('',(-7.295682532245E1,2.822101146815E1,
-2.365884027113E1));
#4596=CARTESIAN_POINT('',(-7.328267794241E1,2.822669924678E1,
-2.365377151341E1));
#4597=CARTESIAN_POINT('',(-7.360853051133E1,2.823238702453E1,
-2.364869968325E1));
#4598=CARTESIAN_POINT('',(-7.393438302895E1,2.823807480138E1,
-2.364362476944E1));
#4599=(BOUNDED_SURFACE()B_SPLINE_SURFACE(3,3,((#4583,#4584,#4585,#4586),(#4587,
#4588,#4589,#4590),(#4591,#4592,#4593,#4594),(#4595,#4596,#4597,#4598)),
.UNSPECIFIED.,.F.,.F.,.F.)B_SPLINE_SURFACE_WITH_KNOTS((4,4),(4,4),(0.E0,1.E0),(
4.247337700839E-2,3.036028007741E-1),.UNSPECIFIED.)GEOMETRIC_REPRESENTATION_ITEM()RATIONAL_B_SPLINE_SURFACE(((1.676847457971E0,1.676847457971E0,1.676847457971E0,
1.676847457971E0),(7.743841806764E-1,7.743841806764E-1,7.743841806764E-1,
7.743841806764E-1),(7.743841806764E-1,7.743841806764E-1,7.743841806764E-1,
7.743841806764E-1),(1.676847457971E0,1.676847457971E0,1.676847457971E0,
1.676847457971E0)))REPRESENTATION_ITEM('')SURFACE());
#4601=ORIENTED_EDGE('',*,*,#4600,.T.);
#4603=ORIENTED_EDGE('',*,*,#4602,.F.);
#4605=ORIENTED_EDGE('',*,*,#4604,.T.);
#4606=ORIENTED_EDGE('',*,*,#4558,.T.);
#4607=EDGE_LOOP('',(#4601,#4603,#4605,#4606));
#4608=FACE_OUTER_BOUND('',#4607,.F.);
#4609=ADVANCED_FACE('',(#4608),#4599,.T.);
#4610=CARTESIAN_POINT('',(-7.373850245562E1,2.847376966783E1,
-2.382785549022E1));
#4611=DIRECTION('',(4.705710886231E-1,-7.112256321874E-1,5.222269149247E-1));
#4612=DIRECTION('',(-4.895639834184E-1,-7.028470043398E-1,-5.160747955773E-1));
#4613=AXIS2_PLACEMENT_3D('',#4610,#4611,#4612);
#4614=SPHERICAL_SURFACE('',#4613,3.E-1);
#4615=ORIENTED_EDGE('',*,*,#4600,.F.);
#4616=ORIENTED_EDGE('',*,*,#4547,.T.);
#4618=ORIENTED_EDGE('',*,*,#4617,.F.);
#4619=EDGE_LOOP('',(#4615,#4616,#4618));
#4620=FACE_OUTER_BOUND('',#4619,.F.);
#4621=ADVANCED_FACE('',(#4620),#4614,.T.);
#4622=CARTESIAN_POINT('',(-7.382627193728E1,2.865370642767E1,
-2.407187927672E1));
#4623=CARTESIAN_POINT('',(-7.406013815098E1,2.865778857761E1,
-2.385847939890E1));
#4624=CARTESIAN_POINT('',(-7.455406369060E1,2.866641007997E1,
-2.337771352206E1));
#4625=CARTESIAN_POINT('',(-7.526109970249E1,2.867875143947E1,
-2.258566685351E1));
#4626=CARTESIAN_POINT('',(-7.572092558892E1,2.868677773017E1,
-2.198448289436E1));
#4627=CARTESIAN_POINT('',(-7.594208381205E1,2.869063806132E1,
-2.167063352571E1));
#4628=CARTESIAN_POINT('',(-7.594887631050E1,2.869075662482E1,
-2.166096948538E1));
#4629=CARTESIAN_POINT('',(-7.401802555727E1,2.828523643838E1,
-2.427497755917E1));
#4630=CARTESIAN_POINT('',(-7.425625591806E1,2.828939476479E1,
-2.405759546474E1));
#4631=CARTESIAN_POINT('',(-7.475939864941E1,2.829817715384E1,
-2.356785795083E1));
#4632=CARTESIAN_POINT('',(-7.547962916710E1,2.831074882429E1,
-2.276103035084E1));
#4633=CARTESIAN_POINT('',(-7.594803650134E1,2.831892490472E1,
-2.214862691800E1));
#4634=CARTESIAN_POINT('',(-7.617332210611E1,2.832285727958E1,
-2.182892027995E1));
#4635=CARTESIAN_POINT('',(-7.618024137010E1,2.832297805578E1,
-2.181907588265E1));
#4636=CARTESIAN_POINT('',(-7.380207267248E1,2.795641357757E1,
-2.403202000739E1));
#4637=CARTESIAN_POINT('',(-7.403508239585E1,2.796048077742E1,
-2.381940166373E1));
#4638=CARTESIAN_POINT('',(-7.452719900571E1,2.796907070480E1,
-2.334039652506E1));
#4639=CARTESIAN_POINT('',(-7.523164551583E1,2.798136686437E1,
-2.255125070392E1));
#4640=CARTESIAN_POINT('',(-7.568978724111E1,2.798936375793E1,
-2.195226863451E1));
#4641=CARTESIAN_POINT('',(-7.591013544056E1,2.799320995006E1,
-2.163956879049E1));
#4642=CARTESIAN_POINT('',(-7.591690306051E1,2.799332807931E1,
-2.162994014631E1));
#4643=CARTESIAN_POINT('',(-7.354888868404E1,2.823134599031E1,
-2.375980955755E1));
#4644=CARTESIAN_POINT('',(-7.377604918787E1,2.823531109165E1,
-2.355252853611E1));
#4645=CARTESIAN_POINT('',(-7.425581209451E1,2.824368538434E1,
-2.308554798638E1));
#4646=CARTESIAN_POINT('',(-7.494257415001E1,2.825567286061E1,
-2.231621288913E1));
#4647=CARTESIAN_POINT('',(-7.538921425282E1,2.826346899260E1,
-2.173226815999E1));
#4648=CARTESIAN_POINT('',(-7.560403056693E1,2.826721862531E1,
-2.142741875132E1));
#4649=CARTESIAN_POINT('',(-7.561062828438E1,2.826733378890E1,
-2.141803183766E1));
#4650=(BOUNDED_SURFACE()B_SPLINE_SURFACE(3,3,((#4622,#4623,#4624,#4625,#4626,
#4627,#4628),(#4629,#4630,#4631,#4632,#4633,#4634,#4635),(#4636,#4637,#4638,
#4639,#4640,#4641,#4642),(#4643,#4644,#4645,#4646,#4647,#4648,#4649)),
.UNSPECIFIED.,.F.,.F.,.F.)B_SPLINE_SURFACE_WITH_KNOTS((4,4),(4,1,1,1,4),(0.E0,
1.E0),(4.977374833604E-2,3.333389337039E-1,6.666722291967E-1,1.E0,
1.010580773641E0),.UNSPECIFIED.)GEOMETRIC_REPRESENTATION_ITEM()RATIONAL_B_SPLINE_SURFACE(((1.750959381604E0,1.750959381604E0,1.750959381604E0,1.750959381604E0,
1.750959381604E0,1.750959381604E0,1.750959381604E0),(7.496802061320E-1,
7.496802061320E-1,7.496802061320E-1,7.496802061320E-1,7.496802061320E-1,
7.496802061320E-1,7.496802061320E-1),(7.496802061320E-1,7.496802061320E-1,
7.496802061320E-1,7.496802061320E-1,7.496802061320E-1,7.496802061320E-1,
7.496802061320E-1),(1.750959381604E0,1.750959381604E0,1.750959381604E0,
1.750959381604E0,1.750959381604E0,1.750959381604E0,1.750959381604E0)))REPRESENTATION_ITEM('')SURFACE());
#4652=ORIENTED_EDGE('',*,*,#4651,.F.);
#4653=ORIENTED_EDGE('',*,*,#4617,.T.);
#4654=ORIENTED_EDGE('',*,*,#4520,.T.);
#4656=ORIENTED_EDGE('',*,*,#4655,.F.);
#4657=EDGE_LOOP('',(#4652,#4653,#4654,#4656));
#4658=FACE_OUTER_BOUND('',#4657,.F.);
#4659=ADVANCED_FACE('',(#4658),#4650,.T.);
#4660=CARTESIAN_POINT('',(-7.285E1,2.815821510136E1,-2.543393175416E1));
#4661=DIRECTION('',(1.745240643728E-2,9.998476951564E-1,0.E0));
#4662=DIRECTION('',(0.E0,0.E0,1.E0));
#4663=AXIS2_PLACEMENT_3D('',#4660,#4661,#4662);
#4664=PLANE('',#4663);
#4665=ORIENTED_EDGE('',*,*,#4651,.T.);
#4667=ORIENTED_EDGE('',*,*,#4666,.T.);
#4669=ORIENTED_EDGE('',*,*,#4668,.T.);
#4670=ORIENTED_EDGE('',*,*,#3843,.T.);
#4672=ORIENTED_EDGE('',*,*,#4671,.F.);
#4673=ORIENTED_EDGE('',*,*,#4602,.T.);
#4674=EDGE_LOOP('',(#4665,#4667,#4669,#4670,#4672,#4673));
#4675=FACE_OUTER_BOUND('',#4674,.F.);
#4676=ADVANCED_FACE('',(#4675),#4664,.F.);
#4677=CARTESIAN_POINT('',(-7.582894467314E1,2.868809333549E1,
-2.182720461225E1));
#4678=CARTESIAN_POINT('',(-7.583861540587E1,2.868826213876E1,
-2.181462651250E1));
#4679=CARTESIAN_POINT('',(-7.594455620758E1,2.869011134233E1,
-2.167449261508E1));
#4680=CARTESIAN_POINT('',(-7.612317047330E1,2.869322906594E1,
-2.138817740971E1));
#4681=CARTESIAN_POINT('',(-7.630839625502E1,2.869646219398E1,
-2.094303010829E1));
#4682=CARTESIAN_POINT('',(-7.641875178073E1,2.869838845685E1,
-2.047368829004E1));
#4683=CARTESIAN_POINT('',(-7.644189668359E1,2.869879245263E1,
-2.013123478255E1));
#4684=CARTESIAN_POINT('',(-7.643735782816E1,2.869871322662E1,
-1.994987618690E1));
#4685=CARTESIAN_POINT('',(-7.643657768394E1,2.869869960915E1,
-1.992827875831E1));
#4686=CARTESIAN_POINT('',(-7.605221411141E1,2.832026460317E1,
-2.199391870295E1));
#4687=CARTESIAN_POINT('',(-7.606278404246E1,2.832044910200E1,
-2.198017120515E1));
#4688=CARTESIAN_POINT('',(-7.617857530474E1,2.832247024600E1,
-2.182700880589E1));
#4689=CARTESIAN_POINT('',(-7.637379611359E1,2.832587783790E1,
-2.151407203653E1));
#4690=CARTESIAN_POINT('',(-7.657624530300E1,2.832941160164E1,
-2.102753361378E1));
#4691=CARTESIAN_POINT('',(-7.669686211558E1,2.833151697594E1,
-2.051454893327E1));
#4692=CARTESIAN_POINT('',(-7.672216019779E1,2.833195855560E1,
-2.014025099688E1));
#4693=CARTESIAN_POINT('',(-7.671719844877E1,2.833187194795E1,
-1.994202801795E1));
#4694=CARTESIAN_POINT('',(-7.671634563845E1,2.833185706209E1,
-1.991842226267E1));
#4695=CARTESIAN_POINT('',(-7.579740592571E1,2.799179633373E1,
-2.179361357533E1));
#4696=CARTESIAN_POINT('',(-7.580689547996E1,2.799196197452E1,
-2.178127109630E1));
#4697=CARTESIAN_POINT('',(-7.591085152332E1,2.799377653400E1,
-2.164376229723E1));
#4698=CARTESIAN_POINT('',(-7.608611975511E1,2.799683585237E1,
-2.136281104122E1));
#4699=CARTESIAN_POINT('',(-7.626787521155E1,2.800000840566E1,
-2.092600359085E1));
#4700=CARTESIAN_POINT('',(-7.637616320197E1,2.800189857957E1,
-2.046545532443E1));
#4701=CARTESIAN_POINT('',(-7.639887426311E1,2.800229500261E1,
-2.012941811554E1));
#4702=CARTESIAN_POINT('',(-7.639442061605E1,2.800221726392E1,
-1.995145750574E1));
#4703=CARTESIAN_POINT('',(-7.639365511323E1,2.800220390201E1,
-1.993026473267E1));
#4704=CARTESIAN_POINT('',(-7.550105834678E1,2.826542145824E1,
-2.156945263986E1));
#4705=CARTESIAN_POINT('',(-7.550933885426E1,2.826556599504E1,
-2.155868251359E1));
#4706=CARTESIAN_POINT('',(-7.560005013559E1,2.826714936634E1,
-2.143869161687E1));
#4707=CARTESIAN_POINT('',(-7.575298949148E1,2.826981893273E1,
-2.119353526376E1));
#4708=CARTESIAN_POINT('',(-7.591158664639E1,2.827258725637E1,
-2.081238161229E1));
#4709=CARTESIAN_POINT('',(-7.600607748473E1,2.827423660009E1,
-2.041051479738E1));
#4710=CARTESIAN_POINT('',(-7.602589341747E1,2.827458248848E1,
-2.011729506685E1));
#4711=CARTESIAN_POINT('',(-7.602200838596E1,2.827451467500E1,
-1.996201002044E1));
#4712=CARTESIAN_POINT('',(-7.602134058875E1,2.827450301856E1,
-1.994351760934E1));
#4713=(BOUNDED_SURFACE()B_SPLINE_SURFACE(3,3,((#4677,#4678,#4679,#4680,#4681,
#4682,#4683,#4684,#4685),(#4686,#4687,#4688,#4689,#4690,#4691,#4692,#4693,
#4694),(#4695,#4696,#4697,#4698,#4699,#4700,#4701,#4702,#4703),(#4704,#4705,
#4706,#4707,#4708,#4709,#4710,#4711,#4712)),.UNSPECIFIED.,.F.,.F.,.F.)B_SPLINE_SURFACE_WITH_KNOTS((4,4),(4,1,1,1,1,1,4),(0.E0,1.E0),(-2.479826643409E-2,0.E0,
2.497229978543E-1,5.000137536302E-1,7.502974840775E-1,1.E0,1.033779806544E0),
.UNSPECIFIED.)GEOMETRIC_REPRESENTATION_ITEM()RATIONAL_B_SPLINE_SURFACE(((
1.749171687257E0,1.749171687257E0,1.749171687257E0,1.749171687257E0,
1.749171687257E0,1.749171687257E0,1.749171687257E0,1.749171687257E0,
1.749171687257E0),(7.502761042475E-1,7.502761042475E-1,7.502761042475E-1,
7.502761042475E-1,7.502761042475E-1,7.502761042475E-1,7.502761042475E-1,
7.502761042475E-1,7.502761042475E-1),(7.502761042475E-1,7.502761042475E-1,
7.502761042475E-1,7.502761042475E-1,7.502761042475E-1,7.502761042475E-1,
7.502761042475E-1,7.502761042475E-1,7.502761042475E-1),(1.749171687257E0,
1.749171687257E0,1.749171687257E0,1.749171687257E0,1.749171687257E0,
1.749171687257E0,1.749171687257E0,1.749171687257E0,1.749171687257E0)))REPRESENTATION_ITEM('')SURFACE());
#4714=ORIENTED_EDGE('',*,*,#4666,.F.);
#4715=ORIENTED_EDGE('',*,*,#4655,.T.);
#4717=ORIENTED_EDGE('',*,*,#4716,.T.);
#4719=ORIENTED_EDGE('',*,*,#4718,.F.);
#4720=EDGE_LOOP('',(#4714,#4715,#4717,#4719));
#4721=FACE_OUTER_BOUND('',#4720,.F.);
#4722=ADVANCED_FACE('',(#4721),#4713,.T.);
#4723=CARTESIAN_POINT('',(-7.35E1,2.811345543384E1,-2.003427497986E1));
#4724=DIRECTION('',(0.E0,-1.E0,0.E0));
#4725=DIRECTION('',(-1.E0,0.E0,0.E0));
#4726=AXIS2_PLACEMENT_3D('',#4723,#4724,#4725);
#4727=CYLINDRICAL_SURFACE('',#4726,3.E0);
#4728=ORIENTED_EDGE('',*,*,#4716,.F.);
#4729=ORIENTED_EDGE('',*,*,#4518,.T.);
#4731=ORIENTED_EDGE('',*,*,#4730,.T.);
#4732=ORIENTED_EDGE('',*,*,#3961,.F.);
#4733=EDGE_LOOP('',(#4728,#4729,#4731,#4732));
#4734=FACE_OUTER_BOUND('',#4733,.F.);
#4735=ADVANCED_FACE('',(#4734),#4727,.T.);
#4736=CARTESIAN_POINT('',(-7.550106463881E1,3.155100872085E1,
-2.156944352345E1));
#4737=CARTESIAN_POINT('',(-7.551262987712E1,3.155080684886E1,
-2.155440203929E1));
#4738=CARTESIAN_POINT('',(-7.560548131167E1,3.154918612104E1,
-2.143075893986E1));
#4739=CARTESIAN_POINT('',(-7.575857592244E1,3.154651384467E1,
-2.118219881917E1));
#4740=CARTESIAN_POINT('',(-7.591414281973E1,3.154379841438E1,
-2.080377039533E1));
#4741=CARTESIAN_POINT('',(-7.600666849710E1,3.154218337267E1,
-2.040521976893E1));
#4742=CARTESIAN_POINT('',(-7.602588105224E1,3.154184801628E1,
-2.011497821553E1));
#4743=CARTESIAN_POINT('',(-7.602198803517E1,3.154191596914E1,
-1.996144331140E1));
#4744=CARTESIAN_POINT('',(-7.602134073824E1,3.154192726775E1,
-1.994351667208E1));
#4745=CARTESIAN_POINT('',(-7.579741293220E1,3.182463349791E1,
-2.179360298863E1));
#4746=CARTESIAN_POINT('',(-7.581066683821E1,3.182440215012E1,
-2.177636557627E1));
#4747=CARTESIAN_POINT('',(-7.591707557912E1,3.182254477863E1,
-2.163467136946E1));
#4748=CARTESIAN_POINT('',(-7.609252179676E1,3.181948235351E1,
-2.134981931328E1));
#4749=CARTESIAN_POINT('',(-7.627080453663E1,3.181637041671E1,
-2.091613493252E1));
#4750=CARTESIAN_POINT('',(-7.637684043284E1,3.181451955326E1,
-2.045938707654E1));
#4751=CARTESIAN_POINT('',(-7.639885995415E1,3.181413520109E1,
-2.012676294037E1));
#4752=CARTESIAN_POINT('',(-7.639439720849E1,3.181421309860E1,
-1.995080804628E1));
#4753=CARTESIAN_POINT('',(-7.639365521155E1,3.181422605021E1,
-1.993026366306E1));
#4754=CARTESIAN_POINT('',(-7.605222163564E1,3.149616536130E1,
-2.199390670368E1));
#4755=CARTESIAN_POINT('',(-7.606698449605E1,3.149590767461E1,
-2.197470706066E1));
#4756=CARTESIAN_POINT('',(-7.618550773245E1,3.149383884382E1,
-2.181688280167E1));
#4757=CARTESIAN_POINT('',(-7.638092682918E1,3.149042779080E1,
-2.149960111109E1));
#4758=CARTESIAN_POINT('',(-7.657950792073E1,3.148696154495E1,
-2.101654128486E1));
#4759=CARTESIAN_POINT('',(-7.669761623613E1,3.148489995664E1,
-2.050778973017E1));
#4760=CARTESIAN_POINT('',(-7.672214399750E1,3.148447182297E1,
-2.013729349801E1));
#4761=CARTESIAN_POINT('',(-7.671717215555E1,3.148455860680E1,
-1.994130461929E1));
#4762=CARTESIAN_POINT('',(-7.671634553687E1,3.148457303548E1,
-1.991842108064E1));
#4763=CARTESIAN_POINT('',(-7.582895180344E1,3.112833679273E1,
-2.182719381340E1));
#4764=CARTESIAN_POINT('',(-7.584245876028E1,3.112810102792E1,
-2.180962733602E1));
#4765=CARTESIAN_POINT('',(-7.595089909553E1,3.112620819483E1,
-2.166522812818E1));
#4766=CARTESIAN_POINT('',(-7.612969475421E1,3.112308730500E1,
-2.137493763983E1));
#4767=CARTESIAN_POINT('',(-7.631138151668E1,3.111991595076E1,
-2.093297302355E1));
#4768=CARTESIAN_POINT('',(-7.641944195107E1,3.111802974886E1,
-2.046750417540E1));
#4769=CARTESIAN_POINT('',(-7.644188210288E1,3.111763805456E1,
-2.012852890920E1));
#4770=CARTESIAN_POINT('',(-7.643733398205E1,3.111771744230E1,
-1.994921432671E1));
#4771=CARTESIAN_POINT('',(-7.643657779409E1,3.111773064161E1,
-1.992827766839E1));
#4772=(BOUNDED_SURFACE()B_SPLINE_SURFACE(3,3,((#4736,#4737,#4738,#4739,#4740,
#4741,#4742,#4743,#4744),(#4745,#4746,#4747,#4748,#4749,#4750,#4751,#4752,
#4753),(#4754,#4755,#4756,#4757,#4758,#4759,#4760,#4761,#4762),(#4763,#4764,
#4765,#4766,#4767,#4768,#4769,#4770,#4771)),.UNSPECIFIED.,.F.,.F.,.F.)B_SPLINE_SURFACE_WITH_KNOTS((4,4),(4,1,1,1,1,1,4),(0.E0,1.E0),(-3.494516460063E-2,0.E0,
2.497577331219E-1,5.000135230988E-1,7.502624082954E-1,1.E0,1.033036102453E0),
.UNSPECIFIED.)GEOMETRIC_REPRESENTATION_ITEM()RATIONAL_B_SPLINE_SURFACE(((
1.749171170782E0,1.749171170782E0,1.749171170782E0,1.749171170782E0,
1.749171170782E0,1.749171170782E0,1.749171170782E0,1.749171170782E0,
1.749171170782E0),(7.502762764059E-1,7.502762764059E-1,7.502762764059E-1,
7.502762764059E-1,7.502762764059E-1,7.502762764059E-1,7.502762764059E-1,
7.502762764059E-1,7.502762764059E-1),(7.502762764059E-1,7.502762764059E-1,
7.502762764059E-1,7.502762764059E-1,7.502762764059E-1,7.502762764059E-1,
7.502762764059E-1,7.502762764059E-1,7.502762764059E-1),(1.749171170782E0,
1.749171170782E0,1.749171170782E0,1.749171170782E0,1.749171170782E0,
1.749171170782E0,1.749171170782E0,1.749171170782E0,1.749171170782E0)))REPRESENTATION_ITEM('')SURFACE());
#4773=ORIENTED_EDGE('',*,*,#4730,.F.);
#4774=ORIENTED_EDGE('',*,*,#4479,.T.);
#4775=ORIENTED_EDGE('',*,*,#4440,.T.);
#4776=ORIENTED_EDGE('',*,*,#4422,.F.);
#4777=EDGE_LOOP('',(#4773,#4774,#4775,#4776));
#4778=FACE_OUTER_BOUND('',#4777,.F.);
#4779=ADVANCED_FACE('',(#4778),#4772,.T.);
#4780=CARTESIAN_POINT('',(-7.62E1,2.851673526729E1,-2.009065452068E1));
#4781=DIRECTION('',(0.E0,0.E0,-1.E0));
#4782=DIRECTION('',(-1.745240643729E-2,-9.998476951564E-1,0.E0));
#4783=AXIS2_PLACEMENT_3D('',#4780,#4781,#4782);
#4784=CYLINDRICAL_SURFACE('',#4783,3.E-1);
#4785=ORIENTED_EDGE('',*,*,#3959,.T.);
#4786=ORIENTED_EDGE('',*,*,#3828,.F.);
#4787=ORIENTED_EDGE('',*,*,#4668,.F.);
#4788=ORIENTED_EDGE('',*,*,#4718,.T.);
#4789=EDGE_LOOP('',(#4785,#4786,#4787,#4788));
#4790=FACE_OUTER_BOUND('',#4789,.F.);
#4791=ADVANCED_FACE('',(#4790),#4784,.T.);
#4792=CARTESIAN_POINT('',(-7.315E1,2.846349731925E1,-2.428714035484E1));
#4793=DIRECTION('',(0.E0,0.E0,-1.E0));
#4794=DIRECTION('',(1.E0,0.E0,0.E0));
#4795=AXIS2_PLACEMENT_3D('',#4792,#4793,#4794);
#4796=CYLINDRICAL_SURFACE('',#4795,3.E-1);
#4797=ORIENTED_EDGE('',*,*,#4671,.T.);
#4798=ORIENTED_EDGE('',*,*,#3874,.F.);
#4799=ORIENTED_EDGE('',*,*,#4167,.F.);
#4801=ORIENTED_EDGE('',*,*,#4800,.T.);
#4802=EDGE_LOOP('',(#4797,#4798,#4799,#4801));
#4803=FACE_OUTER_BOUND('',#4802,.F.);
#4804=ADVANCED_FACE('',(#4803),#4796,.T.);
#4805=CARTESIAN_POINT('',(-7.315E1,2.846349731925E1,-2.383701541909E1));
#4806=DIRECTION('',(7.132504491542E-1,7.009092642998E-1,0.E0));
#4807=DIRECTION('',(7.009092642998E-1,-7.132504491542E-1,0.E0));
#4808=AXIS2_PLACEMENT_3D('',#4805,#4806,#4807);
#4809=SPHERICAL_SURFACE('',#4808,3.E-1);
#4810=ORIENTED_EDGE('',*,*,#4604,.F.);
#4811=ORIENTED_EDGE('',*,*,#4800,.F.);
#4813=ORIENTED_EDGE('',*,*,#4812,.T.);
#4814=EDGE_LOOP('',(#4810,#4811,#4813));
#4815=FACE_OUTER_BOUND('',#4814,.F.);
#4816=ADVANCED_FACE('',(#4815),#4809,.T.);
#4817=CARTESIAN_POINT('',(-7.315E1,2.990821510136E1,-1.13E1));
#4818=DIRECTION('',(-1.E0,0.E0,0.E0));
#4819=DIRECTION('',(0.E0,6.390481939725E-1,-7.691666957042E-1));
#4820=AXIS2_PLACEMENT_3D('',#4817,#4818,#4819);
#4821=TOROIDAL_SURFACE('',#4820,1.261998276895E1,3.E-1);
#4822=ORIENTED_EDGE('',*,*,#4165,.F.);
#4824=ORIENTED_EDGE('',*,*,#4823,.F.);
#4825=ORIENTED_EDGE('',*,*,#4560,.T.);
#4826=ORIENTED_EDGE('',*,*,#4812,.F.);
#4827=EDGE_LOOP('',(#4822,#4824,#4825,#4826));
#4828=FACE_OUTER_BOUND('',#4827,.F.);
#4829=ADVANCED_FACE('',(#4828),#4821,.T.);
#4830=CARTESIAN_POINT('',(-7.285E1,2.789046843244E1,-2.531788498838E1));
#4831=DIRECTION('',(-1.745240643728E-2,8.788375035418E-1,-4.768019042307E-1));
#4832=DIRECTION('',(0.E0,4.768745345321E-1,8.789713751396E-1));
#4833=AXIS2_PLACEMENT_3D('',#4830,#4831,#4832);
#4834=PLANE('',#4833);
#4835=ORIENTED_EDGE('',*,*,#4544,.T.);
#4836=ORIENTED_EDGE('',*,*,#4562,.T.);
#4837=ORIENTED_EDGE('',*,*,#4823,.T.);
#4838=ORIENTED_EDGE('',*,*,#4163,.T.);
#4840=ORIENTED_EDGE('',*,*,#4839,.T.);
#4841=ORIENTED_EDGE('',*,*,#4491,.F.);
#4842=EDGE_LOOP('',(#4835,#4836,#4837,#4838,#4840,#4841));
#4843=FACE_OUTER_BOUND('',#4842,.F.);
#4844=ADVANCED_FACE('',(#4843),#4834,.T.);
#4845=CARTESIAN_POINT('',(-7.285E1,2.807666315456E1,-2.263429370773E1));
#4846=DIRECTION('',(-1.745240643728E-2,-8.768108376959E-1,-4.805186452247E-1));
#4847=DIRECTION('',(0.E0,4.805918416900E-1,-8.769444005757E-1));
#4848=AXIS2_PLACEMENT_3D('',#4845,#4846,#4847);
#4849=PLANE('',#4848);
#4850=ORIENTED_EDGE('',*,*,#4161,.T.);
#4852=ORIENTED_EDGE('',*,*,#4851,.T.);
#4853=ORIENTED_EDGE('',*,*,#4493,.T.);
#4854=ORIENTED_EDGE('',*,*,#4839,.F.);
#4855=EDGE_LOOP('',(#4850,#4852,#4853,#4854));
#4856=FACE_OUTER_BOUND('',#4855,.F.);
#4857=ADVANCED_FACE('',(#4856),#4849,.T.);
#4858=CARTESIAN_POINT('',(-7.285E1,2.793276062522E1,-2.506663594325E1));
#4859=DIRECTION('',(-1.745240643728E-2,6.616377676095E-1,-7.496204893026E-1));
#4860=DIRECTION('',(0.E0,7.497346775254E-1,6.617385535964E-1));
#4861=AXIS2_PLACEMENT_3D('',#4858,#4859,#4860);
#4862=PLANE('',#4861);
#4863=ORIENTED_EDGE('',*,*,#4159,.T.);
#4865=ORIENTED_EDGE('',*,*,#4864,.T.);
#4866=ORIENTED_EDGE('',*,*,#4495,.F.);
#4867=ORIENTED_EDGE('',*,*,#4851,.F.);
#4868=EDGE_LOOP('',(#4863,#4865,#4866,#4867));
#4869=FACE_OUTER_BOUND('',#4868,.F.);
#4870=ADVANCED_FACE('',(#4869),#4862,.T.);
#4871=CARTESIAN_POINT('',(-7.285E1,2.855606360797E1,-2.276778323654E1));
#4872=DIRECTION('',(-1.745240643728E-2,-8.445937346598E-1,-5.351231978554E-1));
#4873=DIRECTION('',(0.E0,5.352047121253E-1,-8.447223899713E-1));
#4874=AXIS2_PLACEMENT_3D('',#4871,#4872,#4873);
#4875=PLANE('',#4874);
#4876=ORIENTED_EDGE('',*,*,#4157,.T.);
#4878=ORIENTED_EDGE('',*,*,#4877,.T.);
#4879=ORIENTED_EDGE('',*,*,#4497,.T.);
#4880=ORIENTED_EDGE('',*,*,#4864,.F.);
#4881=EDGE_LOOP('',(#4876,#4878,#4879,#4880));
#4882=FACE_OUTER_BOUND('',#4881,.F.);
#4883=ADVANCED_FACE('',(#4882),#4875,.T.);
#4884=CARTESIAN_POINT('',(-7.285E1,2.875178590017E1,-2.533148505508E1));
#4885=DIRECTION('',(-1.745240643728E-2,8.385396211602E-1,-5.445610317072E-1));
#4886=DIRECTION('',(0.E0,5.446439836239E-1,8.386673542605E-1));
#4887=AXIS2_PLACEMENT_3D('',#4884,#4885,#4886);
#4888=PLANE('',#4887);
#4889=ORIENTED_EDGE('',*,*,#4155,.T.);
#4891=ORIENTED_EDGE('',*,*,#4890,.T.);
#4892=ORIENTED_EDGE('',*,*,#4499,.F.);
#4893=ORIENTED_EDGE('',*,*,#4877,.F.);
#4894=EDGE_LOOP('',(#4889,#4891,#4892,#4893));
#4895=FACE_OUTER_BOUND('',#4894,.F.);
#4896=ADVANCED_FACE('',(#4895),#4888,.T.);
#4897=CARTESIAN_POINT('',(-7.285E1,2.890625278875E1,-2.282438699641E1));
#4898=DIRECTION('',(-1.745240643728E-2,-8.132427716873E-1,-5.816627956195E-1));
#4899=DIRECTION('',(0.E0,5.817513991754E-1,-8.133666513679E-1));
#4900=AXIS2_PLACEMENT_3D('',#4897,#4898,#4899);
#4901=PLANE('',#4900);
#4902=ORIENTED_EDGE('',*,*,#4153,.T.);
#4904=ORIENTED_EDGE('',*,*,#4903,.T.);
#4905=ORIENTED_EDGE('',*,*,#4501,.T.);
#4906=ORIENTED_EDGE('',*,*,#4890,.F.);
#4907=EDGE_LOOP('',(#4902,#4904,#4905,#4906));
#4908=FACE_OUTER_BOUND('',#4907,.F.);
#4909=ADVANCED_FACE('',(#4908),#4901,.T.);
#4910=CARTESIAN_POINT('',(-7.285E1,2.913583292768E1,-2.530515908434E1));
#4911=DIRECTION('',(-1.745240643728E-2,8.132427716873E-1,-5.816627956195E-1));
#4912=DIRECTION('',(0.E0,5.817513991754E-1,8.133666513679E-1));
#4913=AXIS2_PLACEMENT_3D('',#4910,#4911,#4912);
#4914=PLANE('',#4913);
#4915=ORIENTED_EDGE('',*,*,#4151,.T.);
#4917=ORIENTED_EDGE('',*,*,#4916,.T.);
#4918=ORIENTED_EDGE('',*,*,#4503,.F.);
#4919=ORIENTED_EDGE('',*,*,#4903,.F.);
#4920=EDGE_LOOP('',(#4915,#4917,#4918,#4919));
#4921=FACE_OUTER_BOUND('',#4920,.F.);
#4922=ADVANCED_FACE('',(#4921),#4914,.T.);
#4923=CARTESIAN_POINT('',(-7.285E1,2.941467999802E1,-2.279079565151E1));
#4924=DIRECTION('',(-1.745240643728E-2,-8.385396211602E-1,-5.445610317072E-1));
#4925=DIRECTION('',(0.E0,5.446439836239E-1,-8.386673542605E-1));
#4926=AXIS2_PLACEMENT_3D('',#4923,#4924,#4925);
#4927=PLANE('',#4926);
#4928=ORIENTED_EDGE('',*,*,#4149,.T.);
#4930=ORIENTED_EDGE('',*,*,#4929,.T.);
#4931=ORIENTED_EDGE('',*,*,#4505,.T.);
#4932=ORIENTED_EDGE('',*,*,#4916,.F.);
#4933=EDGE_LOOP('',(#4928,#4930,#4931,#4932));
#4934=FACE_OUTER_BOUND('',#4933,.F.);
#4935=ADVANCED_FACE('',(#4934),#4927,.T.);
#4936=CARTESIAN_POINT('',(-7.285E1,2.963094619018E1,-2.533952423066E1));
#4937=DIRECTION('',(-1.745240643728E-2,8.445937346598E-1,-5.351231978554E-1));
#4938=DIRECTION('',(0.E0,5.352047121253E-1,8.447223899713E-1));
#4939=AXIS2_PLACEMENT_3D('',#4936,#4937,#4938);
#4940=PLANE('',#4939);
#4941=ORIENTED_EDGE('',*,*,#4147,.T.);
#4943=ORIENTED_EDGE('',*,*,#4942,.T.);
#4944=ORIENTED_EDGE('',*,*,#4507,.F.);
#4945=ORIENTED_EDGE('',*,*,#4929,.F.);
#4946=EDGE_LOOP('',(#4941,#4943,#4944,#4945));
#4947=FACE_OUTER_BOUND('',#4946,.F.);
#4948=ADVANCED_FACE('',(#4947),#4940,.T.);
#4949=CARTESIAN_POINT('',(-7.285E1,2.955437279699E1,-2.301072799523E1));
#4950=DIRECTION('',(-1.745240643728E-2,-6.616377676095E-1,-7.496204893026E-1));
#4951=DIRECTION('',(0.E0,7.497346775254E-1,-6.617385535964E-1));
#4952=AXIS2_PLACEMENT_3D('',#4949,#4950,#4951);
#4953=PLANE('',#4952);
#4954=ORIENTED_EDGE('',*,*,#4145,.T.);
#4956=ORIENTED_EDGE('',*,*,#4955,.T.);
#4957=ORIENTED_EDGE('',*,*,#4509,.T.);
#4958=ORIENTED_EDGE('',*,*,#4942,.F.);
#4959=EDGE_LOOP('',(#4954,#4956,#4957,#4958));
#4960=FACE_OUTER_BOUND('',#4959,.F.);
#4961=ADVANCED_FACE('',(#4960),#4953,.T.);
#4962=CARTESIAN_POINT('',(-7.285E1,3.025018442801E1,-2.535236135812E1));
#4963=DIRECTION('',(-1.745240643728E-2,8.768108376959E-1,-4.805186452247E-1));
#4964=DIRECTION('',(0.E0,4.805918416900E-1,8.769444005757E-1));
#4965=AXIS2_PLACEMENT_3D('',#4962,#4963,#4964);
#4966=PLANE('',#4965);
#4967=ORIENTED_EDGE('',*,*,#4143,.T.);
#4969=ORIENTED_EDGE('',*,*,#4968,.T.);
#4970=ORIENTED_EDGE('',*,*,#4511,.F.);
#4971=ORIENTED_EDGE('',*,*,#4955,.F.);
#4972=EDGE_LOOP('',(#4967,#4969,#4970,#4971));
#4973=FACE_OUTER_BOUND('',#4972,.F.);
#4974=ADVANCED_FACE('',(#4973),#4966,.T.);
#4975=CARTESIAN_POINT('',(-7.285E1,3.046855401466E1,-2.263160252551E1));
#4976=DIRECTION('',(-1.745240643728E-2,-8.788375035418E-1,-4.768019042307E-1));
#4977=DIRECTION('',(0.E0,4.768745345321E-1,-8.789713751396E-1));
#4978=AXIS2_PLACEMENT_3D('',#4975,#4976,#4977);
#4979=PLANE('',#4978);
#4981=ORIENTED_EDGE('',*,*,#4980,.T.);
#4982=ORIENTED_EDGE('',*,*,#4513,.T.);
#4983=ORIENTED_EDGE('',*,*,#4968,.F.);
#4984=ORIENTED_EDGE('',*,*,#4141,.T.);
#4986=ORIENTED_EDGE('',*,*,#4985,.T.);
#4987=ORIENTED_EDGE('',*,*,#4574,.F.);
#4988=EDGE_LOOP('',(#4981,#4982,#4983,#4984,#4986,#4987));
#4989=FACE_OUTER_BOUND('',#4988,.F.);
#4990=ADVANCED_FACE('',(#4989),#4979,.T.);
#4991=CARTESIAN_POINT('',(-7.372898486899E1,3.129470302937E1,
-2.413519544210E1));
#4992=CARTESIAN_POINT('',(-7.373242576263E1,3.132280897747E1,
-2.413210275779E1));
#4993=CARTESIAN_POINT('',(-7.373596602561E1,3.135089025140E1,
-2.412891768923E1));
#4994=CARTESIAN_POINT('',(-7.373960471515E1,3.137894531823E1,
-2.412564061870E1));
#4995=CARTESIAN_POINT('',(-7.380691523755E1,3.128551273567E1,
-2.413611328720E1));
#4996=CARTESIAN_POINT('',(-7.381033487178E1,3.131343785273E1,
-2.413301653072E1));
#4997=CARTESIAN_POINT('',(-7.381385331866E1,3.134133893267E1,
-2.412982723344E1));
#4998=CARTESIAN_POINT('',(-7.381746965023E1,3.136921447700E1,
-2.412654577321E1));
#4999=CARTESIAN_POINT('',(-7.387917241185E1,3.127378524283E1,
-2.410783305866E1));
#5000=CARTESIAN_POINT('',(-7.388255586545E1,3.130147960616E1,
-2.410473946422E1));
#5001=CARTESIAN_POINT('',(-7.388603715935E1,3.132915074526E1,
-2.410155337919E1));
#5002=CARTESIAN_POINT('',(-7.388961538692E1,3.135679720565E1,
-2.409827517486E1));
#5003=CARTESIAN_POINT('',(-7.393530056405E1,3.126121755394E1,
-2.405444698960E1));
#5004=CARTESIAN_POINT('',(-7.393863815124E1,3.128866463156E1,
-2.405136333384E1));
#5005=CARTESIAN_POINT('',(-7.394207233141E1,3.131608935612E1,
-2.404818743723E1));
#5006=CARTESIAN_POINT('',(-7.394560222269E1,3.134349032025E1,
-2.404491966324E1));
#5007=(BOUNDED_SURFACE()B_SPLINE_SURFACE(3,3,((#4991,#4992,#4993,#4994),(#4995,
#4996,#4997,#4998),(#4999,#5000,#5001,#5002),(#5003,#5004,#5005,#5006)),
.UNSPECIFIED.,.F.,.F.,.F.)B_SPLINE_SURFACE_WITH_KNOTS((4,4),(4,4),(0.E0,1.E0),(
8.809027420338E-1,9.042609178316E-1),.UNSPECIFIED.)GEOMETRIC_REPRESENTATION_ITEM()RATIONAL_B_SPLINE_SURFACE(((1.037533546935E0,1.037533546935E0,1.037533546935E0,
1.037533546935E0),(9.874888176884E-1,9.874888176884E-1,9.874888176884E-1,
9.874888176884E-1),(9.874888176884E-1,9.874888176884E-1,9.874888176884E-1,
9.874888176884E-1),(1.037533546935E0,1.037533546935E0,1.037533546935E0,
1.037533546935E0)))REPRESENTATION_ITEM('')SURFACE());
#5008=ORIENTED_EDGE('',*,*,#4515,.F.);
#5009=ORIENTED_EDGE('',*,*,#4980,.F.);
#5010=ORIENTED_EDGE('',*,*,#4572,.T.);
#5012=ORIENTED_EDGE('',*,*,#5011,.F.);
#5013=EDGE_LOOP('',(#5008,#5009,#5010,#5012));
#5014=FACE_OUTER_BOUND('',#5013,.F.);
#5015=ADVANCED_FACE('',(#5014),#5007,.T.);
#5016=CARTESIAN_POINT('',(-7.373850245562E1,3.134266053490E1,
-2.382785549022E1));
#5017=DIRECTION('',(-4.705710886231E-1,-7.112256321874E-1,-5.222269149247E-1));
#5018=DIRECTION('',(-4.895639834184E-1,7.028470043398E-1,-5.160747955773E-1));
#5019=AXIS2_PLACEMENT_3D('',#5016,#5017,#5018);
#5020=SPHERICAL_SURFACE('',#5019,3.E-1);
#5022=ORIENTED_EDGE('',*,*,#5021,.F.);
#5023=ORIENTED_EDGE('',*,*,#4476,.F.);
#5024=ORIENTED_EDGE('',*,*,#5011,.T.);
#5025=EDGE_LOOP('',(#5022,#5023,#5024));
#5026=FACE_OUTER_BOUND('',#5025,.F.);
#5027=ADVANCED_FACE('',(#5026),#5020,.T.);
#5028=CARTESIAN_POINT('',(-7.295682532245E1,3.159541873458E1,
-2.365884027113E1));
#5029=CARTESIAN_POINT('',(-7.328267794241E1,3.158973095594E1,
-2.365377151341E1));
#5030=CARTESIAN_POINT('',(-7.360853051133E1,3.158404317819E1,
-2.364869968325E1));
#5031=CARTESIAN_POINT('',(-7.393438302895E1,3.157835540134E1,
-2.364362476944E1));
#5032=CARTESIAN_POINT('',(-7.296657129205E1,3.185199722644E1,
-2.399746132167E1));
#5033=CARTESIAN_POINT('',(-7.329242603996E1,3.184630941066E1,
-2.399239253085E1));
#5034=CARTESIAN_POINT('',(-7.361828074070E1,3.184062159570E1,
-2.398732066750E1));
#5035=CARTESIAN_POINT('',(-7.394413539403E1,3.183493378157E1,
-2.398224572043E1));
#5036=CARTESIAN_POINT('',(-7.296656649620E1,3.156911207511E1,
-2.431458545100E1));
#5037=CARTESIAN_POINT('',(-7.329242323696E1,3.156342422454E1,
-2.430951662918E1));
#5038=CARTESIAN_POINT('',(-7.361827993418E1,3.155773637473E1,
-2.430444473476E1));
#5039=CARTESIAN_POINT('',(-7.394413658764E1,3.155204852569E1,
-2.429936975654E1));
#5040=CARTESIAN_POINT('',(-7.295681867813E1,3.120350153585E1,
-2.409819313158E1));
#5041=CARTESIAN_POINT('',(-7.328267405906E1,3.119781370902E1,
-2.409312433092E1));
#5042=CARTESIAN_POINT('',(-7.360852939396E1,3.119212588299E1,
-2.408805245770E1));
#5043=CARTESIAN_POINT('',(-7.393438468261E1,3.118643805777E1,
-2.408297750073E1));
#5044=(BOUNDED_SURFACE()B_SPLINE_SURFACE(3,3,((#5028,#5029,#5030,#5031),(#5032,
#5033,#5034,#5035),(#5036,#5037,#5038,#5039),(#5040,#5041,#5042,#5043)),
.UNSPECIFIED.,.F.,.F.,.F.)B_SPLINE_SURFACE_WITH_KNOTS((4,4),(4,4),(0.E0,1.E0),(
4.720260880688E-2,3.073077263162E-1),.UNSPECIFIED.)GEOMETRIC_REPRESENTATION_ITEM()RATIONAL_B_SPLINE_SURFACE(((1.676847457974E0,1.676847457974E0,1.676847457974E0,
1.676847457974E0),(7.743841806752E-1,7.743841806752E-1,7.743841806752E-1,
7.743841806752E-1),(7.743841806752E-1,7.743841806752E-1,7.743841806752E-1,
7.743841806752E-1),(1.676847457974E0,1.676847457974E0,1.676847457974E0,
1.676847457974E0)))REPRESENTATION_ITEM('')SURFACE());
#5045=ORIENTED_EDGE('',*,*,#5021,.T.);
#5046=ORIENTED_EDGE('',*,*,#4578,.F.);
#5048=ORIENTED_EDGE('',*,*,#5047,.T.);
#5049=ORIENTED_EDGE('',*,*,#4434,.T.);
#5050=EDGE_LOOP('',(#5045,#5046,#5048,#5049));
#5051=FACE_OUTER_BOUND('',#5050,.F.);
#5052=ADVANCED_FACE('',(#5051),#5044,.T.);
#5053=CARTESIAN_POINT('',(-7.315E1,3.135293288347E1,-2.383701541909E1));
#5054=DIRECTION('',(7.132504491541E-1,-8.023910145663E-2,6.963012877906E-1));
#5055=DIRECTION('',(7.009092642999E-1,8.165190284769E-2,-7.085613381916E-1));
#5056=AXIS2_PLACEMENT_3D('',#5053,#5054,#5055);
#5057=SPHERICAL_SURFACE('',#5056,3.E-1);
#5058=ORIENTED_EDGE('',*,*,#5047,.F.);
#5060=ORIENTED_EDGE('',*,*,#5059,.F.);
#5062=ORIENTED_EDGE('',*,*,#5061,.T.);
#5063=EDGE_LOOP('',(#5058,#5060,#5062));
#5064=FACE_OUTER_BOUND('',#5063,.F.);
#5065=ADVANCED_FACE('',(#5064),#5057,.T.);
#5066=CARTESIAN_POINT('',(-7.315E1,2.990821510136E1,-1.13E1));
#5067=DIRECTION('',(-1.E0,0.E0,0.E0));
#5068=DIRECTION('',(0.E0,6.390481939725E-1,-7.691666957042E-1));
#5069=AXIS2_PLACEMENT_3D('',#5066,#5067,#5068);
#5070=TOROIDAL_SURFACE('',#5069,1.261998276895E1,3.E-1);
#5071=ORIENTED_EDGE('',*,*,#4576,.T.);
#5072=ORIENTED_EDGE('',*,*,#4985,.F.);
#5073=ORIENTED_EDGE('',*,*,#4139,.F.);
#5074=ORIENTED_EDGE('',*,*,#5059,.T.);
#5075=EDGE_LOOP('',(#5071,#5072,#5073,#5074));
#5076=FACE_OUTER_BOUND('',#5075,.F.);
#5077=ADVANCED_FACE('',(#5076),#5070,.T.);
#5078=CARTESIAN_POINT('',(-7.315E1,3.135293288347E1,-5.474208369113E0));
#5079=DIRECTION('',(0.E0,0.E0,1.E0));
#5080=DIRECTION('',(1.E0,0.E0,0.E0));
#5081=AXIS2_PLACEMENT_3D('',#5078,#5079,#5080);
#5082=CYLINDRICAL_SURFACE('',#5081,3.E-1);
#5083=ORIENTED_EDGE('',*,*,#4436,.T.);
#5084=ORIENTED_EDGE('',*,*,#5061,.F.);
#5085=ORIENTED_EDGE('',*,*,#4137,.F.);
#5087=ORIENTED_EDGE('',*,*,#5086,.F.);
#5088=EDGE_LOOP('',(#5083,#5084,#5085,#5087));
#5089=FACE_OUTER_BOUND('',#5088,.F.);
#5090=ADVANCED_FACE('',(#5089),#5082,.T.);
#5091=CARTESIAN_POINT('',(-7.315E1,2.990821510136E1,-1.13E1));
#5092=DIRECTION('',(-1.E0,0.E0,0.E0));
#5093=DIRECTION('',(0.E0,2.799996341336E-3,-9.999960800026E-1));
#5094=AXIS2_PLACEMENT_3D('',#5091,#5092,#5093);
#5095=TOROIDAL_SURFACE('',#5094,7.694717782108E0,3.E-1);
#5097=ORIENTED_EDGE('',*,*,#5096,.T.);
#5098=ORIENTED_EDGE('',*,*,#3860,.F.);
#5099=ORIENTED_EDGE('',*,*,#5086,.T.);
#5100=ORIENTED_EDGE('',*,*,#4135,.T.);
#5101=EDGE_LOOP('',(#5097,#5098,#5099,#5100));
#5102=FACE_OUTER_BOUND('',#5101,.F.);
#5103=ADVANCED_FACE('',(#5102),#5095,.T.);
#5104=CARTESIAN_POINT('',(-7.315E1,3.759422400367E1,-1.093400969966E1));
#5105=DIRECTION('',(-3.328066988662E-14,7.531400739168E-1,-6.578601896001E-1));
#5106=DIRECTION('',(-2.518195466515E-2,6.576515718045E-1,7.529012413739E-1));
#5107=AXIS2_PLACEMENT_3D('',#5104,#5105,#5106);
#5108=SPHERICAL_SURFACE('',#5107,3.E-1);
#5109=ORIENTED_EDGE('',*,*,#5096,.F.);
#5110=ORIENTED_EDGE('',*,*,#4353,.T.);
#5112=ORIENTED_EDGE('',*,*,#5111,.F.);
#5113=EDGE_LOOP('',(#5109,#5110,#5112));
#5114=FACE_OUTER_BOUND('',#5113,.F.);
#5115=ADVANCED_FACE('',(#5114),#5108,.T.);
#5116=CARTESIAN_POINT('',(-7.295636332995E1,3.739610381626E1,
-1.070792276749E1));
#5117=CARTESIAN_POINT('',(-7.331424311365E1,3.739017619873E1,
-1.071471204351E1));
#5118=CARTESIAN_POINT('',(-7.408971205686E1,3.737731422125E1,
-1.072942488627E1));
#5119=CARTESIAN_POINT('',(-7.523605057652E1,3.735824363252E1,
-1.075117919259E1));
#5120=CARTESIAN_POINT('',(-7.602450901834E1,3.734508630540E1,
-1.076614547372E1));
#5121=CARTESIAN_POINT('',(-7.639537881011E1,3.733888842585E1,
-1.077318600215E1));
#5122=CARTESIAN_POINT('',(-7.296851619668E1,3.775634338402E1,
-1.038183454701E1));
#5123=CARTESIAN_POINT('',(-7.332640191473E1,3.775041566820E1,
-1.038862393560E1));
#5124=CARTESIAN_POINT('',(-7.410188376560E1,3.773755347663E1,
-1.040333702326E1));
#5125=CARTESIAN_POINT('',(-7.524824152452E1,3.771848256784E1,
-1.042509169469E1));
#5126=CARTESIAN_POINT('',(-7.603671331171E1,3.770532501803E1,
-1.044005822914E1));
#5127=CARTESIAN_POINT('',(-7.640758940602E1,3.769912703315E1,
-1.044709887721E1));
#5128=CARTESIAN_POINT('',(-7.296846904350E1,3.812125343841E1,
-1.070291773853E1));
#5129=CARTESIAN_POINT('',(-7.332635990291E1,3.811532563743E1,
-1.070970722466E1));
#5130=CARTESIAN_POINT('',(-7.410185293664E1,3.810246326038E1,
-1.072442052449E1));
#5131=CARTESIAN_POINT('',(-7.524822736395E1,3.808339207429E1,
-1.074617551224E1));
#5132=CARTESIAN_POINT('',(-7.603671071323E1,3.807023433154E1,
-1.076114226615E1));
#5133=CARTESIAN_POINT('',(-7.640759226789E1,3.806403625541E1,
-1.076818301788E1));
#5134=CARTESIAN_POINT('',(-7.295630549766E1,3.784365760070E1,
-1.110172391317E1));
#5135=CARTESIAN_POINT('',(-7.331419158712E1,3.783772987872E1,
-1.110851330881E1));
#5136=CARTESIAN_POINT('',(-7.408967424585E1,3.782486767376E1,
-1.112322641180E1));
#5137=CARTESIAN_POINT('',(-7.523603320891E1,3.780579674493E1,
-1.114498110607E1));
#5138=CARTESIAN_POINT('',(-7.602450583136E1,3.779263918118E1,
-1.115994765638E1));
#5139=CARTESIAN_POINT('',(-7.639538232012E1,3.778644118971E1,
-1.116698831194E1));
#5140=(BOUNDED_SURFACE()B_SPLINE_SURFACE(3,3,((#5116,#5117,#5118,#5119,#5120,
#5121),(#5122,#5123,#5124,#5125,#5126,#5127),(#5128,#5129,#5130,#5131,#5132,
#5133),(#5134,#5135,#5136,#5137,#5138,#5139)),.UNSPECIFIED.,.F.,.F.,.F.)B_SPLINE_SURFACE_WITH_KNOTS((4,4),(4,1,1,4),(0.E0,1.E0),(4.720483100975E-2,
3.328759409115E-1,6.662092743247E-1,9.622503181065E-1),.UNSPECIFIED.)GEOMETRIC_REPRESENTATION_ITEM()RATIONAL_B_SPLINE_SURFACE(((1.796560225559E0,
1.796560225559E0,1.796560225559E0,1.796560225559E0,1.796560225559E0,
1.796560225559E0),(7.344799248135E-1,7.344799248135E-1,7.344799248135E-1,
7.344799248135E-1,7.344799248135E-1,7.344799248135E-1),(7.344799248135E-1,
7.344799248135E-1,7.344799248135E-1,7.344799248135E-1,7.344799248135E-1,
7.344799248135E-1),(1.796560225559E0,1.796560225559E0,1.796560225559E0,
1.796560225559E0,1.796560225559E0,1.796560225559E0)))REPRESENTATION_ITEM('')SURFACE());
#5141=ORIENTED_EDGE('',*,*,#4369,.T.);
#5142=ORIENTED_EDGE('',*,*,#4394,.F.);
#5143=ORIENTED_EDGE('',*,*,#3854,.F.);
#5144=ORIENTED_EDGE('',*,*,#5111,.T.);
#5145=EDGE_LOOP('',(#5141,#5142,#5143,#5144));
#5146=FACE_OUTER_BOUND('',#5145,.F.);
#5147=ADVANCED_FACE('',(#5146),#5140,.T.);
#5148=CARTESIAN_POINT('',(-7.95E1,2.990821510136E1,-1.13E1));
#5149=DIRECTION('',(-1.E0,0.E0,0.E0));
#5150=DIRECTION('',(0.E0,-9.998748520623E-1,1.582024694654E-2));
#5151=AXIS2_PLACEMENT_3D('',#5148,#5149,#5150);
#5152=TOROIDAL_SURFACE('',#5151,3.258651368442E0,5.E-1);
#5153=ORIENTED_EDGE('',*,*,#4055,.F.);
#5154=ORIENTED_EDGE('',*,*,#4045,.T.);
#5156=ORIENTED_EDGE('',*,*,#5155,.T.);
#5157=ORIENTED_EDGE('',*,*,#4042,.F.);
#5158=EDGE_LOOP('',(#5153,#5154,#5156,#5157));
#5159=FACE_OUTER_BOUND('',#5158,.F.);
#5160=ADVANCED_FACE('',(#5159),#5152,.T.);
#5161=CARTESIAN_POINT('',(-7.860436312142E1,2.990821510136E1,-1.13E1));
#5162=DIRECTION('',(1.E0,0.E0,0.E0));
#5163=DIRECTION('',(0.E0,1.E0,0.E0));
#5164=AXIS2_PLACEMENT_3D('',#5161,#5162,#5163);
#5165=CONICAL_SURFACE('',#5164,3.774360932332E0,1.E0);
#5166=ORIENTED_EDGE('',*,*,#5155,.F.);
#5167=ORIENTED_EDGE('',*,*,#4030,.F.);
#5168=ORIENTED_EDGE('',*,*,#4015,.F.);
#5169=ORIENTED_EDGE('',*,*,#4027,.T.);
#5170=EDGE_LOOP('',(#5166,#5167,#5168,#5169));
#5171=FACE_OUTER_BOUND('',#5170,.F.);
#5172=ADVANCED_FACE('',(#5171),#5165,.T.);
#5173=CLOSED_SHELL('',(#3777,#3792,#3807,#3819,#3834,#3848,#3864,#3879,#3891,
#3905,#3920,#3934,#3948,#3975,#3990,#4003,#4019,#4034,#4049,#4066,#4081,#4094,
#4110,#4125,#4197,#4212,#4227,#4241,#4255,#4270,#4283,#4295,#4309,#4321,#4333,
#4345,#4359,#4373,#4386,#4399,#4412,#4426,#4444,#4483,#4524,#4551,#4566,#4582,
#4609,#4621,#4659,#4676,#4722,#4735,#4779,#4791,#4804,#4816,#4829,#4844,#4857,
#4870,#4883,#4896,#4909,#4922,#4935,#4948,#4961,#4974,#4990,#5015,#5027,#5052,
#5065,#5077,#5090,#5103,#5115,#5147,#5160,#5172));
#5174=MANIFOLD_SOLID_BREP('',#5173);
#5175=(LENGTH_UNIT()NAMED_UNIT(*)SI_UNIT(.MILLI.,.METRE.));
#5176=DIMENSIONAL_EXPONENTS(0.E0,0.E0,0.E0,0.E0,0.E0,0.E0,0.E0);
#5177=(NAMED_UNIT(*)PLANE_ANGLE_UNIT()SI_UNIT($,.RADIAN.));
#5178=PLANE_ANGLE_MEASURE_WITH_UNIT(PLANE_ANGLE_MEASURE(1.745329251994E-2),
#5177);
#5179=(CONVERSION_BASED_UNIT('DEGREE',#5178)NAMED_UNIT(#5176)PLANE_ANGLE_UNIT(
));
#5180=(NAMED_UNIT(*)SI_UNIT($,.STERADIAN.)SOLID_ANGLE_UNIT());
#5181=UNCERTAINTY_MEASURE_WITH_UNIT(LENGTH_MEASURE(1.621456209541E-2),#5175,
'closure',
'Maximum model space distance between geometric entities at asserted connectivities');
#5182=(GEOMETRIC_REPRESENTATION_CONTEXT(3)GLOBAL_UNCERTAINTY_ASSIGNED_CONTEXT((
#5181))GLOBAL_UNIT_ASSIGNED_CONTEXT((#5175,#5179,#5180))REPRESENTATION_CONTEXT(
'ID1','3'));
#5184=APPLICATION_CONTEXT(
'CONFIGURATION CONTROLLED 3D DESIGNS OF MECHANICAL PARTS AND ASSEMBLIES');
#5185=APPLICATION_PROTOCOL_DEFINITION('international standard',
'config_control_design',1994,#5184);
#5186=DESIGN_CONTEXT('',#5184,'design');
#5187=MECHANICAL_CONTEXT('',#5184,'mechanical');
#5188=PRODUCT('TX16-16','TX16-16','NOT SPECIFIED',(#5187));
#5189=PRODUCT_DEFINITION_FORMATION_WITH_SPECIFIED_SOURCE('67','LAST_VERSION',
#5188,.MADE.);
#5193=PRODUCT_CATEGORY('part','');
#5194=PRODUCT_RELATED_PRODUCT_CATEGORY('detail','',(#5188));
#5195=PRODUCT_CATEGORY_RELATIONSHIP('','',#5193,#5194);
#5196=SECURITY_CLASSIFICATION_LEVEL('unclassified');
#5197=SECURITY_CLASSIFICATION('','',#5196);
#5198=CC_DESIGN_SECURITY_CLASSIFICATION(#5197,(#5189));
#5199=APPROVAL_STATUS('approved');
#5200=APPROVAL(#5199,'');
#5201=CC_DESIGN_APPROVAL(#5200,(#5197,#5189,#5190));
#5202=CALENDAR_DATE(125,22,12);
#5203=COORDINATED_UNIVERSAL_TIME_OFFSET(8,0,.AHEAD.);
#5204=LOCAL_TIME(9,14,2.5E1,#5203);
#5205=DATE_AND_TIME(#5202,#5204);
#5206=APPROVAL_DATE_TIME(#5205,#5200);
#5207=DATE_TIME_ROLE('creation_date');
#5208=CC_DESIGN_DATE_AND_TIME_ASSIGNMENT(#5205,#5207,(#5190));
#5209=DATE_TIME_ROLE('classification_date');
#5210=CC_DESIGN_DATE_AND_TIME_ASSIGNMENT(#5205,#5209,(#5197));
#5211=PERSON('UNSPECIFIED','UNSPECIFIED',$,$,$,$);
#5212=ORGANIZATION('UNSPECIFIED','UNSPECIFIED','UNSPECIFIED');
#5213=PERSON_AND_ORGANIZATION(#5211,#5212);
#5214=APPROVAL_ROLE('approver');
#5215=APPROVAL_PERSON_ORGANIZATION(#5213,#5200,#5214);
#5216=PERSON_AND_ORGANIZATION_ROLE('creator');
#5217=CC_DESIGN_PERSON_AND_ORGANIZATION_ASSIGNMENT(#5213,#5216,(#5189,#5190));
#5218=PERSON_AND_ORGANIZATION_ROLE('design_supplier');
#5219=CC_DESIGN_PERSON_AND_ORGANIZATION_ASSIGNMENT(#5213,#5218,(#5189));
#5220=PERSON_AND_ORGANIZATION_ROLE('classification_officer');
#5221=CC_DESIGN_PERSON_AND_ORGANIZATION_ASSIGNMENT(#5213,#5220,(#5197));
#5222=PERSON_AND_ORGANIZATION_ROLE('design_owner');
#5223=CC_DESIGN_PERSON_AND_ORGANIZATION_ASSIGNMENT(#5213,#5222,(#5188));
#9=CIRCLE('',#8,3.E-1);
#24=B_SPLINE_CURVE_WITH_KNOTS('',3,(#14,#15,#16,#17,#18,#19,#20,#21,#22,#23),
.UNSPECIFIED.,.F.,.F.,(4,1,1,1,1,1,1,4),(0.E0,1.428571428571E-1,
2.857142857143E-1,4.285714285714E-1,5.714285714286E-1,7.142857142857E-1,
8.571428571429E-1,1.E0),.UNSPECIFIED.);
#29=B_SPLINE_CURVE_WITH_KNOTS('',3,(#25,#26,#27,#28),.UNSPECIFIED.,.F.,.F.,(4,
4),(0.E0,1.E0),.UNSPECIFIED.);
#36=B_SPLINE_CURVE_WITH_KNOTS('',3,(#30,#31,#32,#33,#34,#35),.UNSPECIFIED.,.F.,
.F.,(4,1,1,4),(0.E0,3.333333333333E-1,6.666666666667E-1,1.E0),.UNSPECIFIED.);
#41=CIRCLE('',#40,3.E-1);
#48=B_SPLINE_CURVE_WITH_KNOTS('',3,(#42,#43,#44,#45,#46,#47),.UNSPECIFIED.,.F.,
.F.,(4,1,1,4),(0.E0,3.333333333333E-1,6.666666666667E-1,1.E0),.UNSPECIFIED.);
#53=CIRCLE('',#52,3.E-1);
#58=CIRCLE('',#57,3.E-1);
#63=CIRCLE('',#62,7.641479834077E0);
#73=B_SPLINE_CURVE_WITH_KNOTS('',3,(#64,#65,#66,#67,#68,#69,#70,#71,#72),
.UNSPECIFIED.,.F.,.F.,(4,1,1,1,1,1,4),(0.E0,1.666666666667E-1,3.333333333333E-1,
5.E-1,6.666666666667E-1,8.333333333333E-1,1.E0),.UNSPECIFIED.);
#78=CIRCLE('',#77,7.941434142624E0);
#83=CIRCLE('',#82,5.25E0);
#88=CIRCLE('',#87,5.25E0);
#101=CIRCLE('',#100,4.557179676972E0);
#106=CIRCLE('',#105,4.557179676972E0);
#111=CIRCLE('',#110,3.790146649335E0);
#116=CIRCLE('',#115,3.790146649335E0);
#125=CIRCLE('',#124,3.258651254087E0);
#130=CIRCLE('',#129,3.758575215971E0);
#135=CIRCLE('',#134,5.E-1);
#144=CIRCLE('',#143,3.E0);
#157=CIRCLE('',#156,4.25E0);
#162=CIRCLE('',#161,4.25E0);
#171=CIRCLE('',#170,3.E0);
#180=CIRCLE('',#179,5.316329246727E0);
#189=CIRCLE('',#188,6.794672090655E0);
#198=CIRCLE('',#197,4.316329246727E0);
#203=CIRCLE('',#202,4.316329246727E0);
#256=CIRCLE('',#255,6.794672090655E0);
#265=CIRCLE('',#264,5.316329246727E0);
#274=B_SPLINE_CURVE_WITH_KNOTS('',3,(#270,#271,#272,#273),.UNSPECIFIED.,.F.,.F.,
(4,4),(0.E0,1.E0),.UNSPECIFIED.);
#279=B_SPLINE_CURVE_WITH_KNOTS('',3,(#275,#276,#277,#278),.UNSPECIFIED.,.F.,.F.,
(4,4),(0.E0,1.E0),.UNSPECIFIED.);
#284=B_SPLINE_CURVE_WITH_KNOTS('',3,(#280,#281,#282,#283),.UNSPECIFIED.,.F.,.F.,
(4,4),(0.E0,1.E0),.UNSPECIFIED.);
#293=CIRCLE('',#292,6.751034428335E0);
#302=CIRCLE('',#301,5.359966909048E0);
#311=CIRCLE('',#310,5.359966909048E0);
#320=CIRCLE('',#319,6.751034428335E0);
#325=B_SPLINE_CURVE_WITH_KNOTS('',3,(#321,#322,#323,#324),.UNSPECIFIED.,.F.,.F.,
(4,4),(0.E0,1.E0),.UNSPECIFIED.);
#330=B_SPLINE_CURVE_WITH_KNOTS('',3,(#326,#327,#328,#329),.UNSPECIFIED.,.F.,.F.,
(4,4),(0.E0,1.E0),.UNSPECIFIED.);
#335=B_SPLINE_CURVE_WITH_KNOTS('',3,(#331,#332,#333,#334),.UNSPECIFIED.,.F.,.F.,
(4,4),(0.E0,1.E0),.UNSPECIFIED.);
#340=B_SPLINE_CURVE_WITH_KNOTS('',3,(#336,#337,#338,#339),.UNSPECIFIED.,.F.,.F.,
(4,4),(0.E0,1.E0),.UNSPECIFIED.);
#345=B_SPLINE_CURVE_WITH_KNOTS('',3,(#341,#342,#343,#344),.UNSPECIFIED.,.F.,.F.,
(4,4),(0.E0,1.E0),.UNSPECIFIED.);
#354=CIRCLE('',#353,7.994672090655E0);
#359=CIRCLE('',#358,7.694717782108E0);
#364=CIRCLE('',#363,3.E-1);
#369=B_SPLINE_CURVE_WITH_KNOTS('',3,(#365,#366,#367,#368),.UNSPECIFIED.,.F.,.F.,
(4,4),(0.E0,1.E0),.UNSPECIFIED.);
#376=B_SPLINE_CURVE_WITH_KNOTS('',3,(#370,#371,#372,#373,#374,#375),
.UNSPECIFIED.,.F.,.F.,(4,1,1,4),(0.E0,3.333333333333E-1,6.666666666667E-1,1.E0),
.UNSPECIFIED.);
#383=B_SPLINE_CURVE_WITH_KNOTS('',3,(#377,#378,#379,#380,#381,#382),
.UNSPECIFIED.,.F.,.F.,(4,1,1,4),(0.E0,3.333333333333E-1,6.666666666667E-1,1.E0),
.UNSPECIFIED.);
#388=CIRCLE('',#387,3.E-1);
#396=B_SPLINE_CURVE_WITH_KNOTS('',3,(#389,#390,#391,#392,#393,#394,#395),
.UNSPECIFIED.,.F.,.F.,(4,1,1,1,4),(0.E0,2.5E-1,5.E-1,7.5E-1,1.E0),
.UNSPECIFIED.);
#404=B_SPLINE_CURVE_WITH_KNOTS('',3,(#397,#398,#399,#400,#401,#402,#403),
.UNSPECIFIED.,.F.,.F.,(4,1,1,1,4),(0.E0,2.5E-1,5.E-1,7.5E-1,1.E0),
.UNSPECIFIED.);
#409=CIRCLE('',#408,3.E-1);
#418=CIRCLE('',#417,3.E-1);
#438=B_SPLINE_CURVE_WITH_KNOTS('',3,(#431,#432,#433,#434,#435,#436,#437),
.UNSPECIFIED.,.F.,.F.,(4,1,1,1,4),(0.E0,2.5E-1,5.E-1,7.5E-1,1.E0),
.UNSPECIFIED.);
#446=B_SPLINE_CURVE_WITH_KNOTS('',3,(#439,#440,#441,#442,#443,#444,#445),
.UNSPECIFIED.,.F.,.F.,(4,1,1,1,4),(0.E0,2.5E-1,5.E-1,7.5E-1,1.E0),
.UNSPECIFIED.);
#451=CIRCLE('',#450,3.E-1);
#460=CIRCLE('',#459,3.E-1);
#469=B_SPLINE_CURVE_WITH_KNOTS('',3,(#465,#466,#467,#468),.UNSPECIFIED.,.F.,.F.,
(4,4),(0.E0,1.E0),.UNSPECIFIED.);
#476=B_SPLINE_CURVE_WITH_KNOTS('',3,(#470,#471,#472,#473,#474,#475),
.UNSPECIFIED.,.F.,.F.,(4,1,1,4),(0.E0,3.333333333333E-1,6.666666666667E-1,1.E0),
.UNSPECIFIED.);
#483=B_SPLINE_CURVE_WITH_KNOTS('',3,(#477,#478,#479,#480,#481,#482),
.UNSPECIFIED.,.F.,.F.,(4,1,1,4),(0.E0,3.333333333333E-1,6.666666666667E-1,1.E0),
.UNSPECIFIED.);
#488=CIRCLE('',#487,3.E-1);
#494=B_SPLINE_CURVE_WITH_KNOTS('',3,(#489,#490,#491,#492,#493),.UNSPECIFIED.,
.F.,.F.,(4,1,4),(0.E0,5.E-1,1.E0),.UNSPECIFIED.);
#499=CIRCLE('',#498,3.000000707955E-1);
#505=B_SPLINE_CURVE_WITH_KNOTS('',3,(#500,#501,#502,#503,#504),.UNSPECIFIED.,
.F.,.F.,(4,1,4),(0.E0,5.E-1,1.E0),.UNSPECIFIED.);
#512=B_SPLINE_CURVE_WITH_KNOTS('',3,(#506,#507,#508,#509,#510,#511),
.UNSPECIFIED.,.F.,.F.,(4,1,1,4),(0.E0,3.333333333333E-1,6.666666666667E-1,1.E0),
.UNSPECIFIED.);
#519=B_SPLINE_CURVE_WITH_KNOTS('',3,(#513,#514,#515,#516,#517,#518),
.UNSPECIFIED.,.F.,.F.,(4,1,1,4),(0.E0,3.333333333333E-1,6.666666666667E-1,1.E0),
.UNSPECIFIED.);
#524=B_SPLINE_CURVE_WITH_KNOTS('',3,(#520,#521,#522,#523),.UNSPECIFIED.,.F.,.F.,
(4,4),(0.E0,1.E0),.UNSPECIFIED.);
#533=B_SPLINE_CURVE_WITH_KNOTS('',3,(#529,#530,#531,#532),.UNSPECIFIED.,.F.,.F.,
(4,4),(0.E0,1.E0),.UNSPECIFIED.);
#542=B_SPLINE_CURVE_WITH_KNOTS('',3,(#538,#539,#540,#541),.UNSPECIFIED.,.F.,.F.,
(4,4),(0.E0,1.E0),.UNSPECIFIED.);
#551=B_SPLINE_CURVE_WITH_KNOTS('',3,(#547,#548,#549,#550),.UNSPECIFIED.,.F.,.F.,
(4,4),(0.E0,1.E0),.UNSPECIFIED.);
#560=B_SPLINE_CURVE_WITH_KNOTS('',3,(#556,#557,#558,#559),.UNSPECIFIED.,.F.,.F.,
(4,4),(0.E0,1.E0),.UNSPECIFIED.);
#569=B_SPLINE_CURVE_WITH_KNOTS('',3,(#565,#566,#567,#568),.UNSPECIFIED.,.F.,.F.,
(4,4),(0.E0,1.E0),.UNSPECIFIED.);
#578=B_SPLINE_CURVE_WITH_KNOTS('',3,(#574,#575,#576,#577),.UNSPECIFIED.,.F.,.F.,
(4,4),(0.E0,1.E0),.UNSPECIFIED.);
#587=B_SPLINE_CURVE_WITH_KNOTS('',3,(#583,#584,#585,#586),.UNSPECIFIED.,.F.,.F.,
(4,4),(0.E0,1.E0),.UNSPECIFIED.);
#596=B_SPLINE_CURVE_WITH_KNOTS('',3,(#592,#593,#594,#595),.UNSPECIFIED.,.F.,.F.,
(4,4),(0.E0,1.E0),.UNSPECIFIED.);
#605=B_SPLINE_CURVE_WITH_KNOTS('',3,(#601,#602,#603,#604),.UNSPECIFIED.,.F.,.F.,
(4,4),(0.E0,1.E0),.UNSPECIFIED.);
#614=B_SPLINE_CURVE_WITH_KNOTS('',3,(#610,#611,#612,#613),.UNSPECIFIED.,.F.,.F.,
(4,4),(0.E0,1.E0),.UNSPECIFIED.);
#619=B_SPLINE_CURVE_WITH_KNOTS('',3,(#615,#616,#617,#618),.UNSPECIFIED.,.F.,.F.,
(4,4),(0.E0,1.E0),.UNSPECIFIED.);
#630=B_SPLINE_CURVE_WITH_KNOTS('',3,(#624,#625,#626,#627,#628,#629),
.UNSPECIFIED.,.F.,.F.,(4,1,1,4),(0.E0,3.333333333333E-1,6.666666666667E-1,1.E0),
.UNSPECIFIED.);
#636=B_SPLINE_CURVE_WITH_KNOTS('',3,(#631,#632,#633,#634,#635),.UNSPECIFIED.,
.F.,.F.,(4,1,4),(0.E0,5.E-1,1.E0),.UNSPECIFIED.);
#641=CIRCLE('',#640,3.000001705736E-1);
#647=B_SPLINE_CURVE_WITH_KNOTS('',3,(#642,#643,#644,#645,#646),.UNSPECIFIED.,
.F.,.F.,(4,1,4),(0.E0,5.E-1,1.E0),.UNSPECIFIED.);
#654=B_SPLINE_CURVE_WITH_KNOTS('',3,(#648,#649,#650,#651,#652,#653),
.UNSPECIFIED.,.F.,.F.,(4,1,1,4),(0.E0,3.333333333333E-1,6.666666666667E-1,1.E0),
.UNSPECIFIED.);
#659=CIRCLE('',#658,3.E-1);
#665=B_SPLINE_CURVE_WITH_KNOTS('',3,(#660,#661,#662,#663,#664),.UNSPECIFIED.,
.F.,.F.,(4,1,4),(0.E0,5.E-1,1.E0),.UNSPECIFIED.);
#674=CIRCLE('',#673,3.E-1);
#687=CIRCLE('',#686,3.E-1);
#692=CIRCLE('',#691,7.694717782108E0);
#702=B_SPLINE_CURVE_WITH_KNOTS('',3,(#693,#694,#695,#696,#697,#698,#699,#700,
#701),.UNSPECIFIED.,.F.,.F.,(4,1,1,1,1,1,4),(0.E0,1.666666666667E-1,
3.333333333333E-1,5.E-1,6.666666666667E-1,8.333333333333E-1,1.E0),
.UNSPECIFIED.);
#707=CIRCLE('',#706,7.994672090655E0);
#712=CIRCLE('',#711,3.E-1);
#719=B_SPLINE_CURVE_WITH_KNOTS('',3,(#713,#714,#715,#716,#717,#718),
.UNSPECIFIED.,.F.,.F.,(4,1,1,4),(0.E0,3.333333333333E-1,6.666666666667E-1,1.E0),
.UNSPECIFIED.);
#724=CIRCLE('',#723,3.E-1);
#731=B_SPLINE_CURVE_WITH_KNOTS('',3,(#725,#726,#727,#728,#729,#730),
.UNSPECIFIED.,.F.,.F.,(4,1,1,4),(0.E0,3.333333333333E-1,6.666666666667E-1,1.E0),
.UNSPECIFIED.);
#736=CIRCLE('',#735,3.E-1);
#751=B_SPLINE_CURVE_WITH_KNOTS('',3,(#741,#742,#743,#744,#745,#746,#747,#748,
#749,#750),.UNSPECIFIED.,.F.,.F.,(4,1,1,1,1,1,1,4),(0.E0,1.428571428571E-1,
2.857142857143E-1,4.285714285714E-1,5.714285714286E-1,7.142857142857E-1,
8.571428571429E-1,1.E0),.UNSPECIFIED.);
#760=CIRCLE('',#759,3.E-1);
#765=CIRCLE('',#764,5.744672090655E0);
#770=CIRCLE('',#769,5.444717782108E0);
#775=B_SPLINE_CURVE_WITH_KNOTS('',3,(#771,#772,#773,#774),.UNSPECIFIED.,.F.,.F.,
(4,4),(0.E0,1.E0),.UNSPECIFIED.);
#780=CIRCLE('',#779,5.391479834077E0);
#785=CIRCLE('',#784,5.691434142624E0);
#800=B_SPLINE_CURVE_WITH_KNOTS('',3,(#790,#791,#792,#793,#794,#795,#796,#797,
#798,#799),.UNSPECIFIED.,.F.,.F.,(4,1,1,1,1,1,1,4),(0.E0,1.428571428571E-1,
2.857142857143E-1,4.285714285714E-1,5.714285714286E-1,7.142857142857E-1,
8.571428571429E-1,1.E0),.UNSPECIFIED.);
#809=CIRCLE('',#808,3.E-1);
#818=CIRCLE('',#817,3.E-1);
#833=B_SPLINE_CURVE_WITH_KNOTS('',3,(#823,#824,#825,#826,#827,#828,#829,#830,
#831,#832),.UNSPECIFIED.,.F.,.F.,(4,1,1,1,1,1,1,4),(0.E0,1.428571428571E-1,
2.857142857143E-1,4.285714285714E-1,5.714285714286E-1,7.142857142857E-1,
8.571428571429E-1,1.E0),.UNSPECIFIED.);
#838=CIRCLE('',#837,3.E-1);
#843=CIRCLE('',#842,7.941434142624E0);
#853=B_SPLINE_CURVE_WITH_KNOTS('',3,(#844,#845,#846,#847,#848,#849,#850,#851,
#852),.UNSPECIFIED.,.F.,.F.,(4,1,1,1,1,1,4),(0.E0,1.666666666667E-1,
3.333333333333E-1,5.E-1,6.666666666667E-1,8.333333333333E-1,1.E0),
.UNSPECIFIED.);
#858=CIRCLE('',#857,7.641479834077E0);
#863=CIRCLE('',#862,1.291993707749E1);
#868=CIRCLE('',#867,3.E-1);
#873=CIRCLE('',#872,1.261998276895E1);
#883=B_SPLINE_CURVE_WITH_KNOTS('',3,(#874,#875,#876,#877,#878,#879,#880,#881,
#882),.UNSPECIFIED.,.F.,.F.,(4,1,1,1,1,1,4),(0.E0,1.666666666667E-1,
3.333333333333E-1,5.E-1,6.666666666667E-1,8.333333333333E-1,1.E0),
.UNSPECIFIED.);
#888=CIRCLE('',#887,1.261998276895E1);
#893=CIRCLE('',#892,3.E-1);
#898=CIRCLE('',#897,1.291993707749E1);
#908=B_SPLINE_CURVE_WITH_KNOTS('',3,(#899,#900,#901,#902,#903,#904,#905,#906,
#907),.UNSPECIFIED.,.F.,.F.,(4,1,1,1,1,1,4),(0.E0,1.666666666667E-1,
3.333333333333E-1,5.E-1,6.666666666667E-1,8.333333333333E-1,1.E0),
.UNSPECIFIED.);
#913=CIRCLE('',#912,3.E-1);
#923=B_SPLINE_CURVE_WITH_KNOTS('',3,(#918,#919,#920,#921,#922),.UNSPECIFIED.,
.F.,.F.,(4,1,4),(0.E0,5.E-1,1.E0),.UNSPECIFIED.);
#928=CIRCLE('',#927,3.E-1);
#937=CIRCLE('',#936,3.E-1);
#951=B_SPLINE_CURVE_WITH_KNOTS('',3,(#942,#943,#944,#945,#946,#947,#948,#949,
#950),.UNSPECIFIED.,.F.,.F.,(4,1,1,1,1,1,4),(0.E0,1.666666666667E-1,
3.333333333333E-1,5.E-1,6.666666666667E-1,8.333333333333E-1,1.E0),
.UNSPECIFIED.);
#956=CIRCLE('',#955,3.258651254087E0);
#961=CIRCLE('',#960,3.758575215971E0);
#966=CIRCLE('',#965,5.E-1);
#1160=EDGE_CURVE('',#1087,#1091,#4,.T.);
#1162=EDGE_CURVE('',#1094,#1087,#9,.T.);
#1164=EDGE_CURVE('',#1094,#1095,#13,.T.);
#1166=EDGE_CURVE('',#1095,#1091,#24,.T.);
#1176=EDGE_CURVE('',#1086,#1087,#36,.T.);
#1179=EDGE_CURVE('',#1091,#1116,#29,.T.);
#1181=EDGE_CURVE('',#1116,#1086,#789,.T.);
#1212=EDGE_CURVE('',#1088,#1086,#41,.T.);
#1214=EDGE_CURVE('',#1088,#1089,#48,.T.);
#1216=EDGE_CURVE('',#1089,#1087,#53,.T.);
#1226=EDGE_CURVE('',#1118,#1088,#58,.T.);
#1229=EDGE_CURVE('',#1118,#1086,#809,.T.);
#1240=EDGE_CURVE('',#1042,#1118,#63,.T.);
#1242=EDGE_CURVE('',#1044,#1042,#73,.T.);
#1244=EDGE_CURVE('',#1044,#1088,#78,.T.);
#1254=EDGE_CURVE('',#1111,#1112,#822,.T.);
#1256=EDGE_CURVE('',#1111,#1057,#858,.T.);
#1258=EDGE_CURVE('',#1052,#1057,#464,.T.);
#1260=EDGE_CURVE('',#1040,#1052,#426,.T.);
#1262=EDGE_CURVE('',#1040,#1042,#413,.T.);
#1265=EDGE_CURVE('',#1114,#1118,#804,.T.);
#1267=EDGE_CURVE('',#1112,#1114,#780,.T.);
#1271=EDGE_CURVE('',#985,#986,#83,.T.);
#1273=EDGE_CURVE('',#986,#985,#88,.T.);
#1284=EDGE_CURVE('',#986,#982,#96,.T.);
#1286=EDGE_CURVE('',#981,#982,#101,.T.);
#1288=EDGE_CURVE('',#985,#981,#92,.T.);
#1300=EDGE_CURVE('',#982,#981,#106,.T.);
#1315=EDGE_CURVE('',#1022,#1023,#111,.T.);
#1317=EDGE_CURVE('',#1023,#1022,#116,.T.);
#1327=EDGE_CURVE('',#1126,#1125,#130,.T.);
#1329=EDGE_CURVE('',#1022,#1125,#120,.T.);
#1332=EDGE_CURVE('',#1023,#1126,#970,.T.);
#1342=EDGE_CURVE('',#1122,#1121,#125,.T.);
#1344=EDGE_CURVE('',#1121,#1125,#966,.T.);
#1347=EDGE_CURVE('',#1122,#1126,#135,.T.);
#1357=EDGE_CURVE('',#1121,#1122,#956,.T.);
#1362=EDGE_CURVE('',#973,#974,#139,.T.);
#1364=EDGE_CURVE('',#974,#973,#144,.T.);
#1375=EDGE_CURVE('',#978,#974,#152,.T.);
#1377=EDGE_CURVE('',#977,#978,#166,.T.);
#1379=EDGE_CURVE('',#977,#973,#148,.T.);
#1391=EDGE_CURVE('',#978,#977,#171,.T.);
#1402=EDGE_CURVE('',#1026,#1027,#157,.T.);
#1404=EDGE_CURVE('',#1027,#1026,#162,.T.);
#1418=EDGE_CURVE('',#1030,#1031,#198,.T.);
#1420=EDGE_CURVE('',#1030,#1026,#175,.T.);
#1423=EDGE_CURVE('',#1031,#1027,#349,.T.);
#1434=EDGE_CURVE('',#1094,#1065,#359,.T.);
#1436=EDGE_CURVE('',#1064,#1065,#941,.T.);
#1438=EDGE_CURVE('',#1067,#1064,#888,.T.);
#1440=EDGE_CURVE('',#1067,#989,#207,.T.);
#1442=EDGE_CURVE('',#989,#990,#211,.T.);
#1444=EDGE_CURVE('',#990,#992,#215,.T.);
#1446=EDGE_CURVE('',#992,#994,#219,.T.);
#1448=EDGE_CURVE('',#994,#996,#223,.T.);
#1450=EDGE_CURVE('',#996,#998,#227,.T.);
#1452=EDGE_CURVE('',#998,#1000,#231,.T.);
#1454=EDGE_CURVE('',#1000,#1002,#235,.T.);
#1456=EDGE_CURVE('',#1002,#1004,#239,.T.);
#1458=EDGE_CURVE('',#1004,#1006,#243,.T.);
#1460=EDGE_CURVE('',#1006,#1008,#247,.T.);
#1462=EDGE_CURVE('',#1008,#1079,#251,.T.);
#1464=EDGE_CURVE('',#1078,#1079,#873,.T.);
#1466=EDGE_CURVE('',#1085,#1078,#682,.T.);
#1468=EDGE_CURVE('',#1085,#1103,#692,.T.);
#1470=EDGE_CURVE('',#1099,#1103,#755,.T.);
#1472=EDGE_CURVE('',#1095,#1099,#770,.T.);
#1476=EDGE_CURVE('',#1154,#1142,#180,.T.);
#1478=EDGE_CURVE('',#1152,#1154,#184,.T.);
#1480=EDGE_CURVE('',#1152,#1141,#189,.T.);
#1482=EDGE_CURVE('',#1141,#1142,#193,.T.);
#1487=EDGE_CURVE('',#1031,#1030,#203,.T.);
#1491=EDGE_CURVE('',#1138,#1151,#256,.T.);
#1493=EDGE_CURVE('',#1153,#1151,#260,.T.);
#1495=EDGE_CURVE('',#1137,#1153,#265,.T.);
#1497=EDGE_CURVE('',#1137,#1138,#269,.T.);
#1507=EDGE_CURVE('',#1146,#1153,#279,.T.);
#1509=EDGE_CURVE('',#1146,#1129,#302,.T.);
#1511=EDGE_CURVE('',#1137,#1129,#330,.T.);
#1522=EDGE_CURVE('',#1150,#1154,#340,.T.);
#1525=EDGE_CURVE('',#1142,#1134,#274,.T.);
#1527=EDGE_CURVE('',#1134,#1150,#311,.T.);
#1537=EDGE_CURVE('',#1145,#1146,#288,.T.);
#1541=EDGE_CURVE('',#1145,#1151,#284,.T.);
#1552=EDGE_CURVE('',#1130,#1145,#293,.T.);
#1554=EDGE_CURVE('',#1129,#1130,#297,.T.);
#1565=EDGE_CURVE('',#1149,#1150,#306,.T.);
#1568=EDGE_CURVE('',#1133,#1134,#315,.T.);
#1570=EDGE_CURVE('',#1149,#1133,#320,.T.);
#1582=EDGE_CURVE('',#1138,#1130,#325,.T.);
#1593=EDGE_CURVE('',#1149,#1152,#335,.T.);
#1596=EDGE_CURVE('',#1141,#1133,#345,.T.);
#1655=EDGE_CURVE('',#1089,#1094,#364,.T.);
#1657=EDGE_CURVE('',#1089,#1061,#354,.T.);
#1659=EDGE_CURVE('',#1065,#1061,#951,.T.);
#1683=EDGE_CURVE('',#1044,#1061,#369,.T.);
#1694=EDGE_CURVE('',#1105,#1106,#731,.T.);
#1696=EDGE_CURVE('',#1082,#1105,#707,.T.);
#1698=EDGE_CURVE('',#1055,#1082,#469,.T.);
#1700=EDGE_CURVE('',#1106,#1055,#843,.T.);
#1710=EDGE_CURVE('',#1036,#1037,#376,.T.);
#1712=EDGE_CURVE('',#1060,#1036,#923,.T.);
#1714=EDGE_CURVE('',#1060,#1061,#932,.T.);
#1717=EDGE_CURVE('',#1039,#1044,#422,.T.);
#1719=EDGE_CURVE('',#1037,#1039,#396,.T.);
#1754=EDGE_CURVE('',#1037,#1038,#409,.T.);
#1756=EDGE_CURVE('',#1035,#1038,#383,.T.);
#1758=EDGE_CURVE('',#1036,#1035,#388,.T.);
#1801=EDGE_CURVE('',#1039,#1040,#418,.T.);
#1803=EDGE_CURVE('',#1038,#1040,#404,.T.);
#1828=EDGE_CURVE('',#1049,#1052,#438,.T.);
#1830=EDGE_CURVE('',#1038,#1049,#430,.T.);
#1873=EDGE_CURVE('',#1052,#1053,#460,.T.);
#1875=EDGE_CURVE('',#1051,#1053,#446,.T.);
#1877=EDGE_CURVE('',#1049,#1051,#451,.T.);
#1887=EDGE_CURVE('',#1053,#1055,#455,.T.);
#1891=EDGE_CURVE('',#1055,#1057,#853,.T.);
#1901=EDGE_CURVE('',#1050,#1051,#483,.T.);
#1906=EDGE_CURVE('',#1082,#1083,#678,.T.);
#1908=EDGE_CURVE('',#1083,#1050,#665,.T.);
#1942=EDGE_CURVE('',#1046,#1049,#476,.T.);
#1946=EDGE_CURVE('',#1046,#1050,#488,.T.);
#1956=EDGE_CURVE('',#1034,#1035,#505,.T.);
#1961=EDGE_CURVE('',#1045,#1046,#636,.T.);
#1963=EDGE_CURVE('',#1045,#1019,#630,.T.);
#1965=EDGE_CURVE('',#1018,#1019,#614,.T.);
#1967=EDGE_CURVE('',#1018,#1017,#605,.T.);
#1969=EDGE_CURVE('',#1016,#1017,#596,.T.);
#1971=EDGE_CURVE('',#1016,#1015,#587,.T.);
#1973=EDGE_CURVE('',#1014,#1015,#578,.T.);
#1975=EDGE_CURVE('',#1014,#1013,#569,.T.);
#1977=EDGE_CURVE('',#1012,#1013,#560,.T.);
#1979=EDGE_CURVE('',#1012,#1011,#551,.T.);
#1981=EDGE_CURVE('',#1009,#1011,#542,.T.);
#1983=EDGE_CURVE('',#1009,#1010,#533,.T.);
#1985=EDGE_CURVE('',#1034,#1010,#519,.T.);
#2007=EDGE_CURVE('',#1032,#1033,#494,.T.);
#2009=EDGE_CURVE('',#1033,#1035,#499,.T.);
#2012=EDGE_CURVE('',#1034,#1032,#512,.T.);
#2023=EDGE_CURVE('',#1032,#1070,#524,.T.);
#2025=EDGE_CURVE('',#1070,#1071,#898,.T.);
#2027=EDGE_CURVE('',#1071,#1033,#917,.T.);
#2037=EDGE_CURVE('',#1047,#1048,#647,.T.);
#2039=EDGE_CURVE('',#1074,#1048,#669,.T.);
#2041=EDGE_CURVE('',#1074,#1075,#863,.T.);
#2043=EDGE_CURVE('',#1047,#1075,#619,.T.);
#2055=EDGE_CURVE('',#989,#1010,#528,.T.);
#2058=EDGE_CURVE('',#1070,#1067,#908,.T.);
#2072=EDGE_CURVE('',#990,#1009,#537,.T.);
#2085=EDGE_CURVE('',#992,#1011,#546,.T.);
#2098=EDGE_CURVE('',#994,#1012,#555,.T.);
#2111=EDGE_CURVE('',#996,#1013,#564,.T.);
#2124=EDGE_CURVE('',#998,#1014,#573,.T.);
#2137=EDGE_CURVE('',#1000,#1015,#582,.T.);
#2150=EDGE_CURVE('',#1002,#1016,#591,.T.);
#2163=EDGE_CURVE('',#1004,#1017,#600,.T.);
#2176=EDGE_CURVE('',#1006,#1018,#609,.T.);
#2189=EDGE_CURVE('',#1008,#1019,#623,.T.);
#2199=EDGE_CURVE('',#1047,#1045,#654,.T.);
#2202=EDGE_CURVE('',#1079,#1075,#883,.T.);
#2228=EDGE_CURVE('',#1046,#1048,#641,.T.);
#2240=EDGE_CURVE('',#1050,#1048,#659,.T.);
#2266=EDGE_CURVE('',#1074,#1083,#674,.T.);
#2278=EDGE_CURVE('',#1078,#1083,#687,.T.);
#2280=EDGE_CURVE('',#1078,#1074,#868,.T.);
#2291=EDGE_CURVE('',#1082,#1085,#702,.T.);
#2303=EDGE_CURVE('',#1103,#1105,#712,.T.);
#2317=EDGE_CURVE('',#1105,#1101,#724,.T.);
#2319=EDGE_CURVE('',#1103,#1101,#760,.T.);
#2349=EDGE_CURVE('',#1101,#1104,#719,.T.);
#2353=EDGE_CURVE('',#1106,#1104,#736,.T.);
#2363=EDGE_CURVE('',#1097,#1101,#740,.T.);
#2366=EDGE_CURVE('',#1104,#1108,#813,.T.);
#2368=EDGE_CURVE('',#1097,#1108,#775,.T.);
#2379=EDGE_CURVE('',#1099,#1097,#751,.T.);
#2391=EDGE_CURVE('',#1091,#1097,#765,.T.);
#2406=EDGE_CURVE('',#1108,#1116,#785,.T.);
#2418=EDGE_CURVE('',#1114,#1116,#800,.T.);
#2421=EDGE_CURVE('',#1112,#1108,#833,.T.);
#2444=EDGE_CURVE('',#1111,#1104,#818,.T.);
#2456=EDGE_CURVE('',#1106,#1111,#838,.T.);
#2493=EDGE_CURVE('',#1064,#1071,#893,.T.);
#2505=EDGE_CURVE('',#1060,#1071,#913,.T.);
#2508=EDGE_CURVE('',#1064,#1060,#937,.T.);
#2530=EDGE_CURVE('',#1033,#1036,#928,.T.);
#2568=EDGE_CURVE('',#1125,#1126,#961,.T.);
#2594=B_SPLINE_CURVE_WITH_KNOTS('',3,(#2588,#2589,#2590,#2591,#2592,#2593),
.UNSPECIFIED.,.F.,.F.,(4,1,1,4),(0.E0,3.333333333333E-1,6.666666666667E-1,1.E0),
.UNSPECIFIED.);
#2599=CIRCLE('',#2598,3.E-1);
#2606=B_SPLINE_CURVE_WITH_KNOTS('',3,(#2600,#2601,#2602,#2603,#2604,#2605),
.UNSPECIFIED.,.F.,.F.,(4,1,1,4),(0.E0,3.333333333333E-1,6.666666666667E-1,1.E0),
.UNSPECIFIED.);
#2611=CIRCLE('',#2610,3.E-1);
#2616=B_SPLINE_CURVE_WITH_KNOTS('',3,(#2612,#2613,#2614,#2615),.UNSPECIFIED.,
.F.,.F.,(4,4),(0.E0,1.E0),.UNSPECIFIED.);
#2625=CIRCLE('',#2624,3.E-1);
#2640=B_SPLINE_CURVE_WITH_KNOTS('',3,(#2630,#2631,#2632,#2633,#2634,#2635,#2636,
#2637,#2638,#2639),.UNSPECIFIED.,.F.,.F.,(4,1,1,1,1,1,1,4),(0.E0,
1.428571428571E-1,2.857142857143E-1,4.285714285714E-1,5.714285714286E-1,
7.142857142857E-1,8.571428571429E-1,1.E0),.UNSPECIFIED.);
#2645=CIRCLE('',#2644,3.E-1);
#2650=CIRCLE('',#2649,7.941434142624E0);
#2660=B_SPLINE_CURVE_WITH_KNOTS('',3,(#2651,#2652,#2653,#2654,#2655,#2656,#2657,
#2658,#2659),.UNSPECIFIED.,.F.,.F.,(4,1,1,1,1,1,4),(0.E0,1.666666666667E-1,
3.333333333333E-1,5.E-1,6.666666666667E-1,8.333333333333E-1,1.E0),
.UNSPECIFIED.);
#2665=CIRCLE('',#2664,7.641479834077E0);
#2670=CIRCLE('',#2669,7.694717782108E0);
#2675=CIRCLE('',#2674,7.994672090655E0);
#2680=CIRCLE('',#2679,3.E-1);
#2695=B_SPLINE_CURVE_WITH_KNOTS('',3,(#2685,#2686,#2687,#2688,#2689,#2690,#2691,
#2692,#2693,#2694),.UNSPECIFIED.,.F.,.F.,(4,1,1,1,1,1,1,4),(0.E0,
1.428571428571E-1,2.857142857143E-1,4.285714285714E-1,5.714285714286E-1,
7.142857142857E-1,8.571428571429E-1,1.E0),.UNSPECIFIED.);
#2704=CIRCLE('',#2703,3.E-1);
#2709=CIRCLE('',#2708,5.744672090655E0);
#2714=CIRCLE('',#2713,5.444717782108E0);
#2719=B_SPLINE_CURVE_WITH_KNOTS('',3,(#2715,#2716,#2717,#2718),.UNSPECIFIED.,
.F.,.F.,(4,4),(0.E0,1.E0),.UNSPECIFIED.);
#2724=CIRCLE('',#2723,5.391479834077E0);
#2729=CIRCLE('',#2728,5.691434142624E0);
#2734=CIRCLE('',#2733,5.25E0);
#2739=CIRCLE('',#2738,5.25E0);
#2752=CIRCLE('',#2751,4.557179676972E0);
#2757=CIRCLE('',#2756,4.557179676972E0);
#2762=CIRCLE('',#2761,3.790146649335E0);
#2767=CIRCLE('',#2766,3.790146649335E0);
#2776=CIRCLE('',#2775,3.258651254087E0);
#2781=CIRCLE('',#2780,5.E-1);
#2786=CIRCLE('',#2785,3.758575215971E0);
#2795=CIRCLE('',#2794,3.E0);
#2808=CIRCLE('',#2807,4.25E0);
#2813=CIRCLE('',#2812,4.25E0);
#2822=CIRCLE('',#2821,3.E0);
#2831=CIRCLE('',#2830,5.316329246727E0);
#2840=CIRCLE('',#2839,6.794672090655E0);
#2849=CIRCLE('',#2848,4.316329246727E0);
#2854=CIRCLE('',#2853,4.316329246727E0);
#2907=CIRCLE('',#2906,6.794672090655E0);
#2916=CIRCLE('',#2915,5.316329246727E0);
#2925=B_SPLINE_CURVE_WITH_KNOTS('',3,(#2921,#2922,#2923,#2924),.UNSPECIFIED.,
.F.,.F.,(4,4),(0.E0,1.E0),.UNSPECIFIED.);
#2930=B_SPLINE_CURVE_WITH_KNOTS('',3,(#2926,#2927,#2928,#2929),.UNSPECIFIED.,
.F.,.F.,(4,4),(0.E0,1.E0),.UNSPECIFIED.);
#2935=B_SPLINE_CURVE_WITH_KNOTS('',3,(#2931,#2932,#2933,#2934),.UNSPECIFIED.,
.F.,.F.,(4,4),(0.E0,1.E0),.UNSPECIFIED.);
#2944=CIRCLE('',#2943,5.359966909048E0);
#2953=CIRCLE('',#2952,6.751034428335E0);
#2962=CIRCLE('',#2961,6.751034428335E0);
#2971=CIRCLE('',#2970,5.359966909048E0);
#2976=B_SPLINE_CURVE_WITH_KNOTS('',3,(#2972,#2973,#2974,#2975),.UNSPECIFIED.,
.F.,.F.,(4,4),(0.E0,1.E0),.UNSPECIFIED.);
#2981=B_SPLINE_CURVE_WITH_KNOTS('',3,(#2977,#2978,#2979,#2980),.UNSPECIFIED.,
.F.,.F.,(4,4),(0.E0,1.E0),.UNSPECIFIED.);
#2986=B_SPLINE_CURVE_WITH_KNOTS('',3,(#2982,#2983,#2984,#2985),.UNSPECIFIED.,
.F.,.F.,(4,4),(0.E0,1.E0),.UNSPECIFIED.);
#2991=B_SPLINE_CURVE_WITH_KNOTS('',3,(#2987,#2988,#2989,#2990),.UNSPECIFIED.,
.F.,.F.,(4,4),(0.E0,1.E0),.UNSPECIFIED.);
#2996=B_SPLINE_CURVE_WITH_KNOTS('',3,(#2992,#2993,#2994,#2995),.UNSPECIFIED.,
.F.,.F.,(4,4),(0.E0,1.E0),.UNSPECIFIED.);
#3009=CIRCLE('',#3008,3.E-1);
#3024=B_SPLINE_CURVE_WITH_KNOTS('',3,(#3014,#3015,#3016,#3017,#3018,#3019,#3020,
#3021,#3022,#3023),.UNSPECIFIED.,.F.,.F.,(4,1,1,1,1,1,1,4),(0.E0,
1.428571428571E-1,2.857142857143E-1,4.285714285714E-1,5.714285714286E-1,
7.142857142857E-1,8.571428571429E-1,1.E0),.UNSPECIFIED.);
#3039=B_SPLINE_CURVE_WITH_KNOTS('',3,(#3029,#3030,#3031,#3032,#3033,#3034,#3035,
#3036,#3037,#3038),.UNSPECIFIED.,.F.,.F.,(4,1,1,1,1,1,1,4),(0.E0,
1.428571428571E-1,2.857142857143E-1,4.285714285714E-1,5.714285714286E-1,
7.142857142857E-1,8.571428571429E-1,1.E0),.UNSPECIFIED.);
#3048=CIRCLE('',#3047,3.E-1);
#3053=CIRCLE('',#3052,3.E-1);
#3058=CIRCLE('',#3057,7.641479834077E0);
#3068=B_SPLINE_CURVE_WITH_KNOTS('',3,(#3059,#3060,#3061,#3062,#3063,#3064,#3065,
#3066,#3067),.UNSPECIFIED.,.F.,.F.,(4,1,1,1,1,1,4),(0.E0,1.666666666667E-1,
3.333333333333E-1,5.E-1,6.666666666667E-1,8.333333333333E-1,1.E0),
.UNSPECIFIED.);
#3073=CIRCLE('',#3072,7.941434142624E0);
#3086=CIRCLE('',#3085,3.E-1);
#3091=B_SPLINE_CURVE_WITH_KNOTS('',3,(#3087,#3088,#3089,#3090),.UNSPECIFIED.,
.F.,.F.,(4,4),(0.E0,1.E0),.UNSPECIFIED.);
#3098=B_SPLINE_CURVE_WITH_KNOTS('',3,(#3092,#3093,#3094,#3095,#3096,#3097),
.UNSPECIFIED.,.F.,.F.,(4,1,1,4),(0.E0,3.333333333333E-1,6.666666666667E-1,1.E0),
.UNSPECIFIED.);
#3103=CIRCLE('',#3102,3.E-1);
#3110=B_SPLINE_CURVE_WITH_KNOTS('',3,(#3104,#3105,#3106,#3107,#3108,#3109),
.UNSPECIFIED.,.F.,.F.,(4,1,1,4),(0.E0,3.333333333333E-1,6.666666666667E-1,1.E0),
.UNSPECIFIED.);
#3116=B_SPLINE_CURVE_WITH_KNOTS('',3,(#3111,#3112,#3113,#3114,#3115),
.UNSPECIFIED.,.F.,.F.,(4,1,4),(0.E0,5.E-1,1.E0),.UNSPECIFIED.);
#3123=B_SPLINE_CURVE_WITH_KNOTS('',3,(#3117,#3118,#3119,#3120,#3121,#3122),
.UNSPECIFIED.,.F.,.F.,(4,1,1,4),(0.E0,3.333333333333E-1,6.666666666667E-1,1.E0),
.UNSPECIFIED.);
#3129=B_SPLINE_CURVE_WITH_KNOTS('',3,(#3124,#3125,#3126,#3127,#3128),
.UNSPECIFIED.,.F.,.F.,(4,1,4),(0.E0,5.E-1,1.E0),.UNSPECIFIED.);
#3134=CIRCLE('',#3133,3.000000707955E-1);
#3140=B_SPLINE_CURVE_WITH_KNOTS('',3,(#3135,#3136,#3137,#3138,#3139),
.UNSPECIFIED.,.F.,.F.,(4,1,4),(0.E0,5.E-1,1.E0),.UNSPECIFIED.);
#3149=CIRCLE('',#3148,3.E-1);
#3156=B_SPLINE_CURVE_WITH_KNOTS('',3,(#3150,#3151,#3152,#3153,#3154,#3155),
.UNSPECIFIED.,.F.,.F.,(4,1,1,4),(0.E0,3.333333333333E-1,6.666666666667E-1,1.E0),
.UNSPECIFIED.);
#3161=CIRCLE('',#3160,3.E-1);
#3168=B_SPLINE_CURVE_WITH_KNOTS('',3,(#3162,#3163,#3164,#3165,#3166,#3167),
.UNSPECIFIED.,.F.,.F.,(4,1,1,4),(0.E0,3.333333333333E-1,6.666666666667E-1,1.E0),
.UNSPECIFIED.);
#3173=B_SPLINE_CURVE_WITH_KNOTS('',3,(#3169,#3170,#3171,#3172),.UNSPECIFIED.,
.F.,.F.,(4,4),(0.E0,1.E0),.UNSPECIFIED.);
#3181=B_SPLINE_CURVE_WITH_KNOTS('',3,(#3174,#3175,#3176,#3177,#3178,#3179,
#3180),.UNSPECIFIED.,.F.,.F.,(4,1,1,1,4),(0.E0,2.5E-1,5.E-1,7.5E-1,1.E0),
.UNSPECIFIED.);
#3186=CIRCLE('',#3185,3.E-1);
#3194=B_SPLINE_CURVE_WITH_KNOTS('',3,(#3187,#3188,#3189,#3190,#3191,#3192,
#3193),.UNSPECIFIED.,.F.,.F.,(4,1,1,1,4),(0.E0,2.5E-1,5.E-1,7.5E-1,1.E0),
.UNSPECIFIED.);
#3210=B_SPLINE_CURVE_WITH_KNOTS('',3,(#3203,#3204,#3205,#3206,#3207,#3208,
#3209),.UNSPECIFIED.,.F.,.F.,(4,1,1,1,4),(0.E0,2.5E-1,5.E-1,7.5E-1,1.E0),
.UNSPECIFIED.);
#3215=CIRCLE('',#3214,3.E-1);
#3223=B_SPLINE_CURVE_WITH_KNOTS('',3,(#3216,#3217,#3218,#3219,#3220,#3221,
#3222),.UNSPECIFIED.,.F.,.F.,(4,1,1,1,4),(0.E0,2.5E-1,5.E-1,7.5E-1,1.E0),
.UNSPECIFIED.);
#3236=CIRCLE('',#3235,3.E-1);
#3250=B_SPLINE_CURVE_WITH_KNOTS('',3,(#3241,#3242,#3243,#3244,#3245,#3246,#3247,
#3248,#3249),.UNSPECIFIED.,.F.,.F.,(4,1,1,1,1,1,4),(0.E0,1.666666666667E-1,
3.333333333333E-1,5.E-1,6.666666666667E-1,8.333333333333E-1,1.E0),
.UNSPECIFIED.);
#3259=CIRCLE('',#3258,3.E-1);
#3264=CIRCLE('',#3263,3.E-1);
#3269=CIRCLE('',#3268,1.261998276895E1);
#3279=B_SPLINE_CURVE_WITH_KNOTS('',3,(#3270,#3271,#3272,#3273,#3274,#3275,#3276,
#3277,#3278),.UNSPECIFIED.,.F.,.F.,(4,1,1,1,1,1,4),(0.E0,1.666666666667E-1,
3.333333333333E-1,5.E-1,6.666666666667E-1,8.333333333333E-1,1.E0),
.UNSPECIFIED.);
#3284=CIRCLE('',#3283,1.291993707749E1);
#3289=CIRCLE('',#3288,3.E-1);
#3294=B_SPLINE_CURVE_WITH_KNOTS('',3,(#3290,#3291,#3292,#3293),.UNSPECIFIED.,
.F.,.F.,(4,4),(0.E0,1.E0),.UNSPECIFIED.);
#3301=B_SPLINE_CURVE_WITH_KNOTS('',3,(#3295,#3296,#3297,#3298,#3299,#3300),
.UNSPECIFIED.,.F.,.F.,(4,1,1,4),(0.E0,3.333333333333E-1,6.666666666667E-1,1.E0),
.UNSPECIFIED.);
#3306=B_SPLINE_CURVE_WITH_KNOTS('',3,(#3302,#3303,#3304,#3305),.UNSPECIFIED.,
.F.,.F.,(4,4),(0.E0,1.E0),.UNSPECIFIED.);
#3315=B_SPLINE_CURVE_WITH_KNOTS('',3,(#3311,#3312,#3313,#3314),.UNSPECIFIED.,
.F.,.F.,(4,4),(0.E0,1.E0),.UNSPECIFIED.);
#3324=B_SPLINE_CURVE_WITH_KNOTS('',3,(#3320,#3321,#3322,#3323),.UNSPECIFIED.,
.F.,.F.,(4,4),(0.E0,1.E0),.UNSPECIFIED.);
#3333=B_SPLINE_CURVE_WITH_KNOTS('',3,(#3329,#3330,#3331,#3332),.UNSPECIFIED.,
.F.,.F.,(4,4),(0.E0,1.E0),.UNSPECIFIED.);
#3342=B_SPLINE_CURVE_WITH_KNOTS('',3,(#3338,#3339,#3340,#3341),.UNSPECIFIED.,
.F.,.F.,(4,4),(0.E0,1.E0),.UNSPECIFIED.);
#3351=B_SPLINE_CURVE_WITH_KNOTS('',3,(#3347,#3348,#3349,#3350),.UNSPECIFIED.,
.F.,.F.,(4,4),(0.E0,1.E0),.UNSPECIFIED.);
#3360=B_SPLINE_CURVE_WITH_KNOTS('',3,(#3356,#3357,#3358,#3359),.UNSPECIFIED.,
.F.,.F.,(4,4),(0.E0,1.E0),.UNSPECIFIED.);
#3369=B_SPLINE_CURVE_WITH_KNOTS('',3,(#3365,#3366,#3367,#3368),.UNSPECIFIED.,
.F.,.F.,(4,4),(0.E0,1.E0),.UNSPECIFIED.);
#3378=B_SPLINE_CURVE_WITH_KNOTS('',3,(#3374,#3375,#3376,#3377),.UNSPECIFIED.,
.F.,.F.,(4,4),(0.E0,1.E0),.UNSPECIFIED.);
#3387=B_SPLINE_CURVE_WITH_KNOTS('',3,(#3383,#3384,#3385,#3386),.UNSPECIFIED.,
.F.,.F.,(4,4),(0.E0,1.E0),.UNSPECIFIED.);
#3398=B_SPLINE_CURVE_WITH_KNOTS('',3,(#3392,#3393,#3394,#3395,#3396,#3397),
.UNSPECIFIED.,.F.,.F.,(4,1,1,4),(0.E0,3.333333333333E-1,6.666666666667E-1,1.E0),
.UNSPECIFIED.);
#3407=B_SPLINE_CURVE_WITH_KNOTS('',3,(#3403,#3404,#3405,#3406),.UNSPECIFIED.,
.F.,.F.,(4,4),(0.E0,1.E0),.UNSPECIFIED.);
#3413=B_SPLINE_CURVE_WITH_KNOTS('',3,(#3408,#3409,#3410,#3411,#3412),
.UNSPECIFIED.,.F.,.F.,(4,1,4),(0.E0,5.E-1,1.E0),.UNSPECIFIED.);
#3420=B_SPLINE_CURVE_WITH_KNOTS('',3,(#3414,#3415,#3416,#3417,#3418,#3419),
.UNSPECIFIED.,.F.,.F.,(4,1,1,4),(0.E0,3.333333333333E-1,6.666666666667E-1,1.E0),
.UNSPECIFIED.);
#3426=B_SPLINE_CURVE_WITH_KNOTS('',3,(#3421,#3422,#3423,#3424,#3425),
.UNSPECIFIED.,.F.,.F.,(4,1,4),(0.E0,5.E-1,1.E0),.UNSPECIFIED.);
#3431=CIRCLE('',#3430,3.000001705736E-1);
#3436=CIRCLE('',#3435,3.E-1);
#3446=B_SPLINE_CURVE_WITH_KNOTS('',3,(#3441,#3442,#3443,#3444,#3445),
.UNSPECIFIED.,.F.,.F.,(4,1,4),(0.E0,5.E-1,1.E0),.UNSPECIFIED.);
#3451=CIRCLE('',#3450,3.E-1);
#3456=CIRCLE('',#3455,1.291993707749E1);
#3466=B_SPLINE_CURVE_WITH_KNOTS('',3,(#3457,#3458,#3459,#3460,#3461,#3462,#3463,
#3464,#3465),.UNSPECIFIED.,.F.,.F.,(4,1,1,1,1,1,4),(0.E0,1.666666666667E-1,
3.333333333333E-1,5.E-1,6.666666666667E-1,8.333333333333E-1,1.E0),
.UNSPECIFIED.);
#3471=CIRCLE('',#3470,1.261998276895E1);
#3476=CIRCLE('',#3475,3.E-1);
#3485=CIRCLE('',#3484,3.E-1);
#3494=CIRCLE('',#3493,7.994672090655E0);
#3504=B_SPLINE_CURVE_WITH_KNOTS('',3,(#3495,#3496,#3497,#3498,#3499,#3500,#3501,
#3502,#3503),.UNSPECIFIED.,.F.,.F.,(4,1,1,1,1,1,4),(0.E0,1.666666666667E-1,
3.333333333333E-1,5.E-1,6.666666666667E-1,8.333333333333E-1,1.E0),
.UNSPECIFIED.);
#3509=CIRCLE('',#3508,7.694717782108E0);
#3514=CIRCLE('',#3513,3.E-1);
#3521=B_SPLINE_CURVE_WITH_KNOTS('',3,(#3515,#3516,#3517,#3518,#3519,#3520),
.UNSPECIFIED.,.F.,.F.,(4,1,1,4),(0.E0,3.333333333333E-1,6.666666666667E-1,1.E0),
.UNSPECIFIED.);
#3526=CIRCLE('',#3525,3.E-1);
#3533=B_SPLINE_CURVE_WITH_KNOTS('',3,(#3527,#3528,#3529,#3530,#3531,#3532),
.UNSPECIFIED.,.F.,.F.,(4,1,1,4),(0.E0,3.333333333333E-1,6.666666666667E-1,1.E0),
.UNSPECIFIED.);
#3538=CIRCLE('',#3537,3.E-1);
#3543=CIRCLE('',#3542,3.258651254087E0);
#3548=CIRCLE('',#3547,5.E-1);
#3553=CIRCLE('',#3552,3.758575215971E0);
#3767=EDGE_CURVE('',#3673,#3674,#2594,.T.);
#3769=EDGE_CURVE('',#3676,#3674,#2599,.T.);
#3771=EDGE_CURVE('',#3675,#3676,#2606,.T.);
#3773=EDGE_CURVE('',#3675,#3673,#2611,.T.);
#3784=EDGE_CURVE('',#3703,#3673,#2620,.T.);
#3786=EDGE_CURVE('',#3678,#3703,#2616,.T.);
#3788=EDGE_CURVE('',#3674,#3678,#2684,.T.);
#3799=EDGE_CURVE('',#3705,#3673,#2625,.T.);
#3801=EDGE_CURVE('',#3701,#3705,#2629,.T.);
#3803=EDGE_CURVE('',#3701,#3703,#2640,.T.);
#3813=EDGE_CURVE('',#3705,#3675,#2645,.T.);
#3826=EDGE_CURVE('',#3631,#3675,#2650,.T.);
#3828=EDGE_CURVE('',#3631,#3629,#2660,.T.);
#3830=EDGE_CURVE('',#3629,#3705,#2665,.T.);
#3841=EDGE_CURVE('',#3676,#3648,#2675,.T.);
#3843=EDGE_CURVE('',#3631,#3648,#3173,.T.);
#3854=EDGE_CURVE('',#3692,#3693,#3533,.T.);
#3856=EDGE_CURVE('',#3693,#3642,#3073,.T.);
#3858=EDGE_CURVE('',#3642,#3669,#3091,.T.);
#3860=EDGE_CURVE('',#3669,#3692,#3494,.T.);
#3870=EDGE_CURVE('',#3676,#3681,#2680,.T.);
#3872=EDGE_CURVE('',#3681,#3652,#2670,.T.);
#3874=EDGE_CURVE('',#3652,#3648,#3250,.T.);
#3887=EDGE_CURVE('',#3681,#3674,#2704,.T.);
#3898=EDGE_CURVE('',#3682,#3678,#2695,.T.);
#3900=EDGE_CURVE('',#3681,#3682,#2699,.T.);
#3911=EDGE_CURVE('',#3678,#3684,#2709,.T.);
#3913=EDGE_CURVE('',#3686,#3684,#3024,.T.);
#3915=EDGE_CURVE('',#3682,#3686,#2714,.T.);
#3928=EDGE_CURVE('',#3695,#3703,#2729,.T.);
#3930=EDGE_CURVE('',#3684,#3695,#2719,.T.);
#3940=EDGE_CURVE('',#3699,#3701,#2724,.T.);
#3942=EDGE_CURVE('',#3699,#3695,#3039,.T.);
#3954=EDGE_CURVE('',#3698,#3699,#3043,.T.);
#3959=EDGE_CURVE('',#3627,#3629,#3227,.T.);
#3961=EDGE_CURVE('',#3627,#3639,#3202,.T.);
#3963=EDGE_CURVE('',#3639,#3644,#3081,.T.);
#3965=EDGE_CURVE('',#3698,#3644,#3058,.T.);
#3969=EDGE_CURVE('',#3572,#3573,#2734,.T.);
#3971=EDGE_CURVE('',#3573,#3572,#2739,.T.);
#3982=EDGE_CURVE('',#3572,#3568,#2743,.T.);
#3984=EDGE_CURVE('',#3568,#3569,#2752,.T.);
#3986=EDGE_CURVE('',#3573,#3569,#2747,.T.);
#3998=EDGE_CURVE('',#3569,#3568,#2757,.T.);
#4013=EDGE_CURVE('',#3609,#3610,#2762,.T.);
#4015=EDGE_CURVE('',#3610,#3609,#2767,.T.);
#4025=EDGE_CURVE('',#3713,#3712,#2786,.T.);
#4027=EDGE_CURVE('',#3610,#3713,#3557,.T.);
#4030=EDGE_CURVE('',#3609,#3712,#2771,.T.);
#4040=EDGE_CURVE('',#3709,#3708,#2776,.T.);
#4042=EDGE_CURVE('',#3709,#3713,#2781,.T.);
#4045=EDGE_CURVE('',#3708,#3712,#3548,.T.);
#4055=EDGE_CURVE('',#3708,#3709,#3543,.T.);
#4060=EDGE_CURVE('',#3560,#3561,#2790,.T.);
#4062=EDGE_CURVE('',#3561,#3560,#2795,.T.);
#4073=EDGE_CURVE('',#3564,#3560,#2799,.T.);
#4075=EDGE_CURVE('',#3564,#3565,#2817,.T.);
#4077=EDGE_CURVE('',#3565,#3561,#2803,.T.);
#4089=EDGE_CURVE('',#3565,#3564,#2822,.T.);
#4100=EDGE_CURVE('',#3613,#3614,#2808,.T.);
#4102=EDGE_CURVE('',#3614,#3613,#2813,.T.);
#4116=EDGE_CURVE('',#3617,#3618,#2849,.T.);
#4118=EDGE_CURVE('',#3618,#3614,#3000,.T.);
#4121=EDGE_CURVE('',#3617,#3613,#2826,.T.);
#4133=EDGE_CURVE('',#3686,#3690,#3013,.T.);
#4135=EDGE_CURVE('',#3672,#3690,#3509,.T.);
#4137=EDGE_CURVE('',#3672,#3665,#3489,.T.);
#4139=EDGE_CURVE('',#3665,#3666,#3471,.T.);
#4141=EDGE_CURVE('',#3595,#3666,#2858,.T.);
#4143=EDGE_CURVE('',#3593,#3595,#2862,.T.);
#4145=EDGE_CURVE('',#3591,#3593,#2866,.T.);
#4147=EDGE_CURVE('',#3589,#3591,#2870,.T.);
#4149=EDGE_CURVE('',#3587,#3589,#2874,.T.);
#4151=EDGE_CURVE('',#3585,#3587,#2878,.T.);
#4153=EDGE_CURVE('',#3583,#3585,#2882,.T.);
#4155=EDGE_CURVE('',#3581,#3583,#2886,.T.);
#4157=EDGE_CURVE('',#3579,#3581,#2890,.T.);
#4159=EDGE_CURVE('',#3577,#3579,#2894,.T.);
#4161=EDGE_CURVE('',#3576,#3577,#2898,.T.);
#4163=EDGE_CURVE('',#3654,#3576,#2902,.T.);
#4165=EDGE_CURVE('',#3654,#3651,#3269,.T.);
#4167=EDGE_CURVE('',#3651,#3652,#3254,.T.);
#4172=EDGE_CURVE('',#3741,#3729,#2831,.T.);
#4174=EDGE_CURVE('',#3728,#3729,#2835,.T.);
#4176=EDGE_CURVE('',#3739,#3728,#2840,.T.);
#4178=EDGE_CURVE('',#3739,#3741,#2844,.T.);
#4183=EDGE_CURVE('',#3618,#3617,#2854,.T.);
#4187=EDGE_CURVE('',#3725,#3738,#2907,.T.);
#4189=EDGE_CURVE('',#3724,#3725,#2911,.T.);
#4191=EDGE_CURVE('',#3724,#3740,#2916,.T.);
#4193=EDGE_CURVE('',#3740,#3738,#2920,.T.);
#4203=EDGE_CURVE('',#3733,#3740,#2935,.T.);
#4206=EDGE_CURVE('',#3724,#3716,#2976,.T.);
#4208=EDGE_CURVE('',#3733,#3716,#2944,.T.);
#4218=EDGE_CURVE('',#3737,#3741,#2986,.T.);
#4220=EDGE_CURVE('',#3721,#3737,#2971,.T.);
#4222=EDGE_CURVE('',#3729,#3721,#2925,.T.);
#4233=EDGE_CURVE('',#3732,#3733,#2939,.T.);
#4235=EDGE_CURVE('',#3732,#3738,#2930,.T.);
#4249=EDGE_CURVE('',#3716,#3717,#2948,.T.);
#4251=EDGE_CURVE('',#3717,#3732,#2953,.T.);
#4261=EDGE_CURVE('',#3736,#3737,#2957,.T.);
#4263=EDGE_CURVE('',#3736,#3720,#2962,.T.);
#4265=EDGE_CURVE('',#3720,#3721,#2966,.T.);
#4277=EDGE_CURVE('',#3725,#3717,#2981,.T.);
#4301=EDGE_CURVE('',#3736,#3739,#2991,.T.);
#4304=EDGE_CURVE('',#3728,#3720,#2996,.T.);
#4351=EDGE_CURVE('',#3684,#3688,#3004,.T.);
#4353=EDGE_CURVE('',#3690,#3688,#3009,.T.);
#4367=EDGE_CURVE('',#3691,#3695,#3028,.T.);
#4369=EDGE_CURVE('',#3688,#3691,#3521,.T.);
#4382=EDGE_CURVE('',#3698,#3691,#3048,.T.);
#4392=EDGE_CURVE('',#3693,#3698,#3053,.T.);
#4394=EDGE_CURVE('',#3693,#3691,#3526,.T.);
#4407=EDGE_CURVE('',#3642,#3644,#3068,.T.);
#4418=EDGE_CURVE('',#3640,#3642,#3077,.T.);
#4422=EDGE_CURVE('',#3639,#3640,#3086,.T.);
#4432=EDGE_CURVE('',#3637,#3638,#3110,.T.);
#4434=EDGE_CURVE('',#3670,#3637,#3446,.T.);
#4436=EDGE_CURVE('',#3669,#3670,#3480,.T.);
#4440=EDGE_CURVE('',#3638,#3640,#3223,.T.);
#4474=EDGE_CURVE('',#3633,#3636,#3098,.T.);
#4476=EDGE_CURVE('',#3633,#3637,#3103,.T.);
#4479=EDGE_CURVE('',#3636,#3638,#3215,.T.);
#4489=EDGE_CURVE('',#3621,#3622,#3129,.T.);
#4491=EDGE_CURVE('',#3621,#3597,#3301,.T.);
#4493=EDGE_CURVE('',#3596,#3597,#3306,.T.);
#4495=EDGE_CURVE('',#3596,#3598,#3315,.T.);
#4497=EDGE_CURVE('',#3599,#3598,#3324,.T.);
#4499=EDGE_CURVE('',#3599,#3600,#3333,.T.);
#4501=EDGE_CURVE('',#3601,#3600,#3342,.T.);
#4503=EDGE_CURVE('',#3601,#3602,#3351,.T.);
#4505=EDGE_CURVE('',#3603,#3602,#3360,.T.);
#4507=EDGE_CURVE('',#3603,#3604,#3369,.T.);
#4509=EDGE_CURVE('',#3605,#3604,#3378,.T.);
#4511=EDGE_CURVE('',#3605,#3606,#3387,.T.);
#4513=EDGE_CURVE('',#3632,#3606,#3398,.T.);
#4515=EDGE_CURVE('',#3632,#3633,#3413,.T.);
#4518=EDGE_CURVE('',#3625,#3636,#3198,.T.);
#4520=EDGE_CURVE('',#3622,#3625,#3168,.T.);
#4542=EDGE_CURVE('',#3619,#3620,#3116,.T.);
#4544=EDGE_CURVE('',#3621,#3619,#3123,.T.);
#4547=EDGE_CURVE('',#3620,#3622,#3134,.T.);
#4558=EDGE_CURVE('',#3658,#3620,#3144,.T.);
#4560=EDGE_CURVE('',#3657,#3658,#3284,.T.);
#4562=EDGE_CURVE('',#3619,#3657,#3294,.T.);
#4572=EDGE_CURVE('',#3634,#3635,#3426,.T.);
#4574=EDGE_CURVE('',#3634,#3662,#3407,.T.);
#4576=EDGE_CURVE('',#3661,#3662,#3456,.T.);
#4578=EDGE_CURVE('',#3661,#3635,#3440,.T.);
#4600=EDGE_CURVE('',#3620,#3623,#3149,.T.);
#4602=EDGE_CURVE('',#3647,#3623,#3140,.T.);
#4604=EDGE_CURVE('',#3647,#3658,#3264,.T.);
#4617=EDGE_CURVE('',#3623,#3622,#3161,.T.);
#4651=EDGE_CURVE('',#3623,#3624,#3156,.T.);
#4655=EDGE_CURVE('',#3624,#3625,#3186,.T.);
#4666=EDGE_CURVE('',#3624,#3626,#3181,.T.);
#4668=EDGE_CURVE('',#3626,#3631,#3231,.T.);
#4671=EDGE_CURVE('',#3647,#3648,#3240,.T.);
#4716=EDGE_CURVE('',#3625,#3627,#3194,.T.);
#4718=EDGE_CURVE('',#3626,#3627,#3236,.T.);
#4730=EDGE_CURVE('',#3636,#3639,#3210,.T.);
#4800=EDGE_CURVE('',#3651,#3647,#3259,.T.);
#4812=EDGE_CURVE('',#3651,#3658,#3289,.T.);
#4823=EDGE_CURVE('',#3657,#3654,#3279,.T.);
#4839=EDGE_CURVE('',#3576,#3597,#3310,.T.);
#4851=EDGE_CURVE('',#3577,#3596,#3319,.T.);
#4864=EDGE_CURVE('',#3579,#3598,#3328,.T.);
#4877=EDGE_CURVE('',#3581,#3599,#3337,.T.);
#4890=EDGE_CURVE('',#3583,#3600,#3346,.T.);
#4903=EDGE_CURVE('',#3585,#3601,#3355,.T.);
#4916=EDGE_CURVE('',#3587,#3602,#3364,.T.);
#4929=EDGE_CURVE('',#3589,#3603,#3373,.T.);
#4942=EDGE_CURVE('',#3591,#3604,#3382,.T.);
#4955=EDGE_CURVE('',#3593,#3605,#3391,.T.);
#4968=EDGE_CURVE('',#3595,#3606,#3402,.T.);
#4980=EDGE_CURVE('',#3634,#3632,#3420,.T.);
#4985=EDGE_CURVE('',#3666,#3662,#3466,.T.);
#5011=EDGE_CURVE('',#3633,#3635,#3431,.T.);
#5021=EDGE_CURVE('',#3637,#3635,#3436,.T.);
#5047=EDGE_CURVE('',#3661,#3670,#3451,.T.);
#5059=EDGE_CURVE('',#3665,#3661,#3476,.T.);
#5061=EDGE_CURVE('',#3665,#3670,#3485,.T.);
#5086=EDGE_CURVE('',#3669,#3672,#3504,.T.);
#5096=EDGE_CURVE('',#3690,#3692,#3514,.T.);
#5111=EDGE_CURVE('',#3692,#3688,#3538,.T.);
#5155=EDGE_CURVE('',#3712,#3713,#3553,.T.);
#5183=ADVANCED_BREP_SHAPE_REPRESENTATION('',(#2587,#5174),#5182);
#5190=PRODUCT_DEFINITION('design','',#5189,#5186);
#5191=PRODUCT_DEFINITION_SHAPE('','SHAPE FOR TX16-16.',#5190);
#5192=SHAPE_DEFINITION_REPRESENTATION(#5191,#5183);
ENDSEC;
END-ISO-10303-21;
