ISO-10303-21;
HEADER;
FILE_DESCRIPTION((''),'2;1');
FILE_NAME('16-FRONT','2022-07-13T',('Administrator'),(''),
'PRO/ENGINEER BY PARAMETRIC TECHNOLOGY CORPORATION, 2001280',
'PRO/ENGINEER BY PARAMETRIC TECHNOLOGY CORPORATION, 2001280','');
FILE_SCHEMA(('CONFIG_CONTROL_DESIGN'));
ENDSEC;
DATA;
#1=DIRECTION('',(-1.035533508513E-4,9.999999945742E-1,1.132790679049E-5));
#2=VECTOR('',#1,1.500000008139E0);
#3=CARTESIAN_POINT('',(-2.071049748597E1,8.704085002960E1,-4.128239264756E1));
#4=LINE('',#3,#2);
#5=CARTESIAN_POINT('',(-2.071065281600E1,8.704085002960E1,-3.978237565570E1));
#6=DIRECTION('',(0.E0,-1.E0,0.E0));
#7=DIRECTION('',(1.167930669155E-4,0.E0,9.999999931797E-1));
#8=AXIS2_PLACEMENT_3D('',#5,#6,#7);
#10=CARTESIAN_POINT('',(-2.071065281600E1,8.854085002960E1,-3.978237565570E1));
#11=DIRECTION('',(0.E0,1.E0,0.E0));
#12=DIRECTION('',(0.E0,0.E0,-1.E0));
#13=AXIS2_PLACEMENT_3D('',#10,#11,#12);
#15=CARTESIAN_POINT('',(-2.071065281600E1,8.704085002960E1,-3.978237565570E1));
#16=DIRECTION('',(0.E0,-1.E0,0.E0));
#17=DIRECTION('',(1.553273859400E-4,0.E0,-9.999999879367E-1));
#18=AXIS2_PLACEMENT_3D('',#15,#16,#17);
#20=CARTESIAN_POINT('',(-2.071065281600E1,8.854085002960E1,-3.978237565570E1));
#21=DIRECTION('',(0.E0,1.E0,0.E0));
#22=DIRECTION('',(0.E0,0.E0,1.E0));
#23=AXIS2_PLACEMENT_3D('',#20,#21,#22);
#25=DIRECTION('',(-7.786324214630E-5,9.999999969161E-1,-1.025097614770E-5));
#26=VECTOR('',#25,1.500000004626E0);
#27=CARTESIAN_POINT('',(-2.071053602114E1,8.704085002960E1,-3.828236027924E1));
#28=LINE('',#27,#26);
#29=DIRECTION('',(1.444177651161E-12,9.999619230642E-1,-8.726535498376E-3));
#30=VECTOR('',#29,4.039361678185E0);
#31=CARTESIAN_POINT('',(-2.071065281600E1,8.704085002960E1,-4.346247923877E1));
#32=LINE('',#31,#30);
#33=CARTESIAN_POINT('',(-2.071065281600E1,8.704085002960E1,-3.978237565570E1));
#34=DIRECTION('',(0.E0,1.E0,0.E0));
#35=DIRECTION('',(0.E0,0.E0,1.E0));
#36=AXIS2_PLACEMENT_3D('',#33,#34,#35);
#38=DIRECTION('',(8.725205877857E-3,-9.998095636439E-1,1.745586516425E-2));
#39=VECTOR('',#38,1.185040460139E0);
#40=CARTESIAN_POINT('',(-4.040848428335E-1,9.148112095337E1,-3.923159998170E1));
#41=LINE('',#40,#39);
#42=CARTESIAN_POINT('',(-4.040848428335E-1,9.148112095337E1,-3.923159998170E1));
#43=CARTESIAN_POINT('',(-2.317985758580E0,9.146942608809E1,-3.923230010058E1));
#44=CARTESIAN_POINT('',(-6.100484238426E0,9.144121151677E1,-3.923359471611E1));
#45=CARTESIAN_POINT('',(-1.153183768394E1,9.136345756401E1,-3.923480364670E1));
#46=CARTESIAN_POINT('',(-1.520376807009E1,9.126631723637E1,-3.923484291886E1));
#47=CARTESIAN_POINT('',(-1.703476115347E1,9.120790014228E1,-3.923468832696E1));
#49=CARTESIAN_POINT('',(-1.704937606564E1,8.993542861846E1,-3.921248415646E1));
#50=CARTESIAN_POINT('',(-1.704447788075E1,9.035958548850E1,-3.921988552877E1));
#51=CARTESIAN_POINT('',(-1.703960634879E1,9.078374266435E1,-3.922728691901E1));
#52=CARTESIAN_POINT('',(-1.703476115347E1,9.120790014238E1,-3.923468832696E1));
#54=CARTESIAN_POINT('',(-1.704937606563E1,8.993542861836E1,-3.921248415646E1));
#55=CARTESIAN_POINT('',(-1.150014394262E1,9.017779892683E1,-3.921409292167E1));
#56=CARTESIAN_POINT('',(-5.948266960831E0,9.029809143455E1,-3.921356956110E1));
#57=CARTESIAN_POINT('',(-3.937451208453E-1,9.029630616801E1,-3.921091407521E1));
#59=DIRECTION('',(0.E0,-1.175332980480E-13,-1.E0));
#60=VECTOR('',#59,1.209091802171E-1);
#61=CARTESIAN_POINT('',(-4.040848428335E-1,9.148112095337E1,-3.923159998170E1));
#62=LINE('',#61,#60);
#63=DIRECTION('',(4.050547774940E-8,-4.641467863127E-6,-9.999999999892E-1));
#64=VECTOR('',#63,4.672316996153E-1);
#65=CARTESIAN_POINT('',(-3.937451397706E-1,9.029630833665E1,-3.874368237560E1));
#66=LINE('',#65,#64);
#67=DIRECTION('',(-8.726203243944E-3,9.999238504776E-1,8.726203243939E-3));
#68=VECTOR('',#67,7.963689797724E-1);
#69=CARTESIAN_POINT('',(-3.867958621959E-1,8.95E1,-3.875063165318E1));
#70=LINE('',#69,#68);
#71=CARTESIAN_POINT('',(-4.040848428335E-1,9.148112095337E1,-3.935250916192E1));
#72=CARTESIAN_POINT('',(-3.983218488280E-1,9.082074724958E1,-3.935794717121E1));
#73=CARTESIAN_POINT('',(-3.925588552806E-1,9.016037359827E1,-3.936339155735E1));
#74=CARTESIAN_POINT('',(-3.867958621959E-1,8.95E1,-3.936884236547E1));
#76=CARTESIAN_POINT('',(-6.964398393286E0,9.142496067236E1,-4.630807779750E1));
#77=CARTESIAN_POINT('',(-6.964398393286E0,9.142496067236E1,-4.644155173422E1));
#78=CARTESIAN_POINT('',(-6.987003887421E0,9.142461039667E1,-4.670847519031E1));
#79=CARTESIAN_POINT('',(-7.105326956087E0,9.142319826234E1,-4.709340047817E1));
#80=CARTESIAN_POINT('',(-7.294604446942E0,9.142083898472E1,-4.744806499539E1));
#81=CARTESIAN_POINT('',(-7.549902920419E0,9.141758638362E1,-4.775884939021E1));
#82=CARTESIAN_POINT('',(-7.860726203108E0,9.141348922908E1,-4.801382440815E1));
#83=CARTESIAN_POINT('',(-8.215318106018E0,9.140863094933E1,-4.820325221347E1));
#84=CARTESIAN_POINT('',(-8.600022720883E0,9.140312891273E1,-4.831987770296E1));
#85=CARTESIAN_POINT('',(-8.866757271319E0,9.139913782219E1,-4.834611199886E1));
#86=CARTESIAN_POINT('',(-9.000128538997E0,9.139709560993E1,-4.834609417674E1));
#88=CARTESIAN_POINT('',(-9.974836762177E-1,9.147741630594E1,-5.320357980726E1));
#89=CARTESIAN_POINT('',(-1.467794565668E0,9.147441353913E1,-5.313552826348E1));
#90=CARTESIAN_POINT('',(-2.401320260785E0,9.146811415457E1,-5.290297094543E1));
#91=CARTESIAN_POINT('',(-3.732162501900E0,9.145778369120E1,-5.225212671948E1));
#92=CARTESIAN_POINT('',(-4.882687423973E0,9.144750218796E1,-5.135001111766E1));
#93=CARTESIAN_POINT('',(-5.829916365408E0,9.143791574043E1,-5.021391877478E1));
#94=CARTESIAN_POINT('',(-6.493392131064E0,9.143052687747E1,-4.895851401259E1));
#95=CARTESIAN_POINT('',(-6.887890955461E0,9.142581937592E1,-4.762356860828E1));
#96=CARTESIAN_POINT('',(-6.964398393286E0,9.142496067236E1,-4.674082923332E1));
#97=CARTESIAN_POINT('',(-6.964398393286E0,9.142496067236E1,-4.630807779750E1));
#99=CARTESIAN_POINT('',(-2.572213593675E1,9.088226351704E1,-5.320884344816E1));
#100=CARTESIAN_POINT('',(-2.318467767641E1,9.098621724218E1,-5.320791470850E1));
#101=CARTESIAN_POINT('',(-1.795222411485E1,9.119740665107E1,-5.320623280598E1));
#102=CARTESIAN_POINT('',(-9.711964790283E0,9.141026877253E1,-5.320422111533E1));
#103=CARTESIAN_POINT('',(-3.946929756588E0,9.145858514762E1,-5.320376919232E1));
#104=CARTESIAN_POINT('',(-9.974836762177E-1,9.147741630594E1,
-5.320357980726E1));
#106=CARTESIAN_POINT('',(-2.489842088981E1,9.091587084880E1,-2.637676116946E1));
#107=CARTESIAN_POINT('',(-2.500386966407E1,9.091158468805E1,-2.638442277113E1));
#108=CARTESIAN_POINT('',(-2.519561353255E1,9.090377324047E1,-2.642717082016E1));
#109=CARTESIAN_POINT('',(-2.543178369260E1,9.089413183752E1,-2.655814657115E1));
#110=CARTESIAN_POINT('',(-2.560399357125E1,9.088708740418E1,-2.673712776382E1));
#111=CARTESIAN_POINT('',(-2.571005971527E1,9.088274424331E1,-2.694971368060E1));
#112=CARTESIAN_POINT('',(-2.573547482956E1,9.088170252354E1,-2.710750480843E1));
#113=CARTESIAN_POINT('',(-2.573564619273E1,9.088169550319E1,-2.719088854918E1));
#115=CARTESIAN_POINT('',(-1.729064488232E1,9.119967886799E1,-2.594338901357E1));
#116=CARTESIAN_POINT('',(-1.814662412224E1,9.117198667367E1,-2.598250367859E1));
#117=CARTESIAN_POINT('',(-1.985169838640E1,9.111304864556E1,-2.606639469735E1));
#118=CARTESIAN_POINT('',(-2.240377710864E1,9.101635158103E1,-2.621135455313E1));
#119=CARTESIAN_POINT('',(-2.407089413120E1,9.094950720674E1,-2.631956814438E1));
#120=CARTESIAN_POINT('',(-2.489842088981E1,9.091587084880E1,-2.637676116946E1));
#122=CARTESIAN_POINT('',(-2.071065281601E1,9.108005790127E1,-3.606702243955E1));
#123=CARTESIAN_POINT('',(-2.052976299803E1,9.108680096413E1,-3.606696359374E1));
#124=CARTESIAN_POINT('',(-2.016797346155E1,9.110017323115E1,-3.609331485982E1));
#125=CARTESIAN_POINT('',(-1.963680092681E1,9.111944819517E1,-3.621141273571E1));
#126=CARTESIAN_POINT('',(-1.912843108871E1,9.113754027886E1,-3.640558743716E1));
#127=CARTESIAN_POINT('',(-1.865370182899E1,9.115410120555E1,-3.667172088629E1));
#128=CARTESIAN_POINT('',(-1.822271640186E1,9.116884115372E1,-3.700417905941E1));
#129=CARTESIAN_POINT('',(-1.784468003868E1,9.118152796545E1,-3.739590175615E1));
#130=CARTESIAN_POINT('',(-1.752766056695E1,9.119198547995E1,-3.783858170494E1));
#131=CARTESIAN_POINT('',(-1.736152097219E1,9.119738592157E1,-3.816140090502E1));
#132=CARTESIAN_POINT('',(-1.729064559942E1,9.119967884479E1,-3.832801728049E1));
#134=CARTESIAN_POINT('',(-2.340609834832E1,9.097592901263E1,-3.722666219282E1));
#135=CARTESIAN_POINT('',(-2.323309221187E1,9.098281172404E1,-3.704410975467E1));
#136=CARTESIAN_POINT('',(-2.284997595348E1,9.099799059140E1,-3.671437561638E1));
#137=CARTESIAN_POINT('',(-2.218792714337E1,9.102389189193E1,-3.634602580126E1));
#138=CARTESIAN_POINT('',(-2.146516764304E1,9.105170956714E1,-3.611855487166E1));
#139=CARTESIAN_POINT('',(-2.096222537593E1,9.107067998490E1,-3.606710427939E1));
#140=CARTESIAN_POINT('',(-2.071065281601E1,9.108005790127E1,-3.606702243955E1));
#142=CARTESIAN_POINT('',(-2.071065281599E1,9.108005790127E1,-4.349772887185E1));
#143=CARTESIAN_POINT('',(-2.099914907978E1,9.106930357323E1,-4.349763502025E1));
#144=CARTESIAN_POINT('',(-2.157608997915E1,9.104750357941E1,-4.342993107509E1));
#145=CARTESIAN_POINT('',(-2.239467285752E1,9.101586549325E1,-4.313137591272E1));
#146=CARTESIAN_POINT('',(-2.312242971013E1,9.098724033732E1,-4.265172579551E1));
#147=CARTESIAN_POINT('',(-2.371953989428E1,9.096345415110E1,-4.201726980931E1));
#148=CARTESIAN_POINT('',(-2.415409470275E1,9.094599687839E1,-4.126214052055E1));
#149=CARTESIAN_POINT('',(-2.440257082593E1,9.093596580724E1,-4.042731018428E1));
#150=CARTESIAN_POINT('',(-2.445173314812E1,9.093397719891E1,-3.955778522468E1));
#151=CARTESIAN_POINT('',(-2.429889758309E1,9.094015520735E1,-3.870024252634E1));
#152=CARTESIAN_POINT('',(-2.395236395282E1,9.095411519741E1,-3.790121867996E1));
#153=CARTESIAN_POINT('',(-2.360454356502E1,9.096803425707E1,-3.743605741365E1));
#154=CARTESIAN_POINT('',(-2.340609834832E1,9.097592901263E1,-3.722666219282E1));
#156=CARTESIAN_POINT('',(-1.801207049287E1,9.117590116863E1,-4.233731573211E1));
#157=CARTESIAN_POINT('',(-1.818521679282E1,9.117009163817E1,-4.252012281302E1));
#158=CARTESIAN_POINT('',(-1.856870787942E1,9.115707843875E1,-4.285029453769E1));
#159=CARTESIAN_POINT('',(-1.923145270133E1,9.113395855207E1,-4.321899023962E1));
#160=CARTESIAN_POINT('',(-1.995502810308E1,9.110800218937E1,-4.344652858026E1));
#161=CARTESIAN_POINT('',(-2.045870172918E1,9.108944992806E1,-4.349781083482E1));
#162=CARTESIAN_POINT('',(-2.071065281599E1,9.108005790127E1,-4.349772887185E1));
#164=CARTESIAN_POINT('',(-1.703476115347E1,9.120790014228E1,-3.923468832696E1));
#165=CARTESIAN_POINT('',(-1.699340386559E1,9.120921962983E1,-3.951218628360E1));
#166=CARTESIAN_POINT('',(-1.697382132750E1,9.120984068346E1,-4.007659399584E1));
#167=CARTESIAN_POINT('',(-1.713537695226E1,9.120469855307E1,-4.090823709247E1));
#168=CARTESIAN_POINT('',(-1.747961258646E1,9.119358626815E1,-4.168232073545E1));
#169=CARTESIAN_POINT('',(-1.781913510953E1,9.118237467680E1,-4.213361542642E1));
#170=CARTESIAN_POINT('',(-1.801207049287E1,9.117590116863E1,-4.233731573211E1));
#172=CARTESIAN_POINT('',(-6.964398393286E0,9.142496067236E1,-4.630807779750E1));
#173=CARTESIAN_POINT('',(-6.964398393286E0,9.142496067236E1,-4.580754064592E1));
#174=CARTESIAN_POINT('',(-6.860787991409E0,9.142615360767E1,-4.480590015947E1));
#175=CARTESIAN_POINT('',(-6.371346562794E0,9.143194237844E1,-4.335931814233E1));
#176=CARTESIAN_POINT('',(-5.602354035091E0,9.144033269346E1,-4.207513395151E1));
#177=CARTESIAN_POINT('',(-4.550249927194E0,9.145062972816E1,-4.096025560846E1));
#178=CARTESIAN_POINT('',(-3.312942009505E0,9.146121504640E1,-4.011773472383E1));
#179=CARTESIAN_POINT('',(-1.897248237577E0,9.147168140993E1,-3.954676600520E1));
#180=CARTESIAN_POINT('',(-9.036833800919E-1,9.147806816336E1,
-3.938155087032E1));
#181=CARTESIAN_POINT('',(-4.040848428335E-1,9.148112095337E1,
-3.935250916192E1));
#183=CARTESIAN_POINT('',(-9.000128539003E0,9.139709560993E1,-4.427006141826E1));
#184=CARTESIAN_POINT('',(-8.869635933124E0,9.139909374344E1,-4.427004398081E1));
#185=CARTESIAN_POINT('',(-8.609163053133E0,9.140299298339E1,-4.429515113963E1));
#186=CARTESIAN_POINT('',(-8.234450409212E0,9.140836080474E1,-4.440596070827E1));
#187=CARTESIAN_POINT('',(-7.888353299899E0,9.141311630865E1,-4.458498871299E1));
#188=CARTESIAN_POINT('',(-7.579906738496E0,9.141719649794E1,-4.482879540538E1));
#189=CARTESIAN_POINT('',(-7.323368931143E0,9.142047682982E1,-4.512668388332E1));
#190=CARTESIAN_POINT('',(-7.123890514393E0,9.142297038978E1,-4.547829409352E1));
#191=CARTESIAN_POINT('',(-6.992854036177E0,9.142453971588E1,-4.587242240336E1));
#192=CARTESIAN_POINT('',(-6.964398393286E0,9.142496067236E1,-4.616091551123E1));
#193=CARTESIAN_POINT('',(-6.964398393286E0,9.142496067236E1,-4.630807779750E1));
#195=CARTESIAN_POINT('',(-9.000128538997E0,9.139709560993E1,-4.834609417674E1));
#196=CARTESIAN_POINT('',(-9.194449911044E0,9.139412011531E1,-4.834606821E1));
#197=CARTESIAN_POINT('',(-9.582858650942E0,9.138797097306E1,-4.828972239877E1));
#198=CARTESIAN_POINT('',(-1.011512022233E1,9.137899301369E1,-4.804732817779E1));
#199=CARTESIAN_POINT('',(-1.056270123915E1,9.137101483832E1,-4.765893285546E1));
#200=CARTESIAN_POINT('',(-1.087780123942E1,9.136515394463E1,-4.716923268976E1));
#201=CARTESIAN_POINT('',(-1.104514841775E1,9.136195860842E1,-4.659884251140E1));
#202=CARTESIAN_POINT('',(-1.104515044933E1,9.136195856686E1,-4.601733924159E1));
#203=CARTESIAN_POINT('',(-1.087781858398E1,9.136515362156E1,-4.544695579922E1));
#204=CARTESIAN_POINT('',(-1.056270727867E1,9.137101471839E1,-4.495723434019E1));
#205=CARTESIAN_POINT('',(-1.011518256473E1,9.137899193163E1,-4.456886806938E1));
#206=CARTESIAN_POINT('',(-9.582871122881E0,9.138797078593E1,-4.432643100419E1));
#207=CARTESIAN_POINT('',(-9.194454064548E0,9.139412005171E1,-4.427008738556E1));
#208=CARTESIAN_POINT('',(-9.000128539003E0,9.139709560993E1,-4.427006141826E1));
#210=DIRECTION('',(5.399264819632E-13,9.999619230642E-1,-8.726535498375E-3));
#211=VECTOR('',#210,5.928575707123E0);
#212=CARTESIAN_POINT('',(-9.000128539E0,8.546874564480E1,-4.829435825038E1));
#213=LINE('',#212,#211);
#214=CARTESIAN_POINT('',(-9.000128539E0,8.546874564480E1,-4.630807779750E1));
#215=DIRECTION('',(0.E0,1.E0,0.E0));
#216=DIRECTION('',(0.E0,0.E0,1.E0));
#217=AXIS2_PLACEMENT_3D('',#214,#215,#216);
#219=CARTESIAN_POINT('',(-9.000128539E0,8.546874564480E1,-4.630807779750E1));
#220=DIRECTION('',(0.E0,1.E0,0.E0));
#221=DIRECTION('',(0.E0,0.E0,-1.E0));
#222=AXIS2_PLACEMENT_3D('',#219,#220,#221);
#224=DIRECTION('',(-5.399264819632E-13,9.999619230642E-1,8.726535498374E-3));
#225=VECTOR('',#224,5.928575707122E0);
#226=CARTESIAN_POINT('',(-9.000128539E0,8.546874564480E1,-4.432179734462E1));
#227=LINE('',#226,#225);
#228=DIRECTION('',(-4.790742406789E-6,9.999999999838E-1,3.082349258657E-6));
#229=VECTOR('',#228,5.931605393636E0);
#230=CARTESIAN_POINT('',(-9.000099014999E0,8.546874564480E1,-4.730809594797E1));
#231=LINE('',#230,#229);
#232=CARTESIAN_POINT('',(-9.000128539E0,8.546874564480E1,-4.630807779750E1));
#233=DIRECTION('',(0.E0,-1.E0,0.E0));
#234=DIRECTION('',(-4.413080167431E-5,0.E0,9.999999990262E-1));
#235=AXIS2_PLACEMENT_3D('',#232,#233,#234);
#237=CARTESIAN_POINT('',(-9.000128539E0,8.546874564480E1,-4.630807779750E1));
#238=DIRECTION('',(0.E0,-1.E0,0.E0));
#239=DIRECTION('',(4.428479426366E-5,0.E0,-9.999999990194E-1));
#240=AXIS2_PLACEMENT_3D('',#237,#238,#239);
#242=DIRECTION('',(5.173226739939E-6,9.999999999820E-1,-3.029395723188E-6));
#243=VECTOR('',#242,5.931610106742E0);
#244=CARTESIAN_POINT('',(-9.000157960334E0,8.546874564480E1,-4.530805969597E1));
#245=LINE('',#244,#243);
#246=CARTESIAN_POINT('',(-9.000127431793E0,9.140035103834E1,-4.730807766469E1));
#247=CARTESIAN_POINT('',(-8.902398112271E0,9.140194581300E1,-4.730807766469E1));
#248=CARTESIAN_POINT('',(-8.715677527640E0,9.140485092475E1,-4.728069614360E1));
#249=CARTESIAN_POINT('',(-8.451740874104E0,9.140899049389E1,-4.716082273456E1));
#250=CARTESIAN_POINT('',(-8.234115149726E0,9.141226477394E1,-4.697189154382E1));
#251=CARTESIAN_POINT('',(-8.078035480408E0,9.141456880278E1,-4.672919976918E1));
#252=CARTESIAN_POINT('',(-7.996769206122E0,9.141574831869E1,-4.645236918971E1));
#253=CARTESIAN_POINT('',(-7.996757793070E0,9.141574846916E1,-4.616387063752E1));
#254=CARTESIAN_POINT('',(-8.077997171458E0,9.141456940489E1,-4.588703928458E1));
#255=CARTESIAN_POINT('',(-8.234063184556E0,9.141226539216E1,-4.564432033331E1));
#256=CARTESIAN_POINT('',(-8.451700998210E0,9.140899169431E1,-4.545535441782E1));
#257=CARTESIAN_POINT('',(-8.715665034938E0,9.140484893973E1,-4.533546088874E1));
#258=CARTESIAN_POINT('',(-8.902394389875E0,9.140195058423E1,-4.530807766516E1));
#259=CARTESIAN_POINT('',(-9.000127274770E0,9.140035575143E1,-4.530807766516E1));
#261=CARTESIAN_POINT('',(-9.000127274770E0,9.140035575143E1,-4.530807766516E1));
#262=CARTESIAN_POINT('',(-9.097859457747E0,9.139876093009E1,-4.530807766516E1));
#263=CARTESIAN_POINT('',(-9.284582717238E0,9.139556518013E1,-4.533545991153E1));
#264=CARTESIAN_POINT('',(-9.548524831588E0,9.139109343078E1,-4.545533765301E1));
#265=CARTESIAN_POINT('',(-9.766151480114E0,9.138726437403E1,-4.564427477589E1));
#266=CARTESIAN_POINT('',(-9.922226892016E0,9.138447475265E1,-4.588696829694E1));
#267=CARTESIAN_POINT('',(-1.000348811599E1,9.138300203722E1,-4.616379361662E1));
#268=CARTESIAN_POINT('',(-1.000349872001E1,9.138300185848E1,-4.645228331861E1));
#269=CARTESIAN_POINT('',(-9.922262884046E0,9.138447406058E1,-4.672910896159E1));
#270=CARTESIAN_POINT('',(-9.766199646789E0,9.138726367793E1,-4.697182884842E1));
#271=CARTESIAN_POINT('',(-9.548560308852E0,9.139109223461E1,-4.716079929736E1));
#272=CARTESIAN_POINT('',(-9.284588544901E0,9.139556727183E1,-4.728069631590E1));
#273=CARTESIAN_POINT('',(-9.097860412263E0,9.139875620394E1,-4.730807766469E1));
#274=CARTESIAN_POINT('',(-9.000127431793E0,9.140035103834E1,-4.730807766469E1));
#276=CARTESIAN_POINT('',(-1.285390000021E-4,8.95E1,-4.630807779750E1));
#277=DIRECTION('',(0.E0,1.E0,0.E0));
#278=DIRECTION('',(-1.033871211898E-1,0.E0,-9.946411931808E-1));
#279=AXIS2_PLACEMENT_3D('',#276,#277,#278);
#281=CARTESIAN_POINT('',(-1.285390000021E-4,8.95E1,-4.630807779750E1));
#282=DIRECTION('',(0.E0,1.E0,0.E0));
#283=DIRECTION('',(5.233751760392E-2,0.E0,9.986294529259E-1));
#284=AXIS2_PLACEMENT_3D('',#281,#282,#283);
#286=DIRECTION('',(0.E0,0.E0,-1.E0));
#287=VECTOR('',#286,6.182107122898E-1);
#288=CARTESIAN_POINT('',(-3.867958621959E-1,8.95E1,-3.875063165318E1));
#289=LINE('',#288,#287);
#290=DIRECTION('',(-1.E0,0.E0,0.E0));
#291=VECTOR('',#290,7.504130705432E-1);
#292=CARTESIAN_POINT('',(3.636172083472E-1,8.95E1,-3.875063165318E1));
#293=LINE('',#292,#291);
#294=DIRECTION('',(0.E0,0.E0,1.E0));
#295=VECTOR('',#294,6.169714464872E-1);
#296=CARTESIAN_POINT('',(3.636172083472E-1,8.95E1,-3.936760309967E1));
#297=LINE('',#296,#295);
#298=DIRECTION('',(0.E0,9.999619230642E-1,-8.726535498374E-3));
#299=VECTOR('',#298,8.500323666279E0);
#300=CARTESIAN_POINT('',(-1.285390000021E-4,8.95E1,-4.153389942128E1));
#301=LINE('',#300,#299);
#302=CARTESIAN_POINT('',(-1.285390000021E-4,8.95E1,-4.630807779750E1));
#303=DIRECTION('',(0.E0,-1.E0,0.E0));
#304=DIRECTION('',(0.E0,0.E0,-1.E0));
#305=AXIS2_PLACEMENT_3D('',#302,#303,#304);
#307=DIRECTION('',(0.E0,-9.999619230642E-1,-8.726535498374E-3));
#308=VECTOR('',#307,8.500323666279E0);
#309=CARTESIAN_POINT('',(-1.285390000019E-4,9.8E1,-5.100807779750E1));
#310=LINE('',#309,#308);
#311=CARTESIAN_POINT('',(-1.285390000021E-4,9.8E1,-4.630807779750E1));
#312=DIRECTION('',(0.E0,1.E0,0.E0));
#313=DIRECTION('',(9.771031917621E-1,0.E0,2.127659574468E-1));
#314=AXIS2_PLACEMENT_3D('',#311,#312,#313);
#316=CARTESIAN_POINT('',(-1.285390000021E-4,9.8E1,-4.630807779750E1));
#317=DIRECTION('',(0.E0,1.E0,0.E0));
#318=DIRECTION('',(0.E0,0.E0,-1.E0));
#319=AXIS2_PLACEMENT_3D('',#316,#317,#318);
#321=CARTESIAN_POINT('',(-1.285390000021E-4,8.95E1,-4.630807779750E1));
#322=DIRECTION('',(0.E0,-1.E0,0.E0));
#323=DIRECTION('',(0.E0,0.E0,1.E0));
#324=AXIS2_PLACEMENT_3D('',#321,#322,#323);
#326=CARTESIAN_POINT('',(-1.285390000021E-4,9.8E1,-4.630807779750E1));
#327=DIRECTION('',(0.E0,1.E0,0.E0));
#328=DIRECTION('',(-9.771031917621E-1,0.E0,2.127659574468E-1));
#329=AXIS2_PLACEMENT_3D('',#326,#327,#328);
#331=CARTESIAN_POINT('',(-1.285390000021E-4,1.01E2,-4.630807779750E1));
#332=DIRECTION('',(0.E0,1.E0,0.E0));
#333=DIRECTION('',(-9.761434016195E-1,0.E0,2.171268280861E-1));
#334=AXIS2_PLACEMENT_3D('',#331,#332,#333);
#336=DIRECTION('',(0.E0,9.999619230642E-1,8.726535498376E-3));
#337=VECTOR('',#336,3.000114235157E0);
#338=CARTESIAN_POINT('',(-1.285390000022E-4,9.8E1,-4.160807779750E1));
#339=LINE('',#338,#337);
#340=CARTESIAN_POINT('',(-1.285390000021E-4,9.8E1,-4.630807779750E1));
#341=DIRECTION('',(0.E0,1.E0,0.E0));
#342=DIRECTION('',(0.E0,0.E0,1.E0));
#343=AXIS2_PLACEMENT_3D('',#340,#341,#342);
#345=CARTESIAN_POINT('',(-1.285390000021E-4,1.01E2,-4.630807779750E1));
#346=DIRECTION('',(0.E0,1.E0,0.E0));
#347=DIRECTION('',(0.E0,0.E0,1.E0));
#348=AXIS2_PLACEMENT_3D('',#345,#346,#347);
#350=CARTESIAN_POINT('',(4.592256462282E0,9.8E1,-4.530807779750E1));
#351=CARTESIAN_POINT('',(4.599287538111E0,9.899999988713E1,-4.529935093069E1));
#352=CARTESIAN_POINT('',(4.606302467986E0,9.999999988790E1,-4.529062406290E1));
#353=CARTESIAN_POINT('',(4.613301471844E0,1.01E2,-4.528189719413E1));
#355=DIRECTION('',(-1.E0,-5.312514605134E-14,0.E0));
#356=VECTOR('',#355,1.069990825171E0);
#357=CARTESIAN_POINT('',(5.662247287453E0,9.8E1,-4.530807779750E1));
#358=LINE('',#357,#356);
#359=CARTESIAN_POINT('',(5.682869396219E0,1.008220836268E2,-4.528344984679E1));
#360=CARTESIAN_POINT('',(5.676007831337E0,9.988138899346E1,-4.529165916449E1));
#361=CARTESIAN_POINT('',(5.669133840498E0,9.894069445071E1,-4.529986848140E1));
#362=CARTESIAN_POINT('',(5.662247287453E0,9.8E1,-4.530807779750E1));
#364=CARTESIAN_POINT('',(4.842335025061E0,1.01E2,-4.528189719413E1));
#365=CARTESIAN_POINT('',(4.939920936884E0,1.01E2,-4.528189719413E1));
#366=CARTESIAN_POINT('',(5.132338453174E0,1.009865144566E2,-4.528201488068E1));
#367=CARTESIAN_POINT('',(5.415934112931E0,1.009262938400E2,-4.528254041804E1));
#368=CARTESIAN_POINT('',(5.595180922540E0,1.008611120945E2,-4.528310925052E1));
#369=CARTESIAN_POINT('',(5.682869396219E0,1.008220836268E2,-4.528344984679E1));
#371=CARTESIAN_POINT('',(-4.613558549844E0,1.01E2,-4.528189719413E1));
#372=CARTESIAN_POINT('',(-4.606559545986E0,9.999999988790E1,-4.529062406290E1));
#373=CARTESIAN_POINT('',(-4.599544616111E0,9.899999988713E1,-4.529935093069E1));
#374=CARTESIAN_POINT('',(-4.592513540282E0,9.8E1,-4.530807779750E1));
#376=CARTESIAN_POINT('',(-5.683126474219E0,1.008220836268E2,-4.528344984679E1));
#377=CARTESIAN_POINT('',(-5.595167664162E0,1.008612324161E2,-4.528310820049E1));
#378=CARTESIAN_POINT('',(-5.415362813279E0,1.009265738569E2,-4.528253797437E1));
#379=CARTESIAN_POINT('',(-5.130849694114E0,1.009867991013E2,-4.528201239663E1));
#380=CARTESIAN_POINT('',(-4.937827586510E0,1.010001243965E2,-4.528189610854E1));
#381=CARTESIAN_POINT('',(-4.839936358914E0,1.01E2,-4.528189719413E1));
#383=CARTESIAN_POINT('',(-5.662504365453E0,9.8E1,-4.530807779750E1));
#384=CARTESIAN_POINT('',(-5.669390918498E0,9.894069445071E1,-4.529986848140E1));
#385=CARTESIAN_POINT('',(-5.676264909337E0,9.988138899346E1,-4.529165916449E1));
#386=CARTESIAN_POINT('',(-5.683126474219E0,1.008220836268E2,-4.528344984679E1));
#388=DIRECTION('',(-1.E0,0.E0,0.E0));
#389=VECTOR('',#388,1.069990825171E0);
#390=CARTESIAN_POINT('',(-4.592513540282E0,9.8E1,-4.530807779750E1));
#391=LINE('',#390,#389);
#392=DIRECTION('',(-1.E0,0.E0,0.E0));
#393=VECTOR('',#392,2.263778090704E-1);
#394=CARTESIAN_POINT('',(-4.613558549844E0,1.01E2,-4.528189719413E1));
#395=LINE('',#394,#393);
#396=DIRECTION('',(-1.E0,0.E0,0.E0));
#397=VECTOR('',#396,2.290335532176E-1);
#398=CARTESIAN_POINT('',(4.842335025061E0,1.01E2,-4.528189719413E1));
#399=LINE('',#398,#397);
#400=CARTESIAN_POINT('',(-1.285390000021E-4,9.9E1,-4.630807779750E1));
#401=DIRECTION('',(0.E0,1.E0,0.E0));
#402=DIRECTION('',(-5.563558607136E-2,0.E0,9.984511412996E-1));
#403=AXIS2_PLACEMENT_3D('',#400,#401,#402);
#405=CARTESIAN_POINT('',(-1.285390000016E-4,1.01E2,-4.135807779750E1));
#406=CARTESIAN_POINT('',(-3.811509579922E-1,1.01E2,-4.135894703797E1));
#407=CARTESIAN_POINT('',(-1.121297396660E0,1.01E2,-4.144244707966E1));
#408=CARTESIAN_POINT('',(-2.191656950846E0,1.01E2,-4.182050035155E1));
#409=CARTESIAN_POINT('',(-3.144651118816E0,1.01E2,-4.242880125150E1));
#410=CARTESIAN_POINT('',(-3.936421735474E0,1.01E2,-4.323540025856E1));
#411=CARTESIAN_POINT('',(-4.526740195154E0,1.01E2,-4.420387000309E1));
#412=CARTESIAN_POINT('',(-4.760727529288E0,1.01E2,-4.490985527610E1));
#413=CARTESIAN_POINT('',(-4.839936358914E0,1.01E2,-4.528189719413E1));
#415=CARTESIAN_POINT('',(-1.285390000115E-4,9.9E1,-4.135807779750E1));
#416=DIRECTION('',(-1.E0,0.E0,0.E0));
#417=DIRECTION('',(0.E0,0.E0,1.E0));
#418=AXIS2_PLACEMENT_3D('',#415,#416,#417);
#420=CARTESIAN_POINT('',(-1.285390000021E-4,9.9E1,-4.630807779750E1));
#421=DIRECTION('',(0.E0,-1.E0,0.E0));
#422=DIRECTION('',(-5.563558607136E-2,0.E0,9.984511412996E-1));
#423=AXIS2_PLACEMENT_3D('',#420,#421,#422);
#425=DIRECTION('',(0.E0,9.993908270128E-1,-3.489949688194E-2));
#426=VECTOR('',#425,5.440082826487E0);
#427=CARTESIAN_POINT('',(-1.285390000163E-4,9.356323112502E1,
-3.916822164386E1));
#428=LINE('',#427,#426);
#429=CARTESIAN_POINT('',(-1.285390000021E-4,9.9E1,-4.630807779750E1));
#430=DIRECTION('',(0.E0,-1.E0,0.E0));
#431=DIRECTION('',(-7.862828258254E-13,0.E0,-1.E0));
#432=AXIS2_PLACEMENT_3D('',#429,#430,#431);
#434=DIRECTION('',(2.137439817958E-10,9.993909367898E-1,3.489635313778E-2));
#435=VECTOR('',#434,5.440082826529E0);
#436=CARTESIAN_POINT('',(-1.285401668853E-4,9.356323052778E1,
-5.344791684891E1));
#437=LINE('',#436,#435);
#438=CARTESIAN_POINT('',(-1.285401668853E-4,9.356323052778E1,
-5.344791684891E1));
#439=CARTESIAN_POINT('',(4.607446794894E-1,9.356323009182E1,-5.344790121622E1));
#440=CARTESIAN_POINT('',(1.382270878186E0,9.356196329113E1,-5.335863851799E1));
#441=CARTESIAN_POINT('',(2.715314541863E0,9.355652498365E1,-5.295996343300E1));
#442=CARTESIAN_POINT('',(3.940204190808E0,9.354840389892E1,-5.231585259697E1));
#443=CARTESIAN_POINT('',(5.018207484064E0,9.353879217780E1,-5.145025312594E1));
#444=CARTESIAN_POINT('',(5.911460608866E0,9.352907319849E1,-5.039280153582E1));
#445=CARTESIAN_POINT('',(6.585600786032E0,9.352068580009E1,-4.918288287322E1));
#446=CARTESIAN_POINT('',(7.014997799884E0,9.351487130024E1,-4.786600452940E1));
#447=CARTESIAN_POINT('',(7.183617071924E0,9.351248756204E1,-4.649147308827E1));
#448=CARTESIAN_POINT('',(7.085428196144E0,9.351388242603E1,-4.511071332006E1));
#449=CARTESIAN_POINT('',(6.724204957783E0,9.351884895547E1,-4.377421030194E1));
#450=CARTESIAN_POINT('',(6.112700109587E0,9.352666429779E1,-4.253087464340E1));
#451=CARTESIAN_POINT('',(5.273960077489E0,9.353617217933E1,-4.142832961138E1));
#452=CARTESIAN_POINT('',(4.240845948760E0,9.354595571047E1,-4.050849736894E1));
#453=CARTESIAN_POINT('',(3.050828432732E0,9.355459791778E1,-3.980328289838E1));
#454=CARTESIAN_POINT('',(1.742555620394E0,9.356083885680E1,-3.933806168628E1));
#455=CARTESIAN_POINT('',(8.305062806418E-1,9.356275848908E1,-3.920189009210E1));
#456=CARTESIAN_POINT('',(3.724886652375E-1,9.356309466241E1,-3.917794664701E1));
#458=CARTESIAN_POINT('',(-1.285375696678E-4,9.357369874993E1,
-5.374767990775E1));
#459=DIRECTION('',(1.E0,1.045524565378E-7,-2.175341327538E-8));
#460=DIRECTION('',(2.538908154718E-8,-3.490038068721E-2,9.993907961493E-1));
#461=AXIS2_PLACEMENT_3D('',#458,#459,#460);
#463=CARTESIAN_POINT('',(-1.106801345174E-4,9.327370143710E1,
-5.374778726538E1));
#464=CARTESIAN_POINT('',(4.838481704139E-1,9.327370251051E1,-5.374775436234E1));
#465=CARTESIAN_POINT('',(1.431474023776E0,9.327244763115E1,-5.365566686039E1));
#466=CARTESIAN_POINT('',(2.825209650817E0,9.326701655882E1,-5.324070134916E1));
#467=CARTESIAN_POINT('',(4.100235684008E0,9.325890394535E1,-5.257005607243E1));
#468=CARTESIAN_POINT('',(5.223985369548E0,9.324929532731E1,-5.166827996464E1));
#469=CARTESIAN_POINT('',(6.154898219639E0,9.323957683778E1,-5.056636892351E1));
#470=CARTESIAN_POINT('',(6.857663644107E0,9.323118720900E1,-4.930528929553E1));
#471=CARTESIAN_POINT('',(7.305347085911E0,9.322536979991E1,-4.793248905448E1));
#472=CARTESIAN_POINT('',(7.481194783502E0,9.322298421134E1,-4.649937698891E1));
#473=CARTESIAN_POINT('',(7.378805429705E0,9.322438010763E1,-4.505963690200E1));
#474=CARTESIAN_POINT('',(7.002175418759E0,9.322934956150E1,-4.366628207814E1));
#475=CARTESIAN_POINT('',(6.364656024013E0,9.323716778063E1,-4.237026203101E1));
#476=CARTESIAN_POINT('',(5.490492125771E0,9.324667613790E1,-4.122126989676E1));
#477=CARTESIAN_POINT('',(4.413465916266E0,9.325645786837E1,-4.026289004050E1));
#478=CARTESIAN_POINT('',(3.174665652061E0,9.326509148364E1,-3.952859490797E1));
#479=CARTESIAN_POINT('',(1.806844338052E0,9.327132945659E1,-3.904397200991E1));
#480=CARTESIAN_POINT('',(8.686241087648E-1,9.327322757154E1,-3.890370173190E1));
#481=CARTESIAN_POINT('',(3.879246989636E-1,9.327356458613E1,-3.887853796249E1));
#483=CARTESIAN_POINT('',(-3.960803991108E-1,9.356307614863E1,
-3.917922604545E1));
#484=CARTESIAN_POINT('',(-8.527127018549E-1,9.356272007673E1,
-3.920459057022E1));
#485=CARTESIAN_POINT('',(-1.762010869375E0,9.356076857679E1,-3.934311288619E1));
#486=CARTESIAN_POINT('',(-3.066094502581E0,9.355450391403E1,-3.981050793135E1));
#487=CARTESIAN_POINT('',(-4.253487290855E0,9.354584961870E1,-4.051761536501E1));
#488=CARTESIAN_POINT('',(-5.284361763883E0,9.353606412602E1,-4.143934745995E1));
#489=CARTESIAN_POINT('',(-6.120518252835E0,9.352657062055E1,-4.254321073216E1));
#490=CARTESIAN_POINT('',(-6.729225626526E0,9.351878347432E1,-4.378704951128E1));
#491=CARTESIAN_POINT('',(-7.087717876881E0,9.351385197429E1,-4.512322135627E1));
#492=CARTESIAN_POINT('',(-7.183495528387E0,9.351249104989E1,-4.650302138053E1));
#493=CARTESIAN_POINT('',(-7.012923286209E0,9.351490176205E1,-4.787611629943E1));
#494=CARTESIAN_POINT('',(-6.582072910091E0,9.352073328526E1,-4.919139444326E1));
#495=CARTESIAN_POINT('',(-5.906764974379E0,9.352912951690E1,-5.039989856461E1));
#496=CARTESIAN_POINT('',(-5.012584026696E0,9.353884919294E1,-5.145593941868E1));
#497=CARTESIAN_POINT('',(-3.934118158147E0,9.354845199383E1,-5.231993789326E1));
#498=CARTESIAN_POINT('',(-2.709686221748E0,9.355655481394E1,-5.296225314427E1));
#499=CARTESIAN_POINT('',(-1.378375571210E0,9.356197192891E1,-5.335925855106E1));
#500=CARTESIAN_POINT('',(-4.594467479805E-1,9.356322982661E1,
-5.344789716873E1));
#501=CARTESIAN_POINT('',(-1.285401668853E-4,9.356323052778E1,
-5.344791684891E1));
#503=CARTESIAN_POINT('',(-3.960803991108E-1,9.356307614863E1,
-3.917922604545E1));
#504=CARTESIAN_POINT('',(-3.961413263326E-1,9.351190553721E1,
-3.917743971371E1));
#505=CARTESIAN_POINT('',(-3.977443563775E-1,9.341056681784E1,
-3.914720033689E1));
#506=CARTESIAN_POINT('',(-4.039936570677E-1,9.330031294819E1,
-3.903314868490E1));
#507=CARTESIAN_POINT('',(-4.096461214286E-1,9.327353799107E1,
-3.893097142672E1));
#508=CARTESIAN_POINT('',(-4.124842988433E-1,9.327354776281E1,
-3.887984798149E1));
#510=CARTESIAN_POINT('',(-4.124842988433E-1,9.327354776281E1,
-3.887984798149E1));
#511=CARTESIAN_POINT('',(-8.917693371351E-1,9.327319032156E1,
-3.890650120526E1));
#512=CARTESIAN_POINT('',(-1.827265508358E0,9.327125848459E1,-3.904926619557E1));
#513=CARTESIAN_POINT('',(-3.190604108775E0,9.326499734294E1,-3.953615035155E1));
#514=CARTESIAN_POINT('',(-4.426633430602E0,9.325635170417E1,-4.027239794669E1));
#515=CARTESIAN_POINT('',(-5.501275950864E0,9.324656836827E1,-4.123271321499E1));
#516=CARTESIAN_POINT('',(-6.372719799073E0,9.323707471665E1,-4.238301327598E1));
#517=CARTESIAN_POINT('',(-7.007317995443E0,9.322928483975E1,-4.367947042623E1));
#518=CARTESIAN_POINT('',(-7.381123302944E0,9.322435026443E1,-4.507239287127E1));
#519=CARTESIAN_POINT('',(-7.481067976542E0,9.322298755158E1,-4.651099121483E1));
#520=CARTESIAN_POINT('',(-7.303248550615E0,9.322539943383E1,-4.794274109974E1));
#521=CARTESIAN_POINT('',(-6.854069198324E0,9.323123376771E1,-4.931396317391E1));
#522=CARTESIAN_POINT('',(-6.150079134605E0,9.323963241132E1,-5.057365494743E1));
#523=CARTESIAN_POINT('',(-5.218171665498E0,9.324935194627E1,-5.167415841985E1));
#524=CARTESIAN_POINT('',(-4.093906066041E0,9.325895187703E1,-5.257430325573E1));
#525=CARTESIAN_POINT('',(-2.819319240181E0,9.326704648017E1,-5.324309542105E1));
#526=CARTESIAN_POINT('',(-1.427379662070E0,9.327245611048E1,-5.365632533295E1));
#527=CARTESIAN_POINT('',(-4.823905593995E-1,9.327370253622E1,
-5.374774584438E1));
#528=CARTESIAN_POINT('',(-1.106801345174E-4,9.327370143710E1,
-5.374778726538E1));
#530=CARTESIAN_POINT('',(-1.285390000021E-4,9.356318978005E1,
-4.630807779750E1));
#531=DIRECTION('',(0.E0,-1.E0,0.E0));
#532=DIRECTION('',(0.E0,0.E0,1.E0));
#533=AXIS2_PLACEMENT_3D('',#530,#531,#532);
#535=CARTESIAN_POINT('',(-1.285390005560E-4,9.357370097390E1,
-3.886840439265E1));
#536=DIRECTION('',(-1.E0,-1.289354497337E-7,4.493024227976E-9));
#537=DIRECTION('',(9.495003338869E-12,-3.489949592431E-2,-9.993908270463E-1));
#538=AXIS2_PLACEMENT_3D('',#535,#536,#537);
#540=CARTESIAN_POINT('',(-1.285003202972E-4,9.327370097387E1,
-3.886840439673E1));
#541=CARTESIAN_POINT('',(-7.372883332579E-2,9.327370096510E1,
-3.886840440655E1));
#542=CARTESIAN_POINT('',(-2.160585229620E-1,9.327367107464E1,
-3.887058758649E1));
#543=CARTESIAN_POINT('',(-3.486251750689E-1,9.327359548849E1,
-3.887630084181E1));
#544=CARTESIAN_POINT('',(-4.124842988433E-1,9.327354776281E1,
-3.887984798149E1));
#546=CARTESIAN_POINT('',(-1.285390000021E-4,9.356319583002E1,
-4.630807779750E1));
#547=DIRECTION('',(0.E0,-1.E0,0.E0));
#548=DIRECTION('',(5.218830016395E-2,0.E0,9.986372621358E-1));
#549=AXIS2_PLACEMENT_3D('',#546,#547,#548);
#551=CARTESIAN_POINT('',(3.724886652375E-1,9.356309466241E1,-3.917794664701E1));
#552=CARTESIAN_POINT('',(3.725459906480E-1,9.351193075544E1,-3.917616052178E1));
#553=CARTESIAN_POINT('',(3.740575228870E-1,9.341060761705E1,-3.914585952312E1));
#554=CARTESIAN_POINT('',(3.799355876509E-1,9.330035420163E1,-3.903184429968E1));
#555=CARTESIAN_POINT('',(3.852541682958E-1,9.327356645901E1,-3.892966336592E1));
#556=CARTESIAN_POINT('',(3.879246989636E-1,9.327356458613E1,-3.887853796249E1));
#558=CARTESIAN_POINT('',(3.879246989636E-1,9.327356458613E1,-3.887853796249E1));
#559=CARTESIAN_POINT('',(3.254886593894E-1,9.327360848251E1,-3.887527483814E1));
#560=CARTESIAN_POINT('',(1.983845193813E-1,9.327367666123E1,-3.887021056725E1));
#561=CARTESIAN_POINT('',(6.678952699193E-2,9.327370098298E1,-3.886840440731E1));
#562=CARTESIAN_POINT('',(-1.285003202972E-4,9.327370097387E1,
-3.886840439673E1));
#564=CARTESIAN_POINT('',(-2.071063890866E1,9.288493261485E1,-3.680655579279E1));
#565=CARTESIAN_POINT('',(-2.044497495395E1,9.289490993950E1,-3.680638163794E1));
#566=CARTESIAN_POINT('',(-1.993371201678E1,9.291373476066E1,-3.687450921004E1));
#567=CARTESIAN_POINT('',(-1.920360379855E1,9.293961186055E1,-3.717523424821E1));
#568=CARTESIAN_POINT('',(-1.858060867333E1,9.296090183414E1,-3.765388889815E1));
#569=CARTESIAN_POINT('',(-1.810181322340E1,9.297677729890E1,-3.827769014353E1));
#570=CARTESIAN_POINT('',(-1.780128818458E1,9.298652344025E1,-3.900375162408E1));
#571=CARTESIAN_POINT('',(-1.769880006497E1,9.298980907778E1,-3.978292554220E1));
#572=CARTESIAN_POINT('',(-1.780160245838E1,9.298651334222E1,-4.056229996261E1));
#573=CARTESIAN_POINT('',(-1.810264092753E1,9.297675027967E1,-4.128853885998E1));
#574=CARTESIAN_POINT('',(-1.858182457252E1,9.296086086350E1,-4.191203339352E1));
#575=CARTESIAN_POINT('',(-1.920469183635E1,9.293957407047E1,-4.239013102879E1));
#576=CARTESIAN_POINT('',(-1.993491851635E1,9.291369077584E1,-4.269052265962E1));
#577=CARTESIAN_POINT('',(-2.044545535309E1,9.289489237760E1,-4.275838047066E1));
#578=CARTESIAN_POINT('',(-2.071063181466E1,9.288493336646E1,-4.275820663548E1));
#580=CARTESIAN_POINT('',(-2.071063890866E1,9.288493261485E1,-3.680655579279E1));
#581=CARTESIAN_POINT('',(-2.093693940587E1,9.287643363149E1,-3.680670414310E1));
#582=CARTESIAN_POINT('',(-2.137672360799E1,9.285964267065E1,-3.685712619160E1));
#583=CARTESIAN_POINT('',(-2.201343552645E1,9.283457555555E1,-3.707975611807E1));
#584=CARTESIAN_POINT('',(-2.258090907021E1,9.281159869701E1,-3.743738806499E1));
#585=CARTESIAN_POINT('',(-2.305531486067E1,9.279193586756E1,-3.791200580183E1));
#586=CARTESIAN_POINT('',(-2.341264213470E1,9.277685037056E1,-3.848107486432E1));
#587=CARTESIAN_POINT('',(-2.363428958978E1,9.276737447520E1,-3.911502285564E1));
#588=CARTESIAN_POINT('',(-2.370943648701E1,9.276414118186E1,-3.978235372394E1));
#589=CARTESIAN_POINT('',(-2.363430115129E1,9.276737398014E1,-4.044967794536E1));
#590=CARTESIAN_POINT('',(-2.341266285488E1,9.277684948315E1,-4.108362874456E1));
#591=CARTESIAN_POINT('',(-2.305536682529E1,9.279193370125E1,-4.165268259552E1));
#592=CARTESIAN_POINT('',(-2.258093492559E1,9.281159761953E1,-4.212734331588E1));
#593=CARTESIAN_POINT('',(-2.201348676514E1,9.283457357567E1,-4.248497284009E1));
#594=CARTESIAN_POINT('',(-2.137672076668E1,9.285964257139E1,-4.270762445294E1));
#595=CARTESIAN_POINT('',(-2.093693520925E1,9.287643427867E1,-4.275805828335E1));
#596=CARTESIAN_POINT('',(-2.071063181466E1,9.288493336646E1,-4.275820663548E1));
#598=CARTESIAN_POINT('',(2.071062888066E1,9.288492862525E1,-4.275818839659E1));
#599=CARTESIAN_POINT('',(2.044496769081E1,9.289490589488E1,-4.275836255048E1));
#600=CARTESIAN_POINT('',(1.993370493343E1,9.291373089531E1,-4.269024324072E1));
#601=CARTESIAN_POINT('',(1.920361006800E1,9.293960763679E1,-4.238952034544E1));
#602=CARTESIAN_POINT('',(1.858061735481E1,9.296089767936E1,-4.191087362142E1));
#603=CARTESIAN_POINT('',(1.810182473989E1,9.297677315555E1,-4.128708329313E1));
#604=CARTESIAN_POINT('',(1.780129710413E1,9.298651945158E1,-4.056104119866E1));
#605=CARTESIAN_POINT('',(1.769879730924E1,9.298980548630E1,-3.978187038068E1));
#606=CARTESIAN_POINT('',(1.780158659886E1,9.298651014823E1,-3.900250232768E1));
#607=CARTESIAN_POINT('',(1.810260789107E1,9.297674760268E1,-3.827626712549E1));
#608=CARTESIAN_POINT('',(1.858176648520E1,9.296085891597E1,-3.765277399378E1));
#609=CARTESIAN_POINT('',(1.920460897861E1,9.293957306922E1,-3.717467146679E1));
#610=CARTESIAN_POINT('',(1.993480707067E1,9.291369020234E1,-3.687424657503E1));
#611=CARTESIAN_POINT('',(2.044538760622E1,9.289489164337E1,-3.680639424498E1));
#612=CARTESIAN_POINT('',(2.071056344332E1,9.288493264910E1,-3.680656807987E1));
#614=CARTESIAN_POINT('',(2.071056344332E1,9.288493264910E1,-3.680656807987E1));
#615=CARTESIAN_POINT('',(2.097601874797E1,9.287496315910E1,-3.680674209796E1));
#616=CARTESIAN_POINT('',(2.148675425993E1,9.285540400446E1,-3.687536915764E1));
#617=CARTESIAN_POINT('',(2.221611891546E1,9.282647241829E1,-3.717662620978E1));
#618=CARTESIAN_POINT('',(2.283829986636E1,9.280100211035E1,-3.765546652787E1));
#619=CARTESIAN_POINT('',(2.331631495876E1,9.278094820761E1,-3.827907118855E1));
#620=CARTESIAN_POINT('',(2.361625075912E1,9.276814730816E1,-3.900454106426E1));
#621=CARTESIAN_POINT('',(2.371852589669E1,9.276374436526E1,-3.978287611585E1));
#622=CARTESIAN_POINT('',(2.361596326660E1,9.276815966926E1,-4.056141144464E1));
#623=CARTESIAN_POINT('',(2.331553808163E1,9.278098118276E1,-4.128707162145E1));
#624=CARTESIAN_POINT('',(2.283715642372E1,9.280104952914E1,-4.191038533565E1));
#625=CARTESIAN_POINT('',(2.221511894210E1,9.282651253359E1,-4.238868784281E1));
#626=CARTESIAN_POINT('',(2.148565425093E1,9.285544746471E1,-4.268963925517E1));
#627=CARTESIAN_POINT('',(2.097559947345E1,9.287497729195E1,-4.275801469542E1));
#628=CARTESIAN_POINT('',(2.071062888066E1,9.288492862525E1,-4.275818839659E1));
#630=CARTESIAN_POINT('',(2.834614789960E0,9.326642938468E1,-5.369498507201E1));
#631=CARTESIAN_POINT('',(2.530205679238E0,9.326799378812E1,-5.371335090035E1));
#632=CARTESIAN_POINT('',(1.915509253386E0,9.327063407499E1,-5.372785310607E1));
#633=CARTESIAN_POINT('',(9.726242075650E-1,9.327312013075E1,-5.374637865015E1));
#634=CARTESIAN_POINT('',(3.271037955842E-1,9.327370174982E1,-5.374778658097E1));
#635=CARTESIAN_POINT('',(-1.106801345174E-4,9.327370143710E1,
-5.374778726538E1));
#637=DIRECTION('',(2.982952354360E-8,-1.335181633177E-9,-1.E0));
#638=VECTOR('',#637,2.796025191268E1);
#639=CARTESIAN_POINT('',(2.618122567071E1,9.265275731280E1,-2.589592494161E1));
#640=LINE('',#639,#638);
#641=CARTESIAN_POINT('',(-1.238329190623E1,9.313474534543E1,-2.518714986629E1));
#642=CARTESIAN_POINT('',(-1.235255475925E1,9.313543440251E1,-2.518613801078E1));
#643=CARTESIAN_POINT('',(-1.233557926288E1,9.313581667903E1,-2.518763937326E1));
#644=CARTESIAN_POINT('',(-1.230484175437E1,9.313650060752E1,-2.518663504886E1));
#646=DIRECTION('',(1.079546229525E-8,5.073115624284E-10,1.E0));
#647=VECTOR('',#646,2.795824598309E1);
#648=CARTESIAN_POINT('',(-2.621217908220E1,9.265129359001E1,-5.385628125874E1));
#649=LINE('',#648,#647);
#650=CARTESIAN_POINT('',(-1.106801345174E-4,9.327370143710E1,
-5.374778726538E1));
#651=CARTESIAN_POINT('',(-3.348602293375E-1,9.327370166498E1,
-5.374778700962E1));
#652=CARTESIAN_POINT('',(-9.898438815328E-1,9.327309231734E1,
-5.374470765105E1));
#653=CARTESIAN_POINT('',(-1.927625009456E0,9.327058426007E1,-5.373186397204E1));
#654=CARTESIAN_POINT('',(-2.530462980028E0,9.326799117841E1,-5.370302235894E1));
#655=CARTESIAN_POINT('',(-2.832226628317E0,9.326643907432E1,-5.369604721343E1));
#657=CARTESIAN_POINT('',(-2.071065281600E1,8.854085002960E1,-3.978237565570E1));
#658=DIRECTION('',(0.E0,-1.E0,0.E0));
#659=DIRECTION('',(-1.529749507147E-11,0.E0,-1.E0));
#660=AXIS2_PLACEMENT_3D('',#657,#658,#659);
#662=DIRECTION('',(-1.653272312891E-6,9.998477209171E-1,1.745093046467E-2));
#663=VECTOR('',#662,4.344743221380E0);
#664=CARTESIAN_POINT('',(-2.071063172561E1,8.854085100698E1,-3.688237560463E1));
#665=LINE('',#664,#663);
#666=DIRECTION('',(4.833741993111E-6,9.998476763119E-1,-1.745348533389E-2));
#667=VECTOR('',#666,4.344744166783E0);
#668=CARTESIAN_POINT('',(-2.071065281603E1,8.854085100713E1,-4.268237570688E1));
#669=LINE('',#668,#667);
#670=CARTESIAN_POINT('',(-2.071065281600E1,8.854085002960E1,-3.978237565570E1));
#671=DIRECTION('',(0.E0,-1.E0,0.E0));
#672=DIRECTION('',(1.090882074391E-5,0.E0,9.999999999405E-1));
#673=AXIS2_PLACEMENT_3D('',#670,#671,#672);
#675=DIRECTION('',(-4.807495661758E-6,9.998477492282E-1,-1.744930773095E-2));
#676=VECTOR('',#675,4.344739108001E0);
#677=CARTESIAN_POINT('',(2.071064976797E1,8.854085100713E1,-4.268237570688E1));
#678=LINE('',#677,#676);
#679=CARTESIAN_POINT('',(2.071064976800E1,8.854085002960E1,-3.978237565570E1));
#680=DIRECTION('',(0.E0,-1.E0,0.E0));
#681=DIRECTION('',(1.090916555805E-5,0.E0,9.999999999405E-1));
#682=AXIS2_PLACEMENT_3D('',#679,#680,#681);
#684=CARTESIAN_POINT('',(2.071064976800E1,8.854085002960E1,-3.978237565570E1));
#685=DIRECTION('',(0.E0,-1.E0,0.E0));
#686=DIRECTION('',(-1.529749507143E-11,0.E0,-1.E0));
#687=AXIS2_PLACEMENT_3D('',#684,#685,#686);
#689=DIRECTION('',(-2.472314893404E-5,9.998477699556E-1,1.744810314923E-2));
#690=VECTOR('',#689,4.344743042547E0);
#691=CARTESIAN_POINT('',(2.071067085905E1,8.854085100698E1,-3.688237560463E1));
#692=LINE('',#691,#690);
#693=DIRECTION('',(0.E0,1.E0,0.E0));
#694=VECTOR('',#693,1.5E0);
#695=CARTESIAN_POINT('',(2.071064976800E1,8.704085002960E1,-4.128237565570E1));
#696=LINE('',#695,#694);
#697=CARTESIAN_POINT('',(2.071064976800E1,8.704085002960E1,-3.978237565570E1));
#698=DIRECTION('',(0.E0,-1.E0,0.E0));
#699=DIRECTION('',(-2.623843533911E-5,0.E0,9.999999996558E-1));
#700=AXIS2_PLACEMENT_3D('',#697,#698,#699);
#702=CARTESIAN_POINT('',(2.071064976800E1,8.854085002960E1,-3.978237565570E1));
#703=DIRECTION('',(0.E0,1.E0,0.E0));
#704=DIRECTION('',(0.E0,0.E0,-1.E0));
#705=AXIS2_PLACEMENT_3D('',#702,#703,#704);
#707=CARTESIAN_POINT('',(2.071064976800E1,8.704085002960E1,-3.978237565570E1));
#708=DIRECTION('',(0.E0,-1.E0,0.E0));
#709=DIRECTION('',(0.E0,0.E0,-1.E0));
#710=AXIS2_PLACEMENT_3D('',#707,#708,#709);
#712=CARTESIAN_POINT('',(2.071064976800E1,8.854085002960E1,-3.978237565570E1));
#713=DIRECTION('',(0.E0,1.E0,0.E0));
#714=DIRECTION('',(0.E0,0.E0,1.E0));
#715=AXIS2_PLACEMENT_3D('',#712,#713,#714);
#717=DIRECTION('',(1.749229022340E-5,9.999999998470E-1,2.294910927607E-10));
#718=VECTOR('',#717,1.500000000229E0);
#719=CARTESIAN_POINT('',(2.071062352956E1,8.704085002960E1,-3.828237565604E1));
#720=LINE('',#719,#718);
#721=DIRECTION('',(1.431907055864E-12,-9.999619230642E-1,-8.726535498374E-3));
#722=VECTOR('',#721,4.039241126301E0);
#723=CARTESIAN_POINT('',(2.071064976800E1,9.107993735398E1,-3.606702349155E1));
#724=LINE('',#723,#722);
#725=CARTESIAN_POINT('',(2.071064976800E1,8.704085002960E1,-3.978237565570E1));
#726=DIRECTION('',(0.E0,1.E0,0.E0));
#727=DIRECTION('',(1.570680016182E-12,0.E0,1.E0));
#728=AXIS2_PLACEMENT_3D('',#725,#726,#727);
#730=CARTESIAN_POINT('',(1.705116417250E1,8.988890554362E1,-3.920368718701E1));
#731=CARTESIAN_POINT('',(1.706392448803E1,8.988831370549E1,-3.912302711225E1));
#732=CARTESIAN_POINT('',(1.709469803084E1,8.988688499993E1,-3.896296740154E1));
#733=CARTESIAN_POINT('',(1.715671003786E1,8.988399670534E1,-3.872603125657E1));
#734=CARTESIAN_POINT('',(1.720829701486E1,8.988158424634E1,-3.857141041691E1));
#735=CARTESIAN_POINT('',(1.723669006091E1,8.988025291918E1,-3.849483551978E1));
#737=CARTESIAN_POINT('',(2.071064976800E1,8.704085002960E1,-3.978237565570E1));
#738=DIRECTION('',(0.E0,1.E0,0.E0));
#739=DIRECTION('',(-1.570680016182E-12,0.E0,-1.E0));
#740=AXIS2_PLACEMENT_3D('',#737,#738,#739);
#742=DIRECTION('',(-1.431027506076E-12,-9.999619230642E-1,8.726535498376E-3));
#743=VECTOR('',#742,4.039241126301E0);
#744=CARTESIAN_POINT('',(2.071064976800E1,9.107993735398E1,-4.349772781985E1));
#745=LINE('',#744,#743);
#746=DIRECTION('',(-8.725206687005E-3,-9.998096563631E-1,1.745055332732E-2));
#747=VECTOR('',#746,1.186183849318E0);
#748=CARTESIAN_POINT('',(3.809072954090E-1,9.148124773703E1,-3.923375403245E1));
#749=LINE('',#748,#747);
#750=CARTESIAN_POINT('',(3.705575961549E-1,9.029528967026E1,-3.921305446794E1));
#751=CARTESIAN_POINT('',(5.933744242083E0,9.028228015358E1,-3.921206903931E1));
#752=CARTESIAN_POINT('',(1.149394643291E1,9.014681872526E1,-3.920894661142E1));
#753=CARTESIAN_POINT('',(1.705116417250E1,8.988890554362E1,-3.920368718701E1));
#755=CARTESIAN_POINT('',(1.705116417250E1,8.988890554357E1,-3.920368718701E1));
#756=CARTESIAN_POINT('',(1.704606774423E1,9.032841217998E1,-3.921135949871E1));
#757=CARTESIAN_POINT('',(1.704100005642E1,9.076791914775E1,-3.921903181228E1));
#758=CARTESIAN_POINT('',(1.703596075387E1,9.120742644280E1,-3.922670412769E1));
#760=CARTESIAN_POINT('',(1.703596075387E1,9.120742644285E1,-3.922670412769E1));
#761=CARTESIAN_POINT('',(1.520283140105E1,9.126587424059E1,-3.922797422112E1));
#762=CARTESIAN_POINT('',(1.152629807095E1,9.136433426243E1,-3.923019401444E1));
#763=CARTESIAN_POINT('',(6.087715652221E0,9.144182830733E1,-3.923228803926E1));
#764=CARTESIAN_POINT('',(2.298498970641E0,9.146947047575E1,-3.923328706278E1));
#765=CARTESIAN_POINT('',(3.809072954090E-1,9.148124773703E1,-3.923375403245E1));
#767=DIRECTION('',(-4.050453693977E-8,-4.641360093176E-6,-9.999999999892E-1));
#768=VECTOR('',#767,4.693632215823E-1);
#769=CARTESIAN_POINT('',(3.705576151663E-1,9.029529184874E1,-3.874369124636E1));
#770=LINE('',#769,#768);
#771=DIRECTION('',(0.E0,1.209838463016E-13,-1.E0));
#772=VECTOR('',#771,1.174607614951E-1);
#773=CARTESIAN_POINT('',(3.809072954090E-1,9.148124773703E1,-3.923375403245E1));
#774=LINE('',#773,#772);
#775=CARTESIAN_POINT('',(3.809072954090E-1,9.148124773703E1,-3.935121479395E1));
#776=CARTESIAN_POINT('',(3.751439325910E-1,9.082083177150E1,-3.935667112863E1));
#777=CARTESIAN_POINT('',(3.693805702354E-1,9.016041585897E1,-3.936213388201E1));
#778=CARTESIAN_POINT('',(3.636172083472E-1,8.95E1,-3.936760309967E1));
#780=CARTESIAN_POINT('',(1.723669036666E1,8.988031443697E1,-2.523775755984E1));
#781=CARTESIAN_POINT('',(1.340567566702E1,9.005999627391E1,-2.509312021120E1));
#782=CARTESIAN_POINT('',(5.738175103157E0,9.030302955026E1,-2.490227094722E1));
#783=CARTESIAN_POINT('',(-5.769704494923E0,9.031820336372E1,-2.491100491734E1));
#784=CARTESIAN_POINT('',(-1.343731391729E1,9.009541334894E1,-2.511351371529E1));
#785=CARTESIAN_POINT('',(-1.726841030862E1,8.992586324898E1,-2.526399238841E1));
#787=CARTESIAN_POINT('',(-1.704937606563E1,8.993542861836E1,-3.921248415646E1));
#788=CARTESIAN_POINT('',(-1.706363265620E1,8.993480636719E1,-3.912092777706E1));
#789=CARTESIAN_POINT('',(-1.709889440335E1,8.993326559009E1,-3.893949226591E1));
#790=CARTESIAN_POINT('',(-1.717216410596E1,8.993005126123E1,-3.867145607617E1));
#791=CARTESIAN_POINT('',(-1.723410600901E1,8.992732000180E1,-3.849730415144E1));
#792=CARTESIAN_POINT('',(-1.726841000539E1,8.992580224013E1,-3.841122079861E1));
#794=CARTESIAN_POINT('',(-9.427354913704E0,9.019153957776E1,-3.307099833463E1));
#795=CARTESIAN_POINT('',(-9.427354897184E0,9.019153875311E1,-3.324875332718E1));
#796=CARTESIAN_POINT('',(-9.477433221705E0,9.019036531745E1,-3.358671954579E1));
#797=CARTESIAN_POINT('',(-9.703046533392E0,9.018498236819E1,-3.406677371869E1));
#798=CARTESIAN_POINT('',(-1.003732491229E1,9.017675968407E1,-3.444285595438E1));
#799=CARTESIAN_POINT('',(-1.047737475783E1,9.016546863835E1,-3.471790956596E1));
#800=CARTESIAN_POINT('',(-1.095738819433E1,9.015255385084E1,-3.485351232067E1));
#801=CARTESIAN_POINT('',(-1.146444200196E1,9.013823493334E1,-3.485117622187E1));
#802=CARTESIAN_POINT('',(-1.194067820298E1,9.012415369052E1,-3.471251909221E1));
#803=CARTESIAN_POINT('',(-1.237587301307E1,9.011074959707E1,-3.443647036961E1));
#804=CARTESIAN_POINT('',(-1.270676423883E1,9.010021083365E1,-3.406171865640E1));
#805=CARTESIAN_POINT('',(-1.292953788864E1,9.009295258098E1,-3.358431617185E1));
#806=CARTESIAN_POINT('',(-1.297925492756E1,9.009131182916E1,-3.324792516281E1));
#807=CARTESIAN_POINT('',(-1.297925491110E1,9.009131265090E1,-3.307099833464E1));
#809=CARTESIAN_POINT('',(-1.297925491110E1,9.009131265090E1,-3.307099833464E1));
#810=CARTESIAN_POINT('',(-1.297925489457E1,9.009131347628E1,-3.289328722386E1));
#811=CARTESIAN_POINT('',(-1.292920357697E1,9.009296855708E1,-3.255538317796E1));
#812=CARTESIAN_POINT('',(-1.270362875383E1,9.010032170215E1,-3.207531951785E1));
#813=CARTESIAN_POINT('',(-1.236936204045E1,9.011096759021E1,-3.169920442906E1));
#814=CARTESIAN_POINT('',(-1.192930682067E1,9.012451382161E1,-3.142411591881E1));
#815=CARTESIAN_POINT('',(-1.144928020031E1,9.013869040066E1,-3.128849096808E1));
#816=CARTESIAN_POINT('',(-1.094221407496E1,9.015298746285E1,-3.129081390044E1));
#817=CARTESIAN_POINT('',(-1.046598260898E1,9.016578132860E1,-3.142945728582E1));
#818=CARTESIAN_POINT('',(-1.003079946635E1,9.017693491672E1,-3.170547703202E1));
#819=CARTESIAN_POINT('',(-9.699901708841E0,9.018506712130E1,-3.208019480167E1));
#820=CARTESIAN_POINT('',(-9.477097968307E0,9.019037778281E1,-3.255758160147E1));
#821=CARTESIAN_POINT('',(-9.427354930150E0,9.019154039877E1,-3.289403024131E1));
#822=CARTESIAN_POINT('',(-9.427354913704E0,9.019153957776E1,-3.307099833463E1));
#824=CARTESIAN_POINT('',(1.387993767465E1,9.002280384993E1,-3.307099832388E1));
#825=CARTESIAN_POINT('',(1.387993769674E1,9.002280274670E1,-3.330850740747E1));
#826=CARTESIAN_POINT('',(1.381925986052E1,9.002511514370E1,-3.376584322255E1));
#827=CARTESIAN_POINT('',(1.354967012585E1,9.003526238008E1,-3.442178372741E1));
#828=CARTESIAN_POINT('',(1.312367255582E1,9.005089850817E1,-3.497877162924E1));
#829=CARTESIAN_POINT('',(1.256537871561E1,9.007065145813E1,-3.541033112165E1));
#830=CARTESIAN_POINT('',(1.190977841258E1,9.009277154774E1,-3.568481136514E1));
#831=CARTESIAN_POINT('',(1.120482839148E1,9.011525838145E1,-3.577820036727E1));
#832=CARTESIAN_POINT('',(1.050067720492E1,9.013637875653E1,-3.568546345421E1));
#833=CARTESIAN_POINT('',(9.845499276019E0,9.015482662131E1,-3.541241000409E1));
#834=CARTESIAN_POINT('',(9.285827233080E0,9.016966656504E1,-3.498063114914E1));
#835=CARTESIAN_POINT('',(8.858942249149E0,9.018041914018E1,-3.442398911544E1));
#836=CARTESIAN_POINT('',(8.588600296399E0,9.018697584881E1,-3.376748144739E1));
#837=CARTESIAN_POINT('',(8.527564757486E0,9.018842738315E1,-3.330915565729E1));
#838=CARTESIAN_POINT('',(8.527564779619E0,9.018842848802E1,-3.307099832388E1));
#840=CARTESIAN_POINT('',(8.527564779619E0,9.018842848802E1,-3.307099832388E1));
#841=CARTESIAN_POINT('',(8.527564801700E0,9.018842959029E1,-3.283340094750E1));
#842=CARTESIAN_POINT('',(8.588290758703E0,9.018698964449E1,-3.237593387819E1));
#843=CARTESIAN_POINT('',(8.857969258431E0,9.018045559510E1,-3.171997186368E1));
#844=CARTESIAN_POINT('',(9.284035478367E0,9.016973005583E1,-3.116301832343E1));
#845=CARTESIAN_POINT('',(9.842360950402E0,9.015493382212E1,-3.073153400634E1));
#846=CARTESIAN_POINT('',(1.049791849649E1,9.013648386812E1,-3.045713793618E1));
#847=CARTESIAN_POINT('',(1.120285488192E1,9.011534458195E1,-3.036379641768E1));
#848=CARTESIAN_POINT('',(1.190702733005E1,9.009288545366E1,-3.045658234449E1));
#849=CARTESIAN_POINT('',(1.256225369131E1,9.007078147564E1,-3.072972706183E1));
#850=CARTESIAN_POINT('',(1.312189035014E1,9.005098099956E1,-3.116158155379E1));
#851=CARTESIAN_POINT('',(1.354870350891E1,9.003531100525E1,-3.171826172752E1));
#852=CARTESIAN_POINT('',(1.381895115709E1,9.002513338901E1,-3.237474090054E1));
#853=CARTESIAN_POINT('',(1.387993765250E1,9.002280495575E1,-3.283293163983E1));
#854=CARTESIAN_POINT('',(1.387993767465E1,9.002280384993E1,-3.307099832388E1));
#856=DIRECTION('',(-9.315230644032E-8,-4.644938487842E-6,-9.999999999892E-1));
#857=VECTOR('',#856,1.604387473408E0);
#858=CARTESIAN_POINT('',(-1.467621577207E1,9.003168786075E1,-2.647181162760E1));
#859=LINE('',#858,#857);
#860=DIRECTION('',(2.306430533946E-8,-4.640434037696E-6,-9.999999999892E-1));
#861=VECTOR('',#860,1.314722841035E1);
#862=CARTESIAN_POINT('',(-1.726841030862E1,8.992586324898E1,-2.526399238841E1));
#863=LINE('',#862,#861);
#864=CARTESIAN_POINT('',(-1.729064559942E1,9.119967884476E1,-3.832801728049E1));
#865=CARTESIAN_POINT('',(-1.728323278512E1,9.077499890903E1,-3.835491939334E1));
#866=CARTESIAN_POINT('',(-1.727582086309E1,9.035037008826E1,-3.838260362168E1));
#867=CARTESIAN_POINT('',(-1.726841000539E1,8.992580224011E1,-3.841122079861E1));
#869=DIRECTION('',(5.790207719393E-8,1.873217841966E-9,1.E0));
#870=VECTOR('',#869,1.238462826693E1);
#871=CARTESIAN_POINT('',(-1.729064559942E1,9.119967884479E1,-3.832801728049E1));
#872=LINE('',#871,#870);
#873=CARTESIAN_POINT('',(-1.729064488232E1,9.119967886799E1,-2.594338901357E1));
#874=CARTESIAN_POINT('',(-1.728323335994E1,9.077507378650E1,-2.571692323770E1));
#875=CARTESIAN_POINT('',(-1.727582183537E1,9.035046858016E1,-2.549045769598E1));
#876=CARTESIAN_POINT('',(-1.726841030862E1,8.992586324898E1,-2.526399238840E1));
#878=DIRECTION('',(5.380312117551E-1,7.638204644410E-1,-3.565118697582E-1));
#879=VECTOR('',#878,2.289909909846E0);
#880=CARTESIAN_POINT('',(-2.613046389341E1,8.916679079793E1,-2.556038110593E1));
#881=LINE('',#880,#879);
#882=CARTESIAN_POINT('',(-2.614222108340E1,8.849751702725E1,-2.520525509108E1));
#883=CARTESIAN_POINT('',(-2.613831345194E1,8.872062156546E1,-2.532363183553E1));
#884=CARTESIAN_POINT('',(-2.613437153728E1,8.894368632900E1,-2.544200423133E1));
#885=CARTESIAN_POINT('',(-2.613046389341E1,8.916679079793E1,-2.556038110593E1));
#887=DIRECTION('',(5.368212957952E-1,7.645429115135E-1,-3.567870973497E-1));
#888=VECTOR('',#887,2.371356116783E0);
#889=CARTESIAN_POINT('',(-2.700864065613E1,8.906869199343E1,-2.634481928349E1));
#890=LINE('',#889,#888);
#891=CARTESIAN_POINT('',(-2.613046389341E1,8.916679079793E1,-2.556038110593E1));
#892=CARTESIAN_POINT('',(-2.620728672315E1,8.918450283475E1,-2.557713305408E1));
#893=CARTESIAN_POINT('',(-2.636363292386E1,8.921095827343E1,-2.562635857867E1));
#894=CARTESIAN_POINT('',(-2.659442894265E1,8.922167961173E1,-2.575694429555E1));
#895=CARTESIAN_POINT('',(-2.679171960907E1,8.919800327463E1,-2.593510887110E1));
#896=CARTESIAN_POINT('',(-2.693544810142E1,8.914404583810E1,-2.614208698704E1));
#897=CARTESIAN_POINT('',(-2.698984305387E1,8.909518783394E1,-2.627849415876E1));
#898=CARTESIAN_POINT('',(-2.700864065613E1,8.906869199343E1,-2.634481928349E1));
#900=CARTESIAN_POINT('',(-2.704110986541E1,8.902244676263E1,-5.192643425590E1));
#901=CARTESIAN_POINT('',(-2.704102368264E1,8.902256950459E1,-5.200283406820E1));
#902=CARTESIAN_POINT('',(-2.702752052217E1,8.904180421571E1,-5.215455936737E1));
#903=CARTESIAN_POINT('',(-2.696235871299E1,8.913459254550E1,-5.238672769825E1));
#904=CARTESIAN_POINT('',(-2.685123733890E1,8.929290892401E1,-5.260658563463E1));
#905=CARTESIAN_POINT('',(-2.669948642577E1,8.950882197820E1,-5.280146250676E1));
#906=CARTESIAN_POINT('',(-2.651179941323E1,8.977691575780E1,-5.296610528503E1));
#907=CARTESIAN_POINT('',(-2.628696302887E1,9.009418464666E1,-5.309559368181E1));
#908=CARTESIAN_POINT('',(-2.603846094441E1,9.045909091641E1,-5.318347222033E1));
#909=CARTESIAN_POINT('',(-2.582479261831E1,9.073605931939E1,-5.320804120578E1));
#910=CARTESIAN_POINT('',(-2.572213593675E1,9.088226351704E1,-5.320884344816E1));
#912=DIRECTION('',(0.E0,0.E0,-1.E0));
#913=VECTOR('',#912,2.532385878161E1);
#914=CARTESIAN_POINT('',(-2.704110986541E1,8.902244676263E1,-2.660257547429E1));
#915=LINE('',#914,#913);
#916=CARTESIAN_POINT('',(-2.700864065613E1,8.906869199343E1,-2.634481928349E1));
#917=CARTESIAN_POINT('',(-2.701559569687E1,8.905878658703E1,-2.636929737050E1));
#918=CARTESIAN_POINT('',(-2.702741893583E1,8.904194433403E1,-2.642078755410E1));
#919=CARTESIAN_POINT('',(-2.703858297864E1,8.902604588930E1,-2.650748369782E1));
#920=CARTESIAN_POINT('',(-2.704110962131E1,8.902244711028E1,-2.657000170835E1));
#921=CARTESIAN_POINT('',(-2.704110986541E1,8.902244676263E1,-2.660257547429E1));
#923=DIRECTION('',(-5.192665681866E-4,-2.183160725435E-5,9.999998649428E-1));
#924=VECTOR('',#923,2.601795841289E1);
#925=CARTESIAN_POINT('',(-2.572213593675E1,9.088226351704E1,-5.320884344816E1));
#926=LINE('',#925,#924);
#927=DIRECTION('',(1.156984464449E-2,9.998944570111E-1,8.787123160032E-3));
#928=VECTOR('',#927,2.294628907392E0);
#929=CARTESIAN_POINT('',(-2.574868443672E1,8.858787679165E1,-5.322900663498E1));
#930=LINE('',#929,#928);
#931=DIRECTION('',(-1.745130721550E-2,-9.998458325535E-1,-1.939845811616E-3));
#932=VECTOR('',#931,2.456472260148E-1);
#933=CARTESIAN_POINT('',(-2.704539859622E1,8.877674555440E1,-5.192750674115E1));
#934=LINE('',#933,#932);
#935=DIRECTION('',(-1.745224131631E-2,-9.998381730224E-1,-4.364291493527E-3));
#936=VECTOR('',#935,2.457409757485E-1);
#937=CARTESIAN_POINT('',(-2.704110986541E1,8.902244676263E1,-5.192643425590E1));
#938=LINE('',#937,#936);
#939=DIRECTION('',(-9.999999999639E-1,0.E0,-8.492453107010E-6));
#940=VECTOR('',#939,1.437198397003E0);
#941=CARTESIAN_POINT('',(7.185293656826E-1,8.95E1,-5.322082188477E1));
#942=LINE('',#941,#940);
#943=CARTESIAN_POINT('',(9.973404023892E-1,9.147738897410E1,-5.320356310483E1));
#944=CARTESIAN_POINT('',(9.698647792740E-1,9.125086513864E1,-5.320554018173E1));
#945=CARTESIAN_POINT('',(9.132015216965E-1,9.080227588359E1,-5.320945544206E1));
#946=CARTESIAN_POINT('',(8.214429626178E-1,9.014247802253E1,-5.321521419002E1));
#947=CARTESIAN_POINT('',(7.543018561058E-1,8.971248501209E1,-5.321896725236E1));
#948=CARTESIAN_POINT('',(7.185293656826E-1,8.95E1,-5.322082188477E1));
#950=CARTESIAN_POINT('',(-2.574868443672E1,8.858787679165E1,-5.322900663498E1));
#951=CARTESIAN_POINT('',(-2.148139476430E1,8.880453387409E1,-5.322707965750E1));
#952=CARTESIAN_POINT('',(-1.293410900145E1,8.914344765879E1,-5.322404941430E1));
#953=CARTESIAN_POINT('',(-1.673243666375E-1,8.930168660742E1,
-5.322256006260E1));
#954=CARTESIAN_POINT('',(1.283044082721E1,8.913990748558E1,-5.322386150469E1));
#955=CARTESIAN_POINT('',(2.142150243234E1,8.881160579515E1,-5.322665359096E1));
#956=CARTESIAN_POINT('',(2.571750878502E1,8.859243256483E1,-5.322852980313E1));
#958=CARTESIAN_POINT('',(-7.186690312690E-1,8.95E1,-5.322083409011E1));
#959=CARTESIAN_POINT('',(-7.544414207808E-1,8.971248422561E1,
-5.321898007216E1));
#960=CARTESIAN_POINT('',(-8.215827826334E-1,9.014247819619E1,
-5.321522814182E1));
#961=CARTESIAN_POINT('',(-9.133427098810E-1,9.080228552581E1,
-5.320947086975E1));
#962=CARTESIAN_POINT('',(-9.700072964162E-1,9.125088575585E1,
-5.320555647608E1));
#963=CARTESIAN_POINT('',(-9.974836762177E-1,9.147741630594E1,
-5.320357980726E1));
#965=CARTESIAN_POINT('',(6.964141315595E0,9.142542601439E1,-4.630807779750E1));
#966=CARTESIAN_POINT('',(6.964141315595E0,9.142542601439E1,-4.617460357727E1));
#967=CARTESIAN_POINT('',(6.986740903587E0,9.142507803035E1,-4.590767956151E1));
#968=CARTESIAN_POINT('',(7.105066520876E0,9.142367609539E1,-4.552275347318E1));
#969=CARTESIAN_POINT('',(7.294343660560E0,9.142133255949E1,-4.516808814179E1));
#970=CARTESIAN_POINT('',(7.549642746204E0,9.141809948E1,-4.485730296037E1));
#971=CARTESIAN_POINT('',(7.860466618346E0,9.141402320911E1,-4.460232721093E1));
#972=CARTESIAN_POINT('',(8.215059318150E0,9.140918436452E1,-4.441289882915E1));
#973=CARTESIAN_POINT('',(8.599764805860E0,9.140369742951E1,-4.429627297155E1));
#974=CARTESIAN_POINT('',(8.866499927026E0,9.139971184678E1,-4.427003858670E1));
#975=CARTESIAN_POINT('',(8.999871460997E0,9.139767097713E1,-4.427005639710E1));
#977=CARTESIAN_POINT('',(3.809072954090E-1,9.148124773703E1,-3.935121479395E1));
#978=CARTESIAN_POINT('',(8.207209638477E-1,9.147854653606E1,-3.937532753099E1));
#979=CARTESIAN_POINT('',(1.703152162353E0,9.147292575704E1,-3.950645667595E1));
#980=CARTESIAN_POINT('',(3.003477689022E0,9.146364414115E1,-3.997215867406E1));
#981=CARTESIAN_POINT('',(4.167883848025E0,9.145418327111E1,-4.067009050387E1));
#982=CARTESIAN_POINT('',(5.190885211543E0,9.144475914374E1,-4.159411557063E1));
#983=CARTESIAN_POINT('',(5.998099696407E0,9.143644459084E1,-4.268233704441E1));
#984=CARTESIAN_POINT('',(6.564240815930E0,9.143012159801E1,-4.385896114589E1));
#985=CARTESIAN_POINT('',(6.899616022037E0,9.142613144873E1,-4.509534990688E1));
#986=CARTESIAN_POINT('',(6.964141315595E0,9.142542601439E1,-4.590897759711E1));
#987=CARTESIAN_POINT('',(6.964141315595E0,9.142542601439E1,-4.630807779750E1));
#989=CARTESIAN_POINT('',(2.071064976800E1,9.107993735398E1,-4.349772781985E1));
#990=CARTESIAN_POINT('',(2.040710084297E1,9.109121743831E1,-4.349782625965E1));
#991=CARTESIAN_POINT('',(1.979952615193E1,9.111347220160E1,-4.342410579281E1));
#992=CARTESIAN_POINT('',(1.893253305601E1,9.114419967339E1,-4.308751551412E1));
#993=CARTESIAN_POINT('',(1.819122169425E1,9.116960479754E1,-4.256521324101E1));
#994=CARTESIAN_POINT('',(1.758152529009E1,9.118985175068E1,-4.185639157384E1));
#995=CARTESIAN_POINT('',(1.717596345298E1,9.120296962457E1,-4.104545609158E1));
#996=CARTESIAN_POINT('',(1.697275302466E1,9.120943884309E1,-4.013806623555E1));
#997=CARTESIAN_POINT('',(1.699059521906E1,9.120887288502E1,-3.952662469477E1));
#998=CARTESIAN_POINT('',(1.703596075387E1,9.120742644285E1,-3.922670412769E1));
#1000=CARTESIAN_POINT('',(2.355259568198E1,9.097024544440E1,-4.217404303966E1));
#1001=CARTESIAN_POINT('',(2.337887792833E1,9.097716434818E1,-4.238056035891E1));
#1002=CARTESIAN_POINT('',(2.298637501828E1,9.099273263447E1,-4.275544130623E1));
#1003=CARTESIAN_POINT('',(2.229066367587E1,9.101996327328E1,-4.317694929138E1));
#1004=CARTESIAN_POINT('',(2.152030143038E1,9.104959362796E1,-4.343836746306E1));
#1005=CARTESIAN_POINT('',(2.098062260422E1,9.106990497992E1,-4.349764026864E1));
#1006=CARTESIAN_POINT('',(2.071064976800E1,9.107993735398E1,-4.349772781985E1));
#1008=CARTESIAN_POINT('',(2.071064976800E1,9.107993735398E1,-3.606702349155E1));
#1009=CARTESIAN_POINT('',(2.102349737384E1,9.106831172435E1,-3.606712494689E1));
#1010=CARTESIAN_POINT('',(2.164890447480E1,9.104472413056E1,-3.614716263119E1));
#1011=CARTESIAN_POINT('',(2.252323044799E1,9.101093336842E1,-3.649426191275E1));
#1012=CARTESIAN_POINT('',(2.329075927354E1,9.098070793878E1,-3.705558761486E1));
#1013=CARTESIAN_POINT('',(2.388592544982E1,9.095695721387E1,-3.777994664859E1));
#1014=CARTESIAN_POINT('',(2.428742657320E1,9.094080132341E1,-3.864325547873E1));
#1015=CARTESIAN_POINT('',(2.445786754567E1,9.093391257896E1,-3.956476686654E1));
#1016=CARTESIAN_POINT('',(2.439281377261E1,9.093654380768E1,-4.051285521595E1));
#1017=CARTESIAN_POINT('',(2.409540774749E1,9.094854061056E1,-4.140473107391E1));
#1018=CARTESIAN_POINT('',(2.375396764789E1,9.096222511702E1,-4.193465012962E1));
#1019=CARTESIAN_POINT('',(2.355259568198E1,9.097024544440E1,-4.217404303966E1));
#1021=CARTESIAN_POINT('',(1.786909485299E1,9.118028189209E1,-3.738739858795E1));
#1022=CARTESIAN_POINT('',(1.804295554835E1,9.117449915760E1,-3.718119737623E1));
#1023=CARTESIAN_POINT('',(1.843564630235E1,9.116129237145E1,-3.680697001289E1));
#1024=CARTESIAN_POINT('',(1.913123965556E1,9.113721457077E1,-3.638645151549E1));
#1025=CARTESIAN_POINT('',(1.990126955682E1,9.110975754171E1,-3.612582426076E1));
#1026=CARTESIAN_POINT('',(2.044076307566E1,9.108996652686E1,-3.606693596829E1));
#1027=CARTESIAN_POINT('',(2.071064976800E1,9.107993735398E1,-3.606702349155E1));
#1029=CARTESIAN_POINT('',(1.725973067387E1,9.120024905603E1,-3.840295474912E1));
#1030=CARTESIAN_POINT('',(1.730879735120E1,9.119866595561E1,-3.828024108796E1));
#1031=CARTESIAN_POINT('',(1.742003781298E1,9.119506485210E1,-3.804005616276E1));
#1032=CARTESIAN_POINT('',(1.762431668167E1,9.118838877073E1,-3.769960852619E1));
#1033=CARTESIAN_POINT('',(1.778390448212E1,9.118311538643E1,-3.748843555702E1));
#1034=CARTESIAN_POINT('',(1.786909485299E1,9.118028189209E1,-3.738739858795E1));
#1036=CARTESIAN_POINT('',(2.451858812584E1,9.093151865465E1,-2.635085436874E1));
#1037=CARTESIAN_POINT('',(2.372569624683E1,9.096359400153E1,-2.629707819292E1));
#1038=CARTESIAN_POINT('',(2.213059245027E1,9.102696300346E1,-2.619520936278E1));
#1039=CARTESIAN_POINT('',(1.969904328681E1,9.111821522285E1,-2.605852223348E1));
#1040=CARTESIAN_POINT('',(1.807463314851E1,9.117395682529E1,-2.597893293473E1));
#1041=CARTESIAN_POINT('',(1.725972995233E1,9.120024907931E1,-2.594174938856E1));
#1043=CARTESIAN_POINT('',(9.973404023892E-1,9.147738897410E1,
-5.320356310483E1));
#1044=CARTESIAN_POINT('',(3.702177981445E0,9.146010925126E1,-5.320369093198E1));
#1045=CARTESIAN_POINT('',(9.114812237064E0,9.141726131717E1,-5.320412818444E1));
#1046=CARTESIAN_POINT('',(1.705272617406E1,9.122762619157E1,-5.320522388439E1));
#1047=CARTESIAN_POINT('',(2.260280908411E1,9.101001236098E1,-5.320827803589E1));
#1048=CARTESIAN_POINT('',(2.541149754502E1,9.089512519362E1,-5.320925678836E1));
#1050=CARTESIAN_POINT('',(6.964141315595E0,9.142542601439E1,-4.630807779750E1));
#1051=CARTESIAN_POINT('',(6.964141315595E0,9.142542601439E1,-4.678041677991E1));
#1052=CARTESIAN_POINT('',(6.872247479897E0,9.142646611638E1,-4.772555406954E1));
#1053=CARTESIAN_POINT('',(6.436355643286E0,9.143160149077E1,-4.909669024030E1));
#1054=CARTESIAN_POINT('',(5.747797924099E0,9.143912764102E1,-5.033039234307E1));
#1055=CARTESIAN_POINT('',(4.803035292554E0,9.144848302146E1,-5.142154062281E1));
#1056=CARTESIAN_POINT('',(3.680507487692E0,9.145831112684E1,-5.228006911206E1));
#1057=CARTESIAN_POINT('',(2.386273512513E0,9.146821563575E1,-5.290597278351E1));
#1058=CARTESIAN_POINT('',(1.464733117437E0,9.147440305856E1,-5.313592591230E1));
#1059=CARTESIAN_POINT('',(9.973404023892E-1,9.147738897410E1,
-5.320356310483E1));
#1061=CARTESIAN_POINT('',(8.999871461003E0,9.139767097713E1,-4.834609919790E1));
#1062=CARTESIAN_POINT('',(8.869378413561E0,9.139966779978E1,-4.834611662390E1));
#1063=CARTESIAN_POINT('',(8.608904550723E0,9.140356172345E1,-4.832100931087E1));
#1064=CARTESIAN_POINT('',(8.234190262997E0,9.140891508525E1,-4.821019896427E1));
#1065=CARTESIAN_POINT('',(7.888091675242E0,9.141365196926E1,-4.803116962002E1));
#1066=CARTESIAN_POINT('',(7.579644329354E0,9.141771176433E1,-4.778736136258E1));
#1067=CARTESIAN_POINT('',(7.323106170865E0,9.142097272340E1,-4.748947140195E1));
#1068=CARTESIAN_POINT('',(7.123628921949E0,9.142344982900E1,-4.713786042904E1));
#1069=CARTESIAN_POINT('',(6.992590755395E0,9.142500787476E1,-4.674373222616E1));
#1070=CARTESIAN_POINT('',(6.964141315595E0,9.142542601439E1,-4.645523969336E1));
#1071=CARTESIAN_POINT('',(6.964141315595E0,9.142542601439E1,-4.630807779750E1));
#1073=CARTESIAN_POINT('',(8.999871460997E0,9.139767097713E1,-4.427005639710E1));
#1074=CARTESIAN_POINT('',(9.194193347208E0,9.139469743676E1,-4.427008234680E1));
#1075=CARTESIAN_POINT('',(9.582603080612E0,9.138854607277E1,-4.432642838990E1));
#1076=CARTESIAN_POINT('',(1.011486535855E1,9.137954676983E1,-4.456882300233E1));
#1077=CARTESIAN_POINT('',(1.056244776865E1,9.137153534696E1,-4.495721984252E1));
#1078=CARTESIAN_POINT('',(1.087754788623E1,9.136564190177E1,-4.544692078718E1));
#1079=CARTESIAN_POINT('',(1.104489538310E1,9.136242606637E1,-4.601731207566E1));
#1080=CARTESIAN_POINT('',(1.104489749178E1,9.136242602288E1,-4.659881630017E1));
#1081=CARTESIAN_POINT('',(1.087756596707E1,9.136564156304E1,-4.716920046277E1));
#1082=CARTESIAN_POINT('',(1.056245416624E1,9.137153521928E1,-4.765892362644E1));
#1083=CARTESIAN_POINT('',(1.011492976573E1,9.137954564827E1,-4.804729060314E1));
#1084=CARTESIAN_POINT('',(9.582615983025E0,9.138854587945E1,-4.828972946185E1));
#1085=CARTESIAN_POINT('',(9.194197639799E0,9.139469737107E1,-4.834607324763E1));
#1086=CARTESIAN_POINT('',(8.999871461003E0,9.139767097713E1,-4.834609919790E1));
#1088=CARTESIAN_POINT('',(8.999871461E0,8.546874564480E1,-4.630807779750E1));
#1089=DIRECTION('',(0.E0,1.E0,0.E0));
#1090=DIRECTION('',(0.E0,0.E0,-1.E0));
#1091=AXIS2_PLACEMENT_3D('',#1088,#1089,#1090);
#1093=DIRECTION('',(-5.398740852857E-13,9.999619230642E-1,8.726535498374E-3));
#1094=VECTOR('',#1093,5.929151096232E0);
#1095=CARTESIAN_POINT('',(8.999871461E0,8.546874564480E1,-4.432179734462E1));
#1096=LINE('',#1095,#1094);
#1097=DIRECTION('',(5.395744881241E-13,9.999619230642E-1,-8.726535498374E-3));
#1098=VECTOR('',#1097,5.929151096232E0);
#1099=CARTESIAN_POINT('',(8.999871461E0,8.546874564480E1,-4.829435825038E1));
#1100=LINE('',#1099,#1098);
#1101=CARTESIAN_POINT('',(8.999871461E0,8.546874564480E1,-4.630807779750E1));
#1102=DIRECTION('',(0.E0,1.E0,0.E0));
#1103=DIRECTION('',(0.E0,0.E0,1.E0));
#1104=AXIS2_PLACEMENT_3D('',#1101,#1102,#1103);
#1106=DIRECTION('',(-5.164309689744E-6,9.999999999821E-1,3.037572262211E-6));
#1107=VECTOR('',#1106,5.931606530074E0);
#1108=CARTESIAN_POINT('',(8.999900985001E0,8.546874564480E1,-4.730809594797E1));
#1109=LINE('',#1108,#1107);
#1110=CARTESIAN_POINT('',(8.999871461E0,8.546874564480E1,-4.630807779750E1));
#1111=DIRECTION('',(0.E0,-1.E0,0.E0));
#1112=DIRECTION('',(-4.413080167431E-5,0.E0,9.999999990262E-1));
#1113=AXIS2_PLACEMENT_3D('',#1110,#1111,#1112);
#1115=CARTESIAN_POINT('',(8.999871461E0,8.546874564480E1,-4.630807779750E1));
#1116=DIRECTION('',(0.E0,-1.E0,0.E0));
#1117=DIRECTION('',(4.428479426366E-5,0.E0,-9.999999990194E-1));
#1118=AXIS2_PLACEMENT_3D('',#1115,#1116,#1117);
#1120=DIRECTION('',(4.746958642970E-6,9.999999999840E-1,-3.074022692366E-6));
#1121=VECTOR('',#1120,5.931611214434E0);
#1122=CARTESIAN_POINT('',(8.999842039666E0,8.546874564480E1,-4.530805969597E1));
#1123=LINE('',#1122,#1121);
#1124=CARTESIAN_POINT('',(8.999870352347E0,9.140035217477E1,-4.730807793028E1));
#1125=CARTESIAN_POINT('',(9.097602539506E0,9.139875736475E1,-4.730807793028E1));
#1126=CARTESIAN_POINT('',(9.284325912426E0,9.139556847662E1,-4.728069560373E1));
#1127=CARTESIAN_POINT('',(9.548267951959E0,9.139109400940E1,-4.716081781098E1));
#1128=CARTESIAN_POINT('',(9.765894565782E0,9.138726571589E1,-4.697188063211E1));
#1129=CARTESIAN_POINT('',(9.921969913552E0,9.138447591553E1,-4.672918707766E1));
#1130=CARTESIAN_POINT('',(1.000323107159E1,9.138300326759E1,-4.645236174319E1));
#1131=CARTESIAN_POINT('',(1.000324160825E1,9.138300306159E1,-4.616387204538E1));
#1132=CARTESIAN_POINT('',(9.922005710755E0,9.138447531245E1,-4.588704642383E1));
#1133=CARTESIAN_POINT('',(9.765942416022E0,9.138726471201E1,-4.564432657257E1));
#1134=CARTESIAN_POINT('',(9.548303047631E0,9.139109398798E1,-4.545535617643E1));
#1135=CARTESIAN_POINT('',(9.284331210817E0,9.139556621816E1,-4.533545920407E1));
#1136=CARTESIAN_POINT('',(9.097603181133E0,9.139876203616E1,-4.530807792987E1));
#1137=CARTESIAN_POINT('',(8.999870196779E0,9.140035685914E1,-4.530807792987E1));
#1139=CARTESIAN_POINT('',(8.999870196779E0,9.140035685914E1,-4.530807792987E1));
#1140=CARTESIAN_POINT('',(8.902140873759E0,9.140195162238E1,-4.530807792987E1));
#1141=CARTESIAN_POINT('',(8.715420175709E0,9.140484980454E1,-4.533545953152E1));
#1142=CARTESIAN_POINT('',(8.451483598695E0,9.140899211871E1,-4.545533299092E1));
#1143=CARTESIAN_POINT('',(8.233857908006E0,9.141226562845E1,-4.564426423793E1));
#1144=CARTESIAN_POINT('',(8.077778301714E0,9.141456983856E1,-4.588695604815E1));
#1145=CARTESIAN_POINT('',(7.996512093754E0,9.141574928682E1,-4.616378664486E1));
#1146=CARTESIAN_POINT('',(7.996500749583E0,9.141574946478E1,-4.645228519301E1));
#1147=CARTESIAN_POINT('',(8.077740190057E0,9.141457035232E1,-4.672911652224E1));
#1148=CARTESIAN_POINT('',(8.233806259405E0,9.141226655533E1,-4.697183543546E1));
#1149=CARTESIAN_POINT('',(8.451444102045E0,9.140899214523E1,-4.716080129739E1));
#1150=CARTESIAN_POINT('',(8.715408210902E0,9.140485217019E1,-4.728069478067E1));
#1151=CARTESIAN_POINT('',(8.902137463651E0,9.140194699623E1,-4.730807793028E1));
#1152=CARTESIAN_POINT('',(8.999870352347E0,9.140035217477E1,-4.730807793028E1));
#1154=CARTESIAN_POINT('',(1.723669036666E1,8.988031443697E1,-2.523775755984E1));
#1155=CARTESIAN_POINT('',(1.724437023089E1,9.032029278513E1,-2.547242125134E1));
#1156=CARTESIAN_POINT('',(1.725205009278E1,9.076027099924E1,-2.570708519424E1));
#1157=CARTESIAN_POINT('',(1.725972995233E1,9.120024907931E1,-2.594174938856E1));
#1159=DIRECTION('',(5.790288791352E-8,-1.868193108432E-9,-1.E0));
#1160=VECTOR('',#1159,1.246120536056E1);
#1161=CARTESIAN_POINT('',(1.725972995233E1,9.120024907931E1,-2.594174938856E1));
#1162=LINE('',#1161,#1160);
#1163=CARTESIAN_POINT('',(1.725973067387E1,9.120024905604E1,-3.840295474912E1));
#1164=CARTESIAN_POINT('',(1.725204917658E1,9.076017627323E1,-3.843251853775E1));
#1165=CARTESIAN_POINT('',(1.724436888048E1,9.032017230283E1,-3.846306999146E1));
#1166=CARTESIAN_POINT('',(1.723669006091E1,8.988025291919E1,-3.849483551978E1));
#1168=DIRECTION('',(2.306252323081E-8,4.640373324389E-6,9.999999999892E-1));
#1169=VECTOR('',#1168,1.325707796009E1);
#1170=CARTESIAN_POINT('',(1.723669006091E1,8.988025291918E1,-3.849483551978E1));
#1171=LINE('',#1170,#1169);
#1172=CARTESIAN_POINT('',(2.451858812584E1,9.093151865465E1,-2.635085436874E1));
#1173=CARTESIAN_POINT('',(2.463047414267E1,9.092699246023E1,-2.635844453674E1));
#1174=CARTESIAN_POINT('',(2.484037085377E1,9.091839089533E1,-2.639664285109E1));
#1175=CARTESIAN_POINT('',(2.509607132591E1,9.090801739950E1,-2.651620780494E1));
#1176=CARTESIAN_POINT('',(2.527743996183E1,9.090060527971E1,-2.668281837901E1));
#1177=CARTESIAN_POINT('',(2.538524925035E1,9.089620071195E1,-2.687858935262E1));
#1178=CARTESIAN_POINT('',(2.541149744128E1,9.089512629089E1,-2.703460281421E1));
#1179=CARTESIAN_POINT('',(2.541149744635E1,9.089512629068E1,-2.711462933543E1));
#1181=CARTESIAN_POINT('',(2.609705499596E1,8.929237615798E1,-2.562403866459E1));
#1182=CARTESIAN_POINT('',(2.557063278237E1,8.983907443104E1,-2.586490899033E1));
#1183=CARTESIAN_POINT('',(2.504439819176E1,9.038545953348E1,-2.610721308874E1));
#1184=CARTESIAN_POINT('',(2.451858812584E1,9.093151865465E1,-2.635085436874E1));
#1186=CARTESIAN_POINT('',(2.695998800157E1,8.928200198273E1,-2.640030581357E1));
#1187=CARTESIAN_POINT('',(2.693114019688E1,8.931205388392E1,-2.631386412558E1));
#1188=CARTESIAN_POINT('',(2.684725226003E1,8.936072813415E1,-2.614269356424E1));
#1189=CARTESIAN_POINT('',(2.664843913340E1,8.938853050214E1,-2.591055666813E1));
#1190=CARTESIAN_POINT('',(2.639290933815E1,8.936853370804E1,-2.572788511445E1));
#1191=CARTESIAN_POINT('',(2.619744988651E1,8.932285837550E1,-2.564982033677E1));
#1192=CARTESIAN_POINT('',(2.609705499596E1,8.929237615798E1,-2.562403866459E1));
#1194=CARTESIAN_POINT('',(2.541149744635E1,9.089512629068E1,-2.711462933543E1));
#1195=CARTESIAN_POINT('',(2.592736425322E1,9.035772728542E1,-2.687518440875E1));
#1196=CARTESIAN_POINT('',(2.644352894132E1,8.982001796220E1,-2.663707357134E1));
#1197=CARTESIAN_POINT('',(2.695998800157E1,8.928200198273E1,-2.640030581357E1));
#1199=CARTESIAN_POINT('',(2.611093245606E1,8.849937173350E1,-2.520326443241E1));
#1200=CARTESIAN_POINT('',(2.610631833990E1,8.876371427083E1,-2.534352356552E1));
#1201=CARTESIAN_POINT('',(2.610166911212E1,8.902803362066E1,-2.548377953147E1));
#1202=CARTESIAN_POINT('',(2.609705499596E1,8.929237615798E1,-2.562403866459E1));
#1204=CARTESIAN_POINT('',(2.701964175588E1,8.846955422973E1,-2.630624654775E1));
#1205=CARTESIAN_POINT('',(2.701967883060E1,8.846737890266E1,-2.618186014491E1));
#1206=CARTESIAN_POINT('',(2.698443160157E1,8.846514131316E1,-2.594182936077E1));
#1207=CARTESIAN_POINT('',(2.684062802738E1,8.846758299345E1,-2.563073092503E1));
#1208=CARTESIAN_POINT('',(2.663199411518E1,8.847487517062E1,-2.539834100676E1));
#1209=CARTESIAN_POINT('',(2.638358816476E1,8.848572206115E1,-2.525073502561E1));
#1210=CARTESIAN_POINT('',(2.620186740565E1,8.849464817763E1,-2.520940952734E1));
#1211=CARTESIAN_POINT('',(2.611093245606E1,8.849937173350E1,-2.520326443241E1));
#1213=DIRECTION('',(1.541803452234E-2,-8.832518626705E-1,4.686453150310E-1));
#1214=VECTOR('',#1213,8.652135218397E-1);
#1215=CARTESIAN_POINT('',(2.700630186393E1,8.923375568451E1,-2.671172481126E1));
#1216=LINE('',#1215,#1214);
#1217=CARTESIAN_POINT('',(2.700630186393E1,8.923375568451E1,-2.671172481126E1));
#1218=CARTESIAN_POINT('',(2.700630157213E1,8.923375598848E1,-2.667231134083E1));
#1219=CARTESIAN_POINT('',(2.700262702694E1,8.923758288933E1,-2.659668755344E1));
#1220=CARTESIAN_POINT('',(2.698663662969E1,8.925424114167E1,-2.649198742248E1));
#1221=CARTESIAN_POINT('',(2.696982476833E1,8.927175463089E1,-2.642978142516E1));
#1222=CARTESIAN_POINT('',(2.695998800157E1,8.928200198273E1,-2.640030581357E1));
#1224=DIRECTION('',(2.514153981028E-7,-2.619094371342E-7,9.999999999999E-1));
#1225=VECTOR('',#1224,2.521804392735E1);
#1226=CARTESIAN_POINT('',(2.700629552372E1,8.923376228935E1,-5.192976873861E1));
#1227=LINE('',#1226,#1225);
#1228=CARTESIAN_POINT('',(2.568541575380E1,9.060977519879E1,-5.321029484612E1));
#1229=CARTESIAN_POINT('',(2.580544983803E1,9.048473091093E1,-5.321138502454E1));
#1230=CARTESIAN_POINT('',(2.603317091270E1,9.024750403060E1,-5.318168562408E1));
#1231=CARTESIAN_POINT('',(2.633000473513E1,8.993828071669E1,-5.306416826537E1));
#1232=CARTESIAN_POINT('',(2.657661670375E1,8.968137512917E1,-5.289232308208E1));
#1233=CARTESIAN_POINT('',(2.677102443900E1,8.947885283861E1,-5.267865914235E1));
#1234=CARTESIAN_POINT('',(2.690912915715E1,8.933498375507E1,-5.243520226522E1));
#1235=CARTESIAN_POINT('',(2.698813016881E1,8.925268484651E1,-5.218508248345E1));
#1236=CARTESIAN_POINT('',(2.700562327372E1,8.923446259896E1,-5.201340980226E1));
#1237=CARTESIAN_POINT('',(2.700629552372E1,8.923376228935E1,-5.192976873861E1));
#1239=CARTESIAN_POINT('',(2.541149754502E1,9.089512519362E1,-5.320925678836E1));
#1240=CARTESIAN_POINT('',(2.550333160248E1,9.079945799717E1,-5.321009088344E1));
#1241=CARTESIAN_POINT('',(2.559358169634E1,9.070544239523E1,-5.320946075104E1));
#1242=CARTESIAN_POINT('',(2.568541575380E1,9.060977519879E1,-5.321029484612E1));
#1244=DIRECTION('',(3.781278015694E-9,-4.204191819614E-8,-1.E0));
#1245=VECTOR('',#1244,2.609462745293E1);
#1246=CARTESIAN_POINT('',(2.541149744635E1,9.089512629068E1,-2.711462933543E1));
#1247=LINE('',#1246,#1245);
#1248=DIRECTION('',(1.746233180487E-2,-9.998471520329E-1,8.599649456356E-4));
#1249=VECTOR('',#1248,6.976405019836E-1);
#1250=CARTESIAN_POINT('',(2.700629552372E1,8.923376228935E1,-5.192976873861E1));
#1251=LINE('',#1250,#1249);
#1252=DIRECTION('',(1.590590505106E-2,-9.998326481184E-1,-9.037584915749E-3));
#1253=VECTOR('',#1252,2.017680296550E0);
#1254=CARTESIAN_POINT('',(2.568541575380E1,9.060977519879E1,-5.321029484612E1));
#1255=LINE('',#1254,#1253);
#1256=CARTESIAN_POINT('',(2.921144942133E1,8.853970518199E1,-3.749483333294E1));
#1257=CARTESIAN_POINT('',(2.911440608921E1,8.854538826151E1,-3.748998020720E1));
#1258=CARTESIAN_POINT('',(2.892026788939E1,8.855666582225E1,-3.748027414982E1));
#1259=CARTESIAN_POINT('',(2.862902967954E1,8.857347580566E1,-3.746571380889E1));
#1260=CARTESIAN_POINT('',(2.843480929040E1,8.858455828777E1,-3.745600754828E1));
#1261=CARTESIAN_POINT('',(2.833768713597E1,8.859007289606E1,-3.745115445431E1));
#1263=CARTESIAN_POINT('',(2.899061154264E1,8.839896187024E1,-5.507127589485E1));
#1264=CARTESIAN_POINT('',(2.903996467330E1,8.839611135727E1,-5.507197026103E1));
#1265=CARTESIAN_POINT('',(2.913225336183E1,8.839115127721E1,-5.505756236020E1));
#1266=CARTESIAN_POINT('',(2.924067147919E1,8.838524483511E1,-5.499767909033E1));
#1267=CARTESIAN_POINT('',(2.930772720771E1,8.838226383060E1,-5.491025998852E1));
#1268=CARTESIAN_POINT('',(2.932251423082E1,8.838165677302E1,-5.484141894018E1));
#1269=CARTESIAN_POINT('',(2.932223056717E1,8.838197769497E1,-5.480648852271E1));
#1271=CARTESIAN_POINT('',(-5.434848894173E-6,8.923373351883E1,
-5.488312280822E1));
#1272=CARTESIAN_POINT('',(3.246962190113E0,8.923278525374E1,-5.488333687420E1));
#1273=CARTESIAN_POINT('',(9.725396229461E0,8.916970930528E1,-5.489747333452E1));
#1274=CARTESIAN_POINT('',(1.941031756037E1,8.889065640079E1,-5.496041516469E1));
#1275=CARTESIAN_POINT('',(2.580576601944E1,8.858288112971E1,-5.502984395251E1));
#1276=CARTESIAN_POINT('',(2.899061154264E1,8.839896187024E1,-5.507127589485E1));
#1278=CARTESIAN_POINT('',(-2.902178530883E1,8.839712814927E1,
-5.507167869249E1));
#1279=CARTESIAN_POINT('',(-2.571181637463E1,8.858009522882E1,
-5.503048073894E1));
#1280=CARTESIAN_POINT('',(-1.915353383377E1,8.890187755514E1,
-5.495789650123E1));
#1281=CARTESIAN_POINT('',(-9.775705623681E0,8.917250843378E1,
-5.489679141636E1));
#1282=CARTESIAN_POINT('',(-3.269283791451E0,8.923468844026E1,
-5.488289114256E1));
#1283=CARTESIAN_POINT('',(-5.434848894173E-6,8.923373351883E1,
-5.488312280822E1));
#1285=CARTESIAN_POINT('',(-2.836872921399E1,8.858730057349E1,
-3.740337816140E1));
#1286=CARTESIAN_POINT('',(-2.846230883006E1,8.858203179618E1,
-3.741069645053E1));
#1287=CARTESIAN_POINT('',(-2.865179876252E1,8.857137654938E1,
-3.742917221081E1));
#1288=CARTESIAN_POINT('',(-2.894293245969E1,8.855503897421E1,
-3.747030362490E1));
#1289=CARTESIAN_POINT('',(-2.914180525990E1,8.854388173253E1,
-3.750286985961E1));
#1290=CARTESIAN_POINT('',(-2.924240419662E1,8.853821382216E1,
-3.752075591637E1));
#1292=CARTESIAN_POINT('',(-2.704744852731E1,8.865939754540E1,
-3.727405552186E1));
#1293=CARTESIAN_POINT('',(-2.719804482979E1,8.865132604109E1,
-3.728596751630E1));
#1294=CARTESIAN_POINT('',(-2.749671641017E1,8.863530431695E1,
-3.731142451954E1));
#1295=CARTESIAN_POINT('',(-2.793724026032E1,8.861118841021E1,
-3.735401900041E1));
#1296=CARTESIAN_POINT('',(-2.822575123058E1,8.859524804725E1,
-3.738632721054E1));
#1297=CARTESIAN_POINT('',(-2.836872921399E1,8.858730057349E1,
-3.740337816140E1));
#1299=DIRECTION('',(1.526449736273E-4,8.752358703087E-3,9.999616857243E-1));
#1300=VECTOR('',#1299,1.465448921317E1);
#1301=CARTESIAN_POINT('',(-2.704968546143E1,8.853113619919E1,
-5.192798325889E1));
#1302=LINE('',#1301,#1300);
#1303=CARTESIAN_POINT('',(-2.574868443672E1,8.858787679165E1,
-5.322900663498E1));
#1304=CARTESIAN_POINT('',(-2.586262332287E1,8.858209193334E1,
-5.322905807122E1));
#1305=CARTESIAN_POINT('',(-2.609026520855E1,8.856939656915E1,
-5.319907551422E1));
#1306=CARTESIAN_POINT('',(-2.640743164904E1,8.855474014187E1,
-5.306770024533E1));
#1307=CARTESIAN_POINT('',(-2.668025546508E1,8.854224058905E1,
-5.285840689157E1));
#1308=CARTESIAN_POINT('',(-2.688915878056E1,8.853374918235E1,
-5.258560222833E1));
#1309=CARTESIAN_POINT('',(-2.701993782286E1,8.852955443855E1,
-5.226957756303E1));
#1310=CARTESIAN_POINT('',(-2.704982804630E1,8.853013613589E1,
-5.204182957675E1));
#1311=CARTESIAN_POINT('',(-2.704968546143E1,8.853113619919E1,
-5.192798325889E1));
#1313=CARTESIAN_POINT('',(2.701847795365E1,8.853622842030E1,-5.192916879224E1));
#1314=CARTESIAN_POINT('',(2.701849537092E1,8.853523049243E1,-5.204357977286E1));
#1315=CARTESIAN_POINT('',(2.698809303924E1,8.853487085151E1,-5.227240205671E1));
#1316=CARTESIAN_POINT('',(2.685453638703E1,8.853922655170E1,-5.259180770394E1));
#1317=CARTESIAN_POINT('',(2.664150194052E1,8.854818602811E1,-5.286544394444E1));
#1318=CARTESIAN_POINT('',(2.636597241734E1,8.856078772693E1,-5.307391455861E1));
#1319=CARTESIAN_POINT('',(2.603802404836E1,8.857703382001E1,-5.320391401897E1));
#1320=CARTESIAN_POINT('',(2.582249823368E1,8.858707622382E1,-5.322857561361E1));
#1321=CARTESIAN_POINT('',(2.571750878502E1,8.859243256483E1,-5.322852980313E1));
#1323=DIRECTION('',(1.349541041659E-4,-8.724171426413E-3,-9.999619345857E-1));
#1324=VECTOR('',#1323,1.454337077525E1);
#1325=CARTESIAN_POINT('',(2.701651526607E1,8.866310728006E1,-3.738635161642E1));
#1326=LINE('',#1325,#1324);
#1327=CARTESIAN_POINT('',(2.833768713597E1,8.859007289606E1,-3.745115445431E1));
#1328=CARTESIAN_POINT('',(2.819103528971E1,8.859840208558E1,-3.744395684041E1));
#1329=CARTESIAN_POINT('',(2.789760513406E1,8.861490619632E1,-3.742955977247E1));
#1330=CARTESIAN_POINT('',(2.745768115316E1,8.863943354460E1,-3.740795820414E1));
#1331=CARTESIAN_POINT('',(2.716334559274E1,8.865516341644E1,-3.739355409302E1));
#1332=CARTESIAN_POINT('',(2.701651526607E1,8.866310728006E1,-3.738635161642E1));
#1334=DIRECTION('',(-2.426213856414E-6,8.785820661958E-3,9.999614039299E-1));
#1335=VECTOR('',#1334,3.208866724457E0);
#1336=CARTESIAN_POINT('',(-2.826922918599E1,8.850623667941E1,
-4.728108431029E1));
#1337=LINE('',#1336,#1335);
#1338=DIRECTION('',(2.670869773885E-4,3.643287791345E-3,9.999933275370E-1));
#1339=VECTOR('',#1338,5.002961161625E-2);
#1340=CARTESIAN_POINT('',(-2.826924254825E1,8.850605440713E1,
-4.733111358809E1));
#1341=LINE('',#1340,#1339);
#1342=CARTESIAN_POINT('',(-2.776973164210E1,8.852848512061E1,
-4.783130146020E1));
#1343=CARTESIAN_POINT('',(-2.782202011144E1,8.852568220998E1,
-4.783130148791E1));
#1344=CARTESIAN_POINT('',(-2.792660154105E1,8.852021105362E1,
-4.781471479472E1));
#1345=CARTESIAN_POINT('',(-2.806816661484E1,8.851320273016E1,
-4.774248335013E1));
#1346=CARTESIAN_POINT('',(-2.818052284405E1,8.850813066428E1,
-4.762997393176E1));
#1347=CARTESIAN_POINT('',(-2.825265634941E1,8.850537126349E1,
-4.748820790872E1));
#1348=CARTESIAN_POINT('',(-2.826923833680E1,8.850559810450E1,
-4.738347727028E1));
#1349=CARTESIAN_POINT('',(-2.826924254825E1,8.850605440713E1,
-4.733111358809E1));
#1351=CARTESIAN_POINT('',(-2.771909156315E1,8.853119799138E1,
-4.783130146020E1));
#1352=CARTESIAN_POINT('',(-2.773597160323E1,8.853029426167E1,
-4.783130146020E1));
#1353=CARTESIAN_POINT('',(-2.775285166189E1,8.852938996775E1,
-4.783130146020E1));
#1354=CARTESIAN_POINT('',(-2.776973164210E1,8.852848512061E1,
-4.783130146020E1));
#1356=CARTESIAN_POINT('',(-2.716909151200E1,8.856523889838E1,
-4.728130148710E1));
#1357=CARTESIAN_POINT('',(-2.716909151481E1,8.856473736902E1,
-4.733882679231E1));
#1358=CARTESIAN_POINT('',(-2.718728990070E1,8.856277220152E1,
-4.745389991503E1));
#1359=CARTESIAN_POINT('',(-2.726660825038E1,8.855722139367E1,
-4.760974381114E1));
#1360=CARTESIAN_POINT('',(-2.739026859495E1,8.854958802630E1,
-4.773352129359E1));
#1361=CARTESIAN_POINT('',(-2.754621222135E1,8.854059938549E1,
-4.781303601278E1));
#1362=CARTESIAN_POINT('',(-2.766145293528E1,8.853428386915E1,
-4.783130146020E1));
#1363=CARTESIAN_POINT('',(-2.771909156315E1,8.853119799138E1,
-4.783130146020E1));
#1365=DIRECTION('',(0.E0,-8.705260220618E-3,-9.999621085044E-1));
#1366=VECTOR('',#1365,3.208861170649E0);
#1367=CARTESIAN_POINT('',(-2.716909151200E1,8.859317286988E1,
-4.407256190500E1));
#1368=LINE('',#1367,#1366);
#1369=CARTESIAN_POINT('',(-2.771908592252E1,8.856876376228E1,
-4.352256193301E1));
#1370=CARTESIAN_POINT('',(-2.766101157268E1,8.857187294920E1,
-4.352256252320E1));
#1371=CARTESIAN_POINT('',(-2.754491958896E1,8.857791273629E1,
-4.354108119007E1));
#1372=CARTESIAN_POINT('',(-2.738809586824E1,8.858555204359E1,
-4.362185506806E1));
#1373=CARTESIAN_POINT('',(-2.726434568823E1,8.859101512554E1,
-4.374676105278E1));
#1374=CARTESIAN_POINT('',(-2.718535374259E1,8.859382433709E1,
-4.390614301638E1));
#1375=CARTESIAN_POINT('',(-2.716909151479E1,8.859365108948E1,
-4.401771019166E1));
#1376=CARTESIAN_POINT('',(-2.716909151200E1,8.859317286988E1,
-4.407256190500E1));
#1378=CARTESIAN_POINT('',(-2.777018356552E1,8.856602636690E1,
-4.352256193300E1));
#1379=CARTESIAN_POINT('',(-2.775315104826E1,8.856693939697E1,
-4.352256193300E1));
#1380=CARTESIAN_POINT('',(-2.773611850073E1,8.856785186990E1,
-4.352256193301E1));
#1381=CARTESIAN_POINT('',(-2.771908592252E1,8.856876376228E1,
-4.352256193301E1));
#1383=CARTESIAN_POINT('',(-2.826922362115E1,8.853461171513E1,
-4.402231235790E1));
#1384=CARTESIAN_POINT('',(-2.826922138163E1,8.853506805389E1,
-4.396998467072E1));
#1385=CARTESIAN_POINT('',(-2.825268945775E1,8.853709060506E1,
-4.386533528101E1));
#1386=CARTESIAN_POINT('',(-2.818062854377E1,8.854214555755E1,
-4.372368156866E1));
#1387=CARTESIAN_POINT('',(-2.806838969190E1,8.854921812842E1,
-4.361128344221E1));
#1388=CARTESIAN_POINT('',(-2.792695006613E1,8.855746599399E1,
-4.353912959321E1));
#1389=CARTESIAN_POINT('',(-2.782244243380E1,8.856322502448E1,
-4.352256189983E1));
#1390=CARTESIAN_POINT('',(-2.777018356552E1,8.856602636690E1,
-4.352256193300E1));
#1392=DIRECTION('',(2.668477326758E-4,3.648017109977E-3,9.999933103594E-1));
#1393=VECTOR('',#1392,5.002941225899E-2);
#1394=CARTESIAN_POINT('',(-2.826923697139E1,8.853442920698E1,
-4.407234143548E1));
#1395=LINE('',#1394,#1393);
#1396=DIRECTION('',(-2.141532312363E-6,-8.781286561668E-3,-9.999614437576E-1));
#1397=VECTOR('',#1396,3.208866829392E0);
#1398=CARTESIAN_POINT('',(2.826924522298E1,8.853612770735E1,-4.407234482297E1));
#1399=LINE('',#1398,#1397);
#1400=CARTESIAN_POINT('',(2.777023722227E1,8.856858843848E1,-4.352256193300E1));
#1401=CARTESIAN_POINT('',(2.782249081989E1,8.856570601684E1,-4.352256191843E1));
#1402=CARTESIAN_POINT('',(2.792698765590E1,8.855977883652E1,-4.353912906916E1));
#1403=CARTESIAN_POINT('',(2.806841258055E1,8.855128777329E1,-4.361128002602E1));
#1404=CARTESIAN_POINT('',(2.818064057145E1,8.854401136911E1,-4.372367611898E1));
#1405=CARTESIAN_POINT('',(2.825269442557E1,8.853882092686E1,-4.386531968616E1));
#1406=CARTESIAN_POINT('',(2.826923004529E1,8.853676614086E1,-4.396998039409E1));
#1407=CARTESIAN_POINT('',(2.826923185831E1,8.853630997956E1,-4.402231655612E1));
#1409=CARTESIAN_POINT('',(2.771908581822E1,8.857140741635E1,-4.352256193300E1));
#1410=CARTESIAN_POINT('',(2.773613632581E1,8.857046863910E1,-4.352256193300E1));
#1411=CARTESIAN_POINT('',(2.775318681170E1,8.856952897610E1,-4.352256193300E1));
#1412=CARTESIAN_POINT('',(2.777023722227E1,8.856858843848E1,-4.352256193300E1));
#1414=CARTESIAN_POINT('',(2.716908579100E1,8.859659127015E1,-4.407256193092E1));
#1415=CARTESIAN_POINT('',(2.716908579121E1,8.859709270787E1,-4.401501886941E1));
#1416=CARTESIAN_POINT('',(2.718729671154E1,8.859711309450E1,-4.389992437923E1));
#1417=CARTESIAN_POINT('',(2.726661493410E1,8.859418561403E1,-4.374410970951E1));
#1418=CARTESIAN_POINT('',(2.739024521829E1,8.858855800880E1,-4.362035939480E1));
#1419=CARTESIAN_POINT('',(2.754616616066E1,8.858074799212E1,-4.354083973562E1));
#1420=CARTESIAN_POINT('',(2.766142899223E1,8.857458192106E1,-4.352256193300E1));
#1421=CARTESIAN_POINT('',(2.771908581822E1,8.857140741635E1,-4.352256193300E1));
#1423=DIRECTION('',(0.E0,8.700170642448E-3,9.999621527992E-1));
#1424=VECTOR('',#1423,3.208860975682E0);
#1425=CARTESIAN_POINT('',(2.716908579100E1,8.856867363209E1,-4.728130146020E1));
#1426=LINE('',#1425,#1424);
#1427=CARTESIAN_POINT('',(2.771908500916E1,8.853386075489E1,-4.783130146020E1));
#1428=CARTESIAN_POINT('',(2.766130845253E1,8.853704183304E1,-4.783130137807E1));
#1429=CARTESIAN_POINT('',(2.754579410387E1,8.854354113767E1,-4.781295755196E1));
#1430=CARTESIAN_POINT('',(2.738954531706E1,8.855275640508E1,-4.773302477497E1));
#1431=CARTESIAN_POINT('',(2.726584533771E1,8.856055475855E1,-4.760886634281E1));
#1432=CARTESIAN_POINT('',(2.718662338307E1,8.856617744217E1,-4.745182058922E1));
#1433=CARTESIAN_POINT('',(2.716908579100E1,8.856818020236E1,-4.733792555309E1));
#1434=CARTESIAN_POINT('',(2.716908579100E1,8.856867363209E1,-4.728130146020E1));
#1436=CARTESIAN_POINT('',(2.776978667613E1,8.853106659059E1,-4.783130146020E1));
#1437=CARTESIAN_POINT('',(2.775288616785E1,8.853199883796E1,-4.783130146020E1));
#1438=CARTESIAN_POINT('',(2.773598561274E1,8.853293023684E1,-4.783130146020E1));
#1439=CARTESIAN_POINT('',(2.771908500916E1,8.853386075489E1,-4.783130146020E1));
#1441=CARTESIAN_POINT('',(2.826925170265E1,8.850776720549E1,-4.733111738660E1));
#1442=CARTESIAN_POINT('',(2.826924710812E1,8.850731132031E1,-4.738346316622E1));
#1443=CARTESIAN_POINT('',(2.825267933331E1,8.850711687405E1,-4.748817037999E1));
#1444=CARTESIAN_POINT('',(2.818055296009E1,8.851001297556E1,-4.762996068799E1));
#1445=CARTESIAN_POINT('',(2.806820638659E1,8.851529005047E1,-4.774247563510E1));
#1446=CARTESIAN_POINT('',(2.792664950663E1,8.852254265745E1,-4.781471359209E1));
#1447=CARTESIAN_POINT('',(2.782207290731E1,8.852818243469E1,-4.783130145554E1));
#1448=CARTESIAN_POINT('',(2.776978667613E1,8.853106659059E1,-4.783130146020E1));
#1450=DIRECTION('',(-2.821284404996E-4,1.746585586505E-2,-9.998474205010E-1));
#1451=VECTOR('',#1450,1.108179592354E1);
#1452=CARTESIAN_POINT('',(2.701964175588E1,8.846955422973E1,-2.630624654775E1));
#1453=LINE('',#1452,#1451);
#1454=CARTESIAN_POINT('',(-6.853312632723E-4,8.917768143713E1,
-2.432365173248E1));
#1455=CARTESIAN_POINT('',(2.903640729380E0,8.917755964664E1,-2.432357937518E1));
#1456=CARTESIAN_POINT('',(8.712037893544E0,8.912708425372E1,-2.438864129459E1));
#1457=CARTESIAN_POINT('',(1.741920070842E1,8.890079155321E1,-2.468186302637E1));
#1458=CARTESIAN_POINT('',(2.321523041791E1,8.864978844531E1,-2.500766124493E1));
#1459=CARTESIAN_POINT('',(2.611093245606E1,8.849937173350E1,-2.520326443241E1));
#1461=CARTESIAN_POINT('',(2.913762564700E1,8.830291415724E1,-2.369748203963E1));
#1462=CARTESIAN_POINT('',(2.590762613995E1,8.849022159969E1,-2.345524966880E1));
#1463=CARTESIAN_POINT('',(1.944136089486E1,8.880285060740E1,-2.305212009558E1));
#1464=CARTESIAN_POINT('',(9.722665497203E0,8.908476635565E1,-2.268889717307E1));
#1465=CARTESIAN_POINT('',(3.241566466074E0,8.914762080666E1,-2.260839484895E1));
#1466=CARTESIAN_POINT('',(-2.637718224952E-4,8.914775660206E1,
-2.260846712716E1));
#1468=CARTESIAN_POINT('',(2.921144942133E1,8.853970518199E1,-3.749483333294E1));
#1469=CARTESIAN_POINT('',(2.923073568177E1,8.851223758621E1,-3.598855739361E1));
#1470=CARTESIAN_POINT('',(2.926936184800E1,8.845726391696E1,-3.297622678459E1));
#1471=CARTESIAN_POINT('',(2.932717459103E1,8.837489593028E1,-2.845838505385E1));
#1472=CARTESIAN_POINT('',(2.936579818742E1,8.831993211857E1,-2.544693518845E1));
#1473=CARTESIAN_POINT('',(2.938508137045E1,8.829246890565E1,-2.394132345787E1));
#1475=DIRECTION('',(1.611104825676E-12,-1.745063761380E-2,9.998477260298E-1));
#1476=VECTOR('',#1475,3.109249135919E0);
#1477=CARTESIAN_POINT('',(2.716908579109E1,8.859976643059E1,-3.423131928690E1));
#1478=LINE('',#1477,#1476);
#1479=CARTESIAN_POINT('',(2.784375573237E1,8.857253226049E1,-3.483130145986E1));
#1480=CARTESIAN_POINT('',(2.781886603766E1,8.857394222333E1,-3.483130145986E1));
#1481=CARTESIAN_POINT('',(2.779397577660E1,8.857534217122E1,-3.483130146020E1));
#1482=CARTESIAN_POINT('',(2.776908586800E1,8.857674835320E1,-3.483130146020E1));
#1484=DIRECTION('',(2.457433913894E-4,-1.744435006378E-2,9.998478055489E-1));
#1485=VECTOR('',#1484,1.715445686632E0);
#1486=CARTESIAN_POINT('',(-6.853312632723E-4,8.917768143713E1,
-2.432365173248E1));
#1487=LINE('',#1486,#1485);
#1488=CARTESIAN_POINT('',(-2.614222108340E1,8.849751702725E1,
-2.520525509108E1));
#1489=CARTESIAN_POINT('',(-2.324322856377E1,8.864817044779E1,
-2.500913202073E1));
#1490=CARTESIAN_POINT('',(-1.744056948106E1,8.889960643473E1,
-2.468248124689E1));
#1491=CARTESIAN_POINT('',(-8.723397585101E0,8.912653138710E1,
-2.438860317172E1));
#1492=CARTESIAN_POINT('',(-2.908522054113E0,8.917738404513E1,
-2.432350098561E1));
#1493=CARTESIAN_POINT('',(-6.853312632723E-4,8.917768143713E1,
-2.432365173248E1));
#1495=CARTESIAN_POINT('',(-2.705079499568E1,8.846768042421E1,
-2.630821472936E1));
#1496=CARTESIAN_POINT('',(-2.705083287636E1,8.846545752346E1,
-2.618110809641E1));
#1497=CARTESIAN_POINT('',(-2.701561305335E1,8.846327298914E1,
-2.594510311569E1));
#1498=CARTESIAN_POINT('',(-2.687174687184E1,8.846569957970E1,
-2.563243688445E1));
#1499=CARTESIAN_POINT('',(-2.666355985794E1,8.847298158611E1,
-2.540051696613E1));
#1500=CARTESIAN_POINT('',(-2.641372720355E1,8.848389592632E1,
-2.525264142668E1));
#1501=CARTESIAN_POINT('',(-2.623554258465E1,8.849266739292E1,
-2.521157144730E1));
#1502=CARTESIAN_POINT('',(-2.614222108340E1,8.849751702725E1,
-2.520525509108E1));
#1504=DIRECTION('',(-3.051254309761E-4,-1.748044883442E-2,9.998471587233E-1));
#1505=VECTOR('',#1504,1.096751708181E1);
#1506=CARTESIAN_POINT('',(-2.704744852731E1,8.865939754540E1,
-3.727405552186E1));
#1507=LINE('',#1506,#1505);
#1508=CARTESIAN_POINT('',(-2.941634032841E1,8.829054450833E1,
-2.394362967229E1));
#1509=CARTESIAN_POINT('',(-2.939702355359E1,8.831805556285E1,
-2.545185043522E1));
#1510=CARTESIAN_POINT('',(-2.935833315171E1,8.837311507605E1,
-2.846854433231E1));
#1511=CARTESIAN_POINT('',(-2.930041903417E1,8.845562754952E1,
-3.299426895836E1));
#1512=CARTESIAN_POINT('',(-2.926172427321E1,8.851069806523E1,
-3.601185268622E1));
#1513=CARTESIAN_POINT('',(-2.924240419662E1,8.853821382216E1,
-3.752075591637E1));
#1515=CARTESIAN_POINT('',(-2.776909159867E1,8.857657311527E1,
-3.483130146020E1));
#1516=CARTESIAN_POINT('',(-2.778847534649E1,8.857547889739E1,
-3.483130146020E1));
#1517=CARTESIAN_POINT('',(-2.782730806135E1,8.857328513216E1,
-3.483130146015E1));
#1518=CARTESIAN_POINT('',(-2.788591539107E1,8.856996573041E1,
-3.483130146037E1));
#1519=CARTESIAN_POINT('',(-2.792489956216E1,8.856775420255E1,
-3.483130145984E1));
#1520=CARTESIAN_POINT('',(-2.794440796558E1,8.856664598312E1,
-3.483130145984E1));
#1522=DIRECTION('',(1.680805136632E-12,1.745061520063E-2,-9.998477264209E-1));
#1523=VECTOR('',#1522,3.109249078085E0);
#1524=CARTESIAN_POINT('',(-2.716909151209E1,8.854530672397E1,
-3.112254362610E1));
#1525=LINE('',#1524,#1523);
#1526=CARTESIAN_POINT('',(-2.791460294686E1,8.849305148763E1,
-3.052256193327E1));
#1527=CARTESIAN_POINT('',(-2.786609956044E1,8.849580416071E1,
-3.052256193327E1));
#1528=CARTESIAN_POINT('',(-2.781759570938E1,8.849854432953E1,
-3.052256193300E1));
#1529=CARTESIAN_POINT('',(-2.776909151200E1,8.850128267571E1,
-3.052256193300E1));
#1531=DIRECTION('',(1.541976313814E-2,8.832473382214E-1,-4.686537852505E-1));
#1532=VECTOR('',#1531,6.280985115001E-1);
#1533=CARTESIAN_POINT('',(-2.705079499568E1,8.846768042421E1,
-2.630821472936E1));
#1534=LINE('',#1533,#1532);
#1535=CARTESIAN_POINT('',(-2.935279923573E1,8.838103675201E1,
-5.480651435480E1));
#1536=CARTESIAN_POINT('',(-2.931609488436E1,8.843331128651E1,
-4.904460488921E1));
#1537=CARTESIAN_POINT('',(-2.927910505916E1,8.848594425646E1,
-4.328266544925E1));
#1538=CARTESIAN_POINT('',(-2.924240419662E1,8.853821382216E1,
-3.752075591637E1));
#1540=DIRECTION('',(6.444813863337E-7,2.521112015901E-7,-9.999999999998E-1));
#1541=VECTOR('',#1540,2.795784455395E1);
#1542=CARTESIAN_POINT('',(-2.644348084128E1,9.252447944037E1,
-2.589797389284E1));
#1543=LINE('',#1542,#1541);
#1544=CARTESIAN_POINT('',(-2.902178530883E1,8.839712814927E1,
-5.507167869249E1));
#1545=CARTESIAN_POINT('',(-2.907113798930E1,8.839439959511E1,
-5.507234541948E1));
#1546=CARTESIAN_POINT('',(-2.916342951140E1,8.838960943558E1,
-5.505791198300E1));
#1547=CARTESIAN_POINT('',(-2.927200458203E1,8.838401633087E1,
-5.499749142699E1));
#1548=CARTESIAN_POINT('',(-2.933853419885E1,8.838122134321E1,
-5.491002751944E1));
#1549=CARTESIAN_POINT('',(-2.935309705585E1,8.838071704568E1,
-5.484128632429E1));
#1550=CARTESIAN_POINT('',(-2.935279923573E1,8.838103675201E1,
-5.480651435480E1));
#1552=DIRECTION('',(5.647734542218E-1,8.043450767700E-1,1.845533605282E-1));
#1553=VECTOR('',#1552,5.151333496667E0);
#1554=CARTESIAN_POINT('',(-2.935279923573E1,8.838103675201E1,
-5.480651435480E1));
#1555=LINE('',#1554,#1553);
#1556=DIRECTION('',(-8.246354338103E-7,-9.732733843912E-1,-2.296495574456E-1));
#1557=VECTOR('',#1556,3.913444108939E0);
#1558=CARTESIAN_POINT('',(-2.207684213706E-6,9.304258451136E1,
-5.398440210052E1));
#1559=LINE('',#1558,#1557);
#1560=DIRECTION('',(5.647895347148E-1,8.043273207193E-1,1.845815338033E-1));
#1561=VECTOR('',#1560,5.000644948568E0);
#1562=CARTESIAN_POINT('',(-2.902178530883E1,8.839712814927E1,
-5.507167869249E1));
#1563=LINE('',#1562,#1561);
#1564=DIRECTION('',(5.647936031210E-1,-8.043216174583E-1,-1.845939369613E-1));
#1565=VECTOR('',#1564,5.000134866821E0);
#1566=CARTESIAN_POINT('',(2.616656735511E1,9.242067843383E1,-5.414828131444E1));
#1567=LINE('',#1566,#1565);
#1568=DIRECTION('',(5.647692301594E-1,-8.043390589494E-1,-1.845925104481E-1));
#1569=VECTOR('',#1568,5.151993969812E0);
#1570=CARTESIAN_POINT('',(2.641254289905E1,9.252592767636E1,-5.385546902201E1));
#1571=LINE('',#1570,#1569);
#1572=DIRECTION('',(1.569108230380E-7,4.393766814301E-7,9.999999999999E-1));
#1573=VECTOR('',#1572,2.795964261402E1);
#1574=CARTESIAN_POINT('',(2.641254289905E1,9.252592767636E1,-5.385546902201E1));
#1575=LINE('',#1574,#1573);
#1576=CARTESIAN_POINT('',(2.921144942133E1,8.853970518199E1,-3.749483333294E1));
#1577=CARTESIAN_POINT('',(2.924825757906E1,8.848728280590E1,-4.326538675126E1));
#1578=CARTESIAN_POINT('',(2.928541642299E1,8.843440859697E1,-4.903593522003E1));
#1579=CARTESIAN_POINT('',(2.932223056717E1,8.838197769497E1,-5.480648852271E1));
#1581=CARTESIAN_POINT('',(2.641254289905E1,9.252592767636E1,-5.385546902201E1));
#1582=CARTESIAN_POINT('',(2.639511432022E1,9.255075325817E1,-5.385551656541E1));
#1583=CARTESIAN_POINT('',(2.635266764559E1,9.259506312485E1,-5.385564579504E1));
#1584=CARTESIAN_POINT('',(2.627174578865E1,9.263987505687E1,-5.385562110197E1));
#1585=CARTESIAN_POINT('',(2.621152494873E1,9.265131818537E1,-5.385612908760E1));
#1586=CARTESIAN_POINT('',(2.618122650475E1,9.265275727547E1,-5.385617685430E1));
#1588=CARTESIAN_POINT('',(2.618122567071E1,9.265275731280E1,-2.589592494161E1));
#1589=CARTESIAN_POINT('',(2.621151686532E1,9.265131856702E1,-2.589566528307E1));
#1590=CARTESIAN_POINT('',(2.627173068379E1,9.263988251524E1,-2.589531008137E1));
#1591=CARTESIAN_POINT('',(2.635265972853E1,9.259506314617E1,-2.589515164980E1));
#1592=CARTESIAN_POINT('',(2.639511679900E1,9.255076826134E1,-2.589553139192E1));
#1593=CARTESIAN_POINT('',(2.641254728622E1,9.252593996117E1,-2.589582640800E1));
#1595=CARTESIAN_POINT('',(2.616687102149E1,9.235369456336E1,-5.385585033124E1));
#1596=DIRECTION('',(-5.647786315852E-1,8.043322228543E-1,1.845935334271E-1));
#1597=DIRECTION('',(8.185434315190E-1,5.744430128355E-1,1.369569803306E-3));
#1598=AXIS2_PLACEMENT_3D('',#1595,#1596,#1597);
#1600=CARTESIAN_POINT('',(2.834614789960E0,9.326642938468E1,-5.369498507201E1));
#1601=CARTESIAN_POINT('',(1.062012536887E1,9.322665069507E1,-5.370544835022E1));
#1602=CARTESIAN_POINT('',(1.840498718519E1,9.302218506359E1,-5.375875019984E1));
#1603=CARTESIAN_POINT('',(2.618122650475E1,9.265275727547E1,-5.385617685430E1));
#1605=CARTESIAN_POINT('',(-2.207684213706E-6,9.304258451136E1,
-5.398440210052E1));
#1606=CARTESIAN_POINT('',(-2.191432949010E-6,9.313507062101E1,
-5.396258420195E1));
#1607=CARTESIAN_POINT('',(-2.329687504243E-6,9.322313673438E1,
-5.388428074770E1));
#1608=CARTESIAN_POINT('',(-2.320586551049E-6,9.325562391321E1,
-5.379498189895E1));
#1610=CARTESIAN_POINT('',(2.616656735511E1,9.242067843383E1,-5.414828131444E1));
#1611=CARTESIAN_POINT('',(1.745232334894E1,9.283580911475E1,-5.403878219030E1));
#1612=CARTESIAN_POINT('',(8.724811379990E0,9.304258304237E1,-5.398440247160E1));
#1613=CARTESIAN_POINT('',(-2.207684213706E-6,9.304258451136E1,
-5.398440210052E1));
#1615=CARTESIAN_POINT('',(2.618122650475E1,9.265275727547E1,-5.385617685430E1));
#1616=CARTESIAN_POINT('',(2.617965863069E1,9.265259254707E1,-5.398062772607E1));
#1617=CARTESIAN_POINT('',(2.617267199449E1,9.254183475501E1,-5.412045355731E1));
#1618=CARTESIAN_POINT('',(2.616656735511E1,9.242067843383E1,-5.414828131444E1));
#1620=CARTESIAN_POINT('',(2.834614789960E0,9.326642938468E1,-5.369498507201E1));
#1621=CARTESIAN_POINT('',(1.892499906600E0,9.327109173486E1,-5.376392868388E1));
#1622=CARTESIAN_POINT('',(9.446433339187E-1,9.325562369784E1,
-5.379498210265E1));
#1623=CARTESIAN_POINT('',(-2.320586551049E-6,9.325562391321E1,
-5.379498189895E1));
#1625=CARTESIAN_POINT('',(-2.320586551049E-6,9.325562391321E1,
-5.379498189895E1));
#1626=CARTESIAN_POINT('',(-9.405920122417E-1,9.325562410014E1,
-5.379498180193E1));
#1627=CARTESIAN_POINT('',(-1.894125970617E0,9.327071754292E1,
-5.376429542789E1));
#1628=CARTESIAN_POINT('',(-2.832226628317E0,9.326643907432E1,
-5.369604721343E1));
#1630=CARTESIAN_POINT('',(-1.106801345174E-4,9.327370143710E1,
-5.374778726538E1));
#1631=CARTESIAN_POINT('',(-1.106905390402E-4,9.326741164750E1,
-5.376341320775E1));
#1632=CARTESIAN_POINT('',(-2.310246425559E-6,9.326138379114E1,
-5.377915295917E1));
#1633=CARTESIAN_POINT('',(-2.320586551049E-6,9.325562391321E1,
-5.379498189895E1));
#1635=CARTESIAN_POINT('',(-2.621217908220E1,9.265129359001E1,
-5.385628125874E1));
#1636=CARTESIAN_POINT('',(-1.843400998626E1,9.302125075278E1,
-5.375871480234E1));
#1637=CARTESIAN_POINT('',(-1.061968959104E1,9.322630016422E1,
-5.370660528743E1));
#1638=CARTESIAN_POINT('',(-2.832226628317E0,9.326643907432E1,
-5.369604721343E1));
#1640=CARTESIAN_POINT('',(-2.619747337506E1,9.241928350262E1,
-5.414865197788E1));
#1641=CARTESIAN_POINT('',(-2.620358733036E1,9.254048151203E1,
-5.412081622216E1));
#1642=CARTESIAN_POINT('',(-2.621061196887E1,9.265119541850E1,
-5.398077504071E1));
#1643=CARTESIAN_POINT('',(-2.621217908220E1,9.265129359001E1,
-5.385628125874E1));
#1645=CARTESIAN_POINT('',(-2.207684213706E-6,9.304258451136E1,
-5.398440210052E1));
#1646=CARTESIAN_POINT('',(-8.735135453874E0,9.304258597745E1,
-5.398440178007E1));
#1647=CARTESIAN_POINT('',(-1.747294725600E1,9.283539626747E1,
-5.403889318107E1));
#1648=CARTESIAN_POINT('',(-2.619747337506E1,9.241928350262E1,
-5.414865197788E1));
#1650=CARTESIAN_POINT('',(-2.619775458207E1,9.235230522685E1,
-5.385621971345E1));
#1651=DIRECTION('',(5.647798318701E-1,8.043339223242E-1,1.845824555890E-1));
#1652=DIRECTION('',(8.335879724522E-4,2.231146485957E-1,-9.747918540453E-1));
#1653=AXIS2_PLACEMENT_3D('',#1650,#1651,#1652);
#1655=CARTESIAN_POINT('',(-2.621217908220E1,9.265129359001E1,
-5.385628125874E1));
#1656=CARTESIAN_POINT('',(-2.624247526864E1,9.264985266668E1,
-5.385623340962E1));
#1657=CARTESIAN_POINT('',(-2.630268983273E1,9.263841253138E1,
-5.385613334961E1));
#1658=CARTESIAN_POINT('',(-2.638361226399E1,9.259358863625E1,
-5.385601042496E1));
#1659=CARTESIAN_POINT('',(-2.642603545190E1,9.254931027094E1,
-5.385586604398E1));
#1660=CARTESIAN_POINT('',(-2.644346282297E1,9.252448648885E1,
-5.385581844679E1));
#1662=CARTESIAN_POINT('',(-2.644348084128E1,9.252447944037E1,
-2.589797389284E1));
#1663=CARTESIAN_POINT('',(-2.642605089952E1,9.254930688418E1,
-2.589767335234E1));
#1664=CARTESIAN_POINT('',(-2.638359592005E1,9.259359936669E1,
-2.589730224353E1));
#1665=CARTESIAN_POINT('',(-2.630267466326E1,9.263841785797E1,
-2.589743562086E1));
#1666=CARTESIAN_POINT('',(-2.624246701869E1,9.264985305889E1,
-2.589778130589E1));
#1667=CARTESIAN_POINT('',(-2.621217878038E1,9.265129360419E1,
-2.589803527565E1));
#1669=CARTESIAN_POINT('',(-2.644348084128E1,9.252447944037E1,
-2.589797389284E1));
#1670=CARTESIAN_POINT('',(-2.643652367070E1,9.253438482137E1,
-2.587144440620E1));
#1671=CARTESIAN_POINT('',(-2.641816885490E1,9.254538764677E1,
-2.581455603391E1));
#1672=CARTESIAN_POINT('',(-2.636810610272E1,9.254656813430E1,
-2.573650255132E1));
#1673=CARTESIAN_POINT('',(-2.630069294735E1,9.253059563814E1,
-2.567299633028E1));
#1674=CARTESIAN_POINT('',(-2.624959779702E1,9.250588909859E1,
-2.564403328104E1));
#1675=CARTESIAN_POINT('',(-2.622304989452E1,9.249243941270E1,
-2.563434735955E1));
#1677=CARTESIAN_POINT('',(7.332676876248E-6,9.311472405413E1,
-2.471993261317E1));
#1678=CARTESIAN_POINT('',(8.738454806940E0,9.311472255696E1,-2.471993224324E1));
#1679=CARTESIAN_POINT('',(1.748462080604E1,9.290750260523E1,-2.502436454631E1));
#1680=CARTESIAN_POINT('',(2.619208650364E1,9.249390213006E1,-2.563218033458E1));
#1682=CARTESIAN_POINT('',(-2.622304989452E1,9.249243941270E1,
-2.563434735955E1));
#1683=CARTESIAN_POINT('',(-1.750534048380E1,9.290701693399E1,
-2.502508886013E1));
#1684=CARTESIAN_POINT('',(-8.748794174392E0,9.311472555308E1,
-2.471993298353E1));
#1685=CARTESIAN_POINT('',(7.332676876248E-6,9.311472405413E1,
-2.471993261317E1));
#1687=CARTESIAN_POINT('',(-2.621217878038E1,9.265129360419E1,
-2.589803527565E1));
#1688=CARTESIAN_POINT('',(-2.621933111094E1,9.265097518145E1,
-2.579547180994E1));
#1689=CARTESIAN_POINT('',(-2.622398408145E1,9.258315598308E1,
-2.568272248619E1));
#1690=CARTESIAN_POINT('',(-2.622304989452E1,9.249243941270E1,
-2.563434735955E1));
#1692=CARTESIAN_POINT('',(-1.238329190623E1,9.313474534543E1,
-2.518714986629E1));
#1693=CARTESIAN_POINT('',(-1.699585503012E1,9.303134205874E1,
-2.533899385513E1));
#1694=CARTESIAN_POINT('',(-2.161235234138E1,9.287007760395E1,
-2.557676015826E1));
#1695=CARTESIAN_POINT('',(-2.621217878038E1,9.265129360419E1,
-2.589803527565E1));
#1697=CARTESIAN_POINT('',(2.618122567071E1,9.265275731280E1,-2.589592494161E1));
#1698=CARTESIAN_POINT('',(1.339706945721E1,9.326009757881E1,-2.500408131558E1));
#1699=CARTESIAN_POINT('',(5.147557574726E-1,9.342174478350E1,
-2.476776426003E1));
#1700=CARTESIAN_POINT('',(-1.230484175437E1,9.313650060752E1,
-2.518663504886E1));
#1702=CARTESIAN_POINT('',(2.619208650364E1,9.249390213006E1,-2.563218033458E1));
#1703=CARTESIAN_POINT('',(2.619301964952E1,9.258461985069E1,-2.568055587317E1));
#1704=CARTESIAN_POINT('',(2.618836966679E1,9.265244063648E1,-2.579335968743E1));
#1705=CARTESIAN_POINT('',(2.618122567071E1,9.265275731280E1,-2.589592494161E1));
#1707=DIRECTION('',(6.032725088572E-5,8.827453667929E-1,-4.698516933739E-1));
#1708=VECTOR('',#1707,4.493897788994E0);
#1709=CARTESIAN_POINT('',(-2.637718224952E-4,8.914775660206E1,
-2.260846712716E1));
#1710=LINE('',#1709,#1708);
#1711=CARTESIAN_POINT('',(-2.916887126028E1,8.830094470212E1,
-2.369986261537E1));
#1712=CARTESIAN_POINT('',(-2.593632671030E1,8.848843661779E1,
-2.345708817042E1));
#1713=CARTESIAN_POINT('',(-1.946246924788E1,8.880163236803E1,
-2.305279235307E1));
#1714=CARTESIAN_POINT('',(-9.735382631021E0,8.908413601499E1,
-2.268890147252E1));
#1715=CARTESIAN_POINT('',(-3.245290357443E0,8.914742457658E1,
-2.260829040392E1));
#1716=CARTESIAN_POINT('',(-2.637718224952E-4,8.914775660206E1,
-2.260846712716E1));
#1718=CARTESIAN_POINT('',(-2.916887126028E1,8.830094470212E1,
-2.369986261537E1));
#1719=CARTESIAN_POINT('',(-2.818593494923E1,8.969954487228E1,
-2.434007745488E1));
#1720=CARTESIAN_POINT('',(-2.720397063850E1,9.109671038526E1,
-2.498484274504E1));
#1721=CARTESIAN_POINT('',(-2.622304989452E1,9.249243941270E1,
-2.563434735955E1));
#1723=CARTESIAN_POINT('',(-2.941634032841E1,8.829054450833E1,
-2.394362967229E1));
#1724=CARTESIAN_POINT('',(-2.941676745822E1,8.828992777145E1,
-2.390979847601E1));
#1725=CARTESIAN_POINT('',(-2.940516654360E1,8.828957851740E1,
-2.384823237434E1));
#1726=CARTESIAN_POINT('',(-2.935634270275E1,8.829115551404E1,
-2.377307651812E1));
#1727=CARTESIAN_POINT('',(-2.927649479703E1,8.829503528313E1,
-2.371904929655E1));
#1728=CARTESIAN_POINT('',(-2.920762624016E1,8.829869713446E1,
-2.370278886741E1));
#1729=CARTESIAN_POINT('',(-2.916887126028E1,8.830094470212E1,
-2.369986261537E1));
#1731=CARTESIAN_POINT('',(-2.644348084128E1,9.252447944037E1,
-2.589797389284E1));
#1732=CARTESIAN_POINT('',(-2.743340524876E1,9.111462377814E1,
-2.524180717376E1));
#1733=CARTESIAN_POINT('',(-2.842436015319E1,8.970332800603E1,
-2.459032604977E1));
#1734=CARTESIAN_POINT('',(-2.941634032841E1,8.829054450833E1,
-2.394362967229E1));
#1736=CARTESIAN_POINT('',(2.938508137045E1,8.829246890565E1,-2.394132345787E1));
#1737=CARTESIAN_POINT('',(2.839321017083E1,8.970509719927E1,-2.458806287767E1));
#1738=CARTESIAN_POINT('',(2.740236297734E1,9.111623913304E1,-2.523961948752E1));
#1739=CARTESIAN_POINT('',(2.641254728622E1,9.252593996117E1,-2.589582640800E1));
#1741=CARTESIAN_POINT('',(2.913762564700E1,8.830291415724E1,-2.369748203963E1));
#1742=CARTESIAN_POINT('',(2.917652026018E1,8.830065894627E1,-2.370041522724E1));
#1743=CARTESIAN_POINT('',(2.924551205053E1,8.829692132976E1,-2.371689961280E1));
#1744=CARTESIAN_POINT('',(2.932535677252E1,8.829307434053E1,-2.377105361425E1));
#1745=CARTESIAN_POINT('',(2.937395455319E1,8.829150266351E1,-2.384615665759E1));
#1746=CARTESIAN_POINT('',(2.938550801113E1,8.829185362139E1,-2.390757341023E1));
#1747=CARTESIAN_POINT('',(2.938508137045E1,8.829246890565E1,-2.394132345787E1));
#1749=CARTESIAN_POINT('',(2.619208650364E1,9.249390213006E1,-2.563218033458E1));
#1750=CARTESIAN_POINT('',(2.717290023602E1,9.109832537643E1,-2.498263536248E1));
#1751=CARTESIAN_POINT('',(2.815479659904E1,8.970136169644E1,-2.433774000817E1));
#1752=CARTESIAN_POINT('',(2.913762564700E1,8.830291415724E1,-2.369748203963E1));
#1754=CARTESIAN_POINT('',(2.619208650364E1,9.249390213006E1,-2.563218033458E1));
#1755=CARTESIAN_POINT('',(2.621872683744E1,9.250736716372E1,-2.564188020437E1));
#1756=CARTESIAN_POINT('',(2.627003754980E1,9.253213437074E1,-2.567094220898E1));
#1757=CARTESIAN_POINT('',(2.633784081751E1,9.254819548122E1,-2.573510148727E1));
#1758=CARTESIAN_POINT('',(2.638804837862E1,9.254628527068E1,-2.581342604405E1));
#1759=CARTESIAN_POINT('',(2.640587870013E1,9.253543479757E1,-2.586957538889E1));
#1760=CARTESIAN_POINT('',(2.641254728622E1,9.252593996117E1,-2.589582640800E1));
#1762=CARTESIAN_POINT('',(-2.844313050500E1,8.852925553189E1,
-3.432741765907E1));
#1763=CARTESIAN_POINT('',(-2.844360103691E1,8.853017685440E1,
-3.438170140218E1));
#1764=CARTESIAN_POINT('',(-2.842656360234E1,8.853304275873E1,
-3.448924690436E1));
#1765=CARTESIAN_POINT('',(-2.835479443870E1,8.853964439871E1,
-3.462989643078E1));
#1766=CARTESIAN_POINT('',(-2.824251493148E1,8.854807720710E1,
-3.474266836466E1));
#1767=CARTESIAN_POINT('',(-2.810097404348E1,8.855744517051E1,
-3.481477699291E1));
#1768=CARTESIAN_POINT('',(-2.799659184127E1,8.856368161924E1,
-3.483130491693E1));
#1769=CARTESIAN_POINT('',(-2.794440796558E1,8.856664598312E1,
-3.483130145984E1));
#1771=CARTESIAN_POINT('',(-2.789546297218E1,8.763380170040E1,
-3.483130146020E1));
#1772=CARTESIAN_POINT('',(-2.794962258122E1,8.763380170040E1,
-3.483130503753E1));
#1773=CARTESIAN_POINT('',(-2.805213354816E1,8.763380170040E1,
-3.481469511434E1));
#1774=CARTESIAN_POINT('',(-2.819507064169E1,8.763380170040E1,
-3.474243420491E1));
#1775=CARTESIAN_POINT('',(-2.830744489811E1,8.763380170040E1,
-3.462976735007E1));
#1776=CARTESIAN_POINT('',(-2.837948832618E1,8.763380170042E1,
-3.448858640880E1));
#1777=CARTESIAN_POINT('',(-2.839663013675E1,8.763380170036E1,
-3.438266559418E1));
#1778=CARTESIAN_POINT('',(-2.839621021393E1,8.763380170036E1,
-3.432868051292E1));
#1780=DIRECTION('',(5.239648411186E-2,-9.986263607840E-1,-3.902431625418E-10));
#1781=VECTOR('',#1780,9.341274368011E-1);
#1782=CARTESIAN_POINT('',(-2.794440796558E1,8.856664598312E1,
-3.483130145984E1));
#1783=LINE('',#1782,#1781);
#1784=DIRECTION('',(-5.233753290180E-2,9.986294521239E-1,-6.665671690069E-7));
#1785=VECTOR('',#1784,8.404592861028E-1);
#1786=CARTESIAN_POINT('',(-2.837026937685E1,8.763380170316E1,
-3.101864637157E1));
#1787=LINE('',#1786,#1785);
#1788=DIRECTION('',(7.836789403032E-3,8.469064377022E-10,9.999692918944E-1));
#1789=VECTOR('',#1788,3.310135789349E0);
#1790=CARTESIAN_POINT('',(-2.839621021393E1,8.763380170036E1,
-3.432868051292E1));
#1791=LINE('',#1790,#1789);
#1792=DIRECTION('',(5.232650020284E-2,-9.986290371780E-1,-1.408361303200E-3));
#1793=VECTOR('',#1792,8.966831507897E-1);
#1794=CARTESIAN_POINT('',(-2.844313050500E1,8.852925553189E1,
-3.432741765907E1));
#1795=LINE('',#1794,#1793);
#1796=CARTESIAN_POINT('',(-2.841425694219E1,8.847310909658E1,
-3.101864693023E1));
#1797=CARTESIAN_POINT('',(-2.842388148935E1,8.849182507463E1,
-3.212157050232E1));
#1798=CARTESIAN_POINT('',(-2.843350602348E1,8.851054080357E1,
-3.322449407874E1));
#1799=CARTESIAN_POINT('',(-2.844313054460E1,8.852925628338E1,
-3.432741765951E1));
#1801=CARTESIAN_POINT('',(-2.791460294686E1,8.849305148763E1,
-3.052256193327E1));
#1802=CARTESIAN_POINT('',(-2.796672465295E1,8.849009341546E1,
-3.052255898279E1));
#1803=CARTESIAN_POINT('',(-2.807089969706E1,8.848445182627E1,
-3.053905004309E1));
#1804=CARTESIAN_POINT('',(-2.821173896544E1,8.847764130253E1,
-3.061054923876E1));
#1805=CARTESIAN_POINT('',(-2.832393323990E1,8.847313766981E1,
-3.072197438454E1));
#1806=CARTESIAN_POINT('',(-2.839650710296E1,8.847140688437E1,
-3.086252485154E1));
#1807=CARTESIAN_POINT('',(-2.841380219744E1,8.847222520941E1,
-3.096655901145E1));
#1808=CARTESIAN_POINT('',(-2.841425694239E1,8.847310909958E1,
-3.101864693180E1));
#1810=DIRECTION('',(-5.234854769125E-2,9.986288747851E-1,-3.095015900279E-10));
#1811=VECTOR('',#1810,8.604295438726E-1);
#1812=CARTESIAN_POINT('',(-2.786956070985E1,8.763380170040E1,
-3.052256193300E1));
#1813=LINE('',#1812,#1811);
#1814=CARTESIAN_POINT('',(-2.837026937685E1,8.763380170316E1,
-3.101864637157E1));
#1815=CARTESIAN_POINT('',(-2.836984837028E1,8.763380170316E1,
-3.096495332639E1));
#1816=CARTESIAN_POINT('',(-2.835265166045E1,8.763380169912E1,
-3.086336401670E1));
#1817=CARTESIAN_POINT('',(-2.827995032537E1,8.763380170074E1,
-3.072186006266E1));
#1818=CARTESIAN_POINT('',(-2.816778456899E1,8.763380170031E1,
-3.061062806535E1));
#1819=CARTESIAN_POINT('',(-2.802540545359E1,8.763380170043E1,
-3.053897661202E1));
#1820=CARTESIAN_POINT('',(-2.792342685784E1,8.763380170040E1,
-3.052255889282E1));
#1821=CARTESIAN_POINT('',(-2.786956070985E1,8.763380170040E1,
-3.052256193300E1));
#1823=DIRECTION('',(-3.808756405417E-13,1.E0,0.E0));
#1824=VECTOR('',#1823,8.674809753086E-1);
#1825=CARTESIAN_POINT('',(-2.776909151200E1,8.763380170040E1,
-3.052256193300E1));
#1826=LINE('',#1825,#1824);
#1827=DIRECTION('',(1.E0,0.E0,0.E0));
#1828=VECTOR('',#1827,1.004691978479E-1);
#1829=CARTESIAN_POINT('',(-2.786956070985E1,8.763380170040E1,
-3.052256193300E1));
#1830=LINE('',#1829,#1828);
#1831=CARTESIAN_POINT('',(-2.776909151200E1,8.763380170040E1,
-3.112256193300E1));
#1832=DIRECTION('',(-1.239918275680E-13,1.E0,0.E0));
#1833=DIRECTION('',(-9.473903143468E-14,0.E0,1.E0));
#1834=AXIS2_PLACEMENT_3D('',#1831,#1832,#1833);
#1836=CARTESIAN_POINT('',(-2.716909151209E1,8.854530672397E1,
-3.112254362610E1));
#1837=CARTESIAN_POINT('',(-2.716909342711E1,8.854420999785E1,
-3.105977991668E1));
#1838=CARTESIAN_POINT('',(-2.718895581587E1,8.854087700376E1,
-3.093423861454E1));
#1839=CARTESIAN_POINT('',(-2.727548734881E1,8.853313693387E1,
-3.076424523730E1));
#1840=CARTESIAN_POINT('',(-2.741038322285E1,8.852327780605E1,
-3.062922592326E1));
#1841=CARTESIAN_POINT('',(-2.758050670865E1,8.851225994122E1,
-3.054248481369E1));
#1842=CARTESIAN_POINT('',(-2.770621562248E1,8.850483238813E1,
-3.052256193300E1));
#1843=CARTESIAN_POINT('',(-2.776909151200E1,8.850128267571E1,
-3.052256193300E1));
#1845=CARTESIAN_POINT('',(-2.776909159867E1,8.857657311527E1,
-3.483130146020E1));
#1846=CARTESIAN_POINT('',(-2.770606929916E1,8.858013074136E1,
-3.483130146020E1));
#1847=CARTESIAN_POINT('',(-2.758017135378E1,8.858686308848E1,
-3.481127094029E1));
#1848=CARTESIAN_POINT('',(-2.741025670480E1,8.859484220895E1,
-3.472451974080E1));
#1849=CARTESIAN_POINT('',(-2.727546299663E1,8.859996803693E1,
-3.458956703724E1));
#1850=CARTESIAN_POINT('',(-2.718897347308E1,8.860180149333E1,
-3.441966282181E1));
#1851=CARTESIAN_POINT('',(-2.716909337344E1,8.860066194491E1,
-3.429410551821E1));
#1852=CARTESIAN_POINT('',(-2.716909151209E1,8.859956503319E1,
-3.423131924770E1));
#1854=CARTESIAN_POINT('',(-2.776909151200E1,8.763380170040E1,
-3.423130146020E1));
#1855=DIRECTION('',(0.E0,1.E0,0.E0));
#1856=DIRECTION('',(1.E0,0.E0,-6.513308411134E-13));
#1857=AXIS2_PLACEMENT_3D('',#1854,#1855,#1856);
#1859=DIRECTION('',(-1.E0,0.E0,0.E0));
#1860=VECTOR('',#1859,1.263713735143E-1);
#1861=CARTESIAN_POINT('',(-2.776909159867E1,8.763380170040E1,
-3.483130146020E1));
#1862=LINE('',#1861,#1860);
#1863=DIRECTION('',(5.011935150198E-13,-1.E0,0.E0));
#1864=VECTOR('',#1863,9.427714148732E-1);
#1865=CARTESIAN_POINT('',(-2.776909159867E1,8.857657311527E1,
-3.483130146020E1));
#1866=LINE('',#1865,#1864);
#1867=DIRECTION('',(0.E0,0.E0,-1.E0));
#1868=VECTOR('',#1867,3.108763590133E0);
#1869=CARTESIAN_POINT('',(-2.716909151200E1,8.763380170040E1,
-3.112254972840E1));
#1870=LINE('',#1869,#1868);
#1871=DIRECTION('',(1.021375193159E-10,-9.999999999776E-1,-6.694751918916E-6));
#1872=VECTOR('',#1871,9.115050235855E-1);
#1873=CARTESIAN_POINT('',(-2.716909151209E1,8.854530672397E1,
-3.112254362610E1));
#1874=LINE('',#1873,#1872);
#1875=DIRECTION('',(-9.098794409182E-11,9.999999999812E-1,-6.139357686747E-6));
#1876=VECTOR('',#1875,9.657633328079E-1);
#1877=CARTESIAN_POINT('',(-2.716909151200E1,8.763380170040E1,
-3.423131331853E1));
#1878=LINE('',#1877,#1876);
#1879=CARTESIAN_POINT('',(2.776944740823E1,8.763380169893E1,-3.052256986886E1));
#1880=CARTESIAN_POINT('',(2.783412327161E1,8.763380169893E1,-3.052249121660E1));
#1881=CARTESIAN_POINT('',(2.795655791944E1,8.763380170109E1,-3.054203219847E1));
#1882=CARTESIAN_POINT('',(2.812772744979E1,8.763380170018E1,-3.062797334698E1));
#1883=CARTESIAN_POINT('',(2.826254259406E1,8.763380170058E1,-3.076154349578E1));
#1884=CARTESIAN_POINT('',(2.834990862043E1,8.763380169990E1,-3.093148550223E1));
#1885=CARTESIAN_POINT('',(2.837056603072E1,8.763380170144E1,-3.105364573803E1));
#1886=CARTESIAN_POINT('',(2.837103625617E1,8.763380170144E1,-3.111815421361E1));
#1888=DIRECTION('',(-5.323734983855E-2,-9.985818867265E-1,-9.161053790942E-6));
#1889=VECTOR('',#1888,8.662602406544E-1);
#1890=CARTESIAN_POINT('',(2.781556480771E1,8.849883348444E1,-3.052256193300E1));
#1891=LINE('',#1890,#1889);
#1892=CARTESIAN_POINT('',(2.841512026136E1,8.847494354388E1,-3.111819442701E1));
#1893=CARTESIAN_POINT('',(2.841460842670E1,8.847387983703E1,-3.105562563074E1));
#1894=CARTESIAN_POINT('',(2.839388473433E1,8.847289422206E1,-3.093065003573E1));
#1895=CARTESIAN_POINT('',(2.830671203960E1,8.847497612885E1,-3.076181368752E1));
#1896=CARTESIAN_POINT('',(2.817196888866E1,8.848038418673E1,-3.062801168138E1));
#1897=CARTESIAN_POINT('',(2.800256780237E1,8.848856900485E1,-3.054217513172E1));
#1898=CARTESIAN_POINT('',(2.787786560216E1,8.849530758058E1,-3.052256194229E1));
#1899=CARTESIAN_POINT('',(2.781556480771E1,8.849883348444E1,-3.052256193300E1));
#1901=DIRECTION('',(0.E0,0.E0,-1.E0));
#1902=VECTOR('',#1901,3.108763792556E0);
#1903=CARTESIAN_POINT('',(2.716908579100E1,8.763380170040E1,-3.112254360988E1));
#1904=LINE('',#1903,#1902);
#1905=DIRECTION('',(7.836816987857E-3,4.838376786040E-11,-9.999692916782E-1));
#1906=VECTOR('',#1905,3.110107939784E0);
#1907=CARTESIAN_POINT('',(2.837103625617E1,8.763380170144E1,-3.111815421361E1));
#1908=LINE('',#1907,#1906);
#1909=DIRECTION('',(-5.233788507811E-2,-9.986294325255E-1,4.774258857210E-5));
#1910=VECTOR('',#1909,8.422962663090E-1);
#1911=CARTESIAN_POINT('',(2.841512026136E1,8.847494354388E1,-3.111819442701E1));
#1912=LINE('',#1911,#1910);
#1913=CARTESIAN_POINT('',(2.844224545444E1,8.852768916006E1,-3.422660581294E1));
#1914=CARTESIAN_POINT('',(2.843320373728E1,8.851010736363E1,-3.319046868138E1));
#1915=CARTESIAN_POINT('',(2.842416200861E1,8.849252534691E1,-3.215433155366E1));
#1916=CARTESIAN_POINT('',(2.841512026843E1,8.847494310989E1,-3.111819442978E1));
#1918=DIRECTION('',(5.232383868108E-2,9.986286473604E-1,1.743724983819E-3));
#1919=VECTOR('',#1918,8.951140852841E-1);
#1920=CARTESIAN_POINT('',(2.839540960290E1,8.763380170159E1,-3.422816664719E1));
#1921=LINE('',#1920,#1919);
#1922=CARTESIAN_POINT('',(2.784375573237E1,8.857253226049E1,-3.483130145986E1));
#1923=CARTESIAN_POINT('',(2.790651194317E1,8.856897728162E1,-3.483130510714E1));
#1924=CARTESIAN_POINT('',(2.803199130079E1,8.856148409503E1,-3.481137218541E1));
#1925=CARTESIAN_POINT('',(2.820167549659E1,8.855026617078E1,-3.472480179005E1));
#1926=CARTESIAN_POINT('',(2.833636168416E1,8.854014923347E1,-3.458945520090E1));
#1927=CARTESIAN_POINT('',(2.842241512213E1,8.853222863731E1,-3.442065850756E1));
#1928=CARTESIAN_POINT('',(2.844281335058E1,8.852879264546E1,-3.429168930365E1));
#1929=CARTESIAN_POINT('',(2.844224540790E1,8.852768826981E1,-3.422660581440E1));
#1931=DIRECTION('',(6.589762540882E-2,9.978263891908E-1,3.578108088720E-10));
#1932=VECTOR('',#1931,9.407754397569E-1);
#1933=CARTESIAN_POINT('',(2.778176086484E1,8.763380170040E1,-3.483130146020E1));
#1934=LINE('',#1933,#1932);
#1935=CARTESIAN_POINT('',(2.839540960290E1,8.763380170159E1,-3.422816664719E1));
#1936=CARTESIAN_POINT('',(2.839591735359E1,8.763380170159E1,-3.429295508453E1));
#1937=CARTESIAN_POINT('',(2.837518088884E1,8.763380169985E1,-3.442020018442E1));
#1938=CARTESIAN_POINT('',(2.828923406E1,8.763380170055E1,-3.458956175092E1));
#1939=CARTESIAN_POINT('',(2.815235783484E1,8.763380170036E1,-3.472475218028E1));
#1940=CARTESIAN_POINT('',(2.798817784585E1,8.763380170041E1,-3.481143937653E1));
#1941=CARTESIAN_POINT('',(2.784676227721E1,8.763380170040E1,-3.483130522678E1));
#1942=CARTESIAN_POINT('',(2.778176086484E1,8.763380170040E1,-3.483130146020E1));
#1944=DIRECTION('',(-1.344068815788E-2,9.999096698712E-1,0.E0));
#1945=VECTOR('',#1944,9.430318369842E-1);
#1946=CARTESIAN_POINT('',(2.778176086484E1,8.763380170040E1,-3.483130146020E1));
#1947=LINE('',#1946,#1945);
#1948=CARTESIAN_POINT('',(2.716908579109E1,8.859976643059E1,-3.423131928690E1));
#1949=CARTESIAN_POINT('',(2.716908765708E1,8.860086365862E1,-3.429412357477E1));
#1950=CARTESIAN_POINT('',(2.718897806001E1,8.860200240899E1,-3.441971584748E1));
#1951=CARTESIAN_POINT('',(2.727551929697E1,8.860016296625E1,-3.458965647420E1));
#1952=CARTESIAN_POINT('',(2.741035753755E1,8.859502887278E1,-3.472461168513E1));
#1953=CARTESIAN_POINT('',(2.758041668259E1,8.858703367559E1,-3.481135142755E1));
#1954=CARTESIAN_POINT('',(2.770617225272E1,8.858030272524E1,-3.483130146827E1));
#1955=CARTESIAN_POINT('',(2.776908586800E1,8.857674835320E1,-3.483130146020E1));
#1957=CARTESIAN_POINT('',(2.776908579100E1,8.763380170040E1,-3.423130146020E1));
#1958=DIRECTION('',(-5.838475775060E-14,1.E0,-8.757713662590E-14));
#1959=DIRECTION('',(-4.736951571734E-14,-9.473903143468E-14,-1.E0));
#1960=AXIS2_PLACEMENT_3D('',#1957,#1958,#1959);
#1962=DIRECTION('',(1.023137003741E-10,1.E0,1.296402183221E-9));
#1963=VECTOR('',#1962,9.117063502689E-1);
#1964=CARTESIAN_POINT('',(2.716908579100E1,8.763380170040E1,-3.112254360988E1));
#1965=LINE('',#1964,#1963);
#1966=DIRECTION('',(-9.138089756067E-11,-9.999999999243E-1,1.230321386154E-5));
#1967=VECTOR('',#1966,9.659647302640E-1);
#1968=CARTESIAN_POINT('',(2.716908579109E1,8.859976643059E1,-3.423131928690E1));
#1969=LINE('',#1968,#1967);
#1970=DIRECTION('',(-4.151381474508E-4,9.999999137883E-1,9.146288187329E-6));
#1971=VECTOR('',#1970,8.676586437907E-1);
#1972=CARTESIAN_POINT('',(2.776944740823E1,8.763380169893E1,-3.052256986886E1));
#1973=LINE('',#1972,#1971);
#1974=CARTESIAN_POINT('',(2.776908579100E1,8.763380170040E1,-3.112256193300E1));
#1975=DIRECTION('',(0.E0,1.E0,0.E0));
#1976=DIRECTION('',(-9.999999995337E-1,0.E0,3.053755706380E-5));
#1977=AXIS2_PLACEMENT_3D('',#1974,#1975,#1976);
#1979=CARTESIAN_POINT('',(2.776908721003E1,8.850146026792E1,-3.052256193300E1));
#1980=CARTESIAN_POINT('',(2.770562647419E1,8.850504566539E1,-3.052256178284E1));
#1981=CARTESIAN_POINT('',(2.757915405812E1,8.851252513882E1,-3.054291853771E1));
#1982=CARTESIAN_POINT('',(2.740981497039E1,8.852350877741E1,-3.062971431874E1));
#1983=CARTESIAN_POINT('',(2.727515937552E1,8.853335957634E1,-3.076471155815E1));
#1984=CARTESIAN_POINT('',(2.718889875447E1,8.854108501618E1,-3.093450859265E1));
#1985=CARTESIAN_POINT('',(2.716908770516E1,8.854441290788E1,-3.105987062635E1));
#1986=CARTESIAN_POINT('',(2.716908579109E1,8.854550805067E1,-3.112254360870E1));
#1988=CARTESIAN_POINT('',(2.781556480771E1,8.849883348444E1,-3.052256193300E1));
#1989=CARTESIAN_POINT('',(2.780007232914E1,8.849971027891E1,-3.052256193300E1));
#1990=CARTESIAN_POINT('',(2.778457977323E1,8.850058497019E1,-3.052256193300E1));
#1991=CARTESIAN_POINT('',(2.776908721003E1,8.850146026792E1,-3.052256193300E1));
#1993=DIRECTION('',(5.234508244766E-2,-9.986290529347E-1,-8.353636704827E-5));
#1994=VECTOR('',#1993,8.734537429332E-1);
#1995=CARTESIAN_POINT('',(-2.826924254825E1,8.850605440713E1,
-4.733111358809E1));
#1996=LINE('',#1995,#1994);
#1997=DIRECTION('',(-5.232712734273E-2,9.986299967120E-1,3.756280849827E-5));
#1998=VECTOR('',#1997,9.020423295741E-1);
#1999=CARTESIAN_POINT('',(-2.822202233731E1,8.763380518651E1,
-4.402234624114E1));
#2000=LINE('',#1999,#1998);
#2001=DIRECTION('',(-1.950747144953E-4,-7.143212593191E-5,-9.999999784217E-1));
#2002=VECTOR('',#2001,5.008045082100E-2);
#2003=CARTESIAN_POINT('',(-2.822351177063E1,8.763380170040E1,
-4.728110610350E1));
#2004=LINE('',#2003,#2002);
#2005=DIRECTION('',(-4.611330329378E-4,0.E0,-9.999998936782E-1));
#2006=VECTOR('',#2005,3.208739476059E0);
#2007=CARTESIAN_POINT('',(-2.822203211487E1,8.763380170040E1,
-4.407236696860E1));
#2008=LINE('',#2007,#2006);
#2009=DIRECTION('',(-1.954701641367E-4,-6.969335101650E-5,-9.999999784671E-1));
#2010=VECTOR('',#2009,5.002072853382E-2);
#2011=CARTESIAN_POINT('',(-2.822202233731E1,8.763380518651E1,
-4.402234624114E1));
#2012=LINE('',#2011,#2010);
#2013=DIRECTION('',(0.E0,0.E0,-1.E0));
#2014=VECTOR('',#2013,3.208739572933E0);
#2015=CARTESIAN_POINT('',(-2.716909151200E1,8.763380170040E1,
-4.407256190967E1));
#2016=LINE('',#2015,#2014);
#2017=DIRECTION('',(-3.703169108901E-14,-1.E0,-4.864305189335E-9));
#2018=VECTOR('',#2017,9.593711694832E-1);
#2019=CARTESIAN_POINT('',(-2.716909151200E1,8.859317286988E1,
-4.407256190500E1));
#2020=LINE('',#2019,#2018);
#2021=DIRECTION('',(1.525691130439E-14,1.E0,-4.831245905192E-9));
#2022=VECTOR('',#2021,9.314371979808E-1);
#2023=CARTESIAN_POINT('',(-2.716909151200E1,8.763380170040E1,
-4.728130148260E1));
#2024=LINE('',#2023,#2022);
#2025=CARTESIAN_POINT('',(-2.771909151200E1,8.763380170040E1,
-4.407256193300E1));
#2026=DIRECTION('',(1.176842772050E-13,1.E0,8.090794057810E-14));
#2027=DIRECTION('',(-1.992901716505E-3,-7.751375299201E-14,9.999980141694E-1));
#2028=AXIS2_PLACEMENT_3D('',#2025,#2026,#2027);
#2030=DIRECTION('',(-1.178342694058E-3,-9.999993056967E-1,1.070128724137E-5));
#2031=VECTOR('',#2030,9.349631712463E-1);
#2032=CARTESIAN_POINT('',(-2.771908592252E1,8.856876376228E1,
-4.352256193301E1));
#2033=LINE('',#2032,#2031);
#2034=DIRECTION('',(-5.355379154262E-2,9.985649659870E-1,-1.071730629902E-5));
#2035=VECTOR('',#2034,9.335648240011E-1);
#2036=CARTESIAN_POINT('',(-2.772018762954E1,8.763380124018E1,
-4.352255192770E1));
#2037=LINE('',#2036,#2035);
#2038=CARTESIAN_POINT('',(-2.822202233731E1,8.763380518651E1,
-4.402234624114E1));
#2039=CARTESIAN_POINT('',(-2.822199532364E1,8.763380518651E1,
-4.396830110318E1));
#2040=CARTESIAN_POINT('',(-2.820534721724E1,8.763380007804E1,
-4.386601602940E1));
#2041=CARTESIAN_POINT('',(-2.813284257867E1,8.763380214949E1,
-4.372326961515E1));
#2042=CARTESIAN_POINT('',(-2.802026495060E1,8.763380152639E1,
-4.361104315578E1));
#2043=CARTESIAN_POINT('',(-2.787704007824E1,8.763380194736E1,
-4.353884818158E1));
#2044=CARTESIAN_POINT('',(-2.777440263320E1,8.763380124018E1,
-4.352242861338E1));
#2045=CARTESIAN_POINT('',(-2.772018762954E1,8.763380124018E1,
-4.352255192770E1));
#2047=CARTESIAN_POINT('',(-2.771909151200E1,8.763380170040E1,
-4.728130146020E1));
#2048=DIRECTION('',(0.E0,1.E0,0.E0));
#2049=DIRECTION('',(1.E0,0.E0,-2.436364483897E-8));
#2050=AXIS2_PLACEMENT_3D('',#2047,#2048,#2049);
#2052=DIRECTION('',(-1.056093626461E-3,-9.999994372803E-1,-1.005254299008E-4));
#2053=VECTOR('',#2052,8.974087462213E-1);
#2054=CARTESIAN_POINT('',(-2.771909156315E1,8.853119799138E1,
-4.783130146020E1));
#2055=LINE('',#2054,#2053);
#2056=CARTESIAN_POINT('',(-2.772003931081E1,8.763378975015E1,
-4.783139167260E1));
#2057=CARTESIAN_POINT('',(-2.777438335569E1,8.763378975015E1,
-4.783159776142E1));
#2058=CARTESIAN_POINT('',(-2.787733197806E1,8.763380721245E1,
-4.781545383654E1));
#2059=CARTESIAN_POINT('',(-2.802107400293E1,8.763380033358E1,
-4.774338272668E1));
#2060=CARTESIAN_POINT('',(-2.813409440252E1,8.763380165562E1,
-4.763102123922E1));
#2061=CARTESIAN_POINT('',(-2.820686728651E1,8.763380324635E1,
-4.748798320386E1));
#2062=CARTESIAN_POINT('',(-2.822354192774E1,8.763379812305E1,
-4.738537164489E1));
#2063=CARTESIAN_POINT('',(-2.822352154006E1,8.763379812305E1,
-4.733118655324E1));
#2065=DIRECTION('',(5.545559289161E-2,-9.984611495104E-1,-1.006751344675E-4));
#2066=VECTOR('',#2065,8.960742948244E-1);
#2067=CARTESIAN_POINT('',(-2.776973164210E1,8.852848512061E1,
-4.783130146020E1));
#2068=LINE('',#2067,#2066);
#2069=CARTESIAN_POINT('',(2.826924522298E1,8.853612770735E1,-4.407234482297E1));
#2070=CARTESIAN_POINT('',(2.826924519970E1,8.853627301962E1,-4.405566932594E1));
#2071=CARTESIAN_POINT('',(2.826923188159E1,8.853616466728E1,-4.403899205315E1));
#2072=CARTESIAN_POINT('',(2.826923185831E1,8.853630997956E1,-4.402231655612E1));
#2074=DIRECTION('',(-2.668722600857E-4,3.648280046883E-3,9.999933093936E-1));
#2075=VECTOR('',#2074,5.002979081522E-2);
#2076=CARTESIAN_POINT('',(2.826925170265E1,8.850776720549E1,-4.733111738660E1));
#2077=LINE('',#2076,#2075);
#2078=DIRECTION('',(3.954975105306E-4,3.368542819569E-4,-9.999998650554E-1));
#2079=VECTOR('',#2078,5.009769474104E-2);
#2080=CARTESIAN_POINT('',(2.822342493935E1,8.763377768899E1,-4.728110616139E1));
#2081=LINE('',#2080,#2079);
#2082=DIRECTION('',(4.573036171963E-4,-1.488787903823E-5,-9.999998953259E-1));
#2083=VECTOR('',#2082,3.208739538147E0);
#2084=CARTESIAN_POINT('',(2.822195757115E1,8.763382546031E1,-4.407236695911E1));
#2085=LINE('',#2084,#2083);
#2086=DIRECTION('',(3.960139267301E-4,3.361369086182E-4,-9.999998650925E-1));
#2087=VECTOR('',#2086,5.003321235215E-2);
#2088=CARTESIAN_POINT('',(2.822193775730E1,8.763380864230E1,-4.402233375351E1));
#2089=LINE('',#2088,#2087);
#2090=DIRECTION('',(-5.233155346706E-2,-9.986297653032E-1,-1.902913835113E-5));
#2091=VECTOR('',#2090,9.037396727075E-1);
#2092=CARTESIAN_POINT('',(2.826923185831E1,8.853630997956E1,-4.402231655612E1));
#2093=LINE('',#2092,#2091);
#2094=DIRECTION('',(-5.234049636582E-2,-9.986292919195E-1,-9.879514330265E-5));
#2095=VECTOR('',#2094,8.751722465538E-1);
#2096=CARTESIAN_POINT('',(2.826925170265E1,8.850776720549E1,-4.733111738660E1));
#2097=LINE('',#2096,#2095);
#2098=DIRECTION('',(5.465069744138E-2,9.985055332400E-1,3.685413446252E-5));
#2099=VECTOR('',#2098,8.986081651885E-1);
#2100=CARTESIAN_POINT('',(2.772067711317E1,8.763380136544E1,-4.783133457763E1));
#2101=LINE('',#2100,#2099);
#2102=CARTESIAN_POINT('',(2.822344475286E1,8.763379456461E1,-4.733120384937E1));
#2103=CARTESIAN_POINT('',(2.822346468721E1,8.763379456461E1,-4.738527739500E1));
#2104=CARTESIAN_POINT('',(2.820679980455E1,8.763380500902E1,-4.748790510516E1));
#2105=CARTESIAN_POINT('',(2.813419550324E1,8.763380082391E1,-4.763072224097E1));
#2106=CARTESIAN_POINT('',(2.802142441610E1,8.763380189773E1,-4.774305213580E1));
#2107=CARTESIAN_POINT('',(2.787796367833E1,8.763380178758E1,-4.781518514719E1));
#2108=CARTESIAN_POINT('',(2.777518585869E1,8.763380136544E1,-4.783153688746E1));
#2109=CARTESIAN_POINT('',(2.772067711317E1,8.763380136544E1,-4.783133457763E1));
#2111=DIRECTION('',(1.768884968745E-3,-9.999984348448E-1,-3.679465489580E-5));
#2112=VECTOR('',#2111,9.000607981866E-1);
#2113=CARTESIAN_POINT('',(2.771908500916E1,8.853386075489E1,-4.783130146020E1));
#2114=LINE('',#2113,#2112);
#2115=CARTESIAN_POINT('',(2.771908579100E1,8.763380170040E1,-4.728130146020E1));
#2116=DIRECTION('',(0.E0,1.E0,0.E0));
#2117=DIRECTION('',(2.483957482892E-3,0.E0,-9.999969149729E-1));
#2118=AXIS2_PLACEMENT_3D('',#2115,#2116,#2117);
#2120=DIRECTION('',(0.E0,1.E0,3.215262850944E-10));
#2121=VECTOR('',#2120,9.627895697477E-1);
#2122=CARTESIAN_POINT('',(2.716908579100E1,8.763380170040E1,-4.407256193123E1));
#2123=LINE('',#2122,#2121);
#2124=DIRECTION('',(0.E0,-1.E0,-4.636261439891E-13));
#2125=VECTOR('',#2124,9.348719316914E-1);
#2126=CARTESIAN_POINT('',(2.716908579100E1,8.856867363209E1,-4.728130146020E1));
#2127=LINE('',#2126,#2125);
#2128=CARTESIAN_POINT('',(2.771908579100E1,8.763380170040E1,-4.407256193300E1));
#2129=DIRECTION('',(0.E0,1.E0,0.E0));
#2130=DIRECTION('',(-1.E0,0.E0,2.909091149790E-9));
#2131=AXIS2_PLACEMENT_3D('',#2128,#2129,#2130);
#2133=DIRECTION('',(6.582498944819E-4,-9.999997833256E-1,7.468048028781E-6));
#2134=VECTOR('',#2133,9.376077887424E-1);
#2135=CARTESIAN_POINT('',(2.771908581822E1,8.857140741635E1,-4.352256193300E1));
#2136=LINE('',#2135,#2134);
#2137=CARTESIAN_POINT('',(2.771970299844E1,8.763379983077E1,-4.352255493090E1));
#2138=CARTESIAN_POINT('',(2.777393609422E1,8.763379983077E1,-4.352242021978E1));
#2139=CARTESIAN_POINT('',(2.787684565090E1,8.763380263455E1,-4.353877459207E1));
#2140=CARTESIAN_POINT('',(2.802004712456E1,8.763380123531E1,-4.361095429414E1));
#2141=CARTESIAN_POINT('',(2.813271363467E1,8.763380262661E1,-4.372318486650E1));
#2142=CARTESIAN_POINT('',(2.820525733109E1,8.763379846067E1,-4.386597894241E1));
#2143=CARTESIAN_POINT('',(2.822191118892E1,8.763380864230E1,-4.396827002968E1));
#2144=CARTESIAN_POINT('',(2.822193775730E1,8.763380864230E1,-4.402233375351E1));
#2146=DIRECTION('',(-5.398070050928E-2,-9.985419790457E-1,7.479649244551E-6));
#2147=VECTOR('',#2146,9.361535391884E-1);
#2148=CARTESIAN_POINT('',(2.777023722227E1,8.856858843848E1,-4.352256193300E1));
#2149=LINE('',#2148,#2147);
#2150=DIRECTION('',(0.E0,0.E0,-1.E0));
#2151=VECTOR('',#2150,3.208739528967E0);
#2152=CARTESIAN_POINT('',(2.716908579100E1,8.763380170040E1,-4.407256193123E1));
#2153=LINE('',#2152,#2151);
#2154=CARTESIAN_POINT('',(-3.937451397706E-1,9.029630833665E1,
-3.874368237560E1));
#2155=CARTESIAN_POINT('',(-1.389772130413E-1,9.029622645171E1,
-3.874368309020E1));
#2156=CARTESIAN_POINT('',(1.157903719376E-1,9.029588762240E1,
-3.874368604712E1));
#2157=CARTESIAN_POINT('',(3.705576151663E-1,9.029529184874E1,
-3.874369124636E1));
#2159=DIRECTION('',(8.726203243944E-3,9.999238504776E-1,8.726203243935E-3));
#2160=VECTOR('',#2159,7.953524144470E-1);
#2161=CARTESIAN_POINT('',(3.636172083472E-1,8.95E1,-3.875063165318E1));
#2162=LINE('',#2161,#2160);
#2163=DIRECTION('',(0.E0,-6.917550992438E-7,9.999999999998E-1));
#2164=VECTOR('',#2163,7.010078420288E-1);
#2165=CARTESIAN_POINT('',(4.75E0,9.175786355132E1,-3.232219339578E1));
#2166=LINE('',#2165,#2164);
#2167=DIRECTION('',(9.311423632889E-8,-4.642755471577E-6,-9.999999999892E-1));
#2168=VECTOR('',#2167,7.533099045908E-1);
#2169=CARTESIAN_POINT('',(4.776155611884E0,9.025940904706E1,-3.159503455728E1));
#2170=LINE('',#2169,#2168);
#2171=DIRECTION('',(1.745086123423E-2,-9.996954941971E-1,-1.744667086195E-2));
#2172=VECTOR('',#2171,1.498612931291E0);
#2173=CARTESIAN_POINT('',(3.350168614813E0,9.177452043849E1,-3.372168947293E1));
#2174=LINE('',#2173,#2172);
#2175=CARTESIAN_POINT('',(3.350168614813E0,9.177452043849E1,-3.372168947293E1));
#2176=CARTESIAN_POINT('',(3.473170576161E0,9.177328128736E1,-3.372168947403E1));
#2177=CARTESIAN_POINT('',(3.710908604799E0,9.177077207652E1,-3.369100921955E1));
#2178=CARTESIAN_POINT('',(4.060235365658E0,9.176675581103E1,-3.354749369745E1));
#2179=CARTESIAN_POINT('',(4.349730809856E0,9.176317658822E1,-3.332385516705E1));
#2180=CARTESIAN_POINT('',(4.574609575660E0,9.176024586158E1,-3.303451082664E1));
#2181=CARTESIAN_POINT('',(4.719645704675E0,9.175828258139E1,-3.268228828583E1));
#2182=CARTESIAN_POINT('',(4.75E0,9.175786363616E1,-3.244484590730E1));
#2183=CARTESIAN_POINT('',(4.75E0,9.175786355132E1,-3.232219339578E1));
#2185=CARTESIAN_POINT('',(4.75E0,9.175786355132E1,-3.232219339578E1));
#2186=CARTESIAN_POINT('',(4.758718560674E0,9.125837755085E1,-3.233091042318E1));
#2187=CARTESIAN_POINT('',(4.767437121350E0,9.075889155027E1,-3.233962744483E1));
#2188=CARTESIAN_POINT('',(4.776155682028E0,9.025940554963E1,-3.234834446186E1));
#2190=CARTESIAN_POINT('',(4.776155682028E0,9.025940554963E1,-3.234834446186E1));
#2191=CARTESIAN_POINT('',(4.776155693448E0,9.025940498018E1,-3.247099657495E1));
#2192=CARTESIAN_POINT('',(4.745801481941E0,9.025983008902E1,-3.270843818895E1));
#2193=CARTESIAN_POINT('',(4.600765523410E0,9.026182651153E1,-3.306065950775E1));
#2194=CARTESIAN_POINT('',(4.375886482524E0,9.026480855953E1,-3.335000305833E1));
#2195=CARTESIAN_POINT('',(4.086390688496E0,9.026845217719E1,-3.357364069980E1));
#2196=CARTESIAN_POINT('',(3.737062653779E0,9.027254297225E1,-3.371715571568E1));
#2197=CARTESIAN_POINT('',(3.499323394738E0,9.027510040887E1,-3.374783555800E1));
#2198=CARTESIAN_POINT('',(3.376320701121E0,9.027636384353E1,-3.374783527950E1));
#2200=CARTESIAN_POINT('',(-3.376317464574E0,9.028555154707E1,
-3.374783325575E1));
#2201=CARTESIAN_POINT('',(-2.626035096213E0,9.029121630386E1,
-3.374783200679E1));
#2202=CARTESIAN_POINT('',(-1.125436708417E0,9.029808881111E1,
-3.374783048973E1));
#2203=CARTESIAN_POINT('',(1.125482395636E0,9.029502618923E1,-3.374783116425E1));
#2204=CARTESIAN_POINT('',(2.626056525783E0,9.028407025818E1,-3.374783358076E1));
#2205=CARTESIAN_POINT('',(3.376320701121E0,9.027636384353E1,-3.374783527950E1));
#2207=CARTESIAN_POINT('',(3.350168614813E0,9.177452043849E1,-3.372168947293E1));
#2208=CARTESIAN_POINT('',(2.605714346624E0,9.178202024855E1,-3.372168946629E1));
#2209=CARTESIAN_POINT('',(1.116762159167E0,9.179268692892E1,-3.372168945525E1));
#2210=CARTESIAN_POINT('',(-1.116721416843E0,9.179568758824E1,
-3.372168945316E1));
#2211=CARTESIAN_POINT('',(-2.605696890478E0,9.178902171918E1,
-3.372168946141E1));
#2212=CARTESIAN_POINT('',(-3.350168623105E0,9.178352226396E1,
-3.372168946667E1));
#2214=CARTESIAN_POINT('',(-4.75E0,9.177062718279E1,-3.232212773882E1));
#2215=CARTESIAN_POINT('',(-4.758717200017E0,9.127121913431E1,
-3.233084381469E1));
#2216=CARTESIAN_POINT('',(-4.767434400036E0,9.077181108574E1,
-3.233955988498E1));
#2217=CARTESIAN_POINT('',(-4.776151600056E0,9.027240303708E1,
-3.234827595049E1));
#2219=CARTESIAN_POINT('',(-4.75E0,9.177062718279E1,-3.232212773882E1));
#2220=CARTESIAN_POINT('',(-4.75E0,9.177062726784E1,-3.244508364831E1));
#2221=CARTESIAN_POINT('',(-4.719322996913E0,9.177096811054E1,
-3.268274148765E1));
#2222=CARTESIAN_POINT('',(-4.575810211375E0,9.177252519625E1,
-3.303196921609E1));
#2223=CARTESIAN_POINT('',(-4.352130127433E0,9.177484024869E1,
-3.332142920047E1));
#2224=CARTESIAN_POINT('',(-4.062735653347E0,9.177764322124E1,
-3.354627993377E1));
#2225=CARTESIAN_POINT('',(-3.710398309937E0,9.178074814589E1,
-3.369132938797E1));
#2226=CARTESIAN_POINT('',(-3.472869565132E0,9.178261586509E1,
-3.372168946754E1));
#2227=CARTESIAN_POINT('',(-3.350168623105E0,9.178352226396E1,
-3.372168946667E1));
#2229=DIRECTION('',(-1.745086090665E-2,-9.996954799224E-1,-1.744748911364E-2));
#2230=VECTOR('',#2229,1.498427018002E0);
#2231=CARTESIAN_POINT('',(-3.350168623105E0,9.178352226396E1,
-3.372168946667E1));
#2232=LINE('',#2231,#2230);
#2233=CARTESIAN_POINT('',(-3.376317464574E0,9.028555154707E1,
-3.374783325575E1));
#2234=CARTESIAN_POINT('',(-3.499019001279E0,9.028462513004E1,
-3.374783346001E1));
#2235=CARTESIAN_POINT('',(-3.736548735966E0,9.028271738053E1,
-3.371747367903E1));
#2236=CARTESIAN_POINT('',(-4.088887058837E0,9.027954935166E1,
-3.357242463966E1));
#2237=CARTESIAN_POINT('',(-4.378281756991E0,9.027669189707E1,
-3.334757468264E1));
#2238=CARTESIAN_POINT('',(-4.601962013659E0,9.027433345865E1,
-3.305811544506E1));
#2239=CARTESIAN_POINT('',(-4.745474667429E0,9.027274849822E1,
-3.270888877423E1));
#2240=CARTESIAN_POINT('',(-4.776151611504E0,9.027240246626E1,
-3.247123154981E1));
#2241=CARTESIAN_POINT('',(-4.776151600056E0,9.027240303708E1,
-3.234827595049E1));
#2243=DIRECTION('',(0.E0,-6.917552503845E-7,9.999999999998E-1));
#2244=VECTOR('',#2243,7.008765411861E-1);
#2245=CARTESIAN_POINT('',(-4.75E0,9.177062718279E1,-3.232212773882E1));
#2246=LINE('',#2245,#2244);
#2247=DIRECTION('',(-9.310975019084E-8,-4.642501902033E-6,-9.999999999892E-1));
#2248=VECTOR('',#2247,7.531728945217E-1);
#2249=CARTESIAN_POINT('',(-4.776151529928E0,9.027240653369E1,
-3.159510305597E1));
#2250=LINE('',#2249,#2248);
#2251=DIRECTION('',(-1.745086057340E-2,-9.996954799313E-1,1.744748893496E-2));
#2252=VECTOR('',#2251,1.498408100815E0);
#2253=CARTESIAN_POINT('',(-3.350168671208E0,9.178351984246E1,
-3.022168946998E1));
#2254=LINE('',#2253,#2252);
#2255=CARTESIAN_POINT('',(-3.350168671208E0,9.178351984246E1,
-3.022168946998E1));
#2256=CARTESIAN_POINT('',(-3.473164071983E0,9.178261126839E1,
-3.022168947037E1));
#2257=CARTESIAN_POINT('',(-3.710892372510E0,9.178074103732E1,
-3.025236937437E1));
#2258=CARTESIAN_POINT('',(-4.060214049921E0,9.177766377768E1,
-3.039588642708E1));
#2259=CARTESIAN_POINT('',(-4.349715361071E0,9.177486280229E1,
-3.061953503933E1));
#2260=CARTESIAN_POINT('',(-4.574599718039E0,9.177253677016E1,
-3.090889179690E1));
#2261=CARTESIAN_POINT('',(-4.719643906555E0,9.177096367293E1,
-3.126113593558E1));
#2262=CARTESIAN_POINT('',(-4.75E0,9.177062661310E1,-3.149859167149E1));
#2263=CARTESIAN_POINT('',(-4.75E0,9.177062669795E1,-3.162125119763E1));
#2265=CARTESIAN_POINT('',(-4.75E0,9.177062669795E1,-3.162125119763E1));
#2266=CARTESIAN_POINT('',(-4.758717176641E0,9.127121997663E1,
-3.161253514501E1));
#2267=CARTESIAN_POINT('',(-4.767434353284E0,9.077181325520E1,
-3.160381909823E1));
#2268=CARTESIAN_POINT('',(-4.776151529928E0,9.027240653369E1,
-3.159510305597E1));
#2270=CARTESIAN_POINT('',(-4.776151529928E0,9.027240653369E1,
-3.159510305597E1));
#2271=CARTESIAN_POINT('',(-4.776151518508E0,9.027240710313E1,
-3.147244389213E1));
#2272=CARTESIAN_POINT('',(-4.745795455800E0,9.027275182026E1,
-3.123498885353E1));
#2273=CARTESIAN_POINT('',(-4.600751351503E0,9.027435684962E1,
-3.088274582685E1));
#2274=CARTESIAN_POINT('',(-4.375866733414E0,9.027672958358E1,
-3.059338981442E1));
#2275=CARTESIAN_POINT('',(-4.086365114893E0,9.027958741940E1,
-3.036974199991E1));
#2276=CARTESIAN_POINT('',(-3.737042436801E0,9.028272876408E1,
-3.022622539906E1));
#2277=CARTESIAN_POINT('',(-3.499313161468E0,9.028463939695E1,
-3.019554580774E1));
#2278=CARTESIAN_POINT('',(-3.376317182057E0,9.028556803698E1,
-3.019554601122E1));
#2280=CARTESIAN_POINT('',(3.350168668156E0,9.177451801681E1,-3.022168947624E1));
#2281=CARTESIAN_POINT('',(2.605714388695E0,9.178201782708E1,-3.022168947251E1));
#2282=CARTESIAN_POINT('',(1.116762178695E0,9.179268450776E1,-3.022168946877E1));
#2283=CARTESIAN_POINT('',(-1.116721431131E0,9.179568516714E1,
-3.022168946668E1));
#2284=CARTESIAN_POINT('',(-2.605696927310E0,9.178901929786E1,
-3.022168946764E1));
#2285=CARTESIAN_POINT('',(-3.350168671208E0,9.178351984246E1,
-3.022168946998E1));
#2287=CARTESIAN_POINT('',(-3.376317182057E0,9.028556803698E1,
-3.019554601122E1));
#2288=CARTESIAN_POINT('',(-2.626034875895E0,9.029123279273E1,
-3.019554725245E1));
#2289=CARTESIAN_POINT('',(-1.125436612505E0,9.029810529865E1,
-3.019554876014E1));
#2290=CARTESIAN_POINT('',(1.125482304941E0,9.029504267701E1,-3.019554808983E1));
#2291=CARTESIAN_POINT('',(2.626056310685E0,9.028408674762E1,-3.019554568831E1));
#2292=CARTESIAN_POINT('',(3.376320423827E0,9.027638033418E1,-3.019554400011E1));
#2294=CARTESIAN_POINT('',(4.75E0,9.175786306639E1,-3.162118555375E1));
#2295=CARTESIAN_POINT('',(4.758718537293E0,9.125837839337E1,-3.161246854963E1));
#2296=CARTESIAN_POINT('',(4.767437074588E0,9.075889372026E1,-3.160375155102E1));
#2297=CARTESIAN_POINT('',(4.776155611884E0,9.025940904706E1,-3.159503455728E1));
#2299=CARTESIAN_POINT('',(4.75E0,9.175786306639E1,-3.162118555375E1));
#2300=CARTESIAN_POINT('',(4.75E0,9.175786298134E1,-3.149823643807E1));
#2301=CARTESIAN_POINT('',(4.719324676885E0,9.175828591621E1,-3.126059169715E1));
#2302=CARTESIAN_POINT('',(4.575819919926E0,9.176022809910E1,-3.091138584626E1));
#2303=CARTESIAN_POINT('',(4.352145965554E0,9.176314380186E1,-3.062193888015E1));
#2304=CARTESIAN_POINT('',(4.062758012749E0,9.176672410697E1,-3.039709839542E1));
#2305=CARTESIAN_POINT('',(3.710415555399E0,9.177077574398E1,-3.025205011712E1));
#2306=CARTESIAN_POINT('',(3.472876553502E0,9.177328182825E1,-3.022168947686E1));
#2307=CARTESIAN_POINT('',(3.350168668156E0,9.177451801681E1,-3.022168947624E1));
#2309=DIRECTION('',(1.745086090112E-2,-9.996954942072E-1,1.744667061803E-2));
#2310=VECTOR('',#2309,1.498594013187E0);
#2311=CARTESIAN_POINT('',(3.350168668156E0,9.177451801681E1,-3.022168947624E1));
#2312=LINE('',#2311,#2310);
#2313=CARTESIAN_POINT('',(3.376320423827E0,9.027638033418E1,-3.019554400011E1));
#2314=CARTESIAN_POINT('',(3.499029073032E0,9.027511991992E1,-3.019554372399E1));
#2315=CARTESIAN_POINT('',(3.736569356626E0,9.027256533699E1,-3.022590396201E1));
#2316=CARTESIAN_POINT('',(4.088913147009E0,9.026843696957E1,-3.037095174561E1));
#2317=CARTESIAN_POINT('',(4.378301442334E0,9.026478986769E1,-3.059579130027E1));
#2318=CARTESIAN_POINT('',(4.601975678298E0,9.026182002628E1,-3.088523739270E1));
#2319=CARTESIAN_POINT('',(4.745480310673E0,9.025984132797E1,-3.123444191768E1));
#2320=CARTESIAN_POINT('',(4.776155600435E0,9.025940961788E1,-3.147208585524E1));
#2321=CARTESIAN_POINT('',(4.776155611884E0,9.025940904706E1,-3.159503455728E1));
#2323=DIRECTION('',(-1.206592594628E-8,6.912564479222E-7,-9.999999999998E-1));
#2324=VECTOR('',#2323,7.291938641065E0);
#2325=CARTESIAN_POINT('',(-1.637162047907E1,9.146626320509E1,
-2.851773061452E1));
#2326=LINE('',#2325,#2324);
#2327=CARTESIAN_POINT('',(8.553719058395E0,9.168680611557E1,-3.307099832388E1));
#2328=CARTESIAN_POINT('',(8.553719058395E0,9.168680618957E1,-3.317797778585E1));
#2329=CARTESIAN_POINT('',(8.566462092443E0,9.168650538743E1,-3.338727839308E1));
#2330=CARTESIAN_POINT('',(8.622232963731E0,9.168518300940E1,-3.369675964920E1));
#2331=CARTESIAN_POINT('',(8.714879488845E0,9.168296831581E1,-3.399926305735E1));
#2332=CARTESIAN_POINT('',(8.885807447928E0,9.167883195169E1,-3.438516891145E1));
#2333=CARTESIAN_POINT('',(9.180583962525E0,9.167155046478E1,-3.482182494480E1));
#2334=CARTESIAN_POINT('',(9.664364957726E0,9.165907228543E1,-3.526196802804E1));
#2335=CARTESIAN_POINT('',(1.015755282799E1,9.164563488459E1,-3.552287338075E1));
#2336=CARTESIAN_POINT('',(1.057151394663E1,9.163383938753E1,-3.565126499545E1));
#2337=CARTESIAN_POINT('',(1.089026759418E1,9.162449462171E1,-3.570889135452E1));
#2338=CARTESIAN_POINT('',(1.120591268942E1,9.161497737363E1,-3.572716865812E1));
#2339=CARTESIAN_POINT('',(1.152174109566E1,9.160519745508E1,-3.570841835590E1));
#2340=CARTESIAN_POINT('',(1.184396893128E1,9.159494883403E1,-3.564946186468E1));
#2341=CARTESIAN_POINT('',(1.226161224590E1,9.158131647536E1,-3.551807737466E1));
#2342=CARTESIAN_POINT('',(1.275158392067E1,9.156470747450E1,-3.525517449654E1));
#2343=CARTESIAN_POINT('',(1.314859012477E1,9.155068299810E1,-3.489246724867E1));
#2344=CARTESIAN_POINT('',(1.340433797135E1,9.154145719329E1,-3.455848570001E1));
#2345=CARTESIAN_POINT('',(1.356444077164E1,9.153560762385E1,-3.428859457734E1));
#2346=CARTESIAN_POINT('',(1.369270224228E1,9.153087298417E1,-3.399891731735E1));
#2347=CARTESIAN_POINT('',(1.378540586622E1,9.152742379620E1,-3.369595221741E1));
#2348=CARTESIAN_POINT('',(1.384101533311E1,9.152534391018E1,-3.338678697927E1));
#2349=CARTESIAN_POINT('',(1.385371905839E1,9.152486744279E1,-3.317778066574E1));
#2350=CARTESIAN_POINT('',(1.385371905839E1,9.152486736892E1,-3.307099832388E1));
#2352=CARTESIAN_POINT('',(1.385371905839E1,9.152486736892E1,-3.307099832388E1));
#2353=CARTESIAN_POINT('',(1.385371905839E1,9.152486729493E1,-3.296403426122E1));
#2354=CARTESIAN_POINT('',(1.384097961664E1,9.152534481961E1,-3.275476346737E1));
#2355=CARTESIAN_POINT('',(1.378522544473E1,9.152742964772E1,-3.244532972346E1));
#2356=CARTESIAN_POINT('',(1.369260967601E1,9.153087517111E1,-3.214287748114E1));
#2357=CARTESIAN_POINT('',(1.352174138664E1,9.153718171507E1,-3.175703376900E1));
#2358=CARTESIAN_POINT('',(1.322706053007E1,9.154791021776E1,-3.132042548782E1));
#2359=CARTESIAN_POINT('',(1.274344510068E1,9.156498957106E1,-3.088030259716E1));
#2360=CARTESIAN_POINT('',(1.225037816405E1,9.158168625857E1,-3.061933640256E1));
#2361=CARTESIAN_POINT('',(1.183646955582E1,9.159518573228E1,-3.049086584139E1));
#2362=CARTESIAN_POINT('',(1.151773538276E1,9.160531901224E1,-3.043317264143E1));
#2363=CARTESIAN_POINT('',(1.120209505008E1,9.161509034601E1,-3.041482741108E1));
#2364=CARTESIAN_POINT('',(1.088625209739E1,9.162461084531E1,-3.043351076872E1));
#2365=CARTESIAN_POINT('',(1.056399189854E1,9.163405429071E1,-3.049240400574E1));
#2366=CARTESIAN_POINT('',(1.014628025013E1,9.164594590962E1,-3.062371850456E1));
#2367=CARTESIAN_POINT('',(9.656170639894E0,9.165928297336E1,-3.088658377967E1));
#2368=CARTESIAN_POINT('',(9.259035463967E0,9.166952342606E1,-3.124932110071E1));
#2369=CARTESIAN_POINT('',(9.003213091589E0,9.167592886428E1,-3.158334016147E1));
#2370=CARTESIAN_POINT('',(8.843065523974E0,9.167986481046E1,-3.185326542236E1));
#2371=CARTESIAN_POINT('',(8.714769658461E0,9.168296963198E1,-3.214298315438E1));
#2372=CARTESIAN_POINT('',(8.622044266764E0,9.168518665005E1,-3.244598822554E1));
#2373=CARTESIAN_POINT('',(8.566424587843E0,9.168650582842E1,-3.275518536673E1));
#2374=CARTESIAN_POINT('',(8.553719058395E0,9.168680604169E1,-3.296420810283E1));
#2375=CARTESIAN_POINT('',(8.553719058395E0,9.168680611557E1,-3.307099832388E1));
#2377=CARTESIAN_POINT('',(-1.295305367236E1,9.159238061293E1,
-3.307099833475E1));
#2378=CARTESIAN_POINT('',(-1.295305367237E1,9.159238073354E1,
-3.324534840945E1));
#2379=CARTESIAN_POINT('',(-1.290405333044E1,9.159397578590E1,
-3.357682726510E1));
#2380=CARTESIAN_POINT('',(-1.268451162914E1,9.160102714552E1,
-3.404722402546E1));
#2381=CARTESIAN_POINT('',(-1.235848206759E1,9.161126492890E1,
-3.441641587810E1));
#2382=CARTESIAN_POINT('',(-1.192971264250E1,9.162429004524E1,
-3.468835425287E1));
#2383=CARTESIAN_POINT('',(-1.146054534920E1,9.163797903442E1,
-3.482493630418E1));
#2384=CARTESIAN_POINT('',(-1.096106084344E1,9.165190651554E1,
-3.482724490534E1));
#2385=CARTESIAN_POINT('',(-1.048816237990E1,9.166447818928E1,
-3.469368202077E1));
#2386=CARTESIAN_POINT('',(-1.005459385650E1,9.167547776802E1,
-3.442272889470E1));
#2387=CARTESIAN_POINT('',(-9.725217252464E0,9.168349340357E1,
-3.405222266836E1));
#2388=CARTESIAN_POINT('',(-9.502868007850E0,9.168874337157E1,
-3.357920889839E1));
#2389=CARTESIAN_POINT('',(-9.453508664928E0,9.168988710306E1,
-3.324616958047E1));
#2390=CARTESIAN_POINT('',(-9.453508664928E0,9.168988698188E1,
-3.307099833474E1));
#2392=CARTESIAN_POINT('',(-9.453508664928E0,9.168988698188E1,
-3.307099833474E1));
#2393=CARTESIAN_POINT('',(-9.453508664928E0,9.168988686125E1,
-3.289660928951E1));
#2394=CARTESIAN_POINT('',(-9.502533526977E0,9.168875027173E1,
-3.256507617164E1));
#2395=CARTESIAN_POINT('',(-9.722102956878E0,9.168356609897E1,
-3.209469510091E1));
#2396=CARTESIAN_POINT('',(-1.004813695705E1,9.167563501142E1,
-3.172553638872E1));
#2397=CARTESIAN_POINT('',(-1.047689330229E1,9.166476680852E1,
-3.145362520502E1));
#2398=CARTESIAN_POINT('',(-1.094605545867E1,9.165231149638E1,
-3.131705461737E1));
#2399=CARTESIAN_POINT('',(-1.144555269424E1,9.163840501360E1,
-3.131475699030E1));
#2400=CARTESIAN_POINT('',(-1.191846481961E1,9.162462428031E1,
-3.144833992422E1));
#2401=CARTESIAN_POINT('',(-1.235204056018E1,9.161146329121E1,
-3.171932679728E1));
#2402=CARTESIAN_POINT('',(-1.268140717123E1,9.160112497576E1,
-3.208986509384E1));
#2403=CARTESIAN_POINT('',(-1.290372006091E1,9.159398608231E1,
-3.256288843125E1));
#2404=CARTESIAN_POINT('',(-1.295305367236E1,9.159238049178E1,
-3.289586878820E1));
#2405=CARTESIAN_POINT('',(-1.295305367236E1,9.159238061293E1,
-3.307099833475E1));
#2407=CARTESIAN_POINT('',(-1.467621577207E1,9.003168786075E1,
-2.647181162760E1));
#2408=CARTESIAN_POINT('',(-1.467306964898E1,9.021192913517E1,
-2.647637401700E1));
#2409=CARTESIAN_POINT('',(-1.466687392105E1,9.056348420798E1,
-2.648701791209E1));
#2410=CARTESIAN_POINT('',(-1.465840414553E1,9.106400809961E1,
-2.649183458648E1));
#2411=CARTESIAN_POINT('',(-1.465223831624E1,9.137987079471E1,
-2.651902595825E1));
#2412=CARTESIAN_POINT('',(-1.464955195995E1,9.153377204611E1,
-2.652292161111E1));
#2414=DIRECTION('',(2.933968607617E-4,1.195208014041E-4,9.999999498165E-1));
#2415=VECTOR('',#2414,1.527078526726E0);
#2416=CARTESIAN_POINT('',(-1.465E1,9.153358952846E1,-2.805000006121E1));
#2417=LINE('',#2416,#2415);
#2418=CARTESIAN_POINT('',(-1.465E1,9.153358952846E1,-2.805000006121E1));
#2419=CARTESIAN_POINT('',(-1.465873864051E1,9.103295315522E1,
-2.805873307969E1));
#2420=CARTESIAN_POINT('',(-1.466747728101E1,9.053231678189E1,
-2.806746609295E1));
#2421=CARTESIAN_POINT('',(-1.467621592152E1,9.003168040847E1,
-2.807619910099E1));
#2423=CARTESIAN_POINT('',(-1.467621577207E1,9.003168786075E1,
-2.647181162760E1));
#2424=CARTESIAN_POINT('',(-1.289247547154E1,9.009839589556E1,
-2.647350018663E1));
#2425=CARTESIAN_POINT('',(-1.110835263790E1,9.015249699407E1,
-2.647486963033E1));
#2426=CARTESIAN_POINT('',(-9.323847270836E0,9.019399114593E1,
-2.647591995845E1));
#2428=CARTESIAN_POINT('',(-9.350049040635E0,9.169508955865E1,
-2.651395652826E1));
#2429=CARTESIAN_POINT('',(-9.908595883658E0,9.169871998950E1,
-2.651404842419E1));
#2430=CARTESIAN_POINT('',(-1.102573070942E1,9.171042774144E1,
-2.651428648078E1));
#2431=CARTESIAN_POINT('',(-1.270096785619E1,9.170761560162E1,
-2.651423914716E1));
#2432=CARTESIAN_POINT('',(-1.381767876882E1,9.170339648475E1,
-2.651412705019E1));
#2433=CARTESIAN_POINT('',(-1.437598941138E1,9.169976432417E1,
-2.651403511048E1));
#2435=CARTESIAN_POINT('',(-1.437598941138E1,9.169976432417E1,
-2.651403511048E1));
#2436=CARTESIAN_POINT('',(-1.446663927788E1,9.169976418358E1,
-2.651403510692E1));
#2437=CARTESIAN_POINT('',(-1.453992022765E1,9.185116047689E1,
-2.651786735259E1));
#2438=CARTESIAN_POINT('',(-1.461074133133E1,9.200600443238E1,
-2.652178686782E1));
#2439=CARTESIAN_POINT('',(-1.464025836039E1,9.209168663240E1,
-2.652395571378E1));
#2441=CARTESIAN_POINT('',(-1.464955195995E1,9.153377204611E1,
-2.652292161111E1));
#2442=CARTESIAN_POINT('',(-1.464794807911E1,9.162549190594E1,
-2.652524328642E1));
#2443=CARTESIAN_POINT('',(-1.464538490803E1,9.181084015937E1,
-2.651030263248E1));
#2444=CARTESIAN_POINT('',(-1.464189975682E1,9.199759562077E1,
-2.652157401828E1));
#2445=CARTESIAN_POINT('',(-1.464025836039E1,9.209168663240E1,
-2.652395571378E1));
#2447=DIRECTION('',(9.305373173352E-8,-4.639291138840E-6,-9.999999999892E-1));
#2448=VECTOR('',#2447,1.600243367123E0);
#2449=CARTESIAN_POINT('',(-9.323847270836E0,9.019399114593E1,
-2.647591995845E1));
#2450=LINE('',#2449,#2448);
#2451=DIRECTION('',(-3.192654047327E-5,1.828378526469E-3,9.999983280049E-1));
#2452=VECTOR('',#2451,1.536045991457E0);
#2453=CARTESIAN_POINT('',(-9.35E0,9.169228108515E1,-2.804999995146E1));
#2454=LINE('',#2453,#2452);
#2455=DIRECTION('',(-1.744680767427E-2,9.995269597585E-1,-2.532717153418E-2));
#2456=VECTOR('',#2455,1.501808828735E0);
#2457=CARTESIAN_POINT('',(-9.323847270836E0,9.019399114593E1,
-2.647591995845E1));
#2458=LINE('',#2457,#2456);
#2459=CARTESIAN_POINT('',(-9.35E0,9.169228108515E1,-2.804999995146E1));
#2460=CARTESIAN_POINT('',(-9.939001339018E0,9.167871751772E1,
-2.804999996084E1));
#2461=CARTESIAN_POINT('',(-1.111694154435E1,9.164887749532E1,
-2.804999998080E1));
#2462=CARTESIAN_POINT('',(-1.288362695047E1,9.159597974866E1,
-2.805000001739E1));
#2463=CARTESIAN_POINT('',(-1.406124230063E1,9.155529019031E1,
-2.805000004620E1));
#2464=CARTESIAN_POINT('',(-1.465E1,9.153358952846E1,-2.805000006121E1));
#2466=CARTESIAN_POINT('',(-9.323847121927E0,9.019398372193E1,
-2.807616332555E1));
#2467=CARTESIAN_POINT('',(-9.332564747953E0,9.069341617643E1,
-2.806744220604E1));
#2468=CARTESIAN_POINT('',(-9.341282373977E0,9.119284863083E1,
-2.805872108134E1));
#2469=CARTESIAN_POINT('',(-9.35E0,9.169228108515E1,-2.804999995146E1));
#2471=CARTESIAN_POINT('',(-1.467621592152E1,9.003168040847E1,
-2.807619910099E1));
#2472=CARTESIAN_POINT('',(-1.408164560237E1,9.005391605715E1,
-2.807619419769E1));
#2473=CARTESIAN_POINT('',(-1.289240021808E1,9.009558649802E1,
-2.807618500969E1));
#2474=CARTESIAN_POINT('',(-1.110825748922E1,9.014968820279E1,
-2.807617308519E1));
#2475=CARTESIAN_POINT('',(-9.918672295942E0,9.018015256790E1,
-2.807616637299E1));
#2476=CARTESIAN_POINT('',(-9.323847121927E0,9.019398372193E1,
-2.807616332555E1));
#2478=CARTESIAN_POINT('',(-9.350049040635E0,9.169508955865E1,
-2.651395652826E1));
#2479=CARTESIAN_POINT('',(-6.717861455502E0,9.175570377294E1,
-2.651291834524E1));
#2480=CARTESIAN_POINT('',(-1.453470573842E0,9.181861842354E1,
-2.651207411959E1));
#2481=CARTESIAN_POINT('',(6.444685340812E0,9.175832783862E1,-2.651301205513E1));
#2482=CARTESIAN_POINT('',(1.170729783831E1,9.160831487211E1,-2.651560340904E1));
#2483=CARTESIAN_POINT('',(1.433822004570E1,9.150640134698E1,-2.651734941942E1));
#2485=CARTESIAN_POINT('',(-1.439503625504E1,9.279095726677E1,
-2.649534234772E1));
#2486=CARTESIAN_POINT('',(-1.320693143197E1,9.282197664528E1,
-2.649481104617E1));
#2487=CARTESIAN_POINT('',(-1.082818353405E1,9.287639593481E1,
-2.649387896907E1));
#2488=CARTESIAN_POINT('',(-7.252416840040E0,9.293502892903E1,
-2.649287478766E1));
#2489=CARTESIAN_POINT('',(-3.669081088789E0,9.297052407210E1,
-2.649226697115E1));
#2490=CARTESIAN_POINT('',(-7.821933306666E-2,9.298273836283E1,
-2.649205797048E1));
#2491=CARTESIAN_POINT('',(3.520116323719E0,9.297152665111E1,-2.649225026750E1));
#2492=CARTESIAN_POINT('',(7.125873322283E0,9.293674193395E1,-2.649284639786E1));
#2493=CARTESIAN_POINT('',(1.073900626205E1,9.287823500368E1,-2.649384885256E1));
#2494=CARTESIAN_POINT('',(1.315262729196E1,9.282331524958E1,-2.649478991897E1));
#2495=CARTESIAN_POINT('',(1.436065764741E1,9.279185077355E1,-2.649532900303E1));
#2497=CARTESIAN_POINT('',(-5.735000002005E-5,-4.585708278020E2,
-2.619297150801E1));
#2498=DIRECTION('',(0.E0,0.E0,-1.E0));
#2499=DIRECTION('',(-2.609939566845E-2,9.996593527526E-1,0.E0));
#2500=AXIS2_PLACEMENT_3D('',#2497,#2498,#2499);
#2502=CARTESIAN_POINT('',(-1.439503623524E1,9.278581884631E1,
-2.619538635656E1));
#2503=DIRECTION('',(9.996592528679E-1,2.609939306008E-2,4.470317822007E-4));
#2504=DIRECTION('',(-6.600242722736E-8,1.712806819981E-2,-9.998533038800E-1));
#2505=AXIS2_PLACEMENT_3D('',#2502,#2503,#2504);
#2507=CARTESIAN_POINT('',(1.436065764741E1,9.279185077355E1,-2.649532900303E1));
#2508=CARTESIAN_POINT('',(1.443555211056E1,9.278980350927E1,-2.649536360831E1));
#2509=CARTESIAN_POINT('',(1.459007429233E1,9.278551749661E1,-2.650382821251E1));
#2510=CARTESIAN_POINT('',(1.483373608837E1,9.277854281290E1,-2.654684526361E1));
#2511=CARTESIAN_POINT('',(1.508140526080E1,9.277121987623E1,-2.662396218064E1));
#2512=CARTESIAN_POINT('',(1.532531114023E1,9.276376732728E1,-2.673704581959E1));
#2513=CARTESIAN_POINT('',(1.555706623082E1,9.275644625743E1,-2.688572698316E1));
#2514=CARTESIAN_POINT('',(1.576908443709E1,9.274951661549E1,-2.706764323146E1));
#2515=CARTESIAN_POINT('',(1.595481572943E1,9.274322349244E1,-2.727878441221E1));
#2516=CARTESIAN_POINT('',(1.610848357968E1,9.273780102575E1,-2.751283169902E1));
#2517=CARTESIAN_POINT('',(1.622607410866E1,9.273343472054E1,-2.776134127036E1));
#2518=CARTESIAN_POINT('',(1.630628549094E1,9.273022190840E1,-2.801468987598E1));
#2519=CARTESIAN_POINT('',(1.635070957883E1,9.272815660504E1,-2.826374881970E1));
#2520=CARTESIAN_POINT('',(1.635924096673E1,9.272747963049E1,-2.842044984984E1));
#2521=CARTESIAN_POINT('',(1.635923723458E1,9.272728529915E1,-2.849613034023E1));
#2523=CARTESIAN_POINT('',(1.436846884807E1,9.308661061717E1,-2.619537294312E1));
#2524=CARTESIAN_POINT('',(1.445513261071E1,9.308435351330E1,-2.619541052202E1));
#2525=CARTESIAN_POINT('',(1.463225643959E1,9.307969952255E1,-2.620514376599E1));
#2526=CARTESIAN_POINT('',(1.491293466255E1,9.307218507136E1,-2.625461465064E1));
#2527=CARTESIAN_POINT('',(1.519786079969E1,9.306440871367E1,-2.634330270825E1));
#2528=CARTESIAN_POINT('',(1.547854184918E1,9.305660278871E1,-2.647335002892E1));
#2529=CARTESIAN_POINT('',(1.574520766591E1,9.304905265228E1,-2.664432851061E1));
#2530=CARTESIAN_POINT('',(1.598916519296E1,9.304203127963E1,-2.685351900705E1));
#2531=CARTESIAN_POINT('',(1.620287055487E1,9.303579093861E1,-2.709630966716E1));
#2532=CARTESIAN_POINT('',(1.637968375355E1,9.303056460673E1,-2.736542488273E1));
#2533=CARTESIAN_POINT('',(1.651499107586E1,9.302652655003E1,-2.765119594855E1));
#2534=CARTESIAN_POINT('',(1.660729583770E1,9.302375281619E1,-2.794243609435E1));
#2535=CARTESIAN_POINT('',(1.665842578538E1,9.302220977159E1,-2.822913226021E1));
#2536=CARTESIAN_POINT('',(1.666825373964E1,9.302191277241E1,-2.840859219436E1));
#2537=CARTESIAN_POINT('',(1.666825295958E1,9.302191269721E1,-2.849613032025E1));
#2539=CARTESIAN_POINT('',(1.436065766674E1,9.278671234968E1,-2.619537325933E1));
#2540=DIRECTION('',(9.996608732626E-1,-2.603727067815E-2,-4.460981411846E-4));
#2541=DIRECTION('',(-6.391026068860E-8,1.712809368722E-2,-9.998533034434E-1));
#2542=AXIS2_PLACEMENT_3D('',#2539,#2540,#2541);
#2544=DIRECTION('',(1.744984587953E-2,9.997010671210E-1,1.712539856263E-2));
#2545=VECTOR('',#2544,1.285833804571E0);
#2546=CARTESIAN_POINT('',(1.433822004570E1,9.150640134698E1,-2.651734941942E1));
#2547=LINE('',#2546,#2545);
#2548=CARTESIAN_POINT('',(1.433822004570E1,9.150640134698E1,-2.651734941942E1));
#2549=CARTESIAN_POINT('',(1.450967951761E1,9.149975955455E1,-2.651746320842E1));
#2550=CARTESIAN_POINT('',(1.485480821341E1,9.148615831236E1,-2.656130319990E1));
#2551=CARTESIAN_POINT('',(1.535326454161E1,9.146582903823E1,-2.676802716327E1));
#2552=CARTESIAN_POINT('',(1.576556338773E1,9.144850777852E1,-2.708728505775E1));
#2553=CARTESIAN_POINT('',(1.608553742550E1,9.143475933608E1,-2.750027171712E1));
#2554=CARTESIAN_POINT('',(1.629279908786E1,9.142570529978E1,-2.800058893996E1));
#2555=CARTESIAN_POINT('',(1.633648446573E1,9.142378061513E1,-2.834661384840E1));
#2556=CARTESIAN_POINT('',(1.633648447924E1,9.142378073341E1,-2.851846012022E1));
#2558=DIRECTION('',(1.744984587886E-2,9.997010662057E-1,1.712545199441E-2));
#2559=VECTOR('',#2558,1.303894343819E0);
#2560=CARTESIAN_POINT('',(1.633648447924E1,9.142378073341E1,-2.851846012022E1));
#2561=LINE('',#2560,#2559);
#2562=DIRECTION('',(-7.862238612721E-8,-6.882989185071E-7,9.999999999998E-1));
#2563=VECTOR('',#2562,7.290479295565E0);
#2564=CARTESIAN_POINT('',(1.633648505243E1,9.142378575144E1,-3.580893941579E1));
#2565=LINE('',#2564,#2563);
#2566=DIRECTION('',(6.657296952819E-8,-2.011728747588E-9,-1.E0));
#2567=VECTOR('',#2566,7.335138979063E0);
#2568=CARTESIAN_POINT('',(1.635923723458E1,9.272728529915E1,-2.849613034023E1));
#2569=LINE('',#2568,#2567);
#2570=DIRECTION('',(6.660910384067E-8,-2.012819485095E-9,-1.E0));
#2571=VECTOR('',#2570,7.335138979063E0);
#2572=CARTESIAN_POINT('',(1.666825295958E1,9.302191269721E1,-2.849613032025E1));
#2573=LINE('',#2572,#2571);
#2574=CARTESIAN_POINT('',(1.665919154313E1,9.272204957722E1,-2.849613032025E1));
#2575=DIRECTION('',(6.657296896999E-8,-2.011731822394E-9,-1.E0));
#2576=DIRECTION('',(-9.998476951564E-1,1.745240643719E-2,-6.659793901539E-8));
#2577=AXIS2_PLACEMENT_3D('',#2574,#2575,#2576);
#2579=CARTESIAN_POINT('',(1.635923772290E1,9.272728528439E1,-3.583126931930E1));
#2580=CARTESIAN_POINT('',(1.635924137099E1,9.272747464163E1,-3.590501247779E1));
#2581=CARTESIAN_POINT('',(1.635112689174E1,9.272812714398E1,-3.605741035333E1));
#2582=CARTESIAN_POINT('',(1.630935812889E1,9.273008694806E1,-3.629852602335E1));
#2583=CARTESIAN_POINT('',(1.623402347497E1,9.273312590430E1,-3.654448882437E1));
#2584=CARTESIAN_POINT('',(1.612299081128E1,9.273727340649E1,-3.678762555690E1));
#2585=CARTESIAN_POINT('',(1.597632915019E1,9.274247696726E1,-3.701953640008E1));
#2586=CARTESIAN_POINT('',(1.579620505818E1,9.274861184147E1,-3.723242394867E1));
#2587=CARTESIAN_POINT('',(1.558647039733E1,9.275550022438E1,-3.741957534508E1));
#2588=CARTESIAN_POINT('',(1.535296469907E1,9.276290831765E1,-3.757521817311E1));
#2589=CARTESIAN_POINT('',(1.510389570270E1,9.277054524016E1,-3.769499626681E1));
#2590=CARTESIAN_POINT('',(1.484879503544E1,9.277810692646E1,-3.777721914686E1));
#2591=CARTESIAN_POINT('',(1.459688327831E1,9.278532790102E1,-3.782309499295E1));
#2592=CARTESIAN_POINT('',(1.443770199913E1,9.278974479100E1,-3.783203544433E1));
#2593=CARTESIAN_POINT('',(1.436065814658E1,9.279185080762E1,-3.783207100274E1));
#2595=CARTESIAN_POINT('',(1.666825344817E1,9.302191268245E1,-3.583126929932E1));
#2596=CARTESIAN_POINT('',(1.666825422305E1,9.302191275585E1,-3.591653363662E1));
#2597=CARTESIAN_POINT('',(1.665890641965E1,9.302219523082E1,-3.609111498338E1));
#2598=CARTESIAN_POINT('',(1.661083079160E1,9.302364620294E1,-3.636865502996E1));
#2599=CARTESIAN_POINT('',(1.652413409576E1,9.302625228622E1,-3.665141643813E1));
#2600=CARTESIAN_POINT('',(1.639636680947E1,9.303006820779E1,-3.693101320789E1));
#2601=CARTESIAN_POINT('',(1.622760854037E1,9.303506283185E1,-3.719767500276E1));
#2602=CARTESIAN_POINT('',(1.602035114168E1,9.304112575627E1,-3.744247071829E1));
#2603=CARTESIAN_POINT('',(1.577902349496E1,9.304808632745E1,-3.765767336581E1));
#2604=CARTESIAN_POINT('',(1.551035045594E1,9.305571001918E1,-3.783664987055E1));
#2605=CARTESIAN_POINT('',(1.522373304427E1,9.306369660326E1,-3.797439110598E1));
#2606=CARTESIAN_POINT('',(1.493026834377E1,9.307171786328E1,-3.806894931304E1));
#2607=CARTESIAN_POINT('',(1.464006935037E1,9.307949371234E1,-3.812170775817E1));
#2608=CARTESIAN_POINT('',(1.445765661151E1,9.308428781821E1,-3.813198841183E1));
#2609=CARTESIAN_POINT('',(1.436846934887E1,9.308661063208E1,-3.813202699311E1));
#2611=CARTESIAN_POINT('',(1.665919103419E1,9.272204960316E1,-3.583126929946E1));
#2612=DIRECTION('',(7.041585879968E-8,-9.451527200865E-10,-1.E0));
#2613=DIRECTION('',(-9.998476965113E-1,1.745232881688E-2,-7.042163687531E-8));
#2614=AXIS2_PLACEMENT_3D('',#2611,#2612,#2613);
#2616=DIRECTION('',(-1.744984811149E-2,-9.997010634121E-1,1.712561279748E-2));
#2617=VECTOR('',#2616,1.303889313172E0);
#2618=CARTESIAN_POINT('',(1.635923772290E1,9.272728528439E1,-3.583126931930E1));
#2619=LINE('',#2618,#2617);
#2620=CARTESIAN_POINT('',(1.633648505243E1,9.142378575144E1,-3.580893941579E1));
#2621=CARTESIAN_POINT('',(1.633648506594E1,9.142378586972E1,-3.598078570760E1));
#2622=CARTESIAN_POINT('',(1.629279973486E1,9.142571103111E1,-3.632681066149E1));
#2623=CARTESIAN_POINT('',(1.608553811410E1,9.143476575815E1,-3.682712796540E1));
#2624=CARTESIAN_POINT('',(1.576556409013E1,9.144851477196E1,-3.724011469547E1));
#2625=CARTESIAN_POINT('',(1.535326523355E1,9.146583647456E1,-3.755937264963E1));
#2626=CARTESIAN_POINT('',(1.485480887621E1,9.148616603678E1,-3.776609665256E1));
#2627=CARTESIAN_POINT('',(1.450968015922E1,9.149976734104E1,-3.780993665317E1));
#2628=CARTESIAN_POINT('',(1.433822067725E1,9.150640913430E1,-3.781005044362E1));
#2630=DIRECTION('',(-1.744984811150E-2,-9.997010634121E-1,1.712561279749E-2));
#2631=VECTOR('',#2630,1.285826053770E0);
#2632=CARTESIAN_POINT('',(1.436065814658E1,9.279185080762E1,-3.783207100274E1));
#2633=LINE('',#2632,#2631);
#2634=CARTESIAN_POINT('',(1.433822067725E1,9.150640913430E1,-3.781005044362E1));
#2635=CARTESIAN_POINT('',(4.768190806912E0,9.187712155659E1,-3.781640166999E1));
#2636=CARTESIAN_POINT('',(-4.802304497219E0,9.188955062019E1,
-3.781661523913E1));
#2637=CARTESIAN_POINT('',(-1.437326523519E1,9.154369629436E1,
-3.781069115051E1));
#2639=CARTESIAN_POINT('',(1.436065814658E1,9.279185080762E1,-3.783207100274E1));
#2640=CARTESIAN_POINT('',(1.315260156572E1,9.282331596781E1,-3.783261010613E1));
#2641=CARTESIAN_POINT('',(1.073893463154E1,9.287823657650E1,-3.783355110050E1));
#2642=CARTESIAN_POINT('',(7.125752487906E0,9.293674362921E1,-3.783455361471E1));
#2643=CARTESIAN_POINT('',(3.519965939926E0,9.297152770211E1,-3.783514973660E1));
#2644=CARTESIAN_POINT('',(-7.837960868588E-2,9.298273838848E1,
-3.783534202756E1));
#2645=CARTESIAN_POINT('',(-3.669231597995E0,9.297052307658E1,
-3.783513301713E1));
#2646=CARTESIAN_POINT('',(-7.252537925245E0,9.293502730021E1,
-3.783452518098E1));
#2647=CARTESIAN_POINT('',(-1.082825554077E1,9.287639444138E1,
-3.783352104035E1));
#2648=CARTESIAN_POINT('',(-1.320695761793E1,9.282197601107E1,
-3.783258887364E1));
#2649=CARTESIAN_POINT('',(-1.439503625728E1,9.279095731617E1,
-3.783205758131E1));
#2651=CARTESIAN_POINT('',(-5.735000002005E-5,-4.585708278020E2,
-3.813442848112E1));
#2652=DIRECTION('',(0.E0,0.E0,1.E0));
#2653=DIRECTION('',(2.603727308986E-2,9.996609727353E-1,0.E0));
#2654=AXIS2_PLACEMENT_3D('',#2651,#2652,#2653);
#2656=CARTESIAN_POINT('',(1.436065816690E1,9.278671233869E1,-3.813202699307E1));
#2657=DIRECTION('',(-9.996608732640E-1,2.603727049839E-2,-4.461054900007E-4));
#2658=DIRECTION('',(-6.771892084127E-8,1.712822973876E-2,9.998533011127E-1));
#2659=AXIS2_PLACEMENT_3D('',#2656,#2657,#2658);
#2661=CARTESIAN_POINT('',(-1.439503625728E1,9.279095731617E1,
-3.783205758131E1));
#2662=CARTESIAN_POINT('',(-1.446993030282E1,9.278890470708E1,
-3.783202289412E1));
#2663=CARTESIAN_POINT('',(-1.462445181055E1,9.278460766196E1,
-3.782355819606E1));
#2664=CARTESIAN_POINT('',(-1.486811315588E1,9.277761556388E1,
-3.778054103730E1));
#2665=CARTESIAN_POINT('',(-1.511578225896E1,9.277027491359E1,
-3.770342391170E1));
#2666=CARTESIAN_POINT('',(-1.535968831448E1,9.276280491068E1,
-3.759033988133E1));
#2667=CARTESIAN_POINT('',(-1.559144366842E1,9.275546725078E1,
-3.744165812668E1));
#2668=CARTESIAN_POINT('',(-1.580346208670E1,9.274852242980E1,
-3.725974113675E1));
#2669=CARTESIAN_POINT('',(-1.598919343474E1,9.274221601126E1,
-3.704859917465E1));
#2670=CARTESIAN_POINT('',(-1.614286114731E1,9.273678254799E1,
-3.681455120582E1));
#2671=CARTESIAN_POINT('',(-1.626045136969E1,9.273240783245E1,
-3.656604119962E1));
#2672=CARTESIAN_POINT('',(-1.634066235601E1,9.272918928771E1,
-3.631269254774E1));
#2673=CARTESIAN_POINT('',(-1.638508608158E1,9.272712081228E1,
-3.606363404657E1));
#2674=CARTESIAN_POINT('',(-1.639361734838E1,9.272644322860E1,
-3.590693370864E1));
#2675=CARTESIAN_POINT('',(-1.639361361112E1,9.272624889674E1,
-3.583125365170E1));
#2677=CARTESIAN_POINT('',(-1.440286605486E1,9.308571662553E1,
-3.813201364037E1));
#2678=CARTESIAN_POINT('',(-1.448952935014E1,9.308345414450E1,
-3.813197598054E1));
#2679=CARTESIAN_POINT('',(-1.466665243785E1,9.307878915859E1,
-3.812224265765E1));
#2680=CARTESIAN_POINT('',(-1.494733019029E1,9.307125726534E1,
-3.807277169233E1));
#2681=CARTESIAN_POINT('',(-1.523225629673E1,9.306346318901E1,
-3.798408343855E1));
#2682=CARTESIAN_POINT('',(-1.551293759486E1,9.305563980080E1,
-3.785403571081E1));
#2683=CARTESIAN_POINT('',(-1.577960375656E1,9.304807306902E1,
-3.768305659124E1));
#2684=CARTESIAN_POINT('',(-1.602356156465E1,9.304103651431E1,
-3.747386528166E1));
#2685=CARTESIAN_POINT('',(-1.623726702259E1,9.303478287762E1,
-3.723107375939E1));
#2686=CARTESIAN_POINT('',(-1.641408008942E1,9.302954555119E1,
-3.696195779094E1));
#2687=CARTESIAN_POINT('',(-1.654938708E1,9.302549908764E1,-3.667618624977E1));
#2688=CARTESIAN_POINT('',(-1.664169140147E1,9.302271962522E1,
-3.638494606659E1));
#2689=CARTESIAN_POINT('',(-1.669282094119E1,9.302117341240E1,
-3.609825041917E1));
#2690=CARTESIAN_POINT('',(-1.670264875797E1,9.302087580607E1,
-3.591879127688E1));
#2691=CARTESIAN_POINT('',(-1.670264797198E1,9.302087573108E1,
-3.583125365170E1));
#2693=CARTESIAN_POINT('',(-1.439503623649E1,9.278581884403E1,
-3.813201332425E1));
#2694=DIRECTION('',(-9.996592528391E-1,-2.609939414825E-2,4.470328358506E-4));
#2695=DIRECTION('',(-6.983373062242E-8,1.712825454262E-2,9.998533006878E-1));
#2696=AXIS2_PLACEMENT_3D('',#2693,#2694,#2695);
#2698=DIRECTION('',(-1.744984697102E-2,9.997010643344E-1,-1.712556011652E-2));
#2699=VECTOR('',#2698,1.247633984098E0);
#2700=CARTESIAN_POINT('',(-1.437326523519E1,9.154369629436E1,
-3.781069115051E1));
#2701=LINE('',#2700,#2699);
#2702=CARTESIAN_POINT('',(-1.437326523519E1,9.154369629436E1,
-3.781069115051E1));
#2703=CARTESIAN_POINT('',(-1.454472873941E1,9.153750032342E1,
-3.781058502062E1));
#2704=CARTESIAN_POINT('',(-1.488986799288E1,9.152479637680E1,
-3.776676205493E1));
#2705=CARTESIAN_POINT('',(-1.538834132107E1,9.150576293204E1,
-3.756006669666E1));
#2706=CARTESIAN_POINT('',(-1.580065990293E1,9.148951321116E1,
-3.724083233420E1));
#2707=CARTESIAN_POINT('',(-1.612065052446E1,9.147659614948E1,
-3.682786655027E1));
#2708=CARTESIAN_POINT('',(-1.632792974138E1,9.146808006599E1,
-3.632755557234E1));
#2709=CARTESIAN_POINT('',(-1.637162056912E1,9.146626836448E1,
-3.598152232959E1));
#2710=CARTESIAN_POINT('',(-1.637162056705E1,9.146626824568E1,
-3.580966925558E1));
#2712=DIRECTION('',(-1.744984697033E-2,9.997010633914E-1,-1.712561516795E-2));
#2713=VECTOR('',#2712,1.260357418029E0);
#2714=CARTESIAN_POINT('',(-1.637162056705E1,9.146626824568E1,
-3.580966925558E1));
#2715=LINE('',#2714,#2713);
#2716=DIRECTION('',(0.E0,0.E0,1.E0));
#2717=VECTOR('',#2716,7.335107316820E0);
#2718=CARTESIAN_POINT('',(-1.639361361112E1,9.272624889674E1,
-3.583125365170E1));
#2719=LINE('',#2718,#2717);
#2720=DIRECTION('',(7.216722472859E-14,0.E0,1.E0));
#2721=VECTOR('',#2720,7.335107316820E0);
#2722=CARTESIAN_POINT('',(-1.670264797198E1,9.302087573108E1,
-3.583125365170E1));
#2723=LINE('',#2722,#2721);
#2724=CARTESIAN_POINT('',(-1.669356791967E1,9.272101317481E1,
-3.583125365170E1));
#2725=DIRECTION('',(0.E0,0.E0,1.E0));
#2726=DIRECTION('',(9.998476951564E-1,1.745240643714E-2,0.E0));
#2727=AXIS2_PLACEMENT_3D('',#2724,#2725,#2726);
#2729=CARTESIAN_POINT('',(-1.639361361112E1,9.272624889674E1,
-2.849614633488E1));
#2730=CARTESIAN_POINT('',(-1.639361725430E1,9.272643825136E1,
-2.842240355409E1));
#2731=CARTESIAN_POINT('',(-1.638550286055E1,9.272709132699E1,
-2.827000624355E1));
#2732=CARTESIAN_POINT('',(-1.634373433269E1,9.272905410603E1,
-2.802889077161E1));
#2733=CARTESIAN_POINT('',(-1.626839987113E1,9.273209844093E1,
-2.778292770026E1));
#2734=CARTESIAN_POINT('',(-1.615736725762E1,9.273625388079E1,
-2.753979037891E1));
#2735=CARTESIAN_POINT('',(-1.601070547124E1,9.274146793378E1,
-2.730787881039E1));
#2736=CARTESIAN_POINT('',(-1.583058111803E1,9.274761569784E1,
-2.709499056709E1));
#2737=CARTESIAN_POINT('',(-1.562084616905E1,9.275451908872E1,
-2.690783863694E1));
#2738=CARTESIAN_POINT('',(-1.538734028193E1,9.276194388631E1,
-2.675219548347E1));
#2739=CARTESIAN_POINT('',(-1.513827131387E1,9.276959861910E1,
-2.663241725376E1));
#2740=CARTESIAN_POINT('',(-1.488317100744E1,9.277717853717E1,
-2.655019436122E1));
#2741=CARTESIAN_POINT('',(-1.463126002505E1,9.278441750412E1,
-2.650431851776E1));
#2742=CARTESIAN_POINT('',(-1.447207960462E1,9.278884575402E1,
-2.649537798968E1));
#2743=CARTESIAN_POINT('',(-1.439503625504E1,9.279095726677E1,
-2.649534234772E1));
#2745=CARTESIAN_POINT('',(-1.670264797198E1,9.302087573108E1,
-2.849614633488E1));
#2746=CARTESIAN_POINT('',(-1.670264874127E1,9.302087580461E1,
-2.841088243260E1));
#2747=CARTESIAN_POINT('',(-1.669330103474E1,9.302115885810E1,
-2.823630173375E1));
#2748=CARTESIAN_POINT('',(-1.664522566899E1,9.302261281279E1,
-2.795876192285E1));
#2749=CARTESIAN_POINT('',(-1.655852918054E1,9.302522428270E1,
-2.767600021842E1));
#2750=CARTESIAN_POINT('',(-1.643076193238E1,9.302904815065E1,
-2.739640279424E1));
#2751=CARTESIAN_POINT('',(-1.626200349403E1,9.303405327675E1,
-2.712974019473E1));
#2752=CARTESIAN_POINT('',(-1.605474576423E1,9.304012910209E1,
-2.688494371525E1));
#2753=CARTESIAN_POINT('',(-1.581341774986E1,9.304710469355E1,
-2.666974049295E1));
#2754=CARTESIAN_POINT('',(-1.554474445175E1,9.305474510223E1,
-2.649076365573E1));
#2755=CARTESIAN_POINT('',(-1.525812702601E1,9.306274951143E1,
-2.635302230730E1));
#2756=CARTESIAN_POINT('',(-1.496466268974E1,9.307078901132E1,
-2.625846413030E1));
#2757=CARTESIAN_POINT('',(-1.467446453892E1,9.307858288397E1,
-2.620570573238E1));
#2758=CARTESIAN_POINT('',(-1.449205274948E1,9.308338830830E1,
-2.619542502031E1));
#2759=CARTESIAN_POINT('',(-1.440286605398E1,9.308571665356E1,
-2.619538635652E1));
#2761=CARTESIAN_POINT('',(-1.669356692249E1,9.272101321557E1,
-2.849614633473E1));
#2762=DIRECTION('',(-3.849945156089E-9,1.066128179112E-9,1.E0));
#2763=DIRECTION('',(9.998476965148E-1,1.745232861647E-2,3.830750713086E-9));
#2764=AXIS2_PLACEMENT_3D('',#2761,#2762,#2763);
#2766=DIRECTION('',(1.744984701842E-2,-9.997010661465E-1,-1.712545429070E-2));
#2767=VECTOR('',#2766,1.260362456662E0);
#2768=CARTESIAN_POINT('',(-1.639361361112E1,9.272624889674E1,
-2.849614633488E1));
#2769=LINE('',#2768,#2767);
#2770=CARTESIAN_POINT('',(-1.637162047907E1,9.146626320509E1,
-2.851773061452E1));
#2771=CARTESIAN_POINT('',(-1.637162047762E1,9.146626312248E1,
-2.839823354462E1));
#2772=CARTESIAN_POINT('',(-1.635016252191E1,9.146715122357E1,
-2.815929284073E1));
#2773=CARTESIAN_POINT('',(-1.625471981549E1,9.147108608574E1,
-2.781247255938E1));
#2774=CARTESIAN_POINT('',(-1.609915862649E1,9.147744734464E1,
-2.748838626303E1));
#2775=CARTESIAN_POINT('',(-1.588852893610E1,9.148596134E1,-2.719710631022E1));
#2776=CARTESIAN_POINT('',(-1.562960978550E1,9.149625739480E1,
-2.694878802031E1));
#2777=CARTESIAN_POINT('',(-1.533073724310E1,9.150795692327E1,
-2.674789896198E1));
#2778=CARTESIAN_POINT('',(-1.500096222667E1,9.152046478050E1,
-2.661322409381E1));
#2779=CARTESIAN_POINT('',(-1.476851962998E1,9.152938710063E1,
-2.653952821190E1));
#2780=CARTESIAN_POINT('',(-1.464955195995E1,9.153377204611E1,
-2.652292161111E1));
#2782=DIRECTION('',(1.744984701842E-2,-9.997010661465E-1,-1.712545429069E-2));
#2783=VECTOR('',#2782,1.091519234655E0);
#2784=CARTESIAN_POINT('',(-1.439503625504E1,9.279095726677E1,
-2.649534234772E1));
#2785=LINE('',#2784,#2783);
#2786=DIRECTION('',(1.745240643740E-2,-9.998476951564E-1,0.E0));
#2787=VECTOR('',#2786,1.502292325391E0);
#2788=CARTESIAN_POINT('',(1.385371905839E1,9.152486736892E1,-3.307099832388E1));
#2789=LINE('',#2788,#2787);
#2790=DIRECTION('',(-1.745240643725E-2,-9.998476951564E-1,0.E0));
#2791=VECTOR('',#2790,1.498605872480E0);
#2792=CARTESIAN_POINT('',(8.553719058395E0,9.168680611557E1,-3.307099832388E1));
#2793=LINE('',#2792,#2791);
#2794=DIRECTION('',(1.745240643736E-2,-9.998476951564E-1,7.235458675630E-11));
#2795=VECTOR('',#2794,1.498575644447E0);
#2796=CARTESIAN_POINT('',(-9.453508664928E0,9.168988698188E1,
-3.307099833474E1));
#2797=LINE('',#2796,#2795);
#2798=DIRECTION('',(-1.745240643730E-2,-9.998476951564E-1,7.234177173728E-11));
#2799=VECTOR('',#2798,1.501296616778E0);
#2800=CARTESIAN_POINT('',(-1.295305367236E1,9.159238061293E1,
-3.307099833475E1));
#2801=LINE('',#2800,#2799);
#2802=CARTESIAN_POINT('',(-1.E0,9.179368228408E1,-2.818085104227E1));
#2803=CARTESIAN_POINT('',(-1.013888875680E0,9.179366470044E1,
-2.810992906472E1));
#2804=CARTESIAN_POINT('',(-1.027777751324E0,9.179364636277E1,
-2.803900708736E1));
#2805=CARTESIAN_POINT('',(-1.041666626930E0,9.179362727107E1,
-2.796808511019E1));
#2807=DIRECTION('',(0.E0,1.E0,0.E0));
#2808=VECTOR('',#2807,2.000001880816E-1);
#2809=CARTESIAN_POINT('',(-1.041666626930E0,9.159362708298E1,
-2.796808511019E1));
#2810=LINE('',#2809,#2808);
#2811=CARTESIAN_POINT('',(-1.E0,9.159368212461E1,-2.818085104227E1));
#2812=CARTESIAN_POINT('',(-1.013888875680E0,9.159366453182E1,
-2.810992906472E1));
#2813=CARTESIAN_POINT('',(-1.027777751324E0,9.159364618462E1,
-2.803900708736E1));
#2814=CARTESIAN_POINT('',(-1.041666626930E0,9.159362708298E1,
-2.796808511019E1));
#2816=CARTESIAN_POINT('',(-1.041666626930E0,9.179362727107E1,
-2.796808511019E1));
#2817=CARTESIAN_POINT('',(-1.069444418817E0,9.179358914648E1,
-2.791134751660E1));
#2818=CARTESIAN_POINT('',(-1.097222209840E0,9.179354800577E1,
-2.785460992478E1));
#2819=CARTESIAN_POINT('',(-1.125E0,9.179350384892E1,-2.779787233472E1));
#2821=DIRECTION('',(0.E0,1.E0,0.E0));
#2822=VECTOR('',#2821,2.000002523797E-1);
#2823=CARTESIAN_POINT('',(-1.125E0,9.159350359654E1,-2.779787233472E1));
#2824=LINE('',#2823,#2822);
#2825=CARTESIAN_POINT('',(-1.041666626930E0,9.159362708298E1,
-2.796808511019E1));
#2826=CARTESIAN_POINT('',(-1.069444418818E0,9.159358893854E1,
-2.791134751660E1));
#2827=CARTESIAN_POINT('',(-1.097222209841E0,9.159354777639E1,
-2.785460992478E1));
#2828=CARTESIAN_POINT('',(-1.125E0,9.159350359654E1,-2.779787233472E1));
#2830=CARTESIAN_POINT('',(-1.125E0,9.179350384892E1,-2.779787233472E1));
#2831=CARTESIAN_POINT('',(-1.180555552976E0,9.179341557452E1,
-2.774113473697E1));
#2832=CARTESIAN_POINT('',(-1.236111095286E0,9.179331523563E1,
-2.768439715011E1));
#2833=CARTESIAN_POINT('',(-1.291666626930E0,9.179320283221E1,
-2.762765957415E1));
#2835=DIRECTION('',(0.E0,1.E0,0.E0));
#2836=VECTOR('',#2835,2.000004092860E-1);
#2837=CARTESIAN_POINT('',(-1.291666626930E0,9.159320242293E1,
-2.762765957415E1));
#2838=LINE('',#2837,#2836);
#2839=CARTESIAN_POINT('',(-1.125E0,9.159350359654E1,-2.779787233472E1));
#2840=CARTESIAN_POINT('',(-1.180555552987E0,9.159341527613E1,
-2.774113473696E1));
#2841=CARTESIAN_POINT('',(-1.236111095297E0,9.159331488493E1,
-2.768439715010E1));
#2842=CARTESIAN_POINT('',(-1.291666626930E0,9.159320242293E1,
-2.762765957415E1));
#2844=CARTESIAN_POINT('',(-1.291666626930E0,9.179320283221E1,
-2.762765957415E1));
#2845=CARTESIAN_POINT('',(-1.347222230413E0,9.179309044828E1,
-2.759929076854E1));
#2846=CARTESIAN_POINT('',(-1.402777812459E0,9.179296599983E1,
-2.757092197387E1));
#2847=CARTESIAN_POINT('',(-1.458333373070E0,9.179282948684E1,
-2.754255319014E1));
#2849=DIRECTION('',(0.E0,1.E0,0.E0));
#2850=VECTOR('',#2849,2.000006039399E-1);
#2851=CARTESIAN_POINT('',(-1.458333373070E0,9.159282888290E1,
-2.754255319014E1));
#2852=LINE('',#2851,#2850);
#2853=CARTESIAN_POINT('',(-1.291666626930E0,9.159320242293E1,
-2.762765957415E1));
#2854=CARTESIAN_POINT('',(-1.347222230435E0,9.159308998040E1,
-2.759929076852E1));
#2855=CARTESIAN_POINT('',(-1.402777812482E0,9.159296546706E1,
-2.757092197385E1));
#2856=CARTESIAN_POINT('',(-1.458333373070E0,9.159282888290E1,
-2.754255319014E1));
#2858=CARTESIAN_POINT('',(-1.458333373070E0,9.179282948684E1,
-2.754255319014E1));
#2859=CARTESIAN_POINT('',(-1.527777860266E0,9.179265886024E1,
-2.752836878334E1));
#2860=CARTESIAN_POINT('',(-1.597222298087E0,9.179246938282E1,
-2.751418438663E1));
#2861=CARTESIAN_POINT('',(-1.666666686535E0,9.179226105460E1,-2.75E1));
#2863=DIRECTION('',(0.E0,1.E0,0.E0));
#2864=VECTOR('',#2863,2.000009003398E-1);
#2865=CARTESIAN_POINT('',(-1.666666686535E0,9.159226015426E1,-2.75E1));
#2866=LINE('',#2865,#2864);
#2867=CARTESIAN_POINT('',(-1.458333373070E0,9.159282888290E1,
-2.754255319014E1));
#2868=CARTESIAN_POINT('',(-1.527777860317E0,9.159265816732E1,
-2.752836878333E1));
#2869=CARTESIAN_POINT('',(-1.597222298139E0,9.159246859111E1,
-2.751418438662E1));
#2870=CARTESIAN_POINT('',(-1.666666686535E0,9.159226015426E1,-2.75E1));
#2872=CARTESIAN_POINT('',(-5.155311399740E-1,-2.919467593021E2,
-2.750026545329E1));
#2873=DIRECTION('',(5.581114491499E-12,-6.917552065398E-7,9.999999999998E-1));
#2874=DIRECTION('',(-2.999774081221E-3,9.999955006674E-1,6.917521108449E-7));
#2875=AXIS2_PLACEMENT_3D('',#2872,#2873,#2874);
#2877=DIRECTION('',(-1.776346359612E-14,1.E0,0.E0));
#2878=VECTOR('',#2877,2.000011799262E-1);
#2879=CARTESIAN_POINT('',(-1.833333313465E0,9.159172371626E1,-2.75E1));
#2880=LINE('',#2879,#2878);
#2881=CARTESIAN_POINT('',(-5.155311399740E-1,-2.919467593021E2,
-2.750026531494E1));
#2882=DIRECTION('',(5.581114491499E-12,-6.917552065398E-7,9.999999999998E-1));
#2883=DIRECTION('',(-3.001338334357E-3,9.999954959737E-1,6.917521076109E-7));
#2884=AXIS2_PLACEMENT_3D('',#2881,#2882,#2883);
#2886=CARTESIAN_POINT('',(-1.833333313465E0,9.179172489618E1,-2.75E1));
#2887=CARTESIAN_POINT('',(-1.902777828274E0,9.179148642553E1,
-2.751418441041E1));
#2888=CARTESIAN_POINT('',(-1.972222276030E0,9.179122910400E1,
-2.752836880712E1));
#2889=CARTESIAN_POINT('',(-2.041666656733E0,9.179095293158E1,
-2.754255319014E1));
#2891=DIRECTION('',(3.774728416311E-14,1.E0,0.E0));
#2892=VECTOR('',#2891,2.000015824934E-1);
#2893=CARTESIAN_POINT('',(-2.041666656733E0,9.159095134909E1,
-2.754255319014E1));
#2894=LINE('',#2893,#2892);
#2895=CARTESIAN_POINT('',(-1.833333313465E0,9.159172371625E1,-2.75E1));
#2896=CARTESIAN_POINT('',(-1.902777828344E0,9.159148512124E1,
-2.751418441042E1));
#2897=CARTESIAN_POINT('',(-1.972222276100E0,9.159122766552E1,
-2.752836880714E1));
#2898=CARTESIAN_POINT('',(-2.041666656733E0,9.159095134909E1,
-2.754255319014E1));
#2900=CARTESIAN_POINT('',(-2.041666656733E0,9.179095293158E1,
-2.754255319014E1));
#2901=CARTESIAN_POINT('',(-2.097222259043E0,9.179073200503E1,
-2.757092200530E1));
#2902=CARTESIAN_POINT('',(-2.152777821222E0,9.179049901387E1,
-2.759929079997E1));
#2903=CARTESIAN_POINT('',(-2.208333343267E0,9.179025395807E1,
-2.762765957415E1));
#2905=DIRECTION('',(0.E0,1.E0,0.E0));
#2906=VECTOR('',#2905,2.000019470152E-1);
#2907=CARTESIAN_POINT('',(-2.208333343267E0,9.159025201106E1,
-2.762765957415E1));
#2908=LINE('',#2907,#2906);
#2909=CARTESIAN_POINT('',(-2.041666656733E0,9.159095134909E1,
-2.754255319014E1));
#2910=CARTESIAN_POINT('',(-2.097222259085E0,9.159073030733E1,
-2.757092200533E1));
#2911=CARTESIAN_POINT('',(-2.152777821264E0,9.159049719465E1,-2.75992908E1));
#2912=CARTESIAN_POINT('',(-2.208333343267E0,9.159025201106E1,
-2.762765957415E1));
#2914=CARTESIAN_POINT('',(-2.208333343267E0,9.179025395807E1,
-2.762765957415E1));
#2915=CARTESIAN_POINT('',(-2.263888922841E0,9.179000892165E1,
-2.768439718892E1));
#2916=CARTESIAN_POINT('',(-2.319444475085E0,9.178975182051E1,
-2.774113477577E1));
#2917=CARTESIAN_POINT('',(-2.375E0,9.178948265462E1,-2.779787233472E1));
#2919=DIRECTION('',(0.E0,1.E0,0.E0));
#2920=VECTOR('',#2919,2.000023492868E-1);
#2921=CARTESIAN_POINT('',(-2.375E0,9.158948030533E1,-2.779787233472E1));
#2922=LINE('',#2921,#2920);
#2923=CARTESIAN_POINT('',(-2.208333343267E0,9.159025201106E1,
-2.762765957415E1));
#2924=CARTESIAN_POINT('',(-2.263888922869E0,9.159000684683E1,
-2.768439718895E1));
#2925=CARTESIAN_POINT('',(-2.319444475113E0,9.158974961160E1,
-2.774113477580E1));
#2926=CARTESIAN_POINT('',(-2.375E0,9.158948030533E1,-2.779787233472E1));
#2928=CARTESIAN_POINT('',(-2.375E0,9.178948265462E1,-2.779787233472E1));
#2929=CARTESIAN_POINT('',(-2.402777780252E0,9.178934809121E1,
-2.785460993244E1));
#2930=CARTESIAN_POINT('',(-2.430555557616E0,9.178921051159E1,
-2.791134752426E1));
#2931=CARTESIAN_POINT('',(-2.458333332092E0,9.178906991575E1,
-2.796808511019E1));
#2933=DIRECTION('',(0.E0,1.E0,0.E0));
#2934=VECTOR('',#2933,2.000025645791E-1);
#2935=CARTESIAN_POINT('',(-2.458333332092E0,9.158906735117E1,
-2.796808511019E1));
#2936=LINE('',#2935,#2934);
#2937=CARTESIAN_POINT('',(-2.375E0,9.158948030533E1,-2.779787233472E1));
#2938=CARTESIAN_POINT('',(-2.402777780255E0,9.158934567173E1,
-2.785460993245E1));
#2939=CARTESIAN_POINT('',(-2.430555557619E0,9.158920802035E1,
-2.791134752427E1));
#2940=CARTESIAN_POINT('',(-2.458333332092E0,9.158906735117E1,
-2.796808511019E1));
#2942=CARTESIAN_POINT('',(-2.458333332092E0,9.178906991575E1,
-2.796808511019E1));
#2943=CARTESIAN_POINT('',(-2.472222221537E0,9.178899964726E1,
-2.803900708828E1));
#2944=CARTESIAN_POINT('',(-2.486111110840E0,9.178892862471E1,
-2.810992906564E1));
#2945=CARTESIAN_POINT('',(-2.5E0,9.178885684810E1,-2.818085104227E1));
#2947=DIRECTION('',(0.E0,1.E0,0.E0));
#2948=VECTOR('',#2947,2.000026757644E-1);
#2949=CARTESIAN_POINT('',(-2.5E0,9.158885417233E1,-2.818085104227E1));
#2950=LINE('',#2949,#2948);
#2951=CARTESIAN_POINT('',(-2.458333332092E0,9.158906735117E1,
-2.796808511019E1));
#2952=CARTESIAN_POINT('',(-2.472222221537E0,9.158899704601E1,
-2.803900708828E1));
#2953=CARTESIAN_POINT('',(-2.486111110840E0,9.158892598640E1,
-2.810992906564E1));
#2954=CARTESIAN_POINT('',(-2.5E0,9.158885417233E1,-2.818085104227E1));
#2956=DIRECTION('',(0.E0,-6.917552644366E-7,9.999999999998E-1));
#2957=VECTOR('',#2956,1.319148957730E0);
#2958=CARTESIAN_POINT('',(-2.5E0,9.178885776063E1,-2.95E1));
#2959=LINE('',#2958,#2957);
#2960=DIRECTION('',(0.E0,1.E0,0.E0));
#2961=VECTOR('',#2960,2.000026757644E-1);
#2962=CARTESIAN_POINT('',(-2.5E0,9.158885508486E1,-2.95E1));
#2963=LINE('',#2962,#2961);
#2964=DIRECTION('',(0.E0,-6.917552536639E-7,9.999999999998E-1));
#2965=VECTOR('',#2964,1.319148957730E0);
#2966=CARTESIAN_POINT('',(-2.5E0,9.158885508486E1,-2.95E1));
#2967=LINE('',#2966,#2965);
#2968=CARTESIAN_POINT('',(-5.155311399851E-1,-2.919467579186E2,
-2.950026545155E1));
#2969=DIRECTION('',(5.581114491499E-12,-6.917552065398E-7,9.999999999998E-1));
#2970=DIRECTION('',(-4.519897545082E-3,9.999897852107E-1,6.917481656314E-7));
#2971=AXIS2_PLACEMENT_3D('',#2968,#2969,#2970);
#2973=DIRECTION('',(0.E0,1.E0,0.E0));
#2974=VECTOR('',#2973,2.000020440441E-1);
#2975=CARTESIAN_POINT('',(-2.25E0,9.159006714044E1,-2.95E1));
#2976=LINE('',#2975,#2974);
#2977=CARTESIAN_POINT('',(-5.155311399851E-1,-2.919467579186E2,
-2.950026531320E1));
#2978=DIRECTION('',(5.581114491499E-12,-6.917552065398E-7,9.999999999998E-1));
#2979=DIRECTION('',(-4.522254477210E-3,9.999897745547E-1,6.917481582744E-7));
#2980=AXIS2_PLACEMENT_3D('',#2977,#2978,#2979);
#2982=DIRECTION('',(0.E0,-6.917552859821E-7,9.999999999998E-1));
#2983=VECTOR('',#2982,1.319148957730E0);
#2984=CARTESIAN_POINT('',(-2.25E0,9.179006918449E1,-2.95E1));
#2985=LINE('',#2984,#2983);
#2986=DIRECTION('',(0.E0,1.E0,0.E0));
#2987=VECTOR('',#2986,2.000020440440E-1);
#2988=CARTESIAN_POINT('',(-2.25E0,9.159006622792E1,-2.818085104227E1));
#2989=LINE('',#2988,#2987);
#2990=DIRECTION('',(0.E0,-6.917552213456E-7,9.999999999998E-1));
#2991=VECTOR('',#2990,1.319148957730E0);
#2992=CARTESIAN_POINT('',(-2.25E0,9.159006714044E1,-2.95E1));
#2993=LINE('',#2992,#2991);
#2994=CARTESIAN_POINT('',(-2.208333343267E0,9.179025422300E1,
-2.801063829660E1));
#2995=CARTESIAN_POINT('',(-2.222222229035E0,9.179019299337E1,
-2.806737587927E1));
#2996=CARTESIAN_POINT('',(-2.236111114613E0,9.179013100969E1,
-2.812411346116E1));
#2997=CARTESIAN_POINT('',(-2.25E0,9.179006827196E1,-2.818085104227E1));
#2999=DIRECTION('',(0.E0,1.E0,0.E0));
#3000=VECTOR('',#2999,2.000019470153E-1);
#3001=CARTESIAN_POINT('',(-2.208333343267E0,9.159025227599E1,
-2.801063829660E1));
#3002=LINE('',#3001,#3000);
#3003=CARTESIAN_POINT('',(-2.208333343267E0,9.159025227599E1,
-2.801063829660E1));
#3004=CARTESIAN_POINT('',(-2.222222229035E0,9.159019101441E1,
-2.806737587927E1));
#3005=CARTESIAN_POINT('',(-2.236111114613E0,9.159012899838E1,
-2.812411346116E1));
#3006=CARTESIAN_POINT('',(-2.25E0,9.159006622792E1,-2.818085104227E1));
#3008=CARTESIAN_POINT('',(-2.125E0,9.179061269948E1,-2.788297873735E1));
#3009=CARTESIAN_POINT('',(-2.152777784966E0,9.179049622350E1,
-2.792553192971E1));
#3010=CARTESIAN_POINT('',(-2.180555566055E0,9.179037673135E1,
-2.796808511613E1));
#3011=CARTESIAN_POINT('',(-2.208333343267E0,9.179025422300E1,
-2.801063829660E1));
#3013=DIRECTION('',(0.E0,1.E0,0.E0));
#3014=VECTOR('',#3013,2.000017600356E-1);
#3015=CARTESIAN_POINT('',(-2.125E0,9.159061093944E1,-2.788297873735E1));
#3016=LINE('',#3015,#3014);
#3017=CARTESIAN_POINT('',(-2.125E0,9.159061093944E1,-2.788297873735E1));
#3018=CARTESIAN_POINT('',(-2.152777784970E0,9.159049440271E1,
-2.792553192972E1));
#3019=CARTESIAN_POINT('',(-2.180555566059E0,9.159037484823E1,
-2.796808511613E1));
#3020=CARTESIAN_POINT('',(-2.208333343267E0,9.159025227599E1,
-2.801063829660E1));
#3022=CARTESIAN_POINT('',(-2.E0,9.179111655551E1,-2.779787233472E1));
#3023=CARTESIAN_POINT('',(-2.041666685357E0,9.179095538985E1,
-2.782624114832E1));
#3024=CARTESIAN_POINT('',(-2.083333352024E0,9.179078743784E1,
-2.785460994920E1));
#3025=CARTESIAN_POINT('',(-2.125E0,9.179061269948E1,-2.788297873735E1));
#3027=DIRECTION('',(-1.110214713217E-14,1.E0,0.E0));
#3028=VECTOR('',#3027,2.000014972614E-1);
#3029=CARTESIAN_POINT('',(-2.E0,9.159111505825E1,-2.779787233472E1));
#3030=LINE('',#3029,#3028);
#3031=CARTESIAN_POINT('',(-2.E0,9.159111505825E1,-2.779787233472E1));
#3032=CARTESIAN_POINT('',(-2.041666685377E0,9.159095380854E1,
-2.782624114834E1));
#3033=CARTESIAN_POINT('',(-2.083333352043E0,9.159078576894E1,
-2.785460994921E1));
#3034=CARTESIAN_POINT('',(-2.125E0,9.159061093944E1,-2.788297873735E1));
#3036=CARTESIAN_POINT('',(-1.833333313465E0,9.179172507280E1,
-2.775531914830E1));
#3037=CARTESIAN_POINT('',(-1.888888916997E0,9.179153429827E1,
-2.776950355433E1));
#3038=CARTESIAN_POINT('',(-1.944444479175E0,9.179133145917E1,
-2.778368794980E1));
#3039=CARTESIAN_POINT('',(-2.E0,9.179111655551E1,-2.779787233472E1));
#3041=DIRECTION('',(0.E0,1.E0,0.E0));
#3042=VECTOR('',#3041,2.000011799263E-1);
#3043=CARTESIAN_POINT('',(-1.833333313465E0,9.159172389287E1,
-2.775531914830E1));
#3044=LINE('',#3043,#3042);
#3045=CARTESIAN_POINT('',(-1.833333313465E0,9.159172389287E1,
-2.775531914830E1));
#3046=CARTESIAN_POINT('',(-1.888888917040E0,9.159153301885E1,
-2.776950355434E1));
#3047=CARTESIAN_POINT('',(-1.944444479218E0,9.159133007398E1,
-2.778368794982E1));
#3048=CARTESIAN_POINT('',(-2.E0,9.159111505825E1,-2.779787233472E1));
#3050=CARTESIAN_POINT('',(-5.155311399754E-1,-2.919467591255E2,
-2.775558460160E1));
#3051=DIRECTION('',(5.581114491499E-12,-6.917552065398E-7,9.999999999998E-1));
#3052=DIRECTION('',(-2.999774081217E-3,9.999955006674E-1,6.917521108449E-7));
#3053=AXIS2_PLACEMENT_3D('',#3050,#3051,#3052);
#3055=DIRECTION('',(0.E0,1.E0,0.E0));
#3056=VECTOR('',#3055,2.000009003398E-1);
#3057=CARTESIAN_POINT('',(-1.666666686535E0,9.159226033087E1,
-2.775531914830E1));
#3058=LINE('',#3057,#3056);
#3059=CARTESIAN_POINT('',(-5.155311399754E-1,-2.919467591255E2,
-2.775558446324E1));
#3060=DIRECTION('',(5.581114491499E-12,-6.917552065398E-7,9.999999999998E-1));
#3061=DIRECTION('',(-3.001338334353E-3,9.999954959737E-1,6.917521076109E-7));
#3062=AXIS2_PLACEMENT_3D('',#3059,#3060,#3061);
#3064=CARTESIAN_POINT('',(-1.5E0,9.179272503144E1,-2.779787233472E1));
#3065=CARTESIAN_POINT('',(-1.555555593697E0,9.179258249589E1,
-2.778368793120E1));
#3066=CARTESIAN_POINT('',(-1.611111155875E0,9.179242789582E1,
-2.776950353573E1));
#3067=CARTESIAN_POINT('',(-1.666666686535E0,9.179226123121E1,
-2.775531914830E1));
#3069=DIRECTION('',(0.E0,1.E0,0.E0));
#3070=VECTOR('',#3069,2.000006585013E-1);
#3071=CARTESIAN_POINT('',(-1.5E0,9.159272437294E1,-2.779787233472E1));
#3072=LINE('',#3071,#3070);
#3073=CARTESIAN_POINT('',(-1.5E0,9.159272437294E1,-2.779787233472E1));
#3074=CARTESIAN_POINT('',(-1.555555593730E0,9.159258176307E1,
-2.778368793119E1));
#3075=CARTESIAN_POINT('',(-1.611111155908E0,9.159242708238E1,
-2.776950353572E1));
#3076=CARTESIAN_POINT('',(-1.666666686535E0,9.159226033087E1,
-2.775531914830E1));
#3078=CARTESIAN_POINT('',(-1.375E0,9.179302541401E1,-2.788297873735E1));
#3079=CARTESIAN_POINT('',(-1.416666677809E0,9.179293207278E1,
-2.785460992889E1));
#3080=CARTESIAN_POINT('',(-1.458333344476E0,9.179283194526E1,
-2.782624112801E1));
#3081=CARTESIAN_POINT('',(-1.5E0,9.179272503144E1,-2.779787233472E1));
#3083=DIRECTION('',(0.E0,1.E0,0.E0));
#3084=VECTOR('',#3083,2.000005018946E-1);
#3085=CARTESIAN_POINT('',(-1.375E0,9.159302491212E1,-2.788297873735E1));
#3086=LINE('',#3085,#3084);
#3087=CARTESIAN_POINT('',(-1.375E0,9.159302491212E1,-2.788297873735E1));
#3088=CARTESIAN_POINT('',(-1.416666677821E0,9.159293152223E1,
-2.785460992888E1));
#3089=CARTESIAN_POINT('',(-1.458333344488E0,9.159283134250E1,
-2.782624112800E1));
#3090=CARTESIAN_POINT('',(-1.5E0,9.159272437294E1,-2.779787233472E1));
#3092=CARTESIAN_POINT('',(-1.291666626930E0,9.179320309714E1,
-2.801063829660E1));
#3093=CARTESIAN_POINT('',(-1.319444419875E0,9.179314688557E1,
-2.796808510724E1));
#3094=CARTESIAN_POINT('',(-1.347222210898E0,9.179308765786E1,
-2.792553192083E1));
#3095=CARTESIAN_POINT('',(-1.375E0,9.179302541401E1,-2.788297873735E1));
#3097=DIRECTION('',(0.E0,1.E0,0.E0));
#3098=VECTOR('',#3097,2.000004092861E-1);
#3099=CARTESIAN_POINT('',(-1.291666626930E0,9.159320268786E1,
-2.801063829660E1));
#3100=LINE('',#3099,#3098);
#3101=CARTESIAN_POINT('',(-1.291666626930E0,9.159320268786E1,
-2.801063829660E1));
#3102=CARTESIAN_POINT('',(-1.319444419877E0,9.159314644699E1,
-2.796808510724E1));
#3103=CARTESIAN_POINT('',(-1.347222210900E0,9.159308718841E1,
-2.792553192082E1));
#3104=CARTESIAN_POINT('',(-1.375E0,9.159302491212E1,-2.788297873735E1));
#3106=CARTESIAN_POINT('',(-1.25E0,9.179328522587E1,-2.818085104227E1));
#3107=CARTESIAN_POINT('',(-1.263888875727E0,9.179325860366E1,
-2.812411346004E1));
#3108=CARTESIAN_POINT('',(-1.277777751371E0,9.179323122742E1,
-2.806737587815E1));
#3109=CARTESIAN_POINT('',(-1.291666626930E0,9.179320309714E1,
-2.801063829660E1));
#3111=DIRECTION('',(0.E0,1.E0,0.E0));
#3112=VECTOR('',#3111,2.000003665207E-1);
#3113=CARTESIAN_POINT('',(-1.25E0,9.159328485935E1,-2.818085104227E1));
#3114=LINE('',#3113,#3112);
#3115=CARTESIAN_POINT('',(-1.25E0,9.159328485935E1,-2.818085104227E1));
#3116=CARTESIAN_POINT('',(-1.263888875728E0,9.159325822327E1,
-2.812411346004E1));
#3117=CARTESIAN_POINT('',(-1.277777751371E0,9.159323083278E1,
-2.806737587815E1));
#3118=CARTESIAN_POINT('',(-1.291666626930E0,9.159320268786E1,
-2.801063829660E1));
#3120=DIRECTION('',(0.E0,-6.917552536639E-7,9.999999999998E-1));
#3121=VECTOR('',#3120,1.319148957730E0);
#3122=CARTESIAN_POINT('',(-1.25E0,9.179328613840E1,-2.95E1));
#3123=LINE('',#3122,#3121);
#3124=DIRECTION('',(0.E0,1.E0,0.E0));
#3125=VECTOR('',#3124,2.000003665208E-1);
#3126=CARTESIAN_POINT('',(-1.25E0,9.159328577187E1,-2.95E1));
#3127=LINE('',#3126,#3125);
#3128=DIRECTION('',(0.E0,-6.917551998001E-7,9.999999999998E-1));
#3129=VECTOR('',#3128,1.319148957730E0);
#3130=CARTESIAN_POINT('',(-1.25E0,9.159328577187E1,-2.95E1));
#3131=LINE('',#3130,#3129);
#3132=CARTESIAN_POINT('',(-5.155311399851E-1,-2.919467579186E2,
-2.950026545433E1));
#3133=DIRECTION('',(5.581114491499E-12,-6.917552065398E-7,9.999999999998E-1));
#3134=DIRECTION('',(-1.262490011513E-3,9.999992030589E-1,6.917546622965E-7));
#3135=AXIS2_PLACEMENT_3D('',#3132,#3133,#3134);
#3137=DIRECTION('',(0.E0,1.E0,0.E0));
#3138=VECTOR('',#3137,2.000001594715E-1);
#3139=CARTESIAN_POINT('',(-1.E0,9.159368303714E1,-2.95E1));
#3140=LINE('',#3139,#3138);
#3141=CARTESIAN_POINT('',(-5.155311399851E-1,-2.919467579186E2,
-2.950026531598E1));
#3142=DIRECTION('',(5.581114491499E-12,-6.917552065398E-7,9.999999999998E-1));
#3143=DIRECTION('',(-1.263148345743E-3,9.999992022276E-1,6.917546617267E-7));
#3144=AXIS2_PLACEMENT_3D('',#3141,#3142,#3143);
#3146=DIRECTION('',(0.E0,-6.917552428911E-7,9.999999999998E-1));
#3147=VECTOR('',#3146,1.319148957730E0);
#3148=CARTESIAN_POINT('',(-1.E0,9.179368319661E1,-2.95E1));
#3149=LINE('',#3148,#3147);
#3150=DIRECTION('',(0.E0,1.E0,0.E0));
#3151=VECTOR('',#3150,2.000001594715E-1);
#3152=CARTESIAN_POINT('',(-1.E0,9.159368212461E1,-2.818085104227E1));
#3153=LINE('',#3152,#3151);
#3154=DIRECTION('',(0.E0,-6.917552105729E-7,9.999999999998E-1));
#3155=VECTOR('',#3154,1.319148957730E0);
#3156=CARTESIAN_POINT('',(-1.E0,9.159368303714E1,-2.95E1));
#3157=LINE('',#3156,#3155);
#3158=CARTESIAN_POINT('',(5.E-1,9.179264493881E1,-2.903191494942E1));
#3159=CARTESIAN_POINT('',(4.861110849982E-1,9.179268171418E1,
-2.906028373959E1));
#3160=CARTESIAN_POINT('',(4.722221696184E-1,9.179271773550E1,
-2.908865253053E1));
#3161=CARTESIAN_POINT('',(4.583332538605E-1,9.179275300279E1,
-2.911702132225E1));
#3163=DIRECTION('',(0.E0,1.E0,0.E0));
#3164=VECTOR('',#3163,2.000006443913E-1);
#3165=CARTESIAN_POINT('',(4.583332538605E-1,9.159275235840E1,
-2.911702132225E1));
#3166=LINE('',#3165,#3164);
#3167=CARTESIAN_POINT('',(5.E-1,9.159264423810E1,-2.903191494942E1));
#3168=CARTESIAN_POINT('',(4.861110849987E-1,9.159268103263E1,
-2.906028373959E1));
#3169=CARTESIAN_POINT('',(4.722221696188E-1,9.159271707273E1,
-2.908865253053E1));
#3170=CARTESIAN_POINT('',(4.583332538605E-1,9.159275235840E1,
-2.911702132225E1));
#3172=CARTESIAN_POINT('',(4.583332538605E-1,9.179275300279E1,
-2.911702132225E1));
#3173=CARTESIAN_POINT('',(4.305555061611E-1,9.179282351752E1,
-2.914539010953E1));
#3174=CARTESIAN_POINT('',(4.027777548742E-1,9.179289101613E1,
-2.917375890048E1));
#3175=CARTESIAN_POINT('',(3.75E-1,9.179295549860E1,-2.920212769508E1));
#3177=DIRECTION('',(-1.582063547786E-14,1.E0,0.E0));
#3178=VECTOR('',#3177,2.000005388285E-1);
#3179=CARTESIAN_POINT('',(3.75E-1,9.159295495977E1,-2.920212769508E1));
#3180=LINE('',#3179,#3178);
#3181=CARTESIAN_POINT('',(4.583332538605E-1,9.159275235840E1,
-2.911702132225E1));
#3182=CARTESIAN_POINT('',(4.305555061648E-1,9.159282290989E1,
-2.914539010953E1));
#3183=CARTESIAN_POINT('',(4.027777548779E-1,9.159289044369E1,
-2.917375890047E1));
#3184=CARTESIAN_POINT('',(3.75E-1,9.159295495977E1,-2.920212769508E1));
#3186=CARTESIAN_POINT('',(3.75E-1,9.179295549860E1,-2.920212769508E1));
#3187=CARTESIAN_POINT('',(3.333333464574E-1,9.179305220274E1,
-2.921631208609E1));
#3188=CARTESIAN_POINT('',(2.916666797907E-1,9.179314212059E1,
-2.923049648156E1));
#3189=CARTESIAN_POINT('',(2.5E-1,9.179322525216E1,-2.924468088150E1));
#3191=DIRECTION('',(0.E0,1.E0,0.E0));
#3192=VECTOR('',#3191,2.000003981783E-1);
#3193=CARTESIAN_POINT('',(2.5E-1,9.159322485398E1,-2.924468088150E1));
#3194=LINE('',#3193,#3192);
#3195=CARTESIAN_POINT('',(3.75E-1,9.159295495977E1,-2.920212769508E1));
#3196=CARTESIAN_POINT('',(3.333333464711E-1,9.159305171433E1,
-2.921631208608E1));
#3197=CARTESIAN_POINT('',(2.916666798044E-1,9.159314167907E1,
-2.923049648156E1));
#3198=CARTESIAN_POINT('',(2.5E-1,9.159322485398E1,-2.924468088150E1));
#3200=CARTESIAN_POINT('',(-5.155311399837E-1,-2.919467580952E2,
-2.924494633579E1));
#3201=DIRECTION('',(5.581114491499E-12,-6.917552065398E-7,9.999999999998E-1));
#3202=DIRECTION('',(1.994917522051E-3,9.999980101498E-1,6.917538189198E-7));
#3203=AXIS2_PLACEMENT_3D('',#3200,#3201,#3202);
#3205=DIRECTION('',(0.E0,1.E0,0.E0));
#3206=VECTOR('',#3205,2.000001805765E-1);
#3207=CARTESIAN_POINT('',(0.E0,9.159364236638E1,-2.924468088150E1));
#3208=LINE('',#3207,#3206);
#3209=CARTESIAN_POINT('',(-5.155311399837E-1,-2.919467580952E2,
-2.924494619744E1));
#3210=DIRECTION('',(5.581114491499E-12,-6.917552065398E-7,9.999999999998E-1));
#3211=DIRECTION('',(1.995957785720E-3,9.999980080740E-1,6.917538174749E-7));
#3212=AXIS2_PLACEMENT_3D('',#3209,#3210,#3211);
#3214=CARTESIAN_POINT('',(-3.108624468950E-14,9.179364254695E1,
-2.924468088150E1));
#3215=CARTESIAN_POINT('',(-4.166665948853E-2,9.179369851368E1,
-2.923049648847E1));
#3216=CARTESIAN_POINT('',(-8.333332615520E-2,9.179374769414E1,
-2.921631209300E1));
#3217=CARTESIAN_POINT('',(-1.25E-1,9.179379008833E1,-2.920212769508E1));
#3219=DIRECTION('',(0.E0,1.E0,0.E0));
#3220=VECTOR('',#3219,2.000001036246E-1);
#3221=CARTESIAN_POINT('',(-1.25E-1,9.159378998470E1,-2.920212769508E1));
#3222=LINE('',#3221,#3220);
#3223=CARTESIAN_POINT('',(0.E0,9.159364236638E1,-2.924468088150E1));
#3224=CARTESIAN_POINT('',(-4.166665948100E-2,9.159369836230E1,
-2.923049648847E1));
#3225=CARTESIAN_POINT('',(-8.333332614765E-2,9.159374756840E1,
-2.921631209300E1));
#3226=CARTESIAN_POINT('',(-1.25E-1,9.159378998470E1,-2.920212769508E1));
#3228=CARTESIAN_POINT('',(-1.25E-1,9.179379008833E1,-2.920212769508E1));
#3229=CARTESIAN_POINT('',(-1.666666627052E-1,9.179383247269E1,
-2.917375890684E1));
#3230=CARTESIAN_POINT('',(-2.083333293718E-1,9.179386807078E1,
-2.914539011589E1));
#3231=CARTESIAN_POINT('',(-2.5E-1,9.179389688261E1,-2.911702132225E1));
#3233=DIRECTION('',(0.E0,1.E0,0.E0));
#3234=VECTOR('',#3233,2.000000479051E-1);
#3235=CARTESIAN_POINT('',(-2.5E-1,9.159389683470E1,-2.911702132225E1));
#3236=LINE('',#3235,#3234);
#3237=CARTESIAN_POINT('',(-1.25E-1,9.159378998470E1,-2.920212769508E1));
#3238=CARTESIAN_POINT('',(-1.666666627010E-1,9.159383239118E1,
-2.917375890684E1));
#3239=CARTESIAN_POINT('',(-2.083333293677E-1,9.159386800784E1,
-2.914539011589E1));
#3240=CARTESIAN_POINT('',(-2.5E-1,9.159389683470E1,-2.911702132225E1));
#3242=CARTESIAN_POINT('',(-2.5E-1,9.179389688261E1,-2.911702132225E1));
#3243=CARTESIAN_POINT('',(-2.638889153337E-1,9.179390646367E1,
-2.907446809624E1));
#3244=CARTESIAN_POINT('',(-2.777778307136E-1,9.179391529070E1,
-2.903191487009E1));
#3245=CARTESIAN_POINT('',(-2.916667461396E-1,9.179392336370E1,
-2.898936164379E1));
#3247=DIRECTION('',(0.E0,1.E0,0.E0));
#3248=VECTOR('',#3247,2.000000340504E-1);
#3249=CARTESIAN_POINT('',(-2.916667461395E-1,9.159392332965E1,
-2.898936164379E1));
#3250=LINE('',#3249,#3248);
#3251=CARTESIAN_POINT('',(-2.5E-1,9.159389683470E1,-2.911702132225E1));
#3252=CARTESIAN_POINT('',(-2.638889153337E-1,9.159390642078E1,
-2.907446809624E1));
#3253=CARTESIAN_POINT('',(-2.777778307135E-1,9.159391525242E1,
-2.903191487009E1));
#3254=CARTESIAN_POINT('',(-2.916667461396E-1,9.159392332965E1,
-2.898936164379E1));
#3256=DIRECTION('',(0.E0,-6.917553151148E-7,9.999999999998E-1));
#3257=VECTOR('',#3256,8.510637283327E-2);
#3258=CARTESIAN_POINT('',(-2.916667461395E-1,9.179392336370E1,
-2.898936164379E1));
#3259=LINE('',#3258,#3257);
#3260=DIRECTION('',(0.E0,1.E0,0.E0));
#3261=VECTOR('',#3260,2.000000340503E-1);
#3262=CARTESIAN_POINT('',(-2.916667461395E-1,9.159392327077E1,
-2.890425527096E1));
#3263=LINE('',#3262,#3261);
#3264=DIRECTION('',(0.E0,-6.917548141821E-7,9.999999999998E-1));
#3265=VECTOR('',#3264,8.510637283327E-2);
#3266=CARTESIAN_POINT('',(-2.916667461395E-1,9.159392332965E1,
-2.898936164379E1));
#3267=LINE('',#3266,#3265);
#3268=CARTESIAN_POINT('',(-2.5E-1,9.179389664711E1,-2.877659571171E1));
#3269=CARTESIAN_POINT('',(-2.638889153334E-1,9.179390628705E1,
-2.881914889798E1));
#3270=CARTESIAN_POINT('',(-2.777778307132E-1,9.179391517295E1,
-2.886170208440E1));
#3271=CARTESIAN_POINT('',(-2.916667461395E-1,9.179392330482E1,
-2.890425527096E1));
#3273=DIRECTION('',(0.E0,1.E0,0.E0));
#3274=VECTOR('',#3273,2.000000479051E-1);
#3275=CARTESIAN_POINT('',(-2.5E-1,9.159389659921E1,-2.877659571171E1));
#3276=LINE('',#3275,#3274);
#3277=CARTESIAN_POINT('',(-2.5E-1,9.159389659921E1,-2.877659571171E1));
#3278=CARTESIAN_POINT('',(-2.638889153334E-1,9.159390624416E1,
-2.881914889798E1));
#3279=CARTESIAN_POINT('',(-2.777778307132E-1,9.159391513468E1,
-2.886170208440E1));
#3280=CARTESIAN_POINT('',(-2.916667461396E-1,9.159392327077E1,
-2.890425527096E1));
#3282=CARTESIAN_POINT('',(-1.25E-1,9.179378973509E1,-2.869148933887E1));
#3283=CARTESIAN_POINT('',(-1.666666627008E-1,9.179383215870E1,
-2.871985812712E1));
#3284=CARTESIAN_POINT('',(-2.083333293675E-1,9.179386779604E1,
-2.874822691806E1));
#3285=CARTESIAN_POINT('',(-2.5E-1,9.179389664711E1,-2.877659571171E1));
#3287=DIRECTION('',(1.228183584642E-14,1.E0,0.E0));
#3288=VECTOR('',#3287,2.000001036245E-1);
#3289=CARTESIAN_POINT('',(-1.25E-1,9.159378963147E1,-2.869148933887E1));
#3290=LINE('',#3289,#3288);
#3291=CARTESIAN_POINT('',(-1.25E-1,9.159378963147E1,-2.869148933887E1));
#3292=CARTESIAN_POINT('',(-1.666666626967E-1,9.159383207719E1,
-2.871985812712E1));
#3293=CARTESIAN_POINT('',(-2.083333293633E-1,9.159386773310E1,
-2.874822691806E1));
#3294=CARTESIAN_POINT('',(-2.5E-1,9.159389659921E1,-2.877659571171E1));
#3296=CARTESIAN_POINT('',(-3.119726699197E-14,9.179364213484E1,
-2.864893615246E1));
#3297=CARTESIAN_POINT('',(-4.166665948565E-2,9.179369812120E1,
-2.866312054549E1));
#3298=CARTESIAN_POINT('',(-8.333332615231E-2,9.179374732128E1,
-2.867730494096E1));
#3299=CARTESIAN_POINT('',(-1.25E-1,9.179378973509E1,-2.869148933887E1));
#3301=DIRECTION('',(0.E0,1.E0,0.E0));
#3302=VECTOR('',#3301,2.000001805765E-1);
#3303=CARTESIAN_POINT('',(0.E0,9.159364195427E1,-2.864893615246E1));
#3304=LINE('',#3303,#3302);
#3305=CARTESIAN_POINT('',(0.E0,9.159364195427E1,-2.864893615246E1));
#3306=CARTESIAN_POINT('',(-4.166665947815E-2,9.159369796981E1,
-2.866312054548E1));
#3307=CARTESIAN_POINT('',(-8.333332614482E-2,9.159374719554E1,
-2.867730494096E1));
#3308=CARTESIAN_POINT('',(-1.25E-1,9.159378963147E1,-2.869148933887E1));
#3310=CARTESIAN_POINT('',(-5.155311399804E-1,-2.919467585074E2,
-2.864920160674E1));
#3311=DIRECTION('',(5.581114491499E-12,-6.917552065398E-7,9.999999999998E-1));
#3312=DIRECTION('',(1.994917522043E-3,9.999980101498E-1,6.917538189198E-7));
#3313=AXIS2_PLACEMENT_3D('',#3310,#3311,#3312);
#3315=DIRECTION('',(0.E0,1.E0,0.E0));
#3316=VECTOR('',#3315,2.000003981784E-1);
#3317=CARTESIAN_POINT('',(2.5E-1,9.159322444187E1,-2.864893615246E1));
#3318=LINE('',#3317,#3316);
#3319=CARTESIAN_POINT('',(-5.155311399804E-1,-2.919467585074E2,
-2.864920146839E1));
#3320=DIRECTION('',(5.581114491499E-12,-6.917552065398E-7,9.999999999998E-1));
#3321=DIRECTION('',(1.995957785711E-3,9.999980080740E-1,6.917538174749E-7));
#3322=AXIS2_PLACEMENT_3D('',#3319,#3320,#3321);
#3324=CARTESIAN_POINT('',(4.583332538605E-1,9.179275264955E1,
-2.860638296604E1));
#3325=CARTESIAN_POINT('',(3.888888769214E-1,9.179292889716E1,
-2.862056735314E1));
#3326=CARTESIAN_POINT('',(3.194444589679E-1,9.179308629399E1,
-2.863475174861E1));
#3327=CARTESIAN_POINT('',(2.5E-1,9.179322484005E1,-2.864893615246E1));
#3329=DIRECTION('',(0.E0,1.E0,0.E0));
#3330=VECTOR('',#3329,2.000006443913E-1);
#3331=CARTESIAN_POINT('',(4.583332538605E-1,9.159275200516E1,
-2.860638296604E1));
#3332=LINE('',#3331,#3330);
#3333=CARTESIAN_POINT('',(4.583332538605E-1,9.159275200516E1,
-2.860638296604E1));
#3334=CARTESIAN_POINT('',(3.888888769642E-1,9.159292834467E1,
-2.862056735313E1));
#3335=CARTESIAN_POINT('',(3.194444590107E-1,9.159308582357E1,
-2.863475174860E1));
#3336=CARTESIAN_POINT('',(2.5E-1,9.159322444187E1,-2.864893615246E1));
#3338=CARTESIAN_POINT('',(6.25E-1,9.179229342551E1,-2.852127659321E1));
#3339=CARTESIAN_POINT('',(5.694444443203E-1,9.179245856474E1,
-2.854964537069E1));
#3340=CARTESIAN_POINT('',(5.138888622738E-1,9.179261163942E1,
-2.857801416163E1));
#3341=CARTESIAN_POINT('',(4.583332538604E-1,9.179275264955E1,
-2.860638296604E1));
#3343=DIRECTION('',(1.221239930258E-14,1.E0,0.E0));
#3344=VECTOR('',#3343,2.000008838279E-1);
#3345=CARTESIAN_POINT('',(6.25E-1,9.159229254168E1,-2.852127659321E1));
#3346=LINE('',#3345,#3344);
#3347=CARTESIAN_POINT('',(6.25E-1,9.159229254168E1,-2.852127659321E1));
#3348=CARTESIAN_POINT('',(5.694444443478E-1,9.159245776702E1,
-2.854964537067E1));
#3349=CARTESIAN_POINT('',(5.138888623013E-1,9.159261092151E1,
-2.857801416162E1));
#3350=CARTESIAN_POINT('',(4.583332538604E-1,9.159275200516E1,
-2.860638296604E1));
#3352=CARTESIAN_POINT('',(7.916667461395E-1,9.179176175473E1,
-2.835106384754E1));
#3353=CARTESIAN_POINT('',(7.361111829311E-1,9.179195104294E1,
-2.840780141019E1));
#3354=CARTESIAN_POINT('',(6.805556008846E-1,9.179212826652E1,
-2.846453899208E1));
#3355=CARTESIAN_POINT('',(6.25E-1,9.179229342551E1,-2.852127659321E1));
#3357=DIRECTION('',(0.E0,1.E0,0.E0));
#3358=VECTOR('',#3357,2.000011610129E-1);
#3359=CARTESIAN_POINT('',(7.916667461395E-1,9.159176059372E1,
-2.835106384754E1));
#3360=LINE('',#3359,#3358);
#3361=CARTESIAN_POINT('',(7.916667461395E-1,9.159176059372E1,
-2.835106384754E1));
#3362=CARTESIAN_POINT('',(7.361111829508E-1,9.159194998061E1,
-2.840780141017E1));
#3363=CARTESIAN_POINT('',(6.805556009043E-1,9.159212729659E1,
-2.846453899206E1));
#3364=CARTESIAN_POINT('',(6.25E-1,9.159229254168E1,-2.852127659321E1));
#3366=CARTESIAN_POINT('',(8.75E-1,9.179146871536E1,-2.818085104227E1));
#3367=CARTESIAN_POINT('',(8.472222507639E-1,9.179156941131E1,
-2.823758863984E1));
#3368=CARTESIAN_POINT('',(8.194444994770E-1,9.179166709110E1,
-2.829432624160E1));
#3369=CARTESIAN_POINT('',(7.916667461395E-1,9.179176175473E1,
-2.835106384754E1));
#3371=DIRECTION('',(0.E0,1.E0,0.E0));
#3372=VECTOR('',#3371,2.000013137608E-1);
#3373=CARTESIAN_POINT('',(8.75E-1,9.159146740160E1,-2.818085104227E1));
#3374=LINE('',#3373,#3372);
#3375=CARTESIAN_POINT('',(8.75E-1,9.159146740160E1,-2.818085104227E1));
#3376=CARTESIAN_POINT('',(8.472222507660E-1,9.159156815004E1,
-2.823758863983E1));
#3377=CARTESIAN_POINT('',(8.194444994792E-1,9.159166588075E1,
-2.829432624159E1));
#3378=CARTESIAN_POINT('',(7.916667461395E-1,9.159176059372E1,
-2.835106384754E1));
#3380=DIRECTION('',(0.E0,-6.917554486968E-7,9.999999999998E-1));
#3381=VECTOR('',#3380,2.127659320832E-1);
#3382=CARTESIAN_POINT('',(8.75E-1,9.179146871536E1,-2.818085104227E1));
#3383=LINE('',#3382,#3381);
#3384=DIRECTION('',(0.E0,1.E0,0.E0));
#3385=VECTOR('',#3384,2.000013137608E-1);
#3386=CARTESIAN_POINT('',(8.75E-1,9.159146725442E1,-2.796808511019E1));
#3387=LINE('',#3386,#3385);
#3388=DIRECTION('',(0.E0,-6.917552483238E-7,9.999999999998E-1));
#3389=VECTOR('',#3388,2.127659320832E-1);
#3390=CARTESIAN_POINT('',(8.75E-1,9.159146740160E1,-2.818085104227E1));
#3391=LINE('',#3390,#3389);
#3392=CARTESIAN_POINT('',(8.75E-1,9.179146856818E1,-2.796808511019E1));
#3393=CARTESIAN_POINT('',(8.472222507622E-1,9.179156918563E1,
-2.791134752255E1));
#3394=CARTESIAN_POINT('',(8.194444994754E-1,9.179166678693E1,
-2.785460993073E1));
#3395=CARTESIAN_POINT('',(7.916667461395E-1,9.179176137206E1,
-2.779787233472E1));
#3397=DIRECTION('',(0.E0,1.E0,0.E0));
#3398=VECTOR('',#3397,2.000011610128E-1);
#3399=CARTESIAN_POINT('',(7.916667461395E-1,9.159176021105E1,
-2.779787233472E1));
#3400=LINE('',#3399,#3398);
#3401=CARTESIAN_POINT('',(8.75E-1,9.159146725442E1,-2.796808511019E1));
#3402=CARTESIAN_POINT('',(8.472222507643E-1,9.159156792436E1,
-2.791134752255E1));
#3403=CARTESIAN_POINT('',(8.194444994775E-1,9.159166557657E1,
-2.785460993073E1));
#3404=CARTESIAN_POINT('',(7.916667461395E-1,9.159176021105E1,
-2.779787233472E1));
#3406=CARTESIAN_POINT('',(7.916667461396E-1,9.179176137206E1,
-2.779787233472E1));
#3407=CARTESIAN_POINT('',(7.361111829228E-1,9.179195058177E1,
-2.774113476709E1));
#3408=CARTESIAN_POINT('',(6.805556008763E-1,9.179212772686E1,
-2.768439718024E1));
#3409=CARTESIAN_POINT('',(6.25E-1,9.179229280735E1,-2.762765957415E1));
#3411=DIRECTION('',(-1.221239930258E-14,1.E0,0.E0));
#3412=VECTOR('',#3411,2.000008838279E-1);
#3413=CARTESIAN_POINT('',(6.25E-1,9.159229192352E1,-2.762765957415E1));
#3414=LINE('',#3413,#3412);
#3415=CARTESIAN_POINT('',(7.916667461396E-1,9.159176021105E1,
-2.779787233472E1));
#3416=CARTESIAN_POINT('',(7.361111829425E-1,9.159194951944E1,
-2.774113476711E1));
#3417=CARTESIAN_POINT('',(6.805556008959E-1,9.159212675692E1,
-2.768439718026E1));
#3418=CARTESIAN_POINT('',(6.25E-1,9.159229192352E1,-2.762765957415E1));
#3420=CARTESIAN_POINT('',(6.25E-1,9.179229280735E1,-2.762765957415E1));
#3421=CARTESIAN_POINT('',(5.694444443135E-1,9.179245790733E1,
-2.759929079294E1));
#3422=CARTESIAN_POINT('',(5.138888622670E-1,9.179261094276E1,
-2.757092199827E1));
#3423=CARTESIAN_POINT('',(4.583332538605E-1,9.179275191364E1,
-2.754255319014E1));
#3425=DIRECTION('',(0.E0,1.E0,0.E0));
#3426=VECTOR('',#3425,2.000006443913E-1);
#3427=CARTESIAN_POINT('',(4.583332538605E-1,9.159275126925E1,
-2.754255319014E1));
#3428=LINE('',#3427,#3426);
#3429=CARTESIAN_POINT('',(6.25E-1,9.159229192352E1,-2.762765957415E1));
#3430=CARTESIAN_POINT('',(5.694444443410E-1,9.159245710960E1,
-2.759929079296E1));
#3431=CARTESIAN_POINT('',(5.138888622945E-1,9.159261022485E1,
-2.757092199829E1));
#3432=CARTESIAN_POINT('',(4.583332538604E-1,9.159275126925E1,
-2.754255319014E1));
#3434=CARTESIAN_POINT('',(4.583332538605E-1,9.179275191364E1,
-2.754255319014E1));
#3435=CARTESIAN_POINT('',(3.888888769163E-1,9.179292814163E1,
-2.752836880180E1));
#3436=CARTESIAN_POINT('',(3.194444589628E-1,9.179308551883E1,
-2.751418440509E1));
#3437=CARTESIAN_POINT('',(2.5E-1,9.179322404527E1,-2.75E1));
#3439=DIRECTION('',(1.054709773581E-14,1.E0,0.E0));
#3440=VECTOR('',#3439,2.000003981783E-1);
#3441=CARTESIAN_POINT('',(2.5E-1,9.159322364709E1,-2.75E1));
#3442=LINE('',#3441,#3440);
#3443=CARTESIAN_POINT('',(4.583332538605E-1,9.159275126925E1,
-2.754255319014E1));
#3444=CARTESIAN_POINT('',(3.888888769591E-1,9.159292758914E1,
-2.752836880181E1));
#3445=CARTESIAN_POINT('',(3.194444590056E-1,9.159308504842E1,
-2.751418440510E1));
#3446=CARTESIAN_POINT('',(2.5E-1,9.159322364709E1,-2.75E1));
#3448=CARTESIAN_POINT('',(-5.155311399740E-1,-2.919467593021E2,
-2.750026545433E1));
#3449=DIRECTION('',(5.581114491499E-12,-6.917552065398E-7,9.999999999998E-1));
#3450=DIRECTION('',(1.994917522026E-3,9.999980101498E-1,6.917538189198E-7));
#3451=AXIS2_PLACEMENT_3D('',#3448,#3449,#3450);
#3453=DIRECTION('',(-1.706966817154E-14,1.E0,0.E0));
#3454=VECTOR('',#3453,2.000001269160E-1);
#3455=CARTESIAN_POINT('',(-8.333325386047E-2,9.159374411778E1,-2.75E1));
#3456=LINE('',#3455,#3454);
#3457=CARTESIAN_POINT('',(-5.155311399740E-1,-2.919467593021E2,
-2.750026531598E1));
#3458=DIRECTION('',(5.581114491499E-12,-6.917552065398E-7,9.999999999998E-1));
#3459=DIRECTION('',(1.995957785694E-3,9.999980080740E-1,6.917538174749E-7));
#3460=AXIS2_PLACEMENT_3D('',#3457,#3458,#3459);
#3462=CARTESIAN_POINT('',(-8.333325386050E-2,9.179374424470E1,-2.75E1));
#3463=CARTESIAN_POINT('',(-1.527777358155E-1,9.179382246819E1,
-2.751418439355E1));
#3464=CARTESIAN_POINT('',(-2.222222332419E-1,9.179388184091E1,
-2.752836879027E1));
#3465=CARTESIAN_POINT('',(-2.916667461395E-1,9.179392236286E1,
-2.754255319014E1));
#3467=DIRECTION('',(1.332267402730E-14,1.E0,0.E0));
#3468=VECTOR('',#3467,2.000000340503E-1);
#3469=CARTESIAN_POINT('',(-2.916667461395E-1,9.159392232881E1,
-2.754255319014E1));
#3470=LINE('',#3469,#3468);
#3471=CARTESIAN_POINT('',(-8.333325386051E-2,9.159374411778E1,-2.75E1));
#3472=CARTESIAN_POINT('',(-1.527777357994E-1,9.159382238206E1,
-2.751418439355E1));
#3473=CARTESIAN_POINT('',(-2.222222332258E-1,9.159388178574E1,
-2.752836879026E1));
#3474=CARTESIAN_POINT('',(-2.916667461396E-1,9.159392232881E1,
-2.754255319014E1));
#3476=CARTESIAN_POINT('',(-2.916667461396E-1,9.179392236286E1,
-2.754255319014E1));
#3477=CARTESIAN_POINT('',(-3.611111598124E-1,9.179396290437E1,
-2.758510637766E1));
#3478=CARTESIAN_POINT('',(-4.305555777659E-1,9.179398459516E1,
-2.762765956780E1));
#3479=CARTESIAN_POINT('',(-5.E-1,9.179398743522E1,-2.767021276057E1));
#3481=DIRECTION('',(0.E0,1.E0,0.E0));
#3482=VECTOR('',#3481,2.000000001639E-1);
#3483=CARTESIAN_POINT('',(-5.E-1,9.159398743505E1,-2.767021276057E1));
#3484=LINE('',#3483,#3482);
#3485=CARTESIAN_POINT('',(-2.916667461396E-1,9.159392232881E1,
-2.754255319014E1));
#3486=CARTESIAN_POINT('',(-3.611111598079E-1,9.159396289145E1,
-2.758510637766E1));
#3487=CARTESIAN_POINT('',(-4.305555777614E-1,9.159398459353E1,
-2.762765956780E1));
#3488=CARTESIAN_POINT('',(-5.E-1,9.159398743505E1,-2.767021276057E1));
#3490=CARTESIAN_POINT('',(-5.E-1,9.179398743522E1,-2.767021276057E1));
#3491=CARTESIAN_POINT('',(-5.416666668778E-1,9.179398917065E1,
-2.774113475319E1));
#3492=CARTESIAN_POINT('',(-5.833333335444E-1,9.179398411982E1,
-2.781205674545E1));
#3493=CARTESIAN_POINT('',(-6.25E-1,9.179397228273E1,-2.788297873735E1));
#3495=DIRECTION('',(0.E0,1.E0,0.E0));
#3496=VECTOR('',#3495,2.000000081420E-1);
#3497=CARTESIAN_POINT('',(-6.25E-1,9.159397227459E1,-2.788297873735E1));
#3498=LINE('',#3497,#3496);
#3499=CARTESIAN_POINT('',(-5.E-1,9.159398743505E1,-2.767021276057E1));
#3500=CARTESIAN_POINT('',(-5.416666668779E-1,9.159398917137E1,
-2.774113475319E1));
#3501=CARTESIAN_POINT('',(-5.833333335446E-1,9.159398411788E1,
-2.781205674545E1));
#3502=CARTESIAN_POINT('',(-6.25E-1,9.159397227459E1,-2.788297873735E1));
#3504=CARTESIAN_POINT('',(-6.25E-1,9.179397228273E1,-2.788297873735E1));
#3505=CARTESIAN_POINT('',(-6.388888756578E-1,9.179396835993E1,
-2.793971631930E1));
#3506=CARTESIAN_POINT('',(-6.527777513012E-1,9.179396368310E1,
-2.799645390119E1));
#3507=CARTESIAN_POINT('',(-6.666666269303E-1,9.179395825224E1,
-2.805319148302E1));
#3509=DIRECTION('',(0.E0,1.E0,0.E0));
#3510=VECTOR('',#3509,2.000000155198E-1);
#3511=CARTESIAN_POINT('',(-6.666666269302E-1,9.159395823672E1,
-2.805319148302E1));
#3512=LINE('',#3511,#3510);
#3513=CARTESIAN_POINT('',(-6.25E-1,9.159397227459E1,-2.788297873735E1));
#3514=CARTESIAN_POINT('',(-6.388888756578E-1,9.159396834972E1,
-2.793971631930E1));
#3515=CARTESIAN_POINT('',(-6.527777513012E-1,9.159396367043E1,
-2.799645390119E1));
#3516=CARTESIAN_POINT('',(-6.666666269303E-1,9.159395823672E1,
-2.805319148302E1));
#3518=CARTESIAN_POINT('',(-5.155311399771E-1,-2.919467589195E2,
-2.805345693768E1));
#3519=DIRECTION('',(5.581114491499E-12,-6.917552065398E-7,9.999999999998E-1));
#3520=DIRECTION('',(2.576332970305E-4,9.999999668123E-1,6.917551821486E-7));
#3521=AXIS2_PLACEMENT_3D('',#3518,#3519,#3520);
#3523=DIRECTION('',(0.E0,1.E0,0.E0));
#3524=VECTOR('',#3523,2.000000066409E-1);
#3525=CARTESIAN_POINT('',(-4.166667461395E-1,9.159397527242E1,
-2.805319148302E1));
#3526=LINE('',#3525,#3524);
#3527=CARTESIAN_POINT('',(-5.155311399771E-1,-2.919467589195E2,
-2.805345679933E1));
#3528=DIRECTION('',(5.581114491499E-12,-6.917552065398E-7,9.999999999998E-1));
#3529=DIRECTION('',(2.577676417117E-4,9.999999667777E-1,6.917551821185E-7));
#3530=AXIS2_PLACEMENT_3D('',#3527,#3528,#3529);
#3532=CARTESIAN_POINT('',(-3.75E-1,9.179396219391E1,-2.792553192377E1));
#3533=CARTESIAN_POINT('',(-3.888889153571E-1,9.179396730966E1,
-2.796808511012E1));
#3534=CARTESIAN_POINT('',(-4.027778307369E-1,9.179397167138E1,
-2.801063829653E1));
#3535=CARTESIAN_POINT('',(-4.166667461395E-1,9.179397527906E1,
-2.805319148302E1));
#3537=DIRECTION('',(0.E0,1.E0,0.E0));
#3538=VECTOR('',#3537,2.000000134183E-1);
#3539=CARTESIAN_POINT('',(-3.75E-1,9.159396218049E1,-2.792553192377E1));
#3540=LINE('',#3539,#3538);
#3541=CARTESIAN_POINT('',(-3.75E-1,9.159396218049E1,-2.792553192377E1));
#3542=CARTESIAN_POINT('',(-3.888889153570E-1,9.159396729890E1,
-2.796808511012E1));
#3543=CARTESIAN_POINT('',(-4.027778307368E-1,9.159397166287E1,
-2.801063829653E1));
#3544=CARTESIAN_POINT('',(-4.166667461395E-1,9.159397527242E1,
-2.805319148302E1));
#3546=CARTESIAN_POINT('',(-2.5E-1,9.179389597008E1,-2.779787233472E1));
#3547=CARTESIAN_POINT('',(-2.916666649069E-1,9.179392483096E1,
-2.784042552927E1));
#3548=CARTESIAN_POINT('',(-3.333333315735E-1,9.179394690557E1,
-2.788297872562E1));
#3549=CARTESIAN_POINT('',(-3.75E-1,9.179396219391E1,-2.792553192377E1));
#3551=DIRECTION('',(0.E0,1.E0,0.E0));
#3552=VECTOR('',#3551,2.000000479051E-1);
#3553=CARTESIAN_POINT('',(-2.5E-1,9.159389592217E1,-2.779787233472E1));
#3554=LINE('',#3553,#3552);
#3555=CARTESIAN_POINT('',(-2.5E-1,9.159389592217E1,-2.779787233472E1));
#3556=CARTESIAN_POINT('',(-2.916666649050E-1,9.159392479809E1,
-2.784042552927E1));
#3557=CARTESIAN_POINT('',(-3.333333315717E-1,9.159394688419E1,
-2.788297872562E1));
#3558=CARTESIAN_POINT('',(-3.75E-1,9.159396218049E1,-2.792553192377E1));
#3560=CARTESIAN_POINT('',(-8.333325386045E-2,9.179374442132E1,
-2.775531914830E1));
#3561=CARTESIAN_POINT('',(-1.388888256082E-1,9.179380700206E1,
-2.776950354114E1));
#3562=CARTESIAN_POINT('',(-1.944444076547E-1,9.179385751831E1,
-2.778368793662E1));
#3563=CARTESIAN_POINT('',(-2.5E-1,9.179389597008E1,-2.779787233472E1));
#3565=DIRECTION('',(-1.054711204095E-14,1.E0,0.E0));
#3566=VECTOR('',#3565,2.000001269160E-1);
#3567=CARTESIAN_POINT('',(-8.333325386047E-2,9.159374429440E1,
-2.775531914830E1));
#3568=LINE('',#3567,#3566);
#3569=CARTESIAN_POINT('',(-8.333325386045E-2,9.159374429440E1,
-2.775531914830E1));
#3570=CARTESIAN_POINT('',(-1.388888255974E-1,9.159380690777E1,
-2.776950354114E1));
#3571=CARTESIAN_POINT('',(-1.944444076440E-1,9.159385745036E1,
-2.778368793661E1));
#3572=CARTESIAN_POINT('',(-2.5E-1,9.159389592217E1,-2.779787233472E1));
#3574=CARTESIAN_POINT('',(-5.155311399754E-1,-2.919467591255E2,
-2.775558460264E1));
#3575=DIRECTION('',(5.581114491499E-12,-6.917552065398E-7,9.999999999998E-1));
#3576=DIRECTION('',(1.994917522030E-3,9.999980101498E-1,6.917538189198E-7));
#3577=AXIS2_PLACEMENT_3D('',#3574,#3575,#3576);
#3579=DIRECTION('',(0.E0,1.E0,0.E0));
#3580=VECTOR('',#3579,2.000003981783E-1);
#3581=CARTESIAN_POINT('',(2.5E-1,9.159322382371E1,-2.775531914830E1));
#3582=LINE('',#3581,#3580);
#3583=CARTESIAN_POINT('',(-5.155311399754E-1,-2.919467591255E2,
-2.775558446428E1));
#3584=DIRECTION('',(5.581114491499E-12,-6.917552065398E-7,9.999999999998E-1));
#3585=DIRECTION('',(1.995957785698E-3,9.999980080740E-1,6.917538174749E-7));
#3586=AXIS2_PLACEMENT_3D('',#3583,#3584,#3585);
#3588=CARTESIAN_POINT('',(4.166667461395E-1,9.179285557055E1,
-2.779787233472E1));
#3589=CARTESIAN_POINT('',(3.611111891455E-1,9.179299051884E1,
-2.778368794564E1));
#3590=CARTESIAN_POINT('',(3.055556070990E-1,9.179311340262E1,
-2.776950355017E1));
#3591=CARTESIAN_POINT('',(2.5E-1,9.179322422188E1,-2.775531914830E1));
#3593=DIRECTION('',(-1.443285671214E-14,1.E0,0.E0));
#3594=VECTOR('',#3593,2.000005904304E-1);
#3595=CARTESIAN_POINT('',(4.166667461395E-1,9.159285498012E1,
-2.779787233472E1));
#3596=LINE('',#3595,#3594);
#3597=CARTESIAN_POINT('',(4.166667461395E-1,9.159285498012E1,
-2.779787233472E1));
#3598=CARTESIAN_POINT('',(3.611111891716E-1,9.159298999879E1,
-2.778368794565E1));
#3599=CARTESIAN_POINT('',(3.055556071251E-1,9.159311294665E1,
-2.776950355018E1));
#3600=CARTESIAN_POINT('',(2.5E-1,9.159322382371E1,-2.775531914830E1));
#3602=CARTESIAN_POINT('',(5.416667461396E-1,9.179253161469E1,
-2.788297873735E1));
#3603=CARTESIAN_POINT('',(5.000000914900E-1,9.179264638628E1,
-2.785460994466E1));
#3604=CARTESIAN_POINT('',(4.583334248233E-1,9.179275437156E1,
-2.782624114378E1));
#3605=CARTESIAN_POINT('',(4.166667461396E-1,9.179285557055E1,
-2.779787233472E1));
#3607=DIRECTION('',(0.E0,1.E0,0.E0));
#3608=VECTOR('',#3607,2.000007593913E-1);
#3609=CARTESIAN_POINT('',(5.416667461395E-1,9.159253085530E1,
-2.788297873735E1));
#3610=LINE('',#3609,#3608);
#3611=CARTESIAN_POINT('',(5.416667461395E-1,9.159253085530E1,
-2.788297873735E1));
#3612=CARTESIAN_POINT('',(5.000000915025E-1,9.159264568675E1,
-2.785460994467E1));
#3613=CARTESIAN_POINT('',(4.583334248358E-1,9.159275372835E1,
-2.782624114379E1));
#3614=CARTESIAN_POINT('',(4.166667461395E-1,9.159285498012E1,
-2.779787233472E1));
#3616=CARTESIAN_POINT('',(6.25E-1,9.179229307227E1,-2.801063829660E1));
#3617=CARTESIAN_POINT('',(5.972222512929E-1,9.179237560256E1,
-2.796808511414E1));
#3618=CARTESIAN_POINT('',(5.694445000061E-1,9.179245511669E1,
-2.792553192772E1));
#3619=CARTESIAN_POINT('',(5.416667461396E-1,9.179253161469E1,
-2.788297873735E1));
#3621=DIRECTION('',(0.E0,1.E0,0.E0));
#3622=VECTOR('',#3621,2.000008838280E-1);
#3623=CARTESIAN_POINT('',(6.25E-1,9.159229218845E1,-2.801063829660E1));
#3624=LINE('',#3623,#3622);
#3625=CARTESIAN_POINT('',(6.25E-1,9.159229218845E1,-2.801063829660E1));
#3626=CARTESIAN_POINT('',(5.972222512956E-1,9.159237476178E1,
-2.796808511414E1));
#3627=CARTESIAN_POINT('',(5.694445000087E-1,9.159245431739E1,
-2.792553192773E1));
#3628=CARTESIAN_POINT('',(5.416667461395E-1,9.159253085530E1,
-2.788297873735E1));
#3630=DIRECTION('',(0.E0,-6.917550924780E-7,9.999999999998E-1));
#3631=VECTOR('',#3630,1.276595592499E-1);
#3632=CARTESIAN_POINT('',(6.25E-1,9.179229316058E1,-2.813829785585E1));
#3633=LINE('',#3632,#3631);
#3634=DIRECTION('',(0.E0,1.E0,0.E0));
#3635=VECTOR('',#3634,2.000008838280E-1);
#3636=CARTESIAN_POINT('',(6.25E-1,9.159229227676E1,-2.813829785585E1));
#3637=LINE('',#3636,#3635);
#3638=DIRECTION('',(0.E0,-6.917552037964E-7,9.999999999998E-1));
#3639=VECTOR('',#3638,1.276595592499E-1);
#3640=CARTESIAN_POINT('',(6.25E-1,9.159229227676E1,-2.813829785585E1));
#3641=LINE('',#3640,#3639);
#3642=CARTESIAN_POINT('',(6.25E-1,9.179229316058E1,-2.813829785585E1));
#3643=CARTESIAN_POINT('',(5.972222512948E-1,9.179237574974E1,
-2.818085105818E1));
#3644=CARTESIAN_POINT('',(5.694445000080E-1,9.179245532275E1,
-2.822340426447E1));
#3645=CARTESIAN_POINT('',(5.416667461395E-1,9.179253187962E1,
-2.826595747471E1));
#3647=DIRECTION('',(0.E0,1.E0,0.E0));
#3648=VECTOR('',#3647,2.000007593914E-1);
#3649=CARTESIAN_POINT('',(5.416667461395E-1,9.159253112022E1,
-2.826595747471E1));
#3650=LINE('',#3649,#3648);
#3651=CARTESIAN_POINT('',(6.25E-1,9.159229227676E1,-2.813829785585E1));
#3652=CARTESIAN_POINT('',(5.972222512975E-1,9.159237490896E1,
-2.818085105818E1));
#3653=CARTESIAN_POINT('',(5.694445000107E-1,9.159245452345E1,
-2.822340426446E1));
#3654=CARTESIAN_POINT('',(5.416667461395E-1,9.159253112022E1,
-2.826595747471E1));
#3656=CARTESIAN_POINT('',(5.416667461395E-1,9.179253187961E1,
-2.826595747471E1));
#3657=CARTESIAN_POINT('',(5.000000914943E-1,9.179264669045E1,
-2.829432625747E1));
#3658=CARTESIAN_POINT('',(4.583334248277E-1,9.179275471499E1,
-2.832269504841E1));
#3659=CARTESIAN_POINT('',(4.166667461396E-1,9.179285595322E1,
-2.835106384754E1));
#3661=DIRECTION('',(1.221241721796E-14,1.E0,0.E0));
#3662=VECTOR('',#3661,2.000005904305E-1);
#3663=CARTESIAN_POINT('',(4.166667461395E-1,9.159285536279E1,
-2.835106384754E1));
#3664=LINE('',#3663,#3662);
#3665=CARTESIAN_POINT('',(5.416667461395E-1,9.159253112022E1,
-2.826595747471E1));
#3666=CARTESIAN_POINT('',(5.000000915068E-1,9.159264599092E1,
-2.829432625746E1));
#3667=CARTESIAN_POINT('',(4.583334248402E-1,9.159275407177E1,
-2.832269504840E1));
#3668=CARTESIAN_POINT('',(4.166667461395E-1,9.159285536279E1,
-2.835106384754E1));
#3670=CARTESIAN_POINT('',(4.166667461396E-1,9.179285595322E1,
-2.835106384754E1));
#3671=CARTESIAN_POINT('',(3.611111891495E-1,9.179299092114E1,
-2.836524823662E1));
#3672=CARTESIAN_POINT('',(3.055556071030E-1,9.179311382454E1,
-2.837943263209E1));
#3673=CARTESIAN_POINT('',(2.5E-1,9.179322466343E1,-2.839361703396E1));
#3675=DIRECTION('',(-2.303708189665E-14,1.E0,0.E0));
#3676=VECTOR('',#3675,2.000003981782E-1);
#3677=CARTESIAN_POINT('',(2.5E-1,9.159322426525E1,-2.839361703396E1));
#3678=LINE('',#3677,#3676);
#3679=CARTESIAN_POINT('',(4.166667461395E-1,9.159285536279E1,
-2.835106384754E1));
#3680=CARTESIAN_POINT('',(3.611111891756E-1,9.159299040109E1,
-2.836524823661E1));
#3681=CARTESIAN_POINT('',(3.055556071291E-1,9.159311336857E1,
-2.837943263208E1));
#3682=CARTESIAN_POINT('',(2.5E-1,9.159322426525E1,-2.839361703396E1));
#3684=CARTESIAN_POINT('',(-5.155311399790E-1,-2.919467586840E2,
-2.839388248824E1));
#3685=DIRECTION('',(5.581114491499E-12,-6.917552065398E-7,9.999999999998E-1));
#3686=DIRECTION('',(1.994917522039E-3,9.999980101498E-1,6.917538189198E-7));
#3687=AXIS2_PLACEMENT_3D('',#3684,#3685,#3686);
#3689=DIRECTION('',(0.E0,1.E0,0.E0));
#3690=VECTOR('',#3689,2.000001805764E-1);
#3691=CARTESIAN_POINT('',(0.E0,9.159364177765E1,-2.839361703396E1));
#3692=LINE('',#3691,#3690);
#3693=CARTESIAN_POINT('',(-5.155311399790E-1,-2.919467586840E2,
-2.839388234989E1));
#3694=DIRECTION('',(5.581114491499E-12,-6.917552065398E-7,9.999999999998E-1));
#3695=DIRECTION('',(1.995957785707E-3,9.999980080740E-1,6.917538174749E-7));
#3696=AXIS2_PLACEMENT_3D('',#3693,#3694,#3695);
#3698=CARTESIAN_POINT('',(2.386979502944E-14,9.179364195823E1,
-2.839361703396E1));
#3699=CARTESIAN_POINT('',(-5.555556928810E-2,9.179371660346E1,
-2.840780142617E1));
#3700=CARTESIAN_POINT('',(-1.111111513346E-1,9.179377918420E1,
-2.842198582165E1));
#3701=CARTESIAN_POINT('',(-1.666667461395E-1,9.179382970044E1,
-2.843617022038E1));
#3703=DIRECTION('',(-1.776356104947E-14,1.E0,0.E0));
#3704=VECTOR('',#3703,2.000000826921E-1);
#3705=CARTESIAN_POINT('',(-1.666667461395E-1,9.159382961775E1,
-2.843617022038E1));
#3706=LINE('',#3705,#3704);
#3707=CARTESIAN_POINT('',(-3.430589146092E-14,9.159364177765E1,
-2.839361703396E1));
#3708=CARTESIAN_POINT('',(-5.555556927482E-2,9.159371646180E1,
-2.840780142617E1));
#3709=CARTESIAN_POINT('',(-1.111111513213E-1,9.159377907517E1,
-2.842198582164E1));
#3710=CARTESIAN_POINT('',(-1.666667461395E-1,9.159382961775E1,
-2.843617022038E1));
#3712=CARTESIAN_POINT('',(-1.666667461395E-1,9.179382970044E1,
-2.843617022038E1));
#3713=CARTESIAN_POINT('',(-2.222222420883E-1,9.179388022641E1,
-2.846453900794E1));
#3714=CARTESIAN_POINT('',(-2.777777446620E-1,9.179391868793E1,
-2.849290779888E1));
#3715=CARTESIAN_POINT('',(-3.333332538605E-1,9.179394508499E1,
-2.852127659321E1));
#3717=DIRECTION('',(0.E0,1.E0,0.E0));
#3718=VECTOR('',#3717,2.000000225547E-1);
#3719=CARTESIAN_POINT('',(-3.333332538605E-1,9.159394506243E1,
-2.852127659321E1));
#3720=LINE('',#3719,#3718);
#3721=CARTESIAN_POINT('',(-1.666667461396E-1,9.159382961775E1,
-2.843617022038E1));
#3722=CARTESIAN_POINT('',(-2.222222420814E-1,9.159388017006E1,
-2.846453900793E1));
#3723=CARTESIAN_POINT('',(-2.777777446551E-1,9.159391865162E1,
-2.849290779888E1));
#3724=CARTESIAN_POINT('',(-3.333332538605E-1,9.159394506243E1,
-2.852127659321E1));
#3726=CARTESIAN_POINT('',(-3.333332538604E-1,9.179394508499E1,
-2.852127659321E1));
#3727=CARTESIAN_POINT('',(-3.888888343814E-1,9.179397150171E1,
-2.857801417354E1));
#3728=CARTESIAN_POINT('',(-4.444444164279E-1,9.179398585394E1,
-2.863475175543E1));
#3729=CARTESIAN_POINT('',(-5.E-1,9.179398814169E1,-2.869148933887E1));
#3731=DIRECTION('',(0.E0,1.E0,0.E0));
#3732=VECTOR('',#3731,2.000000001639E-1);
#3733=CARTESIAN_POINT('',(-5.E-1,9.159398814153E1,-2.869148933887E1));
#3734=LINE('',#3733,#3732);
#3735=CARTESIAN_POINT('',(-3.333332538604E-1,9.159394506243E1,
-2.852127659321E1));
#3736=CARTESIAN_POINT('',(-3.888888343798E-1,9.159397149291E1,
-2.857801417354E1));
#3737=CARTESIAN_POINT('',(-4.444444164263E-1,9.159398585261E1,
-2.863475175543E1));
#3738=CARTESIAN_POINT('',(-5.E-1,9.159398814153E1,-2.869148933887E1));
#3740=CARTESIAN_POINT('',(-5.E-1,9.179398814169E1,-2.869148933887E1));
#3741=CARTESIAN_POINT('',(-5.138888756439E-1,9.179398874306E1,
-2.874822692077E1));
#3742=CARTESIAN_POINT('',(-5.277777512873E-1,9.179398859041E1,
-2.880496450265E1));
#3743=CARTESIAN_POINT('',(-5.416666269303E-1,9.179398768373E1,
-2.886170208454E1));
#3745=DIRECTION('',(0.E0,1.E0,0.E0));
#3746=VECTOR('',#3745,2.000000004641E-1);
#3747=CARTESIAN_POINT('',(-5.416666269302E-1,9.159398768326E1,
-2.886170208454E1));
#3748=LINE('',#3747,#3746);
#3749=CARTESIAN_POINT('',(-5.E-1,9.159398814153E1,-2.869148933887E1));
#3750=CARTESIAN_POINT('',(-5.138888756439E-1,9.159398874319E1,
-2.874822692077E1));
#3751=CARTESIAN_POINT('',(-5.277777512873E-1,9.159398859044E1,
-2.880496450265E1));
#3752=CARTESIAN_POINT('',(-5.416666269302E-1,9.159398768326E1,
-2.886170208454E1));
#3754=DIRECTION('',(0.E0,-6.917551645960E-7,9.999999999998E-1));
#3755=VECTOR('',#3754,1.702128648758E-1);
#3756=CARTESIAN_POINT('',(-5.416666269302E-1,9.179398780147E1,
-2.903191494942E1));
#3757=LINE('',#3756,#3755);
#3758=DIRECTION('',(0.E0,1.E0,0.E0));
#3759=VECTOR('',#3758,2.000000004642E-1);
#3760=CARTESIAN_POINT('',(-5.416666269302E-1,9.159398780101E1,
-2.903191494942E1));
#3761=LINE('',#3760,#3759);
#3762=DIRECTION('',(0.E0,-6.917549976185E-7,9.999999999998E-1));
#3763=VECTOR('',#3762,1.702128648758E-1);
#3764=CARTESIAN_POINT('',(-5.416666269302E-1,9.159398780101E1,
-2.903191494942E1));
#3765=LINE('',#3764,#3763);
#3766=CARTESIAN_POINT('',(-5.E-1,9.179398849493E1,-2.920212769508E1));
#3767=CARTESIAN_POINT('',(-5.138888756441E-1,9.179398901780E1,
-2.914539011319E1));
#3768=CARTESIAN_POINT('',(-5.277777512876E-1,9.179398878665E1,
-2.908865253130E1));
#3769=CARTESIAN_POINT('',(-5.416666269303E-1,9.179398780147E1,
-2.903191494942E1));
#3771=DIRECTION('',(0.E0,1.E0,0.E0));
#3772=VECTOR('',#3771,2.000000001640E-1);
#3773=CARTESIAN_POINT('',(-5.E-1,9.159398849476E1,-2.920212769508E1));
#3774=LINE('',#3773,#3772);
#3775=CARTESIAN_POINT('',(-5.E-1,9.159398849476E1,-2.920212769508E1));
#3776=CARTESIAN_POINT('',(-5.138888756441E-1,9.159398901793E1,
-2.914539011319E1));
#3777=CARTESIAN_POINT('',(-5.277777512875E-1,9.159398878668E1,
-2.908865253130E1));
#3778=CARTESIAN_POINT('',(-5.416666269302E-1,9.159398780101E1,
-2.903191494942E1));
#3780=CARTESIAN_POINT('',(-3.333332538605E-1,9.179394567372E1,
-2.937234044075E1));
#3781=CARTESIAN_POINT('',(-3.888888343898E-1,9.179397201194E1,
-2.931560286041E1));
#3782=CARTESIAN_POINT('',(-4.444444164363E-1,9.179398628568E1,
-2.925886527852E1));
#3783=CARTESIAN_POINT('',(-5.E-1,9.179398849493E1,-2.920212769508E1));
#3785=DIRECTION('',(0.E0,1.E0,0.E0));
#3786=VECTOR('',#3785,2.000000225547E-1);
#3787=CARTESIAN_POINT('',(-3.333332538605E-1,9.159394565116E1,
-2.937234044075E1));
#3788=LINE('',#3787,#3786);
#3789=CARTESIAN_POINT('',(-3.333332538605E-1,9.159394565116E1,
-2.937234044075E1));
#3790=CARTESIAN_POINT('',(-3.888888343882E-1,9.159397200314E1,
-2.931560286041E1));
#3791=CARTESIAN_POINT('',(-4.444444164347E-1,9.159398628434E1,
-2.925886527852E1));
#3792=CARTESIAN_POINT('',(-5.E-1,9.159398849476E1,-2.920212769508E1));
#3794=CARTESIAN_POINT('',(-1.666667461395E-1,9.179383040692E1,
-2.945744681358E1));
#3795=CARTESIAN_POINT('',(-2.222222420950E-1,9.179388089364E1,
-2.942907802602E1));
#3796=CARTESIAN_POINT('',(-2.777777446687E-1,9.179391931590E1,
-2.940070923507E1));
#3797=CARTESIAN_POINT('',(-3.333332538605E-1,9.179394567372E1,
-2.937234044075E1));
#3799=DIRECTION('',(4.621301429275E-14,1.E0,0.E0));
#3800=VECTOR('',#3799,2.000000826922E-1);
#3801=CARTESIAN_POINT('',(-1.666667461395E-1,9.159383032422E1,
-2.945744681358E1));
#3802=LINE('',#3801,#3800);
#3803=CARTESIAN_POINT('',(-1.666667461396E-1,9.159383032422E1,
-2.945744681358E1));
#3804=CARTESIAN_POINT('',(-2.222222420882E-1,9.159388083728E1,
-2.942907802602E1));
#3805=CARTESIAN_POINT('',(-2.777777446618E-1,9.159391927959E1,
-2.940070923508E1));
#3806=CARTESIAN_POINT('',(-3.333332538605E-1,9.159394565116E1,
-2.937234044075E1));
#3808=CARTESIAN_POINT('',(-1.210143096841E-14,9.179364272357E1,-2.95E1));
#3809=CARTESIAN_POINT('',(-5.555556929212E-2,9.179371734918E1,
-2.948581560778E1));
#3810=CARTESIAN_POINT('',(-1.111111513386E-1,9.179377991029E1,
-2.947163121231E1));
#3811=CARTESIAN_POINT('',(-1.666667461395E-1,9.179383040692E1,
-2.945744681358E1));
#3813=DIRECTION('',(0.E0,1.E0,0.E0));
#3814=VECTOR('',#3813,2.000001805765E-1);
#3815=CARTESIAN_POINT('',(0.E0,9.159364254300E1,-2.95E1));
#3816=LINE('',#3815,#3814);
#3817=CARTESIAN_POINT('',(1.165734175856E-14,9.159364254300E1,-2.95E1));
#3818=CARTESIAN_POINT('',(-5.555556927882E-2,9.159371720752E1,
-2.948581560779E1));
#3819=CARTESIAN_POINT('',(-1.111111513253E-1,9.159377980127E1,
-2.947163121232E1));
#3820=CARTESIAN_POINT('',(-1.666667461396E-1,9.159383032422E1,
-2.945744681358E1));
#3822=CARTESIAN_POINT('',(-5.155311399851E-1,-2.919467579186E2,
-2.950026545431E1));
#3823=DIRECTION('',(5.581114491499E-12,-6.917552065398E-7,9.999999999998E-1));
#3824=DIRECTION('',(1.886337063836E-3,9.999982208644E-1,6.917539652812E-7));
#3825=AXIS2_PLACEMENT_3D('',#3822,#3823,#3824);
#3827=DIRECTION('',(0.E0,1.E0,0.E0));
#3828=VECTOR('',#3827,2.000003560133E-1);
#3829=CARTESIAN_POINT('',(2.083332538605E-1,9.159330593254E1,-2.95E1));
#3830=LINE('',#3829,#3828);
#3831=CARTESIAN_POINT('',(-5.155311399851E-1,-2.919467579186E2,
-2.950026531596E1));
#3832=DIRECTION('',(5.581114491499E-12,-6.917552065398E-7,9.999999999998E-1));
#3833=DIRECTION('',(1.887320707466E-3,9.999982190084E-1,6.917539639960E-7));
#3834=AXIS2_PLACEMENT_3D('',#3831,#3832,#3833);
#3836=CARTESIAN_POINT('',(4.166667461395E-1,9.179285671857E1,
-2.945744681358E1));
#3837=CARTESIAN_POINT('',(3.472222877628E-1,9.179302542604E1,
-2.947163120108E1));
#3838=CARTESIAN_POINT('',(2.777777903365E-1,9.179317528271E1,
-2.948581559655E1));
#3839=CARTESIAN_POINT('',(2.083332538605E-1,9.179330628855E1,-2.95E1));
#3841=DIRECTION('',(0.E0,1.E0,0.E0));
#3842=VECTOR('',#3841,2.000005904305E-1);
#3843=CARTESIAN_POINT('',(4.166667461395E-1,9.159285612814E1,
-2.945744681358E1));
#3844=LINE('',#3843,#3842);
#3845=CARTESIAN_POINT('',(4.166667461395E-1,9.159285612814E1,
-2.945744681358E1));
#3846=CARTESIAN_POINT('',(3.472222878036E-1,9.159302492358E1,
-2.947163120107E1));
#3847=CARTESIAN_POINT('',(2.777777903772E-1,9.159317485838E1,
-2.948581559654E1));
#3848=CARTESIAN_POINT('',(2.083332538604E-1,9.159330593254E1,-2.95E1));
#3850=CARTESIAN_POINT('',(5.833332538604E-1,9.179241556262E1,
-2.932978725433E1));
#3851=CARTESIAN_POINT('',(5.277777714130E-1,9.179257467913E1,
-2.937234042533E1));
#3852=CARTESIAN_POINT('',(4.722222688393E-1,9.179272173110E1,
-2.941489361175E1));
#3853=CARTESIAN_POINT('',(4.166667461395E-1,9.179285671857E1,
-2.945744681358E1));
#3855=DIRECTION('',(0.E0,1.E0,-3.552699105098E-14));
#3856=VECTOR('',#3855,2.000008204299E-1);
#3857=CARTESIAN_POINT('',(5.833332538605E-1,9.159241474219E1,
-2.932978725433E1));
#3858=LINE('',#3857,#3856);
#3859=CARTESIAN_POINT('',(5.833332538605E-1,9.159241474219E1,
-2.932978725433E1));
#3860=CARTESIAN_POINT('',(5.277777714340E-1,9.159257394165E1,
-2.937234042532E1));
#3861=CARTESIAN_POINT('',(4.722222688604E-1,9.159272107030E1,
-2.941489361173E1));
#3862=CARTESIAN_POINT('',(4.166667461396E-1,9.159285612814E1,
-2.945744681358E1));
#3864=CARTESIAN_POINT('',(7.083332538604E-1,9.179203713942E1,
-2.915957450867E1));
#3865=CARTESIAN_POINT('',(6.666665943918E-1,9.179217006683E1,
-2.921631208075E1));
#3866=CARTESIAN_POINT('',(6.249999277251E-1,9.179229620789E1,
-2.927304966264E1));
#3867=CARTESIAN_POINT('',(5.833332538604E-1,9.179241556262E1,
-2.932978725433E1));
#3869=DIRECTION('',(0.E0,1.E0,0.E0));
#3870=VECTOR('',#3869,2.000010177017E-1);
#3871=CARTESIAN_POINT('',(7.083332538605E-1,9.159203612172E1,
-2.915957450867E1));
#3872=LINE('',#3871,#3870);
#3873=CARTESIAN_POINT('',(7.083332538604E-1,9.159203612172E1,
-2.915957450867E1));
#3874=CARTESIAN_POINT('',(6.666665943993E-1,9.159216911842E1,
-2.921631208074E1));
#3875=CARTESIAN_POINT('',(6.249999277326E-1,9.159229532524E1,
-2.927304966263E1));
#3876=CARTESIAN_POINT('',(5.833332538604E-1,9.159241474219E1,
-2.932978725433E1));
#3878=CARTESIAN_POINT('',(7.5E-1,9.179190190055E1,-2.903191494942E1));
#3879=CARTESIAN_POINT('',(7.361110848558E-1,9.179194773422E1,
-2.907446813511E1));
#3880=CARTESIAN_POINT('',(7.222221694759E-1,9.179199281384E1,
-2.911702132153E1));
#3881=CARTESIAN_POINT('',(7.083332538605E-1,9.179203713942E1,
-2.915957450867E1));
#3883=DIRECTION('',(0.E0,1.E0,0.E0));
#3884=VECTOR('',#3883,2.000010881777E-1);
#3885=CARTESIAN_POINT('',(7.5E-1,9.159190081237E1,-2.903191494942E1));
#3886=LINE('',#3885,#3884);
#3887=CARTESIAN_POINT('',(7.5E-1,9.159190081237E1,-2.903191494942E1));
#3888=CARTESIAN_POINT('',(7.361110848560E-1,9.159194666992E1,
-2.907446813511E1));
#3889=CARTESIAN_POINT('',(7.222221694762E-1,9.159199177304E1,
-2.911702132153E1));
#3890=CARTESIAN_POINT('',(7.083332538604E-1,9.159203612172E1,
-2.915957450867E1));
#3892=CARTESIAN_POINT('',(-5.155311399825E-1,-2.919467582424E2,
-2.903218040290E1));
#3893=DIRECTION('',(5.581114491499E-12,-6.917552065398E-7,9.999999999998E-1));
#3894=DIRECTION('',(3.297880535476E-3,9.999945619770E-1,6.917514263559E-7));
#3895=AXIS2_PLACEMENT_3D('',#3892,#3893,#3894);
#3897=DIRECTION('',(0.E0,1.E0,0.E0));
#3898=VECTOR('',#3897,2.000007007117E-1);
#3899=CARTESIAN_POINT('',(5.E-1,9.159264423810E1,-2.903191494942E1));
#3900=LINE('',#3899,#3898);
#3901=CARTESIAN_POINT('',(-5.155311399825E-1,-2.919467582424E2,
-2.903218026455E1));
#3902=DIRECTION('',(5.581114491499E-12,-6.917552065398E-7,9.999999999998E-1));
#3903=DIRECTION('',(3.299600238304E-3,9.999945563041E-1,6.917514224222E-7));
#3904=AXIS2_PLACEMENT_3D('',#3901,#3902,#3903);
#3906=CARTESIAN_POINT('',(2.583333492279E0,9.178147585937E1,-2.856382977962E1));
#3907=CARTESIAN_POINT('',(2.555555680579E0,9.178170017414E1,-2.854964539389E1));
#3908=CARTESIAN_POINT('',(2.527777849820E0,9.178192147265E1,-2.853546099841E1));
#3909=CARTESIAN_POINT('',(2.5E0,9.178213975490E1,-2.852127659321E1));
#3911=DIRECTION('',(0.E0,1.E0,0.E0));
#3912=VECTOR('',#3911,2.000061787174E-1);
#3913=CARTESIAN_POINT('',(2.5E0,9.158213357618E1,-2.852127659321E1));
#3914=LINE('',#3913,#3912);
#3915=CARTESIAN_POINT('',(2.583333492279E0,9.158146933442E1,-2.856382977962E1));
#3916=CARTESIAN_POINT('',(2.555555680599E0,9.158169376618E1,-2.854964539390E1));
#3917=CARTESIAN_POINT('',(2.527777849839E0,9.158191518010E1,-2.853546099842E1));
#3918=CARTESIAN_POINT('',(2.5E0,9.158213357618E1,-2.852127659321E1));
#3920=CARTESIAN_POINT('',(2.583333492279E0,9.178147580049E1,-2.847872340679E1));
#3921=CARTESIAN_POINT('',(2.555555680581E0,9.178170013489E1,-2.849290779253E1));
#3922=CARTESIAN_POINT('',(2.527777849821E0,9.178192145303E1,-2.850709218800E1));
#3923=CARTESIAN_POINT('',(2.5E0,9.178213975490E1,-2.852127659321E1));
#3925=DIRECTION('',(0.E0,1.E0,0.E0));
#3926=VECTOR('',#3925,2.000065249477E-1);
#3927=CARTESIAN_POINT('',(2.583333492279E0,9.158146927554E1,-2.847872340679E1));
#3928=LINE('',#3927,#3926);
#3929=CARTESIAN_POINT('',(2.583333492279E0,9.158146927554E1,-2.847872340679E1));
#3930=CARTESIAN_POINT('',(2.555555680601E0,9.158169372693E1,-2.849290779252E1));
#3931=CARTESIAN_POINT('',(2.527777849841E0,9.158191516047E1,-2.850709218799E1));
#3932=CARTESIAN_POINT('',(2.5E0,9.158213357618E1,-2.852127659321E1));
#3934=CARTESIAN_POINT('',(2.708333492279E0,9.178044586249E1,-2.830851066113E1));
#3935=CARTESIAN_POINT('',(2.666666845204E0,9.178079596196E1,-2.836524821634E1));
#3936=CARTESIAN_POINT('',(2.625000178538E0,9.178113927461E1,-2.842198579822E1));
#3937=CARTESIAN_POINT('',(2.583333492279E0,9.178147580049E1,-2.847872340679E1));
#3939=DIRECTION('',(-1.110183824083E-14,1.E0,0.E0));
#3940=VECTOR('',#3939,2.000070619912E-1);
#3941=CARTESIAN_POINT('',(2.708333492279E0,9.158043880050E1,-2.830851066113E1));
#3942=LINE('',#3941,#3940);
#3943=CARTESIAN_POINT('',(2.708333492279E0,9.158043880050E1,-2.830851066113E1));
#3944=CARTESIAN_POINT('',(2.666666845225E0,9.158078908252E1,-2.836524821631E1));
#3945=CARTESIAN_POINT('',(2.625000178558E0,9.158113257419E1,-2.842198579820E1));
#3946=CARTESIAN_POINT('',(2.583333492279E0,9.158146927554E1,-2.847872340679E1));
#3948=CARTESIAN_POINT('',(2.75E0,9.178009345282E1,-2.818085104227E1));
#3949=CARTESIAN_POINT('',(2.736111164707E0,9.178021167681E1,-2.822340424667E1));
#3950=CARTESIAN_POINT('',(2.722222328800E0,9.178032914670E1,-2.826595745296E1));
#3951=CARTESIAN_POINT('',(2.708333492279E0,9.178044586249E1,-2.830851066113E1));
#3953=DIRECTION('',(0.E0,1.E0,0.E0));
#3954=VECTOR('',#3953,2.000072457247E-1);
#3955=CARTESIAN_POINT('',(2.75E0,9.158008620709E1,-2.818085104227E1));
#3956=LINE('',#3955,#3954);
#3957=CARTESIAN_POINT('',(2.75E0,9.158008620709E1,-2.818085104227E1));
#3958=CARTESIAN_POINT('',(2.736111164708E0,9.158020449272E1,-2.822340424667E1));
#3959=CARTESIAN_POINT('',(2.722222328801E0,9.158032202386E1,-2.826595745296E1));
#3960=CARTESIAN_POINT('',(2.708333492279E0,9.158043880050E1,-2.830851066113E1));
#3962=DIRECTION('',(0.E0,-6.917549811597E-7,9.999999999998E-1));
#3963=VECTOR('',#3962,2.127659320832E-1);
#3964=CARTESIAN_POINT('',(2.75E0,9.178009345282E1,-2.818085104227E1));
#3965=LINE('',#3964,#3963);
#3966=DIRECTION('',(0.E0,1.E0,0.E0));
#3967=VECTOR('',#3966,2.000072457248E-1);
#3968=CARTESIAN_POINT('',(2.75E0,9.158008605991E1,-2.796808511019E1));
#3969=LINE('',#3968,#3967);
#3970=DIRECTION('',(0.E0,-6.917550479507E-7,9.999999999998E-1));
#3971=VECTOR('',#3970,2.127659320832E-1);
#3972=CARTESIAN_POINT('',(2.75E0,9.158008620709E1,-2.818085104227E1));
#3973=LINE('',#3972,#3971);
#3974=CARTESIAN_POINT('',(2.75E0,9.178009330564E1,-2.796808511019E1));
#3975=CARTESIAN_POINT('',(2.736111164707E0,9.178021147075E1,-2.792553191572E1));
#3976=CARTESIAN_POINT('',(2.722222328800E0,9.178032888177E1,-2.788297871937E1));
#3977=CARTESIAN_POINT('',(2.708333492279E0,9.178044553869E1,-2.784042552114E1));
#3979=DIRECTION('',(0.E0,1.E0,-3.552588237065E-14));
#3980=VECTOR('',#3979,2.000070619912E-1);
#3981=CARTESIAN_POINT('',(2.708333492279E0,9.158043847670E1,-2.784042552114E1));
#3982=LINE('',#3981,#3980);
#3983=CARTESIAN_POINT('',(2.75E0,9.158008605991E1,-2.796808511019E1));
#3984=CARTESIAN_POINT('',(2.736111164707E0,9.158020428667E1,-2.792553191572E1));
#3985=CARTESIAN_POINT('',(2.722222328800E0,9.158032175893E1,-2.788297871937E1));
#3986=CARTESIAN_POINT('',(2.708333492279E0,9.158043847670E1,-2.784042552114E1));
#3988=CARTESIAN_POINT('',(2.708333492279E0,9.178044553869E1,-2.784042552114E1));
#3989=CARTESIAN_POINT('',(2.666666845200E0,9.178079555966E1,-2.778368796095E1));
#3990=CARTESIAN_POINT('',(2.625000178533E0,9.178113879382E1,-2.772695037410E1));
#3991=CARTESIAN_POINT('',(2.583333492279E0,9.178147524120E1,-2.767021276057E1));
#3993=DIRECTION('',(2.220373610141E-14,1.E0,-3.552597776226E-14));
#3994=VECTOR('',#3993,2.000065249478E-1);
#3995=CARTESIAN_POINT('',(2.583333492279E0,9.158146871625E1,-2.767021276057E1));
#3996=LINE('',#3995,#3994);
#3997=CARTESIAN_POINT('',(2.708333492279E0,9.158043847670E1,-2.784042552114E1));
#3998=CARTESIAN_POINT('',(2.666666845220E0,9.158078868022E1,-2.778368796098E1));
#3999=CARTESIAN_POINT('',(2.625000178554E0,9.158113209340E1,-2.772695037412E1));
#4000=CARTESIAN_POINT('',(2.583333492279E0,9.158146871625E1,-2.767021276057E1));
#4002=CARTESIAN_POINT('',(2.583333492279E0,9.178147524120E1,-2.767021276057E1));
#4003=CARTESIAN_POINT('',(2.527777890512E0,9.178192386077E1,-2.762765961619E1));
#4004=CARTESIAN_POINT('',(2.472222228992E0,9.178236041514E1,-2.758510642605E1));
#4005=CARTESIAN_POINT('',(2.416666507721E0,9.178278490438E1,-2.754255319014E1));
#4007=DIRECTION('',(0.E0,1.E0,0.E0));
#4008=VECTOR('',#4007,2.000058419264E-1);
#4009=CARTESIAN_POINT('',(2.416666507721E0,9.158277906245E1,-2.754255319014E1));
#4010=LINE('',#4009,#4008);
#4011=CARTESIAN_POINT('',(2.583333492279E0,9.158146871625E1,-2.767021276057E1));
#4012=CARTESIAN_POINT('',(2.527777890574E0,9.158191756978E1,-2.762765961624E1));
#4013=CARTESIAN_POINT('',(2.472222229054E0,9.158235435183E1,-2.758510642610E1));
#4014=CARTESIAN_POINT('',(2.416666507721E0,9.158277906245E1,-2.754255319014E1));
#4016=CARTESIAN_POINT('',(2.416666507721E0,9.178278490438E1,-2.754255319014E1));
#4017=CARTESIAN_POINT('',(2.347222302604E0,9.178331553949E1,-2.752836882067E1));
#4018=CARTESIAN_POINT('',(2.277777964124E0,9.178382732336E1,-2.751418442395E1));
#4019=CARTESIAN_POINT('',(2.208333492279E0,9.178432025600E1,-2.75E1));
#4021=DIRECTION('',(-1.776312065254E-14,1.E0,0.E0));
#4022=VECTOR('',#4021,2.000050412477E-1);
#4023=CARTESIAN_POINT('',(2.208333492279E0,9.158431521476E1,-2.75E1));
#4024=LINE('',#4023,#4022);
#4025=CARTESIAN_POINT('',(2.416666507721E0,9.158277906245E1,-2.754255319014E1));
#4026=CARTESIAN_POINT('',(2.347222302743E0,9.158330997428E1,-2.752836882070E1));
#4027=CARTESIAN_POINT('',(2.277777964263E0,9.158382202505E1,-2.751418442398E1));
#4028=CARTESIAN_POINT('',(2.208333492279E0,9.158431521476E1,-2.75E1));
#4030=CARTESIAN_POINT('',(-5.155311399740E-1,-2.919467593021E2,
-2.750026545019E1));
#4031=DIRECTION('',(5.581114491499E-12,-6.917552065398E-7,9.999999999998E-1));
#4032=DIRECTION('',(7.098189738817E-3,9.999748075336E-1,6.917377399082E-7));
#4033=AXIS2_PLACEMENT_3D('',#4030,#4031,#4032);
#4035=DIRECTION('',(0.E0,1.E0,0.E0));
#4036=VECTOR('',#4035,2.000020191257E-1);
#4037=CARTESIAN_POINT('',(1.208333253860E0,9.159011356691E1,-2.75E1));
#4038=LINE('',#4037,#4036);
#4039=CARTESIAN_POINT('',(-5.155311399740E-1,-2.919467593021E2,
-2.750026531184E1));
#4040=DIRECTION('',(5.581114491499E-12,-6.917552065398E-7,9.999999999998E-1));
#4041=DIRECTION('',(7.101891139409E-3,9.999747812529E-1,6.917377217051E-7));
#4042=AXIS2_PLACEMENT_3D('',#4039,#4040,#4041);
#4044=DIRECTION('',(0.E0,-6.917552113349E-7,9.999999999998E-1));
#4045=VECTOR('',#4044,2.E0);
#4046=CARTESIAN_POINT('',(1.208333253860E0,9.179011696955E1,-2.95E1));
#4047=LINE('',#4046,#4045);
#4048=DIRECTION('',(0.E0,1.E0,0.E0));
#4049=VECTOR('',#4048,2.000020191258E-1);
#4050=CARTESIAN_POINT('',(1.208333253860E0,9.159011495042E1,-2.95E1));
#4051=LINE('',#4050,#4049);
#4052=DIRECTION('',(0.E0,-6.917551971240E-7,9.999999999998E-1));
#4053=VECTOR('',#4052,2.E0);
#4054=CARTESIAN_POINT('',(1.208333253860E0,9.159011495042E1,-2.95E1));
#4055=LINE('',#4054,#4053);
#4056=CARTESIAN_POINT('',(-5.155311399851E-1,-2.919467579186E2,
-2.950026545019E1));
#4057=DIRECTION('',(5.581114491499E-12,-6.917552065398E-7,9.999999999998E-1));
#4058=DIRECTION('',(7.098189738846E-3,9.999748075336E-1,6.917377399082E-7));
#4059=AXIS2_PLACEMENT_3D('',#4056,#4057,#4058);
#4061=DIRECTION('',(0.E0,1.E0,0.E0));
#4062=VECTOR('',#4061,2.000050412477E-1);
#4063=CARTESIAN_POINT('',(2.208333492279E0,9.158431659827E1,-2.95E1));
#4064=LINE('',#4063,#4062);
#4065=CARTESIAN_POINT('',(-5.155311399851E-1,-2.919467579186E2,
-2.950026531184E1));
#4066=DIRECTION('',(5.581114491499E-12,-6.917552065398E-7,9.999999999998E-1));
#4067=DIRECTION('',(7.101891139438E-3,9.999747812529E-1,6.917377217051E-7));
#4068=AXIS2_PLACEMENT_3D('',#4065,#4066,#4067);
#4070=CARTESIAN_POINT('',(2.416666507721E0,9.178278622901E1,-2.945744681358E1));
#4071=CARTESIAN_POINT('',(2.347222302609E0,9.178331688375E1,-2.947163118181E1));
#4072=CARTESIAN_POINT('',(2.277777964129E0,9.178382868725E1,-2.948581557729E1));
#4073=CARTESIAN_POINT('',(2.208333492279E0,9.178432163951E1,-2.95E1));
#4075=DIRECTION('',(1.332228715639E-14,1.E0,0.E0));
#4076=VECTOR('',#4075,2.000058419265E-1);
#4077=CARTESIAN_POINT('',(2.416666507721E0,9.158278038709E1,-2.945744681358E1));
#4078=LINE('',#4077,#4076);
#4079=CARTESIAN_POINT('',(2.416666507721E0,9.158278038709E1,-2.945744681358E1));
#4080=CARTESIAN_POINT('',(2.347222302749E0,9.158331131855E1,-2.947163118179E1));
#4081=CARTESIAN_POINT('',(2.277777964268E0,9.158382338894E1,-2.948581557726E1));
#4082=CARTESIAN_POINT('',(2.208333492279E0,9.158431659827E1,-2.95E1));
#4084=CARTESIAN_POINT('',(2.583333492279E0,9.178147638922E1,-2.932978725433E1));
#4085=CARTESIAN_POINT('',(2.527777890520E0,9.178192506766E1,-2.937234039498E1));
#4086=CARTESIAN_POINT('',(2.472222229E0,9.178236168091E1,-2.941489358139E1));
#4087=CARTESIAN_POINT('',(2.416666507721E0,9.178278622901E1,-2.945744681358E1));
#4089=DIRECTION('',(-1.332224166084E-14,1.E0,-3.552597776225E-14));
#4090=VECTOR('',#4089,2.000065249478E-1);
#4091=CARTESIAN_POINT('',(2.583333492279E0,9.158146986427E1,-2.932978725433E1));
#4092=LINE('',#4091,#4090);
#4093=CARTESIAN_POINT('',(2.583333492279E0,9.158146986427E1,-2.932978725433E1));
#4094=CARTESIAN_POINT('',(2.527777890582E0,9.158191877668E1,-2.937234039493E1));
#4095=CARTESIAN_POINT('',(2.472222229063E0,9.158235561760E1,-2.941489358135E1));
#4096=CARTESIAN_POINT('',(2.416666507721E0,9.158278038709E1,-2.945744681358E1));
#4098=CARTESIAN_POINT('',(2.708333492279E0,9.178044645122E1,-2.915957450867E1));
#4099=CARTESIAN_POINT('',(2.666666845204E0,9.178079655069E1,-2.921631206388E1));
#4100=CARTESIAN_POINT('',(2.625000178538E0,9.178113986334E1,-2.927304964577E1));
#4101=CARTESIAN_POINT('',(2.583333492279E0,9.178147638922E1,-2.932978725433E1));
#4103=DIRECTION('',(0.E0,1.E0,0.E0));
#4104=VECTOR('',#4103,2.000070619912E-1);
#4105=CARTESIAN_POINT('',(2.708333492279E0,9.158043938923E1,-2.915957450867E1));
#4106=LINE('',#4105,#4104);
#4107=CARTESIAN_POINT('',(2.708333492279E0,9.158043938923E1,-2.915957450867E1));
#4108=CARTESIAN_POINT('',(2.666666845225E0,9.158078967125E1,-2.921631206385E1));
#4109=CARTESIAN_POINT('',(2.625000178558E0,9.158113316292E1,-2.927304964574E1));
#4110=CARTESIAN_POINT('',(2.583333492279E0,9.158146986427E1,-2.932978725433E1));
#4112=CARTESIAN_POINT('',(2.75E0,9.178009404155E1,-2.903191494942E1));
#4113=CARTESIAN_POINT('',(2.736111164707E0,9.178021226554E1,-2.907446813395E1));
#4114=CARTESIAN_POINT('',(2.722222328800E0,9.178032973543E1,-2.911702132037E1));
#4115=CARTESIAN_POINT('',(2.708333492279E0,9.178044645122E1,-2.915957450867E1));
#4117=DIRECTION('',(0.E0,1.E0,0.E0));
#4118=VECTOR('',#4117,2.000072457248E-1);
#4119=CARTESIAN_POINT('',(2.75E0,9.158008679582E1,-2.903191494942E1));
#4120=LINE('',#4119,#4118);
#4121=CARTESIAN_POINT('',(2.75E0,9.158008679582E1,-2.903191494942E1));
#4122=CARTESIAN_POINT('',(2.736111164708E0,9.158020508145E1,-2.907446813395E1));
#4123=CARTESIAN_POINT('',(2.722222328801E0,9.158032261258E1,-2.911702132037E1));
#4124=CARTESIAN_POINT('',(2.708333492279E0,9.158043938923E1,-2.915957450867E1));
#4126=DIRECTION('',(0.E0,-6.917552480847E-7,9.999999999998E-1));
#4127=VECTOR('',#4126,1.702128648758E-1);
#4128=CARTESIAN_POINT('',(2.75E0,9.178009404155E1,-2.903191494942E1));
#4129=LINE('',#4128,#4127);
#4130=DIRECTION('',(0.E0,1.E0,0.E0));
#4131=VECTOR('',#4130,2.000072457248E-1);
#4132=CARTESIAN_POINT('',(2.75E0,9.158008667807E1,-2.886170208454E1));
#4133=LINE('',#4132,#4131);
#4134=DIRECTION('',(0.E0,-6.917549976185E-7,9.999999999998E-1));
#4135=VECTOR('',#4134,1.702128648758E-1);
#4136=CARTESIAN_POINT('',(2.75E0,9.158008679582E1,-2.903191494942E1));
#4137=LINE('',#4136,#4135);
#4138=CARTESIAN_POINT('',(2.75E0,9.178009392380E1,-2.886170208454E1));
#4139=CARTESIAN_POINT('',(2.736111164707E0,9.178021208892E1,-2.881914890001E1));
#4140=CARTESIAN_POINT('',(2.722222328800E0,9.178032949993E1,-2.877659571359E1));
#4141=CARTESIAN_POINT('',(2.708333492279E0,9.178044615685E1,-2.873404252529E1));
#4143=DIRECTION('',(0.E0,1.E0,0.E0));
#4144=VECTOR('',#4143,2.000070619911E-1);
#4145=CARTESIAN_POINT('',(2.708333492279E0,9.158043909486E1,-2.873404252529E1));
#4146=LINE('',#4145,#4144);
#4147=CARTESIAN_POINT('',(2.75E0,9.158008667807E1,-2.886170208454E1));
#4148=CARTESIAN_POINT('',(2.736111164707E0,9.158020490483E1,-2.881914890001E1));
#4149=CARTESIAN_POINT('',(2.722222328800E0,9.158032237709E1,-2.877659571359E1));
#4150=CARTESIAN_POINT('',(2.708333492279E0,9.158043909486E1,-2.873404252529E1));
#4152=CARTESIAN_POINT('',(2.708333492279E0,9.178044615685E1,-2.873404252529E1));
#4153=CARTESIAN_POINT('',(2.666666845200E0,9.178079617782E1,-2.867730497007E1));
#4154=CARTESIAN_POINT('',(2.625000178533E0,9.178113941198E1,-2.862056738819E1));
#4155=CARTESIAN_POINT('',(2.583333492279E0,9.178147585937E1,-2.856382977962E1));
#4157=DIRECTION('',(0.E0,1.E0,0.E0));
#4158=VECTOR('',#4157,2.000065249478E-1);
#4159=CARTESIAN_POINT('',(2.583333492279E0,9.158146933442E1,-2.856382977962E1));
#4160=LINE('',#4159,#4158);
#4161=CARTESIAN_POINT('',(2.708333492279E0,9.158043909486E1,-2.873404252529E1));
#4162=CARTESIAN_POINT('',(2.666666845220E0,9.158078929839E1,-2.867730497010E1));
#4163=CARTESIAN_POINT('',(2.625000178554E0,9.158113271156E1,-2.862056738821E1));
#4164=CARTESIAN_POINT('',(2.583333492279E0,9.158146933442E1,-2.856382977962E1));
#4166=CARTESIAN_POINT('',(-5.155311399837E-1,-2.919467580952E2,
-2.924494633109E1));
#4167=DIRECTION('',(5.581114491499E-12,-6.917552065398E-7,9.999999999998E-1));
#4168=DIRECTION('',(7.206769575761E-3,9.999740308987E-1,6.917372020583E-7));
#4169=AXIS2_PLACEMENT_3D('',#4166,#4167,#4168);
#4171=DIRECTION('',(0.E0,1.E0,0.E0));
#4172=VECTOR('',#4171,2.000026472432E-1);
#4173=CARTESIAN_POINT('',(1.458333253860E0,9.158890963068E1,-2.924468088150E1));
#4174=LINE('',#4173,#4172);
#4175=CARTESIAN_POINT('',(-5.155311399837E-1,-2.919467580952E2,
-2.924494619273E1));
#4176=DIRECTION('',(5.581114491499E-12,-6.917552065398E-7,9.999999999998E-1));
#4177=DIRECTION('',(7.210527596067E-3,9.999740038078E-1,6.917371832969E-7));
#4178=AXIS2_PLACEMENT_3D('',#4175,#4176,#4177);
#4180=DIRECTION('',(0.E0,-6.917551766937E-7,9.999999999998E-1));
#4181=VECTOR('',#4180,5.957447290422E-1);
#4182=CARTESIAN_POINT('',(1.458333253860E0,9.178891227793E1,-2.924468088150E1));
#4183=LINE('',#4182,#4181);
#4184=DIRECTION('',(0.E0,1.E0,0.E0));
#4185=VECTOR('',#4184,2.000026472431E-1);
#4186=CARTESIAN_POINT('',(1.458333253860E0,9.158890921857E1,-2.864893615246E1));
#4187=LINE('',#4186,#4185);
#4188=DIRECTION('',(0.E0,-6.917550812779E-7,9.999999999998E-1));
#4189=VECTOR('',#4188,5.957447290422E-1);
#4190=CARTESIAN_POINT('',(1.458333253860E0,9.158890963068E1,-2.924468088150E1));
#4191=LINE('',#4190,#4189);
#4192=CARTESIAN_POINT('',(-5.155311399804E-1,-2.919467585074E2,
-2.864920160204E1));
#4193=DIRECTION('',(5.581114491499E-12,-6.917552065398E-7,9.999999999998E-1));
#4194=DIRECTION('',(7.206769575752E-3,9.999740308987E-1,6.917372020583E-7));
#4195=AXIS2_PLACEMENT_3D('',#4192,#4193,#4194);
#4197=DIRECTION('',(-1.332233013715E-14,1.E0,0.E0));
#4198=VECTOR('',#4197,2.000051966637E-1);
#4199=CARTESIAN_POINT('',(2.25E0,9.158401782765E1,-2.864893615246E1));
#4200=LINE('',#4199,#4198);
#4201=CARTESIAN_POINT('',(-5.155311399804E-1,-2.919467585074E2,
-2.864920146369E1));
#4202=DIRECTION('',(5.581114491499E-12,-6.917552065398E-7,9.999999999998E-1));
#4203=DIRECTION('',(7.210527596058E-3,9.999740038078E-1,6.917371832969E-7));
#4204=AXIS2_PLACEMENT_3D('',#4201,#4202,#4203);
#4206=CARTESIAN_POINT('',(2.375E0,9.178310182373E1,-2.869148933887E1));
#4207=CARTESIAN_POINT('',(2.333333378153E0,9.178341567708E1,-2.867730495866E1));
#4208=CARTESIAN_POINT('',(2.291666711486E0,9.178372274394E1,-2.866312056319E1));
#4209=CARTESIAN_POINT('',(2.25E0,9.178402302431E1,-2.864893615246E1));
#4211=DIRECTION('',(0.E0,1.E0,0.E0));
#4212=VECTOR('',#4211,2.000056770716E-1);
#4213=CARTESIAN_POINT('',(2.375E0,9.158309614666E1,-2.869148933887E1));
#4214=LINE('',#4213,#4212);
#4215=CARTESIAN_POINT('',(2.375E0,9.158309614666E1,-2.869148933887E1));
#4216=CARTESIAN_POINT('',(2.333333378200E0,9.158341016368E1,-2.867730495868E1));
#4217=CARTESIAN_POINT('',(2.291666711533E0,9.158371739068E1,-2.866312056320E1));
#4218=CARTESIAN_POINT('',(2.25E0,9.158401782765E1,-2.864893615246E1));
#4220=CARTESIAN_POINT('',(2.458333492279E0,9.178246510523E1,-2.877659571171E1));
#4221=CARTESIAN_POINT('',(2.430555672800E0,9.178268036104E1,-2.874822693228E1));
#4222=CARTESIAN_POINT('',(2.402777842040E0,9.178289260053E1,-2.871985814134E1));
#4223=CARTESIAN_POINT('',(2.375E0,9.178310182373E1,-2.869148933887E1));
#4225=DIRECTION('',(0.E0,1.E0,0.E0));
#4226=VECTOR('',#4225,2.000060091431E-1);
#4227=CARTESIAN_POINT('',(2.458333492279E0,9.158245909608E1,-2.877659571171E1));
#4228=LINE('',#4227,#4226);
#4229=CARTESIAN_POINT('',(2.458333492279E0,9.158245909608E1,-2.877659571171E1));
#4230=CARTESIAN_POINT('',(2.430555672812E0,9.158267446416E1,-2.874822693230E1));
#4231=CARTESIAN_POINT('',(2.402777842052E0,9.158288681434E1,-2.871985814135E1));
#4232=CARTESIAN_POINT('',(2.375E0,9.158309614666E1,-2.869148933887E1));
#4234=CARTESIAN_POINT('',(2.5E0,9.178214001982E1,-2.890425527096E1));
#4235=CARTESIAN_POINT('',(2.486111164659E0,9.178224913571E1,-2.886170208628E1));
#4236=CARTESIAN_POINT('',(2.472222328752E0,9.178235749751E1,-2.881914889986E1));
#4237=CARTESIAN_POINT('',(2.458333492279E0,9.178246510523E1,-2.877659571171E1));
#4239=DIRECTION('',(0.E0,1.E0,0.E0));
#4240=VECTOR('',#4239,2.000061787175E-1);
#4241=CARTESIAN_POINT('',(2.5E0,9.158213384111E1,-2.890425527096E1));
#4242=LINE('',#4241,#4240);
#4243=CARTESIAN_POINT('',(2.5E0,9.158213384111E1,-2.890425527096E1));
#4244=CARTESIAN_POINT('',(2.486111164660E0,9.158224301391E1,-2.886170208628E1));
#4245=CARTESIAN_POINT('',(2.472222328753E0,9.158235143224E1,-2.881914889986E1));
#4246=CARTESIAN_POINT('',(2.458333492279E0,9.158245909608E1,-2.877659571171E1));
#4248=DIRECTION('',(0.E0,-6.917549811597E-7,9.999999999998E-1));
#4249=VECTOR('',#4248,8.510637283327E-2);
#4250=CARTESIAN_POINT('',(2.5E0,9.178214007870E1,-2.898936164379E1));
#4251=LINE('',#4250,#4249);
#4252=DIRECTION('',(0.E0,1.E0,0.E0));
#4253=VECTOR('',#4252,2.000061787175E-1);
#4254=CARTESIAN_POINT('',(2.5E0,9.158213389998E1,-2.898936164379E1));
#4255=LINE('',#4254,#4253);
#4256=DIRECTION('',(0.E0,-6.917551481372E-7,9.999999999998E-1));
#4257=VECTOR('',#4256,8.510637283327E-2);
#4258=CARTESIAN_POINT('',(2.5E0,9.158213389998E1,-2.898936164379E1));
#4259=LINE('',#4258,#4257);
#4260=CARTESIAN_POINT('',(2.5E0,9.178214007870E1,-2.898936164379E1));
#4261=CARTESIAN_POINT('',(2.486111164660E0,9.178224925346E1,-2.903191486821E1));
#4262=CARTESIAN_POINT('',(2.472222328753E0,9.178235767413E1,-2.907446809436E1));
#4263=CARTESIAN_POINT('',(2.458333492279E0,9.178246534072E1,-2.911702132225E1));
#4265=DIRECTION('',(0.E0,1.E0,0.E0));
#4266=VECTOR('',#4265,2.000060091430E-1);
#4267=CARTESIAN_POINT('',(2.458333492279E0,9.158245933157E1,-2.911702132225E1));
#4268=LINE('',#4267,#4266);
#4269=CARTESIAN_POINT('',(2.5E0,9.158213389998E1,-2.898936164379E1));
#4270=CARTESIAN_POINT('',(2.486111164660E0,9.158224313166E1,-2.903191486821E1));
#4271=CARTESIAN_POINT('',(2.472222328753E0,9.158235160886E1,-2.907446809436E1));
#4272=CARTESIAN_POINT('',(2.458333492279E0,9.158245933157E1,-2.911702132225E1));
#4274=CARTESIAN_POINT('',(2.458333492279E0,9.178246534072E1,-2.911702132225E1));
#4275=CARTESIAN_POINT('',(2.430555672802E0,9.178268063578E1,-2.914539010167E1));
#4276=CARTESIAN_POINT('',(2.402777842042E0,9.178289291452E1,-2.917375889262E1));
#4277=CARTESIAN_POINT('',(2.375E0,9.178310217696E1,-2.920212769508E1));
#4279=DIRECTION('',(0.E0,1.E0,0.E0));
#4280=VECTOR('',#4279,2.000056770716E-1);
#4281=CARTESIAN_POINT('',(2.375E0,9.158309649989E1,-2.920212769508E1));
#4282=LINE('',#4281,#4280);
#4283=CARTESIAN_POINT('',(2.458333492279E0,9.158245933157E1,-2.911702132225E1));
#4284=CARTESIAN_POINT('',(2.430555672814E0,9.158267473890E1,-2.914539010166E1));
#4285=CARTESIAN_POINT('',(2.402777842054E0,9.158288712833E1,-2.917375889260E1));
#4286=CARTESIAN_POINT('',(2.375E0,9.158309649989E1,-2.920212769508E1));
#4288=CARTESIAN_POINT('',(2.375E0,9.178310217696E1,-2.920212769508E1));
#4289=CARTESIAN_POINT('',(2.333333378156E0,9.178341604994E1,-2.921631207530E1));
#4290=CARTESIAN_POINT('',(2.291666711489E0,9.178372313642E1,-2.923049647077E1));
#4291=CARTESIAN_POINT('',(2.25E0,9.178402343642E1,-2.924468088150E1));
#4293=DIRECTION('',(-1.110194178096E-14,1.E0,0.E0));
#4294=VECTOR('',#4293,2.000051966637E-1);
#4295=CARTESIAN_POINT('',(2.25E0,9.158401823976E1,-2.924468088150E1));
#4296=LINE('',#4295,#4294);
#4297=CARTESIAN_POINT('',(2.375E0,9.158309649989E1,-2.920212769508E1));
#4298=CARTESIAN_POINT('',(2.333333378203E0,9.158341053654E1,-2.921631207528E1));
#4299=CARTESIAN_POINT('',(2.291666711536E0,9.158371778316E1,-2.923049647075E1));
#4300=CARTESIAN_POINT('',(2.25E0,9.158401823976E1,-2.924468088150E1));
#4302=CARTESIAN_POINT('',(2.5E0,9.178213948997E1,-2.813829785585E1));
#4303=CARTESIAN_POINT('',(2.486111164660E0,9.178224866473E1,-2.818085106040E1));
#4304=CARTESIAN_POINT('',(2.472222328753E0,9.178235708540E1,-2.822340426669E1));
#4305=CARTESIAN_POINT('',(2.458333492279E0,9.178246475199E1,-2.826595747471E1));
#4307=DIRECTION('',(0.E0,1.E0,0.E0));
#4308=VECTOR('',#4307,2.000060091431E-1);
#4309=CARTESIAN_POINT('',(2.458333492279E0,9.158245874285E1,-2.826595747471E1));
#4310=LINE('',#4309,#4308);
#4311=CARTESIAN_POINT('',(2.5E0,9.158213331125E1,-2.813829785585E1));
#4312=CARTESIAN_POINT('',(2.486111164660E0,9.158224254293E1,-2.818085106040E1));
#4313=CARTESIAN_POINT('',(2.472222328753E0,9.158235102013E1,-2.822340426669E1));
#4314=CARTESIAN_POINT('',(2.458333492279E0,9.158245874285E1,-2.826595747471E1));
#4316=CARTESIAN_POINT('',(2.458333492279E0,9.178246475199E1,-2.826595747471E1));
#4317=CARTESIAN_POINT('',(2.430555672802E0,9.178268004705E1,-2.829432625413E1));
#4318=CARTESIAN_POINT('',(2.402777842042E0,9.178289232579E1,-2.832269504507E1));
#4319=CARTESIAN_POINT('',(2.375E0,9.178310158824E1,-2.835106384754E1));
#4321=DIRECTION('',(0.E0,1.E0,0.E0));
#4322=VECTOR('',#4321,2.000056770716E-1);
#4323=CARTESIAN_POINT('',(2.375E0,9.158309591116E1,-2.835106384754E1));
#4324=LINE('',#4323,#4322);
#4325=CARTESIAN_POINT('',(2.458333492279E0,9.158245874285E1,-2.826595747471E1));
#4326=CARTESIAN_POINT('',(2.430555672814E0,9.158267415017E1,-2.829432625412E1));
#4327=CARTESIAN_POINT('',(2.402777842054E0,9.158288653960E1,-2.832269504506E1));
#4328=CARTESIAN_POINT('',(2.375E0,9.158309591116E1,-2.835106384754E1));
#4330=CARTESIAN_POINT('',(2.375E0,9.178310158824E1,-2.835106384754E1));
#4331=CARTESIAN_POINT('',(2.333333378156E0,9.178341546121E1,-2.836524822776E1));
#4332=CARTESIAN_POINT('',(2.291666711489E0,9.178372254770E1,-2.837943262323E1));
#4333=CARTESIAN_POINT('',(2.25E0,9.178402284770E1,-2.839361703396E1));
#4335=DIRECTION('',(0.E0,1.E0,0.E0));
#4336=VECTOR('',#4335,2.000051966637E-1);
#4337=CARTESIAN_POINT('',(2.25E0,9.158401765103E1,-2.839361703396E1));
#4338=LINE('',#4337,#4336);
#4339=CARTESIAN_POINT('',(2.375E0,9.158309591116E1,-2.835106384754E1));
#4340=CARTESIAN_POINT('',(2.333333378203E0,9.158340994782E1,-2.836524822774E1));
#4341=CARTESIAN_POINT('',(2.291666711536E0,9.158371719444E1,-2.837943262321E1));
#4342=CARTESIAN_POINT('',(2.25E0,9.158401765103E1,-2.839361703396E1));
#4344=CARTESIAN_POINT('',(-5.155311399790E-1,-2.919467586840E2,
-2.839388248354E1));
#4345=DIRECTION('',(5.581114491499E-12,-6.917552065398E-7,9.999999999998E-1));
#4346=DIRECTION('',(7.206769575749E-3,9.999740308987E-1,6.917372020583E-7));
#4347=AXIS2_PLACEMENT_3D('',#4344,#4345,#4346);
#4349=DIRECTION('',(0.E0,1.E0,0.E0));
#4350=VECTOR('',#4349,2.000026472431E-1);
#4351=CARTESIAN_POINT('',(1.458333253860E0,9.158890904195E1,-2.839361703396E1));
#4352=LINE('',#4351,#4350);
#4353=CARTESIAN_POINT('',(-5.155311399790E-1,-2.919467586840E2,
-2.839388234519E1));
#4354=DIRECTION('',(5.581114491499E-12,-6.917552065398E-7,9.999999999998E-1));
#4355=DIRECTION('',(7.210527596055E-3,9.999740038078E-1,6.917371832969E-7));
#4356=AXIS2_PLACEMENT_3D('',#4353,#4354,#4355);
#4358=DIRECTION('',(0.E0,-6.917551291653E-7,9.999999999998E-1));
#4359=VECTOR('',#4358,6.382978856565E-1);
#4360=CARTESIAN_POINT('',(1.458333253860E0,9.178891168920E1,-2.839361703396E1));
#4361=LINE('',#4360,#4359);
#4362=DIRECTION('',(0.E0,1.E0,0.E0));
#4363=VECTOR('',#4362,2.000026472432E-1);
#4364=CARTESIAN_POINT('',(1.458333253860E0,9.158890860041E1,-2.775531914830E1));
#4365=LINE('',#4364,#4363);
#4366=DIRECTION('',(0.E0,-6.917551514290E-7,9.999999999998E-1));
#4367=VECTOR('',#4366,6.382978856565E-1);
#4368=CARTESIAN_POINT('',(1.458333253860E0,9.158890904195E1,-2.839361703396E1));
#4369=LINE('',#4368,#4367);
#4370=CARTESIAN_POINT('',(-5.155311399754E-1,-2.919467591255E2,
-2.775558459789E1));
#4371=DIRECTION('',(5.581114491499E-12,-6.917552065398E-7,9.999999999998E-1));
#4372=DIRECTION('',(7.206769575739E-3,9.999740308987E-1,6.917372020583E-7));
#4373=AXIS2_PLACEMENT_3D('',#4370,#4371,#4372);
#4375=DIRECTION('',(0.E0,1.E0,0.E0));
#4376=VECTOR('',#4375,2.000051966637E-1);
#4377=CARTESIAN_POINT('',(2.25E0,9.158401720949E1,-2.775531914830E1));
#4378=LINE('',#4377,#4376);
#4379=CARTESIAN_POINT('',(-5.155311399754E-1,-2.919467591255E2,
-2.775558445953E1));
#4380=DIRECTION('',(5.581114491499E-12,-6.917552065398E-7,9.999999999998E-1));
#4381=DIRECTION('',(7.210527596045E-3,9.999740038078E-1,6.917371832969E-7));
#4382=AXIS2_PLACEMENT_3D('',#4379,#4380,#4381);
#4384=CARTESIAN_POINT('',(2.375E0,9.178310120556E1,-2.779787233472E1));
#4385=CARTESIAN_POINT('',(2.333333378153E0,9.178341505891E1,-2.778368795450E1));
#4386=CARTESIAN_POINT('',(2.291666711486E0,9.178372212578E1,-2.776950355903E1));
#4387=CARTESIAN_POINT('',(2.25E0,9.178402240615E1,-2.775531914830E1));
#4389=DIRECTION('',(0.E0,1.E0,0.E0));
#4390=VECTOR('',#4389,2.000056770717E-1);
#4391=CARTESIAN_POINT('',(2.375E0,9.158309552849E1,-2.779787233472E1));
#4392=LINE('',#4391,#4390);
#4393=CARTESIAN_POINT('',(2.375E0,9.158309552849E1,-2.779787233472E1));
#4394=CARTESIAN_POINT('',(2.333333378200E0,9.158340954552E1,-2.778368795452E1));
#4395=CARTESIAN_POINT('',(2.291666711533E0,9.158371677251E1,-2.776950355905E1));
#4396=CARTESIAN_POINT('',(2.25E0,9.158401720949E1,-2.775531914830E1));
#4398=CARTESIAN_POINT('',(2.458333492279E0,9.178246448706E1,-2.788297873735E1));
#4399=CARTESIAN_POINT('',(2.430555672800E0,9.178267974287E1,-2.785460994800E1));
#4400=CARTESIAN_POINT('',(2.402777842040E0,9.178289198237E1,-2.782624114712E1));
#4401=CARTESIAN_POINT('',(2.375E0,9.178310120556E1,-2.779787233472E1));
#4403=DIRECTION('',(0.E0,1.E0,0.E0));
#4404=VECTOR('',#4403,2.000060091430E-1);
#4405=CARTESIAN_POINT('',(2.458333492279E0,9.158245847792E1,-2.788297873735E1));
#4406=LINE('',#4405,#4404);
#4407=CARTESIAN_POINT('',(2.458333492279E0,9.158245847792E1,-2.788297873735E1));
#4408=CARTESIAN_POINT('',(2.430555672812E0,9.158267384599E1,-2.785460994801E1));
#4409=CARTESIAN_POINT('',(2.402777842052E0,9.158288619618E1,-2.782624114713E1));
#4410=CARTESIAN_POINT('',(2.375E0,9.158309552849E1,-2.779787233472E1));
#4412=CARTESIAN_POINT('',(2.5E0,9.178213940166E1,-2.801063829660E1));
#4413=CARTESIAN_POINT('',(2.486111164659E0,9.178224851755E1,-2.796808511192E1));
#4414=CARTESIAN_POINT('',(2.472222328752E0,9.178235687935E1,-2.792553192551E1));
#4415=CARTESIAN_POINT('',(2.458333492279E0,9.178246448706E1,-2.788297873735E1));
#4417=DIRECTION('',(0.E0,1.E0,0.E0));
#4418=VECTOR('',#4417,2.000061787175E-1);
#4419=CARTESIAN_POINT('',(2.5E0,9.158213322294E1,-2.801063829660E1));
#4420=LINE('',#4419,#4418);
#4421=CARTESIAN_POINT('',(2.5E0,9.158213322294E1,-2.801063829660E1));
#4422=CARTESIAN_POINT('',(2.486111164660E0,9.158224239575E1,-2.796808511192E1));
#4423=CARTESIAN_POINT('',(2.472222328753E0,9.158235081408E1,-2.792553192551E1));
#4424=CARTESIAN_POINT('',(2.458333492279E0,9.158245847792E1,-2.788297873735E1));
#4426=DIRECTION('',(0.E0,-6.917548698413E-7,9.999999999998E-1));
#4427=VECTOR('',#4426,1.276595592499E-1);
#4428=CARTESIAN_POINT('',(2.5E0,9.178213948997E1,-2.813829785585E1));
#4429=LINE('',#4428,#4427);
#4430=DIRECTION('',(0.E0,1.E0,0.E0));
#4431=VECTOR('',#4430,2.000061787175E-1);
#4432=CARTESIAN_POINT('',(2.5E0,9.158213331125E1,-2.813829785585E1));
#4433=LINE('',#4432,#4431);
#4434=DIRECTION('',(0.E0,-6.917549811597E-7,9.999999999998E-1));
#4435=VECTOR('',#4434,1.276595592499E-1);
#4436=CARTESIAN_POINT('',(2.5E0,9.158213331125E1,-2.813829785585E1));
#4437=LINE('',#4436,#4435);
#4438=CARTESIAN_POINT('',(-5.155311399851E-1,-2.919467579186E2,
-2.950026537126E1));
#4439=DIRECTION('',(5.581114491499E-12,-6.917552065398E-7,9.999999999998E-1));
#4440=DIRECTION('',(2.636032587315E-2,9.996525062337E-1,6.915146787970E-7));
#4441=AXIS2_PLACEMENT_3D('',#4438,#4439,#4440);
#4443=DIRECTION('',(2.663608866802E-14,1.E0,0.E0));
#4444=VECTOR('',#4443,2.000695591841E-1);
#4445=CARTESIAN_POINT('',(9.6E0,9.146057193876E1,-2.95E1));
#4446=LINE('',#4445,#4444);
#4447=CARTESIAN_POINT('',(-5.155311399851E-1,-2.919467579186E2,
-2.950026523286E1));
#4448=DIRECTION('',(5.581114491499E-12,-6.917552065398E-7,9.999999999998E-1));
#4449=DIRECTION('',(2.637407164910E-2,9.996521436701E-1,6.915144279161E-7));
#4450=AXIS2_PLACEMENT_3D('',#4447,#4448,#4449);
#4452=CARTESIAN_POINT('',(9.808333373070E0,9.165509121185E1,-2.945744681358E1));
#4453=CARTESIAN_POINT('',(9.738889397661E0,9.165696016519E1,-2.947163111055E1));
#4454=CARTESIAN_POINT('',(9.669444939971E0,9.165881026055E1,-2.948581550602E1));
#4455=CARTESIAN_POINT('',(9.6E0,9.166064149795E1,-2.95E1));
#4457=DIRECTION('',(0.E0,1.E0,0.E0));
#4458=VECTOR('',#4457,2.000724554603E-1);
#4459=CARTESIAN_POINT('',(9.808333373070E0,9.145501875639E1,-2.945744681358E1));
#4460=LINE('',#4459,#4458);
#4461=CARTESIAN_POINT('',(9.808333373070E0,9.145501875639E1,-2.945744681358E1));
#4462=CARTESIAN_POINT('',(9.738889398165E0,9.145688868500E1,-2.947163111044E1));
#4463=CARTESIAN_POINT('',(9.669444940475E0,9.145873974578E1,-2.948581550592E1));
#4464=CARTESIAN_POINT('',(9.6E0,9.146057193876E1,-2.95E1));
#4466=CARTESIAN_POINT('',(9.975E0,9.165056942613E1,-2.937234044075E1));
#4467=CARTESIAN_POINT('',(9.919444717446E0,9.165208875880E1,-2.940070909905E1));
#4468=CARTESIAN_POINT('',(9.863889175136E0,9.165359602067E1,-2.942907789E1));
#4469=CARTESIAN_POINT('',(9.808333373070E0,9.165509121185E1,-2.945744681358E1));
#4471=DIRECTION('',(0.E0,1.E0,0.E0));
#4472=VECTOR('',#4471,2.000748150833E-1);
#4473=CARTESIAN_POINT('',(9.975E0,9.145049461105E1,-2.937234044075E1));
#4474=LINE('',#4473,#4472);
#4475=CARTESIAN_POINT('',(9.975E0,9.145049461105E1,-2.937234044075E1));
#4476=CARTESIAN_POINT('',(9.919444717718E0,9.145201473656E1,-2.940070909891E1));
#4477=CARTESIAN_POINT('',(9.863889175407E0,9.145352278497E1,-2.942907788986E1));
#4478=CARTESIAN_POINT('',(9.808333373070E0,9.145501875639E1,-2.945744681358E1));
#4480=CARTESIAN_POINT('',(1.014166662693E1,9.164597511351E1,-2.920212769508E1));
#4481=CARTESIAN_POINT('',(1.008611124753E1,9.164751862482E1,-2.925886511060E1));
#4482=CARTESIAN_POINT('',(1.003055570522E1,9.164905006228E1,-2.931560269249E1));
#4483=CARTESIAN_POINT('',(9.975E0,9.165056942613E1,-2.937234044075E1));
#4485=DIRECTION('',(-1.775671318580E-14,1.E0,0.E0));
#4486=VECTOR('',#4485,2.000772125801E-1);
#4487=CARTESIAN_POINT('',(1.014166662693E1,9.144589790093E1,-2.920212769508E1));
#4488=LINE('',#4487,#4486);
#4489=CARTESIAN_POINT('',(1.014166662693E1,9.144589790093E1,-2.920212769508E1));
#4490=CARTESIAN_POINT('',(1.008611124770E1,9.144744221771E1,-2.925886511042E1));
#4491=CARTESIAN_POINT('',(1.003055570539E1,9.144897445434E1,-2.931560269231E1));
#4492=CARTESIAN_POINT('',(9.975E0,9.145049461105E1,-2.937234044075E1));
#4494=CARTESIAN_POINT('',(1.0225E1,9.164365072034E1,-2.903191494942E1));
#4495=CARTESIAN_POINT('',(1.019722222526E1,9.164442853726E1,-2.908865249805E1));
#4496=CARTESIAN_POINT('',(1.016944443424E1,9.164520333497E1,-2.914539007994E1));
#4497=CARTESIAN_POINT('',(1.014166662693E1,9.164597511351E1,-2.920212769508E1));
#4499=DIRECTION('',(0.E0,1.E0,3.551321107539E-14));
#4500=VECTOR('',#4499,2.000784255334E-1);
#4501=CARTESIAN_POINT('',(1.0225E1,9.144357229481E1,-2.903191494942E1));
#4502=LINE('',#4501,#4500);
#4503=CARTESIAN_POINT('',(1.0225E1,9.144357229481E1,-2.903191494942E1));
#4504=CARTESIAN_POINT('',(1.019722222528E1,9.144435051762E1,-2.908865249801E1));
#4505=CARTESIAN_POINT('',(1.016944443425E1,9.144512571965E1,-2.914539007990E1));
#4506=CARTESIAN_POINT('',(1.014166662693E1,9.144589790093E1,-2.920212769508E1));
#4508=CARTESIAN_POINT('',(1.026666662693E1,9.164248164289E1,-2.881914889812E1));
#4509=CARTESIAN_POINT('',(1.025277775207E1,9.164287209027E1,-2.889007091123E1));
#4510=CARTESIAN_POINT('',(1.023888887643E1,9.164326178275E1,-2.896099292832E1));
#4511=CARTESIAN_POINT('',(1.0225E1,9.164365072034E1,-2.903191494942E1));
#4513=DIRECTION('',(0.E0,1.E0,1.775655139905E-14));
#4514=VECTOR('',#4513,2.000790355604E-1);
#4515=CARTESIAN_POINT('',(1.026666662693E1,9.144240260733E1,-2.881914889812E1));
#4516=LINE('',#4515,#4514);
#4517=CARTESIAN_POINT('',(1.026666662693E1,9.144240260733E1,-2.881914889812E1));
#4518=CARTESIAN_POINT('',(1.025277775207E1,9.144279325844E1,-2.889007091122E1));
#4519=CARTESIAN_POINT('',(1.023888887643E1,9.144318315427E1,-2.896099292832E1));
#4520=CARTESIAN_POINT('',(1.0225E1,9.144357229481E1,-2.903191494942E1));
#4522=DIRECTION('',(0.E0,-6.917550501452E-7,9.999999999998E-1));
#4523=VECTOR('',#4522,6.382978558542E-1);
#4524=CARTESIAN_POINT('',(1.026666662693E1,9.164248164289E1,-2.881914889812E1));
#4525=LINE('',#4524,#4523);
#4526=DIRECTION('',(0.E0,1.E0,0.E0));
#4527=VECTOR('',#4526,2.000790355603E-1);
#4528=CARTESIAN_POINT('',(1.026666662693E1,9.144240216578E1,-2.818085104227E1));
#4529=LINE('',#4528,#4527);
#4530=DIRECTION('',(0.E0,-6.917550278815E-7,9.999999999998E-1));
#4531=VECTOR('',#4530,6.382978558542E-1);
#4532=CARTESIAN_POINT('',(1.026666662693E1,9.144240260733E1,-2.881914889812E1));
#4533=LINE('',#4532,#4531);
#4534=CARTESIAN_POINT('',(1.026666662693E1,9.164248120134E1,-2.818085104227E1));
#4535=CARTESIAN_POINT('',(1.025277775207E1,9.164287155060E1,-2.810992906890E1));
#4536=CARTESIAN_POINT('',(1.023888887643E1,9.164326114496E1,-2.803900709154E1));
#4537=CARTESIAN_POINT('',(1.0225E1,9.164364998443E1,-2.796808511019E1));
#4539=DIRECTION('',(0.E0,1.E0,-3.551321107539E-14));
#4540=VECTOR('',#4539,2.000784255335E-1);
#4541=CARTESIAN_POINT('',(1.0225E1,9.144357155890E1,-2.796808511019E1));
#4542=LINE('',#4541,#4540);
#4543=CARTESIAN_POINT('',(1.026666662693E1,9.144240216578E1,-2.818085104227E1));
#4544=CARTESIAN_POINT('',(1.025277775207E1,9.144279271878E1,-2.810992906891E1));
#4545=CARTESIAN_POINT('',(1.023888887643E1,9.144318251648E1,-2.803900709155E1));
#4546=CARTESIAN_POINT('',(1.0225E1,9.144357155890E1,-2.796808511019E1));
#4548=CARTESIAN_POINT('',(1.0225E1,9.164364998443E1,-2.796808511019E1));
#4549=CARTESIAN_POINT('',(1.019722222526E1,9.164442772285E1,-2.791134755162E1));
#4550=CARTESIAN_POINT('',(1.016944443423E1,9.164520244206E1,-2.785460995980E1));
#4551=CARTESIAN_POINT('',(1.014166662693E1,9.164597414211E1,-2.779787233472E1));
#4553=DIRECTION('',(0.E0,1.E0,1.775671318580E-14));
#4554=VECTOR('',#4553,2.000772125802E-1);
#4555=CARTESIAN_POINT('',(1.014166662693E1,9.144589692953E1,-2.779787233472E1));
#4556=LINE('',#4555,#4554);
#4557=CARTESIAN_POINT('',(1.0225E1,9.144357155890E1,-2.796808511019E1));
#4558=CARTESIAN_POINT('',(1.019722222527E1,9.144434970321E1,-2.791134755165E1));
#4559=CARTESIAN_POINT('',(1.016944443425E1,9.144512482674E1,-2.785460995983E1));
#4560=CARTESIAN_POINT('',(1.014166662693E1,9.144589692953E1,-2.779787233472E1));
#4562=CARTESIAN_POINT('',(1.014166662693E1,9.164597414211E1,-2.779787233472E1));
#4563=CARTESIAN_POINT('',(1.008611124752E1,9.164751757492E1,-2.774113491423E1));
#4564=CARTESIAN_POINT('',(1.003055570521E1,9.164904893389E1,-2.768439732737E1));
#4565=CARTESIAN_POINT('',(9.975E0,9.165056821924E1,-2.762765957415E1));
#4567=DIRECTION('',(-1.775692596453E-14,1.E0,0.E0));
#4568=VECTOR('',#4567,2.000748150833E-1);
#4569=CARTESIAN_POINT('',(9.975E0,9.145049340416E1,-2.762765957415E1));
#4570=LINE('',#4569,#4568);
#4571=CARTESIAN_POINT('',(1.014166662693E1,9.144589692953E1,-2.779787233472E1));
#4572=CARTESIAN_POINT('',(1.008611124769E1,9.144744116781E1,-2.774113491440E1));
#4573=CARTESIAN_POINT('',(1.003055570538E1,9.144897332595E1,-2.768439732755E1));
#4574=CARTESIAN_POINT('',(9.975E0,9.145049340416E1,-2.762765957415E1));
#4576=CARTESIAN_POINT('',(9.975E0,9.165056821924E1,-2.762765957415E1));
#4577=CARTESIAN_POINT('',(9.919444717440E0,9.165208751266E1,-2.759929091212E1));
#4578=CARTESIAN_POINT('',(9.863889175129E0,9.165359473529E1,-2.757092211745E1));
#4579=CARTESIAN_POINT('',(9.808333373070E0,9.165508988722E1,-2.754255319014E1));
#4581=DIRECTION('',(0.E0,1.E0,0.E0));
#4582=VECTOR('',#4581,2.000724554602E-1);
#4583=CARTESIAN_POINT('',(9.808333373070E0,9.145501743176E1,-2.754255319014E1));
#4584=LINE('',#4583,#4582);
#4585=CARTESIAN_POINT('',(9.975E0,9.145049340416E1,-2.762765957415E1));
#4586=CARTESIAN_POINT('',(9.919444717711E0,9.145201349042E1,-2.759929091226E1));
#4587=CARTESIAN_POINT('',(9.863889175400E0,9.145352149959E1,-2.757092211759E1));
#4588=CARTESIAN_POINT('',(9.808333373070E0,9.145501743176E1,-2.754255319014E1));
#4590=CARTESIAN_POINT('',(9.808333373070E0,9.165508988722E1,-2.754255319014E1));
#4591=CARTESIAN_POINT('',(9.738889397656E0,9.165695882093E1,-2.752836889194E1));
#4592=CARTESIAN_POINT('',(9.669444939966E0,9.165880889666E1,-2.751418449522E1));
#4593=CARTESIAN_POINT('',(9.6E0,9.166064011444E1,-2.75E1));
#4595=DIRECTION('',(1.775739244534E-14,1.E0,0.E0));
#4596=VECTOR('',#4595,2.000695591842E-1);
#4597=CARTESIAN_POINT('',(9.6E0,9.146057055525E1,-2.75E1));
#4598=LINE('',#4597,#4596);
#4599=CARTESIAN_POINT('',(9.808333373070E0,9.145501743176E1,-2.754255319014E1));
#4600=CARTESIAN_POINT('',(9.738889398160E0,9.145688734074E1,-2.752836889204E1));
#4601=CARTESIAN_POINT('',(9.669444940469E0,9.145873838189E1,-2.751418449532E1));
#4602=CARTESIAN_POINT('',(9.6E0,9.146057055525E1,-2.75E1));
#4604=CARTESIAN_POINT('',(-5.155311399740E-1,-2.919467593021E2,
-2.750026537126E1));
#4605=DIRECTION('',(5.581114491499E-12,-6.917552065398E-7,9.999999999998E-1));
#4606=DIRECTION('',(2.636032587312E-2,9.996525062337E-1,6.915146787970E-7));
#4607=AXIS2_PLACEMENT_3D('',#4604,#4605,#4606);
#4609=DIRECTION('',(0.E0,1.E0,0.E0));
#4610=VECTOR('',#4609,2.000564804920E-1);
#4611=CARTESIAN_POINT('',(8.6E0,9.148564888822E1,-2.75E1));
#4612=LINE('',#4611,#4610);
#4613=CARTESIAN_POINT('',(-5.155311399740E-1,-2.919467593021E2,
-2.750026523286E1));
#4614=DIRECTION('',(5.581114491499E-12,-6.917552065398E-7,9.999999999998E-1));
#4615=DIRECTION('',(2.637407164907E-2,9.996521436701E-1,6.915144279161E-7));
#4616=AXIS2_PLACEMENT_3D('',#4613,#4614,#4615);
#4618=DIRECTION('',(0.E0,-6.917550763317E-7,9.999999999998E-1));
#4619=VECTOR('',#4618,2.E0);
#4620=CARTESIAN_POINT('',(8.6E0,9.168570675222E1,-2.95E1));
#4621=LINE('',#4620,#4619);
#4622=DIRECTION('',(0.E0,1.E0,0.E0));
#4623=VECTOR('',#4622,2.000564804919E-1);
#4624=CARTESIAN_POINT('',(8.6E0,9.148565027173E1,-2.95E1));
#4625=LINE('',#4624,#4623);
#4626=DIRECTION('',(0.E0,-6.917550976480E-7,9.999999999998E-1));
#4627=VECTOR('',#4626,2.E0);
#4628=CARTESIAN_POINT('',(8.6E0,9.148565027173E1,-2.95E1));
#4629=LINE('',#4628,#4627);
#4630=DIRECTION('',(0.E0,-6.917550655548E-7,9.999999999998E-1));
#4631=VECTOR('',#4630,1.489361733199E0);
#4632=CARTESIAN_POINT('',(8.85E0,9.167968479400E1,-2.924468088150E1));
#4633=LINE('',#4632,#4631);
#4634=DIRECTION('',(0.E0,1.E0,0.E0));
#4635=VECTOR('',#4634,2.000596224156E-1);
#4636=CARTESIAN_POINT('',(8.85E0,9.147962414131E1,-2.775531914830E1));
#4637=LINE('',#4636,#4635);
#4638=DIRECTION('',(0.E0,-6.917550846380E-7,9.999999999998E-1));
#4639=VECTOR('',#4638,1.489361733199E0);
#4640=CARTESIAN_POINT('',(8.85E0,9.147962517159E1,-2.924468088150E1));
#4641=LINE('',#4640,#4639);
#4642=CARTESIAN_POINT('',(-5.155311399754E-1,-2.919467591255E2,
-2.775558451738E1));
#4643=DIRECTION('',(5.581114491499E-12,-6.917552065398E-7,9.999999999998E-1));
#4644=DIRECTION('',(2.636032587312E-2,9.996525062337E-1,6.915146787970E-7));
#4645=AXIS2_PLACEMENT_3D('',#4642,#4643,#4644);
#4647=DIRECTION('',(0.E0,1.E0,0.E0));
#4648=VECTOR('',#4647,2.000695591842E-1);
#4649=CARTESIAN_POINT('',(9.6E0,9.146057073187E1,-2.775531914830E1));
#4650=LINE('',#4649,#4648);
#4651=CARTESIAN_POINT('',(-5.155311399754E-1,-2.919467591255E2,
-2.775558437898E1));
#4652=DIRECTION('',(5.581114491499E-12,-6.917552065398E-7,9.999999999998E-1));
#4653=DIRECTION('',(2.637407164907E-2,9.996521436701E-1,6.915144279161E-7));
#4654=AXIS2_PLACEMENT_3D('',#4651,#4652,#4653);
#4656=CARTESIAN_POINT('',(9.766666626930E0,9.165620917512E1,-2.779787233472E1));
#4657=CARTESIAN_POINT('',(9.711111385864E0,9.165769828302E1,-2.778368801616E1));
#4658=CARTESIAN_POINT('',(9.655555843554E0,9.165917532166E1,-2.776950362069E1));
#4659=CARTESIAN_POINT('',(9.6E0,9.166064029106E1,-2.775531914830E1));
#4661=DIRECTION('',(0.E0,1.E0,0.E0));
#4662=VECTOR('',#4661,2.000718714706E-1);
#4663=CARTESIAN_POINT('',(9.766666626930E0,9.145613730365E1,-2.779787233472E1));
#4664=LINE('',#4663,#4662);
#4665=CARTESIAN_POINT('',(9.766666626930E0,9.145613730365E1,-2.779787233472E1));
#4666=CARTESIAN_POINT('',(9.711111386179E0,9.145762718861E1,-2.778368801624E1));
#4667=CARTESIAN_POINT('',(9.655555843869E0,9.145910499801E1,-2.776950362077E1));
#4668=CARTESIAN_POINT('',(9.6E0,9.146057073187E1,-2.775531914830E1));
#4670=CARTESIAN_POINT('',(9.891666626930E0,9.165283831924E1,-2.788297873735E1));
#4671=CARTESIAN_POINT('',(9.850000085379E0,9.165396872817E1,-2.785461002166E1));
#4672=CARTESIAN_POINT('',(9.808333418712E0,9.165509234678E1,-2.782624122078E1));
#4673=CARTESIAN_POINT('',(9.766666626930E0,9.165620917512E1,-2.779787233472E1));
#4675=DIRECTION('',(0.E0,1.E0,3.551406219068E-14));
#4676=VECTOR('',#4675,2.000736305369E-1);
#4677=CARTESIAN_POINT('',(9.891666626930E0,9.145276468871E1,-2.788297873735E1));
#4678=LINE('',#4677,#4676);
#4679=CARTESIAN_POINT('',(9.891666626930E0,9.145276468871E1,-2.788297873735E1));
#4680=CARTESIAN_POINT('',(9.850000085509E0,9.145389568754E1,-2.785461002175E1));
#4681=CARTESIAN_POINT('',(9.808333418842E0,9.145501989250E1,-2.782624122087E1));
#4682=CARTESIAN_POINT('',(9.766666626930E0,9.145613730365E1,-2.779787233472E1));
#4684=CARTESIAN_POINT('',(9.975E0,9.165056848417E1,-2.801063829660E1));
#4685=CARTESIAN_POINT('',(9.947222233546E0,9.165132811468E1,-2.796808514783E1));
#4686=CARTESIAN_POINT('',(9.919444442522E0,9.165208472635E1,-2.792553196141E1));
#4687=CARTESIAN_POINT('',(9.891666626930E0,9.165283831924E1,-2.788297873735E1));
#4689=DIRECTION('',(0.E0,1.E0,0.E0));
#4690=VECTOR('',#4689,2.000748150833E-1);
#4691=CARTESIAN_POINT('',(9.975E0,9.145049366908E1,-2.801063829660E1));
#4692=LINE('',#4691,#4690);
#4693=CARTESIAN_POINT('',(9.975E0,9.145049366908E1,-2.801063829660E1));
#4694=CARTESIAN_POINT('',(9.947222233571E0,9.145125369602E1,-2.796808514786E1));
#4695=CARTESIAN_POINT('',(9.919444442548E0,9.145201070255E1,-2.792553196145E1));
#4696=CARTESIAN_POINT('',(9.891666626930E0,9.145276468871E1,-2.788297873735E1));
#4698=CARTESIAN_POINT('',(1.001666662693E1,9.164942684799E1,-2.818085104227E1));
#4699=CARTESIAN_POINT('',(1.000277775246E1,9.164980814823E1,-2.812411346516E1));
#4700=CARTESIAN_POINT('',(9.988888876813E0,9.165018869362E1,-2.806737588327E1));
#4701=CARTESIAN_POINT('',(9.975E0,9.165056848417E1,-2.801063829660E1));
#4703=DIRECTION('',(0.E0,1.E0,0.E0));
#4704=VECTOR('',#4703,2.000754109062E-1);
#4705=CARTESIAN_POINT('',(1.001666662693E1,9.144935143709E1,-2.818085104227E1));
#4706=LINE('',#4705,#4704);
#4707=CARTESIAN_POINT('',(1.001666662693E1,9.144935143709E1,-2.818085104227E1));
#4708=CARTESIAN_POINT('',(1.000277775246E1,9.144973293633E1,-2.812411346516E1));
#4709=CARTESIAN_POINT('',(9.988888876814E0,9.145011368032E1,-2.806737588327E1));
#4710=CARTESIAN_POINT('',(9.975E0,9.145049366908E1,-2.801063829660E1));
#4712=DIRECTION('',(0.E0,-6.917550501452E-7,9.999999999998E-1));
#4713=VECTOR('',#4712,6.382978558542E-1);
#4714=CARTESIAN_POINT('',(1.001666662693E1,9.164942728954E1,-2.881914889812E1));
#4715=LINE('',#4714,#4713);
#4716=DIRECTION('',(0.E0,1.E0,0.E0));
#4717=VECTOR('',#4716,2.000754109062E-1);
#4718=CARTESIAN_POINT('',(1.001666662693E1,9.144935187863E1,-2.881914889812E1));
#4719=LINE('',#4718,#4717);
#4720=DIRECTION('',(0.E0,-6.917551169362E-7,9.999999999998E-1));
#4721=VECTOR('',#4720,6.382978558542E-1);
#4722=CARTESIAN_POINT('',(1.001666662693E1,9.144935187863E1,-2.881914889812E1));
#4723=LINE('',#4722,#4721);
#4724=CARTESIAN_POINT('',(1.001666662693E1,9.164942728954E1,-2.881914889812E1));
#4725=CARTESIAN_POINT('',(1.000277775246E1,9.164980866827E1,-2.887588647524E1));
#4726=CARTESIAN_POINT('',(9.988888876813E0,9.165018929216E1,-2.893262405712E1));
#4727=CARTESIAN_POINT('',(9.975E0,9.165056916120E1,-2.898936164379E1));
#4729=DIRECTION('',(0.E0,1.E0,0.E0));
#4730=VECTOR('',#4729,2.000748150833E-1);
#4731=CARTESIAN_POINT('',(9.975E0,9.145049434612E1,-2.898936164379E1));
#4732=LINE('',#4731,#4730);
#4733=CARTESIAN_POINT('',(1.001666662693E1,9.144935187863E1,-2.881914889812E1));
#4734=CARTESIAN_POINT('',(1.000277775246E1,9.144973345637E1,-2.887588647523E1));
#4735=CARTESIAN_POINT('',(9.988888876814E0,9.145011427886E1,-2.893262405712E1));
#4736=CARTESIAN_POINT('',(9.975E0,9.145049434612E1,-2.898936164379E1));
#4738=CARTESIAN_POINT('',(9.975E0,9.165056916120E1,-2.898936164379E1));
#4739=CARTESIAN_POINT('',(9.947222233548E0,9.165132885058E1,-2.903191483230E1));
#4740=CARTESIAN_POINT('',(9.919444442524E0,9.165208552114E1,-2.907446805846E1));
#4741=CARTESIAN_POINT('',(9.891666626930E0,9.165283917290E1,-2.911702132225E1));
#4743=DIRECTION('',(0.E0,1.E0,-3.551406219066E-14));
#4744=VECTOR('',#4743,2.000736305370E-1);
#4745=CARTESIAN_POINT('',(9.891666626930E0,9.145276554236E1,-2.911702132225E1));
#4746=LINE('',#4745,#4744);
#4747=CARTESIAN_POINT('',(9.975E0,9.145049434612E1,-2.898936164379E1));
#4748=CARTESIAN_POINT('',(9.947222233573E0,9.145125443193E1,-2.903191483226E1));
#4749=CARTESIAN_POINT('',(9.919444442550E0,9.145201149733E1,-2.907446805842E1));
#4750=CARTESIAN_POINT('',(9.891666626930E0,9.145276554236E1,-2.911702132225E1));
#4752=CARTESIAN_POINT('',(9.891666626930E0,9.165283917290E1,-2.911702132225E1));
#4753=CARTESIAN_POINT('',(9.850000085383E0,9.165396962108E1,-2.914539002801E1));
#4754=CARTESIAN_POINT('',(9.808333418716E0,9.165509327893E1,-2.917375881895E1));
#4755=CARTESIAN_POINT('',(9.766666626930E0,9.165621014652E1,-2.920212769508E1));
#4757=DIRECTION('',(1.775718721821E-14,1.E0,0.E0));
#4758=VECTOR('',#4757,2.000718714705E-1);
#4759=CARTESIAN_POINT('',(9.766666626930E0,9.145613827505E1,-2.920212769508E1));
#4760=LINE('',#4759,#4758);
#4761=CARTESIAN_POINT('',(9.891666626930E0,9.145276554236E1,-2.911702132225E1));
#4762=CARTESIAN_POINT('',(9.850000085514E0,9.145389658044E1,-2.914539002792E1));
#4763=CARTESIAN_POINT('',(9.808333418847E0,9.145502082465E1,-2.917375881886E1));
#4764=CARTESIAN_POINT('',(9.766666626930E0,9.145613827505E1,-2.920212769508E1));
#4766=CARTESIAN_POINT('',(9.766666626930E0,9.165621014652E1,-2.920212769508E1));
#4767=CARTESIAN_POINT('',(9.711111385868E0,9.165769927404E1,-2.921631201364E1));
#4768=CARTESIAN_POINT('',(9.655555843558E0,9.165917633231E1,-2.923049640911E1));
#4769=CARTESIAN_POINT('',(9.6E0,9.166064132133E1,-2.924468088150E1));
#4771=DIRECTION('',(0.E0,1.E0,0.E0));
#4772=VECTOR('',#4771,2.000695591841E-1);
#4773=CARTESIAN_POINT('',(9.6E0,9.146057176215E1,-2.924468088150E1));
#4774=LINE('',#4773,#4772);
#4775=CARTESIAN_POINT('',(9.766666626930E0,9.145613827505E1,-2.920212769508E1));
#4776=CARTESIAN_POINT('',(9.711111386183E0,9.145762817963E1,-2.921631201356E1));
#4777=CARTESIAN_POINT('',(9.655555843873E0,9.145910600866E1,-2.923049640903E1));
#4778=CARTESIAN_POINT('',(9.6E0,9.146057176215E1,-2.924468088150E1));
#4780=CARTESIAN_POINT('',(-5.155311399837E-1,-2.919467580952E2,
-2.924494625058E1));
#4781=DIRECTION('',(5.581114491499E-12,-6.917552065398E-7,9.999999999998E-1));
#4782=DIRECTION('',(2.636032587314E-2,9.996525062337E-1,6.915146787970E-7));
#4783=AXIS2_PLACEMENT_3D('',#4780,#4781,#4782);
#4785=DIRECTION('',(0.E0,1.E0,0.E0));
#4786=VECTOR('',#4785,2.000596224156E-1);
#4787=CARTESIAN_POINT('',(8.85E0,9.147962517159E1,-2.924468088150E1));
#4788=LINE('',#4787,#4786);
#4789=CARTESIAN_POINT('',(-5.155311399837E-1,-2.919467580952E2,
-2.924494611218E1));
#4790=DIRECTION('',(5.581114491499E-12,-6.917552065398E-7,9.999999999998E-1));
#4791=DIRECTION('',(2.637407164909E-2,9.996521436701E-1,6.915144279161E-7));
#4792=AXIS2_PLACEMENT_3D('',#4789,#4790,#4791);
#4794=CARTESIAN_POINT('',(1.176666674614E1,9.159738324911E1,-2.903191494942E1));
#4795=CARTESIAN_POINT('',(1.175277783543E1,9.159782803201E1,-2.906028373083E1));
#4796=CARTESIAN_POINT('',(1.173888892005E1,9.159827205987E1,-2.908865252177E1));
#4797=CARTESIAN_POINT('',(1.1725E1,9.159871533269E1,-2.911702132225E1));
#4799=DIRECTION('',(-1.775452436622E-14,1.E0,0.E0));
#4800=VECTOR('',#4799,2.001018785702E-1);
#4801=CARTESIAN_POINT('',(1.1725E1,9.139861345412E1,-2.911702132225E1));
#4802=LINE('',#4801,#4800);
#4803=CARTESIAN_POINT('',(1.176666674614E1,9.139728067523E1,-2.903191494942E1));
#4804=CARTESIAN_POINT('',(1.175277783543E1,9.139772569030E1,-2.906028373082E1));
#4805=CARTESIAN_POINT('',(1.173888892005E1,9.139816994993E1,-2.908865252176E1));
#4806=CARTESIAN_POINT('',(1.1725E1,9.139861345412E1,-2.911702132225E1));
#4808=CARTESIAN_POINT('',(1.1725E1,9.159871533269E1,-2.911702132225E1));
#4809=CARTESIAN_POINT('',(1.169722229572E1,9.159960185438E1,-2.914539006519E1));
#4810=CARTESIAN_POINT('',(1.166944454443E1,9.160048535686E1,-2.917375885614E1));
#4811=CARTESIAN_POINT('',(1.164166674614E1,9.160136584016E1,-2.920212769508E1));
#4813=DIRECTION('',(0.E0,1.E0,0.E0));
#4814=VECTOR('',#4813,2.001004950761E-1);
#4815=CARTESIAN_POINT('',(1.164166674614E1,9.140126534508E1,-2.920212769508E1));
#4816=LINE('',#4815,#4814);
#4817=CARTESIAN_POINT('',(1.1725E1,9.139861345412E1,-2.911702132225E1));
#4818=CARTESIAN_POINT('',(1.169722229577E1,9.139950043855E1,-2.914539006514E1));
#4819=CARTESIAN_POINT('',(1.166944454448E1,9.140038440220E1,-2.917375885609E1));
#4820=CARTESIAN_POINT('',(1.164166674614E1,9.140126534508E1,-2.920212769508E1));
#4822=CARTESIAN_POINT('',(1.164166674614E1,9.160136584016E1,-2.920212769508E1));
#4823=CARTESIAN_POINT('',(1.160000027136E1,9.160268653843E1,-2.921631202523E1));
#4824=CARTESIAN_POINT('',(1.155833360469E1,9.160400044634E1,-2.923049642070E1));
#4825=CARTESIAN_POINT('',(1.151666674614E1,9.160530756393E1,-2.924468088150E1));
#4827=DIRECTION('',(0.E0,1.E0,0.E0));
#4828=VECTOR('',#4827,2.000984376064E-1);
#4829=CARTESIAN_POINT('',(1.151666674614E1,9.140520912632E1,-2.924468088150E1));
#4830=LINE('',#4829,#4828);
#4831=CARTESIAN_POINT('',(1.164166674614E1,9.140126534508E1,-2.920212769508E1));
#4832=CARTESIAN_POINT('',(1.160000027156E1,9.140258673272E1,-2.921631202516E1));
#4833=CARTESIAN_POINT('',(1.155833360489E1,9.140390132646E1,-2.923049642064E1));
#4834=CARTESIAN_POINT('',(1.151666674614E1,9.140520912632E1,-2.924468088150E1));
#4836=CARTESIAN_POINT('',(-5.155311399837E-1,-2.919467580952E2,
-2.924494620827E1));
#4837=DIRECTION('',(5.581114491499E-12,-6.917552065398E-7,9.999999999998E-1));
#4838=DIRECTION('',(3.135501763172E-2,9.995083105552E-1,6.914149028134E-7));
#4839=AXIS2_PLACEMENT_3D('',#4836,#4837,#4838);
#4841=DIRECTION('',(0.E0,1.E0,0.E0));
#4842=VECTOR('',#4841,2.000943866455E-1);
#4843=CARTESIAN_POINT('',(1.126666674614E1,9.141297423405E1,-2.924468088150E1));
#4844=LINE('',#4843,#4842);
#4845=CARTESIAN_POINT('',(-5.155311399837E-1,-2.919467580952E2,
-2.924494606985E1));
#4846=DIRECTION('',(5.581114491499E-12,-6.917552065398E-7,9.999999999998E-1));
#4847=DIRECTION('',(3.137136792455E-2,9.995077975054E-1,6.914145478181E-7));
#4848=AXIS2_PLACEMENT_3D('',#4845,#4846,#4847);
#4850=CARTESIAN_POINT('',(1.126666674614E1,9.161306862070E1,-2.924468088150E1));
#4851=CARTESIAN_POINT('',(1.122500026540E1,9.161434852262E1,-2.923049654932E1));
#4852=CARTESIAN_POINT('',(1.118333359873E1,9.161562163443E1,-2.921631215385E1));
#4853=CARTESIAN_POINT('',(1.114166674614E1,9.161688795617E1,-2.920212769508E1));
#4855=DIRECTION('',(2.663304903452E-14,1.E0,0.E0));
#4856=VECTOR('',#4855,2.000923931501E-1);
#4857=CARTESIAN_POINT('',(1.114166674614E1,9.141679556302E1,-2.920212769508E1));
#4858=LINE('',#4857,#4856);
#4859=CARTESIAN_POINT('',(1.126666674614E1,9.141297423405E1,-2.924468088150E1));
#4860=CARTESIAN_POINT('',(1.122500026559E1,9.141425480401E1,-2.923049654939E1));
#4861=CARTESIAN_POINT('',(1.118333359892E1,9.141552858033E1,-2.921631215391E1));
#4862=CARTESIAN_POINT('',(1.114166674614E1,9.141679556302E1,-2.920212769508E1));
#4864=CARTESIAN_POINT('',(1.114166674614E1,9.161688795617E1,-2.920212769508E1));
#4865=CARTESIAN_POINT('',(1.110000021974E1,9.161815425818E1,-2.917375899964E1));
#4866=CARTESIAN_POINT('',(1.105833355307E1,9.161941376883E1,-2.914539020870E1));
#4867=CARTESIAN_POINT('',(1.101666674614E1,9.162066648818E1,-2.911702132225E1));
#4869=DIRECTION('',(0.E0,1.E0,0.E0));
#4870=VECTOR('',#4869,2.000904209754E-1);
#4871=CARTESIAN_POINT('',(1.101666674614E1,9.142057606720E1,-2.911702132225E1));
#4872=LINE('',#4871,#4870);
#4873=CARTESIAN_POINT('',(1.114166674614E1,9.141679556302E1,-2.920212769508E1));
#4874=CARTESIAN_POINT('',(1.110000021989E1,9.141806252597E1,-2.917375899974E1));
#4875=CARTESIAN_POINT('',(1.105833355322E1,9.141932269401E1,-2.914539020880E1));
#4876=CARTESIAN_POINT('',(1.101666674614E1,9.142057606720E1,-2.911702132225E1));
#4878=CARTESIAN_POINT('',(1.101666674614E1,9.162066648818E1,-2.911702132225E1));
#4879=CARTESIAN_POINT('',(1.100277783294E1,9.162108403773E1,-2.907446810278E1));
#4880=CARTESIAN_POINT('',(1.098888891756E1,9.162150083229E1,-2.903191487663E1));
#4881=CARTESIAN_POINT('',(1.0975E1,9.162191687186E1,-2.898936164379E1));
#4883=DIRECTION('',(0.E0,1.E0,0.E0));
#4884=VECTOR('',#4883,2.000897683204E-1);
#4885=CARTESIAN_POINT('',(1.0975E1,9.142182710354E1,-2.898936164379E1));
#4886=LINE('',#4885,#4884);
#4887=CARTESIAN_POINT('',(1.101666674614E1,9.142057606720E1,-2.911702132225E1));
#4888=CARTESIAN_POINT('',(1.100277783294E1,9.142099383470E1,-2.907446810279E1));
#4889=CARTESIAN_POINT('',(1.098888891756E1,9.142141084681E1,-2.903191487663E1));
#4890=CARTESIAN_POINT('',(1.0975E1,9.142182710354E1,-2.898936164379E1));
#4892=DIRECTION('',(0.E0,-6.917553151148E-7,9.999999999998E-1));
#4893=VECTOR('',#4892,8.510637283327E-2);
#4894=CARTESIAN_POINT('',(1.0975E1,9.162191687186E1,-2.898936164379E1));
#4895=LINE('',#4894,#4893);
#4896=DIRECTION('',(0.E0,1.E0,0.E0));
#4897=VECTOR('',#4896,2.000897683204E-1);
#4898=CARTESIAN_POINT('',(1.0975E1,9.142182704467E1,-2.890425527096E1));
#4899=LINE('',#4898,#4897);
#4900=DIRECTION('',(0.E0,-6.917553151148E-7,9.999999999998E-1));
#4901=VECTOR('',#4900,8.510637283327E-2);
#4902=CARTESIAN_POINT('',(1.0975E1,9.142182710354E1,-2.898936164379E1));
#4903=LINE('',#4902,#4901);
#4904=CARTESIAN_POINT('',(1.101666674614E1,9.162066625269E1,-2.877659571171E1));
#4905=CARTESIAN_POINT('',(1.100277783294E1,9.162108386111E1,-2.881914889144E1));
#4906=CARTESIAN_POINT('',(1.098888891756E1,9.162150071454E1,-2.886170207786E1));
#4907=CARTESIAN_POINT('',(1.0975E1,9.162191681299E1,-2.890425527096E1));
#4909=DIRECTION('',(1.775554102729E-14,1.E0,0.E0));
#4910=VECTOR('',#4909,2.000904209756E-1);
#4911=CARTESIAN_POINT('',(1.101666674614E1,9.142057583171E1,-2.877659571171E1));
#4912=LINE('',#4911,#4910);
#4913=CARTESIAN_POINT('',(1.101666674614E1,9.142057583171E1,-2.877659571171E1));
#4914=CARTESIAN_POINT('',(1.100277783294E1,9.142099365808E1,-2.881914889143E1));
#4915=CARTESIAN_POINT('',(1.098888891756E1,9.142141072906E1,-2.886170207785E1));
#4916=CARTESIAN_POINT('',(1.0975E1,9.142182704467E1,-2.890425527096E1));
#4918=CARTESIAN_POINT('',(1.114166674614E1,9.161688760293E1,-2.869148933887E1));
#4919=CARTESIAN_POINT('',(1.110000021975E1,9.161815394419E1,-2.871985803431E1));
#4920=CARTESIAN_POINT('',(1.105833355308E1,9.161941349409E1,-2.874822682526E1));
#4921=CARTESIAN_POINT('',(1.101666674614E1,9.162066625269E1,-2.877659571171E1));
#4923=DIRECTION('',(3.551073204603E-14,1.E0,3.551073204603E-14));
#4924=VECTOR('',#4923,2.000923931501E-1);
#4925=CARTESIAN_POINT('',(1.114166674614E1,9.141679520978E1,-2.869148933887E1));
#4926=LINE('',#4925,#4924);
#4927=CARTESIAN_POINT('',(1.114166674614E1,9.141679520978E1,-2.869148933887E1));
#4928=CARTESIAN_POINT('',(1.110000021989E1,9.141806221198E1,-2.871985803421E1));
#4929=CARTESIAN_POINT('',(1.105833355322E1,9.141932241927E1,-2.874822682516E1));
#4930=CARTESIAN_POINT('',(1.101666674614E1,9.142057583171E1,-2.877659571171E1));
#4932=CARTESIAN_POINT('',(1.126666674614E1,9.161306820859E1,-2.864893615246E1));
#4933=CARTESIAN_POINT('',(1.122500026540E1,9.161434813013E1,-2.866312048464E1));
#4934=CARTESIAN_POINT('',(1.118333359873E1,9.161562126157E1,-2.867730488011E1));
#4935=CARTESIAN_POINT('',(1.114166674614E1,9.161688760293E1,-2.869148933887E1));
#4937=DIRECTION('',(0.E0,1.E0,0.E0));
#4938=VECTOR('',#4937,2.000943866455E-1);
#4939=CARTESIAN_POINT('',(1.126666674614E1,9.141297382194E1,-2.864893615246E1));
#4940=LINE('',#4939,#4938);
#4941=CARTESIAN_POINT('',(1.126666674614E1,9.141297382194E1,-2.864893615246E1));
#4942=CARTESIAN_POINT('',(1.122500026559E1,9.141425441153E1,-2.866312048457E1));
#4943=CARTESIAN_POINT('',(1.118333359893E1,9.141552820747E1,-2.867730488004E1));
#4944=CARTESIAN_POINT('',(1.114166674614E1,9.141679520978E1,-2.869148933887E1));
#4946=CARTESIAN_POINT('',(-5.155311399804E-1,-2.919467585074E2,
-2.864920147923E1));
#4947=DIRECTION('',(5.581114491499E-12,-6.917552065398E-7,9.999999999998E-1));
#4948=DIRECTION('',(3.135501763171E-2,9.995083105552E-1,6.914149028134E-7));
#4949=AXIS2_PLACEMENT_3D('',#4946,#4947,#4948);
#4951=DIRECTION('',(-2.663224451897E-14,1.E0,0.E0));
#4952=VECTOR('',#4951,2.000984376065E-1);
#4953=CARTESIAN_POINT('',(1.151666674614E1,9.140520871421E1,-2.864893615246E1));
#4954=LINE('',#4953,#4952);
#4955=CARTESIAN_POINT('',(-5.155311399804E-1,-2.919467585074E2,
-2.864920134081E1));
#4956=DIRECTION('',(5.581114491499E-12,-6.917552065398E-7,9.999999999998E-1));
#4957=DIRECTION('',(3.137136792454E-2,9.995077975054E-1,6.914145478181E-7));
#4958=AXIS2_PLACEMENT_3D('',#4955,#4956,#4957);
#4960=CARTESIAN_POINT('',(1.1725E1,9.159871497946E1,-2.860638296604E1));
#4961=CARTESIAN_POINT('',(1.165555615495E1,9.160093123117E1,-2.862056724450E1));
#4962=CARTESIAN_POINT('',(1.158611173700E1,9.160312862194E1,-2.863475163997E1));
#4963=CARTESIAN_POINT('',(1.151666674614E1,9.160530715182E1,-2.864893615246E1));
#4965=DIRECTION('',(-2.663178654933E-14,1.E0,0.E0));
#4966=VECTOR('',#4965,2.001018785702E-1);
#4967=CARTESIAN_POINT('',(1.1725E1,9.139861310089E1,-2.860638296604E1));
#4968=LINE('',#4967,#4966);
#4969=CARTESIAN_POINT('',(1.1725E1,9.139861310089E1,-2.860638296604E1));
#4970=CARTESIAN_POINT('',(1.165555615555E1,9.140083050943E1,-2.862056724437E1));
#4971=CARTESIAN_POINT('',(1.158611173759E1,9.140302904719E1,-2.863475163985E1));
#4972=CARTESIAN_POINT('',(1.151666674614E1,9.140520871421E1,-2.864893615246E1));
#4974=CARTESIAN_POINT('',(1.189166674614E1,9.159335964232E1,-2.852127659321E1));
#4975=CARTESIAN_POINT('',(1.183611147180E1,9.159515682800E1,-2.854964522703E1));
#4976=CARTESIAN_POINT('',(1.178055588975E1,9.159694194035E1,-2.857801401797E1));
#4977=CARTESIAN_POINT('',(1.1725E1,9.159871497946E1,-2.860638296604E1));
#4979=DIRECTION('',(0.E0,1.E0,0.E0));
#4980=VECTOR('',#4979,2.001046740030E-1);
#4981=CARTESIAN_POINT('',(1.189166674614E1,9.139325496832E1,-2.852127659321E1));
#4982=LINE('',#4981,#4980);
#4983=CARTESIAN_POINT('',(1.189166674614E1,9.139325496832E1,-2.852127659321E1));
#4984=CARTESIAN_POINT('',(1.183611147212E1,9.139505309211E1,-2.854964522686E1));
#4985=CARTESIAN_POINT('',(1.178055589007E1,9.139683913627E1,-2.857801401781E1));
#4986=CARTESIAN_POINT('',(1.1725E1,9.139861310089E1,-2.860638296604E1));
#4988=CARTESIAN_POINT('',(1.205833325386E1,9.158793175356E1,-2.835106384754E1));
#4989=CARTESIAN_POINT('',(1.200277794381E1,9.158975312724E1,-2.840780123281E1));
#4990=CARTESIAN_POINT('',(1.194722244124E1,9.159156242340E1,-2.846453881470E1));
#4991=CARTESIAN_POINT('',(1.189166674614E1,9.159335964232E1,-2.852127659321E1));
#4993=DIRECTION('',(0.E0,1.E0,1.775402495256E-14));
#4994=VECTOR('',#4993,2.001075073564E-1);
#4995=CARTESIAN_POINT('',(1.205833325386E1,9.138782424621E1,-2.835106384754E1));
#4996=LINE('',#4995,#4994);
#4997=CARTESIAN_POINT('',(1.205833325386E1,9.138782424621E1,-2.835106384754E1));
#4998=CARTESIAN_POINT('',(1.200277794401E1,9.138964657064E1,-2.840780123260E1));
#4999=CARTESIAN_POINT('',(1.194722244144E1,9.139145681126E1,-2.846453881449E1));
#5000=CARTESIAN_POINT('',(1.189166674614E1,9.139325496832E1,-2.852127659321E1));
#5002=CARTESIAN_POINT('',(1.214166674614E1,9.158519055385E1,-2.818085104227E1));
#5003=CARTESIAN_POINT('',(1.211388893459E1,9.158610730749E1,-2.823758860479E1));
#5004=CARTESIAN_POINT('',(1.208611110383E1,9.158702104071E1,-2.829432620655E1));
#5005=CARTESIAN_POINT('',(1.205833325386E1,9.158793175356E1,-2.835106384754E1));
#5007=DIRECTION('',(0.E0,1.E0,0.E0));
#5008=VECTOR('',#5007,2.001089382604E-1);
#5009=CARTESIAN_POINT('',(1.214166674614E1,9.138508161559E1,-2.818085104227E1));
#5010=LINE('',#5009,#5008);
#5011=CARTESIAN_POINT('',(1.214166674614E1,9.138508161559E1,-2.818085104227E1));
#5012=CARTESIAN_POINT('',(1.211388893461E1,9.138599884778E1,-2.823758860475E1));
#5013=CARTESIAN_POINT('',(1.208611110385E1,9.138691305797E1,-2.829432620651E1));
#5014=CARTESIAN_POINT('',(1.205833325386E1,9.138782424621E1,-2.835106384754E1));
#5016=DIRECTION('',(0.E0,-6.917549143686E-7,9.999999999998E-1));
#5017=VECTOR('',#5016,2.127659320832E-1);
#5018=CARTESIAN_POINT('',(1.214166674614E1,9.158519055385E1,-2.818085104227E1));
#5019=LINE('',#5018,#5017);
#5020=DIRECTION('',(0.E0,1.E0,0.E0));
#5021=VECTOR('',#5020,2.001089382604E-1);
#5022=CARTESIAN_POINT('',(1.214166674614E1,9.138508146841E1,-2.796808511019E1));
#5023=LINE('',#5022,#5021);
#5024=DIRECTION('',(0.E0,-6.917550479507E-7,9.999999999998E-1));
#5025=VECTOR('',#5024,2.127659320832E-1);
#5026=CARTESIAN_POINT('',(1.214166674614E1,9.138508161559E1,-2.818085104227E1));
#5027=LINE('',#5026,#5025);
#5028=CARTESIAN_POINT('',(1.214166674614E1,9.158519040667E1,-2.796808511019E1));
#5029=CARTESIAN_POINT('',(1.211388893459E1,9.158610708181E1,-2.791134755760E1));
#5030=CARTESIAN_POINT('',(1.208611110383E1,9.158702073654E1,-2.785460996578E1));
#5031=CARTESIAN_POINT('',(1.205833325386E1,9.158793137089E1,-2.779787233472E1));
#5033=DIRECTION('',(1.775402495256E-14,1.E0,0.E0));
#5034=VECTOR('',#5033,2.001075073564E-1);
#5035=CARTESIAN_POINT('',(1.205833325386E1,9.138782386353E1,-2.779787233472E1));
#5036=LINE('',#5035,#5034);
#5037=CARTESIAN_POINT('',(1.214166674614E1,9.138508146841E1,-2.796808511019E1));
#5038=CARTESIAN_POINT('',(1.211388893461E1,9.138599862210E1,-2.791134755764E1));
#5039=CARTESIAN_POINT('',(1.208611110385E1,9.138691275379E1,-2.785460996582E1));
#5040=CARTESIAN_POINT('',(1.205833325386E1,9.138782386353E1,-2.779787233472E1));
#5042=CARTESIAN_POINT('',(1.205833325386E1,9.158793137089E1,-2.779787233472E1));
#5043=CARTESIAN_POINT('',(1.200277794380E1,9.158975266607E1,-2.774113494448E1));
#5044=CARTESIAN_POINT('',(1.194722244123E1,9.159156188374E1,-2.768439735762E1));
#5045=CARTESIAN_POINT('',(1.189166674614E1,9.159335902416E1,-2.762765957415E1));
#5047=DIRECTION('',(-2.663141450719E-14,1.E0,1.775427633813E-14));
#5048=VECTOR('',#5047,2.001046740030E-1);
#5049=CARTESIAN_POINT('',(1.189166674614E1,9.139325435015E1,-2.762765957415E1));
#5050=LINE('',#5049,#5048);
#5051=CARTESIAN_POINT('',(1.205833325386E1,9.138782386353E1,-2.779787233472E1));
#5052=CARTESIAN_POINT('',(1.200277794400E1,9.138964610947E1,-2.774113494468E1));
#5053=CARTESIAN_POINT('',(1.194722244143E1,9.139145627159E1,-2.768439735782E1));
#5054=CARTESIAN_POINT('',(1.189166674614E1,9.139325435015E1,-2.762765957415E1));
#5056=CARTESIAN_POINT('',(1.189166674614E1,9.159335902416E1,-2.762765957415E1));
#5057=CARTESIAN_POINT('',(1.183611147179E1,9.159515617059E1,-2.759929093660E1));
#5058=CARTESIAN_POINT('',(1.178055588974E1,9.159694124369E1,-2.757092214193E1));
#5059=CARTESIAN_POINT('',(1.1725E1,9.159871424355E1,-2.754255319014E1));
#5061=DIRECTION('',(-5.326357309867E-14,1.E0,0.E0));
#5062=VECTOR('',#5061,2.001018785701E-1);
#5063=CARTESIAN_POINT('',(1.1725E1,9.139861236498E1,-2.754255319014E1));
#5064=LINE('',#5063,#5062);
#5065=CARTESIAN_POINT('',(1.189166674614E1,9.139325435015E1,-2.762765957415E1));
#5066=CARTESIAN_POINT('',(1.183611147211E1,9.139505243470E1,-2.759929093677E1));
#5067=CARTESIAN_POINT('',(1.178055589007E1,9.139683843961E1,-2.757092214210E1));
#5068=CARTESIAN_POINT('',(1.1725E1,9.139861236498E1,-2.754255319014E1));
#5070=CARTESIAN_POINT('',(1.1725E1,9.159871424355E1,-2.754255319014E1));
#5071=CARTESIAN_POINT('',(1.165555615495E1,9.160093047563E1,-2.752836891045E1));
#5072=CARTESIAN_POINT('',(1.158611173699E1,9.160312784678E1,-2.751418451373E1));
#5073=CARTESIAN_POINT('',(1.151666674614E1,9.160530635704E1,-2.75E1));
#5075=DIRECTION('',(1.775482967932E-14,1.E0,0.E0));
#5076=VECTOR('',#5075,2.000984376065E-1);
#5077=CARTESIAN_POINT('',(1.151666674614E1,9.140520791943E1,-2.75E1));
#5078=LINE('',#5077,#5076);
#5079=CARTESIAN_POINT('',(1.1725E1,9.139861236498E1,-2.754255319014E1));
#5080=CARTESIAN_POINT('',(1.165555615554E1,9.140082975390E1,-2.752836891057E1));
#5081=CARTESIAN_POINT('',(1.158611173759E1,9.140302827203E1,-2.751418451385E1));
#5082=CARTESIAN_POINT('',(1.151666674614E1,9.140520791943E1,-2.75E1));
#5084=CARTESIAN_POINT('',(-5.155311399740E-1,-2.919467593021E2,
-2.750026532766E1));
#5085=DIRECTION('',(5.581114491499E-12,-6.917552065398E-7,9.999999999998E-1));
#5086=DIRECTION('',(3.135501763169E-2,9.995083105552E-1,6.914149028134E-7));
#5087=AXIS2_PLACEMENT_3D('',#5084,#5085,#5086);
#5089=DIRECTION('',(0.E0,1.E0,0.E0));
#5090=VECTOR('',#5089,2.000930552769E-1);
#5091=CARTESIAN_POINT('',(1.118333325386E1,9.141552513715E1,-2.75E1));
#5092=LINE('',#5091,#5090);
#5093=CARTESIAN_POINT('',(-5.155311399740E-1,-2.919467593021E2,
-2.750026518925E1));
#5094=DIRECTION('',(5.581114491499E-12,-6.917552065398E-7,9.999999999998E-1));
#5095=DIRECTION('',(3.137136792452E-2,9.995077975054E-1,6.914145478181E-7));
#5096=AXIS2_PLACEMENT_3D('',#5093,#5094,#5095);
#5098=CARTESIAN_POINT('',(1.118333325386E1,9.161561819243E1,-2.75E1));
#5099=CARTESIAN_POINT('',(1.111388938319E1,9.161773627866E1,-2.751418428493E1));
#5100=CARTESIAN_POINT('',(1.104444496524E1,9.161983550485E1,-2.752836868164E1));
#5101=CARTESIAN_POINT('',(1.0975E1,9.162191587102E1,-2.754255319014E1));
#5103=DIRECTION('',(0.E0,1.E0,0.E0));
#5104=VECTOR('',#5103,2.000897683205E-1);
#5105=CARTESIAN_POINT('',(1.0975E1,9.142182610270E1,-2.754255319014E1));
#5106=LINE('',#5105,#5104);
#5107=CARTESIAN_POINT('',(1.118333325386E1,9.141552513715E1,-2.75E1));
#5108=CARTESIAN_POINT('',(1.111388938376E1,9.141764432888E1,-2.751418428481E1));
#5109=CARTESIAN_POINT('',(1.104444496581E1,9.141974465072E1,-2.752836868153E1));
#5110=CARTESIAN_POINT('',(1.0975E1,9.142182610270E1,-2.754255319014E1));
#5112=CARTESIAN_POINT('',(1.0975E1,9.162191587102E1,-2.754255319014E1));
#5113=CARTESIAN_POINT('',(1.090555598916E1,9.162399622824E1,-2.758510613082E1));
#5114=CARTESIAN_POINT('',(1.083611157120E1,9.162605772176E1,-2.762765932096E1));
#5115=CARTESIAN_POINT('',(1.076666674614E1,9.162810035185E1,-2.767021276057E1));
#5117=DIRECTION('',(0.E0,1.E0,0.E0));
#5118=VECTOR('',#5117,2.000865405816E-1);
#5119=CARTESIAN_POINT('',(1.076666674614E1,9.142801381127E1,-2.767021276057E1));
#5120=LINE('',#5119,#5118);
#5121=CARTESIAN_POINT('',(1.0975E1,9.142182610270E1,-2.754255319014E1));
#5122=CARTESIAN_POINT('',(1.090555598958E1,9.142390754568E1,-2.758510613056E1));
#5123=CARTESIAN_POINT('',(1.083611157163E1,9.142597011512E1,-2.762765932070E1));
#5124=CARTESIAN_POINT('',(1.076666674614E1,9.142801381127E1,-2.767021276057E1));
#5126=CARTESIAN_POINT('',(1.076666674614E1,9.162810035185E1,-2.767021276057E1));
#5127=CARTESIAN_POINT('',(1.072500013046E1,9.162932595309E1,-2.774113466604E1));
#5128=CARTESIAN_POINT('',(1.068333346380E1,9.163054476077E1,-2.781205665830E1));
#5129=CARTESIAN_POINT('',(1.064166674614E1,9.163175677503E1,-2.788297873735E1));
#5131=DIRECTION('',(0.E0,1.E0,0.E0));
#5132=VECTOR('',#5131,2.000846323584E-1);
#5133=CARTESIAN_POINT('',(1.064166674614E1,9.143167214267E1,-2.788297873735E1));
#5134=LINE('',#5133,#5132);
#5135=CARTESIAN_POINT('',(1.076666674614E1,9.142801381127E1,-2.767021276057E1));
#5136=CARTESIAN_POINT('',(1.072500013052E1,9.142924005213E1,-2.774113466595E1));
#5137=CARTESIAN_POINT('',(1.068333346385E1,9.143045949588E1,-2.781205665821E1));
#5138=CARTESIAN_POINT('',(1.064166674614E1,9.143167214267E1,-2.788297873735E1));
#5140=CARTESIAN_POINT('',(1.064166674614E1,9.163175677503E1,-2.788297873735E1));
#5141=CARTESIAN_POINT('',(1.062777783200E1,9.163216080292E1,-2.793971631418E1));
#5142=CARTESIAN_POINT('',(1.061388891662E1,9.163256407586E1,-2.799645389607E1));
#5143=CARTESIAN_POINT('',(1.06E1,9.163296659385E1,-2.805319148302E1));
#5145=DIRECTION('',(0.E0,1.E0,0.E0));
#5146=VECTOR('',#5145,2.000840010191E-1);
#5147=CARTESIAN_POINT('',(1.06E1,9.143288259283E1,-2.805319148302E1));
#5148=LINE('',#5147,#5146);
#5149=CARTESIAN_POINT('',(1.064166674614E1,9.143167214267E1,-2.788297873735E1));
#5150=CARTESIAN_POINT('',(1.062777783200E1,9.143207638140E1,-2.793971631418E1));
#5151=CARTESIAN_POINT('',(1.061388891662E1,9.143247986479E1,-2.799645389606E1));
#5152=CARTESIAN_POINT('',(1.06E1,9.143288259283E1,-2.805319148302E1));
#5154=CARTESIAN_POINT('',(-5.155311399771E-1,-2.919467589195E2,
-2.805345682371E1));
#5155=DIRECTION('',(5.581114491499E-12,-6.917552065398E-7,9.999999999998E-1));
#5156=DIRECTION('',(2.961773340669E-2,9.995612987043E-1,6.914515673323E-7));
#5157=AXIS2_PLACEMENT_3D('',#5154,#5155,#5156);
#5159=DIRECTION('',(0.E0,1.E0,0.E0));
#5160=VECTOR('',#5159,2.000878245708E-1);
#5161=CARTESIAN_POINT('',(1.085E1,9.142555262706E1,-2.805319148302E1));
#5162=LINE('',#5161,#5160);
#5163=CARTESIAN_POINT('',(-5.155311399771E-1,-2.919467589195E2,
-2.805345668530E1));
#5164=DIRECTION('',(5.581114491499E-12,-6.917552065398E-7,9.999999999998E-1));
#5165=DIRECTION('',(2.963317778054E-2,9.995608409567E-1,6.914512506025E-7));
#5166=AXIS2_PLACEMENT_3D('',#5163,#5164,#5165);
#5168=CARTESIAN_POINT('',(1.089166674614E1,9.162440348203E1,-2.792553192377E1));
#5169=CARTESIAN_POINT('',(1.087777783292E1,9.162481656020E1,-2.796808510358E1));
#5170=CARTESIAN_POINT('',(1.086388891754E1,9.162522888339E1,-2.801063828999E1));
#5171=CARTESIAN_POINT('',(1.085E1,9.162564045163E1,-2.805319148302E1));
#5173=DIRECTION('',(0.E0,1.E0,0.E0));
#5174=VECTOR('',#5173,2.000884701199E-1);
#5175=CARTESIAN_POINT('',(1.089166674614E1,9.142431501191E1,-2.792553192377E1));
#5176=LINE('',#5175,#5174);
#5177=CARTESIAN_POINT('',(1.089166674614E1,9.142431501191E1,-2.792553192377E1));
#5178=CARTESIAN_POINT('',(1.087777783292E1,9.142472830565E1,-2.796808510357E1));
#5179=CARTESIAN_POINT('',(1.086388891754E1,9.142514084403E1,-2.801063828999E1));
#5180=CARTESIAN_POINT('',(1.085E1,9.142555262706E1,-2.805319148302E1));
#5182=CARTESIAN_POINT('',(1.101666674614E1,9.162066557565E1,-2.779787233472E1));
#5183=CARTESIAN_POINT('',(1.097500017889E1,9.162191833686E1,-2.784042542953E1));
#5184=CARTESIAN_POINT('',(1.093333351223E1,9.162316430562E1,-2.788297862589E1));
#5185=CARTESIAN_POINT('',(1.089166674614E1,9.162440348203E1,-2.792553192377E1));
#5187=DIRECTION('',(1.775554102730E-14,1.E0,0.E0));
#5188=VECTOR('',#5187,2.000904209755E-1);
#5189=CARTESIAN_POINT('',(1.101666674614E1,9.142057515468E1,-2.779787233472E1));
#5190=LINE('',#5189,#5188);
#5191=CARTESIAN_POINT('',(1.101666674614E1,9.142057515468E1,-2.779787233472E1));
#5192=CARTESIAN_POINT('',(1.097500017900E1,9.142182856972E1,-2.784042542943E1));
#5193=CARTESIAN_POINT('',(1.093333351233E1,9.142307518876E1,-2.788297862578E1));
#5194=CARTESIAN_POINT('',(1.089166674614E1,9.142431501191E1,-2.792553192377E1));
#5196=CARTESIAN_POINT('',(1.118333325386E1,9.161561836905E1,-2.775531914830E1));
#5197=CARTESIAN_POINT('',(1.112777809446E1,9.161731284191E1,-2.776950345616E1));
#5198=CARTESIAN_POINT('',(1.107222259188E1,9.161899524410E1,-2.778368785163E1));
#5199=CARTESIAN_POINT('',(1.101666674614E1,9.162066557565E1,-2.779787233472E1));
#5201=DIRECTION('',(-1.775530726882E-14,1.E0,0.E0));
#5202=VECTOR('',#5201,2.000930552770E-1);
#5203=CARTESIAN_POINT('',(1.118333325386E1,9.141552531377E1,-2.775531914830E1));
#5204=LINE('',#5203,#5202);
#5205=CARTESIAN_POINT('',(1.118333325386E1,9.141552531377E1,-2.775531914830E1));
#5206=CARTESIAN_POINT('',(1.112777809481E1,9.141722067104E1,-2.776950345607E1));
#5207=CARTESIAN_POINT('',(1.107222259224E1,9.141890395133E1,-2.778368785154E1));
#5208=CARTESIAN_POINT('',(1.101666674614E1,9.142057515468E1,-2.779787233472E1));
#5210=CARTESIAN_POINT('',(-5.155311399754E-1,-2.919467591255E2,
-2.775558447597E1));
#5211=DIRECTION('',(5.581114491499E-12,-6.917552065398E-7,9.999999999998E-1));
#5212=DIRECTION('',(3.135501763169E-2,9.995083105552E-1,6.914149028134E-7));
#5213=AXIS2_PLACEMENT_3D('',#5210,#5211,#5212);
#5215=DIRECTION('',(0.E0,1.E0,0.E0));
#5216=VECTOR('',#5215,2.000984376065E-1);
#5217=CARTESIAN_POINT('',(1.151666674614E1,9.140520809605E1,-2.775531914830E1));
#5218=LINE('',#5217,#5216);
#5219=CARTESIAN_POINT('',(-5.155311399754E-1,-2.919467591255E2,
-2.775558433755E1));
#5220=DIRECTION('',(5.581114491499E-12,-6.917552065398E-7,9.999999999998E-1));
#5221=DIRECTION('',(3.137136792453E-2,9.995077975054E-1,6.914145478181E-7));
#5222=AXIS2_PLACEMENT_3D('',#5219,#5220,#5221);
#5224=CARTESIAN_POINT('',(1.168333325386E1,9.160004191377E1,-2.779787233472E1));
#5225=CARTESIAN_POINT('',(1.162777810925E1,9.160180885828E1,-2.778368803064E1));
#5226=CARTESIAN_POINT('',(1.157222260668E1,9.160356373156E1,-2.776950363517E1));
#5227=CARTESIAN_POINT('',(1.151666674614E1,9.160530653366E1,-2.775531914830E1));
#5229=DIRECTION('',(-1.775458584868E-14,1.E0,0.E0));
#5230=VECTOR('',#5229,2.001011856362E-1);
#5231=CARTESIAN_POINT('',(1.168333325386E1,9.139994072814E1,-2.779787233472E1));
#5232=LINE('',#5231,#5230);
#5233=CARTESIAN_POINT('',(1.168333325386E1,9.139994072814E1,-2.779787233472E1));
#5234=CARTESIAN_POINT('',(1.162777810963E1,9.140170859495E1,-2.778368803074E1));
#5235=CARTESIAN_POINT('',(1.157222260705E1,9.140346438425E1,-2.776950363527E1));
#5236=CARTESIAN_POINT('',(1.151666674614E1,9.140520809605E1,-2.775531914830E1));
#5238=CARTESIAN_POINT('',(1.180833325386E1,9.159604590612E1,-2.788297873735E1));
#5239=CARTESIAN_POINT('',(1.176666673555E1,9.159738470061E1,-2.785461003748E1));
#5240=CARTESIAN_POINT('',(1.172500006888E1,9.159871670314E1,-2.782624123660E1));
#5241=CARTESIAN_POINT('',(1.168333325386E1,9.160004191377E1,-2.779787233472E1));
#5243=DIRECTION('',(0.E0,1.E0,0.E0));
#5244=VECTOR('',#5243,2.001032715444E-1);
#5245=CARTESIAN_POINT('',(1.180833325386E1,9.139594263457E1,-2.788297873735E1));
#5246=LINE('',#5245,#5244);
#5247=CARTESIAN_POINT('',(1.180833325386E1,9.139594263457E1,-2.788297873735E1));
#5248=CARTESIAN_POINT('',(1.176666673570E1,9.139728212791E1,-2.785461003759E1));
#5249=CARTESIAN_POINT('',(1.172500006904E1,9.139861482575E1,-2.782624123671E1));
#5250=CARTESIAN_POINT('',(1.168333325386E1,9.139994072814E1,-2.779787233472E1));
#5252=CARTESIAN_POINT('',(1.189166674614E1,9.159335928908E1,-2.801063829660E1));
#5253=CARTESIAN_POINT('',(1.186388894447E1,9.159425784800E1,-2.796808515475E1));
#5254=CARTESIAN_POINT('',(1.183611111371E1,9.159515338699E1,-2.792553196834E1));
#5255=CARTESIAN_POINT('',(1.180833325386E1,9.159604590612E1,-2.788297873735E1));
#5257=DIRECTION('',(0.E0,1.E0,0.E0));
#5258=VECTOR('',#5257,2.001046740030E-1);
#5259=CARTESIAN_POINT('',(1.189166674614E1,9.139325461508E1,-2.801063829660E1));
#5260=LINE('',#5259,#5258);
#5261=CARTESIAN_POINT('',(1.189166674614E1,9.139325461508E1,-2.801063829660E1));
#5262=CARTESIAN_POINT('',(1.186388894450E1,9.139415364306E1,-2.796808515480E1));
#5263=CARTESIAN_POINT('',(1.183611111374E1,9.139504964954E1,-2.792553196838E1));
#5264=CARTESIAN_POINT('',(1.180833325386E1,9.139594263457E1,-2.788297873735E1));
#5266=DIRECTION('',(0.E0,-6.917548698413E-7,9.999999999998E-1));
#5267=VECTOR('',#5266,1.276595592499E-1);
#5268=CARTESIAN_POINT('',(1.189166674614E1,9.159335937739E1,-2.813829785585E1));
#5269=LINE('',#5268,#5267);
#5270=DIRECTION('',(0.E0,1.E0,0.E0));
#5271=VECTOR('',#5270,2.001046740029E-1);
#5272=CARTESIAN_POINT('',(1.189166674614E1,9.139325470339E1,-2.813829785585E1));
#5273=LINE('',#5272,#5271);
#5274=DIRECTION('',(0.E0,-6.917555377515E-7,9.999999999998E-1));
#5275=VECTOR('',#5274,1.276595592499E-1);
#5276=CARTESIAN_POINT('',(1.189166674614E1,9.139325470339E1,-2.813829785585E1));
#5277=LINE('',#5276,#5275);
#5278=CARTESIAN_POINT('',(1.189166674614E1,9.159335937739E1,-2.813829785585E1));
#5279=CARTESIAN_POINT('',(1.186388894447E1,9.159425799518E1,-2.818085101757E1));
#5280=CARTESIAN_POINT('',(1.183611111371E1,9.159515359305E1,-2.822340422386E1));
#5281=CARTESIAN_POINT('',(1.180833325386E1,9.159604617104E1,-2.826595747471E1));
#5283=DIRECTION('',(-1.775440077207E-14,1.E0,0.E0));
#5284=VECTOR('',#5283,2.001032715443E-1);
#5285=CARTESIAN_POINT('',(1.180833325386E1,9.139594289950E1,-2.826595747471E1));
#5286=LINE('',#5285,#5284);
#5287=CARTESIAN_POINT('',(1.189166674614E1,9.139325470339E1,-2.813829785585E1));
#5288=CARTESIAN_POINT('',(1.186388894450E1,9.139415379024E1,-2.818085101752E1));
#5289=CARTESIAN_POINT('',(1.183611111374E1,9.139504985560E1,-2.822340422381E1));
#5290=CARTESIAN_POINT('',(1.180833325386E1,9.139594289950E1,-2.826595747471E1));
#5292=CARTESIAN_POINT('',(1.180833325386E1,9.159604617104E1,-2.826595747471E1));
#5293=CARTESIAN_POINT('',(1.176666673555E1,9.159738500478E1,-2.829432616464E1));
#5294=CARTESIAN_POINT('',(1.172500006889E1,9.159871704656E1,-2.832269495559E1));
#5295=CARTESIAN_POINT('',(1.168333325386E1,9.160004229644E1,-2.835106384754E1));
#5297=DIRECTION('',(1.775458584868E-14,1.E0,0.E0));
#5298=VECTOR('',#5297,2.001011856362E-1);
#5299=CARTESIAN_POINT('',(1.168333325386E1,9.139994111081E1,-2.835106384754E1));
#5300=LINE('',#5299,#5298);
#5301=CARTESIAN_POINT('',(1.180833325386E1,9.139594289950E1,-2.826595747471E1));
#5302=CARTESIAN_POINT('',(1.176666673571E1,9.139728243209E1,-2.829432616454E1));
#5303=CARTESIAN_POINT('',(1.172500006904E1,9.139861516917E1,-2.832269495548E1));
#5304=CARTESIAN_POINT('',(1.168333325386E1,9.139994111081E1,-2.835106384754E1));
#5306=CARTESIAN_POINT('',(1.168333325386E1,9.160004229644E1,-2.835106384754E1));
#5307=CARTESIAN_POINT('',(1.162777810926E1,9.160180926057E1,-2.836524815162E1));
#5308=CARTESIAN_POINT('',(1.157222260668E1,9.160356415348E1,-2.837943254709E1));
#5309=CARTESIAN_POINT('',(1.151666674614E1,9.160530697520E1,-2.839361703396E1));
#5311=DIRECTION('',(0.E0,1.E0,0.E0));
#5312=VECTOR('',#5311,2.000984376065E-1);
#5313=CARTESIAN_POINT('',(1.151666674614E1,9.140520853760E1,-2.839361703396E1));
#5314=LINE('',#5313,#5312);
#5315=CARTESIAN_POINT('',(1.168333325386E1,9.139994111081E1,-2.835106384754E1));
#5316=CARTESIAN_POINT('',(1.162777810963E1,9.140170899725E1,-2.836524815152E1));
#5317=CARTESIAN_POINT('',(1.157222260706E1,9.140346480617E1,-2.837943254699E1));
#5318=CARTESIAN_POINT('',(1.151666674614E1,9.140520853760E1,-2.839361703396E1));
#5320=CARTESIAN_POINT('',(-5.155311399790E-1,-2.919467586840E2,
-2.839388236073E1));
#5321=DIRECTION('',(5.581114491499E-12,-6.917552065398E-7,9.999999999998E-1));
#5322=DIRECTION('',(3.135501763170E-2,9.995083105552E-1,6.914149028134E-7));
#5323=AXIS2_PLACEMENT_3D('',#5320,#5321,#5322);
#5325=DIRECTION('',(0.E0,1.E0,0.E0));
#5326=VECTOR('',#5325,2.000943866456E-1);
#5327=CARTESIAN_POINT('',(1.126666674614E1,9.141297364532E1,-2.839361703396E1));
#5328=LINE('',#5327,#5326);
#5329=CARTESIAN_POINT('',(-5.155311399790E-1,-2.919467586840E2,
-2.839388222231E1));
#5330=DIRECTION('',(5.581114491499E-12,-6.917552065398E-7,9.999999999998E-1));
#5331=DIRECTION('',(3.137136792454E-2,9.995077975054E-1,6.914145478181E-7));
#5332=AXIS2_PLACEMENT_3D('',#5329,#5330,#5331);
#5334=CARTESIAN_POINT('',(1.126666674614E1,9.161306803197E1,-2.839361703396E1));
#5335=CARTESIAN_POINT('',(1.121111150973E1,9.161477458857E1,-2.840780134118E1));
#5336=CARTESIAN_POINT('',(1.115555592768E1,9.161646907437E1,-2.842198573666E1));
#5337=CARTESIAN_POINT('',(1.11E1,9.161815148940E1,-2.843617022038E1));
#5339=DIRECTION('',(0.E0,1.E0,0.E0));
#5340=VECTOR('',#5339,2.000917333884E-1);
#5341=CARTESIAN_POINT('',(1.11E1,9.141805975601E1,-2.843617022038E1));
#5342=LINE('',#5341,#5340);
#5343=CARTESIAN_POINT('',(1.126666674614E1,9.141297364532E1,-2.839361703396E1));
#5344=CARTESIAN_POINT('',(1.121111151009E1,9.141468109264E1,-2.840780134109E1));
#5345=CARTESIAN_POINT('',(1.115555592804E1,9.141637646286E1,-2.842198573656E1));
#5346=CARTESIAN_POINT('',(1.11E1,9.141805975601E1,-2.843617022038E1));
#5348=CARTESIAN_POINT('',(1.11E1,9.161815148940E1,-2.843617022038E1));
#5349=CARTESIAN_POINT('',(1.104444470585E1,9.161983389506E1,-2.846453886431E1));
#5350=CARTESIAN_POINT('',(1.098888912380E1,9.162150422849E1,-2.849290765525E1));
#5351=CARTESIAN_POINT('',(1.093333325386E1,9.162316248977E1,-2.852127659321E1));
#5353=DIRECTION('',(0.E0,1.E0,0.E0));
#5354=VECTOR('',#5353,2.000891180340E-1);
#5355=CARTESIAN_POINT('',(1.093333325386E1,9.142307337173E1,-2.852127659321E1));
#5356=LINE('',#5355,#5354);
#5357=CARTESIAN_POINT('',(1.11E1,9.141805975601E1,-2.843617022038E1));
#5358=CARTESIAN_POINT('',(1.104444470615E1,9.141974303976E1,-2.846453886416E1));
#5359=CARTESIAN_POINT('',(1.098888912410E1,9.142141424497E1,-2.849290765510E1));
#5360=CARTESIAN_POINT('',(1.093333325386E1,9.142307337173E1,-2.852127659321E1));
#5362=CARTESIAN_POINT('',(1.093333325386E1,9.162316248977E1,-2.852127659321E1));
#5363=CARTESIAN_POINT('',(1.087777792642E1,9.162482075448E1,-2.857801399623E1));
#5364=CARTESIAN_POINT('',(1.082222242385E1,9.162646694392E1,-2.863475157812E1));
#5365=CARTESIAN_POINT('',(1.076666674614E1,9.162810105833E1,-2.869148933887E1));
#5367=DIRECTION('',(1.775588537077E-14,1.E0,0.E0));
#5368=VECTOR('',#5367,2.000865405815E-1);
#5369=CARTESIAN_POINT('',(1.076666674614E1,9.142801451775E1,-2.869148933887E1));
#5370=LINE('',#5369,#5368);
#5371=CARTESIAN_POINT('',(1.093333325386E1,9.142307337173E1,-2.852127659321E1));
#5372=CARTESIAN_POINT('',(1.087777792661E1,9.142473250190E1,-2.857801399605E1));
#5373=CARTESIAN_POINT('',(1.082222242403E1,9.142637955049E1,-2.863475157794E1));
#5374=CARTESIAN_POINT('',(1.076666674614E1,9.142801451775E1,-2.869148933887E1));
#5376=CARTESIAN_POINT('',(1.076666674614E1,9.162810105833E1,-2.869148933887E1));
#5377=CARTESIAN_POINT('',(1.075277783201E1,9.162850961621E1,-2.874822691564E1));
#5378=CARTESIAN_POINT('',(1.073888891663E1,9.162891741912E1,-2.880496449753E1));
#5379=CARTESIAN_POINT('',(1.0725E1,9.162932446706E1,-2.886170208454E1));
#5381=DIRECTION('',(0.E0,1.E0,0.E0));
#5382=VECTOR('',#5381,2.000859021376E-1);
#5383=CARTESIAN_POINT('',(1.0725E1,9.142923856492E1,-2.886170208454E1));
#5384=LINE('',#5383,#5382);
#5385=CARTESIAN_POINT('',(1.076666674614E1,9.142801451775E1,-2.869148933887E1));
#5386=CARTESIAN_POINT('',(1.075277783201E1,9.142842328884E1,-2.874822691564E1));
#5387=CARTESIAN_POINT('',(1.073888891663E1,9.142883130456E1,-2.880496449753E1));
#5388=CARTESIAN_POINT('',(1.0725E1,9.142923856492E1,-2.886170208454E1));
#5390=DIRECTION('',(0.E0,-6.917552480847E-7,9.999999999998E-1));
#5391=VECTOR('',#5390,1.702128648758E-1);
#5392=CARTESIAN_POINT('',(1.0725E1,9.162932458480E1,-2.903191494942E1));
#5393=LINE('',#5392,#5391);
#5394=DIRECTION('',(0.E0,1.E0,0.E0));
#5395=VECTOR('',#5394,2.000859021376E-1);
#5396=CARTESIAN_POINT('',(1.0725E1,9.142923868267E1,-2.903191494942E1));
#5397=LINE('',#5396,#5395);
#5398=DIRECTION('',(0.E0,-6.917549976185E-7,9.999999999998E-1));
#5399=VECTOR('',#5398,1.702128648758E-1);
#5400=CARTESIAN_POINT('',(1.0725E1,9.142923868267E1,-2.903191494942E1));
#5401=LINE('',#5400,#5399);
#5402=CARTESIAN_POINT('',(1.076666674614E1,9.162810141156E1,-2.920212769508E1));
#5403=CARTESIAN_POINT('',(1.075277783201E1,9.162850989095E1,-2.914539011831E1));
#5404=CARTESIAN_POINT('',(1.073888891663E1,9.162891761536E1,-2.908865253642E1));
#5405=CARTESIAN_POINT('',(1.0725E1,9.162932458480E1,-2.903191494942E1));
#5407=DIRECTION('',(1.775588537078E-14,1.E0,-3.551177074156E-14));
#5408=VECTOR('',#5407,2.000865405815E-1);
#5409=CARTESIAN_POINT('',(1.076666674614E1,9.142801487098E1,-2.920212769508E1));
#5410=LINE('',#5409,#5408);
#5411=CARTESIAN_POINT('',(1.076666674614E1,9.142801487098E1,-2.920212769508E1));
#5412=CARTESIAN_POINT('',(1.075277783201E1,9.142842356358E1,-2.914539011832E1));
#5413=CARTESIAN_POINT('',(1.073888891663E1,9.142883150080E1,-2.908865253643E1));
#5414=CARTESIAN_POINT('',(1.0725E1,9.142923868267E1,-2.903191494942E1));
#5416=CARTESIAN_POINT('',(1.093333325386E1,9.162316307849E1,-2.937234044075E1));
#5417=CARTESIAN_POINT('',(1.087777792642E1,9.162482126471E1,-2.931560303772E1));
#5418=CARTESIAN_POINT('',(1.082222242384E1,9.162646737565E1,-2.925886545583E1));
#5419=CARTESIAN_POINT('',(1.076666674614E1,9.162810141156E1,-2.920212769508E1));
#5421=DIRECTION('',(0.E0,1.E0,0.E0));
#5422=VECTOR('',#5421,2.000891180341E-1);
#5423=CARTESIAN_POINT('',(1.093333325386E1,9.142307396046E1,-2.937234044075E1));
#5424=LINE('',#5423,#5422);
#5425=CARTESIAN_POINT('',(1.093333325386E1,9.142307396046E1,-2.937234044075E1));
#5426=CARTESIAN_POINT('',(1.087777792660E1,9.142473301213E1,-2.931560303790E1));
#5427=CARTESIAN_POINT('',(1.082222242402E1,9.142637998223E1,-2.925886545601E1));
#5428=CARTESIAN_POINT('',(1.076666674614E1,9.142801487098E1,-2.920212769508E1));
#5430=CARTESIAN_POINT('',(1.11E1,9.161815219588E1,-2.945744681358E1));
#5431=CARTESIAN_POINT('',(1.104444470584E1,9.161983456229E1,-2.942907816965E1));
#5432=CARTESIAN_POINT('',(1.098888912379E1,9.162150485646E1,-2.940070937870E1));
#5433=CARTESIAN_POINT('',(1.093333325386E1,9.162316307849E1,-2.937234044075E1));
#5435=DIRECTION('',(-4.438856141926E-14,1.E0,0.E0));
#5436=VECTOR('',#5435,2.000917333885E-1);
#5437=CARTESIAN_POINT('',(1.11E1,9.141806046249E1,-2.945744681358E1));
#5438=LINE('',#5437,#5436);
#5439=CARTESIAN_POINT('',(1.11E1,9.141806046249E1,-2.945744681358E1));
#5440=CARTESIAN_POINT('',(1.104444470614E1,9.141974370699E1,-2.942907816980E1));
#5441=CARTESIAN_POINT('',(1.098888912409E1,9.142141487295E1,-2.940070937885E1));
#5442=CARTESIAN_POINT('',(1.093333325386E1,9.142307396046E1,-2.937234044075E1));
#5444=CARTESIAN_POINT('',(1.126666674614E1,9.161306879732E1,-2.95E1));
#5445=CARTESIAN_POINT('',(1.121111150973E1,9.161477533429E1,-2.948581569277E1));
#5446=CARTESIAN_POINT('',(1.115555592768E1,9.161646980047E1,-2.947163129730E1));
#5447=CARTESIAN_POINT('',(1.11E1,9.161815219588E1,-2.945744681358E1));
#5449=DIRECTION('',(0.E0,1.E0,0.E0));
#5450=VECTOR('',#5449,2.000943866455E-1);
#5451=CARTESIAN_POINT('',(1.126666674614E1,9.141297441067E1,-2.95E1));
#5452=LINE('',#5451,#5450);
#5453=CARTESIAN_POINT('',(1.126666674614E1,9.141297441067E1,-2.95E1));
#5454=CARTESIAN_POINT('',(1.121111151009E1,9.141468183836E1,-2.948581569287E1));
#5455=CARTESIAN_POINT('',(1.115555592804E1,9.141637718896E1,-2.947163129739E1));
#5456=CARTESIAN_POINT('',(1.11E1,9.141806046249E1,-2.945744681358E1));
#5458=CARTESIAN_POINT('',(-5.155311399851E-1,-2.919467579186E2,
-2.950026532722E1));
#5459=DIRECTION('',(5.581114491499E-12,-6.917552065398E-7,9.999999999998E-1));
#5460=DIRECTION('',(3.124643717350E-2,9.995117108686E-1,6.914172556044E-7));
#5461=AXIS2_PLACEMENT_3D('',#5458,#5459,#5460);
#5463=DIRECTION('',(0.E0,1.E0,0.E0));
#5464=VECTOR('',#5463,2.000977565215E-1);
#5465=CARTESIAN_POINT('',(1.1475E1,9.140651482285E1,-2.95E1));
#5466=LINE('',#5465,#5464);
#5467=CARTESIAN_POINT('',(-5.155311399851E-1,-2.919467579186E2,
-2.950026518880E1));
#5468=DIRECTION('',(5.581114491499E-12,-6.917552065398E-7,9.999999999998E-1));
#5469=DIRECTION('',(3.126273084630E-2,9.995112013677E-1,6.914169030587E-7));
#5470=AXIS2_PLACEMENT_3D('',#5467,#5468,#5469);
#5472=CARTESIAN_POINT('',(1.168333325386E1,9.160004306179E1,-2.945744681358E1));
#5473=CARTESIAN_POINT('',(1.161388940684E1,9.160225176183E1,-2.947163109244E1));
#5474=CARTESIAN_POINT('',(1.154444498889E1,9.160444160101E1,-2.948581548791E1));
#5475=CARTESIAN_POINT('',(1.1475E1,9.160661257937E1,-2.95E1));
#5477=DIRECTION('',(0.E0,1.E0,0.E0));
#5478=VECTOR('',#5477,2.001011856362E-1);
#5479=CARTESIAN_POINT('',(1.168333325386E1,9.139994187615E1,-2.945744681358E1));
#5480=LINE('',#5479,#5478);
#5481=CARTESIAN_POINT('',(1.168333325386E1,9.139994187615E1,-2.945744681358E1));
#5482=CARTESIAN_POINT('',(1.161388940744E1,9.140215172908E1,-2.947163109232E1));
#5483=CARTESIAN_POINT('',(1.154444498948E1,9.140434271130E1,-2.948581548779E1));
#5484=CARTESIAN_POINT('',(1.1475E1,9.140651482285E1,-2.95E1));
#5486=CARTESIAN_POINT('',(1.185E1,9.159470581991E1,-2.932978725433E1));
#5487=CARTESIAN_POINT('',(1.179444466166E1,9.159649697581E1,-2.937234025408E1));
#5488=CARTESIAN_POINT('',(1.173888907962E1,9.159827605637E1,-2.941489344050E1));
#5489=CARTESIAN_POINT('',(1.168333325386E1,9.160004306179E1,-2.945744681358E1));
#5491=DIRECTION('',(-1.775433866003E-14,1.E0,0.E0));
#5492=VECTOR('',#5491,2.001039715885E-1);
#5493=CARTESIAN_POINT('',(1.185E1,9.139460184832E1,-2.932978725433E1));
#5494=LINE('',#5493,#5492);
#5495=CARTESIAN_POINT('',(1.185E1,9.139460184832E1,-2.932978725433E1));
#5496=CARTESIAN_POINT('',(1.179444466192E1,9.139639393918E1,-2.937234025388E1));
#5497=CARTESIAN_POINT('',(1.173888907987E1,9.139817394839E1,-2.941489344030E1));
#5498=CARTESIAN_POINT('',(1.168333325386E1,9.139994187615E1,-2.945744681358E1));
#5500=CARTESIAN_POINT('',(1.1975E1,9.159065526110E1,-2.915957450867E1));
#5501=CARTESIAN_POINT('',(1.193333341047E1,9.159201224185E1,-2.921631198552E1));
#5502=CARTESIAN_POINT('',(1.189166674380E1,9.159336242807E1,-2.927304956741E1));
#5503=CARTESIAN_POINT('',(1.185E1,9.159470581991E1,-2.932978725433E1));
#5505=DIRECTION('',(0.E0,1.E0,0.E0));
#5506=VECTOR('',#5505,2.001060859388E-1);
#5507=CARTESIAN_POINT('',(1.1975E1,9.139054917516E1,-2.915957450867E1));
#5508=LINE('',#5507,#5506);
#5509=CARTESIAN_POINT('',(1.1975E1,9.139054917516E1,-2.915957450867E1));
#5510=CARTESIAN_POINT('',(1.193333341055E1,9.139190686424E1,-2.921631198541E1));
#5511=CARTESIAN_POINT('',(1.189166674389E1,9.139325775525E1,-2.927304956730E1));
#5512=CARTESIAN_POINT('',(1.185E1,9.139460184832E1,-2.932978725433E1));
#5514=CARTESIAN_POINT('',(1.201666674614E1,9.158929596048E1,-2.903191494942E1));
#5515=CARTESIAN_POINT('',(1.200277783313E1,9.158974981584E1,-2.907446812857E1));
#5516=CARTESIAN_POINT('',(1.198888891775E1,9.159020291605E1,-2.911702131498E1));
#5517=CARTESIAN_POINT('',(1.1975E1,9.159065526110E1,-2.915957450867E1));
#5519=DIRECTION('',(0.E0,1.E0,0.E0));
#5520=VECTOR('',#5519,2.001067954643E-1);
#5521=CARTESIAN_POINT('',(1.201666674614E1,9.138918916501E1,-2.903191494942E1));
#5522=LINE('',#5521,#5520);
#5523=CARTESIAN_POINT('',(1.201666674614E1,9.138918916501E1,-2.903191494942E1));
#5524=CARTESIAN_POINT('',(1.200277783313E1,9.138964325728E1,-2.907446812856E1));
#5525=CARTESIAN_POINT('',(1.198888891775E1,9.139009659400E1,-2.911702131498E1));
#5526=CARTESIAN_POINT('',(1.1975E1,9.139054917516E1,-2.915957450867E1));
#5528=CARTESIAN_POINT('',(-5.155311399825E-1,-2.919467582424E2,
-2.903218026522E1));
#5529=DIRECTION('',(5.581114491499E-12,-6.917552065398E-7,9.999999999998E-1));
#5530=DIRECTION('',(3.265798064514E-2,9.994665858845E-1,6.913860322799E-7));
#5531=AXIS2_PLACEMENT_3D('',#5528,#5529,#5530);
#5533=DIRECTION('',(0.E0,1.E0,0.E0));
#5534=VECTOR('',#5533,2.001025738742E-1);
#5535=CARTESIAN_POINT('',(1.176666674614E1,9.139728067523E1,-2.903191494942E1));
#5536=LINE('',#5535,#5534);
#5537=CARTESIAN_POINT('',(-5.155311399825E-1,-2.919467582424E2,
-2.903218012680E1));
#5538=DIRECTION('',(5.581114491499E-12,-6.917552065398E-7,9.999999999998E-1));
#5539=DIRECTION('',(3.267501037713E-2,9.994660292858E-1,6.913856471591E-7));
#5540=AXIS2_PLACEMENT_3D('',#5537,#5538,#5539);
#5542=CARTESIAN_POINT('',(-5.155311399768E-1,-2.919467589489E2,
-2.801090356186E1));
#5543=DIRECTION('',(5.581114491499E-12,-6.917552065398E-7,9.999999999998E-1));
#5544=DIRECTION('',(3.808699299397E-2,9.992744272542E-1,6.912530752520E-7));
#5545=AXIS2_PLACEMENT_3D('',#5542,#5543,#5544);
#5547=DIRECTION('',(0.E0,1.E0,0.E0));
#5548=VECTOR('',#5547,2.001452957253E-1);
#5549=CARTESIAN_POINT('',(1.41E1,9.131541086194E1,-2.801063829660E1));
#5550=LINE('',#5549,#5548);
#5551=CARTESIAN_POINT('',(-5.155311399768E-1,-2.919467589489E2,
-2.801090342341E1));
#5552=DIRECTION('',(5.581114491499E-12,-6.917552065398E-7,9.999999999998E-1));
#5553=DIRECTION('',(3.810685372236E-2,9.992736700719E-1,6.912525513556E-7));
#5554=AXIS2_PLACEMENT_3D('',#5551,#5552,#5553);
#5556=CARTESIAN_POINT('',(1.41E1,9.151555615767E1,-2.801063829660E1));
#5557=CARTESIAN_POINT('',(1.408611116516E1,9.151608547666E1,-2.793971631473E1));
#5558=CARTESIAN_POINT('',(1.407222232925E1,9.151661404002E1,-2.786879432744E1));
#5559=CARTESIAN_POINT('',(1.405833349228E1,9.151714184776E1,-2.779787233472E1));
#5561=DIRECTION('',(0.E0,1.E0,0.E0));
#5562=VECTOR('',#5561,2.001444675805E-1);
#5563=CARTESIAN_POINT('',(1.405833349228E1,9.131699738018E1,-2.779787233472E1));
#5564=LINE('',#5563,#5562);
#5565=CARTESIAN_POINT('',(1.41E1,9.131541086194E1,-2.801063829660E1));
#5566=CARTESIAN_POINT('',(1.408611116516E1,9.131594045737E1,-2.793971631474E1));
#5567=CARTESIAN_POINT('',(1.407222232925E1,9.131646929679E1,-2.786879432744E1));
#5568=CARTESIAN_POINT('',(1.405833349228E1,9.131699738018E1,-2.779787233472E1));
#5570=CARTESIAN_POINT('',(1.405833349228E1,9.151714184776E1,-2.779787233472E1));
#5571=CARTESIAN_POINT('',(1.400277805423E1,9.151925323917E1,-2.774113497609E1));
#5572=CARTESIAN_POINT('',(1.394722239271E1,9.152135254849E1,-2.768439738923E1));
#5573=CARTESIAN_POINT('',(1.389166650772E1,9.152343977604E1,-2.762765957415E1));
#5575=DIRECTION('',(-2.662655707384E-14,1.E0,1.775103804923E-14));
#5576=VECTOR('',#5575,2.001411787270E-1);
#5577=CARTESIAN_POINT('',(1.389166650772E1,9.132329859732E1,-2.762765957415E1));
#5578=LINE('',#5577,#5576);
#5579=CARTESIAN_POINT('',(1.405833349228E1,9.131699738018E1,-2.779787233472E1));
#5580=CARTESIAN_POINT('',(1.400277805446E1,9.131910987419E1,-2.774113497632E1));
#5581=CARTESIAN_POINT('',(1.394722239294E1,9.132121027980E1,-2.768439738947E1));
#5582=CARTESIAN_POINT('',(1.389166650772E1,9.132329859732E1,-2.762765957415E1));
#5584=CARTESIAN_POINT('',(1.389166650772E1,9.152343977604E1,-2.762765957415E1));
#5585=CARTESIAN_POINT('',(1.383611136294E1,9.152552699541E1,-2.759929096218E1));
#5586=CARTESIAN_POINT('',(1.378055586036E1,9.152760213837E1,-2.757092216751E1));
#5587=CARTESIAN_POINT('',(1.3725E1,9.152966520505E1,-2.754255319014E1));
#5589=DIRECTION('',(-1.775132638084E-14,1.E0,0.E0));
#5590=VECTOR('',#5589,2.001379278697E-1);
#5591=CARTESIAN_POINT('',(1.3725E1,9.132952727718E1,-2.754255319014E1));
#5592=LINE('',#5591,#5590);
#5593=CARTESIAN_POINT('',(1.389166650772E1,9.132329859732E1,-2.762765957415E1));
#5594=CARTESIAN_POINT('',(1.383611136331E1,9.132538690661E1,-2.759929096237E1));
#5595=CARTESIAN_POINT('',(1.378055586074E1,9.132746313319E1,-2.757092216770E1));
#5596=CARTESIAN_POINT('',(1.3725E1,9.132952727718E1,-2.754255319014E1));
#5598=CARTESIAN_POINT('',(1.3725E1,9.152966520505E1,-2.754255319014E1));
#5599=CARTESIAN_POINT('',(1.365555617013E1,9.153224401615E1,-2.752836892978E1));
#5600=CARTESIAN_POINT('',(1.358611167271E1,9.153480396263E1,-2.751418453307E1));
#5601=CARTESIAN_POINT('',(1.351666650772E1,9.153734504453E1,-2.75E1));
#5603=DIRECTION('',(2.662752310749E-14,1.E0,0.E0));
#5604=VECTOR('',#5603,2.001339177019E-1);
#5605=CARTESIAN_POINT('',(1.351666650772E1,9.133721112683E1,-2.75E1));
#5606=LINE('',#5605,#5604);
#5607=CARTESIAN_POINT('',(1.3725E1,9.132952727718E1,-2.754255319014E1));
#5608=CARTESIAN_POINT('',(1.365555617083E1,9.133210743486E1,-2.752836892992E1));
#5609=CARTESIAN_POINT('',(1.358611167340E1,9.133466871806E1,-2.751418453321E1));
#5610=CARTESIAN_POINT('',(1.351666650772E1,9.133721112683E1,-2.75E1));
#5612=CARTESIAN_POINT('',(-5.155311399740E-1,-2.919467593021E2,
-2.750026528176E1));
#5613=DIRECTION('',(5.581114491499E-12,-6.917552065398E-7,9.999999999998E-1));
#5614=DIRECTION('',(3.656686906410E-2,9.993312084021E-1,6.912923623895E-7));
#5615=AXIS2_PLACEMENT_3D('',#5612,#5613,#5614);
#5617=DIRECTION('',(0.E0,1.E0,0.E0));
#5618=VECTOR('',#5617,2.001268489229E-1);
#5619=CARTESIAN_POINT('',(1.314166650772E1,9.135075635773E1,-2.75E1));
#5620=LINE('',#5619,#5618);
#5621=CARTESIAN_POINT('',(-5.155311399740E-1,-2.919467593021E2,
-2.750026514332E1));
#5622=DIRECTION('',(5.581114491499E-12,-6.917552065398E-7,9.999999999998E-1));
#5623=DIRECTION('',(3.658593711325E-2,9.993305104944E-1,6.912918794971E-7));
#5624=AXIS2_PLACEMENT_3D('',#5621,#5622,#5623);
#5626=CARTESIAN_POINT('',(1.314166650772E1,9.155088320666E1,-2.75E1));
#5627=CARTESIAN_POINT('',(1.307222280918E1,9.155335625988E1,-2.751418426600E1));
#5628=CARTESIAN_POINT('',(1.300277847070E1,9.155581044968E1,-2.752836866272E1));
#5629=CARTESIAN_POINT('',(1.293333349228E1,9.155824577612E1,-2.754255319014E1));
#5631=DIRECTION('',(0.E0,1.E0,0.E0));
#5632=VECTOR('',#5631,2.001230048759E-1);
#5633=CARTESIAN_POINT('',(1.293333349228E1,9.135812277124E1,-2.754255319014E1));
#5634=LINE('',#5633,#5632);
#5635=CARTESIAN_POINT('',(1.314166650772E1,9.135075635773E1,-2.75E1));
#5636=CARTESIAN_POINT('',(1.307222280985E1,9.135323070215E1,-2.751418426587E1));
#5637=CARTESIAN_POINT('',(1.300277847137E1,9.135568617331E1,-2.752836866258E1));
#5638=CARTESIAN_POINT('',(1.293333349228E1,9.135812277124E1,-2.754255319014E1));
#5640=CARTESIAN_POINT('',(1.293333349228E1,9.155824577612E1,-2.754255319014E1));
#5641=CARTESIAN_POINT('',(1.287777816455E1,9.156019402607E1,-2.757092181437E1));
#5642=CARTESIAN_POINT('',(1.282222250303E1,9.156213020110E1,-2.759929060904E1));
#5643=CARTESIAN_POINT('',(1.276666650772E1,9.156405430130E1,-2.762765957415E1));
#5645=DIRECTION('',(2.662937864814E-14,1.E0,3.550583819752E-14));
#5646=VECTOR('',#5645,2.001199723288E-1);
#5647=CARTESIAN_POINT('',(1.276666650772E1,9.136393432898E1,-2.762765957415E1));
#5648=LINE('',#5647,#5646);
#5649=CARTESIAN_POINT('',(1.293333349228E1,9.135812277124E1,-2.754255319014E1));
#5650=CARTESIAN_POINT('',(1.287777816490E1,9.136007203835E1,-2.757092181419E1));
#5651=CARTESIAN_POINT('',(1.282222250338E1,9.136200922423E1,-2.759929060886E1));
#5652=CARTESIAN_POINT('',(1.276666650772E1,9.136393432898E1,-2.762765957415E1));
#5654=CARTESIAN_POINT('',(1.276666650772E1,9.156405430131E1,-2.762765957415E1));
#5655=CARTESIAN_POINT('',(1.271111120863E1,9.156597839703E1,-2.768439695320E1));
#5656=CARTESIAN_POINT('',(1.265555570605E1,9.156789041372E1,-2.774113454005E1));
#5657=CARTESIAN_POINT('',(1.26E1,9.156979035167E1,-2.779787233472E1));
#5659=DIRECTION('',(-1.775318475676E-14,1.E0,0.E0));
#5660=VECTOR('',#5659,2.001169777410E-1);
#5661=CARTESIAN_POINT('',(1.26E1,9.136967337393E1,-2.779787233472E1));
#5662=LINE('',#5661,#5660);
#5663=CARTESIAN_POINT('',(1.276666650772E1,9.136393432898E1,-2.762765957415E1));
#5664=CARTESIAN_POINT('',(1.271111120884E1,9.136585942921E1,-2.768439695298E1));
#5665=CARTESIAN_POINT('',(1.265555570627E1,9.136777244410E1,-2.774113453984E1));
#5666=CARTESIAN_POINT('',(1.26E1,9.136967337393E1,-2.779787233472E1));
#5668=CARTESIAN_POINT('',(1.26E1,9.156979035167E1,-2.779787233472E1));
#5669=CARTESIAN_POINT('',(1.257222226862E1,9.157074033610E1,-2.785460988587E1));
#5670=CARTESIAN_POINT('',(1.254444451734E1,9.157168729982E1,-2.791134747770E1));
#5671=CARTESIAN_POINT('',(1.251666674614E1,9.157263124287E1,-2.796808511019E1));
#5673=DIRECTION('',(1.775331632632E-14,1.E0,3.550663265263E-14));
#5674=VECTOR('',#5673,2.001154946771E-1);
#5675=CARTESIAN_POINT('',(1.251666674614E1,9.137251574820E1,-2.796808511019E1));
#5676=LINE('',#5675,#5674);
#5677=CARTESIAN_POINT('',(1.26E1,9.136967337393E1,-2.779787233472E1));
#5678=CARTESIAN_POINT('',(1.257222226864E1,9.137062385430E1,-2.785460988583E1));
#5679=CARTESIAN_POINT('',(1.254444451736E1,9.137157131237E1,-2.791134747765E1));
#5680=CARTESIAN_POINT('',(1.251666674614E1,9.137251574820E1,-2.796808511019E1));
#5682=CARTESIAN_POINT('',(1.251666674614E1,9.157263124287E1,-2.796808511019E1));
#5683=CARTESIAN_POINT('',(1.250277783171E1,9.157310324482E1,-2.803900708272E1));
#5684=CARTESIAN_POINT('',(1.248888891633E1,9.157357449145E1,-2.810992906008E1));
#5685=CARTESIAN_POINT('',(1.2475E1,9.157404498279E1,-2.818085104227E1));
#5687=DIRECTION('',(0.E0,1.E0,0.E0));
#5688=VECTOR('',#5687,2.001147567003E-1);
#5689=CARTESIAN_POINT('',(1.2475E1,9.137393022609E1,-2.818085104227E1));
#5690=LINE('',#5689,#5688);
#5691=CARTESIAN_POINT('',(1.251666674614E1,9.137251574820E1,-2.796808511019E1));
#5692=CARTESIAN_POINT('',(1.250277783171E1,9.137298799653E1,-2.803900708271E1));
#5693=CARTESIAN_POINT('',(1.248888891633E1,9.137345948915E1,-2.810992906007E1));
#5694=CARTESIAN_POINT('',(1.2475E1,9.137393022609E1,-2.818085104227E1));
#5696=DIRECTION('',(0.E0,-6.917549610905E-7,9.999999999998E-1));
#5697=VECTOR('',#5696,6.382978558542E-1);
#5698=CARTESIAN_POINT('',(1.2475E1,9.157404542433E1,-2.881914889812E1));
#5699=LINE('',#5698,#5697);
#5700=DIRECTION('',(0.E0,1.E0,0.E0));
#5701=VECTOR('',#5700,2.001147567003E-1);
#5702=CARTESIAN_POINT('',(1.2475E1,9.137393066763E1,-2.881914889812E1));
#5703=LINE('',#5702,#5701);
#5704=DIRECTION('',(0.E0,-6.917550056179E-7,9.999999999998E-1));
#5705=VECTOR('',#5704,6.382978558542E-1);
#5706=CARTESIAN_POINT('',(1.2475E1,9.137393066763E1,-2.881914889812E1));
#5707=LINE('',#5706,#5705);
#5708=CARTESIAN_POINT('',(1.251666674614E1,9.157263197878E1,-2.903191494942E1));
#5709=CARTESIAN_POINT('',(1.250277783171E1,9.157310388260E1,-2.896099293715E1));
#5710=CARTESIAN_POINT('',(1.248888891633E1,9.157357503112E1,-2.889007092005E1));
#5711=CARTESIAN_POINT('',(1.2475E1,9.157404542433E1,-2.881914889812E1));
#5713=DIRECTION('',(0.E0,1.E0,0.E0));
#5714=VECTOR('',#5713,2.001154946772E-1);
#5715=CARTESIAN_POINT('',(1.251666674614E1,9.137251648411E1,-2.903191494942E1));
#5716=LINE('',#5715,#5714);
#5717=CARTESIAN_POINT('',(1.251666674614E1,9.137251648411E1,-2.903191494942E1));
#5718=CARTESIAN_POINT('',(1.250277783171E1,9.137298863431E1,-2.896099293716E1));
#5719=CARTESIAN_POINT('',(1.248888891633E1,9.137346002882E1,-2.889007092006E1));
#5720=CARTESIAN_POINT('',(1.2475E1,9.137393066763E1,-2.881914889812E1));
#5722=CARTESIAN_POINT('',(1.26E1,9.156979132307E1,-2.920212769508E1));
#5723=CARTESIAN_POINT('',(1.257222226862E1,9.157074122901E1,-2.914539015386E1));
#5724=CARTESIAN_POINT('',(1.254444451734E1,9.157168811423E1,-2.908865257197E1));
#5725=CARTESIAN_POINT('',(1.251666674614E1,9.157263197878E1,-2.903191494942E1));
#5727=DIRECTION('',(0.E0,1.E0,0.E0));
#5728=VECTOR('',#5727,2.001169777411E-1);
#5729=CARTESIAN_POINT('',(1.26E1,9.136967434533E1,-2.920212769508E1));
#5730=LINE('',#5729,#5728);
#5731=CARTESIAN_POINT('',(1.26E1,9.136967434533E1,-2.920212769508E1));
#5732=CARTESIAN_POINT('',(1.257222226864E1,9.137062474720E1,-2.914539015390E1));
#5733=CARTESIAN_POINT('',(1.254444451736E1,9.137157212678E1,-2.908865257201E1));
#5734=CARTESIAN_POINT('',(1.251666674614E1,9.137251648411E1,-2.903191494942E1));
#5736=CARTESIAN_POINT('',(1.276666650772E1,9.156405550820E1,-2.937234044075E1));
#5737=CARTESIAN_POINT('',(1.271111120862E1,9.156597952542E1,-2.931560306666E1));
#5738=CARTESIAN_POINT('',(1.265555570604E1,9.156789146362E1,-2.925886548477E1));
#5739=CARTESIAN_POINT('',(1.26E1,9.156979132307E1,-2.920212769508E1));
#5741=DIRECTION('',(0.E0,1.E0,0.E0));
#5742=VECTOR('',#5741,2.001199723288E-1);
#5743=CARTESIAN_POINT('',(1.276666650772E1,9.136393553587E1,-2.937234044075E1));
#5744=LINE('',#5743,#5742);
#5745=CARTESIAN_POINT('',(1.276666650772E1,9.136393553587E1,-2.937234044075E1));
#5746=CARTESIAN_POINT('',(1.271111120883E1,9.136586055760E1,-2.931560306688E1));
#5747=CARTESIAN_POINT('',(1.265555570626E1,9.136777349400E1,-2.925886548499E1));
#5748=CARTESIAN_POINT('',(1.26E1,9.136967434533E1,-2.920212769508E1));
#5750=CARTESIAN_POINT('',(1.293333349228E1,9.155824710076E1,-2.945744681358E1));
#5751=CARTESIAN_POINT('',(1.287777816454E1,9.156019531146E1,-2.942907819308E1));
#5752=CARTESIAN_POINT('',(1.282222250302E1,9.156213144724E1,-2.940070940214E1));
#5753=CARTESIAN_POINT('',(1.276666650772E1,9.156405550820E1,-2.937234044075E1));
#5755=DIRECTION('',(0.E0,1.E0,0.E0));
#5756=VECTOR('',#5755,2.001230048759E-1);
#5757=CARTESIAN_POINT('',(1.293333349228E1,9.135812409588E1,-2.945744681358E1));
#5758=LINE('',#5757,#5756);
#5759=CARTESIAN_POINT('',(1.293333349228E1,9.135812409588E1,-2.945744681358E1));
#5760=CARTESIAN_POINT('',(1.287777816489E1,9.136007332374E1,-2.942907819326E1));
#5761=CARTESIAN_POINT('',(1.282222250337E1,9.136201047037E1,-2.940070940231E1));
#5762=CARTESIAN_POINT('',(1.276666650772E1,9.136393553587E1,-2.937234044075E1));
#5764=CARTESIAN_POINT('',(1.314166650772E1,9.155088459017E1,-2.95E1));
#5765=CARTESIAN_POINT('',(1.307222280918E1,9.155335762376E1,-2.948581573524E1));
#5766=CARTESIAN_POINT('',(1.300277847070E1,9.155581179394E1,-2.947163133977E1));
#5767=CARTESIAN_POINT('',(1.293333349228E1,9.155824710076E1,-2.945744681358E1));
#5769=DIRECTION('',(0.E0,1.E0,0.E0));
#5770=VECTOR('',#5769,2.001268489229E-1);
#5771=CARTESIAN_POINT('',(1.314166650772E1,9.135075774124E1,-2.95E1));
#5772=LINE('',#5771,#5770);
#5773=CARTESIAN_POINT('',(1.314166650772E1,9.135075774124E1,-2.95E1));
#5774=CARTESIAN_POINT('',(1.307222280984E1,9.135323206604E1,-2.948581573537E1));
#5775=CARTESIAN_POINT('',(1.300277847136E1,9.135568751757E1,-2.947163133990E1));
#5776=CARTESIAN_POINT('',(1.293333349228E1,9.135812409588E1,-2.945744681358E1));
#5778=CARTESIAN_POINT('',(-5.155311399851E-1,-2.919467579186E2,
-2.950026528176E1));
#5779=DIRECTION('',(5.581114491499E-12,-6.917552065398E-7,9.999999999998E-1));
#5780=DIRECTION('',(3.656686906413E-2,9.993312084021E-1,6.912923623895E-7));
#5781=AXIS2_PLACEMENT_3D('',#5778,#5779,#5780);
#5783=DIRECTION('',(0.E0,1.E0,0.E0));
#5784=VECTOR('',#5783,2.001339177019E-1);
#5785=CARTESIAN_POINT('',(1.351666650772E1,9.133721251034E1,-2.95E1));
#5786=LINE('',#5785,#5784);
#5787=CARTESIAN_POINT('',(-5.155311399851E-1,-2.919467579186E2,
-2.950026514332E1));
#5788=DIRECTION('',(5.581114491499E-12,-6.917552065398E-7,9.999999999998E-1));
#5789=DIRECTION('',(3.658593711328E-2,9.993305104944E-1,6.912918794971E-7));
#5790=AXIS2_PLACEMENT_3D('',#5787,#5788,#5789);
#5792=CARTESIAN_POINT('',(1.3725E1,9.152966652969E1,-2.945744681358E1));
#5793=CARTESIAN_POINT('',(1.365555617014E1,9.153224536041E1,-2.947163107270E1));
#5794=CARTESIAN_POINT('',(1.358611167271E1,9.153480532651E1,-2.948581546817E1));
#5795=CARTESIAN_POINT('',(1.351666650772E1,9.153734642804E1,-2.95E1));
#5797=DIRECTION('',(-3.550265276168E-14,1.E0,0.E0));
#5798=VECTOR('',#5797,2.001379278697E-1);
#5799=CARTESIAN_POINT('',(1.3725E1,9.132952860182E1,-2.945744681358E1));
#5800=LINE('',#5799,#5798);
#5801=CARTESIAN_POINT('',(1.3725E1,9.132952860182E1,-2.945744681358E1));
#5802=CARTESIAN_POINT('',(1.365555617084E1,9.133210877912E1,-2.947163107256E1));
#5803=CARTESIAN_POINT('',(1.358611167341E1,9.133467008194E1,-2.948581546803E1));
#5804=CARTESIAN_POINT('',(1.351666650772E1,9.133721251034E1,-2.95E1));
#5806=CARTESIAN_POINT('',(1.389166650772E1,9.152344098294E1,-2.937234044075E1));
#5807=CARTESIAN_POINT('',(1.383611136294E1,9.152552824155E1,-2.940070904899E1));
#5808=CARTESIAN_POINT('',(1.378055586037E1,9.152760342376E1,-2.942907783993E1));
#5809=CARTESIAN_POINT('',(1.3725E1,9.152966652969E1,-2.945744681358E1));
#5811=DIRECTION('',(0.E0,1.E0,0.E0));
#5812=VECTOR('',#5811,2.001411787271E-1);
#5813=CARTESIAN_POINT('',(1.389166650772E1,9.132329980421E1,-2.937234044075E1));
#5814=LINE('',#5813,#5812);
#5815=CARTESIAN_POINT('',(1.389166650772E1,9.132329980421E1,-2.937234044075E1));
#5816=CARTESIAN_POINT('',(1.383611136332E1,9.132538815275E1,-2.940070904880E1));
#5817=CARTESIAN_POINT('',(1.378055586074E1,9.132746441858E1,-2.942907783974E1));
#5818=CARTESIAN_POINT('',(1.3725E1,9.132952860182E1,-2.945744681358E1));
#5820=CARTESIAN_POINT('',(1.405833349228E1,9.151714281916E1,-2.920212769508E1));
#5821=CARTESIAN_POINT('',(1.400277805424E1,9.151925428906E1,-2.925886504874E1));
#5822=CARTESIAN_POINT('',(1.394722239272E1,9.152135367689E1,-2.931560263063E1));
#5823=CARTESIAN_POINT('',(1.389166650772E1,9.152344098294E1,-2.937234044075E1));
#5825=DIRECTION('',(0.E0,1.E0,0.E0));
#5826=VECTOR('',#5825,2.001444675804E-1);
#5827=CARTESIAN_POINT('',(1.405833349228E1,9.131699835158E1,-2.920212769508E1));
#5828=LINE('',#5827,#5826);
#5829=CARTESIAN_POINT('',(1.405833349228E1,9.131699835158E1,-2.920212769508E1));
#5830=CARTESIAN_POINT('',(1.400277805447E1,9.131911092409E1,-2.925886504850E1));
#5831=CARTESIAN_POINT('',(1.394722239295E1,9.132121140819E1,-2.931560263039E1));
#5832=CARTESIAN_POINT('',(1.389166650772E1,9.132329980421E1,-2.937234044075E1));
#5834=CARTESIAN_POINT('',(1.41E1,9.151555683470E1,-2.898936164379E1));
#5835=CARTESIAN_POINT('',(1.408611116516E1,9.151608625181E1,-2.906028365546E1));
#5836=CARTESIAN_POINT('',(1.407222232925E1,9.151661491330E1,-2.913120567256E1));
#5837=CARTESIAN_POINT('',(1.405833349228E1,9.151714281916E1,-2.920212769508E1));
#5839=DIRECTION('',(0.E0,1.E0,0.E0));
#5840=VECTOR('',#5839,2.001452957253E-1);
#5841=CARTESIAN_POINT('',(1.41E1,9.131541153898E1,-2.898936164379E1));
#5842=LINE('',#5841,#5840);
#5843=CARTESIAN_POINT('',(1.41E1,9.131541153898E1,-2.898936164379E1));
#5844=CARTESIAN_POINT('',(1.408611116516E1,9.131594123253E1,-2.906028365546E1));
#5845=CARTESIAN_POINT('',(1.407222232925E1,9.131647017007E1,-2.913120567256E1));
#5846=CARTESIAN_POINT('',(1.405833349228E1,9.131699835158E1,-2.920212769508E1));
#5848=CARTESIAN_POINT('',(-5.155311399823E-1,-2.919467582719E2,
-2.898962690904E1));
#5849=DIRECTION('',(5.581114491499E-12,-6.917552065398E-7,9.999999999998E-1));
#5850=DIRECTION('',(3.808699299399E-2,9.992744272542E-1,6.912530752520E-7));
#5851=AXIS2_PLACEMENT_3D('',#5848,#5849,#5850);
#5853=DIRECTION('',(0.E0,1.E0,0.E0));
#5854=VECTOR('',#5853,2.001403624539E-1);
#5855=CARTESIAN_POINT('',(1.385E1,9.132486352355E1,-2.898936164379E1));
#5856=LINE('',#5855,#5854);
#5857=CARTESIAN_POINT('',(-5.155311399823E-1,-2.919467582719E2,
-2.898962677060E1));
#5858=DIRECTION('',(5.581114491499E-12,-6.917552065398E-7,9.999999999998E-1));
#5859=DIRECTION('',(3.810685372237E-2,9.992736700719E-1,6.912525513556E-7));
#5860=AXIS2_PLACEMENT_3D('',#5857,#5858,#5859);
#5862=CARTESIAN_POINT('',(1.385E1,9.152500388600E1,-2.898936164379E1));
#5863=CARTESIAN_POINT('',(1.383611116681E1,9.152552421572E1,-2.903191486161E1));
#5864=CARTESIAN_POINT('',(1.382222233091E1,9.152604378993E1,-2.907446808776E1));
#5865=CARTESIAN_POINT('',(1.380833349228E1,9.152656260863E1,-2.911702132225E1));
#5867=DIRECTION('',(0.E0,1.E0,0.E0));
#5868=VECTOR('',#5867,2.001395485550E-1);
#5869=CARTESIAN_POINT('',(1.380833349228E1,9.132642306008E1,-2.911702132225E1));
#5870=LINE('',#5869,#5868);
#5871=CARTESIAN_POINT('',(1.385E1,9.132486352355E1,-2.898936164379E1));
#5872=CARTESIAN_POINT('',(1.383611116682E1,9.132538412496E1,-2.903191486160E1));
#5873=CARTESIAN_POINT('',(1.382222233091E1,9.132590397047E1,-2.907446808775E1));
#5874=CARTESIAN_POINT('',(1.380833349228E1,9.132642306008E1,-2.911702132225E1));
#5876=CARTESIAN_POINT('',(1.380833349228E1,9.152656260863E1,-2.911702132225E1));
#5877=CARTESIAN_POINT('',(1.376666699825E1,9.152811899525E1,-2.914538999565E1));
#5878=CARTESIAN_POINT('',(1.372500033158E1,9.152966858790E1,-2.917375878660E1));
#5879=CARTESIAN_POINT('',(1.368333349228E1,9.153121138667E1,-2.920212769508E1));
#5881=DIRECTION('',(0.E0,1.E0,0.E0));
#5882=VECTOR('',#5881,2.001371210925E-1);
#5883=CARTESIAN_POINT('',(1.368333349228E1,9.133107426557E1,-2.920212769508E1));
#5884=LINE('',#5883,#5882);
#5885=CARTESIAN_POINT('',(1.380833349228E1,9.132642306008E1,-2.911702132225E1));
#5886=CARTESIAN_POINT('',(1.376666699843E1,9.132798025940E1,-2.914538999553E1));
#5887=CARTESIAN_POINT('',(1.372500033177E1,9.132953066121E1,-2.917375878647E1));
#5888=CARTESIAN_POINT('',(1.368333349228E1,9.133107426557E1,-2.920212769508E1));
#5890=CARTESIAN_POINT('',(1.368333349228E1,9.153121138667E1,-2.920212769508E1));
#5891=CARTESIAN_POINT('',(1.362777824798E1,9.153326841528E1,-2.921631198403E1));
#5892=CARTESIAN_POINT('',(1.357222258646E1,9.153531337019E1,-2.923049637950E1));
#5893=CARTESIAN_POINT('',(1.351666650772E1,9.153734625142E1,-2.924468088150E1));
#5895=DIRECTION('',(0.E0,1.E0,0.E0));
#5896=VECTOR('',#5895,2.001339177019E-1);
#5897=CARTESIAN_POINT('',(1.351666650772E1,9.133721233372E1,-2.924468088150E1));
#5898=LINE('',#5897,#5896);
#5899=CARTESIAN_POINT('',(1.368333349228E1,9.133107426557E1,-2.920212769508E1));
#5900=CARTESIAN_POINT('',(1.362777824842E1,9.133313236829E1,-2.921631198392E1));
#5901=CARTESIAN_POINT('',(1.357222258690E1,9.133517839099E1,-2.923049637939E1));
#5902=CARTESIAN_POINT('',(1.351666650772E1,9.133721233372E1,-2.924468088150E1));
#5904=CARTESIAN_POINT('',(-5.155311399837E-1,-2.919467580952E2,
-2.924494616326E1));
#5905=DIRECTION('',(5.581114491499E-12,-6.917552065398E-7,9.999999999998E-1));
#5906=DIRECTION('',(3.656686906412E-2,9.993312084021E-1,6.912923623895E-7));
#5907=AXIS2_PLACEMENT_3D('',#5904,#5905,#5906);
#5909=DIRECTION('',(0.E0,1.E0,0.E0));
#5910=VECTOR('',#5909,2.001268489229E-1);
#5911=CARTESIAN_POINT('',(1.314166650772E1,9.135075756463E1,-2.924468088150E1));
#5912=LINE('',#5911,#5910);
#5913=CARTESIAN_POINT('',(-5.155311399837E-1,-2.919467580952E2,
-2.924494602482E1));
#5914=DIRECTION('',(5.581114491499E-12,-6.917552065398E-7,9.999999999998E-1));
#5915=DIRECTION('',(3.658593711327E-2,9.993305104944E-1,6.912918794971E-7));
#5916=AXIS2_PLACEMENT_3D('',#5913,#5914,#5915);
#5918=CARTESIAN_POINT('',(1.314166650772E1,9.155088441355E1,-2.924468088150E1));
#5919=CARTESIAN_POINT('',(1.308611140631E1,9.155286284354E1,-2.923049658845E1));
#5920=CARTESIAN_POINT('',(1.303055590374E1,9.155482920059E1,-2.921631219298E1));
#5921=CARTESIAN_POINT('',(1.2975E1,9.155678348472E1,-2.920212769508E1));
#5923=DIRECTION('',(-1.775258230264E-14,1.E0,0.E0));
#5924=VECTOR('',#5923,2.001237689388E-1);
#5925=CARTESIAN_POINT('',(1.2975E1,9.135665971578E1,-2.920212769508E1));
#5926=LINE('',#5925,#5924);
#5927=CARTESIAN_POINT('',(1.314166650772E1,9.135075756463E1,-2.924468088150E1));
#5928=CARTESIAN_POINT('',(1.308611140673E1,9.135273702758E1,-2.923049658856E1));
#5929=CARTESIAN_POINT('',(1.303055590416E1,9.135470441129E1,-2.921631219309E1));
#5930=CARTESIAN_POINT('',(1.2975E1,9.135665971578E1,-2.920212769508E1));
#5932=CARTESIAN_POINT('',(1.2975E1,9.155678348472E1,-2.920212769508E1));
#5933=CARTESIAN_POINT('',(1.293333349585E1,9.155824917065E1,-2.917375901479E1));
#5934=CARTESIAN_POINT('',(1.289166682918E1,9.155970806349E1,-2.914539022384E1));
#5935=CARTESIAN_POINT('',(1.285E1,9.156116016330E1,-2.911702132225E1));
#5937=DIRECTION('',(1.775278500992E-14,1.E0,0.E0));
#5938=VECTOR('',#5937,2.001214838582E-1);
#5939=CARTESIAN_POINT('',(1.285E1,9.136103867944E1,-2.911702132225E1));
#5940=LINE('',#5939,#5938);
#5941=CARTESIAN_POINT('',(1.2975E1,9.135665971578E1,-2.920212769508E1));
#5942=CARTESIAN_POINT('',(1.293333349602E1,9.135812616695E1,-2.917375901490E1));
#5943=CARTESIAN_POINT('',(1.289166682935E1,9.135958582148E1,-2.914539022396E1));
#5944=CARTESIAN_POINT('',(1.285E1,9.136103867944E1,-2.911702132225E1));
#5946=CARTESIAN_POINT('',(1.285E1,9.156116016330E1,-2.911702132225E1));
#5947=CARTESIAN_POINT('',(1.282222220059E1,9.156212821047E1,-2.907446814413E1));
#5948=CARTESIAN_POINT('',(1.279444436983E1,9.156309323711E1,-2.903191491798E1));
#5949=CARTESIAN_POINT('',(1.276666650772E1,9.156405524327E1,-2.898936164379E1));
#5951=DIRECTION('',(0.E0,1.E0,0.E0));
#5952=VECTOR('',#5951,2.001199723289E-1);
#5953=CARTESIAN_POINT('',(1.276666650772E1,9.136393527094E1,-2.898936164379E1));
#5954=LINE('',#5953,#5952);
#5955=CARTESIAN_POINT('',(1.285E1,9.136103867944E1,-2.911702132225E1));
#5956=CARTESIAN_POINT('',(1.282222220063E1,9.136200723203E1,-2.907446814418E1));
#5957=CARTESIAN_POINT('',(1.279444436987E1,9.136297276252E1,-2.903191491803E1));
#5958=CARTESIAN_POINT('',(1.276666650772E1,9.136393527094E1,-2.898936164379E1));
#5960=CARTESIAN_POINT('',(1.276666650772E1,9.156405524327E1,-2.898936164379E1));
#5961=CARTESIAN_POINT('',(1.275277767329E1,9.156453621847E1,-2.893262406793E1));
#5962=CARTESIAN_POINT('',(1.273888883738E1,9.156501643835E1,-2.887588648605E1));
#5963=CARTESIAN_POINT('',(1.2725E1,9.156549590290E1,-2.881914889812E1));
#5965=DIRECTION('',(0.E0,1.E0,0.E0));
#5966=VECTOR('',#5965,2.001192201263E-1);
#5967=CARTESIAN_POINT('',(1.2725E1,9.136537668277E1,-2.881914889812E1));
#5968=LINE('',#5967,#5966);
#5969=CARTESIAN_POINT('',(1.276666650772E1,9.136393527094E1,-2.898936164379E1));
#5970=CARTESIAN_POINT('',(1.275277767329E1,9.136441649727E1,-2.893262406794E1));
#5971=CARTESIAN_POINT('',(1.273888883738E1,9.136489696788E1,-2.887588648605E1));
#5972=CARTESIAN_POINT('',(1.2725E1,9.136537668277E1,-2.881914889812E1));
#5974=DIRECTION('',(0.E0,-6.917550056179E-7,9.999999999998E-1));
#5975=VECTOR('',#5974,6.382978558542E-1);
#5976=CARTESIAN_POINT('',(1.2725E1,9.156549590290E1,-2.881914889812E1));
#5977=LINE('',#5976,#5975);
#5978=DIRECTION('',(0.E0,1.E0,0.E0));
#5979=VECTOR('',#5978,2.001192201264E-1);
#5980=CARTESIAN_POINT('',(1.2725E1,9.136537624123E1,-2.818085104227E1));
#5981=LINE('',#5980,#5979);
#5982=DIRECTION('',(0.E0,-6.917550278815E-7,9.999999999998E-1));
#5983=VECTOR('',#5982,6.382978558542E-1);
#5984=CARTESIAN_POINT('',(1.2725E1,9.136537668277E1,-2.881914889812E1));
#5985=LINE('',#5984,#5983);
#5986=CARTESIAN_POINT('',(1.276666650772E1,9.156405456623E1,-2.801063829660E1));
#5987=CARTESIAN_POINT('',(1.275277767329E1,9.156453561993E1,-2.806737587246E1));
#5988=CARTESIAN_POINT('',(1.273888883738E1,9.156501591831E1,-2.812411345435E1));
#5989=CARTESIAN_POINT('',(1.2725E1,9.156549546136E1,-2.818085104227E1));
#5991=DIRECTION('',(0.E0,1.E0,1.775291909876E-14));
#5992=VECTOR('',#5991,2.001199723289E-1);
#5993=CARTESIAN_POINT('',(1.276666650772E1,9.136393459390E1,-2.801063829660E1));
#5994=LINE('',#5993,#5992);
#5995=CARTESIAN_POINT('',(1.276666650772E1,9.136393459390E1,-2.801063829660E1));
#5996=CARTESIAN_POINT('',(1.275277767329E1,9.136441589873E1,-2.806737587245E1));
#5997=CARTESIAN_POINT('',(1.273888883739E1,9.136489644784E1,-2.812411345434E1));
#5998=CARTESIAN_POINT('',(1.2725E1,9.136537624123E1,-2.818085104227E1));
#6000=CARTESIAN_POINT('',(1.285E1,9.156115930965E1,-2.788297873735E1));
#6001=CARTESIAN_POINT('',(1.282222220060E1,9.156212741568E1,-2.792553187574E1));
#6002=CARTESIAN_POINT('',(1.279444436984E1,9.156309250120E1,-2.796808506215E1));
#6003=CARTESIAN_POINT('',(1.276666650772E1,9.156405456623E1,-2.801063829660E1));
#6005=DIRECTION('',(1.775278500992E-14,1.E0,0.E0));
#6006=VECTOR('',#6005,2.001214838582E-1);
#6007=CARTESIAN_POINT('',(1.285E1,9.136103782579E1,-2.788297873735E1));
#6008=LINE('',#6007,#6006);
#6009=CARTESIAN_POINT('',(1.285E1,9.136103782579E1,-2.788297873735E1));
#6010=CARTESIAN_POINT('',(1.282222220063E1,9.136200643725E1,-2.792553187569E1));
#6011=CARTESIAN_POINT('',(1.279444436987E1,9.136297202661E1,-2.796808506210E1));
#6012=CARTESIAN_POINT('',(1.276666650772E1,9.136393459390E1,-2.801063829660E1));
#6014=CARTESIAN_POINT('',(1.2975E1,9.155678251332E1,-2.779787233472E1));
#6015=CARTESIAN_POINT('',(1.293333349585E1,9.155824823850E1,-2.782624102495E1));
#6016=CARTESIAN_POINT('',(1.289166682918E1,9.155970717058E1,-2.785460982583E1));
#6017=CARTESIAN_POINT('',(1.285E1,9.156115930965E1,-2.788297873735E1));
#6019=DIRECTION('',(0.E0,1.E0,0.E0));
#6020=VECTOR('',#6019,2.001237689387E-1);
#6021=CARTESIAN_POINT('',(1.2975E1,9.135665874438E1,-2.779787233472E1));
#6022=LINE('',#6021,#6020);
#6023=CARTESIAN_POINT('',(1.2975E1,9.135665874438E1,-2.779787233472E1));
#6024=CARTESIAN_POINT('',(1.293333349602E1,9.135812523480E1,-2.782624102483E1));
#6025=CARTESIAN_POINT('',(1.289166682935E1,9.135958492858E1,-2.785460982571E1));
#6026=CARTESIAN_POINT('',(1.285E1,9.136103782579E1,-2.788297873735E1));
#6028=CARTESIAN_POINT('',(1.314166650772E1,9.155088338328E1,-2.775531914830E1));
#6029=CARTESIAN_POINT('',(1.308611140632E1,9.155286183289E1,-2.776950344135E1));
#6030=CARTESIAN_POINT('',(1.303055590374E1,9.155482820956E1,-2.778368783682E1));
#6031=CARTESIAN_POINT('',(1.2975E1,9.155678251332E1,-2.779787233472E1));
#6033=DIRECTION('',(1.775230908757E-14,1.E0,0.E0));
#6034=VECTOR('',#6033,2.001268489229E-1);
#6035=CARTESIAN_POINT('',(1.314166650772E1,9.135075653435E1,-2.775531914830E1));
#6036=LINE('',#6035,#6034);
#6037=CARTESIAN_POINT('',(1.314166650772E1,9.135075653435E1,-2.775531914830E1));
#6038=CARTESIAN_POINT('',(1.308611140673E1,9.135273601693E1,-2.776950344124E1));
#6039=CARTESIAN_POINT('',(1.303055590416E1,9.135470342026E1,-2.778368783671E1));
#6040=CARTESIAN_POINT('',(1.2975E1,9.135665874438E1,-2.779787233472E1));
#6042=CARTESIAN_POINT('',(-5.155311399754E-1,-2.919467591255E2,
-2.775558443006E1));
#6043=DIRECTION('',(5.581114491499E-12,-6.917552065398E-7,9.999999999998E-1));
#6044=DIRECTION('',(3.656686906410E-2,9.993312084021E-1,6.912923623895E-7));
#6045=AXIS2_PLACEMENT_3D('',#6042,#6043,#6044);
#6047=DIRECTION('',(-1.775168207166E-14,1.E0,0.E0));
#6048=VECTOR('',#6047,2.001339177019E-1);
#6049=CARTESIAN_POINT('',(1.351666650772E1,9.133721130345E1,-2.775531914830E1));
#6050=LINE('',#6049,#6048);
#6051=CARTESIAN_POINT('',(-5.155311399754E-1,-2.919467591255E2,
-2.775558429162E1));
#6052=DIRECTION('',(5.581114491499E-12,-6.917552065398E-7,9.999999999998E-1));
#6053=DIRECTION('',(3.658593711325E-2,9.993305104944E-1,6.912918794971E-7));
#6054=AXIS2_PLACEMENT_3D('',#6051,#6052,#6053);
#6056=CARTESIAN_POINT('',(1.368333349228E1,9.153121041527E1,-2.779787233472E1));
#6057=CARTESIAN_POINT('',(1.362777824798E1,9.153326742426E1,-2.778368804577E1));
#6058=CARTESIAN_POINT('',(1.357222258646E1,9.153531235954E1,-2.776950365030E1));
#6059=CARTESIAN_POINT('',(1.351666650772E1,9.153734522115E1,-2.775531914830E1));
#6061=DIRECTION('',(1.775139793860E-14,1.E0,0.E0));
#6062=VECTOR('',#6061,2.001371210926E-1);
#6063=CARTESIAN_POINT('',(1.368333349228E1,9.133107329417E1,-2.779787233472E1));
#6064=LINE('',#6063,#6062);
#6065=CARTESIAN_POINT('',(1.368333349228E1,9.133107329417E1,-2.779787233472E1));
#6066=CARTESIAN_POINT('',(1.362777824842E1,9.133313137727E1,-2.778368804588E1));
#6067=CARTESIAN_POINT('',(1.357222258690E1,9.133517738035E1,-2.776950365041E1));
#6068=CARTESIAN_POINT('',(1.351666650772E1,9.133721130345E1,-2.775531914830E1));
#6070=CARTESIAN_POINT('',(1.380833349228E1,9.152656175498E1,-2.788297873735E1));
#6071=CARTESIAN_POINT('',(1.376666699825E1,9.152811810235E1,-2.785461005401E1));
#6072=CARTESIAN_POINT('',(1.372500033158E1,9.152966765575E1,-2.782624125314E1));
#6073=CARTESIAN_POINT('',(1.368333349228E1,9.153121041527E1,-2.779787233472E1));
#6075=DIRECTION('',(0.E0,1.E0,0.E0));
#6076=VECTOR('',#6075,2.001395485549E-1);
#6077=CARTESIAN_POINT('',(1.380833349228E1,9.132642220642E1,-2.788297873735E1));
#6078=LINE('',#6077,#6076);
#6079=CARTESIAN_POINT('',(1.380833349228E1,9.132642220642E1,-2.788297873735E1));
#6080=CARTESIAN_POINT('',(1.376666699843E1,9.132797936650E1,-2.785461005414E1));
#6081=CARTESIAN_POINT('',(1.372500033176E1,9.132952972906E1,-2.782624125326E1));
#6082=CARTESIAN_POINT('',(1.368333349228E1,9.133107329417E1,-2.779787233472E1));
#6084=CARTESIAN_POINT('',(1.385E1,9.152500320896E1,-2.801063829660E1));
#6085=CARTESIAN_POINT('',(1.383611116681E1,9.152552347981E1,-2.796808511852E1));
#6086=CARTESIAN_POINT('',(1.382222233091E1,9.152604299514E1,-2.792553193211E1));
#6087=CARTESIAN_POINT('',(1.380833349228E1,9.152656175498E1,-2.788297873735E1));
#6089=DIRECTION('',(0.E0,1.E0,0.E0));
#6090=VECTOR('',#6089,2.001403624539E-1);
#6091=CARTESIAN_POINT('',(1.385E1,9.132486284651E1,-2.801063829660E1));
#6092=LINE('',#6091,#6090);
#6093=CARTESIAN_POINT('',(1.385E1,9.132486284651E1,-2.801063829660E1));
#6094=CARTESIAN_POINT('',(1.383611116682E1,9.132538338905E1,-2.796808511853E1));
#6095=CARTESIAN_POINT('',(1.382222233091E1,9.132590317569E1,-2.792553193212E1));
#6096=CARTESIAN_POINT('',(1.380833349228E1,9.132642220642E1,-2.788297873735E1));
#6098=CARTESIAN_POINT('',(-1.285390000021E-4,9.9E1,-4.630807779750E1));
#6099=DIRECTION('',(0.E0,1.E0,0.E0));
#6100=DIRECTION('',(0.E0,0.E0,1.E0));
#6101=AXIS2_PLACEMENT_3D('',#6098,#6099,#6100);
#6103=CARTESIAN_POINT('',(4.842335025061E0,1.01E2,-4.528189719413E1));
#6104=CARTESIAN_POINT('',(4.763006434864E0,1.01E2,-4.490972758420E1));
#6105=CARTESIAN_POINT('',(4.528757703811E0,1.01E2,-4.420353064660E1));
#6106=CARTESIAN_POINT('',(3.937962352322E0,1.01E2,-4.323487123152E1));
#6107=CARTESIAN_POINT('',(3.145687554720E0,1.01E2,-4.242822037399E1));
#6108=CARTESIAN_POINT('',(2.192199961277E0,1.01E2,-4.181999794083E1));
#6109=CARTESIAN_POINT('',(1.121393135509E0,1.01E2,-4.144214142223E1));
#6110=CARTESIAN_POINT('',(3.810036501632E-1,1.01E2,-4.135883394900E1));
#6111=CARTESIAN_POINT('',(-1.285390000016E-4,1.01E2,-4.135807779750E1));
#6113=CARTESIAN_POINT('',(-1.285390000015E-4,9.9E1,-5.125807779750E1));
#6114=DIRECTION('',(1.E0,0.E0,0.E0));
#6115=DIRECTION('',(0.E0,0.E0,-1.E0));
#6116=AXIS2_PLACEMENT_3D('',#6113,#6114,#6115);
#6118=CARTESIAN_POINT('',(-1.285390000021E-4,1.008220836268E2,
-4.630807779750E1));
#6119=DIRECTION('',(0.E0,1.E0,0.E0));
#6120=DIRECTION('',(9.841323083896E-1,0.E0,1.774361845390E-1));
#6121=AXIS2_PLACEMENT_3D('',#6118,#6119,#6120);
#6123=CARTESIAN_POINT('',(-1.285390000021E-4,9.8E1,-4.630807779750E1));
#6124=DIRECTION('',(0.E0,-1.E0,0.E0));
#6125=DIRECTION('',(0.E0,0.E0,-1.E0));
#6126=AXIS2_PLACEMENT_3D('',#6123,#6124,#6125);
#6128=CARTESIAN_POINT('',(-1.285390000021E-4,9.8E1,-4.630807779750E1));
#6129=DIRECTION('',(0.E0,-1.E0,0.E0));
#6130=DIRECTION('',(-9.847610132962E-1,0.E0,1.739130434783E-1));
#6131=AXIS2_PLACEMENT_3D('',#6128,#6129,#6130);
#6133=CARTESIAN_POINT('',(-1.285390000021E-4,1.008220836268E2,
-4.630807779750E1));
#6134=DIRECTION('',(0.E0,1.E0,0.E0));
#6135=DIRECTION('',(0.E0,0.E0,-1.E0));
#6136=AXIS2_PLACEMENT_3D('',#6133,#6134,#6135);
#6138=CARTESIAN_POINT('',(-2.071065281600E1,8.704085002960E1,
-3.978237565570E1));
#6139=DIRECTION('',(0.E0,1.E0,0.E0));
#6140=DIRECTION('',(0.E0,0.E0,-1.E0));
#6141=AXIS2_PLACEMENT_3D('',#6138,#6139,#6140);
#6143=DIRECTION('',(-1.444177651161E-12,9.999619230642E-1,8.726535498375E-3));
#6144=VECTOR('',#6143,4.039361678185E0);
#6145=CARTESIAN_POINT('',(-2.071065281600E1,8.704085002960E1,
-3.610227207263E1));
#6146=LINE('',#6145,#6144);
#6147=CARTESIAN_POINT('',(-2.071049748597E1,8.704085002960E1,
-4.128239264756E1));
#6148=CARTESIAN_POINT('',(-2.071065281600E1,8.854085002960E1,
-4.128237565570E1));
#6149=VERTEX_POINT('',#6147);
#6150=VERTEX_POINT('',#6148);
#6151=CARTESIAN_POINT('',(-2.071065281600E1,8.854085002960E1,
-3.828237565570E1));
#6152=VERTEX_POINT('',#6151);
#6153=CARTESIAN_POINT('',(-2.071053602114E1,8.704085002960E1,
-3.828236027924E1));
#6154=VERTEX_POINT('',#6153);
#6155=VERTEX_POINT('',#106);
#6156=VERTEX_POINT('',#113);
#6157=CARTESIAN_POINT('',(-2.572213593675E1,9.088226351704E1,
-5.320884344816E1));
#6158=VERTEX_POINT('',#6157);
#6159=VERTEX_POINT('',#1181);
#6160=VERTEX_POINT('',#1184);
#6161=VERTEX_POINT('',#1199);
#6162=VERTEX_POINT('',#1454);
#6163=VERTEX_POINT('',#1488);
#6164=VERTEX_POINT('',#885);
#6165=CARTESIAN_POINT('',(-2.700864065613E1,8.906869199343E1,
-2.634481928349E1));
#6166=VERTEX_POINT('',#6165);
#6167=CARTESIAN_POINT('',(-2.705079499568E1,8.846768042421E1,
-2.630821472936E1));
#6168=CARTESIAN_POINT('',(-2.704110986541E1,8.902244676263E1,
-2.660257547429E1));
#6169=VERTEX_POINT('',#6167);
#6170=VERTEX_POINT('',#6168);
#6171=CARTESIAN_POINT('',(-2.637718224952E-4,8.914775660206E1,
-2.260846712716E1));
#6172=VERTEX_POINT('',#6171);
#6173=VERTEX_POINT('',#1711);
#6174=VERTEX_POINT('',#1723);
#6175=VERTEX_POINT('',#1513);
#6176=VERTEX_POINT('',#1285);
#6177=VERTEX_POINT('',#1292);
#6178=VERTEX_POINT('',#1762);
#6179=VERTEX_POINT('',#1769);
#6180=VERTEX_POINT('',#1796);
#6181=VERTEX_POINT('',#1801);
#6182=VERTEX_POINT('',#1529);
#6183=VERTEX_POINT('',#1836);
#6184=CARTESIAN_POINT('',(-2.716909151209E1,8.859956503319E1,
-3.423131924770E1));
#6185=VERTEX_POINT('',#6184);
#6186=VERTEX_POINT('',#1845);
#6187=CARTESIAN_POINT('',(-2.704968546143E1,8.853113619919E1,
-5.192798325889E1));
#6188=VERTEX_POINT('',#6187);
#6189=CARTESIAN_POINT('',(-2.704539859622E1,8.877674555440E1,
-5.192750674115E1));
#6190=VERTEX_POINT('',#6189);
#6191=CARTESIAN_POINT('',(-2.704110986541E1,8.902244676263E1,
-5.192643425590E1));
#6192=VERTEX_POINT('',#6191);
#6193=VERTEX_POINT('',#1303);
#6194=VERTEX_POINT('',#956);
#6195=CARTESIAN_POINT('',(2.568541575380E1,9.060977519879E1,-5.321029484612E1));
#6196=VERTEX_POINT('',#6195);
#6197=VERTEX_POINT('',#1239);
#6198=CARTESIAN_POINT('',(2.541149744635E1,9.089512629068E1,-2.711462933543E1));
#6199=VERTEX_POINT('',#6198);
#6200=VERTEX_POINT('',#1197);
#6201=VERTEX_POINT('',#1217);
#6202=CARTESIAN_POINT('',(2.701964175588E1,8.846955422973E1,-2.630624654775E1));
#6203=VERTEX_POINT('',#6202);
#6204=CARTESIAN_POINT('',(2.701651526607E1,8.866310728006E1,-3.738635161642E1));
#6205=VERTEX_POINT('',#6204);
#6206=VERTEX_POINT('',#1327);
#6207=VERTEX_POINT('',#1256);
#6208=VERTEX_POINT('',#1473);
#6209=VERTEX_POINT('',#1741);
#6210=VERTEX_POINT('',#1892);
#6211=VERTEX_POINT('',#1899);
#6212=VERTEX_POINT('',#1913);
#6213=VERTEX_POINT('',#1922);
#6214=VERTEX_POINT('',#1482);
#6215=VERTEX_POINT('',#1948);
#6216=CARTESIAN_POINT('',(2.716908579109E1,8.854550805067E1,-3.112254360870E1));
#6217=VERTEX_POINT('',#6216);
#6218=VERTEX_POINT('',#1979);
#6219=VERTEX_POINT('',#1749);
#6220=VERTEX_POINT('',#1677);
#6221=VERTEX_POINT('',#1682);
#6222=VERTEX_POINT('',#1669);
#6223=VERTEX_POINT('',#1535);
#6224=CARTESIAN_POINT('',(-2.644346282297E1,9.252448648885E1,
-5.385581844679E1));
#6225=VERTEX_POINT('',#6224);
#6226=VERTEX_POINT('',#1544);
#6227=CARTESIAN_POINT('',(-2.619750450586E1,9.241923957345E1,
-5.414865706006E1));
#6228=VERTEX_POINT('',#6227);
#6229=VERTEX_POINT('',#1283);
#6230=VERTEX_POINT('',#1645);
#6231=VERTEX_POINT('',#1276);
#6232=VERTEX_POINT('',#1610);
#6233=VERTEX_POINT('',#1269);
#6234=CARTESIAN_POINT('',(2.641243387524E1,9.252602734391E1,-5.385543946059E1));
#6235=VERTEX_POINT('',#6234);
#6236=CARTESIAN_POINT('',(2.641254728622E1,9.252593996117E1,-2.589582640800E1));
#6237=VERTEX_POINT('',#6236);
#6238=CARTESIAN_POINT('',(2.701847795365E1,8.853622842030E1,-5.192916879224E1));
#6239=VERTEX_POINT('',#6238);
#6240=CARTESIAN_POINT('',(-2.826922918599E1,8.850623667941E1,
-4.728108431029E1));
#6241=CARTESIAN_POINT('',(-2.826923697139E1,8.853442920698E1,
-4.407234143548E1));
#6242=VERTEX_POINT('',#6240);
#6243=VERTEX_POINT('',#6241);
#6244=CARTESIAN_POINT('',(-2.826922362115E1,8.853461171513E1,
-4.402231235790E1));
#6245=VERTEX_POINT('',#6244);
#6246=VERTEX_POINT('',#1390);
#6247=VERTEX_POINT('',#1381);
#6248=VERTEX_POINT('',#1376);
#6249=CARTESIAN_POINT('',(-2.716909151200E1,8.856523889838E1,
-4.728130148710E1));
#6250=VERTEX_POINT('',#6249);
#6251=VERTEX_POINT('',#1363);
#6252=VERTEX_POINT('',#1354);
#6253=VERTEX_POINT('',#1349);
#6254=CARTESIAN_POINT('',(2.826924522298E1,8.853612770735E1,-4.407234482297E1));
#6255=CARTESIAN_POINT('',(2.826923835109E1,8.850794972818E1,-4.728108793051E1));
#6256=VERTEX_POINT('',#6254);
#6257=VERTEX_POINT('',#6255);
#6258=CARTESIAN_POINT('',(2.826925170265E1,8.850776720549E1,-4.733111738660E1));
#6259=VERTEX_POINT('',#6258);
#6260=VERTEX_POINT('',#1448);
#6261=VERTEX_POINT('',#1439);
#6262=VERTEX_POINT('',#1434);
#6263=CARTESIAN_POINT('',(2.716908579100E1,8.859659127015E1,-4.407256193092E1));
#6264=VERTEX_POINT('',#6263);
#6265=VERTEX_POINT('',#1421);
#6266=VERTEX_POINT('',#1412);
#6267=VERTEX_POINT('',#1407);
#6268=VERTEX_POINT('',#1237);
#6269=CARTESIAN_POINT('',(-2.822202233731E1,8.763380518651E1,
-4.402234624114E1));
#6270=CARTESIAN_POINT('',(-2.822203211487E1,8.763380170040E1,
-4.407236696860E1));
#6271=VERTEX_POINT('',#6269);
#6272=VERTEX_POINT('',#6270);
#6273=CARTESIAN_POINT('',(-2.822352154006E1,8.763379812305E1,
-4.733118655324E1));
#6274=VERTEX_POINT('',#6273);
#6275=CARTESIAN_POINT('',(-2.822351177063E1,8.763380170040E1,
-4.728110610350E1));
#6276=VERTEX_POINT('',#6275);
#6277=CARTESIAN_POINT('',(-2.716909151200E1,8.763380170040E1,
-4.407256190967E1));
#6278=CARTESIAN_POINT('',(-2.716909151200E1,8.763380170040E1,
-4.728130148260E1));
#6279=VERTEX_POINT('',#6277);
#6280=VERTEX_POINT('',#6278);
#6281=CARTESIAN_POINT('',(-2.772018760794E1,8.763380170040E1,
-4.352256302521E1));
#6282=VERTEX_POINT('',#6281);
#6283=VERTEX_POINT('',#2056);
#6284=CARTESIAN_POINT('',(2.822193775730E1,8.763380864230E1,-4.402233375351E1));
#6285=VERTEX_POINT('',#6284);
#6286=CARTESIAN_POINT('',(2.822195757115E1,8.763382546031E1,-4.407236695911E1));
#6287=VERTEX_POINT('',#6286);
#6288=CARTESIAN_POINT('',(2.822342493935E1,8.763377768899E1,-4.728110616139E1));
#6289=VERTEX_POINT('',#6288);
#6290=CARTESIAN_POINT('',(2.822344475286E1,8.763379456461E1,-4.733120384937E1));
#6291=VERTEX_POINT('',#6290);
#6292=VERTEX_POINT('',#2109);
#6293=CARTESIAN_POINT('',(2.716908579100E1,8.763380170040E1,-4.728130146020E1));
#6294=VERTEX_POINT('',#6293);
#6295=CARTESIAN_POINT('',(2.716908579100E1,8.763380170040E1,-4.407256193123E1));
#6296=VERTEX_POINT('',#6295);
#6297=VERTEX_POINT('',#2137);
#6298=VERTEX_POINT('',#1705);
#6299=CARTESIAN_POINT('',(2.618122650475E1,9.265275727547E1,-5.385617685430E1));
#6300=VERTEX_POINT('',#6299);
#6301=VERTEX_POINT('',#1600);
#6302=VERTEX_POINT('',#1608);
#6303=VERTEX_POINT('',#1630);
#6304=VERTEX_POINT('',#1635);
#6305=VERTEX_POINT('',#1638);
#6306=CARTESIAN_POINT('',(-2.621217878038E1,9.265129360419E1,
-2.589803527565E1));
#6307=VERTEX_POINT('',#6306);
#6308=VERTEX_POINT('',#1692);
#6309=VERTEX_POINT('',#644);
#6310=VERTEX_POINT('',#580);
#6311=VERTEX_POINT('',#596);
#6312=CARTESIAN_POINT('',(-2.071065281604E1,8.854085002960E1,
-4.268237565569E1));
#6313=CARTESIAN_POINT('',(-2.071062118042E1,8.854085002960E1,
-3.688237565588E1));
#6314=VERTEX_POINT('',#6312);
#6315=VERTEX_POINT('',#6313);
#6316=CARTESIAN_POINT('',(2.071064976796E1,8.854085002960E1,-4.268237565570E1));
#6317=CARTESIAN_POINT('',(2.071068140458E1,8.854085002960E1,-3.688237565587E1));
#6318=VERTEX_POINT('',#6316);
#6319=VERTEX_POINT('',#6317);
#6320=CARTESIAN_POINT('',(2.071056344332E1,9.288493264910E1,-3.680656807987E1));
#6321=VERTEX_POINT('',#6320);
#6322=CARTESIAN_POINT('',(2.071062888066E1,9.288492862525E1,-4.275818839659E1));
#6323=VERTEX_POINT('',#6322);
#6324=CARTESIAN_POINT('',(2.071064976800E1,8.854085002960E1,-4.128237565570E1));
#6325=CARTESIAN_POINT('',(2.071064976800E1,8.854085002960E1,-3.828237565570E1));
#6326=VERTEX_POINT('',#6324);
#6327=VERTEX_POINT('',#6325);
#6328=CARTESIAN_POINT('',(2.071064976800E1,8.704085002960E1,-4.128237565570E1));
#6329=CARTESIAN_POINT('',(2.071061041035E1,8.704085002960E1,-3.828237565622E1));
#6330=VERTEX_POINT('',#6328);
#6331=VERTEX_POINT('',#6329);
#6332=CARTESIAN_POINT('',(2.776944740823E1,8.763380169893E1,-3.052256986886E1));
#6333=VERTEX_POINT('',#6332);
#6334=CARTESIAN_POINT('',(2.716908579100E1,8.763380170040E1,-3.112254360988E1));
#6335=VERTEX_POINT('',#6334);
#6336=VERTEX_POINT('',#1886);
#6337=CARTESIAN_POINT('',(2.716908579100E1,8.763380170040E1,-3.423130740243E1));
#6338=VERTEX_POINT('',#6337);
#6339=CARTESIAN_POINT('',(2.776908579100E1,8.763380170040E1,-3.483130146020E1));
#6340=VERTEX_POINT('',#6339);
#6341=VERTEX_POINT('',#1935);
#6342=CARTESIAN_POINT('',(8.999827330198E0,8.546874564480E1,-4.530807779847E1));
#6343=CARTESIAN_POINT('',(8.999915745794E0,8.546874564480E1,-4.730807779652E1));
#6344=VERTEX_POINT('',#6342);
#6345=VERTEX_POINT('',#6343);
#6346=CARTESIAN_POINT('',(8.999870196779E0,9.140035685914E1,-4.530807792987E1));
#6347=VERTEX_POINT('',#6346);
#6348=VERTEX_POINT('',#1124);
#6349=CARTESIAN_POINT('',(-2.776909159867E1,8.763380170040E1,
-3.483130146020E1));
#6350=CARTESIAN_POINT('',(-2.789546297218E1,8.763380170040E1,
-3.483130146020E1));
#6351=VERTEX_POINT('',#6349);
#6352=VERTEX_POINT('',#6350);
#6353=CARTESIAN_POINT('',(-2.716909151200E1,8.763380170040E1,
-3.423131331853E1));
#6354=VERTEX_POINT('',#6353);
#6355=CARTESIAN_POINT('',(-2.716909151200E1,8.763380170040E1,
-3.112254972840E1));
#6356=VERTEX_POINT('',#6355);
#6357=CARTESIAN_POINT('',(-2.776909151200E1,8.763380170040E1,
-3.052256193300E1));
#6358=VERTEX_POINT('',#6357);
#6359=CARTESIAN_POINT('',(-2.786956070985E1,8.763380170040E1,
-3.052256193300E1));
#6360=VERTEX_POINT('',#6359);
#6361=VERTEX_POINT('',#1814);
#6362=CARTESIAN_POINT('',(-2.839621021393E1,8.763380170036E1,
-3.432868051292E1));
#6363=VERTEX_POINT('',#6362);
#6364=CARTESIAN_POINT('',(-9.000172669802E0,8.546874564480E1,
-4.530807779847E1));
#6365=CARTESIAN_POINT('',(-9.000084254206E0,8.546874564480E1,
-4.730807779652E1));
#6366=VERTEX_POINT('',#6364);
#6367=VERTEX_POINT('',#6365);
#6368=CARTESIAN_POINT('',(-9.000127274770E0,9.140035575143E1,
-4.530807766516E1));
#6369=VERTEX_POINT('',#6368);
#6370=VERTEX_POINT('',#246);
#6371=VERTEX_POINT('',#1041);
#6372=VERTEX_POINT('',#115);
#6373=VERTEX_POINT('',#2620);
#6374=VERTEX_POINT('',#2628);
#6375=VERTEX_POINT('',#2548);
#6376=VERTEX_POINT('',#2556);
#6377=VERTEX_POINT('',#2702);
#6378=VERTEX_POINT('',#2710);
#6379=CARTESIAN_POINT('',(-1.637162047907E1,9.146626320509E1,
-2.851773061452E1));
#6380=VERTEX_POINT('',#6379);
#6381=VERTEX_POINT('',#2811);
#6382=VERTEX_POINT('',#2814);
#6383=CARTESIAN_POINT('',(-1.E0,9.159368303714E1,-2.95E1));
#6384=VERTEX_POINT('',#6383);
#6385=CARTESIAN_POINT('',(-1.25E0,9.159328577187E1,-2.950000000015E1));
#6386=VERTEX_POINT('',#6385);
#6387=CARTESIAN_POINT('',(-1.25E0,9.159328485935E1,-2.818085104227E1));
#6388=VERTEX_POINT('',#6387);
#6389=VERTEX_POINT('',#3118);
#6390=VERTEX_POINT('',#3104);
#6391=VERTEX_POINT('',#3090);
#6392=VERTEX_POINT('',#3076);
#6393=CARTESIAN_POINT('',(-1.833333313465E0,9.159172389287E1,
-2.775531914849E1));
#6394=VERTEX_POINT('',#6393);
#6395=VERTEX_POINT('',#3048);
#6396=VERTEX_POINT('',#3034);
#6397=VERTEX_POINT('',#3020);
#6398=VERTEX_POINT('',#3006);
#6399=CARTESIAN_POINT('',(-2.25E0,9.159006714044E1,-2.95E1));
#6400=VERTEX_POINT('',#6399);
#6401=CARTESIAN_POINT('',(-2.5E0,9.158885508486E1,-2.950000000043E1));
#6402=VERTEX_POINT('',#6401);
#6403=CARTESIAN_POINT('',(-2.5E0,9.158885417233E1,-2.818085104227E1));
#6404=VERTEX_POINT('',#6403);
#6405=VERTEX_POINT('',#2951);
#6406=VERTEX_POINT('',#2937);
#6407=VERTEX_POINT('',#2923);
#6408=VERTEX_POINT('',#2909);
#6409=VERTEX_POINT('',#2895);
#6410=CARTESIAN_POINT('',(-1.666666686535E0,9.159226015426E1,
-2.749999999982E1));
#6411=VERTEX_POINT('',#6410);
#6412=VERTEX_POINT('',#2867);
#6413=VERTEX_POINT('',#2853);
#6414=VERTEX_POINT('',#2839);
#6415=VERTEX_POINT('',#3167);
#6416=VERTEX_POINT('',#3170);
#6417=CARTESIAN_POINT('',(7.5E-1,9.159190081237E1,-2.903191494969E1));
#6418=VERTEX_POINT('',#6417);
#6419=VERTEX_POINT('',#3890);
#6420=VERTEX_POINT('',#3876);
#6421=VERTEX_POINT('',#3862);
#6422=VERTEX_POINT('',#3848);
#6423=CARTESIAN_POINT('',(0.E0,9.159364254300E1,-2.949999999989E1));
#6424=VERTEX_POINT('',#6423);
#6425=VERTEX_POINT('',#3820);
#6426=VERTEX_POINT('',#3806);
#6427=VERTEX_POINT('',#3792);
#6428=VERTEX_POINT('',#3778);
#6429=CARTESIAN_POINT('',(-5.416666269302E-1,9.159398768326E1,
-2.886170208454E1));
#6430=VERTEX_POINT('',#6429);
#6431=VERTEX_POINT('',#3749);
#6432=VERTEX_POINT('',#3735);
#6433=VERTEX_POINT('',#3721);
#6434=VERTEX_POINT('',#3707);
#6435=CARTESIAN_POINT('',(2.5E-1,9.159322426525E1,-2.839361703412E1));
#6436=VERTEX_POINT('',#6435);
#6437=VERTEX_POINT('',#3679);
#6438=VERTEX_POINT('',#3665);
#6439=VERTEX_POINT('',#3651);
#6440=CARTESIAN_POINT('',(6.25E-1,9.159229218845E1,-2.801063829660E1));
#6441=VERTEX_POINT('',#6440);
#6442=VERTEX_POINT('',#3628);
#6443=VERTEX_POINT('',#3614);
#6444=VERTEX_POINT('',#3600);
#6445=CARTESIAN_POINT('',(-8.333325386047E-2,9.159374429440E1,
-2.775531914815E1));
#6446=VERTEX_POINT('',#6445);
#6447=VERTEX_POINT('',#3572);
#6448=VERTEX_POINT('',#3558);
#6449=VERTEX_POINT('',#3544);
#6450=CARTESIAN_POINT('',(-6.666666269302E-1,9.159395823672E1,
-2.805319148304E1));
#6451=VERTEX_POINT('',#6450);
#6452=VERTEX_POINT('',#3513);
#6453=VERTEX_POINT('',#3499);
#6454=VERTEX_POINT('',#3485);
#6455=VERTEX_POINT('',#3471);
#6456=CARTESIAN_POINT('',(2.5E-1,9.159322364709E1,-2.750000000021E1));
#6457=VERTEX_POINT('',#6456);
#6458=VERTEX_POINT('',#3443);
#6459=VERTEX_POINT('',#3429);
#6460=VERTEX_POINT('',#3415);
#6461=VERTEX_POINT('',#3401);
#6462=CARTESIAN_POINT('',(8.75E-1,9.159146740160E1,-2.818085104227E1));
#6463=VERTEX_POINT('',#6462);
#6464=VERTEX_POINT('',#3378);
#6465=VERTEX_POINT('',#3364);
#6466=VERTEX_POINT('',#3350);
#6467=VERTEX_POINT('',#3336);
#6468=CARTESIAN_POINT('',(0.E0,9.159364195427E1,-2.864893615233E1));
#6469=VERTEX_POINT('',#6468);
#6470=VERTEX_POINT('',#3308);
#6471=VERTEX_POINT('',#3294);
#6472=VERTEX_POINT('',#3280);
#6473=CARTESIAN_POINT('',(-2.916667461395E-1,9.159392332965E1,
-2.898936164379E1));
#6474=VERTEX_POINT('',#6473);
#6475=VERTEX_POINT('',#3251);
#6476=VERTEX_POINT('',#3237);
#6477=VERTEX_POINT('',#3223);
#6478=CARTESIAN_POINT('',(2.5E-1,9.159322485398E1,-2.924468088166E1));
#6479=VERTEX_POINT('',#6478);
#6480=VERTEX_POINT('',#3195);
#6481=VERTEX_POINT('',#3915);
#6482=VERTEX_POINT('',#3918);
#6483=VERTEX_POINT('',#4161);
#6484=VERTEX_POINT('',#4147);
#6485=CARTESIAN_POINT('',(2.75E0,9.158008679582E1,-2.903191494942E1));
#6486=VERTEX_POINT('',#6485);
#6487=VERTEX_POINT('',#4124);
#6488=VERTEX_POINT('',#4110);
#6489=VERTEX_POINT('',#4096);
#6490=VERTEX_POINT('',#4082);
#6491=CARTESIAN_POINT('',(1.208333253860E0,9.159011495042E1,-2.949999999822E1));
#6492=VERTEX_POINT('',#6491);
#6493=CARTESIAN_POINT('',(1.208333253860E0,9.159011356691E1,-2.75E1));
#6494=VERTEX_POINT('',#6493);
#6495=CARTESIAN_POINT('',(2.208333492279E0,9.158431521476E1,-2.750000000223E1));
#6496=VERTEX_POINT('',#6495);
#6497=VERTEX_POINT('',#4025);
#6498=VERTEX_POINT('',#4011);
#6499=VERTEX_POINT('',#3997);
#6500=VERTEX_POINT('',#3983);
#6501=CARTESIAN_POINT('',(2.75E0,9.158008620709E1,-2.818085104227E1));
#6502=VERTEX_POINT('',#6501);
#6503=VERTEX_POINT('',#3960);
#6504=VERTEX_POINT('',#3946);
#6505=CARTESIAN_POINT('',(2.25E0,9.158401823976E1,-2.924468088334E1));
#6506=CARTESIAN_POINT('',(1.458333253860E0,9.158890963068E1,-2.924468087995E1));
#6507=VERTEX_POINT('',#6505);
#6508=VERTEX_POINT('',#6506);
#6509=VERTEX_POINT('',#4297);
#6510=VERTEX_POINT('',#4283);
#6511=VERTEX_POINT('',#4269);
#6512=CARTESIAN_POINT('',(2.5E0,9.158213384111E1,-2.890425527096E1));
#6513=VERTEX_POINT('',#6512);
#6514=VERTEX_POINT('',#4246);
#6515=VERTEX_POINT('',#4232);
#6516=VERTEX_POINT('',#4218);
#6517=CARTESIAN_POINT('',(1.458333253860E0,9.158890921857E1,-2.864893615091E1));
#6518=VERTEX_POINT('',#6517);
#6519=VERTEX_POINT('',#4311);
#6520=VERTEX_POINT('',#4314);
#6521=CARTESIAN_POINT('',(2.5E0,9.158213322294E1,-2.801063829660E1));
#6522=VERTEX_POINT('',#6521);
#6523=VERTEX_POINT('',#4424);
#6524=VERTEX_POINT('',#4410);
#6525=VERTEX_POINT('',#4396);
#6526=CARTESIAN_POINT('',(1.458333253860E0,9.158890860041E1,-2.775531914675E1));
#6527=VERTEX_POINT('',#6526);
#6528=CARTESIAN_POINT('',(1.458333253860E0,9.158890904195E1,-2.839361703396E1));
#6529=VERTEX_POINT('',#6528);
#6530=CARTESIAN_POINT('',(2.25E0,9.158401765103E1,-2.839361703579E1));
#6531=VERTEX_POINT('',#6530);
#6532=VERTEX_POINT('',#4339);
#6533=CARTESIAN_POINT('',(9.6E0,9.146057193876E1,-2.950000000890E1));
#6534=CARTESIAN_POINT('',(8.6E0,9.148565027173E1,-2.949999999155E1));
#6535=VERTEX_POINT('',#6533);
#6536=VERTEX_POINT('',#6534);
#6537=CARTESIAN_POINT('',(8.6E0,9.148564888822E1,-2.75E1));
#6538=VERTEX_POINT('',#6537);
#6539=CARTESIAN_POINT('',(9.6E0,9.146057055525E1,-2.750000000890E1));
#6540=VERTEX_POINT('',#6539);
#6541=VERTEX_POINT('',#4599);
#6542=VERTEX_POINT('',#4585);
#6543=VERTEX_POINT('',#4571);
#6544=VERTEX_POINT('',#4557);
#6545=VERTEX_POINT('',#4543);
#6546=CARTESIAN_POINT('',(1.026666662693E1,9.144240260733E1,-2.881914889812E1));
#6547=VERTEX_POINT('',#6546);
#6548=VERTEX_POINT('',#4520);
#6549=VERTEX_POINT('',#4506);
#6550=VERTEX_POINT('',#4492);
#6551=VERTEX_POINT('',#4478);
#6552=CARTESIAN_POINT('',(8.85E0,9.147962517159E1,-2.924468088150E1));
#6553=CARTESIAN_POINT('',(8.85E0,9.147962414131E1,-2.775531914830E1));
#6554=VERTEX_POINT('',#6552);
#6555=VERTEX_POINT('',#6553);
#6556=CARTESIAN_POINT('',(9.6E0,9.146057176215E1,-2.924468088822E1));
#6557=VERTEX_POINT('',#6556);
#6558=VERTEX_POINT('',#4775);
#6559=VERTEX_POINT('',#4761);
#6560=VERTEX_POINT('',#4747);
#6561=VERTEX_POINT('',#4733);
#6562=CARTESIAN_POINT('',(1.001666662693E1,9.144935143709E1,-2.818085104227E1));
#6563=VERTEX_POINT('',#6562);
#6564=VERTEX_POINT('',#4710);
#6565=VERTEX_POINT('',#4696);
#6566=VERTEX_POINT('',#4682);
#6567=VERTEX_POINT('',#4668);
#6568=VERTEX_POINT('',#4803);
#6569=VERTEX_POINT('',#4806);
#6570=CARTESIAN_POINT('',(1.201666674614E1,9.138918916501E1,-2.903191495223E1));
#6571=VERTEX_POINT('',#6570);
#6572=VERTEX_POINT('',#5526);
#6573=VERTEX_POINT('',#5512);
#6574=VERTEX_POINT('',#5498);
#6575=VERTEX_POINT('',#5484);
#6576=CARTESIAN_POINT('',(1.126666674614E1,9.141297441067E1,-2.949999999777E1));
#6577=VERTEX_POINT('',#6576);
#6578=VERTEX_POINT('',#5456);
#6579=VERTEX_POINT('',#5442);
#6580=VERTEX_POINT('',#5428);
#6581=VERTEX_POINT('',#5414);
#6582=CARTESIAN_POINT('',(1.0725E1,9.142923856492E1,-2.886170208454E1));
#6583=VERTEX_POINT('',#6582);
#6584=VERTEX_POINT('',#5385);
#6585=VERTEX_POINT('',#5371);
#6586=VERTEX_POINT('',#5357);
#6587=VERTEX_POINT('',#5343);
#6588=CARTESIAN_POINT('',(1.151666674614E1,9.140520853760E1,-2.839361703666E1));
#6589=VERTEX_POINT('',#6588);
#6590=VERTEX_POINT('',#5315);
#6591=VERTEX_POINT('',#5301);
#6592=VERTEX_POINT('',#5287);
#6593=CARTESIAN_POINT('',(1.189166674614E1,9.139325461508E1,-2.801063829660E1));
#6594=VERTEX_POINT('',#6593);
#6595=VERTEX_POINT('',#5264);
#6596=VERTEX_POINT('',#5250);
#6597=VERTEX_POINT('',#5236);
#6598=CARTESIAN_POINT('',(1.118333325386E1,9.141552531377E1,-2.775531914476E1));
#6599=VERTEX_POINT('',#6598);
#6600=VERTEX_POINT('',#5208);
#6601=VERTEX_POINT('',#5194);
#6602=VERTEX_POINT('',#5180);
#6603=CARTESIAN_POINT('',(1.06E1,9.143288259283E1,-2.805319148050E1));
#6604=VERTEX_POINT('',#6603);
#6605=VERTEX_POINT('',#5149);
#6606=VERTEX_POINT('',#5135);
#6607=VERTEX_POINT('',#5121);
#6608=VERTEX_POINT('',#5107);
#6609=CARTESIAN_POINT('',(1.151666674614E1,9.140520791943E1,-2.750000000359E1));
#6610=VERTEX_POINT('',#6609);
#6611=VERTEX_POINT('',#5079);
#6612=VERTEX_POINT('',#5065);
#6613=VERTEX_POINT('',#5051);
#6614=VERTEX_POINT('',#5037);
#6615=CARTESIAN_POINT('',(1.214166674614E1,9.138508161559E1,-2.818085104227E1));
#6616=VERTEX_POINT('',#6615);
#6617=VERTEX_POINT('',#5014);
#6618=VERTEX_POINT('',#5000);
#6619=VERTEX_POINT('',#4986);
#6620=VERTEX_POINT('',#4972);
#6621=CARTESIAN_POINT('',(1.126666674614E1,9.141297382194E1,-2.864893614979E1));
#6622=VERTEX_POINT('',#6621);
#6623=VERTEX_POINT('',#4944);
#6624=VERTEX_POINT('',#4930);
#6625=VERTEX_POINT('',#4916);
#6626=CARTESIAN_POINT('',(1.0975E1,9.142182710354E1,-2.898936164379E1));
#6627=VERTEX_POINT('',#6626);
#6628=VERTEX_POINT('',#4887);
#6629=VERTEX_POINT('',#4873);
#6630=VERTEX_POINT('',#4859);
#6631=CARTESIAN_POINT('',(1.151666674614E1,9.140520912632E1,-2.924468088420E1));
#6632=VERTEX_POINT('',#6631);
#6633=VERTEX_POINT('',#4831);
#6634=CARTESIAN_POINT('',(1.41E1,9.131541086194E1,-2.801063829989E1));
#6635=CARTESIAN_POINT('',(1.385E1,9.132486284651E1,-2.801063829335E1));
#6636=VERTEX_POINT('',#6634);
#6637=VERTEX_POINT('',#6635);
#6638=VERTEX_POINT('',#6096);
#6639=VERTEX_POINT('',#6082);
#6640=VERTEX_POINT('',#6068);
#6641=CARTESIAN_POINT('',(1.314166650772E1,9.135075653435E1,-2.775531914365E1));
#6642=VERTEX_POINT('',#6641);
#6643=VERTEX_POINT('',#6040);
#6644=VERTEX_POINT('',#6026);
#6645=VERTEX_POINT('',#6012);
#6646=VERTEX_POINT('',#5998);
#6647=CARTESIAN_POINT('',(1.2725E1,9.136537668277E1,-2.881914889812E1));
#6648=VERTEX_POINT('',#6647);
#6649=VERTEX_POINT('',#5969);
#6650=VERTEX_POINT('',#5955);
#6651=VERTEX_POINT('',#5941);
#6652=VERTEX_POINT('',#5927);
#6653=CARTESIAN_POINT('',(1.351666650772E1,9.133721233372E1,-2.924468088622E1));
#6654=VERTEX_POINT('',#6653);
#6655=VERTEX_POINT('',#5899);
#6656=VERTEX_POINT('',#5885);
#6657=VERTEX_POINT('',#5871);
#6658=CARTESIAN_POINT('',(1.41E1,9.131541153898E1,-2.898936164708E1));
#6659=VERTEX_POINT('',#6658);
#6660=VERTEX_POINT('',#5846);
#6661=VERTEX_POINT('',#5832);
#6662=VERTEX_POINT('',#5818);
#6663=VERTEX_POINT('',#5804);
#6664=CARTESIAN_POINT('',(1.314166650772E1,9.135075774124E1,-2.949999999535E1));
#6665=VERTEX_POINT('',#6664);
#6666=VERTEX_POINT('',#5776);
#6667=VERTEX_POINT('',#5762);
#6668=VERTEX_POINT('',#5748);
#6669=VERTEX_POINT('',#5734);
#6670=VERTEX_POINT('',#5720);
#6671=CARTESIAN_POINT('',(1.2475E1,9.137393022609E1,-2.818085104227E1));
#6672=VERTEX_POINT('',#6671);
#6673=VERTEX_POINT('',#5691);
#6674=VERTEX_POINT('',#5677);
#6675=VERTEX_POINT('',#5663);
#6676=VERTEX_POINT('',#5649);
#6677=VERTEX_POINT('',#5635);
#6678=CARTESIAN_POINT('',(1.351666650772E1,9.133721112683E1,-2.750000000472E1));
#6679=VERTEX_POINT('',#6678);
#6680=VERTEX_POINT('',#5607);
#6681=VERTEX_POINT('',#5593);
#6682=VERTEX_POINT('',#5579);
#6683=VERTEX_POINT('',#2802);
#6684=VERTEX_POINT('',#2805);
#6685=CARTESIAN_POINT('',(-1.E0,9.179368319661E1,-2.95E1));
#6686=VERTEX_POINT('',#6685);
#6687=CARTESIAN_POINT('',(-1.25E0,9.179328613840E1,-2.950000000015E1));
#6688=VERTEX_POINT('',#6687);
#6689=CARTESIAN_POINT('',(-1.25E0,9.179328522587E1,-2.818085104227E1));
#6690=VERTEX_POINT('',#6689);
#6691=VERTEX_POINT('',#3109);
#6692=VERTEX_POINT('',#3095);
#6693=VERTEX_POINT('',#3081);
#6694=VERTEX_POINT('',#3067);
#6695=CARTESIAN_POINT('',(-1.833333313465E0,9.179172507280E1,
-2.775531914849E1));
#6696=VERTEX_POINT('',#6695);
#6697=VERTEX_POINT('',#3039);
#6698=VERTEX_POINT('',#3025);
#6699=VERTEX_POINT('',#3011);
#6700=VERTEX_POINT('',#2997);
#6701=CARTESIAN_POINT('',(-2.25E0,9.179006918449E1,-2.95E1));
#6702=VERTEX_POINT('',#6701);
#6703=CARTESIAN_POINT('',(-2.5E0,9.178885776063E1,-2.950000000043E1));
#6704=VERTEX_POINT('',#6703);
#6705=CARTESIAN_POINT('',(-2.5E0,9.178885684810E1,-2.818085104227E1));
#6706=VERTEX_POINT('',#6705);
#6707=VERTEX_POINT('',#2942);
#6708=VERTEX_POINT('',#2928);
#6709=VERTEX_POINT('',#2914);
#6710=VERTEX_POINT('',#2900);
#6711=VERTEX_POINT('',#2886);
#6712=CARTESIAN_POINT('',(-1.666666686535E0,9.179226105460E1,
-2.749999999982E1));
#6713=VERTEX_POINT('',#6712);
#6714=VERTEX_POINT('',#2858);
#6715=VERTEX_POINT('',#2844);
#6716=VERTEX_POINT('',#2830);
#6717=VERTEX_POINT('',#3158);
#6718=VERTEX_POINT('',#3161);
#6719=CARTESIAN_POINT('',(7.5E-1,9.179190190055E1,-2.903191494969E1));
#6720=VERTEX_POINT('',#6719);
#6721=VERTEX_POINT('',#3881);
#6722=VERTEX_POINT('',#3867);
#6723=VERTEX_POINT('',#3853);
#6724=VERTEX_POINT('',#3839);
#6725=CARTESIAN_POINT('',(0.E0,9.179364272357E1,-2.949999999989E1));
#6726=VERTEX_POINT('',#6725);
#6727=VERTEX_POINT('',#3811);
#6728=VERTEX_POINT('',#3797);
#6729=VERTEX_POINT('',#3783);
#6730=VERTEX_POINT('',#3769);
#6731=CARTESIAN_POINT('',(-5.416666269302E-1,9.179398768373E1,
-2.886170208454E1));
#6732=VERTEX_POINT('',#6731);
#6733=VERTEX_POINT('',#3740);
#6734=VERTEX_POINT('',#3726);
#6735=VERTEX_POINT('',#3712);
#6736=VERTEX_POINT('',#3698);
#6737=CARTESIAN_POINT('',(2.5E-1,9.179322466343E1,-2.839361703412E1));
#6738=VERTEX_POINT('',#6737);
#6739=VERTEX_POINT('',#3670);
#6740=VERTEX_POINT('',#3656);
#6741=VERTEX_POINT('',#3642);
#6742=CARTESIAN_POINT('',(6.25E-1,9.179229307227E1,-2.801063829660E1));
#6743=VERTEX_POINT('',#6742);
#6744=VERTEX_POINT('',#3619);
#6745=VERTEX_POINT('',#3605);
#6746=VERTEX_POINT('',#3591);
#6747=CARTESIAN_POINT('',(-8.333325386047E-2,9.179374442132E1,
-2.775531914815E1));
#6748=VERTEX_POINT('',#6747);
#6749=VERTEX_POINT('',#3563);
#6750=VERTEX_POINT('',#3549);
#6751=VERTEX_POINT('',#3535);
#6752=CARTESIAN_POINT('',(-6.666666269302E-1,9.179395825224E1,
-2.805319148304E1));
#6753=VERTEX_POINT('',#6752);
#6754=VERTEX_POINT('',#3504);
#6755=VERTEX_POINT('',#3490);
#6756=VERTEX_POINT('',#3476);
#6757=VERTEX_POINT('',#3462);
#6758=CARTESIAN_POINT('',(2.5E-1,9.179322404527E1,-2.750000000021E1));
#6759=VERTEX_POINT('',#6758);
#6760=VERTEX_POINT('',#3434);
#6761=VERTEX_POINT('',#3420);
#6762=VERTEX_POINT('',#3406);
#6763=VERTEX_POINT('',#3392);
#6764=CARTESIAN_POINT('',(8.75E-1,9.179146871536E1,-2.818085104227E1));
#6765=VERTEX_POINT('',#6764);
#6766=VERTEX_POINT('',#3369);
#6767=VERTEX_POINT('',#3355);
#6768=VERTEX_POINT('',#3341);
#6769=VERTEX_POINT('',#3327);
#6770=CARTESIAN_POINT('',(0.E0,9.179364213484E1,-2.864893615233E1));
#6771=VERTEX_POINT('',#6770);
#6772=VERTEX_POINT('',#3299);
#6773=VERTEX_POINT('',#3285);
#6774=VERTEX_POINT('',#3271);
#6775=CARTESIAN_POINT('',(-2.916667461395E-1,9.179392336370E1,
-2.898936164379E1));
#6776=VERTEX_POINT('',#6775);
#6777=VERTEX_POINT('',#3242);
#6778=VERTEX_POINT('',#3228);
#6779=VERTEX_POINT('',#3214);
#6780=CARTESIAN_POINT('',(2.5E-1,9.179322525216E1,-2.924468088166E1));
#6781=VERTEX_POINT('',#6780);
#6782=VERTEX_POINT('',#3186);
#6783=VERTEX_POINT('',#3906);
#6784=VERTEX_POINT('',#3909);
#6785=VERTEX_POINT('',#4152);
#6786=VERTEX_POINT('',#4138);
#6787=CARTESIAN_POINT('',(2.75E0,9.178009404155E1,-2.903191494942E1));
#6788=VERTEX_POINT('',#6787);
#6789=VERTEX_POINT('',#4115);
#6790=VERTEX_POINT('',#4101);
#6791=VERTEX_POINT('',#4087);
#6792=VERTEX_POINT('',#4073);
#6793=CARTESIAN_POINT('',(1.208333253860E0,9.179011696955E1,-2.949999999822E1));
#6794=VERTEX_POINT('',#6793);
#6795=CARTESIAN_POINT('',(1.208333253860E0,9.179011558604E1,-2.75E1));
#6796=VERTEX_POINT('',#6795);
#6797=CARTESIAN_POINT('',(2.208333492279E0,9.178432025600E1,-2.750000000223E1));
#6798=VERTEX_POINT('',#6797);
#6799=VERTEX_POINT('',#4016);
#6800=VERTEX_POINT('',#4002);
#6801=VERTEX_POINT('',#3988);
#6802=VERTEX_POINT('',#3974);
#6803=CARTESIAN_POINT('',(2.75E0,9.178009345282E1,-2.818085104227E1));
#6804=VERTEX_POINT('',#6803);
#6805=VERTEX_POINT('',#3951);
#6806=VERTEX_POINT('',#3937);
#6807=CARTESIAN_POINT('',(2.25E0,9.178402343642E1,-2.924468088333E1));
#6808=CARTESIAN_POINT('',(1.458333253860E0,9.178891227793E1,-2.924468087995E1));
#6809=VERTEX_POINT('',#6807);
#6810=VERTEX_POINT('',#6808);
#6811=VERTEX_POINT('',#4288);
#6812=VERTEX_POINT('',#4274);
#6813=VERTEX_POINT('',#4260);
#6814=CARTESIAN_POINT('',(2.5E0,9.178214001982E1,-2.890425527096E1));
#6815=VERTEX_POINT('',#6814);
#6816=VERTEX_POINT('',#4237);
#6817=VERTEX_POINT('',#4223);
#6818=VERTEX_POINT('',#4209);
#6819=CARTESIAN_POINT('',(1.458333253860E0,9.178891186582E1,-2.864893615091E1));
#6820=VERTEX_POINT('',#6819);
#6821=VERTEX_POINT('',#4302);
#6822=VERTEX_POINT('',#4305);
#6823=CARTESIAN_POINT('',(2.5E0,9.178213940166E1,-2.801063829660E1));
#6824=VERTEX_POINT('',#6823);
#6825=VERTEX_POINT('',#4415);
#6826=VERTEX_POINT('',#4401);
#6827=VERTEX_POINT('',#4387);
#6828=CARTESIAN_POINT('',(1.458333253860E0,9.178891124765E1,-2.775531914675E1));
#6829=VERTEX_POINT('',#6828);
#6830=CARTESIAN_POINT('',(1.458333253860E0,9.178891168920E1,-2.839361703396E1));
#6831=VERTEX_POINT('',#6830);
#6832=CARTESIAN_POINT('',(2.25E0,9.178402284770E1,-2.839361703579E1));
#6833=VERTEX_POINT('',#6832);
#6834=VERTEX_POINT('',#4330);
#6835=CARTESIAN_POINT('',(9.6E0,9.166064149795E1,-2.950000000890E1));
#6836=CARTESIAN_POINT('',(8.6E0,9.168570675222E1,-2.949999999155E1));
#6837=VERTEX_POINT('',#6835);
#6838=VERTEX_POINT('',#6836);
#6839=CARTESIAN_POINT('',(8.6E0,9.168570536871E1,-2.75E1));
#6840=VERTEX_POINT('',#6839);
#6841=CARTESIAN_POINT('',(9.6E0,9.166064011444E1,-2.750000000890E1));
#6842=VERTEX_POINT('',#6841);
#6843=VERTEX_POINT('',#4590);
#6844=VERTEX_POINT('',#4576);
#6845=VERTEX_POINT('',#4562);
#6846=VERTEX_POINT('',#4548);
#6847=VERTEX_POINT('',#4534);
#6848=CARTESIAN_POINT('',(1.026666662693E1,9.164248164289E1,-2.881914889812E1));
#6849=VERTEX_POINT('',#6848);
#6850=VERTEX_POINT('',#4511);
#6851=VERTEX_POINT('',#4497);
#6852=VERTEX_POINT('',#4483);
#6853=VERTEX_POINT('',#4469);
#6854=CARTESIAN_POINT('',(8.85E0,9.167968479400E1,-2.924468088150E1));
#6855=CARTESIAN_POINT('',(8.85E0,9.167968376373E1,-2.775531914830E1));
#6856=VERTEX_POINT('',#6854);
#6857=VERTEX_POINT('',#6855);
#6858=CARTESIAN_POINT('',(9.6E0,9.166064132133E1,-2.924468088822E1));
#6859=VERTEX_POINT('',#6858);
#6860=VERTEX_POINT('',#4766);
#6861=VERTEX_POINT('',#4752);
#6862=VERTEX_POINT('',#4738);
#6863=VERTEX_POINT('',#4724);
#6864=CARTESIAN_POINT('',(1.001666662693E1,9.164942684799E1,-2.818085104227E1));
#6865=VERTEX_POINT('',#6864);
#6866=VERTEX_POINT('',#4701);
#6867=VERTEX_POINT('',#4687);
#6868=VERTEX_POINT('',#4673);
#6869=VERTEX_POINT('',#4659);
#6870=VERTEX_POINT('',#4794);
#6871=VERTEX_POINT('',#4797);
#6872=CARTESIAN_POINT('',(1.201666674614E1,9.158929596048E1,-2.903191495223E1));
#6873=VERTEX_POINT('',#6872);
#6874=VERTEX_POINT('',#5517);
#6875=VERTEX_POINT('',#5503);
#6876=VERTEX_POINT('',#5489);
#6877=VERTEX_POINT('',#5475);
#6878=CARTESIAN_POINT('',(1.126666674614E1,9.161306879732E1,-2.949999999778E1));
#6879=VERTEX_POINT('',#6878);
#6880=VERTEX_POINT('',#5447);
#6881=VERTEX_POINT('',#5433);
#6882=VERTEX_POINT('',#5419);
#6883=VERTEX_POINT('',#5405);
#6884=CARTESIAN_POINT('',(1.0725E1,9.162932446706E1,-2.886170208454E1));
#6885=VERTEX_POINT('',#6884);
#6886=VERTEX_POINT('',#5376);
#6887=VERTEX_POINT('',#5362);
#6888=VERTEX_POINT('',#5348);
#6889=VERTEX_POINT('',#5334);
#6890=CARTESIAN_POINT('',(1.151666674614E1,9.160530697520E1,-2.839361703666E1));
#6891=VERTEX_POINT('',#6890);
#6892=VERTEX_POINT('',#5306);
#6893=VERTEX_POINT('',#5292);
#6894=VERTEX_POINT('',#5278);
#6895=CARTESIAN_POINT('',(1.189166674614E1,9.159335928908E1,-2.801063829660E1));
#6896=VERTEX_POINT('',#6895);
#6897=VERTEX_POINT('',#5255);
#6898=VERTEX_POINT('',#5241);
#6899=VERTEX_POINT('',#5227);
#6900=CARTESIAN_POINT('',(1.118333325386E1,9.161561836905E1,-2.775531914476E1));
#6901=VERTEX_POINT('',#6900);
#6902=VERTEX_POINT('',#5199);
#6903=VERTEX_POINT('',#5185);
#6904=VERTEX_POINT('',#5171);
#6905=CARTESIAN_POINT('',(1.06E1,9.163296659385E1,-2.805319148050E1));
#6906=VERTEX_POINT('',#6905);
#6907=VERTEX_POINT('',#5140);
#6908=VERTEX_POINT('',#5126);
#6909=VERTEX_POINT('',#5112);
#6910=VERTEX_POINT('',#5098);
#6911=CARTESIAN_POINT('',(1.151666674614E1,9.160530635704E1,-2.750000000359E1));
#6912=VERTEX_POINT('',#6911);
#6913=VERTEX_POINT('',#5070);
#6914=VERTEX_POINT('',#5056);
#6915=VERTEX_POINT('',#5042);
#6916=VERTEX_POINT('',#5028);
#6917=CARTESIAN_POINT('',(1.214166674614E1,9.158519055385E1,-2.818085104227E1));
#6918=VERTEX_POINT('',#6917);
#6919=VERTEX_POINT('',#5005);
#6920=VERTEX_POINT('',#4991);
#6921=VERTEX_POINT('',#4977);
#6922=VERTEX_POINT('',#4963);
#6923=CARTESIAN_POINT('',(1.126666674614E1,9.161306820859E1,-2.864893614979E1));
#6924=VERTEX_POINT('',#6923);
#6925=VERTEX_POINT('',#4935);
#6926=VERTEX_POINT('',#4921);
#6927=VERTEX_POINT('',#4907);
#6928=CARTESIAN_POINT('',(1.0975E1,9.162191687186E1,-2.898936164379E1));
#6929=VERTEX_POINT('',#6928);
#6930=VERTEX_POINT('',#4878);
#6931=VERTEX_POINT('',#4864);
#6932=VERTEX_POINT('',#4850);
#6933=CARTESIAN_POINT('',(1.151666674614E1,9.160530756393E1,-2.924468088420E1));
#6934=VERTEX_POINT('',#6933);
#6935=VERTEX_POINT('',#4822);
#6936=CARTESIAN_POINT('',(1.41E1,9.151555615767E1,-2.801063829989E1));
#6937=CARTESIAN_POINT('',(1.385E1,9.152500320896E1,-2.801063829335E1));
#6938=VERTEX_POINT('',#6936);
#6939=VERTEX_POINT('',#6937);
#6940=VERTEX_POINT('',#6087);
#6941=VERTEX_POINT('',#6073);
#6942=VERTEX_POINT('',#6059);
#6943=CARTESIAN_POINT('',(1.314166650772E1,9.155088338328E1,-2.775531914365E1));
#6944=VERTEX_POINT('',#6943);
#6945=VERTEX_POINT('',#6031);
#6946=VERTEX_POINT('',#6017);
#6947=VERTEX_POINT('',#6003);
#6948=VERTEX_POINT('',#5989);
#6949=CARTESIAN_POINT('',(1.2725E1,9.156549590290E1,-2.881914889812E1));
#6950=VERTEX_POINT('',#6949);
#6951=VERTEX_POINT('',#5960);
#6952=VERTEX_POINT('',#5946);
#6953=VERTEX_POINT('',#5932);
#6954=VERTEX_POINT('',#5918);
#6955=CARTESIAN_POINT('',(1.351666650772E1,9.153734625142E1,-2.924468088622E1));
#6956=VERTEX_POINT('',#6955);
#6957=VERTEX_POINT('',#5890);
#6958=VERTEX_POINT('',#5876);
#6959=VERTEX_POINT('',#5862);
#6960=CARTESIAN_POINT('',(1.41E1,9.151555683470E1,-2.898936164707E1));
#6961=VERTEX_POINT('',#6960);
#6962=VERTEX_POINT('',#5837);
#6963=VERTEX_POINT('',#5823);
#6964=VERTEX_POINT('',#5809);
#6965=VERTEX_POINT('',#5795);
#6966=CARTESIAN_POINT('',(1.314166650772E1,9.155088459017E1,-2.949999999535E1));
#6967=VERTEX_POINT('',#6966);
#6968=VERTEX_POINT('',#5767);
#6969=VERTEX_POINT('',#5753);
#6970=VERTEX_POINT('',#5739);
#6971=VERTEX_POINT('',#5725);
#6972=VERTEX_POINT('',#5711);
#6973=CARTESIAN_POINT('',(1.2475E1,9.157404498279E1,-2.818085104227E1));
#6974=VERTEX_POINT('',#6973);
#6975=VERTEX_POINT('',#5682);
#6976=VERTEX_POINT('',#5668);
#6977=VERTEX_POINT('',#5654);
#6978=VERTEX_POINT('',#5640);
#6979=VERTEX_POINT('',#5626);
#6980=CARTESIAN_POINT('',(1.351666650772E1,9.153734504453E1,-2.750000000472E1));
#6981=VERTEX_POINT('',#6980);
#6982=VERTEX_POINT('',#5598);
#6983=VERTEX_POINT('',#5584);
#6984=VERTEX_POINT('',#5570);
#6985=CARTESIAN_POINT('',(-1.285390000153E-4,9.9E1,-3.935807779750E1));
#6986=CARTESIAN_POINT('',(-1.285390000115E-4,1.01E2,-4.135807779750E1));
#6987=VERTEX_POINT('',#6985);
#6988=VERTEX_POINT('',#6986);
#6989=CARTESIAN_POINT('',(-3.867958621959E-1,9.9E1,-3.936884236547E1));
#6990=CARTESIAN_POINT('',(-1.285390054668E-4,9.9E1,-5.325807779750E1));
#6991=VERTEX_POINT('',#6989);
#6992=VERTEX_POINT('',#6990);
#6993=CARTESIAN_POINT('',(3.636172083472E-1,9.9E1,-3.936760309967E1));
#6994=VERTEX_POINT('',#6993);
#6995=CARTESIAN_POINT('',(3.724884813462E-1,9.356319583002E1,
-3.917795016631E1));
#6996=CARTESIAN_POINT('',(-1.285390000154E-4,9.356319583002E1,
-3.916822041231E1));
#6997=VERTEX_POINT('',#6995);
#6998=VERTEX_POINT('',#6996);
#6999=VERTEX_POINT('',#558);
#7000=VERTEX_POINT('',#562);
#7001=CARTESIAN_POINT('',(-3.960814153972E-1,9.356318978005E1,
-3.917920777362E1));
#7002=VERTEX_POINT('',#7001);
#7003=VERTEX_POINT('',#544);
#7004=VERTEX_POINT('',#501);
#7005=CARTESIAN_POINT('',(5.682869396219E0,1.008220836268E2,-4.528344984679E1));
#7006=CARTESIAN_POINT('',(-1.285390000012E-4,1.008220836268E2,
-5.208270574821E1));
#7007=VERTEX_POINT('',#7005);
#7008=VERTEX_POINT('',#7006);
#7009=CARTESIAN_POINT('',(-5.683126474219E0,1.008220836268E2,
-4.528344984679E1));
#7010=VERTEX_POINT('',#7009);
#7011=VERTEX_POINT('',#383);
#7012=CARTESIAN_POINT('',(-1.285390000010E-4,9.8E1,-5.205807779750E1));
#7013=VERTEX_POINT('',#7012);
#7014=CARTESIAN_POINT('',(5.662247287453E0,9.8E1,-4.530807779750E1));
#7015=VERTEX_POINT('',#7014);
#7016=CARTESIAN_POINT('',(-1.285390000021E-4,8.95E1,-5.108225617372E1));
#7017=CARTESIAN_POINT('',(-1.285390000015E-4,8.95E1,-4.153389942128E1));
#7018=VERTEX_POINT('',#7016);
#7019=VERTEX_POINT('',#7017);
#7020=CARTESIAN_POINT('',(-1.285390000019E-4,9.8E1,-5.100807779750E1));
#7021=VERTEX_POINT('',#7020);
#7022=CARTESIAN_POINT('',(-1.285390000021E-4,9.8E1,-4.160807779750E1));
#7023=CARTESIAN_POINT('',(4.592256462282E0,9.8E1,-4.530807779750E1));
#7024=VERTEX_POINT('',#7022);
#7025=VERTEX_POINT('',#7023);
#7026=CARTESIAN_POINT('',(-4.592513540282E0,9.8E1,-4.530807779750E1));
#7027=VERTEX_POINT('',#7026);
#7028=CARTESIAN_POINT('',(-1.285390000021E-4,1.01E2,-4.158189719413E1));
#7029=VERTEX_POINT('',#7028);
#7030=VERTEX_POINT('',#364);
#7031=VERTEX_POINT('',#413);
#7032=CARTESIAN_POINT('',(4.613301471844E0,1.01E2,-4.528189719413E1));
#7033=VERTEX_POINT('',#7032);
#7034=CARTESIAN_POINT('',(-4.613558549844E0,1.01E2,-4.528189719413E1));
#7035=VERTEX_POINT('',#7034);
#7036=VERTEX_POINT('',#824);
#7037=VERTEX_POINT('',#838);
#7038=VERTEX_POINT('',#2327);
#7039=VERTEX_POINT('',#2350);
#7040=CARTESIAN_POINT('',(-9.35E0,9.169228108515E1,-2.804999995146E1));
#7041=CARTESIAN_POINT('',(-9.350049040635E0,9.169508955865E1,
-2.651395652826E1));
#7042=VERTEX_POINT('',#7040);
#7043=VERTEX_POINT('',#7041);
#7044=VERTEX_POINT('',#2464);
#7045=CARTESIAN_POINT('',(-1.464955195995E1,9.153377204611E1,
-2.652292161111E1));
#7046=VERTEX_POINT('',#7045);
#7047=VERTEX_POINT('',#2466);
#7048=CARTESIAN_POINT('',(-9.323847270836E0,9.019399114593E1,
-2.647591995845E1));
#7049=VERTEX_POINT('',#7048);
#7050=VERTEX_POINT('',#2433);
#7051=VERTEX_POINT('',#2439);
#7052=CARTESIAN_POINT('',(-2.071065281600E1,8.704085002960E1,
-3.610227207263E1));
#7053=CARTESIAN_POINT('',(-2.071065281600E1,8.704085002960E1,
-4.346247923877E1));
#7054=VERTEX_POINT('',#7052);
#7055=VERTEX_POINT('',#7053);
#7056=CARTESIAN_POINT('',(-2.071065281601E1,9.108005790127E1,
-3.606702243955E1));
#7057=VERTEX_POINT('',#7056);
#7058=VERTEX_POINT('',#134);
#7059=VERTEX_POINT('',#142);
#7060=VERTEX_POINT('',#156);
#7061=VERTEX_POINT('',#195);
#7062=VERTEX_POINT('',#208);
#7063=VERTEX_POINT('',#1008);
#7064=VERTEX_POINT('',#1019);
#7065=VERTEX_POINT('',#1006);
#7066=VERTEX_POINT('',#1021);
#7067=VERTEX_POINT('',#1073);
#7068=VERTEX_POINT('',#1086);
#7069=CARTESIAN_POINT('',(2.071064976801E1,8.704085002960E1,-3.610227207263E1));
#7070=CARTESIAN_POINT('',(2.071064976799E1,8.704085002960E1,-4.346247923877E1));
#7071=VERTEX_POINT('',#7069);
#7072=VERTEX_POINT('',#7070);
#7073=CARTESIAN_POINT('',(8.999871461E0,8.546874564480E1,-4.829435825038E1));
#7074=CARTESIAN_POINT('',(8.999871461E0,8.546874564480E1,-4.432179734462E1));
#7075=VERTEX_POINT('',#7073);
#7076=VERTEX_POINT('',#7074);
#7077=CARTESIAN_POINT('',(-9.000128539E0,8.546874564480E1,-4.829435825038E1));
#7078=CARTESIAN_POINT('',(-9.000128539E0,8.546874564480E1,-4.432179734462E1));
#7079=VERTEX_POINT('',#7077);
#7080=VERTEX_POINT('',#7078);
#7081=VERTEX_POINT('',#1163);
#7082=VERTEX_POINT('',#1166);
#7083=VERTEX_POINT('',#864);
#7084=VERTEX_POINT('',#867);
#7085=VERTEX_POINT('',#755);
#7086=VERTEX_POINT('',#758);
#7087=VERTEX_POINT('',#49);
#7088=VERTEX_POINT('',#52);
#7089=VERTEX_POINT('',#104);
#7090=VERTEX_POINT('',#958);
#7091=VERTEX_POINT('',#943);
#7092=VERTEX_POINT('',#948);
#7093=CARTESIAN_POINT('',(3.636172083472E-1,8.95E1,-3.875063165318E1));
#7094=CARTESIAN_POINT('',(-3.867958621959E-1,8.95E1,-3.875063165318E1));
#7095=VERTEX_POINT('',#7093);
#7096=VERTEX_POINT('',#7094);
#7097=CARTESIAN_POINT('',(-4.040848428335E-1,9.148112095337E1,
-3.923159998170E1));
#7098=CARTESIAN_POINT('',(-4.040848428335E-1,9.148112095337E1,
-3.935250916192E1));
#7099=VERTEX_POINT('',#7097);
#7100=VERTEX_POINT('',#7098);
#7101=CARTESIAN_POINT('',(-3.937451397706E-1,9.029630833665E1,
-3.874368237560E1));
#7102=CARTESIAN_POINT('',(-3.937451208452E-1,9.029630616801E1,
-3.921091407521E1));
#7103=VERTEX_POINT('',#7101);
#7104=VERTEX_POINT('',#7102);
#7105=CARTESIAN_POINT('',(3.705576151663E-1,9.029529184874E1,
-3.874369124636E1));
#7106=CARTESIAN_POINT('',(3.705575961549E-1,9.029528967026E1,
-3.921305446794E1));
#7107=VERTEX_POINT('',#7105);
#7108=VERTEX_POINT('',#7106);
#7109=CARTESIAN_POINT('',(3.809072954090E-1,9.148124773703E1,
-3.923375403245E1));
#7110=CARTESIAN_POINT('',(3.809072954090E-1,9.148124773703E1,
-3.935121479395E1));
#7111=VERTEX_POINT('',#7109);
#7112=VERTEX_POINT('',#7110);
#7113=VERTEX_POINT('',#74);
#7114=VERTEX_POINT('',#778);
#7115=VERTEX_POINT('',#193);
#7116=VERTEX_POINT('',#1071);
#7117=VERTEX_POINT('',#2661);
#7118=VERTEX_POINT('',#2675);
#7119=VERTEX_POINT('',#2677);
#7120=VERTEX_POINT('',#2691);
#7121=CARTESIAN_POINT('',(-1.639361361112E1,9.272624889674E1,
-2.849614633488E1));
#7122=VERTEX_POINT('',#7121);
#7123=CARTESIAN_POINT('',(-1.670264797198E1,9.302087573108E1,
-2.849614633488E1));
#7124=VERTEX_POINT('',#7123);
#7125=VERTEX_POINT('',#2743);
#7126=VERTEX_POINT('',#2759);
#7127=VERTEX_POINT('',#2495);
#7128=CARTESIAN_POINT('',(1.436846884881E1,9.308661064588E1,-2.619297150801E1));
#7129=VERTEX_POINT('',#7128);
#7130=VERTEX_POINT('',#2521);
#7131=VERTEX_POINT('',#2537);
#7132=CARTESIAN_POINT('',(1.635923772290E1,9.272728528439E1,-3.583126931930E1));
#7133=VERTEX_POINT('',#7132);
#7134=CARTESIAN_POINT('',(1.666825344817E1,9.302191268245E1,-3.583126929932E1));
#7135=VERTEX_POINT('',#7134);
#7136=VERTEX_POINT('',#2593);
#7137=VERTEX_POINT('',#2609);
#7138=VERTEX_POINT('',#794);
#7139=VERTEX_POINT('',#807);
#7140=VERTEX_POINT('',#2377);
#7141=VERTEX_POINT('',#2390);
#7142=CARTESIAN_POINT('',(3.350168614813E0,9.177452043849E1,-3.372168947293E1));
#7143=CARTESIAN_POINT('',(3.376320701121E0,9.027636384353E1,-3.374783527950E1));
#7144=VERTEX_POINT('',#7142);
#7145=VERTEX_POINT('',#7143);
#7146=VERTEX_POINT('',#2185);
#7147=VERTEX_POINT('',#2188);
#7148=VERTEX_POINT('',#2294);
#7149=VERTEX_POINT('',#2297);
#7150=CARTESIAN_POINT('',(3.350168668156E0,9.177451801681E1,-3.022168947624E1));
#7151=CARTESIAN_POINT('',(3.376320423827E0,9.027638033418E1,-3.019554400011E1));
#7152=VERTEX_POINT('',#7150);
#7153=VERTEX_POINT('',#7151);
#7154=CARTESIAN_POINT('',(-3.350168671208E0,9.178351984246E1,
-3.022168946998E1));
#7155=CARTESIAN_POINT('',(-3.376317182057E0,9.028556803698E1,
-3.019554601122E1));
#7156=VERTEX_POINT('',#7154);
#7157=VERTEX_POINT('',#7155);
#7158=VERTEX_POINT('',#2265);
#7159=VERTEX_POINT('',#2268);
#7160=VERTEX_POINT('',#2214);
#7161=VERTEX_POINT('',#2217);
#7162=CARTESIAN_POINT('',(-3.350168623105E0,9.178352226396E1,
-3.372168946667E1));
#7163=CARTESIAN_POINT('',(-3.376317464574E0,9.028555154707E1,
-3.374783325575E1));
#7164=VERTEX_POINT('',#7162);
#7165=VERTEX_POINT('',#7163);
#7166=CARTESIAN_POINT('',(1.723669036666E1,8.988031443697E1,-2.523775755984E1));
#7167=VERTEX_POINT('',#7166);
#7168=VERTEX_POINT('',#785);
#7169=VERTEX_POINT('',#2471);
#7170=VERTEX_POINT('',#2423);
#7171=CARTESIAN_POINT('',(-2.071065281600E1,8.504085002960E1,
-3.978237565570E1));
#7172=DIRECTION('',(0.E0,1.E0,0.E0));
#7173=DIRECTION('',(0.E0,0.E0,-1.E0));
#7174=AXIS2_PLACEMENT_3D('',#7171,#7172,#7173);
#7175=CYLINDRICAL_SURFACE('',#7174,1.5E0);
#7177=ORIENTED_EDGE('',*,*,#7176,.F.);
#7179=ORIENTED_EDGE('',*,*,#7178,.F.);
#7181=ORIENTED_EDGE('',*,*,#7180,.T.);
#7183=ORIENTED_EDGE('',*,*,#7182,.F.);
#7184=EDGE_LOOP('',(#7177,#7179,#7181,#7183));
#7185=FACE_OUTER_BOUND('',#7184,.F.);
#7186=ADVANCED_FACE('',(#7185),#7175,.F.);
#7187=CARTESIAN_POINT('',(-2.071065281600E1,8.504085002960E1,
-3.978237565570E1));
#7188=DIRECTION('',(0.E0,1.E0,0.E0));
#7189=DIRECTION('',(0.E0,0.E0,1.E0));
#7190=AXIS2_PLACEMENT_3D('',#7187,#7188,#7189);
#7191=CYLINDRICAL_SURFACE('',#7190,1.5E0);
#7193=ORIENTED_EDGE('',*,*,#7192,.F.);
#7194=ORIENTED_EDGE('',*,*,#7176,.T.);
#7196=ORIENTED_EDGE('',*,*,#7195,.F.);
#7197=ORIENTED_EDGE('',*,*,#7180,.F.);
#7198=EDGE_LOOP('',(#7193,#7194,#7196,#7197));
#7199=FACE_OUTER_BOUND('',#7198,.F.);
#7200=ADVANCED_FACE('',(#7199),#7191,.F.);
#7201=CARTESIAN_POINT('',(-2.071065281600E1,8.704085002960E1,
-3.978237565570E1));
#7202=DIRECTION('',(0.E0,-1.E0,0.E0));
#7203=DIRECTION('',(0.E0,0.E0,-1.E0));
#7204=AXIS2_PLACEMENT_3D('',#7201,#7202,#7203);
#7205=PLANE('',#7204);
#7207=ORIENTED_EDGE('',*,*,#7206,.T.);
#7209=ORIENTED_EDGE('',*,*,#7208,.T.);
#7210=EDGE_LOOP('',(#7207,#7209));
#7211=FACE_OUTER_BOUND('',#7210,.F.);
#7212=ORIENTED_EDGE('',*,*,#7178,.T.);
#7213=ORIENTED_EDGE('',*,*,#7192,.T.);
#7214=EDGE_LOOP('',(#7212,#7213));
#7215=FACE_BOUND('',#7214,.F.);
#7216=ADVANCED_FACE('',(#7211,#7215),#7205,.T.);
#7217=CARTESIAN_POINT('',(-2.071065281600E1,8.912507561089E1,
-3.978237565570E1));
#7218=DIRECTION('',(0.E0,1.E0,0.E0));
#7219=DIRECTION('',(-1.570743535240E-12,0.E0,1.E0));
#7220=AXIS2_PLACEMENT_3D('',#7217,#7218,#7219);
#7221=CONICAL_SURFACE('',#7220,3.698292344164E0,5.E-1);
#7223=ORIENTED_EDGE('',*,*,#7222,.T.);
#7225=ORIENTED_EDGE('',*,*,#7224,.T.);
#7227=ORIENTED_EDGE('',*,*,#7226,.T.);
#7229=ORIENTED_EDGE('',*,*,#7228,.F.);
#7230=ORIENTED_EDGE('',*,*,#7206,.F.);
#7232=ORIENTED_EDGE('',*,*,#7231,.T.);
#7234=ORIENTED_EDGE('',*,*,#7233,.T.);
#7236=ORIENTED_EDGE('',*,*,#7235,.T.);
#7238=ORIENTED_EDGE('',*,*,#7237,.F.);
#7239=EDGE_LOOP('',(#7223,#7225,#7227,#7229,#7230,#7232,#7234,#7236,#7238));
#7240=FACE_OUTER_BOUND('',#7239,.F.);
#7241=ADVANCED_FACE('',(#7240),#7221,.T.);
#7242=CARTESIAN_POINT('',(-1.153117517010E1,9.075437935522E1,
-3.922417183282E1));
#7243=DIRECTION('',(-4.723942094691E-4,1.745240643940E-2,9.998475835612E-1));
#7244=DIRECTION('',(0.E0,-9.998476951224E-1,1.745240838671E-2));
#7245=AXIS2_PLACEMENT_3D('',#7242,#7243,#7244);
#7246=PLANE('',#7245);
#7248=ORIENTED_EDGE('',*,*,#7247,.F.);
#7250=ORIENTED_EDGE('',*,*,#7249,.T.);
#7251=ORIENTED_EDGE('',*,*,#7222,.F.);
#7253=ORIENTED_EDGE('',*,*,#7252,.T.);
#7254=EDGE_LOOP('',(#7248,#7250,#7251,#7253));
#7255=FACE_OUTER_BOUND('',#7254,.F.);
#7256=ADVANCED_FACE('',(#7255),#7246,.F.);
#7257=CARTESIAN_POINT('',(-3.867958621959E-1,8.95E1,-3.442088289958E1));
#7258=DIRECTION('',(-9.999619230642E-1,-8.726535498374E-3,0.E0));
#7259=DIRECTION('',(0.E0,0.E0,-1.E0));
#7260=AXIS2_PLACEMENT_3D('',#7257,#7258,#7259);
#7261=PLANE('',#7260);
#7263=ORIENTED_EDGE('',*,*,#7262,.F.);
#7264=ORIENTED_EDGE('',*,*,#7247,.T.);
#7266=ORIENTED_EDGE('',*,*,#7265,.F.);
#7268=ORIENTED_EDGE('',*,*,#7267,.F.);
#7270=ORIENTED_EDGE('',*,*,#7269,.T.);
#7272=ORIENTED_EDGE('',*,*,#7271,.F.);
#7273=EDGE_LOOP('',(#7263,#7264,#7266,#7268,#7270,#7272));
#7274=FACE_OUTER_BOUND('',#7273,.F.);
#7275=ADVANCED_FACE('',(#7274),#7261,.T.);
#7276=CARTESIAN_POINT('',(-1.507120580006E-1,9.148265621655E1,
-2.533184544710E1));
#7277=CARTESIAN_POINT('',(-3.900689572957E-1,9.148121774038E1,
-2.533184544710E1));
#7278=CARTESIAN_POINT('',(-4.774859424137E0,9.145427076278E1,
-2.533184544710E1));
#7279=CARTESIAN_POINT('',(-1.331725060421E1,9.137441108213E1,
-2.533184544710E1));
#7280=CARTESIAN_POINT('',(-2.168596994158E1,9.104776519865E1,
-2.533184544710E1));
#7281=CARTESIAN_POINT('',(-2.590443239771E1,9.087477763857E1,
-2.533184544710E1));
#7282=CARTESIAN_POINT('',(-2.598882043587E1,9.087131423128E1,
-2.533184544710E1));
#7284=DIRECTION('',(0.E0,0.E0,-1.E0));
#7285=VECTOR('',#7284,1.E0);
#7286=SURFACE_OF_LINEAR_EXTRUSION('',#7283,#7285);
#7288=ORIENTED_EDGE('',*,*,#7287,.F.);
#7290=ORIENTED_EDGE('',*,*,#7289,.F.);
#7292=ORIENTED_EDGE('',*,*,#7291,.F.);
#7294=ORIENTED_EDGE('',*,*,#7293,.T.);
#7296=ORIENTED_EDGE('',*,*,#7295,.F.);
#7298=ORIENTED_EDGE('',*,*,#7297,.F.);
#7300=ORIENTED_EDGE('',*,*,#7299,.F.);
#7301=ORIENTED_EDGE('',*,*,#7233,.F.);
#7303=ORIENTED_EDGE('',*,*,#7302,.F.);
#7305=ORIENTED_EDGE('',*,*,#7304,.F.);
#7306=ORIENTED_EDGE('',*,*,#7226,.F.);
#7307=ORIENTED_EDGE('',*,*,#7224,.F.);
#7308=ORIENTED_EDGE('',*,*,#7249,.F.);
#7309=ORIENTED_EDGE('',*,*,#7262,.T.);
#7311=ORIENTED_EDGE('',*,*,#7310,.F.);
#7313=ORIENTED_EDGE('',*,*,#7312,.F.);
#7315=ORIENTED_EDGE('',*,*,#7314,.F.);
#7316=EDGE_LOOP('',(#7288,#7290,#7292,#7294,#7296,#7298,#7300,#7301,#7303,#7305,
#7306,#7307,#7308,#7309,#7311,#7313,#7315));
#7317=FACE_OUTER_BOUND('',#7316,.F.);
#7318=ADVANCED_FACE('',(#7317),#7286,.T.);
#7319=CARTESIAN_POINT('',(-9.000128539E0,8.844684212252E1,-4.630807779750E1));
#7320=DIRECTION('',(0.E0,1.E0,0.E0));
#7321=DIRECTION('',(-1.570743535240E-12,0.E0,1.E0));
#7322=AXIS2_PLACEMENT_3D('',#7319,#7320,#7321);
#7323=CONICAL_SURFACE('',#7322,2.012269907110E0,5.E-1);
#7325=ORIENTED_EDGE('',*,*,#7324,.F.);
#7327=ORIENTED_EDGE('',*,*,#7326,.F.);
#7329=ORIENTED_EDGE('',*,*,#7328,.T.);
#7330=ORIENTED_EDGE('',*,*,#7312,.T.);
#7331=ORIENTED_EDGE('',*,*,#7287,.T.);
#7332=EDGE_LOOP('',(#7325,#7327,#7329,#7330,#7331));
#7333=FACE_OUTER_BOUND('',#7332,.F.);
#7334=ADVANCED_FACE('',(#7333),#7323,.T.);
#7335=CARTESIAN_POINT('',(-9.000128539E0,8.843292062736E1,-4.630807779750E1));
#7336=DIRECTION('',(0.E0,1.E0,0.E0));
#7337=DIRECTION('',(1.570865999920E-12,0.E0,-1.E0));
#7338=AXIS2_PLACEMENT_3D('',#7335,#7336,#7337);
#7339=CONICAL_SURFACE('',#7338,2.012148416062E0,5.E-1);
#7341=ORIENTED_EDGE('',*,*,#7340,.F.);
#7342=ORIENTED_EDGE('',*,*,#7324,.T.);
#7343=ORIENTED_EDGE('',*,*,#7314,.T.);
#7344=ORIENTED_EDGE('',*,*,#7328,.F.);
#7345=EDGE_LOOP('',(#7341,#7342,#7343,#7344));
#7346=FACE_OUTER_BOUND('',#7345,.F.);
#7347=ADVANCED_FACE('',(#7346),#7339,.T.);
#7348=CARTESIAN_POINT('',(-9.000128539E0,8.546874564480E1,-4.630807779750E1));
#7349=DIRECTION('',(0.E0,-1.E0,0.E0));
#7350=DIRECTION('',(0.E0,0.E0,-1.E0));
#7351=AXIS2_PLACEMENT_3D('',#7348,#7349,#7350);
#7352=PLANE('',#7351);
#7353=ORIENTED_EDGE('',*,*,#7326,.T.);
#7354=ORIENTED_EDGE('',*,*,#7340,.T.);
#7355=EDGE_LOOP('',(#7353,#7354));
#7356=FACE_OUTER_BOUND('',#7355,.F.);
#7358=ORIENTED_EDGE('',*,*,#7357,.T.);
#7360=ORIENTED_EDGE('',*,*,#7359,.T.);
#7361=EDGE_LOOP('',(#7358,#7360));
#7362=FACE_BOUND('',#7361,.F.);
#7363=ADVANCED_FACE('',(#7356,#7362),#7352,.T.);
#7364=CARTESIAN_POINT('',(-9.000128539E0,8.896874564480E1,-4.630807779750E1));
#7365=DIRECTION('',(0.E0,1.E0,0.E0));
#7366=DIRECTION('',(1.570865999920E-12,0.E0,-1.E0));
#7367=AXIS2_PLACEMENT_3D('',#7364,#7365,#7366);
#7368=CYLINDRICAL_SURFACE('',#7367,1.E0);
#7370=ORIENTED_EDGE('',*,*,#7369,.F.);
#7371=ORIENTED_EDGE('',*,*,#7357,.F.);
#7373=ORIENTED_EDGE('',*,*,#7372,.T.);
#7375=ORIENTED_EDGE('',*,*,#7374,.T.);
#7376=EDGE_LOOP('',(#7370,#7371,#7373,#7375));
#7377=FACE_OUTER_BOUND('',#7376,.F.);
#7378=ADVANCED_FACE('',(#7377),#7368,.F.);
#7379=CARTESIAN_POINT('',(-9.000128539E0,8.896874564480E1,-4.630807779750E1));
#7380=DIRECTION('',(0.E0,1.E0,0.E0));
#7381=DIRECTION('',(-1.570743535240E-12,0.E0,1.E0));
#7382=AXIS2_PLACEMENT_3D('',#7379,#7380,#7381);
#7383=CYLINDRICAL_SURFACE('',#7382,1.E0);
#7384=ORIENTED_EDGE('',*,*,#7359,.F.);
#7385=ORIENTED_EDGE('',*,*,#7369,.T.);
#7387=ORIENTED_EDGE('',*,*,#7386,.T.);
#7388=ORIENTED_EDGE('',*,*,#7372,.F.);
#7389=EDGE_LOOP('',(#7384,#7385,#7387,#7388));
#7390=FACE_OUTER_BOUND('',#7389,.F.);
#7391=ADVANCED_FACE('',(#7390),#7383,.F.);
#7392=CARTESIAN_POINT('',(-7.435332999989E-3,-4.596804674400E2,
-4.529339437560E1));
#7393=DIRECTION('',(0.E0,0.E0,1.E0));
#7394=DIRECTION('',(-1.450078586510E-2,9.998948580772E-1,0.E0));
#7395=AXIS2_PLACEMENT_3D('',#7392,#7393,#7394);
#7396=CYLINDRICAL_SURFACE('',#7395,5.511541240030E2);
#7397=ORIENTED_EDGE('',*,*,#7386,.F.);
#7398=ORIENTED_EDGE('',*,*,#7374,.F.);
#7399=EDGE_LOOP('',(#7397,#7398));
#7400=FACE_OUTER_BOUND('',#7399,.F.);
#7401=ADVANCED_FACE('',(#7400),#7396,.F.);
#7402=CARTESIAN_POINT('',(-1.285390000021E-4,9.049062386851E1,
-4.630807779750E1));
#7403=DIRECTION('',(0.E0,1.E0,0.E0));
#7404=DIRECTION('',(-1.570865999920E-12,0.E0,-1.E0));
#7405=AXIS2_PLACEMENT_3D('',#7402,#7403,#7404);
#7406=CONICAL_SURFACE('',#7405,6.958645043531E0,5.E-1);
#7407=ORIENTED_EDGE('',*,*,#7271,.T.);
#7409=ORIENTED_EDGE('',*,*,#7408,.F.);
#7411=ORIENTED_EDGE('',*,*,#7410,.T.);
#7412=ORIENTED_EDGE('',*,*,#7289,.T.);
#7413=ORIENTED_EDGE('',*,*,#7310,.T.);
#7414=EDGE_LOOP('',(#7407,#7409,#7411,#7412,#7413));
#7415=FACE_OUTER_BOUND('',#7414,.F.);
#7416=ADVANCED_FACE('',(#7415),#7406,.T.);
#7417=CARTESIAN_POINT('',(-1.285390000021E-4,9.049062386851E1,
-4.630807779750E1));
#7418=DIRECTION('',(0.E0,1.E0,0.E0));
#7419=DIRECTION('',(-1.570865999920E-12,0.E0,-1.E0));
#7420=AXIS2_PLACEMENT_3D('',#7417,#7418,#7419);
#7421=CONICAL_SURFACE('',#7420,6.958645043531E0,5.E-1);
#7423=ORIENTED_EDGE('',*,*,#7422,.F.);
#7425=ORIENTED_EDGE('',*,*,#7424,.T.);
#7427=ORIENTED_EDGE('',*,*,#7426,.T.);
#7429=ORIENTED_EDGE('',*,*,#7428,.T.);
#7431=ORIENTED_EDGE('',*,*,#7430,.F.);
#7432=EDGE_LOOP('',(#7423,#7425,#7427,#7429,#7431));
#7433=FACE_OUTER_BOUND('',#7432,.F.);
#7434=ADVANCED_FACE('',(#7433),#7421,.T.);
#7435=CARTESIAN_POINT('',(-1.285390000021E-4,8.95E1,-4.630807779750E1));
#7436=DIRECTION('',(0.E0,1.E0,0.E0));
#7437=DIRECTION('',(0.E0,0.E0,1.E0));
#7438=AXIS2_PLACEMENT_3D('',#7435,#7436,#7437);
#7439=PLANE('',#7438);
#7440=ORIENTED_EDGE('',*,*,#7408,.T.);
#7441=ORIENTED_EDGE('',*,*,#7269,.F.);
#7443=ORIENTED_EDGE('',*,*,#7442,.F.);
#7445=ORIENTED_EDGE('',*,*,#7444,.F.);
#7446=ORIENTED_EDGE('',*,*,#7430,.T.);
#7448=ORIENTED_EDGE('',*,*,#7447,.T.);
#7449=EDGE_LOOP('',(#7440,#7441,#7443,#7445,#7446,#7448));
#7450=FACE_OUTER_BOUND('',#7449,.F.);
#7452=ORIENTED_EDGE('',*,*,#7451,.T.);
#7454=ORIENTED_EDGE('',*,*,#7453,.T.);
#7455=EDGE_LOOP('',(#7452,#7454));
#7456=FACE_BOUND('',#7455,.F.);
#7457=ADVANCED_FACE('',(#7450,#7456),#7439,.F.);
#7458=CARTESIAN_POINT('',(-1.285390000021E-4,9.375E1,-4.630807779750E1));
#7459=DIRECTION('',(0.E0,-1.E0,0.E0));
#7460=DIRECTION('',(0.E0,0.E0,-1.E0));
#7461=AXIS2_PLACEMENT_3D('',#7458,#7459,#7460);
#7462=CONICAL_SURFACE('',#7461,4.737089188111E0,5.E-1);
#7464=ORIENTED_EDGE('',*,*,#7463,.F.);
#7465=ORIENTED_EDGE('',*,*,#7451,.F.);
#7467=ORIENTED_EDGE('',*,*,#7466,.F.);
#7469=ORIENTED_EDGE('',*,*,#7468,.F.);
#7471=ORIENTED_EDGE('',*,*,#7470,.F.);
#7472=EDGE_LOOP('',(#7464,#7465,#7467,#7469,#7471));
#7473=FACE_OUTER_BOUND('',#7472,.F.);
#7474=ADVANCED_FACE('',(#7473),#7462,.F.);
#7475=CARTESIAN_POINT('',(-1.285390000021E-4,9.375E1,-4.630807779750E1));
#7476=DIRECTION('',(0.E0,-1.E0,0.E0));
#7477=DIRECTION('',(0.E0,0.E0,1.E0));
#7478=AXIS2_PLACEMENT_3D('',#7475,#7476,#7477);
#7479=CONICAL_SURFACE('',#7478,4.737089188111E0,5.E-1);
#7481=ORIENTED_EDGE('',*,*,#7480,.F.);
#7483=ORIENTED_EDGE('',*,*,#7482,.F.);
#7484=ORIENTED_EDGE('',*,*,#7466,.T.);
#7485=ORIENTED_EDGE('',*,*,#7453,.F.);
#7486=ORIENTED_EDGE('',*,*,#7463,.T.);
#7487=EDGE_LOOP('',(#7481,#7483,#7484,#7485,#7486));
#7488=FACE_OUTER_BOUND('',#7487,.F.);
#7489=ADVANCED_FACE('',(#7488),#7479,.F.);
#7490=CARTESIAN_POINT('',(-1.285390000021E-4,9.95E1,-4.630807779750E1));
#7491=DIRECTION('',(0.E0,1.E0,0.E0));
#7492=DIRECTION('',(0.E0,0.E0,-1.E0));
#7493=AXIS2_PLACEMENT_3D('',#7490,#7491,#7492);
#7494=CONICAL_SURFACE('',#7493,4.713090301686E0,5.E-1);
#7495=ORIENTED_EDGE('',*,*,#7480,.T.);
#7497=ORIENTED_EDGE('',*,*,#7496,.T.);
#7499=ORIENTED_EDGE('',*,*,#7498,.F.);
#7501=ORIENTED_EDGE('',*,*,#7500,.T.);
#7502=EDGE_LOOP('',(#7495,#7497,#7499,#7501));
#7503=FACE_OUTER_BOUND('',#7502,.F.);
#7504=ADVANCED_FACE('',(#7503),#7494,.F.);
#7505=CARTESIAN_POINT('',(-1.285390000021E-4,9.95E1,-4.630807779750E1));
#7506=DIRECTION('',(0.E0,1.E0,0.E0));
#7507=DIRECTION('',(0.E0,0.E0,1.E0));
#7508=AXIS2_PLACEMENT_3D('',#7505,#7506,#7507);
#7509=CONICAL_SURFACE('',#7508,4.713090301686E0,5.E-1);
#7510=ORIENTED_EDGE('',*,*,#7496,.F.);
#7511=ORIENTED_EDGE('',*,*,#7470,.T.);
#7513=ORIENTED_EDGE('',*,*,#7512,.T.);
#7515=ORIENTED_EDGE('',*,*,#7514,.F.);
#7516=EDGE_LOOP('',(#7510,#7511,#7513,#7515));
#7517=FACE_OUTER_BOUND('',#7516,.F.);
#7518=ADVANCED_FACE('',(#7517),#7509,.F.);
#7519=CARTESIAN_POINT('',(9.991996041600E0,9.8E1,-4.530807779750E1));
#7520=DIRECTION('',(0.E0,8.726535498374E-3,-9.999619230642E-1));
#7521=DIRECTION('',(-1.E0,0.E0,0.E0));
#7522=AXIS2_PLACEMENT_3D('',#7519,#7520,#7521);
#7523=PLANE('',#7522);
#7524=ORIENTED_EDGE('',*,*,#7512,.F.);
#7526=ORIENTED_EDGE('',*,*,#7525,.F.);
#7528=ORIENTED_EDGE('',*,*,#7527,.F.);
#7530=ORIENTED_EDGE('',*,*,#7529,.F.);
#7532=ORIENTED_EDGE('',*,*,#7531,.T.);
#7533=EDGE_LOOP('',(#7524,#7526,#7528,#7530,#7532));
#7534=FACE_OUTER_BOUND('',#7533,.F.);
#7535=ADVANCED_FACE('',(#7534),#7523,.T.);
#7536=CARTESIAN_POINT('',(-3.E2,9.8E1,0.E0));
#7537=DIRECTION('',(0.E0,1.E0,0.E0));
#7538=DIRECTION('',(0.E0,0.E0,1.E0));
#7539=AXIS2_PLACEMENT_3D('',#7536,#7537,#7538);
#7540=PLANE('',#7539);
#7541=ORIENTED_EDGE('',*,*,#7482,.T.);
#7543=ORIENTED_EDGE('',*,*,#7542,.T.);
#7545=ORIENTED_EDGE('',*,*,#7544,.T.);
#7547=ORIENTED_EDGE('',*,*,#7546,.T.);
#7548=ORIENTED_EDGE('',*,*,#7525,.T.);
#7549=ORIENTED_EDGE('',*,*,#7468,.T.);
#7550=EDGE_LOOP('',(#7541,#7543,#7545,#7547,#7548,#7549));
#7551=FACE_OUTER_BOUND('',#7550,.F.);
#7552=ADVANCED_FACE('',(#7551),#7540,.T.);
#7553=CARTESIAN_POINT('',(-2.627647864001E-1,9.8E1,-4.530807779750E1));
#7554=DIRECTION('',(0.E0,8.726535498374E-3,-9.999619230642E-1));
#7555=DIRECTION('',(-1.E0,0.E0,0.E0));
#7556=AXIS2_PLACEMENT_3D('',#7553,#7554,#7555);
#7557=PLANE('',#7556);
#7558=ORIENTED_EDGE('',*,*,#7500,.F.);
#7560=ORIENTED_EDGE('',*,*,#7559,.T.);
#7562=ORIENTED_EDGE('',*,*,#7561,.F.);
#7564=ORIENTED_EDGE('',*,*,#7563,.F.);
#7565=ORIENTED_EDGE('',*,*,#7542,.F.);
#7566=EDGE_LOOP('',(#7558,#7560,#7562,#7564,#7565));
#7567=FACE_OUTER_BOUND('',#7566,.F.);
#7568=ADVANCED_FACE('',(#7567),#7557,.T.);
#7569=CARTESIAN_POINT('',(-1.285390000021E-4,1.01E2,-4.630807779750E1));
#7570=DIRECTION('',(0.E0,1.E0,0.E0));
#7571=DIRECTION('',(0.E0,0.E0,1.E0));
#7572=AXIS2_PLACEMENT_3D('',#7569,#7570,#7571);
#7573=PLANE('',#7572);
#7575=ORIENTED_EDGE('',*,*,#7574,.T.);
#7576=ORIENTED_EDGE('',*,*,#7559,.F.);
#7577=ORIENTED_EDGE('',*,*,#7498,.T.);
#7578=ORIENTED_EDGE('',*,*,#7514,.T.);
#7579=ORIENTED_EDGE('',*,*,#7531,.F.);
#7581=ORIENTED_EDGE('',*,*,#7580,.T.);
#7582=EDGE_LOOP('',(#7575,#7576,#7577,#7578,#7579,#7581));
#7583=FACE_OUTER_BOUND('',#7582,.F.);
#7584=ADVANCED_FACE('',(#7583),#7573,.T.);
#7585=CARTESIAN_POINT('',(-1.285390000021E-4,9.9E1,-4.630807779750E1));
#7586=DIRECTION('',(0.E0,1.E0,0.E0));
#7587=DIRECTION('',(0.E0,0.E0,-1.E0));
#7588=AXIS2_PLACEMENT_3D('',#7585,#7586,#7587);
#7589=TOROIDAL_SURFACE('',#7588,4.95E0,2.E0);
#7591=ORIENTED_EDGE('',*,*,#7590,.F.);
#7593=ORIENTED_EDGE('',*,*,#7592,.T.);
#7595=ORIENTED_EDGE('',*,*,#7594,.T.);
#7597=ORIENTED_EDGE('',*,*,#7596,.T.);
#7598=ORIENTED_EDGE('',*,*,#7561,.T.);
#7599=ORIENTED_EDGE('',*,*,#7574,.F.);
#7601=ORIENTED_EDGE('',*,*,#7600,.F.);
#7602=EDGE_LOOP('',(#7591,#7593,#7595,#7597,#7598,#7599,#7601));
#7603=FACE_OUTER_BOUND('',#7602,.F.);
#7604=ADVANCED_FACE('',(#7603),#7589,.T.);
#7605=CARTESIAN_POINT('',(-1.285390000021E-4,9.625653765403E1,
-4.630807779750E1));
#7606=DIRECTION('',(0.E0,-1.E0,0.E0));
#7607=DIRECTION('',(1.570865999920E-12,0.E0,1.E0));
#7608=AXIS2_PLACEMENT_3D('',#7605,#7606,#7607);
#7609=CONICAL_SURFACE('',#7608,7.045803816193E0,2.E0);
#7610=ORIENTED_EDGE('',*,*,#7592,.F.);
#7611=ORIENTED_EDGE('',*,*,#7590,.T.);
#7613=ORIENTED_EDGE('',*,*,#7612,.F.);
#7615=ORIENTED_EDGE('',*,*,#7614,.T.);
#7617=ORIENTED_EDGE('',*,*,#7616,.T.);
#7619=ORIENTED_EDGE('',*,*,#7618,.T.);
#7620=EDGE_LOOP('',(#7610,#7611,#7613,#7615,#7617,#7619));
#7621=FACE_OUTER_BOUND('',#7620,.F.);
#7622=ADVANCED_FACE('',(#7621),#7609,.T.);
#7623=CARTESIAN_POINT('',(-1.285390000021E-4,9.625653905474E1,
-4.630807779750E1));
#7624=DIRECTION('',(0.E0,-1.E0,0.E0));
#7625=DIRECTION('',(1.570865999920E-12,0.E0,1.E0));
#7626=AXIS2_PLACEMENT_3D('',#7623,#7624,#7625);
#7627=CONICAL_SURFACE('',#7626,7.045803767279E0,2.E0);
#7629=ORIENTED_EDGE('',*,*,#7628,.T.);
#7631=ORIENTED_EDGE('',*,*,#7630,.T.);
#7632=ORIENTED_EDGE('',*,*,#7612,.T.);
#7634=ORIENTED_EDGE('',*,*,#7633,.T.);
#7636=ORIENTED_EDGE('',*,*,#7635,.F.);
#7637=ORIENTED_EDGE('',*,*,#7618,.F.);
#7638=EDGE_LOOP('',(#7629,#7631,#7632,#7634,#7636,#7637));
#7639=FACE_OUTER_BOUND('',#7638,.F.);
#7640=ADVANCED_FACE('',(#7639),#7627,.T.);
#7641=CARTESIAN_POINT('',(-2.210220148473E-1,9.357239632339E1,
-5.344429268361E1));
#7642=CARTESIAN_POINT('',(1.400169421982E-1,9.357255138372E1,
-5.345541359922E1));
#7643=CARTESIAN_POINT('',(9.886708034388E-1,9.357201812414E1,
-5.341741987502E1));
#7644=CARTESIAN_POINT('',(2.292109623478E0,9.356790878696E1,-5.312209267641E1));
#7645=CARTESIAN_POINT('',(3.620223194294E0,9.356007845696E1,-5.251926464491E1));
#7646=CARTESIAN_POINT('',(4.797565590083E0,9.355019826073E1,-5.166266088471E1));
#7647=CARTESIAN_POINT('',(5.778088726291E0,9.353986152765E1,-5.058683093077E1));
#7648=CARTESIAN_POINT('',(6.522053632844E0,9.353073908716E1,-4.933491795966E1));
#7649=CARTESIAN_POINT('',(6.998450648180E0,9.352431776770E1,-4.795843767820E1));
#7650=CARTESIAN_POINT('',(7.187516518830E0,9.352164391701E1,-4.651433950768E1));
#7651=CARTESIAN_POINT('',(7.081612816959E0,9.352315042373E1,-4.506192532456E1));
#7652=CARTESIAN_POINT('',(6.685073905392E0,9.352859266424E1,-4.366047426608E1));
#7653=CARTESIAN_POINT('',(6.014037361001E0,9.353708804189E1,-4.236758804787E1));
#7654=CARTESIAN_POINT('',(5.096358266972E0,9.354725169201E1,-4.123684626883E1));
#7655=CARTESIAN_POINT('',(3.969954915307E0,9.355743197655E1,-4.031433027261E1));
#7656=CARTESIAN_POINT('',(2.680057189598E0,9.356598355996E1,-3.963724159039E1));
#7657=CARTESIAN_POINT('',(1.384407505937E0,9.357110014125E1,-3.926400113682E1));
#7658=CARTESIAN_POINT('',(5.266256219963E-1,9.357230799580E1,
-3.917808655715E1));
#7659=CARTESIAN_POINT('',(1.518875536766E-1,9.357242189068E1,
-3.917005734066E1));
#7660=CARTESIAN_POINT('',(-2.209704647914E-1,9.339290982282E1,
-5.344504560088E1));
#7661=CARTESIAN_POINT('',(1.399845004766E-1,9.339306712880E1,
-5.345616013243E1));
#7662=CARTESIAN_POINT('',(9.884368112016E-1,9.339252729207E1,
-5.341818867043E1));
#7663=CARTESIAN_POINT('',(2.291624504076E0,9.338842262941E1,-5.312302453282E1));
#7664=CARTESIAN_POINT('',(3.619653983941E0,9.338059309204E1,-5.252045189699E1));
#7665=CARTESIAN_POINT('',(4.797140379188E0,9.337071421135E1,-5.166405182486E1));
#7666=CARTESIAN_POINT('',(5.777991253157E0,9.336037707656E1,-5.058824970188E1));
#7667=CARTESIAN_POINT('',(6.522356744600E0,9.335125314660E1,-4.933611349708E1));
#7668=CARTESIAN_POINT('',(6.999088000813E0,9.334483007572E1,-4.795916318299E1));
#7669=CARTESIAN_POINT('',(7.188304569212E0,9.334215533284E1,-4.651443401152E1));
#7670=CARTESIAN_POINT('',(7.082315159187E0,9.334366235365E1,-4.506136740796E1));
#7671=CARTESIAN_POINT('',(6.685484244467E0,9.334910620247E1,-4.365938902741E1));
#7672=CARTESIAN_POINT('',(6.014051708151E0,9.335760325453E1,-4.236620547623E1));
#7673=CARTESIAN_POINT('',(5.096010802331E0,9.336776769211E1,-4.123542510905E1));
#7674=CARTESIAN_POINT('',(3.969403677625E0,9.337794704499E1,-4.031307442490E1));
#7675=CARTESIAN_POINT('',(2.679525879744E0,9.338649783881E1,-3.963624013694E1));
#7676=CARTESIAN_POINT('',(1.384087645568E0,9.339160984568E1,-3.926319481325E1));
#7677=CARTESIAN_POINT('',(5.265028021976E-1,9.339282360436E1,
-3.917733010576E1));
#7678=CARTESIAN_POINT('',(1.518520942591E-1,9.339293505730E1,
-3.916930545332E1));
#7679=CARTESIAN_POINT('',(-2.249116867780E-1,9.326824230084E1,
-5.357411369668E1));
#7680=CARTESIAN_POINT('',(1.424851894472E-1,9.326840122279E1,
-5.358542401601E1));
#7681=CARTESIAN_POINT('',(1.006076863369E0,9.326785665316E1,-5.354678397884E1));
#7682=CARTESIAN_POINT('',(2.332558290134E0,9.326375535427E1,-5.324641585407E1));
#7683=CARTESIAN_POINT('',(3.684444004006E0,9.325592638728E1,-5.263316594604E1));
#7684=CARTESIAN_POINT('',(4.883233023140E0,9.324604845325E1,-5.176148108462E1));
#7685=CARTESIAN_POINT('',(5.881972332045E0,9.323571102939E1,-5.066632111846E1));
#7686=CARTESIAN_POINT('',(6.640018024967E0,9.322658602760E1,-4.939147788891E1));
#7687=CARTESIAN_POINT('',(7.125564372977E0,9.322016169642E1,-4.798940227126E1));
#7688=CARTESIAN_POINT('',(7.318292122900E0,9.321748631151E1,-4.651821599786E1));
#7689=CARTESIAN_POINT('',(7.210335036294E0,9.321899370225E1,-4.503852735250E1));
#7690=CARTESIAN_POINT('',(6.806156940516E0,9.322443870842E1,-4.361093336995E1));
#7691=CARTESIAN_POINT('',(6.122360694138E0,9.323293696536E1,-4.229425237118E1));
#7692=CARTESIAN_POINT('',(5.187538897146E0,9.324310196962E1,-4.114307811437E1));
#7693=CARTESIAN_POINT('',(4.040504133775E0,9.325328065206E1,-4.020422829874E1));
#7694=CARTESIAN_POINT('',(2.727412871324E0,9.326183087770E1,-3.951537846904E1));
#7695=CARTESIAN_POINT('',(1.408793093753E0,9.326693959283E1,-3.913574849608E1));
#7696=CARTESIAN_POINT('',(5.359013246855E-1,9.326815760011E1,
-3.904837161013E1));
#7697=CARTESIAN_POINT('',(1.545644054593E-1,9.326826729582E1,
-3.904020556440E1));
#7698=CARTESIAN_POINT('',(-2.304618472926E-1,9.327379844617E1,
-5.375343061154E1));
#7699=CARTESIAN_POINT('',(1.460064766525E-1,9.327395737698E1,
-5.376502046898E1));
#7700=CARTESIAN_POINT('',(1.030921439753E0,9.327341278139E1,-5.372542540448E1));
#7701=CARTESIAN_POINT('',(2.390152332835E0,9.326931150095E1,-5.341763385674E1));
#7702=CARTESIAN_POINT('',(3.775405250933E0,9.326148253709E1,-5.278923211715E1));
#7703=CARTESIAN_POINT('',(5.003770705264E0,9.325160460825E1,-5.189601893725E1));
#7704=CARTESIAN_POINT('',(6.027139392692E0,9.324126718281E1,-5.077382397347E1));
#7705=CARTESIAN_POINT('',(6.803870484512E0,9.323214217514E1,-4.946752418789E1));
#7706=CARTESIAN_POINT('',(7.301380999629E0,9.322571783704E1,-4.803086494252E1));
#7707=CARTESIAN_POINT('',(7.498856689718E0,9.322304244861E1,-4.652339794627E1));
#7708=CARTESIAN_POINT('',(7.388240099992E0,9.322454984139E1,-4.500721988110E1));
#7709=CARTESIAN_POINT('',(6.974103560487E0,9.322999485390E1,-4.354441551858E1));
#7710=CARTESIAN_POINT('',(6.273454030129E0,9.323849311746E1,-4.219524930168E1));
#7711=CARTESIAN_POINT('',(5.315582122426E0,9.324865812482E1,-4.101566102233E1));
#7712=CARTESIAN_POINT('',(4.140251436318E0,9.325883680359E1,-4.005362707019E1));
#7713=CARTESIAN_POINT('',(2.794753894926E0,9.326738702610E1,-3.934775931866E1));
#7714=CARTESIAN_POINT('',(1.443580851705E0,9.327249572317E1,-3.895874761799E1));
#7715=CARTESIAN_POINT('',(5.491365279596E-1,9.327371375376E1,
-3.886921113848E1));
#7716=CARTESIAN_POINT('',(1.583839558984E-1,9.327382343984E1,
-3.886084326334E1));
#7717=(BOUNDED_SURFACE()B_SPLINE_SURFACE(3,3,((#7641,#7642,#7643,#7644,#7645,
#7646,#7647,#7648,#7649,#7650,#7651,#7652,#7653,#7654,#7655,#7656,#7657,#7658,
#7659),(#7660,#7661,#7662,#7663,#7664,#7665,#7666,#7667,#7668,#7669,#7670,#7671,
#7672,#7673,#7674,#7675,#7676,#7677,#7678),(#7679,#7680,#7681,#7682,#7683,#7684,
#7685,#7686,#7687,#7688,#7689,#7690,#7691,#7692,#7693,#7694,#7695,#7696,#7697),(
#7698,#7699,#7700,#7701,#7702,#7703,#7704,#7705,#7706,#7707,#7708,#7709,#7710,
#7711,#7712,#7713,#7714,#7715,#7716)),.UNSPECIFIED.,.F.,.F.,.F.)B_SPLINE_SURFACE_WITH_KNOTS((4,4),(4,1,1,1,1,1,1,1,1,1,1,1,1,1,1,1,4),(0.E0,1.E0),(
1.587734242025E-2,6.261522957424E-2,1.253611789988E-1,1.878949290553E-1,
2.503045190356E-1,3.127510770004E-1,3.752411349695E-1,4.377416007604E-1,
5.002308619057E-1,5.627019462273E-1,6.251839220952E-1,6.876970980761E-1,
7.501869480759E-1,8.126132796078E-1,8.750849082433E-1,9.376604077795E-1,
9.861650889655E-1),.UNSPECIFIED.)GEOMETRIC_REPRESENTATION_ITEM()RATIONAL_B_SPLINE_SURFACE(((1.178149900399E0,1.178149900399E0,1.178149900399E0,1.178149900399E0,
1.178149900399E0,1.178149900399E0,1.178149900399E0,1.178149900399E0,
1.178149900399E0,1.178149900399E0,1.178149900399E0,1.178149900399E0,
1.178149900399E0,1.178149900399E0,1.178149900399E0,1.178149900399E0,
1.178149900399E0,1.178149900399E0,1.178149900399E0),(9.406166998670E-1,
9.406166998670E-1,9.406166998670E-1,9.406166998670E-1,9.406166998670E-1,
9.406166998670E-1,9.406166998670E-1,9.406166998670E-1,9.406166998670E-1,
9.406166998670E-1,9.406166998670E-1,9.406166998670E-1,9.406166998670E-1,
9.406166998670E-1,9.406166998670E-1,9.406166998670E-1,9.406166998670E-1,
9.406166998670E-1,9.406166998670E-1),(9.406166998670E-1,9.406166998670E-1,
9.406166998670E-1,9.406166998670E-1,9.406166998670E-1,9.406166998670E-1,
9.406166998670E-1,9.406166998670E-1,9.406166998670E-1,9.406166998670E-1,
9.406166998670E-1,9.406166998670E-1,9.406166998670E-1,9.406166998670E-1,
9.406166998670E-1,9.406166998670E-1,9.406166998670E-1,9.406166998670E-1,
9.406166998670E-1),(1.178149900399E0,1.178149900399E0,1.178149900399E0,
1.178149900399E0,1.178149900399E0,1.178149900399E0,1.178149900399E0,
1.178149900399E0,1.178149900399E0,1.178149900399E0,1.178149900399E0,
1.178149900399E0,1.178149900399E0,1.178149900399E0,1.178149900399E0,
1.178149900399E0,1.178149900399E0,1.178149900399E0,1.178149900399E0)))REPRESENTATION_ITEM('')SURFACE());
#7718=ORIENTED_EDGE('',*,*,#7628,.F.);
#7720=ORIENTED_EDGE('',*,*,#7719,.T.);
#7722=ORIENTED_EDGE('',*,*,#7721,.T.);
#7724=ORIENTED_EDGE('',*,*,#7723,.F.);
#7725=EDGE_LOOP('',(#7718,#7720,#7722,#7724));
#7726=FACE_OUTER_BOUND('',#7725,.F.);
#7727=ADVANCED_FACE('',(#7726),#7717,.F.);
#7728=CARTESIAN_POINT('',(-1.755700093962E-1,9.357241397657E1,
-3.917060072116E1));
#7729=CARTESIAN_POINT('',(-5.325988795085E-1,9.357228900272E1,
-3.917941949752E1));
#7730=CARTESIAN_POINT('',(-1.371379837861E0,9.357111428645E1,
-3.926305236342E1));
#7731=CARTESIAN_POINT('',(-2.649943481591E0,9.356614216195E1,
-3.962529991695E1));
#7732=CARTESIAN_POINT('',(-3.941448225707E0,9.355765701289E1,
-4.029546987934E1));
#7733=CARTESIAN_POINT('',(-5.071710879670E0,9.354750248340E1,
-4.121199042975E1));
#7734=CARTESIAN_POINT('',(-5.994672223266E0,9.353732111651E1,
-4.233786497780E1));
#7735=CARTESIAN_POINT('',(-6.671898136604E0,9.352876955456E1,
-4.362693293031E1));
#7736=CARTESIAN_POINT('',(-7.075334367669E0,9.352324063991E1,
-4.502566737375E1));
#7737=CARTESIAN_POINT('',(-7.188694558426E0,9.352162869494E1,
-4.647664594945E1));
#7738=CARTESIAN_POINT('',(-7.007409254713E0,9.352419425209E1,
-4.792085049327E1));
#7739=CARTESIAN_POINT('',(-6.538726063869E0,9.353052339235E1,
-4.929921254541E1));
#7740=CARTESIAN_POINT('',(-5.801922612278E0,9.353958759021E1,
-5.055478409235E1));
#7741=CARTESIAN_POINT('',(-4.827676098115E0,9.354991023248E1,
-5.163573704619E1));
#7742=CARTESIAN_POINT('',(-3.655781696221E0,9.355982065206E1,
-5.249848398236E1));
#7743=CARTESIAN_POINT('',(-2.332605438280E0,9.356772079414E1,
-5.310828194404E1));
#7744=CARTESIAN_POINT('',(-1.017946181813E0,9.357197608659E1,
-5.341451747696E1));
#7745=CARTESIAN_POINT('',(-1.553478224699E-1,9.357255763468E1,
-5.345586167519E1));
#7746=CARTESIAN_POINT('',(2.203567301910E-1,9.357239672560E1,
-5.344431231215E1));
#7747=CARTESIAN_POINT('',(-1.755290461036E-1,9.339292967971E1,
-3.916984848028E1));
#7748=CARTESIAN_POINT('',(-5.324747416320E-1,9.339280695465E1,
-3.917866223884E1));
#7749=CARTESIAN_POINT('',(-1.371063421482E0,9.339162604206E1,
-3.926224670040E1));
#7750=CARTESIAN_POINT('',(-2.649415325101E0,9.338665870395E1,
-3.962430405421E1));
#7751=CARTESIAN_POINT('',(-3.940894836325E0,9.337817426910E1,
-4.029421950063E1));
#7752=CARTESIAN_POINT('',(-5.071356264704E0,9.336802072593E1,
-4.121057120362E1));
#7753=CARTESIAN_POINT('',(-5.994676793407E0,9.335783859806E1,
-4.233647843404E1));
#7754=CARTESIAN_POINT('',(-6.672299416460E0,9.334928537640E1,
-4.362583727077E1));
#7755=CARTESIAN_POINT('',(-7.076031578008E0,9.334375483779E1,
-4.502509404924E1));
#7756=CARTESIAN_POINT('',(-7.189483414541E0,9.334214234364E1,
-4.647672319775E1));
#7757=CARTESIAN_POINT('',(-7.008053363030E0,9.334470875920E1,
-4.792156083229E1));
#7758=CARTESIAN_POINT('',(-6.539039697305E0,9.335103963981E1,
-4.930039843040E1));
#7759=CARTESIAN_POINT('',(-5.801835749288E0,9.336010534964E1,
-5.055620029615E1));
#7760=CARTESIAN_POINT('',(-4.827257878593E0,9.337042842571E1,
-5.163713163402E1));
#7761=CARTESIAN_POINT('',(-3.655213489053E0,9.338033758953E1,
-5.249967832832E1));
#7762=CARTESIAN_POINT('',(-2.332114879308E0,9.338823684820E1,
-5.310922079573E1));
#7763=CARTESIAN_POINT('',(-1.017705184102E0,9.339248773520E1,
-5.341528809907E1));
#7764=CARTESIAN_POINT('',(-1.553118304805E-1,9.339307542081E1,
-5.345660800193E1));
#7765=CARTESIAN_POINT('',(2.203053223531E-1,9.339291213882E1,
-5.344506526575E1));
#7766=CARTESIAN_POINT('',(-1.786592263885E-1,9.326826270272E1,
-3.904076072025E1));
#7767=CARTESIAN_POINT('',(-5.419750697081E-1,9.326814159590E1,
-3.904972976900E1));
#7768=CARTESIAN_POINT('',(-1.395531583067E0,9.326695622443E1,
-3.913478631902E1));
#7769=CARTESIAN_POINT('',(-2.696756685187E0,9.326199233062E1,
-3.950323367682E1));
#7770=CARTESIAN_POINT('',(-4.011474376007E0,9.325350840972E1,
-4.018503971584E1));
#7771=CARTESIAN_POINT('',(-5.162428992199E0,9.324335557629E1,
-4.111777972676E1));
#7772=CARTESIAN_POINT('',(-6.102623338971E0,9.323317290082E1,
-4.226398859212E1));
#7773=CARTESIAN_POINT('',(-6.792721389476E0,9.322461848484E1,
-4.357677107325E1));
#7774=CARTESIAN_POINT('',(-7.203927567512E0,9.321908677762E1,
-4.500159048858E1));
#7775=CARTESIAN_POINT('',(-7.319485511868E0,9.321747388827E1,
-4.647981398967E1));
#7776=CARTESIAN_POINT('',(-7.134688660463E0,9.322004092155E1,
-4.795111159873E1));
#7777=CARTESIAN_POINT('',(-6.657001641105E0,9.322637305452E1,
-4.935511179619E1));
#7778=CARTESIAN_POINT('',(-5.906246778395E0,9.323543985238E1,
-5.063369114115E1));
#7779=CARTESIAN_POINT('',(-4.913891290006E0,9.324576324060E1,
-5.173407660001E1));
#7780=CARTESIAN_POINT('',(-3.720638569002E0,9.325567150077E1,
-5.261202085599E1));
#7781=CARTESIAN_POINT('',(-2.373768556285E0,9.326357012373E1,
-5.323236584324E1));
#7782=CARTESIAN_POINT('',(-1.035862449115E0,9.326781784057E1,
-5.354382984229E1));
#7783=CARTESIAN_POINT('',(-1.580813887216E-1,9.326840994275E1,
-5.358587721498E1));
#7784=CARTESIAN_POINT('',(2.242392144692E-1,9.326824495321E1,
-5.357413115013E1));
#7785=CARTESIAN_POINT('',(-1.830673078753E-1,9.327381598800E1,
-3.886141422745E1));
#7786=CARTESIAN_POINT('',(-5.553537334634E-1,9.327369489010E1,
-3.887060494947E1));
#7787=CARTESIAN_POINT('',(-1.429985123801E0,9.327250949406E1,
-3.895776371022E1));
#7788=CARTESIAN_POINT('',(-2.763333853603E0,9.326754561922E1,
-3.933531637812E1));
#7789=CARTESIAN_POINT('',(-4.110497873759E0,9.325906170115E1,
-4.003396627253E1));
#7790=CARTESIAN_POINT('',(-5.289845095333E0,9.324890887164E1,
-4.098973952564E1));
#7791=CARTESIAN_POINT('',(-6.253222018552E0,9.323872619315E1,
-4.216423984057E1));
#7792=CARTESIAN_POINT('',(-6.960328639948E0,9.323017177059E1,
-4.350941128794E1));
#7793=CARTESIAN_POINT('',(-7.381666374232E0,9.322464005693E1,
-4.496937246625E1));
#7794=CARTESIAN_POINT('',(-7.500071040881E0,9.322302716540E1,
-4.648404890631E1));
#7795=CARTESIAN_POINT('',(-7.310721695665E0,9.322559420208E1,
-4.799162945682E1));
#7796=CARTESIAN_POINT('',(-6.821264391165E0,9.323192634196E1,
-4.943026008797E1));
#7797=CARTESIAN_POINT('',(-6.052004262046E0,9.324099314580E1,
-5.074038745748E1));
#7798=CARTESIAN_POINT('',(-5.035177418965E0,9.325131653575E1,
-5.186793624235E1));
#7799=CARTESIAN_POINT('',(-3.812485562370E0,9.326122479094E1,
-5.276756288044E1));
#7800=CARTESIAN_POINT('',(-2.432372870383E0,9.326912341040E1,
-5.340323466029E1));
#7801=CARTESIAN_POINT('',(-1.061435828726E0,9.327337110978E1,
-5.372239617028E1));
#7802=CARTESIAN_POINT('',(-1.619813716263E-1,9.327396323628E1,
-5.376548277883E1));
#7803=CARTESIAN_POINT('',(2.297790511738E-1,9.327379823734E1,
-5.375344641004E1));
#7804=(BOUNDED_SURFACE()B_SPLINE_SURFACE(3,3,((#7728,#7729,#7730,#7731,#7732,
#7733,#7734,#7735,#7736,#7737,#7738,#7739,#7740,#7741,#7742,#7743,#7744,#7745,
#7746),(#7747,#7748,#7749,#7750,#7751,#7752,#7753,#7754,#7755,#7756,#7757,#7758,
#7759,#7760,#7761,#7762,#7763,#7764,#7765),(#7766,#7767,#7768,#7769,#7770,#7771,
#7772,#7773,#7774,#7775,#7776,#7777,#7778,#7779,#7780,#7781,#7782,#7783,#7784),(
#7785,#7786,#7787,#7788,#7789,#7790,#7791,#7792,#7793,#7794,#7795,#7796,#7797,
#7798,#7799,#7800,#7801,#7802,#7803)),.UNSPECIFIED.,.F.,.F.,.F.)B_SPLINE_SURFACE_WITH_KNOTS((4,4),(4,1,1,1,1,1,1,1,1,1,1,1,1,1,1,1,4),(0.E0,1.E0),(
1.597109773671E-2,6.222826053825E-2,1.247278965533E-1,1.871936815578E-1,
2.496607509644E-1,3.121989897673E-1,3.747529011853E-1,4.372648799818E-1,
4.997593649470E-1,5.622699914140E-1,6.247988120049E-1,6.873327896239E-1,
7.498299275442E-1,8.122768473105E-1,8.748101435604E-1,9.375026780103E-1,
9.861923081596E-1),.UNSPECIFIED.)GEOMETRIC_REPRESENTATION_ITEM()RATIONAL_B_SPLINE_SURFACE(((1.178145957075E0,1.178145957075E0,1.178145957075E0,1.178145957075E0,
1.178145957075E0,1.178145957075E0,1.178145957075E0,1.178145957075E0,
1.178145957075E0,1.178145957075E0,1.178145957075E0,1.178145957075E0,
1.178145957075E0,1.178145957075E0,1.178145957075E0,1.178145957075E0,
1.178145957075E0,1.178145957075E0,1.178145957075E0),(9.406180143082E-1,
9.406180143082E-1,9.406180143082E-1,9.406180143082E-1,9.406180143082E-1,
9.406180143082E-1,9.406180143082E-1,9.406180143082E-1,9.406180143082E-1,
9.406180143082E-1,9.406180143082E-1,9.406180143082E-1,9.406180143082E-1,
9.406180143082E-1,9.406180143082E-1,9.406180143082E-1,9.406180143082E-1,
9.406180143082E-1,9.406180143082E-1),(9.406180143082E-1,9.406180143082E-1,
9.406180143082E-1,9.406180143082E-1,9.406180143082E-1,9.406180143082E-1,
9.406180143082E-1,9.406180143082E-1,9.406180143082E-1,9.406180143082E-1,
9.406180143082E-1,9.406180143082E-1,9.406180143082E-1,9.406180143082E-1,
9.406180143082E-1,9.406180143082E-1,9.406180143082E-1,9.406180143082E-1,
9.406180143082E-1),(1.178145957075E0,1.178145957075E0,1.178145957075E0,
1.178145957075E0,1.178145957075E0,1.178145957075E0,1.178145957075E0,
1.178145957075E0,1.178145957075E0,1.178145957075E0,1.178145957075E0,
1.178145957075E0,1.178145957075E0,1.178145957075E0,1.178145957075E0,
1.178145957075E0,1.178145957075E0,1.178145957075E0,1.178145957075E0)))REPRESENTATION_ITEM('')SURFACE());
#7805=ORIENTED_EDGE('',*,*,#7616,.F.);
#7807=ORIENTED_EDGE('',*,*,#7806,.T.);
#7809=ORIENTED_EDGE('',*,*,#7808,.T.);
#7810=ORIENTED_EDGE('',*,*,#7719,.F.);
#7811=EDGE_LOOP('',(#7805,#7807,#7809,#7810));
#7812=FACE_OUTER_BOUND('',#7811,.F.);
#7813=ADVANCED_FACE('',(#7812),#7804,.F.);
#7814=CARTESIAN_POINT('',(7.794540838997E-3,9.357244428023E1,
-3.916840615420E1));
#7815=CARTESIAN_POINT('',(-5.836425276130E-4,9.357244440977E1,
-3.916839686186E1));
#7816=CARTESIAN_POINT('',(-9.772893915125E-2,9.357244351041E1,
-3.916846003706E1));
#7817=CARTESIAN_POINT('',(-2.350561197180E-1,9.357240286785E1,
-3.917135115162E1));
#7818=CARTESIAN_POINT('',(-3.638655683824E-1,9.357231578646E1,
-3.917755550901E1));
#7819=CARTESIAN_POINT('',(-4.039890795341E-1,9.357228391548E1,
-3.917982764819E1));
#7820=CARTESIAN_POINT('',(7.792714504927E-3,9.339299080096E1,
-3.916765445462E1));
#7821=CARTESIAN_POINT('',(-5.835131593092E-4,9.339299093048E1,
-3.916764516756E1));
#7822=CARTESIAN_POINT('',(-9.770613296699E-2,9.339299003260E1,
-3.916770830638E1));
#7823=CARTESIAN_POINT('',(-2.350012708229E-1,9.339294940098E1,
-3.917059776411E1));
#7824=CARTESIAN_POINT('',(-3.637809454384E-1,9.339286235005E1,
-3.917679858369E1));
#7825=CARTESIAN_POINT('',(-4.038952209510E-1,9.339283048950E1,
-3.917906942988E1));
#7826=CARTESIAN_POINT('',(7.934050850349E-3,9.326833084485E1,
-3.903856537054E1));
#7827=CARTESIAN_POINT('',(-5.916139231130E-4,9.326833097435E1,
-3.903855591992E1));
#7828=CARTESIAN_POINT('',(-9.944696138517E-2,9.326833007754E1,
-3.903862017052E1));
#7829=CARTESIAN_POINT('',(-2.391915390301E-1,9.326828945379E1,
-3.904156051345E1));
#7830=CARTESIAN_POINT('',(-3.702689256627E-1,9.326820242478E1,
-3.904787054569E1));
#7831=CARTESIAN_POINT('',(-4.110989546685E-1,9.326817057174E1,
-3.905018138924E1));
#7832=CARTESIAN_POINT('',(8.133088150335E-3,9.327384243901E1,
-3.885919508605E1));
#7833=CARTESIAN_POINT('',(-6.030465372283E-4,9.327384256852E1,
-3.885918540189E1));
#7834=CARTESIAN_POINT('',(-1.018987992018E-1,9.327384167171E1,
-3.885925124020E1));
#7835=CARTESIAN_POINT('',(-2.450931985113E-1,9.327380104801E1,
-3.886226424166E1));
#7836=CARTESIAN_POINT('',(-3.794064277019E-1,9.327371401913E1,
-3.886873019951E1));
#7837=CARTESIAN_POINT('',(-4.212444052918E-1,9.327368216612E1,
-3.887109814558E1));
#7838=(BOUNDED_SURFACE()B_SPLINE_SURFACE(3,3,((#7814,#7815,#7816,#7817,#7818,
#7819),(#7820,#7821,#7822,#7823,#7824,#7825),(#7826,#7827,#7828,#7829,#7830,
#7831),(#7832,#7833,#7834,#7835,#7836,#7837)),.UNSPECIFIED.,.F.,.F.,.F.)B_SPLINE_SURFACE_WITH_KNOTS((4,4),(4,1,1,4),(0.E0,1.E0),(3.805909827282E-1,
3.970549792867E-1,5.714911771183E-1,6.504652152745E-1),.UNSPECIFIED.)GEOMETRIC_REPRESENTATION_ITEM()RATIONAL_B_SPLINE_SURFACE(((1.178088425654E0,
1.178088425654E0,1.178088425654E0,1.178088425654E0,1.178088425654E0,
1.178088425654E0),(9.406371914488E-1,9.406371914488E-1,9.406371914488E-1,
9.406371914488E-1,9.406371914488E-1,9.406371914488E-1),(9.406371914488E-1,
9.406371914488E-1,9.406371914488E-1,9.406371914488E-1,9.406371914488E-1,
9.406371914488E-1),(1.178088425654E0,1.178088425654E0,1.178088425654E0,
1.178088425654E0,1.178088425654E0,1.178088425654E0)))REPRESENTATION_ITEM('')SURFACE());
#7839=ORIENTED_EDGE('',*,*,#7614,.F.);
#7841=ORIENTED_EDGE('',*,*,#7840,.T.);
#7843=ORIENTED_EDGE('',*,*,#7842,.T.);
#7844=ORIENTED_EDGE('',*,*,#7806,.F.);
#7845=EDGE_LOOP('',(#7839,#7841,#7843,#7844));
#7846=FACE_OUTER_BOUND('',#7845,.F.);
#7847=ADVANCED_FACE('',(#7846),#7838,.F.);
#7848=CARTESIAN_POINT('',(3.799310124046E-1,9.357230236606E1,
-3.917851967682E1));
#7849=CARTESIAN_POINT('',(3.412331445679E-1,9.357233128305E1,
-3.917645779434E1));
#7850=CARTESIAN_POINT('',(2.172434743949E-1,9.357240979017E1,
-3.917086279997E1));
#7851=CARTESIAN_POINT('',(8.801410902456E-2,9.357244433383E1,
-3.916840315820E1));
#7852=CARTESIAN_POINT('',(-2.464590778357E-3,9.357244436115E1,
-3.916840031016E1));
#7853=CARTESIAN_POINT('',(-7.584205240821E-3,9.357244428536E1,
-3.916840565329E1));
#7854=CARTESIAN_POINT('',(3.798426829555E-1,9.339284893318E1,
-3.917776220552E1));
#7855=CARTESIAN_POINT('',(3.411537370113E-1,9.339287784064E1,
-3.917570149690E1));
#7856=CARTESIAN_POINT('',(2.171927618774E-1,9.339295631971E1,
-3.917010969360E1));
#7857=CARTESIAN_POINT('',(8.799355699148E-2,9.339299085437E1,
-3.916765146063E1));
#7858=CARTESIAN_POINT('',(-2.464022332554E-3,9.339299088080E1,
-3.916764861388E1));
#7859=CARTESIAN_POINT('',(-7.582441733149E-3,9.339299080502E1,
-3.916765395393E1));
#7860=CARTESIAN_POINT('',(3.866218731469E-1,9.326818901102E1,
-3.904885114067E1));
#7861=CARTESIAN_POINT('',(3.472426155985E-1,9.326821791163E1,
-3.904675413631E1));
#7862=CARTESIAN_POINT('',(2.210699287871E-1,9.326829637051E1,
-3.904106384722E1));
#7863=CARTESIAN_POINT('',(8.956572610319E-2,9.326833089868E1,
-3.903856232267E1));
#7864=CARTESIAN_POINT('',(-2.505672541594E-3,9.326833092448E1,
-3.903855942555E1));
#7865=CARTESIAN_POINT('',(-7.715407727076E-3,9.326833084870E1,
-3.903856485964E1));
#7866=CARTESIAN_POINT('',(3.961694159077E-1,9.327370060691E1,
-3.886973502438E1));
#7867=CARTESIAN_POINT('',(3.558180233793E-1,9.327372950748E1,
-3.886758620158E1));
#7868=CARTESIAN_POINT('',(2.265305719613E-1,9.327380796625E1,
-3.886175530117E1));
#7869=CARTESIAN_POINT('',(9.177997422239E-2,9.327384249438E1,
-3.885919196175E1));
#7870=CARTESIAN_POINT('',(-2.564356809594E-3,9.327384252017E1,
-3.885918899307E1));
#7871=CARTESIAN_POINT('',(-7.902702790032E-3,9.327384244439E1,
-3.885919456144E1));
#7872=(BOUNDED_SURFACE()B_SPLINE_SURFACE(3,3,((#7848,#7849,#7850,#7851,#7852,
#7853),(#7854,#7855,#7856,#7857,#7858,#7859),(#7860,#7861,#7862,#7863,#7864,
#7865),(#7866,#7867,#7868,#7869,#7870,#7871)),.UNSPECIFIED.,.F.,.F.,.F.)B_SPLINE_SURFACE_WITH_KNOTS((4,4),(4,1,1,4),(0.E0,1.E0),(3.875952415186E-1,
4.649435785789E-1,6.353147614666E-1,6.455331922396E-1),.UNSPECIFIED.)GEOMETRIC_REPRESENTATION_ITEM()RATIONAL_B_SPLINE_SURFACE(((1.178088427717E0,
1.178088427717E0,1.178088427717E0,1.178088427717E0,1.178088427717E0,
1.178088427717E0),(9.406371907609E-1,9.406371907609E-1,9.406371907609E-1,
9.406371907609E-1,9.406371907609E-1,9.406371907609E-1),(9.406371907609E-1,
9.406371907609E-1,9.406371907609E-1,9.406371907609E-1,9.406371907609E-1,
9.406371907609E-1),(1.178088427717E0,1.178088427717E0,1.178088427717E0,
1.178088427717E0,1.178088427717E0,1.178088427717E0)))REPRESENTATION_ITEM('')SURFACE());
#7873=ORIENTED_EDGE('',*,*,#7630,.F.);
#7874=ORIENTED_EDGE('',*,*,#7723,.T.);
#7876=ORIENTED_EDGE('',*,*,#7875,.T.);
#7877=ORIENTED_EDGE('',*,*,#7840,.F.);
#7878=EDGE_LOOP('',(#7873,#7874,#7876,#7877));
#7879=FACE_OUTER_BOUND('',#7878,.F.);
#7880=ADVANCED_FACE('',(#7879),#7872,.F.);
#7881=CARTESIAN_POINT('',(-5.735000002005E-5,-4.585708278020E2,
1.665359470350E1));
#7882=DIRECTION('',(0.E0,0.E0,-1.E0));
#7883=DIRECTION('',(-4.749906526050E-2,9.988712823980E-1,0.E0));
#7884=AXIS2_PLACEMENT_3D('',#7881,#7882,#7883);
#7885=CYLINDRICAL_SURFACE('',#7884,5.518445287760E2);
#7886=ORIENTED_EDGE('',*,*,#7875,.F.);
#7887=ORIENTED_EDGE('',*,*,#7721,.F.);
#7889=ORIENTED_EDGE('',*,*,#7888,.F.);
#7891=ORIENTED_EDGE('',*,*,#7890,.T.);
#7893=ORIENTED_EDGE('',*,*,#7892,.F.);
#7895=ORIENTED_EDGE('',*,*,#7894,.T.);
#7897=ORIENTED_EDGE('',*,*,#7896,.F.);
#7899=ORIENTED_EDGE('',*,*,#7898,.T.);
#7901=ORIENTED_EDGE('',*,*,#7900,.F.);
#7903=ORIENTED_EDGE('',*,*,#7902,.T.);
#7905=ORIENTED_EDGE('',*,*,#7904,.F.);
#7906=ORIENTED_EDGE('',*,*,#7808,.F.);
#7907=ORIENTED_EDGE('',*,*,#7842,.F.);
#7908=EDGE_LOOP('',(#7886,#7887,#7889,#7891,#7893,#7895,#7897,#7899,#7901,#7903,
#7905,#7906,#7907));
#7909=FACE_OUTER_BOUND('',#7908,.F.);
#7911=ORIENTED_EDGE('',*,*,#7910,.T.);
#7913=ORIENTED_EDGE('',*,*,#7912,.F.);
#7914=EDGE_LOOP('',(#7911,#7913));
#7915=FACE_BOUND('',#7914,.F.);
#7917=ORIENTED_EDGE('',*,*,#7916,.T.);
#7919=ORIENTED_EDGE('',*,*,#7918,.T.);
#7920=EDGE_LOOP('',(#7917,#7919));
#7921=FACE_BOUND('',#7920,.F.);
#7923=ORIENTED_EDGE('',*,*,#7922,.T.);
#7925=ORIENTED_EDGE('',*,*,#7924,.T.);
#7927=ORIENTED_EDGE('',*,*,#7926,.T.);
#7929=ORIENTED_EDGE('',*,*,#7928,.T.);
#7931=ORIENTED_EDGE('',*,*,#7930,.T.);
#7933=ORIENTED_EDGE('',*,*,#7932,.T.);
#7935=ORIENTED_EDGE('',*,*,#7934,.T.);
#7937=ORIENTED_EDGE('',*,*,#7936,.T.);
#7938=EDGE_LOOP('',(#7923,#7925,#7927,#7929,#7931,#7933,#7935,#7937));
#7939=FACE_BOUND('',#7938,.F.);
#7940=ADVANCED_FACE('',(#7909,#7915,#7921,#7939),#7885,.T.);
#7941=CARTESIAN_POINT('',(-2.071065281600E1,9.076478096629E1,
-3.978237565570E1));
#7942=DIRECTION('',(0.E0,1.E0,0.E0));
#7943=DIRECTION('',(-1.570742991370E-12,0.E0,1.E0));
#7944=AXIS2_PLACEMENT_3D('',#7941,#7942,#7943);
#7945=CONICAL_SURFACE('',#7944,2.938818858890E0,1.000000000009E0);
#7947=ORIENTED_EDGE('',*,*,#7946,.F.);
#7949=ORIENTED_EDGE('',*,*,#7948,.T.);
#7950=ORIENTED_EDGE('',*,*,#7910,.F.);
#7952=ORIENTED_EDGE('',*,*,#7951,.F.);
#7953=EDGE_LOOP('',(#7947,#7949,#7950,#7952));
#7954=FACE_OUTER_BOUND('',#7953,.F.);
#7955=ADVANCED_FACE('',(#7954),#7945,.F.);
#7956=CARTESIAN_POINT('',(-2.071065281600E1,8.854085002960E1,
-3.978237565570E1));
#7957=DIRECTION('',(0.E0,-1.E0,0.E0));
#7958=DIRECTION('',(0.E0,0.E0,-1.E0));
#7959=AXIS2_PLACEMENT_3D('',#7956,#7957,#7958);
#7960=PLANE('',#7959);
#7961=ORIENTED_EDGE('',*,*,#7946,.T.);
#7963=ORIENTED_EDGE('',*,*,#7962,.T.);
#7964=EDGE_LOOP('',(#7961,#7963));
#7965=FACE_OUTER_BOUND('',#7964,.F.);
#7966=ORIENTED_EDGE('',*,*,#7182,.T.);
#7967=ORIENTED_EDGE('',*,*,#7195,.T.);
#7968=EDGE_LOOP('',(#7966,#7967));
#7969=FACE_BOUND('',#7968,.F.);
#7970=ADVANCED_FACE('',(#7965,#7969),#7960,.F.);
#7971=CARTESIAN_POINT('',(-2.071065281600E1,9.071289159816E1,
-3.978237565570E1));
#7972=DIRECTION('',(0.E0,1.E0,0.E0));
#7973=DIRECTION('',(1.570866735590E-12,0.E0,-1.E0));
#7974=AXIS2_PLACEMENT_3D('',#7971,#7972,#7973);
#7975=CONICAL_SURFACE('',#7974,2.937913126601E0,1.000000000009E0);
#7976=ORIENTED_EDGE('',*,*,#7948,.F.);
#7977=ORIENTED_EDGE('',*,*,#7962,.F.);
#7978=ORIENTED_EDGE('',*,*,#7951,.T.);
#7979=ORIENTED_EDGE('',*,*,#7912,.T.);
#7980=EDGE_LOOP('',(#7976,#7977,#7978,#7979));
#7981=FACE_OUTER_BOUND('',#7980,.F.);
#7982=ADVANCED_FACE('',(#7981),#7975,.F.);
#7983=CARTESIAN_POINT('',(2.071064976800E1,9.076477917035E1,-3.978237565570E1));
#7984=DIRECTION('',(0.E0,1.E0,0.E0));
#7985=DIRECTION('',(1.570866738870E-12,0.E0,-1.E0));
#7986=AXIS2_PLACEMENT_3D('',#7983,#7984,#7985);
#7987=CONICAL_SURFACE('',#7986,2.938818827542E0,9.999999999975E-1);
#7989=ORIENTED_EDGE('',*,*,#7988,.F.);
#7991=ORIENTED_EDGE('',*,*,#7990,.F.);
#7993=ORIENTED_EDGE('',*,*,#7992,.T.);
#7994=ORIENTED_EDGE('',*,*,#7916,.F.);
#7995=EDGE_LOOP('',(#7989,#7991,#7993,#7994));
#7996=FACE_OUTER_BOUND('',#7995,.F.);
#7997=ADVANCED_FACE('',(#7996),#7987,.F.);
#7998=CARTESIAN_POINT('',(2.071064976800E1,9.071289103543E1,-3.978237565570E1));
#7999=DIRECTION('',(0.E0,1.E0,0.E0));
#8000=DIRECTION('',(-1.570742988140E-12,0.E0,1.E0));
#8001=AXIS2_PLACEMENT_3D('',#7998,#7999,#8000);
#8002=CONICAL_SURFACE('',#8001,2.937913116785E0,9.999999999975E-1);
#8004=ORIENTED_EDGE('',*,*,#8003,.F.);
#8005=ORIENTED_EDGE('',*,*,#7988,.T.);
#8006=ORIENTED_EDGE('',*,*,#7918,.F.);
#8007=ORIENTED_EDGE('',*,*,#7992,.F.);
#8008=EDGE_LOOP('',(#8004,#8005,#8006,#8007));
#8009=FACE_OUTER_BOUND('',#8008,.F.);
#8010=ADVANCED_FACE('',(#8009),#8002,.F.);
#8011=CARTESIAN_POINT('',(2.071064976800E1,8.854085002960E1,-3.978237565570E1));
#8012=DIRECTION('',(0.E0,-1.E0,0.E0));
#8013=DIRECTION('',(0.E0,0.E0,-1.E0));
#8014=AXIS2_PLACEMENT_3D('',#8011,#8012,#8013);
#8015=PLANE('',#8014);
#8016=ORIENTED_EDGE('',*,*,#8003,.T.);
#8017=ORIENTED_EDGE('',*,*,#7990,.T.);
#8018=EDGE_LOOP('',(#8016,#8017));
#8019=FACE_OUTER_BOUND('',#8018,.F.);
#8021=ORIENTED_EDGE('',*,*,#8020,.T.);
#8023=ORIENTED_EDGE('',*,*,#8022,.T.);
#8024=EDGE_LOOP('',(#8021,#8023));
#8025=FACE_BOUND('',#8024,.F.);
#8026=ADVANCED_FACE('',(#8019,#8025),#8015,.F.);
#8027=CARTESIAN_POINT('',(2.071064976800E1,8.504085002960E1,-3.978237565570E1));
#8028=DIRECTION('',(0.E0,1.E0,0.E0));
#8029=DIRECTION('',(0.E0,0.E0,-1.E0));
#8030=AXIS2_PLACEMENT_3D('',#8027,#8028,#8029);
#8031=CYLINDRICAL_SURFACE('',#8030,1.5E0);
#8033=ORIENTED_EDGE('',*,*,#8032,.F.);
#8035=ORIENTED_EDGE('',*,*,#8034,.F.);
#8037=ORIENTED_EDGE('',*,*,#8036,.T.);
#8038=ORIENTED_EDGE('',*,*,#8020,.F.);
#8039=EDGE_LOOP('',(#8033,#8035,#8037,#8038));
#8040=FACE_OUTER_BOUND('',#8039,.F.);
#8041=ADVANCED_FACE('',(#8040),#8031,.F.);
#8042=CARTESIAN_POINT('',(2.071064976800E1,8.504085002960E1,-3.978237565570E1));
#8043=DIRECTION('',(0.E0,1.E0,0.E0));
#8044=DIRECTION('',(0.E0,0.E0,1.E0));
#8045=AXIS2_PLACEMENT_3D('',#8042,#8043,#8044);
#8046=CYLINDRICAL_SURFACE('',#8045,1.5E0);
#8048=ORIENTED_EDGE('',*,*,#8047,.F.);
#8049=ORIENTED_EDGE('',*,*,#8032,.T.);
#8050=ORIENTED_EDGE('',*,*,#8022,.F.);
#8051=ORIENTED_EDGE('',*,*,#8036,.F.);
#8052=EDGE_LOOP('',(#8048,#8049,#8050,#8051));
#8053=FACE_OUTER_BOUND('',#8052,.F.);
#8054=ADVANCED_FACE('',(#8053),#8046,.F.);
#8055=CARTESIAN_POINT('',(2.071064976800E1,8.704085002960E1,-3.978237565570E1));
#8056=DIRECTION('',(0.E0,-1.E0,0.E0));
#8057=DIRECTION('',(0.E0,0.E0,-1.E0));
#8058=AXIS2_PLACEMENT_3D('',#8055,#8056,#8057);
#8059=PLANE('',#8058);
#8061=ORIENTED_EDGE('',*,*,#8060,.T.);
#8063=ORIENTED_EDGE('',*,*,#8062,.T.);
#8064=EDGE_LOOP('',(#8061,#8063));
#8065=FACE_OUTER_BOUND('',#8064,.F.);
#8066=ORIENTED_EDGE('',*,*,#8034,.T.);
#8067=ORIENTED_EDGE('',*,*,#8047,.T.);
#8068=EDGE_LOOP('',(#8066,#8067));
#8069=FACE_BOUND('',#8068,.F.);
#8070=ADVANCED_FACE('',(#8065,#8069),#8059,.T.);
#8071=CARTESIAN_POINT('',(2.071064976800E1,8.906039369179E1,-3.978237565570E1));
#8072=DIRECTION('',(0.E0,1.E0,0.E0));
#8073=DIRECTION('',(1.570743535240E-12,0.E0,1.E0));
#8074=AXIS2_PLACEMENT_3D('',#8071,#8072,#8073);
#8075=CONICAL_SURFACE('',#8074,3.697727873608E0,5.E-1);
#8077=ORIENTED_EDGE('',*,*,#8076,.F.);
#8079=ORIENTED_EDGE('',*,*,#8078,.T.);
#8081=ORIENTED_EDGE('',*,*,#8080,.T.);
#8083=ORIENTED_EDGE('',*,*,#8082,.T.);
#8084=ORIENTED_EDGE('',*,*,#8060,.F.);
#8085=EDGE_LOOP('',(#8077,#8079,#8081,#8083,#8084));
#8086=FACE_OUTER_BOUND('',#8085,.F.);
#8087=ADVANCED_FACE('',(#8086),#8075,.T.);
#8088=CARTESIAN_POINT('',(2.071064976800E1,8.912488648702E1,-3.978237565570E1));
#8089=DIRECTION('',(0.E0,1.E0,0.E0));
#8090=DIRECTION('',(-1.570865999920E-12,0.E0,-1.E0));
#8091=AXIS2_PLACEMENT_3D('',#8088,#8089,#8090);
#8092=CONICAL_SURFACE('',#8091,3.698290693705E0,5.E-1);
#8094=ORIENTED_EDGE('',*,*,#8093,.F.);
#8096=ORIENTED_EDGE('',*,*,#8095,.T.);
#8098=ORIENTED_EDGE('',*,*,#8097,.F.);
#8100=ORIENTED_EDGE('',*,*,#8099,.T.);
#8102=ORIENTED_EDGE('',*,*,#8101,.T.);
#8103=ORIENTED_EDGE('',*,*,#8076,.T.);
#8104=ORIENTED_EDGE('',*,*,#8062,.F.);
#8105=ORIENTED_EDGE('',*,*,#8082,.F.);
#8107=ORIENTED_EDGE('',*,*,#8106,.T.);
#8108=EDGE_LOOP('',(#8094,#8096,#8098,#8100,#8102,#8103,#8104,#8105,#8107));
#8109=FACE_OUTER_BOUND('',#8108,.F.);
#8110=ADVANCED_FACE('',(#8109),#8092,.T.);
#8111=CARTESIAN_POINT('',(1.050104875880E1,9.075965951076E1,-3.921977913427E1));
#8112=DIRECTION('',(-1.362943945269E-4,1.745240651269E-2,9.998476858656E-1));
#8113=DIRECTION('',(0.E0,-9.998476951522E-1,1.745240667479E-2));
#8114=AXIS2_PLACEMENT_3D('',#8111,#8112,#8113);
#8115=PLANE('',#8114);
#8117=ORIENTED_EDGE('',*,*,#8116,.T.);
#8119=ORIENTED_EDGE('',*,*,#8118,.T.);
#8120=ORIENTED_EDGE('',*,*,#8093,.T.);
#8122=ORIENTED_EDGE('',*,*,#8121,.T.);
#8123=EDGE_LOOP('',(#8117,#8119,#8120,#8122));
#8124=FACE_OUTER_BOUND('',#8123,.F.);
#8125=ADVANCED_FACE('',(#8124),#8115,.F.);
#8126=CARTESIAN_POINT('',(3.636172083472E-1,8.95E1,-4.389960973952E1));
#8127=DIRECTION('',(9.999619230642E-1,-8.726535498374E-3,0.E0));
#8128=DIRECTION('',(0.E0,0.E0,1.E0));
#8129=AXIS2_PLACEMENT_3D('',#8126,#8127,#8128);
#8130=PLANE('',#8129);
#8132=ORIENTED_EDGE('',*,*,#8131,.T.);
#8133=ORIENTED_EDGE('',*,*,#8116,.F.);
#8135=ORIENTED_EDGE('',*,*,#8134,.T.);
#8136=ORIENTED_EDGE('',*,*,#7422,.T.);
#8137=ORIENTED_EDGE('',*,*,#7444,.T.);
#8139=ORIENTED_EDGE('',*,*,#8138,.T.);
#8140=EDGE_LOOP('',(#8132,#8133,#8135,#8136,#8137,#8139));
#8141=FACE_OUTER_BOUND('',#8140,.F.);
#8142=ADVANCED_FACE('',(#8141),#8130,.T.);
#8143=CARTESIAN_POINT('',(-5.15532E-1,-2.886181157990E2,-4.236998654910E1));
#8144=DIRECTION('',(-2.368808996791E-12,-4.641454885821E-6,-9.999999999892E-1));
#8145=DIRECTION('',(-4.026913265981E-2,9.991888695003E-1,-4.637689964860E-6));
#8146=AXIS2_PLACEMENT_3D('',#8143,#8144,#8145);
#8147=CYLINDRICAL_SURFACE('',#8146,3.789144268720E2);
#8149=ORIENTED_EDGE('',*,*,#8148,.F.);
#8151=ORIENTED_EDGE('',*,*,#8150,.F.);
#8153=ORIENTED_EDGE('',*,*,#8152,.F.);
#8154=ORIENTED_EDGE('',*,*,#8095,.F.);
#8155=ORIENTED_EDGE('',*,*,#8118,.F.);
#8156=ORIENTED_EDGE('',*,*,#8131,.F.);
#8158=ORIENTED_EDGE('',*,*,#8157,.F.);
#8159=ORIENTED_EDGE('',*,*,#7265,.T.);
#8160=ORIENTED_EDGE('',*,*,#7252,.F.);
#8161=ORIENTED_EDGE('',*,*,#7237,.T.);
#8162=EDGE_LOOP('',(#8149,#8151,#8153,#8154,#8155,#8156,#8158,#8159,#8160,
#8161));
#8163=FACE_OUTER_BOUND('',#8162,.F.);
#8165=ORIENTED_EDGE('',*,*,#8164,.F.);
#8167=ORIENTED_EDGE('',*,*,#8166,.F.);
#8169=ORIENTED_EDGE('',*,*,#8168,.F.);
#8171=ORIENTED_EDGE('',*,*,#8170,.F.);
#8173=ORIENTED_EDGE('',*,*,#8172,.T.);
#8175=ORIENTED_EDGE('',*,*,#8174,.F.);
#8177=ORIENTED_EDGE('',*,*,#8176,.T.);
#8179=ORIENTED_EDGE('',*,*,#8178,.F.);
#8180=EDGE_LOOP('',(#8165,#8167,#8169,#8171,#8173,#8175,#8177,#8179));
#8181=FACE_BOUND('',#8180,.F.);
#8183=ORIENTED_EDGE('',*,*,#8182,.F.);
#8185=ORIENTED_EDGE('',*,*,#8184,.F.);
#8186=EDGE_LOOP('',(#8183,#8185));
#8187=FACE_BOUND('',#8186,.F.);
#8189=ORIENTED_EDGE('',*,*,#8188,.F.);
#8191=ORIENTED_EDGE('',*,*,#8190,.F.);
#8192=EDGE_LOOP('',(#8189,#8191));
#8193=FACE_BOUND('',#8192,.F.);
#8195=ORIENTED_EDGE('',*,*,#8194,.F.);
#8197=ORIENTED_EDGE('',*,*,#8196,.T.);
#8199=ORIENTED_EDGE('',*,*,#8198,.T.);
#8201=ORIENTED_EDGE('',*,*,#8200,.F.);
#8202=EDGE_LOOP('',(#8195,#8197,#8199,#8201));
#8203=FACE_BOUND('',#8202,.F.);
#8204=ADVANCED_FACE('',(#8163,#8181,#8187,#8193,#8203),#8147,.F.);
#8205=CARTESIAN_POINT('',(-1.728004176573E1,9.059222185554E1,
-2.741065223671E1));
#8206=DIRECTION('',(9.998476951564E-1,1.745240643771E-2,-5.792594759262E-8));
#8207=DIRECTION('',(-1.745240643771E-2,9.998476951564E-1,0.E0));
#8208=AXIS2_PLACEMENT_3D('',#8205,#8206,#8207);
#8209=PLANE('',#8208);
#8210=ORIENTED_EDGE('',*,*,#8148,.T.);
#8211=ORIENTED_EDGE('',*,*,#7235,.F.);
#8212=ORIENTED_EDGE('',*,*,#7299,.T.);
#8214=ORIENTED_EDGE('',*,*,#8213,.T.);
#8215=EDGE_LOOP('',(#8210,#8211,#8212,#8214));
#8216=FACE_OUTER_BOUND('',#8215,.F.);
#8217=ADVANCED_FACE('',(#8216),#8209,.F.);
#8218=CARTESIAN_POINT('',(-1.182999994853E-6,-5.739779133650E1,
-2.995335079230E2));
#8219=DIRECTION('',(1.134215528830E-13,-8.827467590794E-1,4.698490814452E-1));
#8220=DIRECTION('',(8.374015173412E-2,4.681987953271E-1,8.796462215242E-1));
#8221=AXIS2_PLACEMENT_3D('',#8218,#8219,#8220);
#8222=CYLINDRICAL_SURFACE('',#8221,3.118089510890E2);
#8223=ORIENTED_EDGE('',*,*,#8213,.F.);
#8224=ORIENTED_EDGE('',*,*,#7297,.T.);
#8226=ORIENTED_EDGE('',*,*,#8225,.F.);
#8228=ORIENTED_EDGE('',*,*,#8227,.F.);
#8230=ORIENTED_EDGE('',*,*,#8229,.T.);
#8232=ORIENTED_EDGE('',*,*,#8231,.T.);
#8234=ORIENTED_EDGE('',*,*,#8233,.T.);
#8236=ORIENTED_EDGE('',*,*,#8235,.T.);
#8238=ORIENTED_EDGE('',*,*,#8237,.T.);
#8240=ORIENTED_EDGE('',*,*,#8239,.F.);
#8241=ORIENTED_EDGE('',*,*,#8150,.T.);
#8242=EDGE_LOOP('',(#8223,#8224,#8226,#8228,#8230,#8232,#8234,#8236,#8238,#8240,
#8241));
#8243=FACE_OUTER_BOUND('',#8242,.F.);
#8244=ADVANCED_FACE('',(#8243),#8222,.F.);
#8245=CARTESIAN_POINT('',(-2.467123098798E1,9.087080097457E1,
-2.636154763381E1));
#8246=CARTESIAN_POINT('',(-2.473286080890E1,9.091103881646E1,
-2.636820088714E1));
#8247=CARTESIAN_POINT('',(-2.514358116830E1,9.115212201350E1,
-2.647055627266E1));
#8248=CARTESIAN_POINT('',(-2.556130123076E1,9.121283689953E1,
-2.696996105332E1));
#8249=CARTESIAN_POINT('',(-2.561395253592E1,9.103864086270E1,
-2.742258153829E1));
#8250=CARTESIAN_POINT('',(-2.561375057640E1,9.100699154658E1,
-2.749009666752E1));
#8252=DIRECTION('',(-5.374345238922E-1,-7.641882417526E-1,3.566237004125E-1));
#8253=VECTOR('',#8252,1.E0);
#8254=SURFACE_OF_LINEAR_EXTRUSION('',#8251,#8253);
#8256=ORIENTED_EDGE('',*,*,#8255,.F.);
#8258=ORIENTED_EDGE('',*,*,#8257,.F.);
#8259=ORIENTED_EDGE('',*,*,#8225,.T.);
#8260=ORIENTED_EDGE('',*,*,#7295,.T.);
#8261=EDGE_LOOP('',(#8256,#8258,#8259,#8260));
#8262=FACE_OUTER_BOUND('',#8261,.F.);
#8263=ADVANCED_FACE('',(#8262),#8254,.F.);
#8264=CARTESIAN_POINT('',(-3.548106099700E1,7.700222299660E1,
-6.663717207130E1));
#8265=DIRECTION('',(-8.184059944969E-1,5.746404338119E-1,0.E0));
#8266=DIRECTION('',(-5.746404338119E-1,-8.184059944969E-1,0.E0));
#8267=AXIS2_PLACEMENT_3D('',#8264,#8265,#8266);
#8268=PLANE('',#8267);
#8270=ORIENTED_EDGE('',*,*,#8269,.F.);
#8272=ORIENTED_EDGE('',*,*,#8271,.F.);
#8274=ORIENTED_EDGE('',*,*,#8273,.F.);
#8275=ORIENTED_EDGE('',*,*,#8255,.T.);
#8276=ORIENTED_EDGE('',*,*,#7293,.F.);
#8277=EDGE_LOOP('',(#8270,#8272,#8274,#8275,#8276));
#8278=FACE_OUTER_BOUND('',#8277,.F.);
#8279=ADVANCED_FACE('',(#8278),#8268,.F.);
#8280=CARTESIAN_POINT('',(-2.578648023500E1,8.641183506950E1,
-5.194794748240E1));
#8281=DIRECTION('',(-1.745174208300E-2,-9.998096343222E-1,-8.725354703072E-3));
#8282=DIRECTION('',(-9.985782379374E-1,1.698930767704E-2,5.052589576162E-2));
#8283=AXIS2_PLACEMENT_3D('',#8280,#8281,#8282);
#8284=CYLINDRICAL_SURFACE('',#8283,1.3E0);
#8285=ORIENTED_EDGE('',*,*,#8269,.T.);
#8287=ORIENTED_EDGE('',*,*,#8286,.F.);
#8289=ORIENTED_EDGE('',*,*,#8288,.T.);
#8291=ORIENTED_EDGE('',*,*,#8290,.F.);
#8293=ORIENTED_EDGE('',*,*,#8292,.F.);
#8294=EDGE_LOOP('',(#8285,#8287,#8289,#8291,#8293));
#8295=FACE_OUTER_BOUND('',#8294,.F.);
#8296=ADVANCED_FACE('',(#8295),#8284,.F.);
#8297=CARTESIAN_POINT('',(2.921062937300E1,8.554085002960E1,-5.325513089530E1));
#8298=DIRECTION('',(8.492129736761E-6,8.726535498371E-3,-9.999619230281E-1));
#8299=DIRECTION('',(0.E0,9.999619230642E-1,8.726535498686E-3));
#8300=AXIS2_PLACEMENT_3D('',#8297,#8298,#8299);
#8301=PLANE('',#8300);
#8302=ORIENTED_EDGE('',*,*,#7447,.F.);
#8303=ORIENTED_EDGE('',*,*,#7428,.F.);
#8305=ORIENTED_EDGE('',*,*,#8304,.T.);
#8307=ORIENTED_EDGE('',*,*,#8306,.T.);
#8309=ORIENTED_EDGE('',*,*,#8308,.T.);
#8311=ORIENTED_EDGE('',*,*,#8310,.F.);
#8312=ORIENTED_EDGE('',*,*,#8286,.T.);
#8313=ORIENTED_EDGE('',*,*,#7291,.T.);
#8314=ORIENTED_EDGE('',*,*,#7410,.F.);
#8315=EDGE_LOOP('',(#8302,#8303,#8305,#8307,#8309,#8311,#8312,#8313,#8314));
#8316=FACE_OUTER_BOUND('',#8315,.F.);
#8317=ADVANCED_FACE('',(#8316),#8301,.F.);
#8318=CARTESIAN_POINT('',(2.566168063256E1,9.088487950172E1,-2.528900681750E1));
#8319=CARTESIAN_POINT('',(2.557828984686E1,9.088829923074E1,-2.528900681750E1));
#8320=CARTESIAN_POINT('',(2.124498034697E1,9.106578617268E1,-2.528900681750E1));
#8321=CARTESIAN_POINT('',(1.298355404447E1,9.138079773211E1,-2.528900681750E1));
#8322=CARTESIAN_POINT('',(4.543749162414E0,9.145556006149E1,-2.528900681750E1));
#8323=CARTESIAN_POINT('',(3.765866399627E-1,9.148128399381E1,
-2.528900681750E1));
#8324=CARTESIAN_POINT('',(1.305600013052E-1,9.148277478397E1,
-2.528900681750E1));
#8326=DIRECTION('',(0.E0,0.E0,-1.E0));
#8327=VECTOR('',#8326,1.E0);
#8328=SURFACE_OF_LINEAR_EXTRUSION('',#8325,#8327);
#8330=ORIENTED_EDGE('',*,*,#8329,.F.);
#8331=ORIENTED_EDGE('',*,*,#7424,.F.);
#8332=ORIENTED_EDGE('',*,*,#8134,.F.);
#8333=ORIENTED_EDGE('',*,*,#8121,.F.);
#8334=ORIENTED_EDGE('',*,*,#8106,.F.);
#8335=ORIENTED_EDGE('',*,*,#8080,.F.);
#8336=ORIENTED_EDGE('',*,*,#8078,.F.);
#8337=ORIENTED_EDGE('',*,*,#8101,.F.);
#8338=ORIENTED_EDGE('',*,*,#8099,.F.);
#8340=ORIENTED_EDGE('',*,*,#8339,.F.);
#8341=ORIENTED_EDGE('',*,*,#8237,.F.);
#8343=ORIENTED_EDGE('',*,*,#8342,.T.);
#8345=ORIENTED_EDGE('',*,*,#8344,.T.);
#8346=ORIENTED_EDGE('',*,*,#8304,.F.);
#8347=ORIENTED_EDGE('',*,*,#7426,.F.);
#8349=ORIENTED_EDGE('',*,*,#8348,.F.);
#8351=ORIENTED_EDGE('',*,*,#8350,.F.);
#8352=EDGE_LOOP('',(#8330,#8331,#8332,#8333,#8334,#8335,#8336,#8337,#8338,#8340,
#8341,#8343,#8345,#8346,#8347,#8349,#8351));
#8353=FACE_OUTER_BOUND('',#8352,.F.);
#8354=ADVANCED_FACE('',(#8353),#8328,.T.);
#8355=CARTESIAN_POINT('',(8.999871461E0,8.844707477581E1,-4.630807779750E1));
#8356=DIRECTION('',(0.E0,1.E0,0.E0));
#8357=DIRECTION('',(1.570865999920E-12,0.E0,-1.E0));
#8358=AXIS2_PLACEMENT_3D('',#8355,#8356,#8357);
#8359=CONICAL_SURFACE('',#8358,2.012271937444E0,5.E-1);
#8361=ORIENTED_EDGE('',*,*,#8360,.F.);
#8363=ORIENTED_EDGE('',*,*,#8362,.T.);
#8364=ORIENTED_EDGE('',*,*,#8348,.T.);
#8365=ORIENTED_EDGE('',*,*,#8329,.T.);
#8367=ORIENTED_EDGE('',*,*,#8366,.F.);
#8368=EDGE_LOOP('',(#8361,#8363,#8364,#8365,#8367));
#8369=FACE_OUTER_BOUND('',#8368,.F.);
#8370=ADVANCED_FACE('',(#8369),#8359,.T.);
#8371=CARTESIAN_POINT('',(8.999871461E0,8.546874564480E1,-4.630807779750E1));
#8372=DIRECTION('',(0.E0,-1.E0,0.E0));
#8373=DIRECTION('',(0.E0,0.E0,-1.E0));
#8374=AXIS2_PLACEMENT_3D('',#8371,#8372,#8373);
#8375=PLANE('',#8374);
#8377=ORIENTED_EDGE('',*,*,#8376,.T.);
#8378=ORIENTED_EDGE('',*,*,#8360,.T.);
#8379=EDGE_LOOP('',(#8377,#8378));
#8380=FACE_OUTER_BOUND('',#8379,.F.);
#8382=ORIENTED_EDGE('',*,*,#8381,.T.);
#8384=ORIENTED_EDGE('',*,*,#8383,.T.);
#8385=EDGE_LOOP('',(#8382,#8384));
#8386=FACE_BOUND('',#8385,.F.);
#8387=ADVANCED_FACE('',(#8380,#8386),#8375,.T.);
#8388=CARTESIAN_POINT('',(8.999871461E0,8.843320831096E1,-4.630807779750E1));
#8389=DIRECTION('',(0.E0,1.E0,0.E0));
#8390=DIRECTION('',(-1.570743535240E-12,0.E0,1.E0));
#8391=AXIS2_PLACEMENT_3D('',#8388,#8389,#8390);
#8392=CONICAL_SURFACE('',#8391,2.012150926639E0,5.E-1);
#8393=ORIENTED_EDGE('',*,*,#8362,.F.);
#8394=ORIENTED_EDGE('',*,*,#8376,.F.);
#8395=ORIENTED_EDGE('',*,*,#8366,.T.);
#8396=ORIENTED_EDGE('',*,*,#8350,.T.);
#8397=EDGE_LOOP('',(#8393,#8394,#8395,#8396));
#8398=FACE_OUTER_BOUND('',#8397,.F.);
#8399=ADVANCED_FACE('',(#8398),#8392,.T.);
#8400=CARTESIAN_POINT('',(8.999871461E0,8.896874564480E1,-4.630807779750E1));
#8401=DIRECTION('',(0.E0,1.E0,0.E0));
#8402=DIRECTION('',(1.570865999920E-12,0.E0,-1.E0));
#8403=AXIS2_PLACEMENT_3D('',#8400,#8401,#8402);
#8404=CYLINDRICAL_SURFACE('',#8403,1.E0);
#8406=ORIENTED_EDGE('',*,*,#8405,.F.);
#8407=ORIENTED_EDGE('',*,*,#8381,.F.);
#8409=ORIENTED_EDGE('',*,*,#8408,.T.);
#8411=ORIENTED_EDGE('',*,*,#8410,.T.);
#8412=EDGE_LOOP('',(#8406,#8407,#8409,#8411));
#8413=FACE_OUTER_BOUND('',#8412,.F.);
#8414=ADVANCED_FACE('',(#8413),#8404,.F.);
#8415=CARTESIAN_POINT('',(8.999871461E0,8.896874564480E1,-4.630807779750E1));
#8416=DIRECTION('',(0.E0,1.E0,0.E0));
#8417=DIRECTION('',(-1.570743535240E-12,0.E0,1.E0));
#8418=AXIS2_PLACEMENT_3D('',#8415,#8416,#8417);
#8419=CYLINDRICAL_SURFACE('',#8418,1.E0);
#8420=ORIENTED_EDGE('',*,*,#8383,.F.);
#8421=ORIENTED_EDGE('',*,*,#8405,.T.);
#8423=ORIENTED_EDGE('',*,*,#8422,.T.);
#8424=ORIENTED_EDGE('',*,*,#8408,.F.);
#8425=EDGE_LOOP('',(#8420,#8421,#8423,#8424));
#8426=FACE_OUTER_BOUND('',#8425,.F.);
#8427=ADVANCED_FACE('',(#8426),#8419,.F.);
#8428=CARTESIAN_POINT('',(7.238906999987E-3,-4.596807018890E2,
-4.529428689070E1));
#8429=DIRECTION('',(0.E0,0.E0,1.E0));
#8430=DIRECTION('',(1.813131912030E-2,9.998356141221E-1,0.E0));
#8431=AXIS2_PLACEMENT_3D('',#8428,#8429,#8430);
#8432=CYLINDRICAL_SURFACE('',#8431,5.511543585300E2);
#8433=ORIENTED_EDGE('',*,*,#8422,.F.);
#8434=ORIENTED_EDGE('',*,*,#8410,.F.);
#8435=EDGE_LOOP('',(#8433,#8434));
#8436=FACE_OUTER_BOUND('',#8435,.F.);
#8437=ADVANCED_FACE('',(#8436),#8432,.F.);
#8438=CARTESIAN_POINT('',(1.724906176589E1,9.058904592091E1,-3.292157555948E1));
#8439=DIRECTION('',(9.998476951564E-1,-1.745240643741E-2,5.792667183042E-8));
#8440=DIRECTION('',(1.745240643741E-2,9.998476951564E-1,0.E0));
#8441=AXIS2_PLACEMENT_3D('',#8438,#8439,#8440);
#8442=PLANE('',#8441);
#8443=ORIENTED_EDGE('',*,*,#8239,.T.);
#8444=ORIENTED_EDGE('',*,*,#8339,.T.);
#8445=ORIENTED_EDGE('',*,*,#8097,.T.);
#8446=ORIENTED_EDGE('',*,*,#8152,.T.);
#8447=EDGE_LOOP('',(#8443,#8444,#8445,#8446));
#8448=FACE_OUTER_BOUND('',#8447,.F.);
#8449=ADVANCED_FACE('',(#8448),#8442,.T.);
#8450=CARTESIAN_POINT('',(2.645325161983E1,8.863471456897E1,-2.533277557712E1));
#8451=CARTESIAN_POINT('',(2.682225623131E1,8.897169788595E1,-2.537209808091E1));
#8452=CARTESIAN_POINT('',(2.728533362164E1,8.913506794132E1,-2.601244812960E1));
#8453=CARTESIAN_POINT('',(2.727347478375E1,8.892407847900E1,-2.646700049677E1));
#8454=CARTESIAN_POINT('',(2.565981172514E1,8.945815791727E1,-2.569454530254E1));
#8455=CARTESIAN_POINT('',(2.602928089643E1,8.979592370472E1,-2.573262525062E1));
#8456=CARTESIAN_POINT('',(2.649475366735E1,8.995940838565E1,-2.637385830857E1));
#8457=CARTESIAN_POINT('',(2.648313593816E1,8.974732284915E1,-2.682875820880E1));
#8458=CARTESIAN_POINT('',(2.486706219610E1,9.028088247732E1,-2.605947716418E1));
#8459=CARTESIAN_POINT('',(2.523694204612E1,9.061948066756E1,-2.609633032100E1));
#8460=CARTESIAN_POINT('',(2.570481445811E1,9.078308363769E1,-2.673844188924E1));
#8461=CARTESIAN_POINT('',(2.569348117338E1,9.056985459606E1,-2.719366612188E1));
#8462=CARTESIAN_POINT('',(2.407502598982E1,9.110286439567E1,-2.642753369246E1));
#8463=CARTESIAN_POINT('',(2.444526177479E1,9.144234574976E1,-2.646317747674E1));
#8464=CARTESIAN_POINT('',(2.491553810907E1,9.160607066374E1,-2.710616307566E1));
#8465=CARTESIAN_POINT('',(2.490453344897E1,9.139164980074E1,-2.756168689298E1));
#8466=(BOUNDED_SURFACE()B_SPLINE_SURFACE(3,3,((#8450,#8451,#8452,#8453),(#8454,
#8455,#8456,#8457),(#8458,#8459,#8460,#8461),(#8462,#8463,#8464,#8465)),
.UNSPECIFIED.,.F.,.F.,.F.)B_SPLINE_SURFACE_WITH_KNOTS((4,4),(4,4),(
-1.509667929834E-1,1.150897034918E0),(-1.952478459117E-1,1.195225294868E0),
.UNSPECIFIED.)GEOMETRIC_REPRESENTATION_ITEM()RATIONAL_B_SPLINE_SURFACE(((
1.078224557761E0,8.621966334303E-1,8.621931298879E-1,1.078214047158E0),(
1.078472553035E0,8.617597555112E-1,8.617562408663E-1,1.078462009090E0),(
1.078720946321E0,8.613221764063E-1,8.613186506351E-1,1.078710369011E0),(
1.078969735705E0,8.608838995193E-1,8.608803626039E-1,1.078959124967E0)))REPRESENTATION_ITEM('')SURFACE());
#8467=ORIENTED_EDGE('',*,*,#8342,.F.);
#8468=ORIENTED_EDGE('',*,*,#8235,.F.);
#8470=ORIENTED_EDGE('',*,*,#8469,.F.);
#8472=ORIENTED_EDGE('',*,*,#8471,.F.);
#8473=EDGE_LOOP('',(#8467,#8468,#8470,#8472));
#8474=FACE_OUTER_BOUND('',#8473,.F.);
#8475=ADVANCED_FACE('',(#8474),#8466,.T.);
#8476=CARTESIAN_POINT('',(2.601682172E1,8.862238712700E1,-2.639660858780E1));
#8477=DIRECTION('',(1.541718466920E-2,-8.832499181412E-1,4.686490078091E-1));
#8478=DIRECTION('',(9.998476278327E-1,1.745626146769E-2,7.267684274745E-6));
#8479=AXIS2_PLACEMENT_3D('',#8476,#8477,#8478);
#8480=CYLINDRICAL_SURFACE('',#8479,1.E0);
#8482=ORIENTED_EDGE('',*,*,#8481,.T.);
#8483=ORIENTED_EDGE('',*,*,#8469,.T.);
#8484=ORIENTED_EDGE('',*,*,#8233,.F.);
#8486=ORIENTED_EDGE('',*,*,#8485,.F.);
#8488=ORIENTED_EDGE('',*,*,#8487,.F.);
#8489=EDGE_LOOP('',(#8482,#8483,#8484,#8486,#8488));
#8490=FACE_OUTER_BOUND('',#8489,.F.);
#8491=ADVANCED_FACE('',(#8490),#8480,.F.);
#8492=CARTESIAN_POINT('',(2.541149744700E1,9.089512629E1,-4.172256770540E1));
#8493=DIRECTION('',(-7.214116238143E-1,-6.925065119013E-1,0.E0));
#8494=DIRECTION('',(6.925065119013E-1,-7.214116238143E-1,0.E0));
#8495=AXIS2_PLACEMENT_3D('',#8492,#8493,#8494);
#8496=PLANE('',#8495);
#8497=ORIENTED_EDGE('',*,*,#8481,.F.);
#8499=ORIENTED_EDGE('',*,*,#8498,.F.);
#8501=ORIENTED_EDGE('',*,*,#8500,.F.);
#8502=ORIENTED_EDGE('',*,*,#8306,.F.);
#8503=ORIENTED_EDGE('',*,*,#8344,.F.);
#8504=ORIENTED_EDGE('',*,*,#8471,.T.);
#8505=EDGE_LOOP('',(#8497,#8499,#8501,#8502,#8503,#8504));
#8506=FACE_OUTER_BOUND('',#8505,.F.);
#8507=ADVANCED_FACE('',(#8506),#8496,.T.);
#8508=CARTESIAN_POINT('',(2.707056142E1,8.555236861790E1,4.916842156550E1));
#8509=DIRECTION('',(9.998476951564E-1,1.745240643731E-2,0.E0));
#8510=DIRECTION('',(-1.745240643731E-2,9.998476951564E-1,0.E0));
#8511=AXIS2_PLACEMENT_3D('',#8508,#8509,#8510);
#8512=PLANE('',#8511);
#8514=ORIENTED_EDGE('',*,*,#8513,.F.);
#8515=ORIENTED_EDGE('',*,*,#8498,.T.);
#8516=ORIENTED_EDGE('',*,*,#8487,.T.);
#8518=ORIENTED_EDGE('',*,*,#8517,.T.);
#8520=ORIENTED_EDGE('',*,*,#8519,.T.);
#8521=EDGE_LOOP('',(#8514,#8515,#8516,#8518,#8520));
#8522=FACE_OUTER_BOUND('',#8521,.F.);
#8523=ADVANCED_FACE('',(#8522),#8512,.F.);
#8524=CARTESIAN_POINT('',(2.575536157800E1,8.641182209550E1,-5.194750987900E1));
#8525=DIRECTION('',(-1.745174212810E-2,9.998096369080E-1,8.725058309440E-3));
#8526=DIRECTION('',(9.998476951542E-1,1.745240656158E-2,-1.424552620192E-8));
#8527=AXIS2_PLACEMENT_3D('',#8524,#8525,#8526);
#8528=CYLINDRICAL_SURFACE('',#8527,1.3E0);
#8529=ORIENTED_EDGE('',*,*,#8500,.T.);
#8530=ORIENTED_EDGE('',*,*,#8513,.T.);
#8532=ORIENTED_EDGE('',*,*,#8531,.T.);
#8533=ORIENTED_EDGE('',*,*,#8308,.F.);
#8534=EDGE_LOOP('',(#8529,#8530,#8532,#8533));
#8535=FACE_OUTER_BOUND('',#8534,.F.);
#8536=ADVANCED_FACE('',(#8535),#8528,.F.);
#8537=CARTESIAN_POINT('',(-2.993896454900E1,8.834304436614E1,
-5.542917246352E1));
#8538=CARTESIAN_POINT('',(-2.974357722729E1,8.835402835044E1,
-5.542926036936E1));
#8539=CARTESIAN_POINT('',(-2.611199604580E1,8.855700926709E1,
-5.543088400727E1));
#8540=CARTESIAN_POINT('',(-1.545749939768E1,8.908530282229E1,
-5.543506159135E1));
#8541=CARTESIAN_POINT('',(4.112036350832E0,8.940133030358E1,-5.543703156581E1));
#8542=CARTESIAN_POINT('',(2.043805835710E1,8.890017945573E1,-5.543200881859E1));
#8543=CARTESIAN_POINT('',(2.971298349960E1,8.835390258969E1,-5.542687544383E1));
#8544=CARTESIAN_POINT('',(2.990831845157E1,8.834228136126E1,-5.542676631811E1));
#8546=DIRECTION('',(-4.009210724403E-5,8.715962117162E-3,9.999620144770E-1));
#8547=VECTOR('',#8546,1.E0);
#8548=SURFACE_OF_LINEAR_EXTRUSION('',#8545,#8547);
#8550=ORIENTED_EDGE('',*,*,#8549,.F.);
#8552=ORIENTED_EDGE('',*,*,#8551,.T.);
#8554=ORIENTED_EDGE('',*,*,#8553,.F.);
#8556=ORIENTED_EDGE('',*,*,#8555,.F.);
#8558=ORIENTED_EDGE('',*,*,#8557,.F.);
#8560=ORIENTED_EDGE('',*,*,#8559,.T.);
#8562=ORIENTED_EDGE('',*,*,#8561,.T.);
#8564=ORIENTED_EDGE('',*,*,#8563,.F.);
#8566=ORIENTED_EDGE('',*,*,#8565,.F.);
#8568=ORIENTED_EDGE('',*,*,#8567,.F.);
#8569=ORIENTED_EDGE('',*,*,#8288,.F.);
#8570=ORIENTED_EDGE('',*,*,#8310,.T.);
#8571=ORIENTED_EDGE('',*,*,#8531,.F.);
#8572=ORIENTED_EDGE('',*,*,#8519,.F.);
#8574=ORIENTED_EDGE('',*,*,#8573,.F.);
#8575=EDGE_LOOP('',(#8550,#8552,#8554,#8556,#8558,#8560,#8562,#8564,#8566,#8568,
#8569,#8570,#8571,#8572,#8574));
#8576=FACE_OUTER_BOUND('',#8575,.F.);
#8578=ORIENTED_EDGE('',*,*,#8577,.F.);
#8580=ORIENTED_EDGE('',*,*,#8579,.F.);
#8582=ORIENTED_EDGE('',*,*,#8581,.F.);
#8584=ORIENTED_EDGE('',*,*,#8583,.F.);
#8586=ORIENTED_EDGE('',*,*,#8585,.F.);
#8588=ORIENTED_EDGE('',*,*,#8587,.F.);
#8590=ORIENTED_EDGE('',*,*,#8589,.F.);
#8592=ORIENTED_EDGE('',*,*,#8591,.F.);
#8594=ORIENTED_EDGE('',*,*,#8593,.F.);
#8596=ORIENTED_EDGE('',*,*,#8595,.F.);
#8597=EDGE_LOOP('',(#8578,#8580,#8582,#8584,#8586,#8588,#8590,#8592,#8594,
#8596));
#8598=FACE_BOUND('',#8597,.F.);
#8600=ORIENTED_EDGE('',*,*,#8599,.F.);
#8602=ORIENTED_EDGE('',*,*,#8601,.T.);
#8604=ORIENTED_EDGE('',*,*,#8603,.F.);
#8606=ORIENTED_EDGE('',*,*,#8605,.F.);
#8608=ORIENTED_EDGE('',*,*,#8607,.F.);
#8610=ORIENTED_EDGE('',*,*,#8609,.F.);
#8612=ORIENTED_EDGE('',*,*,#8611,.F.);
#8614=ORIENTED_EDGE('',*,*,#8613,.F.);
#8616=ORIENTED_EDGE('',*,*,#8615,.F.);
#8618=ORIENTED_EDGE('',*,*,#8617,.T.);
#8619=EDGE_LOOP('',(#8600,#8602,#8604,#8606,#8608,#8610,#8612,#8614,#8616,
#8618));
#8620=FACE_BOUND('',#8619,.F.);
#8621=ADVANCED_FACE('',(#8576,#8598,#8620),#8548,.T.);
#8622=CARTESIAN_POINT('',(-1.398196299999E-2,-4.031771676850E2,
-4.538875762660E1));
#8623=DIRECTION('',(-5.246259183540E-4,-1.744057515500E-2,9.998477639650E-1));
#8624=DIRECTION('',(5.969243723858E-2,9.980644427126E-1,1.744078923897E-2));
#8625=AXIS2_PLACEMENT_3D('',#8622,#8623,#8624);
#8626=CYLINDRICAL_SURFACE('',#8625,4.926473508800E2);
#8627=ORIENTED_EDGE('',*,*,#8517,.F.);
#8628=ORIENTED_EDGE('',*,*,#8485,.T.);
#8629=ORIENTED_EDGE('',*,*,#8231,.F.);
#8631=ORIENTED_EDGE('',*,*,#8630,.T.);
#8633=ORIENTED_EDGE('',*,*,#8632,.F.);
#8635=ORIENTED_EDGE('',*,*,#8634,.T.);
#8637=ORIENTED_EDGE('',*,*,#8636,.F.);
#8638=ORIENTED_EDGE('',*,*,#8549,.T.);
#8639=ORIENTED_EDGE('',*,*,#8573,.T.);
#8640=EDGE_LOOP('',(#8627,#8628,#8629,#8631,#8633,#8635,#8637,#8638,#8639));
#8641=FACE_OUTER_BOUND('',#8640,.F.);
#8643=ORIENTED_EDGE('',*,*,#8642,.T.);
#8645=ORIENTED_EDGE('',*,*,#8644,.T.);
#8647=ORIENTED_EDGE('',*,*,#8646,.T.);
#8649=ORIENTED_EDGE('',*,*,#8648,.F.);
#8651=ORIENTED_EDGE('',*,*,#8650,.T.);
#8653=ORIENTED_EDGE('',*,*,#8652,.F.);
#8655=ORIENTED_EDGE('',*,*,#8654,.T.);
#8657=ORIENTED_EDGE('',*,*,#8656,.T.);
#8658=EDGE_LOOP('',(#8643,#8645,#8647,#8649,#8651,#8653,#8655,#8657));
#8659=FACE_BOUND('',#8658,.F.);
#8660=ADVANCED_FACE('',(#8641,#8659),#8626,.F.);
#8661=CARTESIAN_POINT('',(4.984590700002E-2,-4.043213554100E2,
-3.139108748060E1));
#8662=DIRECTION('',(-5.250848868892E-4,1.744054292501E-2,-9.998477642863E-1));
#8663=DIRECTION('',(-5.970469558898E-2,9.980637096816E-1,1.744077811323E-2));
#8664=AXIS2_PLACEMENT_3D('',#8661,#8662,#8663);
#8665=CYLINDRICAL_SURFACE('',#8664,4.935472390970E2);
#8666=ORIENTED_EDGE('',*,*,#8630,.F.);
#8667=ORIENTED_EDGE('',*,*,#8229,.F.);
#8669=ORIENTED_EDGE('',*,*,#8668,.F.);
#8671=ORIENTED_EDGE('',*,*,#8670,.F.);
#8672=ORIENTED_EDGE('',*,*,#8565,.T.);
#8673=ORIENTED_EDGE('',*,*,#8563,.T.);
#8675=ORIENTED_EDGE('',*,*,#8674,.F.);
#8677=ORIENTED_EDGE('',*,*,#8676,.T.);
#8679=ORIENTED_EDGE('',*,*,#8678,.T.);
#8680=EDGE_LOOP('',(#8666,#8667,#8669,#8671,#8672,#8673,#8675,#8677,#8679));
#8681=FACE_OUTER_BOUND('',#8680,.F.);
#8683=ORIENTED_EDGE('',*,*,#8682,.T.);
#8685=ORIENTED_EDGE('',*,*,#8684,.F.);
#8687=ORIENTED_EDGE('',*,*,#8686,.T.);
#8689=ORIENTED_EDGE('',*,*,#8688,.F.);
#8691=ORIENTED_EDGE('',*,*,#8690,.T.);
#8693=ORIENTED_EDGE('',*,*,#8692,.F.);
#8695=ORIENTED_EDGE('',*,*,#8694,.T.);
#8697=ORIENTED_EDGE('',*,*,#8696,.T.);
#8698=EDGE_LOOP('',(#8683,#8685,#8687,#8689,#8691,#8693,#8695,#8697));
#8699=FACE_BOUND('',#8698,.F.);
#8700=ADVANCED_FACE('',(#8681,#8699),#8665,.F.);
#8701=CARTESIAN_POINT('',(-2.604978447500E1,8.851675186020E1,
-2.634352178940E1));
#8702=DIRECTION('',(-1.541719822661E-2,-8.832506948793E-1,4.686475434632E-1));
#8703=DIRECTION('',(-8.386778630374E-2,4.681938841386E-1,8.796366757223E-1));
#8704=AXIS2_PLACEMENT_3D('',#8701,#8702,#8703);
#8705=CYLINDRICAL_SURFACE('',#8704,1.E0);
#8707=ORIENTED_EDGE('',*,*,#8706,.F.);
#8708=ORIENTED_EDGE('',*,*,#8668,.T.);
#8709=ORIENTED_EDGE('',*,*,#8227,.T.);
#8710=ORIENTED_EDGE('',*,*,#8257,.T.);
#8711=ORIENTED_EDGE('',*,*,#8273,.T.);
#8712=EDGE_LOOP('',(#8707,#8708,#8709,#8710,#8711));
#8713=FACE_OUTER_BOUND('',#8712,.F.);
#8714=ADVANCED_FACE('',(#8713),#8705,.F.);
#8715=CARTESIAN_POINT('',(-2.710168030500E1,8.555236861790E1,4.916603596750E1));
#8716=DIRECTION('',(-9.998476951564E-1,1.745240643731E-2,0.E0));
#8717=DIRECTION('',(-1.745240643731E-2,-9.998476951564E-1,0.E0));
#8718=AXIS2_PLACEMENT_3D('',#8715,#8716,#8717);
#8719=PLANE('',#8718);
#8720=ORIENTED_EDGE('',*,*,#8567,.T.);
#8721=ORIENTED_EDGE('',*,*,#8670,.T.);
#8722=ORIENTED_EDGE('',*,*,#8706,.T.);
#8723=ORIENTED_EDGE('',*,*,#8271,.T.);
#8724=ORIENTED_EDGE('',*,*,#8292,.T.);
#8725=ORIENTED_EDGE('',*,*,#8290,.T.);
#8726=EDGE_LOOP('',(#8720,#8721,#8722,#8723,#8724,#8725));
#8727=FACE_OUTER_BOUND('',#8726,.F.);
#8728=ADVANCED_FACE('',(#8727),#8719,.F.);
#8729=CARTESIAN_POINT('',(-3.673693764400E1,7.786448293580E1,
-6.664003032820E1));
#8730=DIRECTION('',(-8.184059944969E-1,5.746404338119E-1,0.E0));
#8731=DIRECTION('',(-5.746404338119E-1,-8.184059944969E-1,0.E0));
#8732=AXIS2_PLACEMENT_3D('',#8729,#8730,#8731);
#8733=PLANE('',#8732);
#8734=ORIENTED_EDGE('',*,*,#8561,.F.);
#8736=ORIENTED_EDGE('',*,*,#8735,.T.);
#8738=ORIENTED_EDGE('',*,*,#8737,.F.);
#8740=ORIENTED_EDGE('',*,*,#8739,.T.);
#8741=ORIENTED_EDGE('',*,*,#8674,.T.);
#8742=EDGE_LOOP('',(#8734,#8736,#8738,#8740,#8741));
#8743=FACE_OUTER_BOUND('',#8742,.F.);
#8744=ADVANCED_FACE('',(#8743),#8733,.T.);
#8745=CARTESIAN_POINT('',(-2.613951151100E1,9.243525237750E1,
-5.383718459840E1));
#8746=DIRECTION('',(5.647798318701E-1,8.043339223242E-1,1.845824555890E-1));
#8747=DIRECTION('',(8.335879724655E-4,2.231146485957E-1,-9.747918540453E-1));
#8748=AXIS2_PLACEMENT_3D('',#8745,#8746,#8747);
#8749=CYLINDRICAL_SURFACE('',#8748,2.999997849730E-1);
#8750=ORIENTED_EDGE('',*,*,#8559,.F.);
#8752=ORIENTED_EDGE('',*,*,#8751,.T.);
#8754=ORIENTED_EDGE('',*,*,#8753,.T.);
#8755=ORIENTED_EDGE('',*,*,#8735,.F.);
#8756=EDGE_LOOP('',(#8750,#8752,#8754,#8755));
#8757=FACE_OUTER_BOUND('',#8756,.F.);
#8758=ADVANCED_FACE('',(#8757),#8749,.T.);
#8759=CARTESIAN_POINT('',(5.883000087544E-1,9.348841054190E1,
-5.387922487384E1));
#8760=CARTESIAN_POINT('',(5.855398728034E-1,9.192360419002E1,
-5.424841995143E1));
#8761=CARTESIAN_POINT('',(5.827797368525E-1,9.035879783814E1,
-5.461761502903E1));
#8762=CARTESIAN_POINT('',(5.800196009016E-1,8.879399148626E1,
-5.498681010662E1));
#8763=CARTESIAN_POINT('',(3.921979620961E-1,9.348862811341E1,
-5.387916650033E1));
#8764=CARTESIAN_POINT('',(3.903589923753E-1,9.192382213965E1,
-5.424836478274E1));
#8765=CARTESIAN_POINT('',(3.885200226545E-1,9.035901616589E1,
-5.461756306516E1));
#8766=CARTESIAN_POINT('',(3.866810529337E-1,8.879421019213E1,
-5.498676134757E1));
#8767=CARTESIAN_POINT('',(-9.609013684104E0,9.349418965734E1,
-5.387766528929E1));
#8768=CARTESIAN_POINT('',(-9.563873184153E0,9.192939077159E1,
-5.424694586408E1));
#8769=CARTESIAN_POINT('',(-9.518732684203E0,9.036459188585E1,
-5.461622643888E1));
#8770=CARTESIAN_POINT('',(-9.473592184252E0,8.879979300010E1,
-5.498550701367E1));
#8771=CARTESIAN_POINT('',(-1.980632591781E1,9.321194387403E1,
-5.395290941844E1));
#8772=CARTESIAN_POINT('',(-1.971328460579E1,9.164651694569E1,
-5.431805239058E1));
#8773=CARTESIAN_POINT('',(-1.962024329378E1,9.008109001735E1,
-5.468319536272E1));
#8774=CARTESIAN_POINT('',(-1.952720198177E1,8.851566308901E1,
-5.504833833486E1));
#8775=CARTESIAN_POINT('',(-2.979080993522E1,9.265320930197E1,
-5.410188143984E1));
#8776=CARTESIAN_POINT('',(-2.965075275174E1,9.108654762525E1,
-5.445883212301E1));
#8777=CARTESIAN_POINT('',(-2.951069556826E1,8.951988594854E1,
-5.481578280617E1));
#8778=CARTESIAN_POINT('',(-2.937063838478E1,8.795322427182E1,
-5.517273348934E1));
#8779=CARTESIAN_POINT('',(-2.998657691799E1,9.264214542301E1,
-5.410483133853E1));
#8780=CARTESIAN_POINT('',(-2.984559784358E1,9.107545929819E1,
-5.446161980032E1));
#8781=CARTESIAN_POINT('',(-2.970461876916E1,8.950877317338E1,
-5.481840826210E1));
#8782=CARTESIAN_POINT('',(-2.956363969475E1,8.794208704856E1,
-5.517519672388E1));
#8783=B_SPLINE_SURFACE_WITH_KNOTS('',3,3,((#8759,#8760,#8761,#8762),(#8763,
#8764,#8765,#8766),(#8767,#8768,#8769,#8770),(#8771,#8772,#8773,#8774),(#8775,
#8776,#8777,#8778),(#8779,#8780,#8781,#8782)),.UNSPECIFIED.,.F.,.F.,.F.,(4,1,1,
4),(4,4),(-1.999999863563E-2,0.E0,1.E0,1.019999931625E0),(-8.485058863251E-2,
1.084623541397E0),.UNSPECIFIED.);
#8784=ORIENTED_EDGE('',*,*,#8557,.T.);
#8786=ORIENTED_EDGE('',*,*,#8785,.F.);
#8788=ORIENTED_EDGE('',*,*,#8787,.T.);
#8789=ORIENTED_EDGE('',*,*,#8751,.F.);
#8790=EDGE_LOOP('',(#8784,#8786,#8788,#8789));
#8791=FACE_OUTER_BOUND('',#8790,.F.);
#8792=ADVANCED_FACE('',(#8791),#8783,.F.);
#8793=CARTESIAN_POINT('',(-5.794102981061E-1,8.879423116913E1,
-5.498675521814E1));
#8794=CARTESIAN_POINT('',(-5.821643237311E-1,9.035925899253E1,
-5.461750537075E1));
#8795=CARTESIAN_POINT('',(-5.849183493561E-1,9.192428681593E1,
-5.424825552336E1));
#8796=CARTESIAN_POINT('',(-5.876723749811E-1,9.348931463933E1,
-5.387900567597E1));
#8797=CARTESIAN_POINT('',(-3.862800389631E-1,8.879439255473E1,
-5.498671952997E1));
#8798=CARTESIAN_POINT('',(-3.881137945293E-1,9.035942002333E1,
-5.461746733178E1));
#8799=CARTESIAN_POINT('',(-3.899475500956E-1,9.192444749194E1,
-5.424821513360E1));
#8800=CARTESIAN_POINT('',(-3.917813056618E-1,9.348947496054E1,
-5.387896293541E1));
#8801=CARTESIAN_POINT('',(9.463368018538E0,8.879711962673E1,-5.498611647638E1));
#8802=CARTESIAN_POINT('',(9.508468025309E0,9.036214116839E1,-5.461682454403E1));
#8803=CARTESIAN_POINT('',(9.553568032081E0,9.192716271005E1,-5.424753261169E1));
#8804=CARTESIAN_POINT('',(9.598668038852E0,9.349218425171E1,-5.387824067934E1));
#8805=CARTESIAN_POINT('',(1.950605992146E1,8.851359728918E1,-5.504881350741E1));
#8806=CARTESIAN_POINT('',(1.959901416561E1,9.007924654574E1,-5.468365067438E1));
#8807=CARTESIAN_POINT('',(1.969196840975E1,9.164489580230E1,-5.431848784134E1));
#8808=CARTESIAN_POINT('',(1.978492265390E1,9.321054505886E1,-5.395332500831E1));
#8809=CARTESIAN_POINT('',(2.933909383573E1,8.795519448891E1,-5.517229650921E1));
#8810=CARTESIAN_POINT('',(2.947901818544E1,8.952207677127E1,-5.481526687888E1));
#8811=CARTESIAN_POINT('',(2.961894253516E1,9.108895905363E1,-5.445823724855E1));
#8812=CARTESIAN_POINT('',(2.975886688487E1,9.265584133599E1,-5.410120761822E1));
#8813=CARTESIAN_POINT('',(2.953189194256E1,8.794413768641E1,-5.517474156708E1));
#8814=CARTESIAN_POINT('',(2.967273728889E1,8.951104438265E1,-5.481787298064E1));
#8815=CARTESIAN_POINT('',(2.981358263522E1,9.107795107889E1,-5.446100439420E1));
#8816=CARTESIAN_POINT('',(2.995442798155E1,9.264485777513E1,-5.410413580776E1));
#8817=B_SPLINE_SURFACE_WITH_KNOTS('',3,3,((#8793,#8794,#8795,#8796),(#8797,
#8798,#8799,#8800),(#8801,#8802,#8803,#8804),(#8805,#8806,#8807,#8808),(#8809,
#8810,#8811,#8812),(#8813,#8814,#8815,#8816)),.UNSPECIFIED.,.F.,.F.,.F.,(4,1,1,
4),(4,4),(-2.000000000086E-2,0.E0,1.E0,1.020000000001E0),(-8.485490730876E-2,
1.084855705038E0),.UNSPECIFIED.);
#8818=ORIENTED_EDGE('',*,*,#8555,.T.);
#8820=ORIENTED_EDGE('',*,*,#8819,.F.);
#8822=ORIENTED_EDGE('',*,*,#8821,.T.);
#8823=ORIENTED_EDGE('',*,*,#8785,.T.);
#8824=EDGE_LOOP('',(#8818,#8820,#8822,#8823));
#8825=FACE_OUTER_BOUND('',#8824,.F.);
#8826=ADVANCED_FACE('',(#8825),#8817,.F.);
#8827=CARTESIAN_POINT('',(2.913947081800E1,8.812025216970E1,-5.482742161460E1));
#8828=DIRECTION('',(5.647786315852E-1,-8.043322228543E-1,-1.845935334271E-1));
#8829=DIRECTION('',(-8.270727492965E-4,2.231322008256E-1,-9.747878419971E-1));
#8830=AXIS2_PLACEMENT_3D('',#8827,#8828,#8829);
#8831=CYLINDRICAL_SURFACE('',#8830,2.999997853520E-1);
#8832=ORIENTED_EDGE('',*,*,#8553,.T.);
#8834=ORIENTED_EDGE('',*,*,#8833,.F.);
#8836=ORIENTED_EDGE('',*,*,#8835,.T.);
#8837=ORIENTED_EDGE('',*,*,#8819,.T.);
#8838=EDGE_LOOP('',(#8832,#8834,#8836,#8837));
#8839=FACE_OUTER_BOUND('',#8838,.F.);
#8840=ADVANCED_FACE('',(#8839),#8831,.T.);
#8841=CARTESIAN_POINT('',(3.670723973200E1,7.786418364740E1,-6.663717207130E1));
#8842=DIRECTION('',(8.184059944969E-1,5.746404338119E-1,0.E0));
#8843=DIRECTION('',(-5.746404338119E-1,8.184059944969E-1,0.E0));
#8844=AXIS2_PLACEMENT_3D('',#8841,#8842,#8843);
#8845=PLANE('',#8844);
#8847=ORIENTED_EDGE('',*,*,#8846,.F.);
#8848=ORIENTED_EDGE('',*,*,#8833,.T.);
#8849=ORIENTED_EDGE('',*,*,#8551,.F.);
#8850=ORIENTED_EDGE('',*,*,#8636,.T.);
#8852=ORIENTED_EDGE('',*,*,#8851,.T.);
#8853=EDGE_LOOP('',(#8847,#8848,#8849,#8850,#8852));
#8854=FACE_OUTER_BOUND('',#8853,.F.);
#8855=ADVANCED_FACE('',(#8854),#8845,.T.);
#8856=CARTESIAN_POINT('',(2.616701518400E1,9.235356250630E1,-5.385589065400E1));
#8857=DIRECTION('',(0.E0,0.E0,-1.E0));
#8858=DIRECTION('',(4.744367611661E-2,9.988739147643E-1,0.E0));
#8859=AXIS2_PLACEMENT_3D('',#8856,#8857,#8858);
#8860=CYLINDRICAL_SURFACE('',#8859,3.E-1);
#8861=ORIENTED_EDGE('',*,*,#7892,.T.);
#8863=ORIENTED_EDGE('',*,*,#8862,.F.);
#8864=ORIENTED_EDGE('',*,*,#8846,.T.);
#8866=ORIENTED_EDGE('',*,*,#8865,.F.);
#8867=EDGE_LOOP('',(#8861,#8863,#8864,#8866));
#8868=FACE_OUTER_BOUND('',#8867,.F.);
#8869=ADVANCED_FACE('',(#8868),#8860,.T.);
#8870=CARTESIAN_POINT('',(2.616701518400E1,9.235356250630E1,-5.385589065400E1));
#8871=DIRECTION('',(-9.999020915430E-1,-1.390395917780E-2,-1.577100883380E-3));
#8872=DIRECTION('',(-1.390428444005E-2,9.999033116598E-1,1.954636836479E-4));
#8873=AXIS2_PLACEMENT_3D('',#8870,#8871,#8872);
#8874=SPHERICAL_SURFACE('',#8873,3.E-1);
#8875=ORIENTED_EDGE('',*,*,#8862,.T.);
#8877=ORIENTED_EDGE('',*,*,#8876,.T.);
#8878=ORIENTED_EDGE('',*,*,#8835,.F.);
#8879=EDGE_LOOP('',(#8875,#8877,#8878));
#8880=FACE_OUTER_BOUND('',#8879,.F.);
#8881=ADVANCED_FACE('',(#8880),#8874,.T.);
#8882=CARTESIAN_POINT('',(2.668719439259E1,9.234894127616E1,-5.416180001789E1));
#8883=CARTESIAN_POINT('',(2.669635122093E1,9.253454682931E1,-5.414918870084E1));
#8884=CARTESIAN_POINT('',(2.670388695798E1,9.265181660935E1,-5.400436824530E1));
#8885=CARTESIAN_POINT('',(2.670495076450E1,9.262500079445E1,-5.381956848535E1));
#8886=CARTESIAN_POINT('',(1.762271480139E1,9.278962077301E1,-5.404577937379E1));
#8887=CARTESIAN_POINT('',(1.762870816064E1,9.297448545782E1,-5.403236220879E1));
#8888=CARTESIAN_POINT('',(1.763362300689E1,9.309112581716E1,-5.388784807004E1));
#8889=CARTESIAN_POINT('',(1.763432385771E1,9.306464169044E1,-5.370373508467E1));
#8890=CARTESIAN_POINT('',(8.552344194626E0,9.300447945901E1,-5.398938231307E1));
#8891=CARTESIAN_POINT('',(8.555251961717E0,9.318902413377E1,-5.397556175804E1));
#8892=CARTESIAN_POINT('',(8.557638007718E0,9.330535389796E1,-5.383120049510E1));
#8893=CARTESIAN_POINT('',(8.557979551563E0,9.327898140505E1,-5.364743825135E1));
#8894=CARTESIAN_POINT('',(-5.236075013496E-1,9.299586199199E1,
-5.399164443889E1));
#8895=CARTESIAN_POINT('',(-5.237856897163E-1,9.318052066454E1,
-5.397781317438E1));
#8896=CARTESIAN_POINT('',(-5.239317443463E-1,9.329686393605E1,
-5.383344554280E1));
#8897=CARTESIAN_POINT('',(-5.239524584299E-1,9.327038699838E1,
-5.364969576372E1));
#8898=(BOUNDED_SURFACE()B_SPLINE_SURFACE(3,3,((#8882,#8883,#8884,#8885),(#8886,
#8887,#8888,#8889),(#8890,#8891,#8892,#8893),(#8894,#8895,#8896,#8897)),
.UNSPECIFIED.,.F.,.F.,.F.)B_SPLINE_SURFACE_WITH_KNOTS((4,4),(4,4),(
-1.999989073599E-2,1.019999932002E0),(-1.302564682990E-1,1.118444627740E0),
.UNSPECIFIED.)GEOMETRIC_REPRESENTATION_ITEM()RATIONAL_B_SPLINE_SURFACE(((
1.064156696157E0,8.355177357958E-1,8.333752373990E-1,1.057729200961E0),(
1.063758020595E0,8.365398435786E-1,8.344106588628E-1,1.057370466447E0),(
1.063562553524E0,8.370409739078E-1,8.349183167708E-1,1.057194582111E0),(
1.063570347551E0,8.370209919149E-1,8.348980744979E-1,1.057201595303E0)))REPRESENTATION_ITEM('')SURFACE());
#8899=ORIENTED_EDGE('',*,*,#7890,.F.);
#8901=ORIENTED_EDGE('',*,*,#8900,.T.);
#8903=ORIENTED_EDGE('',*,*,#8902,.F.);
#8904=ORIENTED_EDGE('',*,*,#8821,.F.);
#8905=ORIENTED_EDGE('',*,*,#8876,.F.);
#8906=EDGE_LOOP('',(#8899,#8901,#8903,#8904,#8905));
#8907=FACE_OUTER_BOUND('',#8906,.F.);
#8908=ADVANCED_FACE('',(#8907),#8898,.T.);
#8909=CARTESIAN_POINT('',(3.170243235356E0,9.326394442868E1,-5.367098669801E1));
#8910=CARTESIAN_POINT('',(2.830605191081E0,9.320922973371E1,-5.300723042847E1));
#8911=CARTESIAN_POINT('',(2.562378128353E0,9.363904339114E1,-5.244007747509E1));
#8912=CARTESIAN_POINT('',(2.503818062125E0,9.438898715379E1,-5.225667388910E1));
#8913=CARTESIAN_POINT('',(2.073037606849E0,9.327555509130E1,-5.376254473265E1));
#8914=CARTESIAN_POINT('',(1.918038656871E0,9.343181853181E1,-5.315914117385E1));
#8915=CARTESIAN_POINT('',(1.777471322831E0,9.387700438475E1,-5.274953943607E1));
#8916=CARTESIAN_POINT('',(1.678838837171E0,9.448062234386E1,-5.266013855809E1));
#8917=CARTESIAN_POINT('',(8.979559691841E-1,9.325123630423E1,
-5.380364539300E1));
#8918=CARTESIAN_POINT('',(8.156739537601E-1,9.343964054589E1,
-5.332185673123E1));
#8919=CARTESIAN_POINT('',(7.485080308759E-1,9.383862031387E1,
-5.297924295424E1));
#8920=CARTESIAN_POINT('',(7.177737176464E-1,9.435936322630E1,
-5.287413706951E1));
#8921=CARTESIAN_POINT('',(-3.250906044136E-1,9.325587247866E1,
-5.379475041284E1));
#8922=CARTESIAN_POINT('',(-2.970517208358E-1,9.343695212906E1,
-5.328886017112E1));
#8923=CARTESIAN_POINT('',(-2.734022226365E-1,9.384514280228E1,
-5.293236452845E1));
#8924=CARTESIAN_POINT('',(-2.607401076598E-1,9.438244076207E1,-5.282908582E1));
#8925=(BOUNDED_SURFACE()B_SPLINE_SURFACE(3,3,((#8909,#8910,#8911,#8912),(#8913,
#8914,#8915,#8916),(#8917,#8918,#8919,#8920),(#8921,#8922,#8923,#8924)),
.UNSPECIFIED.,.F.,.F.,.F.)B_SPLINE_SURFACE_WITH_KNOTS((4,4),(4,4),(
-1.151115711372E-1,1.108828543979E0),(-6.928123353460E-4,1.E0),.UNSPECIFIED.)GEOMETRIC_REPRESENTATION_ITEM()RATIONAL_B_SPLINE_SURFACE(((1.000369946359E0,
8.221507770091E-1,7.931068065955E-1,9.132380351153E-1),(1.000255364340E0,
8.772353069061E-1,8.571870095114E-1,9.401104721615E-1),(1.000199796012E0,
9.039494097834E-1,8.882637044800E-1,9.531426801003E-1),(1.000211541471E0,
8.983028609149E-1,8.816950363268E-1,9.503880677022E-1)))REPRESENTATION_ITEM('')SURFACE());
#8926=ORIENTED_EDGE('',*,*,#7888,.T.);
#8928=ORIENTED_EDGE('',*,*,#8927,.T.);
#8929=ORIENTED_EDGE('',*,*,#8900,.F.);
#8930=EDGE_LOOP('',(#8926,#8928,#8929));
#8931=FACE_OUTER_BOUND('',#8930,.F.);
#8932=ADVANCED_FACE('',(#8931),#8925,.T.);
#8933=CARTESIAN_POINT('',(3.720534993274E-1,9.325604445754E1,
-5.379439792344E1));
#8934=CARTESIAN_POINT('',(3.433805397312E-1,9.340417652386E1,
-5.333243537007E1));
#8935=CARTESIAN_POINT('',(3.117649553720E-1,9.387512369075E1,
-5.290954239802E1));
#8936=CARTESIAN_POINT('',(2.986843426860E-1,9.438331363730E1,
-5.282708516025E1));
#8937=CARTESIAN_POINT('',(-8.515223853848E-1,9.325072077595E1,
-5.380469666959E1));
#8938=CARTESIAN_POINT('',(-7.816786191830E-1,9.341022416431E1,
-5.336550577255E1));
#8939=CARTESIAN_POINT('',(-7.070431832683E-1,9.386614626024E1,
-5.296619142688E1));
#8940=CARTESIAN_POINT('',(-6.812119836951E-1,9.435704898971E1,
-5.287954818992E1));
#8941=CARTESIAN_POINT('',(-2.029715031942E0,9.327480243443E1,
-5.376424805516E1));
#8942=CARTESIAN_POINT('',(-1.889185825795E0,9.339283457013E1,
-5.322579626415E1));
#8943=CARTESIAN_POINT('',(-1.728549777577E0,9.391395234987E1,
-5.273206759834E1));
#8944=CARTESIAN_POINT('',(-1.642626935997E0,9.447686118531E1,
-5.266863375702E1));
#8945=CARTESIAN_POINT('',(-3.111613760683E0,9.326452259844E1,
-5.367585240135E1));
#8946=CARTESIAN_POINT('',(-2.835776631154E0,9.317930821954E1,
-5.312696404434E1));
#8947=CARTESIAN_POINT('',(-2.496393764921E0,9.371165045965E1,
-5.240297569420E1));
#8948=CARTESIAN_POINT('',(-2.459858074689E0,9.439370924396E1,
-5.227802671732E1));
#8949=(BOUNDED_SURFACE()B_SPLINE_SURFACE(3,3,((#8933,#8934,#8935,#8936),(#8937,
#8938,#8939,#8940),(#8941,#8942,#8943,#8944),(#8945,#8946,#8947,#8948)),
.UNSPECIFIED.,.F.,.F.,.F.)B_SPLINE_SURFACE_WITH_KNOTS((4,4),(4,4),(
-1.239671610888E-1,1.094313017900E0),(-7.159859018741E-4,1.E0),.UNSPECIFIED.)GEOMETRIC_REPRESENTATION_ITEM()RATIONAL_B_SPLINE_SURFACE(((1.000219138533E0,
8.980631033656E-1,8.814136253445E-1,9.502707044729E-1),(1.000205109569E0,
9.045889729946E-1,8.890053732420E-1,9.534543103108E-1),(1.000261390046E0,
8.784089229244E-1,8.585493035710E-1,9.406825319871E-1),(1.000376134286E0,
8.250332280970E-1,7.964556912138E-1,9.146435236425E-1)))REPRESENTATION_ITEM('')SURFACE());
#8950=ORIENTED_EDGE('',*,*,#7904,.T.);
#8952=ORIENTED_EDGE('',*,*,#8951,.F.);
#8953=ORIENTED_EDGE('',*,*,#8927,.F.);
#8954=EDGE_LOOP('',(#8950,#8952,#8953));
#8955=FACE_OUTER_BOUND('',#8954,.F.);
#8956=ADVANCED_FACE('',(#8955),#8949,.T.);
#8957=CARTESIAN_POINT('',(5.242249263115E-1,9.299586492980E1,
-5.399164435680E1));
#8958=CARTESIAN_POINT('',(5.244035086923E-1,9.318064755006E1,
-5.397780151240E1));
#8959=CARTESIAN_POINT('',(5.245498202765E-1,9.329698777818E1,
-5.383328871194E1));
#8960=CARTESIAN_POINT('',(5.245704332737E-1,9.327035255794E1,
-5.364946286466E1));
#8961=CARTESIAN_POINT('',(-8.562468738701E0,9.300450586908E1,
-5.398937615572E1));
#8962=CARTESIAN_POINT('',(-8.565381833206E0,9.318917390228E1,
-5.397554411769E1));
#8963=CARTESIAN_POINT('',(-8.567771197995E0,9.330550065767E1,
-5.383103770046E1));
#8964=CARTESIAN_POINT('',(-8.568111019073E0,9.327897051248E1,
-5.364719926627E1));
#8965=CARTESIAN_POINT('',(-1.764356171750E1,9.278914263211E1,
-5.404590562073E1));
#8966=CARTESIAN_POINT('',(-1.764956612650E1,9.297413175427E1,
-5.403247818159E1));
#8967=CARTESIAN_POINT('',(-1.765448785185E1,9.309076985662E1,
-5.388781808922E1));
#8968=CARTESIAN_POINT('',(-1.765518513899E1,9.306412736894E1,
-5.370362798735E1));
#8969=CARTESIAN_POINT('',(-2.671874255889E1,9.234742010071E1,
-5.416220156886E1));
#8970=CARTESIAN_POINT('',(-2.672791650867E1,9.253315277861E1,
-5.414958234962E1));
#8971=CARTESIAN_POINT('',(-2.673546303573E1,9.265042174164E1,
-5.400461434745E1));
#8972=CARTESIAN_POINT('',(-2.673652134202E1,9.262344549200E1,
-5.381973575585E1));
#8973=(BOUNDED_SURFACE()B_SPLINE_SURFACE(3,3,((#8957,#8958,#8959,#8960),(#8961,
#8962,#8963,#8964),(#8965,#8966,#8967,#8968),(#8969,#8970,#8971,#8972)),
.UNSPECIFIED.,.F.,.F.,.F.)B_SPLINE_SURFACE_WITH_KNOTS((4,4),(4,4),(
-1.999996259504E-2,1.019999901965E0),(-1.302458734190E-1,1.119113377050E0),
.UNSPECIFIED.)GEOMETRIC_REPRESENTATION_ITEM()RATIONAL_B_SPLINE_SURFACE(((
1.063564581508E0,8.368996267213E-1,8.348977518233E-1,1.057558956815E0),(
1.063556769695E0,8.369196710512E-1,8.349180421760E-1,1.057551883067E0),(
1.063752681595E0,8.364169806551E-1,8.344091818158E-1,1.057729285084E0),(
1.064152264189E0,8.353916915953E-1,8.333713084787E-1,1.058091114839E0)))REPRESENTATION_ITEM('')SURFACE());
#8974=ORIENTED_EDGE('',*,*,#7902,.F.);
#8976=ORIENTED_EDGE('',*,*,#8975,.F.);
#8977=ORIENTED_EDGE('',*,*,#8787,.F.);
#8978=ORIENTED_EDGE('',*,*,#8902,.T.);
#8979=ORIENTED_EDGE('',*,*,#8951,.T.);
#8980=EDGE_LOOP('',(#8974,#8976,#8977,#8978,#8979));
#8981=FACE_OUTER_BOUND('',#8980,.F.);
#8982=ADVANCED_FACE('',(#8981),#8973,.T.);
#8983=CARTESIAN_POINT('',(-2.619794901900E1,9.235210158720E1,
-5.385627646380E1));
#8984=DIRECTION('',(-9.999017547569E-1,1.392786175230E-2,1.579715536580E-3));
#8985=DIRECTION('',(1.392818660818E-2,9.999029791236E-1,1.948269497379E-4));
#8986=AXIS2_PLACEMENT_3D('',#8983,#8984,#8985);
#8987=SPHERICAL_SURFACE('',#8986,3.E-1);
#8988=ORIENTED_EDGE('',*,*,#8753,.F.);
#8989=ORIENTED_EDGE('',*,*,#8975,.T.);
#8991=ORIENTED_EDGE('',*,*,#8990,.T.);
#8992=EDGE_LOOP('',(#8988,#8989,#8991));
#8993=FACE_OUTER_BOUND('',#8992,.F.);
#8994=ADVANCED_FACE('',(#8993),#8987,.T.);
#8995=CARTESIAN_POINT('',(-2.619794901900E1,9.235210158720E1,
-5.385627646380E1));
#8996=DIRECTION('',(0.E0,0.E0,-1.E0));
#8997=DIRECTION('',(-8.184454753471E-1,5.745842008651E-1,0.E0));
#8998=AXIS2_PLACEMENT_3D('',#8995,#8996,#8997);
#8999=CYLINDRICAL_SURFACE('',#8998,3.E-1);
#9000=ORIENTED_EDGE('',*,*,#8737,.T.);
#9001=ORIENTED_EDGE('',*,*,#8990,.F.);
#9002=ORIENTED_EDGE('',*,*,#7900,.T.);
#9004=ORIENTED_EDGE('',*,*,#9003,.F.);
#9005=EDGE_LOOP('',(#9000,#9001,#9002,#9004));
#9006=FACE_OUTER_BOUND('',#9005,.F.);
#9007=ADVANCED_FACE('',(#9006),#8999,.T.);
#9008=CARTESIAN_POINT('',(-2.619794901900E1,9.235210158720E1,
-2.589801444740E1));
#9009=DIRECTION('',(-9.962691454137E-1,-2.085913761499E-2,-8.374178332657E-2));
#9010=DIRECTION('',(-8.374178330139E-2,4.681987319751E-1,8.796460999211E-1));
#9011=AXIS2_PLACEMENT_3D('',#9008,#9009,#9010);
#9012=SPHERICAL_SURFACE('',#9011,3.E-1);
#9014=ORIENTED_EDGE('',*,*,#9013,.T.);
#9016=ORIENTED_EDGE('',*,*,#9015,.F.);
#9017=ORIENTED_EDGE('',*,*,#9003,.T.);
#9018=EDGE_LOOP('',(#9014,#9016,#9017));
#9019=FACE_OUTER_BOUND('',#9018,.F.);
#9020=ADVANCED_FACE('',(#9019),#9012,.T.);
#9021=CARTESIAN_POINT('',(2.722423378316E1,9.259927756769E1,-2.601522983247E1));
#9022=CARTESIAN_POINT('',(2.723598695292E1,9.262110119189E1,-2.586822634430E1));
#9023=CARTESIAN_POINT('',(2.724151046814E1,9.254475188652E1,-2.574019735917E1));
#9024=CARTESIAN_POINT('',(2.723828193326E1,9.240450568143E1,-2.568920766407E1));
#9025=CARTESIAN_POINT('',(9.090692715856E0,9.349520763339E1,-2.469952421903E1));
#9026=CARTESIAN_POINT('',(9.094658977810E0,9.351834250235E1,-2.455089235098E1));
#9027=CARTESIAN_POINT('',(9.096523808694E0,9.344206100481E1,-2.442211878553E1));
#9028=CARTESIAN_POINT('',(9.095422752020E0,9.330077860767E1,-2.437190482526E1));
#9029=CARTESIAN_POINT('',(-9.141589989832E0,9.349368245251E1,
-2.470176741682E1));
#9030=CARTESIAN_POINT('',(-9.145601863754E0,9.351681502178E1,
-2.455313847317E1));
#9031=CARTESIAN_POINT('',(-9.147477288109E0,9.344053338148E1,
-2.442436613748E1));
#9032=CARTESIAN_POINT('',(-9.146346867679E0,9.329925285218E1,
-2.437415077193E1));
#9033=CARTESIAN_POINT('',(-2.725398494225E1,9.259781647425E1,
-2.601739349938E1));
#9034=CARTESIAN_POINT('',(-2.726575105029E1,9.261963868418E1,
-2.587039160085E1));
#9035=CARTESIAN_POINT('',(-2.727128062499E1,9.254328927210E1,
-2.574236383027E1));
#9036=CARTESIAN_POINT('',(-2.726804852420E1,9.240304403067E1,
-2.569137393242E1));
#9037=(BOUNDED_SURFACE()B_SPLINE_SURFACE(3,3,((#9021,#9022,#9023,#9024),(#9025,
#9026,#9027,#9028),(#9029,#9030,#9031,#9032),(#9033,#9034,#9035,#9036)),
.UNSPECIFIED.,.F.,.F.,.F.)B_SPLINE_SURFACE_WITH_KNOTS((4,4),(4,4),(
-1.999997409270E-2,1.019999998799E0),(-1.499905090840E-1,1.140868007570E0),
.UNSPECIFIED.)GEOMETRIC_REPRESENTATION_ITEM()RATIONAL_B_SPLINE_SURFACE(((
1.049040469912E0,8.900061015443E-1,8.888900919672E-1,1.045692441174E0),(
1.049301220123E0,8.894212594173E-1,8.882993159699E-1,1.045935389784E0),(
1.049300892828E0,8.894219935151E-1,8.883000575168E-1,1.045935084827E0),(
1.049040036448E0,8.900070737510E-1,8.888910740374E-1,1.045692037315E0)))REPRESENTATION_ITEM('')SURFACE());
#9039=ORIENTED_EDGE('',*,*,#9038,.F.);
#9041=ORIENTED_EDGE('',*,*,#9040,.F.);
#9042=ORIENTED_EDGE('',*,*,#9013,.F.);
#9043=ORIENTED_EDGE('',*,*,#7898,.F.);
#9044=ORIENTED_EDGE('',*,*,#7896,.T.);
#9045=ORIENTED_EDGE('',*,*,#7894,.F.);
#9047=ORIENTED_EDGE('',*,*,#9046,.F.);
#9048=EDGE_LOOP('',(#9039,#9041,#9042,#9043,#9044,#9045,#9047));
#9049=FACE_OUTER_BOUND('',#9048,.F.);
#9050=ADVANCED_FACE('',(#9049),#9037,.T.);
#9051=CARTESIAN_POINT('',(7.332999985010E-6,-1.048876189890E2,
-2.740926868250E2));
#9052=DIRECTION('',(0.E0,8.827467590794E-1,-4.698490814452E-1));
#9053=DIRECTION('',(-3.095287914871E-12,4.698490814452E-1,8.827467590794E-1));
#9054=AXIS2_PLACEMENT_3D('',#9051,#9052,#9053);
#9055=CYLINDRICAL_SURFACE('',#9054,3.131642095860E2);
#9056=ORIENTED_EDGE('',*,*,#8632,.T.);
#9058=ORIENTED_EDGE('',*,*,#9057,.T.);
#9059=ORIENTED_EDGE('',*,*,#9038,.T.);
#9061=ORIENTED_EDGE('',*,*,#9060,.T.);
#9062=EDGE_LOOP('',(#9056,#9058,#9059,#9061));
#9063=FACE_OUTER_BOUND('',#9062,.F.);
#9064=ADVANCED_FACE('',(#9063),#9055,.T.);
#9065=CARTESIAN_POINT('',(7.332999985010E-6,-1.048876189890E2,
-2.740926868250E2));
#9066=DIRECTION('',(0.E0,8.827467590794E-1,-4.698490814452E-1));
#9067=DIRECTION('',(-9.314260400869E-2,4.678065434127E-1,8.789092633820E-1));
#9068=AXIS2_PLACEMENT_3D('',#9065,#9066,#9067);
#9069=CYLINDRICAL_SURFACE('',#9068,3.131642095860E2);
#9070=ORIENTED_EDGE('',*,*,#9057,.F.);
#9071=ORIENTED_EDGE('',*,*,#8678,.F.);
#9073=ORIENTED_EDGE('',*,*,#9072,.T.);
#9074=ORIENTED_EDGE('',*,*,#9040,.T.);
#9075=EDGE_LOOP('',(#9070,#9071,#9073,#9074));
#9076=FACE_OUTER_BOUND('',#9075,.F.);
#9077=ADVANCED_FACE('',(#9076),#9069,.T.);
#9078=CARTESIAN_POINT('',(-2.940795304079E1,8.788370260107E1,
-2.350685165299E1));
#9079=CARTESIAN_POINT('',(-2.954933401297E1,8.796874870084E1,
-2.353796901438E1));
#9080=CARTESIAN_POINT('',(-2.965634785194E1,8.798514035481E1,
-2.366648987736E1));
#9081=CARTESIAN_POINT('',(-2.967020926782E1,8.792360552352E1,
-2.382240028209E1));
#9082=CARTESIAN_POINT('',(-2.825422590521E1,8.952508292237E1,
-2.425718432593E1));
#9083=CARTESIAN_POINT('',(-2.839605285070E1,8.961056065930E1,
-2.428783968184E1));
#9084=CARTESIAN_POINT('',(-2.850369594359E1,8.962694574789E1,
-2.441650402775E1));
#9085=CARTESIAN_POINT('',(-2.851774821641E1,8.956492410412E1,
-2.457275666148E1));
#9086=CARTESIAN_POINT('',(-2.710177311663E1,9.116464931189E1,
-2.501403025016E1));
#9087=CARTESIAN_POINT('',(-2.724404180314E1,9.125056165356E1,
-2.504422007990E1));
#9088=CARTESIAN_POINT('',(-2.735231494196E1,9.126694167938E1,
-2.517302567407E1));
#9089=CARTESIAN_POINT('',(-2.736655825504E1,9.120443240173E1,
-2.532961933389E1));
#9090=CARTESIAN_POINT('',(-2.595083236820E1,9.280206355863E1,
-2.577715192470E1));
#9091=CARTESIAN_POINT('',(-2.609353834707E1,9.288841356938E1,
-2.580687293274E1));
#9092=CARTESIAN_POINT('',(-2.620244224015E1,9.290479002938E1,
-2.593581754083E1));
#9093=CARTESIAN_POINT('',(-2.621687689130E1,9.284179216353E1,
-2.609275090035E1));
#9094=(BOUNDED_SURFACE()B_SPLINE_SURFACE(3,3,((#9078,#9079,#9080,#9081),(#9082,
#9083,#9084,#9085),(#9086,#9087,#9088,#9089),(#9090,#9091,#9092,#9093)),
.UNSPECIFIED.,.F.,.F.,.F.)B_SPLINE_SURFACE_WITH_KNOTS((4,4),(4,4),(
-1.384649436812E-1,1.082420698398E0),(-1.381328838470E-1,1.128371992340E0),
.UNSPECIFIED.)GEOMETRIC_REPRESENTATION_ITEM()RATIONAL_B_SPLINE_SURFACE(((
1.056503061695E0,8.628570025650E-1,8.613759958474E-1,1.052060041552E0),(
1.056783818194E0,8.621755565289E-1,8.606871908797E-1,1.052318721245E0),(
1.057065126708E0,8.614927706594E-1,8.599970316074E-1,1.052577909545E0),(
1.057346943895E0,8.608087501164E-1,8.593056243299E-1,1.052837566542E0)))REPRESENTATION_ITEM('')SURFACE());
#9095=ORIENTED_EDGE('',*,*,#9072,.F.);
#9096=ORIENTED_EDGE('',*,*,#8676,.F.);
#9097=ORIENTED_EDGE('',*,*,#8739,.F.);
#9098=ORIENTED_EDGE('',*,*,#9015,.T.);
#9099=EDGE_LOOP('',(#9095,#9096,#9097,#9098));
#9100=FACE_OUTER_BOUND('',#9099,.F.);
#9101=ADVANCED_FACE('',(#9100),#9094,.T.);
#9102=CARTESIAN_POINT('',(2.963920945832E1,8.792432192808E1,-2.382309091195E1));
#9103=CARTESIAN_POINT('',(2.962689365393E1,8.798671762715E1,-2.366769884001E1));
#9104=CARTESIAN_POINT('',(2.952110255701E1,8.797174155332E1,-2.353798227635E1));
#9105=CARTESIAN_POINT('',(2.937940544869E1,8.788725983001E1,-2.350515042192E1));
#9106=CARTESIAN_POINT('',(2.848690359461E1,8.956541607246E1,-2.457348441275E1));
#9107=CARTESIAN_POINT('',(2.847440542995E1,8.962830120105E1,-2.441775394808E1));
#9108=CARTESIAN_POINT('',(2.836798899140E1,8.961334201332E1,-2.428788500709E1));
#9109=CARTESIAN_POINT('',(2.822583620880E1,8.952843043565E1,-2.425550740933E1));
#9110=CARTESIAN_POINT('',(2.733587005134E1,9.120469818499E1,-2.533038076980E1));
#9111=CARTESIAN_POINT('',(2.732318936627E1,9.126807355792E1,-2.517431313793E1));
#9112=CARTESIAN_POINT('',(2.721614676653E1,9.125312982551E1,-2.504429400147E1));
#9113=CARTESIAN_POINT('',(2.707354244267E1,9.116778537660E1,-2.501237421486E1));
#9114=CARTESIAN_POINT('',(2.618630606269E1,9.284188737087E1,-2.609356985706E1));
#9115=CARTESIAN_POINT('',(2.617344259580E1,9.290575391833E1,-2.593716638035E1));
#9116=CARTESIAN_POINT('',(2.606577307366E1,9.289082421866E1,-2.580699922809E1));
#9117=CARTESIAN_POINT('',(2.592272151995E1,9.280504380502E1,-2.577554061759E1));
#9118=(BOUNDED_SURFACE()B_SPLINE_SURFACE(3,3,((#9102,#9103,#9104,#9105),(#9106,
#9107,#9108,#9109),(#9110,#9111,#9112,#9113),(#9114,#9115,#9116,#9117)),
.UNSPECIFIED.,.F.,.F.,.F.)B_SPLINE_SURFACE_WITH_KNOTS((4,4),(4,4),(
-1.384217966698E-1,1.082389213235E0),(-1.383556360040E-1,1.128140428160E0),
.UNSPECIFIED.)GEOMETRIC_REPRESENTATION_ITEM()RATIONAL_B_SPLINE_SURFACE(((
1.056612880999E0,8.628744751784E-1,8.613243376300E-1,1.051962468351E0),(
1.056894123412E0,8.621932607183E-1,8.606354223693E-1,1.052220608363E0),(
1.057175918473E0,8.615107076330E-1,8.599451533541E-1,1.052479255639E0),(
1.057458232732E0,8.608268969897E-1,8.592536125624E-1,1.052738379451E0)))REPRESENTATION_ITEM('')SURFACE());
#9119=ORIENTED_EDGE('',*,*,#8851,.F.);
#9120=ORIENTED_EDGE('',*,*,#8634,.F.);
#9121=ORIENTED_EDGE('',*,*,#9060,.F.);
#9123=ORIENTED_EDGE('',*,*,#9122,.T.);
#9124=EDGE_LOOP('',(#9119,#9120,#9121,#9123));
#9125=FACE_OUTER_BOUND('',#9124,.F.);
#9126=ADVANCED_FACE('',(#9125),#9118,.T.);
#9127=CARTESIAN_POINT('',(2.616701518400E1,9.235356250630E1,-2.589585083320E1));
#9128=DIRECTION('',(-9.962779815762E-1,2.083455481060E-2,8.364272085652E-2));
#9129=DIRECTION('',(8.364272085775E-2,4.682026399599E-1,8.796534449328E-1));
#9130=AXIS2_PLACEMENT_3D('',#9127,#9128,#9129);
#9131=SPHERICAL_SURFACE('',#9130,3.E-1);
#9132=ORIENTED_EDGE('',*,*,#9046,.T.);
#9133=ORIENTED_EDGE('',*,*,#8865,.T.);
#9134=ORIENTED_EDGE('',*,*,#9122,.F.);
#9135=EDGE_LOOP('',(#9132,#9133,#9134));
#9136=FACE_OUTER_BOUND('',#9135,.F.);
#9137=ADVANCED_FACE('',(#9136),#9131,.T.);
#9138=CARTESIAN_POINT('',(-2.791997409800E1,8.810022369460E1,
-3.433130146020E1));
#9139=DIRECTION('',(5.233755902710E-2,-9.986294507549E-1,2.179731707780E-13));
#9140=DIRECTION('',(-9.985993238240E-1,-5.233598009306E-2,7.767602329020E-3));
#9141=AXIS2_PLACEMENT_3D('',#9138,#9139,#9140);
#9142=CYLINDRICAL_SURFACE('',#9141,5.E-1);
#9143=ORIENTED_EDGE('',*,*,#8682,.F.);
#9145=ORIENTED_EDGE('',*,*,#9144,.T.);
#9147=ORIENTED_EDGE('',*,*,#9146,.F.);
#9149=ORIENTED_EDGE('',*,*,#9148,.F.);
#9150=EDGE_LOOP('',(#9143,#9145,#9147,#9149));
#9151=FACE_OUTER_BOUND('',#9150,.F.);
#9152=ADVANCED_FACE('',(#9151),#9142,.T.);
#9153=CARTESIAN_POINT('',(-2.840522808200E1,8.805344526010E1,
-3.267303020140E1));
#9154=DIRECTION('',(9.985988686696E-1,5.233595624268E-2,-7.826057499947E-3));
#9155=DIRECTION('',(-5.233755903106E-2,9.986294507547E-1,0.E0));
#9156=AXIS2_PLACEMENT_3D('',#9153,#9154,#9155);
#9157=PLANE('',#9156);
#9159=ORIENTED_EDGE('',*,*,#9158,.F.);
#9161=ORIENTED_EDGE('',*,*,#9160,.F.);
#9162=ORIENTED_EDGE('',*,*,#9144,.F.);
#9163=ORIENTED_EDGE('',*,*,#8696,.F.);
#9164=EDGE_LOOP('',(#9159,#9161,#9162,#9163));
#9165=FACE_OUTER_BOUND('',#9164,.F.);
#9166=ADVANCED_FACE('',(#9165),#9157,.F.);
#9167=CARTESIAN_POINT('',(-2.789227732E1,8.806652630260E1,-3.102256193300E1));
#9168=DIRECTION('',(5.233755903563E-2,-9.986294507545E-1,8.790270024414E-13));
#9169=DIRECTION('',(5.643961316609E-5,2.957966503815E-6,9.999999984029E-1));
#9170=AXIS2_PLACEMENT_3D('',#9167,#9168,#9169);
#9171=CYLINDRICAL_SURFACE('',#9170,5.E-1);
#9172=ORIENTED_EDGE('',*,*,#8694,.F.);
#9174=ORIENTED_EDGE('',*,*,#9173,.F.);
#9176=ORIENTED_EDGE('',*,*,#9175,.F.);
#9177=ORIENTED_EDGE('',*,*,#9158,.T.);
#9178=EDGE_LOOP('',(#9172,#9174,#9176,#9177));
#9179=FACE_OUTER_BOUND('',#9178,.F.);
#9180=ADVANCED_FACE('',(#9179),#9171,.T.);
#9181=CARTESIAN_POINT('',(-2.776909151200E1,8.808796973310E1,
-3.052256193300E1));
#9182=DIRECTION('',(0.E0,0.E0,1.E0));
#9183=DIRECTION('',(1.E0,0.E0,0.E0));
#9184=AXIS2_PLACEMENT_3D('',#9181,#9182,#9183);
#9185=PLANE('',#9184);
#9186=ORIENTED_EDGE('',*,*,#8692,.T.);
#9188=ORIENTED_EDGE('',*,*,#9187,.F.);
#9190=ORIENTED_EDGE('',*,*,#9189,.F.);
#9191=ORIENTED_EDGE('',*,*,#9173,.T.);
#9192=EDGE_LOOP('',(#9186,#9188,#9190,#9191));
#9193=FACE_OUTER_BOUND('',#9192,.F.);
#9194=ADVANCED_FACE('',(#9193),#9185,.T.);
#9195=CARTESIAN_POINT('',(-2.776909151200E1,8.809224658320E1,
-3.112256193300E1));
#9196=DIRECTION('',(-1.239918275680E-13,1.E0,0.E0));
#9197=DIRECTION('',(-1.571026812180E-12,0.E0,1.E0));
#9198=AXIS2_PLACEMENT_3D('',#9195,#9196,#9197);
#9199=CYLINDRICAL_SURFACE('',#9198,6.E-1);
#9201=ORIENTED_EDGE('',*,*,#9200,.F.);
#9202=ORIENTED_EDGE('',*,*,#9187,.T.);
#9203=ORIENTED_EDGE('',*,*,#8690,.F.);
#9205=ORIENTED_EDGE('',*,*,#9204,.T.);
#9206=EDGE_LOOP('',(#9201,#9202,#9203,#9205));
#9207=FACE_OUTER_BOUND('',#9206,.F.);
#9208=ADVANCED_FACE('',(#9207),#9199,.T.);
#9209=CARTESIAN_POINT('',(-2.776909151200E1,8.763380170040E1,
-3.493130146020E1));
#9210=DIRECTION('',(0.E0,1.E0,0.E0));
#9211=DIRECTION('',(0.E0,0.E0,1.E0));
#9212=AXIS2_PLACEMENT_3D('',#9209,#9210,#9211);
#9213=PLANE('',#9212);
#9215=ORIENTED_EDGE('',*,*,#9214,.T.);
#9217=ORIENTED_EDGE('',*,*,#9216,.T.);
#9218=ORIENTED_EDGE('',*,*,#9146,.T.);
#9219=ORIENTED_EDGE('',*,*,#9160,.T.);
#9220=ORIENTED_EDGE('',*,*,#9175,.T.);
#9221=ORIENTED_EDGE('',*,*,#9189,.T.);
#9222=ORIENTED_EDGE('',*,*,#9200,.T.);
#9224=ORIENTED_EDGE('',*,*,#9223,.T.);
#9225=EDGE_LOOP('',(#9215,#9217,#9218,#9219,#9220,#9221,#9222,#9224));
#9226=FACE_OUTER_BOUND('',#9225,.F.);
#9227=ADVANCED_FACE('',(#9226),#9213,.F.);
#9228=CARTESIAN_POINT('',(-2.776909151200E1,8.812044905670E1,
-3.423130146020E1));
#9229=DIRECTION('',(0.E0,-1.E0,0.E0));
#9230=DIRECTION('',(-2.356337347460E-12,0.E0,-1.E0));
#9231=AXIS2_PLACEMENT_3D('',#9228,#9229,#9230);
#9232=CYLINDRICAL_SURFACE('',#9231,6.E-1);
#9233=ORIENTED_EDGE('',*,*,#8686,.F.);
#9235=ORIENTED_EDGE('',*,*,#9234,.T.);
#9236=ORIENTED_EDGE('',*,*,#9214,.F.);
#9238=ORIENTED_EDGE('',*,*,#9237,.T.);
#9239=EDGE_LOOP('',(#9233,#9235,#9236,#9238));
#9240=FACE_OUTER_BOUND('',#9239,.F.);
#9241=ADVANCED_FACE('',(#9240),#9232,.T.);
#9242=CARTESIAN_POINT('',(-2.776909151200E1,8.808796973310E1,
-3.483130146020E1));
#9243=DIRECTION('',(0.E0,0.E0,-1.E0));
#9244=DIRECTION('',(-1.E0,0.E0,0.E0));
#9245=AXIS2_PLACEMENT_3D('',#9242,#9243,#9244);
#9246=PLANE('',#9245);
#9247=ORIENTED_EDGE('',*,*,#9216,.F.);
#9248=ORIENTED_EDGE('',*,*,#9234,.F.);
#9249=ORIENTED_EDGE('',*,*,#8684,.T.);
#9250=ORIENTED_EDGE('',*,*,#9148,.T.);
#9251=EDGE_LOOP('',(#9247,#9248,#9249,#9250));
#9252=FACE_OUTER_BOUND('',#9251,.F.);
#9253=ADVANCED_FACE('',(#9252),#9246,.T.);
#9254=CARTESIAN_POINT('',(-2.716909151200E1,8.811329123940E1,
-3.306526320750E1));
#9255=DIRECTION('',(1.E0,0.E0,0.E0));
#9256=DIRECTION('',(0.E0,0.E0,-1.E0));
#9257=AXIS2_PLACEMENT_3D('',#9254,#9255,#9256);
#9258=PLANE('',#9257);
#9259=ORIENTED_EDGE('',*,*,#9223,.F.);
#9260=ORIENTED_EDGE('',*,*,#9204,.F.);
#9261=ORIENTED_EDGE('',*,*,#8688,.T.);
#9262=ORIENTED_EDGE('',*,*,#9237,.F.);
#9263=EDGE_LOOP('',(#9259,#9260,#9261,#9262));
#9264=FACE_OUTER_BOUND('',#9263,.F.);
#9265=ADVANCED_FACE('',(#9264),#9258,.T.);
#9266=CARTESIAN_POINT('',(2.779309279500E1,8.807005680310E1,-3.112256193300E1));
#9267=DIRECTION('',(-5.233755905198E-2,-9.986294507536E-1,-6.468853230858E-13));
#9268=DIRECTION('',(9.986029935121E-1,-5.233617244413E-2,7.279175954451E-3));
#9269=AXIS2_PLACEMENT_3D('',#9266,#9267,#9268);
#9270=CYLINDRICAL_SURFACE('',#9269,6.E-1);
#9272=ORIENTED_EDGE('',*,*,#9271,.F.);
#9274=ORIENTED_EDGE('',*,*,#9273,.F.);
#9275=ORIENTED_EDGE('',*,*,#8642,.F.);
#9277=ORIENTED_EDGE('',*,*,#9276,.T.);
#9278=EDGE_LOOP('',(#9272,#9274,#9275,#9277));
#9279=FACE_OUTER_BOUND('',#9278,.F.);
#9280=ADVANCED_FACE('',(#9279),#9270,.T.);
#9281=CARTESIAN_POINT('',(2.776908579100E1,8.763380170040E1,-3.493130146020E1));
#9282=DIRECTION('',(0.E0,1.E0,0.E0));
#9283=DIRECTION('',(0.E0,0.E0,1.E0));
#9284=AXIS2_PLACEMENT_3D('',#9281,#9282,#9283);
#9285=PLANE('',#9284);
#9286=ORIENTED_EDGE('',*,*,#9271,.T.);
#9288=ORIENTED_EDGE('',*,*,#9287,.T.);
#9290=ORIENTED_EDGE('',*,*,#9289,.T.);
#9292=ORIENTED_EDGE('',*,*,#9291,.T.);
#9294=ORIENTED_EDGE('',*,*,#9293,.F.);
#9296=ORIENTED_EDGE('',*,*,#9295,.T.);
#9297=EDGE_LOOP('',(#9286,#9288,#9290,#9292,#9294,#9296));
#9298=FACE_OUTER_BOUND('',#9297,.F.);
#9299=ADVANCED_FACE('',(#9298),#9285,.F.);
#9300=CARTESIAN_POINT('',(2.840526319200E1,8.805436249760E1,-3.267302503520E1));
#9301=DIRECTION('',(9.985988685199E-1,-5.233595626759E-2,7.826076437099E-3));
#9302=DIRECTION('',(5.233755906374E-2,9.986294507530E-1,0.E0));
#9303=AXIS2_PLACEMENT_3D('',#9300,#9301,#9302);
#9304=PLANE('',#9303);
#9305=ORIENTED_EDGE('',*,*,#9287,.F.);
#9306=ORIENTED_EDGE('',*,*,#9276,.F.);
#9307=ORIENTED_EDGE('',*,*,#8656,.F.);
#9309=ORIENTED_EDGE('',*,*,#9308,.F.);
#9310=EDGE_LOOP('',(#9305,#9306,#9307,#9309));
#9311=FACE_OUTER_BOUND('',#9310,.F.);
#9312=ADVANCED_FACE('',(#9311),#9304,.T.);
#9313=CARTESIAN_POINT('',(2.781919110200E1,8.810316036990E1,-3.423130146020E1));
#9314=DIRECTION('',(-5.233755907612E-2,-9.986294507524E-1,5.377746858942E-13));
#9315=DIRECTION('',(-5.794614249347E-5,3.036921368507E-6,-9.999999983165E-1));
#9316=AXIS2_PLACEMENT_3D('',#9313,#9314,#9315);
#9317=CYLINDRICAL_SURFACE('',#9316,6.E-1);
#9318=ORIENTED_EDGE('',*,*,#9308,.T.);
#9319=ORIENTED_EDGE('',*,*,#8654,.F.);
#9321=ORIENTED_EDGE('',*,*,#9320,.F.);
#9322=ORIENTED_EDGE('',*,*,#9289,.F.);
#9323=EDGE_LOOP('',(#9318,#9319,#9321,#9322));
#9324=FACE_OUTER_BOUND('',#9323,.F.);
#9325=ADVANCED_FACE('',(#9324),#9317,.T.);
#9326=CARTESIAN_POINT('',(2.776908579100E1,8.808796973310E1,-3.483130146020E1));
#9327=DIRECTION('',(0.E0,0.E0,-1.E0));
#9328=DIRECTION('',(-1.E0,0.E0,0.E0));
#9329=AXIS2_PLACEMENT_3D('',#9326,#9327,#9328);
#9330=PLANE('',#9329);
#9331=ORIENTED_EDGE('',*,*,#8652,.T.);
#9333=ORIENTED_EDGE('',*,*,#9332,.F.);
#9334=ORIENTED_EDGE('',*,*,#9320,.T.);
#9335=EDGE_LOOP('',(#9331,#9333,#9334));
#9336=FACE_OUTER_BOUND('',#9335,.F.);
#9337=ADVANCED_FACE('',(#9336),#9330,.T.);
#9338=CARTESIAN_POINT('',(2.776908579100E1,8.812060186060E1,-3.423130146020E1));
#9339=DIRECTION('',(5.838475775060E-14,-1.E0,8.757713662590E-14));
#9340=DIRECTION('',(-9.999999995586E-1,-5.838735974547E-14,-2.971118655799E-5));
#9341=AXIS2_PLACEMENT_3D('',#9338,#9339,#9340);
#9342=CYLINDRICAL_SURFACE('',#9341,6.E-1);
#9343=ORIENTED_EDGE('',*,*,#8650,.F.);
#9345=ORIENTED_EDGE('',*,*,#9344,.T.);
#9346=ORIENTED_EDGE('',*,*,#9291,.F.);
#9347=ORIENTED_EDGE('',*,*,#9332,.T.);
#9348=EDGE_LOOP('',(#9343,#9345,#9346,#9347));
#9349=FACE_OUTER_BOUND('',#9348,.F.);
#9350=ADVANCED_FACE('',(#9349),#9342,.T.);
#9351=CARTESIAN_POINT('',(2.716908579100E1,8.811339235720E1,-3.306526409130E1));
#9352=DIRECTION('',(1.E0,0.E0,0.E0));
#9353=DIRECTION('',(0.E0,0.E0,-1.E0));
#9354=AXIS2_PLACEMENT_3D('',#9351,#9352,#9353);
#9355=PLANE('',#9354);
#9357=ORIENTED_EDGE('',*,*,#9356,.F.);
#9358=ORIENTED_EDGE('',*,*,#9293,.T.);
#9359=ORIENTED_EDGE('',*,*,#9344,.F.);
#9360=ORIENTED_EDGE('',*,*,#8648,.T.);
#9361=EDGE_LOOP('',(#9357,#9358,#9359,#9360));
#9362=FACE_OUTER_BOUND('',#9361,.F.);
#9363=ADVANCED_FACE('',(#9362),#9355,.F.);
#9364=CARTESIAN_POINT('',(2.776908579100E1,8.809234822850E1,-3.112256193300E1));
#9365=DIRECTION('',(0.E0,1.E0,0.E0));
#9366=DIRECTION('',(-9.999999995336E-1,0.E0,3.054052382839E-5));
#9367=AXIS2_PLACEMENT_3D('',#9364,#9365,#9366);
#9368=CYLINDRICAL_SURFACE('',#9367,6.E-1);
#9370=ORIENTED_EDGE('',*,*,#9369,.F.);
#9371=ORIENTED_EDGE('',*,*,#9295,.F.);
#9372=ORIENTED_EDGE('',*,*,#9356,.T.);
#9373=ORIENTED_EDGE('',*,*,#8646,.F.);
#9374=EDGE_LOOP('',(#9370,#9371,#9372,#9373));
#9375=FACE_OUTER_BOUND('',#9374,.F.);
#9376=ADVANCED_FACE('',(#9375),#9368,.T.);
#9377=CARTESIAN_POINT('',(2.776908579100E1,8.808796973310E1,-3.052256193300E1));
#9378=DIRECTION('',(0.E0,0.E0,1.E0));
#9379=DIRECTION('',(1.E0,0.E0,0.E0));
#9380=AXIS2_PLACEMENT_3D('',#9377,#9378,#9379);
#9381=PLANE('',#9380);
#9382=ORIENTED_EDGE('',*,*,#9273,.T.);
#9383=ORIENTED_EDGE('',*,*,#9369,.T.);
#9384=ORIENTED_EDGE('',*,*,#8644,.F.);
#9385=EDGE_LOOP('',(#9382,#9383,#9384));
#9386=FACE_OUTER_BOUND('',#9385,.F.);
#9387=ADVANCED_FACE('',(#9386),#9381,.T.);
#9388=CARTESIAN_POINT('',(-2.824563820500E1,8.807011586510E1,
-4.567672606250E1));
#9389=DIRECTION('',(9.986294299995E-1,5.233595624263E-2,-4.574090913522E-4));
#9390=DIRECTION('',(-5.233596171757E-2,9.986295344677E-1,0.E0));
#9391=AXIS2_PLACEMENT_3D('',#9388,#9389,#9390);
#9392=PLANE('',#9391);
#9394=ORIENTED_EDGE('',*,*,#9393,.T.);
#9396=ORIENTED_EDGE('',*,*,#9395,.T.);
#9398=ORIENTED_EDGE('',*,*,#9397,.T.);
#9400=ORIENTED_EDGE('',*,*,#9399,.F.);
#9401=ORIENTED_EDGE('',*,*,#8579,.T.);
#9402=ORIENTED_EDGE('',*,*,#8577,.T.);
#9403=ORIENTED_EDGE('',*,*,#8595,.T.);
#9405=ORIENTED_EDGE('',*,*,#9404,.F.);
#9406=EDGE_LOOP('',(#9394,#9396,#9398,#9400,#9401,#9402,#9403,#9405));
#9407=FACE_OUTER_BOUND('',#9406,.F.);
#9408=ADVANCED_FACE('',(#9407),#9392,.F.);
#9409=CARTESIAN_POINT('',(-2.776909151200E1,8.763380170040E1,
-4.793130146020E1));
#9410=DIRECTION('',(0.E0,1.E0,0.E0));
#9411=DIRECTION('',(0.E0,0.E0,1.E0));
#9412=AXIS2_PLACEMENT_3D('',#9409,#9410,#9411);
#9413=PLANE('',#9412);
#9415=ORIENTED_EDGE('',*,*,#9414,.T.);
#9417=ORIENTED_EDGE('',*,*,#9416,.T.);
#9419=ORIENTED_EDGE('',*,*,#9418,.T.);
#9420=ORIENTED_EDGE('',*,*,#9397,.F.);
#9421=ORIENTED_EDGE('',*,*,#9395,.F.);
#9422=ORIENTED_EDGE('',*,*,#9393,.F.);
#9424=ORIENTED_EDGE('',*,*,#9423,.T.);
#9426=ORIENTED_EDGE('',*,*,#9425,.T.);
#9427=EDGE_LOOP('',(#9415,#9417,#9419,#9420,#9421,#9422,#9424,#9426));
#9428=FACE_OUTER_BOUND('',#9427,.F.);
#9429=ADVANCED_FACE('',(#9428),#9413,.F.);
#9430=CARTESIAN_POINT('',(-2.716909151200E1,8.809628920150E1,
-4.606511461210E1));
#9431=DIRECTION('',(1.E0,0.E0,0.E0));
#9432=DIRECTION('',(0.E0,0.E0,-1.E0));
#9433=AXIS2_PLACEMENT_3D('',#9430,#9431,#9432);
#9434=PLANE('',#9433);
#9435=ORIENTED_EDGE('',*,*,#9414,.F.);
#9437=ORIENTED_EDGE('',*,*,#9436,.F.);
#9438=ORIENTED_EDGE('',*,*,#8587,.T.);
#9440=ORIENTED_EDGE('',*,*,#9439,.F.);
#9441=EDGE_LOOP('',(#9435,#9437,#9438,#9440));
#9442=FACE_OUTER_BOUND('',#9441,.F.);
#9443=ADVANCED_FACE('',(#9442),#9434,.T.);
#9444=CARTESIAN_POINT('',(-2.771909151200E1,8.811681795550E1,
-4.407256193300E1));
#9445=DIRECTION('',(1.176842772050E-13,1.E0,8.090794057810E-14));
#9446=DIRECTION('',(-5.196948023308E-2,-7.468261681765E-14,9.986486735205E-1));
#9447=AXIS2_PLACEMENT_3D('',#9444,#9445,#9446);
#9448=CYLINDRICAL_SURFACE('',#9447,5.5E-1);
#9449=ORIENTED_EDGE('',*,*,#9425,.F.);
#9451=ORIENTED_EDGE('',*,*,#9450,.F.);
#9452=ORIENTED_EDGE('',*,*,#8589,.T.);
#9453=ORIENTED_EDGE('',*,*,#9436,.T.);
#9454=EDGE_LOOP('',(#9449,#9451,#9452,#9453));
#9455=FACE_OUTER_BOUND('',#9454,.F.);
#9456=ADVANCED_FACE('',(#9455),#9448,.T.);
#9457=CARTESIAN_POINT('',(-2.776909151200E1,8.808796973310E1,
-4.352256193300E1));
#9458=DIRECTION('',(0.E0,0.E0,1.E0));
#9459=DIRECTION('',(1.E0,0.E0,0.E0));
#9460=AXIS2_PLACEMENT_3D('',#9457,#9458,#9459);
#9461=PLANE('',#9460);
#9462=ORIENTED_EDGE('',*,*,#8591,.T.);
#9463=ORIENTED_EDGE('',*,*,#9450,.T.);
#9465=ORIENTED_EDGE('',*,*,#9464,.T.);
#9466=EDGE_LOOP('',(#9462,#9463,#9465));
#9467=FACE_OUTER_BOUND('',#9466,.F.);
#9468=ADVANCED_FACE('',(#9467),#9461,.T.);
#9469=CARTESIAN_POINT('',(-2.774576277500E1,8.810004391880E1,
-4.402256193300E1));
#9470=DIRECTION('',(5.233596171768E-2,-9.986295344677E-1,8.872673746207E-13));
#9471=DIRECTION('',(5.218223812640E-2,2.734755505972E-3,9.986338343639E-1));
#9472=AXIS2_PLACEMENT_3D('',#9469,#9470,#9471);
#9473=CYLINDRICAL_SURFACE('',#9472,5.E-1);
#9474=ORIENTED_EDGE('',*,*,#8593,.T.);
#9475=ORIENTED_EDGE('',*,*,#9464,.F.);
#9476=ORIENTED_EDGE('',*,*,#9423,.F.);
#9477=ORIENTED_EDGE('',*,*,#9404,.T.);
#9478=EDGE_LOOP('',(#9474,#9475,#9476,#9477));
#9479=FACE_OUTER_BOUND('',#9478,.F.);
#9480=ADVANCED_FACE('',(#9479),#9473,.T.);
#9481=CARTESIAN_POINT('',(-2.771909151200E1,8.810247717870E1,
-4.728130146020E1));
#9482=DIRECTION('',(0.E0,-1.E0,0.E0));
#9483=DIRECTION('',(-2.356337347460E-12,0.E0,-1.E0));
#9484=AXIS2_PLACEMENT_3D('',#9481,#9482,#9483);
#9485=CYLINDRICAL_SURFACE('',#9484,5.5E-1);
#9486=ORIENTED_EDGE('',*,*,#8585,.T.);
#9488=ORIENTED_EDGE('',*,*,#9487,.T.);
#9489=ORIENTED_EDGE('',*,*,#9416,.F.);
#9490=ORIENTED_EDGE('',*,*,#9439,.T.);
#9491=EDGE_LOOP('',(#9486,#9488,#9489,#9490));
#9492=FACE_OUTER_BOUND('',#9491,.F.);
#9493=ADVANCED_FACE('',(#9492),#9485,.T.);
#9494=CARTESIAN_POINT('',(-2.776909151200E1,8.808796973310E1,
-4.783130146020E1));
#9495=DIRECTION('',(0.E0,0.E0,-1.E0));
#9496=DIRECTION('',(-1.E0,0.E0,0.E0));
#9497=AXIS2_PLACEMENT_3D('',#9494,#9495,#9496);
#9498=PLANE('',#9497);
#9500=ORIENTED_EDGE('',*,*,#9499,.T.);
#9501=ORIENTED_EDGE('',*,*,#9487,.F.);
#9502=ORIENTED_EDGE('',*,*,#8583,.T.);
#9503=EDGE_LOOP('',(#9500,#9501,#9502));
#9504=FACE_OUTER_BOUND('',#9503,.F.);
#9505=ADVANCED_FACE('',(#9504),#9498,.T.);
#9506=CARTESIAN_POINT('',(-2.774638409100E1,8.808298141280E1,
-4.733130146020E1));
#9507=DIRECTION('',(5.233596171728E-2,-9.986295344677E-1,-6.321919884208E-13));
#9508=DIRECTION('',(-9.986294639725E-1,-5.233595802279E-2,3.757442726648E-4));
#9509=AXIS2_PLACEMENT_3D('',#9506,#9507,#9508);
#9510=CYLINDRICAL_SURFACE('',#9509,5.E-1);
#9511=ORIENTED_EDGE('',*,*,#9418,.F.);
#9512=ORIENTED_EDGE('',*,*,#9499,.F.);
#9513=ORIENTED_EDGE('',*,*,#8581,.T.);
#9514=ORIENTED_EDGE('',*,*,#9399,.T.);
#9515=EDGE_LOOP('',(#9511,#9512,#9513,#9514));
#9516=FACE_OUTER_BOUND('',#9515,.F.);
#9517=ADVANCED_FACE('',(#9516),#9510,.T.);
#9518=CARTESIAN_POINT('',(2.824559971500E1,8.807092107230E1,-4.567672606780E1));
#9519=DIRECTION('',(9.986294299780E-1,-5.233595624230E-2,4.574560698370E-4));
#9520=DIRECTION('',(5.233596171837E-2,9.986295344676E-1,0.E0));
#9521=AXIS2_PLACEMENT_3D('',#9518,#9519,#9520);
#9522=PLANE('',#9521);
#9523=ORIENTED_EDGE('',*,*,#8601,.F.);
#9524=ORIENTED_EDGE('',*,*,#8599,.T.);
#9525=ORIENTED_EDGE('',*,*,#8617,.F.);
#9527=ORIENTED_EDGE('',*,*,#9526,.T.);
#9529=ORIENTED_EDGE('',*,*,#9528,.F.);
#9531=ORIENTED_EDGE('',*,*,#9530,.F.);
#9533=ORIENTED_EDGE('',*,*,#9532,.F.);
#9535=ORIENTED_EDGE('',*,*,#9534,.F.);
#9536=EDGE_LOOP('',(#9523,#9524,#9525,#9527,#9529,#9531,#9533,#9535));
#9537=FACE_OUTER_BOUND('',#9536,.F.);
#9538=ADVANCED_FACE('',(#9537),#9522,.T.);
#9539=CARTESIAN_POINT('',(2.774634567800E1,8.808378659840E1,-4.733130146020E1));
#9540=DIRECTION('',(-5.233596171878E-2,-9.986295344676E-1,7.946698854507E-13));
#9541=DIRECTION('',(-5.361717471848E-2,2.809957352441E-3,-9.985576111146E-1));
#9542=AXIS2_PLACEMENT_3D('',#9539,#9540,#9541);
#9543=CYLINDRICAL_SURFACE('',#9542,5.E-1);
#9544=ORIENTED_EDGE('',*,*,#9526,.F.);
#9545=ORIENTED_EDGE('',*,*,#8615,.T.);
#9547=ORIENTED_EDGE('',*,*,#9546,.F.);
#9549=ORIENTED_EDGE('',*,*,#9548,.F.);
#9550=EDGE_LOOP('',(#9544,#9545,#9547,#9549));
#9551=FACE_OUTER_BOUND('',#9550,.F.);
#9552=ADVANCED_FACE('',(#9551),#9543,.T.);
#9553=CARTESIAN_POINT('',(2.776908579100E1,8.808796973310E1,-4.783130146020E1));
#9554=DIRECTION('',(0.E0,0.E0,-1.E0));
#9555=DIRECTION('',(-1.E0,0.E0,0.E0));
#9556=AXIS2_PLACEMENT_3D('',#9553,#9554,#9555);
#9557=PLANE('',#9556);
#9558=ORIENTED_EDGE('',*,*,#8613,.T.);
#9560=ORIENTED_EDGE('',*,*,#9559,.T.);
#9561=ORIENTED_EDGE('',*,*,#9546,.T.);
#9562=EDGE_LOOP('',(#9558,#9560,#9561));
#9563=FACE_OUTER_BOUND('',#9562,.F.);
#9564=ADVANCED_FACE('',(#9563),#9557,.T.);
#9565=CARTESIAN_POINT('',(2.771908579100E1,8.810402692500E1,-4.728130146020E1));
#9566=DIRECTION('',(0.E0,-1.E0,0.E0));
#9567=DIRECTION('',(-1.E0,0.E0,2.356559392070E-12));
#9568=AXIS2_PLACEMENT_3D('',#9565,#9566,#9567);
#9569=CYLINDRICAL_SURFACE('',#9568,5.5E-1);
#9570=ORIENTED_EDGE('',*,*,#9559,.F.);
#9571=ORIENTED_EDGE('',*,*,#8611,.T.);
#9573=ORIENTED_EDGE('',*,*,#9572,.T.);
#9575=ORIENTED_EDGE('',*,*,#9574,.F.);
#9576=EDGE_LOOP('',(#9570,#9571,#9573,#9575));
#9577=FACE_OUTER_BOUND('',#9576,.F.);
#9578=ADVANCED_FACE('',(#9577),#9569,.T.);
#9579=CARTESIAN_POINT('',(2.716908579100E1,8.809782958710E1,-4.606512807480E1));
#9580=DIRECTION('',(1.E0,0.E0,0.E0));
#9581=DIRECTION('',(0.E0,0.E0,-1.E0));
#9582=AXIS2_PLACEMENT_3D('',#9579,#9580,#9581);
#9583=PLANE('',#9582);
#9585=ORIENTED_EDGE('',*,*,#9584,.F.);
#9587=ORIENTED_EDGE('',*,*,#9586,.T.);
#9588=ORIENTED_EDGE('',*,*,#9572,.F.);
#9589=ORIENTED_EDGE('',*,*,#8609,.T.);
#9590=EDGE_LOOP('',(#9585,#9587,#9588,#9589));
#9591=FACE_OUTER_BOUND('',#9590,.F.);
#9592=ADVANCED_FACE('',(#9591),#9583,.F.);
#9593=CARTESIAN_POINT('',(2.771908579100E1,8.811840284170E1,-4.407256193300E1));
#9594=DIRECTION('',(0.E0,1.E0,0.E0));
#9595=DIRECTION('',(-1.E0,0.E0,3.688486738260E-9));
#9596=AXIS2_PLACEMENT_3D('',#9593,#9594,#9595);
#9597=CYLINDRICAL_SURFACE('',#9596,5.5E-1);
#9599=ORIENTED_EDGE('',*,*,#9598,.T.);
#9601=ORIENTED_EDGE('',*,*,#9600,.F.);
#9602=ORIENTED_EDGE('',*,*,#9584,.T.);
#9603=ORIENTED_EDGE('',*,*,#8607,.T.);
#9604=EDGE_LOOP('',(#9599,#9601,#9602,#9603));
#9605=FACE_OUTER_BOUND('',#9604,.F.);
#9606=ADVANCED_FACE('',(#9605),#9597,.T.);
#9607=CARTESIAN_POINT('',(2.776908579100E1,8.808796973310E1,-4.352256193300E1));
#9608=DIRECTION('',(0.E0,0.E0,1.E0));
#9609=DIRECTION('',(1.E0,0.E0,0.E0));
#9610=AXIS2_PLACEMENT_3D('',#9607,#9608,#9609);
#9611=PLANE('',#9610);
#9613=ORIENTED_EDGE('',*,*,#9612,.T.);
#9614=ORIENTED_EDGE('',*,*,#9598,.F.);
#9615=ORIENTED_EDGE('',*,*,#8605,.T.);
#9616=EDGE_LOOP('',(#9613,#9614,#9615));
#9617=FACE_OUTER_BOUND('',#9616,.F.);
#9618=ADVANCED_FACE('',(#9617),#9611,.T.);
#9619=CARTESIAN_POINT('',(2.774574475400E1,8.810124119120E1,-4.402256193300E1));
#9620=DIRECTION('',(-5.233596171808E-2,-9.986295344676E-1,7.049916206367E-13));
#9621=DIRECTION('',(9.986294142131E-1,-5.233595541581E-2,4.907536606E-4));
#9622=AXIS2_PLACEMENT_3D('',#9619,#9620,#9621);
#9623=CYLINDRICAL_SURFACE('',#9622,5.E-1);
#9625=ORIENTED_EDGE('',*,*,#9624,.F.);
#9626=ORIENTED_EDGE('',*,*,#9612,.F.);
#9627=ORIENTED_EDGE('',*,*,#8603,.T.);
#9628=ORIENTED_EDGE('',*,*,#9534,.T.);
#9629=EDGE_LOOP('',(#9625,#9626,#9627,#9628));
#9630=FACE_OUTER_BOUND('',#9629,.F.);
#9631=ADVANCED_FACE('',(#9630),#9623,.T.);
#9632=CARTESIAN_POINT('',(2.776908579100E1,8.763380170040E1,-4.793130146020E1));
#9633=DIRECTION('',(0.E0,1.E0,0.E0));
#9634=DIRECTION('',(0.E0,0.E0,1.E0));
#9635=AXIS2_PLACEMENT_3D('',#9632,#9633,#9634);
#9636=PLANE('',#9635);
#9637=ORIENTED_EDGE('',*,*,#9532,.T.);
#9638=ORIENTED_EDGE('',*,*,#9530,.T.);
#9639=ORIENTED_EDGE('',*,*,#9528,.T.);
#9640=ORIENTED_EDGE('',*,*,#9548,.T.);
#9641=ORIENTED_EDGE('',*,*,#9574,.T.);
#9642=ORIENTED_EDGE('',*,*,#9586,.F.);
#9643=ORIENTED_EDGE('',*,*,#9600,.T.);
#9644=ORIENTED_EDGE('',*,*,#9624,.T.);
#9645=EDGE_LOOP('',(#9637,#9638,#9639,#9640,#9641,#9642,#9643,#9644));
#9646=FACE_OUTER_BOUND('',#9645,.F.);
#9647=ADVANCED_FACE('',(#9646),#9636,.F.);
#9648=CARTESIAN_POINT('',(4.693365961947E0,8.95E1,-3.875063165318E1));
#9649=DIRECTION('',(0.E0,-8.726535498374E-3,9.999619230642E-1));
#9650=DIRECTION('',(-1.E0,0.E0,0.E0));
#9651=AXIS2_PLACEMENT_3D('',#9648,#9649,#9650);
#9652=PLANE('',#9651);
#9653=ORIENTED_EDGE('',*,*,#8157,.T.);
#9654=ORIENTED_EDGE('',*,*,#8138,.F.);
#9655=ORIENTED_EDGE('',*,*,#7442,.T.);
#9656=ORIENTED_EDGE('',*,*,#7267,.T.);
#9657=EDGE_LOOP('',(#9653,#9654,#9655,#9656));
#9658=FACE_OUTER_BOUND('',#9657,.F.);
#9659=ADVANCED_FACE('',(#9658),#9652,.T.);
#9660=CARTESIAN_POINT('',(4.75E0,9.175786209828E1,-3.022168946134E1));
#9661=DIRECTION('',(9.998476951564E-1,1.745240643728E-2,1.207279159753E-8));
#9662=DIRECTION('',(-1.207095285289E-8,-2.106992657927E-10,1.E0));
#9663=AXIS2_PLACEMENT_3D('',#9660,#9661,#9662);
#9664=PLANE('',#9663);
#9666=ORIENTED_EDGE('',*,*,#9665,.F.);
#9668=ORIENTED_EDGE('',*,*,#9667,.T.);
#9670=ORIENTED_EDGE('',*,*,#9669,.T.);
#9671=ORIENTED_EDGE('',*,*,#8164,.T.);
#9672=EDGE_LOOP('',(#9666,#9668,#9670,#9671));
#9673=FACE_OUTER_BOUND('',#9672,.F.);
#9674=ADVANCED_FACE('',(#9673),#9664,.F.);
#9675=CARTESIAN_POINT('',(2.916560802537E0,9.219877128807E1,-3.364792963481E1));
#9676=CARTESIAN_POINT('',(2.930450196423E0,9.140304845486E1,-3.366181659103E1));
#9677=CARTESIAN_POINT('',(2.944339590314E0,9.060732562142E1,-3.367570353408E1));
#9678=CARTESIAN_POINT('',(2.958228984208E0,8.981160278775E1,-3.368959046397E1));
#9679=CARTESIAN_POINT('',(4.152785341548E0,9.222723243805E1,-3.404231248329E1));
#9680=CARTESIAN_POINT('',(4.166674735510E0,9.143150960050E1,-3.405619943958E1));
#9681=CARTESIAN_POINT('',(4.180564129476E0,9.063578676271E1,-3.407008638271E1));
#9682=CARTESIAN_POINT('',(4.194453523446E0,8.984006392470E1,-3.408397331268E1));
#9683=CARTESIAN_POINT('',(5.070473399472E0,9.222723243280E1,-3.312446303625E1));
#9684=CARTESIAN_POINT('',(5.084362793257E0,9.143150960536E1,-3.313834999236E1));
#9685=CARTESIAN_POINT('',(5.098252187047E0,9.063578677769E1,-3.315223693532E1));
#9686=CARTESIAN_POINT('',(5.112141580840E0,8.984006394979E1,-3.316612386511E1));
#9687=CARTESIAN_POINT('',(4.675873167551E0,9.219877127799E1,-3.188830786851E1));
#9688=CARTESIAN_POINT('',(4.689762561099E0,9.140304846418E1,-3.190219482439E1));
#9689=CARTESIAN_POINT('',(4.703651954651E0,9.060732565014E1,-3.191608176711E1));
#9690=CARTESIAN_POINT('',(4.717541348206E0,8.981160283587E1,-3.192996869666E1));
#9691=(BOUNDED_SURFACE()B_SPLINE_SURFACE(3,3,((#9675,#9676,#9677,#9678),(#9679,
#9680,#9681,#9682),(#9683,#9684,#9685,#9686),(#9687,#9688,#9689,#9690)),
.UNSPECIFIED.,.F.,.F.,.F.)B_SPLINE_SURFACE_WITH_KNOTS((4,4),(4,4),(0.E0,1.E0),(
1.289794892187E-2,9.507788456613E-1),.UNSPECIFIED.)GEOMETRIC_REPRESENTATION_ITEM()RATIONAL_B_SPLINE_SURFACE(((1.371218398116E0,1.371218398116E0,1.371218398116E0,
1.371218398116E0),(8.762605339615E-1,8.762605339615E-1,8.762605339615E-1,
8.762605339615E-1),(8.762605339615E-1,8.762605339615E-1,8.762605339615E-1,
8.762605339615E-1),(1.371218398116E0,1.371218398116E0,1.371218398116E0,
1.371218398116E0)))REPRESENTATION_ITEM('')SURFACE());
#9693=ORIENTED_EDGE('',*,*,#9692,.F.);
#9695=ORIENTED_EDGE('',*,*,#9694,.T.);
#9696=ORIENTED_EDGE('',*,*,#9665,.T.);
#9697=ORIENTED_EDGE('',*,*,#8178,.T.);
#9698=EDGE_LOOP('',(#9693,#9695,#9696,#9697));
#9699=FACE_OUTER_BOUND('',#9698,.F.);
#9700=ADVANCED_FACE('',(#9699),#9691,.F.);
#9701=CARTESIAN_POINT('',(3.592823496454E0,9.175786882445E1,-3.372193612076E1));
#9702=CARTESIAN_POINT('',(1.197710398409E0,9.175787663479E1,-3.372238357509E1));
#9703=CARTESIAN_POINT('',(-1.197642796180E0,9.175787761497E1,
-3.372243972912E1));
#9704=CARTESIAN_POINT('',(-3.592816152014E0,9.175787176479E1,
-3.372210457300E1));
#9706=DIRECTION('',(0.E0,-9.998476951564E-1,-1.745240643728E-2));
#9707=VECTOR('',#9706,1.E0);
#9708=SURFACE_OF_LINEAR_EXTRUSION('',#9705,#9707);
#9709=ORIENTED_EDGE('',*,*,#9692,.T.);
#9710=ORIENTED_EDGE('',*,*,#8176,.F.);
#9712=ORIENTED_EDGE('',*,*,#9711,.F.);
#9714=ORIENTED_EDGE('',*,*,#9713,.F.);
#9715=EDGE_LOOP('',(#9709,#9710,#9712,#9714));
#9716=FACE_OUTER_BOUND('',#9715,.F.);
#9717=ADVANCED_FACE('',(#9716),#9708,.T.);
#9718=CARTESIAN_POINT('',(-4.675938836316E0,9.220777274852E1,
-3.188830750407E1));
#9719=CARTESIAN_POINT('',(-4.689808139651E0,9.141320090219E1,
-3.190217502378E1));
#9720=CARTESIAN_POINT('',(-4.703677442990E0,9.061862905564E1,
-3.191604253036E1));
#9721=CARTESIAN_POINT('',(-4.717546746333E0,8.982405720886E1,
-3.192991002382E1));
#9722=CARTESIAN_POINT('',(-5.070552401099E0,9.223623587771E1,
-3.312450447702E1));
#9723=CARTESIAN_POINT('',(-5.084421704671E0,9.144166401777E1,
-3.313837199696E1));
#9724=CARTESIAN_POINT('',(-5.098291008248E0,9.064709215761E1,
-3.315223950378E1));
#9725=CARTESIAN_POINT('',(-5.112160311829E0,8.985252029722E1,
-3.316610699747E1));
#9726=CARTESIAN_POINT('',(-4.152811769566E0,9.223623588308E1,
-3.404236345550E1));
#9727=CARTESIAN_POINT('',(-4.166681073315E0,9.144166401304E1,
-3.405623097562E1));
#9728=CARTESIAN_POINT('',(-4.180550377068E0,9.064709214278E1,
-3.407009848261E1));
#9729=CARTESIAN_POINT('',(-4.194419680825E0,8.985252027229E1,
-3.408396597649E1));
#9730=CARTESIAN_POINT('',(-2.916563922746E0,9.220777275881E1,
-3.364790929728E1));
#9731=CARTESIAN_POINT('',(-2.930433226419E0,9.141320089312E1,
-3.366177681732E1));
#9732=CARTESIAN_POINT('',(-2.944302530096E0,9.061862902720E1,
-3.367564432424E1));
#9733=CARTESIAN_POINT('',(-2.958171833777E0,8.982405716105E1,
-3.368951181804E1));
#9734=(BOUNDED_SURFACE()B_SPLINE_SURFACE(3,3,((#9718,#9719,#9720,#9721),(#9722,
#9723,#9724,#9725),(#9726,#9727,#9728,#9729),(#9730,#9731,#9732,#9733)),
.UNSPECIFIED.,.F.,.F.,.F.)B_SPLINE_SURFACE_WITH_KNOTS((4,4),(4,4),(0.E0,1.E0),(
2.351117163927E-2,9.514399176024E-1),.UNSPECIFIED.)GEOMETRIC_REPRESENTATION_ITEM()RATIONAL_B_SPLINE_SURFACE(((1.371237985169E0,1.371237985169E0,1.371237985169E0,
1.371237985169E0),(8.762540049438E-1,8.762540049438E-1,8.762540049438E-1,
8.762540049438E-1),(8.762540049438E-1,8.762540049438E-1,8.762540049438E-1,
8.762540049438E-1),(1.371237985169E0,1.371237985169E0,1.371237985169E0,
1.371237985169E0)))REPRESENTATION_ITEM('')SURFACE());
#9736=ORIENTED_EDGE('',*,*,#9735,.F.);
#9738=ORIENTED_EDGE('',*,*,#9737,.T.);
#9739=ORIENTED_EDGE('',*,*,#9711,.T.);
#9740=ORIENTED_EDGE('',*,*,#8174,.T.);
#9741=EDGE_LOOP('',(#9736,#9738,#9739,#9740));
#9742=FACE_OUTER_BOUND('',#9741,.F.);
#9743=ADVANCED_FACE('',(#9742),#9734,.F.);
#9744=CARTESIAN_POINT('',(-4.75E0,9.177062815094E1,-3.372168946134E1));
#9745=DIRECTION('',(-9.998476951564E-1,1.745240643728E-2,1.207279516343E-8));
#9746=DIRECTION('',(-1.207095641826E-8,2.106993280263E-10,-1.E0));
#9747=AXIS2_PLACEMENT_3D('',#9744,#9745,#9746);
#9748=PLANE('',#9747);
#9750=ORIENTED_EDGE('',*,*,#9749,.F.);
#9752=ORIENTED_EDGE('',*,*,#9751,.F.);
#9753=ORIENTED_EDGE('',*,*,#9735,.T.);
#9754=ORIENTED_EDGE('',*,*,#8172,.F.);
#9755=EDGE_LOOP('',(#9750,#9752,#9753,#9754));
#9756=FACE_OUTER_BOUND('',#9755,.F.);
#9757=ADVANCED_FACE('',(#9756),#9748,.F.);
#9758=CARTESIAN_POINT('',(-2.916563970350E0,9.220777033758E1,
-3.029546963495E1));
#9759=CARTESIAN_POINT('',(-2.930433197876E0,9.141320281519E1,
-3.028160219085E1));
#9760=CARTESIAN_POINT('',(-2.944302425406E0,9.061863529256E1,
-3.026773475988E1));
#9761=CARTESIAN_POINT('',(-2.958171652940E0,8.982406776972E1,
-3.025386734203E1));
#9762=CARTESIAN_POINT('',(-4.152811790571E0,9.223623346039E1,
-2.990101549911E1));
#9763=CARTESIAN_POINT('',(-4.166681018173E0,9.144166593366E1,
-2.988714805494E1));
#9764=CARTESIAN_POINT('',(-4.180550245778E0,9.064709840670E1,
-2.987328062389E1));
#9765=CARTESIAN_POINT('',(-4.194419473388E0,8.985253087950E1,
-2.985941320596E1));
#9766=CARTESIAN_POINT('',(-5.070552405754E0,9.223623345502E1,
-3.081887444845E1));
#9767=CARTESIAN_POINT('',(-5.084421633180E0,9.144166593839E1,
-3.080500700445E1));
#9768=CARTESIAN_POINT('',(-5.098290860609E0,9.064709842153E1,
-3.079113957358E1));
#9769=CARTESIAN_POINT('',(-5.112160088042E0,8.985253090444E1,
-3.077727215583E1));
#9770=CARTESIAN_POINT('',(-4.675938880592E0,9.220777032728E1,
-3.205507140030E1));
#9771=CARTESIAN_POINT('',(-4.689808107780E0,9.141320282426E1,
-3.204120395654E1));
#9772=CARTESIAN_POINT('',(-4.703677334971E0,9.061863532101E1,
-3.202733652590E1));
#9773=CARTESIAN_POINT('',(-4.717546562167E0,8.982406781752E1,
-3.201346910839E1));
#9774=(BOUNDED_SURFACE()B_SPLINE_SURFACE(3,3,((#9758,#9759,#9760,#9761),(#9762,
#9763,#9764,#9765),(#9766,#9767,#9768,#9769),(#9770,#9771,#9772,#9773)),
.UNSPECIFIED.,.F.,.F.,.F.)B_SPLINE_SURFACE_WITH_KNOTS((4,4),(4,4),(0.E0,1.E0),(
1.430522992731E-2,9.461585696425E-1),.UNSPECIFIED.)GEOMETRIC_REPRESENTATION_ITEM()RATIONAL_B_SPLINE_SURFACE(((1.371237970819E0,1.371237970819E0,1.371237970819E0,
1.371237970819E0),(8.762540097269E-1,8.762540097269E-1,8.762540097269E-1,
8.762540097269E-1),(8.762540097269E-1,8.762540097269E-1,8.762540097269E-1,
8.762540097269E-1),(1.371237970819E0,1.371237970819E0,1.371237970819E0,
1.371237970819E0)))REPRESENTATION_ITEM('')SURFACE());
#9776=ORIENTED_EDGE('',*,*,#9775,.F.);
#9778=ORIENTED_EDGE('',*,*,#9777,.T.);
#9779=ORIENTED_EDGE('',*,*,#9749,.T.);
#9780=ORIENTED_EDGE('',*,*,#8170,.T.);
#9781=EDGE_LOOP('',(#9776,#9778,#9779,#9780));
#9782=FACE_OUTER_BOUND('',#9781,.F.);
#9783=ADVANCED_FACE('',(#9782),#9774,.F.);
#9784=CARTESIAN_POINT('',(-3.592817787580E0,9.177062908796E1,
-3.022149708863E1));
#9785=CARTESIAN_POINT('',(-1.197644773206E0,9.177063493859E1,
-3.022116190584E1));
#9786=CARTESIAN_POINT('',(1.197708079968E0,9.177063395835E1,-3.022121806410E1));
#9787=CARTESIAN_POINT('',(3.592820836821E0,9.177062614739E1,-3.022166555357E1));
#9789=DIRECTION('',(0.E0,-9.998476951564E-1,1.745240643728E-2));
#9790=VECTOR('',#9789,1.E0);
#9791=SURFACE_OF_LINEAR_EXTRUSION('',#9788,#9790);
#9793=ORIENTED_EDGE('',*,*,#9792,.F.);
#9795=ORIENTED_EDGE('',*,*,#9794,.T.);
#9796=ORIENTED_EDGE('',*,*,#9775,.T.);
#9797=ORIENTED_EDGE('',*,*,#8168,.T.);
#9798=EDGE_LOOP('',(#9793,#9795,#9796,#9797));
#9799=FACE_OUTER_BOUND('',#9798,.F.);
#9800=ADVANCED_FACE('',(#9799),#9791,.T.);
#9801=CARTESIAN_POINT('',(4.675873211830E0,9.219876885660E1,-3.205507104836E1));
#9802=CARTESIAN_POINT('',(4.689762535551E0,9.140305002399E1,-3.204118416215E1));
#9803=CARTESIAN_POINT('',(4.703651859275E0,9.060733119115E1,-3.202729728911E1));
#9804=CARTESIAN_POINT('',(4.717541183003E0,8.981161235809E1,-3.201341042923E1));
#9805=CARTESIAN_POINT('',(5.070473403068E0,9.222723000980E1,-3.081891590505E1));
#9806=CARTESIAN_POINT('',(5.084362727026E0,9.143151116357E1,-3.080502901861E1));
#9807=CARTESIAN_POINT('',(5.098252050988E0,9.063579231710E1,-3.079114214533E1));
#9808=CARTESIAN_POINT('',(5.112141374954E0,8.984007347041E1,-3.077725528521E1));
#9809=CARTESIAN_POINT('',(4.152785365685E0,9.222723001506E1,-2.990106648792E1));
#9810=CARTESIAN_POINT('',(4.166674689820E0,9.143151115871E1,-2.988717960130E1));
#9811=CARTESIAN_POINT('',(4.180564013958E0,9.063579230212E1,-2.987329272784E1));
#9812=CARTESIAN_POINT('',(4.194453338101E0,8.984007344531E1,-2.985940586755E1));
#9813=CARTESIAN_POINT('',(2.916560855133E0,9.219876886668E1,-3.029544930832E1));
#9814=CARTESIAN_POINT('',(2.930450179192E0,9.140305001467E1,-3.028156242178E1));
#9815=CARTESIAN_POINT('',(2.944339503254E0,9.060733116244E1,-3.026767554840E1));
#9816=CARTESIAN_POINT('',(2.958228827321E0,8.981161230997E1,-3.025378868818E1));
#9817=(BOUNDED_SURFACE()B_SPLINE_SURFACE(3,3,((#9801,#9802,#9803,#9804),(#9805,
#9806,#9807,#9808),(#9809,#9810,#9811,#9812),(#9813,#9814,#9815,#9816)),
.UNSPECIFIED.,.F.,.F.,.F.)B_SPLINE_SURFACE_WITH_KNOTS((4,4),(4,4),(0.E0,1.E0),(
2.687837925807E-2,9.514703689246E-1),.UNSPECIFIED.)GEOMETRIC_REPRESENTATION_ITEM()RATIONAL_B_SPLINE_SURFACE(((1.371218382205E0,1.371218382205E0,1.371218382205E0,
1.371218382205E0),(8.762605392650E-1,8.762605392650E-1,8.762605392650E-1,
8.762605392650E-1),(8.762605392650E-1,8.762605392650E-1,8.762605392650E-1,
8.762605392650E-1),(1.371218382205E0,1.371218382205E0,1.371218382205E0,
1.371218382205E0)))REPRESENTATION_ITEM('')SURFACE());
#9818=ORIENTED_EDGE('',*,*,#9669,.F.);
#9820=ORIENTED_EDGE('',*,*,#9819,.T.);
#9821=ORIENTED_EDGE('',*,*,#9792,.T.);
#9822=ORIENTED_EDGE('',*,*,#8166,.T.);
#9823=EDGE_LOOP('',(#9818,#9820,#9821,#9822));
#9824=FACE_OUTER_BOUND('',#9823,.F.);
#9825=ADVANCED_FACE('',(#9824),#9817,.F.);
#9826=CARTESIAN_POINT('',(-5.1553114E-1,-2.919467560760E2,-3.216396732890E1));
#9827=DIRECTION('',(5.581114491499E-12,-6.917552065398E-7,9.999999999998E-1));
#9828=DIRECTION('',(3.743998962240E-2,9.992988778021E-1,6.912699926523E-7));
#9829=AXIS2_PLACEMENT_3D('',#9826,#9827,#9828);
#9830=CYLINDRICAL_SURFACE('',#9829,3.837407469340E2);
#9832=ORIENTED_EDGE('',*,*,#9831,.T.);
#9834=ORIENTED_EDGE('',*,*,#9833,.F.);
#9836=ORIENTED_EDGE('',*,*,#9835,.T.);
#9838=ORIENTED_EDGE('',*,*,#9837,.F.);
#9840=ORIENTED_EDGE('',*,*,#9839,.F.);
#9842=ORIENTED_EDGE('',*,*,#9841,.F.);
#9844=ORIENTED_EDGE('',*,*,#9843,.T.);
#9846=ORIENTED_EDGE('',*,*,#9845,.F.);
#9848=ORIENTED_EDGE('',*,*,#9847,.F.);
#9850=ORIENTED_EDGE('',*,*,#9849,.F.);
#9852=ORIENTED_EDGE('',*,*,#9851,.T.);
#9853=EDGE_LOOP('',(#9832,#9834,#9836,#9838,#9840,#9842,#9844,#9846,#9848,#9850,
#9852));
#9854=FACE_OUTER_BOUND('',#9853,.F.);
#9856=ORIENTED_EDGE('',*,*,#9855,.F.);
#9858=ORIENTED_EDGE('',*,*,#9857,.F.);
#9859=EDGE_LOOP('',(#9856,#9858));
#9860=FACE_BOUND('',#9859,.F.);
#9862=ORIENTED_EDGE('',*,*,#9861,.F.);
#9864=ORIENTED_EDGE('',*,*,#9863,.F.);
#9865=EDGE_LOOP('',(#9862,#9864));
#9866=FACE_BOUND('',#9865,.F.);
#9868=ORIENTED_EDGE('',*,*,#9867,.F.);
#9870=ORIENTED_EDGE('',*,*,#9869,.F.);
#9872=ORIENTED_EDGE('',*,*,#9871,.T.);
#9874=ORIENTED_EDGE('',*,*,#9873,.T.);
#9876=ORIENTED_EDGE('',*,*,#9875,.T.);
#9878=ORIENTED_EDGE('',*,*,#9877,.T.);
#9880=ORIENTED_EDGE('',*,*,#9879,.T.);
#9882=ORIENTED_EDGE('',*,*,#9881,.T.);
#9884=ORIENTED_EDGE('',*,*,#9883,.T.);
#9886=ORIENTED_EDGE('',*,*,#9885,.T.);
#9888=ORIENTED_EDGE('',*,*,#9887,.T.);
#9890=ORIENTED_EDGE('',*,*,#9889,.T.);
#9892=ORIENTED_EDGE('',*,*,#9891,.T.);
#9894=ORIENTED_EDGE('',*,*,#9893,.F.);
#9896=ORIENTED_EDGE('',*,*,#9895,.T.);
#9898=ORIENTED_EDGE('',*,*,#9897,.T.);
#9900=ORIENTED_EDGE('',*,*,#9899,.F.);
#9902=ORIENTED_EDGE('',*,*,#9901,.F.);
#9904=ORIENTED_EDGE('',*,*,#9903,.F.);
#9906=ORIENTED_EDGE('',*,*,#9905,.F.);
#9908=ORIENTED_EDGE('',*,*,#9907,.F.);
#9910=ORIENTED_EDGE('',*,*,#9909,.F.);
#9912=ORIENTED_EDGE('',*,*,#9911,.F.);
#9914=ORIENTED_EDGE('',*,*,#9913,.F.);
#9916=ORIENTED_EDGE('',*,*,#9915,.F.);
#9918=ORIENTED_EDGE('',*,*,#9917,.F.);
#9919=EDGE_LOOP('',(#9868,#9870,#9872,#9874,#9876,#9878,#9880,#9882,#9884,#9886,
#9888,#9890,#9892,#9894,#9896,#9898,#9900,#9902,#9904,#9906,#9908,#9910,#9912,
#9914,#9916,#9918));
#9920=FACE_BOUND('',#9919,.F.);
#9922=ORIENTED_EDGE('',*,*,#9921,.F.);
#9924=ORIENTED_EDGE('',*,*,#9923,.F.);
#9926=ORIENTED_EDGE('',*,*,#9925,.T.);
#9928=ORIENTED_EDGE('',*,*,#9927,.T.);
#9930=ORIENTED_EDGE('',*,*,#9929,.T.);
#9932=ORIENTED_EDGE('',*,*,#9931,.T.);
#9934=ORIENTED_EDGE('',*,*,#9933,.T.);
#9936=ORIENTED_EDGE('',*,*,#9935,.T.);
#9938=ORIENTED_EDGE('',*,*,#9937,.T.);
#9940=ORIENTED_EDGE('',*,*,#9939,.T.);
#9942=ORIENTED_EDGE('',*,*,#9941,.T.);
#9944=ORIENTED_EDGE('',*,*,#9943,.T.);
#9946=ORIENTED_EDGE('',*,*,#9945,.F.);
#9948=ORIENTED_EDGE('',*,*,#9947,.F.);
#9950=ORIENTED_EDGE('',*,*,#9949,.F.);
#9952=ORIENTED_EDGE('',*,*,#9951,.F.);
#9954=ORIENTED_EDGE('',*,*,#9953,.F.);
#9956=ORIENTED_EDGE('',*,*,#9955,.F.);
#9958=ORIENTED_EDGE('',*,*,#9957,.F.);
#9960=ORIENTED_EDGE('',*,*,#9959,.F.);
#9962=ORIENTED_EDGE('',*,*,#9961,.T.);
#9964=ORIENTED_EDGE('',*,*,#9963,.T.);
#9966=ORIENTED_EDGE('',*,*,#9965,.T.);
#9968=ORIENTED_EDGE('',*,*,#9967,.T.);
#9970=ORIENTED_EDGE('',*,*,#9969,.T.);
#9972=ORIENTED_EDGE('',*,*,#9971,.T.);
#9974=ORIENTED_EDGE('',*,*,#9973,.T.);
#9976=ORIENTED_EDGE('',*,*,#9975,.T.);
#9978=ORIENTED_EDGE('',*,*,#9977,.T.);
#9980=ORIENTED_EDGE('',*,*,#9979,.F.);
#9982=ORIENTED_EDGE('',*,*,#9981,.F.);
#9984=ORIENTED_EDGE('',*,*,#9983,.F.);
#9986=ORIENTED_EDGE('',*,*,#9985,.F.);
#9988=ORIENTED_EDGE('',*,*,#9987,.F.);
#9990=ORIENTED_EDGE('',*,*,#9989,.F.);
#9992=ORIENTED_EDGE('',*,*,#9991,.F.);
#9994=ORIENTED_EDGE('',*,*,#9993,.F.);
#9996=ORIENTED_EDGE('',*,*,#9995,.F.);
#9998=ORIENTED_EDGE('',*,*,#9997,.F.);
#10000=ORIENTED_EDGE('',*,*,#9999,.T.);
#10002=ORIENTED_EDGE('',*,*,#10001,.T.);
#10004=ORIENTED_EDGE('',*,*,#10003,.T.);
#10006=ORIENTED_EDGE('',*,*,#10005,.T.);
#10008=ORIENTED_EDGE('',*,*,#10007,.T.);
#10010=ORIENTED_EDGE('',*,*,#10009,.T.);
#10012=ORIENTED_EDGE('',*,*,#10011,.T.);
#10014=ORIENTED_EDGE('',*,*,#10013,.T.);
#10016=ORIENTED_EDGE('',*,*,#10015,.F.);
#10018=ORIENTED_EDGE('',*,*,#10017,.F.);
#10020=ORIENTED_EDGE('',*,*,#10019,.F.);
#10022=ORIENTED_EDGE('',*,*,#10021,.F.);
#10024=ORIENTED_EDGE('',*,*,#10023,.F.);
#10026=ORIENTED_EDGE('',*,*,#10025,.F.);
#10028=ORIENTED_EDGE('',*,*,#10027,.F.);
#10029=EDGE_LOOP('',(#9922,#9924,#9926,#9928,#9930,#9932,#9934,#9936,#9938,
#9940,#9942,#9944,#9946,#9948,#9950,#9952,#9954,#9956,#9958,#9960,#9962,#9964,
#9966,#9968,#9970,#9972,#9974,#9976,#9978,#9980,#9982,#9984,#9986,#9988,#9990,
#9992,#9994,#9996,#9998,#10000,#10002,#10004,#10006,#10008,#10010,#10012,#10014,
#10016,#10018,#10020,#10022,#10024,#10026,#10028));
#10030=FACE_BOUND('',#10029,.F.);
#10032=ORIENTED_EDGE('',*,*,#10031,.F.);
#10034=ORIENTED_EDGE('',*,*,#10033,.F.);
#10036=ORIENTED_EDGE('',*,*,#10035,.F.);
#10038=ORIENTED_EDGE('',*,*,#10037,.F.);
#10040=ORIENTED_EDGE('',*,*,#10039,.T.);
#10042=ORIENTED_EDGE('',*,*,#10041,.T.);
#10044=ORIENTED_EDGE('',*,*,#10043,.T.);
#10046=ORIENTED_EDGE('',*,*,#10045,.T.);
#10048=ORIENTED_EDGE('',*,*,#10047,.T.);
#10050=ORIENTED_EDGE('',*,*,#10049,.T.);
#10052=ORIENTED_EDGE('',*,*,#10051,.F.);
#10054=ORIENTED_EDGE('',*,*,#10053,.F.);
#10056=ORIENTED_EDGE('',*,*,#10055,.F.);
#10058=ORIENTED_EDGE('',*,*,#10057,.F.);
#10060=ORIENTED_EDGE('',*,*,#10059,.F.);
#10062=ORIENTED_EDGE('',*,*,#10061,.F.);
#10064=ORIENTED_EDGE('',*,*,#10063,.T.);
#10066=ORIENTED_EDGE('',*,*,#10065,.T.);
#10068=ORIENTED_EDGE('',*,*,#10067,.T.);
#10069=EDGE_LOOP('',(#10032,#10034,#10036,#10038,#10040,#10042,#10044,#10046,
#10048,#10050,#10052,#10054,#10056,#10058,#10060,#10062,#10064,#10066,#10068));
#10070=FACE_BOUND('',#10069,.F.);
#10072=ORIENTED_EDGE('',*,*,#10071,.T.);
#10074=ORIENTED_EDGE('',*,*,#10073,.T.);
#10076=ORIENTED_EDGE('',*,*,#10075,.F.);
#10078=ORIENTED_EDGE('',*,*,#10077,.F.);
#10080=ORIENTED_EDGE('',*,*,#10079,.F.);
#10082=ORIENTED_EDGE('',*,*,#10081,.F.);
#10084=ORIENTED_EDGE('',*,*,#10083,.F.);
#10086=ORIENTED_EDGE('',*,*,#10085,.F.);
#10088=ORIENTED_EDGE('',*,*,#10087,.F.);
#10090=ORIENTED_EDGE('',*,*,#10089,.T.);
#10092=ORIENTED_EDGE('',*,*,#10091,.T.);
#10094=ORIENTED_EDGE('',*,*,#10093,.T.);
#10096=ORIENTED_EDGE('',*,*,#10095,.T.);
#10098=ORIENTED_EDGE('',*,*,#10097,.T.);
#10099=EDGE_LOOP('',(#10072,#10074,#10076,#10078,#10080,#10082,#10084,#10086,
#10088,#10090,#10092,#10094,#10096,#10098));
#10100=FACE_BOUND('',#10099,.F.);
#10102=ORIENTED_EDGE('',*,*,#10101,.F.);
#10104=ORIENTED_EDGE('',*,*,#10103,.F.);
#10106=ORIENTED_EDGE('',*,*,#10105,.T.);
#10108=ORIENTED_EDGE('',*,*,#10107,.T.);
#10110=ORIENTED_EDGE('',*,*,#10109,.T.);
#10112=ORIENTED_EDGE('',*,*,#10111,.T.);
#10114=ORIENTED_EDGE('',*,*,#10113,.T.);
#10116=ORIENTED_EDGE('',*,*,#10115,.T.);
#10118=ORIENTED_EDGE('',*,*,#10117,.T.);
#10120=ORIENTED_EDGE('',*,*,#10119,.T.);
#10122=ORIENTED_EDGE('',*,*,#10121,.T.);
#10124=ORIENTED_EDGE('',*,*,#10123,.T.);
#10126=ORIENTED_EDGE('',*,*,#10125,.F.);
#10128=ORIENTED_EDGE('',*,*,#10127,.F.);
#10130=ORIENTED_EDGE('',*,*,#10129,.F.);
#10132=ORIENTED_EDGE('',*,*,#10131,.F.);
#10134=ORIENTED_EDGE('',*,*,#10133,.F.);
#10136=ORIENTED_EDGE('',*,*,#10135,.F.);
#10138=ORIENTED_EDGE('',*,*,#10137,.F.);
#10140=ORIENTED_EDGE('',*,*,#10139,.F.);
#10142=ORIENTED_EDGE('',*,*,#10141,.T.);
#10144=ORIENTED_EDGE('',*,*,#10143,.T.);
#10146=ORIENTED_EDGE('',*,*,#10145,.T.);
#10148=ORIENTED_EDGE('',*,*,#10147,.T.);
#10150=ORIENTED_EDGE('',*,*,#10149,.T.);
#10152=ORIENTED_EDGE('',*,*,#10151,.T.);
#10154=ORIENTED_EDGE('',*,*,#10153,.T.);
#10156=ORIENTED_EDGE('',*,*,#10155,.T.);
#10158=ORIENTED_EDGE('',*,*,#10157,.T.);
#10160=ORIENTED_EDGE('',*,*,#10159,.F.);
#10162=ORIENTED_EDGE('',*,*,#10161,.F.);
#10164=ORIENTED_EDGE('',*,*,#10163,.F.);
#10166=ORIENTED_EDGE('',*,*,#10165,.F.);
#10168=ORIENTED_EDGE('',*,*,#10167,.F.);
#10170=ORIENTED_EDGE('',*,*,#10169,.F.);
#10172=ORIENTED_EDGE('',*,*,#10171,.F.);
#10174=ORIENTED_EDGE('',*,*,#10173,.F.);
#10176=ORIENTED_EDGE('',*,*,#10175,.F.);
#10178=ORIENTED_EDGE('',*,*,#10177,.F.);
#10180=ORIENTED_EDGE('',*,*,#10179,.T.);
#10182=ORIENTED_EDGE('',*,*,#10181,.T.);
#10184=ORIENTED_EDGE('',*,*,#10183,.T.);
#10186=ORIENTED_EDGE('',*,*,#10185,.T.);
#10188=ORIENTED_EDGE('',*,*,#10187,.T.);
#10190=ORIENTED_EDGE('',*,*,#10189,.T.);
#10192=ORIENTED_EDGE('',*,*,#10191,.T.);
#10194=ORIENTED_EDGE('',*,*,#10193,.T.);
#10196=ORIENTED_EDGE('',*,*,#10195,.F.);
#10198=ORIENTED_EDGE('',*,*,#10197,.F.);
#10200=ORIENTED_EDGE('',*,*,#10199,.F.);
#10202=ORIENTED_EDGE('',*,*,#10201,.F.);
#10204=ORIENTED_EDGE('',*,*,#10203,.F.);
#10206=ORIENTED_EDGE('',*,*,#10205,.F.);
#10208=ORIENTED_EDGE('',*,*,#10207,.F.);
#10209=EDGE_LOOP('',(#10102,#10104,#10106,#10108,#10110,#10112,#10114,#10116,
#10118,#10120,#10122,#10124,#10126,#10128,#10130,#10132,#10134,#10136,#10138,
#10140,#10142,#10144,#10146,#10148,#10150,#10152,#10154,#10156,#10158,#10160,
#10162,#10164,#10166,#10168,#10170,#10172,#10174,#10176,#10178,#10180,#10182,
#10184,#10186,#10188,#10190,#10192,#10194,#10196,#10198,#10200,#10202,#10204,
#10206,#10208));
#10210=FACE_BOUND('',#10209,.F.);
#10212=ORIENTED_EDGE('',*,*,#10211,.T.);
#10214=ORIENTED_EDGE('',*,*,#10213,.T.);
#10216=ORIENTED_EDGE('',*,*,#10215,.T.);
#10218=ORIENTED_EDGE('',*,*,#10217,.T.);
#10220=ORIENTED_EDGE('',*,*,#10219,.T.);
#10222=ORIENTED_EDGE('',*,*,#10221,.T.);
#10224=ORIENTED_EDGE('',*,*,#10223,.T.);
#10226=ORIENTED_EDGE('',*,*,#10225,.T.);
#10228=ORIENTED_EDGE('',*,*,#10227,.T.);
#10230=ORIENTED_EDGE('',*,*,#10229,.F.);
#10232=ORIENTED_EDGE('',*,*,#10231,.F.);
#10234=ORIENTED_EDGE('',*,*,#10233,.F.);
#10236=ORIENTED_EDGE('',*,*,#10235,.F.);
#10238=ORIENTED_EDGE('',*,*,#10237,.F.);
#10240=ORIENTED_EDGE('',*,*,#10239,.F.);
#10242=ORIENTED_EDGE('',*,*,#10241,.F.);
#10244=ORIENTED_EDGE('',*,*,#10243,.F.);
#10246=ORIENTED_EDGE('',*,*,#10245,.F.);
#10248=ORIENTED_EDGE('',*,*,#10247,.F.);
#10250=ORIENTED_EDGE('',*,*,#10249,.T.);
#10252=ORIENTED_EDGE('',*,*,#10251,.T.);
#10254=ORIENTED_EDGE('',*,*,#10253,.T.);
#10256=ORIENTED_EDGE('',*,*,#10255,.T.);
#10258=ORIENTED_EDGE('',*,*,#10257,.T.);
#10260=ORIENTED_EDGE('',*,*,#10259,.T.);
#10262=ORIENTED_EDGE('',*,*,#10261,.T.);
#10264=ORIENTED_EDGE('',*,*,#10263,.T.);
#10266=ORIENTED_EDGE('',*,*,#10265,.T.);
#10268=ORIENTED_EDGE('',*,*,#10267,.T.);
#10270=ORIENTED_EDGE('',*,*,#10269,.T.);
#10272=ORIENTED_EDGE('',*,*,#10271,.F.);
#10274=ORIENTED_EDGE('',*,*,#10273,.F.);
#10276=ORIENTED_EDGE('',*,*,#10275,.F.);
#10278=ORIENTED_EDGE('',*,*,#10277,.F.);
#10280=ORIENTED_EDGE('',*,*,#10279,.F.);
#10282=ORIENTED_EDGE('',*,*,#10281,.F.);
#10284=ORIENTED_EDGE('',*,*,#10283,.F.);
#10286=ORIENTED_EDGE('',*,*,#10285,.F.);
#10288=ORIENTED_EDGE('',*,*,#10287,.F.);
#10290=ORIENTED_EDGE('',*,*,#10289,.F.);
#10291=EDGE_LOOP('',(#10212,#10214,#10216,#10218,#10220,#10222,#10224,#10226,
#10228,#10230,#10232,#10234,#10236,#10238,#10240,#10242,#10244,#10246,#10248,
#10250,#10252,#10254,#10256,#10258,#10260,#10262,#10264,#10266,#10268,#10270,
#10272,#10274,#10276,#10278,#10280,#10282,#10284,#10286,#10288,#10290));
#10292=FACE_BOUND('',#10291,.F.);
#10293=ORIENTED_EDGE('',*,*,#9794,.F.);
#10294=ORIENTED_EDGE('',*,*,#9819,.F.);
#10295=ORIENTED_EDGE('',*,*,#9667,.F.);
#10296=ORIENTED_EDGE('',*,*,#9694,.F.);
#10297=ORIENTED_EDGE('',*,*,#9713,.T.);
#10298=ORIENTED_EDGE('',*,*,#9737,.F.);
#10299=ORIENTED_EDGE('',*,*,#9751,.T.);
#10300=ORIENTED_EDGE('',*,*,#9777,.F.);
#10301=EDGE_LOOP('',(#10293,#10294,#10295,#10296,#10297,#10298,#10299,#10300));
#10302=FACE_BOUND('',#10301,.F.);
#10303=ADVANCED_FACE('',(#9854,#9860,#9866,#9920,#10030,#10070,#10100,#10210,
#10292,#10302),#9830,.T.);
#10304=CARTESIAN_POINT('',(-5.1553114E-1,-2.919467560760E2,-3.216396732890E1));
#10305=DIRECTION('',(5.581114491499E-12,-6.917552065398E-7,9.999999999998E-1));
#10306=DIRECTION('',(3.743998962240E-2,9.992988778021E-1,6.912699926523E-7));
#10307=AXIS2_PLACEMENT_3D('',#10304,#10305,#10306);
#10308=CYLINDRICAL_SURFACE('',#10307,3.837407469340E2);
#10310=ORIENTED_EDGE('',*,*,#10309,.F.);
#10312=ORIENTED_EDGE('',*,*,#10311,.F.);
#10314=ORIENTED_EDGE('',*,*,#10313,.F.);
#10316=ORIENTED_EDGE('',*,*,#10315,.F.);
#10318=ORIENTED_EDGE('',*,*,#10317,.T.);
#10320=ORIENTED_EDGE('',*,*,#10319,.T.);
#10322=ORIENTED_EDGE('',*,*,#10321,.T.);
#10324=ORIENTED_EDGE('',*,*,#10323,.T.);
#10326=ORIENTED_EDGE('',*,*,#10325,.T.);
#10328=ORIENTED_EDGE('',*,*,#10327,.F.);
#10329=EDGE_LOOP('',(#10310,#10312,#10314,#10316,#10318,#10320,#10322,#10324,
#10326,#10328));
#10330=FACE_OUTER_BOUND('',#10329,.F.);
#10331=ADVANCED_FACE('',(#10330),#10308,.T.);
#10332=CARTESIAN_POINT('',(-5.1553114E-1,-2.919467560760E2,-3.216396732890E1));
#10333=DIRECTION('',(5.581114491499E-12,-6.917552065398E-7,9.999999999998E-1));
#10334=DIRECTION('',(3.743998962240E-2,9.992988778021E-1,6.912699926523E-7));
#10335=AXIS2_PLACEMENT_3D('',#10332,#10333,#10334);
#10336=CYLINDRICAL_SURFACE('',#10335,3.837407469340E2);
#10338=ORIENTED_EDGE('',*,*,#10337,.F.);
#10340=ORIENTED_EDGE('',*,*,#10339,.T.);
#10342=ORIENTED_EDGE('',*,*,#10341,.T.);
#10344=ORIENTED_EDGE('',*,*,#10343,.T.);
#10346=ORIENTED_EDGE('',*,*,#10345,.T.);
#10348=ORIENTED_EDGE('',*,*,#10347,.T.);
#10350=ORIENTED_EDGE('',*,*,#10349,.F.);
#10352=ORIENTED_EDGE('',*,*,#10351,.F.);
#10354=ORIENTED_EDGE('',*,*,#10353,.F.);
#10356=ORIENTED_EDGE('',*,*,#10355,.F.);
#10357=EDGE_LOOP('',(#10338,#10340,#10342,#10344,#10346,#10348,#10350,#10352,
#10354,#10356));
#10358=FACE_OUTER_BOUND('',#10357,.F.);
#10359=ADVANCED_FACE('',(#10358),#10336,.T.);
#10360=CARTESIAN_POINT('',(-5.1553114E-1,-2.919467560760E2,-3.216396732890E1));
#10361=DIRECTION('',(5.581114491499E-12,-6.917552065398E-7,9.999999999998E-1));
#10362=DIRECTION('',(3.743998962240E-2,9.992988778021E-1,6.912699926523E-7));
#10363=AXIS2_PLACEMENT_3D('',#10360,#10361,#10362);
#10364=CYLINDRICAL_SURFACE('',#10363,3.837407469340E2);
#10366=ORIENTED_EDGE('',*,*,#10365,.F.);
#10368=ORIENTED_EDGE('',*,*,#10367,.F.);
#10370=ORIENTED_EDGE('',*,*,#10369,.F.);
#10372=ORIENTED_EDGE('',*,*,#10371,.F.);
#10374=ORIENTED_EDGE('',*,*,#10373,.F.);
#10376=ORIENTED_EDGE('',*,*,#10375,.F.);
#10378=ORIENTED_EDGE('',*,*,#10377,.T.);
#10380=ORIENTED_EDGE('',*,*,#10379,.T.);
#10382=ORIENTED_EDGE('',*,*,#10381,.T.);
#10384=ORIENTED_EDGE('',*,*,#10383,.T.);
#10386=ORIENTED_EDGE('',*,*,#10385,.T.);
#10388=ORIENTED_EDGE('',*,*,#10387,.T.);
#10389=EDGE_LOOP('',(#10366,#10368,#10370,#10372,#10374,#10376,#10378,#10380,
#10382,#10384,#10386,#10388));
#10390=FACE_OUTER_BOUND('',#10389,.F.);
#10391=ADVANCED_FACE('',(#10390),#10364,.T.);
#10392=CARTESIAN_POINT('',(-1.465E1,9.153358952846E1,-2.805E1));
#10393=DIRECTION('',(-9.998476951564E-1,1.745240643728E-2,1.207279606487E-8));
#10394=DIRECTION('',(-1.207095731956E-8,2.106993437586E-10,-1.E0));
#10395=AXIS2_PLACEMENT_3D('',#10392,#10393,#10394);
#10396=PLANE('',#10395);
#10398=ORIENTED_EDGE('',*,*,#10397,.T.);
#10399=ORIENTED_EDGE('',*,*,#9831,.F.);
#10401=ORIENTED_EDGE('',*,*,#10400,.T.);
#10402=ORIENTED_EDGE('',*,*,#8196,.F.);
#10403=EDGE_LOOP('',(#10398,#10399,#10401,#10402));
#10404=FACE_OUTER_BOUND('',#10403,.F.);
#10405=ADVANCED_FACE('',(#10404),#10396,.F.);
#10406=CARTESIAN_POINT('',(0.E0,9.193541262063E1,-2.652E1));
#10407=DIRECTION('',(0.E0,-2.530457286553E-2,-9.996797880282E-1));
#10408=DIRECTION('',(0.E0,-9.996797880282E-1,2.530457286553E-2));
#10409=AXIS2_PLACEMENT_3D('',#10406,#10407,#10408);
#10410=PLANE('',#10409);
#10411=ORIENTED_EDGE('',*,*,#10397,.F.);
#10412=ORIENTED_EDGE('',*,*,#8194,.T.);
#10414=ORIENTED_EDGE('',*,*,#10413,.T.);
#10416=ORIENTED_EDGE('',*,*,#10415,.T.);
#10418=ORIENTED_EDGE('',*,*,#10417,.T.);
#10420=ORIENTED_EDGE('',*,*,#10419,.F.);
#10421=EDGE_LOOP('',(#10411,#10412,#10414,#10416,#10418,#10420));
#10422=FACE_OUTER_BOUND('',#10421,.F.);
#10423=ADVANCED_FACE('',(#10422),#10410,.T.);
#10424=CARTESIAN_POINT('',(-9.35E0,9.169228003512E1,-2.653208174248E1));
#10425=DIRECTION('',(9.998476951564E-1,1.745240643728E-2,1.207279652608E-8));
#10426=DIRECTION('',(-1.207095778069E-8,-2.106993518078E-10,1.E0));
#10427=AXIS2_PLACEMENT_3D('',#10424,#10425,#10426);
#10428=PLANE('',#10427);
#10429=ORIENTED_EDGE('',*,*,#8200,.T.);
#10431=ORIENTED_EDGE('',*,*,#10430,.T.);
#10432=ORIENTED_EDGE('',*,*,#9849,.T.);
#10433=ORIENTED_EDGE('',*,*,#10413,.F.);
#10434=EDGE_LOOP('',(#10429,#10431,#10432,#10433));
#10435=FACE_OUTER_BOUND('',#10434,.F.);
#10436=ADVANCED_FACE('',(#10435),#10428,.F.);
#10437=CARTESIAN_POINT('',(-9.106851266628E0,9.169228276705E1,
-2.805009630782E1));
#10438=CARTESIAN_POINT('',(-9.179183680361E0,9.169228227370E1,
-2.805006804370E1));
#10439=CARTESIAN_POINT('',(-1.103181271425E1,9.169226947795E1,
-2.804933497576E1));
#10440=CARTESIAN_POINT('',(-1.296066391215E1,9.169225189734E1,
-2.804832778288E1));
#10441=CARTESIAN_POINT('',(-1.481669802767E1,9.169223087166E1,
-2.804712322286E1));
#10442=CARTESIAN_POINT('',(-1.489320695746E1,9.169222999796E1,
-2.804707316871E1));
#10444=DIRECTION('',(0.E0,-9.998476951564E-1,-1.745240643728E-2));
#10445=VECTOR('',#10444,1.E0);
#10446=SURFACE_OF_LINEAR_EXTRUSION('',#10443,#10445);
#10447=ORIENTED_EDGE('',*,*,#10400,.F.);
#10448=ORIENTED_EDGE('',*,*,#9851,.F.);
#10449=ORIENTED_EDGE('',*,*,#10430,.F.);
#10450=ORIENTED_EDGE('',*,*,#8198,.F.);
#10451=EDGE_LOOP('',(#10447,#10448,#10449,#10450));
#10452=FACE_OUTER_BOUND('',#10451,.F.);
#10453=ADVANCED_FACE('',(#10452),#10446,.T.);
#10454=CARTESIAN_POINT('',(-5.16733556E-1,9.256624452700E1,-2.649919271950E1));
#10455=DIRECTION('',(6.581606123402E-8,-1.712806106390E-2,9.998533040022E-1));
#10456=DIRECTION('',(0.E0,-9.998533040022E-1,-1.712806106390E-2));
#10457=AXIS2_PLACEMENT_3D('',#10454,#10455,#10456);
#10458=PLANE('',#10457);
#10460=ORIENTED_EDGE('',*,*,#10459,.F.);
#10462=ORIENTED_EDGE('',*,*,#10461,.T.);
#10463=ORIENTED_EDGE('',*,*,#10415,.F.);
#10464=ORIENTED_EDGE('',*,*,#9847,.T.);
#10466=ORIENTED_EDGE('',*,*,#10465,.T.);
#10467=EDGE_LOOP('',(#10460,#10462,#10463,#10464,#10466));
#10468=FACE_OUTER_BOUND('',#10467,.F.);
#10469=ADVANCED_FACE('',(#10468),#10458,.F.);
#10470=CARTESIAN_POINT('',(-1.496975772022E1,9.276632743344E1,
-2.649561938944E1));
#10471=CARTESIAN_POINT('',(-1.496118105374E1,9.276656030604E1,
-2.649561540076E1));
#10472=CARTESIAN_POINT('',(-1.371742960458E1,9.280030144936E1,
-2.649503747748E1));
#10473=CARTESIAN_POINT('',(-1.123569479930E1,9.285922399678E1,
-2.649402826378E1));
#10474=CARTESIAN_POINT('',(-7.521554530418E0,9.292240748652E1,
-2.649294613881E1));
#10475=CARTESIAN_POINT('',(-3.799232952653E0,9.296062890949E1,
-2.649229162892E1));
#10476=CARTESIAN_POINT('',(-6.878771025437E-2,9.297372778586E1,
-2.649206748321E1));
#10477=CARTESIAN_POINT('',(3.669724785525E0,9.296154145580E1,
-2.649227648813E1));
#10478=CARTESIAN_POINT('',(7.416247405823E0,9.292390494250E1,
-2.649292146982E1));
#10479=CARTESIAN_POINT('',(1.117072021569E1,9.286065100812E1,
-2.649400529317E1));
#10480=CARTESIAN_POINT('',(1.367788805362E1,9.280131574948E1,
-2.649502190525E1));
#10481=CARTESIAN_POINT('',(1.493362985163E1,9.276730408326E1,
-2.649560462728E1));
#10482=CARTESIAN_POINT('',(1.493538066778E1,9.276725665419E1,
-2.649560543988E1));
#10483=CARTESIAN_POINT('',(-1.497469791888E1,9.294831778054E1,
-2.649815941409E1));
#10484=CARTESIAN_POINT('',(-1.496611842199E1,9.294855072999E1,
-2.649815542409E1));
#10485=CARTESIAN_POINT('',(-1.372195651854E1,9.298230300834E1,
-2.649757731009E1));
#10486=CARTESIAN_POINT('',(-1.123940270817E1,9.304124500097E1,
-2.649656776333E1));
#10487=CARTESIAN_POINT('',(-7.524036724040E0,9.310444934209E1,
-2.649548528126E1));
#10488=CARTESIAN_POINT('',(-3.800486730992E0,9.314268337864E1,
-2.649483055537E1));
#10489=CARTESIAN_POINT('',(-6.881039234261E-2,9.315578657781E1,
-2.649460633568E1));
#10490=CARTESIAN_POINT('',(3.670935861988E0,9.314359622610E1,
-2.649481540958E1));
#10491=CARTESIAN_POINT('',(7.418694884235E0,9.310594729226E1,
-2.649546060413E1));
#10492=CARTESIAN_POINT('',(1.117440671962E1,9.304267248324E1,
-2.649654478515E1));
#10493=CARTESIAN_POINT('',(1.368240195588E1,9.298331764319E1,
-2.649756173273E1));
#10494=CARTESIAN_POINT('',(1.493855816515E1,9.294929475267E1,
-2.649814464706E1));
#10495=CARTESIAN_POINT('',(1.494030955910E1,9.294924730795E1,
-2.649814545993E1));
#10496=CARTESIAN_POINT('',(-1.497822263889E1,9.307590874884E1,
-2.636831541198E1));
#10497=CARTESIAN_POINT('',(-1.496964112256E1,9.307614175313E1,
-2.636831142105E1));
#10498=CARTESIAN_POINT('',(-1.372518636853E1,9.310990197607E1,
-2.636773317096E1));
#10499=CARTESIAN_POINT('',(-1.124204821511E1,9.316885784246E1,
-2.636672338658E1));
#10500=CARTESIAN_POINT('',(-7.525807708733E0,9.323207706062E1,
-2.636564064971E1));
#10501=CARTESIAN_POINT('',(-3.801381267011E0,9.327032009669E1,
-2.636498576971E1));
#10502=CARTESIAN_POINT('',(-6.882656687295E-2,9.328342638008E1,
-2.636476149725E1));
#10503=CARTESIAN_POINT('',(3.671799948443E0,9.327123315901E1,
-2.636497062036E1));
#10504=CARTESIAN_POINT('',(7.420441117683E0,9.323357536337E1,
-2.636561596677E1));
#10505=CARTESIAN_POINT('',(1.117703697192E1,9.317028566073E1,
-2.636670040299E1));
#10506=CARTESIAN_POINT('',(1.368562253963E1,9.311091684975E1,
-2.636771758994E1));
#10507=CARTESIAN_POINT('',(1.494207442269E1,9.307688595093E1,
-2.636830064147E1));
#10508=CARTESIAN_POINT('',(1.494382622889E1,9.307683849505E1,
-2.636830145453E1));
#10509=CARTESIAN_POINT('',(-1.497815367811E1,9.307025182902E1,
-2.618632821949E1));
#10510=CARTESIAN_POINT('',(-1.496957220129E1,9.307048483223E1,
-2.618632422858E1));
#10511=CARTESIAN_POINT('',(-1.372512317584E1,9.310424489977E1,
-2.618574598116E1));
#10512=CARTESIAN_POINT('',(-1.124199645302E1,9.316320049476E1,
-2.618473620142E1));
#10513=CARTESIAN_POINT('',(-7.525773053560E0,9.322641942190E1,
-2.618365346953E1));
#10514=CARTESIAN_POINT('',(-3.801363756444E0,9.326466228193E1,
-2.618299859255E1));
#10515=CARTESIAN_POINT('',(-6.882623832908E-2,9.327776850499E1,
-2.618277432112E1));
#10516=CARTESIAN_POINT('',(3.671783057807E0,9.326557534005E1,
-2.618298344327E1));
#10517=CARTESIAN_POINT('',(7.420406970974E0,9.322791771776E1,
-2.618362878671E1));
#10518=CARTESIAN_POINT('',(1.117698553252E1,9.316462830646E1,
-2.618471321793E1));
#10519=CARTESIAN_POINT('',(1.368555955250E1,9.310525976878E1,
-2.618573040020E1));
#10520=CARTESIAN_POINT('',(1.494200565175E1,9.307122902660E1,
-2.618631344905E1));
#10521=CARTESIAN_POINT('',(1.494375744988E1,9.307118157094E1,
-2.618631426211E1));
#10522=(BOUNDED_SURFACE()B_SPLINE_SURFACE(3,3,((#10470,#10471,#10472,#10473,
#10474,#10475,#10476,#10477,#10478,#10479,#10480,#10481,#10482),(#10483,#10484,
#10485,#10486,#10487,#10488,#10489,#10490,#10491,#10492,#10493,#10494,#10495),(
#10496,#10497,#10498,#10499,#10500,#10501,#10502,#10503,#10504,#10505,#10506,
#10507,#10508),(#10509,#10510,#10511,#10512,#10513,#10514,#10515,#10516,#10517,
#10518,#10519,#10520,#10521)),.UNSPECIFIED.,.F.,.F.,.F.)B_SPLINE_SURFACE_WITH_KNOTS((4,4),(4,1,1,1,1,1,1,1,1,1,4),(0.E0,1.E0),(-8.614929187014E-4,0.E0,
1.240684401573E-1,2.483955243769E-1,3.729849475234E-1,4.978404555266E-1,
6.229658446487E-1,7.483649607174E-1,8.740416983261E-1,1.E0,1.000175862396E0),
.UNSPECIFIED.)GEOMETRIC_REPRESENTATION_ITEM()RATIONAL_B_SPLINE_SURFACE(((
1.182724685900E0,1.182724685900E0,1.182724685900E0,1.182724685900E0,
1.182724685900E0,1.182724685900E0,1.182724685900E0,1.182724685900E0,
1.182724685900E0,1.182724685900E0,1.182724685900E0,1.182724685900E0,
1.182724685900E0),(9.390917713666E-1,9.390917713666E-1,9.390917713666E-1,
9.390917713666E-1,9.390917713666E-1,9.390917713666E-1,9.390917713666E-1,
9.390917713666E-1,9.390917713666E-1,9.390917713666E-1,9.390917713666E-1,
9.390917713666E-1,9.390917713666E-1),(9.390917713666E-1,9.390917713666E-1,
9.390917713666E-1,9.390917713666E-1,9.390917713666E-1,9.390917713666E-1,
9.390917713666E-1,9.390917713666E-1,9.390917713666E-1,9.390917713666E-1,
9.390917713666E-1,9.390917713666E-1,9.390917713666E-1),(1.182724685900E0,
1.182724685900E0,1.182724685900E0,1.182724685900E0,1.182724685900E0,
1.182724685900E0,1.182724685900E0,1.182724685900E0,1.182724685900E0,
1.182724685900E0,1.182724685900E0,1.182724685900E0,1.182724685900E0)))REPRESENTATION_ITEM('')SURFACE());
#10523=ORIENTED_EDGE('',*,*,#10459,.T.);
#10525=ORIENTED_EDGE('',*,*,#10524,.T.);
#10526=ORIENTED_EDGE('',*,*,#7928,.F.);
#10528=ORIENTED_EDGE('',*,*,#10527,.F.);
#10529=EDGE_LOOP('',(#10523,#10525,#10526,#10528));
#10530=FACE_OUTER_BOUND('',#10529,.F.);
#10531=ADVANCED_FACE('',(#10530),#10522,.T.);
#10532=CARTESIAN_POINT('',(1.410904383601E1,9.249627897052E1,
-2.625198615105E1));
#10533=CARTESIAN_POINT('',(1.411889761368E1,9.249602556393E1,
-2.625090971314E1));
#10534=CARTESIAN_POINT('',(1.421350207387E1,9.249358994416E1,
-2.624120464015E1));
#10535=CARTESIAN_POINT('',(1.440060371268E1,9.248871885200E1,
-2.623388197350E1));
#10536=CARTESIAN_POINT('',(1.467489183767E1,9.248142973367E1,
-2.625542902425E1));
#10537=CARTESIAN_POINT('',(1.496112147555E1,9.247365921926E1,
-2.631467853821E1));
#10538=CARTESIAN_POINT('',(1.525022964813E1,9.246563995181E1,
-2.641588463744E1));
#10539=CARTESIAN_POINT('',(1.553211635714E1,9.245765474634E1,
-2.656076473122E1));
#10540=CARTESIAN_POINT('',(1.579661951444E1,9.245001071926E1,
-2.674826321244E1));
#10541=CARTESIAN_POINT('',(1.603433324372E1,9.244301263309E1,
-2.697464042635E1));
#10542=CARTESIAN_POINT('',(1.623705681237E1,9.243694343693E1,
-2.723346547852E1));
#10543=CARTESIAN_POINT('',(1.639848585719E1,9.243203595830E1,
-2.751563308416E1));
#10544=CARTESIAN_POINT('',(1.651517451210E1,9.242843541042E1,
-2.780990210404E1));
#10545=CARTESIAN_POINT('',(1.658728676288E1,9.242616901654E1,
-2.810427563893E1));
#10546=CARTESIAN_POINT('',(1.661855109557E1,9.242514349206E1,
-2.838741641182E1));
#10547=CARTESIAN_POINT('',(1.661616981539E1,9.242516129558E1,
-2.859842937702E1));
#10548=CARTESIAN_POINT('',(1.660604950843E1,9.242543959871E1,
-2.871341872220E1));
#10549=CARTESIAN_POINT('',(1.660311626045E1,9.242552173233E1,
-2.874095279586E1));
#10550=CARTESIAN_POINT('',(1.414075430726E1,9.253715841674E1,
-2.653485009965E1));
#10551=CARTESIAN_POINT('',(1.414936527948E1,9.253692900977E1,
-2.653390952217E1));
#10552=CARTESIAN_POINT('',(1.423203774608E1,9.253472242532E1,
-2.652542944356E1));
#10553=CARTESIAN_POINT('',(1.439554066022E1,9.253027860928E1,
-2.651903282979E1));
#10554=CARTESIAN_POINT('',(1.463523212535E1,9.252354596670E1,
-2.653786761025E1));
#10555=CARTESIAN_POINT('',(1.488535756420E1,9.251627662297E1,
-2.658965187843E1));
#10556=CARTESIAN_POINT('',(1.513799711510E1,9.250867417074E1,
-2.667810339937E1));
#10557=CARTESIAN_POINT('',(1.538432479022E1,9.250099561685E1,
-2.680472305362E1));
#10558=CARTESIAN_POINT('',(1.561546040250E1,9.249352813478E1,
-2.696858831581E1));
#10559=CARTESIAN_POINT('',(1.582318461509E1,9.248656398866E1,
-2.716643098462E1));
#10560=CARTESIAN_POINT('',(1.600033123004E1,9.248038204699E1,
-2.739263086563E1));
#10561=CARTESIAN_POINT('',(1.614139123155E1,9.247522093834E1,
-2.763923047298E1));
#10562=CARTESIAN_POINT('',(1.624335357188E1,9.247124250735E1,
-2.789640567283E1));
#10563=CARTESIAN_POINT('',(1.630636176248E1,9.246850013458E1,
-2.815367182158E1));
#10564=CARTESIAN_POINT('',(1.633367424530E1,9.246693308296E1,
-2.840112075615E1));
#10565=CARTESIAN_POINT('',(1.633158674173E1,9.246649085295E1,
-2.858553375710E1));
#10566=CARTESIAN_POINT('',(1.632273921721E1,9.246649903006E1,
-2.868602758991E1));
#10567=CARTESIAN_POINT('',(1.632017504912E1,9.246651535866E1,
-2.871009072066E1));
#10568=CARTESIAN_POINT('',(1.415715004078E1,9.281086759730E1,
-2.662147088562E1));
#10569=CARTESIAN_POINT('',(1.416538590953E1,9.281064540747E1,
-2.662057853085E1));
#10570=CARTESIAN_POINT('',(1.424445642207E1,9.280850758018E1,
-2.661253904727E1));
#10571=CARTESIAN_POINT('',(1.440082199867E1,9.280419228752E1,
-2.660659201515E1));
#10572=CARTESIAN_POINT('',(1.462997990430E1,9.279762795029E1,
-2.662493092572E1));
#10573=CARTESIAN_POINT('',(1.486899611044E1,9.279051223071E1,
-2.667486183816E1));
#10574=CARTESIAN_POINT('',(1.511024807347E1,9.278304078315E1,
-2.675990257136E1));
#10575=CARTESIAN_POINT('',(1.534526105235E1,9.277546334316E1,
-2.688142698696E1));
#10576=CARTESIAN_POINT('',(1.556553478425E1,9.276806095725E1,
-2.703847551893E1));
#10577=CARTESIAN_POINT('',(1.576323410816E1,9.276112128202E1,
-2.722784310857E1));
#10578=CARTESIAN_POINT('',(1.593156479696E1,9.275492043361E1,
-2.744408899475E1));
#10579=CARTESIAN_POINT('',(1.606534432673E1,9.274969683366E1,
-2.767956697103E1));
#10580=CARTESIAN_POINT('',(1.616178986026E1,9.274561538799E1,
-2.792488713421E1));
#10581=CARTESIAN_POINT('',(1.622112424304E1,9.274273594663E1,
-2.817006936995E1));
#10582=CARTESIAN_POINT('',(1.624652051035E1,9.274100694922E1,
-2.840571447125E1));
#10583=CARTESIAN_POINT('',(1.624411870304E1,9.274042337536E1,
-2.858122276307E1));
#10584=CARTESIAN_POINT('',(1.623548828097E1,9.274034713867E1,
-2.867683321981E1));
#10585=CARTESIAN_POINT('',(1.623299862056E1,9.274034282625E1,
-2.869972537955E1));
#10586=CARTESIAN_POINT('',(1.413979955318E1,9.300971267148E1,
-2.641447259244E1));
#10587=CARTESIAN_POINT('',(1.414894969802E1,9.300947280308E1,
-2.641348661244E1));
#10588=CARTESIAN_POINT('',(1.423679748092E1,9.300716616052E1,
-2.640460802374E1));
#10589=CARTESIAN_POINT('',(1.441051064068E1,9.300253615721E1,
-2.639812869880E1));
#10590=CARTESIAN_POINT('',(1.466503952915E1,9.299556275222E1,
-2.641874557867E1));
#10591=CARTESIAN_POINT('',(1.493043006161E1,9.298808041160E1,
-2.647451850007E1));
#10592=CARTESIAN_POINT('',(1.519817698E1,9.298030688753E1,-2.656932651880E1));
#10593=CARTESIAN_POINT('',(1.545883916757E1,9.297251135520E1,
-2.670464877738E1));
#10594=CARTESIAN_POINT('',(1.570296721204E1,9.296498943789E1,
-2.687936018652E1));
#10595=CARTESIAN_POINT('',(1.592187588813E1,9.295803725510E1,
-2.708983953665E1));
#10596=CARTESIAN_POINT('',(1.610806221975E1,9.295193259299E1,
-2.732999252093E1));
#10597=CARTESIAN_POINT('',(1.625583428917E1,9.294690789090E1,
-2.759129776386E1));
#10598=CARTESIAN_POINT('',(1.636217431592E1,9.294311410430E1,
-2.786332867197E1));
#10599=CARTESIAN_POINT('',(1.642739510351E1,9.294059059214E1,
-2.813503476046E1));
#10600=CARTESIAN_POINT('',(1.645506492899E1,9.293926128383E1,
-2.839603347077E1));
#10601=CARTESIAN_POINT('',(1.645209406634E1,9.293901394937E1,
-2.859034265661E1));
#10602=CARTESIAN_POINT('',(1.644238100811E1,9.293913390600E1,
-2.869617158617E1));
#10603=CARTESIAN_POINT('',(1.643958752437E1,9.293917732045E1,
-2.872150910954E1));
#10604=CARTESIAN_POINT('',(1.412244906558E1,9.320855774567E1,
-2.620747429926E1));
#10605=CARTESIAN_POINT('',(1.413251348651E1,9.320830019868E1,
-2.620639469403E1));
#10606=CARTESIAN_POINT('',(1.422913853977E1,9.320582474085E1,
-2.619667700021E1));
#10607=CARTESIAN_POINT('',(1.442019928270E1,9.320088002690E1,
-2.618966538244E1));
#10608=CARTESIAN_POINT('',(1.470009915399E1,9.319349755416E1,
-2.621256023162E1));
#10609=CARTESIAN_POINT('',(1.499186401278E1,9.318564859249E1,
-2.627417516198E1));
#10610=CARTESIAN_POINT('',(1.528610588652E1,9.317757299190E1,
-2.637875046625E1));
#10611=CARTESIAN_POINT('',(1.557241728279E1,9.316955936724E1,
-2.652787056780E1));
#10612=CARTESIAN_POINT('',(1.584039963983E1,9.316191791852E1,
-2.672024485410E1));
#10613=CARTESIAN_POINT('',(1.608051766810E1,9.315495322818E1,
-2.695183596473E1));
#10614=CARTESIAN_POINT('',(1.628455964255E1,9.314894475237E1,
-2.721589604711E1));
#10615=CARTESIAN_POINT('',(1.644632425160E1,9.314411894814E1,
-2.750302855670E1));
#10616=CARTESIAN_POINT('',(1.656255877159E1,9.314061282062E1,
-2.780177020973E1));
#10617=CARTESIAN_POINT('',(1.663366596397E1,9.313844523765E1,
-2.810000015096E1));
#10618=CARTESIAN_POINT('',(1.666360934764E1,9.313751561843E1,
-2.838635247029E1));
#10619=CARTESIAN_POINT('',(1.666006942965E1,9.313760452338E1,
-2.859946255015E1));
#10620=CARTESIAN_POINT('',(1.664927373525E1,9.313792067333E1,
-2.871550995254E1));
#10621=CARTESIAN_POINT('',(1.664617642818E1,9.313801181466E1,
-2.874329283954E1));
#10622=CARTESIAN_POINT('',(1.409085713984E1,9.310900436051E1,
-2.593955683022E1));
#10623=CARTESIAN_POINT('',(1.410209742071E1,9.310872411283E1,
-2.593834700188E1));
#10624=CARTESIAN_POINT('',(1.421001188273E1,9.310603204323E1,
-2.592745379405E1));
#10625=CARTESIAN_POINT('',(1.442340361161E1,9.310068317080E1,
-2.591952639310E1));
#10626=CARTESIAN_POINT('',(1.473605787796E1,9.309277411620E1,
-2.594491224106E1));
#10627=CARTESIAN_POINT('',(1.506203156998E1,9.308445043026E1,
-2.601349717250E1));
#10628=CARTESIAN_POINT('',(1.539086628343E1,9.307597925531E1,
-2.613003781073E1));
#10629=CARTESIAN_POINT('',(1.571095689191E1,9.306767350350E1,
-2.629633780694E1));
#10630=CARTESIAN_POINT('',(1.601069360953E1,9.305986226865E1,
-2.651099861788E1));
#10631=CARTESIAN_POINT('',(1.627941245356E1,9.305286215284E1,
-2.676955526040E1));
#10632=CARTESIAN_POINT('',(1.650790897983E1,9.304695682725E1,
-2.706450804932E1));
#10633=CARTESIAN_POINT('',(1.668920923908E1,9.304236771634E1,
-2.738538265560E1));
#10634=CARTESIAN_POINT('',(1.681962652525E1,9.303921654586E1,
-2.771937359355E1));
#10635=CARTESIAN_POINT('',(1.689956305427E1,9.303749776730E1,
-2.805291800903E1));
#10636=CARTESIAN_POINT('',(1.693341391893E1,9.303708015621E1,
-2.837327978057E1));
#10637=CARTESIAN_POINT('',(1.692968990518E1,9.303760489579E1,
-2.861176108080E1));
#10638=CARTESIAN_POINT('',(1.691772889595E1,9.303817729284E1,
-2.874164157185E1));
#10639=CARTESIAN_POINT('',(1.691429098159E1,9.303833087612E1,
-2.877273716885E1));
#10640=CARTESIAN_POINT('',(1.408053826235E1,9.282296678709E1,
-2.591190319596E1));
#10641=CARTESIAN_POINT('',(1.409189412832E1,9.282268433590E1,
-2.591067293869E1));
#10642=CARTESIAN_POINT('',(1.420091899746E1,9.281997136507E1,
-2.589958927777E1));
#10643=CARTESIAN_POINT('',(1.441652143816E1,9.281458322649E1,
-2.589139209320E1));
#10644=CARTESIAN_POINT('',(1.473249221997E1,9.280662203996E1,
-2.591668167979E1));
#10645=CARTESIAN_POINT('',(1.506205293414E1,9.279824919417E1,
-2.598552918436E1));
#10646=CARTESIAN_POINT('',(1.539469036764E1,9.278973363723E1,
-2.610278221458E1));
#10647=CARTESIAN_POINT('',(1.571871683807E1,9.278139012212E1,
-2.627033114848E1));
#10648=CARTESIAN_POINT('',(1.602241087460E1,9.277354971375E1,
-2.648684843642E1));
#10649=CARTESIAN_POINT('',(1.629497000794E1,9.276653107859E1,
-2.674791071844E1));
#10650=CARTESIAN_POINT('',(1.652702908310E1,9.276061990943E1,
-2.704601337259E1));
#10651=CARTESIAN_POINT('',(1.671144684032E1,9.275603920534E1,
-2.737061327576E1));
#10652=CARTESIAN_POINT('',(1.684439141910E1,9.275291126014E1,
-2.770876608293E1));
#10653=CARTESIAN_POINT('',(1.692617459958E1,9.275122963173E1,
-2.804671635502E1));
#10654=CARTESIAN_POINT('',(1.696117422096E1,9.275086076700E1,
-2.837151124081E1));
#10655=CARTESIAN_POINT('',(1.695785802475E1,9.275143098710E1,
-2.861341269063E1));
#10656=CARTESIAN_POINT('',(1.694595902629E1,9.275203162142E1,
-2.874519023432E1));
#10657=CARTESIAN_POINT('',(1.694252661894E1,9.275219216678E1,
-2.877674186037E1));
#10658=(BOUNDED_SURFACE()B_SPLINE_SURFACE(3,3,((#10532,#10533,#10534,#10535,
#10536,#10537,#10538,#10539,#10540,#10541,#10542,#10543,#10544,#10545,#10546,
#10547,#10548,#10549),(#10550,#10551,#10552,#10553,#10554,#10555,#10556,#10557,
#10558,#10559,#10560,#10561,#10562,#10563,#10564,#10565,#10566,#10567),(#10568,
#10569,#10570,#10571,#10572,#10573,#10574,#10575,#10576,#10577,#10578,#10579,
#10580,#10581,#10582,#10583,#10584,#10585),(#10586,#10587,#10588,#10589,#10590,
#10591,#10592,#10593,#10594,#10595,#10596,#10597,#10598,#10599,#10600,#10601,
#10602,#10603),(#10604,#10605,#10606,#10607,#10608,#10609,#10610,#10611,#10612,
#10613,#10614,#10615,#10616,#10617,#10618,#10619,#10620,#10621),(#10622,#10623,
#10624,#10625,#10626,#10627,#10628,#10629,#10630,#10631,#10632,#10633,#10634,
#10635,#10636,#10637,#10638,#10639),(#10640,#10641,#10642,#10643,#10644,#10645,
#10646,#10647,#10648,#10649,#10650,#10651,#10652,#10653,#10654,#10655,#10656,
#10657)),.UNSPECIFIED.,.F.,.F.,.F.)B_SPLINE_SURFACE_WITH_KNOTS((4,3,4),(4,1,1,1,
1,1,1,1,1,1,1,1,1,1,1,4),(0.E0,1.E0,2.E0),(8.573578988581E-2,9.193518134250E-2,
1.452117815113E-1,2.026404599069E-1,2.636326454957E-1,3.275211698202E-1,
3.935758962109E-1,4.610674582155E-1,5.293586695992E-1,5.977958308727E-1,
6.654760490931E-1,7.313713286946E-1,7.944397818422E-1,8.537053318060E-1,
9.082806109359E-1,9.255066316313E-1),.UNSPECIFIED.)GEOMETRIC_REPRESENTATION_ITEM()RATIONAL_B_SPLINE_SURFACE(((1.390899604025E0,1.390899604025E0,1.390899604025E0,
1.390899604025E0,1.390899604025E0,1.390899604025E0,1.390899604025E0,
1.390899604025E0,1.390899604025E0,1.390899604025E0,1.390899604025E0,
1.390899604025E0,1.390899604025E0,1.390899604025E0,1.390899604025E0,
1.390899604025E0,1.390899604025E0,1.390899604025E0),(8.697001319916E-1,
8.697001319916E-1,8.697001319916E-1,8.697001319916E-1,8.697001319916E-1,
8.697001319916E-1,8.697001319916E-1,8.697001319916E-1,8.697001319916E-1,
8.697001319916E-1,8.697001319916E-1,8.697001319916E-1,8.697001319916E-1,
8.697001319916E-1,8.697001319916E-1,8.697001319916E-1,8.697001319916E-1,
8.697001319916E-1),(8.697001319916E-1,8.697001319916E-1,8.697001319916E-1,
8.697001319916E-1,8.697001319916E-1,8.697001319916E-1,8.697001319916E-1,
8.697001319916E-1,8.697001319916E-1,8.697001319916E-1,8.697001319916E-1,
8.697001319916E-1,8.697001319916E-1,8.697001319916E-1,8.697001319916E-1,
8.697001319916E-1,8.697001319916E-1,8.697001319916E-1),(1.390899604025E0,
1.390899604025E0,1.390899604025E0,1.390899604025E0,1.390899604025E0,
1.390899604025E0,1.390899604025E0,1.390899604025E0,1.390899604025E0,
1.390899604025E0,1.390899604025E0,1.390899604025E0,1.390899604025E0,
1.390899604025E0,1.390899604025E0,1.390899604025E0,1.390899604025E0,
1.390899604025E0),(8.697001319916E-1,8.697001319916E-1,8.697001319916E-1,
8.697001319916E-1,8.697001319916E-1,8.697001319916E-1,8.697001319916E-1,
8.697001319916E-1,8.697001319916E-1,8.697001319916E-1,8.697001319916E-1,
8.697001319916E-1,8.697001319916E-1,8.697001319916E-1,8.697001319916E-1,
8.697001319916E-1,8.697001319916E-1,8.697001319916E-1),(8.697001319916E-1,
8.697001319916E-1,8.697001319916E-1,8.697001319916E-1,8.697001319916E-1,
8.697001319916E-1,8.697001319916E-1,8.697001319916E-1,8.697001319916E-1,
8.697001319916E-1,8.697001319916E-1,8.697001319916E-1,8.697001319916E-1,
8.697001319916E-1,8.697001319916E-1,8.697001319916E-1,8.697001319916E-1,
8.697001319916E-1),(1.390899604025E0,1.390899604025E0,1.390899604025E0,
1.390899604025E0,1.390899604025E0,1.390899604025E0,1.390899604025E0,
1.390899604025E0,1.390899604025E0,1.390899604025E0,1.390899604025E0,
1.390899604025E0,1.390899604025E0,1.390899604025E0,1.390899604025E0,
1.390899604025E0,1.390899604025E0,1.390899604025E0)))REPRESENTATION_ITEM('')SURFACE());
#10660=ORIENTED_EDGE('',*,*,#10659,.T.);
#10662=ORIENTED_EDGE('',*,*,#10661,.T.);
#10663=ORIENTED_EDGE('',*,*,#7930,.F.);
#10664=ORIENTED_EDGE('',*,*,#10524,.F.);
#10665=EDGE_LOOP('',(#10660,#10662,#10663,#10664));
#10666=FACE_OUTER_BOUND('',#10665,.F.);
#10667=ADVANCED_FACE('',(#10666),#10658,.T.);
#10668=CARTESIAN_POINT('',(1.432746775636E1,9.092466672623E1,
-2.852760830175E1));
#10669=DIRECTION('',(1.744984587886E-2,9.997010662057E-1,1.712545199441E-2));
#10670=DIRECTION('',(6.581606111181E-8,-1.712806106390E-2,9.998533040022E-1));
#10671=AXIS2_PLACEMENT_3D('',#10668,#10669,#10670);
#10672=CYLINDRICAL_SURFACE('',#10671,2.E0);
#10673=ORIENTED_EDGE('',*,*,#10659,.F.);
#10674=ORIENTED_EDGE('',*,*,#10465,.F.);
#10675=ORIENTED_EDGE('',*,*,#9845,.T.);
#10677=ORIENTED_EDGE('',*,*,#10676,.T.);
#10678=EDGE_LOOP('',(#10673,#10674,#10675,#10677));
#10679=FACE_OUTER_BOUND('',#10678,.F.);
#10680=ADVANCED_FACE('',(#10679),#10672,.F.);
#10681=CARTESIAN_POINT('',(1.635123980989E1,9.226909915031E1,
-3.216369947121E1));
#10682=DIRECTION('',(9.998476951564E-1,-1.745240643741E-2,6.659793929123E-8));
#10683=DIRECTION('',(1.745240643741E-2,9.998476951564E-1,0.E0));
#10684=AXIS2_PLACEMENT_3D('',#10681,#10682,#10683);
#10685=PLANE('',#10684);
#10687=ORIENTED_EDGE('',*,*,#10686,.F.);
#10688=ORIENTED_EDGE('',*,*,#10676,.F.);
#10689=ORIENTED_EDGE('',*,*,#9843,.F.);
#10691=ORIENTED_EDGE('',*,*,#10690,.F.);
#10692=EDGE_LOOP('',(#10687,#10688,#10689,#10691));
#10693=FACE_OUTER_BOUND('',#10692,.F.);
#10694=ADVANCED_FACE('',(#10693),#10685,.F.);
#10695=CARTESIAN_POINT('',(1.665919150519E1,9.272204957836E1,
-2.792635074345E1));
#10696=DIRECTION('',(6.657296896999E-8,-2.011731822394E-9,-1.E0));
#10697=DIRECTION('',(-9.998476951564E-1,1.745240643743E-2,-6.659793914577E-8));
#10698=AXIS2_PLACEMENT_3D('',#10695,#10696,#10697);
#10699=CYLINDRICAL_SURFACE('',#10698,3.E-1);
#10700=ORIENTED_EDGE('',*,*,#10686,.T.);
#10702=ORIENTED_EDGE('',*,*,#10701,.T.);
#10703=ORIENTED_EDGE('',*,*,#7932,.F.);
#10704=ORIENTED_EDGE('',*,*,#10661,.F.);
#10705=EDGE_LOOP('',(#10700,#10702,#10703,#10704));
#10706=FACE_OUTER_BOUND('',#10705,.F.);
#10707=ADVANCED_FACE('',(#10706),#10699,.T.);
#10708=CARTESIAN_POINT('',(1.635823768882E1,9.271765475637E1,
-3.576844715474E1));
#10709=CARTESIAN_POINT('',(1.635977692322E1,9.271773130432E1,
-3.581753774758E1));
#10710=CARTESIAN_POINT('',(1.635906797370E1,9.271808946698E1,
-3.594823496911E1));
#10711=CARTESIAN_POINT('',(1.633662780457E1,9.271936600717E1,
-3.616465104133E1));
#10712=CARTESIAN_POINT('',(1.627770969313E1,9.272190158083E1,
-3.641714033179E1));
#10713=CARTESIAN_POINT('',(1.618151199260E1,9.272561764265E1,
-3.667112875761E1));
#10714=CARTESIAN_POINT('',(1.604679024278E1,9.273050417321E1,
-3.691758545645E1));
#10715=CARTESIAN_POINT('',(1.587477416003E1,9.273646224595E1,
-3.714751041816E1));
#10716=CARTESIAN_POINT('',(1.566905707973E1,9.274331441067E1,
-3.735266565148E1));
#10717=CARTESIAN_POINT('',(1.543557598824E1,9.275081416204E1,
-3.752597421620E1));
#10718=CARTESIAN_POINT('',(1.518256523791E1,9.275865899854E1,
-3.766212524226E1));
#10719=CARTESIAN_POINT('',(1.492004781080E1,9.276651840265E1,
-3.775839863663E1));
#10720=CARTESIAN_POINT('',(1.465859812252E1,9.277407906304E1,
-3.781527949600E1));
#10721=CARTESIAN_POINT('',(1.445085166850E1,9.277988635022E1,
-3.783277086732E1));
#10722=CARTESIAN_POINT('',(1.433219313167E1,9.278312515406E1,
-3.783216987357E1));
#10723=CARTESIAN_POINT('',(1.429763256513E1,9.278406189536E1,
-3.783109820864E1));
#10724=CARTESIAN_POINT('',(1.635549072281E1,9.290416395989E1,
-3.576871037104E1));
#10725=CARTESIAN_POINT('',(1.635710000267E1,9.290424175761E1,
-3.581759289713E1));
#10726=CARTESIAN_POINT('',(1.635660389135E1,9.290460321617E1,
-3.594775080173E1));
#10727=CARTESIAN_POINT('',(1.633462517409E1,9.290588143677E1,
-3.616334603505E1));
#10728=CARTESIAN_POINT('',(1.627638998820E1,9.290841551024E1,
-3.641500330208E1));
#10729=CARTESIAN_POINT('',(1.618101032231E1,9.291212636754E1,
-3.666830514062E1));
#10730=CARTESIAN_POINT('',(1.604719099447E1,9.291700483061E1,
-3.691426267308E1));
#10731=CARTESIAN_POINT('',(1.587609869176E1,9.292295304479E1,
-3.714389433012E1));
#10732=CARTESIAN_POINT('',(1.567126296906E1,9.292979483919E1,
-3.734895371391E1));
#10733=CARTESIAN_POINT('',(1.543856688825E1,9.293728486617E1,
-3.752233121269E1));
#10734=CARTESIAN_POINT('',(1.518620972118E1,9.294512142612E1,
-3.765866581568E1));
#10735=CARTESIAN_POINT('',(1.492420363739E1,9.295297437185E1,
-3.775518074945E1));
#10736=CARTESIAN_POINT('',(1.466313545528E1,9.296053009075E1,
-3.781231062805E1));
#10737=CARTESIAN_POINT('',(1.445562049374E1,9.296633459886E1,
-3.782998558480E1));
#10738=CARTESIAN_POINT('',(1.433707557941E1,9.296957145334E1,
-3.782947906915E1));
#10739=CARTESIAN_POINT('',(1.430254687376E1,9.297050770115E1,
-3.782843395168E1));
#10740=CARTESIAN_POINT('',(1.649035987747E1,9.303295336229E1,
-3.576459763768E1));
#10741=CARTESIAN_POINT('',(1.649212287006E1,9.303297268378E1,
-3.581669226430E1));
#10742=CARTESIAN_POINT('',(1.649172549933E1,9.303318417857E1,
-3.595541221714E1));
#10743=CARTESIAN_POINT('',(1.646853127687E1,9.303423683565E1,
-3.618523562176E1));
#10744=CARTESIAN_POINT('',(1.640673868882E1,9.303654443215E1,
-3.645358087255E1));
#10745=CARTESIAN_POINT('',(1.630534465993E1,9.304006899739E1,
-3.672377539705E1));
#10746=CARTESIAN_POINT('',(1.616293321816E1,9.304481401387E1,
-3.698624204377E1));
#10747=CARTESIAN_POINT('',(1.598071097446E1,9.305069145765E1,
-3.723139650229E1));
#10748=CARTESIAN_POINT('',(1.576240869265E1,9.305753141748E1,
-3.745042285577E1));
#10749=CARTESIAN_POINT('',(1.551427803588E1,9.306509055882E1,
-3.763570431433E1));
#10750=CARTESIAN_POINT('',(1.524505742384E1,9.307306412982E1,
-3.778148121697E1));
#10751=CARTESIAN_POINT('',(1.496543768991E1,9.308111345369E1,
-3.788475079996E1));
#10752=CARTESIAN_POINT('',(1.468673836359E1,9.308891150046E1,
-3.794594536079E1));
#10753=CARTESIAN_POINT('',(1.446516398463E1,9.309494183234E1,
-3.796494436153E1));
#10754=CARTESIAN_POINT('',(1.433857592445E1,9.309831982662E1,
-3.796446209365E1));
#10755=CARTESIAN_POINT('',(1.430170372193E1,9.309929828570E1,
-3.796336200642E1));
#10756=CARTESIAN_POINT('',(1.667644674227E1,9.302151929781E1,
-3.575874360917E1));
#10757=CARTESIAN_POINT('',(1.667834864508E1,9.302145787744E1,
-3.581541280271E1));
#10758=CARTESIAN_POINT('',(1.667787266323E1,9.302146221697E1,
-3.596631124275E1));
#10759=CARTESIAN_POINT('',(1.665256464221E1,9.302220656464E1,
-3.621629713259E1));
#10760=CARTESIAN_POINT('',(1.658525322854E1,9.302420779063E1,
-3.650815989972E1));
#10761=CARTESIAN_POINT('',(1.647486529480E1,9.302748431663E1,
-3.680200477473E1));
#10762=CARTESIAN_POINT('',(1.631987138974E1,9.303205599453E1,
-3.708741292718E1));
#10763=CARTESIAN_POINT('',(1.612159542575E1,9.303784709224E1,
-3.735396224513E1));
#10764=CARTESIAN_POINT('',(1.588410546870E1,9.304469492850E1,
-3.759207101935E1));
#10765=CARTESIAN_POINT('',(1.561420817946E1,9.305235774766E1,
-3.779346567821E1));
#10766=CARTESIAN_POINT('',(1.532140997084E1,9.306052584678E1,
-3.795189477994E1));
#10767=CARTESIAN_POINT('',(1.501733505825E1,9.306884858368E1,
-3.806410503209E1));
#10768=CARTESIAN_POINT('',(1.471428660910E1,9.307698099025E1,
-3.813057606564E1));
#10769=CARTESIAN_POINT('',(1.447336849387E1,9.308332108396E1,
-3.815119137426E1));
#10770=CARTESIAN_POINT('',(1.433573303208E1,9.308689289174E1,
-3.815064759048E1));
#10771=CARTESIAN_POINT('',(1.429564324039E1,9.308792922594E1,
-3.814944623042E1));
#10772=(BOUNDED_SURFACE()B_SPLINE_SURFACE(3,3,((#10708,#10709,#10710,#10711,
#10712,#10713,#10714,#10715,#10716,#10717,#10718,#10719,#10720,#10721,#10722,
#10723),(#10724,#10725,#10726,#10727,#10728,#10729,#10730,#10731,#10732,#10733,
#10734,#10735,#10736,#10737,#10738,#10739),(#10740,#10741,#10742,#10743,#10744,
#10745,#10746,#10747,#10748,#10749,#10750,#10751,#10752,#10753,#10754,#10755),(
#10756,#10757,#10758,#10759,#10760,#10761,#10762,#10763,#10764,#10765,#10766,
#10767,#10768,#10769,#10770,#10771)),.UNSPECIFIED.,.F.,.F.,.F.)B_SPLINE_SURFACE_WITH_KNOTS((4,4),(4,1,1,1,1,1,1,1,1,1,1,1,1,4),(0.E0,1.E0),(1.105988168431E-1,
1.452106825464E-1,2.026386878002E-1,2.636302859851E-1,3.275184298594E-1,
3.935730340588E-1,4.610647005844E-1,5.293561313020E-1,5.977935398840E-1,
6.654741258209E-1,7.313699345927E-1,7.944390270198E-1,8.537051931821E-1,
8.780893863086E-1),.UNSPECIFIED.)GEOMETRIC_REPRESENTATION_ITEM()RATIONAL_B_SPLINE_SURFACE(((1.190692046047E0,1.190692046047E0,1.190692046047E0,1.190692046047E0,
1.190692046047E0,1.190692046047E0,1.190692046047E0,1.190692046047E0,
1.190692046047E0,1.190692046047E0,1.190692046047E0,1.190692046047E0,
1.190692046047E0,1.190692046047E0,1.190692046047E0,1.190692046047E0),(
9.364359846509E-1,9.364359846509E-1,9.364359846509E-1,9.364359846509E-1,
9.364359846509E-1,9.364359846509E-1,9.364359846509E-1,9.364359846509E-1,
9.364359846509E-1,9.364359846509E-1,9.364359846509E-1,9.364359846509E-1,
9.364359846509E-1,9.364359846509E-1,9.364359846509E-1,9.364359846509E-1),(
9.364359846509E-1,9.364359846509E-1,9.364359846509E-1,9.364359846509E-1,
9.364359846509E-1,9.364359846509E-1,9.364359846509E-1,9.364359846509E-1,
9.364359846509E-1,9.364359846509E-1,9.364359846509E-1,9.364359846509E-1,
9.364359846509E-1,9.364359846509E-1,9.364359846509E-1,9.364359846509E-1),(
1.190692046047E0,1.190692046047E0,1.190692046047E0,1.190692046047E0,
1.190692046047E0,1.190692046047E0,1.190692046047E0,1.190692046047E0,
1.190692046047E0,1.190692046047E0,1.190692046047E0,1.190692046047E0,
1.190692046047E0,1.190692046047E0,1.190692046047E0,1.190692046047E0)))REPRESENTATION_ITEM('')SURFACE());
#10774=ORIENTED_EDGE('',*,*,#10773,.T.);
#10776=ORIENTED_EDGE('',*,*,#10775,.T.);
#10777=ORIENTED_EDGE('',*,*,#7934,.F.);
#10778=ORIENTED_EDGE('',*,*,#10701,.F.);
#10779=EDGE_LOOP('',(#10774,#10776,#10777,#10778));
#10780=FACE_OUTER_BOUND('',#10779,.F.);
#10781=ADVANCED_FACE('',(#10780),#10772,.T.);
#10782=CARTESIAN_POINT('',(1.437859827459E1,9.385390421190E1,
-3.584997131638E1));
#10783=DIRECTION('',(-1.744984811149E-2,-9.997010634121E-1,1.712561279748E-2));
#10784=DIRECTION('',(6.792239662442E-8,-1.712822192889E-2,-9.998533012465E-1));
#10785=AXIS2_PLACEMENT_3D('',#10782,#10783,#10784);
#10786=CYLINDRICAL_SURFACE('',#10785,2.E0);
#10787=ORIENTED_EDGE('',*,*,#10773,.F.);
#10788=ORIENTED_EDGE('',*,*,#10690,.T.);
#10789=ORIENTED_EDGE('',*,*,#9841,.T.);
#10791=ORIENTED_EDGE('',*,*,#10790,.F.);
#10792=EDGE_LOOP('',(#10787,#10788,#10789,#10791));
#10793=FACE_OUTER_BOUND('',#10792,.F.);
#10794=ADVANCED_FACE('',(#10793),#10786,.F.);
#10795=CARTESIAN_POINT('',(-5.1741636E-1,9.256617122970E1,-3.782820595640E1));
#10796=DIRECTION('',(-6.792239735227E-8,1.712822192889E-2,9.998533012465E-1));
#10797=DIRECTION('',(0.E0,-9.998533012465E-1,1.712822192889E-2));
#10798=AXIS2_PLACEMENT_3D('',#10795,#10796,#10797);
#10799=PLANE('',#10798);
#10801=ORIENTED_EDGE('',*,*,#10800,.F.);
#10802=ORIENTED_EDGE('',*,*,#10790,.T.);
#10803=ORIENTED_EDGE('',*,*,#9839,.T.);
#10805=ORIENTED_EDGE('',*,*,#10804,.T.);
#10806=EDGE_LOOP('',(#10801,#10802,#10803,#10805));
#10807=FACE_OUTER_BOUND('',#10806,.F.);
#10808=ADVANCED_FACE('',(#10807),#10799,.T.);
#10809=CARTESIAN_POINT('',(1.493538117741E1,9.276725668960E1,
-3.783179449199E1));
#10810=CARTESIAN_POINT('',(1.493363035772E1,9.276730411876E1,
-3.783179530460E1));
#10811=CARTESIAN_POINT('',(1.367786378894E1,9.280131645704E1,
-3.783237804626E1));
#10812=CARTESIAN_POINT('',(1.117065348206E1,9.286065255400E1,
-3.783339468754E1));
#10813=CARTESIAN_POINT('',(7.416127565617E0,9.292390669963E1,
-3.783447853259E1));
#10814=CARTESIAN_POINT('',(3.669573055034E0,9.296154256272E1,
-3.783512351710E1));
#10815=CARTESIAN_POINT('',(-6.895011297257E-2,9.297372781497E1,
-3.783533251340E1));
#10816=CARTESIAN_POINT('',(-3.799384808356E0,9.296062786503E1,
-3.783510835504E1));
#10817=CARTESIAN_POINT('',(-7.521674620605E0,9.292240580268E1,
-3.783445383589E1));
#10818=CARTESIAN_POINT('',(-1.123576190961E1,9.285922253597E1,
-3.783337171240E1));
#10819=CARTESIAN_POINT('',(-1.371745433285E1,9.280030082777E1,
-3.783236250881E1));
#10820=CARTESIAN_POINT('',(-1.496118106276E1,9.276656035504E1,
-3.783178459421E1));
#10821=CARTESIAN_POINT('',(-1.496975773303E1,9.276632748233E1,
-3.783178060551E1));
#10822=CARTESIAN_POINT('',(1.494031006826E1,9.294924731997E1,
-3.782925450213E1));
#10823=CARTESIAN_POINT('',(1.493855867077E1,9.294929476478E1,
-3.782925531501E1));
#10824=CARTESIAN_POINT('',(1.368237768261E1,9.298331832759E1,
-3.782983824898E1));
#10825=CARTESIAN_POINT('',(1.117433996349E1,9.304267400623E1,
-3.783085522576E1));
#10826=CARTESIAN_POINT('',(7.418575004162E0,9.310594902656E1,
-3.783193942850E1));
#10827=CARTESIAN_POINT('',(3.670784081265E0,9.314359730998E1,
-3.783258462587E1));
#10828=CARTESIAN_POINT('',(-6.897284865840E-2,9.315578658353E1,
-3.783279369113E1));
#10829=CARTESIAN_POINT('',(-3.800638636653E0,9.314268231043E1,
-3.783256945880E1));
#10830=CARTESIAN_POINT('',(-7.524156853546E0,9.310444763430E1,
-3.783191472365E1));
#10831=CARTESIAN_POINT('',(-1.123946984015E1,9.304124351628E1,
-3.783083224304E1));
#10832=CARTESIAN_POINT('',(-1.372198125440E1,9.298230236315E1,
-3.782982270641E1));
#10833=CARTESIAN_POINT('',(-1.496611843038E1,9.294855075561E1,
-3.782924460108E1));
#10834=CARTESIAN_POINT('',(-1.497469793107E1,9.294831780606E1,
-3.782924061107E1));
#10835=CARTESIAN_POINT('',(1.494382673826E1,9.307683847993E1,
-3.795909850080E1));
#10836=CARTESIAN_POINT('',(1.494207492853E1,9.307688593591E1,
-3.795909931387E1));
#10837=CARTESIAN_POINT('',(1.368559826077E1,9.311091750717E1,
-3.795968238505E1));
#10838=CARTESIAN_POINT('',(1.117697020023E1,9.317028715695E1,
-3.796069960121E1));
#10839=CARTESIAN_POINT('',(7.420321209582E0,9.323357707094E1,
-3.796178405915E1));
#10840=CARTESIAN_POINT('',(3.671648132225E0,9.327123421601E1,
-3.796242940838E1));
#10841=CARTESIAN_POINT('',(-6.898906115345E-2,9.328342635866E1,
-3.796263852285E1));
#10842=CARTESIAN_POINT('',(-3.801533208110E0,9.327031900108E1,
-3.796241423775E1));
#10843=CARTESIAN_POINT('',(-7.525927866155E0,9.323207532528E1,
-3.796175934848E1));
#10844=CARTESIAN_POINT('',(-1.124211536249E1,9.316885633028E1,
-3.796067661308E1));
#10845=CARTESIAN_POINT('',(-1.372521110978E1,9.310990130360E1,
-3.795966683882E1));
#10846=CARTESIAN_POINT('',(-1.496964113051E1,9.307614175161E1,
-3.795908859742E1));
#10847=CARTESIAN_POINT('',(-1.497822265063E1,9.307590874723E1,
-3.795908460647E1));
#10848=CARTESIAN_POINT('',(1.494375796045E1,9.307118155714E1,
-3.814108566944E1));
#10849=CARTESIAN_POINT('',(1.494200615879E1,9.307122901290E1,
-3.814108648251E1));
#10850=CARTESIAN_POINT('',(1.368553527488E1,9.310526042750E1,
-3.814166955101E1));
#10851=CARTESIAN_POINT('',(1.117691876213E1,9.316462980399E1,
-3.814268676249E1));
#10852=CARTESIAN_POINT('',(7.420287064214E0,9.322791942664E1,
-3.814377121543E1));
#10853=CARTESIAN_POINT('',(3.671631242872E0,9.326557639837E1,
-3.814441656169E1));
#10854=CARTESIAN_POINT('',(-6.898873148195E-2,9.327776848490E1,
-3.814462567521E1));
#10855=CARTESIAN_POINT('',(-3.801515696668E0,9.326466118765E1,
-3.814440139113E1));
#10856=CARTESIAN_POINT('',(-7.525893210457E0,9.322641768789E1,
-3.814374650488E1));
#10857=CARTESIAN_POINT('',(-1.124206360032E1,9.316319898391E1,
-3.814266377446E1));
#10858=CARTESIAN_POINT('',(-1.372514791735E1,9.310424422861E1,
-3.814165400485E1));
#10859=CARTESIAN_POINT('',(-1.496957220967E1,9.307048483203E1,
-3.814107576611E1));
#10860=CARTESIAN_POINT('',(-1.497815369029E1,9.307025182872E1,
-3.814107177518E1));
#10861=(BOUNDED_SURFACE()B_SPLINE_SURFACE(3,3,((#10809,#10810,#10811,#10812,
#10813,#10814,#10815,#10816,#10817,#10818,#10819,#10820,#10821),(#10822,#10823,
#10824,#10825,#10826,#10827,#10828,#10829,#10830,#10831,#10832,#10833,#10834),(
#10835,#10836,#10837,#10838,#10839,#10840,#10841,#10842,#10843,#10844,#10845,
#10846,#10847),(#10848,#10849,#10850,#10851,#10852,#10853,#10854,#10855,#10856,
#10857,#10858,#10859,#10860)),.UNSPECIFIED.,.F.,.F.,.F.)B_SPLINE_SURFACE_WITH_KNOTS((4,4),(4,1,1,1,1,1,1,1,1,1,4),(0.E0,1.E0),(-1.758627483640E-4,0.E0,
1.259607871958E-1,2.516392998531E-1,3.770394808243E-1,5.021652248965E-1,
6.270203779598E-1,7.516087362082E-1,8.759340453748E-1,1.E0,1.000861493285E0),
.UNSPECIFIED.)GEOMETRIC_REPRESENTATION_ITEM()RATIONAL_B_SPLINE_SURFACE(((
1.182724643603E0,1.182724643603E0,1.182724643603E0,1.182724643603E0,
1.182724643603E0,1.182724643603E0,1.182724643603E0,1.182724643603E0,
1.182724643603E0,1.182724643603E0,1.182724643603E0,1.182724643603E0,
1.182724643603E0),(9.390917854656E-1,9.390917854656E-1,9.390917854657E-1,
9.390917854656E-1,9.390917854656E-1,9.390917854656E-1,9.390917854656E-1,
9.390917854656E-1,9.390917854656E-1,9.390917854656E-1,9.390917854656E-1,
9.390917854656E-1,9.390917854656E-1),(9.390917854656E-1,9.390917854656E-1,
9.390917854657E-1,9.390917854656E-1,9.390917854656E-1,9.390917854656E-1,
9.390917854656E-1,9.390917854656E-1,9.390917854656E-1,9.390917854656E-1,
9.390917854656E-1,9.390917854656E-1,9.390917854656E-1),(1.182724643603E0,
1.182724643603E0,1.182724643603E0,1.182724643603E0,1.182724643603E0,
1.182724643603E0,1.182724643603E0,1.182724643603E0,1.182724643603E0,
1.182724643603E0,1.182724643603E0,1.182724643603E0,1.182724643603E0)))REPRESENTATION_ITEM('')SURFACE());
#10862=ORIENTED_EDGE('',*,*,#10800,.T.);
#10864=ORIENTED_EDGE('',*,*,#10863,.T.);
#10865=ORIENTED_EDGE('',*,*,#7936,.F.);
#10866=ORIENTED_EDGE('',*,*,#10775,.F.);
#10867=EDGE_LOOP('',(#10862,#10864,#10865,#10866));
#10868=FACE_OUTER_BOUND('',#10867,.F.);
#10869=ADVANCED_FACE('',(#10868),#10861,.T.);
#10870=CARTESIAN_POINT('',(-1.414340457998E1,9.249540139445E1,
-3.807539865466E1));
#10871=CARTESIAN_POINT('',(-1.415325635595E1,9.249514741483E1,
-3.807647494624E1));
#10872=CARTESIAN_POINT('',(-1.424785826451E1,9.249270586450E1,
-3.808618057687E1));
#10873=CARTESIAN_POINT('',(-1.443495729453E1,9.248782298333E1,
-3.809350503075E1));
#10874=CARTESIAN_POINT('',(-1.470924554619E1,9.248051648403E1,
-3.807196076628E1));
#10875=CARTESIAN_POINT('',(-1.499547679744E1,9.247272779869E1,
-3.801271380849E1));
#10876=CARTESIAN_POINT('',(-1.528458782016E1,9.246469015265E1,
-3.791150957241E1));
#10877=CARTESIAN_POINT('',(-1.556647823148E1,9.245668701252E1,
-3.776663028930E1));
#10878=CARTESIAN_POINT('',(-1.583098546251E1,9.244902615245E1,
-3.757913137261E1));
#10879=CARTESIAN_POINT('',(-1.606870312908E1,9.244201294465E1,
-3.735275248251E1));
#10880=CARTESIAN_POINT('',(-1.627143003759E1,9.243593086891E1,
-3.709392471989E1));
#10881=CARTESIAN_POINT('',(-1.643286148347E1,9.243101315845E1,
-3.681175375547E1));
#10882=CARTESIAN_POINT('',(-1.654955144576E1,9.242740524449E1,
-3.651748123937E1));
#10883=CARTESIAN_POINT('',(-1.662166397772E1,9.242513433294E1,
-3.622310461572E1));
#10884=CARTESIAN_POINT('',(-1.665292783725E1,9.242410689090E1,
-3.593996164760E1));
#10885=CARTESIAN_POINT('',(-1.665054592101E1,9.242412489406E1,
-3.572894940318E1));
#10886=CARTESIAN_POINT('',(-1.664042550942E1,9.242440385475E1,
-3.561396153029E1));
#10887=CARTESIAN_POINT('',(-1.663749242767E1,9.242448617249E1,
-3.558642923277E1));
#10888=CARTESIAN_POINT('',(-1.417511802610E1,9.253628174709E1,
-3.779252860463E1));
#10889=CARTESIAN_POINT('',(-1.418372721974E1,9.253605176275E1,
-3.779346905011E1));
#10890=CARTESIAN_POINT('',(-1.426639717485E1,9.253383924694E1,
-3.780194957802E1));
#10891=CARTESIAN_POINT('',(-1.442989725272E1,9.252938364646E1,
-3.780834771213E1));
#10892=CARTESIAN_POINT('',(-1.466958801436E1,9.252263363697E1,
-3.778951539705E1));
#10893=CARTESIAN_POINT('',(-1.491971401532E1,9.251534613797E1,
-3.773773349815E1));
#10894=CARTESIAN_POINT('',(-1.517235520247E1,9.250772532264E1,
-3.764928385848E1));
#10895=CARTESIAN_POINT('',(-1.541868528173E1,9.250002884770E1,
-3.752266528891E1));
#10896=CARTESIAN_POINT('',(-1.564982367564E1,9.249254454270E1,
-3.735880014342E1));
#10897=CARTESIAN_POINT('',(-1.585755063082E1,9.248556528016E1,
-3.716095661841E1));
#10898=CARTESIAN_POINT('',(-1.603469957005E1,9.247937045837E1,
-3.693475507153E1));
#10899=CARTESIAN_POINT('',(-1.617576119713E1,9.247419911134E1,
-3.668815330126E1));
#10900=CARTESIAN_POINT('',(-1.627772433861E1,9.247021330233E1,
-3.643097585707E1));
#10901=CARTESIAN_POINT('',(-1.634073256405E1,9.246746639595E1,
-3.617370782551E1));
#10902=CARTESIAN_POINT('',(-1.636804454190E1,9.246589740885E1,
-3.592625776258E1));
#10903=CARTESIAN_POINT('',(-1.636595648935E1,9.246545536761E1,
-3.574184598383E1));
#10904=CARTESIAN_POINT('',(-1.635710890292E1,9.246546419849E1,
-3.564135376172E1));
#10905=CARTESIAN_POINT('',(-1.635454488870E1,9.246548071374E1,
-3.561729226085E1));
#10906=CARTESIAN_POINT('',(-1.419153043588E1,9.280999802578E1,
-3.770591196467E1));
#10907=CARTESIAN_POINT('',(-1.419976462750E1,9.280977525622E1,
-3.770680412531E1));
#10908=CARTESIAN_POINT('',(-1.427883295937E1,9.280763148751E1,
-3.771484337268E1));
#10909=CARTESIAN_POINT('',(-1.443519609202E1,9.280330439696E1,
-3.772079050493E1));
#10910=CARTESIAN_POINT('',(-1.466435325028E1,9.279672268870E1,
-3.770245194494E1));
#10911=CARTESIAN_POINT('',(-1.490336939619E1,9.278958882549E1,
-3.765252127694E1));
#10912=CARTESIAN_POINT('',(-1.514462177874E1,9.278209904374E1,
-3.756748048948E1));
#10913=CARTESIAN_POINT('',(-1.537963541429E1,9.277450372816E1,
-3.744595561723E1));
#10914=CARTESIAN_POINT('',(-1.559990979201E1,9.276708457815E1,
-3.728890622830E1));
#10915=CARTESIAN_POINT('',(-1.579760953707E1,9.276012985320E1,
-3.709953748667E1));
#10916=CARTESIAN_POINT('',(-1.596594027807E1,9.275391619232E1,
-3.688329034256E1));
#10917=CARTESIAN_POINT('',(-1.609971944112E1,9.274868241526E1,
-3.664781124565E1));
#10918=CARTESIAN_POINT('',(-1.619616424553E1,9.274459364028E1,
-3.640249035763E1));
#10919=CARTESIAN_POINT('',(-1.625549769230E1,9.274170969784E1,
-3.615730802338E1));
#10920=CARTESIAN_POINT('',(-1.628089304362E1,9.273997878086E1,
-3.592166362138E1));
#10921=CARTESIAN_POINT('',(-1.627849074252E1,9.273939539797E1,
-3.574615784274E1));
#10922=CARTESIAN_POINT('',(-1.626986039767E1,9.273931981342E1,
-3.565054964125E1));
#10923=CARTESIAN_POINT('',(-1.626737092553E1,9.273931568815E1,
-3.562765920394E1));
#10924=CARTESIAN_POINT('',(-1.417419112059E1,9.300884076383E1,
-3.791292241022E1));
#10925=CARTESIAN_POINT('',(-1.418333946451E1,9.300860031777E1,
-3.791390812868E1));
#10926=CARTESIAN_POINT('',(-1.427118541695E1,9.300628772384E1,
-3.792278600145E1));
#10927=CARTESIAN_POINT('',(-1.444489690324E1,9.300164590272E1,
-3.792926446214E1));
#10928=CARTESIAN_POINT('',(-1.469942613032E1,9.299465510431E1,
-3.790864638774E1));
#10929=CARTESIAN_POINT('',(-1.496481741913E1,9.298715461032E1,
-3.785287198494E1));
#10930=CARTESIAN_POINT('',(-1.523256522342E1,9.297936275822E1,
-3.775806210340E1));
#10931=CARTESIAN_POINT('',(-1.549322815146E1,9.297154937370E1,
-3.762273762190E1));
#10932=CARTESIAN_POINT('',(-1.573735656671E1,9.296401073190E1,
-3.744802376046E1));
#10933=CARTESIAN_POINT('',(-1.595626510558E1,9.295704355193E1,
-3.723754194254E1));
#10934=CARTESIAN_POINT('',(-1.614245076138E1,9.295092613768E1,
-3.699738673494E1));
#10935=CARTESIAN_POINT('',(-1.629022169806E1,9.294589132041E1,
-3.673607977770E1));
#10936=CARTESIAN_POINT('',(-1.639656031582E1,9.294209026199E1,
-3.646404789246E1));
#10937=CARTESIAN_POINT('',(-1.646177966609E1,9.293956229704E1,
-3.619234172466E1));
#10938=CARTESIAN_POINT('',(-1.648944830096E1,9.293823110550E1,
-3.593134391768E1));
#10939=CARTESIAN_POINT('',(-1.648647691455E1,9.293798397876E1,
-3.573703762552E1));
#10940=CARTESIAN_POINT('',(-1.647676400661E1,9.293810459226E1,
-3.563121124086E1));
#10941=CARTESIAN_POINT('',(-1.647397075155E1,9.293814819233E1,
-3.560587563452E1));
#10942=CARTESIAN_POINT('',(-1.415685180530E1,9.320768350188E1,
-3.811993285578E1));
#10943=CARTESIAN_POINT('',(-1.416691430151E1,9.320742537932E1,
-3.812101213206E1));
#10944=CARTESIAN_POINT('',(-1.426353787454E1,9.320494396017E1,
-3.813072863022E1));
#10945=CARTESIAN_POINT('',(-1.445459771446E1,9.319998740849E1,
-3.813773841935E1));
#10946=CARTESIAN_POINT('',(-1.473449901037E1,9.319258751992E1,
-3.811484083054E1));
#10947=CARTESIAN_POINT('',(-1.502626544208E1,9.318472039516E1,
-3.805322269294E1));
#10948=CARTESIAN_POINT('',(-1.532050866809E1,9.317662647271E1,
-3.794864371732E1));
#10949=CARTESIAN_POINT('',(-1.560682088864E1,9.316859501924E1,
-3.779951962656E1));
#10950=CARTESIAN_POINT('',(-1.587480334142E1,9.316093688565E1,
-3.760714129261E1));
#10951=CARTESIAN_POINT('',(-1.611492067409E1,9.315395725066E1,
-3.737554639840E1));
#10952=CARTESIAN_POINT('',(-1.631896124469E1,9.314793608303E1,
-3.711148312733E1));
#10953=CARTESIAN_POINT('',(-1.648072395500E1,9.314310022556E1,
-3.682434830974E1));
#10954=CARTESIAN_POINT('',(-1.659695638611E1,9.313958688370E1,
-3.652560542730E1));
#10955=CARTESIAN_POINT('',(-1.666806163987E1,9.313741489623E1,
-3.622737542594E1));
#10956=CARTESIAN_POINT('',(-1.669800355830E1,9.313648343014E1,
-3.594102421399E1));
#10957=CARTESIAN_POINT('',(-1.669446308658E1,9.313657255956E1,
-3.572791740830E1));
#10958=CARTESIAN_POINT('',(-1.668366761555E1,9.313688937110E1,
-3.561187284048E1));
#10959=CARTESIAN_POINT('',(-1.668057057756E1,9.313698069651E1,
-3.558409206509E1));
#10960=CARTESIAN_POINT('',(-1.412525347280E1,9.310811541765E1,
-3.838785103926E1));
#10961=CARTESIAN_POINT('',(-1.413649159355E1,9.310783459907E1,
-3.838906053914E1));
#10962=CARTESIAN_POINT('',(-1.424440430605E1,9.310513657423E1,
-3.839995279323E1));
#10963=CARTESIAN_POINT('',(-1.445779492976E1,9.309977586885E1,
-3.840787892628E1));
#10964=CARTESIAN_POINT('',(-1.477045090696E1,9.309184939436E1,
-3.838249116389E1));
#10965=CARTESIAN_POINT('',(-1.509642677261E1,9.308350753540E1,
-3.831390380177E1));
#10966=CARTESIAN_POINT('',(-1.542526372336E1,9.307501802352E1,
-3.819736011662E1));
#10967=CARTESIAN_POINT('',(-1.574535626044E1,9.306669442403E1,
-3.803105651108E1));
#10968=CARTESIAN_POINT('',(-1.604509430235E1,9.305886648351E1,
-3.781639172236E1));
#10969=CARTESIAN_POINT('',(-1.631381369069E1,9.305185140271E1,
-3.755783102944E1));
#10970=CARTESIAN_POINT('',(-1.654230994875E1,9.304593336780E1,
-3.726287446626E1));
#10971=CARTESIAN_POINT('',(-1.672360923979E1,9.304133419108E1,
-3.694199671123E1));
#10972=CARTESIAN_POINT('',(-1.685402509551E1,9.303817579985E1,
-3.660800354961E1));
#10973=CARTESIAN_POINT('',(-1.693396005325E1,9.303645261659E1,
-3.627445804747E1));
#10974=CARTESIAN_POINT('',(-1.696780955966E1,9.303603316341E1,
-3.595409644265E1));
#10975=CARTESIAN_POINT('',(-1.696408492665E1,9.303655813053E1,
-3.571561798405E1));
#10976=CARTESIAN_POINT('',(-1.695212409589E1,9.303713118945E1,
-3.558574022218E1));
#10977=CARTESIAN_POINT('',(-1.694868646010E1,9.303728495365E1,
-3.555464688299E1));
#10978=CARTESIAN_POINT('',(-1.411491869446E1,9.282207008793E1,
-3.841548566235E1));
#10979=CARTESIAN_POINT('',(-1.412627228507E1,9.282178706847E1,
-3.841671565536E1));
#10980=CARTESIAN_POINT('',(-1.423529450325E1,9.281906816371E1,
-3.842779902129E1));
#10981=CARTESIAN_POINT('',(-1.445089426743E1,9.281366822758E1,
-3.843599636784E1));
#10982=CARTESIAN_POINT('',(-1.476686500975E1,9.280568965473E1,
-3.841070720426E1));
#10983=CARTESIAN_POINT('',(-1.509642665143E1,9.279729865022E1,
-3.834185986966E1));
#10984=CARTESIAN_POINT('',(-1.542906566458E1,9.278876474804E1,
-3.822460648221E1));
#10985=CARTESIAN_POINT('',(-1.575309400335E1,9.278040335346E1,
-3.805705651788E1));
#10986=CARTESIAN_POINT('',(-1.605678982809E1,9.277254618636E1,
-3.784053753130E1));
#10987=CARTESIAN_POINT('',(-1.632935035103E1,9.276551251683E1,
-3.757947303431E1));
#10988=CARTESIAN_POINT('',(-1.656141019746E1,9.275958855982E1,
-3.728136792146E1));
#10989=CARTESIAN_POINT('',(-1.674582802170E1,9.275499771036E1,
-3.695676566951E1));
#10990=CARTESIAN_POINT('',(-1.687877203034E1,9.275186247141E1,
-3.661861100490E1));
#10991=CARTESIAN_POINT('',(-1.696055421592E1,9.275017637729E1,
-3.628065971447E1));
#10992=CARTESIAN_POINT('',(-1.699555273822E1,9.274980562400E1,
-3.595586491758E1));
#10993=CARTESIAN_POINT('',(-1.699223590046E1,9.275037604541E1,
-3.571396625884E1));
#10994=CARTESIAN_POINT('',(-1.698033700063E1,9.275097732996E1,
-3.558219144882E1));
#10995=CARTESIAN_POINT('',(-1.697690484926E1,9.275113805326E1,
-3.555064210656E1));
#10996=(BOUNDED_SURFACE()B_SPLINE_SURFACE(3,3,((#10870,#10871,#10872,#10873,
#10874,#10875,#10876,#10877,#10878,#10879,#10880,#10881,#10882,#10883,#10884,
#10885,#10886,#10887),(#10888,#10889,#10890,#10891,#10892,#10893,#10894,#10895,
#10896,#10897,#10898,#10899,#10900,#10901,#10902,#10903,#10904,#10905),(#10906,
#10907,#10908,#10909,#10910,#10911,#10912,#10913,#10914,#10915,#10916,#10917,
#10918,#10919,#10920,#10921,#10922,#10923),(#10924,#10925,#10926,#10927,#10928,
#10929,#10930,#10931,#10932,#10933,#10934,#10935,#10936,#10937,#10938,#10939,
#10940,#10941),(#10942,#10943,#10944,#10945,#10946,#10947,#10948,#10949,#10950,
#10951,#10952,#10953,#10954,#10955,#10956,#10957,#10958,#10959),(#10960,#10961,
#10962,#10963,#10964,#10965,#10966,#10967,#10968,#10969,#10970,#10971,#10972,
#10973,#10974,#10975,#10976,#10977),(#10978,#10979,#10980,#10981,#10982,#10983,
#10984,#10985,#10986,#10987,#10988,#10989,#10990,#10991,#10992,#10993,#10994,
#10995)),.UNSPECIFIED.,.F.,.F.,.F.)B_SPLINE_SURFACE_WITH_KNOTS((4,3,4),(4,1,1,1,
1,1,1,1,1,1,1,1,1,1,1,4),(0.E0,1.E0,2.E0),(8.573579334984E-2,9.193394200042E-2,
1.452103423556E-1,2.026390388242E-1,2.636314193067E-1,3.275202745718E-1,
3.935754252936E-1,4.610674607747E-1,5.293591511818E-1,5.977967560738E-1,
6.654773430512E-1,7.313728785360E-1,7.944414407372E-1,8.537069228110E-1,
9.082819272451E-1,9.255066875322E-1),.UNSPECIFIED.)GEOMETRIC_REPRESENTATION_ITEM()RATIONAL_B_SPLINE_SURFACE(((1.390913115388E0,1.390913115388E0,1.390913115388E0,
1.390913115388E0,1.390913115388E0,1.390913115388E0,1.390913115388E0,
1.390913115388E0,1.390913115388E0,1.390913115388E0,1.390913115388E0,
1.390913115388E0,1.390913115388E0,1.390913115388E0,1.390913115388E0,
1.390913115388E0,1.390913115388E0,1.390913115388E0),(8.696956282040E-1,
8.696956282040E-1,8.696956282040E-1,8.696956282040E-1,8.696956282040E-1,
8.696956282040E-1,8.696956282040E-1,8.696956282040E-1,8.696956282040E-1,
8.696956282040E-1,8.696956282040E-1,8.696956282040E-1,8.696956282040E-1,
8.696956282040E-1,8.696956282040E-1,8.696956282040E-1,8.696956282040E-1,
8.696956282040E-1),(8.696956282040E-1,8.696956282040E-1,8.696956282040E-1,
8.696956282040E-1,8.696956282040E-1,8.696956282040E-1,8.696956282040E-1,
8.696956282040E-1,8.696956282040E-1,8.696956282040E-1,8.696956282040E-1,
8.696956282040E-1,8.696956282040E-1,8.696956282040E-1,8.696956282040E-1,
8.696956282040E-1,8.696956282040E-1,8.696956282040E-1),(1.390913115388E0,
1.390913115388E0,1.390913115388E0,1.390913115388E0,1.390913115388E0,
1.390913115388E0,1.390913115388E0,1.390913115388E0,1.390913115388E0,
1.390913115388E0,1.390913115388E0,1.390913115388E0,1.390913115388E0,
1.390913115388E0,1.390913115388E0,1.390913115388E0,1.390913115388E0,
1.390913115388E0),(8.696956282040E-1,8.696956282040E-1,8.696956282040E-1,
8.696956282040E-1,8.696956282040E-1,8.696956282040E-1,8.696956282040E-1,
8.696956282040E-1,8.696956282040E-1,8.696956282040E-1,8.696956282040E-1,
8.696956282040E-1,8.696956282040E-1,8.696956282040E-1,8.696956282040E-1,
8.696956282040E-1,8.696956282040E-1,8.696956282040E-1),(8.696956282040E-1,
8.696956282040E-1,8.696956282040E-1,8.696956282040E-1,8.696956282040E-1,
8.696956282040E-1,8.696956282040E-1,8.696956282040E-1,8.696956282040E-1,
8.696956282040E-1,8.696956282040E-1,8.696956282040E-1,8.696956282040E-1,
8.696956282040E-1,8.696956282040E-1,8.696956282040E-1,8.696956282040E-1,
8.696956282040E-1),(1.390913115388E0,1.390913115388E0,1.390913115388E0,
1.390913115388E0,1.390913115388E0,1.390913115388E0,1.390913115388E0,
1.390913115388E0,1.390913115388E0,1.390913115388E0,1.390913115388E0,
1.390913115388E0,1.390913115388E0,1.390913115388E0,1.390913115388E0,
1.390913115388E0,1.390913115388E0,1.390913115388E0)))REPRESENTATION_ITEM('')SURFACE());
#10998=ORIENTED_EDGE('',*,*,#10997,.T.);
#11000=ORIENTED_EDGE('',*,*,#10999,.T.);
#11001=ORIENTED_EDGE('',*,*,#7922,.F.);
#11002=ORIENTED_EDGE('',*,*,#10863,.F.);
#11003=EDGE_LOOP('',(#10998,#11000,#11001,#11002));
#11004=FACE_OUTER_BOUND('',#11003,.F.);
#11005=ADVANCED_FACE('',(#11004),#10996,.T.);
#11006=CARTESIAN_POINT('',(-1.436224261242E1,9.094645932041E1,
-3.580016660089E1));
#11007=DIRECTION('',(-1.744984697033E-2,9.997010633914E-1,-1.712561516795E-2));
#11008=DIRECTION('',(6.792239749321E-8,-1.712822192889E-2,-9.998533012465E-1));
#11009=AXIS2_PLACEMENT_3D('',#11006,#11007,#11008);
#11010=CYLINDRICAL_SURFACE('',#11009,2.E0);
#11011=ORIENTED_EDGE('',*,*,#10997,.F.);
#11012=ORIENTED_EDGE('',*,*,#10804,.F.);
#11013=ORIENTED_EDGE('',*,*,#9837,.T.);
#11015=ORIENTED_EDGE('',*,*,#11014,.T.);
#11016=EDGE_LOOP('',(#11011,#11012,#11013,#11015));
#11017=FACE_OUTER_BOUND('',#11016,.F.);
#11018=ADVANCED_FACE('',(#11017),#11010,.F.);
#11019=CARTESIAN_POINT('',(-1.636876306273E1,9.130256193314E1,
-2.561385163720E1));
#11020=DIRECTION('',(9.998476951564E-1,1.745240643731E-2,0.E0));
#11021=DIRECTION('',(-1.745240643731E-2,9.998476951564E-1,0.E0));
#11022=AXIS2_PLACEMENT_3D('',#11019,#11020,#11021);
#11023=PLANE('',#11022);
#11025=ORIENTED_EDGE('',*,*,#11024,.F.);
#11026=ORIENTED_EDGE('',*,*,#11014,.F.);
#11027=ORIENTED_EDGE('',*,*,#9835,.F.);
#11029=ORIENTED_EDGE('',*,*,#11028,.F.);
#11030=EDGE_LOOP('',(#11025,#11026,#11027,#11029));
#11031=FACE_OUTER_BOUND('',#11030,.F.);
#11032=ADVANCED_FACE('',(#11031),#11023,.T.);
#11033=CARTESIAN_POINT('',(-1.669356791967E1,9.272101317481E1,
-3.638055470898E1));
#11034=DIRECTION('',(0.E0,0.E0,1.E0));
#11035=DIRECTION('',(9.998476951564E-1,1.745240643733E-2,0.E0));
#11036=AXIS2_PLACEMENT_3D('',#11033,#11034,#11035);
#11037=CYLINDRICAL_SURFACE('',#11036,3.E-1);
#11038=ORIENTED_EDGE('',*,*,#11024,.T.);
#11040=ORIENTED_EDGE('',*,*,#11039,.T.);
#11041=ORIENTED_EDGE('',*,*,#7924,.F.);
#11042=ORIENTED_EDGE('',*,*,#10999,.F.);
#11043=EDGE_LOOP('',(#11038,#11040,#11041,#11042));
#11044=FACE_OUTER_BOUND('',#11043,.F.);
#11045=ADVANCED_FACE('',(#11044),#11037,.T.);
#11046=CARTESIAN_POINT('',(-1.639261358578E1,9.271661806768E1,
-2.855896856589E1));
#11047=CARTESIAN_POINT('',(-1.639415275637E1,9.271669450131E1,
-2.850987989533E1));
#11048=CARTESIAN_POINT('',(-1.639344400115E1,9.271705270008E1,
-2.837918453371E1));
#11049=CARTESIAN_POINT('',(-1.637100462454E1,9.271833081010E1,
-2.816276991631E1));
#11050=CARTESIAN_POINT('',(-1.631208702691E1,9.272087057726E1,
-2.791027956782E1));
#11051=CARTESIAN_POINT('',(-1.621588943444E1,9.272459351366E1,
-2.765628951727E1));
#11052=CARTESIAN_POINT('',(-1.608116726877E1,9.272948969182E1,
-2.740983094087E1));
#11053=CARTESIAN_POINT('',(-1.590915025581E1,9.273546009566E1,
-2.717990417112E1));
#11054=CARTESIAN_POINT('',(-1.570343186228E1,9.274232701247E1,
-2.697474747459E1));
#11055=CARTESIAN_POINT('',(-1.546994929670E1,9.274984350432E1,
-2.680143797416E1));
#11056=CARTESIAN_POINT('',(-1.521693718407E1,9.275770647203E1,
-2.666528660520E1));
#11057=CARTESIAN_POINT('',(-1.495441878745E1,9.276558467330E1,
-2.656901340188E1));
#11058=CARTESIAN_POINT('',(-1.469296877293E1,9.277316403463E1,
-2.651213309650E1));
#11059=CARTESIAN_POINT('',(-1.448522460201E1,9.277898611010E1,
-2.649464243136E1));
#11060=CARTESIAN_POINT('',(-1.436656847655E1,9.278223333268E1,
-2.649524351528E1));
#11061=CARTESIAN_POINT('',(-1.433201014036E1,9.278317248505E1,
-2.649631508538E1));
#11062=CARTESIAN_POINT('',(-1.638986626282E1,9.290313660038E1,
-2.855870496585E1));
#11063=CARTESIAN_POINT('',(-1.639147546086E1,9.290321428445E1,
-2.850982465379E1));
#11064=CARTESIAN_POINT('',(-1.639097955669E1,9.290357577924E1,
-2.837966940243E1));
#11065=CARTESIAN_POINT('',(-1.636900190802E1,9.290485556231E1,
-2.816407692728E1));
#11066=CARTESIAN_POINT('',(-1.631076794184E1,9.290739380951E1,
-2.791242003536E1));
#11067=CARTESIAN_POINT('',(-1.621538948486E1,9.291111151024E1,
-2.765911783092E1));
#11068=CARTESIAN_POINT('',(-1.608157118395E1,9.291599958036E1,
-2.741315936707E1));
#11069=CARTESIAN_POINT('',(-1.591047962948E1,9.292196007932E1,
-2.718352642228E1));
#11070=CARTESIAN_POINT('',(-1.570564436258E1,9.292881657844E1,
-2.697846560271E1));
#11071=CARTESIAN_POINT('',(-1.547294850344E1,9.293632330244E1,
-2.680508669495E1));
#11072=CARTESIAN_POINT('',(-1.522059143941E1,9.294417795838E1,
-2.666875083216E1));
#11073=CARTESIAN_POINT('',(-1.495858549966E1,9.295204967719E1,
-2.657223484391E1));
#11074=CARTESIAN_POINT('',(-1.469751769117E1,9.295962408495E1,
-2.651510409437E1));
#11075=CARTESIAN_POINT('',(-1.449000525104E1,9.296544338048E1,
-2.649742864088E1));
#11076=CARTESIAN_POINT('',(-1.437146275998E1,9.296868865645E1,
-2.649793455536E1));
#11077=CARTESIAN_POINT('',(-1.433693627642E1,9.296962731640E1,
-2.649897937814E1));
#11078=CARTESIAN_POINT('',(-1.652474617509E1,9.303192825352E1,
-2.856281777346E1));
#11079=CARTESIAN_POINT('',(-1.652650907578E1,9.303194745991E1,
-2.851072542496E1));
#11080=CARTESIAN_POINT('',(-1.652611192581E1,9.303215898218E1,
-2.837200808555E1));
#11081=CARTESIAN_POINT('',(-1.650291888594E1,9.303321318159E1,
-2.814218725802E1));
#11082=CARTESIAN_POINT('',(-1.644112770818E1,9.303552492102E1,
-2.787384192632E1));
#11083=CARTESIAN_POINT('',(-1.633973511956E1,9.303905629428E1,
-2.760364641613E1));
#11084=CARTESIAN_POINT('',(-1.619732492555E1,9.304381088058E1,
-2.734117802868E1));
#11085=CARTESIAN_POINT('',(-1.601510357421E1,9.304970057360E1,
-2.709602127521E1));
#11086=CARTESIAN_POINT('',(-1.579680174351E1,9.305655520808E1,
-2.687699229702E1));
#11087=CARTESIAN_POINT('',(-1.554867108864E1,9.306413102526E1,
-2.669170810332E1));
#11088=CARTESIAN_POINT('',(-1.527945009901E1,9.307212268240E1,
-2.654592854954E1));
#11089=CARTESIAN_POINT('',(-1.499982975722E1,9.308019078168E1,
-2.644265654557E1));
#11090=CARTESIAN_POINT('',(-1.472112981329E1,9.308800753087E1,
-2.638145986122E1));
#11091=CARTESIAN_POINT('',(-1.449955711932E1,9.309405266664E1,
-2.636245948810E1));
#11092=CARTESIAN_POINT('',(-1.437297099317E1,9.309743909329E1,
-2.636294068799E1));
#11093=CARTESIAN_POINT('',(-1.433610096658E1,9.309841996599E1,
-2.636404034220E1));
#11094=CARTESIAN_POINT('',(-1.671084162618E1,9.302048181365E1,
-2.856867209166E1));
#11095=CARTESIAN_POINT('',(-1.671274343410E1,9.302042027834E1,
-2.851200512392E1));
#11096=CARTESIAN_POINT('',(-1.671226767398E1,9.302042464043E1,
-2.836110885573E1));
#11097=CARTESIAN_POINT('',(-1.668696077206E1,9.302117052112E1,
-2.811112466806E1));
#11098=CARTESIAN_POINT('',(-1.661965049051E1,9.302317587866E1,
-2.781926055813E1));
#11099=CARTESIAN_POINT('',(-1.650926349585E1,9.302645920455E1,
-2.752541339695E1));
#11100=CARTESIAN_POINT('',(-1.635427010328E1,9.303104044853E1,
-2.724000224011E1));
#11101=CARTESIAN_POINT('',(-1.615599407674E1,9.303684379684E1,
-2.697344947369E1));
#11102=CARTESIAN_POINT('',(-1.591850343382E1,9.304370631433E1,
-2.673533709331E1));
#11103=CARTESIAN_POINT('',(-1.564860488371E1,9.305138582072E1,
-2.653393893421E1));
#11104=CARTESIAN_POINT('',(-1.535580497832E1,9.305957202130E1,
-2.637550665459E1));
#11105=CARTESIAN_POINT('',(-1.505172815725E1,9.306791355154E1,
-2.626329368970E1));
#11106=CARTESIAN_POINT('',(-1.474867787908E1,9.307606467956E1,
-2.619682044757E1));
#11107=CARTESIAN_POINT('',(-1.450776074007E1,9.308241958972E1,
-2.617620384195E1));
#11108=CARTESIAN_POINT('',(-1.437012691667E1,9.308599983525E1,
-2.617674661566E1));
#11109=CARTESIAN_POINT('',(-1.433003935756E1,9.308703858198E1,
-2.617794755194E1));
#11110=(BOUNDED_SURFACE()B_SPLINE_SURFACE(3,3,((#11046,#11047,#11048,#11049,
#11050,#11051,#11052,#11053,#11054,#11055,#11056,#11057,#11058,#11059,#11060,
#11061),(#11062,#11063,#11064,#11065,#11066,#11067,#11068,#11069,#11070,#11071,
#11072,#11073,#11074,#11075,#11076,#11077),(#11078,#11079,#11080,#11081,#11082,
#11083,#11084,#11085,#11086,#11087,#11088,#11089,#11090,#11091,#11092,#11093),(
#11094,#11095,#11096,#11097,#11098,#11099,#11100,#11101,#11102,#11103,#11104,
#11105,#11106,#11107,#11108,#11109)),.UNSPECIFIED.,.F.,.F.,.F.)B_SPLINE_SURFACE_WITH_KNOTS((4,4),(4,1,1,1,1,1,1,1,1,1,1,1,1,4),(0.E0,1.E0),(1.105987241412E-1,
1.452092036027E-1,2.026372070054E-1,2.636289824107E-1,3.275174446184E-1,
3.935724669803E-1,4.610646069517E-1,5.293565210960E-1,5.977943812382E-1,
6.654753485087E-1,7.313714303898E-1,7.944406519762E-1,8.537067697927E-1,
8.780894189253E-1),.UNSPECIFIED.)GEOMETRIC_REPRESENTATION_ITEM()RATIONAL_B_SPLINE_SURFACE(((1.190708849623E0,1.190708849623E0,1.190708849623E0,1.190708849623E0,
1.190708849623E0,1.190708849623E0,1.190708849623E0,1.190708849623E0,
1.190708849623E0,1.190708849623E0,1.190708849623E0,1.190708849623E0,
1.190708849623E0,1.190708849623E0,1.190708849623E0,1.190708849623E0),(
9.364303834591E-1,9.364303834591E-1,9.364303834591E-1,9.364303834591E-1,
9.364303834591E-1,9.364303834591E-1,9.364303834591E-1,9.364303834591E-1,
9.364303834591E-1,9.364303834591E-1,9.364303834591E-1,9.364303834591E-1,
9.364303834591E-1,9.364303834591E-1,9.364303834591E-1,9.364303834591E-1),(
9.364303834591E-1,9.364303834591E-1,9.364303834591E-1,9.364303834591E-1,
9.364303834591E-1,9.364303834591E-1,9.364303834591E-1,9.364303834591E-1,
9.364303834591E-1,9.364303834591E-1,9.364303834591E-1,9.364303834591E-1,
9.364303834591E-1,9.364303834591E-1,9.364303834591E-1,9.364303834591E-1),(
1.190708849623E0,1.190708849623E0,1.190708849623E0,1.190708849623E0,
1.190708849623E0,1.190708849623E0,1.190708849623E0,1.190708849623E0,
1.190708849623E0,1.190708849623E0,1.190708849623E0,1.190708849623E0,
1.190708849623E0,1.190708849623E0,1.190708849623E0,1.190708849623E0)))REPRESENTATION_ITEM('')SURFACE());
#11112=ORIENTED_EDGE('',*,*,#11111,.T.);
#11113=ORIENTED_EDGE('',*,*,#10527,.T.);
#11114=ORIENTED_EDGE('',*,*,#7926,.F.);
#11115=ORIENTED_EDGE('',*,*,#11039,.F.);
#11116=EDGE_LOOP('',(#11112,#11113,#11114,#11115));
#11117=FACE_OUTER_BOUND('',#11116,.F.);
#11118=ADVANCED_FACE('',(#11117),#11110,.T.);
#11119=CARTESIAN_POINT('',(-1.441297449085E1,9.385288668894E1,
-2.847744432098E1));
#11120=DIRECTION('',(1.744984701842E-2,-9.997010661465E-1,-1.712545429069E-2));
#11121=DIRECTION('',(6.581606099421E-8,-1.712806106390E-2,9.998533040022E-1));
#11122=AXIS2_PLACEMENT_3D('',#11119,#11120,#11121);
#11123=CYLINDRICAL_SURFACE('',#11122,2.E0);
#11124=ORIENTED_EDGE('',*,*,#11111,.F.);
#11125=ORIENTED_EDGE('',*,*,#11028,.T.);
#11126=ORIENTED_EDGE('',*,*,#9833,.T.);
#11127=ORIENTED_EDGE('',*,*,#10419,.T.);
#11128=ORIENTED_EDGE('',*,*,#10417,.F.);
#11129=ORIENTED_EDGE('',*,*,#10461,.F.);
#11130=EDGE_LOOP('',(#11124,#11125,#11126,#11127,#11128,#11129));
#11131=FACE_OUTER_BOUND('',#11130,.F.);
#11132=ADVANCED_FACE('',(#11131),#11123,.F.);
#11133=CARTESIAN_POINT('',(8.528580621817E0,8.975163238268E1,
-3.285128003509E1));
#11134=CARTESIAN_POINT('',(8.542313473894E0,9.054092697330E1,
-3.285240796130E1));
#11135=CARTESIAN_POINT('',(8.556046325971E0,9.133022156392E1,
-3.285353588751E1));
#11136=CARTESIAN_POINT('',(8.569779178048E0,9.211951615454E1,
-3.285466381372E1));
#11137=CARTESIAN_POINT('',(8.522796852603E0,8.975176703926E1,
-3.292587678623E1));
#11138=CARTESIAN_POINT('',(8.536559395722E0,9.054106162988E1,
-3.292662176921E1));
#11139=CARTESIAN_POINT('',(8.550321938840E0,9.133035622050E1,
-3.292736675219E1));
#11140=CARTESIAN_POINT('',(8.564084481959E0,9.211965081113E1,
-3.292811173517E1));
#11141=CARTESIAN_POINT('',(8.515653447455E0,8.975193374397E1,
-3.310887038805E1));
#11142=CARTESIAN_POINT('',(8.529452661321E0,9.054122833459E1,
-3.310867597140E1));
#11143=CARTESIAN_POINT('',(8.543251875187E0,9.133052292521E1,
-3.310848155475E1));
#11144=CARTESIAN_POINT('',(8.557051089054E0,9.211981751583E1,
-3.310828713810E1));
#11145=CARTESIAN_POINT('',(8.532849436602E0,8.975153293724E1,
-3.339130948040E1));
#11146=CARTESIAN_POINT('',(8.546560374672E0,9.054082752786E1,
-3.338966515961E1));
#11147=CARTESIAN_POINT('',(8.560271312742E0,9.133012211848E1,
-3.338802083883E1));
#11148=CARTESIAN_POINT('',(8.573982250812E0,9.211941670910E1,
-3.338637651805E1));
#11149=CARTESIAN_POINT('',(8.589331124896E0,8.975021055922E1,
-3.370473517086E1));
#11150=CARTESIAN_POINT('',(8.602752113609E0,9.053950514984E1,
-3.370148187591E1));
#11151=CARTESIAN_POINT('',(8.616173102322E0,9.132879974046E1,
-3.369822858095E1));
#11152=CARTESIAN_POINT('',(8.629594091035E0,9.211809433108E1,
-3.369497528600E1));
#11153=CARTESIAN_POINT('',(8.683158458633E0,8.974799586563E1,
-3.401109407853E1));
#11154=CARTESIAN_POINT('',(8.696097783714E0,9.053729045625E1,
-3.400626808681E1));
#11155=CARTESIAN_POINT('',(8.709037108795E0,9.132658504687E1,
-3.400144209509E1));
#11156=CARTESIAN_POINT('',(8.721976433876E0,9.211587963749E1,
-3.399661610338E1));
#11157=CARTESIAN_POINT('',(8.856264947429E0,8.974385950151E1,
-3.440191842212E1));
#11158=CARTESIAN_POINT('',(8.868315628479E0,9.053315409213E1,
-3.439508612941E1));
#11159=CARTESIAN_POINT('',(8.880366309529E0,9.132244868275E1,
-3.438825383670E1));
#11160=CARTESIAN_POINT('',(8.892416990579E0,9.211174327337E1,
-3.438142154399E1));
#11161=CARTESIAN_POINT('',(9.154798479891E0,8.973657801460E1,
-3.484413977168E1));
#11162=CARTESIAN_POINT('',(9.165316635825E0,9.052587260522E1,
-3.483503733090E1));
#11163=CARTESIAN_POINT('',(9.175834791759E0,9.131516719584E1,
-3.482593489011E1));
#11164=CARTESIAN_POINT('',(9.186352947694E0,9.210446178646E1,
-3.481683244932E1));
#11165=CARTESIAN_POINT('',(9.644745413529E0,8.972409983524E1,
-3.528989261467E1));
#11166=CARTESIAN_POINT('',(9.652748421584E0,9.051339442586E1,
-3.527850189685E1));
#11167=CARTESIAN_POINT('',(9.660751429639E0,9.130268901648E1,
-3.526711117903E1));
#11168=CARTESIAN_POINT('',(9.668754437695E0,9.209198360710E1,
-3.525572046120E1));
#11169=CARTESIAN_POINT('',(1.014421911577E1,8.971066243440E1,
-3.555412328682E1));
#11170=CARTESIAN_POINT('',(1.014965807017E1,9.049995702502E1,
-3.554137613798E1));
#11171=CARTESIAN_POINT('',(1.015509702458E1,9.128925161564E1,
-3.552862898915E1));
#11172=CARTESIAN_POINT('',(1.016053597899E1,9.207854620626E1,
-3.551588184031E1));
#11173=CARTESIAN_POINT('',(1.056345629692E1,8.969886693735E1,
-3.568415129236E1));
#11174=CARTESIAN_POINT('',(1.056674309272E1,9.048816152797E1,
-3.567073664336E1));
#11175=CARTESIAN_POINT('',(1.057002988853E1,9.127745611859E1,
-3.565732199435E1));
#11176=CARTESIAN_POINT('',(1.057331668434E1,9.206675070921E1,
-3.564390734535E1));
#11177=CARTESIAN_POINT('',(1.088627255830E1,8.968952217153E1,
-3.574251211721E1));
#11178=CARTESIAN_POINT('',(1.088790217334E1,9.047881676215E1,
-3.572879787228E1));
#11179=CARTESIAN_POINT('',(1.088953178838E1,9.126811135277E1,
-3.571508362734E1));
#11180=CARTESIAN_POINT('',(1.089116140342E1,9.205740594339E1,
-3.570136938241E1));
#11181=CARTESIAN_POINT('',(1.120594064793E1,8.968000492345E1,
-3.576102237069E1));
#11182=CARTESIAN_POINT('',(1.120592924338E1,9.046929951407E1,
-3.574721310317E1));
#11183=CARTESIAN_POINT('',(1.120591783882E1,9.125859410469E1,
-3.573340383565E1));
#11184=CARTESIAN_POINT('',(1.120590643427E1,9.204788869531E1,
-3.571959456814E1));
#11185=CARTESIAN_POINT('',(1.152579438490E1,8.967022500490E1,
-3.574203309007E1));
#11186=CARTESIAN_POINT('',(1.152414100773E1,9.045951959552E1,
-3.572832130423E1));
#11187=CARTESIAN_POINT('',(1.152248763056E1,9.124881418614E1,
-3.571460951839E1));
#11188=CARTESIAN_POINT('',(1.152083425339E1,9.203810877676E1,
-3.570089773255E1));
#11189=CARTESIAN_POINT('',(1.185212911396E1,8.965997638385E1,
-3.568232518013E1));
#11190=CARTESIAN_POINT('',(1.184880049393E1,9.044927097447E1,
-3.566891990549E1));
#11191=CARTESIAN_POINT('',(1.184547187391E1,9.123856556509E1,
-3.565551463085E1));
#11192=CARTESIAN_POINT('',(1.184214325388E1,9.202786015571E1,
-3.564210935621E1));
#11193=CARTESIAN_POINT('',(1.227509542182E1,8.964634402518E1,
-3.554926615414E1));
#11194=CARTESIAN_POINT('',(1.226959549968E1,9.043563861580E1,
-3.553654393945E1));
#11195=CARTESIAN_POINT('',(1.226409557754E1,9.122493320642E1,
-3.552382172476E1));
#11196=CARTESIAN_POINT('',(1.225859565540E1,9.201422779704E1,
-3.551109951007E1));
#11197=CARTESIAN_POINT('',(1.277131193716E1,8.962973502432E1,
-3.528301249751E1));
#11198=CARTESIAN_POINT('',(1.276326468217E1,9.041902961494E1,
-3.527165709884E1));
#11199=CARTESIAN_POINT('',(1.275521742718E1,9.120832420556E1,
-3.526030170018E1));
#11200=CARTESIAN_POINT('',(1.274717017220E1,9.199761879618E1,
-3.524894630151E1));
#11201=CARTESIAN_POINT('',(1.317337810814E1,8.961571054792E1,
-3.491568243357E1));
#11202=CARTESIAN_POINT('',(1.316326684212E1,9.040500513854E1,
-3.490621272775E1));
#11203=CARTESIAN_POINT('',(1.315315557610E1,9.119429972916E1,
-3.489674302194E1));
#11204=CARTESIAN_POINT('',(1.314304431008E1,9.198359431978E1,
-3.488727331612E1));
#11205=CARTESIAN_POINT('',(1.343238554014E1,8.960648474311E1,
-3.457744418676E1));
#11206=CARTESIAN_POINT('',(1.342094465667E1,9.039577933373E1,
-3.456971083064E1));
#11207=CARTESIAN_POINT('',(1.340950377319E1,9.118507392435E1,
-3.456197747452E1));
#11208=CARTESIAN_POINT('',(1.339806288972E1,9.197436851497E1,
-3.455424411840E1));
#11209=CARTESIAN_POINT('',(1.359452890014E1,8.960063517366E1,
-3.430411321825E1));
#11210=CARTESIAN_POINT('',(1.358225565198E1,9.038992976428E1,
-3.429778300961E1));
#11211=CARTESIAN_POINT('',(1.356998240382E1,9.117922435490E1,
-3.429145280097E1));
#11212=CARTESIAN_POINT('',(1.355770915565E1,9.196851894552E1,
-3.428512259233E1));
#11213=CARTESIAN_POINT('',(1.372442510290E1,8.959590053399E1,
-3.401074393196E1));
#11214=CARTESIAN_POINT('',(1.371148503118E1,9.038519512461E1,
-3.400591973773E1));
#11215=CARTESIAN_POINT('',(1.369854495945E1,9.117448971523E1,
-3.400109554349E1));
#11216=CARTESIAN_POINT('',(1.368560488773E1,9.196378430585E1,
-3.399627134925E1));
#11217=CARTESIAN_POINT('',(1.381831026321E1,8.959245134602E1,
-3.370391744811E1));
#11218=CARTESIAN_POINT('',(1.380488823100E1,9.038174593664E1,
-3.370066835094E1));
#11219=CARTESIAN_POINT('',(1.379146619879E1,9.117104052726E1,
-3.369741925378E1));
#11220=CARTESIAN_POINT('',(1.377804416658E1,9.196033511788E1,
-3.369417015661E1));
#11221=CARTESIAN_POINT('',(1.387462848995E1,8.959037145999E1,
-3.339081180337E1));
#11222=CARTESIAN_POINT('',(1.386091734752E1,9.037966605061E1,
-3.338917003741E1));
#11223=CARTESIAN_POINT('',(1.384720620509E1,9.116896064123E1,
-3.338752827146E1));
#11224=CARTESIAN_POINT('',(1.383349506265E1,9.195825523185E1,
-3.338588650551E1));
#11225=CARTESIAN_POINT('',(1.389190594782E1,8.958973160482E1,
-3.310655677629E1));
#11226=CARTESIAN_POINT('',(1.387810611137E1,9.037902619544E1,
-3.310637423659E1));
#11227=CARTESIAN_POINT('',(1.386430627491E1,9.116832078606E1,
-3.310619169689E1));
#11228=CARTESIAN_POINT('',(1.385050643846E1,9.195761537668E1,
-3.310600915719E1));
#11229=CARTESIAN_POINT('',(1.388446837031E1,8.959000683890E1,
-3.292157677813E1));
#11230=CARTESIAN_POINT('',(1.387070671475E1,9.037930142953E1,
-3.292234383525E1));
#11231=CARTESIAN_POINT('',(1.385694505918E1,9.116859602015E1,
-3.292311089237E1));
#11232=CARTESIAN_POINT('',(1.384318340361E1,9.195789061077E1,
-3.292387794949E1));
#11233=CARTESIAN_POINT('',(1.387833205976E1,8.959023426002E1,
-3.284472937790E1));
#11234=CARTESIAN_POINT('',(1.386460190501E1,9.037952885064E1,
-3.284589093198E1));
#11235=CARTESIAN_POINT('',(1.385087175026E1,9.116882344126E1,
-3.284705248606E1));
#11236=CARTESIAN_POINT('',(1.383714159551E1,9.195811803188E1,
-3.284821404014E1));
#11237=B_SPLINE_SURFACE_WITH_KNOTS('',3,3,((#11133,#11134,#11135,#11136),
(#11137,#11138,#11139,#11140),(#11141,#11142,#11143,#11144),(#11145,#11146,
#11147,#11148),(#11149,#11150,#11151,#11152),(#11153,#11154,#11155,#11156),(
#11157,#11158,#11159,#11160),(#11161,#11162,#11163,#11164),(#11165,#11166,
#11167,#11168),(#11169,#11170,#11171,#11172),(#11173,#11174,#11175,#11176),(
#11177,#11178,#11179,#11180),(#11181,#11182,#11183,#11184),(#11185,#11186,
#11187,#11188),(#11189,#11190,#11191,#11192),(#11193,#11194,#11195,#11196),(
#11197,#11198,#11199,#11200),(#11201,#11202,#11203,#11204),(#11205,#11206,
#11207,#11208),(#11209,#11210,#11211,#11212),(#11213,#11214,#11215,#11216),(
#11217,#11218,#11219,#11220),(#11221,#11222,#11223,#11224),(#11225,#11226,
#11227,#11228),(#11229,#11230,#11231,#11232),(#11233,#11234,#11235,#11236)),
.UNSPECIFIED.,.F.,.F.,.F.,(4,1,1,1,1,1,1,1,1,1,1,1,1,1,1,1,1,1,1,1,1,1,1,4),(4,
4),(-2.557382207057E-2,0.E0,3.846153846154E-2,7.692307692308E-2,
1.153846153846E-1,1.538461538462E-1,2.307692307692E-1,3.076923076923E-1,
3.846153846154E-1,4.230769230769E-1,4.615384615385E-1,5.E-1,5.384615384615E-1,
5.769230769231E-1,6.153846153846E-1,6.923076923077E-1,7.692307692308E-1,
8.076923076923E-1,8.461538461538E-1,8.846153846154E-1,9.230769230769E-1,
9.615384615385E-1,1.E0,1.026378073023E0),(-1.163716044881E0,2.603581518687E-1),
.UNSPECIFIED.);
#11238=ORIENTED_EDGE('',*,*,#8188,.T.);
#11240=ORIENTED_EDGE('',*,*,#11239,.F.);
#11241=ORIENTED_EDGE('',*,*,#9855,.T.);
#11243=ORIENTED_EDGE('',*,*,#11242,.T.);
#11244=EDGE_LOOP('',(#11238,#11240,#11241,#11243));
#11245=FACE_OUTER_BOUND('',#11244,.F.);
#11246=ADVANCED_FACE('',(#11245),#11237,.T.);
#11247=CARTESIAN_POINT('',(1.387885740229E1,8.959021509869E1,
-3.329071652946E1));
#11248=CARTESIAN_POINT('',(1.386512455068E1,9.037950969001E1,
-3.328958860368E1));
#11249=CARTESIAN_POINT('',(1.385139169907E1,9.116880428132E1,
-3.328846067789E1));
#11250=CARTESIAN_POINT('',(1.383765884745E1,9.195809887264E1,
-3.328733275211E1));
#11251=CARTESIAN_POINT('',(1.388464125328E1,8.959000064112E1,
-3.321611978405E1));
#11252=CARTESIAN_POINT('',(1.387087871021E1,9.037929523244E1,
-3.321537480147E1));
#11253=CARTESIAN_POINT('',(1.385711616713E1,9.116858982376E1,
-3.321462981888E1));
#11254=CARTESIAN_POINT('',(1.384335362406E1,9.195788441508E1,
-3.321388483630E1));
#11255=CARTESIAN_POINT('',(1.389178407273E1,8.958973606436E1,
-3.303314188550E1));
#11256=CARTESIAN_POINT('',(1.387798486192E1,9.037903065567E1,
-3.303333622194E1));
#11257=CARTESIAN_POINT('',(1.386418565110E1,9.116832524699E1,
-3.303353055837E1));
#11258=CARTESIAN_POINT('',(1.385038644029E1,9.195761983831E1,
-3.303372489481E1));
#11259=CARTESIAN_POINT('',(1.387459231826E1,8.959037236942E1,
-3.275073295630E1));
#11260=CARTESIAN_POINT('',(1.386088136150E1,9.037966696074E1,
-3.275237704203E1));
#11261=CARTESIAN_POINT('',(1.384717040475E1,9.116896155206E1,
-3.275402112776E1));
#11262=CARTESIAN_POINT('',(1.383345944799E1,9.195825614338E1,
-3.275566521348E1));
#11263=CARTESIAN_POINT('',(1.381812754219E1,8.959245719754E1,
-3.243735538360E1));
#11264=CARTESIAN_POINT('',(1.380470644797E1,9.038175178886E1,
-3.244060819649E1));
#11265=CARTESIAN_POINT('',(1.379128535375E1,9.117104638018E1,
-3.244386100937E1));
#11266=CARTESIAN_POINT('',(1.377786425953E1,9.196034097150E1,
-3.244711382226E1));
#11267=CARTESIAN_POINT('',(1.372433135685E1,8.959590272093E1,
-3.213104829390E1));
#11268=CARTESIAN_POINT('',(1.371139176636E1,9.038519731225E1,
-3.213587353754E1));
#11269=CARTESIAN_POINT('',(1.369845217587E1,9.117449190357E1,
-3.214069878118E1));
#11270=CARTESIAN_POINT('',(1.368551258539E1,9.196378649489E1,
-3.214552402482E1));
#11271=CARTESIAN_POINT('',(1.355128529827E1,8.960220926489E1,
-3.174028688428E1));
#11272=CARTESIAN_POINT('',(1.353923404160E1,9.039150385621E1,
-3.174711810585E1));
#11273=CARTESIAN_POINT('',(1.352718278492E1,9.118079844752E1,
-3.175394932741E1));
#11274=CARTESIAN_POINT('',(1.351513152824E1,9.197009303884E1,
-3.176078054898E1));
#11275=CARTESIAN_POINT('',(1.325284864303E1,8.961293776758E1,
-3.129811389550E1));
#11276=CARTESIAN_POINT('',(1.324232941415E1,9.040223235890E1,
-3.130721501688E1));
#11277=CARTESIAN_POINT('',(1.323181018527E1,9.119152695021E1,
-3.131631613826E1));
#11278=CARTESIAN_POINT('',(1.322129095639E1,9.198082154153E1,
-3.132541725964E1));
#11279=CARTESIAN_POINT('',(1.276306938539E1,8.963001712088E1,
-3.085238150245E1));
#11280=CARTESIAN_POINT('',(1.275506444362E1,9.041931171220E1,
-3.086377079590E1));
#11281=CARTESIAN_POINT('',(1.274705950186E1,9.120860630352E1,
-3.087516008934E1));
#11282=CARTESIAN_POINT('',(1.273905456009E1,9.199790089484E1,
-3.088654938278E1));
#11283=CARTESIAN_POINT('',(1.226371815812E1,8.964671380839E1,
-3.058808921298E1));
#11284=CARTESIAN_POINT('',(1.225827664128E1,9.043600839970E1,
-3.060083525375E1));
#11285=CARTESIAN_POINT('',(1.225283512444E1,9.122530299102E1,
-3.061358129451E1));
#11286=CARTESIAN_POINT('',(1.224739360760E1,9.201459758234E1,
-3.062632733528E1));
#11287=CARTESIAN_POINT('',(1.184453415664E1,8.966021328209E1,
-3.045798125476E1));
#11288=CARTESIAN_POINT('',(1.184124452541E1,9.044950787341E1,
-3.047139520614E1));
#11289=CARTESIAN_POINT('',(1.183795489417E1,9.123880246473E1,
-3.048480915752E1));
#11290=CARTESIAN_POINT('',(1.183466526293E1,9.202809705605E1,
-3.049822310890E1));
#11291=CARTESIAN_POINT('',(1.152173761795E1,8.967034656206E1,
-3.039955273712E1));
#11292=CARTESIAN_POINT('',(1.152010506624E1,9.045964115338E1,
-3.041326663192E1));
#11293=CARTESIAN_POINT('',(1.151847251453E1,9.124893574470E1,
-3.042698052673E1));
#11294=CARTESIAN_POINT('',(1.151683996281E1,9.203823033602E1,
-3.044069442153E1));
#11295=CARTESIAN_POINT('',(1.120207435159E1,8.968011789582E1,
-3.038097369114E1));
#11296=CARTESIAN_POINT('',(1.120208279471E1,9.046941248714E1,
-3.039478296167E1));
#11297=CARTESIAN_POINT('',(1.120209123783E1,9.125870707846E1,
-3.040859223221E1));
#11298=CARTESIAN_POINT('',(1.120209968095E1,9.204800166978E1,
-3.042240150275E1));
#11299=CARTESIAN_POINT('',(1.088220588276E1,8.968963839513E1,
-3.039989517394E1));
#11300=CARTESIAN_POINT('',(1.088385637413E1,9.047893298645E1,
-3.041360731085E1));
#11301=CARTESIAN_POINT('',(1.088550686549E1,9.126822757777E1,
-3.042731944775E1));
#11302=CARTESIAN_POINT('',(1.088715735685E1,9.205752216909E1,
-3.044103158465E1));
#11303=CARTESIAN_POINT('',(1.055583837800E1,8.969908184053E1,
-3.045953902349E1));
#11304=CARTESIAN_POINT('',(1.055916428048E1,9.048837643185E1,
-3.047294497804E1));
#11305=CARTESIAN_POINT('',(1.056249018295E1,9.127767102317E1,
-3.048635093260E1));
#11306=CARTESIAN_POINT('',(1.056581608543E1,9.206696561449E1,
-3.049975688715E1));
#11307=CARTESIAN_POINT('',(1.013280286541E1,8.971097345944E1,
-3.059252716622E1));
#11308=CARTESIAN_POINT('',(1.013830042527E1,9.050026805076E1,
-3.060525042471E1));
#11309=CARTESIAN_POINT('',(1.014379798513E1,9.128956264208E1,
-3.061797368319E1));
#11310=CARTESIAN_POINT('',(1.014929554498E1,9.207885723340E1,
-3.063069694168E1));
#11311=CARTESIAN_POINT('',(9.636446656581E0,8.972431052317E1,
-3.085874274058E1));
#11312=CARTESIAN_POINT('',(9.644492266401E0,9.051360511449E1,
-3.087009937854E1));
#11313=CARTESIAN_POINT('',(9.652537876222E0,9.130289970581E1,
-3.088145601649E1));
#11314=CARTESIAN_POINT('',(9.660583486043E0,9.209219429713E1,
-3.089281265445E1));
#11315=CARTESIAN_POINT('',(9.234249869987E0,8.973455097588E1,
-3.122610326098E1));
#11316=CARTESIAN_POINT('',(9.244360161360E0,9.052384556720E1,
-3.123557404973E1));
#11317=CARTESIAN_POINT('',(9.254470452734E0,9.131314015852E1,
-3.124504483849E1));
#11318=CARTESIAN_POINT('',(9.264580744108E0,9.210243474984E1,
-3.125451562724E1));
#11319=CARTESIAN_POINT('',(8.975166962336E0,8.974095641410E1,
-3.156437949800E1));
#11320=CARTESIAN_POINT('',(8.986607258618E0,9.053025100541E1,
-3.157211374203E1));
#11321=CARTESIAN_POINT('',(8.998047554899E0,9.131954559673E1,
-3.157984798607E1));
#11322=CARTESIAN_POINT('',(9.009487851181E0,9.210884018805E1,
-3.158758223010E1));
#11323=CARTESIAN_POINT('',(8.812978264432E0,8.974489236028E1,
-3.183774503984E1));
#11324=CARTESIAN_POINT('',(8.825251158148E0,9.053418695160E1,
-3.184407595890E1));
#11325=CARTESIAN_POINT('',(8.837524051864E0,9.132348154292E1,
-3.185040687797E1));
#11326=CARTESIAN_POINT('',(8.849796945579E0,9.211277613424E1,
-3.185673779704E1));
#11327=CARTESIAN_POINT('',(8.683047228426E0,8.974799718180E1,
-3.213115531397E1));
#11328=CARTESIAN_POINT('',(8.695987124520E0,9.053729177312E1,
-3.213598000823E1));
#11329=CARTESIAN_POINT('',(8.708927020614E0,9.132658636444E1,
-3.214080470248E1));
#11330=CARTESIAN_POINT('',(8.721866916708E0,9.211588095576E1,
-3.214562939673E1));
#11331=CARTESIAN_POINT('',(8.589140022929E0,8.975021419987E1,
-3.243802227850E1));
#11332=CARTESIAN_POINT('',(8.602561992677E0,9.053950879119E1,
-3.244127166787E1));
#11333=CARTESIAN_POINT('',(8.615983962426E0,9.132880338251E1,
-3.244452105724E1));
#11334=CARTESIAN_POINT('',(8.629405932175E0,9.211809797383E1,
-3.244777044662E1));
#11335=CARTESIAN_POINT('',(8.532811453993E0,8.975153337824E1,
-3.275116023290E1));
#11336=CARTESIAN_POINT('',(8.546522587060E0,9.054082796956E1,
-3.275280212520E1));
#11337=CARTESIAN_POINT('',(8.560233720126E0,9.133012256088E1,
-3.275444401749E1));
#11338=CARTESIAN_POINT('',(8.573944853193E0,9.211941715220E1,
-3.275608590979E1));
#11339=CARTESIAN_POINT('',(8.515531887482E0,8.975193653108E1,
-3.303543191836E1));
#11340=CARTESIAN_POINT('',(8.529331725390E0,9.054123112240E1,
-3.303561449888E1));
#11341=CARTESIAN_POINT('',(8.543131563298E0,9.133052571372E1,
-3.303579707941E1));
#11342=CARTESIAN_POINT('',(8.556931401206E0,9.211982030504E1,
-3.303597965994E1));
#11343=CARTESIAN_POINT('',(8.522969702895E0,8.975176320793E1,
-3.322041888575E1));
#11344=CARTESIAN_POINT('',(8.536731358697E0,9.054105779925E1,
-3.321965183368E1));
#11345=CARTESIAN_POINT('',(8.550493014499E0,9.133035239057E1,
-3.321888478161E1));
#11346=CARTESIAN_POINT('',(8.564254670301E0,9.211964698189E1,
-3.321811772954E1));
#11347=CARTESIAN_POINT('',(8.529105792437E0,8.975162045656E1,
-3.329726547013E1));
#11348=CARTESIAN_POINT('',(8.542835948558E0,9.054091504788E1,
-3.329610392528E1));
#11349=CARTESIAN_POINT('',(8.556566104678E0,9.133020963920E1,
-3.329494238044E1));
#11350=CARTESIAN_POINT('',(8.570296260798E0,9.211950423052E1,
-3.329378083560E1));
#11351=B_SPLINE_SURFACE_WITH_KNOTS('',3,3,((#11247,#11248,#11249,#11250),
(#11251,#11252,#11253,#11254),(#11255,#11256,#11257,#11258),(#11259,#11260,
#11261,#11262),(#11263,#11264,#11265,#11266),(#11267,#11268,#11269,#11270),(
#11271,#11272,#11273,#11274),(#11275,#11276,#11277,#11278),(#11279,#11280,
#11281,#11282),(#11283,#11284,#11285,#11286),(#11287,#11288,#11289,#11290),(
#11291,#11292,#11293,#11294),(#11295,#11296,#11297,#11298),(#11299,#11300,
#11301,#11302),(#11303,#11304,#11305,#11306),(#11307,#11308,#11309,#11310),(
#11311,#11312,#11313,#11314),(#11315,#11316,#11317,#11318),(#11319,#11320,
#11321,#11322),(#11323,#11324,#11325,#11326),(#11327,#11328,#11329,#11330),(
#11331,#11332,#11333,#11334),(#11335,#11336,#11337,#11338),(#11339,#11340,
#11341,#11342),(#11343,#11344,#11345,#11346),(#11347,#11348,#11349,#11350)),
.UNSPECIFIED.,.F.,.F.,.F.,(4,1,1,1,1,1,1,1,1,1,1,1,1,1,1,1,1,1,1,1,1,1,1,4),(4,
4),(-2.557747636340E-2,0.E0,3.846153846154E-2,7.692307692308E-2,
1.153846153846E-1,1.538461538462E-1,2.307692307692E-1,3.076923076923E-1,
3.846153846154E-1,4.230769230769E-1,4.615384615385E-1,5.E-1,5.384615384615E-1,
5.769230769231E-1,6.153846153846E-1,6.923076923077E-1,7.692307692308E-1,
8.076923076923E-1,8.461538461538E-1,8.846153846154E-1,9.230769230769E-1,
9.615384615385E-1,1.E0,1.026376010171E0),(-1.163716044881E0,2.603581531302E-1),
.UNSPECIFIED.);
#11352=ORIENTED_EDGE('',*,*,#8190,.T.);
#11353=ORIENTED_EDGE('',*,*,#11242,.F.);
#11354=ORIENTED_EDGE('',*,*,#9857,.T.);
#11355=ORIENTED_EDGE('',*,*,#11239,.T.);
#11356=EDGE_LOOP('',(#11352,#11353,#11354,#11355));
#11357=FACE_OUTER_BOUND('',#11356,.F.);
#11358=ADVANCED_FACE('',(#11357),#11351,.T.);
#11359=CARTESIAN_POINT('',(-1.297522283684E1,8.961159725991E1,
-3.284808400621E1));
#11360=CARTESIAN_POINT('',(-1.296127335333E1,9.041637680666E1,
-3.284979954642E1));
#11361=CARTESIAN_POINT('',(-1.294732386982E1,9.122115635342E1,
-3.285151508662E1));
#11362=CARTESIAN_POINT('',(-1.293337438631E1,9.202593590018E1,
-3.285323062683E1));
#11363=CARTESIAN_POINT('',(-1.298354519372E1,8.961116314583E1,
-3.292644591402E1));
#11364=CARTESIAN_POINT('',(-1.296952999105E1,9.041594269260E1,
-3.292756990313E1));
#11365=CARTESIAN_POINT('',(-1.295551478839E1,9.122072223937E1,
-3.292869389224E1));
#11366=CARTESIAN_POINT('',(-1.294149958572E1,9.202550178613E1,
-3.292981788136E1));
#11367=CARTESIAN_POINT('',(-1.299182287506E1,8.961073391464E1,
-3.307509950321E1));
#11368=CARTESIAN_POINT('',(-1.297774241959E1,9.041551346142E1,
-3.307507403926E1));
#11369=CARTESIAN_POINT('',(-1.296366196413E1,9.122029300819E1,
-3.307504857531E1));
#11370=CARTESIAN_POINT('',(-1.294958150867E1,9.202507255496E1,
-3.307502311135E1));
#11371=CARTESIAN_POINT('',(-1.297909186097E1,8.961139451458E1,
-3.328345035683E1));
#11372=CARTESIAN_POINT('',(-1.296511176380E1,9.041617406135E1,
-3.328177539328E1));
#11373=CARTESIAN_POINT('',(-1.295113166663E1,9.122095360811E1,
-3.328010042972E1));
#11374=CARTESIAN_POINT('',(-1.293715156946E1,9.202573315488E1,
-3.327842546617E1));
#11375=CARTESIAN_POINT('',(-1.294148056314E1,8.961332975672E1,
-3.349245785734E1));
#11376=CARTESIAN_POINT('',(-1.292779622435E1,9.041810930349E1,
-3.348914092519E1));
#11377=CARTESIAN_POINT('',(-1.291411188556E1,9.122288885026E1,
-3.348582399304E1));
#11378=CARTESIAN_POINT('',(-1.290042754677E1,9.202766839703E1,
-3.348250706088E1));
#11379=CARTESIAN_POINT('',(-1.287920670069E1,8.961652652552E1,
-3.369575376433E1));
#11380=CARTESIAN_POINT('',(-1.286601277162E1,9.042130607228E1,
-3.369083528981E1));
#11381=CARTESIAN_POINT('',(-1.285281884255E1,9.122608561905E1,
-3.368591681528E1));
#11382=CARTESIAN_POINT('',(-1.283962491348E1,9.203086516582E1,
-3.368099834076E1));
#11383=CARTESIAN_POINT('',(-1.276369447232E1,8.962237391468E1,
-3.395645257185E1));
#11384=CARTESIAN_POINT('',(-1.275140628171E1,9.042715346147E1,
-3.394948804297E1));
#11385=CARTESIAN_POINT('',(-1.273911809110E1,9.123193300827E1,
-3.394252351408E1));
#11386=CARTESIAN_POINT('',(-1.272682990048E1,9.203671255506E1,
-3.393555898519E1));
#11387=CARTESIAN_POINT('',(-1.256587314274E1,8.963231010954E1,
-3.424905714840E1));
#11388=CARTESIAN_POINT('',(-1.255514703181E1,9.043708965631E1,
-3.423977834854E1));
#11389=CARTESIAN_POINT('',(-1.254442092089E1,9.124186920307E1,
-3.423049954868E1));
#11390=CARTESIAN_POINT('',(-1.253369480997E1,9.204664874983E1,
-3.422122074883E1));
#11391=CARTESIAN_POINT('',(-1.224094114E1,8.964808866059E1,-3.454553625124E1));
#11392=CARTESIAN_POINT('',(-1.223277654953E1,9.045286820732E1,
-3.453392525616E1));
#11393=CARTESIAN_POINT('',(-1.222461195905E1,9.125764775406E1,
-3.452231426108E1));
#11394=CARTESIAN_POINT('',(-1.221644736858E1,9.206242730079E1,
-3.451070326600E1));
#11395=CARTESIAN_POINT('',(-1.190618027812E1,8.966345877109E1,
-3.472218205369E1));
#11396=CARTESIAN_POINT('',(-1.190063107969E1,9.046823831795E1,
-3.470918643100E1));
#11397=CARTESIAN_POINT('',(-1.189508188126E1,9.127301786481E1,
-3.469619080832E1));
#11398=CARTESIAN_POINT('',(-1.188953268283E1,9.207779741167E1,
-3.468319518563E1));
#11399=CARTESIAN_POINT('',(-1.163015651286E1,8.967584444533E1,
-3.480773848107E1));
#11400=CARTESIAN_POINT('',(-1.162679939363E1,9.048062399207E1,
-3.479406211412E1));
#11401=CARTESIAN_POINT('',(-1.162344227439E1,9.128540353882E1,
-3.478038574717E1));
#11402=CARTESIAN_POINT('',(-1.162008515515E1,9.209018308557E1,
-3.476670938022E1));
#11403=CARTESIAN_POINT('',(-1.141405192110E1,8.968512004299E1,
-3.484690967870E1));
#11404=CARTESIAN_POINT('',(-1.141238538881E1,9.048989958981E1,
-3.483292691677E1));
#11405=CARTESIAN_POINT('',(-1.141071885653E1,9.129467913663E1,
-3.481894415485E1));
#11406=CARTESIAN_POINT('',(-1.140905232424E1,9.209945868345E1,
-3.480496139292E1));
#11407=CARTESIAN_POINT('',(-1.120199606263E1,8.969404200093E1,
-3.485899927052E1));
#11408=CARTESIAN_POINT('',(-1.120200265628E1,9.049882154773E1,
-3.484491914003E1));
#11409=CARTESIAN_POINT('',(-1.120200924993E1,9.130360109453E1,
-3.483083900954E1));
#11410=CARTESIAN_POINT('',(-1.120201584358E1,9.210838064133E1,
-3.481675887905E1));
#11411=CARTESIAN_POINT('',(-1.099049139859E1,8.970271258882E1,
-3.484660356538E1));
#11412=CARTESIAN_POINT('',(-1.099217127352E1,9.050749213557E1,
-3.483262198973E1));
#11413=CARTESIAN_POINT('',(-1.099385114845E1,9.131227168232E1,
-3.481864041409E1));
#11414=CARTESIAN_POINT('',(-1.099553102337E1,9.211705122907E1,
-3.480465883845E1));
#11415=CARTESIAN_POINT('',(-1.077165934860E1,8.971128890799E1,
-3.480648045533E1));
#11416=CARTESIAN_POINT('',(-1.077504973285E1,9.051606845480E1,
-3.479281134005E1));
#11417=CARTESIAN_POINT('',(-1.077844011710E1,9.132084800162E1,
-3.477914222476E1));
#11418=CARTESIAN_POINT('',(-1.078183050135E1,9.212562754843E1,
-3.476547310948E1));
#11419=CARTESIAN_POINT('',(-1.049319924123E1,8.972205655738E1,
-3.471891289646E1));
#11420=CARTESIAN_POINT('',(-1.049880077411E1,9.052683610408E1,
-3.470593842915E1));
#11421=CARTESIAN_POINT('',(-1.050440230700E1,9.133161565078E1,
-3.469296396184E1));
#11422=CARTESIAN_POINT('',(-1.051000383988E1,9.213639519749E1,
-3.467998949453E1));
#11423=CARTESIAN_POINT('',(-1.016012448804E1,8.973407496472E1,
-3.454037257972E1));
#11424=CARTESIAN_POINT('',(-1.016832882944E1,9.053885451152E1,
-3.452879366865E1));
#11425=CARTESIAN_POINT('',(-1.017653317085E1,9.134363405832E1,
-3.451721475758E1));
#11426=CARTESIAN_POINT('',(-1.018473751225E1,9.214841360511E1,
-3.450563584650E1));
#11427=CARTESIAN_POINT('',(-9.894761641558E0,8.974324689318E1,
-3.429741911428E1));
#11428=CARTESIAN_POINT('',(-9.905068134748E0,9.054802643994E1,
-3.428776014473E1));
#11429=CARTESIAN_POINT('',(-9.915374627938E0,9.135280598670E1,
-3.427810117518E1));
#11430=CARTESIAN_POINT('',(-9.925681121128E0,9.215758553346E1,
-3.426844220564E1));
#11431=CARTESIAN_POINT('',(-9.722142358556E0,8.974896399511E1,
-3.407211481063E1));
#11432=CARTESIAN_POINT('',(-9.733807016629E0,9.055374354189E1,
-3.406422864228E1));
#11433=CARTESIAN_POINT('',(-9.745471674703E0,9.135852308866E1,
-3.405634247393E1));
#11434=CARTESIAN_POINT('',(-9.757136332776E0,9.216330263544E1,
-3.404845630558E1));
#11435=CARTESIAN_POINT('',(-9.614642604359E0,8.975246897118E1,
-3.389084735204E1));
#11436=CARTESIAN_POINT('',(-9.627155566879E0,9.055724851795E1,
-3.388439086124E1));
#11437=CARTESIAN_POINT('',(-9.639668529399E0,9.136202806472E1,
-3.387793437043E1));
#11438=CARTESIAN_POINT('',(-9.652181491919E0,9.216680761149E1,
-3.387147787963E1));
#11439=CARTESIAN_POINT('',(-9.528141877789E0,8.975522846200E1,
-3.369553431228E1));
#11440=CARTESIAN_POINT('',(-9.541335646622E0,9.056000800877E1,
-3.369061497132E1));
#11441=CARTESIAN_POINT('',(-9.554529415455E0,9.136478755554E1,
-3.368569563036E1));
#11442=CARTESIAN_POINT('',(-9.567723184288E0,9.216956710231E1,
-3.368077628941E1));
#11443=CARTESIAN_POINT('',(-9.465767785913E0,8.975719575973E1,
-3.349169881605E1));
#11444=CARTESIAN_POINT('',(-9.479452798958E0,9.056197530650E1,
-3.348838445408E1));
#11445=CARTESIAN_POINT('',(-9.493137812003E0,9.136675485327E1,
-3.348507009211E1));
#11446=CARTESIAN_POINT('',(-9.506822825048E0,9.217153440004E1,
-3.348175573014E1));
#11447=CARTESIAN_POINT('',(-9.428327073081E0,8.975836496033E1,
-3.328312587170E1));
#11448=CARTESIAN_POINT('',(-9.442307295970E0,9.056314450710E1,
-3.328145248038E1));
#11449=CARTESIAN_POINT('',(-9.456287518859E0,9.136792405386E1,
-3.327977908906E1));
#11450=CARTESIAN_POINT('',(-9.470267741748E0,9.217270360063E1,
-3.327810569775E1));
#11451=CARTESIAN_POINT('',(-9.415299424193E0,8.975877091493E1,
-3.306968250342E1));
#11452=CARTESIAN_POINT('',(-9.429382382689E0,9.056355046170E1,
-3.306969969540E1));
#11453=CARTESIAN_POINT('',(-9.443465341186E0,9.136833000848E1,
-3.306971688737E1));
#11454=CARTESIAN_POINT('',(-9.457548299682E0,9.217310955525E1,
-3.306973407935E1));
#11455=CARTESIAN_POINT('',(-9.424545146277E0,8.975848249693E1,
-3.291542044216E1));
#11456=CARTESIAN_POINT('',(-9.438555193291E0,9.056326204369E1,
-3.291663087999E1));
#11457=CARTESIAN_POINT('',(-9.452565240305E0,9.136804159046E1,
-3.291784131782E1));
#11458=CARTESIAN_POINT('',(-9.466575287320E0,9.217282113723E1,
-3.291905175565E1));
#11459=CARTESIAN_POINT('',(-9.434222124471E0,8.975818111475E1,
-3.283063665905E1));
#11460=CARTESIAN_POINT('',(-9.448155850054E0,9.056296066151E1,
-3.283248630444E1));
#11461=CARTESIAN_POINT('',(-9.462089575637E0,9.136774020827E1,
-3.283433594983E1));
#11462=CARTESIAN_POINT('',(-9.476023301219E0,9.217251975503E1,
-3.283618559522E1));
#11463=B_SPLINE_SURFACE_WITH_KNOTS('',3,3,((#11359,#11360,#11361,#11362),
(#11363,#11364,#11365,#11366),(#11367,#11368,#11369,#11370),(#11371,#11372,
#11373,#11374),(#11375,#11376,#11377,#11378),(#11379,#11380,#11381,#11382),(
#11383,#11384,#11385,#11386),(#11387,#11388,#11389,#11390),(#11391,#11392,
#11393,#11394),(#11395,#11396,#11397,#11398),(#11399,#11400,#11401,#11402),(
#11403,#11404,#11405,#11406),(#11407,#11408,#11409,#11410),(#11411,#11412,
#11413,#11414),(#11415,#11416,#11417,#11418),(#11419,#11420,#11421,#11422),(
#11423,#11424,#11425,#11426),(#11427,#11428,#11429,#11430),(#11431,#11432,
#11433,#11434),(#11435,#11436,#11437,#11438),(#11439,#11440,#11441,#11442),(
#11443,#11444,#11445,#11446),(#11447,#11448,#11449,#11450),(#11451,#11452,
#11453,#11454),(#11455,#11456,#11457,#11458),(#11459,#11460,#11461,#11462)),
.UNSPECIFIED.,.F.,.F.,.F.,(4,1,1,1,1,1,1,1,1,1,1,1,1,1,1,1,1,1,1,1,1,1,1,4),(4,
4),(-3.764550525713E-2,0.E0,3.846153846154E-2,7.692307692308E-2,
1.153846153846E-1,1.538461538462E-1,2.307692307692E-1,3.076923076923E-1,
3.846153846154E-1,4.230769230769E-1,4.615384615385E-1,5.E-1,5.384615384615E-1,
5.769230769231E-1,6.153846153846E-1,6.923076923077E-1,7.692307692308E-1,
8.076923076923E-1,8.461538461538E-1,8.846153846154E-1,9.230769230769E-1,
9.615384615385E-1,1.E0,1.040578667122E0),(-1.174412548187E0,2.905799114259E-1),
.UNSPECIFIED.);
#11464=ORIENTED_EDGE('',*,*,#8182,.T.);
#11466=ORIENTED_EDGE('',*,*,#11465,.F.);
#11467=ORIENTED_EDGE('',*,*,#9861,.T.);
#11469=ORIENTED_EDGE('',*,*,#11468,.T.);
#11470=EDGE_LOOP('',(#11464,#11466,#11467,#11469));
#11471=FACE_OUTER_BOUND('',#11470,.F.);
#11472=ADVANCED_FACE('',(#11471),#11463,.T.);
#11473=CARTESIAN_POINT('',(-9.432214147406E0,8.975824309194E1,
-3.329392033680E1));
#11474=CARTESIAN_POINT('',(-9.446163477199E0,9.056302263870E1,
-3.329220341616E1));
#11475=CARTESIAN_POINT('',(-9.460112806991E0,9.136780218546E1,
-3.329048649553E1));
#11476=CARTESIAN_POINT('',(-9.474062136784E0,9.217258173222E1,
-3.328876957490E1));
#11477=CARTESIAN_POINT('',(-9.423892618312E0,8.975850296476E1,
-3.321555064235E1));
#11478=CARTESIAN_POINT('',(-9.437907770231E0,9.056328251153E1,
-3.321442575988E1));
#11479=CARTESIAN_POINT('',(-9.451922922150E0,9.136806205830E1,
-3.321330087742E1));
#11480=CARTESIAN_POINT('',(-9.465938074070E0,9.217284160507E1,
-3.321217599495E1));
#11481=CARTESIAN_POINT('',(-9.415616912543E0,8.975876120023E1,
-3.306691922734E1));
#11482=CARTESIAN_POINT('',(-9.429697409143E0,9.056354074700E1,
-3.306694452874E1));
#11483=CARTESIAN_POINT('',(-9.443777905743E0,9.136832029378E1,
-3.306696983013E1));
#11484=CARTESIAN_POINT('',(-9.457858402344E0,9.217309984055E1,
-3.306699513153E1));
#11485=CARTESIAN_POINT('',(-9.428340065692E0,8.975836374071E1,
-3.285862207082E1));
#11486=CARTESIAN_POINT('',(-9.442320100690E0,9.056314328748E1,-3.286029781E1));
#11487=CARTESIAN_POINT('',(-9.456300135687E0,9.136792283425E1,
-3.286197354919E1));
#11488=CARTESIAN_POINT('',(-9.470280170685E0,9.217270238101E1,
-3.286364928837E1));
#11489=CARTESIAN_POINT('',(-9.465925727298E0,8.975719087680E1,
-3.264968163413E1));
#11490=CARTESIAN_POINT('',(-9.479609726270E0,9.056197042357E1,
-3.265300010310E1));
#11491=CARTESIAN_POINT('',(-9.493293725242E0,9.136674997034E1,
-3.265631857206E1));
#11492=CARTESIAN_POINT('',(-9.506977724214E0,9.217152951711E1,
-3.265963704102E1));
#11493=CARTESIAN_POINT('',(-9.528159991717E0,8.975522484615E1,
-3.244644068554E1));
#11494=CARTESIAN_POINT('',(-9.541353119033E0,9.056000439292E1,
-3.245136140298E1));
#11495=CARTESIAN_POINT('',(-9.554546246348E0,9.136478393969E1,
-3.245628212043E1));
#11496=CARTESIAN_POINT('',(-9.567739373664E0,9.216956348647E1,
-3.246120283788E1));
#11497=CARTESIAN_POINT('',(-9.643608345914E0,8.975154750293E1,
-3.218579432469E1));
#11498=CARTESIAN_POINT('',(-9.655894890484E0,9.055632704969E1,
-3.219276190775E1));
#11499=CARTESIAN_POINT('',(-9.668181435053E0,9.136110659645E1,
-3.219972949082E1));
#11500=CARTESIAN_POINT('',(-9.680467979623E0,9.216588614321E1,
-3.220669707388E1));
#11501=CARTESIAN_POINT('',(-9.841320913041E0,8.974505805102E1,
-3.189323146026E1));
#11502=CARTESIAN_POINT('',(-9.852044028805E0,9.054983759782E1,
-3.190251389890E1));
#11503=CARTESIAN_POINT('',(-9.862767144568E0,9.135461714461E1,
-3.191179633754E1));
#11504=CARTESIAN_POINT('',(-9.873490260332E0,9.215939669140E1,
-3.192107877618E1));
#11505=CARTESIAN_POINT('',(-1.016614143779E1,8.973388040392E1,
-3.159671339957E1));
#11506=CARTESIAN_POINT('',(-1.017430105188E1,9.053865995073E1,
-3.160832801708E1));
#11507=CARTESIAN_POINT('',(-1.018246066597E1,9.134343949754E1,
-3.161994263459E1));
#11508=CARTESIAN_POINT('',(-1.019062028006E1,9.214821904436E1,
-3.163155725209E1));
#11509=CARTESIAN_POINT('',(-1.050082341500E1,8.972176936899E1,
-3.142000444921E1));
#11510=CARTESIAN_POINT('',(-1.050636622826E1,9.052654891570E1,-3.143300284E1));
#11511=CARTESIAN_POINT('',(-1.051190904152E1,9.133132846241E1,
-3.144600123079E1));
#11512=CARTESIAN_POINT('',(-1.051745185477E1,9.213610800912E1,
-3.145899962158E1));
#11513=CARTESIAN_POINT('',(-1.077679696003E1,8.971108747292E1,
-3.133437662029E1));
#11514=CARTESIAN_POINT('',(-1.078014699501E1,9.051586701974E1,
-3.134805472813E1));
#11515=CARTESIAN_POINT('',(-1.078349702999E1,9.132064656656E1,
-3.136173283598E1));
#11516=CARTESIAN_POINT('',(-1.078684706498E1,9.212542611337E1,
-3.137541094382E1));
#11517=CARTESIAN_POINT('',(-1.099287675004E1,8.970260028847E1,
-3.129514866247E1));
#11518=CARTESIAN_POINT('',(-1.099453590493E1,9.050737983523E1,
-3.130913230819E1));
#11519=CARTESIAN_POINT('',(-1.099619505982E1,9.131215938200E1,
-3.132311595391E1));
#11520=CARTESIAN_POINT('',(-1.099785421470E1,9.211693892876E1,
-3.133709959963E1));
#11521=CARTESIAN_POINT('',(-1.120492376012E1,8.969393237816E1,
-3.128299729953E1));
#11522=CARTESIAN_POINT('',(-1.120490970028E1,9.049871192494E1,
-3.129707742457E1));
#11523=CARTESIAN_POINT('',(-1.120489564044E1,9.130349147173E1,
-3.131115754961E1));
#11524=CARTESIAN_POINT('',(-1.120488158061E1,9.210827101851E1,
-3.132523767465E1));
#11525=CARTESIAN_POINT('',(-1.141643191905E1,8.968500238801E1,
-3.129532993573E1));
#11526=CARTESIAN_POINT('',(-1.141474471472E1,9.048978193484E1,
-3.130931061849E1));
#11527=CARTESIAN_POINT('',(-1.141305751040E1,9.129456148166E1,
-3.132329130125E1));
#11528=CARTESIAN_POINT('',(-1.141137030607E1,9.209934102849E1,
-3.133727198401E1));
#11529=CARTESIAN_POINT('',(-1.163528072379E1,8.967562094972E1,
-3.133539326159E1));
#11530=CARTESIAN_POINT('',(-1.163188337270E1,9.048040049646E1,
-3.134906064048E1));
#11531=CARTESIAN_POINT('',(-1.162848602161E1,9.128518004320E1,
-3.136272801936E1));
#11532=CARTESIAN_POINT('',(-1.162508867052E1,9.208995958995E1,
-3.137639539825E1));
#11533=CARTESIAN_POINT('',(-1.191378494106E1,8.966311269350E1,
-3.142288410136E1));
#11534=CARTESIAN_POINT('',(-1.190817721996E1,9.046789224034E1,
-3.143585584441E1));
#11535=CARTESIAN_POINT('',(-1.190256949886E1,9.127267178718E1,
-3.144882758746E1));
#11536=CARTESIAN_POINT('',(-1.189696177776E1,9.207745133401E1,
-3.146179933051E1));
#11537=CARTESIAN_POINT('',(-1.224692460907E1,8.964782247057E1,
-3.160134688957E1));
#11538=CARTESIAN_POINT('',(-1.223871558207E1,9.045260201725E1,
-3.161292235002E1));
#11539=CARTESIAN_POINT('',(-1.223050655507E1,9.125738156394E1,
-3.162449781047E1));
#11540=CARTESIAN_POINT('',(-1.222229752808E1,9.206216111062E1,
-3.163607327092E1));
#11541=CARTESIAN_POINT('',(-1.251238861414E1,8.963486672869E1,
-3.184426364835E1));
#11542=CARTESIAN_POINT('',(-1.250207902620E1,9.043964627548E1,
-3.185391921435E1));
#11543=CARTESIAN_POINT('',(-1.249176943826E1,9.124442582226E1,
-3.186357478035E1));
#11544=CARTESIAN_POINT('',(-1.248145985032E1,9.204920536904E1,
-3.187323034635E1));
#11545=CARTESIAN_POINT('',(-1.268509567047E1,8.962632949562E1,
-3.206958234506E1));
#11546=CARTESIAN_POINT('',(-1.267342900462E1,9.043110904240E1,
-3.207746549256E1));
#11547=CARTESIAN_POINT('',(-1.266176233877E1,9.123588858917E1,
-3.208534864007E1));
#11548=CARTESIAN_POINT('',(-1.265009567291E1,9.204066813594E1,
-3.209323178757E1));
#11549=CARTESIAN_POINT('',(-1.279265836075E1,8.962091107558E1,
-3.225087790996E1));
#11550=CARTESIAN_POINT('',(-1.278014409577E1,9.042569062236E1,
-3.225733180998E1));
#11551=CARTESIAN_POINT('',(-1.276762983080E1,9.123047016914E1,
-3.226378571001E1));
#11552=CARTESIAN_POINT('',(-1.275511556582E1,9.203524971593E1,
-3.227023961003E1));
#11553=CARTESIAN_POINT('',(-1.287921465865E1,8.961652192476E1,
-3.244623591779E1));
#11554=CARTESIAN_POINT('',(-1.286602017187E1,9.042130147153E1,
-3.245115324552E1));
#11555=CARTESIAN_POINT('',(-1.285282568509E1,9.122608101830E1,
-3.245607057325E1));
#11556=CARTESIAN_POINT('',(-1.283963119830E1,9.203086056507E1,
-3.246098790098E1));
#11557=CARTESIAN_POINT('',(-1.294163342950E1,8.961332260393E1,
-3.265013263415E1));
#11558=CARTESIAN_POINT('',(-1.292794811747E1,9.041810215070E1,
-3.265344563846E1));
#11559=CARTESIAN_POINT('',(-1.291426280543E1,9.122288169747E1,
-3.265675864276E1));
#11560=CARTESIAN_POINT('',(-1.290057749340E1,9.202766124423E1,
-3.266007164707E1));
#11561=CARTESIAN_POINT('',(-1.297910382893E1,8.961139281304E1,
-3.285878244581E1));
#11562=CARTESIAN_POINT('',(-1.296512355258E1,9.041617235981E1,
-3.286045516254E1));
#11563=CARTESIAN_POINT('',(-1.295114327622E1,9.122095190657E1,
-3.286212787928E1));
#11564=CARTESIAN_POINT('',(-1.293716299986E1,9.202573145334E1,
-3.286380059601E1));
#11565=CARTESIAN_POINT('',(-1.299214044425E1,8.961071778027E1,
-3.307228224489E1));
#11566=CARTESIAN_POINT('',(-1.297805753015E1,9.041549732705E1,
-3.307226532907E1));
#11567=CARTESIAN_POINT('',(-1.296397461605E1,9.122027687382E1,
-3.307224841326E1));
#11568=CARTESIAN_POINT('',(-1.294989170195E1,9.202505642059E1,
-3.307223149744E1));
#11569=CARTESIAN_POINT('',(-1.298289328836E1,8.961119690747E1,
-3.322656573088E1));
#11570=CARTESIAN_POINT('',(-1.296888317743E1,9.041597645424E1,
-3.322535633365E1));
#11571=CARTESIAN_POINT('',(-1.295487306649E1,9.122075600101E1,
-3.322414693642E1));
#11572=CARTESIAN_POINT('',(-1.294086295556E1,9.202553554778E1,
-3.322293753919E1));
#11573=CARTESIAN_POINT('',(-1.297321665477E1,8.961170032613E1,
-3.331133400722E1));
#11574=CARTESIAN_POINT('',(-1.295928273641E1,9.041647987289E1,
-3.330948596896E1));
#11575=CARTESIAN_POINT('',(-1.294534881804E1,9.122125941965E1,
-3.330763793071E1));
#11576=CARTESIAN_POINT('',(-1.293141489968E1,9.202603896641E1,
-3.330578989246E1));
#11577=B_SPLINE_SURFACE_WITH_KNOTS('',3,3,((#11473,#11474,#11475,#11476),
(#11477,#11478,#11479,#11480),(#11481,#11482,#11483,#11484),(#11485,#11486,
#11487,#11488),(#11489,#11490,#11491,#11492),(#11493,#11494,#11495,#11496),(
#11497,#11498,#11499,#11500),(#11501,#11502,#11503,#11504),(#11505,#11506,
#11507,#11508),(#11509,#11510,#11511,#11512),(#11513,#11514,#11515,#11516),(
#11517,#11518,#11519,#11520),(#11521,#11522,#11523,#11524),(#11525,#11526,
#11527,#11528),(#11529,#11530,#11531,#11532),(#11533,#11534,#11535,#11536),(
#11537,#11538,#11539,#11540),(#11541,#11542,#11543,#11544),(#11545,#11546,
#11547,#11548),(#11549,#11550,#11551,#11552),(#11553,#11554,#11555,#11556),(
#11557,#11558,#11559,#11560),(#11561,#11562,#11563,#11564),(#11565,#11566,
#11567,#11568),(#11569,#11570,#11571,#11572),(#11573,#11574,#11575,#11576)),
.UNSPECIFIED.,.F.,.F.,.F.,(4,1,1,1,1,1,1,1,1,1,1,1,1,1,1,1,1,1,1,1,1,1,1,4),(4,
4),(-3.765772882590E-2,0.E0,3.846153846154E-2,7.692307692308E-2,
1.153846153846E-1,1.538461538462E-1,2.307692307692E-1,3.076923076923E-1,
3.846153846154E-1,4.230769230769E-1,4.615384615385E-1,5.E-1,5.384615384615E-1,
5.769230769231E-1,6.153846153846E-1,6.923076923077E-1,7.692307692308E-1,
8.076923076923E-1,8.461538461538E-1,8.846153846154E-1,9.230769230769E-1,
9.615384615385E-1,1.E0,1.040560142452E0),(-1.174412548187E0,2.905799114259E-1),
.UNSPECIFIED.);
#11578=ORIENTED_EDGE('',*,*,#8184,.T.);
#11579=ORIENTED_EDGE('',*,*,#11468,.F.);
#11580=ORIENTED_EDGE('',*,*,#9863,.T.);
#11581=ORIENTED_EDGE('',*,*,#11465,.T.);
#11582=EDGE_LOOP('',(#11578,#11579,#11580,#11581));
#11583=FACE_OUTER_BOUND('',#11582,.F.);
#11584=ADVANCED_FACE('',(#11583),#11577,.T.);
#11585=CARTESIAN_POINT('',(-1.041666626930E0,0.E0,-2.796808511019E1));
#11586=DIRECTION('',(9.813591690599E-1,0.E0,1.921826769043E-1));
#11587=DIRECTION('',(1.921826769043E-1,0.E0,-9.813591690599E-1));
#11588=AXIS2_PLACEMENT_3D('',#11585,#11586,#11587);
#11589=PLANE('',#11588);
#11590=ORIENTED_EDGE('',*,*,#9867,.T.);
#11592=ORIENTED_EDGE('',*,*,#11591,.F.);
#11594=ORIENTED_EDGE('',*,*,#11593,.F.);
#11596=ORIENTED_EDGE('',*,*,#11595,.T.);
#11597=EDGE_LOOP('',(#11590,#11592,#11594,#11596));
#11598=FACE_OUTER_BOUND('',#11597,.F.);
#11599=ADVANCED_FACE('',(#11598),#11589,.F.);
#11600=CARTESIAN_POINT('',(-1.125E0,0.E0,-2.779787233472E1));
#11601=DIRECTION('',(8.981380447713E-1,0.E0,4.397136028534E-1));
#11602=DIRECTION('',(4.397136028534E-1,0.E0,-8.981380447713E-1));
#11603=AXIS2_PLACEMENT_3D('',#11600,#11601,#11602);
#11604=PLANE('',#11603);
#11605=ORIENTED_EDGE('',*,*,#9917,.T.);
#11607=ORIENTED_EDGE('',*,*,#11606,.F.);
#11609=ORIENTED_EDGE('',*,*,#11608,.F.);
#11610=ORIENTED_EDGE('',*,*,#11591,.T.);
#11611=EDGE_LOOP('',(#11605,#11607,#11609,#11610));
#11612=FACE_OUTER_BOUND('',#11611,.F.);
#11613=ADVANCED_FACE('',(#11612),#11604,.F.);
#11614=CARTESIAN_POINT('',(-1.291666626930E0,0.E0,-2.762765957415E1));
#11615=DIRECTION('',(7.145104988025E-1,0.E0,6.996247187608E-1));
#11616=DIRECTION('',(6.996247187608E-1,0.E0,-7.145104988025E-1));
#11617=AXIS2_PLACEMENT_3D('',#11614,#11615,#11616);
#11618=PLANE('',#11617);
#11619=ORIENTED_EDGE('',*,*,#9915,.T.);
#11621=ORIENTED_EDGE('',*,*,#11620,.F.);
#11623=ORIENTED_EDGE('',*,*,#11622,.F.);
#11624=ORIENTED_EDGE('',*,*,#11606,.T.);
#11625=EDGE_LOOP('',(#11619,#11621,#11623,#11624));
#11626=FACE_OUTER_BOUND('',#11625,.F.);
#11627=ADVANCED_FACE('',(#11626),#11618,.F.);
#11628=CARTESIAN_POINT('',(-1.458333373070E0,0.E0,-2.754255319014E1));
#11629=DIRECTION('',(4.547769889117E-1,0.E0,8.906053505096E-1));
#11630=DIRECTION('',(8.906053505096E-1,0.E0,-4.547769889117E-1));
#11631=AXIS2_PLACEMENT_3D('',#11628,#11629,#11630);
#11632=PLANE('',#11631);
#11633=ORIENTED_EDGE('',*,*,#9913,.T.);
#11635=ORIENTED_EDGE('',*,*,#11634,.F.);
#11637=ORIENTED_EDGE('',*,*,#11636,.F.);
#11638=ORIENTED_EDGE('',*,*,#11620,.T.);
#11639=EDGE_LOOP('',(#11633,#11635,#11637,#11638));
#11640=FACE_OUTER_BOUND('',#11639,.F.);
#11641=ADVANCED_FACE('',(#11640),#11632,.F.);
#11642=CARTESIAN_POINT('',(-1.666666686535E0,0.E0,-2.75E1));
#11643=DIRECTION('',(2.001233901988E-1,0.E0,9.797707021009E-1));
#11644=DIRECTION('',(9.797707021009E-1,0.E0,-2.001233901988E-1));
#11645=AXIS2_PLACEMENT_3D('',#11642,#11643,#11644);
#11646=PLANE('',#11645);
#11647=ORIENTED_EDGE('',*,*,#9911,.T.);
#11649=ORIENTED_EDGE('',*,*,#11648,.F.);
#11651=ORIENTED_EDGE('',*,*,#11650,.F.);
#11652=ORIENTED_EDGE('',*,*,#11634,.T.);
#11653=EDGE_LOOP('',(#11647,#11649,#11651,#11652));
#11654=FACE_OUTER_BOUND('',#11653,.F.);
#11655=ADVANCED_FACE('',(#11654),#11646,.F.);
#11656=CARTESIAN_POINT('',(-1.833333313465E0,0.E0,-2.75E1));
#11657=DIRECTION('',(0.E0,0.E0,1.E0));
#11658=DIRECTION('',(1.E0,0.E0,0.E0));
#11659=AXIS2_PLACEMENT_3D('',#11656,#11657,#11658);
#11660=PLANE('',#11659);
#11661=ORIENTED_EDGE('',*,*,#9909,.T.);
#11663=ORIENTED_EDGE('',*,*,#11662,.F.);
#11665=ORIENTED_EDGE('',*,*,#11664,.F.);
#11666=ORIENTED_EDGE('',*,*,#11648,.T.);
#11667=EDGE_LOOP('',(#11661,#11663,#11665,#11666));
#11668=FACE_OUTER_BOUND('',#11667,.F.);
#11669=ADVANCED_FACE('',(#11668),#11660,.F.);
#11670=CARTESIAN_POINT('',(-2.041666656733E0,0.E0,-2.754255319014E1));
#11671=DIRECTION('',(-2.001233627174E-1,0.E0,9.797707077141E-1));
#11672=DIRECTION('',(9.797707077141E-1,0.E0,2.001233627174E-1));
#11673=AXIS2_PLACEMENT_3D('',#11670,#11671,#11672);
#11674=PLANE('',#11673);
#11675=ORIENTED_EDGE('',*,*,#9907,.T.);
#11677=ORIENTED_EDGE('',*,*,#11676,.F.);
#11679=ORIENTED_EDGE('',*,*,#11678,.F.);
#11680=ORIENTED_EDGE('',*,*,#11662,.T.);
#11681=EDGE_LOOP('',(#11675,#11677,#11679,#11680));
#11682=FACE_OUTER_BOUND('',#11681,.F.);
#11683=ADVANCED_FACE('',(#11682),#11674,.F.);
#11684=CARTESIAN_POINT('',(-2.208333343267E0,0.E0,-2.762765957415E1));
#11685=DIRECTION('',(-4.547771179149E-1,0.E0,8.906052846357E-1));
#11686=DIRECTION('',(8.906052846357E-1,0.E0,4.547771179149E-1));
#11687=AXIS2_PLACEMENT_3D('',#11684,#11685,#11686);
#11688=PLANE('',#11687);
#11689=ORIENTED_EDGE('',*,*,#9905,.T.);
#11691=ORIENTED_EDGE('',*,*,#11690,.F.);
#11693=ORIENTED_EDGE('',*,*,#11692,.F.);
#11694=ORIENTED_EDGE('',*,*,#11676,.T.);
#11695=EDGE_LOOP('',(#11689,#11691,#11693,#11694));
#11696=FACE_OUTER_BOUND('',#11695,.F.);
#11697=ADVANCED_FACE('',(#11696),#11688,.F.);
#11698=CARTESIAN_POINT('',(-2.375E0,0.E0,-2.779787233472E1));
#11699=DIRECTION('',(-7.145104362650E-1,0.E0,6.996247826288E-1));
#11700=DIRECTION('',(6.996247826288E-1,0.E0,7.145104362650E-1));
#11701=AXIS2_PLACEMENT_3D('',#11698,#11699,#11700);
#11702=PLANE('',#11701);
#11703=ORIENTED_EDGE('',*,*,#9903,.T.);
#11705=ORIENTED_EDGE('',*,*,#11704,.F.);
#11707=ORIENTED_EDGE('',*,*,#11706,.F.);
#11708=ORIENTED_EDGE('',*,*,#11690,.T.);
#11709=EDGE_LOOP('',(#11703,#11705,#11707,#11708));
#11710=FACE_OUTER_BOUND('',#11709,.F.);
#11711=ADVANCED_FACE('',(#11710),#11702,.F.);
#11712=CARTESIAN_POINT('',(-2.458333332092E0,0.E0,-2.796808511019E1));
#11713=DIRECTION('',(-8.981381301632E-1,0.E0,4.397134284359E-1));
#11714=DIRECTION('',(4.397134284359E-1,0.E0,8.981381301632E-1));
#11715=AXIS2_PLACEMENT_3D('',#11712,#11713,#11714);
#11716=PLANE('',#11715);
#11717=ORIENTED_EDGE('',*,*,#9901,.T.);
#11719=ORIENTED_EDGE('',*,*,#11718,.F.);
#11721=ORIENTED_EDGE('',*,*,#11720,.F.);
#11722=ORIENTED_EDGE('',*,*,#11704,.T.);
#11723=EDGE_LOOP('',(#11717,#11719,#11721,#11722));
#11724=FACE_OUTER_BOUND('',#11723,.F.);
#11725=ADVANCED_FACE('',(#11724),#11716,.F.);
#11726=CARTESIAN_POINT('',(-2.5E0,0.E0,-2.818085104227E1));
#11727=DIRECTION('',(-9.813591334130E-1,0.E0,1.921828589309E-1));
#11728=DIRECTION('',(1.921828589309E-1,0.E0,9.813591334130E-1));
#11729=AXIS2_PLACEMENT_3D('',#11726,#11727,#11728);
#11730=PLANE('',#11729);
#11731=ORIENTED_EDGE('',*,*,#9899,.T.);
#11733=ORIENTED_EDGE('',*,*,#11732,.F.);
#11735=ORIENTED_EDGE('',*,*,#11734,.F.);
#11736=ORIENTED_EDGE('',*,*,#11718,.T.);
#11737=EDGE_LOOP('',(#11731,#11733,#11735,#11736));
#11738=FACE_OUTER_BOUND('',#11737,.F.);
#11739=ADVANCED_FACE('',(#11738),#11730,.F.);
#11740=CARTESIAN_POINT('',(-2.5E0,0.E0,-2.95E1));
#11741=DIRECTION('',(-1.E0,0.E0,0.E0));
#11742=DIRECTION('',(0.E0,0.E0,1.E0));
#11743=AXIS2_PLACEMENT_3D('',#11740,#11741,#11742);
#11744=PLANE('',#11743);
#11745=ORIENTED_EDGE('',*,*,#9897,.F.);
#11747=ORIENTED_EDGE('',*,*,#11746,.F.);
#11749=ORIENTED_EDGE('',*,*,#11748,.T.);
#11750=ORIENTED_EDGE('',*,*,#11732,.T.);
#11751=EDGE_LOOP('',(#11745,#11747,#11749,#11750));
#11752=FACE_OUTER_BOUND('',#11751,.F.);
#11753=ADVANCED_FACE('',(#11752),#11744,.F.);
#11754=CARTESIAN_POINT('',(-2.25E0,0.E0,-2.95E1));
#11755=DIRECTION('',(0.E0,0.E0,-1.E0));
#11756=DIRECTION('',(-1.E0,0.E0,0.E0));
#11757=AXIS2_PLACEMENT_3D('',#11754,#11755,#11756);
#11758=PLANE('',#11757);
#11759=ORIENTED_EDGE('',*,*,#9895,.F.);
#11761=ORIENTED_EDGE('',*,*,#11760,.F.);
#11763=ORIENTED_EDGE('',*,*,#11762,.T.);
#11764=ORIENTED_EDGE('',*,*,#11746,.T.);
#11765=EDGE_LOOP('',(#11759,#11761,#11763,#11764));
#11766=FACE_OUTER_BOUND('',#11765,.F.);
#11767=ADVANCED_FACE('',(#11766),#11758,.F.);
#11768=CARTESIAN_POINT('',(-2.25E0,0.E0,-2.818085104227E1));
#11769=DIRECTION('',(1.E0,0.E0,0.E0));
#11770=DIRECTION('',(0.E0,0.E0,-1.E0));
#11771=AXIS2_PLACEMENT_3D('',#11768,#11769,#11770);
#11772=PLANE('',#11771);
#11773=ORIENTED_EDGE('',*,*,#9893,.T.);
#11775=ORIENTED_EDGE('',*,*,#11774,.F.);
#11777=ORIENTED_EDGE('',*,*,#11776,.F.);
#11778=ORIENTED_EDGE('',*,*,#11760,.T.);
#11779=EDGE_LOOP('',(#11773,#11775,#11777,#11778));
#11780=FACE_OUTER_BOUND('',#11779,.F.);
#11781=ADVANCED_FACE('',(#11780),#11772,.F.);
#11782=CARTESIAN_POINT('',(-2.208333343267E0,0.E0,-2.801063829660E1));
#11783=DIRECTION('',(9.713211669575E-1,0.E0,-2.377712989836E-1));
#11784=DIRECTION('',(-2.377712989836E-1,0.E0,-9.713211669575E-1));
#11785=AXIS2_PLACEMENT_3D('',#11782,#11783,#11784);
#11786=PLANE('',#11785);
#11787=ORIENTED_EDGE('',*,*,#9891,.F.);
#11789=ORIENTED_EDGE('',*,*,#11788,.F.);
#11791=ORIENTED_EDGE('',*,*,#11790,.T.);
#11792=ORIENTED_EDGE('',*,*,#11774,.T.);
#11793=EDGE_LOOP('',(#11787,#11789,#11791,#11792));
#11794=FACE_OUTER_BOUND('',#11793,.F.);
#11795=ADVANCED_FACE('',(#11794),#11786,.F.);
#11796=CARTESIAN_POINT('',(-2.125E0,0.E0,-2.788297873735E1));
#11797=DIRECTION('',(8.373790907147E-1,0.E0,-5.466225923193E-1));
#11798=DIRECTION('',(-5.466225923193E-1,0.E0,-8.373790907147E-1));
#11799=AXIS2_PLACEMENT_3D('',#11796,#11797,#11798);
#11800=PLANE('',#11799);
#11801=ORIENTED_EDGE('',*,*,#9889,.F.);
#11803=ORIENTED_EDGE('',*,*,#11802,.F.);
#11805=ORIENTED_EDGE('',*,*,#11804,.T.);
#11806=ORIENTED_EDGE('',*,*,#11788,.T.);
#11807=EDGE_LOOP('',(#11801,#11803,#11805,#11806));
#11808=FACE_OUTER_BOUND('',#11807,.F.);
#11809=ADVANCED_FACE('',(#11808),#11800,.F.);
#11810=CARTESIAN_POINT('',(-2.E0,0.E0,-2.779787233472E1));
#11811=DIRECTION('',(5.627910658975E-1,0.E0,-8.265991871191E-1));
#11812=DIRECTION('',(-8.265991871191E-1,0.E0,-5.627910658975E-1));
#11813=AXIS2_PLACEMENT_3D('',#11810,#11811,#11812);
#11814=PLANE('',#11813);
#11815=ORIENTED_EDGE('',*,*,#9887,.F.);
#11817=ORIENTED_EDGE('',*,*,#11816,.F.);
#11819=ORIENTED_EDGE('',*,*,#11818,.T.);
#11820=ORIENTED_EDGE('',*,*,#11802,.T.);
#11821=EDGE_LOOP('',(#11815,#11817,#11819,#11820));
#11822=FACE_OUTER_BOUND('',#11821,.F.);
#11823=ADVANCED_FACE('',(#11822),#11814,.F.);
#11824=CARTESIAN_POINT('',(-1.833333313465E0,0.E0,-2.775531914830E1));
#11825=DIRECTION('',(2.473831898946E-1,0.E0,-9.689177247618E-1));
#11826=DIRECTION('',(-9.689177247618E-1,0.E0,-2.473831898946E-1));
#11827=AXIS2_PLACEMENT_3D('',#11824,#11825,#11826);
#11828=PLANE('',#11827);
#11829=ORIENTED_EDGE('',*,*,#9885,.F.);
#11831=ORIENTED_EDGE('',*,*,#11830,.F.);
#11833=ORIENTED_EDGE('',*,*,#11832,.T.);
#11834=ORIENTED_EDGE('',*,*,#11816,.T.);
#11835=EDGE_LOOP('',(#11829,#11831,#11833,#11834));
#11836=FACE_OUTER_BOUND('',#11835,.F.);
#11837=ADVANCED_FACE('',(#11836),#11828,.F.);
#11838=CARTESIAN_POINT('',(-1.666666686535E0,0.E0,-2.775531914830E1));
#11839=DIRECTION('',(0.E0,0.E0,-1.E0));
#11840=DIRECTION('',(-1.E0,0.E0,0.E0));
#11841=AXIS2_PLACEMENT_3D('',#11838,#11839,#11840);
#11842=PLANE('',#11841);
#11843=ORIENTED_EDGE('',*,*,#9883,.F.);
#11845=ORIENTED_EDGE('',*,*,#11844,.F.);
#11847=ORIENTED_EDGE('',*,*,#11846,.T.);
#11848=ORIENTED_EDGE('',*,*,#11830,.T.);
#11849=EDGE_LOOP('',(#11843,#11845,#11847,#11848));
#11850=FACE_OUTER_BOUND('',#11849,.F.);
#11851=ADVANCED_FACE('',(#11850),#11842,.F.);
#11852=CARTESIAN_POINT('',(-1.5E0,0.E0,-2.779787233472E1));
#11853=DIRECTION('',(-2.473831898946E-1,0.E0,-9.689177247618E-1));
#11854=DIRECTION('',(-9.689177247618E-1,0.E0,2.473831898946E-1));
#11855=AXIS2_PLACEMENT_3D('',#11852,#11853,#11854);
#11856=PLANE('',#11855);
#11857=ORIENTED_EDGE('',*,*,#9881,.F.);
#11859=ORIENTED_EDGE('',*,*,#11858,.F.);
#11861=ORIENTED_EDGE('',*,*,#11860,.T.);
#11862=ORIENTED_EDGE('',*,*,#11844,.T.);
#11863=EDGE_LOOP('',(#11857,#11859,#11861,#11862));
#11864=FACE_OUTER_BOUND('',#11863,.F.);
#11865=ADVANCED_FACE('',(#11864),#11856,.F.);
#11866=CARTESIAN_POINT('',(-1.375E0,0.E0,-2.788297873735E1));
#11867=DIRECTION('',(-5.627910658975E-1,0.E0,-8.265991871191E-1));
#11868=DIRECTION('',(-8.265991871191E-1,0.E0,5.627910658975E-1));
#11869=AXIS2_PLACEMENT_3D('',#11866,#11867,#11868);
#11870=PLANE('',#11869);
#11871=ORIENTED_EDGE('',*,*,#9879,.F.);
#11873=ORIENTED_EDGE('',*,*,#11872,.F.);
#11875=ORIENTED_EDGE('',*,*,#11874,.T.);
#11876=ORIENTED_EDGE('',*,*,#11858,.T.);
#11877=EDGE_LOOP('',(#11871,#11873,#11875,#11876));
#11878=FACE_OUTER_BOUND('',#11877,.F.);
#11879=ADVANCED_FACE('',(#11878),#11870,.F.);
#11880=CARTESIAN_POINT('',(-1.291666626930E0,0.E0,-2.801063829660E1));
#11881=DIRECTION('',(-8.373790012342E-1,0.E0,-5.466227293958E-1));
#11882=DIRECTION('',(-5.466227293958E-1,0.E0,8.373790012342E-1));
#11883=AXIS2_PLACEMENT_3D('',#11880,#11881,#11882);
#11884=PLANE('',#11883);
#11885=ORIENTED_EDGE('',*,*,#9877,.F.);
#11887=ORIENTED_EDGE('',*,*,#11886,.F.);
#11889=ORIENTED_EDGE('',*,*,#11888,.T.);
#11890=ORIENTED_EDGE('',*,*,#11872,.T.);
#11891=EDGE_LOOP('',(#11885,#11887,#11889,#11890));
#11892=FACE_OUTER_BOUND('',#11891,.F.);
#11893=ADVANCED_FACE('',(#11892),#11884,.F.);
#11894=CARTESIAN_POINT('',(-1.25E0,0.E0,-2.818085104227E1));
#11895=DIRECTION('',(-9.713212062349E-1,0.E0,-2.377711385310E-1));
#11896=DIRECTION('',(-2.377711385310E-1,0.E0,9.713212062349E-1));
#11897=AXIS2_PLACEMENT_3D('',#11894,#11895,#11896);
#11898=PLANE('',#11897);
#11899=ORIENTED_EDGE('',*,*,#9875,.F.);
#11901=ORIENTED_EDGE('',*,*,#11900,.F.);
#11903=ORIENTED_EDGE('',*,*,#11902,.T.);
#11904=ORIENTED_EDGE('',*,*,#11886,.T.);
#11905=EDGE_LOOP('',(#11899,#11901,#11903,#11904));
#11906=FACE_OUTER_BOUND('',#11905,.F.);
#11907=ADVANCED_FACE('',(#11906),#11898,.F.);
#11908=CARTESIAN_POINT('',(-1.25E0,0.E0,-2.95E1));
#11909=DIRECTION('',(-1.E0,0.E0,0.E0));
#11910=DIRECTION('',(0.E0,0.E0,1.E0));
#11911=AXIS2_PLACEMENT_3D('',#11908,#11909,#11910);
#11912=PLANE('',#11911);
#11913=ORIENTED_EDGE('',*,*,#9873,.F.);
#11915=ORIENTED_EDGE('',*,*,#11914,.F.);
#11917=ORIENTED_EDGE('',*,*,#11916,.T.);
#11918=ORIENTED_EDGE('',*,*,#11900,.T.);
#11919=EDGE_LOOP('',(#11913,#11915,#11917,#11918));
#11920=FACE_OUTER_BOUND('',#11919,.F.);
#11921=ADVANCED_FACE('',(#11920),#11912,.F.);
#11922=CARTESIAN_POINT('',(-1.E0,0.E0,-2.95E1));
#11923=DIRECTION('',(0.E0,0.E0,-1.E0));
#11924=DIRECTION('',(-1.E0,0.E0,0.E0));
#11925=AXIS2_PLACEMENT_3D('',#11922,#11923,#11924);
#11926=PLANE('',#11925);
#11927=ORIENTED_EDGE('',*,*,#9871,.F.);
#11929=ORIENTED_EDGE('',*,*,#11928,.F.);
#11931=ORIENTED_EDGE('',*,*,#11930,.T.);
#11932=ORIENTED_EDGE('',*,*,#11914,.T.);
#11933=EDGE_LOOP('',(#11927,#11929,#11931,#11932));
#11934=FACE_OUTER_BOUND('',#11933,.F.);
#11935=ADVANCED_FACE('',(#11934),#11926,.F.);
#11936=CARTESIAN_POINT('',(-1.E0,0.E0,-2.818085104227E1));
#11937=DIRECTION('',(1.E0,0.E0,0.E0));
#11938=DIRECTION('',(0.E0,0.E0,-1.E0));
#11939=AXIS2_PLACEMENT_3D('',#11936,#11937,#11938);
#11940=PLANE('',#11939);
#11941=ORIENTED_EDGE('',*,*,#9869,.T.);
#11942=ORIENTED_EDGE('',*,*,#11595,.F.);
#11944=ORIENTED_EDGE('',*,*,#11943,.F.);
#11945=ORIENTED_EDGE('',*,*,#11928,.T.);
#11946=EDGE_LOOP('',(#11941,#11942,#11944,#11945));
#11947=FACE_OUTER_BOUND('',#11946,.F.);
#11948=ADVANCED_FACE('',(#11947),#11940,.F.);
#11949=CARTESIAN_POINT('',(-5.1553114E-1,-2.919467560760E2,-3.216396732890E1));
#11950=DIRECTION('',(5.581114491499E-12,-6.917552065398E-7,9.999999999998E-1));
#11951=DIRECTION('',(3.743998962240E-2,9.992988778021E-1,6.912699926523E-7));
#11952=AXIS2_PLACEMENT_3D('',#11949,#11950,#11951);
#11953=CYLINDRICAL_SURFACE('',#11952,3.835407469340E2);
#11954=ORIENTED_EDGE('',*,*,#11593,.T.);
#11955=ORIENTED_EDGE('',*,*,#11608,.T.);
#11956=ORIENTED_EDGE('',*,*,#11622,.T.);
#11957=ORIENTED_EDGE('',*,*,#11636,.T.);
#11958=ORIENTED_EDGE('',*,*,#11650,.T.);
#11959=ORIENTED_EDGE('',*,*,#11664,.T.);
#11960=ORIENTED_EDGE('',*,*,#11678,.T.);
#11961=ORIENTED_EDGE('',*,*,#11692,.T.);
#11962=ORIENTED_EDGE('',*,*,#11706,.T.);
#11963=ORIENTED_EDGE('',*,*,#11720,.T.);
#11964=ORIENTED_EDGE('',*,*,#11734,.T.);
#11965=ORIENTED_EDGE('',*,*,#11748,.F.);
#11966=ORIENTED_EDGE('',*,*,#11762,.F.);
#11967=ORIENTED_EDGE('',*,*,#11776,.T.);
#11968=ORIENTED_EDGE('',*,*,#11790,.F.);
#11969=ORIENTED_EDGE('',*,*,#11804,.F.);
#11970=ORIENTED_EDGE('',*,*,#11818,.F.);
#11971=ORIENTED_EDGE('',*,*,#11832,.F.);
#11972=ORIENTED_EDGE('',*,*,#11846,.F.);
#11973=ORIENTED_EDGE('',*,*,#11860,.F.);
#11974=ORIENTED_EDGE('',*,*,#11874,.F.);
#11975=ORIENTED_EDGE('',*,*,#11888,.F.);
#11976=ORIENTED_EDGE('',*,*,#11902,.F.);
#11977=ORIENTED_EDGE('',*,*,#11916,.F.);
#11978=ORIENTED_EDGE('',*,*,#11930,.F.);
#11979=ORIENTED_EDGE('',*,*,#11943,.T.);
#11980=EDGE_LOOP('',(#11954,#11955,#11956,#11957,#11958,#11959,#11960,#11961,
#11962,#11963,#11964,#11965,#11966,#11967,#11968,#11969,#11970,#11971,#11972,
#11973,#11974,#11975,#11976,#11977,#11978,#11979));
#11981=FACE_OUTER_BOUND('',#11980,.F.);
#11982=ADVANCED_FACE('',(#11981),#11953,.T.);
#11983=CARTESIAN_POINT('',(-5.1553114E-1,-2.919467560760E2,-3.216396732890E1));
#11984=DIRECTION('',(5.581114491499E-12,-6.917552065398E-7,9.999999999998E-1));
#11985=DIRECTION('',(3.743998962240E-2,9.992988778021E-1,6.912699926523E-7));
#11986=AXIS2_PLACEMENT_3D('',#11983,#11984,#11985);
#11987=CYLINDRICAL_SURFACE('',#11986,3.835407469340E2);
#11989=ORIENTED_EDGE('',*,*,#11988,.T.);
#11991=ORIENTED_EDGE('',*,*,#11990,.T.);
#11993=ORIENTED_EDGE('',*,*,#11992,.T.);
#11995=ORIENTED_EDGE('',*,*,#11994,.T.);
#11997=ORIENTED_EDGE('',*,*,#11996,.T.);
#11999=ORIENTED_EDGE('',*,*,#11998,.T.);
#12001=ORIENTED_EDGE('',*,*,#12000,.T.);
#12003=ORIENTED_EDGE('',*,*,#12002,.T.);
#12005=ORIENTED_EDGE('',*,*,#12004,.F.);
#12007=ORIENTED_EDGE('',*,*,#12006,.F.);
#12009=ORIENTED_EDGE('',*,*,#12008,.F.);
#12011=ORIENTED_EDGE('',*,*,#12010,.F.);
#12013=ORIENTED_EDGE('',*,*,#12012,.F.);
#12015=ORIENTED_EDGE('',*,*,#12014,.F.);
#12017=ORIENTED_EDGE('',*,*,#12016,.F.);
#12019=ORIENTED_EDGE('',*,*,#12018,.F.);
#12021=ORIENTED_EDGE('',*,*,#12020,.T.);
#12023=ORIENTED_EDGE('',*,*,#12022,.T.);
#12025=ORIENTED_EDGE('',*,*,#12024,.T.);
#12027=ORIENTED_EDGE('',*,*,#12026,.T.);
#12029=ORIENTED_EDGE('',*,*,#12028,.T.);
#12031=ORIENTED_EDGE('',*,*,#12030,.T.);
#12033=ORIENTED_EDGE('',*,*,#12032,.T.);
#12035=ORIENTED_EDGE('',*,*,#12034,.T.);
#12037=ORIENTED_EDGE('',*,*,#12036,.T.);
#12039=ORIENTED_EDGE('',*,*,#12038,.T.);
#12041=ORIENTED_EDGE('',*,*,#12040,.F.);
#12043=ORIENTED_EDGE('',*,*,#12042,.F.);
#12045=ORIENTED_EDGE('',*,*,#12044,.F.);
#12047=ORIENTED_EDGE('',*,*,#12046,.F.);
#12049=ORIENTED_EDGE('',*,*,#12048,.F.);
#12051=ORIENTED_EDGE('',*,*,#12050,.F.);
#12053=ORIENTED_EDGE('',*,*,#12052,.F.);
#12055=ORIENTED_EDGE('',*,*,#12054,.F.);
#12057=ORIENTED_EDGE('',*,*,#12056,.F.);
#12059=ORIENTED_EDGE('',*,*,#12058,.T.);
#12061=ORIENTED_EDGE('',*,*,#12060,.T.);
#12063=ORIENTED_EDGE('',*,*,#12062,.T.);
#12065=ORIENTED_EDGE('',*,*,#12064,.T.);
#12067=ORIENTED_EDGE('',*,*,#12066,.T.);
#12069=ORIENTED_EDGE('',*,*,#12068,.T.);
#12071=ORIENTED_EDGE('',*,*,#12070,.T.);
#12073=ORIENTED_EDGE('',*,*,#12072,.T.);
#12075=ORIENTED_EDGE('',*,*,#12074,.F.);
#12077=ORIENTED_EDGE('',*,*,#12076,.F.);
#12079=ORIENTED_EDGE('',*,*,#12078,.F.);
#12081=ORIENTED_EDGE('',*,*,#12080,.F.);
#12083=ORIENTED_EDGE('',*,*,#12082,.F.);
#12085=ORIENTED_EDGE('',*,*,#12084,.F.);
#12087=ORIENTED_EDGE('',*,*,#12086,.F.);
#12089=ORIENTED_EDGE('',*,*,#12088,.F.);
#12091=ORIENTED_EDGE('',*,*,#12090,.F.);
#12093=ORIENTED_EDGE('',*,*,#12092,.F.);
#12095=ORIENTED_EDGE('',*,*,#12094,.T.);
#12096=EDGE_LOOP('',(#11989,#11991,#11993,#11995,#11997,#11999,#12001,#12003,
#12005,#12007,#12009,#12011,#12013,#12015,#12017,#12019,#12021,#12023,#12025,
#12027,#12029,#12031,#12033,#12035,#12037,#12039,#12041,#12043,#12045,#12047,
#12049,#12051,#12053,#12055,#12057,#12059,#12061,#12063,#12065,#12067,#12069,
#12071,#12073,#12075,#12077,#12079,#12081,#12083,#12085,#12087,#12089,#12091,
#12093,#12095));
#12097=FACE_OUTER_BOUND('',#12096,.F.);
#12098=ADVANCED_FACE('',(#12097),#11987,.T.);
#12099=CARTESIAN_POINT('',(-5.1553114E-1,-2.919467560760E2,-3.216396732890E1));
#12100=DIRECTION('',(5.581114491499E-12,-6.917552065398E-7,9.999999999998E-1));
#12101=DIRECTION('',(3.743998962240E-2,9.992988778021E-1,6.912699926523E-7));
#12102=AXIS2_PLACEMENT_3D('',#12099,#12100,#12101);
#12103=CYLINDRICAL_SURFACE('',#12102,3.835407469340E2);
#12105=ORIENTED_EDGE('',*,*,#12104,.T.);
#12107=ORIENTED_EDGE('',*,*,#12106,.F.);
#12109=ORIENTED_EDGE('',*,*,#12108,.F.);
#12111=ORIENTED_EDGE('',*,*,#12110,.F.);
#12113=ORIENTED_EDGE('',*,*,#12112,.T.);
#12115=ORIENTED_EDGE('',*,*,#12114,.T.);
#12117=ORIENTED_EDGE('',*,*,#12116,.T.);
#12119=ORIENTED_EDGE('',*,*,#12118,.T.);
#12121=ORIENTED_EDGE('',*,*,#12120,.T.);
#12123=ORIENTED_EDGE('',*,*,#12122,.T.);
#12125=ORIENTED_EDGE('',*,*,#12124,.F.);
#12127=ORIENTED_EDGE('',*,*,#12126,.F.);
#12129=ORIENTED_EDGE('',*,*,#12128,.F.);
#12131=ORIENTED_EDGE('',*,*,#12130,.F.);
#12133=ORIENTED_EDGE('',*,*,#12132,.F.);
#12135=ORIENTED_EDGE('',*,*,#12134,.F.);
#12137=ORIENTED_EDGE('',*,*,#12136,.T.);
#12139=ORIENTED_EDGE('',*,*,#12138,.T.);
#12141=ORIENTED_EDGE('',*,*,#12140,.T.);
#12142=EDGE_LOOP('',(#12105,#12107,#12109,#12111,#12113,#12115,#12117,#12119,
#12121,#12123,#12125,#12127,#12129,#12131,#12133,#12135,#12137,#12139,#12141));
#12143=FACE_OUTER_BOUND('',#12142,.F.);
#12145=ORIENTED_EDGE('',*,*,#12144,.T.);
#12147=ORIENTED_EDGE('',*,*,#12146,.T.);
#12149=ORIENTED_EDGE('',*,*,#12148,.F.);
#12151=ORIENTED_EDGE('',*,*,#12150,.F.);
#12153=ORIENTED_EDGE('',*,*,#12152,.F.);
#12155=ORIENTED_EDGE('',*,*,#12154,.F.);
#12157=ORIENTED_EDGE('',*,*,#12156,.F.);
#12159=ORIENTED_EDGE('',*,*,#12158,.T.);
#12161=ORIENTED_EDGE('',*,*,#12160,.T.);
#12163=ORIENTED_EDGE('',*,*,#12162,.T.);
#12164=EDGE_LOOP('',(#12145,#12147,#12149,#12151,#12153,#12155,#12157,#12159,
#12161,#12163));
#12165=FACE_BOUND('',#12164,.F.);
#12167=ORIENTED_EDGE('',*,*,#12166,.T.);
#12169=ORIENTED_EDGE('',*,*,#12168,.T.);
#12171=ORIENTED_EDGE('',*,*,#12170,.T.);
#12173=ORIENTED_EDGE('',*,*,#12172,.T.);
#12175=ORIENTED_EDGE('',*,*,#12174,.T.);
#12177=ORIENTED_EDGE('',*,*,#12176,.F.);
#12179=ORIENTED_EDGE('',*,*,#12178,.F.);
#12181=ORIENTED_EDGE('',*,*,#12180,.F.);
#12183=ORIENTED_EDGE('',*,*,#12182,.F.);
#12185=ORIENTED_EDGE('',*,*,#12184,.F.);
#12186=EDGE_LOOP('',(#12167,#12169,#12171,#12173,#12175,#12177,#12179,#12181,
#12183,#12185));
#12187=FACE_BOUND('',#12186,.F.);
#12188=ADVANCED_FACE('',(#12143,#12165,#12187),#12103,.T.);
#12189=CARTESIAN_POINT('',(-5.1553114E-1,-2.919467560760E2,-3.216396732890E1));
#12190=DIRECTION('',(5.581114491499E-12,-6.917552065398E-7,9.999999999998E-1));
#12191=DIRECTION('',(3.743998962240E-2,9.992988778021E-1,6.912699926523E-7));
#12192=AXIS2_PLACEMENT_3D('',#12189,#12190,#12191);
#12193=CYLINDRICAL_SURFACE('',#12192,3.835407469340E2);
#12195=ORIENTED_EDGE('',*,*,#12194,.F.);
#12197=ORIENTED_EDGE('',*,*,#12196,.F.);
#12199=ORIENTED_EDGE('',*,*,#12198,.F.);
#12201=ORIENTED_EDGE('',*,*,#12200,.F.);
#12203=ORIENTED_EDGE('',*,*,#12202,.F.);
#12205=ORIENTED_EDGE('',*,*,#12204,.F.);
#12207=ORIENTED_EDGE('',*,*,#12206,.T.);
#12209=ORIENTED_EDGE('',*,*,#12208,.T.);
#12211=ORIENTED_EDGE('',*,*,#12210,.T.);
#12213=ORIENTED_EDGE('',*,*,#12212,.T.);
#12215=ORIENTED_EDGE('',*,*,#12214,.T.);
#12217=ORIENTED_EDGE('',*,*,#12216,.T.);
#12219=ORIENTED_EDGE('',*,*,#12218,.T.);
#12221=ORIENTED_EDGE('',*,*,#12220,.F.);
#12222=EDGE_LOOP('',(#12195,#12197,#12199,#12201,#12203,#12205,#12207,#12209,
#12211,#12213,#12215,#12217,#12219,#12221));
#12223=FACE_OUTER_BOUND('',#12222,.F.);
#12225=ORIENTED_EDGE('',*,*,#12224,.T.);
#12227=ORIENTED_EDGE('',*,*,#12226,.F.);
#12229=ORIENTED_EDGE('',*,*,#12228,.F.);
#12231=ORIENTED_EDGE('',*,*,#12230,.F.);
#12233=ORIENTED_EDGE('',*,*,#12232,.F.);
#12235=ORIENTED_EDGE('',*,*,#12234,.F.);
#12237=ORIENTED_EDGE('',*,*,#12236,.F.);
#12239=ORIENTED_EDGE('',*,*,#12238,.T.);
#12241=ORIENTED_EDGE('',*,*,#12240,.T.);
#12243=ORIENTED_EDGE('',*,*,#12242,.T.);
#12245=ORIENTED_EDGE('',*,*,#12244,.T.);
#12247=ORIENTED_EDGE('',*,*,#12246,.T.);
#12248=EDGE_LOOP('',(#12225,#12227,#12229,#12231,#12233,#12235,#12237,#12239,
#12241,#12243,#12245,#12247));
#12249=FACE_BOUND('',#12248,.F.);
#12250=ADVANCED_FACE('',(#12223,#12249),#12193,.T.);
#12251=CARTESIAN_POINT('',(-5.1553114E-1,-2.919467560760E2,-3.216396732890E1));
#12252=DIRECTION('',(5.581114491499E-12,-6.917552065398E-7,9.999999999998E-1));
#12253=DIRECTION('',(3.743998962240E-2,9.992988778021E-1,6.912699926523E-7));
#12254=AXIS2_PLACEMENT_3D('',#12251,#12252,#12253);
#12255=CYLINDRICAL_SURFACE('',#12254,3.835407469340E2);
#12257=ORIENTED_EDGE('',*,*,#12256,.T.);
#12259=ORIENTED_EDGE('',*,*,#12258,.T.);
#12261=ORIENTED_EDGE('',*,*,#12260,.T.);
#12263=ORIENTED_EDGE('',*,*,#12262,.T.);
#12265=ORIENTED_EDGE('',*,*,#12264,.T.);
#12267=ORIENTED_EDGE('',*,*,#12266,.T.);
#12269=ORIENTED_EDGE('',*,*,#12268,.T.);
#12271=ORIENTED_EDGE('',*,*,#12270,.T.);
#12273=ORIENTED_EDGE('',*,*,#12272,.F.);
#12275=ORIENTED_EDGE('',*,*,#12274,.F.);
#12277=ORIENTED_EDGE('',*,*,#12276,.F.);
#12279=ORIENTED_EDGE('',*,*,#12278,.F.);
#12281=ORIENTED_EDGE('',*,*,#12280,.F.);
#12283=ORIENTED_EDGE('',*,*,#12282,.F.);
#12285=ORIENTED_EDGE('',*,*,#12284,.F.);
#12287=ORIENTED_EDGE('',*,*,#12286,.F.);
#12289=ORIENTED_EDGE('',*,*,#12288,.T.);
#12291=ORIENTED_EDGE('',*,*,#12290,.T.);
#12293=ORIENTED_EDGE('',*,*,#12292,.T.);
#12295=ORIENTED_EDGE('',*,*,#12294,.T.);
#12297=ORIENTED_EDGE('',*,*,#12296,.T.);
#12299=ORIENTED_EDGE('',*,*,#12298,.T.);
#12301=ORIENTED_EDGE('',*,*,#12300,.T.);
#12303=ORIENTED_EDGE('',*,*,#12302,.T.);
#12305=ORIENTED_EDGE('',*,*,#12304,.T.);
#12307=ORIENTED_EDGE('',*,*,#12306,.T.);
#12309=ORIENTED_EDGE('',*,*,#12308,.F.);
#12311=ORIENTED_EDGE('',*,*,#12310,.F.);
#12313=ORIENTED_EDGE('',*,*,#12312,.F.);
#12315=ORIENTED_EDGE('',*,*,#12314,.F.);
#12317=ORIENTED_EDGE('',*,*,#12316,.F.);
#12319=ORIENTED_EDGE('',*,*,#12318,.F.);
#12321=ORIENTED_EDGE('',*,*,#12320,.F.);
#12323=ORIENTED_EDGE('',*,*,#12322,.F.);
#12325=ORIENTED_EDGE('',*,*,#12324,.F.);
#12327=ORIENTED_EDGE('',*,*,#12326,.T.);
#12329=ORIENTED_EDGE('',*,*,#12328,.T.);
#12331=ORIENTED_EDGE('',*,*,#12330,.T.);
#12333=ORIENTED_EDGE('',*,*,#12332,.T.);
#12335=ORIENTED_EDGE('',*,*,#12334,.T.);
#12337=ORIENTED_EDGE('',*,*,#12336,.T.);
#12339=ORIENTED_EDGE('',*,*,#12338,.T.);
#12341=ORIENTED_EDGE('',*,*,#12340,.T.);
#12343=ORIENTED_EDGE('',*,*,#12342,.F.);
#12345=ORIENTED_EDGE('',*,*,#12344,.F.);
#12347=ORIENTED_EDGE('',*,*,#12346,.F.);
#12349=ORIENTED_EDGE('',*,*,#12348,.F.);
#12351=ORIENTED_EDGE('',*,*,#12350,.F.);
#12353=ORIENTED_EDGE('',*,*,#12352,.F.);
#12355=ORIENTED_EDGE('',*,*,#12354,.F.);
#12357=ORIENTED_EDGE('',*,*,#12356,.F.);
#12359=ORIENTED_EDGE('',*,*,#12358,.F.);
#12361=ORIENTED_EDGE('',*,*,#12360,.F.);
#12363=ORIENTED_EDGE('',*,*,#12362,.T.);
#12364=EDGE_LOOP('',(#12257,#12259,#12261,#12263,#12265,#12267,#12269,#12271,
#12273,#12275,#12277,#12279,#12281,#12283,#12285,#12287,#12289,#12291,#12293,
#12295,#12297,#12299,#12301,#12303,#12305,#12307,#12309,#12311,#12313,#12315,
#12317,#12319,#12321,#12323,#12325,#12327,#12329,#12331,#12333,#12335,#12337,
#12339,#12341,#12343,#12345,#12347,#12349,#12351,#12353,#12355,#12357,#12359,
#12361,#12363));
#12365=FACE_OUTER_BOUND('',#12364,.F.);
#12366=ADVANCED_FACE('',(#12365),#12255,.T.);
#12367=CARTESIAN_POINT('',(-5.1553114E-1,-2.919467560760E2,-3.216396732890E1));
#12368=DIRECTION('',(5.581114491499E-12,-6.917552065398E-7,9.999999999998E-1));
#12369=DIRECTION('',(3.743998962240E-2,9.992988778021E-1,6.912699926523E-7));
#12370=AXIS2_PLACEMENT_3D('',#12367,#12368,#12369);
#12371=CYLINDRICAL_SURFACE('',#12370,3.835407469340E2);
#12373=ORIENTED_EDGE('',*,*,#12372,.F.);
#12375=ORIENTED_EDGE('',*,*,#12374,.T.);
#12377=ORIENTED_EDGE('',*,*,#12376,.T.);
#12379=ORIENTED_EDGE('',*,*,#12378,.T.);
#12381=ORIENTED_EDGE('',*,*,#12380,.T.);
#12383=ORIENTED_EDGE('',*,*,#12382,.T.);
#12385=ORIENTED_EDGE('',*,*,#12384,.T.);
#12387=ORIENTED_EDGE('',*,*,#12386,.T.);
#12389=ORIENTED_EDGE('',*,*,#12388,.T.);
#12391=ORIENTED_EDGE('',*,*,#12390,.T.);
#12393=ORIENTED_EDGE('',*,*,#12392,.T.);
#12395=ORIENTED_EDGE('',*,*,#12394,.F.);
#12397=ORIENTED_EDGE('',*,*,#12396,.F.);
#12399=ORIENTED_EDGE('',*,*,#12398,.F.);
#12401=ORIENTED_EDGE('',*,*,#12400,.F.);
#12403=ORIENTED_EDGE('',*,*,#12402,.F.);
#12405=ORIENTED_EDGE('',*,*,#12404,.F.);
#12407=ORIENTED_EDGE('',*,*,#12406,.F.);
#12409=ORIENTED_EDGE('',*,*,#12408,.F.);
#12411=ORIENTED_EDGE('',*,*,#12410,.F.);
#12413=ORIENTED_EDGE('',*,*,#12412,.F.);
#12415=ORIENTED_EDGE('',*,*,#12414,.F.);
#12417=ORIENTED_EDGE('',*,*,#12416,.T.);
#12419=ORIENTED_EDGE('',*,*,#12418,.T.);
#12421=ORIENTED_EDGE('',*,*,#12420,.T.);
#12423=ORIENTED_EDGE('',*,*,#12422,.T.);
#12425=ORIENTED_EDGE('',*,*,#12424,.T.);
#12427=ORIENTED_EDGE('',*,*,#12426,.T.);
#12429=ORIENTED_EDGE('',*,*,#12428,.T.);
#12431=ORIENTED_EDGE('',*,*,#12430,.T.);
#12433=ORIENTED_EDGE('',*,*,#12432,.T.);
#12435=ORIENTED_EDGE('',*,*,#12434,.T.);
#12437=ORIENTED_EDGE('',*,*,#12436,.F.);
#12439=ORIENTED_EDGE('',*,*,#12438,.F.);
#12441=ORIENTED_EDGE('',*,*,#12440,.F.);
#12443=ORIENTED_EDGE('',*,*,#12442,.F.);
#12445=ORIENTED_EDGE('',*,*,#12444,.F.);
#12447=ORIENTED_EDGE('',*,*,#12446,.F.);
#12449=ORIENTED_EDGE('',*,*,#12448,.F.);
#12451=ORIENTED_EDGE('',*,*,#12450,.F.);
#12452=EDGE_LOOP('',(#12373,#12375,#12377,#12379,#12381,#12383,#12385,#12387,
#12389,#12391,#12393,#12395,#12397,#12399,#12401,#12403,#12405,#12407,#12409,
#12411,#12413,#12415,#12417,#12419,#12421,#12423,#12425,#12427,#12429,#12431,
#12433,#12435,#12437,#12439,#12441,#12443,#12445,#12447,#12449,#12451));
#12453=FACE_OUTER_BOUND('',#12452,.F.);
#12454=ADVANCED_FACE('',(#12453),#12371,.T.);
#12455=CARTESIAN_POINT('',(4.583332538605E-1,0.E0,-2.911702132225E1));
#12456=DIRECTION('',(-8.981377659536E-1,0.E0,4.397141723527E-1));
#12457=DIRECTION('',(4.397141723527E-1,0.E0,8.981377659536E-1));
#12458=AXIS2_PLACEMENT_3D('',#12455,#12456,#12457);
#12459=PLANE('',#12458);
#12460=ORIENTED_EDGE('',*,*,#9921,.T.);
#12462=ORIENTED_EDGE('',*,*,#12461,.F.);
#12463=ORIENTED_EDGE('',*,*,#11988,.F.);
#12465=ORIENTED_EDGE('',*,*,#12464,.T.);
#12466=EDGE_LOOP('',(#12460,#12462,#12463,#12465));
#12467=FACE_OUTER_BOUND('',#12466,.F.);
#12468=ADVANCED_FACE('',(#12467),#12459,.F.);
#12469=CARTESIAN_POINT('',(3.75E-1,0.E0,-2.920212769508E1));
#12470=DIRECTION('',(-7.145107183351E-1,0.E0,6.996244945571E-1));
#12471=DIRECTION('',(6.996244945571E-1,0.E0,7.145107183351E-1));
#12472=AXIS2_PLACEMENT_3D('',#12469,#12470,#12471);
#12473=PLANE('',#12472);
#12474=ORIENTED_EDGE('',*,*,#10027,.T.);
#12476=ORIENTED_EDGE('',*,*,#12475,.F.);
#12477=ORIENTED_EDGE('',*,*,#11990,.F.);
#12478=ORIENTED_EDGE('',*,*,#12461,.T.);
#12479=EDGE_LOOP('',(#12474,#12476,#12477,#12478));
#12480=FACE_OUTER_BOUND('',#12479,.F.);
#12481=ADVANCED_FACE('',(#12480),#12473,.F.);
#12482=CARTESIAN_POINT('',(2.5E-1,0.E0,-2.924468088150E1));
#12483=DIRECTION('',(-3.222637633772E-1,0.E0,9.466499177700E-1));
#12484=DIRECTION('',(9.466499177700E-1,0.E0,3.222637633772E-1));
#12485=AXIS2_PLACEMENT_3D('',#12482,#12483,#12484);
#12486=PLANE('',#12485);
#12487=ORIENTED_EDGE('',*,*,#10025,.T.);
#12489=ORIENTED_EDGE('',*,*,#12488,.F.);
#12490=ORIENTED_EDGE('',*,*,#11992,.F.);
#12491=ORIENTED_EDGE('',*,*,#12475,.T.);
#12492=EDGE_LOOP('',(#12487,#12489,#12490,#12491));
#12493=FACE_OUTER_BOUND('',#12492,.F.);
#12494=ADVANCED_FACE('',(#12493),#12486,.F.);
#12495=CARTESIAN_POINT('',(0.E0,0.E0,-2.924468088150E1));
#12496=DIRECTION('',(0.E0,0.E0,1.E0));
#12497=DIRECTION('',(1.E0,0.E0,0.E0));
#12498=AXIS2_PLACEMENT_3D('',#12495,#12496,#12497);
#12499=PLANE('',#12498);
#12500=ORIENTED_EDGE('',*,*,#10023,.T.);
#12502=ORIENTED_EDGE('',*,*,#12501,.F.);
#12503=ORIENTED_EDGE('',*,*,#11994,.F.);
#12504=ORIENTED_EDGE('',*,*,#12488,.T.);
#12505=EDGE_LOOP('',(#12500,#12502,#12503,#12504));
#12506=FACE_OUTER_BOUND('',#12505,.F.);
#12507=ADVANCED_FACE('',(#12506),#12499,.F.);
#12508=CARTESIAN_POINT('',(-1.25E-1,0.E0,-2.920212769508E1));
#12509=DIRECTION('',(3.222637633772E-1,0.E0,9.466499177700E-1));
#12510=DIRECTION('',(9.466499177700E-1,0.E0,-3.222637633772E-1));
#12511=AXIS2_PLACEMENT_3D('',#12508,#12509,#12510);
#12512=PLANE('',#12511);
#12513=ORIENTED_EDGE('',*,*,#10021,.T.);
#12515=ORIENTED_EDGE('',*,*,#12514,.F.);
#12516=ORIENTED_EDGE('',*,*,#11996,.F.);
#12517=ORIENTED_EDGE('',*,*,#12501,.T.);
#12518=EDGE_LOOP('',(#12513,#12515,#12516,#12517));
#12519=FACE_OUTER_BOUND('',#12518,.F.);
#12520=ADVANCED_FACE('',(#12519),#12512,.F.);
#12521=CARTESIAN_POINT('',(-2.5E-1,0.E0,-2.911702132225E1));
#12522=DIRECTION('',(5.627909312417E-1,0.E0,8.265992787996E-1));
#12523=DIRECTION('',(8.265992787996E-1,0.E0,-5.627909312417E-1));
#12524=AXIS2_PLACEMENT_3D('',#12521,#12522,#12523);
#12525=PLANE('',#12524);
#12526=ORIENTED_EDGE('',*,*,#10019,.T.);
#12528=ORIENTED_EDGE('',*,*,#12527,.F.);
#12529=ORIENTED_EDGE('',*,*,#11998,.F.);
#12530=ORIENTED_EDGE('',*,*,#12514,.T.);
#12531=EDGE_LOOP('',(#12526,#12528,#12529,#12530));
#12532=FACE_OUTER_BOUND('',#12531,.F.);
#12533=ADVANCED_FACE('',(#12532),#12525,.F.);
#12534=CARTESIAN_POINT('',(-2.916667461395E-1,0.E0,-2.898936164379E1));
#12535=DIRECTION('',(9.506451030099E-1,0.E0,3.102803379578E-1));
#12536=DIRECTION('',(3.102803379578E-1,0.E0,-9.506451030099E-1));
#12537=AXIS2_PLACEMENT_3D('',#12534,#12535,#12536);
#12538=PLANE('',#12537);
#12539=ORIENTED_EDGE('',*,*,#10017,.T.);
#12541=ORIENTED_EDGE('',*,*,#12540,.F.);
#12542=ORIENTED_EDGE('',*,*,#12000,.F.);
#12543=ORIENTED_EDGE('',*,*,#12527,.T.);
#12544=EDGE_LOOP('',(#12539,#12541,#12542,#12543));
#12545=FACE_OUTER_BOUND('',#12544,.F.);
#12546=ADVANCED_FACE('',(#12545),#12538,.F.);
#12547=CARTESIAN_POINT('',(-2.916667461395E-1,0.E0,-2.890425527096E1));
#12548=DIRECTION('',(1.E0,0.E0,0.E0));
#12549=DIRECTION('',(0.E0,0.E0,-1.E0));
#12550=AXIS2_PLACEMENT_3D('',#12547,#12548,#12549);
#12551=PLANE('',#12550);
#12552=ORIENTED_EDGE('',*,*,#10015,.T.);
#12554=ORIENTED_EDGE('',*,*,#12553,.F.);
#12555=ORIENTED_EDGE('',*,*,#12002,.F.);
#12556=ORIENTED_EDGE('',*,*,#12540,.T.);
#12557=EDGE_LOOP('',(#12552,#12554,#12555,#12556));
#12558=FACE_OUTER_BOUND('',#12557,.F.);
#12559=ADVANCED_FACE('',(#12558),#12551,.F.);
#12560=CARTESIAN_POINT('',(-2.5E-1,0.E0,-2.877659571171E1));
#12561=DIRECTION('',(9.506450175458E-1,0.E0,-3.102805998049E-1));
#12562=DIRECTION('',(-3.102805998049E-1,0.E0,-9.506450175458E-1));
#12563=AXIS2_PLACEMENT_3D('',#12560,#12561,#12562);
#12564=PLANE('',#12563);
#12565=ORIENTED_EDGE('',*,*,#10013,.F.);
#12567=ORIENTED_EDGE('',*,*,#12566,.F.);
#12568=ORIENTED_EDGE('',*,*,#12004,.T.);
#12569=ORIENTED_EDGE('',*,*,#12553,.T.);
#12570=EDGE_LOOP('',(#12565,#12567,#12568,#12569));
#12571=FACE_OUTER_BOUND('',#12570,.F.);
#12572=ADVANCED_FACE('',(#12571),#12564,.F.);
#12573=CARTESIAN_POINT('',(-1.25E-1,0.E0,-2.869148933887E1));
#12574=DIRECTION('',(5.627909312417E-1,0.E0,-8.265992787996E-1));
#12575=DIRECTION('',(-8.265992787996E-1,0.E0,-5.627909312417E-1));
#12576=AXIS2_PLACEMENT_3D('',#12573,#12574,#12575);
#12577=PLANE('',#12576);
#12578=ORIENTED_EDGE('',*,*,#10011,.F.);
#12580=ORIENTED_EDGE('',*,*,#12579,.F.);
#12581=ORIENTED_EDGE('',*,*,#12006,.T.);
#12582=ORIENTED_EDGE('',*,*,#12566,.T.);
#12583=EDGE_LOOP('',(#12578,#12580,#12581,#12582));
#12584=FACE_OUTER_BOUND('',#12583,.F.);
#12585=ADVANCED_FACE('',(#12584),#12577,.F.);
#12586=CARTESIAN_POINT('',(0.E0,0.E0,-2.864893615246E1));
#12587=DIRECTION('',(3.222637633772E-1,0.E0,-9.466499177700E-1));
#12588=DIRECTION('',(-9.466499177700E-1,0.E0,-3.222637633772E-1));
#12589=AXIS2_PLACEMENT_3D('',#12586,#12587,#12588);
#12590=PLANE('',#12589);
#12591=ORIENTED_EDGE('',*,*,#10009,.F.);
#12593=ORIENTED_EDGE('',*,*,#12592,.F.);
#12594=ORIENTED_EDGE('',*,*,#12008,.T.);
#12595=ORIENTED_EDGE('',*,*,#12579,.T.);
#12596=EDGE_LOOP('',(#12591,#12593,#12594,#12595));
#12597=FACE_OUTER_BOUND('',#12596,.F.);
#12598=ADVANCED_FACE('',(#12597),#12590,.F.);
#12599=CARTESIAN_POINT('',(2.5E-1,0.E0,-2.864893615246E1));
#12600=DIRECTION('',(0.E0,0.E0,-1.E0));
#12601=DIRECTION('',(-1.E0,0.E0,0.E0));
#12602=AXIS2_PLACEMENT_3D('',#12599,#12600,#12601);
#12603=PLANE('',#12602);
#12604=ORIENTED_EDGE('',*,*,#10007,.F.);
#12606=ORIENTED_EDGE('',*,*,#12605,.F.);
#12607=ORIENTED_EDGE('',*,*,#12010,.T.);
#12608=ORIENTED_EDGE('',*,*,#12592,.T.);
#12609=EDGE_LOOP('',(#12604,#12606,#12607,#12608));
#12610=FACE_OUTER_BOUND('',#12609,.F.);
#12611=ADVANCED_FACE('',(#12610),#12603,.F.);
#12612=CARTESIAN_POINT('',(4.583332538605E-1,0.E0,-2.860638296604E1));
#12613=DIRECTION('',(2.001234283435E-1,0.E0,-9.797706943097E-1));
#12614=DIRECTION('',(-9.797706943097E-1,0.E0,-2.001234283435E-1));
#12615=AXIS2_PLACEMENT_3D('',#12612,#12613,#12614);
#12616=PLANE('',#12615);
#12617=ORIENTED_EDGE('',*,*,#10005,.F.);
#12619=ORIENTED_EDGE('',*,*,#12618,.F.);
#12620=ORIENTED_EDGE('',*,*,#12012,.T.);
#12621=ORIENTED_EDGE('',*,*,#12605,.T.);
#12622=EDGE_LOOP('',(#12617,#12619,#12620,#12621));
#12623=FACE_OUTER_BOUND('',#12622,.F.);
#12624=ADVANCED_FACE('',(#12623),#12616,.F.);
#12625=CARTESIAN_POINT('',(6.25E-1,0.E0,-2.852127659321E1));
#12626=DIRECTION('',(4.547769415434E-1,0.E0,-8.906053746977E-1));
#12627=DIRECTION('',(-8.906053746977E-1,0.E0,-4.547769415434E-1));
#12628=AXIS2_PLACEMENT_3D('',#12625,#12626,#12627);
#12629=PLANE('',#12628);
#12630=ORIENTED_EDGE('',*,*,#10003,.F.);
#12632=ORIENTED_EDGE('',*,*,#12631,.F.);
#12633=ORIENTED_EDGE('',*,*,#12014,.T.);
#12634=ORIENTED_EDGE('',*,*,#12618,.T.);
#12635=EDGE_LOOP('',(#12630,#12632,#12633,#12634));
#12636=FACE_OUTER_BOUND('',#12635,.F.);
#12637=ADVANCED_FACE('',(#12636),#12629,.F.);
#12638=CARTESIAN_POINT('',(7.916667461395E-1,0.E0,-2.835106384754E1));
#12639=DIRECTION('',(7.145102180353E-1,0.E0,-6.996250055017E-1));
#12640=DIRECTION('',(-6.996250055017E-1,0.E0,-7.145102180353E-1));
#12641=AXIS2_PLACEMENT_3D('',#12638,#12639,#12640);
#12642=PLANE('',#12641);
#12643=ORIENTED_EDGE('',*,*,#10001,.F.);
#12645=ORIENTED_EDGE('',*,*,#12644,.F.);
#12646=ORIENTED_EDGE('',*,*,#12016,.T.);
#12647=ORIENTED_EDGE('',*,*,#12631,.T.);
#12648=EDGE_LOOP('',(#12643,#12645,#12646,#12647));
#12649=FACE_OUTER_BOUND('',#12648,.F.);
#12650=ADVANCED_FACE('',(#12649),#12642,.F.);
#12651=CARTESIAN_POINT('',(8.75E-1,0.E0,-2.818085104227E1));
#12652=DIRECTION('',(8.981383235887E-1,0.E0,-4.397130333538E-1));
#12653=DIRECTION('',(-4.397130333538E-1,0.E0,-8.981383235887E-1));
#12654=AXIS2_PLACEMENT_3D('',#12651,#12652,#12653);
#12655=PLANE('',#12654);
#12656=ORIENTED_EDGE('',*,*,#9999,.F.);
#12658=ORIENTED_EDGE('',*,*,#12657,.F.);
#12659=ORIENTED_EDGE('',*,*,#12018,.T.);
#12660=ORIENTED_EDGE('',*,*,#12644,.T.);
#12661=EDGE_LOOP('',(#12656,#12658,#12659,#12660));
#12662=FACE_OUTER_BOUND('',#12661,.F.);
#12663=ADVANCED_FACE('',(#12662),#12655,.F.);
#12664=CARTESIAN_POINT('',(8.75E-1,0.E0,-2.796808511019E1));
#12665=DIRECTION('',(1.E0,0.E0,0.E0));
#12666=DIRECTION('',(0.E0,0.E0,-1.E0));
#12667=AXIS2_PLACEMENT_3D('',#12664,#12665,#12666);
#12668=PLANE('',#12667);
#12669=ORIENTED_EDGE('',*,*,#9997,.T.);
#12671=ORIENTED_EDGE('',*,*,#12670,.F.);
#12672=ORIENTED_EDGE('',*,*,#12020,.F.);
#12673=ORIENTED_EDGE('',*,*,#12657,.T.);
#12674=EDGE_LOOP('',(#12669,#12671,#12672,#12673));
#12675=FACE_OUTER_BOUND('',#12674,.F.);
#12676=ADVANCED_FACE('',(#12675),#12668,.F.);
#12677=CARTESIAN_POINT('',(7.916667461395E-1,0.E0,-2.779787233472E1));
#12678=DIRECTION('',(8.981382931841E-1,0.E0,4.397130954570E-1));
#12679=DIRECTION('',(4.397130954570E-1,0.E0,-8.981382931841E-1));
#12680=AXIS2_PLACEMENT_3D('',#12677,#12678,#12679);
#12681=PLANE('',#12680);
#12682=ORIENTED_EDGE('',*,*,#9995,.T.);
#12684=ORIENTED_EDGE('',*,*,#12683,.F.);
#12685=ORIENTED_EDGE('',*,*,#12022,.F.);
#12686=ORIENTED_EDGE('',*,*,#12670,.T.);
#12687=EDGE_LOOP('',(#12682,#12684,#12685,#12686));
#12688=FACE_OUTER_BOUND('',#12687,.F.);
#12689=ADVANCED_FACE('',(#12688),#12681,.F.);
#12690=CARTESIAN_POINT('',(6.25E-1,0.E0,-2.762765957415E1));
#12691=DIRECTION('',(7.145102486526E-1,0.E0,6.996249742329E-1));
#12692=DIRECTION('',(6.996249742329E-1,0.E0,-7.145102486526E-1));
#12693=AXIS2_PLACEMENT_3D('',#12690,#12691,#12692);
#12694=PLANE('',#12693);
#12695=ORIENTED_EDGE('',*,*,#9993,.T.);
#12697=ORIENTED_EDGE('',*,*,#12696,.F.);
#12698=ORIENTED_EDGE('',*,*,#12024,.F.);
#12699=ORIENTED_EDGE('',*,*,#12683,.T.);
#12700=EDGE_LOOP('',(#12695,#12697,#12698,#12699));
#12701=FACE_OUTER_BOUND('',#12700,.F.);
#12702=ADVANCED_FACE('',(#12701),#12694,.F.);
#12703=CARTESIAN_POINT('',(4.583332538605E-1,0.E0,-2.754255319014E1));
#12704=DIRECTION('',(4.547769889117E-1,0.E0,8.906053505096E-1));
#12705=DIRECTION('',(8.906053505096E-1,0.E0,-4.547769889117E-1));
#12706=AXIS2_PLACEMENT_3D('',#12703,#12704,#12705);
#12707=PLANE('',#12706);
#12708=ORIENTED_EDGE('',*,*,#9991,.T.);
#12710=ORIENTED_EDGE('',*,*,#12709,.F.);
#12711=ORIENTED_EDGE('',*,*,#12026,.F.);
#12712=ORIENTED_EDGE('',*,*,#12696,.T.);
#12713=EDGE_LOOP('',(#12708,#12710,#12711,#12712));
#12714=FACE_OUTER_BOUND('',#12713,.F.);
#12715=ADVANCED_FACE('',(#12714),#12707,.F.);
#12716=CARTESIAN_POINT('',(2.5E-1,0.E0,-2.75E1));
#12717=DIRECTION('',(2.001234451615E-1,0.E0,9.797706908745E-1));
#12718=DIRECTION('',(9.797706908745E-1,0.E0,-2.001234451615E-1));
#12719=AXIS2_PLACEMENT_3D('',#12716,#12717,#12718);
#12720=PLANE('',#12719);
#12721=ORIENTED_EDGE('',*,*,#9989,.T.);
#12723=ORIENTED_EDGE('',*,*,#12722,.F.);
#12724=ORIENTED_EDGE('',*,*,#12028,.F.);
#12725=ORIENTED_EDGE('',*,*,#12709,.T.);
#12726=EDGE_LOOP('',(#12721,#12723,#12724,#12725));
#12727=FACE_OUTER_BOUND('',#12726,.F.);
#12728=ADVANCED_FACE('',(#12727),#12720,.F.);
#12729=CARTESIAN_POINT('',(-8.333325386047E-2,0.E0,-2.75E1));
#12730=DIRECTION('',(0.E0,0.E0,1.E0));
#12731=DIRECTION('',(1.E0,0.E0,0.E0));
#12732=AXIS2_PLACEMENT_3D('',#12729,#12730,#12731);
#12733=PLANE('',#12732);
#12734=ORIENTED_EDGE('',*,*,#9987,.T.);
#12736=ORIENTED_EDGE('',*,*,#12735,.F.);
#12737=ORIENTED_EDGE('',*,*,#12030,.F.);
#12738=ORIENTED_EDGE('',*,*,#12722,.T.);
#12739=EDGE_LOOP('',(#12734,#12736,#12737,#12738));
#12740=FACE_OUTER_BOUND('',#12739,.F.);
#12741=ADVANCED_FACE('',(#12740),#12733,.F.);
#12742=CARTESIAN_POINT('',(-2.916667461395E-1,0.E0,-2.754255319014E1));
#12743=DIRECTION('',(-2.001232253108E-1,0.E0,9.797707357802E-1));
#12744=DIRECTION('',(9.797707357802E-1,0.E0,2.001232253108E-1));
#12745=AXIS2_PLACEMENT_3D('',#12742,#12743,#12744);
#12746=PLANE('',#12745);
#12747=ORIENTED_EDGE('',*,*,#9985,.T.);
#12749=ORIENTED_EDGE('',*,*,#12748,.F.);
#12750=ORIENTED_EDGE('',*,*,#12032,.F.);
#12751=ORIENTED_EDGE('',*,*,#12735,.T.);
#12752=EDGE_LOOP('',(#12747,#12749,#12750,#12751));
#12753=FACE_OUTER_BOUND('',#12752,.F.);
#12754=ADVANCED_FACE('',(#12753),#12746,.F.);
#12755=CARTESIAN_POINT('',(-5.E-1,0.E0,-2.767021276057E1));
#12756=DIRECTION('',(-5.224771067470E-1,0.E0,8.526533134429E-1));
#12757=DIRECTION('',(8.526533134429E-1,0.E0,5.224771067470E-1));
#12758=AXIS2_PLACEMENT_3D('',#12755,#12756,#12757);
#12759=PLANE('',#12758);
#12760=ORIENTED_EDGE('',*,*,#9983,.T.);
#12762=ORIENTED_EDGE('',*,*,#12761,.F.);
#12763=ORIENTED_EDGE('',*,*,#12034,.F.);
#12764=ORIENTED_EDGE('',*,*,#12748,.T.);
#12765=EDGE_LOOP('',(#12760,#12762,#12763,#12764));
#12766=FACE_OUTER_BOUND('',#12765,.F.);
#12767=ADVANCED_FACE('',(#12766),#12759,.F.);
#12768=CARTESIAN_POINT('',(-6.25E-1,0.E0,-2.788297873735E1));
#12769=DIRECTION('',(-8.622111667155E-1,0.E0,5.065490144015E-1));
#12770=DIRECTION('',(5.065490144015E-1,0.E0,8.622111667155E-1));
#12771=AXIS2_PLACEMENT_3D('',#12768,#12769,#12770);
#12772=PLANE('',#12771);
#12773=ORIENTED_EDGE('',*,*,#9981,.T.);
#12775=ORIENTED_EDGE('',*,*,#12774,.F.);
#12776=ORIENTED_EDGE('',*,*,#12036,.F.);
#12777=ORIENTED_EDGE('',*,*,#12761,.T.);
#12778=EDGE_LOOP('',(#12773,#12775,#12776,#12777));
#12779=FACE_OUTER_BOUND('',#12778,.F.);
#12780=ADVANCED_FACE('',(#12779),#12772,.F.);
#12781=CARTESIAN_POINT('',(-6.666666269302E-1,0.E0,-2.805319148302E1));
#12782=DIRECTION('',(-9.713212062349E-1,0.E0,2.377711385310E-1));
#12783=DIRECTION('',(2.377711385310E-1,0.E0,9.713212062349E-1));
#12784=AXIS2_PLACEMENT_3D('',#12781,#12782,#12783);
#12785=PLANE('',#12784);
#12786=ORIENTED_EDGE('',*,*,#9979,.T.);
#12788=ORIENTED_EDGE('',*,*,#12787,.F.);
#12789=ORIENTED_EDGE('',*,*,#12038,.F.);
#12790=ORIENTED_EDGE('',*,*,#12774,.T.);
#12791=EDGE_LOOP('',(#12786,#12788,#12789,#12790));
#12792=FACE_OUTER_BOUND('',#12791,.F.);
#12793=ADVANCED_FACE('',(#12792),#12785,.F.);
#12794=CARTESIAN_POINT('',(-4.166667461395E-1,0.E0,-2.805319148302E1));
#12795=DIRECTION('',(0.E0,0.E0,-1.E0));
#12796=DIRECTION('',(-1.E0,0.E0,0.E0));
#12797=AXIS2_PLACEMENT_3D('',#12794,#12795,#12796);
#12798=PLANE('',#12797);
#12799=ORIENTED_EDGE('',*,*,#9977,.F.);
#12801=ORIENTED_EDGE('',*,*,#12800,.F.);
#12802=ORIENTED_EDGE('',*,*,#12040,.T.);
#12803=ORIENTED_EDGE('',*,*,#12787,.T.);
#12804=EDGE_LOOP('',(#12799,#12801,#12802,#12803));
#12805=FACE_OUTER_BOUND('',#12804,.F.);
#12806=ADVANCED_FACE('',(#12805),#12798,.F.);
#12807=CARTESIAN_POINT('',(-3.75E-1,0.E0,-2.792553192377E1));
#12808=DIRECTION('',(9.506450175458E-1,0.E0,-3.102805998049E-1));
#12809=DIRECTION('',(-3.102805998049E-1,0.E0,-9.506450175458E-1));
#12810=AXIS2_PLACEMENT_3D('',#12807,#12808,#12809);
#12811=PLANE('',#12810);
#12812=ORIENTED_EDGE('',*,*,#9975,.F.);
#12814=ORIENTED_EDGE('',*,*,#12813,.F.);
#12815=ORIENTED_EDGE('',*,*,#12042,.T.);
#12816=ORIENTED_EDGE('',*,*,#12800,.T.);
#12817=EDGE_LOOP('',(#12812,#12814,#12815,#12816));
#12818=FACE_OUTER_BOUND('',#12817,.F.);
#12819=ADVANCED_FACE('',(#12818),#12811,.F.);
#12820=CARTESIAN_POINT('',(-2.5E-1,0.E0,-2.779787233472E1));
#12821=DIRECTION('',(7.145104664480E-1,0.E0,-6.996247518036E-1));
#12822=DIRECTION('',(-6.996247518036E-1,0.E0,-7.145104664480E-1));
#12823=AXIS2_PLACEMENT_3D('',#12820,#12821,#12822);
#12824=PLANE('',#12823);
#12825=ORIENTED_EDGE('',*,*,#9973,.F.);
#12827=ORIENTED_EDGE('',*,*,#12826,.F.);
#12828=ORIENTED_EDGE('',*,*,#12044,.T.);
#12829=ORIENTED_EDGE('',*,*,#12813,.T.);
#12830=EDGE_LOOP('',(#12825,#12827,#12828,#12829));
#12831=FACE_OUTER_BOUND('',#12830,.F.);
#12832=ADVANCED_FACE('',(#12831),#12824,.F.);
#12833=CARTESIAN_POINT('',(-8.333325386047E-2,0.E0,-2.775531914830E1));
#12834=DIRECTION('',(2.473831068378E-1,0.E0,-9.689177459678E-1));
#12835=DIRECTION('',(-9.689177459678E-1,0.E0,-2.473831068378E-1));
#12836=AXIS2_PLACEMENT_3D('',#12833,#12834,#12835);
#12837=PLANE('',#12836);
#12838=ORIENTED_EDGE('',*,*,#9971,.F.);
#12840=ORIENTED_EDGE('',*,*,#12839,.F.);
#12841=ORIENTED_EDGE('',*,*,#12046,.T.);
#12842=ORIENTED_EDGE('',*,*,#12826,.T.);
#12843=EDGE_LOOP('',(#12838,#12840,#12841,#12842));
#12844=FACE_OUTER_BOUND('',#12843,.F.);
#12845=ADVANCED_FACE('',(#12844),#12837,.F.);
#12846=CARTESIAN_POINT('',(2.5E-1,0.E0,-2.775531914830E1));
#12847=DIRECTION('',(0.E0,0.E0,-1.E0));
#12848=DIRECTION('',(-1.E0,0.E0,0.E0));
#12849=AXIS2_PLACEMENT_3D('',#12846,#12847,#12848);
#12850=PLANE('',#12849);
#12851=ORIENTED_EDGE('',*,*,#9969,.F.);
#12853=ORIENTED_EDGE('',*,*,#12852,.F.);
#12854=ORIENTED_EDGE('',*,*,#12048,.T.);
#12855=ORIENTED_EDGE('',*,*,#12839,.T.);
#12856=EDGE_LOOP('',(#12851,#12853,#12854,#12855));
#12857=FACE_OUTER_BOUND('',#12856,.F.);
#12858=ADVANCED_FACE('',(#12857),#12850,.F.);
#12859=CARTESIAN_POINT('',(4.166667461395E-1,0.E0,-2.779787233472E1));
#12860=DIRECTION('',(-2.473831068378E-1,0.E0,-9.689177459678E-1));
#12861=DIRECTION('',(-9.689177459678E-1,0.E0,2.473831068378E-1));
#12862=AXIS2_PLACEMENT_3D('',#12859,#12860,#12861);
#12863=PLANE('',#12862);
#12864=ORIENTED_EDGE('',*,*,#9967,.F.);
#12866=ORIENTED_EDGE('',*,*,#12865,.F.);
#12867=ORIENTED_EDGE('',*,*,#12050,.T.);
#12868=ORIENTED_EDGE('',*,*,#12852,.T.);
#12869=EDGE_LOOP('',(#12864,#12866,#12867,#12868));
#12870=FACE_OUTER_BOUND('',#12869,.F.);
#12871=ADVANCED_FACE('',(#12870),#12863,.F.);
#12872=CARTESIAN_POINT('',(5.416667461395E-1,0.E0,-2.788297873735E1));
#12873=DIRECTION('',(-5.627910658975E-1,0.E0,-8.265991871191E-1));
#12874=DIRECTION('',(-8.265991871191E-1,0.E0,5.627910658975E-1));
#12875=AXIS2_PLACEMENT_3D('',#12872,#12873,#12874);
#12876=PLANE('',#12875);
#12877=ORIENTED_EDGE('',*,*,#9965,.F.);
#12879=ORIENTED_EDGE('',*,*,#12878,.F.);
#12880=ORIENTED_EDGE('',*,*,#12052,.T.);
#12881=ORIENTED_EDGE('',*,*,#12865,.T.);
#12882=EDGE_LOOP('',(#12877,#12879,#12880,#12881));
#12883=FACE_OUTER_BOUND('',#12882,.F.);
#12884=ADVANCED_FACE('',(#12883),#12876,.F.);
#12885=CARTESIAN_POINT('',(6.25E-1,0.E0,-2.801063829660E1));
#12886=DIRECTION('',(-8.373793591563E-1,0.E0,-5.466221810895E-1));
#12887=DIRECTION('',(-5.466221810895E-1,0.E0,8.373793591563E-1));
#12888=AXIS2_PLACEMENT_3D('',#12885,#12886,#12887);
#12889=PLANE('',#12888);
#12890=ORIENTED_EDGE('',*,*,#9963,.F.);
#12892=ORIENTED_EDGE('',*,*,#12891,.F.);
#12893=ORIENTED_EDGE('',*,*,#12054,.T.);
#12894=ORIENTED_EDGE('',*,*,#12878,.T.);
#12895=EDGE_LOOP('',(#12890,#12892,#12893,#12894));
#12896=FACE_OUTER_BOUND('',#12895,.F.);
#12897=ADVANCED_FACE('',(#12896),#12889,.F.);
#12898=CARTESIAN_POINT('',(6.25E-1,0.E0,-2.813829785585E1));
#12899=DIRECTION('',(-1.E0,0.E0,0.E0));
#12900=DIRECTION('',(0.E0,0.E0,1.E0));
#12901=AXIS2_PLACEMENT_3D('',#12898,#12899,#12900);
#12902=PLANE('',#12901);
#12903=ORIENTED_EDGE('',*,*,#9961,.F.);
#12905=ORIENTED_EDGE('',*,*,#12904,.F.);
#12906=ORIENTED_EDGE('',*,*,#12056,.T.);
#12907=ORIENTED_EDGE('',*,*,#12891,.T.);
#12908=EDGE_LOOP('',(#12903,#12905,#12906,#12907));
#12909=FACE_OUTER_BOUND('',#12908,.F.);
#12910=ADVANCED_FACE('',(#12909),#12902,.F.);
#12911=CARTESIAN_POINT('',(5.416667461395E-1,0.E0,-2.826595747471E1));
#12912=DIRECTION('',(-8.373794759779E-1,0.E0,5.466220021285E-1));
#12913=DIRECTION('',(5.466220021285E-1,0.E0,8.373794759779E-1));
#12914=AXIS2_PLACEMENT_3D('',#12911,#12912,#12913);
#12915=PLANE('',#12914);
#12916=ORIENTED_EDGE('',*,*,#9959,.T.);
#12918=ORIENTED_EDGE('',*,*,#12917,.F.);
#12919=ORIENTED_EDGE('',*,*,#12058,.F.);
#12920=ORIENTED_EDGE('',*,*,#12904,.T.);
#12921=EDGE_LOOP('',(#12916,#12918,#12919,#12920));
#12922=FACE_OUTER_BOUND('',#12921,.F.);
#12923=ADVANCED_FACE('',(#12922),#12915,.F.);
#12924=CARTESIAN_POINT('',(4.166667461395E-1,0.E0,-2.835106384754E1));
#12925=DIRECTION('',(-5.627909312417E-1,0.E0,8.265992787996E-1));
#12926=DIRECTION('',(8.265992787996E-1,0.E0,5.627909312417E-1));
#12927=AXIS2_PLACEMENT_3D('',#12924,#12925,#12926);
#12928=PLANE('',#12927);
#12929=ORIENTED_EDGE('',*,*,#9957,.T.);
#12931=ORIENTED_EDGE('',*,*,#12930,.F.);
#12932=ORIENTED_EDGE('',*,*,#12060,.F.);
#12933=ORIENTED_EDGE('',*,*,#12917,.T.);
#12934=EDGE_LOOP('',(#12929,#12931,#12932,#12933));
#12935=FACE_OUTER_BOUND('',#12934,.F.);
#12936=ADVANCED_FACE('',(#12935),#12928,.F.);
#12937=CARTESIAN_POINT('',(2.5E-1,0.E0,-2.839361703396E1));
#12938=DIRECTION('',(-2.473831068378E-1,0.E0,9.689177459678E-1));
#12939=DIRECTION('',(9.689177459678E-1,0.E0,2.473831068378E-1));
#12940=AXIS2_PLACEMENT_3D('',#12937,#12938,#12939);
#12941=PLANE('',#12940);
#12942=ORIENTED_EDGE('',*,*,#9955,.T.);
#12944=ORIENTED_EDGE('',*,*,#12943,.F.);
#12945=ORIENTED_EDGE('',*,*,#12062,.F.);
#12946=ORIENTED_EDGE('',*,*,#12930,.T.);
#12947=EDGE_LOOP('',(#12942,#12944,#12945,#12946));
#12948=FACE_OUTER_BOUND('',#12947,.F.);
#12949=ADVANCED_FACE('',(#12948),#12941,.F.);
#12950=CARTESIAN_POINT('',(0.E0,0.E0,-2.839361703396E1));
#12951=DIRECTION('',(0.E0,0.E0,1.E0));
#12952=DIRECTION('',(1.E0,0.E0,0.E0));
#12953=AXIS2_PLACEMENT_3D('',#12950,#12951,#12952);
#12954=PLANE('',#12953);
#12955=ORIENTED_EDGE('',*,*,#9953,.T.);
#12957=ORIENTED_EDGE('',*,*,#12956,.F.);
#12958=ORIENTED_EDGE('',*,*,#12064,.F.);
#12959=ORIENTED_EDGE('',*,*,#12943,.T.);
#12960=EDGE_LOOP('',(#12955,#12957,#12958,#12959));
#12961=FACE_OUTER_BOUND('',#12960,.F.);
#12962=ADVANCED_FACE('',(#12961),#12954,.F.);
#12963=CARTESIAN_POINT('',(-1.666667461395E-1,0.E0,-2.843617022038E1));
#12964=DIRECTION('',(-2.473831068378E-1,0.E0,9.689177459678E-1));
#12965=DIRECTION('',(9.689177459678E-1,0.E0,2.473831068378E-1));
#12966=AXIS2_PLACEMENT_3D('',#12963,#12964,#12965);
#12967=PLANE('',#12966);
#12968=ORIENTED_EDGE('',*,*,#9951,.T.);
#12970=ORIENTED_EDGE('',*,*,#12969,.F.);
#12971=ORIENTED_EDGE('',*,*,#12066,.F.);
#12972=ORIENTED_EDGE('',*,*,#12956,.T.);
#12973=EDGE_LOOP('',(#12968,#12970,#12971,#12972));
#12974=FACE_OUTER_BOUND('',#12973,.F.);
#12975=ADVANCED_FACE('',(#12974),#12967,.F.);
#12976=CARTESIAN_POINT('',(-3.333332538605E-1,0.E0,-2.852127659321E1));
#12977=DIRECTION('',(-4.547774575564E-1,0.E0,8.906051112017E-1));
#12978=DIRECTION('',(8.906051112017E-1,0.E0,4.547774575564E-1));
#12979=AXIS2_PLACEMENT_3D('',#12976,#12977,#12978);
#12980=PLANE('',#12979);
#12981=ORIENTED_EDGE('',*,*,#9949,.T.);
#12983=ORIENTED_EDGE('',*,*,#12982,.F.);
#12984=ORIENTED_EDGE('',*,*,#12068,.F.);
#12985=ORIENTED_EDGE('',*,*,#12969,.T.);
#12986=EDGE_LOOP('',(#12981,#12983,#12984,#12985));
#12987=FACE_OUTER_BOUND('',#12986,.F.);
#12988=ADVANCED_FACE('',(#12987),#12980,.F.);
#12989=CARTESIAN_POINT('',(-5.E-1,0.E0,-2.869148933887E1));
#12990=DIRECTION('',(-7.145102180353E-1,0.E0,6.996250055017E-1));
#12991=DIRECTION('',(6.996250055017E-1,0.E0,7.145102180353E-1));
#12992=AXIS2_PLACEMENT_3D('',#12989,#12990,#12991);
#12993=PLANE('',#12992);
#12994=ORIENTED_EDGE('',*,*,#9947,.T.);
#12996=ORIENTED_EDGE('',*,*,#12995,.F.);
#12997=ORIENTED_EDGE('',*,*,#12070,.F.);
#12998=ORIENTED_EDGE('',*,*,#12982,.T.);
#12999=EDGE_LOOP('',(#12994,#12996,#12997,#12998));
#13000=FACE_OUTER_BOUND('',#12999,.F.);
#13001=ADVANCED_FACE('',(#13000),#12993,.F.);
#13002=CARTESIAN_POINT('',(-5.416666269302E-1,0.E0,-2.886170208454E1));
#13003=DIRECTION('',(-9.713212062349E-1,0.E0,2.377711385310E-1));
#13004=DIRECTION('',(2.377711385310E-1,0.E0,9.713212062349E-1));
#13005=AXIS2_PLACEMENT_3D('',#13002,#13003,#13004);
#13006=PLANE('',#13005);
#13007=ORIENTED_EDGE('',*,*,#9945,.T.);
#13009=ORIENTED_EDGE('',*,*,#13008,.F.);
#13010=ORIENTED_EDGE('',*,*,#12072,.F.);
#13011=ORIENTED_EDGE('',*,*,#12995,.T.);
#13012=EDGE_LOOP('',(#13007,#13009,#13010,#13011));
#13013=FACE_OUTER_BOUND('',#13012,.F.);
#13014=ADVANCED_FACE('',(#13013),#13006,.F.);
#13015=CARTESIAN_POINT('',(-5.416666269302E-1,0.E0,-2.903191494942E1));
#13016=DIRECTION('',(-1.E0,0.E0,0.E0));
#13017=DIRECTION('',(0.E0,0.E0,1.E0));
#13018=AXIS2_PLACEMENT_3D('',#13015,#13016,#13017);
#13019=PLANE('',#13018);
#13020=ORIENTED_EDGE('',*,*,#9943,.F.);
#13022=ORIENTED_EDGE('',*,*,#13021,.F.);
#13023=ORIENTED_EDGE('',*,*,#12074,.T.);
#13024=ORIENTED_EDGE('',*,*,#13008,.T.);
#13025=EDGE_LOOP('',(#13020,#13022,#13023,#13024));
#13026=FACE_OUTER_BOUND('',#13025,.F.);
#13027=ADVANCED_FACE('',(#13026),#13019,.F.);
#13028=CARTESIAN_POINT('',(-5.E-1,0.E0,-2.920212769508E1));
#13029=DIRECTION('',(-9.713212062349E-1,0.E0,-2.377711385310E-1));
#13030=DIRECTION('',(-2.377711385310E-1,0.E0,9.713212062349E-1));
#13031=AXIS2_PLACEMENT_3D('',#13028,#13029,#13030);
#13032=PLANE('',#13031);
#13033=ORIENTED_EDGE('',*,*,#9941,.F.);
#13035=ORIENTED_EDGE('',*,*,#13034,.F.);
#13036=ORIENTED_EDGE('',*,*,#12076,.T.);
#13037=ORIENTED_EDGE('',*,*,#13021,.T.);
#13038=EDGE_LOOP('',(#13033,#13035,#13036,#13037));
#13039=FACE_OUTER_BOUND('',#13038,.F.);
#13040=ADVANCED_FACE('',(#13039),#13032,.F.);
#13041=CARTESIAN_POINT('',(-3.333332538605E-1,0.E0,-2.937234044075E1));
#13042=DIRECTION('',(-7.145102180353E-1,0.E0,-6.996250055017E-1));
#13043=DIRECTION('',(-6.996250055017E-1,0.E0,7.145102180353E-1));
#13044=AXIS2_PLACEMENT_3D('',#13041,#13042,#13043);
#13045=PLANE('',#13044);
#13046=ORIENTED_EDGE('',*,*,#9939,.F.);
#13048=ORIENTED_EDGE('',*,*,#13047,.F.);
#13049=ORIENTED_EDGE('',*,*,#12078,.T.);
#13050=ORIENTED_EDGE('',*,*,#13034,.T.);
#13051=EDGE_LOOP('',(#13046,#13048,#13049,#13050));
#13052=FACE_OUTER_BOUND('',#13051,.F.);
#13053=ADVANCED_FACE('',(#13052),#13045,.F.);
#13054=CARTESIAN_POINT('',(-1.666667461395E-1,0.E0,-2.945744681358E1));
#13055=DIRECTION('',(-4.547774575564E-1,0.E0,-8.906051112017E-1));
#13056=DIRECTION('',(-8.906051112017E-1,0.E0,4.547774575564E-1));
#13057=AXIS2_PLACEMENT_3D('',#13054,#13055,#13056);
#13058=PLANE('',#13057);
#13059=ORIENTED_EDGE('',*,*,#9937,.F.);
#13061=ORIENTED_EDGE('',*,*,#13060,.F.);
#13062=ORIENTED_EDGE('',*,*,#12080,.T.);
#13063=ORIENTED_EDGE('',*,*,#13047,.T.);
#13064=EDGE_LOOP('',(#13059,#13061,#13062,#13063));
#13065=FACE_OUTER_BOUND('',#13064,.F.);
#13066=ADVANCED_FACE('',(#13065),#13058,.F.);
#13067=CARTESIAN_POINT('',(0.E0,0.E0,-2.95E1));
#13068=DIRECTION('',(-2.473831068378E-1,0.E0,-9.689177459678E-1));
#13069=DIRECTION('',(-9.689177459678E-1,0.E0,2.473831068378E-1));
#13070=AXIS2_PLACEMENT_3D('',#13067,#13068,#13069);
#13071=PLANE('',#13070);
#13072=ORIENTED_EDGE('',*,*,#9935,.F.);
#13074=ORIENTED_EDGE('',*,*,#13073,.F.);
#13075=ORIENTED_EDGE('',*,*,#12082,.T.);
#13076=ORIENTED_EDGE('',*,*,#13060,.T.);
#13077=EDGE_LOOP('',(#13072,#13074,#13075,#13076));
#13078=FACE_OUTER_BOUND('',#13077,.F.);
#13079=ADVANCED_FACE('',(#13078),#13071,.F.);
#13080=CARTESIAN_POINT('',(2.083332538605E-1,0.E0,-2.95E1));
#13081=DIRECTION('',(0.E0,0.E0,-1.E0));
#13082=DIRECTION('',(-1.E0,0.E0,0.E0));
#13083=AXIS2_PLACEMENT_3D('',#13080,#13081,#13082);
#13084=PLANE('',#13083);
#13085=ORIENTED_EDGE('',*,*,#9933,.F.);
#13087=ORIENTED_EDGE('',*,*,#13086,.F.);
#13088=ORIENTED_EDGE('',*,*,#12084,.T.);
#13089=ORIENTED_EDGE('',*,*,#13073,.T.);
#13090=EDGE_LOOP('',(#13085,#13087,#13088,#13089));
#13091=FACE_OUTER_BOUND('',#13090,.F.);
#13092=ADVANCED_FACE('',(#13091),#13084,.F.);
#13093=CARTESIAN_POINT('',(4.166667461395E-1,0.E0,-2.945744681358E1));
#13094=DIRECTION('',(2.001232084928E-1,0.E0,-9.797707392153E-1));
#13095=DIRECTION('',(-9.797707392153E-1,0.E0,-2.001232084928E-1));
#13096=AXIS2_PLACEMENT_3D('',#13093,#13094,#13095);
#13097=PLANE('',#13096);
#13098=ORIENTED_EDGE('',*,*,#9931,.F.);
#13100=ORIENTED_EDGE('',*,*,#13099,.F.);
#13101=ORIENTED_EDGE('',*,*,#12086,.T.);
#13102=ORIENTED_EDGE('',*,*,#13086,.T.);
#13103=EDGE_LOOP('',(#13098,#13100,#13101,#13102));
#13104=FACE_OUTER_BOUND('',#13103,.F.);
#13105=ADVANCED_FACE('',(#13104),#13097,.F.);
#13106=CARTESIAN_POINT('',(5.833332538605E-1,0.E0,-2.932978725433E1));
#13107=DIRECTION('',(6.080771975856E-1,0.E0,-7.938779010506E-1));
#13108=DIRECTION('',(-7.938779010506E-1,0.E0,-6.080771975856E-1));
#13109=AXIS2_PLACEMENT_3D('',#13106,#13107,#13108);
#13110=PLANE('',#13109);
#13111=ORIENTED_EDGE('',*,*,#9929,.F.);
#13113=ORIENTED_EDGE('',*,*,#13112,.F.);
#13114=ORIENTED_EDGE('',*,*,#12088,.T.);
#13115=ORIENTED_EDGE('',*,*,#13099,.T.);
#13116=EDGE_LOOP('',(#13111,#13113,#13114,#13115));
#13117=FACE_OUTER_BOUND('',#13116,.F.);
#13118=ADVANCED_FACE('',(#13117),#13110,.F.);
#13119=CARTESIAN_POINT('',(7.083332538605E-1,0.E0,-2.915957450867E1));
#13120=DIRECTION('',(8.060043958311E-1,0.E0,-5.919095487496E-1));
#13121=DIRECTION('',(-5.919095487496E-1,0.E0,-8.060043958311E-1));
#13122=AXIS2_PLACEMENT_3D('',#13119,#13120,#13121);
#13123=PLANE('',#13122);
#13124=ORIENTED_EDGE('',*,*,#9927,.F.);
#13126=ORIENTED_EDGE('',*,*,#13125,.F.);
#13127=ORIENTED_EDGE('',*,*,#12090,.T.);
#13128=ORIENTED_EDGE('',*,*,#13112,.T.);
#13129=EDGE_LOOP('',(#13124,#13126,#13127,#13128));
#13130=FACE_OUTER_BOUND('',#13129,.F.);
#13131=ADVANCED_FACE('',(#13130),#13123,.F.);
#13132=CARTESIAN_POINT('',(7.5E-1,0.E0,-2.903191494942E1));
#13133=DIRECTION('',(9.506450175458E-1,0.E0,-3.102805998049E-1));
#13134=DIRECTION('',(-3.102805998049E-1,0.E0,-9.506450175458E-1));
#13135=AXIS2_PLACEMENT_3D('',#13132,#13133,#13134);
#13136=PLANE('',#13135);
#13137=ORIENTED_EDGE('',*,*,#9925,.F.);
#13139=ORIENTED_EDGE('',*,*,#13138,.F.);
#13140=ORIENTED_EDGE('',*,*,#12092,.T.);
#13141=ORIENTED_EDGE('',*,*,#13125,.T.);
#13142=EDGE_LOOP('',(#13137,#13139,#13140,#13141));
#13143=FACE_OUTER_BOUND('',#13142,.F.);
#13144=ADVANCED_FACE('',(#13143),#13136,.F.);
#13145=CARTESIAN_POINT('',(5.E-1,0.E0,-2.903191494942E1));
#13146=DIRECTION('',(0.E0,0.E0,1.E0));
#13147=DIRECTION('',(1.E0,0.E0,0.E0));
#13148=AXIS2_PLACEMENT_3D('',#13145,#13146,#13147);
#13149=PLANE('',#13148);
#13150=ORIENTED_EDGE('',*,*,#9923,.T.);
#13151=ORIENTED_EDGE('',*,*,#12464,.F.);
#13152=ORIENTED_EDGE('',*,*,#12094,.F.);
#13153=ORIENTED_EDGE('',*,*,#13138,.T.);
#13154=EDGE_LOOP('',(#13150,#13151,#13152,#13153));
#13155=FACE_OUTER_BOUND('',#13154,.F.);
#13156=ADVANCED_FACE('',(#13155),#13149,.F.);
#13157=CARTESIAN_POINT('',(2.5E0,0.E0,-2.852127659321E1));
#13158=DIRECTION('',(4.547764255314E-1,0.E0,8.906056381928E-1));
#13159=DIRECTION('',(8.906056381928E-1,0.E0,-4.547764255314E-1));
#13160=AXIS2_PLACEMENT_3D('',#13157,#13158,#13159);
#13161=PLANE('',#13160);
#13162=ORIENTED_EDGE('',*,*,#10031,.T.);
#13164=ORIENTED_EDGE('',*,*,#13163,.F.);
#13165=ORIENTED_EDGE('',*,*,#12104,.F.);
#13167=ORIENTED_EDGE('',*,*,#13166,.T.);
#13168=EDGE_LOOP('',(#13162,#13164,#13165,#13167));
#13169=FACE_OUTER_BOUND('',#13168,.F.);
#13170=ADVANCED_FACE('',(#13169),#13161,.F.);
#13171=CARTESIAN_POINT('',(2.583333492279E0,0.E0,-2.847872340679E1));
#13172=DIRECTION('',(4.547764255314E-1,0.E0,-8.906056381928E-1));
#13173=DIRECTION('',(-8.906056381928E-1,0.E0,-4.547764255314E-1));
#13174=AXIS2_PLACEMENT_3D('',#13171,#13172,#13173);
#13175=PLANE('',#13174);
#13176=ORIENTED_EDGE('',*,*,#10067,.F.);
#13178=ORIENTED_EDGE('',*,*,#13177,.F.);
#13179=ORIENTED_EDGE('',*,*,#12106,.T.);
#13180=ORIENTED_EDGE('',*,*,#13163,.T.);
#13181=EDGE_LOOP('',(#13176,#13178,#13179,#13180));
#13182=FACE_OUTER_BOUND('',#13181,.F.);
#13183=ADVANCED_FACE('',(#13182),#13175,.F.);
#13184=CARTESIAN_POINT('',(2.708333492279E0,0.E0,-2.830851066113E1));
#13185=DIRECTION('',(8.060043958311E-1,0.E0,-5.919095487496E-1));
#13186=DIRECTION('',(-5.919095487496E-1,0.E0,-8.060043958311E-1));
#13187=AXIS2_PLACEMENT_3D('',#13184,#13185,#13186);
#13188=PLANE('',#13187);
#13189=ORIENTED_EDGE('',*,*,#10065,.F.);
#13191=ORIENTED_EDGE('',*,*,#13190,.F.);
#13192=ORIENTED_EDGE('',*,*,#12108,.T.);
#13193=ORIENTED_EDGE('',*,*,#13177,.T.);
#13194=EDGE_LOOP('',(#13189,#13191,#13192,#13193));
#13195=FACE_OUTER_BOUND('',#13194,.F.);
#13196=ADVANCED_FACE('',(#13195),#13188,.F.);
#13197=CARTESIAN_POINT('',(2.75E0,0.E0,-2.818085104227E1));
#13198=DIRECTION('',(9.506455839711E-1,0.E0,-3.102788643726E-1));
#13199=DIRECTION('',(-3.102788643726E-1,0.E0,-9.506455839711E-1));
#13200=AXIS2_PLACEMENT_3D('',#13197,#13198,#13199);
#13201=PLANE('',#13200);
#13202=ORIENTED_EDGE('',*,*,#10063,.F.);
#13204=ORIENTED_EDGE('',*,*,#13203,.F.);
#13205=ORIENTED_EDGE('',*,*,#12110,.T.);
#13206=ORIENTED_EDGE('',*,*,#13190,.T.);
#13207=EDGE_LOOP('',(#13202,#13204,#13205,#13206));
#13208=FACE_OUTER_BOUND('',#13207,.F.);
#13209=ADVANCED_FACE('',(#13208),#13201,.F.);
#13210=CARTESIAN_POINT('',(2.75E0,0.E0,-2.796808511019E1));
#13211=DIRECTION('',(1.E0,0.E0,0.E0));
#13212=DIRECTION('',(0.E0,0.E0,-1.E0));
#13213=AXIS2_PLACEMENT_3D('',#13210,#13211,#13212);
#13214=PLANE('',#13213);
#13215=ORIENTED_EDGE('',*,*,#10061,.T.);
#13217=ORIENTED_EDGE('',*,*,#13216,.F.);
#13218=ORIENTED_EDGE('',*,*,#12112,.F.);
#13219=ORIENTED_EDGE('',*,*,#13203,.T.);
#13220=EDGE_LOOP('',(#13215,#13217,#13218,#13219));
#13221=FACE_OUTER_BOUND('',#13220,.F.);
#13222=ADVANCED_FACE('',(#13221),#13214,.F.);
#13223=CARTESIAN_POINT('',(2.708333492279E0,0.E0,-2.784042552114E1));
#13224=DIRECTION('',(9.506455626052E-1,0.E0,3.102789298341E-1));
#13225=DIRECTION('',(3.102789298341E-1,0.E0,-9.506455626052E-1));
#13226=AXIS2_PLACEMENT_3D('',#13223,#13224,#13225);
#13227=PLANE('',#13226);
#13228=ORIENTED_EDGE('',*,*,#10059,.T.);
#13230=ORIENTED_EDGE('',*,*,#13229,.F.);
#13231=ORIENTED_EDGE('',*,*,#12114,.F.);
#13232=ORIENTED_EDGE('',*,*,#13216,.T.);
#13233=EDGE_LOOP('',(#13228,#13230,#13231,#13232));
#13234=FACE_OUTER_BOUND('',#13233,.F.);
#13235=ADVANCED_FACE('',(#13234),#13227,.F.);
#13236=CARTESIAN_POINT('',(2.583333492279E0,0.E0,-2.767021276057E1));
#13237=DIRECTION('',(8.060044205527E-1,0.E0,5.919095150862E-1));
#13238=DIRECTION('',(5.919095150862E-1,0.E0,-8.060044205527E-1));
#13239=AXIS2_PLACEMENT_3D('',#13236,#13237,#13238);
#13240=PLANE('',#13239);
#13241=ORIENTED_EDGE('',*,*,#10057,.T.);
#13243=ORIENTED_EDGE('',*,*,#13242,.F.);
#13244=ORIENTED_EDGE('',*,*,#12116,.F.);
#13245=ORIENTED_EDGE('',*,*,#13229,.T.);
#13246=EDGE_LOOP('',(#13241,#13243,#13244,#13245));
#13247=FACE_OUTER_BOUND('',#13246,.F.);
#13248=ADVANCED_FACE('',(#13247),#13240,.F.);
#13249=CARTESIAN_POINT('',(2.416666507721E0,0.E0,-2.754255319014E1));
#13250=DIRECTION('',(6.080761346895E-1,0.E0,7.938787151833E-1));
#13251=DIRECTION('',(7.938787151833E-1,0.E0,-6.080761346895E-1));
#13252=AXIS2_PLACEMENT_3D('',#13249,#13250,#13251);
#13253=PLANE('',#13252);
#13254=ORIENTED_EDGE('',*,*,#10055,.T.);
#13256=ORIENTED_EDGE('',*,*,#13255,.F.);
#13257=ORIENTED_EDGE('',*,*,#12118,.F.);
#13258=ORIENTED_EDGE('',*,*,#13242,.T.);
#13259=EDGE_LOOP('',(#13254,#13256,#13257,#13258));
#13260=FACE_OUTER_BOUND('',#13259,.F.);
#13261=ADVANCED_FACE('',(#13260),#13253,.F.);
#13262=CARTESIAN_POINT('',(2.208333492279E0,0.E0,-2.75E1));
#13263=DIRECTION('',(2.001236650127E-1,0.E0,9.797706459687E-1));
#13264=DIRECTION('',(9.797706459687E-1,0.E0,-2.001236650127E-1));
#13265=AXIS2_PLACEMENT_3D('',#13262,#13263,#13264);
#13266=PLANE('',#13265);
#13267=ORIENTED_EDGE('',*,*,#10053,.T.);
#13269=ORIENTED_EDGE('',*,*,#13268,.F.);
#13270=ORIENTED_EDGE('',*,*,#12120,.F.);
#13271=ORIENTED_EDGE('',*,*,#13255,.T.);
#13272=EDGE_LOOP('',(#13267,#13269,#13270,#13271));
#13273=FACE_OUTER_BOUND('',#13272,.F.);
#13274=ADVANCED_FACE('',(#13273),#13266,.F.);
#13275=CARTESIAN_POINT('',(1.208333253860E0,0.E0,-2.75E1));
#13276=DIRECTION('',(0.E0,0.E0,1.E0));
#13277=DIRECTION('',(1.E0,0.E0,0.E0));
#13278=AXIS2_PLACEMENT_3D('',#13275,#13276,#13277);
#13279=PLANE('',#13278);
#13280=ORIENTED_EDGE('',*,*,#10051,.T.);
#13282=ORIENTED_EDGE('',*,*,#13281,.F.);
#13283=ORIENTED_EDGE('',*,*,#12122,.F.);
#13284=ORIENTED_EDGE('',*,*,#13268,.T.);
#13285=EDGE_LOOP('',(#13280,#13282,#13283,#13284));
#13286=FACE_OUTER_BOUND('',#13285,.F.);
#13287=ADVANCED_FACE('',(#13286),#13279,.F.);
#13288=CARTESIAN_POINT('',(1.208333253860E0,0.E0,-2.95E1));
#13289=DIRECTION('',(-1.E0,0.E0,0.E0));
#13290=DIRECTION('',(0.E0,0.E0,1.E0));
#13291=AXIS2_PLACEMENT_3D('',#13288,#13289,#13290);
#13292=PLANE('',#13291);
#13293=ORIENTED_EDGE('',*,*,#10049,.F.);
#13295=ORIENTED_EDGE('',*,*,#13294,.F.);
#13296=ORIENTED_EDGE('',*,*,#12124,.T.);
#13297=ORIENTED_EDGE('',*,*,#13281,.T.);
#13298=EDGE_LOOP('',(#13293,#13295,#13296,#13297));
#13299=FACE_OUTER_BOUND('',#13298,.F.);
#13300=ADVANCED_FACE('',(#13299),#13292,.F.);
#13301=CARTESIAN_POINT('',(2.208333492279E0,0.E0,-2.95E1));
#13302=DIRECTION('',(0.E0,0.E0,-1.E0));
#13303=DIRECTION('',(-1.E0,0.E0,0.E0));
#13304=AXIS2_PLACEMENT_3D('',#13301,#13302,#13303);
#13305=PLANE('',#13304);
#13306=ORIENTED_EDGE('',*,*,#10047,.F.);
#13308=ORIENTED_EDGE('',*,*,#13307,.F.);
#13309=ORIENTED_EDGE('',*,*,#12126,.T.);
#13310=ORIENTED_EDGE('',*,*,#13294,.T.);
#13311=EDGE_LOOP('',(#13306,#13308,#13309,#13310));
#13312=FACE_OUTER_BOUND('',#13311,.F.);
#13313=ADVANCED_FACE('',(#13312),#13305,.F.);
#13314=CARTESIAN_POINT('',(2.416666507721E0,0.E0,-2.945744681358E1));
#13315=DIRECTION('',(2.001236481946E-1,0.E0,-9.797706494039E-1));
#13316=DIRECTION('',(-9.797706494039E-1,0.E0,-2.001236481946E-1));
#13317=AXIS2_PLACEMENT_3D('',#13314,#13315,#13316);
#13318=PLANE('',#13317);
#13319=ORIENTED_EDGE('',*,*,#10045,.F.);
#13321=ORIENTED_EDGE('',*,*,#13320,.F.);
#13322=ORIENTED_EDGE('',*,*,#12128,.T.);
#13323=ORIENTED_EDGE('',*,*,#13307,.T.);
#13324=EDGE_LOOP('',(#13319,#13321,#13322,#13323));
#13325=FACE_OUTER_BOUND('',#13324,.F.);
#13326=ADVANCED_FACE('',(#13325),#13318,.F.);
#13327=CARTESIAN_POINT('',(2.583333492279E0,0.E0,-2.932978725433E1));
#13328=DIRECTION('',(6.080761011394E-1,0.E0,-7.938787408812E-1));
#13329=DIRECTION('',(-7.938787408812E-1,0.E0,-6.080761011394E-1));
#13330=AXIS2_PLACEMENT_3D('',#13327,#13328,#13329);
#13331=PLANE('',#13330);
#13332=ORIENTED_EDGE('',*,*,#10043,.F.);
#13334=ORIENTED_EDGE('',*,*,#13333,.F.);
#13335=ORIENTED_EDGE('',*,*,#12130,.T.);
#13336=ORIENTED_EDGE('',*,*,#13320,.T.);
#13337=EDGE_LOOP('',(#13332,#13334,#13335,#13336));
#13338=FACE_OUTER_BOUND('',#13337,.F.);
#13339=ADVANCED_FACE('',(#13338),#13331,.F.);
#13340=CARTESIAN_POINT('',(2.708333492279E0,0.E0,-2.915957450867E1));
#13341=DIRECTION('',(8.060043958311E-1,0.E0,-5.919095487496E-1));
#13342=DIRECTION('',(-5.919095487496E-1,0.E0,-8.060043958311E-1));
#13343=AXIS2_PLACEMENT_3D('',#13340,#13341,#13342);
#13344=PLANE('',#13343);
#13345=ORIENTED_EDGE('',*,*,#10041,.F.);
#13347=ORIENTED_EDGE('',*,*,#13346,.F.);
#13348=ORIENTED_EDGE('',*,*,#12132,.T.);
#13349=ORIENTED_EDGE('',*,*,#13333,.T.);
#13350=EDGE_LOOP('',(#13345,#13347,#13348,#13349));
#13351=FACE_OUTER_BOUND('',#13350,.F.);
#13352=ADVANCED_FACE('',(#13351),#13344,.F.);
#13353=CARTESIAN_POINT('',(2.75E0,0.E0,-2.903191494942E1));
#13354=DIRECTION('',(9.506455412394E-1,0.E0,-3.102789952956E-1));
#13355=DIRECTION('',(-3.102789952956E-1,0.E0,-9.506455412394E-1));
#13356=AXIS2_PLACEMENT_3D('',#13353,#13354,#13355);
#13357=PLANE('',#13356);
#13358=ORIENTED_EDGE('',*,*,#10039,.F.);
#13360=ORIENTED_EDGE('',*,*,#13359,.F.);
#13361=ORIENTED_EDGE('',*,*,#12134,.T.);
#13362=ORIENTED_EDGE('',*,*,#13346,.T.);
#13363=EDGE_LOOP('',(#13358,#13360,#13361,#13362));
#13364=FACE_OUTER_BOUND('',#13363,.F.);
#13365=ADVANCED_FACE('',(#13364),#13357,.F.);
#13366=CARTESIAN_POINT('',(2.75E0,0.E0,-2.886170208454E1));
#13367=DIRECTION('',(1.E0,0.E0,0.E0));
#13368=DIRECTION('',(0.E0,0.E0,-1.E0));
#13369=AXIS2_PLACEMENT_3D('',#13366,#13367,#13368);
#13370=PLANE('',#13369);
#13371=ORIENTED_EDGE('',*,*,#10037,.T.);
#13373=ORIENTED_EDGE('',*,*,#13372,.F.);
#13374=ORIENTED_EDGE('',*,*,#12136,.F.);
#13375=ORIENTED_EDGE('',*,*,#13359,.T.);
#13376=EDGE_LOOP('',(#13371,#13373,#13374,#13375));
#13377=FACE_OUTER_BOUND('',#13376,.F.);
#13378=ADVANCED_FACE('',(#13377),#13370,.F.);
#13379=CARTESIAN_POINT('',(2.708333492279E0,0.E0,-2.873404252529E1));
#13380=DIRECTION('',(9.506455412394E-1,0.E0,3.102789952956E-1));
#13381=DIRECTION('',(3.102789952956E-1,0.E0,-9.506455412394E-1));
#13382=AXIS2_PLACEMENT_3D('',#13379,#13380,#13381);
#13383=PLANE('',#13382);
#13384=ORIENTED_EDGE('',*,*,#10035,.T.);
#13386=ORIENTED_EDGE('',*,*,#13385,.F.);
#13387=ORIENTED_EDGE('',*,*,#12138,.F.);
#13388=ORIENTED_EDGE('',*,*,#13372,.T.);
#13389=EDGE_LOOP('',(#13384,#13386,#13387,#13388));
#13390=FACE_OUTER_BOUND('',#13389,.F.);
#13391=ADVANCED_FACE('',(#13390),#13383,.F.);
#13392=CARTESIAN_POINT('',(2.583333492279E0,0.E0,-2.856382977962E1));
#13393=DIRECTION('',(8.060043958311E-1,0.E0,5.919095487496E-1));
#13394=DIRECTION('',(5.919095487496E-1,0.E0,-8.060043958311E-1));
#13395=AXIS2_PLACEMENT_3D('',#13392,#13393,#13394);
#13396=PLANE('',#13395);
#13397=ORIENTED_EDGE('',*,*,#10033,.T.);
#13398=ORIENTED_EDGE('',*,*,#13166,.F.);
#13399=ORIENTED_EDGE('',*,*,#12140,.F.);
#13400=ORIENTED_EDGE('',*,*,#13385,.T.);
#13401=EDGE_LOOP('',(#13397,#13398,#13399,#13400));
#13402=FACE_OUTER_BOUND('',#13401,.F.);
#13403=ADVANCED_FACE('',(#13402),#13396,.F.);
#13404=CARTESIAN_POINT('',(1.458333253860E0,0.E0,-2.924468088150E1));
#13405=DIRECTION('',(0.E0,0.E0,1.E0));
#13406=DIRECTION('',(1.E0,0.E0,0.E0));
#13407=AXIS2_PLACEMENT_3D('',#13404,#13405,#13406);
#13408=PLANE('',#13407);
#13409=ORIENTED_EDGE('',*,*,#10309,.T.);
#13411=ORIENTED_EDGE('',*,*,#13410,.F.);
#13412=ORIENTED_EDGE('',*,*,#12144,.F.);
#13414=ORIENTED_EDGE('',*,*,#13413,.T.);
#13415=EDGE_LOOP('',(#13409,#13411,#13412,#13414));
#13416=FACE_OUTER_BOUND('',#13415,.F.);
#13417=ADVANCED_FACE('',(#13416),#13408,.F.);
#13418=CARTESIAN_POINT('',(1.458333253860E0,0.E0,-2.864893615246E1));
#13419=DIRECTION('',(1.E0,0.E0,0.E0));
#13420=DIRECTION('',(0.E0,0.E0,-1.E0));
#13421=AXIS2_PLACEMENT_3D('',#13418,#13419,#13420);
#13422=PLANE('',#13421);
#13423=ORIENTED_EDGE('',*,*,#10327,.T.);
#13425=ORIENTED_EDGE('',*,*,#13424,.F.);
#13426=ORIENTED_EDGE('',*,*,#12146,.F.);
#13427=ORIENTED_EDGE('',*,*,#13410,.T.);
#13428=EDGE_LOOP('',(#13423,#13425,#13426,#13427));
#13429=FACE_OUTER_BOUND('',#13428,.F.);
#13430=ADVANCED_FACE('',(#13429),#13422,.F.);
#13431=CARTESIAN_POINT('',(2.25E0,0.E0,-2.864893615246E1));
#13432=DIRECTION('',(0.E0,0.E0,-1.E0));
#13433=DIRECTION('',(-1.E0,0.E0,0.E0));
#13434=AXIS2_PLACEMENT_3D('',#13431,#13432,#13433);
#13435=PLANE('',#13434);
#13436=ORIENTED_EDGE('',*,*,#10325,.F.);
#13438=ORIENTED_EDGE('',*,*,#13437,.F.);
#13439=ORIENTED_EDGE('',*,*,#12148,.T.);
#13440=ORIENTED_EDGE('',*,*,#13424,.T.);
#13441=EDGE_LOOP('',(#13436,#13438,#13439,#13440));
#13442=FACE_OUTER_BOUND('',#13441,.F.);
#13443=ADVANCED_FACE('',(#13442),#13435,.F.);
#13444=CARTESIAN_POINT('',(2.375E0,0.E0,-2.869148933887E1));
#13445=DIRECTION('',(-3.222637633772E-1,0.E0,-9.466499177700E-1));
#13446=DIRECTION('',(-9.466499177700E-1,0.E0,3.222637633772E-1));
#13447=AXIS2_PLACEMENT_3D('',#13444,#13445,#13446);
#13448=PLANE('',#13447);
#13449=ORIENTED_EDGE('',*,*,#10323,.F.);
#13451=ORIENTED_EDGE('',*,*,#13450,.F.);
#13452=ORIENTED_EDGE('',*,*,#12150,.T.);
#13453=ORIENTED_EDGE('',*,*,#13437,.T.);
#13454=EDGE_LOOP('',(#13449,#13451,#13452,#13453));
#13455=FACE_OUTER_BOUND('',#13454,.F.);
#13456=ADVANCED_FACE('',(#13455),#13448,.F.);
#13457=CARTESIAN_POINT('',(2.458333492279E0,0.E0,-2.877659571171E1));
#13458=DIRECTION('',(-7.145097177357E-1,0.E0,-6.996255164452E-1));
#13459=DIRECTION('',(-6.996255164452E-1,0.E0,7.145097177357E-1));
#13460=AXIS2_PLACEMENT_3D('',#13457,#13458,#13459);
#13461=PLANE('',#13460);
#13462=ORIENTED_EDGE('',*,*,#10321,.F.);
#13464=ORIENTED_EDGE('',*,*,#13463,.F.);
#13465=ORIENTED_EDGE('',*,*,#12152,.T.);
#13466=ORIENTED_EDGE('',*,*,#13450,.T.);
#13467=EDGE_LOOP('',(#13462,#13464,#13465,#13466));
#13468=FACE_OUTER_BOUND('',#13467,.F.);
#13469=ADVANCED_FACE('',(#13468),#13461,.F.);
#13470=CARTESIAN_POINT('',(2.5E0,0.E0,-2.890425527096E1));
#13471=DIRECTION('',(-9.506455412394E-1,0.E0,-3.102789952956E-1));
#13472=DIRECTION('',(-3.102789952956E-1,0.E0,9.506455412394E-1));
#13473=AXIS2_PLACEMENT_3D('',#13470,#13471,#13472);
#13474=PLANE('',#13473);
#13475=ORIENTED_EDGE('',*,*,#10319,.F.);
#13477=ORIENTED_EDGE('',*,*,#13476,.F.);
#13478=ORIENTED_EDGE('',*,*,#12154,.T.);
#13479=ORIENTED_EDGE('',*,*,#13463,.T.);
#13480=EDGE_LOOP('',(#13475,#13477,#13478,#13479));
#13481=FACE_OUTER_BOUND('',#13480,.F.);
#13482=ADVANCED_FACE('',(#13481),#13474,.F.);
#13483=CARTESIAN_POINT('',(2.5E0,0.E0,-2.898936164379E1));
#13484=DIRECTION('',(-1.E0,0.E0,0.E0));
#13485=DIRECTION('',(0.E0,0.E0,1.E0));
#13486=AXIS2_PLACEMENT_3D('',#13483,#13484,#13485);
#13487=PLANE('',#13486);
#13488=ORIENTED_EDGE('',*,*,#10317,.F.);
#13490=ORIENTED_EDGE('',*,*,#13489,.F.);
#13491=ORIENTED_EDGE('',*,*,#12156,.T.);
#13492=ORIENTED_EDGE('',*,*,#13476,.T.);
#13493=EDGE_LOOP('',(#13488,#13490,#13491,#13492));
#13494=FACE_OUTER_BOUND('',#13493,.F.);
#13495=ADVANCED_FACE('',(#13494),#13487,.F.);
#13496=CARTESIAN_POINT('',(2.458333492279E0,0.E0,-2.911702132225E1));
#13497=DIRECTION('',(-9.506456267027E-1,0.E0,3.102787334496E-1));
#13498=DIRECTION('',(3.102787334496E-1,0.E0,9.506456267027E-1));
#13499=AXIS2_PLACEMENT_3D('',#13496,#13497,#13498);
#13500=PLANE('',#13499);
#13501=ORIENTED_EDGE('',*,*,#10315,.T.);
#13503=ORIENTED_EDGE('',*,*,#13502,.F.);
#13504=ORIENTED_EDGE('',*,*,#12158,.F.);
#13505=ORIENTED_EDGE('',*,*,#13489,.T.);
#13506=EDGE_LOOP('',(#13501,#13503,#13504,#13505));
#13507=FACE_OUTER_BOUND('',#13506,.F.);
#13508=ADVANCED_FACE('',(#13507),#13500,.F.);
#13509=CARTESIAN_POINT('',(2.375E0,0.E0,-2.920212769508E1));
#13510=DIRECTION('',(-7.145097177357E-1,0.E0,6.996255164452E-1));
#13511=DIRECTION('',(6.996255164452E-1,0.E0,7.145097177357E-1));
#13512=AXIS2_PLACEMENT_3D('',#13509,#13510,#13511);
#13513=PLANE('',#13512);
#13514=ORIENTED_EDGE('',*,*,#10313,.T.);
#13516=ORIENTED_EDGE('',*,*,#13515,.F.);
#13517=ORIENTED_EDGE('',*,*,#12160,.F.);
#13518=ORIENTED_EDGE('',*,*,#13502,.T.);
#13519=EDGE_LOOP('',(#13514,#13516,#13517,#13518));
#13520=FACE_OUTER_BOUND('',#13519,.F.);
#13521=ADVANCED_FACE('',(#13520),#13513,.F.);
#13522=CARTESIAN_POINT('',(2.25E0,0.E0,-2.924468088150E1));
#13523=DIRECTION('',(-3.222637633772E-1,0.E0,9.466499177700E-1));
#13524=DIRECTION('',(9.466499177700E-1,0.E0,3.222637633772E-1));
#13525=AXIS2_PLACEMENT_3D('',#13522,#13523,#13524);
#13526=PLANE('',#13525);
#13527=ORIENTED_EDGE('',*,*,#10311,.T.);
#13528=ORIENTED_EDGE('',*,*,#13413,.F.);
#13529=ORIENTED_EDGE('',*,*,#12162,.F.);
#13530=ORIENTED_EDGE('',*,*,#13515,.T.);
#13531=EDGE_LOOP('',(#13527,#13528,#13529,#13530));
#13532=FACE_OUTER_BOUND('',#13531,.F.);
#13533=ADVANCED_FACE('',(#13532),#13526,.F.);
#13534=CARTESIAN_POINT('',(2.458333492279E0,0.E0,-2.826595747471E1));
#13535=DIRECTION('',(-9.506455839711E-1,0.E0,3.102788643726E-1));
#13536=DIRECTION('',(3.102788643726E-1,0.E0,9.506455839711E-1));
#13537=AXIS2_PLACEMENT_3D('',#13534,#13535,#13536);
#13538=PLANE('',#13537);
#13539=ORIENTED_EDGE('',*,*,#10337,.T.);
#13541=ORIENTED_EDGE('',*,*,#13540,.F.);
#13542=ORIENTED_EDGE('',*,*,#12166,.F.);
#13544=ORIENTED_EDGE('',*,*,#13543,.T.);
#13545=EDGE_LOOP('',(#13539,#13541,#13542,#13544));
#13546=FACE_OUTER_BOUND('',#13545,.F.);
#13547=ADVANCED_FACE('',(#13546),#13538,.F.);
#13548=CARTESIAN_POINT('',(2.375E0,0.E0,-2.835106384754E1));
#13549=DIRECTION('',(-7.145097177357E-1,0.E0,6.996255164452E-1));
#13550=DIRECTION('',(6.996255164452E-1,0.E0,7.145097177357E-1));
#13551=AXIS2_PLACEMENT_3D('',#13548,#13549,#13550);
#13552=PLANE('',#13551);
#13553=ORIENTED_EDGE('',*,*,#10355,.T.);
#13555=ORIENTED_EDGE('',*,*,#13554,.F.);
#13556=ORIENTED_EDGE('',*,*,#12168,.F.);
#13557=ORIENTED_EDGE('',*,*,#13540,.T.);
#13558=EDGE_LOOP('',(#13553,#13555,#13556,#13557));
#13559=FACE_OUTER_BOUND('',#13558,.F.);
#13560=ADVANCED_FACE('',(#13559),#13552,.F.);
#13561=CARTESIAN_POINT('',(2.25E0,0.E0,-2.839361703396E1));
#13562=DIRECTION('',(-3.222637633772E-1,0.E0,9.466499177700E-1));
#13563=DIRECTION('',(9.466499177700E-1,0.E0,3.222637633772E-1));
#13564=AXIS2_PLACEMENT_3D('',#13561,#13562,#13563);
#13565=PLANE('',#13564);
#13566=ORIENTED_EDGE('',*,*,#10353,.T.);
#13568=ORIENTED_EDGE('',*,*,#13567,.F.);
#13569=ORIENTED_EDGE('',*,*,#12170,.F.);
#13570=ORIENTED_EDGE('',*,*,#13554,.T.);
#13571=EDGE_LOOP('',(#13566,#13568,#13569,#13570));
#13572=FACE_OUTER_BOUND('',#13571,.F.);
#13573=ADVANCED_FACE('',(#13572),#13565,.F.);
#13574=CARTESIAN_POINT('',(1.458333253860E0,0.E0,-2.839361703396E1));
#13575=DIRECTION('',(0.E0,0.E0,1.E0));
#13576=DIRECTION('',(1.E0,0.E0,0.E0));
#13577=AXIS2_PLACEMENT_3D('',#13574,#13575,#13576);
#13578=PLANE('',#13577);
#13579=ORIENTED_EDGE('',*,*,#10351,.T.);
#13581=ORIENTED_EDGE('',*,*,#13580,.F.);
#13582=ORIENTED_EDGE('',*,*,#12172,.F.);
#13583=ORIENTED_EDGE('',*,*,#13567,.T.);
#13584=EDGE_LOOP('',(#13579,#13581,#13582,#13583));
#13585=FACE_OUTER_BOUND('',#13584,.F.);
#13586=ADVANCED_FACE('',(#13585),#13578,.F.);
#13587=CARTESIAN_POINT('',(1.458333253860E0,0.E0,-2.775531914830E1));
#13588=DIRECTION('',(1.E0,0.E0,0.E0));
#13589=DIRECTION('',(0.E0,0.E0,-1.E0));
#13590=AXIS2_PLACEMENT_3D('',#13587,#13588,#13589);
#13591=PLANE('',#13590);
#13592=ORIENTED_EDGE('',*,*,#10349,.T.);
#13594=ORIENTED_EDGE('',*,*,#13593,.F.);
#13595=ORIENTED_EDGE('',*,*,#12174,.F.);
#13596=ORIENTED_EDGE('',*,*,#13580,.T.);
#13597=EDGE_LOOP('',(#13592,#13594,#13595,#13596));
#13598=FACE_OUTER_BOUND('',#13597,.F.);
#13599=ADVANCED_FACE('',(#13598),#13591,.F.);
#13600=CARTESIAN_POINT('',(2.25E0,0.E0,-2.775531914830E1));
#13601=DIRECTION('',(0.E0,0.E0,-1.E0));
#13602=DIRECTION('',(-1.E0,0.E0,0.E0));
#13603=AXIS2_PLACEMENT_3D('',#13600,#13601,#13602);
#13604=PLANE('',#13603);
#13605=ORIENTED_EDGE('',*,*,#10347,.F.);
#13607=ORIENTED_EDGE('',*,*,#13606,.F.);
#13608=ORIENTED_EDGE('',*,*,#12176,.T.);
#13609=ORIENTED_EDGE('',*,*,#13593,.T.);
#13610=EDGE_LOOP('',(#13605,#13607,#13608,#13609));
#13611=FACE_OUTER_BOUND('',#13610,.F.);
#13612=ADVANCED_FACE('',(#13611),#13604,.F.);
#13613=CARTESIAN_POINT('',(2.375E0,0.E0,-2.779787233472E1));
#13614=DIRECTION('',(-3.222637633772E-1,0.E0,-9.466499177700E-1));
#13615=DIRECTION('',(-9.466499177700E-1,0.E0,3.222637633772E-1));
#13616=AXIS2_PLACEMENT_3D('',#13613,#13614,#13615);
#13617=PLANE('',#13616);
#13618=ORIENTED_EDGE('',*,*,#10345,.F.);
#13620=ORIENTED_EDGE('',*,*,#13619,.F.);
#13621=ORIENTED_EDGE('',*,*,#12178,.T.);
#13622=ORIENTED_EDGE('',*,*,#13606,.T.);
#13623=EDGE_LOOP('',(#13618,#13620,#13621,#13622));
#13624=FACE_OUTER_BOUND('',#13623,.F.);
#13625=ADVANCED_FACE('',(#13624),#13617,.F.);
#13626=CARTESIAN_POINT('',(2.458333492279E0,0.E0,-2.788297873735E1));
#13627=DIRECTION('',(-7.145098402051E-1,0.E0,-6.996253913704E-1));
#13628=DIRECTION('',(-6.996253913704E-1,0.E0,7.145098402051E-1));
#13629=AXIS2_PLACEMENT_3D('',#13626,#13627,#13628);
#13630=PLANE('',#13629);
#13631=ORIENTED_EDGE('',*,*,#10343,.F.);
#13633=ORIENTED_EDGE('',*,*,#13632,.F.);
#13634=ORIENTED_EDGE('',*,*,#12180,.T.);
#13635=ORIENTED_EDGE('',*,*,#13619,.T.);
#13636=EDGE_LOOP('',(#13631,#13633,#13634,#13635));
#13637=FACE_OUTER_BOUND('',#13636,.F.);
#13638=ADVANCED_FACE('',(#13637),#13630,.F.);
#13639=CARTESIAN_POINT('',(2.5E0,0.E0,-2.801063829660E1));
#13640=DIRECTION('',(-9.506455412394E-1,0.E0,-3.102789952956E-1));
#13641=DIRECTION('',(-3.102789952956E-1,0.E0,9.506455412394E-1));
#13642=AXIS2_PLACEMENT_3D('',#13639,#13640,#13641);
#13643=PLANE('',#13642);
#13644=ORIENTED_EDGE('',*,*,#10341,.F.);
#13646=ORIENTED_EDGE('',*,*,#13645,.F.);
#13647=ORIENTED_EDGE('',*,*,#12182,.T.);
#13648=ORIENTED_EDGE('',*,*,#13632,.T.);
#13649=EDGE_LOOP('',(#13644,#13646,#13647,#13648));
#13650=FACE_OUTER_BOUND('',#13649,.F.);
#13651=ADVANCED_FACE('',(#13650),#13643,.F.);
#13652=CARTESIAN_POINT('',(2.5E0,0.E0,-2.813829785585E1));
#13653=DIRECTION('',(-1.E0,0.E0,0.E0));
#13654=DIRECTION('',(0.E0,0.E0,1.E0));
#13655=AXIS2_PLACEMENT_3D('',#13652,#13653,#13654);
#13656=PLANE('',#13655);
#13657=ORIENTED_EDGE('',*,*,#10339,.F.);
#13658=ORIENTED_EDGE('',*,*,#13543,.F.);
#13659=ORIENTED_EDGE('',*,*,#12184,.T.);
#13660=ORIENTED_EDGE('',*,*,#13645,.T.);
#13661=EDGE_LOOP('',(#13657,#13658,#13659,#13660));
#13662=FACE_OUTER_BOUND('',#13661,.F.);
#13663=ADVANCED_FACE('',(#13662),#13656,.F.);
#13664=CARTESIAN_POINT('',(9.6E0,0.E0,-2.95E1));
#13665=DIRECTION('',(0.E0,0.E0,-1.E0));
#13666=DIRECTION('',(-1.E0,0.E0,0.E0));
#13667=AXIS2_PLACEMENT_3D('',#13664,#13665,#13666);
#13668=PLANE('',#13667);
#13669=ORIENTED_EDGE('',*,*,#10071,.F.);
#13671=ORIENTED_EDGE('',*,*,#13670,.F.);
#13672=ORIENTED_EDGE('',*,*,#12194,.T.);
#13674=ORIENTED_EDGE('',*,*,#13673,.T.);
#13675=EDGE_LOOP('',(#13669,#13671,#13672,#13674));
#13676=FACE_OUTER_BOUND('',#13675,.F.);
#13677=ADVANCED_FACE('',(#13676),#13668,.F.);
#13678=CARTESIAN_POINT('',(9.808333373070E0,0.E0,-2.945744681358E1));
#13679=DIRECTION('',(2.001233184181E-1,0.E0,-9.797707167625E-1));
#13680=DIRECTION('',(-9.797707167625E-1,0.E0,-2.001233184181E-1));
#13681=AXIS2_PLACEMENT_3D('',#13678,#13679,#13680);
#13682=PLANE('',#13681);
#13683=ORIENTED_EDGE('',*,*,#10097,.F.);
#13685=ORIENTED_EDGE('',*,*,#13684,.F.);
#13686=ORIENTED_EDGE('',*,*,#12196,.T.);
#13687=ORIENTED_EDGE('',*,*,#13670,.T.);
#13688=EDGE_LOOP('',(#13683,#13685,#13686,#13687));
#13689=FACE_OUTER_BOUND('',#13688,.F.);
#13690=ADVANCED_FACE('',(#13689),#13682,.F.);
#13691=CARTESIAN_POINT('',(9.975E0,0.E0,-2.937234044075E1));
#13692=DIRECTION('',(4.547771995497E-1,0.E0,-8.906052429498E-1));
#13693=DIRECTION('',(-8.906052429498E-1,0.E0,-4.547771995497E-1));
#13694=AXIS2_PLACEMENT_3D('',#13691,#13692,#13693);
#13695=PLANE('',#13694);
#13696=ORIENTED_EDGE('',*,*,#10095,.F.);
#13698=ORIENTED_EDGE('',*,*,#13697,.F.);
#13699=ORIENTED_EDGE('',*,*,#12198,.T.);
#13700=ORIENTED_EDGE('',*,*,#13684,.T.);
#13701=EDGE_LOOP('',(#13696,#13698,#13699,#13700));
#13702=FACE_OUTER_BOUND('',#13701,.F.);
#13703=ADVANCED_FACE('',(#13702),#13695,.F.);
#13704=CARTESIAN_POINT('',(1.014166662693E1,0.E0,-2.920212769508E1));
#13705=DIRECTION('',(7.145104681851E-1,0.E0,-6.996247500295E-1));
#13706=DIRECTION('',(-6.996247500295E-1,0.E0,-7.145104681851E-1));
#13707=AXIS2_PLACEMENT_3D('',#13704,#13705,#13706);
#13708=PLANE('',#13707);
#13709=ORIENTED_EDGE('',*,*,#10093,.F.);
#13711=ORIENTED_EDGE('',*,*,#13710,.F.);
#13712=ORIENTED_EDGE('',*,*,#12200,.T.);
#13713=ORIENTED_EDGE('',*,*,#13697,.T.);
#13714=EDGE_LOOP('',(#13709,#13711,#13712,#13713));
#13715=FACE_OUTER_BOUND('',#13714,.F.);
#13716=ADVANCED_FACE('',(#13715),#13708,.F.);
#13717=CARTESIAN_POINT('',(1.0225E1,0.E0,-2.903191494942E1));
#13718=DIRECTION('',(8.981380143666E-1,0.E0,-4.397136649566E-1));
#13719=DIRECTION('',(-4.397136649566E-1,0.E0,-8.981380143666E-1));
#13720=AXIS2_PLACEMENT_3D('',#13717,#13718,#13719);
#13721=PLANE('',#13720);
#13722=ORIENTED_EDGE('',*,*,#10091,.F.);
#13724=ORIENTED_EDGE('',*,*,#13723,.F.);
#13725=ORIENTED_EDGE('',*,*,#12202,.T.);
#13726=ORIENTED_EDGE('',*,*,#13710,.T.);
#13727=EDGE_LOOP('',(#13722,#13724,#13725,#13726));
#13728=FACE_OUTER_BOUND('',#13727,.F.);
#13729=ADVANCED_FACE('',(#13728),#13721,.F.);
#13730=CARTESIAN_POINT('',(1.026666662693E1,0.E0,-2.881914889812E1));
#13731=DIRECTION('',(9.813591893677E-1,0.E0,-1.921825732045E-1));
#13732=DIRECTION('',(-1.921825732045E-1,0.E0,-9.813591893677E-1));
#13733=AXIS2_PLACEMENT_3D('',#13730,#13731,#13732);
#13734=PLANE('',#13733);
#13735=ORIENTED_EDGE('',*,*,#10089,.F.);
#13737=ORIENTED_EDGE('',*,*,#13736,.F.);
#13738=ORIENTED_EDGE('',*,*,#12204,.T.);
#13739=ORIENTED_EDGE('',*,*,#13723,.T.);
#13740=EDGE_LOOP('',(#13735,#13737,#13738,#13739));
#13741=FACE_OUTER_BOUND('',#13740,.F.);
#13742=ADVANCED_FACE('',(#13741),#13734,.F.);
#13743=CARTESIAN_POINT('',(1.026666662693E1,0.E0,-2.818085104227E1));
#13744=DIRECTION('',(1.E0,0.E0,0.E0));
#13745=DIRECTION('',(0.E0,0.E0,-1.E0));
#13746=AXIS2_PLACEMENT_3D('',#13743,#13744,#13745);
#13747=PLANE('',#13746);
#13748=ORIENTED_EDGE('',*,*,#10087,.T.);
#13750=ORIENTED_EDGE('',*,*,#13749,.F.);
#13751=ORIENTED_EDGE('',*,*,#12206,.F.);
#13752=ORIENTED_EDGE('',*,*,#13736,.T.);
#13753=EDGE_LOOP('',(#13748,#13750,#13751,#13752));
#13754=FACE_OUTER_BOUND('',#13753,.F.);
#13755=ADVANCED_FACE('',(#13754),#13747,.F.);
#13756=CARTESIAN_POINT('',(1.0225E1,0.E0,-2.796808511019E1));
#13757=DIRECTION('',(9.813591690599E-1,0.E0,1.921826769043E-1));
#13758=DIRECTION('',(1.921826769043E-1,0.E0,-9.813591690599E-1));
#13759=AXIS2_PLACEMENT_3D('',#13756,#13757,#13758);
#13760=PLANE('',#13759);
#13761=ORIENTED_EDGE('',*,*,#10085,.T.);
#13763=ORIENTED_EDGE('',*,*,#13762,.F.);
#13764=ORIENTED_EDGE('',*,*,#12208,.F.);
#13765=ORIENTED_EDGE('',*,*,#13749,.T.);
#13766=EDGE_LOOP('',(#13761,#13763,#13764,#13765));
#13767=FACE_OUTER_BOUND('',#13766,.F.);
#13768=ADVANCED_FACE('',(#13767),#13760,.F.);
#13769=CARTESIAN_POINT('',(1.014166662693E1,0.E0,-2.779787233472E1));
#13770=DIRECTION('',(8.981380447713E-1,0.E0,4.397136028534E-1));
#13771=DIRECTION('',(4.397136028534E-1,0.E0,-8.981380447713E-1));
#13772=AXIS2_PLACEMENT_3D('',#13769,#13770,#13771);
#13773=PLANE('',#13772);
#13774=ORIENTED_EDGE('',*,*,#10083,.T.);
#13776=ORIENTED_EDGE('',*,*,#13775,.F.);
#13777=ORIENTED_EDGE('',*,*,#12210,.F.);
#13778=ORIENTED_EDGE('',*,*,#13762,.T.);
#13779=EDGE_LOOP('',(#13774,#13776,#13777,#13778));
#13780=FACE_OUTER_BOUND('',#13779,.F.);
#13781=ADVANCED_FACE('',(#13780),#13773,.F.);
#13782=CARTESIAN_POINT('',(9.975E0,0.E0,-2.762765957415E1));
#13783=DIRECTION('',(7.145104988025E-1,0.E0,6.996247187608E-1));
#13784=DIRECTION('',(6.996247187608E-1,0.E0,-7.145104988025E-1));
#13785=AXIS2_PLACEMENT_3D('',#13782,#13783,#13784);
#13786=PLANE('',#13785);
#13787=ORIENTED_EDGE('',*,*,#10081,.T.);
#13789=ORIENTED_EDGE('',*,*,#13788,.F.);
#13790=ORIENTED_EDGE('',*,*,#12212,.F.);
#13791=ORIENTED_EDGE('',*,*,#13775,.T.);
#13792=EDGE_LOOP('',(#13787,#13789,#13790,#13791));
#13793=FACE_OUTER_BOUND('',#13792,.F.);
#13794=ADVANCED_FACE('',(#13793),#13786,.F.);
#13795=CARTESIAN_POINT('',(9.808333373070E0,0.E0,-2.754255319014E1));
#13796=DIRECTION('',(4.547772469181E-1,0.E0,8.906052187617E-1));
#13797=DIRECTION('',(8.906052187617E-1,0.E0,-4.547772469181E-1));
#13798=AXIS2_PLACEMENT_3D('',#13795,#13796,#13797);
#13799=PLANE('',#13798);
#13800=ORIENTED_EDGE('',*,*,#10079,.T.);
#13802=ORIENTED_EDGE('',*,*,#13801,.F.);
#13803=ORIENTED_EDGE('',*,*,#12214,.F.);
#13804=ORIENTED_EDGE('',*,*,#13788,.T.);
#13805=EDGE_LOOP('',(#13800,#13802,#13803,#13804));
#13806=FACE_OUTER_BOUND('',#13805,.F.);
#13807=ADVANCED_FACE('',(#13806),#13799,.F.);
#13808=CARTESIAN_POINT('',(9.6E0,0.E0,-2.75E1));
#13809=DIRECTION('',(2.001233352361E-1,0.E0,9.797707133274E-1));
#13810=DIRECTION('',(9.797707133274E-1,0.E0,-2.001233352361E-1));
#13811=AXIS2_PLACEMENT_3D('',#13808,#13809,#13810);
#13812=PLANE('',#13811);
#13813=ORIENTED_EDGE('',*,*,#10077,.T.);
#13815=ORIENTED_EDGE('',*,*,#13814,.F.);
#13816=ORIENTED_EDGE('',*,*,#12216,.F.);
#13817=ORIENTED_EDGE('',*,*,#13801,.T.);
#13818=EDGE_LOOP('',(#13813,#13815,#13816,#13817));
#13819=FACE_OUTER_BOUND('',#13818,.F.);
#13820=ADVANCED_FACE('',(#13819),#13812,.F.);
#13821=CARTESIAN_POINT('',(8.6E0,0.E0,-2.75E1));
#13822=DIRECTION('',(0.E0,0.E0,1.E0));
#13823=DIRECTION('',(1.E0,0.E0,0.E0));
#13824=AXIS2_PLACEMENT_3D('',#13821,#13822,#13823);
#13825=PLANE('',#13824);
#13826=ORIENTED_EDGE('',*,*,#10075,.T.);
#13828=ORIENTED_EDGE('',*,*,#13827,.F.);
#13829=ORIENTED_EDGE('',*,*,#12218,.F.);
#13830=ORIENTED_EDGE('',*,*,#13814,.T.);
#13831=EDGE_LOOP('',(#13826,#13828,#13829,#13830));
#13832=FACE_OUTER_BOUND('',#13831,.F.);
#13833=ADVANCED_FACE('',(#13832),#13825,.F.);
#13834=CARTESIAN_POINT('',(8.6E0,0.E0,-2.95E1));
#13835=DIRECTION('',(-1.E0,0.E0,0.E0));
#13836=DIRECTION('',(0.E0,0.E0,1.E0));
#13837=AXIS2_PLACEMENT_3D('',#13834,#13835,#13836);
#13838=PLANE('',#13837);
#13839=ORIENTED_EDGE('',*,*,#10073,.F.);
#13840=ORIENTED_EDGE('',*,*,#13673,.F.);
#13841=ORIENTED_EDGE('',*,*,#12220,.T.);
#13842=ORIENTED_EDGE('',*,*,#13827,.T.);
#13843=EDGE_LOOP('',(#13839,#13840,#13841,#13842));
#13844=FACE_OUTER_BOUND('',#13843,.F.);
#13845=ADVANCED_FACE('',(#13844),#13838,.F.);
#13846=CARTESIAN_POINT('',(8.85E0,0.E0,-2.775531914830E1));
#13847=DIRECTION('',(1.E0,0.E0,0.E0));
#13848=DIRECTION('',(0.E0,0.E0,-1.E0));
#13849=AXIS2_PLACEMENT_3D('',#13846,#13847,#13848);
#13850=PLANE('',#13849);
#13851=ORIENTED_EDGE('',*,*,#10365,.T.);
#13853=ORIENTED_EDGE('',*,*,#13852,.F.);
#13854=ORIENTED_EDGE('',*,*,#12224,.F.);
#13856=ORIENTED_EDGE('',*,*,#13855,.T.);
#13857=EDGE_LOOP('',(#13851,#13853,#13854,#13856));
#13858=FACE_OUTER_BOUND('',#13857,.F.);
#13859=ADVANCED_FACE('',(#13858),#13850,.F.);
#13860=CARTESIAN_POINT('',(9.6E0,0.E0,-2.775531914830E1));
#13861=DIRECTION('',(0.E0,0.E0,-1.E0));
#13862=DIRECTION('',(-1.E0,0.E0,0.E0));
#13863=AXIS2_PLACEMENT_3D('',#13860,#13861,#13862);
#13864=PLANE('',#13863);
#13865=ORIENTED_EDGE('',*,*,#10387,.F.);
#13867=ORIENTED_EDGE('',*,*,#13866,.F.);
#13868=ORIENTED_EDGE('',*,*,#12226,.T.);
#13869=ORIENTED_EDGE('',*,*,#13852,.T.);
#13870=EDGE_LOOP('',(#13865,#13867,#13868,#13869));
#13871=FACE_OUTER_BOUND('',#13870,.F.);
#13872=ADVANCED_FACE('',(#13871),#13864,.F.);
#13873=CARTESIAN_POINT('',(9.766666626930E0,0.E0,-2.779787233472E1));
#13874=DIRECTION('',(-2.473832729514E-1,0.E0,-9.689177035558E-1));
#13875=DIRECTION('',(-9.689177035558E-1,0.E0,2.473832729514E-1));
#13876=AXIS2_PLACEMENT_3D('',#13873,#13874,#13875);
#13877=PLANE('',#13876);
#13878=ORIENTED_EDGE('',*,*,#10385,.F.);
#13880=ORIENTED_EDGE('',*,*,#13879,.F.);
#13881=ORIENTED_EDGE('',*,*,#12228,.T.);
#13882=ORIENTED_EDGE('',*,*,#13866,.T.);
#13883=EDGE_LOOP('',(#13878,#13880,#13881,#13882));
#13884=FACE_OUTER_BOUND('',#13883,.F.);
#13885=ADVANCED_FACE('',(#13884),#13877,.F.);
#13886=CARTESIAN_POINT('',(9.891666626930E0,0.E0,-2.788297873735E1));
#13887=DIRECTION('',(-5.627910658975E-1,0.E0,-8.265991871191E-1));
#13888=DIRECTION('',(-8.265991871191E-1,0.E0,5.627910658975E-1));
#13889=AXIS2_PLACEMENT_3D('',#13886,#13887,#13888);
#13890=PLANE('',#13889);
#13891=ORIENTED_EDGE('',*,*,#10383,.F.);
#13893=ORIENTED_EDGE('',*,*,#13892,.F.);
#13894=ORIENTED_EDGE('',*,*,#12230,.T.);
#13895=ORIENTED_EDGE('',*,*,#13879,.T.);
#13896=EDGE_LOOP('',(#13891,#13893,#13894,#13895));
#13897=FACE_OUTER_BOUND('',#13896,.F.);
#13898=ADVANCED_FACE('',(#13897),#13890,.F.);
#13899=CARTESIAN_POINT('',(9.975E0,0.E0,-2.801063829660E1));
#13900=DIRECTION('',(-8.373790012342E-1,0.E0,-5.466227293958E-1));
#13901=DIRECTION('',(-5.466227293958E-1,0.E0,8.373790012342E-1));
#13902=AXIS2_PLACEMENT_3D('',#13899,#13900,#13901);
#13903=PLANE('',#13902);
#13904=ORIENTED_EDGE('',*,*,#10381,.F.);
#13906=ORIENTED_EDGE('',*,*,#13905,.F.);
#13907=ORIENTED_EDGE('',*,*,#12232,.T.);
#13908=ORIENTED_EDGE('',*,*,#13892,.T.);
#13909=EDGE_LOOP('',(#13904,#13906,#13907,#13908));
#13910=FACE_OUTER_BOUND('',#13909,.F.);
#13911=ADVANCED_FACE('',(#13910),#13903,.F.);
#13912=CARTESIAN_POINT('',(1.001666662693E1,0.E0,-2.818085104227E1));
#13913=DIRECTION('',(-9.713212062349E-1,0.E0,-2.377711385310E-1));
#13914=DIRECTION('',(-2.377711385310E-1,0.E0,9.713212062349E-1));
#13915=AXIS2_PLACEMENT_3D('',#13912,#13913,#13914);
#13916=PLANE('',#13915);
#13917=ORIENTED_EDGE('',*,*,#10379,.F.);
#13919=ORIENTED_EDGE('',*,*,#13918,.F.);
#13920=ORIENTED_EDGE('',*,*,#12234,.T.);
#13921=ORIENTED_EDGE('',*,*,#13905,.T.);
#13922=EDGE_LOOP('',(#13917,#13919,#13920,#13921));
#13923=FACE_OUTER_BOUND('',#13922,.F.);
#13924=ADVANCED_FACE('',(#13923),#13916,.F.);
#13925=CARTESIAN_POINT('',(1.001666662693E1,0.E0,-2.881914889812E1));
#13926=DIRECTION('',(-1.E0,0.E0,0.E0));
#13927=DIRECTION('',(0.E0,0.E0,1.E0));
#13928=AXIS2_PLACEMENT_3D('',#13925,#13926,#13927);
#13929=PLANE('',#13928);
#13930=ORIENTED_EDGE('',*,*,#10377,.F.);
#13932=ORIENTED_EDGE('',*,*,#13931,.F.);
#13933=ORIENTED_EDGE('',*,*,#12236,.T.);
#13934=ORIENTED_EDGE('',*,*,#13918,.T.);
#13935=EDGE_LOOP('',(#13930,#13932,#13933,#13934));
#13936=FACE_OUTER_BOUND('',#13935,.F.);
#13937=ADVANCED_FACE('',(#13936),#13929,.F.);
#13938=CARTESIAN_POINT('',(9.975E0,0.E0,-2.898936164379E1));
#13939=DIRECTION('',(-9.713212062349E-1,0.E0,2.377711385310E-1));
#13940=DIRECTION('',(2.377711385310E-1,0.E0,9.713212062349E-1));
#13941=AXIS2_PLACEMENT_3D('',#13938,#13939,#13940);
#13942=PLANE('',#13941);
#13943=ORIENTED_EDGE('',*,*,#10375,.T.);
#13945=ORIENTED_EDGE('',*,*,#13944,.F.);
#13946=ORIENTED_EDGE('',*,*,#12238,.F.);
#13947=ORIENTED_EDGE('',*,*,#13931,.T.);
#13948=EDGE_LOOP('',(#13943,#13945,#13946,#13947));
#13949=FACE_OUTER_BOUND('',#13948,.F.);
#13950=ADVANCED_FACE('',(#13949),#13942,.F.);
#13951=CARTESIAN_POINT('',(9.891666626930E0,0.E0,-2.911702132225E1));
#13952=DIRECTION('',(-8.373792348777E-1,0.E0,5.466223714738E-1));
#13953=DIRECTION('',(5.466223714738E-1,0.E0,8.373792348777E-1));
#13954=AXIS2_PLACEMENT_3D('',#13951,#13952,#13953);
#13955=PLANE('',#13954);
#13956=ORIENTED_EDGE('',*,*,#10373,.T.);
#13958=ORIENTED_EDGE('',*,*,#13957,.F.);
#13959=ORIENTED_EDGE('',*,*,#12240,.F.);
#13960=ORIENTED_EDGE('',*,*,#13944,.T.);
#13961=EDGE_LOOP('',(#13956,#13958,#13959,#13960));
#13962=FACE_OUTER_BOUND('',#13961,.F.);
#13963=ADVANCED_FACE('',(#13962),#13955,.F.);
#13964=CARTESIAN_POINT('',(9.766666626930E0,0.E0,-2.920212769508E1));
#13965=DIRECTION('',(-5.627909312417E-1,0.E0,8.265992787996E-1));
#13966=DIRECTION('',(8.265992787996E-1,0.E0,5.627909312417E-1));
#13967=AXIS2_PLACEMENT_3D('',#13964,#13965,#13966);
#13968=PLANE('',#13967);
#13969=ORIENTED_EDGE('',*,*,#10371,.T.);
#13971=ORIENTED_EDGE('',*,*,#13970,.F.);
#13972=ORIENTED_EDGE('',*,*,#12242,.F.);
#13973=ORIENTED_EDGE('',*,*,#13957,.T.);
#13974=EDGE_LOOP('',(#13969,#13971,#13972,#13973));
#13975=FACE_OUTER_BOUND('',#13974,.F.);
#13976=ADVANCED_FACE('',(#13975),#13968,.F.);
#13977=CARTESIAN_POINT('',(9.6E0,0.E0,-2.924468088150E1));
#13978=DIRECTION('',(-2.473832729514E-1,0.E0,9.689177035558E-1));
#13979=DIRECTION('',(9.689177035558E-1,0.E0,2.473832729514E-1));
#13980=AXIS2_PLACEMENT_3D('',#13977,#13978,#13979);
#13981=PLANE('',#13980);
#13982=ORIENTED_EDGE('',*,*,#10369,.T.);
#13984=ORIENTED_EDGE('',*,*,#13983,.F.);
#13985=ORIENTED_EDGE('',*,*,#12244,.F.);
#13986=ORIENTED_EDGE('',*,*,#13970,.T.);
#13987=EDGE_LOOP('',(#13982,#13984,#13985,#13986));
#13988=FACE_OUTER_BOUND('',#13987,.F.);
#13989=ADVANCED_FACE('',(#13988),#13981,.F.);
#13990=CARTESIAN_POINT('',(8.85E0,0.E0,-2.924468088150E1));
#13991=DIRECTION('',(0.E0,0.E0,1.E0));
#13992=DIRECTION('',(1.E0,0.E0,0.E0));
#13993=AXIS2_PLACEMENT_3D('',#13990,#13991,#13992);
#13994=PLANE('',#13993);
#13995=ORIENTED_EDGE('',*,*,#10367,.T.);
#13996=ORIENTED_EDGE('',*,*,#13855,.F.);
#13997=ORIENTED_EDGE('',*,*,#12246,.F.);
#13998=ORIENTED_EDGE('',*,*,#13983,.T.);
#13999=EDGE_LOOP('',(#13995,#13996,#13997,#13998));
#14000=FACE_OUTER_BOUND('',#13999,.F.);
#14001=ADVANCED_FACE('',(#14000),#13994,.F.);
#14002=CARTESIAN_POINT('',(1.1725E1,0.E0,-2.911702132225E1));
#14003=DIRECTION('',(-8.981377659536E-1,0.E0,4.397141723527E-1));
#14004=DIRECTION('',(4.397141723527E-1,0.E0,8.981377659536E-1));
#14005=AXIS2_PLACEMENT_3D('',#14002,#14003,#14004);
#14006=PLANE('',#14005);
#14007=ORIENTED_EDGE('',*,*,#10101,.T.);
#14009=ORIENTED_EDGE('',*,*,#14008,.F.);
#14010=ORIENTED_EDGE('',*,*,#12256,.F.);
#14012=ORIENTED_EDGE('',*,*,#14011,.T.);
#14013=EDGE_LOOP('',(#14007,#14009,#14010,#14012));
#14014=FACE_OUTER_BOUND('',#14013,.F.);
#14015=ADVANCED_FACE('',(#14014),#14006,.F.);
#14016=CARTESIAN_POINT('',(1.164166674614E1,0.E0,-2.920212769508E1));
#14017=DIRECTION('',(-7.145107183351E-1,0.E0,6.996244945571E-1));
#14018=DIRECTION('',(6.996244945571E-1,0.E0,7.145107183351E-1));
#14019=AXIS2_PLACEMENT_3D('',#14016,#14017,#14018);
#14020=PLANE('',#14019);
#14021=ORIENTED_EDGE('',*,*,#10207,.T.);
#14023=ORIENTED_EDGE('',*,*,#14022,.F.);
#14024=ORIENTED_EDGE('',*,*,#12258,.F.);
#14025=ORIENTED_EDGE('',*,*,#14008,.T.);
#14026=EDGE_LOOP('',(#14021,#14023,#14024,#14025));
#14027=FACE_OUTER_BOUND('',#14026,.F.);
#14028=ADVANCED_FACE('',(#14027),#14020,.F.);
#14029=CARTESIAN_POINT('',(1.151666674614E1,0.E0,-2.924468088150E1));
#14030=DIRECTION('',(-3.222637633772E-1,0.E0,9.466499177700E-1));
#14031=DIRECTION('',(9.466499177700E-1,0.E0,3.222637633772E-1));
#14032=AXIS2_PLACEMENT_3D('',#14029,#14030,#14031);
#14033=PLANE('',#14032);
#14034=ORIENTED_EDGE('',*,*,#10205,.T.);
#14036=ORIENTED_EDGE('',*,*,#14035,.F.);
#14037=ORIENTED_EDGE('',*,*,#12260,.F.);
#14038=ORIENTED_EDGE('',*,*,#14022,.T.);
#14039=EDGE_LOOP('',(#14034,#14036,#14037,#14038));
#14040=FACE_OUTER_BOUND('',#14039,.F.);
#14041=ADVANCED_FACE('',(#14040),#14033,.F.);
#14042=CARTESIAN_POINT('',(1.126666674614E1,0.E0,-2.924468088150E1));
#14043=DIRECTION('',(0.E0,0.E0,1.E0));
#14044=DIRECTION('',(1.E0,0.E0,0.E0));
#14045=AXIS2_PLACEMENT_3D('',#14042,#14043,#14044);
#14046=PLANE('',#14045);
#14047=ORIENTED_EDGE('',*,*,#10203,.T.);
#14049=ORIENTED_EDGE('',*,*,#14048,.F.);
#14050=ORIENTED_EDGE('',*,*,#12262,.F.);
#14051=ORIENTED_EDGE('',*,*,#14035,.T.);
#14052=EDGE_LOOP('',(#14047,#14049,#14050,#14051));
#14053=FACE_OUTER_BOUND('',#14052,.F.);
#14054=ADVANCED_FACE('',(#14053),#14046,.F.);
#14055=CARTESIAN_POINT('',(1.114166674614E1,0.E0,-2.920212769508E1));
#14056=DIRECTION('',(3.222637633772E-1,0.E0,9.466499177700E-1));
#14057=DIRECTION('',(9.466499177700E-1,0.E0,-3.222637633772E-1));
#14058=AXIS2_PLACEMENT_3D('',#14055,#14056,#14057);
#14059=PLANE('',#14058);
#14060=ORIENTED_EDGE('',*,*,#10201,.T.);
#14062=ORIENTED_EDGE('',*,*,#14061,.F.);
#14063=ORIENTED_EDGE('',*,*,#12264,.F.);
#14064=ORIENTED_EDGE('',*,*,#14048,.T.);
#14065=EDGE_LOOP('',(#14060,#14062,#14063,#14064));
#14066=FACE_OUTER_BOUND('',#14065,.F.);
#14067=ADVANCED_FACE('',(#14066),#14059,.F.);
#14068=CARTESIAN_POINT('',(1.101666674614E1,0.E0,-2.911702132225E1));
#14069=DIRECTION('',(5.627909312417E-1,0.E0,8.265992787996E-1));
#14070=DIRECTION('',(8.265992787996E-1,0.E0,-5.627909312417E-1));
#14071=AXIS2_PLACEMENT_3D('',#14068,#14069,#14070);
#14072=PLANE('',#14071);
#14073=ORIENTED_EDGE('',*,*,#10199,.T.);
#14075=ORIENTED_EDGE('',*,*,#14074,.F.);
#14076=ORIENTED_EDGE('',*,*,#12266,.F.);
#14077=ORIENTED_EDGE('',*,*,#14061,.T.);
#14078=EDGE_LOOP('',(#14073,#14075,#14076,#14077));
#14079=FACE_OUTER_BOUND('',#14078,.F.);
#14080=ADVANCED_FACE('',(#14079),#14072,.F.);
#14081=CARTESIAN_POINT('',(1.0975E1,0.E0,-2.898936164379E1));
#14082=DIRECTION('',(9.506451030099E-1,0.E0,3.102803379578E-1));
#14083=DIRECTION('',(3.102803379578E-1,0.E0,-9.506451030099E-1));
#14084=AXIS2_PLACEMENT_3D('',#14081,#14082,#14083);
#14085=PLANE('',#14084);
#14086=ORIENTED_EDGE('',*,*,#10197,.T.);
#14088=ORIENTED_EDGE('',*,*,#14087,.F.);
#14089=ORIENTED_EDGE('',*,*,#12268,.F.);
#14090=ORIENTED_EDGE('',*,*,#14074,.T.);
#14091=EDGE_LOOP('',(#14086,#14088,#14089,#14090));
#14092=FACE_OUTER_BOUND('',#14091,.F.);
#14093=ADVANCED_FACE('',(#14092),#14085,.F.);
#14094=CARTESIAN_POINT('',(1.0975E1,0.E0,-2.890425527096E1));
#14095=DIRECTION('',(1.E0,0.E0,0.E0));
#14096=DIRECTION('',(0.E0,0.E0,-1.E0));
#14097=AXIS2_PLACEMENT_3D('',#14094,#14095,#14096);
#14098=PLANE('',#14097);
#14099=ORIENTED_EDGE('',*,*,#10195,.T.);
#14101=ORIENTED_EDGE('',*,*,#14100,.F.);
#14102=ORIENTED_EDGE('',*,*,#12270,.F.);
#14103=ORIENTED_EDGE('',*,*,#14087,.T.);
#14104=EDGE_LOOP('',(#14099,#14101,#14102,#14103));
#14105=FACE_OUTER_BOUND('',#14104,.F.);
#14106=ADVANCED_FACE('',(#14105),#14098,.F.);
#14107=CARTESIAN_POINT('',(1.101666674614E1,0.E0,-2.877659571171E1));
#14108=DIRECTION('',(9.506450175458E-1,0.E0,-3.102805998049E-1));
#14109=DIRECTION('',(-3.102805998049E-1,0.E0,-9.506450175458E-1));
#14110=AXIS2_PLACEMENT_3D('',#14107,#14108,#14109);
#14111=PLANE('',#14110);
#14112=ORIENTED_EDGE('',*,*,#10193,.F.);
#14114=ORIENTED_EDGE('',*,*,#14113,.F.);
#14115=ORIENTED_EDGE('',*,*,#12272,.T.);
#14116=ORIENTED_EDGE('',*,*,#14100,.T.);
#14117=EDGE_LOOP('',(#14112,#14114,#14115,#14116));
#14118=FACE_OUTER_BOUND('',#14117,.F.);
#14119=ADVANCED_FACE('',(#14118),#14111,.F.);
#14120=CARTESIAN_POINT('',(1.114166674614E1,0.E0,-2.869148933887E1));
#14121=DIRECTION('',(5.627909312417E-1,0.E0,-8.265992787996E-1));
#14122=DIRECTION('',(-8.265992787996E-1,0.E0,-5.627909312417E-1));
#14123=AXIS2_PLACEMENT_3D('',#14120,#14121,#14122);
#14124=PLANE('',#14123);
#14125=ORIENTED_EDGE('',*,*,#10191,.F.);
#14127=ORIENTED_EDGE('',*,*,#14126,.F.);
#14128=ORIENTED_EDGE('',*,*,#12274,.T.);
#14129=ORIENTED_EDGE('',*,*,#14113,.T.);
#14130=EDGE_LOOP('',(#14125,#14127,#14128,#14129));
#14131=FACE_OUTER_BOUND('',#14130,.F.);
#14132=ADVANCED_FACE('',(#14131),#14124,.F.);
#14133=CARTESIAN_POINT('',(1.126666674614E1,0.E0,-2.864893615246E1));
#14134=DIRECTION('',(3.222637633772E-1,0.E0,-9.466499177700E-1));
#14135=DIRECTION('',(-9.466499177700E-1,0.E0,-3.222637633772E-1));
#14136=AXIS2_PLACEMENT_3D('',#14133,#14134,#14135);
#14137=PLANE('',#14136);
#14138=ORIENTED_EDGE('',*,*,#10189,.F.);
#14140=ORIENTED_EDGE('',*,*,#14139,.F.);
#14141=ORIENTED_EDGE('',*,*,#12276,.T.);
#14142=ORIENTED_EDGE('',*,*,#14126,.T.);
#14143=EDGE_LOOP('',(#14138,#14140,#14141,#14142));
#14144=FACE_OUTER_BOUND('',#14143,.F.);
#14145=ADVANCED_FACE('',(#14144),#14137,.F.);
#14146=CARTESIAN_POINT('',(1.151666674614E1,0.E0,-2.864893615246E1));
#14147=DIRECTION('',(0.E0,0.E0,-1.E0));
#14148=DIRECTION('',(-1.E0,0.E0,0.E0));
#14149=AXIS2_PLACEMENT_3D('',#14146,#14147,#14148);
#14150=PLANE('',#14149);
#14151=ORIENTED_EDGE('',*,*,#10187,.F.);
#14153=ORIENTED_EDGE('',*,*,#14152,.F.);
#14154=ORIENTED_EDGE('',*,*,#12278,.T.);
#14155=ORIENTED_EDGE('',*,*,#14139,.T.);
#14156=EDGE_LOOP('',(#14151,#14153,#14154,#14155));
#14157=FACE_OUTER_BOUND('',#14156,.F.);
#14158=ADVANCED_FACE('',(#14157),#14150,.F.);
#14159=CARTESIAN_POINT('',(1.1725E1,0.E0,-2.860638296604E1));
#14160=DIRECTION('',(2.001234283435E-1,0.E0,-9.797706943097E-1));
#14161=DIRECTION('',(-9.797706943097E-1,0.E0,-2.001234283435E-1));
#14162=AXIS2_PLACEMENT_3D('',#14159,#14160,#14161);
#14163=PLANE('',#14162);
#14164=ORIENTED_EDGE('',*,*,#10185,.F.);
#14166=ORIENTED_EDGE('',*,*,#14165,.F.);
#14167=ORIENTED_EDGE('',*,*,#12280,.T.);
#14168=ORIENTED_EDGE('',*,*,#14152,.T.);
#14169=EDGE_LOOP('',(#14164,#14166,#14167,#14168));
#14170=FACE_OUTER_BOUND('',#14169,.F.);
#14171=ADVANCED_FACE('',(#14170),#14163,.F.);
#14172=CARTESIAN_POINT('',(1.189166674614E1,0.E0,-2.852127659321E1));
#14173=DIRECTION('',(4.547769415434E-1,0.E0,-8.906053746977E-1));
#14174=DIRECTION('',(-8.906053746977E-1,0.E0,-4.547769415434E-1));
#14175=AXIS2_PLACEMENT_3D('',#14172,#14173,#14174);
#14176=PLANE('',#14175);
#14177=ORIENTED_EDGE('',*,*,#10183,.F.);
#14179=ORIENTED_EDGE('',*,*,#14178,.F.);
#14180=ORIENTED_EDGE('',*,*,#12282,.T.);
#14181=ORIENTED_EDGE('',*,*,#14165,.T.);
#14182=EDGE_LOOP('',(#14177,#14179,#14180,#14181));
#14183=FACE_OUTER_BOUND('',#14182,.F.);
#14184=ADVANCED_FACE('',(#14183),#14176,.F.);
#14185=CARTESIAN_POINT('',(1.205833325386E1,0.E0,-2.835106384754E1));
#14186=DIRECTION('',(7.145107183351E-1,0.E0,-6.996244945571E-1));
#14187=DIRECTION('',(-6.996244945571E-1,0.E0,-7.145107183351E-1));
#14188=AXIS2_PLACEMENT_3D('',#14185,#14186,#14187);
#14189=PLANE('',#14188);
#14190=ORIENTED_EDGE('',*,*,#10181,.F.);
#14192=ORIENTED_EDGE('',*,*,#14191,.F.);
#14193=ORIENTED_EDGE('',*,*,#12284,.T.);
#14194=ORIENTED_EDGE('',*,*,#14178,.T.);
#14195=EDGE_LOOP('',(#14190,#14192,#14193,#14194));
#14196=FACE_OUTER_BOUND('',#14195,.F.);
#14197=ADVANCED_FACE('',(#14196),#14189,.F.);
#14198=CARTESIAN_POINT('',(1.214166674614E1,0.E0,-2.818085104227E1));
#14199=DIRECTION('',(8.981378267632E-1,0.E0,-4.397140481462E-1));
#14200=DIRECTION('',(-4.397140481462E-1,0.E0,-8.981378267632E-1));
#14201=AXIS2_PLACEMENT_3D('',#14198,#14199,#14200);
#14202=PLANE('',#14201);
#14203=ORIENTED_EDGE('',*,*,#10179,.F.);
#14205=ORIENTED_EDGE('',*,*,#14204,.F.);
#14206=ORIENTED_EDGE('',*,*,#12286,.T.);
#14207=ORIENTED_EDGE('',*,*,#14191,.T.);
#14208=EDGE_LOOP('',(#14203,#14205,#14206,#14207));
#14209=FACE_OUTER_BOUND('',#14208,.F.);
#14210=ADVANCED_FACE('',(#14209),#14202,.F.);
#14211=CARTESIAN_POINT('',(1.214166674614E1,0.E0,-2.796808511019E1));
#14212=DIRECTION('',(1.E0,0.E0,0.E0));
#14213=DIRECTION('',(0.E0,0.E0,-1.E0));
#14214=AXIS2_PLACEMENT_3D('',#14211,#14212,#14213);
#14215=PLANE('',#14214);
#14216=ORIENTED_EDGE('',*,*,#10177,.T.);
#14218=ORIENTED_EDGE('',*,*,#14217,.F.);
#14219=ORIENTED_EDGE('',*,*,#12288,.F.);
#14220=ORIENTED_EDGE('',*,*,#14204,.T.);
#14221=EDGE_LOOP('',(#14216,#14218,#14219,#14220));
#14222=FACE_OUTER_BOUND('',#14221,.F.);
#14223=ADVANCED_FACE('',(#14222),#14215,.F.);
#14224=CARTESIAN_POINT('',(1.205833325386E1,0.E0,-2.779787233472E1));
#14225=DIRECTION('',(8.981377963584E-1,0.E0,4.397141102494E-1));
#14226=DIRECTION('',(4.397141102494E-1,0.E0,-8.981377963584E-1));
#14227=AXIS2_PLACEMENT_3D('',#14224,#14225,#14226);
#14228=PLANE('',#14227);
#14229=ORIENTED_EDGE('',*,*,#10175,.T.);
#14231=ORIENTED_EDGE('',*,*,#14230,.F.);
#14232=ORIENTED_EDGE('',*,*,#12290,.F.);
#14233=ORIENTED_EDGE('',*,*,#14217,.T.);
#14234=EDGE_LOOP('',(#14229,#14231,#14232,#14233));
#14235=FACE_OUTER_BOUND('',#14234,.F.);
#14236=ADVANCED_FACE('',(#14235),#14228,.F.);
#14237=CARTESIAN_POINT('',(1.189166674614E1,0.E0,-2.762765957415E1));
#14238=DIRECTION('',(7.145107489524E-1,0.E0,6.996244632883E-1));
#14239=DIRECTION('',(6.996244632883E-1,0.E0,-7.145107489524E-1));
#14240=AXIS2_PLACEMENT_3D('',#14237,#14238,#14239);
#14241=PLANE('',#14240);
#14242=ORIENTED_EDGE('',*,*,#10173,.T.);
#14244=ORIENTED_EDGE('',*,*,#14243,.F.);
#14245=ORIENTED_EDGE('',*,*,#12292,.F.);
#14246=ORIENTED_EDGE('',*,*,#14230,.T.);
#14247=EDGE_LOOP('',(#14242,#14244,#14245,#14246));
#14248=FACE_OUTER_BOUND('',#14247,.F.);
#14249=ADVANCED_FACE('',(#14248),#14241,.F.);
#14250=CARTESIAN_POINT('',(1.1725E1,0.E0,-2.754255319014E1));
#14251=DIRECTION('',(4.547769889117E-1,0.E0,8.906053505096E-1));
#14252=DIRECTION('',(8.906053505096E-1,0.E0,-4.547769889117E-1));
#14253=AXIS2_PLACEMENT_3D('',#14250,#14251,#14252);
#14254=PLANE('',#14253);
#14255=ORIENTED_EDGE('',*,*,#10171,.T.);
#14257=ORIENTED_EDGE('',*,*,#14256,.F.);
#14258=ORIENTED_EDGE('',*,*,#12294,.F.);
#14259=ORIENTED_EDGE('',*,*,#14243,.T.);
#14260=EDGE_LOOP('',(#14255,#14257,#14258,#14259));
#14261=FACE_OUTER_BOUND('',#14260,.F.);
#14262=ADVANCED_FACE('',(#14261),#14254,.F.);
#14263=CARTESIAN_POINT('',(1.151666674614E1,0.E0,-2.75E1));
#14264=DIRECTION('',(2.001234451615E-1,0.E0,9.797706908745E-1));
#14265=DIRECTION('',(9.797706908745E-1,0.E0,-2.001234451615E-1));
#14266=AXIS2_PLACEMENT_3D('',#14263,#14264,#14265);
#14267=PLANE('',#14266);
#14268=ORIENTED_EDGE('',*,*,#10169,.T.);
#14270=ORIENTED_EDGE('',*,*,#14269,.F.);
#14271=ORIENTED_EDGE('',*,*,#12296,.F.);
#14272=ORIENTED_EDGE('',*,*,#14256,.T.);
#14273=EDGE_LOOP('',(#14268,#14270,#14271,#14272));
#14274=FACE_OUTER_BOUND('',#14273,.F.);
#14275=ADVANCED_FACE('',(#14274),#14267,.F.);
#14276=CARTESIAN_POINT('',(1.118333325386E1,0.E0,-2.75E1));
#14277=DIRECTION('',(0.E0,0.E0,1.E0));
#14278=DIRECTION('',(1.E0,0.E0,0.E0));
#14279=AXIS2_PLACEMENT_3D('',#14276,#14277,#14278);
#14280=PLANE('',#14279);
#14281=ORIENTED_EDGE('',*,*,#10167,.T.);
#14283=ORIENTED_EDGE('',*,*,#14282,.F.);
#14284=ORIENTED_EDGE('',*,*,#12298,.F.);
#14285=ORIENTED_EDGE('',*,*,#14269,.T.);
#14286=EDGE_LOOP('',(#14281,#14283,#14284,#14285));
#14287=FACE_OUTER_BOUND('',#14286,.F.);
#14288=ADVANCED_FACE('',(#14287),#14280,.F.);
#14289=CARTESIAN_POINT('',(1.0975E1,0.E0,-2.754255319014E1));
#14290=DIRECTION('',(-2.001234451615E-1,0.E0,9.797706908745E-1));
#14291=DIRECTION('',(9.797706908745E-1,0.E0,2.001234451615E-1));
#14292=AXIS2_PLACEMENT_3D('',#14289,#14290,#14291);
#14293=PLANE('',#14292);
#14294=ORIENTED_EDGE('',*,*,#10165,.T.);
#14296=ORIENTED_EDGE('',*,*,#14295,.F.);
#14297=ORIENTED_EDGE('',*,*,#12300,.F.);
#14298=ORIENTED_EDGE('',*,*,#14282,.T.);
#14299=EDGE_LOOP('',(#14294,#14296,#14297,#14298));
#14300=FACE_OUTER_BOUND('',#14299,.F.);
#14301=ADVANCED_FACE('',(#14300),#14293,.F.);
#14302=CARTESIAN_POINT('',(1.076666674614E1,0.E0,-2.767021276057E1));
#14303=DIRECTION('',(-5.224771067470E-1,0.E0,8.526533134429E-1));
#14304=DIRECTION('',(8.526533134429E-1,0.E0,5.224771067470E-1));
#14305=AXIS2_PLACEMENT_3D('',#14302,#14303,#14304);
#14306=PLANE('',#14305);
#14307=ORIENTED_EDGE('',*,*,#10163,.T.);
#14309=ORIENTED_EDGE('',*,*,#14308,.F.);
#14310=ORIENTED_EDGE('',*,*,#12302,.F.);
#14311=ORIENTED_EDGE('',*,*,#14295,.T.);
#14312=EDGE_LOOP('',(#14307,#14309,#14310,#14311));
#14313=FACE_OUTER_BOUND('',#14312,.F.);
#14314=ADVANCED_FACE('',(#14313),#14306,.F.);
#14315=CARTESIAN_POINT('',(1.064166674614E1,0.E0,-2.788297873735E1));
#14316=DIRECTION('',(-8.622111667155E-1,0.E0,5.065490144015E-1));
#14317=DIRECTION('',(5.065490144015E-1,0.E0,8.622111667155E-1));
#14318=AXIS2_PLACEMENT_3D('',#14315,#14316,#14317);
#14319=PLANE('',#14318);
#14320=ORIENTED_EDGE('',*,*,#10161,.T.);
#14322=ORIENTED_EDGE('',*,*,#14321,.F.);
#14323=ORIENTED_EDGE('',*,*,#12304,.F.);
#14324=ORIENTED_EDGE('',*,*,#14308,.T.);
#14325=EDGE_LOOP('',(#14320,#14322,#14323,#14324));
#14326=FACE_OUTER_BOUND('',#14325,.F.);
#14327=ADVANCED_FACE('',(#14326),#14319,.F.);
#14328=CARTESIAN_POINT('',(1.06E1,0.E0,-2.805319148302E1));
#14329=DIRECTION('',(-9.713210491251E-1,0.E0,2.377717803411E-1));
#14330=DIRECTION('',(2.377717803411E-1,0.E0,9.713210491251E-1));
#14331=AXIS2_PLACEMENT_3D('',#14328,#14329,#14330);
#14332=PLANE('',#14331);
#14333=ORIENTED_EDGE('',*,*,#10159,.T.);
#14335=ORIENTED_EDGE('',*,*,#14334,.F.);
#14336=ORIENTED_EDGE('',*,*,#12306,.F.);
#14337=ORIENTED_EDGE('',*,*,#14321,.T.);
#14338=EDGE_LOOP('',(#14333,#14335,#14336,#14337));
#14339=FACE_OUTER_BOUND('',#14338,.F.);
#14340=ADVANCED_FACE('',(#14339),#14332,.F.);
#14341=CARTESIAN_POINT('',(1.085E1,0.E0,-2.805319148302E1));
#14342=DIRECTION('',(0.E0,0.E0,-1.E0));
#14343=DIRECTION('',(-1.E0,0.E0,0.E0));
#14344=AXIS2_PLACEMENT_3D('',#14341,#14342,#14343);
#14345=PLANE('',#14344);
#14346=ORIENTED_EDGE('',*,*,#10157,.F.);
#14348=ORIENTED_EDGE('',*,*,#14347,.F.);
#14349=ORIENTED_EDGE('',*,*,#12308,.T.);
#14350=ORIENTED_EDGE('',*,*,#14334,.T.);
#14351=EDGE_LOOP('',(#14346,#14348,#14349,#14350));
#14352=FACE_OUTER_BOUND('',#14351,.F.);
#14353=ADVANCED_FACE('',(#14352),#14345,.F.);
#14354=CARTESIAN_POINT('',(1.089166674614E1,0.E0,-2.792553192377E1));
#14355=DIRECTION('',(9.506450175458E-1,0.E0,-3.102805998049E-1));
#14356=DIRECTION('',(-3.102805998049E-1,0.E0,-9.506450175458E-1));
#14357=AXIS2_PLACEMENT_3D('',#14354,#14355,#14356);
#14358=PLANE('',#14357);
#14359=ORIENTED_EDGE('',*,*,#10155,.F.);
#14361=ORIENTED_EDGE('',*,*,#14360,.F.);
#14362=ORIENTED_EDGE('',*,*,#12310,.T.);
#14363=ORIENTED_EDGE('',*,*,#14347,.T.);
#14364=EDGE_LOOP('',(#14359,#14361,#14362,#14363));
#14365=FACE_OUTER_BOUND('',#14364,.F.);
#14366=ADVANCED_FACE('',(#14365),#14358,.F.);
#14367=CARTESIAN_POINT('',(1.101666674614E1,0.E0,-2.779787233472E1));
#14368=DIRECTION('',(7.145104664480E-1,0.E0,-6.996247518036E-1));
#14369=DIRECTION('',(-6.996247518036E-1,0.E0,-7.145104664480E-1));
#14370=AXIS2_PLACEMENT_3D('',#14367,#14368,#14369);
#14371=PLANE('',#14370);
#14372=ORIENTED_EDGE('',*,*,#10153,.F.);
#14374=ORIENTED_EDGE('',*,*,#14373,.F.);
#14375=ORIENTED_EDGE('',*,*,#12312,.T.);
#14376=ORIENTED_EDGE('',*,*,#14360,.T.);
#14377=EDGE_LOOP('',(#14372,#14374,#14375,#14376));
#14378=FACE_OUTER_BOUND('',#14377,.F.);
#14379=ADVANCED_FACE('',(#14378),#14371,.F.);
#14380=CARTESIAN_POINT('',(1.118333325386E1,0.E0,-2.775531914830E1));
#14381=DIRECTION('',(2.473834390653E-1,0.E0,-9.689176611437E-1));
#14382=DIRECTION('',(-9.689176611437E-1,0.E0,-2.473834390653E-1));
#14383=AXIS2_PLACEMENT_3D('',#14380,#14381,#14382);
#14384=PLANE('',#14383);
#14385=ORIENTED_EDGE('',*,*,#10151,.F.);
#14387=ORIENTED_EDGE('',*,*,#14386,.F.);
#14388=ORIENTED_EDGE('',*,*,#12314,.T.);
#14389=ORIENTED_EDGE('',*,*,#14373,.T.);
#14390=EDGE_LOOP('',(#14385,#14387,#14388,#14389));
#14391=FACE_OUTER_BOUND('',#14390,.F.);
#14392=ADVANCED_FACE('',(#14391),#14384,.F.);
#14393=CARTESIAN_POINT('',(1.151666674614E1,0.E0,-2.775531914830E1));
#14394=DIRECTION('',(0.E0,0.E0,-1.E0));
#14395=DIRECTION('',(-1.E0,0.E0,0.E0));
#14396=AXIS2_PLACEMENT_3D('',#14393,#14394,#14395);
#14397=PLANE('',#14396);
#14398=ORIENTED_EDGE('',*,*,#10149,.F.);
#14400=ORIENTED_EDGE('',*,*,#14399,.F.);
#14401=ORIENTED_EDGE('',*,*,#12316,.T.);
#14402=ORIENTED_EDGE('',*,*,#14386,.T.);
#14403=EDGE_LOOP('',(#14398,#14400,#14401,#14402));
#14404=FACE_OUTER_BOUND('',#14403,.F.);
#14405=ADVANCED_FACE('',(#14404),#14397,.F.);
#14406=CARTESIAN_POINT('',(1.168333325386E1,0.E0,-2.779787233472E1));
#14407=DIRECTION('',(-2.473834390653E-1,0.E0,-9.689176611437E-1));
#14408=DIRECTION('',(-9.689176611437E-1,0.E0,2.473834390653E-1));
#14409=AXIS2_PLACEMENT_3D('',#14406,#14407,#14408);
#14410=PLANE('',#14409);
#14411=ORIENTED_EDGE('',*,*,#10147,.F.);
#14413=ORIENTED_EDGE('',*,*,#14412,.F.);
#14414=ORIENTED_EDGE('',*,*,#12318,.T.);
#14415=ORIENTED_EDGE('',*,*,#14399,.T.);
#14416=EDGE_LOOP('',(#14411,#14413,#14414,#14415));
#14417=FACE_OUTER_BOUND('',#14416,.F.);
#14418=ADVANCED_FACE('',(#14417),#14410,.F.);
#14419=CARTESIAN_POINT('',(1.180833325386E1,0.E0,-2.788297873735E1));
#14420=DIRECTION('',(-5.627910658975E-1,0.E0,-8.265991871191E-1));
#14421=DIRECTION('',(-8.265991871191E-1,0.E0,5.627910658975E-1));
#14422=AXIS2_PLACEMENT_3D('',#14419,#14420,#14421);
#14423=PLANE('',#14422);
#14424=ORIENTED_EDGE('',*,*,#10145,.F.);
#14426=ORIENTED_EDGE('',*,*,#14425,.F.);
#14427=ORIENTED_EDGE('',*,*,#12320,.T.);
#14428=ORIENTED_EDGE('',*,*,#14412,.T.);
#14429=EDGE_LOOP('',(#14424,#14426,#14427,#14428));
#14430=FACE_OUTER_BOUND('',#14429,.F.);
#14431=ADVANCED_FACE('',(#14430),#14423,.F.);
#14432=CARTESIAN_POINT('',(1.189166674614E1,0.E0,-2.801063829660E1));
#14433=DIRECTION('',(-8.373786433120E-1,0.E0,-5.466232777014E-1));
#14434=DIRECTION('',(-5.466232777014E-1,0.E0,8.373786433120E-1));
#14435=AXIS2_PLACEMENT_3D('',#14432,#14433,#14434);
#14436=PLANE('',#14435);
#14437=ORIENTED_EDGE('',*,*,#10143,.F.);
#14439=ORIENTED_EDGE('',*,*,#14438,.F.);
#14440=ORIENTED_EDGE('',*,*,#12322,.T.);
#14441=ORIENTED_EDGE('',*,*,#14425,.T.);
#14442=EDGE_LOOP('',(#14437,#14439,#14440,#14441));
#14443=FACE_OUTER_BOUND('',#14442,.F.);
#14444=ADVANCED_FACE('',(#14443),#14436,.F.);
#14445=CARTESIAN_POINT('',(1.189166674614E1,0.E0,-2.813829785585E1));
#14446=DIRECTION('',(-1.E0,0.E0,0.E0));
#14447=DIRECTION('',(0.E0,0.E0,1.E0));
#14448=AXIS2_PLACEMENT_3D('',#14445,#14446,#14447);
#14449=PLANE('',#14448);
#14450=ORIENTED_EDGE('',*,*,#10141,.F.);
#14452=ORIENTED_EDGE('',*,*,#14451,.F.);
#14453=ORIENTED_EDGE('',*,*,#12324,.T.);
#14454=ORIENTED_EDGE('',*,*,#14438,.T.);
#14455=EDGE_LOOP('',(#14450,#14452,#14453,#14454));
#14456=FACE_OUTER_BOUND('',#14455,.F.);
#14457=ADVANCED_FACE('',(#14456),#14449,.F.);
#14458=CARTESIAN_POINT('',(1.180833325386E1,0.E0,-2.826595747471E1));
#14459=DIRECTION('',(-8.373787601340E-1,0.E0,5.466230987403E-1));
#14460=DIRECTION('',(5.466230987403E-1,0.E0,8.373787601340E-1));
#14461=AXIS2_PLACEMENT_3D('',#14458,#14459,#14460);
#14462=PLANE('',#14461);
#14463=ORIENTED_EDGE('',*,*,#10139,.T.);
#14465=ORIENTED_EDGE('',*,*,#14464,.F.);
#14466=ORIENTED_EDGE('',*,*,#12326,.F.);
#14467=ORIENTED_EDGE('',*,*,#14451,.T.);
#14468=EDGE_LOOP('',(#14463,#14465,#14466,#14467));
#14469=FACE_OUTER_BOUND('',#14468,.F.);
#14470=ADVANCED_FACE('',(#14469),#14462,.F.);
#14471=CARTESIAN_POINT('',(1.168333325386E1,0.E0,-2.835106384754E1));
#14472=DIRECTION('',(-5.627909312417E-1,0.E0,8.265992787996E-1));
#14473=DIRECTION('',(8.265992787996E-1,0.E0,5.627909312417E-1));
#14474=AXIS2_PLACEMENT_3D('',#14471,#14472,#14473);
#14475=PLANE('',#14474);
#14476=ORIENTED_EDGE('',*,*,#10137,.T.);
#14478=ORIENTED_EDGE('',*,*,#14477,.F.);
#14479=ORIENTED_EDGE('',*,*,#12328,.F.);
#14480=ORIENTED_EDGE('',*,*,#14464,.T.);
#14481=EDGE_LOOP('',(#14476,#14478,#14479,#14480));
#14482=FACE_OUTER_BOUND('',#14481,.F.);
#14483=ADVANCED_FACE('',(#14482),#14475,.F.);
#14484=CARTESIAN_POINT('',(1.151666674614E1,0.E0,-2.839361703396E1));
#14485=DIRECTION('',(-2.473834390653E-1,0.E0,9.689176611437E-1));
#14486=DIRECTION('',(9.689176611437E-1,0.E0,2.473834390653E-1));
#14487=AXIS2_PLACEMENT_3D('',#14484,#14485,#14486);
#14488=PLANE('',#14487);
#14489=ORIENTED_EDGE('',*,*,#10135,.T.);
#14491=ORIENTED_EDGE('',*,*,#14490,.F.);
#14492=ORIENTED_EDGE('',*,*,#12330,.F.);
#14493=ORIENTED_EDGE('',*,*,#14477,.T.);
#14494=EDGE_LOOP('',(#14489,#14491,#14492,#14493));
#14495=FACE_OUTER_BOUND('',#14494,.F.);
#14496=ADVANCED_FACE('',(#14495),#14488,.F.);
#14497=CARTESIAN_POINT('',(1.126666674614E1,0.E0,-2.839361703396E1));
#14498=DIRECTION('',(0.E0,0.E0,1.E0));
#14499=DIRECTION('',(1.E0,0.E0,0.E0));
#14500=AXIS2_PLACEMENT_3D('',#14497,#14498,#14499);
#14501=PLANE('',#14500);
#14502=ORIENTED_EDGE('',*,*,#10133,.T.);
#14504=ORIENTED_EDGE('',*,*,#14503,.F.);
#14505=ORIENTED_EDGE('',*,*,#12332,.F.);
#14506=ORIENTED_EDGE('',*,*,#14490,.T.);
#14507=EDGE_LOOP('',(#14502,#14504,#14505,#14506));
#14508=FACE_OUTER_BOUND('',#14507,.F.);
#14509=ADVANCED_FACE('',(#14508),#14501,.F.);
#14510=CARTESIAN_POINT('',(1.11E1,0.E0,-2.843617022038E1));
#14511=DIRECTION('',(-2.473831068378E-1,0.E0,9.689177459678E-1));
#14512=DIRECTION('',(9.689177459678E-1,0.E0,2.473831068378E-1));
#14513=AXIS2_PLACEMENT_3D('',#14510,#14511,#14512);
#14514=PLANE('',#14513);
#14515=ORIENTED_EDGE('',*,*,#10131,.T.);
#14517=ORIENTED_EDGE('',*,*,#14516,.F.);
#14518=ORIENTED_EDGE('',*,*,#12334,.F.);
#14519=ORIENTED_EDGE('',*,*,#14503,.T.);
#14520=EDGE_LOOP('',(#14515,#14517,#14518,#14519));
#14521=FACE_OUTER_BOUND('',#14520,.F.);
#14522=ADVANCED_FACE('',(#14521),#14514,.F.);
#14523=CARTESIAN_POINT('',(1.093333325386E1,0.E0,-2.852127659321E1));
#14524=DIRECTION('',(-4.547769415434E-1,0.E0,8.906053746977E-1));
#14525=DIRECTION('',(8.906053746977E-1,0.E0,4.547769415434E-1));
#14526=AXIS2_PLACEMENT_3D('',#14523,#14524,#14525);
#14527=PLANE('',#14526);
#14528=ORIENTED_EDGE('',*,*,#10129,.T.);
#14530=ORIENTED_EDGE('',*,*,#14529,.F.);
#14531=ORIENTED_EDGE('',*,*,#12336,.F.);
#14532=ORIENTED_EDGE('',*,*,#14516,.T.);
#14533=EDGE_LOOP('',(#14528,#14530,#14531,#14532));
#14534=FACE_OUTER_BOUND('',#14533,.F.);
#14535=ADVANCED_FACE('',(#14534),#14527,.F.);
#14536=CARTESIAN_POINT('',(1.076666674614E1,0.E0,-2.869148933887E1));
#14537=DIRECTION('',(-7.145107183351E-1,0.E0,6.996244945571E-1));
#14538=DIRECTION('',(6.996244945571E-1,0.E0,7.145107183351E-1));
#14539=AXIS2_PLACEMENT_3D('',#14536,#14537,#14538);
#14540=PLANE('',#14539);
#14541=ORIENTED_EDGE('',*,*,#10127,.T.);
#14543=ORIENTED_EDGE('',*,*,#14542,.F.);
#14544=ORIENTED_EDGE('',*,*,#12338,.F.);
#14545=ORIENTED_EDGE('',*,*,#14529,.T.);
#14546=EDGE_LOOP('',(#14541,#14543,#14544,#14545));
#14547=FACE_OUTER_BOUND('',#14546,.F.);
#14548=ADVANCED_FACE('',(#14547),#14540,.F.);
#14549=CARTESIAN_POINT('',(1.0725E1,0.E0,-2.886170208454E1));
#14550=DIRECTION('',(-9.713210491251E-1,0.E0,2.377717803411E-1));
#14551=DIRECTION('',(2.377717803411E-1,0.E0,9.713210491251E-1));
#14552=AXIS2_PLACEMENT_3D('',#14549,#14550,#14551);
#14553=PLANE('',#14552);
#14554=ORIENTED_EDGE('',*,*,#10125,.T.);
#14556=ORIENTED_EDGE('',*,*,#14555,.F.);
#14557=ORIENTED_EDGE('',*,*,#12340,.F.);
#14558=ORIENTED_EDGE('',*,*,#14542,.T.);
#14559=EDGE_LOOP('',(#14554,#14556,#14557,#14558));
#14560=FACE_OUTER_BOUND('',#14559,.F.);
#14561=ADVANCED_FACE('',(#14560),#14553,.F.);
#14562=CARTESIAN_POINT('',(1.0725E1,0.E0,-2.903191494942E1));
#14563=DIRECTION('',(-1.E0,0.E0,0.E0));
#14564=DIRECTION('',(0.E0,0.E0,1.E0));
#14565=AXIS2_PLACEMENT_3D('',#14562,#14563,#14564);
#14566=PLANE('',#14565);
#14567=ORIENTED_EDGE('',*,*,#10123,.F.);
#14569=ORIENTED_EDGE('',*,*,#14568,.F.);
#14570=ORIENTED_EDGE('',*,*,#12342,.T.);
#14571=ORIENTED_EDGE('',*,*,#14555,.T.);
#14572=EDGE_LOOP('',(#14567,#14569,#14570,#14571));
#14573=FACE_OUTER_BOUND('',#14572,.F.);
#14574=ADVANCED_FACE('',(#14573),#14566,.F.);
#14575=CARTESIAN_POINT('',(1.076666674614E1,0.E0,-2.920212769508E1));
#14576=DIRECTION('',(-9.713210491251E-1,0.E0,-2.377717803411E-1));
#14577=DIRECTION('',(-2.377717803411E-1,0.E0,9.713210491251E-1));
#14578=AXIS2_PLACEMENT_3D('',#14575,#14576,#14577);
#14579=PLANE('',#14578);
#14580=ORIENTED_EDGE('',*,*,#10121,.F.);
#14582=ORIENTED_EDGE('',*,*,#14581,.F.);
#14583=ORIENTED_EDGE('',*,*,#12344,.T.);
#14584=ORIENTED_EDGE('',*,*,#14568,.T.);
#14585=EDGE_LOOP('',(#14580,#14582,#14583,#14584));
#14586=FACE_OUTER_BOUND('',#14585,.F.);
#14587=ADVANCED_FACE('',(#14586),#14579,.F.);
#14588=CARTESIAN_POINT('',(1.093333325386E1,0.E0,-2.937234044075E1));
#14589=DIRECTION('',(-7.145107183351E-1,0.E0,-6.996244945571E-1));
#14590=DIRECTION('',(-6.996244945571E-1,0.E0,7.145107183351E-1));
#14591=AXIS2_PLACEMENT_3D('',#14588,#14589,#14590);
#14592=PLANE('',#14591);
#14593=ORIENTED_EDGE('',*,*,#10119,.F.);
#14595=ORIENTED_EDGE('',*,*,#14594,.F.);
#14596=ORIENTED_EDGE('',*,*,#12346,.T.);
#14597=ORIENTED_EDGE('',*,*,#14581,.T.);
#14598=EDGE_LOOP('',(#14593,#14595,#14596,#14597));
#14599=FACE_OUTER_BOUND('',#14598,.F.);
#14600=ADVANCED_FACE('',(#14599),#14592,.F.);
#14601=CARTESIAN_POINT('',(1.11E1,0.E0,-2.945744681358E1));
#14602=DIRECTION('',(-4.547769415434E-1,0.E0,-8.906053746977E-1));
#14603=DIRECTION('',(-8.906053746977E-1,0.E0,4.547769415434E-1));
#14604=AXIS2_PLACEMENT_3D('',#14601,#14602,#14603);
#14605=PLANE('',#14604);
#14606=ORIENTED_EDGE('',*,*,#10117,.F.);
#14608=ORIENTED_EDGE('',*,*,#14607,.F.);
#14609=ORIENTED_EDGE('',*,*,#12348,.T.);
#14610=ORIENTED_EDGE('',*,*,#14594,.T.);
#14611=EDGE_LOOP('',(#14606,#14608,#14609,#14610));
#14612=FACE_OUTER_BOUND('',#14611,.F.);
#14613=ADVANCED_FACE('',(#14612),#14605,.F.);
#14614=CARTESIAN_POINT('',(1.126666674614E1,0.E0,-2.95E1));
#14615=DIRECTION('',(-2.473831068378E-1,0.E0,-9.689177459678E-1));
#14616=DIRECTION('',(-9.689177459678E-1,0.E0,2.473831068378E-1));
#14617=AXIS2_PLACEMENT_3D('',#14614,#14615,#14616);
#14618=PLANE('',#14617);
#14619=ORIENTED_EDGE('',*,*,#10115,.F.);
#14621=ORIENTED_EDGE('',*,*,#14620,.F.);
#14622=ORIENTED_EDGE('',*,*,#12350,.T.);
#14623=ORIENTED_EDGE('',*,*,#14607,.T.);
#14624=EDGE_LOOP('',(#14619,#14621,#14622,#14623));
#14625=FACE_OUTER_BOUND('',#14624,.F.);
#14626=ADVANCED_FACE('',(#14625),#14618,.F.);
#14627=CARTESIAN_POINT('',(1.1475E1,0.E0,-2.95E1));
#14628=DIRECTION('',(0.E0,0.E0,-1.E0));
#14629=DIRECTION('',(-1.E0,0.E0,0.E0));
#14630=AXIS2_PLACEMENT_3D('',#14627,#14628,#14629);
#14631=PLANE('',#14630);
#14632=ORIENTED_EDGE('',*,*,#10113,.F.);
#14634=ORIENTED_EDGE('',*,*,#14633,.F.);
#14635=ORIENTED_EDGE('',*,*,#12352,.T.);
#14636=ORIENTED_EDGE('',*,*,#14620,.T.);
#14637=EDGE_LOOP('',(#14632,#14634,#14635,#14636));
#14638=FACE_OUTER_BOUND('',#14637,.F.);
#14639=ADVANCED_FACE('',(#14638),#14631,.F.);
#14640=CARTESIAN_POINT('',(1.168333325386E1,0.E0,-2.945744681358E1));
#14641=DIRECTION('',(2.001234283435E-1,0.E0,-9.797706943097E-1));
#14642=DIRECTION('',(-9.797706943097E-1,0.E0,-2.001234283435E-1));
#14643=AXIS2_PLACEMENT_3D('',#14640,#14641,#14642);
#14644=PLANE('',#14643);
#14645=ORIENTED_EDGE('',*,*,#10111,.F.);
#14647=ORIENTED_EDGE('',*,*,#14646,.F.);
#14648=ORIENTED_EDGE('',*,*,#12354,.T.);
#14649=ORIENTED_EDGE('',*,*,#14633,.T.);
#14650=EDGE_LOOP('',(#14645,#14647,#14648,#14649));
#14651=FACE_OUTER_BOUND('',#14650,.F.);
#14652=ADVANCED_FACE('',(#14651),#14644,.F.);
#14653=CARTESIAN_POINT('',(1.185E1,0.E0,-2.932978725433E1));
#14654=DIRECTION('',(6.080766493621E-1,0.E0,-7.938783209665E-1));
#14655=DIRECTION('',(-7.938783209665E-1,0.E0,-6.080766493621E-1));
#14656=AXIS2_PLACEMENT_3D('',#14653,#14654,#14655);
#14657=PLANE('',#14656);
#14658=ORIENTED_EDGE('',*,*,#10109,.F.);
#14660=ORIENTED_EDGE('',*,*,#14659,.F.);
#14661=ORIENTED_EDGE('',*,*,#12356,.T.);
#14662=ORIENTED_EDGE('',*,*,#14646,.T.);
#14663=EDGE_LOOP('',(#14658,#14660,#14661,#14662));
#14664=FACE_OUTER_BOUND('',#14663,.F.);
#14665=ADVANCED_FACE('',(#14664),#14657,.F.);
#14666=CARTESIAN_POINT('',(1.1975E1,0.E0,-2.915957450867E1));
#14667=DIRECTION('',(8.060043958311E-1,0.E0,-5.919095487496E-1));
#14668=DIRECTION('',(-5.919095487496E-1,0.E0,-8.060043958311E-1));
#14669=AXIS2_PLACEMENT_3D('',#14666,#14667,#14668);
#14670=PLANE('',#14669);
#14671=ORIENTED_EDGE('',*,*,#10107,.F.);
#14673=ORIENTED_EDGE('',*,*,#14672,.F.);
#14674=ORIENTED_EDGE('',*,*,#12358,.T.);
#14675=ORIENTED_EDGE('',*,*,#14659,.T.);
#14676=EDGE_LOOP('',(#14671,#14673,#14674,#14675));
#14677=FACE_OUTER_BOUND('',#14676,.F.);
#14678=ADVANCED_FACE('',(#14677),#14670,.F.);
#14679=CARTESIAN_POINT('',(1.201666674614E1,0.E0,-2.903191494942E1));
#14680=DIRECTION('',(9.506450175458E-1,0.E0,-3.102805998049E-1));
#14681=DIRECTION('',(-3.102805998049E-1,0.E0,-9.506450175458E-1));
#14682=AXIS2_PLACEMENT_3D('',#14679,#14680,#14681);
#14683=PLANE('',#14682);
#14684=ORIENTED_EDGE('',*,*,#10105,.F.);
#14686=ORIENTED_EDGE('',*,*,#14685,.F.);
#14687=ORIENTED_EDGE('',*,*,#12360,.T.);
#14688=ORIENTED_EDGE('',*,*,#14672,.T.);
#14689=EDGE_LOOP('',(#14684,#14686,#14687,#14688));
#14690=FACE_OUTER_BOUND('',#14689,.F.);
#14691=ADVANCED_FACE('',(#14690),#14683,.F.);
#14692=CARTESIAN_POINT('',(1.176666674614E1,0.E0,-2.903191494942E1));
#14693=DIRECTION('',(0.E0,0.E0,1.E0));
#14694=DIRECTION('',(1.E0,0.E0,0.E0));
#14695=AXIS2_PLACEMENT_3D('',#14692,#14693,#14694);
#14696=PLANE('',#14695);
#14697=ORIENTED_EDGE('',*,*,#10103,.T.);
#14698=ORIENTED_EDGE('',*,*,#14011,.F.);
#14699=ORIENTED_EDGE('',*,*,#12362,.F.);
#14700=ORIENTED_EDGE('',*,*,#14685,.T.);
#14701=EDGE_LOOP('',(#14697,#14698,#14699,#14700));
#14702=FACE_OUTER_BOUND('',#14701,.F.);
#14703=ADVANCED_FACE('',(#14702),#14696,.F.);
#14704=CARTESIAN_POINT('',(1.41E1,0.E0,-2.801063829660E1));
#14705=DIRECTION('',(0.E0,0.E0,-1.E0));
#14706=DIRECTION('',(-1.E0,0.E0,0.E0));
#14707=AXIS2_PLACEMENT_3D('',#14704,#14705,#14706);
#14708=PLANE('',#14707);
#14709=ORIENTED_EDGE('',*,*,#10211,.F.);
#14711=ORIENTED_EDGE('',*,*,#14710,.F.);
#14712=ORIENTED_EDGE('',*,*,#12372,.T.);
#14714=ORIENTED_EDGE('',*,*,#14713,.T.);
#14715=EDGE_LOOP('',(#14709,#14711,#14712,#14714));
#14716=FACE_OUTER_BOUND('',#14715,.F.);
#14717=ADVANCED_FACE('',(#14716),#14708,.F.);
#14718=CARTESIAN_POINT('',(1.405833349228E1,0.E0,-2.779787233472E1));
#14719=DIRECTION('',(9.813592778365E-1,0.E0,1.921821214477E-1));
#14720=DIRECTION('',(1.921821214477E-1,0.E0,-9.813592778365E-1));
#14721=AXIS2_PLACEMENT_3D('',#14718,#14719,#14720);
#14722=PLANE('',#14721);
#14723=ORIENTED_EDGE('',*,*,#10289,.T.);
#14725=ORIENTED_EDGE('',*,*,#14724,.F.);
#14726=ORIENTED_EDGE('',*,*,#12374,.F.);
#14727=ORIENTED_EDGE('',*,*,#14710,.T.);
#14728=EDGE_LOOP('',(#14723,#14725,#14726,#14727));
#14729=FACE_OUTER_BOUND('',#14728,.F.);
#14730=ADVANCED_FACE('',(#14729),#14722,.F.);
#14731=CARTESIAN_POINT('',(1.389166650772E1,0.E0,-2.762765957415E1));
#14732=DIRECTION('',(7.145097483531E-1,0.E0,6.996254851765E-1));
#14733=DIRECTION('',(6.996254851765E-1,0.E0,-7.145097483531E-1));
#14734=AXIS2_PLACEMENT_3D('',#14731,#14732,#14733);
#14735=PLANE('',#14734);
#14736=ORIENTED_EDGE('',*,*,#10287,.T.);
#14738=ORIENTED_EDGE('',*,*,#14737,.F.);
#14739=ORIENTED_EDGE('',*,*,#12376,.F.);
#14740=ORIENTED_EDGE('',*,*,#14724,.T.);
#14741=EDGE_LOOP('',(#14736,#14738,#14739,#14740));
#14742=FACE_OUTER_BOUND('',#14741,.F.);
#14743=ADVANCED_FACE('',(#14742),#14735,.F.);
#14744=CARTESIAN_POINT('',(1.3725E1,0.E0,-2.754255319014E1));
#14745=DIRECTION('',(4.547775049247E-1,0.E0,8.906050870136E-1));
#14746=DIRECTION('',(8.906050870136E-1,0.E0,-4.547775049247E-1));
#14747=AXIS2_PLACEMENT_3D('',#14744,#14745,#14746);
#14748=PLANE('',#14747);
#14749=ORIENTED_EDGE('',*,*,#10285,.T.);
#14751=ORIENTED_EDGE('',*,*,#14750,.F.);
#14752=ORIENTED_EDGE('',*,*,#12378,.F.);
#14753=ORIENTED_EDGE('',*,*,#14737,.T.);
#14754=EDGE_LOOP('',(#14749,#14751,#14752,#14753));
#14755=FACE_OUTER_BOUND('',#14754,.F.);
#14756=ADVANCED_FACE('',(#14755),#14748,.F.);
#14757=CARTESIAN_POINT('',(1.351666650772E1,0.E0,-2.75E1));
#14758=DIRECTION('',(2.001232253108E-1,0.E0,9.797707357802E-1));
#14759=DIRECTION('',(9.797707357802E-1,0.E0,-2.001232253108E-1));
#14760=AXIS2_PLACEMENT_3D('',#14757,#14758,#14759);
#14761=PLANE('',#14760);
#14762=ORIENTED_EDGE('',*,*,#10283,.T.);
#14764=ORIENTED_EDGE('',*,*,#14763,.F.);
#14765=ORIENTED_EDGE('',*,*,#12380,.F.);
#14766=ORIENTED_EDGE('',*,*,#14750,.T.);
#14767=EDGE_LOOP('',(#14762,#14764,#14765,#14766));
#14768=FACE_OUTER_BOUND('',#14767,.F.);
#14769=ADVANCED_FACE('',(#14768),#14761,.F.);
#14770=CARTESIAN_POINT('',(1.314166650772E1,0.E0,-2.75E1));
#14771=DIRECTION('',(0.E0,0.E0,1.E0));
#14772=DIRECTION('',(1.E0,0.E0,0.E0));
#14773=AXIS2_PLACEMENT_3D('',#14770,#14771,#14772);
#14774=PLANE('',#14773);
#14775=ORIENTED_EDGE('',*,*,#10281,.T.);
#14777=ORIENTED_EDGE('',*,*,#14776,.F.);
#14778=ORIENTED_EDGE('',*,*,#12382,.F.);
#14779=ORIENTED_EDGE('',*,*,#14763,.T.);
#14780=EDGE_LOOP('',(#14775,#14777,#14778,#14779));
#14781=FACE_OUTER_BOUND('',#14780,.F.);
#14782=ADVANCED_FACE('',(#14781),#14774,.F.);
#14783=CARTESIAN_POINT('',(1.293333349228E1,0.E0,-2.754255319014E1));
#14784=DIRECTION('',(-2.001236650127E-1,0.E0,9.797706459687E-1));
#14785=DIRECTION('',(9.797706459687E-1,0.E0,2.001236650127E-1));
#14786=AXIS2_PLACEMENT_3D('',#14783,#14784,#14785);
#14787=PLANE('',#14786);
#14788=ORIENTED_EDGE('',*,*,#10279,.T.);
#14790=ORIENTED_EDGE('',*,*,#14789,.F.);
#14791=ORIENTED_EDGE('',*,*,#12384,.F.);
#14792=ORIENTED_EDGE('',*,*,#14776,.T.);
#14793=EDGE_LOOP('',(#14788,#14790,#14791,#14792));
#14794=FACE_OUTER_BOUND('',#14793,.F.);
#14795=ADVANCED_FACE('',(#14794),#14787,.F.);
#14796=CARTESIAN_POINT('',(1.276666650772E1,0.E0,-2.762765957415E1));
#14797=DIRECTION('',(-4.547764728998E-1,0.E0,8.906056140048E-1));
#14798=DIRECTION('',(8.906056140048E-1,0.E0,4.547764728998E-1));
#14799=AXIS2_PLACEMENT_3D('',#14796,#14797,#14798);
#14800=PLANE('',#14799);
#14801=ORIENTED_EDGE('',*,*,#10277,.T.);
#14803=ORIENTED_EDGE('',*,*,#14802,.F.);
#14804=ORIENTED_EDGE('',*,*,#12386,.F.);
#14805=ORIENTED_EDGE('',*,*,#14789,.T.);
#14806=EDGE_LOOP('',(#14801,#14803,#14804,#14805));
#14807=FACE_OUTER_BOUND('',#14806,.F.);
#14808=ADVANCED_FACE('',(#14807),#14800,.F.);
#14809=CARTESIAN_POINT('',(1.26E1,0.E0,-2.779787233472E1));
#14810=DIRECTION('',(-7.145107489524E-1,0.E0,6.996244632883E-1));
#14811=DIRECTION('',(6.996244632883E-1,0.E0,7.145107489524E-1));
#14812=AXIS2_PLACEMENT_3D('',#14809,#14810,#14811);
#14813=PLANE('',#14812);
#14814=ORIENTED_EDGE('',*,*,#10275,.T.);
#14816=ORIENTED_EDGE('',*,*,#14815,.F.);
#14817=ORIENTED_EDGE('',*,*,#12388,.F.);
#14818=ORIENTED_EDGE('',*,*,#14802,.T.);
#14819=EDGE_LOOP('',(#14814,#14816,#14817,#14818));
#14820=FACE_OUTER_BOUND('',#14819,.F.);
#14821=ADVANCED_FACE('',(#14820),#14813,.F.);
#14822=CARTESIAN_POINT('',(1.251666674614E1,0.E0,-2.796808511019E1));
#14823=DIRECTION('',(-8.981382931841E-1,0.E0,4.397130954570E-1));
#14824=DIRECTION('',(4.397130954570E-1,0.E0,8.981382931841E-1));
#14825=AXIS2_PLACEMENT_3D('',#14822,#14823,#14824);
#14826=PLANE('',#14825);
#14827=ORIENTED_EDGE('',*,*,#10273,.T.);
#14829=ORIENTED_EDGE('',*,*,#14828,.F.);
#14830=ORIENTED_EDGE('',*,*,#12390,.F.);
#14831=ORIENTED_EDGE('',*,*,#14815,.T.);
#14832=EDGE_LOOP('',(#14827,#14829,#14830,#14831));
#14833=FACE_OUTER_BOUND('',#14832,.F.);
#14834=ADVANCED_FACE('',(#14833),#14826,.F.);
#14835=CARTESIAN_POINT('',(1.2475E1,0.E0,-2.818085104227E1));
#14836=DIRECTION('',(-9.813590653599E-1,0.E0,1.921832064360E-1));
#14837=DIRECTION('',(1.921832064360E-1,0.E0,9.813590653599E-1));
#14838=AXIS2_PLACEMENT_3D('',#14835,#14836,#14837);
#14839=PLANE('',#14838);
#14840=ORIENTED_EDGE('',*,*,#10271,.T.);
#14842=ORIENTED_EDGE('',*,*,#14841,.F.);
#14843=ORIENTED_EDGE('',*,*,#12392,.F.);
#14844=ORIENTED_EDGE('',*,*,#14828,.T.);
#14845=EDGE_LOOP('',(#14840,#14842,#14843,#14844));
#14846=FACE_OUTER_BOUND('',#14845,.F.);
#14847=ADVANCED_FACE('',(#14846),#14839,.F.);
#14848=CARTESIAN_POINT('',(1.2475E1,0.E0,-2.881914889812E1));
#14849=DIRECTION('',(-1.E0,0.E0,0.E0));
#14850=DIRECTION('',(0.E0,0.E0,1.E0));
#14851=AXIS2_PLACEMENT_3D('',#14848,#14849,#14850);
#14852=PLANE('',#14851);
#14853=ORIENTED_EDGE('',*,*,#10269,.F.);
#14855=ORIENTED_EDGE('',*,*,#14854,.F.);
#14856=ORIENTED_EDGE('',*,*,#12394,.T.);
#14857=ORIENTED_EDGE('',*,*,#14841,.T.);
#14858=EDGE_LOOP('',(#14853,#14855,#14856,#14857));
#14859=FACE_OUTER_BOUND('',#14858,.F.);
#14860=ADVANCED_FACE('',(#14859),#14852,.F.);
#14861=CARTESIAN_POINT('',(1.251666674614E1,0.E0,-2.903191494942E1));
#14862=DIRECTION('',(-9.813590856678E-1,0.E0,-1.921831027359E-1));
#14863=DIRECTION('',(-1.921831027359E-1,0.E0,9.813590856678E-1));
#14864=AXIS2_PLACEMENT_3D('',#14861,#14862,#14863);
#14865=PLANE('',#14864);
#14866=ORIENTED_EDGE('',*,*,#10267,.F.);
#14868=ORIENTED_EDGE('',*,*,#14867,.F.);
#14869=ORIENTED_EDGE('',*,*,#12396,.T.);
#14870=ORIENTED_EDGE('',*,*,#14854,.T.);
#14871=EDGE_LOOP('',(#14866,#14868,#14869,#14870));
#14872=FACE_OUTER_BOUND('',#14871,.F.);
#14873=ADVANCED_FACE('',(#14872),#14865,.F.);
#14874=CARTESIAN_POINT('',(1.26E1,0.E0,-2.920212769508E1));
#14875=DIRECTION('',(-8.981382627794E-1,0.E0,-4.397131575602E-1));
#14876=DIRECTION('',(-4.397131575602E-1,0.E0,8.981382627794E-1));
#14877=AXIS2_PLACEMENT_3D('',#14874,#14875,#14876);
#14878=PLANE('',#14877);
#14879=ORIENTED_EDGE('',*,*,#10265,.F.);
#14881=ORIENTED_EDGE('',*,*,#14880,.F.);
#14882=ORIENTED_EDGE('',*,*,#12398,.T.);
#14883=ORIENTED_EDGE('',*,*,#14867,.T.);
#14884=EDGE_LOOP('',(#14879,#14881,#14882,#14883));
#14885=FACE_OUTER_BOUND('',#14884,.F.);
#14886=ADVANCED_FACE('',(#14885),#14878,.F.);
#14887=CARTESIAN_POINT('',(1.276666650772E1,0.E0,-2.937234044075E1));
#14888=DIRECTION('',(-7.145107183351E-1,0.E0,-6.996244945571E-1));
#14889=DIRECTION('',(-6.996244945571E-1,0.E0,7.145107183351E-1));
#14890=AXIS2_PLACEMENT_3D('',#14887,#14888,#14889);
#14891=PLANE('',#14890);
#14892=ORIENTED_EDGE('',*,*,#10263,.F.);
#14894=ORIENTED_EDGE('',*,*,#14893,.F.);
#14895=ORIENTED_EDGE('',*,*,#12400,.T.);
#14896=ORIENTED_EDGE('',*,*,#14880,.T.);
#14897=EDGE_LOOP('',(#14892,#14894,#14895,#14896));
#14898=FACE_OUTER_BOUND('',#14897,.F.);
#14899=ADVANCED_FACE('',(#14898),#14891,.F.);
#14900=CARTESIAN_POINT('',(1.293333349228E1,0.E0,-2.945744681358E1));
#14901=DIRECTION('',(-4.547764255314E-1,0.E0,-8.906056381928E-1));
#14902=DIRECTION('',(-8.906056381928E-1,0.E0,4.547764255314E-1));
#14903=AXIS2_PLACEMENT_3D('',#14900,#14901,#14902);
#14904=PLANE('',#14903);
#14905=ORIENTED_EDGE('',*,*,#10261,.F.);
#14907=ORIENTED_EDGE('',*,*,#14906,.F.);
#14908=ORIENTED_EDGE('',*,*,#12402,.T.);
#14909=ORIENTED_EDGE('',*,*,#14893,.T.);
#14910=EDGE_LOOP('',(#14905,#14907,#14908,#14909));
#14911=FACE_OUTER_BOUND('',#14910,.F.);
#14912=ADVANCED_FACE('',(#14911),#14904,.F.);
#14913=CARTESIAN_POINT('',(1.314166650772E1,0.E0,-2.95E1));
#14914=DIRECTION('',(-2.001236481946E-1,0.E0,-9.797706494039E-1));
#14915=DIRECTION('',(-9.797706494039E-1,0.E0,2.001236481946E-1));
#14916=AXIS2_PLACEMENT_3D('',#14913,#14914,#14915);
#14917=PLANE('',#14916);
#14918=ORIENTED_EDGE('',*,*,#10259,.F.);
#14920=ORIENTED_EDGE('',*,*,#14919,.F.);
#14921=ORIENTED_EDGE('',*,*,#12404,.T.);
#14922=ORIENTED_EDGE('',*,*,#14906,.T.);
#14923=EDGE_LOOP('',(#14918,#14920,#14921,#14922));
#14924=FACE_OUTER_BOUND('',#14923,.F.);
#14925=ADVANCED_FACE('',(#14924),#14917,.F.);
#14926=CARTESIAN_POINT('',(1.351666650772E1,0.E0,-2.95E1));
#14927=DIRECTION('',(0.E0,0.E0,-1.E0));
#14928=DIRECTION('',(-1.E0,0.E0,0.E0));
#14929=AXIS2_PLACEMENT_3D('',#14926,#14927,#14928);
#14930=PLANE('',#14929);
#14931=ORIENTED_EDGE('',*,*,#10257,.F.);
#14933=ORIENTED_EDGE('',*,*,#14932,.F.);
#14934=ORIENTED_EDGE('',*,*,#12406,.T.);
#14935=ORIENTED_EDGE('',*,*,#14919,.T.);
#14936=EDGE_LOOP('',(#14931,#14933,#14934,#14935));
#14937=FACE_OUTER_BOUND('',#14936,.F.);
#14938=ADVANCED_FACE('',(#14937),#14930,.F.);
#14939=CARTESIAN_POINT('',(1.3725E1,0.E0,-2.945744681358E1));
#14940=DIRECTION('',(2.001232084928E-1,0.E0,-9.797707392153E-1));
#14941=DIRECTION('',(-9.797707392153E-1,0.E0,-2.001232084928E-1));
#14942=AXIS2_PLACEMENT_3D('',#14939,#14940,#14941);
#14943=PLANE('',#14942);
#14944=ORIENTED_EDGE('',*,*,#10255,.F.);
#14946=ORIENTED_EDGE('',*,*,#14945,.F.);
#14947=ORIENTED_EDGE('',*,*,#12408,.T.);
#14948=ORIENTED_EDGE('',*,*,#14932,.T.);
#14949=EDGE_LOOP('',(#14944,#14946,#14947,#14948));
#14950=FACE_OUTER_BOUND('',#14949,.F.);
#14951=ADVANCED_FACE('',(#14950),#14943,.F.);
#14952=CARTESIAN_POINT('',(1.389166650772E1,0.E0,-2.937234044075E1));
#14953=DIRECTION('',(4.547774575564E-1,0.E0,-8.906051112017E-1));
#14954=DIRECTION('',(-8.906051112017E-1,0.E0,-4.547774575564E-1));
#14955=AXIS2_PLACEMENT_3D('',#14952,#14953,#14954);
#14956=PLANE('',#14955);
#14957=ORIENTED_EDGE('',*,*,#10253,.F.);
#14959=ORIENTED_EDGE('',*,*,#14958,.F.);
#14960=ORIENTED_EDGE('',*,*,#12410,.T.);
#14961=ORIENTED_EDGE('',*,*,#14945,.T.);
#14962=EDGE_LOOP('',(#14957,#14959,#14960,#14961));
#14963=FACE_OUTER_BOUND('',#14962,.F.);
#14964=ADVANCED_FACE('',(#14963),#14956,.F.);
#14965=CARTESIAN_POINT('',(1.405833349228E1,0.E0,-2.920212769508E1));
#14966=DIRECTION('',(7.145097177357E-1,0.E0,-6.996255164452E-1));
#14967=DIRECTION('',(-6.996255164452E-1,0.E0,-7.145097177357E-1));
#14968=AXIS2_PLACEMENT_3D('',#14965,#14966,#14967);
#14969=PLANE('',#14968);
#14970=ORIENTED_EDGE('',*,*,#10251,.F.);
#14972=ORIENTED_EDGE('',*,*,#14971,.F.);
#14973=ORIENTED_EDGE('',*,*,#12412,.T.);
#14974=ORIENTED_EDGE('',*,*,#14958,.T.);
#14975=EDGE_LOOP('',(#14970,#14972,#14973,#14974));
#14976=FACE_OUTER_BOUND('',#14975,.F.);
#14977=ADVANCED_FACE('',(#14976),#14969,.F.);
#14978=CARTESIAN_POINT('',(1.41E1,0.E0,-2.898936164379E1));
#14979=DIRECTION('',(9.813592930674E-1,0.E0,-1.921820436730E-1));
#14980=DIRECTION('',(-1.921820436730E-1,0.E0,-9.813592930674E-1));
#14981=AXIS2_PLACEMENT_3D('',#14978,#14979,#14980);
#14982=PLANE('',#14981);
#14983=ORIENTED_EDGE('',*,*,#10249,.F.);
#14985=ORIENTED_EDGE('',*,*,#14984,.F.);
#14986=ORIENTED_EDGE('',*,*,#12414,.T.);
#14987=ORIENTED_EDGE('',*,*,#14971,.T.);
#14988=EDGE_LOOP('',(#14983,#14985,#14986,#14987));
#14989=FACE_OUTER_BOUND('',#14988,.F.);
#14990=ADVANCED_FACE('',(#14989),#14982,.F.);
#14991=CARTESIAN_POINT('',(1.385E1,0.E0,-2.898936164379E1));
#14992=DIRECTION('',(0.E0,0.E0,1.E0));
#14993=DIRECTION('',(1.E0,0.E0,0.E0));
#14994=AXIS2_PLACEMENT_3D('',#14991,#14992,#14993);
#14995=PLANE('',#14994);
#14996=ORIENTED_EDGE('',*,*,#10247,.T.);
#14998=ORIENTED_EDGE('',*,*,#14997,.F.);
#14999=ORIENTED_EDGE('',*,*,#12416,.F.);
#15000=ORIENTED_EDGE('',*,*,#14984,.T.);
#15001=EDGE_LOOP('',(#14996,#14998,#14999,#15000));
#15002=FACE_OUTER_BOUND('',#15001,.F.);
#15003=ADVANCED_FACE('',(#15002),#14995,.F.);
#15004=CARTESIAN_POINT('',(1.380833349228E1,0.E0,-2.911702132225E1));
#15005=DIRECTION('',(-9.506456267027E-1,0.E0,3.102787334496E-1));
#15006=DIRECTION('',(3.102787334496E-1,0.E0,9.506456267027E-1));
#15007=AXIS2_PLACEMENT_3D('',#15004,#15005,#15006);
#15008=PLANE('',#15007);
#15009=ORIENTED_EDGE('',*,*,#10245,.T.);
#15011=ORIENTED_EDGE('',*,*,#15010,.F.);
#15012=ORIENTED_EDGE('',*,*,#12418,.F.);
#15013=ORIENTED_EDGE('',*,*,#14997,.T.);
#15014=EDGE_LOOP('',(#15009,#15011,#15012,#15013));
#15015=FACE_OUTER_BOUND('',#15014,.F.);
#15016=ADVANCED_FACE('',(#15015),#15008,.F.);
#15017=CARTESIAN_POINT('',(1.368333349228E1,0.E0,-2.920212769508E1));
#15018=DIRECTION('',(-5.627909312417E-1,0.E0,8.265992787996E-1));
#15019=DIRECTION('',(8.265992787996E-1,0.E0,5.627909312417E-1));
#15020=AXIS2_PLACEMENT_3D('',#15017,#15018,#15019);
#15021=PLANE('',#15020);
#15022=ORIENTED_EDGE('',*,*,#10243,.T.);
#15024=ORIENTED_EDGE('',*,*,#15023,.F.);
#15025=ORIENTED_EDGE('',*,*,#12420,.F.);
#15026=ORIENTED_EDGE('',*,*,#15010,.T.);
#15027=EDGE_LOOP('',(#15022,#15024,#15025,#15026));
#15028=FACE_OUTER_BOUND('',#15027,.F.);
#15029=ADVANCED_FACE('',(#15028),#15021,.F.);
#15030=CARTESIAN_POINT('',(1.351666650772E1,0.E0,-2.924468088150E1));
#15031=DIRECTION('',(-2.473827746112E-1,0.E0,9.689178307915E-1));
#15032=DIRECTION('',(9.689178307915E-1,0.E0,2.473827746112E-1));
#15033=AXIS2_PLACEMENT_3D('',#15030,#15031,#15032);
#15034=PLANE('',#15033);
#15035=ORIENTED_EDGE('',*,*,#10241,.T.);
#15037=ORIENTED_EDGE('',*,*,#15036,.F.);
#15038=ORIENTED_EDGE('',*,*,#12422,.F.);
#15039=ORIENTED_EDGE('',*,*,#15023,.T.);
#15040=EDGE_LOOP('',(#15035,#15037,#15038,#15039));
#15041=FACE_OUTER_BOUND('',#15040,.F.);
#15042=ADVANCED_FACE('',(#15041),#15034,.F.);
#15043=CARTESIAN_POINT('',(1.314166650772E1,0.E0,-2.924468088150E1));
#15044=DIRECTION('',(0.E0,0.E0,1.E0));
#15045=DIRECTION('',(1.E0,0.E0,0.E0));
#15046=AXIS2_PLACEMENT_3D('',#15043,#15044,#15045);
#15047=PLANE('',#15046);
#15048=ORIENTED_EDGE('',*,*,#10239,.T.);
#15050=ORIENTED_EDGE('',*,*,#15049,.F.);
#15051=ORIENTED_EDGE('',*,*,#12424,.F.);
#15052=ORIENTED_EDGE('',*,*,#15036,.T.);
#15053=EDGE_LOOP('',(#15048,#15050,#15051,#15052));
#15054=FACE_OUTER_BOUND('',#15053,.F.);
#15055=ADVANCED_FACE('',(#15054),#15047,.F.);
#15056=CARTESIAN_POINT('',(1.2975E1,0.E0,-2.920212769508E1));
#15057=DIRECTION('',(2.473834390653E-1,0.E0,9.689176611437E-1));
#15058=DIRECTION('',(9.689176611437E-1,0.E0,-2.473834390653E-1));
#15059=AXIS2_PLACEMENT_3D('',#15056,#15057,#15058);
#15060=PLANE('',#15059);
#15061=ORIENTED_EDGE('',*,*,#10237,.T.);
#15063=ORIENTED_EDGE('',*,*,#15062,.F.);
#15064=ORIENTED_EDGE('',*,*,#12426,.F.);
#15065=ORIENTED_EDGE('',*,*,#15049,.T.);
#15066=EDGE_LOOP('',(#15061,#15063,#15064,#15065));
#15067=FACE_OUTER_BOUND('',#15066,.F.);
#15068=ADVANCED_FACE('',(#15067),#15060,.F.);
#15069=CARTESIAN_POINT('',(1.285E1,0.E0,-2.911702132225E1));
#15070=DIRECTION('',(5.627909312417E-1,0.E0,8.265992787996E-1));
#15071=DIRECTION('',(8.265992787996E-1,0.E0,-5.627909312417E-1));
#15072=AXIS2_PLACEMENT_3D('',#15069,#15070,#15071);
#15073=PLANE('',#15072);
#15074=ORIENTED_EDGE('',*,*,#10235,.T.);
#15076=ORIENTED_EDGE('',*,*,#15075,.F.);
#15077=ORIENTED_EDGE('',*,*,#12428,.F.);
#15078=ORIENTED_EDGE('',*,*,#15062,.T.);
#15079=EDGE_LOOP('',(#15074,#15076,#15077,#15078));
#15080=FACE_OUTER_BOUND('',#15079,.F.);
#15081=ADVANCED_FACE('',(#15080),#15073,.F.);
#15082=CARTESIAN_POINT('',(1.276666650772E1,0.E0,-2.898936164379E1));
#15083=DIRECTION('',(8.373788769559E-1,0.E0,5.466229197794E-1));
#15084=DIRECTION('',(5.466229197794E-1,0.E0,-8.373788769559E-1));
#15085=AXIS2_PLACEMENT_3D('',#15082,#15083,#15084);
#15086=PLANE('',#15085);
#15087=ORIENTED_EDGE('',*,*,#10233,.T.);
#15089=ORIENTED_EDGE('',*,*,#15088,.F.);
#15090=ORIENTED_EDGE('',*,*,#12430,.F.);
#15091=ORIENTED_EDGE('',*,*,#15075,.T.);
#15092=EDGE_LOOP('',(#15087,#15089,#15090,#15091));
#15093=FACE_OUTER_BOUND('',#15092,.F.);
#15094=ADVANCED_FACE('',(#15093),#15086,.F.);
#15095=CARTESIAN_POINT('',(1.2725E1,0.E0,-2.881914889812E1));
#15096=DIRECTION('',(9.713213633444E-1,0.E0,2.377704967206E-1));
#15097=DIRECTION('',(2.377704967206E-1,0.E0,-9.713213633444E-1));
#15098=AXIS2_PLACEMENT_3D('',#15095,#15096,#15097);
#15099=PLANE('',#15098);
#15100=ORIENTED_EDGE('',*,*,#10231,.T.);
#15102=ORIENTED_EDGE('',*,*,#15101,.F.);
#15103=ORIENTED_EDGE('',*,*,#12432,.F.);
#15104=ORIENTED_EDGE('',*,*,#15088,.T.);
#15105=EDGE_LOOP('',(#15100,#15102,#15103,#15104));
#15106=FACE_OUTER_BOUND('',#15105,.F.);
#15107=ADVANCED_FACE('',(#15106),#15099,.F.);
#15108=CARTESIAN_POINT('',(1.2725E1,0.E0,-2.818085104227E1));
#15109=DIRECTION('',(1.E0,0.E0,0.E0));
#15110=DIRECTION('',(0.E0,0.E0,-1.E0));
#15111=AXIS2_PLACEMENT_3D('',#15108,#15109,#15110);
#15112=PLANE('',#15111);
#15113=ORIENTED_EDGE('',*,*,#10229,.T.);
#15115=ORIENTED_EDGE('',*,*,#15114,.F.);
#15116=ORIENTED_EDGE('',*,*,#12434,.F.);
#15117=ORIENTED_EDGE('',*,*,#15101,.T.);
#15118=EDGE_LOOP('',(#15113,#15115,#15116,#15117));
#15119=FACE_OUTER_BOUND('',#15118,.F.);
#15120=ADVANCED_FACE('',(#15119),#15112,.F.);
#15121=CARTESIAN_POINT('',(1.276666650772E1,0.E0,-2.801063829660E1));
#15122=DIRECTION('',(9.713213633444E-1,0.E0,-2.377704967206E-1));
#15123=DIRECTION('',(-2.377704967206E-1,0.E0,-9.713213633444E-1));
#15124=AXIS2_PLACEMENT_3D('',#15121,#15122,#15123);
#15125=PLANE('',#15124);
#15126=ORIENTED_EDGE('',*,*,#10227,.F.);
#15128=ORIENTED_EDGE('',*,*,#15127,.F.);
#15129=ORIENTED_EDGE('',*,*,#12436,.T.);
#15130=ORIENTED_EDGE('',*,*,#15114,.T.);
#15131=EDGE_LOOP('',(#15126,#15128,#15129,#15130));
#15132=FACE_OUTER_BOUND('',#15131,.F.);
#15133=ADVANCED_FACE('',(#15132),#15125,.F.);
#15134=CARTESIAN_POINT('',(1.285E1,0.E0,-2.788297873735E1));
#15135=DIRECTION('',(8.373786433120E-1,0.E0,-5.466232777014E-1));
#15136=DIRECTION('',(-5.466232777014E-1,0.E0,-8.373786433120E-1));
#15137=AXIS2_PLACEMENT_3D('',#15134,#15135,#15136);
#15138=PLANE('',#15137);
#15139=ORIENTED_EDGE('',*,*,#10225,.F.);
#15141=ORIENTED_EDGE('',*,*,#15140,.F.);
#15142=ORIENTED_EDGE('',*,*,#12438,.T.);
#15143=ORIENTED_EDGE('',*,*,#15127,.T.);
#15144=EDGE_LOOP('',(#15139,#15141,#15142,#15143));
#15145=FACE_OUTER_BOUND('',#15144,.F.);
#15146=ADVANCED_FACE('',(#15145),#15138,.F.);
#15147=CARTESIAN_POINT('',(1.2975E1,0.E0,-2.779787233472E1));
#15148=DIRECTION('',(5.627910658975E-1,0.E0,-8.265991871191E-1));
#15149=DIRECTION('',(-8.265991871191E-1,0.E0,-5.627910658975E-1));
#15150=AXIS2_PLACEMENT_3D('',#15147,#15148,#15149);
#15151=PLANE('',#15150);
#15152=ORIENTED_EDGE('',*,*,#10223,.F.);
#15154=ORIENTED_EDGE('',*,*,#15153,.F.);
#15155=ORIENTED_EDGE('',*,*,#12440,.T.);
#15156=ORIENTED_EDGE('',*,*,#15140,.T.);
#15157=EDGE_LOOP('',(#15152,#15154,#15155,#15156));
#15158=FACE_OUTER_BOUND('',#15157,.F.);
#15159=ADVANCED_FACE('',(#15158),#15151,.F.);
#15160=CARTESIAN_POINT('',(1.314166650772E1,0.E0,-2.775531914830E1));
#15161=DIRECTION('',(2.473834390653E-1,0.E0,-9.689176611437E-1));
#15162=DIRECTION('',(-9.689176611437E-1,0.E0,-2.473834390653E-1));
#15163=AXIS2_PLACEMENT_3D('',#15160,#15161,#15162);
#15164=PLANE('',#15163);
#15165=ORIENTED_EDGE('',*,*,#10221,.F.);
#15167=ORIENTED_EDGE('',*,*,#15166,.F.);
#15168=ORIENTED_EDGE('',*,*,#12442,.T.);
#15169=ORIENTED_EDGE('',*,*,#15153,.T.);
#15170=EDGE_LOOP('',(#15165,#15167,#15168,#15169));
#15171=FACE_OUTER_BOUND('',#15170,.F.);
#15172=ADVANCED_FACE('',(#15171),#15164,.F.);
#15173=CARTESIAN_POINT('',(1.351666650772E1,0.E0,-2.775531914830E1));
#15174=DIRECTION('',(0.E0,0.E0,-1.E0));
#15175=DIRECTION('',(-1.E0,0.E0,0.E0));
#15176=AXIS2_PLACEMENT_3D('',#15173,#15174,#15175);
#15177=PLANE('',#15176);
#15178=ORIENTED_EDGE('',*,*,#10219,.F.);
#15180=ORIENTED_EDGE('',*,*,#15179,.F.);
#15181=ORIENTED_EDGE('',*,*,#12444,.T.);
#15182=ORIENTED_EDGE('',*,*,#15166,.T.);
#15183=EDGE_LOOP('',(#15178,#15180,#15181,#15182));
#15184=FACE_OUTER_BOUND('',#15183,.F.);
#15185=ADVANCED_FACE('',(#15184),#15177,.F.);
#15186=CARTESIAN_POINT('',(1.368333349228E1,0.E0,-2.779787233472E1));
#15187=DIRECTION('',(-2.473827746112E-1,0.E0,-9.689178307915E-1));
#15188=DIRECTION('',(-9.689178307915E-1,0.E0,2.473827746112E-1));
#15189=AXIS2_PLACEMENT_3D('',#15186,#15187,#15188);
#15190=PLANE('',#15189);
#15191=ORIENTED_EDGE('',*,*,#10217,.F.);
#15193=ORIENTED_EDGE('',*,*,#15192,.F.);
#15194=ORIENTED_EDGE('',*,*,#12446,.T.);
#15195=ORIENTED_EDGE('',*,*,#15179,.T.);
#15196=EDGE_LOOP('',(#15191,#15193,#15194,#15195));
#15197=FACE_OUTER_BOUND('',#15196,.F.);
#15198=ADVANCED_FACE('',(#15197),#15190,.F.);
#15199=CARTESIAN_POINT('',(1.380833349228E1,0.E0,-2.788297873735E1));
#15200=DIRECTION('',(-5.627910658975E-1,0.E0,-8.265991871191E-1));
#15201=DIRECTION('',(-8.265991871191E-1,0.E0,5.627910658975E-1));
#15202=AXIS2_PLACEMENT_3D('',#15199,#15200,#15201);
#15203=PLANE('',#15202);
#15204=ORIENTED_EDGE('',*,*,#10215,.F.);
#15206=ORIENTED_EDGE('',*,*,#15205,.F.);
#15207=ORIENTED_EDGE('',*,*,#12448,.T.);
#15208=ORIENTED_EDGE('',*,*,#15192,.T.);
#15209=EDGE_LOOP('',(#15204,#15206,#15207,#15208));
#15210=FACE_OUTER_BOUND('',#15209,.F.);
#15211=ADVANCED_FACE('',(#15210),#15203,.F.);
#15212=CARTESIAN_POINT('',(1.385E1,0.E0,-2.801063829660E1));
#15213=DIRECTION('',(-9.506455412394E-1,0.E0,-3.102789952956E-1));
#15214=DIRECTION('',(-3.102789952956E-1,0.E0,9.506455412394E-1));
#15215=AXIS2_PLACEMENT_3D('',#15212,#15213,#15214);
#15216=PLANE('',#15215);
#15217=ORIENTED_EDGE('',*,*,#10213,.F.);
#15218=ORIENTED_EDGE('',*,*,#14713,.F.);
#15219=ORIENTED_EDGE('',*,*,#12450,.T.);
#15220=ORIENTED_EDGE('',*,*,#15205,.T.);
#15221=EDGE_LOOP('',(#15217,#15218,#15219,#15220));
#15222=FACE_OUTER_BOUND('',#15221,.F.);
#15223=ADVANCED_FACE('',(#15222),#15216,.F.);
#15224=CARTESIAN_POINT('',(-1.285390000021E-4,9.9E1,-4.630807779750E1));
#15225=DIRECTION('',(0.E0,1.E0,0.E0));
#15226=DIRECTION('',(0.E0,0.E0,1.E0));
#15227=AXIS2_PLACEMENT_3D('',#15224,#15225,#15226);
#15228=TOROIDAL_SURFACE('',#15227,4.95E0,2.E0);
#15229=ORIENTED_EDGE('',*,*,#7633,.F.);
#15230=ORIENTED_EDGE('',*,*,#7600,.T.);
#15231=ORIENTED_EDGE('',*,*,#7580,.F.);
#15232=ORIENTED_EDGE('',*,*,#7529,.T.);
#15234=ORIENTED_EDGE('',*,*,#15233,.T.);
#15235=ORIENTED_EDGE('',*,*,#7594,.F.);
#15236=ORIENTED_EDGE('',*,*,#7635,.T.);
#15237=EDGE_LOOP('',(#15229,#15230,#15231,#15232,#15234,#15235,#15236));
#15238=FACE_OUTER_BOUND('',#15237,.F.);
#15239=ADVANCED_FACE('',(#15238),#15228,.T.);
#15240=CARTESIAN_POINT('',(-1.285390000021E-4,9.941104181338E1,
-4.630807779750E1));
#15241=DIRECTION('',(0.E0,1.E0,0.E0));
#15242=DIRECTION('',(9.847610132962E-1,0.E0,1.739130434780E-1));
#15243=AXIS2_PLACEMENT_3D('',#15240,#15241,#15242);
#15244=CONICAL_SURFACE('',#15243,5.762313975353E0,5.E-1);
#15245=ORIENTED_EDGE('',*,*,#15233,.F.);
#15246=ORIENTED_EDGE('',*,*,#7527,.T.);
#15247=ORIENTED_EDGE('',*,*,#7546,.F.);
#15248=ORIENTED_EDGE('',*,*,#7544,.F.);
#15249=ORIENTED_EDGE('',*,*,#7563,.T.);
#15250=ORIENTED_EDGE('',*,*,#7596,.F.);
#15251=EDGE_LOOP('',(#15245,#15246,#15247,#15248,#15249,#15250));
#15252=FACE_OUTER_BOUND('',#15251,.F.);
#15253=ADVANCED_FACE('',(#15252),#15244,.F.);
#15254=CARTESIAN_POINT('',(-2.071065281600E1,8.906045396543E1,
-3.978237565570E1));
#15255=DIRECTION('',(0.E0,1.E0,0.E0));
#15256=DIRECTION('',(1.570865999920E-12,0.E0,-1.E0));
#15257=AXIS2_PLACEMENT_3D('',#15254,#15255,#15256);
#15258=CONICAL_SURFACE('',#15257,3.697728399608E0,5.E-1);
#15259=ORIENTED_EDGE('',*,*,#7208,.F.);
#15260=ORIENTED_EDGE('',*,*,#7228,.T.);
#15261=ORIENTED_EDGE('',*,*,#7304,.T.);
#15262=ORIENTED_EDGE('',*,*,#7302,.T.);
#15263=ORIENTED_EDGE('',*,*,#7231,.F.);
#15264=EDGE_LOOP('',(#15259,#15260,#15261,#15262,#15263));
#15265=FACE_OUTER_BOUND('',#15264,.F.);
#15266=ADVANCED_FACE('',(#15265),#15258,.T.);
#15267=CLOSED_SHELL('',(#7186,#7200,#7216,#7241,#7256,#7275,#7318,#7334,#7347,
#7363,#7378,#7391,#7401,#7416,#7434,#7457,#7474,#7489,#7504,#7518,#7535,#7552,
#7568,#7584,#7604,#7622,#7640,#7727,#7813,#7847,#7880,#7940,#7955,#7970,#7982,
#7997,#8010,#8026,#8041,#8054,#8070,#8087,#8110,#8125,#8142,#8204,#8217,#8244,
#8263,#8279,#8296,#8317,#8354,#8370,#8387,#8399,#8414,#8427,#8437,#8449,#8475,
#8491,#8507,#8523,#8536,#8621,#8660,#8700,#8714,#8728,#8744,#8758,#8792,#8826,
#8840,#8855,#8869,#8881,#8908,#8932,#8956,#8982,#8994,#9007,#9020,#9050,#9064,
#9077,#9101,#9126,#9137,#9152,#9166,#9180,#9194,#9208,#9227,#9241,#9253,#9265,
#9280,#9299,#9312,#9325,#9337,#9350,#9363,#9376,#9387,#9408,#9429,#9443,#9456,
#9468,#9480,#9493,#9505,#9517,#9538,#9552,#9564,#9578,#9592,#9606,#9618,#9631,
#9647,#9659,#9674,#9700,#9717,#9743,#9757,#9783,#9800,#9825,#10303,#10331,
#10359,#10391,#10405,#10423,#10436,#10453,#10469,#10531,#10667,#10680,#10694,
#10707,#10781,#10794,#10808,#10869,#11005,#11018,#11032,#11045,#11118,#11132,
#11246,#11358,#11472,#11584,#11599,#11613,#11627,#11641,#11655,#11669,#11683,
#11697,#11711,#11725,#11739,#11753,#11767,#11781,#11795,#11809,#11823,#11837,
#11851,#11865,#11879,#11893,#11907,#11921,#11935,#11948,#11982,#12098,#12188,
#12250,#12366,#12454,#12468,#12481,#12494,#12507,#12520,#12533,#12546,#12559,
#12572,#12585,#12598,#12611,#12624,#12637,#12650,#12663,#12676,#12689,#12702,
#12715,#12728,#12741,#12754,#12767,#12780,#12793,#12806,#12819,#12832,#12845,
#12858,#12871,#12884,#12897,#12910,#12923,#12936,#12949,#12962,#12975,#12988,
#13001,#13014,#13027,#13040,#13053,#13066,#13079,#13092,#13105,#13118,#13131,
#13144,#13156,#13170,#13183,#13196,#13209,#13222,#13235,#13248,#13261,#13274,
#13287,#13300,#13313,#13326,#13339,#13352,#13365,#13378,#13391,#13403,#13417,
#13430,#13443,#13456,#13469,#13482,#13495,#13508,#13521,#13533,#13547,#13560,
#13573,#13586,#13599,#13612,#13625,#13638,#13651,#13663,#13677,#13690,#13703,
#13716,#13729,#13742,#13755,#13768,#13781,#13794,#13807,#13820,#13833,#13845,
#13859,#13872,#13885,#13898,#13911,#13924,#13937,#13950,#13963,#13976,#13989,
#14001,#14015,#14028,#14041,#14054,#14067,#14080,#14093,#14106,#14119,#14132,
#14145,#14158,#14171,#14184,#14197,#14210,#14223,#14236,#14249,#14262,#14275,
#14288,#14301,#14314,#14327,#14340,#14353,#14366,#14379,#14392,#14405,#14418,
#14431,#14444,#14457,#14470,#14483,#14496,#14509,#14522,#14535,#14548,#14561,
#14574,#14587,#14600,#14613,#14626,#14639,#14652,#14665,#14678,#14691,#14703,
#14717,#14730,#14743,#14756,#14769,#14782,#14795,#14808,#14821,#14834,#14847,
#14860,#14873,#14886,#14899,#14912,#14925,#14938,#14951,#14964,#14977,#14990,
#15003,#15016,#15029,#15042,#15055,#15068,#15081,#15094,#15107,#15120,#15133,
#15146,#15159,#15172,#15185,#15198,#15211,#15223,#15239,#15253,#15266));
#15268=MANIFOLD_SOLID_BREP('',#15267);
#15269=(LENGTH_UNIT()NAMED_UNIT(*)SI_UNIT(.MILLI.,.METRE.));
#15270=DIMENSIONAL_EXPONENTS(0.E0,0.E0,0.E0,0.E0,0.E0,0.E0,0.E0);
#15271=(NAMED_UNIT(*)PLANE_ANGLE_UNIT()SI_UNIT($,.RADIAN.));
#15272=PLANE_ANGLE_MEASURE_WITH_UNIT(PLANE_ANGLE_MEASURE(1.745329251994E-2),
#15271);
#15273=(CONVERSION_BASED_UNIT('DEGREE',#15272)NAMED_UNIT(#15270)PLANE_ANGLE_UNIT());
#15274=(NAMED_UNIT(*)SI_UNIT($,.STERADIAN.)SOLID_ANGLE_UNIT());
#15275=UNCERTAINTY_MEASURE_WITH_UNIT(LENGTH_MEASURE(3.607979636375E-2),#15269,
'closure',
'Maximum model space distance between geometric entities at asserted connectivities');
#15276=(GEOMETRIC_REPRESENTATION_CONTEXT(3)GLOBAL_UNCERTAINTY_ASSIGNED_CONTEXT((
#15275))GLOBAL_UNIT_ASSIGNED_CONTEXT((#15269,#15273,#15274))REPRESENTATION_CONTEXT('ID1','3'));
#15278=APPLICATION_CONTEXT(
'CONFIGURATION CONTROLLED 3D DESIGNS OF MECHANICAL PARTS AND ASSEMBLIES');
#15279=APPLICATION_PROTOCOL_DEFINITION('international standard',
'config_control_design',1994,#15278);
#15280=DESIGN_CONTEXT('',#15278,'design');
#15281=MECHANICAL_CONTEXT('',#15278,'mechanical');
#15282=PRODUCT('16-FRONT','16-FRONT','NOT SPECIFIED',(#15281));
#15283=PRODUCT_DEFINITION_FORMATION_WITH_SPECIFIED_SOURCE('755','LAST_VERSION',
#15282,.MADE.);
#15287=PRODUCT_CATEGORY('part','');
#15288=PRODUCT_RELATED_PRODUCT_CATEGORY('detail','',(#15282));
#15289=PRODUCT_CATEGORY_RELATIONSHIP('','',#15287,#15288);
#15290=SECURITY_CLASSIFICATION_LEVEL('unclassified');
#15291=SECURITY_CLASSIFICATION('','',#15290);
#15292=CC_DESIGN_SECURITY_CLASSIFICATION(#15291,(#15283));
#15293=APPROVAL_STATUS('approved');
#15294=APPROVAL(#15293,'');
#15295=CC_DESIGN_APPROVAL(#15294,(#15291,#15283,#15284));
#15296=CALENDAR_DATE(122,13,7);
#15297=COORDINATED_UNIVERSAL_TIME_OFFSET(8,0,.AHEAD.);
#15298=LOCAL_TIME(13,38,2.5E1,#15297);
#15299=DATE_AND_TIME(#15296,#15298);
#15300=APPROVAL_DATE_TIME(#15299,#15294);
#15301=DATE_TIME_ROLE('creation_date');
#15302=CC_DESIGN_DATE_AND_TIME_ASSIGNMENT(#15299,#15301,(#15284));
#15303=DATE_TIME_ROLE('classification_date');
#15304=CC_DESIGN_DATE_AND_TIME_ASSIGNMENT(#15299,#15303,(#15291));
#15305=PERSON('UNSPECIFIED','UNSPECIFIED',$,$,$,$);
#15306=ORGANIZATION('UNSPECIFIED','UNSPECIFIED','UNSPECIFIED');
#15307=PERSON_AND_ORGANIZATION(#15305,#15306);
#15308=APPROVAL_ROLE('approver');
#15309=APPROVAL_PERSON_ORGANIZATION(#15307,#15294,#15308);
#15310=PERSON_AND_ORGANIZATION_ROLE('creator');
#15311=CC_DESIGN_PERSON_AND_ORGANIZATION_ASSIGNMENT(#15307,#15310,(#15283,
#15284));
#15312=PERSON_AND_ORGANIZATION_ROLE('design_supplier');
#15313=CC_DESIGN_PERSON_AND_ORGANIZATION_ASSIGNMENT(#15307,#15312,(#15283));
#15314=PERSON_AND_ORGANIZATION_ROLE('classification_officer');
#15315=CC_DESIGN_PERSON_AND_ORGANIZATION_ASSIGNMENT(#15307,#15314,(#15291));
#15316=PERSON_AND_ORGANIZATION_ROLE('design_owner');
#15317=CC_DESIGN_PERSON_AND_ORGANIZATION_ASSIGNMENT(#15307,#15316,(#15282));
#9=CIRCLE('',#8,1.5E0);
#14=CIRCLE('',#13,1.5E0);
#19=CIRCLE('',#18,1.5E0);
#24=CIRCLE('',#23,1.5E0);
#37=CIRCLE('',#36,3.680103583070E0);
#48=B_SPLINE_CURVE_WITH_KNOTS('',3,(#42,#43,#44,#45,#46,#47),.UNSPECIFIED.,.F.,
.F.,(4,1,1,4),(0.E0,3.333333333333E-1,6.666666666667E-1,1.E0),.UNSPECIFIED.);
#53=B_SPLINE_CURVE_WITH_KNOTS('',3,(#49,#50,#51,#52),.UNSPECIFIED.,.F.,.F.,(4,
4),(0.E0,1.E0),.UNSPECIFIED.);
#58=B_SPLINE_CURVE_WITH_KNOTS('',3,(#54,#55,#56,#57),.UNSPECIFIED.,.F.,.F.,(4,
4),(0.E0,1.E0),.UNSPECIFIED.);
#75=B_SPLINE_CURVE_WITH_KNOTS('',3,(#71,#72,#73,#74),.UNSPECIFIED.,.F.,.F.,(4,
4),(0.E0,1.E0),.UNSPECIFIED.);
#87=B_SPLINE_CURVE_WITH_KNOTS('',3,(#76,#77,#78,#79,#80,#81,#82,#83,#84,#85,
#86),.UNSPECIFIED.,.F.,.F.,(4,1,1,1,1,1,1,1,4),(0.E0,1.25E-1,2.5E-1,3.75E-1,
5.E-1,6.25E-1,7.5E-1,8.75E-1,1.E0),.UNSPECIFIED.);
#98=B_SPLINE_CURVE_WITH_KNOTS('',3,(#88,#89,#90,#91,#92,#93,#94,#95,#96,#97),
.UNSPECIFIED.,.F.,.F.,(4,1,1,1,1,1,1,4),(0.E0,1.428571428571E-1,
2.857142857143E-1,4.285714285714E-1,5.714285714286E-1,7.142857142857E-1,
8.571428571429E-1,1.E0),.UNSPECIFIED.);
#105=B_SPLINE_CURVE_WITH_KNOTS('',3,(#99,#100,#101,#102,#103,#104),
.UNSPECIFIED.,.F.,.F.,(4,1,1,4),(0.E0,3.333333333333E-1,6.666666666667E-1,1.E0),
.UNSPECIFIED.);
#114=B_SPLINE_CURVE_WITH_KNOTS('',3,(#106,#107,#108,#109,#110,#111,#112,#113),
.UNSPECIFIED.,.F.,.F.,(4,1,1,1,1,4),(0.E0,2.E-1,4.E-1,6.E-1,8.E-1,1.E0),
.UNSPECIFIED.);
#121=B_SPLINE_CURVE_WITH_KNOTS('',3,(#115,#116,#117,#118,#119,#120),
.UNSPECIFIED.,.F.,.F.,(4,1,1,4),(0.E0,3.333333333333E-1,6.666666666667E-1,1.E0),
.UNSPECIFIED.);
#133=B_SPLINE_CURVE_WITH_KNOTS('',3,(#122,#123,#124,#125,#126,#127,#128,#129,
#130,#131,#132),.UNSPECIFIED.,.F.,.F.,(4,1,1,1,1,1,1,1,4),(0.E0,1.25E-1,2.5E-1,
3.75E-1,5.E-1,6.25E-1,7.5E-1,8.75E-1,1.E0),.UNSPECIFIED.);
#141=B_SPLINE_CURVE_WITH_KNOTS('',3,(#134,#135,#136,#137,#138,#139,#140),
.UNSPECIFIED.,.F.,.F.,(4,1,1,1,4),(0.E0,2.5E-1,5.E-1,7.5E-1,1.E0),
.UNSPECIFIED.);
#155=B_SPLINE_CURVE_WITH_KNOTS('',3,(#142,#143,#144,#145,#146,#147,#148,#149,
#150,#151,#152,#153,#154),.UNSPECIFIED.,.F.,.F.,(4,1,1,1,1,1,1,1,1,1,4),(0.E0,
1.E-1,2.E-1,3.E-1,4.E-1,5.E-1,6.E-1,7.E-1,8.E-1,9.E-1,1.E0),.UNSPECIFIED.);
#163=B_SPLINE_CURVE_WITH_KNOTS('',3,(#156,#157,#158,#159,#160,#161,#162),
.UNSPECIFIED.,.F.,.F.,(4,1,1,1,4),(0.E0,2.5E-1,5.E-1,7.5E-1,1.E0),
.UNSPECIFIED.);
#171=B_SPLINE_CURVE_WITH_KNOTS('',3,(#164,#165,#166,#167,#168,#169,#170),
.UNSPECIFIED.,.F.,.F.,(4,1,1,1,4),(0.E0,2.5E-1,5.E-1,7.5E-1,1.E0),
.UNSPECIFIED.);
#182=B_SPLINE_CURVE_WITH_KNOTS('',3,(#172,#173,#174,#175,#176,#177,#178,#179,
#180,#181),.UNSPECIFIED.,.F.,.F.,(4,1,1,1,1,1,1,4),(0.E0,1.428571428571E-1,
2.857142857143E-1,4.285714285714E-1,5.714285714286E-1,7.142857142857E-1,
8.571428571429E-1,1.E0),.UNSPECIFIED.);
#194=B_SPLINE_CURVE_WITH_KNOTS('',3,(#183,#184,#185,#186,#187,#188,#189,#190,
#191,#192,#193),.UNSPECIFIED.,.F.,.F.,(4,1,1,1,1,1,1,1,4),(0.E0,1.25E-1,2.5E-1,
3.75E-1,5.E-1,6.25E-1,7.5E-1,8.75E-1,1.E0),.UNSPECIFIED.);
#209=B_SPLINE_CURVE_WITH_KNOTS('',3,(#195,#196,#197,#198,#199,#200,#201,#202,
#203,#204,#205,#206,#207,#208),.UNSPECIFIED.,.F.,.F.,(4,1,1,1,1,1,1,1,1,1,1,4),(
0.E0,9.090909090909E-2,1.818181818182E-1,2.727272727273E-1,3.636363636364E-1,
4.545454545455E-1,5.454545454545E-1,6.363636363636E-1,7.272727272727E-1,
8.181818181818E-1,9.090909090909E-1,1.E0),.UNSPECIFIED.);
#218=CIRCLE('',#217,1.986280452881E0);
#223=CIRCLE('',#222,1.986280452881E0);
#236=CIRCLE('',#235,1.E0);
#241=CIRCLE('',#240,1.E0);
#260=B_SPLINE_CURVE_WITH_KNOTS('',3,(#246,#247,#248,#249,#250,#251,#252,#253,
#254,#255,#256,#257,#258,#259),.UNSPECIFIED.,.F.,.F.,(4,1,1,1,1,1,1,1,1,1,1,4),(
0.E0,9.090909090909E-2,1.818181818182E-1,2.727272727273E-1,3.636363636364E-1,
4.545454545455E-1,5.454545454545E-1,6.363636363636E-1,7.272727272727E-1,
8.181818181818E-1,9.090909090909E-1,1.E0),.UNSPECIFIED.);
#275=B_SPLINE_CURVE_WITH_KNOTS('',3,(#261,#262,#263,#264,#265,#266,#267,#268,
#269,#270,#271,#272,#273,#274),.UNSPECIFIED.,.F.,.F.,(4,1,1,1,1,1,1,1,1,1,1,4),(
0.E0,9.090909090909E-2,1.818181818182E-1,2.727272727273E-1,3.636363636364E-1,
4.545454545455E-1,5.454545454545E-1,6.363636363636E-1,7.272727272727E-1,
8.181818181818E-1,9.090909090909E-1,1.E0),.UNSPECIFIED.);
#280=CIRCLE('',#279,6.95E0);
#285=CIRCLE('',#284,6.95E0);
#306=CIRCLE('',#305,4.774178376221E0);
#315=CIRCLE('',#314,4.7E0);
#320=CIRCLE('',#319,4.7E0);
#325=CIRCLE('',#324,4.774178376221E0);
#330=CIRCLE('',#329,4.7E0);
#335=CIRCLE('',#334,4.726180603372E0);
#344=CIRCLE('',#343,4.7E0);
#349=CIRCLE('',#348,4.726180603372E0);
#354=B_SPLINE_CURVE_WITH_KNOTS('',3,(#350,#351,#352,#353),.UNSPECIFIED.,.F.,.F.,
(4,4),(0.E0,1.E0),.UNSPECIFIED.);
#363=B_SPLINE_CURVE_WITH_KNOTS('',3,(#359,#360,#361,#362),.UNSPECIFIED.,.F.,.F.,
(4,4),(0.E0,1.E0),.UNSPECIFIED.);
#370=B_SPLINE_CURVE_WITH_KNOTS('',3,(#364,#365,#366,#367,#368,#369),
.UNSPECIFIED.,.F.,.F.,(4,1,1,4),(0.E0,3.333333333333E-1,6.666666666667E-1,1.E0),
.UNSPECIFIED.);
#375=B_SPLINE_CURVE_WITH_KNOTS('',3,(#371,#372,#373,#374),.UNSPECIFIED.,.F.,.F.,
(4,4),(0.E0,1.E0),.UNSPECIFIED.);
#382=B_SPLINE_CURVE_WITH_KNOTS('',3,(#376,#377,#378,#379,#380,#381),
.UNSPECIFIED.,.F.,.F.,(4,1,1,4),(0.E0,3.333333333333E-1,6.666666666667E-1,1.E0),
.UNSPECIFIED.);
#387=B_SPLINE_CURVE_WITH_KNOTS('',3,(#383,#384,#385,#386),.UNSPECIFIED.,.F.,.F.,
(4,4),(0.E0,1.E0),.UNSPECIFIED.);
#404=CIRCLE('',#403,6.95E0);
#414=B_SPLINE_CURVE_WITH_KNOTS('',3,(#405,#406,#407,#408,#409,#410,#411,#412,
#413),.UNSPECIFIED.,.F.,.F.,(4,1,1,1,1,1,4),(0.E0,1.666666666667E-1,
3.333333333333E-1,5.E-1,6.666666666667E-1,8.333333333333E-1,1.E0),
.UNSPECIFIED.);
#419=CIRCLE('',#418,2.E0);
#424=CIRCLE('',#423,6.95E0);
#433=CIRCLE('',#432,6.95E0);
#457=B_SPLINE_CURVE_WITH_KNOTS('',3,(#438,#439,#440,#441,#442,#443,#444,#445,
#446,#447,#448,#449,#450,#451,#452,#453,#454,#455,#456),.UNSPECIFIED.,.F.,.F.,
(4,1,1,1,1,1,1,1,1,1,1,1,1,1,1,1,4),(0.E0,6.25E-2,1.25E-1,1.875E-1,2.5E-1,
3.125E-1,3.75E-1,4.375E-1,5.E-1,5.625E-1,6.25E-1,6.875E-1,7.5E-1,8.125E-1,
8.75E-1,9.375E-1,1.E0),.UNSPECIFIED.);
#462=CIRCLE('',#461,2.999971219952E-1);
#482=B_SPLINE_CURVE_WITH_KNOTS('',3,(#463,#464,#465,#466,#467,#468,#469,#470,
#471,#472,#473,#474,#475,#476,#477,#478,#479,#480,#481),.UNSPECIFIED.,.F.,.F.,
(4,1,1,1,1,1,1,1,1,1,1,1,1,1,1,1,4),(0.E0,6.25E-2,1.25E-1,1.875E-1,2.5E-1,
3.125E-1,3.75E-1,4.375E-1,5.E-1,5.625E-1,6.25E-1,6.875E-1,7.5E-1,8.125E-1,
8.75E-1,9.375E-1,1.E0),.UNSPECIFIED.);
#502=B_SPLINE_CURVE_WITH_KNOTS('',3,(#483,#484,#485,#486,#487,#488,#489,#490,
#491,#492,#493,#494,#495,#496,#497,#498,#499,#500,#501),.UNSPECIFIED.,.F.,.F.,
(4,1,1,1,1,1,1,1,1,1,1,1,1,1,1,1,4),(0.E0,6.25E-2,1.25E-1,1.875E-1,2.5E-1,
3.125E-1,3.75E-1,4.375E-1,5.E-1,5.625E-1,6.25E-1,6.875E-1,7.5E-1,8.125E-1,
8.75E-1,9.375E-1,1.E0),.UNSPECIFIED.);
#509=B_SPLINE_CURVE_WITH_KNOTS('',3,(#503,#504,#505,#506,#507,#508),
.UNSPECIFIED.,.F.,.F.,(4,1,1,4),(0.E0,3.333333333333E-1,6.666666666667E-1,1.E0),
.UNSPECIFIED.);
#529=B_SPLINE_CURVE_WITH_KNOTS('',3,(#510,#511,#512,#513,#514,#515,#516,#517,
#518,#519,#520,#521,#522,#523,#524,#525,#526,#527,#528),.UNSPECIFIED.,.F.,.F.,
(4,1,1,1,1,1,1,1,1,1,1,1,1,1,1,1,4),(0.E0,6.25E-2,1.25E-1,1.875E-1,2.5E-1,
3.125E-1,3.75E-1,4.375E-1,5.E-1,5.625E-1,6.25E-1,6.875E-1,7.5E-1,8.125E-1,
8.75E-1,9.375E-1,1.E0),.UNSPECIFIED.);
#534=CIRCLE('',#533,7.139857596461E0);
#539=CIRCLE('',#538,3.000000001636E-1);
#545=B_SPLINE_CURVE_WITH_KNOTS('',3,(#540,#541,#542,#543,#544),.UNSPECIFIED.,
.F.,.F.,(4,1,4),(0.E0,5.E-1,1.E0),.UNSPECIFIED.);
#550=CIRCLE('',#549,7.139857385191E0);
#557=B_SPLINE_CURVE_WITH_KNOTS('',3,(#551,#552,#553,#554,#555,#556),
.UNSPECIFIED.,.F.,.F.,(4,1,1,4),(0.E0,3.333333333333E-1,6.666666666667E-1,1.E0),
.UNSPECIFIED.);
#563=B_SPLINE_CURVE_WITH_KNOTS('',3,(#558,#559,#560,#561,#562),.UNSPECIFIED.,
.F.,.F.,(4,1,4),(0.E0,5.E-1,1.E0),.UNSPECIFIED.);
#579=B_SPLINE_CURVE_WITH_KNOTS('',3,(#564,#565,#566,#567,#568,#569,#570,#571,
#572,#573,#574,#575,#576,#577,#578),.UNSPECIFIED.,.F.,.F.,(4,1,1,1,1,1,1,1,1,1,
1,1,4),(0.E0,8.333333333333E-2,1.666666666667E-1,2.5E-1,3.333333333333E-1,
4.166666666667E-1,5.E-1,5.833333333333E-1,6.666666666667E-1,7.5E-1,
8.333333333333E-1,9.166666666667E-1,1.E0),.UNSPECIFIED.);
#597=B_SPLINE_CURVE_WITH_KNOTS('',3,(#580,#581,#582,#583,#584,#585,#586,#587,
#588,#589,#590,#591,#592,#593,#594,#595,#596),.UNSPECIFIED.,.F.,.F.,(4,1,1,1,1,
1,1,1,1,1,1,1,1,1,4),(0.E0,7.142857142857E-2,1.428571428571E-1,
2.142857142857E-1,2.857142857143E-1,3.571428571429E-1,4.285714285714E-1,5.E-1,
5.714285714286E-1,6.428571428571E-1,7.142857142857E-1,7.857142857143E-1,
8.571428571429E-1,9.285714285714E-1,1.E0),.UNSPECIFIED.);
#613=B_SPLINE_CURVE_WITH_KNOTS('',3,(#598,#599,#600,#601,#602,#603,#604,#605,
#606,#607,#608,#609,#610,#611,#612),.UNSPECIFIED.,.F.,.F.,(4,1,1,1,1,1,1,1,1,1,
1,1,4),(0.E0,8.333333333333E-2,1.666666666667E-1,2.5E-1,3.333333333333E-1,
4.166666666667E-1,5.E-1,5.833333333333E-1,6.666666666667E-1,7.5E-1,
8.333333333333E-1,9.166666666667E-1,1.E0),.UNSPECIFIED.);
#629=B_SPLINE_CURVE_WITH_KNOTS('',3,(#614,#615,#616,#617,#618,#619,#620,#621,
#622,#623,#624,#625,#626,#627,#628),.UNSPECIFIED.,.F.,.F.,(4,1,1,1,1,1,1,1,1,1,
1,1,4),(0.E0,8.333333333333E-2,1.666666666667E-1,2.5E-1,3.333333333333E-1,
4.166666666667E-1,5.E-1,5.833333333333E-1,6.666666666667E-1,7.5E-1,
8.333333333333E-1,9.166666666667E-1,1.E0),.UNSPECIFIED.);
#636=B_SPLINE_CURVE_WITH_KNOTS('',3,(#630,#631,#632,#633,#634,#635),
.UNSPECIFIED.,.F.,.F.,(4,1,1,4),(0.E0,3.333333333333E-1,6.666666666667E-1,1.E0),
.UNSPECIFIED.);
#645=B_SPLINE_CURVE_WITH_KNOTS('',3,(#641,#642,#643,#644),.UNSPECIFIED.,.F.,.F.,
(4,4),(0.E0,1.E0),.UNSPECIFIED.);
#656=B_SPLINE_CURVE_WITH_KNOTS('',3,(#650,#651,#652,#653,#654,#655),
.UNSPECIFIED.,.F.,.F.,(4,1,1,4),(0.E0,3.333333333333E-1,6.666666666667E-1,1.E0),
.UNSPECIFIED.);
#661=CIRCLE('',#660,2.899999999994E0);
#674=CIRCLE('',#673,2.899999999995E0);
#683=CIRCLE('',#682,2.899999999994E0);
#688=CIRCLE('',#687,2.900000000002E0);
#701=CIRCLE('',#700,1.5E0);
#706=CIRCLE('',#705,1.5E0);
#711=CIRCLE('',#710,1.5E0);
#716=CIRCLE('',#715,1.5E0);
#729=CIRCLE('',#728,3.680103583070E0);
#736=B_SPLINE_CURVE_WITH_KNOTS('',3,(#730,#731,#732,#733,#734,#735),
.UNSPECIFIED.,.F.,.F.,(4,1,1,4),(0.E0,3.333333333333E-1,6.666666666667E-1,1.E0),
.UNSPECIFIED.);
#741=CIRCLE('',#740,3.680103583070E0);
#754=B_SPLINE_CURVE_WITH_KNOTS('',3,(#750,#751,#752,#753),.UNSPECIFIED.,.F.,.F.,
(4,4),(0.E0,1.E0),.UNSPECIFIED.);
#759=B_SPLINE_CURVE_WITH_KNOTS('',3,(#755,#756,#757,#758),.UNSPECIFIED.,.F.,.F.,
(4,4),(0.E0,1.E0),.UNSPECIFIED.);
#766=B_SPLINE_CURVE_WITH_KNOTS('',3,(#760,#761,#762,#763,#764,#765),
.UNSPECIFIED.,.F.,.F.,(4,1,1,4),(0.E0,3.333333333333E-1,6.666666666667E-1,1.E0),
.UNSPECIFIED.);
#779=B_SPLINE_CURVE_WITH_KNOTS('',3,(#775,#776,#777,#778),.UNSPECIFIED.,.F.,.F.,
(4,4),(0.E0,1.E0),.UNSPECIFIED.);
#786=B_SPLINE_CURVE_WITH_KNOTS('',3,(#780,#781,#782,#783,#784,#785),
.UNSPECIFIED.,.F.,.F.,(4,1,1,4),(0.E0,3.333333333333E-1,6.666666666667E-1,1.E0),
.UNSPECIFIED.);
#793=B_SPLINE_CURVE_WITH_KNOTS('',3,(#787,#788,#789,#790,#791,#792),
.UNSPECIFIED.,.F.,.F.,(4,1,1,4),(0.E0,3.333333333333E-1,6.666666666667E-1,1.E0),
.UNSPECIFIED.);
#808=B_SPLINE_CURVE_WITH_KNOTS('',3,(#794,#795,#796,#797,#798,#799,#800,#801,
#802,#803,#804,#805,#806,#807),.UNSPECIFIED.,.F.,.F.,(4,1,1,1,1,1,1,1,1,1,1,4),(
0.E0,9.090909090909E-2,1.818181818182E-1,2.727272727273E-1,3.636363636364E-1,
4.545454545455E-1,5.454545454545E-1,6.363636363636E-1,7.272727272727E-1,
8.181818181818E-1,9.090909090909E-1,1.E0),.UNSPECIFIED.);
#823=B_SPLINE_CURVE_WITH_KNOTS('',3,(#809,#810,#811,#812,#813,#814,#815,#816,
#817,#818,#819,#820,#821,#822),.UNSPECIFIED.,.F.,.F.,(4,1,1,1,1,1,1,1,1,1,1,4),(
0.E0,9.090909090909E-2,1.818181818182E-1,2.727272727273E-1,3.636363636364E-1,
4.545454545455E-1,5.454545454545E-1,6.363636363636E-1,7.272727272727E-1,
8.181818181818E-1,9.090909090909E-1,1.E0),.UNSPECIFIED.);
#839=B_SPLINE_CURVE_WITH_KNOTS('',3,(#824,#825,#826,#827,#828,#829,#830,#831,
#832,#833,#834,#835,#836,#837,#838),.UNSPECIFIED.,.F.,.F.,(4,1,1,1,1,1,1,1,1,1,
1,1,4),(0.E0,8.333333333333E-2,1.666666666667E-1,2.5E-1,3.333333333333E-1,
4.166666666667E-1,5.E-1,5.833333333333E-1,6.666666666667E-1,7.5E-1,
8.333333333333E-1,9.166666666667E-1,1.E0),.UNSPECIFIED.);
#855=B_SPLINE_CURVE_WITH_KNOTS('',3,(#840,#841,#842,#843,#844,#845,#846,#847,
#848,#849,#850,#851,#852,#853,#854),.UNSPECIFIED.,.F.,.F.,(4,1,1,1,1,1,1,1,1,1,
1,1,4),(0.E0,8.333333333333E-2,1.666666666667E-1,2.5E-1,3.333333333333E-1,
4.166666666667E-1,5.E-1,5.833333333333E-1,6.666666666667E-1,7.5E-1,
8.333333333333E-1,9.166666666667E-1,1.E0),.UNSPECIFIED.);
#868=B_SPLINE_CURVE_WITH_KNOTS('',3,(#864,#865,#866,#867),.UNSPECIFIED.,.F.,.F.,
(4,4),(0.E0,1.E0),.UNSPECIFIED.);
#877=B_SPLINE_CURVE_WITH_KNOTS('',3,(#873,#874,#875,#876),.UNSPECIFIED.,.F.,.F.,
(4,4),(0.E0,1.E0),.UNSPECIFIED.);
#886=B_SPLINE_CURVE_WITH_KNOTS('',3,(#882,#883,#884,#885),.UNSPECIFIED.,.F.,.F.,
(4,4),(0.E0,1.E0),.UNSPECIFIED.);
#899=B_SPLINE_CURVE_WITH_KNOTS('',3,(#891,#892,#893,#894,#895,#896,#897,#898),
.UNSPECIFIED.,.F.,.F.,(4,1,1,1,1,4),(0.E0,2.E-1,4.E-1,6.E-1,8.E-1,1.E0),
.UNSPECIFIED.);
#911=B_SPLINE_CURVE_WITH_KNOTS('',3,(#900,#901,#902,#903,#904,#905,#906,#907,
#908,#909,#910),.UNSPECIFIED.,.F.,.F.,(4,1,1,1,1,1,1,1,4),(0.E0,1.25E-1,2.5E-1,
3.75E-1,5.E-1,6.25E-1,7.5E-1,8.75E-1,1.E0),.UNSPECIFIED.);
#922=B_SPLINE_CURVE_WITH_KNOTS('',3,(#916,#917,#918,#919,#920,#921),
.UNSPECIFIED.,.F.,.F.,(4,1,1,4),(0.E0,3.333333333333E-1,6.666666666667E-1,1.E0),
.UNSPECIFIED.);
#949=B_SPLINE_CURVE_WITH_KNOTS('',3,(#943,#944,#945,#946,#947,#948),
.UNSPECIFIED.,.F.,.F.,(4,1,1,4),(0.E0,3.333333333333E-1,6.666666666667E-1,1.E0),
.UNSPECIFIED.);
#957=B_SPLINE_CURVE_WITH_KNOTS('',3,(#950,#951,#952,#953,#954,#955,#956),
.UNSPECIFIED.,.F.,.F.,(4,1,1,1,4),(0.E0,2.5E-1,5.E-1,7.5E-1,1.E0),
.UNSPECIFIED.);
#964=B_SPLINE_CURVE_WITH_KNOTS('',3,(#958,#959,#960,#961,#962,#963),
.UNSPECIFIED.,.F.,.F.,(4,1,1,4),(0.E0,3.333333333333E-1,6.666666666667E-1,1.E0),
.UNSPECIFIED.);
#976=B_SPLINE_CURVE_WITH_KNOTS('',3,(#965,#966,#967,#968,#969,#970,#971,#972,
#973,#974,#975),.UNSPECIFIED.,.F.,.F.,(4,1,1,1,1,1,1,1,4),(0.E0,1.25E-1,2.5E-1,
3.75E-1,5.E-1,6.25E-1,7.5E-1,8.75E-1,1.E0),.UNSPECIFIED.);
#988=B_SPLINE_CURVE_WITH_KNOTS('',3,(#977,#978,#979,#980,#981,#982,#983,#984,
#985,#986,#987),.UNSPECIFIED.,.F.,.F.,(4,1,1,1,1,1,1,1,4),(0.E0,1.25E-1,2.5E-1,
3.75E-1,5.E-1,6.25E-1,7.5E-1,8.75E-1,1.E0),.UNSPECIFIED.);
#999=B_SPLINE_CURVE_WITH_KNOTS('',3,(#989,#990,#991,#992,#993,#994,#995,#996,
#997,#998),.UNSPECIFIED.,.F.,.F.,(4,1,1,1,1,1,1,4),(0.E0,1.428571428571E-1,
2.857142857143E-1,4.285714285714E-1,5.714285714286E-1,7.142857142857E-1,
8.571428571429E-1,1.E0),.UNSPECIFIED.);
#1007=B_SPLINE_CURVE_WITH_KNOTS('',3,(#1000,#1001,#1002,#1003,#1004,#1005,
#1006),.UNSPECIFIED.,.F.,.F.,(4,1,1,1,4),(0.E0,2.5E-1,5.E-1,7.5E-1,1.E0),
.UNSPECIFIED.);
#1020=B_SPLINE_CURVE_WITH_KNOTS('',3,(#1008,#1009,#1010,#1011,#1012,#1013,#1014,
#1015,#1016,#1017,#1018,#1019),.UNSPECIFIED.,.F.,.F.,(4,1,1,1,1,1,1,1,1,4),
(0.E0,1.111111111111E-1,2.222222222222E-1,3.333333333333E-1,4.444444444444E-1,
5.555555555556E-1,6.666666666667E-1,7.777777777778E-1,8.888888888889E-1,1.E0),
.UNSPECIFIED.);
#1028=B_SPLINE_CURVE_WITH_KNOTS('',3,(#1021,#1022,#1023,#1024,#1025,#1026,
#1027),.UNSPECIFIED.,.F.,.F.,(4,1,1,1,4),(0.E0,2.5E-1,5.E-1,7.5E-1,1.E0),
.UNSPECIFIED.);
#1035=B_SPLINE_CURVE_WITH_KNOTS('',3,(#1029,#1030,#1031,#1032,#1033,#1034),
.UNSPECIFIED.,.F.,.F.,(4,1,1,4),(0.E0,3.333333333333E-1,6.666666666667E-1,1.E0),
.UNSPECIFIED.);
#1042=B_SPLINE_CURVE_WITH_KNOTS('',3,(#1036,#1037,#1038,#1039,#1040,#1041),
.UNSPECIFIED.,.F.,.F.,(4,1,1,4),(0.E0,3.333333333333E-1,6.666666666667E-1,1.E0),
.UNSPECIFIED.);
#1049=B_SPLINE_CURVE_WITH_KNOTS('',3,(#1043,#1044,#1045,#1046,#1047,#1048),
.UNSPECIFIED.,.F.,.F.,(4,1,1,4),(0.E0,3.333333333333E-1,6.666666666667E-1,1.E0),
.UNSPECIFIED.);
#1060=B_SPLINE_CURVE_WITH_KNOTS('',3,(#1050,#1051,#1052,#1053,#1054,#1055,#1056,
#1057,#1058,#1059),.UNSPECIFIED.,.F.,.F.,(4,1,1,1,1,1,1,4),(0.E0,
1.428571428571E-1,2.857142857143E-1,4.285714285714E-1,5.714285714286E-1,
7.142857142857E-1,8.571428571429E-1,1.E0),.UNSPECIFIED.);
#1072=B_SPLINE_CURVE_WITH_KNOTS('',3,(#1061,#1062,#1063,#1064,#1065,#1066,#1067,
#1068,#1069,#1070,#1071),.UNSPECIFIED.,.F.,.F.,(4,1,1,1,1,1,1,1,4),(0.E0,
1.25E-1,2.5E-1,3.75E-1,5.E-1,6.25E-1,7.5E-1,8.75E-1,1.E0),.UNSPECIFIED.);
#1087=B_SPLINE_CURVE_WITH_KNOTS('',3,(#1073,#1074,#1075,#1076,#1077,#1078,#1079,
#1080,#1081,#1082,#1083,#1084,#1085,#1086),.UNSPECIFIED.,.F.,.F.,(4,1,1,1,1,1,1,
1,1,1,1,4),(0.E0,9.090909090909E-2,1.818181818182E-1,2.727272727273E-1,
3.636363636364E-1,4.545454545455E-1,5.454545454545E-1,6.363636363636E-1,
7.272727272727E-1,8.181818181818E-1,9.090909090909E-1,1.E0),.UNSPECIFIED.);
#1092=CIRCLE('',#1091,1.986280452881E0);
#1105=CIRCLE('',#1104,1.986280452881E0);
#1114=CIRCLE('',#1113,1.E0);
#1119=CIRCLE('',#1118,1.E0);
#1138=B_SPLINE_CURVE_WITH_KNOTS('',3,(#1124,#1125,#1126,#1127,#1128,#1129,#1130,
#1131,#1132,#1133,#1134,#1135,#1136,#1137),.UNSPECIFIED.,.F.,.F.,(4,1,1,1,1,1,1,
1,1,1,1,4),(0.E0,9.090909090909E-2,1.818181818182E-1,2.727272727273E-1,
3.636363636364E-1,4.545454545455E-1,5.454545454545E-1,6.363636363636E-1,
7.272727272727E-1,8.181818181818E-1,9.090909090909E-1,1.E0),.UNSPECIFIED.);
#1153=B_SPLINE_CURVE_WITH_KNOTS('',3,(#1139,#1140,#1141,#1142,#1143,#1144,#1145,
#1146,#1147,#1148,#1149,#1150,#1151,#1152),.UNSPECIFIED.,.F.,.F.,(4,1,1,1,1,1,1,
1,1,1,1,4),(0.E0,9.090909090909E-2,1.818181818182E-1,2.727272727273E-1,
3.636363636364E-1,4.545454545455E-1,5.454545454545E-1,6.363636363636E-1,
7.272727272727E-1,8.181818181818E-1,9.090909090909E-1,1.E0),.UNSPECIFIED.);
#1158=B_SPLINE_CURVE_WITH_KNOTS('',3,(#1154,#1155,#1156,#1157),.UNSPECIFIED.,
.F.,.F.,(4,4),(0.E0,1.E0),.UNSPECIFIED.);
#1167=B_SPLINE_CURVE_WITH_KNOTS('',3,(#1163,#1164,#1165,#1166),.UNSPECIFIED.,
.F.,.F.,(4,4),(0.E0,1.E0),.UNSPECIFIED.);
#1180=B_SPLINE_CURVE_WITH_KNOTS('',3,(#1172,#1173,#1174,#1175,#1176,#1177,#1178,
#1179),.UNSPECIFIED.,.F.,.F.,(4,1,1,1,1,4),(0.E0,2.E-1,4.E-1,6.E-1,8.E-1,1.E0),
.UNSPECIFIED.);
#1185=B_SPLINE_CURVE_WITH_KNOTS('',3,(#1181,#1182,#1183,#1184),.UNSPECIFIED.,
.F.,.F.,(4,4),(0.E0,1.E0),.UNSPECIFIED.);
#1193=B_SPLINE_CURVE_WITH_KNOTS('',3,(#1186,#1187,#1188,#1189,#1190,#1191,
#1192),.UNSPECIFIED.,.F.,.F.,(4,1,1,1,4),(0.E0,2.5E-1,5.E-1,7.5E-1,1.E0),
.UNSPECIFIED.);
#1198=B_SPLINE_CURVE_WITH_KNOTS('',3,(#1194,#1195,#1196,#1197),.UNSPECIFIED.,
.F.,.F.,(4,4),(0.E0,1.E0),.UNSPECIFIED.);
#1203=B_SPLINE_CURVE_WITH_KNOTS('',3,(#1199,#1200,#1201,#1202),.UNSPECIFIED.,
.F.,.F.,(4,4),(0.E0,1.E0),.UNSPECIFIED.);
#1212=B_SPLINE_CURVE_WITH_KNOTS('',3,(#1204,#1205,#1206,#1207,#1208,#1209,#1210,
#1211),.UNSPECIFIED.,.F.,.F.,(4,1,1,1,1,4),(0.E0,2.E-1,4.E-1,6.E-1,8.E-1,1.E0),
.UNSPECIFIED.);
#1223=B_SPLINE_CURVE_WITH_KNOTS('',3,(#1217,#1218,#1219,#1220,#1221,#1222),
.UNSPECIFIED.,.F.,.F.,(4,1,1,4),(0.E0,3.333333333333E-1,6.666666666667E-1,1.E0),
.UNSPECIFIED.);
#1238=B_SPLINE_CURVE_WITH_KNOTS('',3,(#1228,#1229,#1230,#1231,#1232,#1233,#1234,
#1235,#1236,#1237),.UNSPECIFIED.,.F.,.F.,(4,1,1,1,1,1,1,4),(0.E0,
1.428571428571E-1,2.857142857143E-1,4.285714285714E-1,5.714285714286E-1,
7.142857142857E-1,8.571428571429E-1,1.E0),.UNSPECIFIED.);
#1243=B_SPLINE_CURVE_WITH_KNOTS('',3,(#1239,#1240,#1241,#1242),.UNSPECIFIED.,
.F.,.F.,(4,4),(0.E0,1.E0),.UNSPECIFIED.);
#1262=B_SPLINE_CURVE_WITH_KNOTS('',3,(#1256,#1257,#1258,#1259,#1260,#1261),
.UNSPECIFIED.,.F.,.F.,(4,1,1,4),(0.E0,3.333333333333E-1,6.666666666667E-1,1.E0),
.UNSPECIFIED.);
#1270=B_SPLINE_CURVE_WITH_KNOTS('',3,(#1263,#1264,#1265,#1266,#1267,#1268,
#1269),.UNSPECIFIED.,.F.,.F.,(4,1,1,1,4),(0.E0,2.5E-1,5.E-1,7.5E-1,1.E0),
.UNSPECIFIED.);
#1277=B_SPLINE_CURVE_WITH_KNOTS('',3,(#1271,#1272,#1273,#1274,#1275,#1276),
.UNSPECIFIED.,.F.,.F.,(4,1,1,4),(0.E0,3.333333333333E-1,6.666666666667E-1,1.E0),
.UNSPECIFIED.);
#1284=B_SPLINE_CURVE_WITH_KNOTS('',3,(#1278,#1279,#1280,#1281,#1282,#1283),
.UNSPECIFIED.,.F.,.F.,(4,1,1,4),(0.E0,3.333333333333E-1,6.666666666667E-1,1.E0),
.UNSPECIFIED.);
#1291=B_SPLINE_CURVE_WITH_KNOTS('',3,(#1285,#1286,#1287,#1288,#1289,#1290),
.UNSPECIFIED.,.F.,.F.,(4,1,1,4),(0.E0,3.333333333333E-1,6.666666666667E-1,1.E0),
.UNSPECIFIED.);
#1298=B_SPLINE_CURVE_WITH_KNOTS('',3,(#1292,#1293,#1294,#1295,#1296,#1297),
.UNSPECIFIED.,.F.,.F.,(4,1,1,4),(0.E0,3.333333333333E-1,6.666666666667E-1,1.E0),
.UNSPECIFIED.);
#1312=B_SPLINE_CURVE_WITH_KNOTS('',3,(#1303,#1304,#1305,#1306,#1307,#1308,#1309,
#1310,#1311),.UNSPECIFIED.,.F.,.F.,(4,1,1,1,1,1,4),(0.E0,1.666666666667E-1,
3.333333333333E-1,5.E-1,6.666666666667E-1,8.333333333333E-1,1.E0),
.UNSPECIFIED.);
#1322=B_SPLINE_CURVE_WITH_KNOTS('',3,(#1313,#1314,#1315,#1316,#1317,#1318,#1319,
#1320,#1321),.UNSPECIFIED.,.F.,.F.,(4,1,1,1,1,1,4),(0.E0,1.666666666667E-1,
3.333333333333E-1,5.E-1,6.666666666667E-1,8.333333333333E-1,1.E0),
.UNSPECIFIED.);
#1333=B_SPLINE_CURVE_WITH_KNOTS('',3,(#1327,#1328,#1329,#1330,#1331,#1332),
.UNSPECIFIED.,.F.,.F.,(4,1,1,4),(0.E0,3.333333333333E-1,6.666666666667E-1,1.E0),
.UNSPECIFIED.);
#1350=B_SPLINE_CURVE_WITH_KNOTS('',3,(#1342,#1343,#1344,#1345,#1346,#1347,#1348,
#1349),.UNSPECIFIED.,.F.,.F.,(4,1,1,1,1,4),(0.E0,2.E-1,4.E-1,6.E-1,8.E-1,1.E0),
.UNSPECIFIED.);
#1355=B_SPLINE_CURVE_WITH_KNOTS('',3,(#1351,#1352,#1353,#1354),.UNSPECIFIED.,
.F.,.F.,(4,4),(0.E0,1.E0),.UNSPECIFIED.);
#1364=B_SPLINE_CURVE_WITH_KNOTS('',3,(#1356,#1357,#1358,#1359,#1360,#1361,#1362,
#1363),.UNSPECIFIED.,.F.,.F.,(4,1,1,1,1,4),(0.E0,2.E-1,4.E-1,6.E-1,8.E-1,1.E0),
.UNSPECIFIED.);
#1377=B_SPLINE_CURVE_WITH_KNOTS('',3,(#1369,#1370,#1371,#1372,#1373,#1374,#1375,
#1376),.UNSPECIFIED.,.F.,.F.,(4,1,1,1,1,4),(0.E0,2.E-1,4.E-1,6.E-1,8.E-1,1.E0),
.UNSPECIFIED.);
#1382=B_SPLINE_CURVE_WITH_KNOTS('',3,(#1378,#1379,#1380,#1381),.UNSPECIFIED.,
.F.,.F.,(4,4),(0.E0,1.E0),.UNSPECIFIED.);
#1391=B_SPLINE_CURVE_WITH_KNOTS('',3,(#1383,#1384,#1385,#1386,#1387,#1388,#1389,
#1390),.UNSPECIFIED.,.F.,.F.,(4,1,1,1,1,4),(0.E0,2.E-1,4.E-1,6.E-1,8.E-1,1.E0),
.UNSPECIFIED.);
#1408=B_SPLINE_CURVE_WITH_KNOTS('',3,(#1400,#1401,#1402,#1403,#1404,#1405,#1406,
#1407),.UNSPECIFIED.,.F.,.F.,(4,1,1,1,1,4),(0.E0,2.E-1,4.E-1,6.E-1,8.E-1,1.E0),
.UNSPECIFIED.);
#1413=B_SPLINE_CURVE_WITH_KNOTS('',3,(#1409,#1410,#1411,#1412),.UNSPECIFIED.,
.F.,.F.,(4,4),(0.E0,1.E0),.UNSPECIFIED.);
#1422=B_SPLINE_CURVE_WITH_KNOTS('',3,(#1414,#1415,#1416,#1417,#1418,#1419,#1420,
#1421),.UNSPECIFIED.,.F.,.F.,(4,1,1,1,1,4),(0.E0,2.E-1,4.E-1,6.E-1,8.E-1,1.E0),
.UNSPECIFIED.);
#1435=B_SPLINE_CURVE_WITH_KNOTS('',3,(#1427,#1428,#1429,#1430,#1431,#1432,#1433,
#1434),.UNSPECIFIED.,.F.,.F.,(4,1,1,1,1,4),(0.E0,2.E-1,4.E-1,6.E-1,8.E-1,1.E0),
.UNSPECIFIED.);
#1440=B_SPLINE_CURVE_WITH_KNOTS('',3,(#1436,#1437,#1438,#1439),.UNSPECIFIED.,
.F.,.F.,(4,4),(0.E0,1.E0),.UNSPECIFIED.);
#1449=B_SPLINE_CURVE_WITH_KNOTS('',3,(#1441,#1442,#1443,#1444,#1445,#1446,#1447,
#1448),.UNSPECIFIED.,.F.,.F.,(4,1,1,1,1,4),(0.E0,2.E-1,4.E-1,6.E-1,8.E-1,1.E0),
.UNSPECIFIED.);
#1460=B_SPLINE_CURVE_WITH_KNOTS('',3,(#1454,#1455,#1456,#1457,#1458,#1459),
.UNSPECIFIED.,.F.,.F.,(4,1,1,4),(0.E0,3.333333333333E-1,6.666666666667E-1,1.E0),
.UNSPECIFIED.);
#1467=B_SPLINE_CURVE_WITH_KNOTS('',3,(#1461,#1462,#1463,#1464,#1465,#1466),
.UNSPECIFIED.,.F.,.F.,(4,1,1,4),(0.E0,3.333333333333E-1,6.666666666667E-1,1.E0),
.UNSPECIFIED.);
#1474=B_SPLINE_CURVE_WITH_KNOTS('',3,(#1468,#1469,#1470,#1471,#1472,#1473),
.UNSPECIFIED.,.F.,.F.,(4,1,1,4),(0.E0,3.333333333333E-1,6.666666666667E-1,1.E0),
.UNSPECIFIED.);
#1483=B_SPLINE_CURVE_WITH_KNOTS('',3,(#1479,#1480,#1481,#1482),.UNSPECIFIED.,
.F.,.F.,(4,4),(0.E0,1.E0),.UNSPECIFIED.);
#1494=B_SPLINE_CURVE_WITH_KNOTS('',3,(#1488,#1489,#1490,#1491,#1492,#1493),
.UNSPECIFIED.,.F.,.F.,(4,1,1,4),(0.E0,3.333333333333E-1,6.666666666667E-1,1.E0),
.UNSPECIFIED.);
#1503=B_SPLINE_CURVE_WITH_KNOTS('',3,(#1495,#1496,#1497,#1498,#1499,#1500,#1501,
#1502),.UNSPECIFIED.,.F.,.F.,(4,1,1,1,1,4),(0.E0,2.E-1,4.E-1,6.E-1,8.E-1,1.E0),
.UNSPECIFIED.);
#1514=B_SPLINE_CURVE_WITH_KNOTS('',3,(#1508,#1509,#1510,#1511,#1512,#1513),
.UNSPECIFIED.,.F.,.F.,(4,1,1,4),(0.E0,3.333333333333E-1,6.666666666667E-1,1.E0),
.UNSPECIFIED.);
#1521=B_SPLINE_CURVE_WITH_KNOTS('',3,(#1515,#1516,#1517,#1518,#1519,#1520),
.UNSPECIFIED.,.F.,.F.,(4,1,1,4),(0.E0,3.333333333333E-1,6.666666666667E-1,1.E0),
.UNSPECIFIED.);
#1530=B_SPLINE_CURVE_WITH_KNOTS('',3,(#1526,#1527,#1528,#1529),.UNSPECIFIED.,
.F.,.F.,(4,4),(0.E0,1.E0),.UNSPECIFIED.);
#1539=B_SPLINE_CURVE_WITH_KNOTS('',3,(#1535,#1536,#1537,#1538),.UNSPECIFIED.,
.F.,.F.,(4,4),(0.E0,1.E0),.UNSPECIFIED.);
#1551=B_SPLINE_CURVE_WITH_KNOTS('',3,(#1544,#1545,#1546,#1547,#1548,#1549,
#1550),.UNSPECIFIED.,.F.,.F.,(4,1,1,1,4),(0.E0,2.5E-1,5.E-1,7.5E-1,1.E0),
.UNSPECIFIED.);
#1580=B_SPLINE_CURVE_WITH_KNOTS('',3,(#1576,#1577,#1578,#1579),.UNSPECIFIED.,
.F.,.F.,(4,4),(0.E0,1.E0),.UNSPECIFIED.);
#1587=B_SPLINE_CURVE_WITH_KNOTS('',3,(#1581,#1582,#1583,#1584,#1585,#1586),
.UNSPECIFIED.,.F.,.F.,(4,1,1,4),(0.E0,3.333333333333E-1,6.666666666667E-1,1.E0),
.UNSPECIFIED.);
#1594=B_SPLINE_CURVE_WITH_KNOTS('',3,(#1588,#1589,#1590,#1591,#1592,#1593),
.UNSPECIFIED.,.F.,.F.,(4,1,1,4),(0.E0,3.333333333333E-1,6.666666666667E-1,1.E0),
.UNSPECIFIED.);
#1599=CIRCLE('',#1598,2.999997853520E-1);
#1604=B_SPLINE_CURVE_WITH_KNOTS('',3,(#1600,#1601,#1602,#1603),.UNSPECIFIED.,
.F.,.F.,(4,4),(0.E0,1.E0),.UNSPECIFIED.);
#1609=B_SPLINE_CURVE_WITH_KNOTS('',3,(#1605,#1606,#1607,#1608),.UNSPECIFIED.,
.F.,.F.,(4,4),(0.E0,1.E0),.UNSPECIFIED.);
#1614=B_SPLINE_CURVE_WITH_KNOTS('',3,(#1610,#1611,#1612,#1613),.UNSPECIFIED.,
.F.,.F.,(4,4),(0.E0,1.E0),.UNSPECIFIED.);
#1619=B_SPLINE_CURVE_WITH_KNOTS('',3,(#1615,#1616,#1617,#1618),.UNSPECIFIED.,
.F.,.F.,(4,4),(0.E0,1.E0),.UNSPECIFIED.);
#1624=B_SPLINE_CURVE_WITH_KNOTS('',3,(#1620,#1621,#1622,#1623),.UNSPECIFIED.,
.F.,.F.,(4,4),(0.E0,1.E0),.UNSPECIFIED.);
#1629=B_SPLINE_CURVE_WITH_KNOTS('',3,(#1625,#1626,#1627,#1628),.UNSPECIFIED.,
.F.,.F.,(4,4),(0.E0,1.E0),.UNSPECIFIED.);
#1634=B_SPLINE_CURVE_WITH_KNOTS('',3,(#1630,#1631,#1632,#1633),.UNSPECIFIED.,
.F.,.F.,(4,4),(0.E0,1.E0),.UNSPECIFIED.);
#1639=B_SPLINE_CURVE_WITH_KNOTS('',3,(#1635,#1636,#1637,#1638),.UNSPECIFIED.,
.F.,.F.,(4,4),(0.E0,1.E0),.UNSPECIFIED.);
#1644=B_SPLINE_CURVE_WITH_KNOTS('',3,(#1640,#1641,#1642,#1643),.UNSPECIFIED.,
.F.,.F.,(4,4),(0.E0,1.E0),.UNSPECIFIED.);
#1649=B_SPLINE_CURVE_WITH_KNOTS('',3,(#1645,#1646,#1647,#1648),.UNSPECIFIED.,
.F.,.F.,(4,4),(0.E0,1.E0),.UNSPECIFIED.);
#1654=CIRCLE('',#1653,2.999997849730E-1);
#1661=B_SPLINE_CURVE_WITH_KNOTS('',3,(#1655,#1656,#1657,#1658,#1659,#1660),
.UNSPECIFIED.,.F.,.F.,(4,1,1,4),(0.E0,3.333333333333E-1,6.666666666667E-1,1.E0),
.UNSPECIFIED.);
#1668=B_SPLINE_CURVE_WITH_KNOTS('',3,(#1662,#1663,#1664,#1665,#1666,#1667),
.UNSPECIFIED.,.F.,.F.,(4,1,1,4),(0.E0,3.333333333333E-1,6.666666666667E-1,1.E0),
.UNSPECIFIED.);
#1676=B_SPLINE_CURVE_WITH_KNOTS('',3,(#1669,#1670,#1671,#1672,#1673,#1674,
#1675),.UNSPECIFIED.,.F.,.F.,(4,1,1,1,4),(0.E0,2.5E-1,5.E-1,7.5E-1,1.E0),
.UNSPECIFIED.);
#1681=B_SPLINE_CURVE_WITH_KNOTS('',3,(#1677,#1678,#1679,#1680),.UNSPECIFIED.,
.F.,.F.,(4,4),(0.E0,1.E0),.UNSPECIFIED.);
#1686=B_SPLINE_CURVE_WITH_KNOTS('',3,(#1682,#1683,#1684,#1685),.UNSPECIFIED.,
.F.,.F.,(4,4),(0.E0,1.E0),.UNSPECIFIED.);
#1691=B_SPLINE_CURVE_WITH_KNOTS('',3,(#1687,#1688,#1689,#1690),.UNSPECIFIED.,
.F.,.F.,(4,4),(0.E0,1.E0),.UNSPECIFIED.);
#1696=B_SPLINE_CURVE_WITH_KNOTS('',3,(#1692,#1693,#1694,#1695),.UNSPECIFIED.,
.F.,.F.,(4,4),(0.E0,1.E0),.UNSPECIFIED.);
#1701=B_SPLINE_CURVE_WITH_KNOTS('',3,(#1697,#1698,#1699,#1700),.UNSPECIFIED.,
.F.,.F.,(4,4),(0.E0,1.E0),.UNSPECIFIED.);
#1706=B_SPLINE_CURVE_WITH_KNOTS('',3,(#1702,#1703,#1704,#1705),.UNSPECIFIED.,
.F.,.F.,(4,4),(0.E0,1.E0),.UNSPECIFIED.);
#1717=B_SPLINE_CURVE_WITH_KNOTS('',3,(#1711,#1712,#1713,#1714,#1715,#1716),
.UNSPECIFIED.,.F.,.F.,(4,1,1,4),(0.E0,3.333333333333E-1,6.666666666667E-1,1.E0),
.UNSPECIFIED.);
#1722=B_SPLINE_CURVE_WITH_KNOTS('',3,(#1718,#1719,#1720,#1721),.UNSPECIFIED.,
.F.,.F.,(4,4),(0.E0,1.E0),.UNSPECIFIED.);
#1730=B_SPLINE_CURVE_WITH_KNOTS('',3,(#1723,#1724,#1725,#1726,#1727,#1728,
#1729),.UNSPECIFIED.,.F.,.F.,(4,1,1,1,4),(0.E0,2.5E-1,5.E-1,7.5E-1,1.E0),
.UNSPECIFIED.);
#1735=B_SPLINE_CURVE_WITH_KNOTS('',3,(#1731,#1732,#1733,#1734),.UNSPECIFIED.,
.F.,.F.,(4,4),(0.E0,1.E0),.UNSPECIFIED.);
#1740=B_SPLINE_CURVE_WITH_KNOTS('',3,(#1736,#1737,#1738,#1739),.UNSPECIFIED.,
.F.,.F.,(4,4),(0.E0,1.E0),.UNSPECIFIED.);
#1748=B_SPLINE_CURVE_WITH_KNOTS('',3,(#1741,#1742,#1743,#1744,#1745,#1746,
#1747),.UNSPECIFIED.,.F.,.F.,(4,1,1,1,4),(0.E0,2.5E-1,5.E-1,7.5E-1,1.E0),
.UNSPECIFIED.);
#1753=B_SPLINE_CURVE_WITH_KNOTS('',3,(#1749,#1750,#1751,#1752),.UNSPECIFIED.,
.F.,.F.,(4,4),(0.E0,1.E0),.UNSPECIFIED.);
#1761=B_SPLINE_CURVE_WITH_KNOTS('',3,(#1754,#1755,#1756,#1757,#1758,#1759,
#1760),.UNSPECIFIED.,.F.,.F.,(4,1,1,1,4),(0.E0,2.5E-1,5.E-1,7.5E-1,1.E0),
.UNSPECIFIED.);
#1770=B_SPLINE_CURVE_WITH_KNOTS('',3,(#1762,#1763,#1764,#1765,#1766,#1767,#1768,
#1769),.UNSPECIFIED.,.F.,.F.,(4,1,1,1,1,4),(0.E0,2.E-1,4.E-1,6.E-1,8.E-1,1.E0),
.UNSPECIFIED.);
#1779=B_SPLINE_CURVE_WITH_KNOTS('',3,(#1771,#1772,#1773,#1774,#1775,#1776,#1777,
#1778),.UNSPECIFIED.,.F.,.F.,(4,1,1,1,1,4),(0.E0,2.E-1,4.E-1,6.E-1,8.E-1,1.E0),
.UNSPECIFIED.);
#1800=B_SPLINE_CURVE_WITH_KNOTS('',3,(#1796,#1797,#1798,#1799),.UNSPECIFIED.,
.F.,.F.,(4,4),(0.E0,1.E0),.UNSPECIFIED.);
#1809=B_SPLINE_CURVE_WITH_KNOTS('',3,(#1801,#1802,#1803,#1804,#1805,#1806,#1807,
#1808),.UNSPECIFIED.,.F.,.F.,(4,1,1,1,1,4),(0.E0,2.E-1,4.E-1,6.E-1,8.E-1,1.E0),
.UNSPECIFIED.);
#1822=B_SPLINE_CURVE_WITH_KNOTS('',3,(#1814,#1815,#1816,#1817,#1818,#1819,#1820,
#1821),.UNSPECIFIED.,.F.,.F.,(4,1,1,1,1,4),(0.E0,2.E-1,4.E-1,6.E-1,8.E-1,1.E0),
.UNSPECIFIED.);
#1835=CIRCLE('',#1834,6.E-1);
#1844=B_SPLINE_CURVE_WITH_KNOTS('',3,(#1836,#1837,#1838,#1839,#1840,#1841,#1842,
#1843),.UNSPECIFIED.,.F.,.F.,(4,1,1,1,1,4),(0.E0,2.E-1,4.E-1,6.E-1,8.E-1,1.E0),
.UNSPECIFIED.);
#1853=B_SPLINE_CURVE_WITH_KNOTS('',3,(#1845,#1846,#1847,#1848,#1849,#1850,#1851,
#1852),.UNSPECIFIED.,.F.,.F.,(4,1,1,1,1,4),(0.E0,2.E-1,4.E-1,6.E-1,8.E-1,1.E0),
.UNSPECIFIED.);
#1858=CIRCLE('',#1857,6.E-1);
#1887=B_SPLINE_CURVE_WITH_KNOTS('',3,(#1879,#1880,#1881,#1882,#1883,#1884,#1885,
#1886),.UNSPECIFIED.,.F.,.F.,(4,1,1,1,1,4),(0.E0,2.E-1,4.E-1,6.E-1,8.E-1,1.E0),
.UNSPECIFIED.);
#1900=B_SPLINE_CURVE_WITH_KNOTS('',3,(#1892,#1893,#1894,#1895,#1896,#1897,#1898,
#1899),.UNSPECIFIED.,.F.,.F.,(4,1,1,1,1,4),(0.E0,2.E-1,4.E-1,6.E-1,8.E-1,1.E0),
.UNSPECIFIED.);
#1917=B_SPLINE_CURVE_WITH_KNOTS('',3,(#1913,#1914,#1915,#1916),.UNSPECIFIED.,
.F.,.F.,(4,4),(0.E0,1.E0),.UNSPECIFIED.);
#1930=B_SPLINE_CURVE_WITH_KNOTS('',3,(#1922,#1923,#1924,#1925,#1926,#1927,#1928,
#1929),.UNSPECIFIED.,.F.,.F.,(4,1,1,1,1,4),(0.E0,2.E-1,4.E-1,6.E-1,8.E-1,1.E0),
.UNSPECIFIED.);
#1943=B_SPLINE_CURVE_WITH_KNOTS('',3,(#1935,#1936,#1937,#1938,#1939,#1940,#1941,
#1942),.UNSPECIFIED.,.F.,.F.,(4,1,1,1,1,4),(0.E0,2.E-1,4.E-1,6.E-1,8.E-1,1.E0),
.UNSPECIFIED.);
#1956=B_SPLINE_CURVE_WITH_KNOTS('',3,(#1948,#1949,#1950,#1951,#1952,#1953,#1954,
#1955),.UNSPECIFIED.,.F.,.F.,(4,1,1,1,1,4),(0.E0,2.E-1,4.E-1,6.E-1,8.E-1,1.E0),
.UNSPECIFIED.);
#1961=CIRCLE('',#1960,6.E-1);
#1978=CIRCLE('',#1977,6.E-1);
#1987=B_SPLINE_CURVE_WITH_KNOTS('',3,(#1979,#1980,#1981,#1982,#1983,#1984,#1985,
#1986),.UNSPECIFIED.,.F.,.F.,(4,1,1,1,1,4),(0.E0,2.E-1,4.E-1,6.E-1,8.E-1,1.E0),
.UNSPECIFIED.);
#1992=B_SPLINE_CURVE_WITH_KNOTS('',3,(#1988,#1989,#1990,#1991),.UNSPECIFIED.,
.F.,.F.,(4,4),(0.E0,1.E0),.UNSPECIFIED.);
#2029=CIRCLE('',#2028,5.5E-1);
#2046=B_SPLINE_CURVE_WITH_KNOTS('',3,(#2038,#2039,#2040,#2041,#2042,#2043,#2044,
#2045),.UNSPECIFIED.,.F.,.F.,(4,1,1,1,1,4),(0.E0,2.E-1,4.E-1,6.E-1,8.E-1,1.E0),
.UNSPECIFIED.);
#2051=CIRCLE('',#2050,5.5E-1);
#2064=B_SPLINE_CURVE_WITH_KNOTS('',3,(#2056,#2057,#2058,#2059,#2060,#2061,#2062,
#2063),.UNSPECIFIED.,.F.,.F.,(4,1,1,1,1,4),(0.E0,2.E-1,4.E-1,6.E-1,8.E-1,1.E0),
.UNSPECIFIED.);
#2073=B_SPLINE_CURVE_WITH_KNOTS('',3,(#2069,#2070,#2071,#2072),.UNSPECIFIED.,
.F.,.F.,(4,4),(0.E0,1.E0),.UNSPECIFIED.);
#2110=B_SPLINE_CURVE_WITH_KNOTS('',3,(#2102,#2103,#2104,#2105,#2106,#2107,#2108,
#2109),.UNSPECIFIED.,.F.,.F.,(4,1,1,1,1,4),(0.E0,2.E-1,4.E-1,6.E-1,8.E-1,1.E0),
.UNSPECIFIED.);
#2119=CIRCLE('',#2118,5.5E-1);
#2132=CIRCLE('',#2131,5.5E-1);
#2145=B_SPLINE_CURVE_WITH_KNOTS('',3,(#2137,#2138,#2139,#2140,#2141,#2142,#2143,
#2144),.UNSPECIFIED.,.F.,.F.,(4,1,1,1,1,4),(0.E0,2.E-1,4.E-1,6.E-1,8.E-1,1.E0),
.UNSPECIFIED.);
#2158=B_SPLINE_CURVE_WITH_KNOTS('',3,(#2154,#2155,#2156,#2157),.UNSPECIFIED.,
.F.,.F.,(4,4),(0.E0,1.E0),.UNSPECIFIED.);
#2184=B_SPLINE_CURVE_WITH_KNOTS('',3,(#2175,#2176,#2177,#2178,#2179,#2180,#2181,
#2182,#2183),.UNSPECIFIED.,.F.,.F.,(4,1,1,1,1,1,4),(0.E0,1.666666666667E-1,
3.333333333333E-1,5.E-1,6.666666666667E-1,8.333333333333E-1,1.E0),
.UNSPECIFIED.);
#2189=B_SPLINE_CURVE_WITH_KNOTS('',3,(#2185,#2186,#2187,#2188),.UNSPECIFIED.,
.F.,.F.,(4,4),(0.E0,1.E0),.UNSPECIFIED.);
#2199=B_SPLINE_CURVE_WITH_KNOTS('',3,(#2190,#2191,#2192,#2193,#2194,#2195,#2196,
#2197,#2198),.UNSPECIFIED.,.F.,.F.,(4,1,1,1,1,1,4),(0.E0,1.666666666667E-1,
3.333333333333E-1,5.E-1,6.666666666667E-1,8.333333333333E-1,1.E0),
.UNSPECIFIED.);
#2206=B_SPLINE_CURVE_WITH_KNOTS('',3,(#2200,#2201,#2202,#2203,#2204,#2205),
.UNSPECIFIED.,.F.,.F.,(4,1,1,4),(0.E0,3.333333333333E-1,6.666666666667E-1,1.E0),
.UNSPECIFIED.);
#2213=B_SPLINE_CURVE_WITH_KNOTS('',3,(#2207,#2208,#2209,#2210,#2211,#2212),
.UNSPECIFIED.,.F.,.F.,(4,1,1,4),(0.E0,3.333333333333E-1,6.666666666667E-1,1.E0),
.UNSPECIFIED.);
#2218=B_SPLINE_CURVE_WITH_KNOTS('',3,(#2214,#2215,#2216,#2217),.UNSPECIFIED.,
.F.,.F.,(4,4),(0.E0,1.E0),.UNSPECIFIED.);
#2228=B_SPLINE_CURVE_WITH_KNOTS('',3,(#2219,#2220,#2221,#2222,#2223,#2224,#2225,
#2226,#2227),.UNSPECIFIED.,.F.,.F.,(4,1,1,1,1,1,4),(0.E0,1.666666666667E-1,
3.333333333333E-1,5.E-1,6.666666666667E-1,8.333333333333E-1,1.E0),
.UNSPECIFIED.);
#2242=B_SPLINE_CURVE_WITH_KNOTS('',3,(#2233,#2234,#2235,#2236,#2237,#2238,#2239,
#2240,#2241),.UNSPECIFIED.,.F.,.F.,(4,1,1,1,1,1,4),(0.E0,1.666666666667E-1,
3.333333333333E-1,5.E-1,6.666666666667E-1,8.333333333333E-1,1.E0),
.UNSPECIFIED.);
#2264=B_SPLINE_CURVE_WITH_KNOTS('',3,(#2255,#2256,#2257,#2258,#2259,#2260,#2261,
#2262,#2263),.UNSPECIFIED.,.F.,.F.,(4,1,1,1,1,1,4),(0.E0,1.666666666667E-1,
3.333333333333E-1,5.E-1,6.666666666667E-1,8.333333333333E-1,1.E0),
.UNSPECIFIED.);
#2269=B_SPLINE_CURVE_WITH_KNOTS('',3,(#2265,#2266,#2267,#2268),.UNSPECIFIED.,
.F.,.F.,(4,4),(0.E0,1.E0),.UNSPECIFIED.);
#2279=B_SPLINE_CURVE_WITH_KNOTS('',3,(#2270,#2271,#2272,#2273,#2274,#2275,#2276,
#2277,#2278),.UNSPECIFIED.,.F.,.F.,(4,1,1,1,1,1,4),(0.E0,1.666666666667E-1,
3.333333333333E-1,5.E-1,6.666666666667E-1,8.333333333333E-1,1.E0),
.UNSPECIFIED.);
#2286=B_SPLINE_CURVE_WITH_KNOTS('',3,(#2280,#2281,#2282,#2283,#2284,#2285),
.UNSPECIFIED.,.F.,.F.,(4,1,1,4),(0.E0,3.333333333333E-1,6.666666666667E-1,1.E0),
.UNSPECIFIED.);
#2293=B_SPLINE_CURVE_WITH_KNOTS('',3,(#2287,#2288,#2289,#2290,#2291,#2292),
.UNSPECIFIED.,.F.,.F.,(4,1,1,4),(0.E0,3.333333333333E-1,6.666666666667E-1,1.E0),
.UNSPECIFIED.);
#2298=B_SPLINE_CURVE_WITH_KNOTS('',3,(#2294,#2295,#2296,#2297),.UNSPECIFIED.,
.F.,.F.,(4,4),(0.E0,1.E0),.UNSPECIFIED.);
#2308=B_SPLINE_CURVE_WITH_KNOTS('',3,(#2299,#2300,#2301,#2302,#2303,#2304,#2305,
#2306,#2307),.UNSPECIFIED.,.F.,.F.,(4,1,1,1,1,1,4),(0.E0,1.666666666667E-1,
3.333333333333E-1,5.E-1,6.666666666667E-1,8.333333333333E-1,1.E0),
.UNSPECIFIED.);
#2322=B_SPLINE_CURVE_WITH_KNOTS('',3,(#2313,#2314,#2315,#2316,#2317,#2318,#2319,
#2320,#2321),.UNSPECIFIED.,.F.,.F.,(4,1,1,1,1,1,4),(0.E0,1.666666666667E-1,
3.333333333333E-1,5.E-1,6.666666666667E-1,8.333333333333E-1,1.E0),
.UNSPECIFIED.);
#2351=B_SPLINE_CURVE_WITH_KNOTS('',3,(#2327,#2328,#2329,#2330,#2331,#2332,#2333,
#2334,#2335,#2336,#2337,#2338,#2339,#2340,#2341,#2342,#2343,#2344,#2345,#2346,
#2347,#2348,#2349,#2350),.UNSPECIFIED.,.F.,.F.,(4,1,1,1,1,1,1,1,1,1,1,1,1,1,1,1,
1,1,1,1,1,4),(0.E0,3.846153846154E-2,7.692307692308E-2,1.153846153846E-1,
1.538461538462E-1,2.307692307692E-1,3.076923076923E-1,3.846153846154E-1,
4.230769230769E-1,4.615384615385E-1,5.E-1,5.384615384615E-1,5.769230769231E-1,
6.153846153846E-1,6.923076923077E-1,7.692307692308E-1,8.076923076923E-1,
8.461538461538E-1,8.846153846154E-1,9.230769230769E-1,9.615384615385E-1,1.E0),
.UNSPECIFIED.);
#2376=B_SPLINE_CURVE_WITH_KNOTS('',3,(#2352,#2353,#2354,#2355,#2356,#2357,#2358,
#2359,#2360,#2361,#2362,#2363,#2364,#2365,#2366,#2367,#2368,#2369,#2370,#2371,
#2372,#2373,#2374,#2375),.UNSPECIFIED.,.F.,.F.,(4,1,1,1,1,1,1,1,1,1,1,1,1,1,1,1,
1,1,1,1,1,4),(0.E0,3.846153846154E-2,7.692307692308E-2,1.153846153846E-1,
1.538461538462E-1,2.307692307692E-1,3.076923076923E-1,3.846153846154E-1,
4.230769230769E-1,4.615384615385E-1,5.E-1,5.384615384615E-1,5.769230769231E-1,
6.153846153846E-1,6.923076923077E-1,7.692307692308E-1,8.076923076923E-1,
8.461538461538E-1,8.846153846154E-1,9.230769230769E-1,9.615384615385E-1,1.E0),
.UNSPECIFIED.);
#2391=B_SPLINE_CURVE_WITH_KNOTS('',3,(#2377,#2378,#2379,#2380,#2381,#2382,#2383,
#2384,#2385,#2386,#2387,#2388,#2389,#2390),.UNSPECIFIED.,.F.,.F.,(4,1,1,1,1,1,1,
1,1,1,1,4),(0.E0,9.090909090909E-2,1.818181818182E-1,2.727272727273E-1,
3.636363636364E-1,4.545454545455E-1,5.454545454545E-1,6.363636363636E-1,
7.272727272727E-1,8.181818181818E-1,9.090909090909E-1,1.E0),.UNSPECIFIED.);
#2406=B_SPLINE_CURVE_WITH_KNOTS('',3,(#2392,#2393,#2394,#2395,#2396,#2397,#2398,
#2399,#2400,#2401,#2402,#2403,#2404,#2405),.UNSPECIFIED.,.F.,.F.,(4,1,1,1,1,1,1,
1,1,1,1,4),(0.E0,9.090909090909E-2,1.818181818182E-1,2.727272727273E-1,
3.636363636364E-1,4.545454545455E-1,5.454545454545E-1,6.363636363636E-1,
7.272727272727E-1,8.181818181818E-1,9.090909090909E-1,1.E0),.UNSPECIFIED.);
#2413=B_SPLINE_CURVE_WITH_KNOTS('',3,(#2407,#2408,#2409,#2410,#2411,#2412),
.UNSPECIFIED.,.F.,.F.,(4,1,1,4),(0.E0,3.333333333333E-1,6.666666666667E-1,1.E0),
.UNSPECIFIED.);
#2422=B_SPLINE_CURVE_WITH_KNOTS('',3,(#2418,#2419,#2420,#2421),.UNSPECIFIED.,
.F.,.F.,(4,4),(0.E0,1.E0),.UNSPECIFIED.);
#2427=B_SPLINE_CURVE_WITH_KNOTS('',3,(#2423,#2424,#2425,#2426),.UNSPECIFIED.,
.F.,.F.,(4,4),(0.E0,1.E0),.UNSPECIFIED.);
#2434=B_SPLINE_CURVE_WITH_KNOTS('',3,(#2428,#2429,#2430,#2431,#2432,#2433),
.UNSPECIFIED.,.F.,.F.,(4,1,1,4),(0.E0,3.333333333333E-1,6.666666666667E-1,1.E0),
.UNSPECIFIED.);
#2440=B_SPLINE_CURVE_WITH_KNOTS('',3,(#2435,#2436,#2437,#2438,#2439),
.UNSPECIFIED.,.F.,.F.,(4,1,4),(0.E0,5.E-1,1.E0),.UNSPECIFIED.);
#2446=B_SPLINE_CURVE_WITH_KNOTS('',3,(#2441,#2442,#2443,#2444,#2445),
.UNSPECIFIED.,.F.,.F.,(4,1,4),(0.E0,5.E-1,1.E0),.UNSPECIFIED.);
#2465=B_SPLINE_CURVE_WITH_KNOTS('',3,(#2459,#2460,#2461,#2462,#2463,#2464),
.UNSPECIFIED.,.F.,.F.,(4,1,1,4),(0.E0,3.333333333333E-1,6.666666666667E-1,1.E0),
.UNSPECIFIED.);
#2470=B_SPLINE_CURVE_WITH_KNOTS('',3,(#2466,#2467,#2468,#2469),.UNSPECIFIED.,
.F.,.F.,(4,4),(0.E0,1.E0),.UNSPECIFIED.);
#2477=B_SPLINE_CURVE_WITH_KNOTS('',3,(#2471,#2472,#2473,#2474,#2475,#2476),
.UNSPECIFIED.,.F.,.F.,(4,1,1,4),(0.E0,3.333333333333E-1,6.666666666667E-1,1.E0),
.UNSPECIFIED.);
#2484=B_SPLINE_CURVE_WITH_KNOTS('',3,(#2478,#2479,#2480,#2481,#2482,#2483),
.UNSPECIFIED.,.F.,.F.,(4,1,1,4),(0.E0,3.333333333333E-1,6.666666666667E-1,1.E0),
.UNSPECIFIED.);
#2496=B_SPLINE_CURVE_WITH_KNOTS('',3,(#2485,#2486,#2487,#2488,#2489,#2490,#2491,
#2492,#2493,#2494,#2495),.UNSPECIFIED.,.F.,.F.,(4,1,1,1,1,1,1,1,4),(0.E0,
1.25E-1,2.5E-1,3.75E-1,5.E-1,6.25E-1,7.5E-1,8.75E-1,1.E0),.UNSPECIFIED.);
#2501=CIRCLE('',#2500,5.518445287760E2);
#2506=CIRCLE('',#2505,3.E-1);
#2522=B_SPLINE_CURVE_WITH_KNOTS('',3,(#2507,#2508,#2509,#2510,#2511,#2512,#2513,
#2514,#2515,#2516,#2517,#2518,#2519,#2520,#2521),.UNSPECIFIED.,.F.,.F.,(4,1,1,1,
1,1,1,1,1,1,1,1,4),(0.E0,8.333333333333E-2,1.666666666667E-1,2.5E-1,
3.333333333333E-1,4.166666666667E-1,5.E-1,5.833333333333E-1,6.666666666667E-1,
7.5E-1,8.333333333333E-1,9.166666666667E-1,1.E0),.UNSPECIFIED.);
#2538=B_SPLINE_CURVE_WITH_KNOTS('',3,(#2523,#2524,#2525,#2526,#2527,#2528,#2529,
#2530,#2531,#2532,#2533,#2534,#2535,#2536,#2537),.UNSPECIFIED.,.F.,.F.,(4,1,1,1,
1,1,1,1,1,1,1,1,4),(0.E0,8.333333333333E-2,1.666666666667E-1,2.5E-1,
3.333333333333E-1,4.166666666667E-1,5.E-1,5.833333333333E-1,6.666666666667E-1,
7.5E-1,8.333333333333E-1,9.166666666667E-1,1.E0),.UNSPECIFIED.);
#2543=CIRCLE('',#2542,2.999999587713E-1);
#2557=B_SPLINE_CURVE_WITH_KNOTS('',3,(#2548,#2549,#2550,#2551,#2552,#2553,#2554,
#2555,#2556),.UNSPECIFIED.,.F.,.F.,(4,1,1,1,1,1,4),(0.E0,1.666666666667E-1,
3.333333333333E-1,5.E-1,6.666666666667E-1,8.333333333333E-1,1.E0),
.UNSPECIFIED.);
#2578=CIRCLE('',#2577,3.E-1);
#2594=B_SPLINE_CURVE_WITH_KNOTS('',3,(#2579,#2580,#2581,#2582,#2583,#2584,#2585,
#2586,#2587,#2588,#2589,#2590,#2591,#2592,#2593),.UNSPECIFIED.,.F.,.F.,(4,1,1,1,
1,1,1,1,1,1,1,1,4),(0.E0,8.333333333333E-2,1.666666666667E-1,2.5E-1,
3.333333333333E-1,4.166666666667E-1,5.E-1,5.833333333333E-1,6.666666666667E-1,
7.5E-1,8.333333333333E-1,9.166666666667E-1,1.E0),.UNSPECIFIED.);
#2610=B_SPLINE_CURVE_WITH_KNOTS('',3,(#2595,#2596,#2597,#2598,#2599,#2600,#2601,
#2602,#2603,#2604,#2605,#2606,#2607,#2608,#2609),.UNSPECIFIED.,.F.,.F.,(4,1,1,1,
1,1,1,1,1,1,1,1,4),(0.E0,8.333333333333E-2,1.666666666667E-1,2.5E-1,
3.333333333333E-1,4.166666666667E-1,5.E-1,5.833333333333E-1,6.666666666667E-1,
7.5E-1,8.333333333333E-1,9.166666666667E-1,1.E0),.UNSPECIFIED.);
#2615=CIRCLE('',#2614,2.999998698501E-1);
#2629=B_SPLINE_CURVE_WITH_KNOTS('',3,(#2620,#2621,#2622,#2623,#2624,#2625,#2626,
#2627,#2628),.UNSPECIFIED.,.F.,.F.,(4,1,1,1,1,1,4),(0.E0,1.666666666667E-1,
3.333333333333E-1,5.E-1,6.666666666667E-1,8.333333333333E-1,1.E0),
.UNSPECIFIED.);
#2638=B_SPLINE_CURVE_WITH_KNOTS('',3,(#2634,#2635,#2636,#2637),.UNSPECIFIED.,
.F.,.F.,(4,4),(0.E0,1.E0),.UNSPECIFIED.);
#2650=B_SPLINE_CURVE_WITH_KNOTS('',3,(#2639,#2640,#2641,#2642,#2643,#2644,#2645,
#2646,#2647,#2648,#2649),.UNSPECIFIED.,.F.,.F.,(4,1,1,1,1,1,1,1,4),(0.E0,
1.25E-1,2.5E-1,3.75E-1,5.E-1,6.25E-1,7.5E-1,8.75E-1,1.E0),.UNSPECIFIED.);
#2655=CIRCLE('',#2654,5.518445287760E2);
#2660=CIRCLE('',#2659,3.E-1);
#2676=B_SPLINE_CURVE_WITH_KNOTS('',3,(#2661,#2662,#2663,#2664,#2665,#2666,#2667,
#2668,#2669,#2670,#2671,#2672,#2673,#2674,#2675),.UNSPECIFIED.,.F.,.F.,(4,1,1,1,
1,1,1,1,1,1,1,1,4),(0.E0,8.333333333333E-2,1.666666666667E-1,2.5E-1,
3.333333333333E-1,4.166666666667E-1,5.E-1,5.833333333333E-1,6.666666666667E-1,
7.5E-1,8.333333333333E-1,9.166666666667E-1,1.E0),.UNSPECIFIED.);
#2692=B_SPLINE_CURVE_WITH_KNOTS('',3,(#2677,#2678,#2679,#2680,#2681,#2682,#2683,
#2684,#2685,#2686,#2687,#2688,#2689,#2690,#2691),.UNSPECIFIED.,.F.,.F.,(4,1,1,1,
1,1,1,1,1,1,1,1,4),(0.E0,8.333333333333E-2,1.666666666667E-1,2.5E-1,
3.333333333333E-1,4.166666666667E-1,5.E-1,5.833333333333E-1,6.666666666667E-1,
7.5E-1,8.333333333333E-1,9.166666666667E-1,1.E0),.UNSPECIFIED.);
#2697=CIRCLE('',#2696,2.999999587835E-1);
#2711=B_SPLINE_CURVE_WITH_KNOTS('',3,(#2702,#2703,#2704,#2705,#2706,#2707,#2708,
#2709,#2710),.UNSPECIFIED.,.F.,.F.,(4,1,1,1,1,1,4),(0.E0,1.666666666667E-1,
3.333333333333E-1,5.E-1,6.666666666667E-1,8.333333333333E-1,1.E0),
.UNSPECIFIED.);
#2728=CIRCLE('',#2727,3.E-1);
#2744=B_SPLINE_CURVE_WITH_KNOTS('',3,(#2729,#2730,#2731,#2732,#2733,#2734,#2735,
#2736,#2737,#2738,#2739,#2740,#2741,#2742,#2743),.UNSPECIFIED.,.F.,.F.,(4,1,1,1,
1,1,1,1,1,1,1,1,4),(0.E0,8.333333333333E-2,1.666666666667E-1,2.5E-1,
3.333333333333E-1,4.166666666667E-1,5.E-1,5.833333333333E-1,6.666666666667E-1,
7.5E-1,8.333333333333E-1,9.166666666667E-1,1.E0),.UNSPECIFIED.);
#2760=B_SPLINE_CURVE_WITH_KNOTS('',3,(#2745,#2746,#2747,#2748,#2749,#2750,#2751,
#2752,#2753,#2754,#2755,#2756,#2757,#2758,#2759),.UNSPECIFIED.,.F.,.F.,(4,1,1,1,
1,1,1,1,1,1,1,1,4),(0.E0,8.333333333333E-2,1.666666666667E-1,2.5E-1,
3.333333333333E-1,4.166666666667E-1,5.E-1,5.833333333333E-1,6.666666666667E-1,
7.5E-1,8.333333333333E-1,9.166666666667E-1,1.E0),.UNSPECIFIED.);
#2765=CIRCLE('',#2764,2.999998698597E-1);
#2781=B_SPLINE_CURVE_WITH_KNOTS('',3,(#2770,#2771,#2772,#2773,#2774,#2775,#2776,
#2777,#2778,#2779,#2780),.UNSPECIFIED.,.F.,.F.,(4,1,1,1,1,1,1,1,4),(0.E0,
1.25E-1,2.5E-1,3.75E-1,5.E-1,6.25E-1,7.5E-1,8.75E-1,1.E0),.UNSPECIFIED.);
#2806=B_SPLINE_CURVE_WITH_KNOTS('',3,(#2802,#2803,#2804,#2805),.UNSPECIFIED.,
.F.,.F.,(4,4),(0.E0,1.E0),.UNSPECIFIED.);
#2815=B_SPLINE_CURVE_WITH_KNOTS('',3,(#2811,#2812,#2813,#2814),.UNSPECIFIED.,
.F.,.F.,(4,4),(0.E0,1.E0),.UNSPECIFIED.);
#2820=B_SPLINE_CURVE_WITH_KNOTS('',3,(#2816,#2817,#2818,#2819),.UNSPECIFIED.,
.F.,.F.,(4,4),(0.E0,1.E0),.UNSPECIFIED.);
#2829=B_SPLINE_CURVE_WITH_KNOTS('',3,(#2825,#2826,#2827,#2828),.UNSPECIFIED.,
.F.,.F.,(4,4),(0.E0,1.E0),.UNSPECIFIED.);
#2834=B_SPLINE_CURVE_WITH_KNOTS('',3,(#2830,#2831,#2832,#2833),.UNSPECIFIED.,
.F.,.F.,(4,4),(0.E0,1.E0),.UNSPECIFIED.);
#2843=B_SPLINE_CURVE_WITH_KNOTS('',3,(#2839,#2840,#2841,#2842),.UNSPECIFIED.,
.F.,.F.,(4,4),(0.E0,1.E0),.UNSPECIFIED.);
#2848=B_SPLINE_CURVE_WITH_KNOTS('',3,(#2844,#2845,#2846,#2847),.UNSPECIFIED.,
.F.,.F.,(4,4),(0.E0,1.E0),.UNSPECIFIED.);
#2857=B_SPLINE_CURVE_WITH_KNOTS('',3,(#2853,#2854,#2855,#2856),.UNSPECIFIED.,
.F.,.F.,(4,4),(0.E0,1.E0),.UNSPECIFIED.);
#2862=B_SPLINE_CURVE_WITH_KNOTS('',3,(#2858,#2859,#2860,#2861),.UNSPECIFIED.,
.F.,.F.,(4,4),(0.E0,1.E0),.UNSPECIFIED.);
#2871=B_SPLINE_CURVE_WITH_KNOTS('',3,(#2867,#2868,#2869,#2870),.UNSPECIFIED.,
.F.,.F.,(4,4),(0.E0,1.E0),.UNSPECIFIED.);
#2876=CIRCLE('',#2875,3.837407469340E2);
#2885=CIRCLE('',#2884,3.835407469340E2);
#2890=B_SPLINE_CURVE_WITH_KNOTS('',3,(#2886,#2887,#2888,#2889),.UNSPECIFIED.,
.F.,.F.,(4,4),(0.E0,1.E0),.UNSPECIFIED.);
#2899=B_SPLINE_CURVE_WITH_KNOTS('',3,(#2895,#2896,#2897,#2898),.UNSPECIFIED.,
.F.,.F.,(4,4),(0.E0,1.E0),.UNSPECIFIED.);
#2904=B_SPLINE_CURVE_WITH_KNOTS('',3,(#2900,#2901,#2902,#2903),.UNSPECIFIED.,
.F.,.F.,(4,4),(0.E0,1.E0),.UNSPECIFIED.);
#2913=B_SPLINE_CURVE_WITH_KNOTS('',3,(#2909,#2910,#2911,#2912),.UNSPECIFIED.,
.F.,.F.,(4,4),(0.E0,1.E0),.UNSPECIFIED.);
#2918=B_SPLINE_CURVE_WITH_KNOTS('',3,(#2914,#2915,#2916,#2917),.UNSPECIFIED.,
.F.,.F.,(4,4),(0.E0,1.E0),.UNSPECIFIED.);
#2927=B_SPLINE_CURVE_WITH_KNOTS('',3,(#2923,#2924,#2925,#2926),.UNSPECIFIED.,
.F.,.F.,(4,4),(0.E0,1.E0),.UNSPECIFIED.);
#2932=B_SPLINE_CURVE_WITH_KNOTS('',3,(#2928,#2929,#2930,#2931),.UNSPECIFIED.,
.F.,.F.,(4,4),(0.E0,1.E0),.UNSPECIFIED.);
#2941=B_SPLINE_CURVE_WITH_KNOTS('',3,(#2937,#2938,#2939,#2940),.UNSPECIFIED.,
.F.,.F.,(4,4),(0.E0,1.E0),.UNSPECIFIED.);
#2946=B_SPLINE_CURVE_WITH_KNOTS('',3,(#2942,#2943,#2944,#2945),.UNSPECIFIED.,
.F.,.F.,(4,4),(0.E0,1.E0),.UNSPECIFIED.);
#2955=B_SPLINE_CURVE_WITH_KNOTS('',3,(#2951,#2952,#2953,#2954),.UNSPECIFIED.,
.F.,.F.,(4,4),(0.E0,1.E0),.UNSPECIFIED.);
#2972=CIRCLE('',#2971,3.837407469340E2);
#2981=CIRCLE('',#2980,3.835407469340E2);
#2998=B_SPLINE_CURVE_WITH_KNOTS('',3,(#2994,#2995,#2996,#2997),.UNSPECIFIED.,
.F.,.F.,(4,4),(0.E0,1.E0),.UNSPECIFIED.);
#3007=B_SPLINE_CURVE_WITH_KNOTS('',3,(#3003,#3004,#3005,#3006),.UNSPECIFIED.,
.F.,.F.,(4,4),(0.E0,1.E0),.UNSPECIFIED.);
#3012=B_SPLINE_CURVE_WITH_KNOTS('',3,(#3008,#3009,#3010,#3011),.UNSPECIFIED.,
.F.,.F.,(4,4),(0.E0,1.E0),.UNSPECIFIED.);
#3021=B_SPLINE_CURVE_WITH_KNOTS('',3,(#3017,#3018,#3019,#3020),.UNSPECIFIED.,
.F.,.F.,(4,4),(0.E0,1.E0),.UNSPECIFIED.);
#3026=B_SPLINE_CURVE_WITH_KNOTS('',3,(#3022,#3023,#3024,#3025),.UNSPECIFIED.,
.F.,.F.,(4,4),(0.E0,1.E0),.UNSPECIFIED.);
#3035=B_SPLINE_CURVE_WITH_KNOTS('',3,(#3031,#3032,#3033,#3034),.UNSPECIFIED.,
.F.,.F.,(4,4),(0.E0,1.E0),.UNSPECIFIED.);
#3040=B_SPLINE_CURVE_WITH_KNOTS('',3,(#3036,#3037,#3038,#3039),.UNSPECIFIED.,
.F.,.F.,(4,4),(0.E0,1.E0),.UNSPECIFIED.);
#3049=B_SPLINE_CURVE_WITH_KNOTS('',3,(#3045,#3046,#3047,#3048),.UNSPECIFIED.,
.F.,.F.,(4,4),(0.E0,1.E0),.UNSPECIFIED.);
#3054=CIRCLE('',#3053,3.837407469340E2);
#3063=CIRCLE('',#3062,3.835407469340E2);
#3068=B_SPLINE_CURVE_WITH_KNOTS('',3,(#3064,#3065,#3066,#3067),.UNSPECIFIED.,
.F.,.F.,(4,4),(0.E0,1.E0),.UNSPECIFIED.);
#3077=B_SPLINE_CURVE_WITH_KNOTS('',3,(#3073,#3074,#3075,#3076),.UNSPECIFIED.,
.F.,.F.,(4,4),(0.E0,1.E0),.UNSPECIFIED.);
#3082=B_SPLINE_CURVE_WITH_KNOTS('',3,(#3078,#3079,#3080,#3081),.UNSPECIFIED.,
.F.,.F.,(4,4),(0.E0,1.E0),.UNSPECIFIED.);
#3091=B_SPLINE_CURVE_WITH_KNOTS('',3,(#3087,#3088,#3089,#3090),.UNSPECIFIED.,
.F.,.F.,(4,4),(0.E0,1.E0),.UNSPECIFIED.);
#3096=B_SPLINE_CURVE_WITH_KNOTS('',3,(#3092,#3093,#3094,#3095),.UNSPECIFIED.,
.F.,.F.,(4,4),(0.E0,1.E0),.UNSPECIFIED.);
#3105=B_SPLINE_CURVE_WITH_KNOTS('',3,(#3101,#3102,#3103,#3104),.UNSPECIFIED.,
.F.,.F.,(4,4),(0.E0,1.E0),.UNSPECIFIED.);
#3110=B_SPLINE_CURVE_WITH_KNOTS('',3,(#3106,#3107,#3108,#3109),.UNSPECIFIED.,
.F.,.F.,(4,4),(0.E0,1.E0),.UNSPECIFIED.);
#3119=B_SPLINE_CURVE_WITH_KNOTS('',3,(#3115,#3116,#3117,#3118),.UNSPECIFIED.,
.F.,.F.,(4,4),(0.E0,1.E0),.UNSPECIFIED.);
#3136=CIRCLE('',#3135,3.837407469340E2);
#3145=CIRCLE('',#3144,3.835407469340E2);
#3162=B_SPLINE_CURVE_WITH_KNOTS('',3,(#3158,#3159,#3160,#3161),.UNSPECIFIED.,
.F.,.F.,(4,4),(0.E0,1.E0),.UNSPECIFIED.);
#3171=B_SPLINE_CURVE_WITH_KNOTS('',3,(#3167,#3168,#3169,#3170),.UNSPECIFIED.,
.F.,.F.,(4,4),(0.E0,1.E0),.UNSPECIFIED.);
#3176=B_SPLINE_CURVE_WITH_KNOTS('',3,(#3172,#3173,#3174,#3175),.UNSPECIFIED.,
.F.,.F.,(4,4),(0.E0,1.E0),.UNSPECIFIED.);
#3185=B_SPLINE_CURVE_WITH_KNOTS('',3,(#3181,#3182,#3183,#3184),.UNSPECIFIED.,
.F.,.F.,(4,4),(0.E0,1.E0),.UNSPECIFIED.);
#3190=B_SPLINE_CURVE_WITH_KNOTS('',3,(#3186,#3187,#3188,#3189),.UNSPECIFIED.,
.F.,.F.,(4,4),(0.E0,1.E0),.UNSPECIFIED.);
#3199=B_SPLINE_CURVE_WITH_KNOTS('',3,(#3195,#3196,#3197,#3198),.UNSPECIFIED.,
.F.,.F.,(4,4),(0.E0,1.E0),.UNSPECIFIED.);
#3204=CIRCLE('',#3203,3.837407469340E2);
#3213=CIRCLE('',#3212,3.835407469340E2);
#3218=B_SPLINE_CURVE_WITH_KNOTS('',3,(#3214,#3215,#3216,#3217),.UNSPECIFIED.,
.F.,.F.,(4,4),(0.E0,1.E0),.UNSPECIFIED.);
#3227=B_SPLINE_CURVE_WITH_KNOTS('',3,(#3223,#3224,#3225,#3226),.UNSPECIFIED.,
.F.,.F.,(4,4),(0.E0,1.E0),.UNSPECIFIED.);
#3232=B_SPLINE_CURVE_WITH_KNOTS('',3,(#3228,#3229,#3230,#3231),.UNSPECIFIED.,
.F.,.F.,(4,4),(0.E0,1.E0),.UNSPECIFIED.);
#3241=B_SPLINE_CURVE_WITH_KNOTS('',3,(#3237,#3238,#3239,#3240),.UNSPECIFIED.,
.F.,.F.,(4,4),(0.E0,1.E0),.UNSPECIFIED.);
#3246=B_SPLINE_CURVE_WITH_KNOTS('',3,(#3242,#3243,#3244,#3245),.UNSPECIFIED.,
.F.,.F.,(4,4),(0.E0,1.E0),.UNSPECIFIED.);
#3255=B_SPLINE_CURVE_WITH_KNOTS('',3,(#3251,#3252,#3253,#3254),.UNSPECIFIED.,
.F.,.F.,(4,4),(0.E0,1.E0),.UNSPECIFIED.);
#3272=B_SPLINE_CURVE_WITH_KNOTS('',3,(#3268,#3269,#3270,#3271),.UNSPECIFIED.,
.F.,.F.,(4,4),(0.E0,1.E0),.UNSPECIFIED.);
#3281=B_SPLINE_CURVE_WITH_KNOTS('',3,(#3277,#3278,#3279,#3280),.UNSPECIFIED.,
.F.,.F.,(4,4),(0.E0,1.E0),.UNSPECIFIED.);
#3286=B_SPLINE_CURVE_WITH_KNOTS('',3,(#3282,#3283,#3284,#3285),.UNSPECIFIED.,
.F.,.F.,(4,4),(0.E0,1.E0),.UNSPECIFIED.);
#3295=B_SPLINE_CURVE_WITH_KNOTS('',3,(#3291,#3292,#3293,#3294),.UNSPECIFIED.,
.F.,.F.,(4,4),(0.E0,1.E0),.UNSPECIFIED.);
#3300=B_SPLINE_CURVE_WITH_KNOTS('',3,(#3296,#3297,#3298,#3299),.UNSPECIFIED.,
.F.,.F.,(4,4),(0.E0,1.E0),.UNSPECIFIED.);
#3309=B_SPLINE_CURVE_WITH_KNOTS('',3,(#3305,#3306,#3307,#3308),.UNSPECIFIED.,
.F.,.F.,(4,4),(0.E0,1.E0),.UNSPECIFIED.);
#3314=CIRCLE('',#3313,3.837407469340E2);
#3323=CIRCLE('',#3322,3.835407469340E2);
#3328=B_SPLINE_CURVE_WITH_KNOTS('',3,(#3324,#3325,#3326,#3327),.UNSPECIFIED.,
.F.,.F.,(4,4),(0.E0,1.E0),.UNSPECIFIED.);
#3337=B_SPLINE_CURVE_WITH_KNOTS('',3,(#3333,#3334,#3335,#3336),.UNSPECIFIED.,
.F.,.F.,(4,4),(0.E0,1.E0),.UNSPECIFIED.);
#3342=B_SPLINE_CURVE_WITH_KNOTS('',3,(#3338,#3339,#3340,#3341),.UNSPECIFIED.,
.F.,.F.,(4,4),(0.E0,1.E0),.UNSPECIFIED.);
#3351=B_SPLINE_CURVE_WITH_KNOTS('',3,(#3347,#3348,#3349,#3350),.UNSPECIFIED.,
.F.,.F.,(4,4),(0.E0,1.E0),.UNSPECIFIED.);
#3356=B_SPLINE_CURVE_WITH_KNOTS('',3,(#3352,#3353,#3354,#3355),.UNSPECIFIED.,
.F.,.F.,(4,4),(0.E0,1.E0),.UNSPECIFIED.);
#3365=B_SPLINE_CURVE_WITH_KNOTS('',3,(#3361,#3362,#3363,#3364),.UNSPECIFIED.,
.F.,.F.,(4,4),(0.E0,1.E0),.UNSPECIFIED.);
#3370=B_SPLINE_CURVE_WITH_KNOTS('',3,(#3366,#3367,#3368,#3369),.UNSPECIFIED.,
.F.,.F.,(4,4),(0.E0,1.E0),.UNSPECIFIED.);
#3379=B_SPLINE_CURVE_WITH_KNOTS('',3,(#3375,#3376,#3377,#3378),.UNSPECIFIED.,
.F.,.F.,(4,4),(0.E0,1.E0),.UNSPECIFIED.);
#3396=B_SPLINE_CURVE_WITH_KNOTS('',3,(#3392,#3393,#3394,#3395),.UNSPECIFIED.,
.F.,.F.,(4,4),(0.E0,1.E0),.UNSPECIFIED.);
#3405=B_SPLINE_CURVE_WITH_KNOTS('',3,(#3401,#3402,#3403,#3404),.UNSPECIFIED.,
.F.,.F.,(4,4),(0.E0,1.E0),.UNSPECIFIED.);
#3410=B_SPLINE_CURVE_WITH_KNOTS('',3,(#3406,#3407,#3408,#3409),.UNSPECIFIED.,
.F.,.F.,(4,4),(0.E0,1.E0),.UNSPECIFIED.);
#3419=B_SPLINE_CURVE_WITH_KNOTS('',3,(#3415,#3416,#3417,#3418),.UNSPECIFIED.,
.F.,.F.,(4,4),(0.E0,1.E0),.UNSPECIFIED.);
#3424=B_SPLINE_CURVE_WITH_KNOTS('',3,(#3420,#3421,#3422,#3423),.UNSPECIFIED.,
.F.,.F.,(4,4),(0.E0,1.E0),.UNSPECIFIED.);
#3433=B_SPLINE_CURVE_WITH_KNOTS('',3,(#3429,#3430,#3431,#3432),.UNSPECIFIED.,
.F.,.F.,(4,4),(0.E0,1.E0),.UNSPECIFIED.);
#3438=B_SPLINE_CURVE_WITH_KNOTS('',3,(#3434,#3435,#3436,#3437),.UNSPECIFIED.,
.F.,.F.,(4,4),(0.E0,1.E0),.UNSPECIFIED.);
#3447=B_SPLINE_CURVE_WITH_KNOTS('',3,(#3443,#3444,#3445,#3446),.UNSPECIFIED.,
.F.,.F.,(4,4),(0.E0,1.E0),.UNSPECIFIED.);
#3452=CIRCLE('',#3451,3.837407469340E2);
#3461=CIRCLE('',#3460,3.835407469340E2);
#3466=B_SPLINE_CURVE_WITH_KNOTS('',3,(#3462,#3463,#3464,#3465),.UNSPECIFIED.,
.F.,.F.,(4,4),(0.E0,1.E0),.UNSPECIFIED.);
#3475=B_SPLINE_CURVE_WITH_KNOTS('',3,(#3471,#3472,#3473,#3474),.UNSPECIFIED.,
.F.,.F.,(4,4),(0.E0,1.E0),.UNSPECIFIED.);
#3480=B_SPLINE_CURVE_WITH_KNOTS('',3,(#3476,#3477,#3478,#3479),.UNSPECIFIED.,
.F.,.F.,(4,4),(0.E0,1.E0),.UNSPECIFIED.);
#3489=B_SPLINE_CURVE_WITH_KNOTS('',3,(#3485,#3486,#3487,#3488),.UNSPECIFIED.,
.F.,.F.,(4,4),(0.E0,1.E0),.UNSPECIFIED.);
#3494=B_SPLINE_CURVE_WITH_KNOTS('',3,(#3490,#3491,#3492,#3493),.UNSPECIFIED.,
.F.,.F.,(4,4),(0.E0,1.E0),.UNSPECIFIED.);
#3503=B_SPLINE_CURVE_WITH_KNOTS('',3,(#3499,#3500,#3501,#3502),.UNSPECIFIED.,
.F.,.F.,(4,4),(0.E0,1.E0),.UNSPECIFIED.);
#3508=B_SPLINE_CURVE_WITH_KNOTS('',3,(#3504,#3505,#3506,#3507),.UNSPECIFIED.,
.F.,.F.,(4,4),(0.E0,1.E0),.UNSPECIFIED.);
#3517=B_SPLINE_CURVE_WITH_KNOTS('',3,(#3513,#3514,#3515,#3516),.UNSPECIFIED.,
.F.,.F.,(4,4),(0.E0,1.E0),.UNSPECIFIED.);
#3522=CIRCLE('',#3521,3.837407469340E2);
#3531=CIRCLE('',#3530,3.835407469340E2);
#3536=B_SPLINE_CURVE_WITH_KNOTS('',3,(#3532,#3533,#3534,#3535),.UNSPECIFIED.,
.F.,.F.,(4,4),(0.E0,1.E0),.UNSPECIFIED.);
#3545=B_SPLINE_CURVE_WITH_KNOTS('',3,(#3541,#3542,#3543,#3544),.UNSPECIFIED.,
.F.,.F.,(4,4),(0.E0,1.E0),.UNSPECIFIED.);
#3550=B_SPLINE_CURVE_WITH_KNOTS('',3,(#3546,#3547,#3548,#3549),.UNSPECIFIED.,
.F.,.F.,(4,4),(0.E0,1.E0),.UNSPECIFIED.);
#3559=B_SPLINE_CURVE_WITH_KNOTS('',3,(#3555,#3556,#3557,#3558),.UNSPECIFIED.,
.F.,.F.,(4,4),(0.E0,1.E0),.UNSPECIFIED.);
#3564=B_SPLINE_CURVE_WITH_KNOTS('',3,(#3560,#3561,#3562,#3563),.UNSPECIFIED.,
.F.,.F.,(4,4),(0.E0,1.E0),.UNSPECIFIED.);
#3573=B_SPLINE_CURVE_WITH_KNOTS('',3,(#3569,#3570,#3571,#3572),.UNSPECIFIED.,
.F.,.F.,(4,4),(0.E0,1.E0),.UNSPECIFIED.);
#3578=CIRCLE('',#3577,3.837407469340E2);
#3587=CIRCLE('',#3586,3.835407469340E2);
#3592=B_SPLINE_CURVE_WITH_KNOTS('',3,(#3588,#3589,#3590,#3591),.UNSPECIFIED.,
.F.,.F.,(4,4),(0.E0,1.E0),.UNSPECIFIED.);
#3601=B_SPLINE_CURVE_WITH_KNOTS('',3,(#3597,#3598,#3599,#3600),.UNSPECIFIED.,
.F.,.F.,(4,4),(0.E0,1.E0),.UNSPECIFIED.);
#3606=B_SPLINE_CURVE_WITH_KNOTS('',3,(#3602,#3603,#3604,#3605),.UNSPECIFIED.,
.F.,.F.,(4,4),(0.E0,1.E0),.UNSPECIFIED.);
#3615=B_SPLINE_CURVE_WITH_KNOTS('',3,(#3611,#3612,#3613,#3614),.UNSPECIFIED.,
.F.,.F.,(4,4),(0.E0,1.E0),.UNSPECIFIED.);
#3620=B_SPLINE_CURVE_WITH_KNOTS('',3,(#3616,#3617,#3618,#3619),.UNSPECIFIED.,
.F.,.F.,(4,4),(0.E0,1.E0),.UNSPECIFIED.);
#3629=B_SPLINE_CURVE_WITH_KNOTS('',3,(#3625,#3626,#3627,#3628),.UNSPECIFIED.,
.F.,.F.,(4,4),(0.E0,1.E0),.UNSPECIFIED.);
#3646=B_SPLINE_CURVE_WITH_KNOTS('',3,(#3642,#3643,#3644,#3645),.UNSPECIFIED.,
.F.,.F.,(4,4),(0.E0,1.E0),.UNSPECIFIED.);
#3655=B_SPLINE_CURVE_WITH_KNOTS('',3,(#3651,#3652,#3653,#3654),.UNSPECIFIED.,
.F.,.F.,(4,4),(0.E0,1.E0),.UNSPECIFIED.);
#3660=B_SPLINE_CURVE_WITH_KNOTS('',3,(#3656,#3657,#3658,#3659),.UNSPECIFIED.,
.F.,.F.,(4,4),(0.E0,1.E0),.UNSPECIFIED.);
#3669=B_SPLINE_CURVE_WITH_KNOTS('',3,(#3665,#3666,#3667,#3668),.UNSPECIFIED.,
.F.,.F.,(4,4),(0.E0,1.E0),.UNSPECIFIED.);
#3674=B_SPLINE_CURVE_WITH_KNOTS('',3,(#3670,#3671,#3672,#3673),.UNSPECIFIED.,
.F.,.F.,(4,4),(0.E0,1.E0),.UNSPECIFIED.);
#3683=B_SPLINE_CURVE_WITH_KNOTS('',3,(#3679,#3680,#3681,#3682),.UNSPECIFIED.,
.F.,.F.,(4,4),(0.E0,1.E0),.UNSPECIFIED.);
#3688=CIRCLE('',#3687,3.837407469340E2);
#3697=CIRCLE('',#3696,3.835407469340E2);
#3702=B_SPLINE_CURVE_WITH_KNOTS('',3,(#3698,#3699,#3700,#3701),.UNSPECIFIED.,
.F.,.F.,(4,4),(0.E0,1.E0),.UNSPECIFIED.);
#3711=B_SPLINE_CURVE_WITH_KNOTS('',3,(#3707,#3708,#3709,#3710),.UNSPECIFIED.,
.F.,.F.,(4,4),(0.E0,1.E0),.UNSPECIFIED.);
#3716=B_SPLINE_CURVE_WITH_KNOTS('',3,(#3712,#3713,#3714,#3715),.UNSPECIFIED.,
.F.,.F.,(4,4),(0.E0,1.E0),.UNSPECIFIED.);
#3725=B_SPLINE_CURVE_WITH_KNOTS('',3,(#3721,#3722,#3723,#3724),.UNSPECIFIED.,
.F.,.F.,(4,4),(0.E0,1.E0),.UNSPECIFIED.);
#3730=B_SPLINE_CURVE_WITH_KNOTS('',3,(#3726,#3727,#3728,#3729),.UNSPECIFIED.,
.F.,.F.,(4,4),(0.E0,1.E0),.UNSPECIFIED.);
#3739=B_SPLINE_CURVE_WITH_KNOTS('',3,(#3735,#3736,#3737,#3738),.UNSPECIFIED.,
.F.,.F.,(4,4),(0.E0,1.E0),.UNSPECIFIED.);
#3744=B_SPLINE_CURVE_WITH_KNOTS('',3,(#3740,#3741,#3742,#3743),.UNSPECIFIED.,
.F.,.F.,(4,4),(0.E0,1.E0),.UNSPECIFIED.);
#3753=B_SPLINE_CURVE_WITH_KNOTS('',3,(#3749,#3750,#3751,#3752),.UNSPECIFIED.,
.F.,.F.,(4,4),(0.E0,1.E0),.UNSPECIFIED.);
#3770=B_SPLINE_CURVE_WITH_KNOTS('',3,(#3766,#3767,#3768,#3769),.UNSPECIFIED.,
.F.,.F.,(4,4),(0.E0,1.E0),.UNSPECIFIED.);
#3779=B_SPLINE_CURVE_WITH_KNOTS('',3,(#3775,#3776,#3777,#3778),.UNSPECIFIED.,
.F.,.F.,(4,4),(0.E0,1.E0),.UNSPECIFIED.);
#3784=B_SPLINE_CURVE_WITH_KNOTS('',3,(#3780,#3781,#3782,#3783),.UNSPECIFIED.,
.F.,.F.,(4,4),(0.E0,1.E0),.UNSPECIFIED.);
#3793=B_SPLINE_CURVE_WITH_KNOTS('',3,(#3789,#3790,#3791,#3792),.UNSPECIFIED.,
.F.,.F.,(4,4),(0.E0,1.E0),.UNSPECIFIED.);
#3798=B_SPLINE_CURVE_WITH_KNOTS('',3,(#3794,#3795,#3796,#3797),.UNSPECIFIED.,
.F.,.F.,(4,4),(0.E0,1.E0),.UNSPECIFIED.);
#3807=B_SPLINE_CURVE_WITH_KNOTS('',3,(#3803,#3804,#3805,#3806),.UNSPECIFIED.,
.F.,.F.,(4,4),(0.E0,1.E0),.UNSPECIFIED.);
#3812=B_SPLINE_CURVE_WITH_KNOTS('',3,(#3808,#3809,#3810,#3811),.UNSPECIFIED.,
.F.,.F.,(4,4),(0.E0,1.E0),.UNSPECIFIED.);
#3821=B_SPLINE_CURVE_WITH_KNOTS('',3,(#3817,#3818,#3819,#3820),.UNSPECIFIED.,
.F.,.F.,(4,4),(0.E0,1.E0),.UNSPECIFIED.);
#3826=CIRCLE('',#3825,3.837407469340E2);
#3835=CIRCLE('',#3834,3.835407469340E2);
#3840=B_SPLINE_CURVE_WITH_KNOTS('',3,(#3836,#3837,#3838,#3839),.UNSPECIFIED.,
.F.,.F.,(4,4),(0.E0,1.E0),.UNSPECIFIED.);
#3849=B_SPLINE_CURVE_WITH_KNOTS('',3,(#3845,#3846,#3847,#3848),.UNSPECIFIED.,
.F.,.F.,(4,4),(0.E0,1.E0),.UNSPECIFIED.);
#3854=B_SPLINE_CURVE_WITH_KNOTS('',3,(#3850,#3851,#3852,#3853),.UNSPECIFIED.,
.F.,.F.,(4,4),(0.E0,1.E0),.UNSPECIFIED.);
#3863=B_SPLINE_CURVE_WITH_KNOTS('',3,(#3859,#3860,#3861,#3862),.UNSPECIFIED.,
.F.,.F.,(4,4),(0.E0,1.E0),.UNSPECIFIED.);
#3868=B_SPLINE_CURVE_WITH_KNOTS('',3,(#3864,#3865,#3866,#3867),.UNSPECIFIED.,
.F.,.F.,(4,4),(0.E0,1.E0),.UNSPECIFIED.);
#3877=B_SPLINE_CURVE_WITH_KNOTS('',3,(#3873,#3874,#3875,#3876),.UNSPECIFIED.,
.F.,.F.,(4,4),(0.E0,1.E0),.UNSPECIFIED.);
#3882=B_SPLINE_CURVE_WITH_KNOTS('',3,(#3878,#3879,#3880,#3881),.UNSPECIFIED.,
.F.,.F.,(4,4),(0.E0,1.E0),.UNSPECIFIED.);
#3891=B_SPLINE_CURVE_WITH_KNOTS('',3,(#3887,#3888,#3889,#3890),.UNSPECIFIED.,
.F.,.F.,(4,4),(0.E0,1.E0),.UNSPECIFIED.);
#3896=CIRCLE('',#3895,3.837407469340E2);
#3905=CIRCLE('',#3904,3.835407469340E2);
#3910=B_SPLINE_CURVE_WITH_KNOTS('',3,(#3906,#3907,#3908,#3909),.UNSPECIFIED.,
.F.,.F.,(4,4),(0.E0,1.E0),.UNSPECIFIED.);
#3919=B_SPLINE_CURVE_WITH_KNOTS('',3,(#3915,#3916,#3917,#3918),.UNSPECIFIED.,
.F.,.F.,(4,4),(0.E0,1.E0),.UNSPECIFIED.);
#3924=B_SPLINE_CURVE_WITH_KNOTS('',3,(#3920,#3921,#3922,#3923),.UNSPECIFIED.,
.F.,.F.,(4,4),(0.E0,1.E0),.UNSPECIFIED.);
#3933=B_SPLINE_CURVE_WITH_KNOTS('',3,(#3929,#3930,#3931,#3932),.UNSPECIFIED.,
.F.,.F.,(4,4),(0.E0,1.E0),.UNSPECIFIED.);
#3938=B_SPLINE_CURVE_WITH_KNOTS('',3,(#3934,#3935,#3936,#3937),.UNSPECIFIED.,
.F.,.F.,(4,4),(0.E0,1.E0),.UNSPECIFIED.);
#3947=B_SPLINE_CURVE_WITH_KNOTS('',3,(#3943,#3944,#3945,#3946),.UNSPECIFIED.,
.F.,.F.,(4,4),(0.E0,1.E0),.UNSPECIFIED.);
#3952=B_SPLINE_CURVE_WITH_KNOTS('',3,(#3948,#3949,#3950,#3951),.UNSPECIFIED.,
.F.,.F.,(4,4),(0.E0,1.E0),.UNSPECIFIED.);
#3961=B_SPLINE_CURVE_WITH_KNOTS('',3,(#3957,#3958,#3959,#3960),.UNSPECIFIED.,
.F.,.F.,(4,4),(0.E0,1.E0),.UNSPECIFIED.);
#3978=B_SPLINE_CURVE_WITH_KNOTS('',3,(#3974,#3975,#3976,#3977),.UNSPECIFIED.,
.F.,.F.,(4,4),(0.E0,1.E0),.UNSPECIFIED.);
#3987=B_SPLINE_CURVE_WITH_KNOTS('',3,(#3983,#3984,#3985,#3986),.UNSPECIFIED.,
.F.,.F.,(4,4),(0.E0,1.E0),.UNSPECIFIED.);
#3992=B_SPLINE_CURVE_WITH_KNOTS('',3,(#3988,#3989,#3990,#3991),.UNSPECIFIED.,
.F.,.F.,(4,4),(0.E0,1.E0),.UNSPECIFIED.);
#4001=B_SPLINE_CURVE_WITH_KNOTS('',3,(#3997,#3998,#3999,#4000),.UNSPECIFIED.,
.F.,.F.,(4,4),(0.E0,1.E0),.UNSPECIFIED.);
#4006=B_SPLINE_CURVE_WITH_KNOTS('',3,(#4002,#4003,#4004,#4005),.UNSPECIFIED.,
.F.,.F.,(4,4),(0.E0,1.E0),.UNSPECIFIED.);
#4015=B_SPLINE_CURVE_WITH_KNOTS('',3,(#4011,#4012,#4013,#4014),.UNSPECIFIED.,
.F.,.F.,(4,4),(0.E0,1.E0),.UNSPECIFIED.);
#4020=B_SPLINE_CURVE_WITH_KNOTS('',3,(#4016,#4017,#4018,#4019),.UNSPECIFIED.,
.F.,.F.,(4,4),(0.E0,1.E0),.UNSPECIFIED.);
#4029=B_SPLINE_CURVE_WITH_KNOTS('',3,(#4025,#4026,#4027,#4028),.UNSPECIFIED.,
.F.,.F.,(4,4),(0.E0,1.E0),.UNSPECIFIED.);
#4034=CIRCLE('',#4033,3.837407469340E2);
#4043=CIRCLE('',#4042,3.835407469340E2);
#4060=CIRCLE('',#4059,3.837407469340E2);
#4069=CIRCLE('',#4068,3.835407469340E2);
#4074=B_SPLINE_CURVE_WITH_KNOTS('',3,(#4070,#4071,#4072,#4073),.UNSPECIFIED.,
.F.,.F.,(4,4),(0.E0,1.E0),.UNSPECIFIED.);
#4083=B_SPLINE_CURVE_WITH_KNOTS('',3,(#4079,#4080,#4081,#4082),.UNSPECIFIED.,
.F.,.F.,(4,4),(0.E0,1.E0),.UNSPECIFIED.);
#4088=B_SPLINE_CURVE_WITH_KNOTS('',3,(#4084,#4085,#4086,#4087),.UNSPECIFIED.,
.F.,.F.,(4,4),(0.E0,1.E0),.UNSPECIFIED.);
#4097=B_SPLINE_CURVE_WITH_KNOTS('',3,(#4093,#4094,#4095,#4096),.UNSPECIFIED.,
.F.,.F.,(4,4),(0.E0,1.E0),.UNSPECIFIED.);
#4102=B_SPLINE_CURVE_WITH_KNOTS('',3,(#4098,#4099,#4100,#4101),.UNSPECIFIED.,
.F.,.F.,(4,4),(0.E0,1.E0),.UNSPECIFIED.);
#4111=B_SPLINE_CURVE_WITH_KNOTS('',3,(#4107,#4108,#4109,#4110),.UNSPECIFIED.,
.F.,.F.,(4,4),(0.E0,1.E0),.UNSPECIFIED.);
#4116=B_SPLINE_CURVE_WITH_KNOTS('',3,(#4112,#4113,#4114,#4115),.UNSPECIFIED.,
.F.,.F.,(4,4),(0.E0,1.E0),.UNSPECIFIED.);
#4125=B_SPLINE_CURVE_WITH_KNOTS('',3,(#4121,#4122,#4123,#4124),.UNSPECIFIED.,
.F.,.F.,(4,4),(0.E0,1.E0),.UNSPECIFIED.);
#4142=B_SPLINE_CURVE_WITH_KNOTS('',3,(#4138,#4139,#4140,#4141),.UNSPECIFIED.,
.F.,.F.,(4,4),(0.E0,1.E0),.UNSPECIFIED.);
#4151=B_SPLINE_CURVE_WITH_KNOTS('',3,(#4147,#4148,#4149,#4150),.UNSPECIFIED.,
.F.,.F.,(4,4),(0.E0,1.E0),.UNSPECIFIED.);
#4156=B_SPLINE_CURVE_WITH_KNOTS('',3,(#4152,#4153,#4154,#4155),.UNSPECIFIED.,
.F.,.F.,(4,4),(0.E0,1.E0),.UNSPECIFIED.);
#4165=B_SPLINE_CURVE_WITH_KNOTS('',3,(#4161,#4162,#4163,#4164),.UNSPECIFIED.,
.F.,.F.,(4,4),(0.E0,1.E0),.UNSPECIFIED.);
#4170=CIRCLE('',#4169,3.837407469340E2);
#4179=CIRCLE('',#4178,3.835407469340E2);
#4196=CIRCLE('',#4195,3.837407469340E2);
#4205=CIRCLE('',#4204,3.835407469340E2);
#4210=B_SPLINE_CURVE_WITH_KNOTS('',3,(#4206,#4207,#4208,#4209),.UNSPECIFIED.,
.F.,.F.,(4,4),(0.E0,1.E0),.UNSPECIFIED.);
#4219=B_SPLINE_CURVE_WITH_KNOTS('',3,(#4215,#4216,#4217,#4218),.UNSPECIFIED.,
.F.,.F.,(4,4),(0.E0,1.E0),.UNSPECIFIED.);
#4224=B_SPLINE_CURVE_WITH_KNOTS('',3,(#4220,#4221,#4222,#4223),.UNSPECIFIED.,
.F.,.F.,(4,4),(0.E0,1.E0),.UNSPECIFIED.);
#4233=B_SPLINE_CURVE_WITH_KNOTS('',3,(#4229,#4230,#4231,#4232),.UNSPECIFIED.,
.F.,.F.,(4,4),(0.E0,1.E0),.UNSPECIFIED.);
#4238=B_SPLINE_CURVE_WITH_KNOTS('',3,(#4234,#4235,#4236,#4237),.UNSPECIFIED.,
.F.,.F.,(4,4),(0.E0,1.E0),.UNSPECIFIED.);
#4247=B_SPLINE_CURVE_WITH_KNOTS('',3,(#4243,#4244,#4245,#4246),.UNSPECIFIED.,
.F.,.F.,(4,4),(0.E0,1.E0),.UNSPECIFIED.);
#4264=B_SPLINE_CURVE_WITH_KNOTS('',3,(#4260,#4261,#4262,#4263),.UNSPECIFIED.,
.F.,.F.,(4,4),(0.E0,1.E0),.UNSPECIFIED.);
#4273=B_SPLINE_CURVE_WITH_KNOTS('',3,(#4269,#4270,#4271,#4272),.UNSPECIFIED.,
.F.,.F.,(4,4),(0.E0,1.E0),.UNSPECIFIED.);
#4278=B_SPLINE_CURVE_WITH_KNOTS('',3,(#4274,#4275,#4276,#4277),.UNSPECIFIED.,
.F.,.F.,(4,4),(0.E0,1.E0),.UNSPECIFIED.);
#4287=B_SPLINE_CURVE_WITH_KNOTS('',3,(#4283,#4284,#4285,#4286),.UNSPECIFIED.,
.F.,.F.,(4,4),(0.E0,1.E0),.UNSPECIFIED.);
#4292=B_SPLINE_CURVE_WITH_KNOTS('',3,(#4288,#4289,#4290,#4291),.UNSPECIFIED.,
.F.,.F.,(4,4),(0.E0,1.E0),.UNSPECIFIED.);
#4301=B_SPLINE_CURVE_WITH_KNOTS('',3,(#4297,#4298,#4299,#4300),.UNSPECIFIED.,
.F.,.F.,(4,4),(0.E0,1.E0),.UNSPECIFIED.);
#4306=B_SPLINE_CURVE_WITH_KNOTS('',3,(#4302,#4303,#4304,#4305),.UNSPECIFIED.,
.F.,.F.,(4,4),(0.E0,1.E0),.UNSPECIFIED.);
#4315=B_SPLINE_CURVE_WITH_KNOTS('',3,(#4311,#4312,#4313,#4314),.UNSPECIFIED.,
.F.,.F.,(4,4),(0.E0,1.E0),.UNSPECIFIED.);
#4320=B_SPLINE_CURVE_WITH_KNOTS('',3,(#4316,#4317,#4318,#4319),.UNSPECIFIED.,
.F.,.F.,(4,4),(0.E0,1.E0),.UNSPECIFIED.);
#4329=B_SPLINE_CURVE_WITH_KNOTS('',3,(#4325,#4326,#4327,#4328),.UNSPECIFIED.,
.F.,.F.,(4,4),(0.E0,1.E0),.UNSPECIFIED.);
#4334=B_SPLINE_CURVE_WITH_KNOTS('',3,(#4330,#4331,#4332,#4333),.UNSPECIFIED.,
.F.,.F.,(4,4),(0.E0,1.E0),.UNSPECIFIED.);
#4343=B_SPLINE_CURVE_WITH_KNOTS('',3,(#4339,#4340,#4341,#4342),.UNSPECIFIED.,
.F.,.F.,(4,4),(0.E0,1.E0),.UNSPECIFIED.);
#4348=CIRCLE('',#4347,3.837407469340E2);
#4357=CIRCLE('',#4356,3.835407469340E2);
#4374=CIRCLE('',#4373,3.837407469340E2);
#4383=CIRCLE('',#4382,3.835407469340E2);
#4388=B_SPLINE_CURVE_WITH_KNOTS('',3,(#4384,#4385,#4386,#4387),.UNSPECIFIED.,
.F.,.F.,(4,4),(0.E0,1.E0),.UNSPECIFIED.);
#4397=B_SPLINE_CURVE_WITH_KNOTS('',3,(#4393,#4394,#4395,#4396),.UNSPECIFIED.,
.F.,.F.,(4,4),(0.E0,1.E0),.UNSPECIFIED.);
#4402=B_SPLINE_CURVE_WITH_KNOTS('',3,(#4398,#4399,#4400,#4401),.UNSPECIFIED.,
.F.,.F.,(4,4),(0.E0,1.E0),.UNSPECIFIED.);
#4411=B_SPLINE_CURVE_WITH_KNOTS('',3,(#4407,#4408,#4409,#4410),.UNSPECIFIED.,
.F.,.F.,(4,4),(0.E0,1.E0),.UNSPECIFIED.);
#4416=B_SPLINE_CURVE_WITH_KNOTS('',3,(#4412,#4413,#4414,#4415),.UNSPECIFIED.,
.F.,.F.,(4,4),(0.E0,1.E0),.UNSPECIFIED.);
#4425=B_SPLINE_CURVE_WITH_KNOTS('',3,(#4421,#4422,#4423,#4424),.UNSPECIFIED.,
.F.,.F.,(4,4),(0.E0,1.E0),.UNSPECIFIED.);
#4442=CIRCLE('',#4441,3.837407469340E2);
#4451=CIRCLE('',#4450,3.835407469340E2);
#4456=B_SPLINE_CURVE_WITH_KNOTS('',3,(#4452,#4453,#4454,#4455),.UNSPECIFIED.,
.F.,.F.,(4,4),(0.E0,1.E0),.UNSPECIFIED.);
#4465=B_SPLINE_CURVE_WITH_KNOTS('',3,(#4461,#4462,#4463,#4464),.UNSPECIFIED.,
.F.,.F.,(4,4),(0.E0,1.E0),.UNSPECIFIED.);
#4470=B_SPLINE_CURVE_WITH_KNOTS('',3,(#4466,#4467,#4468,#4469),.UNSPECIFIED.,
.F.,.F.,(4,4),(0.E0,1.E0),.UNSPECIFIED.);
#4479=B_SPLINE_CURVE_WITH_KNOTS('',3,(#4475,#4476,#4477,#4478),.UNSPECIFIED.,
.F.,.F.,(4,4),(0.E0,1.E0),.UNSPECIFIED.);
#4484=B_SPLINE_CURVE_WITH_KNOTS('',3,(#4480,#4481,#4482,#4483),.UNSPECIFIED.,
.F.,.F.,(4,4),(0.E0,1.E0),.UNSPECIFIED.);
#4493=B_SPLINE_CURVE_WITH_KNOTS('',3,(#4489,#4490,#4491,#4492),.UNSPECIFIED.,
.F.,.F.,(4,4),(0.E0,1.E0),.UNSPECIFIED.);
#4498=B_SPLINE_CURVE_WITH_KNOTS('',3,(#4494,#4495,#4496,#4497),.UNSPECIFIED.,
.F.,.F.,(4,4),(0.E0,1.E0),.UNSPECIFIED.);
#4507=B_SPLINE_CURVE_WITH_KNOTS('',3,(#4503,#4504,#4505,#4506),.UNSPECIFIED.,
.F.,.F.,(4,4),(0.E0,1.E0),.UNSPECIFIED.);
#4512=B_SPLINE_CURVE_WITH_KNOTS('',3,(#4508,#4509,#4510,#4511),.UNSPECIFIED.,
.F.,.F.,(4,4),(0.E0,1.E0),.UNSPECIFIED.);
#4521=B_SPLINE_CURVE_WITH_KNOTS('',3,(#4517,#4518,#4519,#4520),.UNSPECIFIED.,
.F.,.F.,(4,4),(0.E0,1.E0),.UNSPECIFIED.);
#4538=B_SPLINE_CURVE_WITH_KNOTS('',3,(#4534,#4535,#4536,#4537),.UNSPECIFIED.,
.F.,.F.,(4,4),(0.E0,1.E0),.UNSPECIFIED.);
#4547=B_SPLINE_CURVE_WITH_KNOTS('',3,(#4543,#4544,#4545,#4546),.UNSPECIFIED.,
.F.,.F.,(4,4),(0.E0,1.E0),.UNSPECIFIED.);
#4552=B_SPLINE_CURVE_WITH_KNOTS('',3,(#4548,#4549,#4550,#4551),.UNSPECIFIED.,
.F.,.F.,(4,4),(0.E0,1.E0),.UNSPECIFIED.);
#4561=B_SPLINE_CURVE_WITH_KNOTS('',3,(#4557,#4558,#4559,#4560),.UNSPECIFIED.,
.F.,.F.,(4,4),(0.E0,1.E0),.UNSPECIFIED.);
#4566=B_SPLINE_CURVE_WITH_KNOTS('',3,(#4562,#4563,#4564,#4565),.UNSPECIFIED.,
.F.,.F.,(4,4),(0.E0,1.E0),.UNSPECIFIED.);
#4575=B_SPLINE_CURVE_WITH_KNOTS('',3,(#4571,#4572,#4573,#4574),.UNSPECIFIED.,
.F.,.F.,(4,4),(0.E0,1.E0),.UNSPECIFIED.);
#4580=B_SPLINE_CURVE_WITH_KNOTS('',3,(#4576,#4577,#4578,#4579),.UNSPECIFIED.,
.F.,.F.,(4,4),(0.E0,1.E0),.UNSPECIFIED.);
#4589=B_SPLINE_CURVE_WITH_KNOTS('',3,(#4585,#4586,#4587,#4588),.UNSPECIFIED.,
.F.,.F.,(4,4),(0.E0,1.E0),.UNSPECIFIED.);
#4594=B_SPLINE_CURVE_WITH_KNOTS('',3,(#4590,#4591,#4592,#4593),.UNSPECIFIED.,
.F.,.F.,(4,4),(0.E0,1.E0),.UNSPECIFIED.);
#4603=B_SPLINE_CURVE_WITH_KNOTS('',3,(#4599,#4600,#4601,#4602),.UNSPECIFIED.,
.F.,.F.,(4,4),(0.E0,1.E0),.UNSPECIFIED.);
#4608=CIRCLE('',#4607,3.837407469340E2);
#4617=CIRCLE('',#4616,3.835407469340E2);
#4646=CIRCLE('',#4645,3.837407469340E2);
#4655=CIRCLE('',#4654,3.835407469340E2);
#4660=B_SPLINE_CURVE_WITH_KNOTS('',3,(#4656,#4657,#4658,#4659),.UNSPECIFIED.,
.F.,.F.,(4,4),(0.E0,1.E0),.UNSPECIFIED.);
#4669=B_SPLINE_CURVE_WITH_KNOTS('',3,(#4665,#4666,#4667,#4668),.UNSPECIFIED.,
.F.,.F.,(4,4),(0.E0,1.E0),.UNSPECIFIED.);
#4674=B_SPLINE_CURVE_WITH_KNOTS('',3,(#4670,#4671,#4672,#4673),.UNSPECIFIED.,
.F.,.F.,(4,4),(0.E0,1.E0),.UNSPECIFIED.);
#4683=B_SPLINE_CURVE_WITH_KNOTS('',3,(#4679,#4680,#4681,#4682),.UNSPECIFIED.,
.F.,.F.,(4,4),(0.E0,1.E0),.UNSPECIFIED.);
#4688=B_SPLINE_CURVE_WITH_KNOTS('',3,(#4684,#4685,#4686,#4687),.UNSPECIFIED.,
.F.,.F.,(4,4),(0.E0,1.E0),.UNSPECIFIED.);
#4697=B_SPLINE_CURVE_WITH_KNOTS('',3,(#4693,#4694,#4695,#4696),.UNSPECIFIED.,
.F.,.F.,(4,4),(0.E0,1.E0),.UNSPECIFIED.);
#4702=B_SPLINE_CURVE_WITH_KNOTS('',3,(#4698,#4699,#4700,#4701),.UNSPECIFIED.,
.F.,.F.,(4,4),(0.E0,1.E0),.UNSPECIFIED.);
#4711=B_SPLINE_CURVE_WITH_KNOTS('',3,(#4707,#4708,#4709,#4710),.UNSPECIFIED.,
.F.,.F.,(4,4),(0.E0,1.E0),.UNSPECIFIED.);
#4728=B_SPLINE_CURVE_WITH_KNOTS('',3,(#4724,#4725,#4726,#4727),.UNSPECIFIED.,
.F.,.F.,(4,4),(0.E0,1.E0),.UNSPECIFIED.);
#4737=B_SPLINE_CURVE_WITH_KNOTS('',3,(#4733,#4734,#4735,#4736),.UNSPECIFIED.,
.F.,.F.,(4,4),(0.E0,1.E0),.UNSPECIFIED.);
#4742=B_SPLINE_CURVE_WITH_KNOTS('',3,(#4738,#4739,#4740,#4741),.UNSPECIFIED.,
.F.,.F.,(4,4),(0.E0,1.E0),.UNSPECIFIED.);
#4751=B_SPLINE_CURVE_WITH_KNOTS('',3,(#4747,#4748,#4749,#4750),.UNSPECIFIED.,
.F.,.F.,(4,4),(0.E0,1.E0),.UNSPECIFIED.);
#4756=B_SPLINE_CURVE_WITH_KNOTS('',3,(#4752,#4753,#4754,#4755),.UNSPECIFIED.,
.F.,.F.,(4,4),(0.E0,1.E0),.UNSPECIFIED.);
#4765=B_SPLINE_CURVE_WITH_KNOTS('',3,(#4761,#4762,#4763,#4764),.UNSPECIFIED.,
.F.,.F.,(4,4),(0.E0,1.E0),.UNSPECIFIED.);
#4770=B_SPLINE_CURVE_WITH_KNOTS('',3,(#4766,#4767,#4768,#4769),.UNSPECIFIED.,
.F.,.F.,(4,4),(0.E0,1.E0),.UNSPECIFIED.);
#4779=B_SPLINE_CURVE_WITH_KNOTS('',3,(#4775,#4776,#4777,#4778),.UNSPECIFIED.,
.F.,.F.,(4,4),(0.E0,1.E0),.UNSPECIFIED.);
#4784=CIRCLE('',#4783,3.837407469340E2);
#4793=CIRCLE('',#4792,3.835407469340E2);
#4798=B_SPLINE_CURVE_WITH_KNOTS('',3,(#4794,#4795,#4796,#4797),.UNSPECIFIED.,
.F.,.F.,(4,4),(0.E0,1.E0),.UNSPECIFIED.);
#4807=B_SPLINE_CURVE_WITH_KNOTS('',3,(#4803,#4804,#4805,#4806),.UNSPECIFIED.,
.F.,.F.,(4,4),(0.E0,1.E0),.UNSPECIFIED.);
#4812=B_SPLINE_CURVE_WITH_KNOTS('',3,(#4808,#4809,#4810,#4811),.UNSPECIFIED.,
.F.,.F.,(4,4),(0.E0,1.E0),.UNSPECIFIED.);
#4821=B_SPLINE_CURVE_WITH_KNOTS('',3,(#4817,#4818,#4819,#4820),.UNSPECIFIED.,
.F.,.F.,(4,4),(0.E0,1.E0),.UNSPECIFIED.);
#4826=B_SPLINE_CURVE_WITH_KNOTS('',3,(#4822,#4823,#4824,#4825),.UNSPECIFIED.,
.F.,.F.,(4,4),(0.E0,1.E0),.UNSPECIFIED.);
#4835=B_SPLINE_CURVE_WITH_KNOTS('',3,(#4831,#4832,#4833,#4834),.UNSPECIFIED.,
.F.,.F.,(4,4),(0.E0,1.E0),.UNSPECIFIED.);
#4840=CIRCLE('',#4839,3.837407469340E2);
#4849=CIRCLE('',#4848,3.835407469340E2);
#4854=B_SPLINE_CURVE_WITH_KNOTS('',3,(#4850,#4851,#4852,#4853),.UNSPECIFIED.,
.F.,.F.,(4,4),(0.E0,1.E0),.UNSPECIFIED.);
#4863=B_SPLINE_CURVE_WITH_KNOTS('',3,(#4859,#4860,#4861,#4862),.UNSPECIFIED.,
.F.,.F.,(4,4),(0.E0,1.E0),.UNSPECIFIED.);
#4868=B_SPLINE_CURVE_WITH_KNOTS('',3,(#4864,#4865,#4866,#4867),.UNSPECIFIED.,
.F.,.F.,(4,4),(0.E0,1.E0),.UNSPECIFIED.);
#4877=B_SPLINE_CURVE_WITH_KNOTS('',3,(#4873,#4874,#4875,#4876),.UNSPECIFIED.,
.F.,.F.,(4,4),(0.E0,1.E0),.UNSPECIFIED.);
#4882=B_SPLINE_CURVE_WITH_KNOTS('',3,(#4878,#4879,#4880,#4881),.UNSPECIFIED.,
.F.,.F.,(4,4),(0.E0,1.E0),.UNSPECIFIED.);
#4891=B_SPLINE_CURVE_WITH_KNOTS('',3,(#4887,#4888,#4889,#4890),.UNSPECIFIED.,
.F.,.F.,(4,4),(0.E0,1.E0),.UNSPECIFIED.);
#4908=B_SPLINE_CURVE_WITH_KNOTS('',3,(#4904,#4905,#4906,#4907),.UNSPECIFIED.,
.F.,.F.,(4,4),(0.E0,1.E0),.UNSPECIFIED.);
#4917=B_SPLINE_CURVE_WITH_KNOTS('',3,(#4913,#4914,#4915,#4916),.UNSPECIFIED.,
.F.,.F.,(4,4),(0.E0,1.E0),.UNSPECIFIED.);
#4922=B_SPLINE_CURVE_WITH_KNOTS('',3,(#4918,#4919,#4920,#4921),.UNSPECIFIED.,
.F.,.F.,(4,4),(0.E0,1.E0),.UNSPECIFIED.);
#4931=B_SPLINE_CURVE_WITH_KNOTS('',3,(#4927,#4928,#4929,#4930),.UNSPECIFIED.,
.F.,.F.,(4,4),(0.E0,1.E0),.UNSPECIFIED.);
#4936=B_SPLINE_CURVE_WITH_KNOTS('',3,(#4932,#4933,#4934,#4935),.UNSPECIFIED.,
.F.,.F.,(4,4),(0.E0,1.E0),.UNSPECIFIED.);
#4945=B_SPLINE_CURVE_WITH_KNOTS('',3,(#4941,#4942,#4943,#4944),.UNSPECIFIED.,
.F.,.F.,(4,4),(0.E0,1.E0),.UNSPECIFIED.);
#4950=CIRCLE('',#4949,3.837407469340E2);
#4959=CIRCLE('',#4958,3.835407469340E2);
#4964=B_SPLINE_CURVE_WITH_KNOTS('',3,(#4960,#4961,#4962,#4963),.UNSPECIFIED.,
.F.,.F.,(4,4),(0.E0,1.E0),.UNSPECIFIED.);
#4973=B_SPLINE_CURVE_WITH_KNOTS('',3,(#4969,#4970,#4971,#4972),.UNSPECIFIED.,
.F.,.F.,(4,4),(0.E0,1.E0),.UNSPECIFIED.);
#4978=B_SPLINE_CURVE_WITH_KNOTS('',3,(#4974,#4975,#4976,#4977),.UNSPECIFIED.,
.F.,.F.,(4,4),(0.E0,1.E0),.UNSPECIFIED.);
#4987=B_SPLINE_CURVE_WITH_KNOTS('',3,(#4983,#4984,#4985,#4986),.UNSPECIFIED.,
.F.,.F.,(4,4),(0.E0,1.E0),.UNSPECIFIED.);
#4992=B_SPLINE_CURVE_WITH_KNOTS('',3,(#4988,#4989,#4990,#4991),.UNSPECIFIED.,
.F.,.F.,(4,4),(0.E0,1.E0),.UNSPECIFIED.);
#5001=B_SPLINE_CURVE_WITH_KNOTS('',3,(#4997,#4998,#4999,#5000),.UNSPECIFIED.,
.F.,.F.,(4,4),(0.E0,1.E0),.UNSPECIFIED.);
#5006=B_SPLINE_CURVE_WITH_KNOTS('',3,(#5002,#5003,#5004,#5005),.UNSPECIFIED.,
.F.,.F.,(4,4),(0.E0,1.E0),.UNSPECIFIED.);
#5015=B_SPLINE_CURVE_WITH_KNOTS('',3,(#5011,#5012,#5013,#5014),.UNSPECIFIED.,
.F.,.F.,(4,4),(0.E0,1.E0),.UNSPECIFIED.);
#5032=B_SPLINE_CURVE_WITH_KNOTS('',3,(#5028,#5029,#5030,#5031),.UNSPECIFIED.,
.F.,.F.,(4,4),(0.E0,1.E0),.UNSPECIFIED.);
#5041=B_SPLINE_CURVE_WITH_KNOTS('',3,(#5037,#5038,#5039,#5040),.UNSPECIFIED.,
.F.,.F.,(4,4),(0.E0,1.E0),.UNSPECIFIED.);
#5046=B_SPLINE_CURVE_WITH_KNOTS('',3,(#5042,#5043,#5044,#5045),.UNSPECIFIED.,
.F.,.F.,(4,4),(0.E0,1.E0),.UNSPECIFIED.);
#5055=B_SPLINE_CURVE_WITH_KNOTS('',3,(#5051,#5052,#5053,#5054),.UNSPECIFIED.,
.F.,.F.,(4,4),(0.E0,1.E0),.UNSPECIFIED.);
#5060=B_SPLINE_CURVE_WITH_KNOTS('',3,(#5056,#5057,#5058,#5059),.UNSPECIFIED.,
.F.,.F.,(4,4),(0.E0,1.E0),.UNSPECIFIED.);
#5069=B_SPLINE_CURVE_WITH_KNOTS('',3,(#5065,#5066,#5067,#5068),.UNSPECIFIED.,
.F.,.F.,(4,4),(0.E0,1.E0),.UNSPECIFIED.);
#5074=B_SPLINE_CURVE_WITH_KNOTS('',3,(#5070,#5071,#5072,#5073),.UNSPECIFIED.,
.F.,.F.,(4,4),(0.E0,1.E0),.UNSPECIFIED.);
#5083=B_SPLINE_CURVE_WITH_KNOTS('',3,(#5079,#5080,#5081,#5082),.UNSPECIFIED.,
.F.,.F.,(4,4),(0.E0,1.E0),.UNSPECIFIED.);
#5088=CIRCLE('',#5087,3.837407469340E2);
#5097=CIRCLE('',#5096,3.835407469340E2);
#5102=B_SPLINE_CURVE_WITH_KNOTS('',3,(#5098,#5099,#5100,#5101),.UNSPECIFIED.,
.F.,.F.,(4,4),(0.E0,1.E0),.UNSPECIFIED.);
#5111=B_SPLINE_CURVE_WITH_KNOTS('',3,(#5107,#5108,#5109,#5110),.UNSPECIFIED.,
.F.,.F.,(4,4),(0.E0,1.E0),.UNSPECIFIED.);
#5116=B_SPLINE_CURVE_WITH_KNOTS('',3,(#5112,#5113,#5114,#5115),.UNSPECIFIED.,
.F.,.F.,(4,4),(0.E0,1.E0),.UNSPECIFIED.);
#5125=B_SPLINE_CURVE_WITH_KNOTS('',3,(#5121,#5122,#5123,#5124),.UNSPECIFIED.,
.F.,.F.,(4,4),(0.E0,1.E0),.UNSPECIFIED.);
#5130=B_SPLINE_CURVE_WITH_KNOTS('',3,(#5126,#5127,#5128,#5129),.UNSPECIFIED.,
.F.,.F.,(4,4),(0.E0,1.E0),.UNSPECIFIED.);
#5139=B_SPLINE_CURVE_WITH_KNOTS('',3,(#5135,#5136,#5137,#5138),.UNSPECIFIED.,
.F.,.F.,(4,4),(0.E0,1.E0),.UNSPECIFIED.);
#5144=B_SPLINE_CURVE_WITH_KNOTS('',3,(#5140,#5141,#5142,#5143),.UNSPECIFIED.,
.F.,.F.,(4,4),(0.E0,1.E0),.UNSPECIFIED.);
#5153=B_SPLINE_CURVE_WITH_KNOTS('',3,(#5149,#5150,#5151,#5152),.UNSPECIFIED.,
.F.,.F.,(4,4),(0.E0,1.E0),.UNSPECIFIED.);
#5158=CIRCLE('',#5157,3.837407469340E2);
#5167=CIRCLE('',#5166,3.835407469340E2);
#5172=B_SPLINE_CURVE_WITH_KNOTS('',3,(#5168,#5169,#5170,#5171),.UNSPECIFIED.,
.F.,.F.,(4,4),(0.E0,1.E0),.UNSPECIFIED.);
#5181=B_SPLINE_CURVE_WITH_KNOTS('',3,(#5177,#5178,#5179,#5180),.UNSPECIFIED.,
.F.,.F.,(4,4),(0.E0,1.E0),.UNSPECIFIED.);
#5186=B_SPLINE_CURVE_WITH_KNOTS('',3,(#5182,#5183,#5184,#5185),.UNSPECIFIED.,
.F.,.F.,(4,4),(0.E0,1.E0),.UNSPECIFIED.);
#5195=B_SPLINE_CURVE_WITH_KNOTS('',3,(#5191,#5192,#5193,#5194),.UNSPECIFIED.,
.F.,.F.,(4,4),(0.E0,1.E0),.UNSPECIFIED.);
#5200=B_SPLINE_CURVE_WITH_KNOTS('',3,(#5196,#5197,#5198,#5199),.UNSPECIFIED.,
.F.,.F.,(4,4),(0.E0,1.E0),.UNSPECIFIED.);
#5209=B_SPLINE_CURVE_WITH_KNOTS('',3,(#5205,#5206,#5207,#5208),.UNSPECIFIED.,
.F.,.F.,(4,4),(0.E0,1.E0),.UNSPECIFIED.);
#5214=CIRCLE('',#5213,3.837407469340E2);
#5223=CIRCLE('',#5222,3.835407469340E2);
#5228=B_SPLINE_CURVE_WITH_KNOTS('',3,(#5224,#5225,#5226,#5227),.UNSPECIFIED.,
.F.,.F.,(4,4),(0.E0,1.E0),.UNSPECIFIED.);
#5237=B_SPLINE_CURVE_WITH_KNOTS('',3,(#5233,#5234,#5235,#5236),.UNSPECIFIED.,
.F.,.F.,(4,4),(0.E0,1.E0),.UNSPECIFIED.);
#5242=B_SPLINE_CURVE_WITH_KNOTS('',3,(#5238,#5239,#5240,#5241),.UNSPECIFIED.,
.F.,.F.,(4,4),(0.E0,1.E0),.UNSPECIFIED.);
#5251=B_SPLINE_CURVE_WITH_KNOTS('',3,(#5247,#5248,#5249,#5250),.UNSPECIFIED.,
.F.,.F.,(4,4),(0.E0,1.E0),.UNSPECIFIED.);
#5256=B_SPLINE_CURVE_WITH_KNOTS('',3,(#5252,#5253,#5254,#5255),.UNSPECIFIED.,
.F.,.F.,(4,4),(0.E0,1.E0),.UNSPECIFIED.);
#5265=B_SPLINE_CURVE_WITH_KNOTS('',3,(#5261,#5262,#5263,#5264),.UNSPECIFIED.,
.F.,.F.,(4,4),(0.E0,1.E0),.UNSPECIFIED.);
#5282=B_SPLINE_CURVE_WITH_KNOTS('',3,(#5278,#5279,#5280,#5281),.UNSPECIFIED.,
.F.,.F.,(4,4),(0.E0,1.E0),.UNSPECIFIED.);
#5291=B_SPLINE_CURVE_WITH_KNOTS('',3,(#5287,#5288,#5289,#5290),.UNSPECIFIED.,
.F.,.F.,(4,4),(0.E0,1.E0),.UNSPECIFIED.);
#5296=B_SPLINE_CURVE_WITH_KNOTS('',3,(#5292,#5293,#5294,#5295),.UNSPECIFIED.,
.F.,.F.,(4,4),(0.E0,1.E0),.UNSPECIFIED.);
#5305=B_SPLINE_CURVE_WITH_KNOTS('',3,(#5301,#5302,#5303,#5304),.UNSPECIFIED.,
.F.,.F.,(4,4),(0.E0,1.E0),.UNSPECIFIED.);
#5310=B_SPLINE_CURVE_WITH_KNOTS('',3,(#5306,#5307,#5308,#5309),.UNSPECIFIED.,
.F.,.F.,(4,4),(0.E0,1.E0),.UNSPECIFIED.);
#5319=B_SPLINE_CURVE_WITH_KNOTS('',3,(#5315,#5316,#5317,#5318),.UNSPECIFIED.,
.F.,.F.,(4,4),(0.E0,1.E0),.UNSPECIFIED.);
#5324=CIRCLE('',#5323,3.837407469340E2);
#5333=CIRCLE('',#5332,3.835407469340E2);
#5338=B_SPLINE_CURVE_WITH_KNOTS('',3,(#5334,#5335,#5336,#5337),.UNSPECIFIED.,
.F.,.F.,(4,4),(0.E0,1.E0),.UNSPECIFIED.);
#5347=B_SPLINE_CURVE_WITH_KNOTS('',3,(#5343,#5344,#5345,#5346),.UNSPECIFIED.,
.F.,.F.,(4,4),(0.E0,1.E0),.UNSPECIFIED.);
#5352=B_SPLINE_CURVE_WITH_KNOTS('',3,(#5348,#5349,#5350,#5351),.UNSPECIFIED.,
.F.,.F.,(4,4),(0.E0,1.E0),.UNSPECIFIED.);
#5361=B_SPLINE_CURVE_WITH_KNOTS('',3,(#5357,#5358,#5359,#5360),.UNSPECIFIED.,
.F.,.F.,(4,4),(0.E0,1.E0),.UNSPECIFIED.);
#5366=B_SPLINE_CURVE_WITH_KNOTS('',3,(#5362,#5363,#5364,#5365),.UNSPECIFIED.,
.F.,.F.,(4,4),(0.E0,1.E0),.UNSPECIFIED.);
#5375=B_SPLINE_CURVE_WITH_KNOTS('',3,(#5371,#5372,#5373,#5374),.UNSPECIFIED.,
.F.,.F.,(4,4),(0.E0,1.E0),.UNSPECIFIED.);
#5380=B_SPLINE_CURVE_WITH_KNOTS('',3,(#5376,#5377,#5378,#5379),.UNSPECIFIED.,
.F.,.F.,(4,4),(0.E0,1.E0),.UNSPECIFIED.);
#5389=B_SPLINE_CURVE_WITH_KNOTS('',3,(#5385,#5386,#5387,#5388),.UNSPECIFIED.,
.F.,.F.,(4,4),(0.E0,1.E0),.UNSPECIFIED.);
#5406=B_SPLINE_CURVE_WITH_KNOTS('',3,(#5402,#5403,#5404,#5405),.UNSPECIFIED.,
.F.,.F.,(4,4),(0.E0,1.E0),.UNSPECIFIED.);
#5415=B_SPLINE_CURVE_WITH_KNOTS('',3,(#5411,#5412,#5413,#5414),.UNSPECIFIED.,
.F.,.F.,(4,4),(0.E0,1.E0),.UNSPECIFIED.);
#5420=B_SPLINE_CURVE_WITH_KNOTS('',3,(#5416,#5417,#5418,#5419),.UNSPECIFIED.,
.F.,.F.,(4,4),(0.E0,1.E0),.UNSPECIFIED.);
#5429=B_SPLINE_CURVE_WITH_KNOTS('',3,(#5425,#5426,#5427,#5428),.UNSPECIFIED.,
.F.,.F.,(4,4),(0.E0,1.E0),.UNSPECIFIED.);
#5434=B_SPLINE_CURVE_WITH_KNOTS('',3,(#5430,#5431,#5432,#5433),.UNSPECIFIED.,
.F.,.F.,(4,4),(0.E0,1.E0),.UNSPECIFIED.);
#5443=B_SPLINE_CURVE_WITH_KNOTS('',3,(#5439,#5440,#5441,#5442),.UNSPECIFIED.,
.F.,.F.,(4,4),(0.E0,1.E0),.UNSPECIFIED.);
#5448=B_SPLINE_CURVE_WITH_KNOTS('',3,(#5444,#5445,#5446,#5447),.UNSPECIFIED.,
.F.,.F.,(4,4),(0.E0,1.E0),.UNSPECIFIED.);
#5457=B_SPLINE_CURVE_WITH_KNOTS('',3,(#5453,#5454,#5455,#5456),.UNSPECIFIED.,
.F.,.F.,(4,4),(0.E0,1.E0),.UNSPECIFIED.);
#5462=CIRCLE('',#5461,3.837407469340E2);
#5471=CIRCLE('',#5470,3.835407469340E2);
#5476=B_SPLINE_CURVE_WITH_KNOTS('',3,(#5472,#5473,#5474,#5475),.UNSPECIFIED.,
.F.,.F.,(4,4),(0.E0,1.E0),.UNSPECIFIED.);
#5485=B_SPLINE_CURVE_WITH_KNOTS('',3,(#5481,#5482,#5483,#5484),.UNSPECIFIED.,
.F.,.F.,(4,4),(0.E0,1.E0),.UNSPECIFIED.);
#5490=B_SPLINE_CURVE_WITH_KNOTS('',3,(#5486,#5487,#5488,#5489),.UNSPECIFIED.,
.F.,.F.,(4,4),(0.E0,1.E0),.UNSPECIFIED.);
#5499=B_SPLINE_CURVE_WITH_KNOTS('',3,(#5495,#5496,#5497,#5498),.UNSPECIFIED.,
.F.,.F.,(4,4),(0.E0,1.E0),.UNSPECIFIED.);
#5504=B_SPLINE_CURVE_WITH_KNOTS('',3,(#5500,#5501,#5502,#5503),.UNSPECIFIED.,
.F.,.F.,(4,4),(0.E0,1.E0),.UNSPECIFIED.);
#5513=B_SPLINE_CURVE_WITH_KNOTS('',3,(#5509,#5510,#5511,#5512),.UNSPECIFIED.,
.F.,.F.,(4,4),(0.E0,1.E0),.UNSPECIFIED.);
#5518=B_SPLINE_CURVE_WITH_KNOTS('',3,(#5514,#5515,#5516,#5517),.UNSPECIFIED.,
.F.,.F.,(4,4),(0.E0,1.E0),.UNSPECIFIED.);
#5527=B_SPLINE_CURVE_WITH_KNOTS('',3,(#5523,#5524,#5525,#5526),.UNSPECIFIED.,
.F.,.F.,(4,4),(0.E0,1.E0),.UNSPECIFIED.);
#5532=CIRCLE('',#5531,3.837407469340E2);
#5541=CIRCLE('',#5540,3.835407469340E2);
#5546=CIRCLE('',#5545,3.837407469340E2);
#5555=CIRCLE('',#5554,3.835407469340E2);
#5560=B_SPLINE_CURVE_WITH_KNOTS('',3,(#5556,#5557,#5558,#5559),.UNSPECIFIED.,
.F.,.F.,(4,4),(0.E0,1.E0),.UNSPECIFIED.);
#5569=B_SPLINE_CURVE_WITH_KNOTS('',3,(#5565,#5566,#5567,#5568),.UNSPECIFIED.,
.F.,.F.,(4,4),(0.E0,1.E0),.UNSPECIFIED.);
#5574=B_SPLINE_CURVE_WITH_KNOTS('',3,(#5570,#5571,#5572,#5573),.UNSPECIFIED.,
.F.,.F.,(4,4),(0.E0,1.E0),.UNSPECIFIED.);
#5583=B_SPLINE_CURVE_WITH_KNOTS('',3,(#5579,#5580,#5581,#5582),.UNSPECIFIED.,
.F.,.F.,(4,4),(0.E0,1.E0),.UNSPECIFIED.);
#5588=B_SPLINE_CURVE_WITH_KNOTS('',3,(#5584,#5585,#5586,#5587),.UNSPECIFIED.,
.F.,.F.,(4,4),(0.E0,1.E0),.UNSPECIFIED.);
#5597=B_SPLINE_CURVE_WITH_KNOTS('',3,(#5593,#5594,#5595,#5596),.UNSPECIFIED.,
.F.,.F.,(4,4),(0.E0,1.E0),.UNSPECIFIED.);
#5602=B_SPLINE_CURVE_WITH_KNOTS('',3,(#5598,#5599,#5600,#5601),.UNSPECIFIED.,
.F.,.F.,(4,4),(0.E0,1.E0),.UNSPECIFIED.);
#5611=B_SPLINE_CURVE_WITH_KNOTS('',3,(#5607,#5608,#5609,#5610),.UNSPECIFIED.,
.F.,.F.,(4,4),(0.E0,1.E0),.UNSPECIFIED.);
#5616=CIRCLE('',#5615,3.837407469340E2);
#5625=CIRCLE('',#5624,3.835407469340E2);
#5630=B_SPLINE_CURVE_WITH_KNOTS('',3,(#5626,#5627,#5628,#5629),.UNSPECIFIED.,
.F.,.F.,(4,4),(0.E0,1.E0),.UNSPECIFIED.);
#5639=B_SPLINE_CURVE_WITH_KNOTS('',3,(#5635,#5636,#5637,#5638),.UNSPECIFIED.,
.F.,.F.,(4,4),(0.E0,1.E0),.UNSPECIFIED.);
#5644=B_SPLINE_CURVE_WITH_KNOTS('',3,(#5640,#5641,#5642,#5643),.UNSPECIFIED.,
.F.,.F.,(4,4),(0.E0,1.E0),.UNSPECIFIED.);
#5653=B_SPLINE_CURVE_WITH_KNOTS('',3,(#5649,#5650,#5651,#5652),.UNSPECIFIED.,
.F.,.F.,(4,4),(0.E0,1.E0),.UNSPECIFIED.);
#5658=B_SPLINE_CURVE_WITH_KNOTS('',3,(#5654,#5655,#5656,#5657),.UNSPECIFIED.,
.F.,.F.,(4,4),(0.E0,1.E0),.UNSPECIFIED.);
#5667=B_SPLINE_CURVE_WITH_KNOTS('',3,(#5663,#5664,#5665,#5666),.UNSPECIFIED.,
.F.,.F.,(4,4),(0.E0,1.E0),.UNSPECIFIED.);
#5672=B_SPLINE_CURVE_WITH_KNOTS('',3,(#5668,#5669,#5670,#5671),.UNSPECIFIED.,
.F.,.F.,(4,4),(0.E0,1.E0),.UNSPECIFIED.);
#5681=B_SPLINE_CURVE_WITH_KNOTS('',3,(#5677,#5678,#5679,#5680),.UNSPECIFIED.,
.F.,.F.,(4,4),(0.E0,1.E0),.UNSPECIFIED.);
#5686=B_SPLINE_CURVE_WITH_KNOTS('',3,(#5682,#5683,#5684,#5685),.UNSPECIFIED.,
.F.,.F.,(4,4),(0.E0,1.E0),.UNSPECIFIED.);
#5695=B_SPLINE_CURVE_WITH_KNOTS('',3,(#5691,#5692,#5693,#5694),.UNSPECIFIED.,
.F.,.F.,(4,4),(0.E0,1.E0),.UNSPECIFIED.);
#5712=B_SPLINE_CURVE_WITH_KNOTS('',3,(#5708,#5709,#5710,#5711),.UNSPECIFIED.,
.F.,.F.,(4,4),(0.E0,1.E0),.UNSPECIFIED.);
#5721=B_SPLINE_CURVE_WITH_KNOTS('',3,(#5717,#5718,#5719,#5720),.UNSPECIFIED.,
.F.,.F.,(4,4),(0.E0,1.E0),.UNSPECIFIED.);
#5726=B_SPLINE_CURVE_WITH_KNOTS('',3,(#5722,#5723,#5724,#5725),.UNSPECIFIED.,
.F.,.F.,(4,4),(0.E0,1.E0),.UNSPECIFIED.);
#5735=B_SPLINE_CURVE_WITH_KNOTS('',3,(#5731,#5732,#5733,#5734),.UNSPECIFIED.,
.F.,.F.,(4,4),(0.E0,1.E0),.UNSPECIFIED.);
#5740=B_SPLINE_CURVE_WITH_KNOTS('',3,(#5736,#5737,#5738,#5739),.UNSPECIFIED.,
.F.,.F.,(4,4),(0.E0,1.E0),.UNSPECIFIED.);
#5749=B_SPLINE_CURVE_WITH_KNOTS('',3,(#5745,#5746,#5747,#5748),.UNSPECIFIED.,
.F.,.F.,(4,4),(0.E0,1.E0),.UNSPECIFIED.);
#5754=B_SPLINE_CURVE_WITH_KNOTS('',3,(#5750,#5751,#5752,#5753),.UNSPECIFIED.,
.F.,.F.,(4,4),(0.E0,1.E0),.UNSPECIFIED.);
#5763=B_SPLINE_CURVE_WITH_KNOTS('',3,(#5759,#5760,#5761,#5762),.UNSPECIFIED.,
.F.,.F.,(4,4),(0.E0,1.E0),.UNSPECIFIED.);
#5768=B_SPLINE_CURVE_WITH_KNOTS('',3,(#5764,#5765,#5766,#5767),.UNSPECIFIED.,
.F.,.F.,(4,4),(0.E0,1.E0),.UNSPECIFIED.);
#5777=B_SPLINE_CURVE_WITH_KNOTS('',3,(#5773,#5774,#5775,#5776),.UNSPECIFIED.,
.F.,.F.,(4,4),(0.E0,1.E0),.UNSPECIFIED.);
#5782=CIRCLE('',#5781,3.837407469340E2);
#5791=CIRCLE('',#5790,3.835407469340E2);
#5796=B_SPLINE_CURVE_WITH_KNOTS('',3,(#5792,#5793,#5794,#5795),.UNSPECIFIED.,
.F.,.F.,(4,4),(0.E0,1.E0),.UNSPECIFIED.);
#5805=B_SPLINE_CURVE_WITH_KNOTS('',3,(#5801,#5802,#5803,#5804),.UNSPECIFIED.,
.F.,.F.,(4,4),(0.E0,1.E0),.UNSPECIFIED.);
#5810=B_SPLINE_CURVE_WITH_KNOTS('',3,(#5806,#5807,#5808,#5809),.UNSPECIFIED.,
.F.,.F.,(4,4),(0.E0,1.E0),.UNSPECIFIED.);
#5819=B_SPLINE_CURVE_WITH_KNOTS('',3,(#5815,#5816,#5817,#5818),.UNSPECIFIED.,
.F.,.F.,(4,4),(0.E0,1.E0),.UNSPECIFIED.);
#5824=B_SPLINE_CURVE_WITH_KNOTS('',3,(#5820,#5821,#5822,#5823),.UNSPECIFIED.,
.F.,.F.,(4,4),(0.E0,1.E0),.UNSPECIFIED.);
#5833=B_SPLINE_CURVE_WITH_KNOTS('',3,(#5829,#5830,#5831,#5832),.UNSPECIFIED.,
.F.,.F.,(4,4),(0.E0,1.E0),.UNSPECIFIED.);
#5838=B_SPLINE_CURVE_WITH_KNOTS('',3,(#5834,#5835,#5836,#5837),.UNSPECIFIED.,
.F.,.F.,(4,4),(0.E0,1.E0),.UNSPECIFIED.);
#5847=B_SPLINE_CURVE_WITH_KNOTS('',3,(#5843,#5844,#5845,#5846),.UNSPECIFIED.,
.F.,.F.,(4,4),(0.E0,1.E0),.UNSPECIFIED.);
#5852=CIRCLE('',#5851,3.837407469340E2);
#5861=CIRCLE('',#5860,3.835407469340E2);
#5866=B_SPLINE_CURVE_WITH_KNOTS('',3,(#5862,#5863,#5864,#5865),.UNSPECIFIED.,
.F.,.F.,(4,4),(0.E0,1.E0),.UNSPECIFIED.);
#5875=B_SPLINE_CURVE_WITH_KNOTS('',3,(#5871,#5872,#5873,#5874),.UNSPECIFIED.,
.F.,.F.,(4,4),(0.E0,1.E0),.UNSPECIFIED.);
#5880=B_SPLINE_CURVE_WITH_KNOTS('',3,(#5876,#5877,#5878,#5879),.UNSPECIFIED.,
.F.,.F.,(4,4),(0.E0,1.E0),.UNSPECIFIED.);
#5889=B_SPLINE_CURVE_WITH_KNOTS('',3,(#5885,#5886,#5887,#5888),.UNSPECIFIED.,
.F.,.F.,(4,4),(0.E0,1.E0),.UNSPECIFIED.);
#5894=B_SPLINE_CURVE_WITH_KNOTS('',3,(#5890,#5891,#5892,#5893),.UNSPECIFIED.,
.F.,.F.,(4,4),(0.E0,1.E0),.UNSPECIFIED.);
#5903=B_SPLINE_CURVE_WITH_KNOTS('',3,(#5899,#5900,#5901,#5902),.UNSPECIFIED.,
.F.,.F.,(4,4),(0.E0,1.E0),.UNSPECIFIED.);
#5908=CIRCLE('',#5907,3.837407469340E2);
#5917=CIRCLE('',#5916,3.835407469340E2);
#5922=B_SPLINE_CURVE_WITH_KNOTS('',3,(#5918,#5919,#5920,#5921),.UNSPECIFIED.,
.F.,.F.,(4,4),(0.E0,1.E0),.UNSPECIFIED.);
#5931=B_SPLINE_CURVE_WITH_KNOTS('',3,(#5927,#5928,#5929,#5930),.UNSPECIFIED.,
.F.,.F.,(4,4),(0.E0,1.E0),.UNSPECIFIED.);
#5936=B_SPLINE_CURVE_WITH_KNOTS('',3,(#5932,#5933,#5934,#5935),.UNSPECIFIED.,
.F.,.F.,(4,4),(0.E0,1.E0),.UNSPECIFIED.);
#5945=B_SPLINE_CURVE_WITH_KNOTS('',3,(#5941,#5942,#5943,#5944),.UNSPECIFIED.,
.F.,.F.,(4,4),(0.E0,1.E0),.UNSPECIFIED.);
#5950=B_SPLINE_CURVE_WITH_KNOTS('',3,(#5946,#5947,#5948,#5949),.UNSPECIFIED.,
.F.,.F.,(4,4),(0.E0,1.E0),.UNSPECIFIED.);
#5959=B_SPLINE_CURVE_WITH_KNOTS('',3,(#5955,#5956,#5957,#5958),.UNSPECIFIED.,
.F.,.F.,(4,4),(0.E0,1.E0),.UNSPECIFIED.);
#5964=B_SPLINE_CURVE_WITH_KNOTS('',3,(#5960,#5961,#5962,#5963),.UNSPECIFIED.,
.F.,.F.,(4,4),(0.E0,1.E0),.UNSPECIFIED.);
#5973=B_SPLINE_CURVE_WITH_KNOTS('',3,(#5969,#5970,#5971,#5972),.UNSPECIFIED.,
.F.,.F.,(4,4),(0.E0,1.E0),.UNSPECIFIED.);
#5990=B_SPLINE_CURVE_WITH_KNOTS('',3,(#5986,#5987,#5988,#5989),.UNSPECIFIED.,
.F.,.F.,(4,4),(0.E0,1.E0),.UNSPECIFIED.);
#5999=B_SPLINE_CURVE_WITH_KNOTS('',3,(#5995,#5996,#5997,#5998),.UNSPECIFIED.,
.F.,.F.,(4,4),(0.E0,1.E0),.UNSPECIFIED.);
#6004=B_SPLINE_CURVE_WITH_KNOTS('',3,(#6000,#6001,#6002,#6003),.UNSPECIFIED.,
.F.,.F.,(4,4),(0.E0,1.E0),.UNSPECIFIED.);
#6013=B_SPLINE_CURVE_WITH_KNOTS('',3,(#6009,#6010,#6011,#6012),.UNSPECIFIED.,
.F.,.F.,(4,4),(0.E0,1.E0),.UNSPECIFIED.);
#6018=B_SPLINE_CURVE_WITH_KNOTS('',3,(#6014,#6015,#6016,#6017),.UNSPECIFIED.,
.F.,.F.,(4,4),(0.E0,1.E0),.UNSPECIFIED.);
#6027=B_SPLINE_CURVE_WITH_KNOTS('',3,(#6023,#6024,#6025,#6026),.UNSPECIFIED.,
.F.,.F.,(4,4),(0.E0,1.E0),.UNSPECIFIED.);
#6032=B_SPLINE_CURVE_WITH_KNOTS('',3,(#6028,#6029,#6030,#6031),.UNSPECIFIED.,
.F.,.F.,(4,4),(0.E0,1.E0),.UNSPECIFIED.);
#6041=B_SPLINE_CURVE_WITH_KNOTS('',3,(#6037,#6038,#6039,#6040),.UNSPECIFIED.,
.F.,.F.,(4,4),(0.E0,1.E0),.UNSPECIFIED.);
#6046=CIRCLE('',#6045,3.837407469340E2);
#6055=CIRCLE('',#6054,3.835407469340E2);
#6060=B_SPLINE_CURVE_WITH_KNOTS('',3,(#6056,#6057,#6058,#6059),.UNSPECIFIED.,
.F.,.F.,(4,4),(0.E0,1.E0),.UNSPECIFIED.);
#6069=B_SPLINE_CURVE_WITH_KNOTS('',3,(#6065,#6066,#6067,#6068),.UNSPECIFIED.,
.F.,.F.,(4,4),(0.E0,1.E0),.UNSPECIFIED.);
#6074=B_SPLINE_CURVE_WITH_KNOTS('',3,(#6070,#6071,#6072,#6073),.UNSPECIFIED.,
.F.,.F.,(4,4),(0.E0,1.E0),.UNSPECIFIED.);
#6083=B_SPLINE_CURVE_WITH_KNOTS('',3,(#6079,#6080,#6081,#6082),.UNSPECIFIED.,
.F.,.F.,(4,4),(0.E0,1.E0),.UNSPECIFIED.);
#6088=B_SPLINE_CURVE_WITH_KNOTS('',3,(#6084,#6085,#6086,#6087),.UNSPECIFIED.,
.F.,.F.,(4,4),(0.E0,1.E0),.UNSPECIFIED.);
#6097=B_SPLINE_CURVE_WITH_KNOTS('',3,(#6093,#6094,#6095,#6096),.UNSPECIFIED.,
.F.,.F.,(4,4),(0.E0,1.E0),.UNSPECIFIED.);
#6102=CIRCLE('',#6101,6.95E0);
#6112=B_SPLINE_CURVE_WITH_KNOTS('',3,(#6103,#6104,#6105,#6106,#6107,#6108,#6109,
#6110,#6111),.UNSPECIFIED.,.F.,.F.,(4,1,1,1,1,1,4),(0.E0,1.666666666667E-1,
3.333333333333E-1,5.E-1,6.666666666667E-1,8.333333333333E-1,1.E0),
.UNSPECIFIED.);
#6117=CIRCLE('',#6116,2.E0);
#6122=CIRCLE('',#6121,5.774627950705E0);
#6127=CIRCLE('',#6126,5.75E0);
#6132=CIRCLE('',#6131,5.75E0);
#6137=CIRCLE('',#6136,5.774627950705E0);
#6142=CIRCLE('',#6141,3.680103583070E0);
#7176=EDGE_CURVE('',#6149,#6150,#4,.T.);
#7178=EDGE_CURVE('',#6154,#6149,#9,.T.);
#7180=EDGE_CURVE('',#6154,#6152,#28,.T.);
#7182=EDGE_CURVE('',#6150,#6152,#14,.T.);
#7192=EDGE_CURVE('',#6149,#6154,#19,.T.);
#7195=EDGE_CURVE('',#6152,#6150,#24,.T.);
#7206=EDGE_CURVE('',#7054,#7055,#37,.T.);
#7208=EDGE_CURVE('',#7055,#7054,#6142,.T.);
#7222=EDGE_CURVE('',#7087,#7088,#53,.T.);
#7224=EDGE_CURVE('',#7088,#7060,#171,.T.);
#7226=EDGE_CURVE('',#7060,#7059,#163,.T.);
#7228=EDGE_CURVE('',#7055,#7059,#32,.T.);
#7231=EDGE_CURVE('',#7054,#7057,#6146,.T.);
#7233=EDGE_CURVE('',#7057,#7083,#133,.T.);
#7235=EDGE_CURVE('',#7083,#7084,#868,.T.);
#7237=EDGE_CURVE('',#7087,#7084,#793,.T.);
#7247=EDGE_CURVE('',#7099,#7104,#41,.T.);
#7249=EDGE_CURVE('',#7099,#7088,#48,.T.);
#7252=EDGE_CURVE('',#7087,#7104,#58,.T.);
#7262=EDGE_CURVE('',#7099,#7100,#62,.T.);
#7265=EDGE_CURVE('',#7103,#7104,#66,.T.);
#7267=EDGE_CURVE('',#7096,#7103,#70,.T.);
#7269=EDGE_CURVE('',#7096,#7113,#289,.T.);
#7271=EDGE_CURVE('',#7100,#7113,#75,.T.);
#7283=B_SPLINE_CURVE_WITH_KNOTS('',3,(#7276,#7277,#7278,#7279,#7280,#7281,
#7282),.UNSPECIFIED.,.F.,.F.,(4,1,1,1,4),(0.E0,2.778717169427E-2,
5.089901592506E-1,9.901772355258E-1,1.E0),.UNSPECIFIED.);
#7287=EDGE_CURVE('',#7115,#7061,#87,.T.);
#7289=EDGE_CURVE('',#7089,#7115,#98,.T.);
#7291=EDGE_CURVE('',#6158,#7089,#105,.T.);
#7293=EDGE_CURVE('',#6158,#6156,#926,.T.);
#7295=EDGE_CURVE('',#6155,#6156,#114,.T.);
#7297=EDGE_CURVE('',#6372,#6155,#121,.T.);
#7299=EDGE_CURVE('',#7083,#6372,#872,.T.);
#7302=EDGE_CURVE('',#7058,#7057,#141,.T.);
#7304=EDGE_CURVE('',#7059,#7058,#155,.T.);
#7310=EDGE_CURVE('',#7115,#7100,#182,.T.);
#7312=EDGE_CURVE('',#7062,#7115,#194,.T.);
#7314=EDGE_CURVE('',#7061,#7062,#209,.T.);
#7324=EDGE_CURVE('',#7079,#7061,#213,.T.);
#7326=EDGE_CURVE('',#7080,#7079,#218,.T.);
#7328=EDGE_CURVE('',#7080,#7062,#227,.T.);
#7340=EDGE_CURVE('',#7079,#7080,#223,.T.);
#7357=EDGE_CURVE('',#6366,#6367,#236,.T.);
#7359=EDGE_CURVE('',#6367,#6366,#241,.T.);
#7369=EDGE_CURVE('',#6367,#6370,#231,.T.);
#7372=EDGE_CURVE('',#6366,#6369,#245,.T.);
#7374=EDGE_CURVE('',#6369,#6370,#275,.T.);
#7386=EDGE_CURVE('',#6370,#6369,#260,.T.);
#7408=EDGE_CURVE('',#7090,#7113,#280,.T.);
#7410=EDGE_CURVE('',#7090,#7089,#964,.T.);
#7422=EDGE_CURVE('',#7112,#7114,#779,.T.);
#7424=EDGE_CURVE('',#7112,#7116,#988,.T.);
#7426=EDGE_CURVE('',#7116,#7091,#1060,.T.);
#7428=EDGE_CURVE('',#7091,#7092,#949,.T.);
#7430=EDGE_CURVE('',#7114,#7092,#285,.T.);
#7442=EDGE_CURVE('',#7095,#7096,#293,.T.);
#7444=EDGE_CURVE('',#7114,#7095,#297,.T.);
#7447=EDGE_CURVE('',#7092,#7090,#942,.T.);
#7451=EDGE_CURVE('',#7018,#7019,#306,.T.);
#7453=EDGE_CURVE('',#7019,#7018,#325,.T.);
#7463=EDGE_CURVE('',#7019,#7024,#301,.T.);
#7466=EDGE_CURVE('',#7021,#7018,#310,.T.);
#7468=EDGE_CURVE('',#7025,#7021,#315,.T.);
#7470=EDGE_CURVE('',#7024,#7025,#344,.T.);
#7480=EDGE_CURVE('',#7027,#7024,#330,.T.);
#7482=EDGE_CURVE('',#7021,#7027,#320,.T.);
#7496=EDGE_CURVE('',#7024,#7029,#339,.T.);
#7498=EDGE_CURVE('',#7035,#7029,#335,.T.);
#7500=EDGE_CURVE('',#7035,#7027,#375,.T.);
#7512=EDGE_CURVE('',#7025,#7033,#354,.T.);
#7514=EDGE_CURVE('',#7029,#7033,#349,.T.);
#7525=EDGE_CURVE('',#7015,#7025,#358,.T.);
#7527=EDGE_CURVE('',#7007,#7015,#363,.T.);
#7529=EDGE_CURVE('',#7030,#7007,#370,.T.);
#7531=EDGE_CURVE('',#7030,#7033,#399,.T.);
#7542=EDGE_CURVE('',#7027,#7011,#391,.T.);
#7544=EDGE_CURVE('',#7011,#7013,#6132,.T.);
#7546=EDGE_CURVE('',#7013,#7015,#6127,.T.);
#7559=EDGE_CURVE('',#7035,#7031,#395,.T.);
#7561=EDGE_CURVE('',#7010,#7031,#382,.T.);
#7563=EDGE_CURVE('',#7011,#7010,#387,.T.);
#7574=EDGE_CURVE('',#6988,#7031,#414,.T.);
#7580=EDGE_CURVE('',#7030,#6988,#6112,.T.);
#7590=EDGE_CURVE('',#6991,#6987,#404,.T.);
#7592=EDGE_CURVE('',#6991,#6992,#424,.T.);
#7594=EDGE_CURVE('',#6992,#7008,#6117,.T.);
#7596=EDGE_CURVE('',#7008,#7010,#6137,.T.);
#7600=EDGE_CURVE('',#6987,#6988,#419,.T.);
#7612=EDGE_CURVE('',#6998,#6987,#428,.T.);
#7614=EDGE_CURVE('',#6998,#7002,#534,.T.);
#7616=EDGE_CURVE('',#7002,#7004,#502,.T.);
#7618=EDGE_CURVE('',#7004,#6992,#437,.T.);
#7628=EDGE_CURVE('',#7004,#6997,#457,.T.);
#7630=EDGE_CURVE('',#6997,#6998,#550,.T.);
#7633=EDGE_CURVE('',#6987,#6994,#6102,.T.);
#7635=EDGE_CURVE('',#6992,#6994,#433,.T.);
#7719=EDGE_CURVE('',#7004,#6303,#462,.T.);
#7721=EDGE_CURVE('',#6303,#6999,#482,.T.);
#7723=EDGE_CURVE('',#6997,#6999,#557,.T.);
#7806=EDGE_CURVE('',#7002,#7003,#509,.T.);
#7808=EDGE_CURVE('',#7003,#6303,#529,.T.);
#7840=EDGE_CURVE('',#6998,#7000,#539,.T.);
#7842=EDGE_CURVE('',#7000,#7003,#545,.T.);
#7875=EDGE_CURVE('',#6999,#7000,#563,.T.);
#7888=EDGE_CURVE('',#6301,#6303,#636,.T.);
#7890=EDGE_CURVE('',#6301,#6300,#1604,.T.);
#7892=EDGE_CURVE('',#6298,#6300,#640,.T.);
#7894=EDGE_CURVE('',#6298,#6309,#1701,.T.);
#7896=EDGE_CURVE('',#6308,#6309,#645,.T.);
#7898=EDGE_CURVE('',#6308,#6307,#1696,.T.);
#7900=EDGE_CURVE('',#6304,#6307,#649,.T.);
#7902=EDGE_CURVE('',#6304,#6305,#1639,.T.);
#7904=EDGE_CURVE('',#6303,#6305,#656,.T.);
#7910=EDGE_CURVE('',#6310,#6311,#579,.T.);
#7912=EDGE_CURVE('',#6310,#6311,#597,.T.);
#7916=EDGE_CURVE('',#6323,#6321,#613,.T.);
#7918=EDGE_CURVE('',#6321,#6323,#629,.T.);
#7922=EDGE_CURVE('',#7119,#7120,#2692,.T.);
#7924=EDGE_CURVE('',#7120,#7124,#2723,.T.);
#7926=EDGE_CURVE('',#7124,#7126,#2760,.T.);
#7928=EDGE_CURVE('',#7126,#7129,#2501,.T.);
#7930=EDGE_CURVE('',#7129,#7131,#2538,.T.);
#7932=EDGE_CURVE('',#7131,#7135,#2573,.T.);
#7934=EDGE_CURVE('',#7135,#7137,#2610,.T.);
#7936=EDGE_CURVE('',#7137,#7119,#2655,.T.);
#7946=EDGE_CURVE('',#6314,#6315,#661,.T.);
#7948=EDGE_CURVE('',#6314,#6311,#669,.T.);
#7951=EDGE_CURVE('',#6315,#6310,#665,.T.);
#7962=EDGE_CURVE('',#6315,#6314,#674,.T.);
#7988=EDGE_CURVE('',#6318,#6323,#678,.T.);
#7990=EDGE_CURVE('',#6319,#6318,#683,.T.);
#7992=EDGE_CURVE('',#6319,#6321,#692,.T.);
#8003=EDGE_CURVE('',#6318,#6319,#688,.T.);
#8020=EDGE_CURVE('',#6326,#6327,#706,.T.);
#8022=EDGE_CURVE('',#6327,#6326,#716,.T.);
#8032=EDGE_CURVE('',#6330,#6326,#696,.T.);
#8034=EDGE_CURVE('',#6331,#6330,#701,.T.);
#8036=EDGE_CURVE('',#6331,#6327,#720,.T.);
#8047=EDGE_CURVE('',#6330,#6331,#711,.T.);
#8060=EDGE_CURVE('',#7071,#7072,#729,.T.);
#8062=EDGE_CURVE('',#7072,#7071,#741,.T.);
#8076=EDGE_CURVE('',#7063,#7071,#724,.T.);
#8078=EDGE_CURVE('',#7063,#7064,#1020,.T.);
#8080=EDGE_CURVE('',#7064,#7065,#1007,.T.);
#8082=EDGE_CURVE('',#7065,#7072,#745,.T.);
#8093=EDGE_CURVE('',#7085,#7086,#759,.T.);
#8095=EDGE_CURVE('',#7085,#7082,#736,.T.);
#8097=EDGE_CURVE('',#7081,#7082,#1167,.T.);
#8099=EDGE_CURVE('',#7081,#7066,#1035,.T.);
#8101=EDGE_CURVE('',#7066,#7063,#1028,.T.);
#8106=EDGE_CURVE('',#7065,#7086,#999,.T.);
#8116=EDGE_CURVE('',#7111,#7108,#749,.T.);
#8118=EDGE_CURVE('',#7108,#7085,#754,.T.);
#8121=EDGE_CURVE('',#7086,#7111,#766,.T.);
#8131=EDGE_CURVE('',#7107,#7108,#770,.T.);
#8134=EDGE_CURVE('',#7111,#7112,#774,.T.);
#8138=EDGE_CURVE('',#7095,#7107,#2162,.T.);
#8148=EDGE_CURVE('',#7168,#7084,#863,.T.);
#8150=EDGE_CURVE('',#7167,#7168,#786,.T.);
#8152=EDGE_CURVE('',#7082,#7167,#1171,.T.);
#8157=EDGE_CURVE('',#7103,#7107,#2158,.T.);
#8164=EDGE_CURVE('',#7149,#7147,#2170,.T.);
#8166=EDGE_CURVE('',#7153,#7149,#2322,.T.);
#8168=EDGE_CURVE('',#7157,#7153,#2293,.T.);
#8170=EDGE_CURVE('',#7159,#7157,#2279,.T.);
#8172=EDGE_CURVE('',#7159,#7161,#2250,.T.);
#8174=EDGE_CURVE('',#7165,#7161,#2242,.T.);
#8176=EDGE_CURVE('',#7165,#7145,#2206,.T.);
#8178=EDGE_CURVE('',#7147,#7145,#2199,.T.);
#8182=EDGE_CURVE('',#7138,#7139,#808,.T.);
#8184=EDGE_CURVE('',#7139,#7138,#823,.T.);
#8188=EDGE_CURVE('',#7036,#7037,#839,.T.);
#8190=EDGE_CURVE('',#7037,#7036,#855,.T.);
#8194=EDGE_CURVE('',#7170,#7049,#2427,.T.);
#8196=EDGE_CURVE('',#7170,#7169,#859,.T.);
#8198=EDGE_CURVE('',#7169,#7047,#2477,.T.);
#8200=EDGE_CURVE('',#7049,#7047,#2450,.T.);
#8213=EDGE_CURVE('',#6372,#7168,#877,.T.);
#8225=EDGE_CURVE('',#6164,#6155,#881,.T.);
#8227=EDGE_CURVE('',#6163,#6164,#886,.T.);
#8229=EDGE_CURVE('',#6163,#6162,#1494,.T.);
#8231=EDGE_CURVE('',#6162,#6161,#1460,.T.);
#8233=EDGE_CURVE('',#6161,#6159,#1203,.T.);
#8235=EDGE_CURVE('',#6159,#6160,#1185,.T.);
#8237=EDGE_CURVE('',#6160,#6371,#1042,.T.);
#8239=EDGE_CURVE('',#7167,#6371,#1158,.T.);
#8251=B_SPLINE_CURVE_WITH_KNOTS('',3,(#8245,#8246,#8247,#8248,#8249,#8250),
.UNSPECIFIED.,.F.,.F.,(4,1,1,4),(0.E0,1.302592086918E-1,8.686159355022E-1,1.E0),
.UNSPECIFIED.);
#8255=EDGE_CURVE('',#6166,#6156,#890,.T.);
#8257=EDGE_CURVE('',#6164,#6166,#899,.T.);
#8269=EDGE_CURVE('',#6192,#6158,#911,.T.);
#8271=EDGE_CURVE('',#6170,#6192,#915,.T.);
#8273=EDGE_CURVE('',#6166,#6170,#922,.T.);
#8286=EDGE_CURVE('',#6193,#6158,#930,.T.);
#8288=EDGE_CURVE('',#6193,#6188,#1312,.T.);
#8290=EDGE_CURVE('',#6190,#6188,#934,.T.);
#8292=EDGE_CURVE('',#6192,#6190,#938,.T.);
#8304=EDGE_CURVE('',#7091,#6197,#1049,.T.);
#8306=EDGE_CURVE('',#6197,#6196,#1243,.T.);
#8308=EDGE_CURVE('',#6196,#6194,#1255,.T.);
#8310=EDGE_CURVE('',#6193,#6194,#957,.T.);
#8325=B_SPLINE_CURVE_WITH_KNOTS('',3,(#8318,#8319,#8320,#8321,#8322,#8323,
#8324),.UNSPECIFIED.,.F.,.F.,(4,1,1,1,4),(0.E0,9.823664305295E-3,
5.104545056364E-1,9.710950474498E-1,1.E0),.UNSPECIFIED.);
#8329=EDGE_CURVE('',#7116,#7067,#976,.T.);
#8339=EDGE_CURVE('',#6371,#7081,#1162,.T.);
#8342=EDGE_CURVE('',#6160,#6199,#1180,.T.);
#8344=EDGE_CURVE('',#6199,#6197,#1247,.T.);
#8348=EDGE_CURVE('',#7068,#7116,#1072,.T.);
#8350=EDGE_CURVE('',#7067,#7068,#1087,.T.);
#8360=EDGE_CURVE('',#7075,#7076,#1092,.T.);
#8362=EDGE_CURVE('',#7075,#7068,#1100,.T.);
#8366=EDGE_CURVE('',#7076,#7067,#1096,.T.);
#8376=EDGE_CURVE('',#7076,#7075,#1105,.T.);
#8381=EDGE_CURVE('',#6344,#6345,#1114,.T.);
#8383=EDGE_CURVE('',#6345,#6344,#1119,.T.);
#8405=EDGE_CURVE('',#6345,#6348,#1109,.T.);
#8408=EDGE_CURVE('',#6344,#6347,#1123,.T.);
#8410=EDGE_CURVE('',#6347,#6348,#1153,.T.);
#8422=EDGE_CURVE('',#6348,#6347,#1138,.T.);
#8469=EDGE_CURVE('',#6200,#6159,#1193,.T.);
#8471=EDGE_CURVE('',#6199,#6200,#1198,.T.);
#8481=EDGE_CURVE('',#6201,#6200,#1223,.T.);
#8485=EDGE_CURVE('',#6203,#6161,#1212,.T.);
#8487=EDGE_CURVE('',#6201,#6203,#1216,.T.);
#8498=EDGE_CURVE('',#6268,#6201,#1227,.T.);
#8500=EDGE_CURVE('',#6196,#6268,#1238,.T.);
#8513=EDGE_CURVE('',#6268,#6239,#1251,.T.);
#8517=EDGE_CURVE('',#6203,#6205,#1453,.T.);
#8519=EDGE_CURVE('',#6205,#6239,#1326,.T.);
#8531=EDGE_CURVE('',#6239,#6194,#1322,.T.);
#8545=B_SPLINE_CURVE_WITH_KNOTS('',3,(#8537,#8538,#8539,#8540,#8541,#8542,#8543,
#8544),.UNSPECIFIED.,.F.,.F.,(4,1,1,1,1,4),(0.E0,9.804908289770E-3,
1.822388112165E-1,5.346007161805E-1,9.901980645013E-1,1.E0),.UNSPECIFIED.);
#8549=EDGE_CURVE('',#6207,#6206,#1262,.T.);
#8551=EDGE_CURVE('',#6207,#6233,#1580,.T.);
#8553=EDGE_CURVE('',#6231,#6233,#1270,.T.);
#8555=EDGE_CURVE('',#6229,#6231,#1277,.T.);
#8557=EDGE_CURVE('',#6226,#6229,#1284,.T.);
#8559=EDGE_CURVE('',#6226,#6223,#1551,.T.);
#8561=EDGE_CURVE('',#6223,#6175,#1539,.T.);
#8563=EDGE_CURVE('',#6176,#6175,#1291,.T.);
#8565=EDGE_CURVE('',#6177,#6176,#1298,.T.);
#8567=EDGE_CURVE('',#6188,#6177,#1302,.T.);
#8573=EDGE_CURVE('',#6206,#6205,#1333,.T.);
#8577=EDGE_CURVE('',#6242,#6243,#1337,.T.);
#8579=EDGE_CURVE('',#6253,#6242,#1341,.T.);
#8581=EDGE_CURVE('',#6252,#6253,#1350,.T.);
#8583=EDGE_CURVE('',#6251,#6252,#1355,.T.);
#8585=EDGE_CURVE('',#6250,#6251,#1364,.T.);
#8587=EDGE_CURVE('',#6248,#6250,#1368,.T.);
#8589=EDGE_CURVE('',#6247,#6248,#1377,.T.);
#8591=EDGE_CURVE('',#6246,#6247,#1382,.T.);
#8593=EDGE_CURVE('',#6245,#6246,#1391,.T.);
#8595=EDGE_CURVE('',#6243,#6245,#1395,.T.);
#8599=EDGE_CURVE('',#6256,#6257,#1399,.T.);
#8601=EDGE_CURVE('',#6256,#6267,#2073,.T.);
#8603=EDGE_CURVE('',#6266,#6267,#1408,.T.);
#8605=EDGE_CURVE('',#6265,#6266,#1413,.T.);
#8607=EDGE_CURVE('',#6264,#6265,#1422,.T.);
#8609=EDGE_CURVE('',#6262,#6264,#1426,.T.);
#8611=EDGE_CURVE('',#6261,#6262,#1435,.T.);
#8613=EDGE_CURVE('',#6260,#6261,#1440,.T.);
#8615=EDGE_CURVE('',#6259,#6260,#1449,.T.);
#8617=EDGE_CURVE('',#6259,#6257,#2077,.T.);
#8630=EDGE_CURVE('',#6162,#6172,#1487,.T.);
#8632=EDGE_CURVE('',#6209,#6172,#1467,.T.);
#8634=EDGE_CURVE('',#6209,#6208,#1748,.T.);
#8636=EDGE_CURVE('',#6207,#6208,#1474,.T.);
#8642=EDGE_CURVE('',#6210,#6211,#1900,.T.);
#8644=EDGE_CURVE('',#6211,#6218,#1992,.T.);
#8646=EDGE_CURVE('',#6218,#6217,#1987,.T.);
#8648=EDGE_CURVE('',#6215,#6217,#1478,.T.);
#8650=EDGE_CURVE('',#6215,#6214,#1956,.T.);
#8652=EDGE_CURVE('',#6213,#6214,#1483,.T.);
#8654=EDGE_CURVE('',#6213,#6212,#1930,.T.);
#8656=EDGE_CURVE('',#6212,#6210,#1917,.T.);
#8668=EDGE_CURVE('',#6169,#6163,#1503,.T.);
#8670=EDGE_CURVE('',#6177,#6169,#1507,.T.);
#8674=EDGE_CURVE('',#6174,#6175,#1514,.T.);
#8676=EDGE_CURVE('',#6174,#6173,#1730,.T.);
#8678=EDGE_CURVE('',#6173,#6172,#1717,.T.);
#8682=EDGE_CURVE('',#6178,#6179,#1770,.T.);
#8684=EDGE_CURVE('',#6186,#6179,#1521,.T.);
#8686=EDGE_CURVE('',#6186,#6185,#1853,.T.);
#8688=EDGE_CURVE('',#6183,#6185,#1525,.T.);
#8690=EDGE_CURVE('',#6183,#6182,#1844,.T.);
#8692=EDGE_CURVE('',#6181,#6182,#1530,.T.);
#8694=EDGE_CURVE('',#6181,#6180,#1809,.T.);
#8696=EDGE_CURVE('',#6180,#6178,#1800,.T.);
#8706=EDGE_CURVE('',#6169,#6170,#1534,.T.);
#8735=EDGE_CURVE('',#6223,#6225,#1555,.T.);
#8737=EDGE_CURVE('',#6222,#6225,#1543,.T.);
#8739=EDGE_CURVE('',#6222,#6174,#1735,.T.);
#8751=EDGE_CURVE('',#6226,#6228,#1563,.T.);
#8753=EDGE_CURVE('',#6228,#6225,#1654,.T.);
#8785=EDGE_CURVE('',#6230,#6229,#1559,.T.);
#8787=EDGE_CURVE('',#6230,#6228,#1649,.T.);
#8819=EDGE_CURVE('',#6232,#6231,#1567,.T.);
#8821=EDGE_CURVE('',#6232,#6230,#1614,.T.);
#8833=EDGE_CURVE('',#6235,#6233,#1571,.T.);
#8835=EDGE_CURVE('',#6235,#6232,#1599,.T.);
#8846=EDGE_CURVE('',#6235,#6237,#1575,.T.);
#8851=EDGE_CURVE('',#6208,#6237,#1740,.T.);
#8862=EDGE_CURVE('',#6235,#6300,#1587,.T.);
#8865=EDGE_CURVE('',#6298,#6237,#1594,.T.);
#8876=EDGE_CURVE('',#6300,#6232,#1619,.T.);
#8900=EDGE_CURVE('',#6301,#6302,#1624,.T.);
#8902=EDGE_CURVE('',#6230,#6302,#1609,.T.);
#8927=EDGE_CURVE('',#6303,#6302,#1634,.T.);
#8951=EDGE_CURVE('',#6302,#6305,#1629,.T.);
#8975=EDGE_CURVE('',#6228,#6304,#1644,.T.);
#8990=EDGE_CURVE('',#6304,#6225,#1661,.T.);
#9003=EDGE_CURVE('',#6222,#6307,#1668,.T.);
#9013=EDGE_CURVE('',#6307,#6221,#1691,.T.);
#9015=EDGE_CURVE('',#6222,#6221,#1676,.T.);
#9038=EDGE_CURVE('',#6220,#6219,#1681,.T.);
#9040=EDGE_CURVE('',#6221,#6220,#1686,.T.);
#9046=EDGE_CURVE('',#6219,#6298,#1706,.T.);
#9057=EDGE_CURVE('',#6172,#6220,#1710,.T.);
#9060=EDGE_CURVE('',#6219,#6209,#1753,.T.);
#9072=EDGE_CURVE('',#6173,#6221,#1722,.T.);
#9122=EDGE_CURVE('',#6219,#6237,#1761,.T.);
#9144=EDGE_CURVE('',#6178,#6363,#1795,.T.);
#9146=EDGE_CURVE('',#6352,#6363,#1779,.T.);
#9148=EDGE_CURVE('',#6179,#6352,#1783,.T.);
#9158=EDGE_CURVE('',#6361,#6180,#1787,.T.);
#9160=EDGE_CURVE('',#6363,#6361,#1791,.T.);
#9173=EDGE_CURVE('',#6360,#6181,#1813,.T.);
#9175=EDGE_CURVE('',#6361,#6360,#1822,.T.);
#9187=EDGE_CURVE('',#6358,#6182,#1826,.T.);
#9189=EDGE_CURVE('',#6360,#6358,#1830,.T.);
#9200=EDGE_CURVE('',#6358,#6356,#1835,.T.);
#9204=EDGE_CURVE('',#6183,#6356,#1874,.T.);
#9214=EDGE_CURVE('',#6354,#6351,#1858,.T.);
#9216=EDGE_CURVE('',#6351,#6352,#1862,.T.);
#9223=EDGE_CURVE('',#6356,#6354,#1870,.T.);
#9234=EDGE_CURVE('',#6186,#6351,#1866,.T.);
#9237=EDGE_CURVE('',#6354,#6185,#1878,.T.);
#9271=EDGE_CURVE('',#6333,#6336,#1887,.T.);
#9273=EDGE_CURVE('',#6211,#6333,#1891,.T.);
#9276=EDGE_CURVE('',#6210,#6336,#1912,.T.);
#9287=EDGE_CURVE('',#6336,#6341,#1908,.T.);
#9289=EDGE_CURVE('',#6341,#6340,#1943,.T.);
#9291=EDGE_CURVE('',#6340,#6338,#1961,.T.);
#9293=EDGE_CURVE('',#6335,#6338,#1904,.T.);
#9295=EDGE_CURVE('',#6335,#6333,#1978,.T.);
#9308=EDGE_CURVE('',#6341,#6212,#1921,.T.);
#9320=EDGE_CURVE('',#6340,#6213,#1934,.T.);
#9332=EDGE_CURVE('',#6340,#6214,#1947,.T.);
#9344=EDGE_CURVE('',#6215,#6338,#1969,.T.);
#9356=EDGE_CURVE('',#6335,#6217,#1965,.T.);
#9369=EDGE_CURVE('',#6333,#6218,#1973,.T.);
#9393=EDGE_CURVE('',#6271,#6272,#2012,.T.);
#9395=EDGE_CURVE('',#6272,#6276,#2008,.T.);
#9397=EDGE_CURVE('',#6276,#6274,#2004,.T.);
#9399=EDGE_CURVE('',#6253,#6274,#1996,.T.);
#9404=EDGE_CURVE('',#6271,#6245,#2000,.T.);
#9414=EDGE_CURVE('',#6279,#6280,#2016,.T.);
#9416=EDGE_CURVE('',#6280,#6283,#2051,.T.);
#9418=EDGE_CURVE('',#6283,#6274,#2064,.T.);
#9423=EDGE_CURVE('',#6271,#6282,#2046,.T.);
#9425=EDGE_CURVE('',#6282,#6279,#2029,.T.);
#9436=EDGE_CURVE('',#6248,#6279,#2020,.T.);
#9439=EDGE_CURVE('',#6280,#6250,#2024,.T.);
#9450=EDGE_CURVE('',#6247,#6282,#2033,.T.);
#9464=EDGE_CURVE('',#6282,#6246,#2037,.T.);
#9487=EDGE_CURVE('',#6251,#6283,#2055,.T.);
#9499=EDGE_CURVE('',#6252,#6283,#2068,.T.);
#9526=EDGE_CURVE('',#6259,#6291,#2097,.T.);
#9528=EDGE_CURVE('',#6289,#6291,#2081,.T.);
#9530=EDGE_CURVE('',#6287,#6289,#2085,.T.);
#9532=EDGE_CURVE('',#6285,#6287,#2089,.T.);
#9534=EDGE_CURVE('',#6267,#6285,#2093,.T.);
#9546=EDGE_CURVE('',#6292,#6260,#2101,.T.);
#9548=EDGE_CURVE('',#6291,#6292,#2110,.T.);
#9559=EDGE_CURVE('',#6261,#6292,#2114,.T.);
#9572=EDGE_CURVE('',#6262,#6294,#2127,.T.);
#9574=EDGE_CURVE('',#6292,#6294,#2119,.T.);
#9584=EDGE_CURVE('',#6296,#6264,#2123,.T.);
#9586=EDGE_CURVE('',#6296,#6294,#2153,.T.);
#9598=EDGE_CURVE('',#6265,#6297,#2136,.T.);
#9600=EDGE_CURVE('',#6296,#6297,#2132,.T.);
#9612=EDGE_CURVE('',#6266,#6297,#2149,.T.);
#9624=EDGE_CURVE('',#6297,#6285,#2145,.T.);
#9665=EDGE_CURVE('',#7146,#7147,#2189,.T.);
#9667=EDGE_CURVE('',#7146,#7148,#2166,.T.);
#9669=EDGE_CURVE('',#7148,#7149,#2298,.T.);
#9692=EDGE_CURVE('',#7144,#7145,#2174,.T.);
#9694=EDGE_CURVE('',#7144,#7146,#2184,.T.);
#9705=B_SPLINE_CURVE_WITH_KNOTS('',3,(#9701,#9702,#9703,#9704),.UNSPECIFIED.,
.F.,.F.,(4,4),(0.E0,1.E0),.UNSPECIFIED.);
#9711=EDGE_CURVE('',#7164,#7165,#2232,.T.);
#9713=EDGE_CURVE('',#7144,#7164,#2213,.T.);
#9735=EDGE_CURVE('',#7160,#7161,#2218,.T.);
#9737=EDGE_CURVE('',#7160,#7164,#2228,.T.);
#9749=EDGE_CURVE('',#7158,#7159,#2269,.T.);
#9751=EDGE_CURVE('',#7160,#7158,#2246,.T.);
#9775=EDGE_CURVE('',#7156,#7157,#2254,.T.);
#9777=EDGE_CURVE('',#7156,#7158,#2264,.T.);
#9788=B_SPLINE_CURVE_WITH_KNOTS('',3,(#9784,#9785,#9786,#9787),.UNSPECIFIED.,
.F.,.F.,(4,4),(0.E0,1.E0),.UNSPECIFIED.);
#9792=EDGE_CURVE('',#7152,#7153,#2312,.T.);
#9794=EDGE_CURVE('',#7152,#7156,#2286,.T.);
#9819=EDGE_CURVE('',#7148,#7152,#2308,.T.);
#9831=EDGE_CURVE('',#7044,#7046,#2417,.T.);
#9833=EDGE_CURVE('',#6380,#7046,#2781,.T.);
#9835=EDGE_CURVE('',#6380,#6378,#2326,.T.);
#9837=EDGE_CURVE('',#6377,#6378,#2711,.T.);
#9839=EDGE_CURVE('',#6374,#6377,#2638,.T.);
#9841=EDGE_CURVE('',#6373,#6374,#2629,.T.);
#9843=EDGE_CURVE('',#6373,#6376,#2565,.T.);
#9845=EDGE_CURVE('',#6375,#6376,#2557,.T.);
#9847=EDGE_CURVE('',#7043,#6375,#2484,.T.);
#9849=EDGE_CURVE('',#7042,#7043,#2454,.T.);
#9851=EDGE_CURVE('',#7042,#7044,#2465,.T.);
#9855=EDGE_CURVE('',#7038,#7039,#2351,.T.);
#9857=EDGE_CURVE('',#7039,#7038,#2376,.T.);
#9861=EDGE_CURVE('',#7140,#7141,#2391,.T.);
#9863=EDGE_CURVE('',#7141,#7140,#2406,.T.);
#9867=EDGE_CURVE('',#6683,#6684,#2806,.T.);
#9869=EDGE_CURVE('',#6686,#6683,#3149,.T.);
#9871=EDGE_CURVE('',#6686,#6688,#3136,.T.);
#9873=EDGE_CURVE('',#6688,#6690,#3123,.T.);
#9875=EDGE_CURVE('',#6690,#6691,#3110,.T.);
#9877=EDGE_CURVE('',#6691,#6692,#3096,.T.);
#9879=EDGE_CURVE('',#6692,#6693,#3082,.T.);
#9881=EDGE_CURVE('',#6693,#6694,#3068,.T.);
#9883=EDGE_CURVE('',#6694,#6696,#3054,.T.);
#9885=EDGE_CURVE('',#6696,#6697,#3040,.T.);
#9887=EDGE_CURVE('',#6697,#6698,#3026,.T.);
#9889=EDGE_CURVE('',#6698,#6699,#3012,.T.);
#9891=EDGE_CURVE('',#6699,#6700,#2998,.T.);
#9893=EDGE_CURVE('',#6702,#6700,#2985,.T.);
#9895=EDGE_CURVE('',#6702,#6704,#2972,.T.);
#9897=EDGE_CURVE('',#6704,#6706,#2959,.T.);
#9899=EDGE_CURVE('',#6707,#6706,#2946,.T.);
#9901=EDGE_CURVE('',#6708,#6707,#2932,.T.);
#9903=EDGE_CURVE('',#6709,#6708,#2918,.T.);
#9905=EDGE_CURVE('',#6710,#6709,#2904,.T.);
#9907=EDGE_CURVE('',#6711,#6710,#2890,.T.);
#9909=EDGE_CURVE('',#6713,#6711,#2876,.T.);
#9911=EDGE_CURVE('',#6714,#6713,#2862,.T.);
#9913=EDGE_CURVE('',#6715,#6714,#2848,.T.);
#9915=EDGE_CURVE('',#6716,#6715,#2834,.T.);
#9917=EDGE_CURVE('',#6684,#6716,#2820,.T.);
#9921=EDGE_CURVE('',#6717,#6718,#3162,.T.);
#9923=EDGE_CURVE('',#6720,#6717,#3896,.T.);
#9925=EDGE_CURVE('',#6720,#6721,#3882,.T.);
#9927=EDGE_CURVE('',#6721,#6722,#3868,.T.);
#9929=EDGE_CURVE('',#6722,#6723,#3854,.T.);
#9931=EDGE_CURVE('',#6723,#6724,#3840,.T.);
#9933=EDGE_CURVE('',#6724,#6726,#3826,.T.);
#9935=EDGE_CURVE('',#6726,#6727,#3812,.T.);
#9937=EDGE_CURVE('',#6727,#6728,#3798,.T.);
#9939=EDGE_CURVE('',#6728,#6729,#3784,.T.);
#9941=EDGE_CURVE('',#6729,#6730,#3770,.T.);
#9943=EDGE_CURVE('',#6730,#6732,#3757,.T.);
#9945=EDGE_CURVE('',#6733,#6732,#3744,.T.);
#9947=EDGE_CURVE('',#6734,#6733,#3730,.T.);
#9949=EDGE_CURVE('',#6735,#6734,#3716,.T.);
#9951=EDGE_CURVE('',#6736,#6735,#3702,.T.);
#9953=EDGE_CURVE('',#6738,#6736,#3688,.T.);
#9955=EDGE_CURVE('',#6739,#6738,#3674,.T.);
#9957=EDGE_CURVE('',#6740,#6739,#3660,.T.);
#9959=EDGE_CURVE('',#6741,#6740,#3646,.T.);
#9961=EDGE_CURVE('',#6741,#6743,#3633,.T.);
#9963=EDGE_CURVE('',#6743,#6744,#3620,.T.);
#9965=EDGE_CURVE('',#6744,#6745,#3606,.T.);
#9967=EDGE_CURVE('',#6745,#6746,#3592,.T.);
#9969=EDGE_CURVE('',#6746,#6748,#3578,.T.);
#9971=EDGE_CURVE('',#6748,#6749,#3564,.T.);
#9973=EDGE_CURVE('',#6749,#6750,#3550,.T.);
#9975=EDGE_CURVE('',#6750,#6751,#3536,.T.);
#9977=EDGE_CURVE('',#6751,#6753,#3522,.T.);
#9979=EDGE_CURVE('',#6754,#6753,#3508,.T.);
#9981=EDGE_CURVE('',#6755,#6754,#3494,.T.);
#9983=EDGE_CURVE('',#6756,#6755,#3480,.T.);
#9985=EDGE_CURVE('',#6757,#6756,#3466,.T.);
#9987=EDGE_CURVE('',#6759,#6757,#3452,.T.);
#9989=EDGE_CURVE('',#6760,#6759,#3438,.T.);
#9991=EDGE_CURVE('',#6761,#6760,#3424,.T.);
#9993=EDGE_CURVE('',#6762,#6761,#3410,.T.);
#9995=EDGE_CURVE('',#6763,#6762,#3396,.T.);
#9997=EDGE_CURVE('',#6765,#6763,#3383,.T.);
#9999=EDGE_CURVE('',#6765,#6766,#3370,.T.);
#10001=EDGE_CURVE('',#6766,#6767,#3356,.T.);
#10003=EDGE_CURVE('',#6767,#6768,#3342,.T.);
#10005=EDGE_CURVE('',#6768,#6769,#3328,.T.);
#10007=EDGE_CURVE('',#6769,#6771,#3314,.T.);
#10009=EDGE_CURVE('',#6771,#6772,#3300,.T.);
#10011=EDGE_CURVE('',#6772,#6773,#3286,.T.);
#10013=EDGE_CURVE('',#6773,#6774,#3272,.T.);
#10015=EDGE_CURVE('',#6776,#6774,#3259,.T.);
#10017=EDGE_CURVE('',#6777,#6776,#3246,.T.);
#10019=EDGE_CURVE('',#6778,#6777,#3232,.T.);
#10021=EDGE_CURVE('',#6779,#6778,#3218,.T.);
#10023=EDGE_CURVE('',#6781,#6779,#3204,.T.);
#10025=EDGE_CURVE('',#6782,#6781,#3190,.T.);
#10027=EDGE_CURVE('',#6718,#6782,#3176,.T.);
#10031=EDGE_CURVE('',#6783,#6784,#3910,.T.);
#10033=EDGE_CURVE('',#6785,#6783,#4156,.T.);
#10035=EDGE_CURVE('',#6786,#6785,#4142,.T.);
#10037=EDGE_CURVE('',#6788,#6786,#4129,.T.);
#10039=EDGE_CURVE('',#6788,#6789,#4116,.T.);
#10041=EDGE_CURVE('',#6789,#6790,#4102,.T.);
#10043=EDGE_CURVE('',#6790,#6791,#4088,.T.);
#10045=EDGE_CURVE('',#6791,#6792,#4074,.T.);
#10047=EDGE_CURVE('',#6792,#6794,#4060,.T.);
#10049=EDGE_CURVE('',#6794,#6796,#4047,.T.);
#10051=EDGE_CURVE('',#6798,#6796,#4034,.T.);
#10053=EDGE_CURVE('',#6799,#6798,#4020,.T.);
#10055=EDGE_CURVE('',#6800,#6799,#4006,.T.);
#10057=EDGE_CURVE('',#6801,#6800,#3992,.T.);
#10059=EDGE_CURVE('',#6802,#6801,#3978,.T.);
#10061=EDGE_CURVE('',#6804,#6802,#3965,.T.);
#10063=EDGE_CURVE('',#6804,#6805,#3952,.T.);
#10065=EDGE_CURVE('',#6805,#6806,#3938,.T.);
#10067=EDGE_CURVE('',#6806,#6784,#3924,.T.);
#10071=EDGE_CURVE('',#6837,#6838,#4442,.T.);
#10073=EDGE_CURVE('',#6838,#6840,#4621,.T.);
#10075=EDGE_CURVE('',#6842,#6840,#4608,.T.);
#10077=EDGE_CURVE('',#6843,#6842,#4594,.T.);
#10079=EDGE_CURVE('',#6844,#6843,#4580,.T.);
#10081=EDGE_CURVE('',#6845,#6844,#4566,.T.);
#10083=EDGE_CURVE('',#6846,#6845,#4552,.T.);
#10085=EDGE_CURVE('',#6847,#6846,#4538,.T.);
#10087=EDGE_CURVE('',#6849,#6847,#4525,.T.);
#10089=EDGE_CURVE('',#6849,#6850,#4512,.T.);
#10091=EDGE_CURVE('',#6850,#6851,#4498,.T.);
#10093=EDGE_CURVE('',#6851,#6852,#4484,.T.);
#10095=EDGE_CURVE('',#6852,#6853,#4470,.T.);
#10097=EDGE_CURVE('',#6853,#6837,#4456,.T.);
#10101=EDGE_CURVE('',#6870,#6871,#4798,.T.);
#10103=EDGE_CURVE('',#6873,#6870,#5532,.T.);
#10105=EDGE_CURVE('',#6873,#6874,#5518,.T.);
#10107=EDGE_CURVE('',#6874,#6875,#5504,.T.);
#10109=EDGE_CURVE('',#6875,#6876,#5490,.T.);
#10111=EDGE_CURVE('',#6876,#6877,#5476,.T.);
#10113=EDGE_CURVE('',#6877,#6879,#5462,.T.);
#10115=EDGE_CURVE('',#6879,#6880,#5448,.T.);
#10117=EDGE_CURVE('',#6880,#6881,#5434,.T.);
#10119=EDGE_CURVE('',#6881,#6882,#5420,.T.);
#10121=EDGE_CURVE('',#6882,#6883,#5406,.T.);
#10123=EDGE_CURVE('',#6883,#6885,#5393,.T.);
#10125=EDGE_CURVE('',#6886,#6885,#5380,.T.);
#10127=EDGE_CURVE('',#6887,#6886,#5366,.T.);
#10129=EDGE_CURVE('',#6888,#6887,#5352,.T.);
#10131=EDGE_CURVE('',#6889,#6888,#5338,.T.);
#10133=EDGE_CURVE('',#6891,#6889,#5324,.T.);
#10135=EDGE_CURVE('',#6892,#6891,#5310,.T.);
#10137=EDGE_CURVE('',#6893,#6892,#5296,.T.);
#10139=EDGE_CURVE('',#6894,#6893,#5282,.T.);
#10141=EDGE_CURVE('',#6894,#6896,#5269,.T.);
#10143=EDGE_CURVE('',#6896,#6897,#5256,.T.);
#10145=EDGE_CURVE('',#6897,#6898,#5242,.T.);
#10147=EDGE_CURVE('',#6898,#6899,#5228,.T.);
#10149=EDGE_CURVE('',#6899,#6901,#5214,.T.);
#10151=EDGE_CURVE('',#6901,#6902,#5200,.T.);
#10153=EDGE_CURVE('',#6902,#6903,#5186,.T.);
#10155=EDGE_CURVE('',#6903,#6904,#5172,.T.);
#10157=EDGE_CURVE('',#6904,#6906,#5158,.T.);
#10159=EDGE_CURVE('',#6907,#6906,#5144,.T.);
#10161=EDGE_CURVE('',#6908,#6907,#5130,.T.);
#10163=EDGE_CURVE('',#6909,#6908,#5116,.T.);
#10165=EDGE_CURVE('',#6910,#6909,#5102,.T.);
#10167=EDGE_CURVE('',#6912,#6910,#5088,.T.);
#10169=EDGE_CURVE('',#6913,#6912,#5074,.T.);
#10171=EDGE_CURVE('',#6914,#6913,#5060,.T.);
#10173=EDGE_CURVE('',#6915,#6914,#5046,.T.);
#10175=EDGE_CURVE('',#6916,#6915,#5032,.T.);
#10177=EDGE_CURVE('',#6918,#6916,#5019,.T.);
#10179=EDGE_CURVE('',#6918,#6919,#5006,.T.);
#10181=EDGE_CURVE('',#6919,#6920,#4992,.T.);
#10183=EDGE_CURVE('',#6920,#6921,#4978,.T.);
#10185=EDGE_CURVE('',#6921,#6922,#4964,.T.);
#10187=EDGE_CURVE('',#6922,#6924,#4950,.T.);
#10189=EDGE_CURVE('',#6924,#6925,#4936,.T.);
#10191=EDGE_CURVE('',#6925,#6926,#4922,.T.);
#10193=EDGE_CURVE('',#6926,#6927,#4908,.T.);
#10195=EDGE_CURVE('',#6929,#6927,#4895,.T.);
#10197=EDGE_CURVE('',#6930,#6929,#4882,.T.);
#10199=EDGE_CURVE('',#6931,#6930,#4868,.T.);
#10201=EDGE_CURVE('',#6932,#6931,#4854,.T.);
#10203=EDGE_CURVE('',#6934,#6932,#4840,.T.);
#10205=EDGE_CURVE('',#6935,#6934,#4826,.T.);
#10207=EDGE_CURVE('',#6871,#6935,#4812,.T.);
#10211=EDGE_CURVE('',#6938,#6939,#5546,.T.);
#10213=EDGE_CURVE('',#6939,#6940,#6088,.T.);
#10215=EDGE_CURVE('',#6940,#6941,#6074,.T.);
#10217=EDGE_CURVE('',#6941,#6942,#6060,.T.);
#10219=EDGE_CURVE('',#6942,#6944,#6046,.T.);
#10221=EDGE_CURVE('',#6944,#6945,#6032,.T.);
#10223=EDGE_CURVE('',#6945,#6946,#6018,.T.);
#10225=EDGE_CURVE('',#6946,#6947,#6004,.T.);
#10227=EDGE_CURVE('',#6947,#6948,#5990,.T.);
#10229=EDGE_CURVE('',#6950,#6948,#5977,.T.);
#10231=EDGE_CURVE('',#6951,#6950,#5964,.T.);
#10233=EDGE_CURVE('',#6952,#6951,#5950,.T.);
#10235=EDGE_CURVE('',#6953,#6952,#5936,.T.);
#10237=EDGE_CURVE('',#6954,#6953,#5922,.T.);
#10239=EDGE_CURVE('',#6956,#6954,#5908,.T.);
#10241=EDGE_CURVE('',#6957,#6956,#5894,.T.);
#10243=EDGE_CURVE('',#6958,#6957,#5880,.T.);
#10245=EDGE_CURVE('',#6959,#6958,#5866,.T.);
#10247=EDGE_CURVE('',#6961,#6959,#5852,.T.);
#10249=EDGE_CURVE('',#6961,#6962,#5838,.T.);
#10251=EDGE_CURVE('',#6962,#6963,#5824,.T.);
#10253=EDGE_CURVE('',#6963,#6964,#5810,.T.);
#10255=EDGE_CURVE('',#6964,#6965,#5796,.T.);
#10257=EDGE_CURVE('',#6965,#6967,#5782,.T.);
#10259=EDGE_CURVE('',#6967,#6968,#5768,.T.);
#10261=EDGE_CURVE('',#6968,#6969,#5754,.T.);
#10263=EDGE_CURVE('',#6969,#6970,#5740,.T.);
#10265=EDGE_CURVE('',#6970,#6971,#5726,.T.);
#10267=EDGE_CURVE('',#6971,#6972,#5712,.T.);
#10269=EDGE_CURVE('',#6972,#6974,#5699,.T.);
#10271=EDGE_CURVE('',#6975,#6974,#5686,.T.);
#10273=EDGE_CURVE('',#6976,#6975,#5672,.T.);
#10275=EDGE_CURVE('',#6977,#6976,#5658,.T.);
#10277=EDGE_CURVE('',#6978,#6977,#5644,.T.);
#10279=EDGE_CURVE('',#6979,#6978,#5630,.T.);
#10281=EDGE_CURVE('',#6981,#6979,#5616,.T.);
#10283=EDGE_CURVE('',#6982,#6981,#5602,.T.);
#10285=EDGE_CURVE('',#6983,#6982,#5588,.T.);
#10287=EDGE_CURVE('',#6984,#6983,#5574,.T.);
#10289=EDGE_CURVE('',#6938,#6984,#5560,.T.);
#10309=EDGE_CURVE('',#6809,#6810,#4170,.T.);
#10311=EDGE_CURVE('',#6811,#6809,#4292,.T.);
#10313=EDGE_CURVE('',#6812,#6811,#4278,.T.);
#10315=EDGE_CURVE('',#6813,#6812,#4264,.T.);
#10317=EDGE_CURVE('',#6813,#6815,#4251,.T.);
#10319=EDGE_CURVE('',#6815,#6816,#4238,.T.);
#10321=EDGE_CURVE('',#6816,#6817,#4224,.T.);
#10323=EDGE_CURVE('',#6817,#6818,#4210,.T.);
#10325=EDGE_CURVE('',#6818,#6820,#4196,.T.);
#10327=EDGE_CURVE('',#6810,#6820,#4183,.T.);
#10337=EDGE_CURVE('',#6821,#6822,#4306,.T.);
#10339=EDGE_CURVE('',#6821,#6824,#4429,.T.);
#10341=EDGE_CURVE('',#6824,#6825,#4416,.T.);
#10343=EDGE_CURVE('',#6825,#6826,#4402,.T.);
#10345=EDGE_CURVE('',#6826,#6827,#4388,.T.);
#10347=EDGE_CURVE('',#6827,#6829,#4374,.T.);
#10349=EDGE_CURVE('',#6831,#6829,#4361,.T.);
#10351=EDGE_CURVE('',#6833,#6831,#4348,.T.);
#10353=EDGE_CURVE('',#6834,#6833,#4334,.T.);
#10355=EDGE_CURVE('',#6822,#6834,#4320,.T.);
#10365=EDGE_CURVE('',#6856,#6857,#4633,.T.);
#10367=EDGE_CURVE('',#6859,#6856,#4784,.T.);
#10369=EDGE_CURVE('',#6860,#6859,#4770,.T.);
#10371=EDGE_CURVE('',#6861,#6860,#4756,.T.);
#10373=EDGE_CURVE('',#6862,#6861,#4742,.T.);
#10375=EDGE_CURVE('',#6863,#6862,#4728,.T.);
#10377=EDGE_CURVE('',#6863,#6865,#4715,.T.);
#10379=EDGE_CURVE('',#6865,#6866,#4702,.T.);
#10381=EDGE_CURVE('',#6866,#6867,#4688,.T.);
#10383=EDGE_CURVE('',#6867,#6868,#4674,.T.);
#10385=EDGE_CURVE('',#6868,#6869,#4660,.T.);
#10387=EDGE_CURVE('',#6869,#6857,#4646,.T.);
#10397=EDGE_CURVE('',#7170,#7046,#2413,.T.);
#10400=EDGE_CURVE('',#7044,#7169,#2422,.T.);
#10413=EDGE_CURVE('',#7049,#7043,#2458,.T.);
#10415=EDGE_CURVE('',#7043,#7050,#2434,.T.);
#10417=EDGE_CURVE('',#7050,#7051,#2440,.T.);
#10419=EDGE_CURVE('',#7046,#7051,#2446,.T.);
#10430=EDGE_CURVE('',#7047,#7042,#2470,.T.);
#10443=B_SPLINE_CURVE_WITH_KNOTS('',3,(#10437,#10438,#10439,#10440,#10441,
#10442),.UNSPECIFIED.,.F.,.F.,(4,1,1,4),(0.E0,3.749378173045E-2,
9.603233871704E-1,1.E0),.UNSPECIFIED.);
#10459=EDGE_CURVE('',#7125,#7127,#2496,.T.);
#10461=EDGE_CURVE('',#7125,#7050,#2785,.T.);
#10465=EDGE_CURVE('',#6375,#7127,#2547,.T.);
#10524=EDGE_CURVE('',#7127,#7129,#2543,.T.);
#10527=EDGE_CURVE('',#7125,#7126,#2506,.T.);
#10659=EDGE_CURVE('',#7127,#7130,#2522,.T.);
#10661=EDGE_CURVE('',#7130,#7131,#2578,.T.);
#10676=EDGE_CURVE('',#6376,#7130,#2561,.T.);
#10686=EDGE_CURVE('',#7130,#7133,#2569,.T.);
#10690=EDGE_CURVE('',#7133,#6373,#2619,.T.);
#10701=EDGE_CURVE('',#7133,#7135,#2615,.T.);
#10773=EDGE_CURVE('',#7133,#7136,#2594,.T.);
#10775=EDGE_CURVE('',#7136,#7137,#2660,.T.);
#10790=EDGE_CURVE('',#7136,#6374,#2633,.T.);
#10800=EDGE_CURVE('',#7136,#7117,#2650,.T.);
#10804=EDGE_CURVE('',#6377,#7117,#2701,.T.);
#10863=EDGE_CURVE('',#7117,#7119,#2697,.T.);
#10997=EDGE_CURVE('',#7117,#7118,#2676,.T.);
#10999=EDGE_CURVE('',#7118,#7120,#2728,.T.);
#11014=EDGE_CURVE('',#6378,#7118,#2715,.T.);
#11024=EDGE_CURVE('',#7118,#7122,#2719,.T.);
#11028=EDGE_CURVE('',#7122,#6380,#2769,.T.);
#11039=EDGE_CURVE('',#7122,#7124,#2765,.T.);
#11111=EDGE_CURVE('',#7122,#7125,#2744,.T.);
#11239=EDGE_CURVE('',#7038,#7037,#2793,.T.);
#11242=EDGE_CURVE('',#7039,#7036,#2789,.T.);
#11465=EDGE_CURVE('',#7140,#7139,#2801,.T.);
#11468=EDGE_CURVE('',#7141,#7138,#2797,.T.);
#11591=EDGE_CURVE('',#6382,#6684,#2810,.T.);
#11593=EDGE_CURVE('',#6381,#6382,#2815,.T.);
#11595=EDGE_CURVE('',#6381,#6683,#3153,.T.);
#11606=EDGE_CURVE('',#6414,#6716,#2824,.T.);
#11608=EDGE_CURVE('',#6382,#6414,#2829,.T.);
#11620=EDGE_CURVE('',#6413,#6715,#2838,.T.);
#11622=EDGE_CURVE('',#6414,#6413,#2843,.T.);
#11634=EDGE_CURVE('',#6412,#6714,#2852,.T.);
#11636=EDGE_CURVE('',#6413,#6412,#2857,.T.);
#11648=EDGE_CURVE('',#6411,#6713,#2866,.T.);
#11650=EDGE_CURVE('',#6412,#6411,#2871,.T.);
#11662=EDGE_CURVE('',#6409,#6711,#2880,.T.);
#11664=EDGE_CURVE('',#6411,#6409,#2885,.T.);
#11676=EDGE_CURVE('',#6408,#6710,#2894,.T.);
#11678=EDGE_CURVE('',#6409,#6408,#2899,.T.);
#11690=EDGE_CURVE('',#6407,#6709,#2908,.T.);
#11692=EDGE_CURVE('',#6408,#6407,#2913,.T.);
#11704=EDGE_CURVE('',#6406,#6708,#2922,.T.);
#11706=EDGE_CURVE('',#6407,#6406,#2927,.T.);
#11718=EDGE_CURVE('',#6405,#6707,#2936,.T.);
#11720=EDGE_CURVE('',#6406,#6405,#2941,.T.);
#11732=EDGE_CURVE('',#6404,#6706,#2950,.T.);
#11734=EDGE_CURVE('',#6405,#6404,#2955,.T.);
#11746=EDGE_CURVE('',#6402,#6704,#2963,.T.);
#11748=EDGE_CURVE('',#6402,#6404,#2967,.T.);
#11760=EDGE_CURVE('',#6400,#6702,#2976,.T.);
#11762=EDGE_CURVE('',#6400,#6402,#2981,.T.);
#11774=EDGE_CURVE('',#6398,#6700,#2989,.T.);
#11776=EDGE_CURVE('',#6400,#6398,#2993,.T.);
#11788=EDGE_CURVE('',#6397,#6699,#3002,.T.);
#11790=EDGE_CURVE('',#6397,#6398,#3007,.T.);
#11802=EDGE_CURVE('',#6396,#6698,#3016,.T.);
#11804=EDGE_CURVE('',#6396,#6397,#3021,.T.);
#11816=EDGE_CURVE('',#6395,#6697,#3030,.T.);
#11818=EDGE_CURVE('',#6395,#6396,#3035,.T.);
#11830=EDGE_CURVE('',#6394,#6696,#3044,.T.);
#11832=EDGE_CURVE('',#6394,#6395,#3049,.T.);
#11844=EDGE_CURVE('',#6392,#6694,#3058,.T.);
#11846=EDGE_CURVE('',#6392,#6394,#3063,.T.);
#11858=EDGE_CURVE('',#6391,#6693,#3072,.T.);
#11860=EDGE_CURVE('',#6391,#6392,#3077,.T.);
#11872=EDGE_CURVE('',#6390,#6692,#3086,.T.);
#11874=EDGE_CURVE('',#6390,#6391,#3091,.T.);
#11886=EDGE_CURVE('',#6389,#6691,#3100,.T.);
#11888=EDGE_CURVE('',#6389,#6390,#3105,.T.);
#11900=EDGE_CURVE('',#6388,#6690,#3114,.T.);
#11902=EDGE_CURVE('',#6388,#6389,#3119,.T.);
#11914=EDGE_CURVE('',#6386,#6688,#3127,.T.);
#11916=EDGE_CURVE('',#6386,#6388,#3131,.T.);
#11928=EDGE_CURVE('',#6384,#6686,#3140,.T.);
#11930=EDGE_CURVE('',#6384,#6386,#3145,.T.);
#11943=EDGE_CURVE('',#6384,#6381,#3157,.T.);
#11988=EDGE_CURVE('',#6415,#6416,#3171,.T.);
#11990=EDGE_CURVE('',#6416,#6480,#3185,.T.);
#11992=EDGE_CURVE('',#6480,#6479,#3199,.T.);
#11994=EDGE_CURVE('',#6479,#6477,#3213,.T.);
#11996=EDGE_CURVE('',#6477,#6476,#3227,.T.);
#11998=EDGE_CURVE('',#6476,#6475,#3241,.T.);
#12000=EDGE_CURVE('',#6475,#6474,#3255,.T.);
#12002=EDGE_CURVE('',#6474,#6472,#3267,.T.);
#12004=EDGE_CURVE('',#6471,#6472,#3281,.T.);
#12006=EDGE_CURVE('',#6470,#6471,#3295,.T.);
#12008=EDGE_CURVE('',#6469,#6470,#3309,.T.);
#12010=EDGE_CURVE('',#6467,#6469,#3323,.T.);
#12012=EDGE_CURVE('',#6466,#6467,#3337,.T.);
#12014=EDGE_CURVE('',#6465,#6466,#3351,.T.);
#12016=EDGE_CURVE('',#6464,#6465,#3365,.T.);
#12018=EDGE_CURVE('',#6463,#6464,#3379,.T.);
#12020=EDGE_CURVE('',#6463,#6461,#3391,.T.);
#12022=EDGE_CURVE('',#6461,#6460,#3405,.T.);
#12024=EDGE_CURVE('',#6460,#6459,#3419,.T.);
#12026=EDGE_CURVE('',#6459,#6458,#3433,.T.);
#12028=EDGE_CURVE('',#6458,#6457,#3447,.T.);
#12030=EDGE_CURVE('',#6457,#6455,#3461,.T.);
#12032=EDGE_CURVE('',#6455,#6454,#3475,.T.);
#12034=EDGE_CURVE('',#6454,#6453,#3489,.T.);
#12036=EDGE_CURVE('',#6453,#6452,#3503,.T.);
#12038=EDGE_CURVE('',#6452,#6451,#3517,.T.);
#12040=EDGE_CURVE('',#6449,#6451,#3531,.T.);
#12042=EDGE_CURVE('',#6448,#6449,#3545,.T.);
#12044=EDGE_CURVE('',#6447,#6448,#3559,.T.);
#12046=EDGE_CURVE('',#6446,#6447,#3573,.T.);
#12048=EDGE_CURVE('',#6444,#6446,#3587,.T.);
#12050=EDGE_CURVE('',#6443,#6444,#3601,.T.);
#12052=EDGE_CURVE('',#6442,#6443,#3615,.T.);
#12054=EDGE_CURVE('',#6441,#6442,#3629,.T.);
#12056=EDGE_CURVE('',#6439,#6441,#3641,.T.);
#12058=EDGE_CURVE('',#6439,#6438,#3655,.T.);
#12060=EDGE_CURVE('',#6438,#6437,#3669,.T.);
#12062=EDGE_CURVE('',#6437,#6436,#3683,.T.);
#12064=EDGE_CURVE('',#6436,#6434,#3697,.T.);
#12066=EDGE_CURVE('',#6434,#6433,#3711,.T.);
#12068=EDGE_CURVE('',#6433,#6432,#3725,.T.);
#12070=EDGE_CURVE('',#6432,#6431,#3739,.T.);
#12072=EDGE_CURVE('',#6431,#6430,#3753,.T.);
#12074=EDGE_CURVE('',#6428,#6430,#3765,.T.);
#12076=EDGE_CURVE('',#6427,#6428,#3779,.T.);
#12078=EDGE_CURVE('',#6426,#6427,#3793,.T.);
#12080=EDGE_CURVE('',#6425,#6426,#3807,.T.);
#12082=EDGE_CURVE('',#6424,#6425,#3821,.T.);
#12084=EDGE_CURVE('',#6422,#6424,#3835,.T.);
#12086=EDGE_CURVE('',#6421,#6422,#3849,.T.);
#12088=EDGE_CURVE('',#6420,#6421,#3863,.T.);
#12090=EDGE_CURVE('',#6419,#6420,#3877,.T.);
#12092=EDGE_CURVE('',#6418,#6419,#3891,.T.);
#12094=EDGE_CURVE('',#6418,#6415,#3905,.T.);
#12104=EDGE_CURVE('',#6481,#6482,#3919,.T.);
#12106=EDGE_CURVE('',#6504,#6482,#3933,.T.);
#12108=EDGE_CURVE('',#6503,#6504,#3947,.T.);
#12110=EDGE_CURVE('',#6502,#6503,#3961,.T.);
#12112=EDGE_CURVE('',#6502,#6500,#3973,.T.);
#12114=EDGE_CURVE('',#6500,#6499,#3987,.T.);
#12116=EDGE_CURVE('',#6499,#6498,#4001,.T.);
#12118=EDGE_CURVE('',#6498,#6497,#4015,.T.);
#12120=EDGE_CURVE('',#6497,#6496,#4029,.T.);
#12122=EDGE_CURVE('',#6496,#6494,#4043,.T.);
#12124=EDGE_CURVE('',#6492,#6494,#4055,.T.);
#12126=EDGE_CURVE('',#6490,#6492,#4069,.T.);
#12128=EDGE_CURVE('',#6489,#6490,#4083,.T.);
#12130=EDGE_CURVE('',#6488,#6489,#4097,.T.);
#12132=EDGE_CURVE('',#6487,#6488,#4111,.T.);
#12134=EDGE_CURVE('',#6486,#6487,#4125,.T.);
#12136=EDGE_CURVE('',#6486,#6484,#4137,.T.);
#12138=EDGE_CURVE('',#6484,#6483,#4151,.T.);
#12140=EDGE_CURVE('',#6483,#6481,#4165,.T.);
#12144=EDGE_CURVE('',#6507,#6508,#4179,.T.);
#12146=EDGE_CURVE('',#6508,#6518,#4191,.T.);
#12148=EDGE_CURVE('',#6516,#6518,#4205,.T.);
#12150=EDGE_CURVE('',#6515,#6516,#4219,.T.);
#12152=EDGE_CURVE('',#6514,#6515,#4233,.T.);
#12154=EDGE_CURVE('',#6513,#6514,#4247,.T.);
#12156=EDGE_CURVE('',#6511,#6513,#4259,.T.);
#12158=EDGE_CURVE('',#6511,#6510,#4273,.T.);
#12160=EDGE_CURVE('',#6510,#6509,#4287,.T.);
#12162=EDGE_CURVE('',#6509,#6507,#4301,.T.);
#12166=EDGE_CURVE('',#6519,#6520,#4315,.T.);
#12168=EDGE_CURVE('',#6520,#6532,#4329,.T.);
#12170=EDGE_CURVE('',#6532,#6531,#4343,.T.);
#12172=EDGE_CURVE('',#6531,#6529,#4357,.T.);
#12174=EDGE_CURVE('',#6529,#6527,#4369,.T.);
#12176=EDGE_CURVE('',#6525,#6527,#4383,.T.);
#12178=EDGE_CURVE('',#6524,#6525,#4397,.T.);
#12180=EDGE_CURVE('',#6523,#6524,#4411,.T.);
#12182=EDGE_CURVE('',#6522,#6523,#4425,.T.);
#12184=EDGE_CURVE('',#6519,#6522,#4437,.T.);
#12194=EDGE_CURVE('',#6535,#6536,#4451,.T.);
#12196=EDGE_CURVE('',#6551,#6535,#4465,.T.);
#12198=EDGE_CURVE('',#6550,#6551,#4479,.T.);
#12200=EDGE_CURVE('',#6549,#6550,#4493,.T.);
#12202=EDGE_CURVE('',#6548,#6549,#4507,.T.);
#12204=EDGE_CURVE('',#6547,#6548,#4521,.T.);
#12206=EDGE_CURVE('',#6547,#6545,#4533,.T.);
#12208=EDGE_CURVE('',#6545,#6544,#4547,.T.);
#12210=EDGE_CURVE('',#6544,#6543,#4561,.T.);
#12212=EDGE_CURVE('',#6543,#6542,#4575,.T.);
#12214=EDGE_CURVE('',#6542,#6541,#4589,.T.);
#12216=EDGE_CURVE('',#6541,#6540,#4603,.T.);
#12218=EDGE_CURVE('',#6540,#6538,#4617,.T.);
#12220=EDGE_CURVE('',#6536,#6538,#4629,.T.);
#12224=EDGE_CURVE('',#6554,#6555,#4641,.T.);
#12226=EDGE_CURVE('',#6567,#6555,#4655,.T.);
#12228=EDGE_CURVE('',#6566,#6567,#4669,.T.);
#12230=EDGE_CURVE('',#6565,#6566,#4683,.T.);
#12232=EDGE_CURVE('',#6564,#6565,#4697,.T.);
#12234=EDGE_CURVE('',#6563,#6564,#4711,.T.);
#12236=EDGE_CURVE('',#6561,#6563,#4723,.T.);
#12238=EDGE_CURVE('',#6561,#6560,#4737,.T.);
#12240=EDGE_CURVE('',#6560,#6559,#4751,.T.);
#12242=EDGE_CURVE('',#6559,#6558,#4765,.T.);
#12244=EDGE_CURVE('',#6558,#6557,#4779,.T.);
#12246=EDGE_CURVE('',#6557,#6554,#4793,.T.);
#12256=EDGE_CURVE('',#6568,#6569,#4807,.T.);
#12258=EDGE_CURVE('',#6569,#6633,#4821,.T.);
#12260=EDGE_CURVE('',#6633,#6632,#4835,.T.);
#12262=EDGE_CURVE('',#6632,#6630,#4849,.T.);
#12264=EDGE_CURVE('',#6630,#6629,#4863,.T.);
#12266=EDGE_CURVE('',#6629,#6628,#4877,.T.);
#12268=EDGE_CURVE('',#6628,#6627,#4891,.T.);
#12270=EDGE_CURVE('',#6627,#6625,#4903,.T.);
#12272=EDGE_CURVE('',#6624,#6625,#4917,.T.);
#12274=EDGE_CURVE('',#6623,#6624,#4931,.T.);
#12276=EDGE_CURVE('',#6622,#6623,#4945,.T.);
#12278=EDGE_CURVE('',#6620,#6622,#4959,.T.);
#12280=EDGE_CURVE('',#6619,#6620,#4973,.T.);
#12282=EDGE_CURVE('',#6618,#6619,#4987,.T.);
#12284=EDGE_CURVE('',#6617,#6618,#5001,.T.);
#12286=EDGE_CURVE('',#6616,#6617,#5015,.T.);
#12288=EDGE_CURVE('',#6616,#6614,#5027,.T.);
#12290=EDGE_CURVE('',#6614,#6613,#5041,.T.);
#12292=EDGE_CURVE('',#6613,#6612,#5055,.T.);
#12294=EDGE_CURVE('',#6612,#6611,#5069,.T.);
#12296=EDGE_CURVE('',#6611,#6610,#5083,.T.);
#12298=EDGE_CURVE('',#6610,#6608,#5097,.T.);
#12300=EDGE_CURVE('',#6608,#6607,#5111,.T.);
#12302=EDGE_CURVE('',#6607,#6606,#5125,.T.);
#12304=EDGE_CURVE('',#6606,#6605,#5139,.T.);
#12306=EDGE_CURVE('',#6605,#6604,#5153,.T.);
#12308=EDGE_CURVE('',#6602,#6604,#5167,.T.);
#12310=EDGE_CURVE('',#6601,#6602,#5181,.T.);
#12312=EDGE_CURVE('',#6600,#6601,#5195,.T.);
#12314=EDGE_CURVE('',#6599,#6600,#5209,.T.);
#12316=EDGE_CURVE('',#6597,#6599,#5223,.T.);
#12318=EDGE_CURVE('',#6596,#6597,#5237,.T.);
#12320=EDGE_CURVE('',#6595,#6596,#5251,.T.);
#12322=EDGE_CURVE('',#6594,#6595,#5265,.T.);
#12324=EDGE_CURVE('',#6592,#6594,#5277,.T.);
#12326=EDGE_CURVE('',#6592,#6591,#5291,.T.);
#12328=EDGE_CURVE('',#6591,#6590,#5305,.T.);
#12330=EDGE_CURVE('',#6590,#6589,#5319,.T.);
#12332=EDGE_CURVE('',#6589,#6587,#5333,.T.);
#12334=EDGE_CURVE('',#6587,#6586,#5347,.T.);
#12336=EDGE_CURVE('',#6586,#6585,#5361,.T.);
#12338=EDGE_CURVE('',#6585,#6584,#5375,.T.);
#12340=EDGE_CURVE('',#6584,#6583,#5389,.T.);
#12342=EDGE_CURVE('',#6581,#6583,#5401,.T.);
#12344=EDGE_CURVE('',#6580,#6581,#5415,.T.);
#12346=EDGE_CURVE('',#6579,#6580,#5429,.T.);
#12348=EDGE_CURVE('',#6578,#6579,#5443,.T.);
#12350=EDGE_CURVE('',#6577,#6578,#5457,.T.);
#12352=EDGE_CURVE('',#6575,#6577,#5471,.T.);
#12354=EDGE_CURVE('',#6574,#6575,#5485,.T.);
#12356=EDGE_CURVE('',#6573,#6574,#5499,.T.);
#12358=EDGE_CURVE('',#6572,#6573,#5513,.T.);
#12360=EDGE_CURVE('',#6571,#6572,#5527,.T.);
#12362=EDGE_CURVE('',#6571,#6568,#5541,.T.);
#12372=EDGE_CURVE('',#6636,#6637,#5555,.T.);
#12374=EDGE_CURVE('',#6636,#6682,#5569,.T.);
#12376=EDGE_CURVE('',#6682,#6681,#5583,.T.);
#12378=EDGE_CURVE('',#6681,#6680,#5597,.T.);
#12380=EDGE_CURVE('',#6680,#6679,#5611,.T.);
#12382=EDGE_CURVE('',#6679,#6677,#5625,.T.);
#12384=EDGE_CURVE('',#6677,#6676,#5639,.T.);
#12386=EDGE_CURVE('',#6676,#6675,#5653,.T.);
#12388=EDGE_CURVE('',#6675,#6674,#5667,.T.);
#12390=EDGE_CURVE('',#6674,#6673,#5681,.T.);
#12392=EDGE_CURVE('',#6673,#6672,#5695,.T.);
#12394=EDGE_CURVE('',#6670,#6672,#5707,.T.);
#12396=EDGE_CURVE('',#6669,#6670,#5721,.T.);
#12398=EDGE_CURVE('',#6668,#6669,#5735,.T.);
#12400=EDGE_CURVE('',#6667,#6668,#5749,.T.);
#12402=EDGE_CURVE('',#6666,#6667,#5763,.T.);
#12404=EDGE_CURVE('',#6665,#6666,#5777,.T.);
#12406=EDGE_CURVE('',#6663,#6665,#5791,.T.);
#12408=EDGE_CURVE('',#6662,#6663,#5805,.T.);
#12410=EDGE_CURVE('',#6661,#6662,#5819,.T.);
#12412=EDGE_CURVE('',#6660,#6661,#5833,.T.);
#12414=EDGE_CURVE('',#6659,#6660,#5847,.T.);
#12416=EDGE_CURVE('',#6659,#6657,#5861,.T.);
#12418=EDGE_CURVE('',#6657,#6656,#5875,.T.);
#12420=EDGE_CURVE('',#6656,#6655,#5889,.T.);
#12422=EDGE_CURVE('',#6655,#6654,#5903,.T.);
#12424=EDGE_CURVE('',#6654,#6652,#5917,.T.);
#12426=EDGE_CURVE('',#6652,#6651,#5931,.T.);
#12428=EDGE_CURVE('',#6651,#6650,#5945,.T.);
#12430=EDGE_CURVE('',#6650,#6649,#5959,.T.);
#12432=EDGE_CURVE('',#6649,#6648,#5973,.T.);
#12434=EDGE_CURVE('',#6648,#6646,#5985,.T.);
#12436=EDGE_CURVE('',#6645,#6646,#5999,.T.);
#12438=EDGE_CURVE('',#6644,#6645,#6013,.T.);
#12440=EDGE_CURVE('',#6643,#6644,#6027,.T.);
#12442=EDGE_CURVE('',#6642,#6643,#6041,.T.);
#12444=EDGE_CURVE('',#6640,#6642,#6055,.T.);
#12446=EDGE_CURVE('',#6639,#6640,#6069,.T.);
#12448=EDGE_CURVE('',#6638,#6639,#6083,.T.);
#12450=EDGE_CURVE('',#6637,#6638,#6097,.T.);
#12461=EDGE_CURVE('',#6416,#6718,#3166,.T.);
#12464=EDGE_CURVE('',#6415,#6717,#3900,.T.);
#12475=EDGE_CURVE('',#6480,#6782,#3180,.T.);
#12488=EDGE_CURVE('',#6479,#6781,#3194,.T.);
#12501=EDGE_CURVE('',#6477,#6779,#3208,.T.);
#12514=EDGE_CURVE('',#6476,#6778,#3222,.T.);
#12527=EDGE_CURVE('',#6475,#6777,#3236,.T.);
#12540=EDGE_CURVE('',#6474,#6776,#3250,.T.);
#12553=EDGE_CURVE('',#6472,#6774,#3263,.T.);
#12566=EDGE_CURVE('',#6471,#6773,#3276,.T.);
#12579=EDGE_CURVE('',#6470,#6772,#3290,.T.);
#12592=EDGE_CURVE('',#6469,#6771,#3304,.T.);
#12605=EDGE_CURVE('',#6467,#6769,#3318,.T.);
#12618=EDGE_CURVE('',#6466,#6768,#3332,.T.);
#12631=EDGE_CURVE('',#6465,#6767,#3346,.T.);
#12644=EDGE_CURVE('',#6464,#6766,#3360,.T.);
#12657=EDGE_CURVE('',#6463,#6765,#3374,.T.);
#12670=EDGE_CURVE('',#6461,#6763,#3387,.T.);
#12683=EDGE_CURVE('',#6460,#6762,#3400,.T.);
#12696=EDGE_CURVE('',#6459,#6761,#3414,.T.);
#12709=EDGE_CURVE('',#6458,#6760,#3428,.T.);
#12722=EDGE_CURVE('',#6457,#6759,#3442,.T.);
#12735=EDGE_CURVE('',#6455,#6757,#3456,.T.);
#12748=EDGE_CURVE('',#6454,#6756,#3470,.T.);
#12761=EDGE_CURVE('',#6453,#6755,#3484,.T.);
#12774=EDGE_CURVE('',#6452,#6754,#3498,.T.);
#12787=EDGE_CURVE('',#6451,#6753,#3512,.T.);
#12800=EDGE_CURVE('',#6449,#6751,#3526,.T.);
#12813=EDGE_CURVE('',#6448,#6750,#3540,.T.);
#12826=EDGE_CURVE('',#6447,#6749,#3554,.T.);
#12839=EDGE_CURVE('',#6446,#6748,#3568,.T.);
#12852=EDGE_CURVE('',#6444,#6746,#3582,.T.);
#12865=EDGE_CURVE('',#6443,#6745,#3596,.T.);
#12878=EDGE_CURVE('',#6442,#6744,#3610,.T.);
#12891=EDGE_CURVE('',#6441,#6743,#3624,.T.);
#12904=EDGE_CURVE('',#6439,#6741,#3637,.T.);
#12917=EDGE_CURVE('',#6438,#6740,#3650,.T.);
#12930=EDGE_CURVE('',#6437,#6739,#3664,.T.);
#12943=EDGE_CURVE('',#6436,#6738,#3678,.T.);
#12956=EDGE_CURVE('',#6434,#6736,#3692,.T.);
#12969=EDGE_CURVE('',#6433,#6735,#3706,.T.);
#12982=EDGE_CURVE('',#6432,#6734,#3720,.T.);
#12995=EDGE_CURVE('',#6431,#6733,#3734,.T.);
#13008=EDGE_CURVE('',#6430,#6732,#3748,.T.);
#13021=EDGE_CURVE('',#6428,#6730,#3761,.T.);
#13034=EDGE_CURVE('',#6427,#6729,#3774,.T.);
#13047=EDGE_CURVE('',#6426,#6728,#3788,.T.);
#13060=EDGE_CURVE('',#6425,#6727,#3802,.T.);
#13073=EDGE_CURVE('',#6424,#6726,#3816,.T.);
#13086=EDGE_CURVE('',#6422,#6724,#3830,.T.);
#13099=EDGE_CURVE('',#6421,#6723,#3844,.T.);
#13112=EDGE_CURVE('',#6420,#6722,#3858,.T.);
#13125=EDGE_CURVE('',#6419,#6721,#3872,.T.);
#13138=EDGE_CURVE('',#6418,#6720,#3886,.T.);
#13163=EDGE_CURVE('',#6482,#6784,#3914,.T.);
#13166=EDGE_CURVE('',#6481,#6783,#4160,.T.);
#13177=EDGE_CURVE('',#6504,#6806,#3928,.T.);
#13190=EDGE_CURVE('',#6503,#6805,#3942,.T.);
#13203=EDGE_CURVE('',#6502,#6804,#3956,.T.);
#13216=EDGE_CURVE('',#6500,#6802,#3969,.T.);
#13229=EDGE_CURVE('',#6499,#6801,#3982,.T.);
#13242=EDGE_CURVE('',#6498,#6800,#3996,.T.);
#13255=EDGE_CURVE('',#6497,#6799,#4010,.T.);
#13268=EDGE_CURVE('',#6496,#6798,#4024,.T.);
#13281=EDGE_CURVE('',#6494,#6796,#4038,.T.);
#13294=EDGE_CURVE('',#6492,#6794,#4051,.T.);
#13307=EDGE_CURVE('',#6490,#6792,#4064,.T.);
#13320=EDGE_CURVE('',#6489,#6791,#4078,.T.);
#13333=EDGE_CURVE('',#6488,#6790,#4092,.T.);
#13346=EDGE_CURVE('',#6487,#6789,#4106,.T.);
#13359=EDGE_CURVE('',#6486,#6788,#4120,.T.);
#13372=EDGE_CURVE('',#6484,#6786,#4133,.T.);
#13385=EDGE_CURVE('',#6483,#6785,#4146,.T.);
#13410=EDGE_CURVE('',#6508,#6810,#4174,.T.);
#13413=EDGE_CURVE('',#6507,#6809,#4296,.T.);
#13424=EDGE_CURVE('',#6518,#6820,#4187,.T.);
#13437=EDGE_CURVE('',#6516,#6818,#4200,.T.);
#13450=EDGE_CURVE('',#6515,#6817,#4214,.T.);
#13463=EDGE_CURVE('',#6514,#6816,#4228,.T.);
#13476=EDGE_CURVE('',#6513,#6815,#4242,.T.);
#13489=EDGE_CURVE('',#6511,#6813,#4255,.T.);
#13502=EDGE_CURVE('',#6510,#6812,#4268,.T.);
#13515=EDGE_CURVE('',#6509,#6811,#4282,.T.);
#13540=EDGE_CURVE('',#6520,#6822,#4310,.T.);
#13543=EDGE_CURVE('',#6519,#6821,#4433,.T.);
#13554=EDGE_CURVE('',#6532,#6834,#4324,.T.);
#13567=EDGE_CURVE('',#6531,#6833,#4338,.T.);
#13580=EDGE_CURVE('',#6529,#6831,#4352,.T.);
#13593=EDGE_CURVE('',#6527,#6829,#4365,.T.);
#13606=EDGE_CURVE('',#6525,#6827,#4378,.T.);
#13619=EDGE_CURVE('',#6524,#6826,#4392,.T.);
#13632=EDGE_CURVE('',#6523,#6825,#4406,.T.);
#13645=EDGE_CURVE('',#6522,#6824,#4420,.T.);
#13670=EDGE_CURVE('',#6535,#6837,#4446,.T.);
#13673=EDGE_CURVE('',#6536,#6838,#4625,.T.);
#13684=EDGE_CURVE('',#6551,#6853,#4460,.T.);
#13697=EDGE_CURVE('',#6550,#6852,#4474,.T.);
#13710=EDGE_CURVE('',#6549,#6851,#4488,.T.);
#13723=EDGE_CURVE('',#6548,#6850,#4502,.T.);
#13736=EDGE_CURVE('',#6547,#6849,#4516,.T.);
#13749=EDGE_CURVE('',#6545,#6847,#4529,.T.);
#13762=EDGE_CURVE('',#6544,#6846,#4542,.T.);
#13775=EDGE_CURVE('',#6543,#6845,#4556,.T.);
#13788=EDGE_CURVE('',#6542,#6844,#4570,.T.);
#13801=EDGE_CURVE('',#6541,#6843,#4584,.T.);
#13814=EDGE_CURVE('',#6540,#6842,#4598,.T.);
#13827=EDGE_CURVE('',#6538,#6840,#4612,.T.);
#13852=EDGE_CURVE('',#6555,#6857,#4637,.T.);
#13855=EDGE_CURVE('',#6554,#6856,#4788,.T.);
#13866=EDGE_CURVE('',#6567,#6869,#4650,.T.);
#13879=EDGE_CURVE('',#6566,#6868,#4664,.T.);
#13892=EDGE_CURVE('',#6565,#6867,#4678,.T.);
#13905=EDGE_CURVE('',#6564,#6866,#4692,.T.);
#13918=EDGE_CURVE('',#6563,#6865,#4706,.T.);
#13931=EDGE_CURVE('',#6561,#6863,#4719,.T.);
#13944=EDGE_CURVE('',#6560,#6862,#4732,.T.);
#13957=EDGE_CURVE('',#6559,#6861,#4746,.T.);
#13970=EDGE_CURVE('',#6558,#6860,#4760,.T.);
#13983=EDGE_CURVE('',#6557,#6859,#4774,.T.);
#14008=EDGE_CURVE('',#6569,#6871,#4802,.T.);
#14011=EDGE_CURVE('',#6568,#6870,#5536,.T.);
#14022=EDGE_CURVE('',#6633,#6935,#4816,.T.);
#14035=EDGE_CURVE('',#6632,#6934,#4830,.T.);
#14048=EDGE_CURVE('',#6630,#6932,#4844,.T.);
#14061=EDGE_CURVE('',#6629,#6931,#4858,.T.);
#14074=EDGE_CURVE('',#6628,#6930,#4872,.T.);
#14087=EDGE_CURVE('',#6627,#6929,#4886,.T.);
#14100=EDGE_CURVE('',#6625,#6927,#4899,.T.);
#14113=EDGE_CURVE('',#6624,#6926,#4912,.T.);
#14126=EDGE_CURVE('',#6623,#6925,#4926,.T.);
#14139=EDGE_CURVE('',#6622,#6924,#4940,.T.);
#14152=EDGE_CURVE('',#6620,#6922,#4954,.T.);
#14165=EDGE_CURVE('',#6619,#6921,#4968,.T.);
#14178=EDGE_CURVE('',#6618,#6920,#4982,.T.);
#14191=EDGE_CURVE('',#6617,#6919,#4996,.T.);
#14204=EDGE_CURVE('',#6616,#6918,#5010,.T.);
#14217=EDGE_CURVE('',#6614,#6916,#5023,.T.);
#14230=EDGE_CURVE('',#6613,#6915,#5036,.T.);
#14243=EDGE_CURVE('',#6612,#6914,#5050,.T.);
#14256=EDGE_CURVE('',#6611,#6913,#5064,.T.);
#14269=EDGE_CURVE('',#6610,#6912,#5078,.T.);
#14282=EDGE_CURVE('',#6608,#6910,#5092,.T.);
#14295=EDGE_CURVE('',#6607,#6909,#5106,.T.);
#14308=EDGE_CURVE('',#6606,#6908,#5120,.T.);
#14321=EDGE_CURVE('',#6605,#6907,#5134,.T.);
#14334=EDGE_CURVE('',#6604,#6906,#5148,.T.);
#14347=EDGE_CURVE('',#6602,#6904,#5162,.T.);
#14360=EDGE_CURVE('',#6601,#6903,#5176,.T.);
#14373=EDGE_CURVE('',#6600,#6902,#5190,.T.);
#14386=EDGE_CURVE('',#6599,#6901,#5204,.T.);
#14399=EDGE_CURVE('',#6597,#6899,#5218,.T.);
#14412=EDGE_CURVE('',#6596,#6898,#5232,.T.);
#14425=EDGE_CURVE('',#6595,#6897,#5246,.T.);
#14438=EDGE_CURVE('',#6594,#6896,#5260,.T.);
#14451=EDGE_CURVE('',#6592,#6894,#5273,.T.);
#14464=EDGE_CURVE('',#6591,#6893,#5286,.T.);
#14477=EDGE_CURVE('',#6590,#6892,#5300,.T.);
#14490=EDGE_CURVE('',#6589,#6891,#5314,.T.);
#14503=EDGE_CURVE('',#6587,#6889,#5328,.T.);
#14516=EDGE_CURVE('',#6586,#6888,#5342,.T.);
#14529=EDGE_CURVE('',#6585,#6887,#5356,.T.);
#14542=EDGE_CURVE('',#6584,#6886,#5370,.T.);
#14555=EDGE_CURVE('',#6583,#6885,#5384,.T.);
#14568=EDGE_CURVE('',#6581,#6883,#5397,.T.);
#14581=EDGE_CURVE('',#6580,#6882,#5410,.T.);
#14594=EDGE_CURVE('',#6579,#6881,#5424,.T.);
#14607=EDGE_CURVE('',#6578,#6880,#5438,.T.);
#14620=EDGE_CURVE('',#6577,#6879,#5452,.T.);
#14633=EDGE_CURVE('',#6575,#6877,#5466,.T.);
#14646=EDGE_CURVE('',#6574,#6876,#5480,.T.);
#14659=EDGE_CURVE('',#6573,#6875,#5494,.T.);
#14672=EDGE_CURVE('',#6572,#6874,#5508,.T.);
#14685=EDGE_CURVE('',#6571,#6873,#5522,.T.);
#14710=EDGE_CURVE('',#6636,#6938,#5550,.T.);
#14713=EDGE_CURVE('',#6637,#6939,#6092,.T.);
#14724=EDGE_CURVE('',#6682,#6984,#5564,.T.);
#14737=EDGE_CURVE('',#6681,#6983,#5578,.T.);
#14750=EDGE_CURVE('',#6680,#6982,#5592,.T.);
#14763=EDGE_CURVE('',#6679,#6981,#5606,.T.);
#14776=EDGE_CURVE('',#6677,#6979,#5620,.T.);
#14789=EDGE_CURVE('',#6676,#6978,#5634,.T.);
#14802=EDGE_CURVE('',#6675,#6977,#5648,.T.);
#14815=EDGE_CURVE('',#6674,#6976,#5662,.T.);
#14828=EDGE_CURVE('',#6673,#6975,#5676,.T.);
#14841=EDGE_CURVE('',#6672,#6974,#5690,.T.);
#14854=EDGE_CURVE('',#6670,#6972,#5703,.T.);
#14867=EDGE_CURVE('',#6669,#6971,#5716,.T.);
#14880=EDGE_CURVE('',#6668,#6970,#5730,.T.);
#14893=EDGE_CURVE('',#6667,#6969,#5744,.T.);
#14906=EDGE_CURVE('',#6666,#6968,#5758,.T.);
#14919=EDGE_CURVE('',#6665,#6967,#5772,.T.);
#14932=EDGE_CURVE('',#6663,#6965,#5786,.T.);
#14945=EDGE_CURVE('',#6662,#6964,#5800,.T.);
#14958=EDGE_CURVE('',#6661,#6963,#5814,.T.);
#14971=EDGE_CURVE('',#6660,#6962,#5828,.T.);
#14984=EDGE_CURVE('',#6659,#6961,#5842,.T.);
#14997=EDGE_CURVE('',#6657,#6959,#5856,.T.);
#15010=EDGE_CURVE('',#6656,#6958,#5870,.T.);
#15023=EDGE_CURVE('',#6655,#6957,#5884,.T.);
#15036=EDGE_CURVE('',#6654,#6956,#5898,.T.);
#15049=EDGE_CURVE('',#6652,#6954,#5912,.T.);
#15062=EDGE_CURVE('',#6651,#6953,#5926,.T.);
#15075=EDGE_CURVE('',#6650,#6952,#5940,.T.);
#15088=EDGE_CURVE('',#6649,#6951,#5954,.T.);
#15101=EDGE_CURVE('',#6648,#6950,#5968,.T.);
#15114=EDGE_CURVE('',#6646,#6948,#5981,.T.);
#15127=EDGE_CURVE('',#6645,#6947,#5994,.T.);
#15140=EDGE_CURVE('',#6644,#6946,#6008,.T.);
#15153=EDGE_CURVE('',#6643,#6945,#6022,.T.);
#15166=EDGE_CURVE('',#6642,#6944,#6036,.T.);
#15179=EDGE_CURVE('',#6640,#6942,#6050,.T.);
#15192=EDGE_CURVE('',#6639,#6941,#6064,.T.);
#15205=EDGE_CURVE('',#6638,#6940,#6078,.T.);
#15233=EDGE_CURVE('',#7007,#7008,#6122,.T.);
#15277=ADVANCED_BREP_SHAPE_REPRESENTATION('',(#15268),#15276);
#15284=PRODUCT_DEFINITION('design','',#15283,#15280);
#15285=PRODUCT_DEFINITION_SHAPE('','SHAPE FOR 16-FRONT.',#15284);
#15286=SHAPE_DEFINITION_REPRESENTATION(#15285,#15277);
ENDSEC;
END-ISO-10303-21;
