ISO-10303-21;
HEADER;
/* Generated by software containing ST-Developer
 * from STEP Tools, Inc. (www.steptools.com) 
 */

FILE_DESCRIPTION(
/* description */ (''),
/* implementation_level */ '2;1');

FILE_NAME(
/* name */ 'Archetype Landing Gear.step',
/* time_stamp */ '2025-11-09T09:27:08+11:00',
/* author */ (''),
/* organization */ (''),
/* preprocessor_version */ 'ST-DEVELOPER v20.1',
/* originating_system */ 'Autodesk Translation Framework v14.17.0.0',
/* authorisation */ '');

FILE_SCHEMA (('AUTOMOTIVE_DESIGN { 1 0 10303 214 3 1 1 }'));
ENDSEC;

DATA;
#10=MECHANICAL_DESIGN_GEOMETRIC_PRESENTATION_REPRESENTATION('',(#17),#3302);
#11=ITEM_DEFINED_TRANSFORMATION($,$,#1938,#2143);
#12=(
REPRESENTATION_RELATIONSHIP($,$,#3313,#3312)
REPRESENTATION_RELATIONSHIP_WITH_TRANSFORMATION(#11)
SHAPE_REPRESENTATION_RELATIONSHIP()
);
#13=CONTEXT_DEPENDENT_SHAPE_REPRESENTATION(#12,#3311);
#14=NEXT_ASSEMBLY_USAGE_OCCURRENCE('Component4:1','Component4:1',
'Component4:1',#3315,#3316,'Component4:1');
#15=SHAPE_REPRESENTATION_RELATIONSHIP('SRR','None',#3313,#16);
#16=ADVANCED_BREP_SHAPE_REPRESENTATION('',(#18),#3301);
#17=STYLED_ITEM('',(#3326),#18);
#18=MANIFOLD_SOLID_BREP('Body1',#1924);
#19=(
BOUNDED_CURVE()
B_SPLINE_CURVE(2,(#3200,#3201,#3202),.UNSPECIFIED.,.F.,.F.)
B_SPLINE_CURVE_WITH_KNOTS((3,3),(0.0663723688554877,0.227291953757708),
 .UNSPECIFIED.)
CURVE()
GEOMETRIC_REPRESENTATION_ITEM()
RATIONAL_B_SPLINE_CURVE((1.,1.,1.))
REPRESENTATION_ITEM('')
);
#20=ELLIPSE('',#2093,1.41421356237308,0.999999999999989);
#21=B_SPLINE_CURVE_WITH_KNOTS('',3,(#3161,#3162,#3163,#3164,#3165,#3166,
#3167,#3168,#3169,#3170),.UNSPECIFIED.,.F.,.F.,(4,2,2,2,4),(0.529584549561918,
0.552638302650575,0.575692055739231,0.621799561916543,0.633832567874642),
 .UNSPECIFIED.);
#22=CONICAL_SURFACE('',#2025,0.900000000000026,0.785398163397443);
#23=CONICAL_SURFACE('',#2029,0.399999999999964,0.785398163397447);
#24=CONICAL_SURFACE('',#2033,0.400000000000005,0.785398163397445);
#25=CONICAL_SURFACE('',#2037,0.900000000000048,0.785398163397455);
#26=CONICAL_SURFACE('',#2041,0.900000000000072,0.785398163397447);
#27=CONICAL_SURFACE('',#2065,5.99999999999998,0.785398163397442);
#28=CONICAL_SURFACE('',#2069,6.00000000000001,0.785398163397448);
#29=CONICAL_SURFACE('',#2073,6.00000000000001,0.785398163397451);
#30=CONICAL_SURFACE('',#2077,1.00000000000001,0.785398163397442);
#31=CONICAL_SURFACE('',#2081,2.5,0.78539816339745);
#32=CONICAL_SURFACE('',#2085,0.999999999999989,0.785398163397445);
#33=CONICAL_SURFACE('',#2102,5.89999999999998,0.785398163397444);
#34=CONICAL_SURFACE('',#2110,4.15785010645606,0.785398163397448);
#35=CONICAL_SURFACE('',#2112,4.15785010645607,0.78539816339745);
#36=CONICAL_SURFACE('',#2114,1.80350000000001,0.785398163397451);
#37=CONICAL_SURFACE('',#2115,4.34214989354395,0.785398163397445);
#38=CONICAL_SURFACE('',#2117,1.3035,0.785398163397447);
#39=CONICAL_SURFACE('',#2119,5.90000000000001,0.78539816339745);
#40=CONICAL_SURFACE('',#2122,5.90000000000001,0.785398163397445);
#41=CONICAL_SURFACE('',#2125,0.900000000000003,0.785398163397445);
#42=FACE_BOUND('',#230,.T.);
#43=FACE_BOUND('',#233,.T.);
#44=FACE_BOUND('',#236,.T.);
#45=FACE_BOUND('',#239,.T.);
#46=FACE_BOUND('',#242,.T.);
#47=FACE_BOUND('',#243,.T.);
#48=FACE_BOUND('',#244,.T.);
#49=FACE_BOUND('',#245,.T.);
#50=FACE_BOUND('',#246,.T.);
#51=FACE_BOUND('',#258,.T.);
#52=FACE_BOUND('',#259,.T.);
#53=FACE_BOUND('',#260,.T.);
#54=FACE_BOUND('',#261,.T.);
#55=FACE_BOUND('',#262,.T.);
#56=FACE_BOUND('',#263,.T.);
#57=FACE_BOUND('',#323,.T.);
#58=FACE_BOUND('',#350,.T.);
#59=PLANE('',#1942);
#60=PLANE('',#1947);
#61=PLANE('',#1952);
#62=PLANE('',#1957);
#63=PLANE('',#1959);
#64=PLANE('',#1960);
#65=PLANE('',#1977);
#66=PLANE('',#1980);
#67=PLANE('',#1981);
#68=PLANE('',#1982);
#69=PLANE('',#1993);
#70=PLANE('',#1997);
#71=PLANE('',#2001);
#72=PLANE('',#2005);
#73=PLANE('',#2012);
#74=PLANE('',#2013);
#75=PLANE('',#2020);
#76=PLANE('',#2022);
#77=PLANE('',#2024);
#78=PLANE('',#2028);
#79=PLANE('',#2032);
#80=PLANE('',#2036);
#81=PLANE('',#2040);
#82=PLANE('',#2044);
#83=PLANE('',#2047);
#84=PLANE('',#2050);
#85=PLANE('',#2051);
#86=PLANE('',#2054);
#87=PLANE('',#2057);
#88=PLANE('',#2060);
#89=PLANE('',#2062);
#90=PLANE('',#2064);
#91=PLANE('',#2068);
#92=PLANE('',#2072);
#93=PLANE('',#2076);
#94=PLANE('',#2080);
#95=PLANE('',#2084);
#96=PLANE('',#2090);
#97=PLANE('',#2096);
#98=PLANE('',#2104);
#99=PLANE('',#2105);
#100=PLANE('',#2109);
#101=PLANE('',#2111);
#102=PLANE('',#2113);
#103=PLANE('',#2116);
#104=PLANE('',#2118);
#105=PLANE('',#2121);
#106=PLANE('',#2124);
#107=PLANE('',#2126);
#108=PLANE('',#2127);
#109=PLANE('',#2128);
#110=PLANE('',#2130);
#111=PLANE('',#2132);
#112=PLANE('',#2133);
#113=PLANE('',#2138);
#114=PLANE('',#2140);
#115=PLANE('',#2142);
#116=FACE_OUTER_BOUND('',#228,.T.);
#117=FACE_OUTER_BOUND('',#229,.T.);
#118=FACE_OUTER_BOUND('',#231,.T.);
#119=FACE_OUTER_BOUND('',#232,.T.);
#120=FACE_OUTER_BOUND('',#234,.T.);
#121=FACE_OUTER_BOUND('',#235,.T.);
#122=FACE_OUTER_BOUND('',#237,.T.);
#123=FACE_OUTER_BOUND('',#238,.T.);
#124=FACE_OUTER_BOUND('',#240,.T.);
#125=FACE_OUTER_BOUND('',#241,.T.);
#126=FACE_OUTER_BOUND('',#247,.T.);
#127=FACE_OUTER_BOUND('',#248,.T.);
#128=FACE_OUTER_BOUND('',#249,.T.);
#129=FACE_OUTER_BOUND('',#250,.T.);
#130=FACE_OUTER_BOUND('',#251,.T.);
#131=FACE_OUTER_BOUND('',#252,.T.);
#132=FACE_OUTER_BOUND('',#253,.T.);
#133=FACE_OUTER_BOUND('',#254,.T.);
#134=FACE_OUTER_BOUND('',#255,.T.);
#135=FACE_OUTER_BOUND('',#256,.T.);
#136=FACE_OUTER_BOUND('',#257,.T.);
#137=FACE_OUTER_BOUND('',#264,.T.);
#138=FACE_OUTER_BOUND('',#265,.T.);
#139=FACE_OUTER_BOUND('',#266,.T.);
#140=FACE_OUTER_BOUND('',#267,.T.);
#141=FACE_OUTER_BOUND('',#268,.T.);
#142=FACE_OUTER_BOUND('',#269,.T.);
#143=FACE_OUTER_BOUND('',#270,.T.);
#144=FACE_OUTER_BOUND('',#271,.T.);
#145=FACE_OUTER_BOUND('',#272,.T.);
#146=FACE_OUTER_BOUND('',#273,.T.);
#147=FACE_OUTER_BOUND('',#274,.T.);
#148=FACE_OUTER_BOUND('',#275,.T.);
#149=FACE_OUTER_BOUND('',#276,.T.);
#150=FACE_OUTER_BOUND('',#277,.T.);
#151=FACE_OUTER_BOUND('',#278,.T.);
#152=FACE_OUTER_BOUND('',#279,.T.);
#153=FACE_OUTER_BOUND('',#280,.T.);
#154=FACE_OUTER_BOUND('',#281,.T.);
#155=FACE_OUTER_BOUND('',#282,.T.);
#156=FACE_OUTER_BOUND('',#283,.T.);
#157=FACE_OUTER_BOUND('',#284,.T.);
#158=FACE_OUTER_BOUND('',#285,.T.);
#159=FACE_OUTER_BOUND('',#286,.T.);
#160=FACE_OUTER_BOUND('',#287,.T.);
#161=FACE_OUTER_BOUND('',#288,.T.);
#162=FACE_OUTER_BOUND('',#289,.T.);
#163=FACE_OUTER_BOUND('',#290,.T.);
#164=FACE_OUTER_BOUND('',#291,.T.);
#165=FACE_OUTER_BOUND('',#292,.T.);
#166=FACE_OUTER_BOUND('',#293,.T.);
#167=FACE_OUTER_BOUND('',#294,.T.);
#168=FACE_OUTER_BOUND('',#295,.T.);
#169=FACE_OUTER_BOUND('',#296,.T.);
#170=FACE_OUTER_BOUND('',#297,.T.);
#171=FACE_OUTER_BOUND('',#298,.T.);
#172=FACE_OUTER_BOUND('',#299,.T.);
#173=FACE_OUTER_BOUND('',#300,.T.);
#174=FACE_OUTER_BOUND('',#301,.T.);
#175=FACE_OUTER_BOUND('',#302,.T.);
#176=FACE_OUTER_BOUND('',#303,.T.);
#177=FACE_OUTER_BOUND('',#304,.T.);
#178=FACE_OUTER_BOUND('',#305,.T.);
#179=FACE_OUTER_BOUND('',#306,.T.);
#180=FACE_OUTER_BOUND('',#307,.T.);
#181=FACE_OUTER_BOUND('',#308,.T.);
#182=FACE_OUTER_BOUND('',#309,.T.);
#183=FACE_OUTER_BOUND('',#310,.T.);
#184=FACE_OUTER_BOUND('',#311,.T.);
#185=FACE_OUTER_BOUND('',#312,.T.);
#186=FACE_OUTER_BOUND('',#313,.T.);
#187=FACE_OUTER_BOUND('',#314,.T.);
#188=FACE_OUTER_BOUND('',#315,.T.);
#189=FACE_OUTER_BOUND('',#316,.T.);
#190=FACE_OUTER_BOUND('',#317,.T.);
#191=FACE_OUTER_BOUND('',#318,.T.);
#192=FACE_OUTER_BOUND('',#319,.T.);
#193=FACE_OUTER_BOUND('',#320,.T.);
#194=FACE_OUTER_BOUND('',#321,.T.);
#195=FACE_OUTER_BOUND('',#322,.T.);
#196=FACE_OUTER_BOUND('',#324,.T.);
#197=FACE_OUTER_BOUND('',#325,.T.);
#198=FACE_OUTER_BOUND('',#326,.T.);
#199=FACE_OUTER_BOUND('',#327,.T.);
#200=FACE_OUTER_BOUND('',#328,.T.);
#201=FACE_OUTER_BOUND('',#329,.T.);
#202=FACE_OUTER_BOUND('',#330,.T.);
#203=FACE_OUTER_BOUND('',#331,.T.);
#204=FACE_OUTER_BOUND('',#332,.T.);
#205=FACE_OUTER_BOUND('',#333,.T.);
#206=FACE_OUTER_BOUND('',#334,.T.);
#207=FACE_OUTER_BOUND('',#335,.T.);
#208=FACE_OUTER_BOUND('',#336,.T.);
#209=FACE_OUTER_BOUND('',#337,.T.);
#210=FACE_OUTER_BOUND('',#338,.T.);
#211=FACE_OUTER_BOUND('',#339,.T.);
#212=FACE_OUTER_BOUND('',#340,.T.);
#213=FACE_OUTER_BOUND('',#341,.T.);
#214=FACE_OUTER_BOUND('',#342,.T.);
#215=FACE_OUTER_BOUND('',#343,.T.);
#216=FACE_OUTER_BOUND('',#344,.T.);
#217=FACE_OUTER_BOUND('',#345,.T.);
#218=FACE_OUTER_BOUND('',#346,.T.);
#219=FACE_OUTER_BOUND('',#347,.T.);
#220=FACE_OUTER_BOUND('',#348,.T.);
#221=FACE_OUTER_BOUND('',#349,.T.);
#222=FACE_OUTER_BOUND('',#351,.T.);
#223=FACE_OUTER_BOUND('',#352,.T.);
#224=FACE_OUTER_BOUND('',#353,.T.);
#225=FACE_OUTER_BOUND('',#354,.T.);
#226=FACE_OUTER_BOUND('',#355,.T.);
#227=FACE_OUTER_BOUND('',#356,.T.);
#228=EDGE_LOOP('',(#1237,#1238,#1239,#1240));
#229=EDGE_LOOP('',(#1241));
#230=EDGE_LOOP('',(#1242));
#231=EDGE_LOOP('',(#1243,#1244,#1245,#1246));
#232=EDGE_LOOP('',(#1247));
#233=EDGE_LOOP('',(#1248));
#234=EDGE_LOOP('',(#1249,#1250,#1251,#1252));
#235=EDGE_LOOP('',(#1253));
#236=EDGE_LOOP('',(#1254));
#237=EDGE_LOOP('',(#1255,#1256,#1257,#1258));
#238=EDGE_LOOP('',(#1259));
#239=EDGE_LOOP('',(#1260));
#240=EDGE_LOOP('',(#1261,#1262,#1263,#1264));
#241=EDGE_LOOP('',(#1265,#1266,#1267,#1268,#1269,#1270,#1271));
#242=EDGE_LOOP('',(#1272));
#243=EDGE_LOOP('',(#1273));
#244=EDGE_LOOP('',(#1274));
#245=EDGE_LOOP('',(#1275));
#246=EDGE_LOOP('',(#1276));
#247=EDGE_LOOP('',(#1277,#1278,#1279,#1280));
#248=EDGE_LOOP('',(#1281,#1282,#1283,#1284));
#249=EDGE_LOOP('',(#1285,#1286,#1287,#1288));
#250=EDGE_LOOP('',(#1289,#1290,#1291,#1292));
#251=EDGE_LOOP('',(#1293,#1294,#1295,#1296));
#252=EDGE_LOOP('',(#1297,#1298,#1299,#1300));
#253=EDGE_LOOP('',(#1301,#1302,#1303,#1304));
#254=EDGE_LOOP('',(#1305,#1306,#1307,#1308));
#255=EDGE_LOOP('',(#1309,#1310,#1311,#1312));
#256=EDGE_LOOP('',(#1313,#1314,#1315,#1316,#1317,#1318,#1319,#1320,#1321,
#1322));
#257=EDGE_LOOP('',(#1323,#1324,#1325,#1326,#1327,#1328,#1329,#1330,#1331,
#1332,#1333,#1334,#1335,#1336,#1337));
#258=EDGE_LOOP('',(#1338));
#259=EDGE_LOOP('',(#1339));
#260=EDGE_LOOP('',(#1340));
#261=EDGE_LOOP('',(#1341));
#262=EDGE_LOOP('',(#1342));
#263=EDGE_LOOP('',(#1343,#1344,#1345,#1346,#1347,#1348,#1349,#1350,#1351,
#1352));
#264=EDGE_LOOP('',(#1353,#1354,#1355,#1356));
#265=EDGE_LOOP('',(#1357,#1358,#1359,#1360));
#266=EDGE_LOOP('',(#1361,#1362,#1363,#1364));
#267=EDGE_LOOP('',(#1365,#1366,#1367,#1368));
#268=EDGE_LOOP('',(#1369,#1370,#1371,#1372));
#269=EDGE_LOOP('',(#1373,#1374,#1375,#1376));
#270=EDGE_LOOP('',(#1377,#1378,#1379,#1380));
#271=EDGE_LOOP('',(#1381,#1382,#1383,#1384));
#272=EDGE_LOOP('',(#1385,#1386,#1387,#1388));
#273=EDGE_LOOP('',(#1389,#1390,#1391,#1392,#1393,#1394,#1395,#1396,#1397));
#274=EDGE_LOOP('',(#1398,#1399,#1400,#1401,#1402,#1403,#1404,#1405,#1406,
#1407));
#275=EDGE_LOOP('',(#1408,#1409,#1410,#1411));
#276=EDGE_LOOP('',(#1412,#1413,#1414,#1415));
#277=EDGE_LOOP('',(#1416,#1417,#1418,#1419));
#278=EDGE_LOOP('',(#1420,#1421,#1422,#1423));
#279=EDGE_LOOP('',(#1424,#1425,#1426,#1427));
#280=EDGE_LOOP('',(#1428,#1429,#1430,#1431));
#281=EDGE_LOOP('',(#1432,#1433,#1434,#1435));
#282=EDGE_LOOP('',(#1436,#1437,#1438,#1439));
#283=EDGE_LOOP('',(#1440,#1441,#1442,#1443));
#284=EDGE_LOOP('',(#1444,#1445,#1446,#1447));
#285=EDGE_LOOP('',(#1448,#1449,#1450,#1451));
#286=EDGE_LOOP('',(#1452,#1453,#1454,#1455));
#287=EDGE_LOOP('',(#1456,#1457,#1458,#1459));
#288=EDGE_LOOP('',(#1460,#1461,#1462,#1463));
#289=EDGE_LOOP('',(#1464,#1465,#1466,#1467));
#290=EDGE_LOOP('',(#1468,#1469,#1470,#1471));
#291=EDGE_LOOP('',(#1472,#1473,#1474,#1475));
#292=EDGE_LOOP('',(#1476,#1477,#1478,#1479));
#293=EDGE_LOOP('',(#1480,#1481,#1482,#1483));
#294=EDGE_LOOP('',(#1484,#1485,#1486,#1487));
#295=EDGE_LOOP('',(#1488,#1489,#1490,#1491,#1492,#1493,#1494,#1495,#1496,
#1497));
#296=EDGE_LOOP('',(#1498,#1499,#1500,#1501));
#297=EDGE_LOOP('',(#1502,#1503,#1504,#1505));
#298=EDGE_LOOP('',(#1506,#1507,#1508,#1509));
#299=EDGE_LOOP('',(#1510,#1511,#1512,#1513));
#300=EDGE_LOOP('',(#1514,#1515,#1516,#1517));
#301=EDGE_LOOP('',(#1518,#1519,#1520,#1521));
#302=EDGE_LOOP('',(#1522,#1523,#1524,#1525));
#303=EDGE_LOOP('',(#1526,#1527,#1528,#1529));
#304=EDGE_LOOP('',(#1530,#1531,#1532,#1533));
#305=EDGE_LOOP('',(#1534,#1535,#1536,#1537));
#306=EDGE_LOOP('',(#1538,#1539,#1540,#1541));
#307=EDGE_LOOP('',(#1542,#1543,#1544,#1545));
#308=EDGE_LOOP('',(#1546,#1547,#1548,#1549));
#309=EDGE_LOOP('',(#1550,#1551,#1552,#1553));
#310=EDGE_LOOP('',(#1554,#1555,#1556,#1557));
#311=EDGE_LOOP('',(#1558,#1559,#1560,#1561));
#312=EDGE_LOOP('',(#1562,#1563,#1564,#1565));
#313=EDGE_LOOP('',(#1566,#1567,#1568,#1569));
#314=EDGE_LOOP('',(#1570,#1571,#1572,#1573));
#315=EDGE_LOOP('',(#1574,#1575,#1576,#1577));
#316=EDGE_LOOP('',(#1578,#1579,#1580));
#317=EDGE_LOOP('',(#1581,#1582,#1583,#1584,#1585,#1586,#1587,#1588));
#318=EDGE_LOOP('',(#1589,#1590,#1591,#1592));
#319=EDGE_LOOP('',(#1593,#1594,#1595,#1596,#1597,#1598));
#320=EDGE_LOOP('',(#1599,#1600,#1601,#1602,#1603));
#321=EDGE_LOOP('',(#1604,#1605,#1606,#1607));
#322=EDGE_LOOP('',(#1608,#1609,#1610,#1611,#1612,#1613,#1614,#1615,#1616,
#1617));
#323=EDGE_LOOP('',(#1618,#1619,#1620,#1621,#1622,#1623,#1624,#1625,#1626));
#324=EDGE_LOOP('',(#1627,#1628,#1629,#1630,#1631));
#325=EDGE_LOOP('',(#1632,#1633,#1634,#1635,#1636));
#326=EDGE_LOOP('',(#1637,#1638,#1639,#1640,#1641,#1642,#1643,#1644,#1645));
#327=EDGE_LOOP('',(#1646,#1647,#1648,#1649));
#328=EDGE_LOOP('',(#1650,#1651,#1652,#1653));
#329=EDGE_LOOP('',(#1654,#1655,#1656,#1657));
#330=EDGE_LOOP('',(#1658,#1659,#1660,#1661));
#331=EDGE_LOOP('',(#1662,#1663,#1664,#1665));
#332=EDGE_LOOP('',(#1666,#1667,#1668,#1669));
#333=EDGE_LOOP('',(#1670,#1671,#1672,#1673));
#334=EDGE_LOOP('',(#1674,#1675,#1676,#1677));
#335=EDGE_LOOP('',(#1678,#1679,#1680,#1681));
#336=EDGE_LOOP('',(#1682,#1683,#1684,#1685));
#337=EDGE_LOOP('',(#1686,#1687,#1688,#1689));
#338=EDGE_LOOP('',(#1690,#1691,#1692,#1693));
#339=EDGE_LOOP('',(#1694,#1695,#1696,#1697));
#340=EDGE_LOOP('',(#1698,#1699,#1700,#1701));
#341=EDGE_LOOP('',(#1702,#1703,#1704,#1705));
#342=EDGE_LOOP('',(#1706,#1707,#1708,#1709));
#343=EDGE_LOOP('',(#1710,#1711,#1712,#1713));
#344=EDGE_LOOP('',(#1714,#1715,#1716,#1717));
#345=EDGE_LOOP('',(#1718,#1719,#1720,#1721));
#346=EDGE_LOOP('',(#1722,#1723,#1724,#1725));
#347=EDGE_LOOP('',(#1726,#1727,#1728,#1729));
#348=EDGE_LOOP('',(#1730,#1731,#1732,#1733));
#349=EDGE_LOOP('',(#1734,#1735,#1736,#1737,#1738,#1739,#1740,#1741,#1742));
#350=EDGE_LOOP('',(#1743,#1744,#1745,#1746,#1747,#1748,#1749,#1750,#1751,
#1752));
#351=EDGE_LOOP('',(#1753,#1754,#1755,#1756));
#352=EDGE_LOOP('',(#1757,#1758,#1759,#1760));
#353=EDGE_LOOP('',(#1761,#1762,#1763,#1764));
#354=EDGE_LOOP('',(#1765,#1766,#1767,#1768));
#355=EDGE_LOOP('',(#1769,#1770,#1771,#1772));
#356=EDGE_LOOP('',(#1773,#1774,#1775,#1776));
#357=LINE('',#2740,#533);
#358=LINE('',#2749,#534);
#359=LINE('',#2758,#535);
#360=LINE('',#2767,#536);
#361=LINE('',#2775,#537);
#362=LINE('',#2777,#538);
#363=LINE('',#2779,#539);
#364=LINE('',#2780,#540);
#365=LINE('',#2785,#541);
#366=LINE('',#2787,#542);
#367=LINE('',#2791,#543);
#368=LINE('',#2797,#544);
#369=LINE('',#2801,#545);
#370=LINE('',#2805,#546);
#371=LINE('',#2809,#547);
#372=LINE('',#2813,#548);
#373=LINE('',#2818,#549);
#374=LINE('',#2821,#550);
#375=LINE('',#2822,#551);
#376=LINE('',#2826,#552);
#377=LINE('',#2829,#553);
#378=LINE('',#2830,#554);
#379=LINE('',#2833,#555);
#380=LINE('',#2835,#556);
#381=LINE('',#2837,#557);
#382=LINE('',#2839,#558);
#383=LINE('',#2841,#559);
#384=LINE('',#2843,#560);
#385=LINE('',#2845,#561);
#386=LINE('',#2846,#562);
#387=LINE('',#2851,#563);
#388=LINE('',#2855,#564);
#389=LINE('',#2859,#565);
#390=LINE('',#2863,#566);
#391=LINE('',#2867,#567);
#392=LINE('',#2871,#568);
#393=LINE('',#2875,#569);
#394=LINE('',#2879,#570);
#395=LINE('',#2883,#571);
#396=LINE('',#2888,#572);
#397=LINE('',#2890,#573);
#398=LINE('',#2892,#574);
#399=LINE('',#2893,#575);
#400=LINE('',#2899,#576);
#401=LINE('',#2902,#577);
#402=LINE('',#2904,#578);
#403=LINE('',#2905,#579);
#404=LINE('',#2911,#580);
#405=LINE('',#2914,#581);
#406=LINE('',#2916,#582);
#407=LINE('',#2917,#583);
#408=LINE('',#2922,#584);
#409=LINE('',#2926,#585);
#410=LINE('',#2928,#586);
#411=LINE('',#2929,#587);
#412=LINE('',#2934,#588);
#413=LINE('',#2945,#589);
#414=LINE('',#2949,#590);
#415=LINE('',#2953,#591);
#416=LINE('',#2957,#592);
#417=LINE('',#2960,#593);
#418=LINE('',#2962,#594);
#419=LINE('',#2963,#595);
#420=LINE('',#2965,#596);
#421=LINE('',#2967,#597);
#422=LINE('',#2969,#598);
#423=LINE('',#2971,#599);
#424=LINE('',#2975,#600);
#425=LINE('',#2977,#601);
#426=LINE('',#2979,#602);
#427=LINE('',#2980,#603);
#428=LINE('',#2984,#604);
#429=LINE('',#2990,#605);
#430=LINE('',#2991,#606);
#431=LINE('',#2992,#607);
#432=LINE('',#2996,#608);
#433=LINE('',#3002,#609);
#434=LINE('',#3003,#610);
#435=LINE('',#3004,#611);
#436=LINE('',#3008,#612);
#437=LINE('',#3014,#613);
#438=LINE('',#3015,#614);
#439=LINE('',#3016,#615);
#440=LINE('',#3020,#616);
#441=LINE('',#3026,#617);
#442=LINE('',#3027,#618);
#443=LINE('',#3028,#619);
#444=LINE('',#3034,#620);
#445=LINE('',#3036,#621);
#446=LINE('',#3037,#622);
#447=LINE('',#3040,#623);
#448=LINE('',#3044,#624);
#449=LINE('',#3045,#625);
#450=LINE('',#3048,#626);
#451=LINE('',#3052,#627);
#452=LINE('',#3053,#628);
#453=LINE('',#3057,#629);
#454=LINE('',#3061,#630);
#455=LINE('',#3062,#631);
#456=LINE('',#3065,#632);
#457=LINE('',#3069,#633);
#458=LINE('',#3070,#634);
#459=LINE('',#3074,#635);
#460=LINE('',#3076,#636);
#461=LINE('',#3078,#637);
#462=LINE('',#3080,#638);
#463=LINE('',#3085,#639);
#464=LINE('',#3089,#640);
#465=LINE('',#3093,#641);
#466=LINE('',#3095,#642);
#467=LINE('',#3096,#643);
#468=LINE('',#3101,#644);
#469=LINE('',#3105,#645);
#470=LINE('',#3107,#646);
#471=LINE('',#3108,#647);
#472=LINE('',#3113,#648);
#473=LINE('',#3117,#649);
#474=LINE('',#3119,#650);
#475=LINE('',#3120,#651);
#476=LINE('',#3124,#652);
#477=LINE('',#3129,#653);
#478=LINE('',#3131,#654);
#479=LINE('',#3132,#655);
#480=LINE('',#3135,#656);
#481=LINE('',#3139,#657);
#482=LINE('',#3140,#658);
#483=LINE('',#3144,#659);
#484=LINE('',#3146,#660);
#485=LINE('',#3150,#661);
#486=LINE('',#3153,#662);
#487=LINE('',#3155,#663);
#488=LINE('',#3159,#664);
#489=LINE('',#3174,#665);
#490=LINE('',#3179,#666);
#491=LINE('',#3183,#667);
#492=LINE('',#3187,#668);
#493=LINE('',#3193,#669);
#494=LINE('',#3197,#670);
#495=LINE('',#3205,#671);
#496=LINE('',#3206,#672);
#497=LINE('',#3209,#673);
#498=LINE('',#3211,#674);
#499=LINE('',#3215,#675);
#500=LINE('',#3219,#676);
#501=LINE('',#3222,#677);
#502=LINE('',#3223,#678);
#503=LINE('',#3225,#679);
#504=LINE('',#3227,#680);
#505=LINE('',#3229,#681);
#506=LINE('',#3231,#682);
#507=LINE('',#3233,#683);
#508=LINE('',#3235,#684);
#509=LINE('',#3237,#685);
#510=LINE('',#3241,#686);
#511=LINE('',#3242,#687);
#512=LINE('',#3245,#688);
#513=LINE('',#3249,#689);
#514=LINE('',#3250,#690);
#515=LINE('',#3253,#691);
#516=LINE('',#3256,#692);
#517=LINE('',#3257,#693);
#518=LINE('',#3259,#694);
#519=LINE('',#3261,#695);
#520=LINE('',#3263,#696);
#521=LINE('',#3265,#697);
#522=LINE('',#3267,#698);
#523=LINE('',#3269,#699);
#524=LINE('',#3271,#700);
#525=LINE('',#3275,#701);
#526=LINE('',#3279,#702);
#527=LINE('',#3283,#703);
#528=LINE('',#3286,#704);
#529=LINE('',#3287,#705);
#530=LINE('',#3290,#706);
#531=LINE('',#3292,#707);
#532=LINE('',#3294,#708);
#533=VECTOR('',#2152,1.99999999999999);
#534=VECTOR('',#2163,1.99999999999999);
#535=VECTOR('',#2174,2.);
#536=VECTOR('',#2185,2.);
#537=VECTOR('',#2194,10.);
#538=VECTOR('',#2195,10.);
#539=VECTOR('',#2196,10.);
#540=VECTOR('',#2197,10.);
#541=VECTOR('',#2202,10.);
#542=VECTOR('',#2203,10.);
#543=VECTOR('',#2206,10.);
#544=VECTOR('',#2213,1.3);
#545=VECTOR('',#2218,3.);
#546=VECTOR('',#2223,1.3);
#547=VECTOR('',#2228,1.29999999999999);
#548=VECTOR('',#2233,1.3);
#549=VECTOR('',#2240,10.);
#550=VECTOR('',#2243,10.);
#551=VECTOR('',#2244,10.);
#552=VECTOR('',#2249,10.);
#553=VECTOR('',#2252,10.);
#554=VECTOR('',#2253,10.);
#555=VECTOR('',#2256,10.);
#556=VECTOR('',#2257,10.);
#557=VECTOR('',#2258,0.999999999999989);
#558=VECTOR('',#2259,10.);
#559=VECTOR('',#2260,10.);
#560=VECTOR('',#2261,10.);
#561=VECTOR('',#2262,10.);
#562=VECTOR('',#2263,10.);
#563=VECTOR('',#2268,10.);
#564=VECTOR('',#2271,10.);
#565=VECTOR('',#2274,10.);
#566=VECTOR('',#2277,10.);
#567=VECTOR('',#2280,10.);
#568=VECTOR('',#2283,10.);
#569=VECTOR('',#2286,10.);
#570=VECTOR('',#2289,10.);
#571=VECTOR('',#2292,10.);
#572=VECTOR('',#2297,10.);
#573=VECTOR('',#2298,10.);
#574=VECTOR('',#2299,10.);
#575=VECTOR('',#2300,10.);
#576=VECTOR('',#2307,10.);
#577=VECTOR('',#2310,10.);
#578=VECTOR('',#2311,10.);
#579=VECTOR('',#2312,10.);
#580=VECTOR('',#2319,10.);
#581=VECTOR('',#2322,10.);
#582=VECTOR('',#2323,10.);
#583=VECTOR('',#2324,10.);
#584=VECTOR('',#2329,10.);
#585=VECTOR('',#2334,10.);
#586=VECTOR('',#2335,10.);
#587=VECTOR('',#2336,10.);
#588=VECTOR('',#2341,10.);
#589=VECTOR('',#2356,10.);
#590=VECTOR('',#2359,10.);
#591=VECTOR('',#2362,10.);
#592=VECTOR('',#2365,10.);
#593=VECTOR('',#2368,10.);
#594=VECTOR('',#2371,10.);
#595=VECTOR('',#2372,10.);
#596=VECTOR('',#2375,10.);
#597=VECTOR('',#2378,10.);
#598=VECTOR('',#2381,10.);
#599=VECTOR('',#2384,10.);
#600=VECTOR('',#2387,10.);
#601=VECTOR('',#2388,10.);
#602=VECTOR('',#2389,10.);
#603=VECTOR('',#2390,10.);
#604=VECTOR('',#2393,10.);
#605=VECTOR('',#2400,10.);
#606=VECTOR('',#2401,10.);
#607=VECTOR('',#2402,10.);
#608=VECTOR('',#2405,10.);
#609=VECTOR('',#2412,10.);
#610=VECTOR('',#2413,10.);
#611=VECTOR('',#2414,10.);
#612=VECTOR('',#2417,10.);
#613=VECTOR('',#2424,10.);
#614=VECTOR('',#2425,10.);
#615=VECTOR('',#2426,10.);
#616=VECTOR('',#2429,10.);
#617=VECTOR('',#2436,10.);
#618=VECTOR('',#2437,10.);
#619=VECTOR('',#2438,10.);
#620=VECTOR('',#2447,10.);
#621=VECTOR('',#2448,10.);
#622=VECTOR('',#2449,10.);
#623=VECTOR('',#2452,10.);
#624=VECTOR('',#2457,10.);
#625=VECTOR('',#2458,10.);
#626=VECTOR('',#2461,10.);
#627=VECTOR('',#2466,10.);
#628=VECTOR('',#2467,10.);
#629=VECTOR('',#2472,10.);
#630=VECTOR('',#2477,10.);
#631=VECTOR('',#2478,10.);
#632=VECTOR('',#2481,10.);
#633=VECTOR('',#2486,10.);
#634=VECTOR('',#2487,10.);
#635=VECTOR('',#2494,10.);
#636=VECTOR('',#2497,10.);
#637=VECTOR('',#2500,10.);
#638=VECTOR('',#2503,10.);
#639=VECTOR('',#2508,10.);
#640=VECTOR('',#2511,10.);
#641=VECTOR('',#2516,10.);
#642=VECTOR('',#2517,10.);
#643=VECTOR('',#2518,10.);
#644=VECTOR('',#2523,10.);
#645=VECTOR('',#2528,10.);
#646=VECTOR('',#2529,10.);
#647=VECTOR('',#2530,10.);
#648=VECTOR('',#2535,10.);
#649=VECTOR('',#2540,10.);
#650=VECTOR('',#2541,10.);
#651=VECTOR('',#2542,10.);
#652=VECTOR('',#2545,10.);
#653=VECTOR('',#2552,10.);
#654=VECTOR('',#2553,10.);
#655=VECTOR('',#2554,10.);
#656=VECTOR('',#2557,10.);
#657=VECTOR('',#2564,10.);
#658=VECTOR('',#2565,10.);
#659=VECTOR('',#2572,10.);
#660=VECTOR('',#2573,10.);
#661=VECTOR('',#2576,10.);
#662=VECTOR('',#2579,10.);
#663=VECTOR('',#2582,10.);
#664=VECTOR('',#2587,0.999999999999989);
#665=VECTOR('',#2592,10.);
#666=VECTOR('',#2597,10.);
#667=VECTOR('',#2600,10.);
#668=VECTOR('',#2603,10.);
#669=VECTOR('',#2608,10.);
#670=VECTOR('',#2613,10.);
#671=VECTOR('',#2618,10.);
#672=VECTOR('',#2619,10.);
#673=VECTOR('',#2622,10.);
#674=VECTOR('',#2623,10.);
#675=VECTOR('',#2626,10.);
#676=VECTOR('',#2629,10.);
#677=VECTOR('',#2634,10.);
#678=VECTOR('',#2635,10.);
#679=VECTOR('',#2638,10.);
#680=VECTOR('',#2641,10.);
#681=VECTOR('',#2644,10.);
#682=VECTOR('',#2647,10.);
#683=VECTOR('',#2650,10.);
#684=VECTOR('',#2653,10.);
#685=VECTOR('',#2656,10.);
#686=VECTOR('',#2661,10.);
#687=VECTOR('',#2662,10.);
#688=VECTOR('',#2665,10.);
#689=VECTOR('',#2670,10.);
#690=VECTOR('',#2671,10.);
#691=VECTOR('',#2674,10.);
#692=VECTOR('',#2679,10.);
#693=VECTOR('',#2680,10.);
#694=VECTOR('',#2683,10.);
#695=VECTOR('',#2686,10.);
#696=VECTOR('',#2689,10.);
#697=VECTOR('',#2692,10.);
#698=VECTOR('',#2695,10.);
#699=VECTOR('',#2698,10.);
#700=VECTOR('',#2701,10.);
#701=VECTOR('',#2706,10.);
#702=VECTOR('',#2709,10.);
#703=VECTOR('',#2712,10.);
#704=VECTOR('',#2717,10.);
#705=VECTOR('',#2718,10.);
#706=VECTOR('',#2723,10.);
#707=VECTOR('',#2726,10.);
#708=VECTOR('',#2729,10.);
#709=CIRCLE('',#1940,1.99999999999999);
#710=CIRCLE('',#1941,1.99999999999999);
#711=CIRCLE('',#1943,1.3);
#712=CIRCLE('',#1945,1.99999999999999);
#713=CIRCLE('',#1946,1.99999999999999);
#714=CIRCLE('',#1948,1.29999999999999);
#715=CIRCLE('',#1950,2.);
#716=CIRCLE('',#1951,2.);
#717=CIRCLE('',#1953,1.3);
#718=CIRCLE('',#1955,2.);
#719=CIRCLE('',#1956,2.);
#720=CIRCLE('',#1958,1.3);
#721=CIRCLE('',#1961,2.);
#722=CIRCLE('',#1962,2.5);
#723=CIRCLE('',#1963,2.5);
#724=CIRCLE('',#1964,3.);
#725=CIRCLE('',#1966,1.3);
#726=CIRCLE('',#1968,3.);
#727=CIRCLE('',#1970,1.3);
#728=CIRCLE('',#1972,1.29999999999999);
#729=CIRCLE('',#1974,1.3);
#730=CIRCLE('',#1976,2.5);
#731=CIRCLE('',#1979,2.5);
#732=CIRCLE('',#1983,5.14999999999998);
#733=CIRCLE('',#1984,5.15000000000001);
#734=CIRCLE('',#1985,5.15);
#735=CIRCLE('',#1986,1.5);
#736=CIRCLE('',#1987,2.);
#737=CIRCLE('',#1988,1.2);
#738=CIRCLE('',#1989,1.20000000000002);
#739=CIRCLE('',#1990,1.20000000000007);
#740=CIRCLE('',#1991,0.700000000000003);
#741=CIRCLE('',#1992,0.700000000000047);
#742=CIRCLE('',#1995,3.35435010645607);
#743=CIRCLE('',#1996,3.35435010645607);
#744=CIRCLE('',#1999,3.35435010645607);
#745=CIRCLE('',#2000,3.35435010645607);
#746=CIRCLE('',#2003,0.499999999999997);
#747=CIRCLE('',#2004,0.499999999999997);
#748=CIRCLE('',#2007,5.14564989354394);
#749=CIRCLE('',#2008,5.14564989354394);
#750=CIRCLE('',#2010,1.00000000000001);
#751=CIRCLE('',#2011,1.00000000000001);
#752=CIRCLE('',#2014,0.700000000000047);
#753=CIRCLE('',#2015,0.700000000000003);
#754=CIRCLE('',#2016,1.20000000000007);
#755=CIRCLE('',#2017,1.20000000000002);
#756=CIRCLE('',#2018,1.2);
#757=CIRCLE('',#2026,0.600000000000029);
#758=CIRCLE('',#2027,1.20000000000002);
#759=CIRCLE('',#2030,0.0999999999999648);
#760=CIRCLE('',#2031,0.699999999999964);
#761=CIRCLE('',#2034,0.100000000000007);
#762=CIRCLE('',#2035,0.700000000000003);
#763=CIRCLE('',#2038,0.600000000000043);
#764=CIRCLE('',#2039,1.20000000000005);
#765=CIRCLE('',#2042,0.600000000000072);
#766=CIRCLE('',#2043,1.20000000000007);
#767=CIRCLE('',#2046,0.699999999999964);
#768=CIRCLE('',#2049,1.20000000000002);
#769=CIRCLE('',#2053,1.20000000000007);
#770=CIRCLE('',#2056,1.20000000000005);
#771=CIRCLE('',#2059,0.700000000000003);
#772=CIRCLE('',#2066,5.49999999999999);
#773=CIRCLE('',#2067,6.49999999999998);
#774=CIRCLE('',#2070,5.50000000000001);
#775=CIRCLE('',#2071,6.50000000000001);
#776=CIRCLE('',#2074,5.5);
#777=CIRCLE('',#2075,6.50000000000001);
#778=CIRCLE('',#2078,1.5);
#779=CIRCLE('',#2079,0.500000000000012);
#780=CIRCLE('',#2082,2.);
#781=CIRCLE('',#2083,3.);
#782=CIRCLE('',#2086,0.999999999999989);
#783=CIRCLE('',#2088,1.5);
#784=CIRCLE('',#2089,1.5);
#785=CIRCLE('',#2095,6.49999999999997);
#786=CIRCLE('',#2097,4.96135010645606);
#787=CIRCLE('',#2098,4.96135010645607);
#788=CIRCLE('',#2099,2.60700000000001);
#789=CIRCLE('',#2100,3.53864989354395);
#790=CIRCLE('',#2101,2.107);
#791=CIRCLE('',#2103,5.29999999999998);
#792=CIRCLE('',#2106,5.3);
#793=CIRCLE('',#2107,5.30000000000002);
#794=CIRCLE('',#2108,0.300000000000006);
#795=CIRCLE('',#2120,6.50000000000001);
#796=CIRCLE('',#2123,6.50000000000001);
#797=CIRCLE('',#2134,5.15);
#798=CIRCLE('',#2135,5.15000000000001);
#799=CIRCLE('',#2136,5.14999999999998);
#800=VERTEX_POINT('',#2737);
#801=VERTEX_POINT('',#2739);
#802=VERTEX_POINT('',#2743);
#803=VERTEX_POINT('',#2746);
#804=VERTEX_POINT('',#2748);
#805=VERTEX_POINT('',#2752);
#806=VERTEX_POINT('',#2755);
#807=VERTEX_POINT('',#2757);
#808=VERTEX_POINT('',#2761);
#809=VERTEX_POINT('',#2764);
#810=VERTEX_POINT('',#2766);
#811=VERTEX_POINT('',#2770);
#812=VERTEX_POINT('',#2773);
#813=VERTEX_POINT('',#2774);
#814=VERTEX_POINT('',#2776);
#815=VERTEX_POINT('',#2778);
#816=VERTEX_POINT('',#2782);
#817=VERTEX_POINT('',#2784);
#818=VERTEX_POINT('',#2786);
#819=VERTEX_POINT('',#2788);
#820=VERTEX_POINT('',#2790);
#821=VERTEX_POINT('',#2793);
#822=VERTEX_POINT('',#2796);
#823=VERTEX_POINT('',#2800);
#824=VERTEX_POINT('',#2804);
#825=VERTEX_POINT('',#2808);
#826=VERTEX_POINT('',#2812);
#827=VERTEX_POINT('',#2816);
#828=VERTEX_POINT('',#2820);
#829=VERTEX_POINT('',#2824);
#830=VERTEX_POINT('',#2828);
#831=VERTEX_POINT('',#2832);
#832=VERTEX_POINT('',#2834);
#833=VERTEX_POINT('',#2836);
#834=VERTEX_POINT('',#2838);
#835=VERTEX_POINT('',#2840);
#836=VERTEX_POINT('',#2842);
#837=VERTEX_POINT('',#2844);
#838=VERTEX_POINT('',#2848);
#839=VERTEX_POINT('',#2850);
#840=VERTEX_POINT('',#2852);
#841=VERTEX_POINT('',#2854);
#842=VERTEX_POINT('',#2856);
#843=VERTEX_POINT('',#2858);
#844=VERTEX_POINT('',#2860);
#845=VERTEX_POINT('',#2862);
#846=VERTEX_POINT('',#2865);
#847=VERTEX_POINT('',#2866);
#848=VERTEX_POINT('',#2868);
#849=VERTEX_POINT('',#2870);
#850=VERTEX_POINT('',#2872);
#851=VERTEX_POINT('',#2874);
#852=VERTEX_POINT('',#2876);
#853=VERTEX_POINT('',#2878);
#854=VERTEX_POINT('',#2880);
#855=VERTEX_POINT('',#2882);
#856=VERTEX_POINT('',#2886);
#857=VERTEX_POINT('',#2887);
#858=VERTEX_POINT('',#2889);
#859=VERTEX_POINT('',#2891);
#860=VERTEX_POINT('',#2895);
#861=VERTEX_POINT('',#2897);
#862=VERTEX_POINT('',#2901);
#863=VERTEX_POINT('',#2903);
#864=VERTEX_POINT('',#2907);
#865=VERTEX_POINT('',#2909);
#866=VERTEX_POINT('',#2913);
#867=VERTEX_POINT('',#2915);
#868=VERTEX_POINT('',#2919);
#869=VERTEX_POINT('',#2921);
#870=VERTEX_POINT('',#2925);
#871=VERTEX_POINT('',#2927);
#872=VERTEX_POINT('',#2931);
#873=VERTEX_POINT('',#2933);
#874=VERTEX_POINT('',#2941);
#875=VERTEX_POINT('',#2942);
#876=VERTEX_POINT('',#2944);
#877=VERTEX_POINT('',#2946);
#878=VERTEX_POINT('',#2948);
#879=VERTEX_POINT('',#2950);
#880=VERTEX_POINT('',#2952);
#881=VERTEX_POINT('',#2954);
#882=VERTEX_POINT('',#2956);
#883=VERTEX_POINT('',#2958);
#884=VERTEX_POINT('',#2973);
#885=VERTEX_POINT('',#2974);
#886=VERTEX_POINT('',#2976);
#887=VERTEX_POINT('',#2978);
#888=VERTEX_POINT('',#2982);
#889=VERTEX_POINT('',#2983);
#890=VERTEX_POINT('',#2988);
#891=VERTEX_POINT('',#2989);
#892=VERTEX_POINT('',#2994);
#893=VERTEX_POINT('',#2995);
#894=VERTEX_POINT('',#3000);
#895=VERTEX_POINT('',#3001);
#896=VERTEX_POINT('',#3006);
#897=VERTEX_POINT('',#3007);
#898=VERTEX_POINT('',#3012);
#899=VERTEX_POINT('',#3013);
#900=VERTEX_POINT('',#3018);
#901=VERTEX_POINT('',#3019);
#902=VERTEX_POINT('',#3024);
#903=VERTEX_POINT('',#3025);
#904=VERTEX_POINT('',#3033);
#905=VERTEX_POINT('',#3035);
#906=VERTEX_POINT('',#3039);
#907=VERTEX_POINT('',#3043);
#908=VERTEX_POINT('',#3047);
#909=VERTEX_POINT('',#3051);
#910=VERTEX_POINT('',#3056);
#911=VERTEX_POINT('',#3060);
#912=VERTEX_POINT('',#3064);
#913=VERTEX_POINT('',#3068);
#914=VERTEX_POINT('',#3083);
#915=VERTEX_POINT('',#3084);
#916=VERTEX_POINT('',#3086);
#917=VERTEX_POINT('',#3088);
#918=VERTEX_POINT('',#3092);
#919=VERTEX_POINT('',#3094);
#920=VERTEX_POINT('',#3098);
#921=VERTEX_POINT('',#3100);
#922=VERTEX_POINT('',#3104);
#923=VERTEX_POINT('',#3106);
#924=VERTEX_POINT('',#3110);
#925=VERTEX_POINT('',#3112);
#926=VERTEX_POINT('',#3116);
#927=VERTEX_POINT('',#3118);
#928=VERTEX_POINT('',#3122);
#929=VERTEX_POINT('',#3123);
#930=VERTEX_POINT('',#3128);
#931=VERTEX_POINT('',#3130);
#932=VERTEX_POINT('',#3134);
#933=VERTEX_POINT('',#3145);
#934=VERTEX_POINT('',#3147);
#935=VERTEX_POINT('',#3149);
#936=VERTEX_POINT('',#3151);
#937=VERTEX_POINT('',#3158);
#938=VERTEX_POINT('',#3160);
#939=VERTEX_POINT('',#3173);
#940=VERTEX_POINT('',#3177);
#941=VERTEX_POINT('',#3178);
#942=VERTEX_POINT('',#3180);
#943=VERTEX_POINT('',#3182);
#944=VERTEX_POINT('',#3184);
#945=VERTEX_POINT('',#3186);
#946=VERTEX_POINT('',#3188);
#947=VERTEX_POINT('',#3190);
#948=VERTEX_POINT('',#3192);
#949=VERTEX_POINT('',#3196);
#950=VERTEX_POINT('',#3198);
#951=VERTEX_POINT('',#3204);
#952=VERTEX_POINT('',#3208);
#953=VERTEX_POINT('',#3210);
#954=VERTEX_POINT('',#3212);
#955=VERTEX_POINT('',#3214);
#956=VERTEX_POINT('',#3216);
#957=VERTEX_POINT('',#3218);
#958=VERTEX_POINT('',#3240);
#959=VERTEX_POINT('',#3244);
#960=VERTEX_POINT('',#3248);
#961=VERTEX_POINT('',#3252);
#962=VERTEX_POINT('',#3274);
#963=VERTEX_POINT('',#3276);
#964=VERTEX_POINT('',#3278);
#965=VERTEX_POINT('',#3280);
#966=VERTEX_POINT('',#3282);
#967=EDGE_CURVE('',#800,#800,#709,.T.);
#968=EDGE_CURVE('',#800,#801,#357,.T.);
#969=EDGE_CURVE('',#801,#801,#710,.T.);
#970=EDGE_CURVE('',#802,#802,#711,.T.);
#971=EDGE_CURVE('',#803,#803,#712,.T.);
#972=EDGE_CURVE('',#803,#804,#358,.T.);
#973=EDGE_CURVE('',#804,#804,#713,.T.);
#974=EDGE_CURVE('',#805,#805,#714,.T.);
#975=EDGE_CURVE('',#806,#806,#715,.T.);
#976=EDGE_CURVE('',#806,#807,#359,.T.);
#977=EDGE_CURVE('',#807,#807,#716,.T.);
#978=EDGE_CURVE('',#808,#808,#717,.T.);
#979=EDGE_CURVE('',#809,#809,#718,.T.);
#980=EDGE_CURVE('',#809,#810,#360,.T.);
#981=EDGE_CURVE('',#810,#810,#719,.T.);
#982=EDGE_CURVE('',#811,#811,#720,.T.);
#983=EDGE_CURVE('',#812,#813,#361,.T.);
#984=EDGE_CURVE('',#814,#812,#362,.T.);
#985=EDGE_CURVE('',#815,#814,#363,.T.);
#986=EDGE_CURVE('',#813,#815,#364,.T.);
#987=EDGE_CURVE('',#816,#812,#721,.T.);
#988=EDGE_CURVE('',#817,#816,#365,.T.);
#989=EDGE_CURVE('',#817,#818,#366,.T.);
#990=EDGE_CURVE('',#818,#819,#722,.T.);
#991=EDGE_CURVE('',#819,#820,#367,.T.);
#992=EDGE_CURVE('',#820,#814,#723,.T.);
#993=EDGE_CURVE('',#821,#821,#724,.T.);
#994=EDGE_CURVE('',#802,#822,#368,.T.);
#995=EDGE_CURVE('',#822,#822,#725,.T.);
#996=EDGE_CURVE('',#821,#823,#369,.T.);
#997=EDGE_CURVE('',#823,#823,#726,.T.);
#998=EDGE_CURVE('',#811,#824,#370,.T.);
#999=EDGE_CURVE('',#824,#824,#727,.T.);
#1000=EDGE_CURVE('',#805,#825,#371,.T.);
#1001=EDGE_CURVE('',#825,#825,#728,.T.);
#1002=EDGE_CURVE('',#808,#826,#372,.T.);
#1003=EDGE_CURVE('',#826,#826,#729,.T.);
#1004=EDGE_CURVE('',#815,#827,#730,.T.);
#1005=EDGE_CURVE('',#827,#820,#373,.T.);
#1006=EDGE_CURVE('',#828,#827,#374,.T.);
#1007=EDGE_CURVE('',#828,#819,#375,.T.);
#1008=EDGE_CURVE('',#828,#829,#731,.T.);
#1009=EDGE_CURVE('',#829,#818,#376,.T.);
#1010=EDGE_CURVE('',#830,#829,#377,.T.);
#1011=EDGE_CURVE('',#830,#817,#378,.T.);
#1012=EDGE_CURVE('',#831,#816,#379,.T.);
#1013=EDGE_CURVE('',#832,#831,#380,.T.);
#1014=EDGE_CURVE('',#833,#832,#381,.T.);
#1015=EDGE_CURVE('',#834,#833,#382,.T.);
#1016=EDGE_CURVE('',#835,#834,#383,.T.);
#1017=EDGE_CURVE('',#836,#835,#384,.T.);
#1018=EDGE_CURVE('',#837,#836,#385,.T.);
#1019=EDGE_CURVE('',#830,#837,#386,.T.);
#1020=EDGE_CURVE('',#837,#838,#732,.T.);
#1021=EDGE_CURVE('',#838,#839,#387,.T.);
#1022=EDGE_CURVE('',#839,#840,#733,.T.);
#1023=EDGE_CURVE('',#840,#841,#388,.T.);
#1024=EDGE_CURVE('',#841,#842,#734,.T.);
#1025=EDGE_CURVE('',#842,#843,#389,.T.);
#1026=EDGE_CURVE('',#844,#843,#735,.T.);
#1027=EDGE_CURVE('',#844,#845,#390,.T.);
#1028=EDGE_CURVE('',#813,#845,#736,.T.);
#1029=EDGE_CURVE('',#846,#847,#391,.T.);
#1030=EDGE_CURVE('',#847,#848,#737,.T.);
#1031=EDGE_CURVE('',#848,#849,#392,.T.);
#1032=EDGE_CURVE('',#849,#850,#738,.T.);
#1033=EDGE_CURVE('',#850,#851,#393,.T.);
#1034=EDGE_CURVE('',#851,#852,#739,.T.);
#1035=EDGE_CURVE('',#852,#853,#394,.T.);
#1036=EDGE_CURVE('',#853,#854,#740,.T.);
#1037=EDGE_CURVE('',#854,#855,#395,.T.);
#1038=EDGE_CURVE('',#855,#846,#741,.T.);
#1039=EDGE_CURVE('',#856,#857,#396,.T.);
#1040=EDGE_CURVE('',#856,#858,#397,.T.);
#1041=EDGE_CURVE('',#858,#859,#398,.T.);
#1042=EDGE_CURVE('',#857,#859,#399,.T.);
#1043=EDGE_CURVE('',#857,#860,#742,.T.);
#1044=EDGE_CURVE('',#859,#861,#743,.T.);
#1045=EDGE_CURVE('',#860,#861,#400,.T.);
#1046=EDGE_CURVE('',#860,#862,#401,.T.);
#1047=EDGE_CURVE('',#861,#863,#402,.T.);
#1048=EDGE_CURVE('',#862,#863,#403,.T.);
#1049=EDGE_CURVE('',#862,#864,#744,.T.);
#1050=EDGE_CURVE('',#863,#865,#745,.T.);
#1051=EDGE_CURVE('',#864,#865,#404,.T.);
#1052=EDGE_CURVE('',#864,#866,#405,.T.);
#1053=EDGE_CURVE('',#865,#867,#406,.T.);
#1054=EDGE_CURVE('',#866,#867,#407,.T.);
#1055=EDGE_CURVE('',#868,#856,#746,.T.);
#1056=EDGE_CURVE('',#868,#869,#408,.T.);
#1057=EDGE_CURVE('',#869,#858,#747,.T.);
#1058=EDGE_CURVE('',#870,#868,#409,.T.);
#1059=EDGE_CURVE('',#870,#871,#410,.T.);
#1060=EDGE_CURVE('',#871,#869,#411,.T.);
#1061=EDGE_CURVE('',#872,#870,#748,.T.);
#1062=EDGE_CURVE('',#872,#873,#412,.T.);
#1063=EDGE_CURVE('',#873,#871,#749,.T.);
#1064=EDGE_CURVE('',#866,#872,#750,.T.);
#1065=EDGE_CURVE('',#867,#873,#751,.T.);
#1066=EDGE_CURVE('',#874,#875,#752,.T.);
#1067=EDGE_CURVE('',#876,#874,#413,.T.);
#1068=EDGE_CURVE('',#877,#876,#753,.T.);
#1069=EDGE_CURVE('',#878,#877,#414,.T.);
#1070=EDGE_CURVE('',#879,#878,#754,.T.);
#1071=EDGE_CURVE('',#880,#879,#415,.T.);
#1072=EDGE_CURVE('',#881,#880,#755,.T.);
#1073=EDGE_CURVE('',#882,#881,#416,.T.);
#1074=EDGE_CURVE('',#883,#882,#756,.T.);
#1075=EDGE_CURVE('',#875,#883,#417,.T.);
#1076=EDGE_CURVE('',#852,#878,#418,.T.);
#1077=EDGE_CURVE('',#851,#879,#419,.T.);
#1078=EDGE_CURVE('',#853,#877,#420,.T.);
#1079=EDGE_CURVE('',#854,#876,#421,.T.);
#1080=EDGE_CURVE('',#855,#874,#422,.T.);
#1081=EDGE_CURVE('',#846,#875,#423,.T.);
#1082=EDGE_CURVE('',#884,#885,#424,.T.);
#1083=EDGE_CURVE('',#885,#886,#425,.T.);
#1084=EDGE_CURVE('',#886,#887,#426,.T.);
#1085=EDGE_CURVE('',#887,#884,#427,.T.);
#1086=EDGE_CURVE('',#888,#889,#428,.T.);
#1087=EDGE_CURVE('',#889,#885,#757,.T.);
#1088=EDGE_CURVE('',#884,#888,#758,.T.);
#1089=EDGE_CURVE('',#890,#891,#429,.T.);
#1090=EDGE_CURVE('',#891,#889,#430,.T.);
#1091=EDGE_CURVE('',#888,#890,#431,.T.);
#1092=EDGE_CURVE('',#892,#893,#432,.T.);
#1093=EDGE_CURVE('',#893,#891,#759,.T.);
#1094=EDGE_CURVE('',#890,#892,#760,.T.);
#1095=EDGE_CURVE('',#894,#895,#433,.T.);
#1096=EDGE_CURVE('',#895,#893,#434,.T.);
#1097=EDGE_CURVE('',#892,#894,#435,.T.);
#1098=EDGE_CURVE('',#896,#897,#436,.T.);
#1099=EDGE_CURVE('',#897,#895,#761,.T.);
#1100=EDGE_CURVE('',#894,#896,#762,.T.);
#1101=EDGE_CURVE('',#898,#899,#437,.T.);
#1102=EDGE_CURVE('',#899,#897,#438,.T.);
#1103=EDGE_CURVE('',#896,#898,#439,.T.);
#1104=EDGE_CURVE('',#900,#901,#440,.T.);
#1105=EDGE_CURVE('',#901,#899,#763,.T.);
#1106=EDGE_CURVE('',#898,#900,#764,.T.);
#1107=EDGE_CURVE('',#902,#903,#441,.T.);
#1108=EDGE_CURVE('',#903,#901,#442,.T.);
#1109=EDGE_CURVE('',#900,#902,#443,.T.);
#1110=EDGE_CURVE('',#886,#903,#765,.T.);
#1111=EDGE_CURVE('',#902,#887,#766,.T.);
#1112=EDGE_CURVE('',#904,#892,#444,.T.);
#1113=EDGE_CURVE('',#905,#904,#445,.T.);
#1114=EDGE_CURVE('',#905,#894,#446,.T.);
#1115=EDGE_CURVE('',#906,#890,#447,.T.);
#1116=EDGE_CURVE('',#904,#906,#767,.T.);
#1117=EDGE_CURVE('',#907,#888,#448,.T.);
#1118=EDGE_CURVE('',#906,#907,#449,.T.);
#1119=EDGE_CURVE('',#908,#884,#450,.T.);
#1120=EDGE_CURVE('',#907,#908,#768,.T.);
#1121=EDGE_CURVE('',#909,#887,#451,.T.);
#1122=EDGE_CURVE('',#908,#909,#452,.T.);
#1123=EDGE_CURVE('',#910,#902,#453,.T.);
#1124=EDGE_CURVE('',#909,#910,#769,.T.);
#1125=EDGE_CURVE('',#911,#900,#454,.T.);
#1126=EDGE_CURVE('',#910,#911,#455,.T.);
#1127=EDGE_CURVE('',#912,#898,#456,.T.);
#1128=EDGE_CURVE('',#911,#912,#770,.T.);
#1129=EDGE_CURVE('',#913,#896,#457,.T.);
#1130=EDGE_CURVE('',#912,#913,#458,.T.);
#1131=EDGE_CURVE('',#913,#905,#771,.T.);
#1132=EDGE_CURVE('',#847,#883,#459,.T.);
#1133=EDGE_CURVE('',#848,#882,#460,.T.);
#1134=EDGE_CURVE('',#849,#881,#461,.T.);
#1135=EDGE_CURVE('',#850,#880,#462,.T.);
#1136=EDGE_CURVE('',#914,#915,#463,.T.);
#1137=EDGE_CURVE('',#915,#916,#772,.T.);
#1138=EDGE_CURVE('',#916,#917,#464,.T.);
#1139=EDGE_CURVE('',#917,#914,#773,.T.);
#1140=EDGE_CURVE('',#916,#918,#465,.T.);
#1141=EDGE_CURVE('',#918,#919,#466,.T.);
#1142=EDGE_CURVE('',#919,#917,#467,.T.);
#1143=EDGE_CURVE('',#918,#920,#774,.T.);
#1144=EDGE_CURVE('',#920,#921,#468,.T.);
#1145=EDGE_CURVE('',#921,#919,#775,.T.);
#1146=EDGE_CURVE('',#920,#922,#469,.T.);
#1147=EDGE_CURVE('',#922,#923,#470,.T.);
#1148=EDGE_CURVE('',#923,#921,#471,.T.);
#1149=EDGE_CURVE('',#922,#924,#776,.T.);
#1150=EDGE_CURVE('',#924,#925,#472,.T.);
#1151=EDGE_CURVE('',#925,#923,#777,.T.);
#1152=EDGE_CURVE('',#924,#926,#473,.T.);
#1153=EDGE_CURVE('',#926,#927,#474,.T.);
#1154=EDGE_CURVE('',#927,#925,#475,.T.);
#1155=EDGE_CURVE('',#928,#929,#476,.T.);
#1156=EDGE_CURVE('',#929,#927,#778,.T.);
#1157=EDGE_CURVE('',#926,#928,#779,.T.);
#1158=EDGE_CURVE('',#928,#930,#477,.T.);
#1159=EDGE_CURVE('',#930,#931,#478,.T.);
#1160=EDGE_CURVE('',#931,#929,#479,.T.);
#1161=EDGE_CURVE('',#932,#831,#480,.T.);
#1162=EDGE_CURVE('',#831,#931,#780,.T.);
#1163=EDGE_CURVE('',#930,#932,#781,.T.);
#1164=EDGE_CURVE('',#932,#915,#481,.T.);
#1165=EDGE_CURVE('',#915,#832,#482,.T.);
#1166=EDGE_CURVE('',#914,#832,#782,.T.);
#1167=EDGE_CURVE('',#929,#844,#483,.T.);
#1168=EDGE_CURVE('',#843,#933,#484,.T.);
#1169=EDGE_CURVE('',#933,#934,#783,.T.);
#1170=EDGE_CURVE('',#934,#935,#485,.T.);
#1171=EDGE_CURVE('',#936,#935,#784,.T.);
#1172=EDGE_CURVE('',#936,#927,#486,.T.);
#1173=EDGE_CURVE('',#845,#931,#487,.T.);
#1174=EDGE_CURVE('',#914,#937,#488,.T.);
#1175=EDGE_CURVE('',#937,#938,#21,.T.);
#1176=EDGE_CURVE('',#938,#833,#20,.T.);
#1177=EDGE_CURVE('',#939,#917,#489,.T.);
#1178=EDGE_CURVE('',#937,#939,#785,.T.);
#1179=EDGE_CURVE('',#940,#941,#490,.T.);
#1180=EDGE_CURVE('',#942,#940,#786,.T.);
#1181=EDGE_CURVE('',#943,#942,#491,.T.);
#1182=EDGE_CURVE('',#944,#943,#787,.T.);
#1183=EDGE_CURVE('',#945,#944,#492,.T.);
#1184=EDGE_CURVE('',#946,#945,#788,.T.);
#1185=EDGE_CURVE('',#947,#946,#789,.T.);
#1186=EDGE_CURVE('',#948,#947,#493,.T.);
#1187=EDGE_CURVE('',#941,#948,#790,.T.);
#1188=EDGE_CURVE('',#939,#949,#494,.T.);
#1189=EDGE_CURVE('',#949,#950,#791,.T.);
#1190=EDGE_CURVE('',#938,#950,#19,.T.);
#1191=EDGE_CURVE('',#950,#951,#495,.T.);
#1192=EDGE_CURVE('',#951,#834,#496,.F.);
#1193=EDGE_CURVE('',#951,#952,#497,.T.);
#1194=EDGE_CURVE('',#953,#949,#498,.T.);
#1195=EDGE_CURVE('',#954,#953,#792,.T.);
#1196=EDGE_CURVE('',#955,#954,#499,.T.);
#1197=EDGE_CURVE('',#956,#955,#793,.T.);
#1198=EDGE_CURVE('',#957,#956,#500,.T.);
#1199=EDGE_CURVE('',#952,#957,#794,.T.);
#1200=EDGE_CURVE('',#857,#940,#501,.T.);
#1201=EDGE_CURVE('',#941,#856,#502,.T.);
#1202=EDGE_CURVE('',#860,#942,#503,.T.);
#1203=EDGE_CURVE('',#862,#943,#504,.T.);
#1204=EDGE_CURVE('',#864,#944,#505,.T.);
#1205=EDGE_CURVE('',#866,#945,#506,.T.);
#1206=EDGE_CURVE('',#872,#946,#507,.T.);
#1207=EDGE_CURVE('',#870,#947,#508,.T.);
#1208=EDGE_CURVE('',#868,#948,#509,.T.);
#1209=EDGE_CURVE('',#958,#953,#510,.T.);
#1210=EDGE_CURVE('',#939,#958,#511,.T.);
#1211=EDGE_CURVE('',#959,#954,#512,.T.);
#1212=EDGE_CURVE('',#958,#959,#795,.T.);
#1213=EDGE_CURVE('',#960,#955,#513,.T.);
#1214=EDGE_CURVE('',#959,#960,#514,.T.);
#1215=EDGE_CURVE('',#961,#956,#515,.T.);
#1216=EDGE_CURVE('',#960,#961,#796,.T.);
#1217=EDGE_CURVE('',#936,#957,#516,.T.);
#1218=EDGE_CURVE('',#961,#936,#517,.T.);
#1219=EDGE_CURVE('',#935,#952,#518,.T.);
#1220=EDGE_CURVE('',#935,#834,#519,.T.);
#1221=EDGE_CURVE('',#934,#835,#520,.T.);
#1222=EDGE_CURVE('',#925,#961,#521,.T.);
#1223=EDGE_CURVE('',#960,#923,#522,.T.);
#1224=EDGE_CURVE('',#959,#921,#523,.T.);
#1225=EDGE_CURVE('',#958,#919,#524,.T.);
#1226=EDGE_CURVE('',#933,#962,#525,.T.);
#1227=EDGE_CURVE('',#962,#963,#797,.T.);
#1228=EDGE_CURVE('',#963,#964,#526,.T.);
#1229=EDGE_CURVE('',#964,#965,#798,.T.);
#1230=EDGE_CURVE('',#965,#966,#527,.T.);
#1231=EDGE_CURVE('',#966,#836,#799,.T.);
#1232=EDGE_CURVE('',#841,#963,#528,.T.);
#1233=EDGE_CURVE('',#842,#962,#529,.T.);
#1234=EDGE_CURVE('',#838,#966,#530,.T.);
#1235=EDGE_CURVE('',#839,#965,#531,.T.);
#1236=EDGE_CURVE('',#840,#964,#532,.T.);
#1237=ORIENTED_EDGE('',*,*,#967,.F.);
#1238=ORIENTED_EDGE('',*,*,#968,.T.);
#1239=ORIENTED_EDGE('',*,*,#969,.T.);
#1240=ORIENTED_EDGE('',*,*,#968,.F.);
#1241=ORIENTED_EDGE('',*,*,#969,.F.);
#1242=ORIENTED_EDGE('',*,*,#970,.F.);
#1243=ORIENTED_EDGE('',*,*,#971,.F.);
#1244=ORIENTED_EDGE('',*,*,#972,.T.);
#1245=ORIENTED_EDGE('',*,*,#973,.T.);
#1246=ORIENTED_EDGE('',*,*,#972,.F.);
#1247=ORIENTED_EDGE('',*,*,#973,.F.);
#1248=ORIENTED_EDGE('',*,*,#974,.F.);
#1249=ORIENTED_EDGE('',*,*,#975,.F.);
#1250=ORIENTED_EDGE('',*,*,#976,.T.);
#1251=ORIENTED_EDGE('',*,*,#977,.T.);
#1252=ORIENTED_EDGE('',*,*,#976,.F.);
#1253=ORIENTED_EDGE('',*,*,#977,.F.);
#1254=ORIENTED_EDGE('',*,*,#978,.F.);
#1255=ORIENTED_EDGE('',*,*,#979,.F.);
#1256=ORIENTED_EDGE('',*,*,#980,.T.);
#1257=ORIENTED_EDGE('',*,*,#981,.T.);
#1258=ORIENTED_EDGE('',*,*,#980,.F.);
#1259=ORIENTED_EDGE('',*,*,#981,.F.);
#1260=ORIENTED_EDGE('',*,*,#982,.F.);
#1261=ORIENTED_EDGE('',*,*,#983,.F.);
#1262=ORIENTED_EDGE('',*,*,#984,.F.);
#1263=ORIENTED_EDGE('',*,*,#985,.F.);
#1264=ORIENTED_EDGE('',*,*,#986,.F.);
#1265=ORIENTED_EDGE('',*,*,#987,.F.);
#1266=ORIENTED_EDGE('',*,*,#988,.F.);
#1267=ORIENTED_EDGE('',*,*,#989,.T.);
#1268=ORIENTED_EDGE('',*,*,#990,.T.);
#1269=ORIENTED_EDGE('',*,*,#991,.T.);
#1270=ORIENTED_EDGE('',*,*,#992,.T.);
#1271=ORIENTED_EDGE('',*,*,#984,.T.);
#1272=ORIENTED_EDGE('',*,*,#967,.T.);
#1273=ORIENTED_EDGE('',*,*,#971,.T.);
#1274=ORIENTED_EDGE('',*,*,#975,.T.);
#1275=ORIENTED_EDGE('',*,*,#979,.T.);
#1276=ORIENTED_EDGE('',*,*,#993,.T.);
#1277=ORIENTED_EDGE('',*,*,#970,.T.);
#1278=ORIENTED_EDGE('',*,*,#994,.T.);
#1279=ORIENTED_EDGE('',*,*,#995,.F.);
#1280=ORIENTED_EDGE('',*,*,#994,.F.);
#1281=ORIENTED_EDGE('',*,*,#993,.F.);
#1282=ORIENTED_EDGE('',*,*,#996,.T.);
#1283=ORIENTED_EDGE('',*,*,#997,.F.);
#1284=ORIENTED_EDGE('',*,*,#996,.F.);
#1285=ORIENTED_EDGE('',*,*,#982,.T.);
#1286=ORIENTED_EDGE('',*,*,#998,.T.);
#1287=ORIENTED_EDGE('',*,*,#999,.F.);
#1288=ORIENTED_EDGE('',*,*,#998,.F.);
#1289=ORIENTED_EDGE('',*,*,#974,.T.);
#1290=ORIENTED_EDGE('',*,*,#1000,.T.);
#1291=ORIENTED_EDGE('',*,*,#1001,.F.);
#1292=ORIENTED_EDGE('',*,*,#1000,.F.);
#1293=ORIENTED_EDGE('',*,*,#978,.T.);
#1294=ORIENTED_EDGE('',*,*,#1002,.T.);
#1295=ORIENTED_EDGE('',*,*,#1003,.F.);
#1296=ORIENTED_EDGE('',*,*,#1002,.F.);
#1297=ORIENTED_EDGE('',*,*,#1004,.F.);
#1298=ORIENTED_EDGE('',*,*,#985,.T.);
#1299=ORIENTED_EDGE('',*,*,#992,.F.);
#1300=ORIENTED_EDGE('',*,*,#1005,.F.);
#1301=ORIENTED_EDGE('',*,*,#1006,.T.);
#1302=ORIENTED_EDGE('',*,*,#1005,.T.);
#1303=ORIENTED_EDGE('',*,*,#991,.F.);
#1304=ORIENTED_EDGE('',*,*,#1007,.F.);
#1305=ORIENTED_EDGE('',*,*,#1008,.F.);
#1306=ORIENTED_EDGE('',*,*,#1007,.T.);
#1307=ORIENTED_EDGE('',*,*,#990,.F.);
#1308=ORIENTED_EDGE('',*,*,#1009,.F.);
#1309=ORIENTED_EDGE('',*,*,#1010,.T.);
#1310=ORIENTED_EDGE('',*,*,#1009,.T.);
#1311=ORIENTED_EDGE('',*,*,#989,.F.);
#1312=ORIENTED_EDGE('',*,*,#1011,.F.);
#1313=ORIENTED_EDGE('',*,*,#1011,.T.);
#1314=ORIENTED_EDGE('',*,*,#988,.T.);
#1315=ORIENTED_EDGE('',*,*,#1012,.F.);
#1316=ORIENTED_EDGE('',*,*,#1013,.F.);
#1317=ORIENTED_EDGE('',*,*,#1014,.F.);
#1318=ORIENTED_EDGE('',*,*,#1015,.F.);
#1319=ORIENTED_EDGE('',*,*,#1016,.F.);
#1320=ORIENTED_EDGE('',*,*,#1017,.F.);
#1321=ORIENTED_EDGE('',*,*,#1018,.F.);
#1322=ORIENTED_EDGE('',*,*,#1019,.F.);
#1323=ORIENTED_EDGE('',*,*,#1019,.T.);
#1324=ORIENTED_EDGE('',*,*,#1020,.T.);
#1325=ORIENTED_EDGE('',*,*,#1021,.T.);
#1326=ORIENTED_EDGE('',*,*,#1022,.T.);
#1327=ORIENTED_EDGE('',*,*,#1023,.T.);
#1328=ORIENTED_EDGE('',*,*,#1024,.T.);
#1329=ORIENTED_EDGE('',*,*,#1025,.T.);
#1330=ORIENTED_EDGE('',*,*,#1026,.F.);
#1331=ORIENTED_EDGE('',*,*,#1027,.T.);
#1332=ORIENTED_EDGE('',*,*,#1028,.F.);
#1333=ORIENTED_EDGE('',*,*,#986,.T.);
#1334=ORIENTED_EDGE('',*,*,#1004,.T.);
#1335=ORIENTED_EDGE('',*,*,#1006,.F.);
#1336=ORIENTED_EDGE('',*,*,#1008,.T.);
#1337=ORIENTED_EDGE('',*,*,#1010,.F.);
#1338=ORIENTED_EDGE('',*,*,#995,.T.);
#1339=ORIENTED_EDGE('',*,*,#997,.T.);
#1340=ORIENTED_EDGE('',*,*,#999,.T.);
#1341=ORIENTED_EDGE('',*,*,#1001,.T.);
#1342=ORIENTED_EDGE('',*,*,#1003,.T.);
#1343=ORIENTED_EDGE('',*,*,#1029,.T.);
#1344=ORIENTED_EDGE('',*,*,#1030,.T.);
#1345=ORIENTED_EDGE('',*,*,#1031,.T.);
#1346=ORIENTED_EDGE('',*,*,#1032,.T.);
#1347=ORIENTED_EDGE('',*,*,#1033,.T.);
#1348=ORIENTED_EDGE('',*,*,#1034,.T.);
#1349=ORIENTED_EDGE('',*,*,#1035,.T.);
#1350=ORIENTED_EDGE('',*,*,#1036,.T.);
#1351=ORIENTED_EDGE('',*,*,#1037,.T.);
#1352=ORIENTED_EDGE('',*,*,#1038,.T.);
#1353=ORIENTED_EDGE('',*,*,#1039,.F.);
#1354=ORIENTED_EDGE('',*,*,#1040,.T.);
#1355=ORIENTED_EDGE('',*,*,#1041,.T.);
#1356=ORIENTED_EDGE('',*,*,#1042,.F.);
#1357=ORIENTED_EDGE('',*,*,#1043,.F.);
#1358=ORIENTED_EDGE('',*,*,#1042,.T.);
#1359=ORIENTED_EDGE('',*,*,#1044,.T.);
#1360=ORIENTED_EDGE('',*,*,#1045,.F.);
#1361=ORIENTED_EDGE('',*,*,#1046,.F.);
#1362=ORIENTED_EDGE('',*,*,#1045,.T.);
#1363=ORIENTED_EDGE('',*,*,#1047,.T.);
#1364=ORIENTED_EDGE('',*,*,#1048,.F.);
#1365=ORIENTED_EDGE('',*,*,#1049,.F.);
#1366=ORIENTED_EDGE('',*,*,#1048,.T.);
#1367=ORIENTED_EDGE('',*,*,#1050,.T.);
#1368=ORIENTED_EDGE('',*,*,#1051,.F.);
#1369=ORIENTED_EDGE('',*,*,#1052,.F.);
#1370=ORIENTED_EDGE('',*,*,#1051,.T.);
#1371=ORIENTED_EDGE('',*,*,#1053,.T.);
#1372=ORIENTED_EDGE('',*,*,#1054,.F.);
#1373=ORIENTED_EDGE('',*,*,#1055,.F.);
#1374=ORIENTED_EDGE('',*,*,#1056,.T.);
#1375=ORIENTED_EDGE('',*,*,#1057,.T.);
#1376=ORIENTED_EDGE('',*,*,#1040,.F.);
#1377=ORIENTED_EDGE('',*,*,#1058,.F.);
#1378=ORIENTED_EDGE('',*,*,#1059,.T.);
#1379=ORIENTED_EDGE('',*,*,#1060,.T.);
#1380=ORIENTED_EDGE('',*,*,#1056,.F.);
#1381=ORIENTED_EDGE('',*,*,#1061,.F.);
#1382=ORIENTED_EDGE('',*,*,#1062,.T.);
#1383=ORIENTED_EDGE('',*,*,#1063,.T.);
#1384=ORIENTED_EDGE('',*,*,#1059,.F.);
#1385=ORIENTED_EDGE('',*,*,#1064,.F.);
#1386=ORIENTED_EDGE('',*,*,#1054,.T.);
#1387=ORIENTED_EDGE('',*,*,#1065,.T.);
#1388=ORIENTED_EDGE('',*,*,#1062,.F.);
#1389=ORIENTED_EDGE('',*,*,#1065,.F.);
#1390=ORIENTED_EDGE('',*,*,#1053,.F.);
#1391=ORIENTED_EDGE('',*,*,#1050,.F.);
#1392=ORIENTED_EDGE('',*,*,#1047,.F.);
#1393=ORIENTED_EDGE('',*,*,#1044,.F.);
#1394=ORIENTED_EDGE('',*,*,#1041,.F.);
#1395=ORIENTED_EDGE('',*,*,#1057,.F.);
#1396=ORIENTED_EDGE('',*,*,#1060,.F.);
#1397=ORIENTED_EDGE('',*,*,#1063,.F.);
#1398=ORIENTED_EDGE('',*,*,#1066,.F.);
#1399=ORIENTED_EDGE('',*,*,#1067,.F.);
#1400=ORIENTED_EDGE('',*,*,#1068,.F.);
#1401=ORIENTED_EDGE('',*,*,#1069,.F.);
#1402=ORIENTED_EDGE('',*,*,#1070,.F.);
#1403=ORIENTED_EDGE('',*,*,#1071,.F.);
#1404=ORIENTED_EDGE('',*,*,#1072,.F.);
#1405=ORIENTED_EDGE('',*,*,#1073,.F.);
#1406=ORIENTED_EDGE('',*,*,#1074,.F.);
#1407=ORIENTED_EDGE('',*,*,#1075,.F.);
#1408=ORIENTED_EDGE('',*,*,#1070,.T.);
#1409=ORIENTED_EDGE('',*,*,#1076,.F.);
#1410=ORIENTED_EDGE('',*,*,#1034,.F.);
#1411=ORIENTED_EDGE('',*,*,#1077,.T.);
#1412=ORIENTED_EDGE('',*,*,#1069,.T.);
#1413=ORIENTED_EDGE('',*,*,#1078,.F.);
#1414=ORIENTED_EDGE('',*,*,#1035,.F.);
#1415=ORIENTED_EDGE('',*,*,#1076,.T.);
#1416=ORIENTED_EDGE('',*,*,#1068,.T.);
#1417=ORIENTED_EDGE('',*,*,#1079,.F.);
#1418=ORIENTED_EDGE('',*,*,#1036,.F.);
#1419=ORIENTED_EDGE('',*,*,#1078,.T.);
#1420=ORIENTED_EDGE('',*,*,#1067,.T.);
#1421=ORIENTED_EDGE('',*,*,#1080,.F.);
#1422=ORIENTED_EDGE('',*,*,#1037,.F.);
#1423=ORIENTED_EDGE('',*,*,#1079,.T.);
#1424=ORIENTED_EDGE('',*,*,#1066,.T.);
#1425=ORIENTED_EDGE('',*,*,#1081,.F.);
#1426=ORIENTED_EDGE('',*,*,#1038,.F.);
#1427=ORIENTED_EDGE('',*,*,#1080,.T.);
#1428=ORIENTED_EDGE('',*,*,#1082,.T.);
#1429=ORIENTED_EDGE('',*,*,#1083,.T.);
#1430=ORIENTED_EDGE('',*,*,#1084,.T.);
#1431=ORIENTED_EDGE('',*,*,#1085,.T.);
#1432=ORIENTED_EDGE('',*,*,#1086,.T.);
#1433=ORIENTED_EDGE('',*,*,#1087,.T.);
#1434=ORIENTED_EDGE('',*,*,#1082,.F.);
#1435=ORIENTED_EDGE('',*,*,#1088,.T.);
#1436=ORIENTED_EDGE('',*,*,#1089,.T.);
#1437=ORIENTED_EDGE('',*,*,#1090,.T.);
#1438=ORIENTED_EDGE('',*,*,#1086,.F.);
#1439=ORIENTED_EDGE('',*,*,#1091,.T.);
#1440=ORIENTED_EDGE('',*,*,#1092,.T.);
#1441=ORIENTED_EDGE('',*,*,#1093,.T.);
#1442=ORIENTED_EDGE('',*,*,#1089,.F.);
#1443=ORIENTED_EDGE('',*,*,#1094,.T.);
#1444=ORIENTED_EDGE('',*,*,#1095,.T.);
#1445=ORIENTED_EDGE('',*,*,#1096,.T.);
#1446=ORIENTED_EDGE('',*,*,#1092,.F.);
#1447=ORIENTED_EDGE('',*,*,#1097,.T.);
#1448=ORIENTED_EDGE('',*,*,#1098,.T.);
#1449=ORIENTED_EDGE('',*,*,#1099,.T.);
#1450=ORIENTED_EDGE('',*,*,#1095,.F.);
#1451=ORIENTED_EDGE('',*,*,#1100,.T.);
#1452=ORIENTED_EDGE('',*,*,#1101,.T.);
#1453=ORIENTED_EDGE('',*,*,#1102,.T.);
#1454=ORIENTED_EDGE('',*,*,#1098,.F.);
#1455=ORIENTED_EDGE('',*,*,#1103,.T.);
#1456=ORIENTED_EDGE('',*,*,#1104,.T.);
#1457=ORIENTED_EDGE('',*,*,#1105,.T.);
#1458=ORIENTED_EDGE('',*,*,#1101,.F.);
#1459=ORIENTED_EDGE('',*,*,#1106,.T.);
#1460=ORIENTED_EDGE('',*,*,#1107,.T.);
#1461=ORIENTED_EDGE('',*,*,#1108,.T.);
#1462=ORIENTED_EDGE('',*,*,#1104,.F.);
#1463=ORIENTED_EDGE('',*,*,#1109,.T.);
#1464=ORIENTED_EDGE('',*,*,#1084,.F.);
#1465=ORIENTED_EDGE('',*,*,#1110,.T.);
#1466=ORIENTED_EDGE('',*,*,#1107,.F.);
#1467=ORIENTED_EDGE('',*,*,#1111,.T.);
#1468=ORIENTED_EDGE('',*,*,#1097,.F.);
#1469=ORIENTED_EDGE('',*,*,#1112,.F.);
#1470=ORIENTED_EDGE('',*,*,#1113,.F.);
#1471=ORIENTED_EDGE('',*,*,#1114,.T.);
#1472=ORIENTED_EDGE('',*,*,#1094,.F.);
#1473=ORIENTED_EDGE('',*,*,#1115,.F.);
#1474=ORIENTED_EDGE('',*,*,#1116,.F.);
#1475=ORIENTED_EDGE('',*,*,#1112,.T.);
#1476=ORIENTED_EDGE('',*,*,#1091,.F.);
#1477=ORIENTED_EDGE('',*,*,#1117,.F.);
#1478=ORIENTED_EDGE('',*,*,#1118,.F.);
#1479=ORIENTED_EDGE('',*,*,#1115,.T.);
#1480=ORIENTED_EDGE('',*,*,#1088,.F.);
#1481=ORIENTED_EDGE('',*,*,#1119,.F.);
#1482=ORIENTED_EDGE('',*,*,#1120,.F.);
#1483=ORIENTED_EDGE('',*,*,#1117,.T.);
#1484=ORIENTED_EDGE('',*,*,#1085,.F.);
#1485=ORIENTED_EDGE('',*,*,#1121,.F.);
#1486=ORIENTED_EDGE('',*,*,#1122,.F.);
#1487=ORIENTED_EDGE('',*,*,#1119,.T.);
#1488=ORIENTED_EDGE('',*,*,#1083,.F.);
#1489=ORIENTED_EDGE('',*,*,#1087,.F.);
#1490=ORIENTED_EDGE('',*,*,#1090,.F.);
#1491=ORIENTED_EDGE('',*,*,#1093,.F.);
#1492=ORIENTED_EDGE('',*,*,#1096,.F.);
#1493=ORIENTED_EDGE('',*,*,#1099,.F.);
#1494=ORIENTED_EDGE('',*,*,#1102,.F.);
#1495=ORIENTED_EDGE('',*,*,#1105,.F.);
#1496=ORIENTED_EDGE('',*,*,#1108,.F.);
#1497=ORIENTED_EDGE('',*,*,#1110,.F.);
#1498=ORIENTED_EDGE('',*,*,#1111,.F.);
#1499=ORIENTED_EDGE('',*,*,#1123,.F.);
#1500=ORIENTED_EDGE('',*,*,#1124,.F.);
#1501=ORIENTED_EDGE('',*,*,#1121,.T.);
#1502=ORIENTED_EDGE('',*,*,#1109,.F.);
#1503=ORIENTED_EDGE('',*,*,#1125,.F.);
#1504=ORIENTED_EDGE('',*,*,#1126,.F.);
#1505=ORIENTED_EDGE('',*,*,#1123,.T.);
#1506=ORIENTED_EDGE('',*,*,#1106,.F.);
#1507=ORIENTED_EDGE('',*,*,#1127,.F.);
#1508=ORIENTED_EDGE('',*,*,#1128,.F.);
#1509=ORIENTED_EDGE('',*,*,#1125,.T.);
#1510=ORIENTED_EDGE('',*,*,#1103,.F.);
#1511=ORIENTED_EDGE('',*,*,#1129,.F.);
#1512=ORIENTED_EDGE('',*,*,#1130,.F.);
#1513=ORIENTED_EDGE('',*,*,#1127,.T.);
#1514=ORIENTED_EDGE('',*,*,#1100,.F.);
#1515=ORIENTED_EDGE('',*,*,#1114,.F.);
#1516=ORIENTED_EDGE('',*,*,#1131,.F.);
#1517=ORIENTED_EDGE('',*,*,#1129,.T.);
#1518=ORIENTED_EDGE('',*,*,#1075,.T.);
#1519=ORIENTED_EDGE('',*,*,#1132,.F.);
#1520=ORIENTED_EDGE('',*,*,#1029,.F.);
#1521=ORIENTED_EDGE('',*,*,#1081,.T.);
#1522=ORIENTED_EDGE('',*,*,#1074,.T.);
#1523=ORIENTED_EDGE('',*,*,#1133,.F.);
#1524=ORIENTED_EDGE('',*,*,#1030,.F.);
#1525=ORIENTED_EDGE('',*,*,#1132,.T.);
#1526=ORIENTED_EDGE('',*,*,#1073,.T.);
#1527=ORIENTED_EDGE('',*,*,#1134,.F.);
#1528=ORIENTED_EDGE('',*,*,#1031,.F.);
#1529=ORIENTED_EDGE('',*,*,#1133,.T.);
#1530=ORIENTED_EDGE('',*,*,#1072,.T.);
#1531=ORIENTED_EDGE('',*,*,#1135,.F.);
#1532=ORIENTED_EDGE('',*,*,#1032,.F.);
#1533=ORIENTED_EDGE('',*,*,#1134,.T.);
#1534=ORIENTED_EDGE('',*,*,#1071,.T.);
#1535=ORIENTED_EDGE('',*,*,#1077,.F.);
#1536=ORIENTED_EDGE('',*,*,#1033,.F.);
#1537=ORIENTED_EDGE('',*,*,#1135,.T.);
#1538=ORIENTED_EDGE('',*,*,#1136,.T.);
#1539=ORIENTED_EDGE('',*,*,#1137,.T.);
#1540=ORIENTED_EDGE('',*,*,#1138,.T.);
#1541=ORIENTED_EDGE('',*,*,#1139,.T.);
#1542=ORIENTED_EDGE('',*,*,#1138,.F.);
#1543=ORIENTED_EDGE('',*,*,#1140,.T.);
#1544=ORIENTED_EDGE('',*,*,#1141,.T.);
#1545=ORIENTED_EDGE('',*,*,#1142,.T.);
#1546=ORIENTED_EDGE('',*,*,#1141,.F.);
#1547=ORIENTED_EDGE('',*,*,#1143,.T.);
#1548=ORIENTED_EDGE('',*,*,#1144,.T.);
#1549=ORIENTED_EDGE('',*,*,#1145,.T.);
#1550=ORIENTED_EDGE('',*,*,#1144,.F.);
#1551=ORIENTED_EDGE('',*,*,#1146,.T.);
#1552=ORIENTED_EDGE('',*,*,#1147,.T.);
#1553=ORIENTED_EDGE('',*,*,#1148,.T.);
#1554=ORIENTED_EDGE('',*,*,#1147,.F.);
#1555=ORIENTED_EDGE('',*,*,#1149,.T.);
#1556=ORIENTED_EDGE('',*,*,#1150,.T.);
#1557=ORIENTED_EDGE('',*,*,#1151,.T.);
#1558=ORIENTED_EDGE('',*,*,#1150,.F.);
#1559=ORIENTED_EDGE('',*,*,#1152,.T.);
#1560=ORIENTED_EDGE('',*,*,#1153,.T.);
#1561=ORIENTED_EDGE('',*,*,#1154,.T.);
#1562=ORIENTED_EDGE('',*,*,#1155,.T.);
#1563=ORIENTED_EDGE('',*,*,#1156,.T.);
#1564=ORIENTED_EDGE('',*,*,#1153,.F.);
#1565=ORIENTED_EDGE('',*,*,#1157,.T.);
#1566=ORIENTED_EDGE('',*,*,#1155,.F.);
#1567=ORIENTED_EDGE('',*,*,#1158,.T.);
#1568=ORIENTED_EDGE('',*,*,#1159,.T.);
#1569=ORIENTED_EDGE('',*,*,#1160,.T.);
#1570=ORIENTED_EDGE('',*,*,#1161,.T.);
#1571=ORIENTED_EDGE('',*,*,#1162,.T.);
#1572=ORIENTED_EDGE('',*,*,#1159,.F.);
#1573=ORIENTED_EDGE('',*,*,#1163,.T.);
#1574=ORIENTED_EDGE('',*,*,#1161,.F.);
#1575=ORIENTED_EDGE('',*,*,#1164,.T.);
#1576=ORIENTED_EDGE('',*,*,#1165,.T.);
#1577=ORIENTED_EDGE('',*,*,#1013,.T.);
#1578=ORIENTED_EDGE('',*,*,#1136,.F.);
#1579=ORIENTED_EDGE('',*,*,#1166,.T.);
#1580=ORIENTED_EDGE('',*,*,#1165,.F.);
#1581=ORIENTED_EDGE('',*,*,#1156,.F.);
#1582=ORIENTED_EDGE('',*,*,#1167,.T.);
#1583=ORIENTED_EDGE('',*,*,#1026,.T.);
#1584=ORIENTED_EDGE('',*,*,#1168,.T.);
#1585=ORIENTED_EDGE('',*,*,#1169,.T.);
#1586=ORIENTED_EDGE('',*,*,#1170,.T.);
#1587=ORIENTED_EDGE('',*,*,#1171,.F.);
#1588=ORIENTED_EDGE('',*,*,#1172,.T.);
#1589=ORIENTED_EDGE('',*,*,#1160,.F.);
#1590=ORIENTED_EDGE('',*,*,#1173,.F.);
#1591=ORIENTED_EDGE('',*,*,#1027,.F.);
#1592=ORIENTED_EDGE('',*,*,#1167,.F.);
#1593=ORIENTED_EDGE('',*,*,#983,.T.);
#1594=ORIENTED_EDGE('',*,*,#1028,.T.);
#1595=ORIENTED_EDGE('',*,*,#1173,.T.);
#1596=ORIENTED_EDGE('',*,*,#1162,.F.);
#1597=ORIENTED_EDGE('',*,*,#1012,.T.);
#1598=ORIENTED_EDGE('',*,*,#987,.T.);
#1599=ORIENTED_EDGE('',*,*,#1166,.F.);
#1600=ORIENTED_EDGE('',*,*,#1174,.T.);
#1601=ORIENTED_EDGE('',*,*,#1175,.T.);
#1602=ORIENTED_EDGE('',*,*,#1176,.T.);
#1603=ORIENTED_EDGE('',*,*,#1014,.T.);
#1604=ORIENTED_EDGE('',*,*,#1139,.F.);
#1605=ORIENTED_EDGE('',*,*,#1177,.F.);
#1606=ORIENTED_EDGE('',*,*,#1178,.F.);
#1607=ORIENTED_EDGE('',*,*,#1174,.F.);
#1608=ORIENTED_EDGE('',*,*,#1137,.F.);
#1609=ORIENTED_EDGE('',*,*,#1164,.F.);
#1610=ORIENTED_EDGE('',*,*,#1163,.F.);
#1611=ORIENTED_EDGE('',*,*,#1158,.F.);
#1612=ORIENTED_EDGE('',*,*,#1157,.F.);
#1613=ORIENTED_EDGE('',*,*,#1152,.F.);
#1614=ORIENTED_EDGE('',*,*,#1149,.F.);
#1615=ORIENTED_EDGE('',*,*,#1146,.F.);
#1616=ORIENTED_EDGE('',*,*,#1143,.F.);
#1617=ORIENTED_EDGE('',*,*,#1140,.F.);
#1618=ORIENTED_EDGE('',*,*,#1179,.F.);
#1619=ORIENTED_EDGE('',*,*,#1180,.F.);
#1620=ORIENTED_EDGE('',*,*,#1181,.F.);
#1621=ORIENTED_EDGE('',*,*,#1182,.F.);
#1622=ORIENTED_EDGE('',*,*,#1183,.F.);
#1623=ORIENTED_EDGE('',*,*,#1184,.F.);
#1624=ORIENTED_EDGE('',*,*,#1185,.F.);
#1625=ORIENTED_EDGE('',*,*,#1186,.F.);
#1626=ORIENTED_EDGE('',*,*,#1187,.F.);
#1627=ORIENTED_EDGE('',*,*,#1175,.F.);
#1628=ORIENTED_EDGE('',*,*,#1178,.T.);
#1629=ORIENTED_EDGE('',*,*,#1188,.T.);
#1630=ORIENTED_EDGE('',*,*,#1189,.T.);
#1631=ORIENTED_EDGE('',*,*,#1190,.F.);
#1632=ORIENTED_EDGE('',*,*,#1176,.F.);
#1633=ORIENTED_EDGE('',*,*,#1190,.T.);
#1634=ORIENTED_EDGE('',*,*,#1191,.T.);
#1635=ORIENTED_EDGE('',*,*,#1192,.T.);
#1636=ORIENTED_EDGE('',*,*,#1015,.T.);
#1637=ORIENTED_EDGE('',*,*,#1193,.F.);
#1638=ORIENTED_EDGE('',*,*,#1191,.F.);
#1639=ORIENTED_EDGE('',*,*,#1189,.F.);
#1640=ORIENTED_EDGE('',*,*,#1194,.F.);
#1641=ORIENTED_EDGE('',*,*,#1195,.F.);
#1642=ORIENTED_EDGE('',*,*,#1196,.F.);
#1643=ORIENTED_EDGE('',*,*,#1197,.F.);
#1644=ORIENTED_EDGE('',*,*,#1198,.F.);
#1645=ORIENTED_EDGE('',*,*,#1199,.F.);
#1646=ORIENTED_EDGE('',*,*,#1200,.T.);
#1647=ORIENTED_EDGE('',*,*,#1179,.T.);
#1648=ORIENTED_EDGE('',*,*,#1201,.T.);
#1649=ORIENTED_EDGE('',*,*,#1039,.T.);
#1650=ORIENTED_EDGE('',*,*,#1202,.T.);
#1651=ORIENTED_EDGE('',*,*,#1180,.T.);
#1652=ORIENTED_EDGE('',*,*,#1200,.F.);
#1653=ORIENTED_EDGE('',*,*,#1043,.T.);
#1654=ORIENTED_EDGE('',*,*,#1203,.T.);
#1655=ORIENTED_EDGE('',*,*,#1181,.T.);
#1656=ORIENTED_EDGE('',*,*,#1202,.F.);
#1657=ORIENTED_EDGE('',*,*,#1046,.T.);
#1658=ORIENTED_EDGE('',*,*,#1204,.T.);
#1659=ORIENTED_EDGE('',*,*,#1182,.T.);
#1660=ORIENTED_EDGE('',*,*,#1203,.F.);
#1661=ORIENTED_EDGE('',*,*,#1049,.T.);
#1662=ORIENTED_EDGE('',*,*,#1205,.T.);
#1663=ORIENTED_EDGE('',*,*,#1183,.T.);
#1664=ORIENTED_EDGE('',*,*,#1204,.F.);
#1665=ORIENTED_EDGE('',*,*,#1052,.T.);
#1666=ORIENTED_EDGE('',*,*,#1206,.T.);
#1667=ORIENTED_EDGE('',*,*,#1184,.T.);
#1668=ORIENTED_EDGE('',*,*,#1205,.F.);
#1669=ORIENTED_EDGE('',*,*,#1064,.T.);
#1670=ORIENTED_EDGE('',*,*,#1207,.T.);
#1671=ORIENTED_EDGE('',*,*,#1185,.T.);
#1672=ORIENTED_EDGE('',*,*,#1206,.F.);
#1673=ORIENTED_EDGE('',*,*,#1061,.T.);
#1674=ORIENTED_EDGE('',*,*,#1208,.T.);
#1675=ORIENTED_EDGE('',*,*,#1186,.T.);
#1676=ORIENTED_EDGE('',*,*,#1207,.F.);
#1677=ORIENTED_EDGE('',*,*,#1058,.T.);
#1678=ORIENTED_EDGE('',*,*,#1201,.F.);
#1679=ORIENTED_EDGE('',*,*,#1187,.T.);
#1680=ORIENTED_EDGE('',*,*,#1208,.F.);
#1681=ORIENTED_EDGE('',*,*,#1055,.T.);
#1682=ORIENTED_EDGE('',*,*,#1209,.T.);
#1683=ORIENTED_EDGE('',*,*,#1194,.T.);
#1684=ORIENTED_EDGE('',*,*,#1188,.F.);
#1685=ORIENTED_EDGE('',*,*,#1210,.T.);
#1686=ORIENTED_EDGE('',*,*,#1211,.T.);
#1687=ORIENTED_EDGE('',*,*,#1195,.T.);
#1688=ORIENTED_EDGE('',*,*,#1209,.F.);
#1689=ORIENTED_EDGE('',*,*,#1212,.T.);
#1690=ORIENTED_EDGE('',*,*,#1213,.T.);
#1691=ORIENTED_EDGE('',*,*,#1196,.T.);
#1692=ORIENTED_EDGE('',*,*,#1211,.F.);
#1693=ORIENTED_EDGE('',*,*,#1214,.T.);
#1694=ORIENTED_EDGE('',*,*,#1215,.T.);
#1695=ORIENTED_EDGE('',*,*,#1197,.T.);
#1696=ORIENTED_EDGE('',*,*,#1213,.F.);
#1697=ORIENTED_EDGE('',*,*,#1216,.T.);
#1698=ORIENTED_EDGE('',*,*,#1217,.T.);
#1699=ORIENTED_EDGE('',*,*,#1198,.T.);
#1700=ORIENTED_EDGE('',*,*,#1215,.F.);
#1701=ORIENTED_EDGE('',*,*,#1218,.T.);
#1702=ORIENTED_EDGE('',*,*,#1217,.F.);
#1703=ORIENTED_EDGE('',*,*,#1171,.T.);
#1704=ORIENTED_EDGE('',*,*,#1219,.T.);
#1705=ORIENTED_EDGE('',*,*,#1199,.T.);
#1706=ORIENTED_EDGE('',*,*,#1193,.T.);
#1707=ORIENTED_EDGE('',*,*,#1219,.F.);
#1708=ORIENTED_EDGE('',*,*,#1220,.T.);
#1709=ORIENTED_EDGE('',*,*,#1192,.F.);
#1710=ORIENTED_EDGE('',*,*,#1220,.F.);
#1711=ORIENTED_EDGE('',*,*,#1170,.F.);
#1712=ORIENTED_EDGE('',*,*,#1221,.T.);
#1713=ORIENTED_EDGE('',*,*,#1016,.T.);
#1714=ORIENTED_EDGE('',*,*,#1154,.F.);
#1715=ORIENTED_EDGE('',*,*,#1172,.F.);
#1716=ORIENTED_EDGE('',*,*,#1218,.F.);
#1717=ORIENTED_EDGE('',*,*,#1222,.F.);
#1718=ORIENTED_EDGE('',*,*,#1151,.F.);
#1719=ORIENTED_EDGE('',*,*,#1222,.T.);
#1720=ORIENTED_EDGE('',*,*,#1216,.F.);
#1721=ORIENTED_EDGE('',*,*,#1223,.T.);
#1722=ORIENTED_EDGE('',*,*,#1148,.F.);
#1723=ORIENTED_EDGE('',*,*,#1223,.F.);
#1724=ORIENTED_EDGE('',*,*,#1214,.F.);
#1725=ORIENTED_EDGE('',*,*,#1224,.T.);
#1726=ORIENTED_EDGE('',*,*,#1145,.F.);
#1727=ORIENTED_EDGE('',*,*,#1224,.F.);
#1728=ORIENTED_EDGE('',*,*,#1212,.F.);
#1729=ORIENTED_EDGE('',*,*,#1225,.T.);
#1730=ORIENTED_EDGE('',*,*,#1142,.F.);
#1731=ORIENTED_EDGE('',*,*,#1225,.F.);
#1732=ORIENTED_EDGE('',*,*,#1210,.F.);
#1733=ORIENTED_EDGE('',*,*,#1177,.T.);
#1734=ORIENTED_EDGE('',*,*,#1169,.F.);
#1735=ORIENTED_EDGE('',*,*,#1226,.T.);
#1736=ORIENTED_EDGE('',*,*,#1227,.T.);
#1737=ORIENTED_EDGE('',*,*,#1228,.T.);
#1738=ORIENTED_EDGE('',*,*,#1229,.T.);
#1739=ORIENTED_EDGE('',*,*,#1230,.T.);
#1740=ORIENTED_EDGE('',*,*,#1231,.T.);
#1741=ORIENTED_EDGE('',*,*,#1017,.T.);
#1742=ORIENTED_EDGE('',*,*,#1221,.F.);
#1743=ORIENTED_EDGE('',*,*,#1122,.T.);
#1744=ORIENTED_EDGE('',*,*,#1124,.T.);
#1745=ORIENTED_EDGE('',*,*,#1126,.T.);
#1746=ORIENTED_EDGE('',*,*,#1128,.T.);
#1747=ORIENTED_EDGE('',*,*,#1130,.T.);
#1748=ORIENTED_EDGE('',*,*,#1131,.T.);
#1749=ORIENTED_EDGE('',*,*,#1113,.T.);
#1750=ORIENTED_EDGE('',*,*,#1116,.T.);
#1751=ORIENTED_EDGE('',*,*,#1118,.T.);
#1752=ORIENTED_EDGE('',*,*,#1120,.T.);
#1753=ORIENTED_EDGE('',*,*,#1024,.F.);
#1754=ORIENTED_EDGE('',*,*,#1232,.T.);
#1755=ORIENTED_EDGE('',*,*,#1227,.F.);
#1756=ORIENTED_EDGE('',*,*,#1233,.F.);
#1757=ORIENTED_EDGE('',*,*,#1168,.F.);
#1758=ORIENTED_EDGE('',*,*,#1025,.F.);
#1759=ORIENTED_EDGE('',*,*,#1233,.T.);
#1760=ORIENTED_EDGE('',*,*,#1226,.F.);
#1761=ORIENTED_EDGE('',*,*,#1020,.F.);
#1762=ORIENTED_EDGE('',*,*,#1018,.T.);
#1763=ORIENTED_EDGE('',*,*,#1231,.F.);
#1764=ORIENTED_EDGE('',*,*,#1234,.F.);
#1765=ORIENTED_EDGE('',*,*,#1021,.F.);
#1766=ORIENTED_EDGE('',*,*,#1234,.T.);
#1767=ORIENTED_EDGE('',*,*,#1230,.F.);
#1768=ORIENTED_EDGE('',*,*,#1235,.F.);
#1769=ORIENTED_EDGE('',*,*,#1022,.F.);
#1770=ORIENTED_EDGE('',*,*,#1235,.T.);
#1771=ORIENTED_EDGE('',*,*,#1229,.F.);
#1772=ORIENTED_EDGE('',*,*,#1236,.F.);
#1773=ORIENTED_EDGE('',*,*,#1023,.F.);
#1774=ORIENTED_EDGE('',*,*,#1236,.T.);
#1775=ORIENTED_EDGE('',*,*,#1228,.F.);
#1776=ORIENTED_EDGE('',*,*,#1232,.F.);
#1777=CYLINDRICAL_SURFACE('',#1939,1.99999999999999);
#1778=CYLINDRICAL_SURFACE('',#1944,1.99999999999999);
#1779=CYLINDRICAL_SURFACE('',#1949,2.);
#1780=CYLINDRICAL_SURFACE('',#1954,2.);
#1781=CYLINDRICAL_SURFACE('',#1965,1.3);
#1782=CYLINDRICAL_SURFACE('',#1967,3.);
#1783=CYLINDRICAL_SURFACE('',#1969,1.3);
#1784=CYLINDRICAL_SURFACE('',#1971,1.29999999999999);
#1785=CYLINDRICAL_SURFACE('',#1973,1.3);
#1786=CYLINDRICAL_SURFACE('',#1975,2.5);
#1787=CYLINDRICAL_SURFACE('',#1978,2.5);
#1788=CYLINDRICAL_SURFACE('',#1994,3.35435010645607);
#1789=CYLINDRICAL_SURFACE('',#1998,3.35435010645607);
#1790=CYLINDRICAL_SURFACE('',#2002,0.499999999999997);
#1791=CYLINDRICAL_SURFACE('',#2006,5.14564989354394);
#1792=CYLINDRICAL_SURFACE('',#2009,1.00000000000001);
#1793=CYLINDRICAL_SURFACE('',#2019,1.20000000000007);
#1794=CYLINDRICAL_SURFACE('',#2021,0.700000000000003);
#1795=CYLINDRICAL_SURFACE('',#2023,0.700000000000047);
#1796=CYLINDRICAL_SURFACE('',#2045,0.699999999999964);
#1797=CYLINDRICAL_SURFACE('',#2048,1.20000000000002);
#1798=CYLINDRICAL_SURFACE('',#2052,1.20000000000007);
#1799=CYLINDRICAL_SURFACE('',#2055,1.20000000000005);
#1800=CYLINDRICAL_SURFACE('',#2058,0.700000000000003);
#1801=CYLINDRICAL_SURFACE('',#2061,1.2);
#1802=CYLINDRICAL_SURFACE('',#2063,1.20000000000002);
#1803=CYLINDRICAL_SURFACE('',#2087,1.5);
#1804=CYLINDRICAL_SURFACE('',#2091,2.);
#1805=CYLINDRICAL_SURFACE('',#2092,0.999999999999989);
#1806=CYLINDRICAL_SURFACE('',#2094,6.49999999999997);
#1807=CYLINDRICAL_SURFACE('',#2129,6.50000000000001);
#1808=CYLINDRICAL_SURFACE('',#2131,6.50000000000001);
#1809=CYLINDRICAL_SURFACE('',#2137,5.15);
#1810=CYLINDRICAL_SURFACE('',#2139,5.14999999999998);
#1811=CYLINDRICAL_SURFACE('',#2141,5.15000000000001);
#1812=ADVANCED_FACE('',(#116),#1777,.F.);
#1813=ADVANCED_FACE('',(#117,#42),#59,.T.);
#1814=ADVANCED_FACE('',(#118),#1778,.F.);
#1815=ADVANCED_FACE('',(#119,#43),#60,.T.);
#1816=ADVANCED_FACE('',(#120),#1779,.F.);
#1817=ADVANCED_FACE('',(#121,#44),#61,.T.);
#1818=ADVANCED_FACE('',(#122),#1780,.F.);
#1819=ADVANCED_FACE('',(#123,#45),#62,.T.);
#1820=ADVANCED_FACE('',(#124),#63,.T.);
#1821=ADVANCED_FACE('',(#125,#46,#47,#48,#49,#50),#64,.F.);
#1822=ADVANCED_FACE('',(#126),#1781,.F.);
#1823=ADVANCED_FACE('',(#127),#1782,.F.);
#1824=ADVANCED_FACE('',(#128),#1783,.F.);
#1825=ADVANCED_FACE('',(#129),#1784,.F.);
#1826=ADVANCED_FACE('',(#130),#1785,.F.);
#1827=ADVANCED_FACE('',(#131),#1786,.T.);
#1828=ADVANCED_FACE('',(#132),#65,.T.);
#1829=ADVANCED_FACE('',(#133),#1787,.T.);
#1830=ADVANCED_FACE('',(#134),#66,.T.);
#1831=ADVANCED_FACE('',(#135),#67,.T.);
#1832=ADVANCED_FACE('',(#136,#51,#52,#53,#54,#55,#56),#68,.F.);
#1833=ADVANCED_FACE('',(#137),#69,.F.);
#1834=ADVANCED_FACE('',(#138),#1788,.F.);
#1835=ADVANCED_FACE('',(#139),#70,.F.);
#1836=ADVANCED_FACE('',(#140),#1789,.F.);
#1837=ADVANCED_FACE('',(#141),#71,.F.);
#1838=ADVANCED_FACE('',(#142),#1790,.F.);
#1839=ADVANCED_FACE('',(#143),#72,.F.);
#1840=ADVANCED_FACE('',(#144),#1791,.T.);
#1841=ADVANCED_FACE('',(#145),#1792,.F.);
#1842=ADVANCED_FACE('',(#146),#73,.T.);
#1843=ADVANCED_FACE('',(#147),#74,.T.);
#1844=ADVANCED_FACE('',(#148),#1793,.T.);
#1845=ADVANCED_FACE('',(#149),#75,.T.);
#1846=ADVANCED_FACE('',(#150),#1794,.T.);
#1847=ADVANCED_FACE('',(#151),#76,.T.);
#1848=ADVANCED_FACE('',(#152),#1795,.T.);
#1849=ADVANCED_FACE('',(#153),#77,.T.);
#1850=ADVANCED_FACE('',(#154),#22,.T.);
#1851=ADVANCED_FACE('',(#155),#78,.T.);
#1852=ADVANCED_FACE('',(#156),#23,.T.);
#1853=ADVANCED_FACE('',(#157),#79,.T.);
#1854=ADVANCED_FACE('',(#158),#24,.T.);
#1855=ADVANCED_FACE('',(#159),#80,.T.);
#1856=ADVANCED_FACE('',(#160),#25,.T.);
#1857=ADVANCED_FACE('',(#161),#81,.T.);
#1858=ADVANCED_FACE('',(#162),#26,.T.);
#1859=ADVANCED_FACE('',(#163),#82,.T.);
#1860=ADVANCED_FACE('',(#164),#1796,.T.);
#1861=ADVANCED_FACE('',(#165),#83,.T.);
#1862=ADVANCED_FACE('',(#166),#1797,.T.);
#1863=ADVANCED_FACE('',(#167),#84,.T.);
#1864=ADVANCED_FACE('',(#168),#85,.T.);
#1865=ADVANCED_FACE('',(#169),#1798,.T.);
#1866=ADVANCED_FACE('',(#170),#86,.T.);
#1867=ADVANCED_FACE('',(#171),#1799,.T.);
#1868=ADVANCED_FACE('',(#172),#87,.T.);
#1869=ADVANCED_FACE('',(#173),#1800,.T.);
#1870=ADVANCED_FACE('',(#174),#88,.T.);
#1871=ADVANCED_FACE('',(#175),#1801,.T.);
#1872=ADVANCED_FACE('',(#176),#89,.T.);
#1873=ADVANCED_FACE('',(#177),#1802,.T.);
#1874=ADVANCED_FACE('',(#178),#90,.T.);
#1875=ADVANCED_FACE('',(#179),#27,.T.);
#1876=ADVANCED_FACE('',(#180),#91,.T.);
#1877=ADVANCED_FACE('',(#181),#28,.T.);
#1878=ADVANCED_FACE('',(#182),#92,.T.);
#1879=ADVANCED_FACE('',(#183),#29,.T.);
#1880=ADVANCED_FACE('',(#184),#93,.T.);
#1881=ADVANCED_FACE('',(#185),#30,.T.);
#1882=ADVANCED_FACE('',(#186),#94,.T.);
#1883=ADVANCED_FACE('',(#187),#31,.F.);
#1884=ADVANCED_FACE('',(#188),#95,.T.);
#1885=ADVANCED_FACE('',(#189),#32,.T.);
#1886=ADVANCED_FACE('',(#190),#1803,.T.);
#1887=ADVANCED_FACE('',(#191),#96,.T.);
#1888=ADVANCED_FACE('',(#192),#1804,.F.);
#1889=ADVANCED_FACE('',(#193),#1805,.T.);
#1890=ADVANCED_FACE('',(#194),#1806,.T.);
#1891=ADVANCED_FACE('',(#195,#57),#97,.T.);
#1892=ADVANCED_FACE('',(#196),#33,.T.);
#1893=ADVANCED_FACE('',(#197),#98,.T.);
#1894=ADVANCED_FACE('',(#198),#99,.T.);
#1895=ADVANCED_FACE('',(#199),#100,.T.);
#1896=ADVANCED_FACE('',(#200),#34,.T.);
#1897=ADVANCED_FACE('',(#201),#101,.T.);
#1898=ADVANCED_FACE('',(#202),#35,.T.);
#1899=ADVANCED_FACE('',(#203),#102,.T.);
#1900=ADVANCED_FACE('',(#204),#36,.T.);
#1901=ADVANCED_FACE('',(#205),#37,.F.);
#1902=ADVANCED_FACE('',(#206),#103,.T.);
#1903=ADVANCED_FACE('',(#207),#38,.T.);
#1904=ADVANCED_FACE('',(#208),#104,.T.);
#1905=ADVANCED_FACE('',(#209),#39,.T.);
#1906=ADVANCED_FACE('',(#210),#105,.T.);
#1907=ADVANCED_FACE('',(#211),#40,.T.);
#1908=ADVANCED_FACE('',(#212),#106,.T.);
#1909=ADVANCED_FACE('',(#213),#41,.T.);
#1910=ADVANCED_FACE('',(#214),#107,.T.);
#1911=ADVANCED_FACE('',(#215),#108,.T.);
#1912=ADVANCED_FACE('',(#216),#109,.T.);
#1913=ADVANCED_FACE('',(#217),#1807,.T.);
#1914=ADVANCED_FACE('',(#218),#110,.T.);
#1915=ADVANCED_FACE('',(#219),#1808,.T.);
#1916=ADVANCED_FACE('',(#220),#111,.T.);
#1917=ADVANCED_FACE('',(#221,#58),#112,.F.);
#1918=ADVANCED_FACE('',(#222),#1809,.F.);
#1919=ADVANCED_FACE('',(#223),#113,.T.);
#1920=ADVANCED_FACE('',(#224),#1810,.F.);
#1921=ADVANCED_FACE('',(#225),#114,.T.);
#1922=ADVANCED_FACE('',(#226),#1811,.F.);
#1923=ADVANCED_FACE('',(#227),#115,.T.);
#1924=CLOSED_SHELL('',(#1812,#1813,#1814,#1815,#1816,#1817,#1818,#1819,
#1820,#1821,#1822,#1823,#1824,#1825,#1826,#1827,#1828,#1829,#1830,#1831,
#1832,#1833,#1834,#1835,#1836,#1837,#1838,#1839,#1840,#1841,#1842,#1843,
#1844,#1845,#1846,#1847,#1848,#1849,#1850,#1851,#1852,#1853,#1854,#1855,
#1856,#1857,#1858,#1859,#1860,#1861,#1862,#1863,#1864,#1865,#1866,#1867,
#1868,#1869,#1870,#1871,#1872,#1873,#1874,#1875,#1876,#1877,#1878,#1879,
#1880,#1881,#1882,#1883,#1884,#1885,#1886,#1887,#1888,#1889,#1890,#1891,
#1892,#1893,#1894,#1895,#1896,#1897,#1898,#1899,#1900,#1901,#1902,#1903,
#1904,#1905,#1906,#1907,#1908,#1909,#1910,#1911,#1912,#1913,#1914,#1915,
#1916,#1917,#1918,#1919,#1920,#1921,#1922,#1923));
#1925=DERIVED_UNIT_ELEMENT(#1927,1.);
#1926=DERIVED_UNIT_ELEMENT(#3304,-3.);
#1927=(
MASS_UNIT()
NAMED_UNIT(*)
SI_UNIT(.KILO.,.GRAM.)
);
#1928=DERIVED_UNIT((#1925,#1926));
#1929=MEASURE_REPRESENTATION_ITEM('density measure',
POSITIVE_RATIO_MEASURE(7850.),#1928);
#1930=PROPERTY_DEFINITION_REPRESENTATION(#1935,#1932);
#1931=PROPERTY_DEFINITION_REPRESENTATION(#1936,#1933);
#1932=REPRESENTATION('material name',(#1934),#3301);
#1933=REPRESENTATION('density',(#1929),#3301);
#1934=DESCRIPTIVE_REPRESENTATION_ITEM('Steel','Steel');
#1935=PROPERTY_DEFINITION('material property','material name',#3316);
#1936=PROPERTY_DEFINITION('material property','density of part',#3316);
#1937=AXIS2_PLACEMENT_3D('',#2734,#2144,#2145);
#1938=AXIS2_PLACEMENT_3D('',#2735,#2146,#2147);
#1939=AXIS2_PLACEMENT_3D('',#2736,#2148,#2149);
#1940=AXIS2_PLACEMENT_3D('',#2738,#2150,#2151);
#1941=AXIS2_PLACEMENT_3D('',#2741,#2153,#2154);
#1942=AXIS2_PLACEMENT_3D('',#2742,#2155,#2156);
#1943=AXIS2_PLACEMENT_3D('',#2744,#2157,#2158);
#1944=AXIS2_PLACEMENT_3D('',#2745,#2159,#2160);
#1945=AXIS2_PLACEMENT_3D('',#2747,#2161,#2162);
#1946=AXIS2_PLACEMENT_3D('',#2750,#2164,#2165);
#1947=AXIS2_PLACEMENT_3D('',#2751,#2166,#2167);
#1948=AXIS2_PLACEMENT_3D('',#2753,#2168,#2169);
#1949=AXIS2_PLACEMENT_3D('',#2754,#2170,#2171);
#1950=AXIS2_PLACEMENT_3D('',#2756,#2172,#2173);
#1951=AXIS2_PLACEMENT_3D('',#2759,#2175,#2176);
#1952=AXIS2_PLACEMENT_3D('',#2760,#2177,#2178);
#1953=AXIS2_PLACEMENT_3D('',#2762,#2179,#2180);
#1954=AXIS2_PLACEMENT_3D('',#2763,#2181,#2182);
#1955=AXIS2_PLACEMENT_3D('',#2765,#2183,#2184);
#1956=AXIS2_PLACEMENT_3D('',#2768,#2186,#2187);
#1957=AXIS2_PLACEMENT_3D('',#2769,#2188,#2189);
#1958=AXIS2_PLACEMENT_3D('',#2771,#2190,#2191);
#1959=AXIS2_PLACEMENT_3D('',#2772,#2192,#2193);
#1960=AXIS2_PLACEMENT_3D('',#2781,#2198,#2199);
#1961=AXIS2_PLACEMENT_3D('',#2783,#2200,#2201);
#1962=AXIS2_PLACEMENT_3D('',#2789,#2204,#2205);
#1963=AXIS2_PLACEMENT_3D('',#2792,#2207,#2208);
#1964=AXIS2_PLACEMENT_3D('',#2794,#2209,#2210);
#1965=AXIS2_PLACEMENT_3D('',#2795,#2211,#2212);
#1966=AXIS2_PLACEMENT_3D('',#2798,#2214,#2215);
#1967=AXIS2_PLACEMENT_3D('',#2799,#2216,#2217);
#1968=AXIS2_PLACEMENT_3D('',#2802,#2219,#2220);
#1969=AXIS2_PLACEMENT_3D('',#2803,#2221,#2222);
#1970=AXIS2_PLACEMENT_3D('',#2806,#2224,#2225);
#1971=AXIS2_PLACEMENT_3D('',#2807,#2226,#2227);
#1972=AXIS2_PLACEMENT_3D('',#2810,#2229,#2230);
#1973=AXIS2_PLACEMENT_3D('',#2811,#2231,#2232);
#1974=AXIS2_PLACEMENT_3D('',#2814,#2234,#2235);
#1975=AXIS2_PLACEMENT_3D('',#2815,#2236,#2237);
#1976=AXIS2_PLACEMENT_3D('',#2817,#2238,#2239);
#1977=AXIS2_PLACEMENT_3D('',#2819,#2241,#2242);
#1978=AXIS2_PLACEMENT_3D('',#2823,#2245,#2246);
#1979=AXIS2_PLACEMENT_3D('',#2825,#2247,#2248);
#1980=AXIS2_PLACEMENT_3D('',#2827,#2250,#2251);
#1981=AXIS2_PLACEMENT_3D('',#2831,#2254,#2255);
#1982=AXIS2_PLACEMENT_3D('',#2847,#2264,#2265);
#1983=AXIS2_PLACEMENT_3D('',#2849,#2266,#2267);
#1984=AXIS2_PLACEMENT_3D('',#2853,#2269,#2270);
#1985=AXIS2_PLACEMENT_3D('',#2857,#2272,#2273);
#1986=AXIS2_PLACEMENT_3D('',#2861,#2275,#2276);
#1987=AXIS2_PLACEMENT_3D('',#2864,#2278,#2279);
#1988=AXIS2_PLACEMENT_3D('',#2869,#2281,#2282);
#1989=AXIS2_PLACEMENT_3D('',#2873,#2284,#2285);
#1990=AXIS2_PLACEMENT_3D('',#2877,#2287,#2288);
#1991=AXIS2_PLACEMENT_3D('',#2881,#2290,#2291);
#1992=AXIS2_PLACEMENT_3D('',#2884,#2293,#2294);
#1993=AXIS2_PLACEMENT_3D('',#2885,#2295,#2296);
#1994=AXIS2_PLACEMENT_3D('',#2894,#2301,#2302);
#1995=AXIS2_PLACEMENT_3D('',#2896,#2303,#2304);
#1996=AXIS2_PLACEMENT_3D('',#2898,#2305,#2306);
#1997=AXIS2_PLACEMENT_3D('',#2900,#2308,#2309);
#1998=AXIS2_PLACEMENT_3D('',#2906,#2313,#2314);
#1999=AXIS2_PLACEMENT_3D('',#2908,#2315,#2316);
#2000=AXIS2_PLACEMENT_3D('',#2910,#2317,#2318);
#2001=AXIS2_PLACEMENT_3D('',#2912,#2320,#2321);
#2002=AXIS2_PLACEMENT_3D('',#2918,#2325,#2326);
#2003=AXIS2_PLACEMENT_3D('',#2920,#2327,#2328);
#2004=AXIS2_PLACEMENT_3D('',#2923,#2330,#2331);
#2005=AXIS2_PLACEMENT_3D('',#2924,#2332,#2333);
#2006=AXIS2_PLACEMENT_3D('',#2930,#2337,#2338);
#2007=AXIS2_PLACEMENT_3D('',#2932,#2339,#2340);
#2008=AXIS2_PLACEMENT_3D('',#2935,#2342,#2343);
#2009=AXIS2_PLACEMENT_3D('',#2936,#2344,#2345);
#2010=AXIS2_PLACEMENT_3D('',#2937,#2346,#2347);
#2011=AXIS2_PLACEMENT_3D('',#2938,#2348,#2349);
#2012=AXIS2_PLACEMENT_3D('',#2939,#2350,#2351);
#2013=AXIS2_PLACEMENT_3D('',#2940,#2352,#2353);
#2014=AXIS2_PLACEMENT_3D('',#2943,#2354,#2355);
#2015=AXIS2_PLACEMENT_3D('',#2947,#2357,#2358);
#2016=AXIS2_PLACEMENT_3D('',#2951,#2360,#2361);
#2017=AXIS2_PLACEMENT_3D('',#2955,#2363,#2364);
#2018=AXIS2_PLACEMENT_3D('',#2959,#2366,#2367);
#2019=AXIS2_PLACEMENT_3D('',#2961,#2369,#2370);
#2020=AXIS2_PLACEMENT_3D('',#2964,#2373,#2374);
#2021=AXIS2_PLACEMENT_3D('',#2966,#2376,#2377);
#2022=AXIS2_PLACEMENT_3D('',#2968,#2379,#2380);
#2023=AXIS2_PLACEMENT_3D('',#2970,#2382,#2383);
#2024=AXIS2_PLACEMENT_3D('',#2972,#2385,#2386);
#2025=AXIS2_PLACEMENT_3D('',#2981,#2391,#2392);
#2026=AXIS2_PLACEMENT_3D('',#2985,#2394,#2395);
#2027=AXIS2_PLACEMENT_3D('',#2986,#2396,#2397);
#2028=AXIS2_PLACEMENT_3D('',#2987,#2398,#2399);
#2029=AXIS2_PLACEMENT_3D('',#2993,#2403,#2404);
#2030=AXIS2_PLACEMENT_3D('',#2997,#2406,#2407);
#2031=AXIS2_PLACEMENT_3D('',#2998,#2408,#2409);
#2032=AXIS2_PLACEMENT_3D('',#2999,#2410,#2411);
#2033=AXIS2_PLACEMENT_3D('',#3005,#2415,#2416);
#2034=AXIS2_PLACEMENT_3D('',#3009,#2418,#2419);
#2035=AXIS2_PLACEMENT_3D('',#3010,#2420,#2421);
#2036=AXIS2_PLACEMENT_3D('',#3011,#2422,#2423);
#2037=AXIS2_PLACEMENT_3D('',#3017,#2427,#2428);
#2038=AXIS2_PLACEMENT_3D('',#3021,#2430,#2431);
#2039=AXIS2_PLACEMENT_3D('',#3022,#2432,#2433);
#2040=AXIS2_PLACEMENT_3D('',#3023,#2434,#2435);
#2041=AXIS2_PLACEMENT_3D('',#3029,#2439,#2440);
#2042=AXIS2_PLACEMENT_3D('',#3030,#2441,#2442);
#2043=AXIS2_PLACEMENT_3D('',#3031,#2443,#2444);
#2044=AXIS2_PLACEMENT_3D('',#3032,#2445,#2446);
#2045=AXIS2_PLACEMENT_3D('',#3038,#2450,#2451);
#2046=AXIS2_PLACEMENT_3D('',#3041,#2453,#2454);
#2047=AXIS2_PLACEMENT_3D('',#3042,#2455,#2456);
#2048=AXIS2_PLACEMENT_3D('',#3046,#2459,#2460);
#2049=AXIS2_PLACEMENT_3D('',#3049,#2462,#2463);
#2050=AXIS2_PLACEMENT_3D('',#3050,#2464,#2465);
#2051=AXIS2_PLACEMENT_3D('',#3054,#2468,#2469);
#2052=AXIS2_PLACEMENT_3D('',#3055,#2470,#2471);
#2053=AXIS2_PLACEMENT_3D('',#3058,#2473,#2474);
#2054=AXIS2_PLACEMENT_3D('',#3059,#2475,#2476);
#2055=AXIS2_PLACEMENT_3D('',#3063,#2479,#2480);
#2056=AXIS2_PLACEMENT_3D('',#3066,#2482,#2483);
#2057=AXIS2_PLACEMENT_3D('',#3067,#2484,#2485);
#2058=AXIS2_PLACEMENT_3D('',#3071,#2488,#2489);
#2059=AXIS2_PLACEMENT_3D('',#3072,#2490,#2491);
#2060=AXIS2_PLACEMENT_3D('',#3073,#2492,#2493);
#2061=AXIS2_PLACEMENT_3D('',#3075,#2495,#2496);
#2062=AXIS2_PLACEMENT_3D('',#3077,#2498,#2499);
#2063=AXIS2_PLACEMENT_3D('',#3079,#2501,#2502);
#2064=AXIS2_PLACEMENT_3D('',#3081,#2504,#2505);
#2065=AXIS2_PLACEMENT_3D('',#3082,#2506,#2507);
#2066=AXIS2_PLACEMENT_3D('',#3087,#2509,#2510);
#2067=AXIS2_PLACEMENT_3D('',#3090,#2512,#2513);
#2068=AXIS2_PLACEMENT_3D('',#3091,#2514,#2515);
#2069=AXIS2_PLACEMENT_3D('',#3097,#2519,#2520);
#2070=AXIS2_PLACEMENT_3D('',#3099,#2521,#2522);
#2071=AXIS2_PLACEMENT_3D('',#3102,#2524,#2525);
#2072=AXIS2_PLACEMENT_3D('',#3103,#2526,#2527);
#2073=AXIS2_PLACEMENT_3D('',#3109,#2531,#2532);
#2074=AXIS2_PLACEMENT_3D('',#3111,#2533,#2534);
#2075=AXIS2_PLACEMENT_3D('',#3114,#2536,#2537);
#2076=AXIS2_PLACEMENT_3D('',#3115,#2538,#2539);
#2077=AXIS2_PLACEMENT_3D('',#3121,#2543,#2544);
#2078=AXIS2_PLACEMENT_3D('',#3125,#2546,#2547);
#2079=AXIS2_PLACEMENT_3D('',#3126,#2548,#2549);
#2080=AXIS2_PLACEMENT_3D('',#3127,#2550,#2551);
#2081=AXIS2_PLACEMENT_3D('',#3133,#2555,#2556);
#2082=AXIS2_PLACEMENT_3D('',#3136,#2558,#2559);
#2083=AXIS2_PLACEMENT_3D('',#3137,#2560,#2561);
#2084=AXIS2_PLACEMENT_3D('',#3138,#2562,#2563);
#2085=AXIS2_PLACEMENT_3D('',#3141,#2566,#2567);
#2086=AXIS2_PLACEMENT_3D('',#3142,#2568,#2569);
#2087=AXIS2_PLACEMENT_3D('',#3143,#2570,#2571);
#2088=AXIS2_PLACEMENT_3D('',#3148,#2574,#2575);
#2089=AXIS2_PLACEMENT_3D('',#3152,#2577,#2578);
#2090=AXIS2_PLACEMENT_3D('',#3154,#2580,#2581);
#2091=AXIS2_PLACEMENT_3D('',#3156,#2583,#2584);
#2092=AXIS2_PLACEMENT_3D('',#3157,#2585,#2586);
#2093=AXIS2_PLACEMENT_3D('',#3171,#2588,#2589);
#2094=AXIS2_PLACEMENT_3D('',#3172,#2590,#2591);
#2095=AXIS2_PLACEMENT_3D('',#3175,#2593,#2594);
#2096=AXIS2_PLACEMENT_3D('',#3176,#2595,#2596);
#2097=AXIS2_PLACEMENT_3D('',#3181,#2598,#2599);
#2098=AXIS2_PLACEMENT_3D('',#3185,#2601,#2602);
#2099=AXIS2_PLACEMENT_3D('',#3189,#2604,#2605);
#2100=AXIS2_PLACEMENT_3D('',#3191,#2606,#2607);
#2101=AXIS2_PLACEMENT_3D('',#3194,#2609,#2610);
#2102=AXIS2_PLACEMENT_3D('',#3195,#2611,#2612);
#2103=AXIS2_PLACEMENT_3D('',#3199,#2614,#2615);
#2104=AXIS2_PLACEMENT_3D('',#3203,#2616,#2617);
#2105=AXIS2_PLACEMENT_3D('',#3207,#2620,#2621);
#2106=AXIS2_PLACEMENT_3D('',#3213,#2624,#2625);
#2107=AXIS2_PLACEMENT_3D('',#3217,#2627,#2628);
#2108=AXIS2_PLACEMENT_3D('',#3220,#2630,#2631);
#2109=AXIS2_PLACEMENT_3D('',#3221,#2632,#2633);
#2110=AXIS2_PLACEMENT_3D('',#3224,#2636,#2637);
#2111=AXIS2_PLACEMENT_3D('',#3226,#2639,#2640);
#2112=AXIS2_PLACEMENT_3D('',#3228,#2642,#2643);
#2113=AXIS2_PLACEMENT_3D('',#3230,#2645,#2646);
#2114=AXIS2_PLACEMENT_3D('',#3232,#2648,#2649);
#2115=AXIS2_PLACEMENT_3D('',#3234,#2651,#2652);
#2116=AXIS2_PLACEMENT_3D('',#3236,#2654,#2655);
#2117=AXIS2_PLACEMENT_3D('',#3238,#2657,#2658);
#2118=AXIS2_PLACEMENT_3D('',#3239,#2659,#2660);
#2119=AXIS2_PLACEMENT_3D('',#3243,#2663,#2664);
#2120=AXIS2_PLACEMENT_3D('',#3246,#2666,#2667);
#2121=AXIS2_PLACEMENT_3D('',#3247,#2668,#2669);
#2122=AXIS2_PLACEMENT_3D('',#3251,#2672,#2673);
#2123=AXIS2_PLACEMENT_3D('',#3254,#2675,#2676);
#2124=AXIS2_PLACEMENT_3D('',#3255,#2677,#2678);
#2125=AXIS2_PLACEMENT_3D('',#3258,#2681,#2682);
#2126=AXIS2_PLACEMENT_3D('',#3260,#2684,#2685);
#2127=AXIS2_PLACEMENT_3D('',#3262,#2687,#2688);
#2128=AXIS2_PLACEMENT_3D('',#3264,#2690,#2691);
#2129=AXIS2_PLACEMENT_3D('',#3266,#2693,#2694);
#2130=AXIS2_PLACEMENT_3D('',#3268,#2696,#2697);
#2131=AXIS2_PLACEMENT_3D('',#3270,#2699,#2700);
#2132=AXIS2_PLACEMENT_3D('',#3272,#2702,#2703);
#2133=AXIS2_PLACEMENT_3D('',#3273,#2704,#2705);
#2134=AXIS2_PLACEMENT_3D('',#3277,#2707,#2708);
#2135=AXIS2_PLACEMENT_3D('',#3281,#2710,#2711);
#2136=AXIS2_PLACEMENT_3D('',#3284,#2713,#2714);
#2137=AXIS2_PLACEMENT_3D('',#3285,#2715,#2716);
#2138=AXIS2_PLACEMENT_3D('',#3288,#2719,#2720);
#2139=AXIS2_PLACEMENT_3D('',#3289,#2721,#2722);
#2140=AXIS2_PLACEMENT_3D('',#3291,#2724,#2725);
#2141=AXIS2_PLACEMENT_3D('',#3293,#2727,#2728);
#2142=AXIS2_PLACEMENT_3D('',#3295,#2730,#2731);
#2143=AXIS2_PLACEMENT_3D('',#3296,#2732,#2733);
#2144=DIRECTION('axis',(0.,0.,1.));
#2145=DIRECTION('refdir',(1.,0.,0.));
#2146=DIRECTION('axis',(0.,0.,1.));
#2147=DIRECTION('refdir',(1.,0.,0.));
#2148=DIRECTION('center_axis',(0.,1.,0.));
#2149=DIRECTION('ref_axis',(1.,0.,0.));
#2150=DIRECTION('center_axis',(0.,1.,0.));
#2151=DIRECTION('ref_axis',(1.,0.,0.));
#2152=DIRECTION('',(0.,1.,0.));
#2153=DIRECTION('center_axis',(0.,1.,0.));
#2154=DIRECTION('ref_axis',(1.,0.,0.));
#2155=DIRECTION('center_axis',(0.,-1.,0.));
#2156=DIRECTION('ref_axis',(1.,0.,0.));
#2157=DIRECTION('center_axis',(0.,-1.,0.));
#2158=DIRECTION('ref_axis',(1.,0.,0.));
#2159=DIRECTION('center_axis',(0.,1.,0.));
#2160=DIRECTION('ref_axis',(1.,0.,0.));
#2161=DIRECTION('center_axis',(0.,1.,0.));
#2162=DIRECTION('ref_axis',(1.,0.,0.));
#2163=DIRECTION('',(0.,1.,0.));
#2164=DIRECTION('center_axis',(0.,1.,0.));
#2165=DIRECTION('ref_axis',(1.,0.,0.));
#2166=DIRECTION('center_axis',(0.,-1.,0.));
#2167=DIRECTION('ref_axis',(1.,0.,0.));
#2168=DIRECTION('center_axis',(0.,-1.,0.));
#2169=DIRECTION('ref_axis',(1.,0.,0.));
#2170=DIRECTION('center_axis',(0.,1.,0.));
#2171=DIRECTION('ref_axis',(1.,0.,0.));
#2172=DIRECTION('center_axis',(0.,1.,0.));
#2173=DIRECTION('ref_axis',(1.,0.,0.));
#2174=DIRECTION('',(0.,1.,0.));
#2175=DIRECTION('center_axis',(0.,1.,0.));
#2176=DIRECTION('ref_axis',(1.,0.,0.));
#2177=DIRECTION('center_axis',(0.,-1.,0.));
#2178=DIRECTION('ref_axis',(1.,0.,0.));
#2179=DIRECTION('center_axis',(0.,-1.,0.));
#2180=DIRECTION('ref_axis',(1.,0.,0.));
#2181=DIRECTION('center_axis',(0.,1.,0.));
#2182=DIRECTION('ref_axis',(1.,0.,0.));
#2183=DIRECTION('center_axis',(0.,1.,0.));
#2184=DIRECTION('ref_axis',(1.,0.,0.));
#2185=DIRECTION('',(0.,1.,0.));
#2186=DIRECTION('center_axis',(0.,1.,0.));
#2187=DIRECTION('ref_axis',(1.,0.,0.));
#2188=DIRECTION('center_axis',(0.,-1.,0.));
#2189=DIRECTION('ref_axis',(1.,0.,0.));
#2190=DIRECTION('center_axis',(0.,-1.,0.));
#2191=DIRECTION('ref_axis',(1.,0.,0.));
#2192=DIRECTION('center_axis',(-0.601815023152034,0.,-0.798635510047303));
#2193=DIRECTION('ref_axis',(0.798635510047303,0.,-0.601815023152034));
#2194=DIRECTION('',(0.,1.,0.));
#2195=DIRECTION('',(0.798635510047303,0.,-0.601815023152034));
#2196=DIRECTION('',(0.,-1.,0.));
#2197=DIRECTION('',(-0.798635510047303,0.,0.601815023152034));
#2198=DIRECTION('center_axis',(0.,1.,0.));
#2199=DIRECTION('ref_axis',(1.,0.,0.));
#2200=DIRECTION('center_axis',(0.,1.,0.));
#2201=DIRECTION('ref_axis',(0.336780031518393,0.,-0.941583352853304));
#2202=DIRECTION('',(-0.601815023152036,0.,-0.798635510047302));
#2203=DIRECTION('',(-0.853199646013024,-2.75648940528299E-33,0.521584474503652));
#2204=DIRECTION('center_axis',(0.,-1.,0.));
#2205=DIRECTION('ref_axis',(-0.798635510047304,0.,0.601815023152033));
#2206=DIRECTION('',(-0.601815023152028,0.,-0.798635510047308));
#2207=DIRECTION('center_axis',(0.,-1.,0.));
#2208=DIRECTION('ref_axis',(-0.601815023152034,0.,-0.798635510047303));
#2209=DIRECTION('center_axis',(0.,1.,-4.93038065763132E-32));
#2210=DIRECTION('ref_axis',(1.,0.,0.));
#2211=DIRECTION('center_axis',(0.,-1.,0.));
#2212=DIRECTION('ref_axis',(1.,0.,0.));
#2213=DIRECTION('',(0.,1.,0.));
#2214=DIRECTION('center_axis',(0.,-1.,0.));
#2215=DIRECTION('ref_axis',(1.,0.,0.));
#2216=DIRECTION('center_axis',(0.,-1.,0.));
#2217=DIRECTION('ref_axis',(1.,0.,0.));
#2218=DIRECTION('',(0.,1.,0.));
#2219=DIRECTION('center_axis',(0.,-1.,4.93038065763132E-32));
#2220=DIRECTION('ref_axis',(1.,0.,0.));
#2221=DIRECTION('center_axis',(0.,-1.,0.));
#2222=DIRECTION('ref_axis',(1.,0.,0.));
#2223=DIRECTION('',(0.,1.,0.));
#2224=DIRECTION('center_axis',(0.,-1.,0.));
#2225=DIRECTION('ref_axis',(1.,0.,0.));
#2226=DIRECTION('center_axis',(0.,-1.,0.));
#2227=DIRECTION('ref_axis',(1.,0.,0.));
#2228=DIRECTION('',(0.,1.,0.));
#2229=DIRECTION('center_axis',(0.,-1.,0.));
#2230=DIRECTION('ref_axis',(1.,0.,0.));
#2231=DIRECTION('center_axis',(0.,-1.,0.));
#2232=DIRECTION('ref_axis',(1.,0.,0.));
#2233=DIRECTION('',(0.,1.,0.));
#2234=DIRECTION('center_axis',(0.,-1.,0.));
#2235=DIRECTION('ref_axis',(1.,0.,0.));
#2236=DIRECTION('center_axis',(0.,-1.,0.));
#2237=DIRECTION('ref_axis',(-0.601815023152034,0.,-0.798635510047303));
#2238=DIRECTION('center_axis',(0.,1.,0.));
#2239=DIRECTION('ref_axis',(-0.601815023152034,0.,-0.798635510047303));
#2240=DIRECTION('',(0.,-1.,0.));
#2241=DIRECTION('center_axis',(-0.798635510047308,0.,0.601815023152028));
#2242=DIRECTION('ref_axis',(-0.601815023152028,0.,-0.798635510047308));
#2243=DIRECTION('',(-0.601815023152028,0.,-0.798635510047308));
#2244=DIRECTION('',(0.,-1.,0.));
#2245=DIRECTION('center_axis',(0.,-1.,0.));
#2246=DIRECTION('ref_axis',(-0.798635510047304,0.,0.601815023152033));
#2247=DIRECTION('center_axis',(0.,1.,0.));
#2248=DIRECTION('ref_axis',(-0.798635510047304,0.,0.601815023152033));
#2249=DIRECTION('',(0.,-1.,0.));
#2250=DIRECTION('center_axis',(0.521584474503653,0.,0.853199646013024));
#2251=DIRECTION('ref_axis',(-0.853199646013024,-2.75648940528299E-33,0.521584474503652));
#2252=DIRECTION('',(-0.853199646013024,-2.75648940528299E-33,0.521584474503652));
#2253=DIRECTION('',(0.,-1.,0.));
#2254=DIRECTION('center_axis',(-0.798635510047302,0.,0.601815023152036));
#2255=DIRECTION('ref_axis',(-0.601815023152036,-3.54665412615108E-16,-0.798635510047302));
#2256=DIRECTION('',(0.,1.,0.));
#2257=DIRECTION('',(-0.601815023152036,-3.54665412615108E-16,-0.798635510047302));
#2258=DIRECTION('',(0.,-1.,0.));
#2259=DIRECTION('',(0.601815023152036,6.48008519428884E-34,0.798635510047302));
#2260=DIRECTION('',(0.,1.,0.));
#2261=DIRECTION('',(-0.601815023152037,-6.6230378714224E-33,-0.798635510047302));
#2262=DIRECTION('',(0.,1.,0.));
#2263=DIRECTION('',(0.601815023152036,3.54665412615108E-16,0.798635510047302));
#2264=DIRECTION('center_axis',(0.,-1.,4.44089209850062E-16));
#2265=DIRECTION('ref_axis',(-1.,0.,0.));
#2266=DIRECTION('center_axis',(0.,1.,-4.44089209850062E-16));
#2267=DIRECTION('ref_axis',(0.991841059206147,0.,-0.127480638815578));
#2268=DIRECTION('',(-0.127480638815578,-4.40465912279706E-16,-0.991841059206147));
#2269=DIRECTION('center_axis',(0.,1.,-4.44089209850062E-16));
#2270=DIRECTION('ref_axis',(0.434624243679816,0.,-0.900611884668278));
#2271=DIRECTION('',(-0.900611884668286,-1.93011936957443E-16,-0.434624243679799));
#2272=DIRECTION('center_axis',(0.,1.,-4.44089209850062E-16));
#2273=DIRECTION('ref_axis',(-0.789507276102123,0.,-0.613741200329427));
#2274=DIRECTION('',(-0.613741200329436,3.50611662415064E-16,0.789507276102116));
#2275=DIRECTION('center_axis',(0.,-1.,4.44089209850062E-16));
#2276=DIRECTION('ref_axis',(-0.83972481723379,0.,0.543012183400776));
#2277=DIRECTION('',(0.971803329692292,-1.04713079549731E-16,-0.235792893020494));
#2278=DIRECTION('center_axis',(0.,1.,-4.44089209850062E-16));
#2279=DIRECTION('ref_axis',(0.336780031518393,0.,-0.941583352853304));
#2280=DIRECTION('',(-0.601815023152036,-3.54665412615108E-16,-0.798635510047302));
#2281=DIRECTION('center_axis',(0.,-1.,4.44089209850062E-16));
#2282=DIRECTION('ref_axis',(-0.789507276102147,0.,-0.613741200329397));
#2283=DIRECTION('',(0.613741200329418,-3.5061166241507E-16,-0.78950727610213));
#2284=DIRECTION('center_axis',(0.,-1.,4.44089209850062E-16));
#2285=DIRECTION('ref_axis',(0.434624243679869,0.,-0.900611884668253));
#2286=DIRECTION('',(0.900611884668291,1.93011936957438E-16,0.434624243679789));
#2287=DIRECTION('center_axis',(0.,-1.,4.44089209850062E-16));
#2288=DIRECTION('ref_axis',(0.991841059206156,0.,-0.127480638815513));
#2289=DIRECTION('',(0.12748063881558,4.40465912279706E-16,0.991841059206147));
#2290=DIRECTION('center_axis',(0.,-1.,4.44089209850062E-16));
#2291=DIRECTION('ref_axis',(0.,0.,1.));
#2292=DIRECTION('',(-1.,6.28964424675398E-29,1.41630197429871E-13));
#2293=DIRECTION('center_axis',(0.,-1.,4.44089209850062E-16));
#2294=DIRECTION('ref_axis',(-0.798635510047264,0.,0.601815023152087));
#2295=DIRECTION('center_axis',(0.991841059206147,0.,-0.127480638815584));
#2296=DIRECTION('ref_axis',(-0.127480638815584,-1.32235103145579E-32,-0.991841059206146));
#2297=DIRECTION('',(-0.127480638815584,-4.40465912279706E-16,-0.991841059206146));
#2298=DIRECTION('',(0.,1.,0.));
#2299=DIRECTION('',(-0.127480638815584,-1.32235103145579E-32,-0.991841059206146));
#2300=DIRECTION('',(0.,1.,0.));
#2301=DIRECTION('center_axis',(0.,1.,0.));
#2302=DIRECTION('ref_axis',(0.434624243679819,0.,-0.900611884668277));
#2303=DIRECTION('center_axis',(0.,1.,-4.44089209850062E-16));
#2304=DIRECTION('ref_axis',(0.434624243679819,0.,-0.900611884668277));
#2305=DIRECTION('center_axis',(2.37870383032068E-47,1.,-4.92905991979349E-47));
#2306=DIRECTION('ref_axis',(0.434624243679819,-5.47301229719949E-47,-0.900611884668277));
#2307=DIRECTION('',(0.,1.,0.));
#2308=DIRECTION('center_axis',(0.43462424367983,0.,-0.900611884668271));
#2309=DIRECTION('ref_axis',(-0.900611884668271,2.23546042271506E-32,-0.43462424367983));
#2310=DIRECTION('',(-0.900611884668271,-1.93011936957457E-16,-0.43462424367983));
#2311=DIRECTION('',(-0.900611884668271,2.23546042271506E-32,-0.43462424367983));
#2312=DIRECTION('',(0.,1.,0.));
#2313=DIRECTION('center_axis',(0.,1.,0.));
#2314=DIRECTION('ref_axis',(-0.789507276102124,0.,-0.613741200329426));
#2315=DIRECTION('center_axis',(0.,1.,-4.44089209850062E-16));
#2316=DIRECTION('ref_axis',(-0.789507276102124,0.,-0.613741200329426));
#2317=DIRECTION('center_axis',(0.,1.,0.));
#2318=DIRECTION('ref_axis',(-0.789507276102124,0.,-0.613741200329426));
#2319=DIRECTION('',(0.,1.,0.));
#2320=DIRECTION('center_axis',(-0.789507276102118,0.,-0.613741200329434));
#2321=DIRECTION('ref_axis',(-0.613741200329434,-8.32596903413196E-32,0.789507276102118));
#2322=DIRECTION('',(-0.613741200329434,3.50611662415064E-16,0.789507276102118));
#2323=DIRECTION('',(-0.613741200329434,-8.32596903413196E-32,0.789507276102118));
#2324=DIRECTION('',(0.,1.,0.));
#2325=DIRECTION('center_axis',(0.,1.,0.));
#2326=DIRECTION('ref_axis',(0.991841059206145,0.,-0.127480638815599));
#2327=DIRECTION('center_axis',(0.,1.,-4.44089209850062E-16));
#2328=DIRECTION('ref_axis',(0.991841059206145,0.,-0.127480638815599));
#2329=DIRECTION('',(0.,1.,0.));
#2330=DIRECTION('center_axis',(1.35325186879361E-32,1.,-1.50716128384972E-32));
#2331=DIRECTION('ref_axis',(0.991841059206145,-1.53434465018025E-32,-0.127480638815599));
#2332=DIRECTION('center_axis',(-0.798635510047301,0.,0.601815023152037));
#2333=DIRECTION('ref_axis',(0.601815023152037,3.89265215902274E-33,0.798635510047301));
#2334=DIRECTION('',(0.601815023152037,3.54665412615107E-16,0.798635510047301));
#2335=DIRECTION('',(0.,1.,0.));
#2336=DIRECTION('',(0.601815023152037,3.89265215902274E-33,0.798635510047301));
#2337=DIRECTION('center_axis',(0.,1.,0.));
#2338=DIRECTION('ref_axis',(0.148969866304464,0.,-0.988841736039307));
#2339=DIRECTION('center_axis',(0.,-1.,4.44089209850062E-16));
#2340=DIRECTION('ref_axis',(0.148969866304464,0.,-0.988841736039307));
#2341=DIRECTION('',(0.,1.,0.));
#2342=DIRECTION('center_axis',(1.13091254394763E-32,-1.,4.79094367188038E-32));
#2343=DIRECTION('ref_axis',(0.148969866304464,-4.5690131672948E-32,-0.988841736039307));
#2344=DIRECTION('center_axis',(0.,1.,0.));
#2345=DIRECTION('ref_axis',(-0.148969866304468,0.,0.988841736039306));
#2346=DIRECTION('center_axis',(0.,1.,-4.44089209850062E-16));
#2347=DIRECTION('ref_axis',(-0.148969866304468,0.,0.988841736039306));
#2348=DIRECTION('center_axis',(-1.64994497403342E-31,1.,1.6532971512012E-31));
#2349=DIRECTION('ref_axis',(-0.148969866304468,-1.88064130737413E-31,0.988841736039306));
#2350=DIRECTION('center_axis',(1.13091254394763E-32,-1.,4.79094367188038E-32));
#2351=DIRECTION('ref_axis',(1.,1.13091254394763E-32,0.));
#2352=DIRECTION('center_axis',(0.,1.,0.));
#2353=DIRECTION('ref_axis',(-1.,0.,0.));
#2354=DIRECTION('center_axis',(0.,-1.,0.));
#2355=DIRECTION('ref_axis',(-0.798635510047264,0.,0.601815023152087));
#2356=DIRECTION('',(-1.,0.,1.41630197429871E-13));
#2357=DIRECTION('center_axis',(0.,-1.,0.));
#2358=DIRECTION('ref_axis',(0.,0.,1.));
#2359=DIRECTION('',(0.12748063881558,0.,0.991841059206147));
#2360=DIRECTION('center_axis',(0.,-1.,0.));
#2361=DIRECTION('ref_axis',(0.991841059206156,0.,-0.127480638815513));
#2362=DIRECTION('',(0.900611884668291,0.,0.434624243679789));
#2363=DIRECTION('center_axis',(0.,-1.,0.));
#2364=DIRECTION('ref_axis',(0.434624243679869,0.,-0.900611884668253));
#2365=DIRECTION('',(0.613741200329418,0.,-0.78950727610213));
#2366=DIRECTION('center_axis',(0.,-1.,0.));
#2367=DIRECTION('ref_axis',(-0.789507276102147,0.,-0.613741200329397));
#2368=DIRECTION('',(-0.601815023152036,0.,-0.798635510047302));
#2369=DIRECTION('center_axis',(0.,1.,0.));
#2370=DIRECTION('ref_axis',(0.991841059206156,0.,-0.127480638815513));
#2371=DIRECTION('',(0.,1.,0.));
#2372=DIRECTION('',(0.,1.,0.));
#2373=DIRECTION('center_axis',(0.991841059206147,0.,-0.12748063881558));
#2374=DIRECTION('ref_axis',(-0.12748063881558,0.,-0.991841059206147));
#2375=DIRECTION('',(0.,1.,0.));
#2376=DIRECTION('center_axis',(0.,1.,0.));
#2377=DIRECTION('ref_axis',(0.,0.,1.));
#2378=DIRECTION('',(0.,1.,0.));
#2379=DIRECTION('center_axis',(1.41630197429871E-13,0.,1.));
#2380=DIRECTION('ref_axis',(1.,0.,-1.41630197429871E-13));
#2381=DIRECTION('',(0.,1.,0.));
#2382=DIRECTION('center_axis',(0.,1.,0.));
#2383=DIRECTION('ref_axis',(-0.798635510047264,0.,0.601815023152087));
#2384=DIRECTION('',(0.,1.,0.));
#2385=DIRECTION('center_axis',(0.30732574997407,-0.707106781186547,-0.636828770866138));
#2386=DIRECTION('ref_axis',(-0.90061188466828,0.,-0.434624243679813));
#2387=DIRECTION('',(-0.307325749974061,-0.707106781186548,0.636828770866142));
#2388=DIRECTION('',(-0.90061188466828,0.,-0.434624243679813));
#2389=DIRECTION('',(0.307325749974061,0.707106781186548,-0.636828770866142));
#2390=DIRECTION('',(0.90061188466828,0.,0.434624243679813));
#2391=DIRECTION('center_axis',(0.,1.,0.));
#2392=DIRECTION('ref_axis',(0.434624243679866,0.,-0.900611884668254));
#2393=DIRECTION('',(-0.701337538823919,-0.707106781186547,0.0901424241764582));
#2394=DIRECTION('center_axis',(0.,1.,0.));
#2395=DIRECTION('ref_axis',(0.434624243679866,0.,-0.900611884668254));
#2396=DIRECTION('center_axis',(0.,-1.,0.));
#2397=DIRECTION('ref_axis',(0.434624243679866,0.,-0.900611884668254));
#2398=DIRECTION('center_axis',(0.701337538823912,-0.70710678118655,-0.0901424241764908));
#2399=DIRECTION('ref_axis',(-0.127480638815582,0.,-0.991841059206147));
#2400=DIRECTION('',(-0.701337538823917,-0.707106781186545,0.0901424241764894));
#2401=DIRECTION('',(-0.127480638815582,0.,-0.991841059206147));
#2402=DIRECTION('',(0.127480638815582,0.,0.991841059206147));
#2403=DIRECTION('center_axis',(0.,1.,0.));
#2404=DIRECTION('ref_axis',(0.991841059206143,0.,-0.127480638815612));
#2405=DIRECTION('',(0.,-0.707106781186555,-0.70710678118654));
#2406=DIRECTION('center_axis',(0.,1.,0.));
#2407=DIRECTION('ref_axis',(0.991841059206143,0.,-0.127480638815612));
#2408=DIRECTION('center_axis',(0.,-1.,0.));
#2409=DIRECTION('ref_axis',(0.991841059206143,0.,-0.127480638815612));
#2410=DIRECTION('center_axis',(1.00147673023452E-13,-0.707106781186545,
0.70710678118655));
#2411=DIRECTION('ref_axis',(1.,0.,-1.41630197429871E-13));
#2412=DIRECTION('',(-1.04672830578919E-13,-0.70710678118655,-0.707106781186545));
#2413=DIRECTION('',(1.,0.,-1.41630197429871E-13));
#2414=DIRECTION('',(-1.,0.,1.41630197429871E-13));
#2415=DIRECTION('center_axis',(0.,1.,0.));
#2416=DIRECTION('ref_axis',(2.53765262771463E-14,0.,1.));
#2417=DIRECTION('',(0.564720584850799,-0.707106781186545,-0.425547483890782));
#2418=DIRECTION('center_axis',(0.,1.,0.));
#2419=DIRECTION('ref_axis',(2.53765262771463E-14,0.,1.));
#2420=DIRECTION('center_axis',(0.,-1.,0.));
#2421=DIRECTION('ref_axis',(2.53765262771463E-14,0.,1.));
#2422=DIRECTION('center_axis',(-0.564720584850818,-0.707106781186549,0.425547483890749));
#2423=DIRECTION('ref_axis',(0.601815023152045,0.,0.798635510047295));
#2424=DIRECTION('',(0.564720584850821,-0.707106781186546,-0.425547483890751));
#2425=DIRECTION('',(0.601815023152045,0.,0.798635510047295));
#2426=DIRECTION('',(-0.601815023152045,0.,-0.798635510047295));
#2427=DIRECTION('center_axis',(0.,1.,0.));
#2428=DIRECTION('ref_axis',(-0.798635510047295,0.,0.601815023152045));
#2429=DIRECTION('',(0.558265948727953,-0.70710678118654,0.433980564646494));
#2430=DIRECTION('center_axis',(0.,1.,0.));
#2431=DIRECTION('ref_axis',(-0.798635510047295,0.,0.601815023152045));
#2432=DIRECTION('center_axis',(0.,-1.,0.));
#2433=DIRECTION('ref_axis',(-0.798635510047295,0.,0.601815023152045));
#2434=DIRECTION('center_axis',(-0.558265948727924,-0.707106781186554,-0.433980564646509));
#2435=DIRECTION('ref_axis',(-0.613741200329432,0.,0.789507276102119));
#2436=DIRECTION('',(0.558265948727934,-0.707106781186541,0.433980564646516));
#2437=DIRECTION('',(-0.613741200329432,0.,0.78950727610212));
#2438=DIRECTION('',(0.613741200329432,0.,-0.78950727610212));
#2439=DIRECTION('center_axis',(0.,1.,0.));
#2440=DIRECTION('ref_axis',(-0.789507276102087,0.,-0.613741200329473));
#2441=DIRECTION('center_axis',(0.,1.,0.));
#2442=DIRECTION('ref_axis',(-0.789507276102087,0.,-0.613741200329473));
#2443=DIRECTION('center_axis',(0.,-1.,0.));
#2444=DIRECTION('ref_axis',(-0.789507276102087,0.,-0.613741200329473));
#2445=DIRECTION('center_axis',(1.41630197429871E-13,0.,1.));
#2446=DIRECTION('ref_axis',(-1.,-7.47914154854526E-32,1.41630197429871E-13));
#2447=DIRECTION('',(0.,-1.,0.));
#2448=DIRECTION('',(1.,-4.36304267247787E-32,-1.41630197429871E-13));
#2449=DIRECTION('',(0.,-1.,0.));
#2450=DIRECTION('center_axis',(0.,-1.,0.));
#2451=DIRECTION('ref_axis',(0.991841059206143,0.,-0.127480638815612));
#2452=DIRECTION('',(0.,-1.,0.));
#2453=DIRECTION('center_axis',(4.36304267247739E-32,1.,-3.36892793401314E-32));
#2454=DIRECTION('ref_axis',(0.991841059206143,0.,-0.127480638815612));
#2455=DIRECTION('center_axis',(0.991841059206147,0.,-0.127480638815582));
#2456=DIRECTION('ref_axis',(0.127480638815582,2.42243794529804E-33,0.991841059206147));
#2457=DIRECTION('',(0.,-1.,0.));
#2458=DIRECTION('',(-0.127480638815582,-2.78523758339371E-32,-0.991841059206147));
#2459=DIRECTION('center_axis',(0.,-1.,0.));
#2460=DIRECTION('ref_axis',(0.434624243679866,0.,-0.900611884668254));
#2461=DIRECTION('',(0.,-1.,0.));
#2462=DIRECTION('center_axis',(4.36304267247739E-32,1.,-3.36892793401314E-32));
#2463=DIRECTION('ref_axis',(0.434624243679866,0.,-0.900611884668254));
#2464=DIRECTION('center_axis',(0.434624243679813,0.,-0.90061188466828));
#2465=DIRECTION('ref_axis',(0.90061188466828,-1.70348957856996E-32,0.434624243679813));
#2466=DIRECTION('',(0.,-1.,0.));
#2467=DIRECTION('',(-0.90061188466828,2.46519032881573E-32,-0.434624243679813));
#2468=DIRECTION('center_axis',(0.,-1.,0.));
#2469=DIRECTION('ref_axis',(1.,0.,0.));
#2470=DIRECTION('center_axis',(0.,-1.,0.));
#2471=DIRECTION('ref_axis',(-0.789507276102087,0.,-0.613741200329473));
#2472=DIRECTION('',(0.,-1.,0.));
#2473=DIRECTION('center_axis',(4.36304267247739E-32,1.,-3.36892793401314E-32));
#2474=DIRECTION('ref_axis',(-0.789507276102087,0.,-0.613741200329473));
#2475=DIRECTION('center_axis',(-0.78950727610212,0.,-0.613741200329432));
#2476=DIRECTION('ref_axis',(0.613741200329432,1.81543638497342E-32,-0.78950727610212));
#2477=DIRECTION('',(0.,-1.,0.));
#2478=DIRECTION('',(-0.613741200329432,5.33757216346186E-32,0.78950727610212));
#2479=DIRECTION('center_axis',(0.,-1.,0.));
#2480=DIRECTION('ref_axis',(-0.798635510047295,0.,0.601815023152045));
#2481=DIRECTION('',(0.,-1.,0.));
#2482=DIRECTION('center_axis',(4.36304267247739E-32,1.,-3.36892793401314E-32));
#2483=DIRECTION('ref_axis',(-0.798635510047295,0.,0.601815023152045));
#2484=DIRECTION('center_axis',(-0.798635510047295,0.,0.601815023152045));
#2485=DIRECTION('ref_axis',(-0.601815023152045,-3.72877065016956E-34,-0.798635510047295));
#2486=DIRECTION('',(0.,-1.,0.));
#2487=DIRECTION('',(0.601815023152045,6.48008519428222E-34,0.798635510047295));
#2488=DIRECTION('center_axis',(0.,-1.,0.));
#2489=DIRECTION('ref_axis',(2.53765262771463E-14,0.,1.));
#2490=DIRECTION('center_axis',(4.36304267247739E-32,1.,-3.36892793401314E-32));
#2491=DIRECTION('ref_axis',(2.53765262771463E-14,0.,1.));
#2492=DIRECTION('center_axis',(-0.798635510047302,0.,0.601815023152036));
#2493=DIRECTION('ref_axis',(0.601815023152036,6.81527555160858E-33,0.798635510047302));
#2494=DIRECTION('',(0.,1.,0.));
#2495=DIRECTION('center_axis',(0.,1.,0.));
#2496=DIRECTION('ref_axis',(-0.789507276102147,0.,-0.613741200329397));
#2497=DIRECTION('',(0.,1.,0.));
#2498=DIRECTION('center_axis',(-0.78950727610213,0.,-0.613741200329418));
#2499=DIRECTION('ref_axis',(-0.613741200329418,-2.22473130586971E-46,0.78950727610213));
#2500=DIRECTION('',(0.,1.,0.));
#2501=DIRECTION('center_axis',(0.,1.,0.));
#2502=DIRECTION('ref_axis',(0.434624243679869,0.,-0.900611884668253));
#2503=DIRECTION('',(0.,1.,0.));
#2504=DIRECTION('center_axis',(0.434624243679789,0.,-0.900611884668291));
#2505=DIRECTION('ref_axis',(-0.900611884668291,1.60775112244074E-32,-0.434624243679789));
#2506=DIRECTION('center_axis',(0.,1.,0.));
#2507=DIRECTION('ref_axis',(0.991841059206147,-2.59475224079463E-17,-0.127480638815579));
#2508=DIRECTION('',(-0.578043103023189,-0.707106781186559,-0.40726670751156));
#2509=DIRECTION('center_axis',(0.,1.,-4.44089209850062E-16));
#2510=DIRECTION('ref_axis',(0.991841059206147,-5.66127761627918E-17,-0.127480638815579));
#2511=DIRECTION('',(0.701337538823912,0.70710678118655,-0.0901424241764903));
#2512=DIRECTION('center_axis',(0.,-1.,4.44089209850062E-16));
#2513=DIRECTION('ref_axis',(0.991841059206147,0.,-0.127480638815579));
#2514=DIRECTION('center_axis',(0.701337538823905,-0.707106781186557,-0.090142424176487));
#2515=DIRECTION('ref_axis',(-0.127480638815578,0.,-0.991841059206147));
#2516=DIRECTION('',(-0.127480638815578,-4.40465912279706E-16,-0.991841059206147));
#2517=DIRECTION('',(0.701337538823905,0.707106781186557,-0.0901424241764848));
#2518=DIRECTION('',(0.127480638815578,4.40465912279706E-16,0.991841059206147));
#2519=DIRECTION('center_axis',(0.,1.,0.));
#2520=DIRECTION('ref_axis',(0.434624243679817,-1.83311342611792E-16,-0.900611884668278));
#2521=DIRECTION('center_axis',(0.,1.,-4.44089209850062E-16));
#2522=DIRECTION('ref_axis',(0.434624243679817,-3.99952020243911E-16,-0.900611884668278));
#2523=DIRECTION('',(0.307325749974078,0.707106781186548,-0.636828770866133));
#2524=DIRECTION('center_axis',(0.,-1.,4.44089209850062E-16));
#2525=DIRECTION('ref_axis',(0.434624243679817,0.,-0.900611884668278));
#2526=DIRECTION('center_axis',(0.307325749974062,-0.707106781186545,-0.636828770866144));
#2527=DIRECTION('ref_axis',(-0.900611884668286,0.,-0.434624243679799));
#2528=DIRECTION('',(-0.900611884668286,-1.93011936957443E-16,-0.434624243679799));
#2529=DIRECTION('',(0.307325749974075,0.70710678118651,-0.636828770866176));
#2530=DIRECTION('',(0.900611884668286,1.93011936957443E-16,0.434624243679799));
#2531=DIRECTION('center_axis',(0.,1.,0.));
#2532=DIRECTION('ref_axis',(-0.789507276102124,-1.24921428823915E-16,-0.613741200329426));
#2533=DIRECTION('center_axis',(0.,1.,-4.44089209850062E-16));
#2534=DIRECTION('ref_axis',(-0.789507276102124,-2.72555844706723E-16,-0.613741200329426));
#2535=DIRECTION('',(-0.558265948727933,0.707106781186547,-0.433980564646507));
#2536=DIRECTION('center_axis',(0.,-1.,4.44089209850062E-16));
#2537=DIRECTION('ref_axis',(-0.789507276102124,0.,-0.613741200329426));
#2538=DIRECTION('center_axis',(-0.558265948727924,-0.70710678118655,-0.433980564646513));
#2539=DIRECTION('ref_axis',(-0.613741200329436,0.,0.789507276102117));
#2540=DIRECTION('',(-0.613741200329436,3.50611662415064E-16,0.789507276102116));
#2541=DIRECTION('',(-0.558265948727927,0.707106781186545,-0.433980564646519));
#2542=DIRECTION('',(0.613741200329436,-3.50611662415064E-16,-0.789507276102116));
#2543=DIRECTION('center_axis',(0.,1.,0.));
#2544=DIRECTION('ref_axis',(-0.83972481723379,6.0286462866353E-17,0.543012183400776));
#2545=DIRECTION('',(0.166730753610388,0.707106781186552,0.68716872440508));
#2546=DIRECTION('center_axis',(0.,-1.,4.44089209850062E-16));
#2547=DIRECTION('ref_axis',(-0.83972481723379,0.,0.543012183400776));
#2548=DIRECTION('center_axis',(0.,1.,-4.44089209850062E-16));
#2549=DIRECTION('ref_axis',(-0.83972481723379,2.41145851465408E-16,0.543012183400776));
#2550=DIRECTION('center_axis',(0.166730753610386,-0.707106781186546,0.687168724405088));
#2551=DIRECTION('ref_axis',(0.971803329692292,0.,-0.235792893020493));
#2552=DIRECTION('',(0.971803329692292,-1.04713079549731E-16,-0.235792893020494));
#2553=DIRECTION('',(0.166730753610381,0.707106781186549,0.687168724405085));
#2554=DIRECTION('',(-0.971803329692292,1.04713079549731E-16,0.235792893020494));
#2555=DIRECTION('center_axis',(0.,-1.,0.));
#2556=DIRECTION('ref_axis',(0.336780031518393,-2.50888204305958E-16,-0.941583352853304));
#2557=DIRECTION('',(-0.564720584850821,0.707106781186552,0.42554748389074));
#2558=DIRECTION('center_axis',(0.,1.,-4.44089209850062E-16));
#2559=DIRECTION('ref_axis',(0.336780031518393,0.,-0.941583352853304));
#2560=DIRECTION('center_axis',(0.,-1.,4.44089209850062E-16));
#2561=DIRECTION('ref_axis',(0.336780031518393,-4.18147007176596E-16,-0.941583352853304));
#2562=DIRECTION('center_axis',(-0.564720584850828,-0.707106781186543,0.425547483890746));
#2563=DIRECTION('ref_axis',(0.601815023152036,0.,0.798635510047302));
#2564=DIRECTION('',(0.601815023152036,3.54665412615108E-16,0.798635510047302));
#2565=DIRECTION('',(-0.564720584850822,0.707106781186552,0.42554748389074));
#2566=DIRECTION('center_axis',(0.,1.,0.));
#2567=DIRECTION('ref_axis',(0.798635510047303,0.,-0.601815023152035));
#2568=DIRECTION('center_axis',(0.,-1.,0.));
#2569=DIRECTION('ref_axis',(0.798635510047303,0.,-0.601815023152035));
#2570=DIRECTION('center_axis',(0.,-1.,0.));
#2571=DIRECTION('ref_axis',(-0.83972481723379,0.,0.543012183400776));
#2572=DIRECTION('',(0.,1.,0.));
#2573=DIRECTION('',(0.,1.,0.));
#2574=DIRECTION('center_axis',(4.36304267247739E-32,1.,-3.36892793401314E-32));
#2575=DIRECTION('ref_axis',(-0.83972481723379,0.,0.543012183400776));
#2576=DIRECTION('',(0.,1.,0.));
#2577=DIRECTION('center_axis',(4.36304267247739E-32,1.,-3.36892793401314E-32));
#2578=DIRECTION('ref_axis',(-0.83972481723379,0.,0.543012183400776));
#2579=DIRECTION('',(0.,-1.,0.));
#2580=DIRECTION('center_axis',(0.235792893020494,0.,0.971803329692292));
#2581=DIRECTION('ref_axis',(-0.971803329692292,1.04713079549731E-16,0.235792893020494));
#2582=DIRECTION('',(0.,-1.,0.));
#2583=DIRECTION('center_axis',(0.,-1.,0.));
#2584=DIRECTION('ref_axis',(0.336780031518393,0.,-0.941583352853304));
#2585=DIRECTION('center_axis',(0.,1.,0.));
#2586=DIRECTION('ref_axis',(0.798635510047303,0.,-0.601815023152035));
#2587=DIRECTION('',(0.,1.,0.));
#2588=DIRECTION('center_axis',(0.564720584850826,-0.707106781186546,-0.425547483890745));
#2589=DIRECTION('ref_axis',(0.564720584850824,0.707106781186549,-0.425547483890742));
#2590=DIRECTION('center_axis',(0.,-1.,0.));
#2591=DIRECTION('ref_axis',(0.991841059206147,0.,-0.127480638815579));
#2592=DIRECTION('',(0.,-1.,0.));
#2593=DIRECTION('center_axis',(4.36304267247739E-32,1.,-3.36892793401314E-32));
#2594=DIRECTION('ref_axis',(0.991841059206147,0.,-0.127480638815579));
#2595=DIRECTION('center_axis',(0.,-1.,4.44089209850062E-16));
#2596=DIRECTION('ref_axis',(-1.,0.,0.));
#2597=DIRECTION('',(0.127480638815584,4.40465912279706E-16,0.991841059206146));
#2598=DIRECTION('center_axis',(0.,-1.,4.44089209850062E-16));
#2599=DIRECTION('ref_axis',(0.434624243679819,-3.9995202024391E-16,-0.900611884668277));
#2600=DIRECTION('',(0.900611884668271,1.93011936957457E-16,0.43462424367983));
#2601=DIRECTION('center_axis',(0.,-1.,4.44089209850062E-16));
#2602=DIRECTION('ref_axis',(-0.789507276102124,-2.72555844706723E-16,-0.613741200329426));
#2603=DIRECTION('',(0.613741200329434,-3.50611662415064E-16,-0.789507276102118));
#2604=DIRECTION('center_axis',(0.,-1.,4.44089209850062E-16));
#2605=DIRECTION('ref_axis',(-0.148969866304468,4.39133945224459E-16,0.988841736039306));
#2606=DIRECTION('center_axis',(0.,1.,-4.44089209850062E-16));
#2607=DIRECTION('ref_axis',(0.148969866304464,-4.39133945224459E-16,-0.988841736039307));
#2608=DIRECTION('',(-0.601815023152037,-3.54665412615107E-16,-0.798635510047301));
#2609=DIRECTION('center_axis',(0.,-1.,4.44089209850062E-16));
#2610=DIRECTION('ref_axis',(0.991841059206145,-5.66127761628005E-17,-0.127480638815599));
#2611=DIRECTION('center_axis',(0.,-1.,0.));
#2612=DIRECTION('ref_axis',(0.991841059206147,-2.13658179145349E-32,-0.127480638815579));
#2613=DIRECTION('',(-0.701337538823912,0.70710678118655,0.09014242417649));
#2614=DIRECTION('center_axis',(-4.36304267247739E-32,-1.,3.36892793401314E-32));
#2615=DIRECTION('ref_axis',(0.991841059206147,-4.75691795078324E-32,-0.127480638815579));
#2616=DIRECTION('center_axis',(-0.564720584850826,0.707106781186546,0.425547483890745));
#2617=DIRECTION('ref_axis',(0.601815023152036,0.,0.798635510047302));
#2618=DIRECTION('',(-0.601815023152036,-6.48008519428884E-34,-0.798635510047302));
#2619=DIRECTION('',(0.258430278048092,0.641220954688568,-0.722529915405769));
#2620=DIRECTION('center_axis',(4.36304267247739E-32,1.,-3.36892793401314E-32));
#2621=DIRECTION('ref_axis',(1.,-4.36304267247739E-32,0.));
#2622=DIRECTION('',(-0.971803329692292,5.0343886606416E-32,0.235792893020494));
#2623=DIRECTION('',(0.127480638815578,2.78523758339373E-32,0.991841059206147));
#2624=DIRECTION('center_axis',(-4.36304267247739E-32,-1.,3.36892793401314E-32));
#2625=DIRECTION('ref_axis',(0.434624243679817,-4.93038065763143E-32,-0.900611884668278));
#2626=DIRECTION('',(0.900611884668286,-2.46519032881581E-32,0.434624243679799));
#2627=DIRECTION('center_axis',(-4.36304267247739E-32,-1.,3.36892793401314E-32));
#2628=DIRECTION('ref_axis',(-0.789507276102124,1.3770040618204E-32,-0.613741200329426));
#2629=DIRECTION('',(0.613741200329436,-5.33757216346187E-32,-0.789507276102116));
#2630=DIRECTION('center_axis',(-4.36304267247739E-32,-1.,3.36892793401314E-32));
#2631=DIRECTION('ref_axis',(-0.83972481723379,5.49312412389764E-32,0.543012183400776));
#2632=DIRECTION('center_axis',(0.701337538823915,-0.707106781186547,-0.0901424241764923));
#2633=DIRECTION('ref_axis',(-0.127480638815584,0.,-0.991841059206147));
#2634=DIRECTION('',(0.701337538823909,0.707106781186552,-0.0901424241764916));
#2635=DIRECTION('',(-0.701337538823914,-0.707106781186548,0.0901424241764911));
#2636=DIRECTION('center_axis',(0.,1.,0.));
#2637=DIRECTION('ref_axis',(0.434624243679819,-2.38621156055305E-16,-0.900611884668277));
#2638=DIRECTION('',(0.307325749974075,0.707106781186547,-0.636828770866136));
#2639=DIRECTION('center_axis',(0.307325749974083,-0.707106781186547,-0.636828770866132));
#2640=DIRECTION('ref_axis',(-0.900611884668271,0.,-0.434624243679831));
#2641=DIRECTION('',(0.307325749974083,0.707106781186549,-0.636828770866129));
#2642=DIRECTION('center_axis',(0.,1.,0.));
#2643=DIRECTION('ref_axis',(-0.789507276102124,-1.62613482271912E-16,-0.613741200329426));
#2644=DIRECTION('',(-0.558265948727931,0.707106781186546,-0.433980564646511));
#2645=DIRECTION('center_axis',(-0.558265948727928,-0.707106781186548,-0.433980564646514));
#2646=DIRECTION('ref_axis',(-0.613741200329434,0.,0.789507276102118));
#2647=DIRECTION('',(-0.558265948727929,0.707106781186545,-0.433980564646517));
#2648=DIRECTION('center_axis',(0.,1.,0.));
#2649=DIRECTION('ref_axis',(-0.148969866304468,3.1738902001668E-16,0.988841736039306));
#2650=DIRECTION('',(-0.105337602656344,0.707106781186546,0.699216697073673));
#2651=DIRECTION('center_axis',(0.,-1.,0.));
#2652=DIRECTION('ref_axis',(0.148969866304464,-1.7893685462477E-16,-0.988841736039307));
#2653=DIRECTION('',(-0.56472058485082,0.707106781186549,0.425547483890747));
#2654=DIRECTION('center_axis',(-0.564720584850823,-0.707106781186549,0.425547483890744));
#2655=DIRECTION('ref_axis',(0.601815023152037,0.,0.798635510047301));
#2656=DIRECTION('',(-0.564720584850825,0.707106781186546,0.425547483890745));
#2657=DIRECTION('center_axis',(0.,1.,0.));
#2658=DIRECTION('ref_axis',(0.991841059206145,-4.57549364691295E-17,-0.127480638815599));
#2659=DIRECTION('center_axis',(0.701337538823912,0.70710678118655,-0.0901424241764882));
#2660=DIRECTION('ref_axis',(-0.127480638815578,0.,-0.991841059206147));
#2661=DIRECTION('',(-0.701337538823902,0.707106781186561,0.0901424241764862));
#2662=DIRECTION('',(-0.127480638815578,-2.78523758339373E-32,-0.991841059206147));
#2663=DIRECTION('center_axis',(0.,-1.,0.));
#2664=DIRECTION('ref_axis',(0.434624243679817,-2.21449300724124E-32,-0.900611884668278));
#2665=DIRECTION('',(-0.307325749974072,0.707106781186548,0.636828770866136));
#2666=DIRECTION('center_axis',(4.36304267247739E-32,1.,-3.36892793401314E-32));
#2667=DIRECTION('ref_axis',(0.434624243679817,0.,-0.900611884668278));
#2668=DIRECTION('center_axis',(0.307325749974067,0.707106781186533,-0.636828770866155));
#2669=DIRECTION('ref_axis',(-0.900611884668286,0.,-0.434624243679799));
#2670=DIRECTION('',(-0.307325749974074,0.707106781186529,0.636828770866156));
#2671=DIRECTION('',(-0.900611884668286,2.46519032881581E-32,-0.434624243679799));
#2672=DIRECTION('center_axis',(0.,-1.,0.));
#2673=DIRECTION('ref_axis',(-0.789507276102124,6.18484875224417E-33,-0.613741200329426));
#2674=DIRECTION('',(0.55826594872793,0.70710678118655,0.433980564646506));
#2675=DIRECTION('center_axis',(4.36304267247739E-32,1.,-3.36892793401314E-32));
#2676=DIRECTION('ref_axis',(-0.789507276102124,0.,-0.613741200329426));
#2677=DIRECTION('center_axis',(-0.558265948727926,0.707106781186548,-0.433980564646515));
#2678=DIRECTION('ref_axis',(-0.613741200329436,0.,0.789507276102116));
#2679=DIRECTION('',(0.558265948727924,0.707106781186549,0.433980564646516));
#2680=DIRECTION('',(-0.613741200329436,5.33757216346187E-32,0.789507276102116));
#2681=DIRECTION('center_axis',(0.,-1.,0.));
#2682=DIRECTION('ref_axis',(-0.83972481723379,9.15520687316289E-33,0.543012183400776));
#2683=DIRECTION('',(-0.166730753610385,0.707106781186552,-0.687168724405082));
#2684=DIRECTION('center_axis',(0.166730753610385,0.707106781186547,0.687168724405087));
#2685=DIRECTION('ref_axis',(0.971803329692292,0.,-0.235792893020494));
#2686=DIRECTION('',(0.971803329692292,-5.0343886606416E-32,-0.235792893020494));
#2687=DIRECTION('center_axis',(0.235792893020494,0.,0.971803329692292));
#2688=DIRECTION('ref_axis',(-0.971803329692292,1.04713079549731E-16,0.235792893020494));
#2689=DIRECTION('',(0.971803329692292,0.,-0.235792893020494));
#2690=DIRECTION('center_axis',(-0.789507276102116,0.,-0.613741200329436));
#2691=DIRECTION('ref_axis',(0.613741200329436,-3.50611662415064E-16,-0.789507276102116));
#2692=DIRECTION('',(0.,1.,0.));
#2693=DIRECTION('center_axis',(0.,-1.,0.));
#2694=DIRECTION('ref_axis',(-0.789507276102124,0.,-0.613741200329426));
#2695=DIRECTION('',(0.,-1.,0.));
#2696=DIRECTION('center_axis',(0.434624243679799,0.,-0.900611884668286));
#2697=DIRECTION('ref_axis',(0.900611884668286,1.93011936957443E-16,0.434624243679799));
#2698=DIRECTION('',(0.,-1.,0.));
#2699=DIRECTION('center_axis',(0.,-1.,0.));
#2700=DIRECTION('ref_axis',(0.434624243679817,0.,-0.900611884668278));
#2701=DIRECTION('',(0.,-1.,0.));
#2702=DIRECTION('center_axis',(0.991841059206147,0.,-0.127480638815578));
#2703=DIRECTION('ref_axis',(0.127480638815578,4.40465912279706E-16,0.991841059206147));
#2704=DIRECTION('center_axis',(4.36304267247739E-32,1.,-3.36892793401314E-32));
#2705=DIRECTION('ref_axis',(1.,-4.36304267247739E-32,0.));
#2706=DIRECTION('',(0.613741200329436,-3.50611662415064E-16,-0.789507276102116));
#2707=DIRECTION('center_axis',(0.,-1.,4.44089209850062E-16));
#2708=DIRECTION('ref_axis',(-0.789507276102123,-2.72555844706724E-16,-0.613741200329427));
#2709=DIRECTION('',(0.900611884668286,1.93011936957443E-16,0.434624243679799));
#2710=DIRECTION('center_axis',(0.,-1.,4.44089209850062E-16));
#2711=DIRECTION('ref_axis',(0.434624243679816,-3.99952020243911E-16,-0.900611884668278));
#2712=DIRECTION('',(0.127480638815578,4.40465912279707E-16,0.991841059206147));
#2713=DIRECTION('center_axis',(0.,-1.,4.44089209850062E-16));
#2714=DIRECTION('ref_axis',(0.991841059206147,-5.66127761627913E-17,-0.127480638815578));
#2715=DIRECTION('center_axis',(0.,1.,0.));
#2716=DIRECTION('ref_axis',(-0.789507276102123,0.,-0.613741200329427));
#2717=DIRECTION('',(0.,1.,0.));
#2718=DIRECTION('',(0.,1.,0.));
#2719=DIRECTION('center_axis',(0.789507276102116,0.,0.613741200329436));
#2720=DIRECTION('ref_axis',(0.613741200329436,-3.50611662415064E-16,-0.789507276102116));
#2721=DIRECTION('center_axis',(0.,1.,0.));
#2722=DIRECTION('ref_axis',(0.991841059206147,0.,-0.127480638815578));
#2723=DIRECTION('',(0.,1.,0.));
#2724=DIRECTION('center_axis',(-0.991841059206147,0.,0.127480638815578));
#2725=DIRECTION('ref_axis',(0.127480638815578,4.40465912279706E-16,0.991841059206147));
#2726=DIRECTION('',(0.,1.,0.));
#2727=DIRECTION('center_axis',(0.,1.,0.));
#2728=DIRECTION('ref_axis',(0.434624243679816,0.,-0.900611884668278));
#2729=DIRECTION('',(0.,1.,0.));
#2730=DIRECTION('center_axis',(-0.434624243679799,0.,0.900611884668286));
#2731=DIRECTION('ref_axis',(0.900611884668286,1.93011936957443E-16,0.434624243679799));
#2732=DIRECTION('',(0.,0.,1.));
#2733=DIRECTION('',(1.,0.,0.));
#2734=CARTESIAN_POINT('',(0.,0.,0.));
#2735=CARTESIAN_POINT('',(0.,0.,0.));
#2736=CARTESIAN_POINT('Origin',(72.9579858012388,9.13900150061131,-47.0256607827908));
#2737=CARTESIAN_POINT('',(70.9579858012388,9.13900150061131,-47.0256607827908));
#2738=CARTESIAN_POINT('Origin',(72.9579858012388,9.13900150061131,-47.0256607827908));
#2739=CARTESIAN_POINT('',(70.9579858012388,9.73900150061131,-47.0256607827908));
#2740=CARTESIAN_POINT('',(70.9579858012388,9.13900150061131,-47.0256607827908));
#2741=CARTESIAN_POINT('Origin',(72.9579858012388,9.73900150061131,-47.0256607827908));
#2742=CARTESIAN_POINT('Origin',(72.9579858012388,9.73900150061131,-47.0256607827908));
#2743=CARTESIAN_POINT('',(71.6579858012388,9.73900150061131,-47.0256607827908));
#2744=CARTESIAN_POINT('Origin',(72.9579858012388,9.73900150061131,-47.0256607827908));
#2745=CARTESIAN_POINT('Origin',(84.8412026261382,9.13900150061131,-45.3555835712699));
#2746=CARTESIAN_POINT('',(82.8412026261382,9.13900150061131,-45.3555835712699));
#2747=CARTESIAN_POINT('Origin',(84.8412026261382,9.13900150061131,-45.3555835712699));
#2748=CARTESIAN_POINT('',(82.8412026261382,9.73900150061131,-45.3555835712699));
#2749=CARTESIAN_POINT('',(82.8412026261382,9.13900150061131,-45.3555835712699));
#2750=CARTESIAN_POINT('Origin',(84.8412026261382,9.73900150061131,-45.3555835712699));
#2751=CARTESIAN_POINT('Origin',(84.8412026261382,9.73900150061131,-45.3555835712699));
#2752=CARTESIAN_POINT('',(83.5412026261382,9.73900150061131,-45.3555835712699));
#2753=CARTESIAN_POINT('Origin',(84.8412026261382,9.73900150061131,-45.3555835712699));
#2754=CARTESIAN_POINT('Origin',(79.734632819449,9.13900150061131,-52.1322305894801));
#2755=CARTESIAN_POINT('',(77.734632819449,9.13900150061131,-52.1322305894801));
#2756=CARTESIAN_POINT('Origin',(79.734632819449,9.13900150061131,-52.1322305894801));
#2757=CARTESIAN_POINT('',(77.734632819449,9.73900150061131,-52.1322305894801));
#2758=CARTESIAN_POINT('',(77.734632819449,9.13900150061131,-52.1322305894801));
#2759=CARTESIAN_POINT('Origin',(79.734632819449,9.73900150061131,-52.1322305894801));
#2760=CARTESIAN_POINT('Origin',(79.734632819449,9.73900150061131,-52.1322305894801));
#2761=CARTESIAN_POINT('',(78.434632819449,9.73900150061131,-52.1322305894801));
#2762=CARTESIAN_POINT('Origin',(79.734632819449,9.73900150061131,-52.1322305894801));
#2763=CARTESIAN_POINT('Origin',(78.0645556079281,9.13900150061131,-40.2490137645806));
#2764=CARTESIAN_POINT('',(76.0645556079281,9.13900150061131,-40.2490137645806));
#2765=CARTESIAN_POINT('Origin',(78.0645556079281,9.13900150061131,-40.2490137645806));
#2766=CARTESIAN_POINT('',(76.0645556079281,9.73900150061131,-40.2490137645806));
#2767=CARTESIAN_POINT('',(76.0645556079281,9.13900150061131,-40.2490137645806));
#2768=CARTESIAN_POINT('Origin',(78.0645556079281,9.73900150061131,-40.2490137645806));
#2769=CARTESIAN_POINT('Origin',(78.0645556079281,9.73900150061131,-40.2490137645806));
#2770=CARTESIAN_POINT('',(76.7645556079281,9.73900150061131,-40.2490137645806));
#2771=CARTESIAN_POINT('Origin',(78.0645556079281,9.73900150061131,-40.2490137645806));
#2772=CARTESIAN_POINT('Origin',(70.753222976759,10.5390015006113,-49.1206598013568));
#2773=CARTESIAN_POINT('',(80.4666427035638,9.13900150061131,-56.4402465768387));
#2774=CARTESIAN_POINT('',(80.4666427035638,10.5390015006113,-56.4402465768387));
#2775=CARTESIAN_POINT('',(80.4666427035638,10.5390015006113,-56.4402465768387));
#2776=CARTESIAN_POINT('',(70.753222976759,9.13900150061131,-49.1206598013568));
#2777=CARTESIAN_POINT('',(80.4998670214589,9.13900150061131,-56.4652828961505));
#2778=CARTESIAN_POINT('',(70.753222976759,10.5390015006113,-49.1206598013568));
#2779=CARTESIAN_POINT('',(70.753222976759,10.5390015006113,-49.1206598013568));
#2780=CARTESIAN_POINT('',(80.4998670214589,10.5390015006113,-56.4652828961505));
#2781=CARTESIAN_POINT('Origin',(79.8486774661984,9.13900150061131,-46.7570356970658));
#2782=CARTESIAN_POINT('',(80.7440843735457,9.13900150061131,-56.1411955237138));
#2783=CARTESIAN_POINT('Origin',(79.1468133534511,9.13900150061131,-54.9375654774097));
#2784=CARTESIAN_POINT('',(89.9395943977577,9.13900150061131,-43.9383415639244));
#2785=CARTESIAN_POINT('',(88.0415918550067,9.13900150061131,-46.4570760097045));
#2786=CARTESIAN_POINT('',(79.2701065507395,9.13900150061131,-37.4157893829485));
#2787=CARTESIAN_POINT('',(89.9395943977577,9.13900150061131,-43.9383415639244));
#2788=CARTESIAN_POINT('',(75.9695565893621,9.13900150061131,-38.044250940101));
#2789=CARTESIAN_POINT('Origin',(77.9661453644804,9.13900150061131,-39.5487884979811));
#2790=CARTESIAN_POINT('',(70.2611717595208,9.13900150061131,-45.6195334683585));
#2791=CARTESIAN_POINT('',(70.5620792710969,9.13900150061131,-45.2202157133347));
#2792=CARTESIAN_POINT('Origin',(72.2577605346391,9.13900150061131,-47.1240710262386));
#2793=CARTESIAN_POINT('',(75.8995942136887,9.13900150061131,-46.1906221770311));
#2794=CARTESIAN_POINT('Origin',(78.8995942136887,9.13900150061131,-46.1906221770311));
#2795=CARTESIAN_POINT('Origin',(72.9579858012388,10.5390015006113,-47.0256607827908));
#2796=CARTESIAN_POINT('',(71.6579858012388,10.5390015006113,-47.0256607827908));
#2797=CARTESIAN_POINT('',(71.6579858012388,10.5390015006113,-47.0256607827908));
#2798=CARTESIAN_POINT('Origin',(72.9579858012388,10.5390015006113,-47.0256607827908));
#2799=CARTESIAN_POINT('Origin',(78.8995942136887,10.5390015006113,-46.1906221770311));
#2800=CARTESIAN_POINT('',(75.8995942136887,10.5390015006113,-46.1906221770311));
#2801=CARTESIAN_POINT('',(75.8995942136887,10.5390015006113,-46.1906221770311));
#2802=CARTESIAN_POINT('Origin',(78.8995942136887,10.5390015006113,-46.1906221770311));
#2803=CARTESIAN_POINT('Origin',(78.0645556079281,10.5390015006113,-40.2490137645806));
#2804=CARTESIAN_POINT('',(76.7645556079281,10.5390015006113,-40.2490137645806));
#2805=CARTESIAN_POINT('',(76.7645556079281,10.5390015006113,-40.2490137645806));
#2806=CARTESIAN_POINT('Origin',(78.0645556079281,10.5390015006113,-40.2490137645806));
#2807=CARTESIAN_POINT('Origin',(84.8412026261382,10.5390015006113,-45.3555835712699));
#2808=CARTESIAN_POINT('',(83.5412026261382,10.5390015006113,-45.3555835712699));
#2809=CARTESIAN_POINT('',(83.5412026261382,10.5390015006113,-45.3555835712699));
#2810=CARTESIAN_POINT('Origin',(84.8412026261382,10.5390015006113,-45.3555835712699));
#2811=CARTESIAN_POINT('Origin',(79.734632819449,10.5390015006113,-52.1322305894801));
#2812=CARTESIAN_POINT('',(78.434632819449,10.5390015006113,-52.1322305894801));
#2813=CARTESIAN_POINT('',(78.434632819449,10.5390015006113,-52.1322305894801));
#2814=CARTESIAN_POINT('Origin',(79.734632819449,10.5390015006113,-52.1322305894801));
#2815=CARTESIAN_POINT('Origin',(72.2577605346391,10.5390015006113,-47.1240710262386));
#2816=CARTESIAN_POINT('',(70.2611717595208,10.5390015006113,-45.6195334683585));
#2817=CARTESIAN_POINT('Origin',(72.2577605346391,10.5390015006113,-47.1240710262386));
#2818=CARTESIAN_POINT('',(70.2611717595208,10.5390015006113,-45.6195334683585));
#2819=CARTESIAN_POINT('Origin',(75.9695565893619,10.5390015006113,-38.0442509401009));
#2820=CARTESIAN_POINT('',(75.9695565893621,10.5390015006113,-38.044250940101));
#2821=CARTESIAN_POINT('',(70.5620792710969,10.5390015006113,-45.2202157133347));
#2822=CARTESIAN_POINT('',(75.9695565893621,10.5390015006113,-38.044250940101));
#2823=CARTESIAN_POINT('Origin',(77.9661453644804,10.5390015006113,-39.5487884979811));
#2824=CARTESIAN_POINT('',(79.2701065507395,10.5390015006113,-37.4157893829485));
#2825=CARTESIAN_POINT('Origin',(77.9661453644804,10.5390015006113,-39.5487884979811));
#2826=CARTESIAN_POINT('',(79.2701065507395,10.5390015006113,-37.4157893829485));
#2827=CARTESIAN_POINT('Origin',(89.9395943977577,10.5390015006113,-43.9383415639244));
#2828=CARTESIAN_POINT('',(89.9395943977577,10.5390015006113,-43.9383415639244));
#2829=CARTESIAN_POINT('',(89.9395943977577,10.5390015006113,-43.9383415639244));
#2830=CARTESIAN_POINT('',(89.9395943977577,10.5390015006113,-43.9383415639244));
#2831=CARTESIAN_POINT('Origin',(91.1530822990206,10.5390015006113,-42.3279887284543));
#2832=CARTESIAN_POINT('',(80.7440843735457,8.53900150061129,-56.1411955237138));
#2833=CARTESIAN_POINT('',(80.7440843735457,10.5390015006113,-56.1411955237138));
#2834=CARTESIAN_POINT('',(90.4138746251964,8.53900150061129,-43.3089504441049));
#2835=CARTESIAN_POINT('',(86.4811814966265,8.53900150061129,-48.5278104953959));
#2836=CARTESIAN_POINT('',(90.4138746251964,16.6390015006113,-43.3089504441049));
#2837=CARTESIAN_POINT('',(90.4138746251964,10.5390015006113,-43.3089504441049));
#2838=CARTESIAN_POINT('',(79.9528702240461,16.6390015006113,-57.1911721636001));
#2839=CARTESIAN_POINT('',(86.4811814966265,16.6390015006113,-48.5278104953959));
#2840=CARTESIAN_POINT('',(79.9528702240461,15.8390015006113,-57.1911721636001));
#2841=CARTESIAN_POINT('',(79.9528702240461,15.8390015006113,-57.1911721636001));
#2842=CARTESIAN_POINT('',(90.3347879248073,15.8390015006113,-43.4139020403153));
#2843=CARTESIAN_POINT('',(91.1530822990206,15.8390015006113,-42.3279887284543));
#2844=CARTESIAN_POINT('',(90.3347879248073,10.5390015006113,-43.4139020403153));
#2845=CARTESIAN_POINT('',(90.3347879248073,10.5390015006113,-43.4139020403153));
#2846=CARTESIAN_POINT('',(88.6403370584311,10.5390015006113,-45.66251428803));
#2847=CARTESIAN_POINT('Origin',(81.5846885774017,10.5390015006113,-54.5583899630785));
#2848=CARTESIAN_POINT('',(91.8243714125314,10.5390015006113,-47.7350823141195));
#2849=CARTESIAN_POINT('Origin',(86.7163899576197,10.5390015006113,-47.0785570242193));
#2850=CARTESIAN_POINT('',(90.2943271008984,10.5390015006113,-59.639327419745));
#2851=CARTESIAN_POINT('',(90.54477378594,10.5390015006113,-57.6907703080596));
#2852=CARTESIAN_POINT('',(87.4246605009378,10.5390015006113,-63.6209533358864));
#2853=CARTESIAN_POINT('Origin',(85.1863456459867,10.5390015006113,-58.9828021298448));
#2854=CARTESIAN_POINT('',(84.7184394539912,10.5390015006113,-64.9269424037442));
#2855=CARTESIAN_POINT('',(85.4768136417437,10.5390015006113,-64.5609603271256));
#2856=CARTESIAN_POINT('',(78.4141621271143,10.5390015006113,-63.4495583793991));
#2857=CARTESIAN_POINT('Origin',(82.4801245990402,10.5390015006113,-60.2887911977026));
#2858=CARTESIAN_POINT('',(72.7389691254814,10.5390015006113,-56.1490770598007));
#2859=CARTESIAN_POINT('',(73.68029894325,10.5390015006113,-57.3599893139255));
#2860=CARTESIAN_POINT('',(74.1270817323712,10.5390015006113,-55.7776356170517));
#2861=CARTESIAN_POINT('Origin',(73.7733923928405,10.5390015006113,-57.2353406115901));
#2862=CARTESIAN_POINT('',(78.6752275674101,10.5390015006113,-56.8811721367943));
#2863=CARTESIAN_POINT('',(69.9529871971836,10.5390015006113,-54.764856800473));
#2864=CARTESIAN_POINT('Origin',(79.1468133534511,10.5390015006113,-54.9375654774097));
#2865=CARTESIAN_POINT('',(86.5058784660206,10.5390015006113,-51.2537064513923));
#2866=CARTESIAN_POINT('',(81.4627457845421,10.5390015006113,-57.9461695610931));
#2867=CARTESIAN_POINT('',(82.298964175974,10.5390015006113,-56.8364702749997));
#2868=CARTESIAN_POINT('',(81.4736996652763,10.5390015006113,-59.4048370292709));
#2869=CARTESIAN_POINT('Origin',(82.4211083965989,10.5390015006113,-58.6683475888756));
#2870=CARTESIAN_POINT('',(82.2887444658457,10.5390015006113,-60.4532981722629));
#2871=CARTESIAN_POINT('',(80.7279450408755,10.5390015006113,-58.4455097072086));
#2872=CARTESIAN_POINT('',(83.757702289584,10.5390015006113,-60.7975429934695));
#2873=CARTESIAN_POINT('Origin',(83.2361531971682,10.5390015006113,-59.7168087318676));
#2874=CARTESIAN_POINT('',(86.5345419184061,10.5390015006113,-59.4574742645949));
#2875=CARTESIAN_POINT('',(85.4859433184405,10.5390015006113,-59.9635150810577));
#2876=CARTESIAN_POINT('',(87.2032020970377,10.5390015006113,-58.5297167695715));
#2877=CARTESIAN_POINT('Origin',(86.0129928259902,10.5390015006113,-58.3767400029929));
#2878=CARTESIAN_POINT('',(88.0727675194143,10.5390015006113,-51.7642134147697));
#2879=CARTESIAN_POINT('',(87.8433990333025,10.5390015006113,-53.5487752457062));
#2880=CARTESIAN_POINT('',(87.37847877797,10.5390015006113,-50.9749769675988));
#2881=CARTESIAN_POINT('Origin',(87.37847877797,10.5390015006113,-51.6749769675988));
#2882=CARTESIAN_POINT('',(87.0649233230537,10.5390015006113,-50.9749769675987));
#2883=CARTESIAN_POINT('',(84.3248059502279,10.5390015006113,-50.9749769675984));
#2884=CARTESIAN_POINT('Origin',(87.0649233230537,10.5390015006113,-51.6749769675988));
#2885=CARTESIAN_POINT('Origin',(89.5670161584008,4.53900150061129,-51.2123768808559));
#2886=CARTESIAN_POINT('',(89.5670161584008,5.93200150061129,-51.2123768808559));
#2887=CARTESIAN_POINT('',(88.5133278085223,5.93200150061128,-59.4104168242269));
#2888=CARTESIAN_POINT('',(88.7637744935639,5.93200150061128,-57.4618597125415));
#2889=CARTESIAN_POINT('',(89.5670161584008,5.93900150061129,-51.2123768808559));
#2890=CARTESIAN_POINT('',(89.5670161584008,4.53900150061129,-51.2123768808559));
#2891=CARTESIAN_POINT('',(88.5133278085223,5.93900150061129,-59.4104168242269));
#2892=CARTESIAN_POINT('',(88.5133278085223,5.93900150061129,-59.4104168242269));
#2893=CARTESIAN_POINT('',(88.5133278085223,4.53900150061129,-59.4104168242269));
#2894=CARTESIAN_POINT('Origin',(85.1863456459867,4.53900150061129,-58.9828021298448));
#2895=CARTESIAN_POINT('',(86.6442275240425,5.93200150061129,-62.0037697010574));
#2896=CARTESIAN_POINT('Origin',(85.1863456459867,5.93200150061129,-58.9828021298448));
#2897=CARTESIAN_POINT('',(86.6442275240425,5.93900150061129,-62.0037697010574));
#2898=CARTESIAN_POINT('Origin',(85.1863456459867,5.93900150061129,-58.9828021298448));
#2899=CARTESIAN_POINT('',(86.6442275240425,4.53900150061129,-62.0037697010574));
#2900=CARTESIAN_POINT('Origin',(86.6442275240425,4.53900150061129,-62.0037697010574));
#2901=CARTESIAN_POINT('',(83.9380064770958,5.93200150061128,-63.3097587689153));
#2902=CARTESIAN_POINT('',(84.6963806648485,5.93200150061128,-62.9437766922967));
#2903=CARTESIAN_POINT('',(83.9380064770958,5.93900150061129,-63.3097587689153));
#2904=CARTESIAN_POINT('',(83.9380064770958,5.93900150061129,-63.3097587689153));
#2905=CARTESIAN_POINT('',(83.9380064770958,4.53900150061129,-63.3097587689153));
#2906=CARTESIAN_POINT('Origin',(82.4801245990402,4.53900150061129,-60.2887911977026));
#2907=CARTESIAN_POINT('',(79.8318407833992,5.93200150061129,-62.3474940583641));
#2908=CARTESIAN_POINT('Origin',(82.4801245990402,5.93200150061129,-60.2887911977026));
#2909=CARTESIAN_POINT('',(79.8318407833992,5.93900150061129,-62.3474940583641));
#2910=CARTESIAN_POINT('Origin',(82.4801245990402,5.93900150061129,-60.2887911977026));
#2911=CARTESIAN_POINT('',(79.8318407833992,4.53900150061129,-62.3474940583641));
#2912=CARTESIAN_POINT('Origin',(79.8318407833992,4.53900150061129,-62.3474940583641));
#2913=CARTESIAN_POINT('',(79.2728227203443,5.93200150061128,-61.6283817875609));
#2914=CARTESIAN_POINT('',(77.9953441448317,5.93200150061128,-59.9850529220874));
#2915=CARTESIAN_POINT('',(79.2728227203443,5.93900150061129,-61.6283817875609));
#2916=CARTESIAN_POINT('',(79.2728227203443,5.93900150061129,-61.6283817875609));
#2917=CARTESIAN_POINT('',(79.2728227203443,4.53900150061129,-61.6283817875609));
#2918=CARTESIAN_POINT('Origin',(89.0710956287977,4.53900150061129,-51.1486365614481));
#2919=CARTESIAN_POINT('',(88.6717778737741,5.93200150061129,-50.8477290498721));
#2920=CARTESIAN_POINT('Origin',(89.0710956287977,5.93200150061128,-51.1486365614481));
#2921=CARTESIAN_POINT('',(88.6717778737741,5.93900150061129,-50.8477290498721));
#2922=CARTESIAN_POINT('',(88.6717778737741,4.53900150061129,-50.8477290498721));
#2923=CARTESIAN_POINT('Origin',(89.0710956287977,5.93900150061129,-51.1486365614481));
#2924=CARTESIAN_POINT('Origin',(83.2563120807064,4.53900150061129,-58.0342948872251));
#2925=CARTESIAN_POINT('',(83.2563120807064,5.93200150061129,-58.0342948872251));
#2926=CARTESIAN_POINT('',(86.4966431375836,5.93200150061129,-53.7342303378604));
#2927=CARTESIAN_POINT('',(83.2563120807064,5.93900150061129,-58.0342948872251));
#2928=CARTESIAN_POINT('',(83.2563120807064,4.53900150061129,-58.0342948872251));
#2929=CARTESIAN_POINT('',(88.6717778737741,5.93900150061129,-50.8477290498721));
#2930=CARTESIAN_POINT('Origin',(79.1468133534511,4.53900150061129,-54.9375654774097));
#2931=CARTESIAN_POINT('',(79.9133601301419,5.93200150061129,-60.0257988511922));
#2932=CARTESIAN_POINT('Origin',(79.1468133534511,5.93200150061129,-54.9375654774097));
#2933=CARTESIAN_POINT('',(79.9133601301419,5.93900150061129,-60.0257988511922));
#2934=CARTESIAN_POINT('',(79.9133601301419,4.53900150061129,-60.0257988511922));
#2935=CARTESIAN_POINT('Origin',(79.1468133534511,5.93900150061129,-54.9375654774097));
#2936=CARTESIAN_POINT('Origin',(80.0623299964464,4.53900150061129,-61.0146405872315));
#2937=CARTESIAN_POINT('Origin',(80.0623299964464,5.93200150061129,-61.0146405872315));
#2938=CARTESIAN_POINT('Origin',(80.0623299964464,5.93900150061129,-61.0146405872315));
#2939=CARTESIAN_POINT('Origin',(84.3167128126221,5.93900150061129,-57.1458889328034));
#2940=CARTESIAN_POINT('Origin',(84.6497935872844,11.0390015006113,-55.9458928497332));
#2941=CARTESIAN_POINT('',(87.0649233230537,11.0390015006113,-50.9749769675987));
#2942=CARTESIAN_POINT('',(86.5058784660206,11.0390015006113,-51.2537064513923));
#2943=CARTESIAN_POINT('Origin',(87.0649233230537,11.0390015006113,-51.6749769675988));
#2944=CARTESIAN_POINT('',(87.37847877797,11.0390015006113,-50.9749769675988));
#2945=CARTESIAN_POINT('',(85.8573584551694,11.0390015006113,-50.9749769675986));
#2946=CARTESIAN_POINT('',(88.0727675194143,11.0390015006113,-51.7642134147697));
#2947=CARTESIAN_POINT('Origin',(87.37847877797,11.0390015006113,-51.6749769675988));
#2948=CARTESIAN_POINT('',(87.2032020970377,11.0390015006113,-58.5297167695715));
#2949=CARTESIAN_POINT('',(87.7805867227144,11.0390015006113,-54.0374755632107));
#2950=CARTESIAN_POINT('',(86.5345419184061,11.0390015006113,-59.4574742645949));
#2951=CARTESIAN_POINT('Origin',(86.0129928259902,11.0390015006113,-58.3767400029929));
#2952=CARTESIAN_POINT('',(83.757702289584,11.0390015006113,-60.7975429934695));
#2953=CARTESIAN_POINT('',(86.4574457900018,11.0390015006113,-59.4946799100774));
#2954=CARTESIAN_POINT('',(82.2887444658457,11.0390015006113,-60.4532981722629));
#2955=CARTESIAN_POINT('Origin',(83.2361531971682,11.0390015006113,-59.7168087318676));
#2956=CARTESIAN_POINT('',(81.4736996652763,11.0390015006113,-59.4048370292709));
#2957=CARTESIAN_POINT('',(81.6413836958359,11.0390015006113,-59.6205431968572));
#2958=CARTESIAN_POINT('',(81.4627457845421,11.0390015006113,-57.9461695610931));
#2959=CARTESIAN_POINT('Origin',(82.4211083965989,11.0390015006113,-58.6683475888756));
#2960=CARTESIAN_POINT('',(82.5205877239021,11.0390015006113,-56.5423658933726));
#2961=CARTESIAN_POINT('Origin',(86.0129928259902,10.5390015006113,-58.3767400029929));
#2962=CARTESIAN_POINT('',(87.2032020970377,10.5390015006113,-58.5297167695715));
#2963=CARTESIAN_POINT('',(86.5345419184061,10.5390015006113,-59.4574742645949));
#2964=CARTESIAN_POINT('Origin',(88.0727675194143,10.5390015006113,-51.7642134147697));
#2965=CARTESIAN_POINT('',(88.0727675194143,10.5390015006113,-51.7642134147697));
#2966=CARTESIAN_POINT('Origin',(87.37847877797,10.5390015006113,-51.6749769675988));
#2967=CARTESIAN_POINT('',(87.37847877797,10.5390015006113,-50.9749769675988));
#2968=CARTESIAN_POINT('Origin',(87.0649233230537,10.5390015006113,-50.9749769675987));
#2969=CARTESIAN_POINT('',(87.0649233230537,10.5390015006113,-50.9749769675987));
#2970=CARTESIAN_POINT('Origin',(87.0649233230537,10.5390015006113,-51.6749769675988));
#2971=CARTESIAN_POINT('',(86.5058784660206,10.5390015006113,-51.2537064513923));
#2972=CARTESIAN_POINT('Origin',(84.9386387024868,15.1390015006113,-59.8945307091143));
#2973=CARTESIAN_POINT('',(86.5345419184061,15.4390015006113,-59.4574742645948));
#2974=CARTESIAN_POINT('',(86.2737673721982,14.8390015006113,-58.9171071337939));
#2975=CARTESIAN_POINT('',(86.5345419184061,15.4390015006113,-59.4574742645948));
#2976=CARTESIAN_POINT('',(83.4969277433762,14.8390015006113,-60.2571758626686));
#2977=CARTESIAN_POINT('',(84.8082514293829,14.8390015006113,-59.6243471437138));
#2978=CARTESIAN_POINT('',(83.757702289584,15.4390015006113,-60.7975429934696));
#2979=CARTESIAN_POINT('',(83.4969277433762,14.8390015006113,-60.2571758626686));
#2980=CARTESIAN_POINT('',(85.0690259755908,15.4390015006113,-60.1647142745148));
#2981=CARTESIAN_POINT('Origin',(86.0129928259902,15.1390015006113,-58.3767400029929));
#2982=CARTESIAN_POINT('',(87.2032020970376,15.4390015006113,-58.5297167695715));
#2983=CARTESIAN_POINT('',(86.6080974615139,14.8390015006113,-58.4532283862822));
#2984=CARTESIAN_POINT('',(87.2032020970376,15.4390015006113,-58.5297167695715));
#2985=CARTESIAN_POINT('Origin',(86.0129928259902,14.8390015006113,-58.3767400029929));
#2986=CARTESIAN_POINT('Origin',(86.0129928259902,15.4390015006113,-58.3767400029929));
#2987=CARTESIAN_POINT('Origin',(87.0482516937642,15.1390015006113,-57.3819830489669));
#2988=CARTESIAN_POINT('',(88.0727675194143,15.4390015006113,-51.7642134147697));
#2989=CARTESIAN_POINT('',(87.4776628838906,14.8390015006113,-51.6877250314804));
#2990=CARTESIAN_POINT('',(88.0727675194143,15.4390015006113,-51.7642134147697));
#2991=CARTESIAN_POINT('',(86.7506993760023,14.8390015006113,-57.3437388573223));
#2992=CARTESIAN_POINT('',(87.345804011526,15.4390015006113,-57.4202272406116));
#2993=CARTESIAN_POINT('Origin',(87.37847877797,15.1390015006113,-51.6749769675988));
#2994=CARTESIAN_POINT('',(87.37847877797,15.4390015006113,-50.9749769675988));
#2995=CARTESIAN_POINT('',(87.37847877797,14.8390015006113,-51.5749769675988));
#2996=CARTESIAN_POINT('',(87.37847877797,15.4390015006113,-50.9749769675988));
#2997=CARTESIAN_POINT('Origin',(87.37847877797,14.8390015006113,-51.6749769675988));
#2998=CARTESIAN_POINT('Origin',(87.37847877797,15.4390015006113,-51.6749769675988));
#2999=CARTESIAN_POINT('Origin',(86.0141361826275,15.1390015006113,-51.2749769675987));
#3000=CARTESIAN_POINT('',(87.0649233230537,15.4390015006113,-50.9749769675988));
#3001=CARTESIAN_POINT('',(87.0649233230536,14.8390015006113,-51.5749769675988));
#3002=CARTESIAN_POINT('',(87.0649233230537,15.4390015006113,-50.9749769675988));
#3003=CARTESIAN_POINT('',(86.0141361826275,14.8390015006113,-51.5749769675987));
#3004=CARTESIAN_POINT('',(86.0141361826275,15.4390015006113,-50.9749769675987));
#3005=CARTESIAN_POINT('Origin',(87.0649233230537,15.1390015006113,-51.6749769675988));
#3006=CARTESIAN_POINT('',(86.5058784660206,15.4390015006113,-51.2537064513923));
#3007=CARTESIAN_POINT('',(86.985059772049,14.8390015006113,-51.6147954652836));
#3008=CARTESIAN_POINT('',(86.5058784660206,15.4390015006113,-51.2537064513923));
#3009=CARTESIAN_POINT('Origin',(87.0649233230537,14.8390015006113,-51.6749769675988));
#3010=CARTESIAN_POINT('Origin',(87.0649233230537,15.4390015006113,-51.6749769675988));
#3011=CARTESIAN_POINT('Origin',(85.2817447176555,15.1390015006113,-53.3766788454678));
#3012=CARTESIAN_POINT('',(81.4627457845421,15.4390015006113,-57.9461695610931));
#3013=CARTESIAN_POINT('',(81.9419270905705,14.8390015006113,-58.3072585749843));
#3014=CARTESIAN_POINT('',(81.4627457845421,15.4390015006113,-57.9461695610931));
#3015=CARTESIAN_POINT('',(85.5213353706697,14.8390015006113,-53.5572233524135));
#3016=CARTESIAN_POINT('',(85.0421540646413,15.4390015006113,-53.1961343385222));
#3017=CARTESIAN_POINT('Origin',(82.4211083965989,15.1390015006113,-58.6683475888756));
#3018=CARTESIAN_POINT('',(81.4736996652763,15.4390015006113,-59.4048370292709));
#3019=CARTESIAN_POINT('',(81.9474040309376,14.8390015006113,-59.0365923090733));
#3020=CARTESIAN_POINT('',(81.4736996652763,15.4390015006113,-59.4048370292709));
#3021=CARTESIAN_POINT('Origin',(82.4211083965989,14.8390015006113,-58.6683475888756));
#3022=CARTESIAN_POINT('Origin',(82.4211083965989,15.4390015006113,-58.6683475888756));
#3023=CARTESIAN_POINT('Origin',(81.4707134783818,15.1390015006113,-58.9121902652624));
#3024=CARTESIAN_POINT('',(82.2887444658456,15.4390015006113,-60.453298172263));
#3025=CARTESIAN_POINT('',(82.7624488315069,14.8390015006113,-60.0850534520653));
#3026=CARTESIAN_POINT('',(82.2887444658456,15.4390015006113,-60.453298172263));
#3027=CARTESIAN_POINT('',(81.7075656612124,14.8390015006113,-58.7280679051636));
#3028=CARTESIAN_POINT('',(81.2338612955512,15.4390015006113,-59.0963126253612));
#3029=CARTESIAN_POINT('Origin',(83.2361531971682,15.1390015006113,-59.7168087318676));
#3030=CARTESIAN_POINT('Origin',(83.2361531971682,14.8390015006113,-59.7168087318676));
#3031=CARTESIAN_POINT('Origin',(83.2361531971682,15.4390015006113,-59.7168087318676));
#3032=CARTESIAN_POINT('Origin',(87.37847877797,15.8390015006113,-50.9749769675988));
#3033=CARTESIAN_POINT('',(87.37847877797,15.8390015006113,-50.9749769675988));
#3034=CARTESIAN_POINT('',(87.37847877797,15.8390015006113,-50.9749769675988));
#3035=CARTESIAN_POINT('',(87.0649233230537,15.8390015006113,-50.9749769675988));
#3036=CARTESIAN_POINT('',(84.4815836776861,15.8390015006113,-50.9749769675984));
#3037=CARTESIAN_POINT('',(87.0649233230537,15.8390015006113,-50.9749769675988));
#3038=CARTESIAN_POINT('Origin',(87.37847877797,15.8390015006113,-51.6749769675988));
#3039=CARTESIAN_POINT('',(88.0727675194143,15.8390015006113,-51.7642134147697));
#3040=CARTESIAN_POINT('',(88.0727675194143,15.8390015006113,-51.7642134147697));
#3041=CARTESIAN_POINT('Origin',(87.37847877797,15.8390015006113,-51.6749769675988));
#3042=CARTESIAN_POINT('Origin',(87.2032020970376,15.8390015006113,-58.5297167695715));
#3043=CARTESIAN_POINT('',(87.2032020970376,15.8390015006113,-58.5297167695715));
#3044=CARTESIAN_POINT('',(87.2032020970376,15.8390015006113,-58.5297167695715));
#3045=CARTESIAN_POINT('',(87.4086163221141,15.8390015006113,-56.9315269231071));
#3046=CARTESIAN_POINT('Origin',(86.0129928259902,15.8390015006113,-58.3767400029929));
#3047=CARTESIAN_POINT('',(86.5345419184061,15.8390015006113,-59.4574742645948));
#3048=CARTESIAN_POINT('',(86.5345419184061,15.8390015006113,-59.4574742645948));
#3049=CARTESIAN_POINT('Origin',(86.0129928259902,15.8390015006113,-58.3767400029929));
#3050=CARTESIAN_POINT('Origin',(83.757702289584,15.8390015006113,-60.7975429934696));
#3051=CARTESIAN_POINT('',(83.757702289584,15.8390015006113,-60.7975429934696));
#3052=CARTESIAN_POINT('',(83.757702289584,15.8390015006113,-60.7975429934696));
#3053=CARTESIAN_POINT('',(84.0975235040296,15.8390015006113,-60.6335494454951));
#3054=CARTESIAN_POINT('Origin',(84.6497935872844,14.8390015006113,-55.9458928497332));
#3055=CARTESIAN_POINT('Origin',(83.2361531971682,15.8390015006113,-59.7168087318676));
#3056=CARTESIAN_POINT('',(82.2887444658456,15.8390015006113,-60.453298172263));
#3057=CARTESIAN_POINT('',(82.2887444658456,15.8390015006113,-60.453298172263));
#3058=CARTESIAN_POINT('Origin',(83.2361531971682,15.8390015006113,-59.7168087318676));
#3059=CARTESIAN_POINT('Origin',(81.4736996652763,15.8390015006113,-59.4048370292709));
#3060=CARTESIAN_POINT('',(81.4736996652763,15.8390015006113,-59.4048370292709));
#3061=CARTESIAN_POINT('',(81.4736996652763,15.8390015006113,-59.4048370292709));
#3062=CARTESIAN_POINT('',(80.3204226405907,15.8390015006113,-57.9212791357127));
#3063=CARTESIAN_POINT('Origin',(82.4211083965989,15.8390015006113,-58.6683475888756));
#3064=CARTESIAN_POINT('',(81.4627457845421,15.8390015006113,-57.9461695610931));
#3065=CARTESIAN_POINT('',(81.4627457845421,15.8390015006113,-57.9461695610931));
#3066=CARTESIAN_POINT('Origin',(82.4211083965989,15.8390015006113,-58.6683475888756));
#3067=CARTESIAN_POINT('Origin',(86.5058784660206,15.8390015006113,-51.2537064513923));
#3068=CARTESIAN_POINT('',(86.5058784660206,15.8390015006113,-51.2537064513923));
#3069=CARTESIAN_POINT('',(86.5058784660206,15.8390015006113,-51.2537064513923));
#3070=CARTESIAN_POINT('',(84.8205305167132,15.8390015006113,-53.4902387201493));
#3071=CARTESIAN_POINT('Origin',(87.0649233230537,15.8390015006113,-51.6749769675988));
#3072=CARTESIAN_POINT('Origin',(87.0649233230537,15.8390015006113,-51.6749769675988));
#3073=CARTESIAN_POINT('Origin',(81.4627457845421,10.5390015006113,-57.9461695610931));
#3074=CARTESIAN_POINT('',(81.4627457845421,10.5390015006113,-57.9461695610931));
#3075=CARTESIAN_POINT('Origin',(82.4211083965989,10.5390015006113,-58.6683475888756));
#3076=CARTESIAN_POINT('',(81.4736996652763,10.5390015006113,-59.4048370292709));
#3077=CARTESIAN_POINT('Origin',(82.2887444658457,10.5390015006113,-60.4532981722629));
#3078=CARTESIAN_POINT('',(82.2887444658457,10.5390015006113,-60.4532981722629));
#3079=CARTESIAN_POINT('Origin',(83.2361531971682,10.5390015006113,-59.7168087318676));
#3080=CARTESIAN_POINT('',(83.757702289584,10.5390015006113,-60.7975429934695));
#3081=CARTESIAN_POINT('Origin',(86.5345419184061,10.5390015006113,-59.4574742645949));
#3082=CARTESIAN_POINT('Origin',(86.7163899576197,8.03900150061129,-47.0785570242193));
#3083=CARTESIAN_POINT('',(92.0299865311753,8.53900150061129,-43.334803365991));
#3084=CARTESIAN_POINT('',(91.2125101352437,7.53900150061129,-43.9107654672569));
#3085=CARTESIAN_POINT('',(92.0299865311753,8.53900150061129,-43.334803365991));
#3086=CARTESIAN_POINT('',(92.1715157832535,7.53900150061129,-47.779700537705));
#3087=CARTESIAN_POINT('Origin',(86.7163899576197,7.53900150061129,-47.0785570242193));
#3088=CARTESIAN_POINT('',(93.1633568424597,8.53900150061129,-47.9071811765206));
#3089=CARTESIAN_POINT('',(92.1715157832535,7.53900150061129,-47.779700537705));
#3090=CARTESIAN_POINT('Origin',(86.7163899576197,8.53900150061129,-47.0785570242193));
#3091=CARTESIAN_POINT('Origin',(91.3878386862652,8.03900150061128,-57.7991288510528));
#3092=CARTESIAN_POINT('',(90.6414714716205,7.53900150061128,-59.6839456433305));
#3093=CARTESIAN_POINT('',(90.8919181566621,7.53900150061129,-57.735388531645));
#3094=CARTESIAN_POINT('',(91.6333125308267,8.53900150061128,-59.8114262821461));
#3095=CARTESIAN_POINT('',(90.6414714716205,7.53900150061128,-59.6839456433305));
#3096=CARTESIAN_POINT('',(91.8837592158683,8.53900150061128,-57.8628691704606));
#3097=CARTESIAN_POINT('Origin',(85.1863456459867,8.03900150061128,-58.9828021298448));
#3098=CARTESIAN_POINT('',(87.5767789862257,7.53900150061128,-63.9361674955203));
#3099=CARTESIAN_POINT('Origin',(85.1863456459867,7.53900150061128,-58.9828021298448));
#3100=CARTESIAN_POINT('',(88.0114032299055,8.53900150061128,-64.8367793801886));
#3101=CARTESIAN_POINT('',(87.5767789862257,7.53900150061128,-63.9361674955203));
#3102=CARTESIAN_POINT('Origin',(85.1863456459867,8.53900150061129,-58.9828021298448));
#3103=CARTESIAN_POINT('Origin',(85.8462442488715,8.03900150061128,-65.3264804290937));
#3104=CARTESIAN_POINT('',(84.8705579392791,7.53900150061128,-65.2421565633781));
#3105=CARTESIAN_POINT('',(85.6289321270316,7.53900150061128,-64.8761744867595));
#3106=CARTESIAN_POINT('',(85.3051821829589,8.53900150061128,-66.1427684480465));
#3107=CARTESIAN_POINT('',(84.8705579392791,7.53900150061128,-65.2421565633781));
#3108=CARTESIAN_POINT('',(86.0635563707114,8.53900150061128,-65.7767863714278));
#3109=CARTESIAN_POINT('Origin',(82.4801245990402,8.03900150061128,-60.2887911977026));
#3110=CARTESIAN_POINT('',(78.1378345804785,7.53900150061128,-63.6643677995144));
#3111=CARTESIAN_POINT('Origin',(82.4801245990402,7.53900150061128,-60.2887911977026));
#3112=CARTESIAN_POINT('',(77.3483273043764,8.53900150061128,-64.2781089998439));
#3113=CARTESIAN_POINT('',(78.1378345804785,7.53900150061128,-63.6643677995144));
#3114=CARTESIAN_POINT('Origin',(82.4801245990402,8.53900150061129,-60.2887911977026));
#3115=CARTESIAN_POINT('Origin',(72.4884232817911,8.03900150061128,-57.2117272991187));
#3116=CARTESIAN_POINT('',(73.3786387547894,7.53900150061129,-57.5422112117548));
#3117=CARTESIAN_POINT('',(72.8831769198421,7.53900150061129,-56.9048566989539));
#3118=CARTESIAN_POINT('',(72.5891314786873,8.53900150061128,-58.1559524120842));
#3119=CARTESIAN_POINT('',(73.3786387547894,7.53900150061129,-57.5422112117548));
#3120=CARTESIAN_POINT('',(72.09366964374,8.53900150061128,-57.5185978992834));
#3121=CARTESIAN_POINT('Origin',(73.7733923928405,8.03900150061129,-57.2353406115901));
#3122=CARTESIAN_POINT('',(73.8912888393507,7.53900150061129,-56.7494389467439));
#3123=CARTESIAN_POINT('',(74.1270817323712,8.53900150061129,-55.7776356170517));
#3124=CARTESIAN_POINT('',(73.8912888393507,7.53900150061129,-56.7494389467439));
#3125=CARTESIAN_POINT('Origin',(73.7733923928405,8.53900150061129,-57.2353406115901));
#3126=CARTESIAN_POINT('Origin',(73.7733923928405,7.53900150061129,-57.2353406115901));
#3127=CARTESIAN_POINT('Origin',(80.3038762588801,8.03900150061128,-57.7908456887008));
#3128=CARTESIAN_POINT('',(78.4394346743896,7.53900150061128,-57.8529754664866));
#3129=CARTESIAN_POINT('',(80.1859798123698,7.53900150061128,-58.2767473535469));
#3130=CARTESIAN_POINT('',(78.6752275674101,8.53900150061128,-56.8811721367943));
#3131=CARTESIAN_POINT('',(78.4394346743896,7.53900150061128,-57.8529754664866));
#3132=CARTESIAN_POINT('',(80.4217727053903,8.53900150061128,-57.3049440238546));
#3133=CARTESIAN_POINT('Origin',(79.1468133534511,8.03900150061129,-54.9375654774097));
#3134=CARTESIAN_POINT('',(81.542719883593,7.53900150061129,-56.7430105468658));
#3135=CARTESIAN_POINT('',(81.542719883593,7.53900150061129,-56.7430105468658));
#3136=CARTESIAN_POINT('Origin',(79.1468133534511,8.53900150061129,-54.9375654774097));
#3137=CARTESIAN_POINT('Origin',(79.1468133534511,7.53900150061129,-54.9375654774097));
#3138=CARTESIAN_POINT('Origin',(86.8804992516501,8.03900150061129,-48.8287180069719));
#3139=CARTESIAN_POINT('',(87.2798170066738,7.53900150061129,-49.1296255185479));
#3140=CARTESIAN_POINT('',(91.2125101352437,7.53900150061129,-43.9107654672569));
#3141=CARTESIAN_POINT('Origin',(91.2125101352437,8.53900150061129,-43.9107654672569));
#3142=CARTESIAN_POINT('Origin',(91.2125101352437,8.53900150061129,-43.9107654672569));
#3143=CARTESIAN_POINT('Origin',(73.7733923928405,10.5390015006113,-57.2353406115901));
#3144=CARTESIAN_POINT('',(74.1270817323712,10.5390015006113,-55.7776356170517));
#3145=CARTESIAN_POINT('',(72.7389691254814,15.8390015006113,-56.1490770598007));
#3146=CARTESIAN_POINT('',(72.7389691254814,10.5390015006113,-56.1490770598007));
#3147=CARTESIAN_POINT('',(74.1270817323712,15.8390015006113,-55.7776356170517));
#3148=CARTESIAN_POINT('Origin',(73.7733923928405,15.8390015006113,-57.2353406115901));
#3149=CARTESIAN_POINT('',(74.1270817323712,16.6390015006113,-55.7776356170517));
#3150=CARTESIAN_POINT('',(74.1270817323712,10.5390015006113,-55.7776356170517));
#3151=CARTESIAN_POINT('',(72.5891314786873,16.6390015006113,-58.1559524120842));
#3152=CARTESIAN_POINT('Origin',(73.7733923928405,16.6390015006113,-57.2353406115901));
#3153=CARTESIAN_POINT('',(72.5891314786873,10.5390015006113,-58.1559524120842));
#3154=CARTESIAN_POINT('Origin',(79.9528702240461,10.5390015006113,-57.1911721636001));
#3155=CARTESIAN_POINT('',(78.6752275674101,10.5390015006113,-56.8811721367943));
#3156=CARTESIAN_POINT('Origin',(79.1468133534511,10.5390015006113,-54.9375654774097));
#3157=CARTESIAN_POINT('Origin',(91.2125101352437,10.5390015006113,-43.9107654672569));
#3158=CARTESIAN_POINT('',(92.0299865311753,16.6390015006113,-43.334803365991));
#3159=CARTESIAN_POINT('',(92.0299865311753,10.5390015006113,-43.334803365991));
#3160=CARTESIAN_POINT('',(91.1936509714025,17.0222319122349,-42.9109433171026));
#3161=CARTESIAN_POINT('Ctrl Pts',(92.0299865311753,16.6390015006113,-43.334803365991));
#3162=CARTESIAN_POINT('Ctrl Pts',(91.9857262376053,16.6390015006113,-43.2719837026989));
#3163=CARTESIAN_POINT('Ctrl Pts',(91.9338558588767,16.6465913360689,-43.2139639886095));
#3164=CARTESIAN_POINT('Ctrl Pts',(91.8191931082959,16.6763790134226,-43.1121272812434));
#3165=CARTESIAN_POINT('Ctrl Pts',(91.7563972131924,16.6985850932444,-43.0683166648873));
#3166=CARTESIAN_POINT('Ctrl Pts',(91.5604563541809,16.7832151900272,-42.9615205160046));
#3167=CARTESIAN_POINT('Ctrl Pts',(91.4191135905194,16.8647560765003,-42.92414602213));
#3168=CARTESIAN_POINT('Ctrl Pts',(91.2596133655227,16.9740924493945,-42.9113266044278));
#3169=CARTESIAN_POINT('Ctrl Pts',(91.2265574572952,16.9977226089635,-42.9103226179024));
#3170=CARTESIAN_POINT('Ctrl Pts',(91.1936509714025,17.0222319122349,-42.9109433171026));
#3171=CARTESIAN_POINT('Origin',(91.2125101352437,17.6390015006113,-43.9107654672569));
#3172=CARTESIAN_POINT('Origin',(86.7163899576197,10.5390015006113,-47.0785570242193));
#3173=CARTESIAN_POINT('',(93.1633568424597,16.6390015006113,-47.9071811765206));
#3174=CARTESIAN_POINT('',(93.1633568424597,10.5390015006113,-47.9071811765206));
#3175=CARTESIAN_POINT('Origin',(86.7163899576197,16.6390015006113,-47.0785570242193));
#3176=CARTESIAN_POINT('Origin',(81.5846885774017,7.53900150061129,-54.5583899630785));
#3177=CARTESIAN_POINT('',(90.1072163906666,7.53900150061128,-59.6152782108036));
#3178=CARTESIAN_POINT('',(91.160904740545,7.53900150061129,-51.4172382674325));
#3179=CARTESIAN_POINT('',(90.3576630757082,7.53900150061129,-57.6667210991181));
#3180=CARTESIAN_POINT('',(87.342668683636,7.53900150061128,-63.4510529997193));
#3181=CARTESIAN_POINT('Origin',(85.1863456459867,7.53900150061128,-58.9828021298448));
#3182=CARTESIAN_POINT('',(84.6364476366893,7.53900150061128,-64.7570420675772));
#3183=CARTESIAN_POINT('',(85.394821824442,7.53900150061128,-64.3910599909586));
#3184=CARTESIAN_POINT('',(78.5631025907031,7.53900150061128,-63.3337761672935));
#3185=CARTESIAN_POINT('Origin',(82.4801245990402,7.53900150061128,-60.2887911977026));
#3186=CARTESIAN_POINT('',(78.0040845276482,7.53900150061128,-62.6146638964903));
#3187=CARTESIAN_POINT('',(76.7266059521356,7.53900150061128,-60.9713350310168));
#3188=CARTESIAN_POINT('',(79.6739655549907,7.53900150061129,-58.436730181377));
#3189=CARTESIAN_POINT('Origin',(80.0623299964464,7.53900150061128,-61.0146405872315));
#3190=CARTESIAN_POINT('',(81.9729048160604,7.53900150061129,-57.0671781450198));
#3191=CARTESIAN_POINT('Origin',(79.1468133534511,7.53900150061129,-54.9375654774097));
#3192=CARTESIAN_POINT('',(87.388370609128,7.53900150061129,-49.8806123076667));
#3193=CARTESIAN_POINT('',(85.2132358729376,7.53900150061129,-52.7671135956551));
#3194=CARTESIAN_POINT('Origin',(89.0710956287977,7.53900150061129,-51.1486365614481));
#3195=CARTESIAN_POINT('Origin',(86.7163899576197,17.2390015006113,-47.0785570242193));
#3196=CARTESIAN_POINT('',(91.9731475714123,17.8390015006113,-47.7542044099419));
#3197=CARTESIAN_POINT('',(93.1633568424597,16.6390015006113,-47.9071811765206));
#3198=CARTESIAN_POINT('',(91.2025072176079,17.8390015006113,-44.2563678155311));
#3199=CARTESIAN_POINT('Origin',(86.7163899576197,17.8390015006113,-47.0785570242193));
#3200=CARTESIAN_POINT('Ctrl Pts',(91.1936509714025,17.0222319122349,-42.9109433171026));
#3201=CARTESIAN_POINT('Ctrl Pts',(91.2298477396086,17.4703953597684,-43.6075949575008));
#3202=CARTESIAN_POINT('Ctrl Pts',(91.2025072176079,17.8390015006113,-44.2563678155311));
#3203=CARTESIAN_POINT('Origin',(86.9603628026549,17.2390015006113,-48.8888995092871));
#3204=CARTESIAN_POINT('',(80.4365043464031,17.8390015006113,-58.5433361753143));
#3205=CARTESIAN_POINT('',(87.4395441086833,17.8390015006113,-49.2499885231783));
#3206=CARTESIAN_POINT('',(79.5871768809314,15.731637872919,-56.1687517945134));
#3207=CARTESIAN_POINT('Origin',(81.5846885774017,17.8390015006113,-54.5583899630785));
#3208=CARTESIAN_POINT('',(73.8441302607466,17.8390015006113,-56.9437996126824));
#3209=CARTESIAN_POINT('',(80.1388212337657,17.8390015006113,-58.4711080194854));
#3210=CARTESIAN_POINT('',(90.4431032597793,17.8390015006113,-59.6584495155674));
#3211=CARTESIAN_POINT('',(90.6935499448209,17.8390015006113,-57.7098924038819));
#3212=CARTESIAN_POINT('',(87.4898541374897,17.8390015006113,-63.7560451185867));
#3213=CARTESIAN_POINT('Origin',(85.1863456459867,17.8390015006113,-58.9828021298448));
#3214=CARTESIAN_POINT('',(84.7836330905431,17.8390015006113,-65.0620341864444));
#3215=CARTESIAN_POINT('',(85.5420072782957,17.8390015006113,-64.6960521098259));
#3216=CARTESIAN_POINT('',(78.2957360356989,17.8390015006113,-63.5416195594486));
#3217=CARTESIAN_POINT('Origin',(82.4801245990402,17.8390015006113,-60.2887911977026));
#3218=CARTESIAN_POINT('',(73.5365402100098,17.8390015006113,-57.4194629716889));
#3219=CARTESIAN_POINT('',(73.0410783750626,17.8390015006113,-56.7821084588881));
#3220=CARTESIAN_POINT('Origin',(73.7733923928405,17.8390015006113,-57.2353406115901));
#3221=CARTESIAN_POINT('Origin',(89.5607187846361,6.73550150061129,-57.5642904058298));
#3222=CARTESIAN_POINT('',(88.5133278085223,5.93200150061128,-59.4104168242269));
#3223=CARTESIAN_POINT('',(91.160904740545,7.53900150061129,-51.4172382674325));
#3224=CARTESIAN_POINT('Origin',(85.1863456459867,6.73550150061129,-58.9828021298448));
#3225=CARTESIAN_POINT('',(86.6442275240425,5.93200150061129,-62.0037697010574));
#3226=CARTESIAN_POINT('Origin',(85.0456012446453,6.73550150061128,-63.6674183416276));
#3227=CARTESIAN_POINT('',(83.9380064770958,5.93200150061128,-63.3097587689153));
#3228=CARTESIAN_POINT('Origin',(82.4801245990402,6.73550150061129,-60.2887911977026));
#3229=CARTESIAN_POINT('',(79.8318407833992,5.93200150061129,-62.3474940583641));
#3230=CARTESIAN_POINT('Origin',(77.3609750484837,6.73550150061129,-60.4781939765521));
#3231=CARTESIAN_POINT('',(79.2728227203443,5.93200150061128,-61.6283817875609));
#3232=CARTESIAN_POINT('Origin',(80.0623299964464,6.73550150061129,-61.0146405872315));
#3233=CARTESIAN_POINT('',(79.9133601301419,5.93200150061129,-60.0257988511922));
#3234=CARTESIAN_POINT('Origin',(79.1468133534511,6.73550150061129,-54.9375654774097));
#3235=CARTESIAN_POINT('',(83.2563120807064,5.93200150061129,-58.0342948872251));
#3236=CARTESIAN_POINT('Origin',(85.8549395052606,6.73550150061129,-53.2506719667577));
#3237=CARTESIAN_POINT('',(88.6717778737741,5.93200150061129,-50.8477290498721));
#3238=CARTESIAN_POINT('Origin',(89.0710956287977,6.73550150061129,-51.1486365614481));
#3239=CARTESIAN_POINT('Origin',(91.2886545803446,17.2390015006113,-57.7863807871713));
#3240=CARTESIAN_POINT('',(91.6333125308267,16.6390015006113,-59.8114262821461));
#3241=CARTESIAN_POINT('',(91.6333125308267,16.6390015006113,-59.8114262821461));
#3242=CARTESIAN_POINT('',(91.8837592158683,16.6390015006113,-57.8628691704606));
#3243=CARTESIAN_POINT('Origin',(85.1863456459867,17.2390015006113,-58.9828021298448));
#3244=CARTESIAN_POINT('',(88.0114032299055,16.6390015006113,-64.8367793801886));
#3245=CARTESIAN_POINT('',(88.0114032299055,16.6390015006113,-64.8367793801886));
#3246=CARTESIAN_POINT('Origin',(85.1863456459867,16.6390015006113,-58.9828021298448));
#3247=CARTESIAN_POINT('Origin',(85.8027818245035,17.2390015006113,-65.2364192406269));
#3248=CARTESIAN_POINT('',(85.3051821829589,16.6390015006113,-66.1427684480465));
#3249=CARTESIAN_POINT('',(85.3051821829589,16.6390015006113,-66.1427684480465));
#3250=CARTESIAN_POINT('',(86.0635563707114,16.6390015006113,-65.7767863714278));
#3251=CARTESIAN_POINT('Origin',(82.4801245990402,17.2390015006113,-60.2887911977026));
#3252=CARTESIAN_POINT('',(77.3483273043764,16.6390015006113,-64.2781089998439));
#3253=CARTESIAN_POINT('',(77.3483273043764,16.6390015006113,-64.2781089998439));
#3254=CARTESIAN_POINT('Origin',(82.4801245990402,16.6390015006113,-60.2887911977026));
#3255=CARTESIAN_POINT('Origin',(72.5673740094013,17.2390015006113,-57.1503531790857));
#3256=CARTESIAN_POINT('',(72.5891314786873,16.6390015006113,-58.1559524120842));
#3257=CARTESIAN_POINT('',(72.09366964374,16.6390015006113,-57.5185978992834));
#3258=CARTESIAN_POINT('Origin',(73.7733923928405,17.2390015006113,-57.2353406115901));
#3259=CARTESIAN_POINT('',(74.1270817323712,16.6390015006113,-55.7776356170517));
#3260=CARTESIAN_POINT('Origin',(80.280296969578,17.2390015006113,-57.88802602167));
#3261=CARTESIAN_POINT('',(80.4217727053903,16.6390015006113,-57.3049440238546));
#3262=CARTESIAN_POINT('Origin',(79.9528702240461,10.5390015006113,-57.1911721636001));
#3263=CARTESIAN_POINT('',(69.9529871971836,15.8390015006113,-54.764856800473));
#3264=CARTESIAN_POINT('Origin',(69.9529871971836,10.5390015006113,-54.764856800473));
#3265=CARTESIAN_POINT('',(77.3483273043764,10.5390015006113,-64.2781089998439));
#3266=CARTESIAN_POINT('Origin',(82.4801245990402,10.5390015006113,-60.2887911977026));
#3267=CARTESIAN_POINT('',(85.3051821829589,10.5390015006113,-66.1427684480465));
#3268=CARTESIAN_POINT('Origin',(85.3051821829589,10.5390015006113,-66.1427684480463));
#3269=CARTESIAN_POINT('',(88.0114032299055,10.5390015006113,-64.8367793801886));
#3270=CARTESIAN_POINT('Origin',(85.1863456459867,10.5390015006113,-58.9828021298448));
#3271=CARTESIAN_POINT('',(91.6333125308267,10.5390015006113,-59.8114262821461));
#3272=CARTESIAN_POINT('Origin',(91.6333125308267,10.5390015006113,-59.8114262821461));
#3273=CARTESIAN_POINT('Origin',(81.5846885774017,15.8390015006113,-54.5583899630785));
#3274=CARTESIAN_POINT('',(78.4141621271143,15.8390015006113,-63.4495583793991));
#3275=CARTESIAN_POINT('',(78.4141621271143,15.8390015006113,-63.4495583793991));
#3276=CARTESIAN_POINT('',(84.7184394539912,15.8390015006113,-64.9269424037442));
#3277=CARTESIAN_POINT('Origin',(82.4801245990402,15.8390015006113,-60.2887911977026));
#3278=CARTESIAN_POINT('',(87.4246605009378,15.8390015006113,-63.6209533358864));
#3279=CARTESIAN_POINT('',(87.4246605009378,15.8390015006113,-63.6209533358864));
#3280=CARTESIAN_POINT('',(90.2943271008984,15.8390015006113,-59.639327419745));
#3281=CARTESIAN_POINT('Origin',(85.1863456459867,15.8390015006113,-58.9828021298448));
#3282=CARTESIAN_POINT('',(91.8243714125314,15.8390015006113,-47.7350823141195));
#3283=CARTESIAN_POINT('',(91.8243714125314,15.8390015006113,-47.7350823141195));
#3284=CARTESIAN_POINT('Origin',(86.7163899576197,15.8390015006113,-47.0785570242193));
#3285=CARTESIAN_POINT('Origin',(82.4801245990402,10.5390015006113,-60.2887911977026));
#3286=CARTESIAN_POINT('',(84.7184394539912,10.5390015006113,-64.9269424037442));
#3287=CARTESIAN_POINT('',(78.4141621271143,10.5390015006113,-63.4495583793991));
#3288=CARTESIAN_POINT('Origin',(72.0604109734657,10.5390015006113,-55.2761902502021));
#3289=CARTESIAN_POINT('Origin',(86.7163899576197,10.5390015006113,-47.0785570242193));
#3290=CARTESIAN_POINT('',(91.8243714125314,10.5390015006113,-47.7350823141195));
#3291=CARTESIAN_POINT('Origin',(90.2943271008984,10.5390015006113,-59.639327419745));
#3292=CARTESIAN_POINT('',(90.2943271008984,10.5390015006113,-59.639327419745));
#3293=CARTESIAN_POINT('Origin',(85.1863456459867,10.5390015006113,-58.9828021298448));
#3294=CARTESIAN_POINT('',(87.4246605009378,10.5390015006113,-63.6209533358864));
#3295=CARTESIAN_POINT('Origin',(84.7184394539912,10.5390015006113,-64.9269424037442));
#3296=CARTESIAN_POINT('',(0.,0.,0.));
#3297=UNCERTAINTY_MEASURE_WITH_UNIT(LENGTH_MEASURE(0.01),#3303,
'DISTANCE_ACCURACY_VALUE',
'Maximum model space distance between geometric entities at asserted c
onnectivities');
#3298=UNCERTAINTY_MEASURE_WITH_UNIT(LENGTH_MEASURE(0.01),#3303,
'DISTANCE_ACCURACY_VALUE',
'Maximum model space distance between geometric entities at asserted c
onnectivities');
#3299=UNCERTAINTY_MEASURE_WITH_UNIT(LENGTH_MEASURE(0.01),#3303,
'DISTANCE_ACCURACY_VALUE',
'Maximum model space distance between geometric entities at asserted c
onnectivities');
#3300=(
GEOMETRIC_REPRESENTATION_CONTEXT(3)
GLOBAL_UNCERTAINTY_ASSIGNED_CONTEXT((#3297))
GLOBAL_UNIT_ASSIGNED_CONTEXT((#3303,#3305,#3306))
REPRESENTATION_CONTEXT('','3D')
);
#3301=(
GEOMETRIC_REPRESENTATION_CONTEXT(3)
GLOBAL_UNCERTAINTY_ASSIGNED_CONTEXT((#3298))
GLOBAL_UNIT_ASSIGNED_CONTEXT((#3303,#3305,#3306))
REPRESENTATION_CONTEXT('','3D')
);
#3302=(
GEOMETRIC_REPRESENTATION_CONTEXT(3)
GLOBAL_UNCERTAINTY_ASSIGNED_CONTEXT((#3299))
GLOBAL_UNIT_ASSIGNED_CONTEXT((#3303,#3305,#3306))
REPRESENTATION_CONTEXT('','3D')
);
#3303=(
LENGTH_UNIT()
NAMED_UNIT(*)
SI_UNIT(.MILLI.,.METRE.)
);
#3304=(
LENGTH_UNIT()
NAMED_UNIT(*)
SI_UNIT($,.METRE.)
);
#3305=(
NAMED_UNIT(*)
PLANE_ANGLE_UNIT()
SI_UNIT($,.RADIAN.)
);
#3306=(
NAMED_UNIT(*)
SI_UNIT($,.STERADIAN.)
SOLID_ANGLE_UNIT()
);
#3307=SHAPE_DEFINITION_REPRESENTATION(#3309,#3312);
#3308=SHAPE_DEFINITION_REPRESENTATION(#3310,#3313);
#3309=PRODUCT_DEFINITION_SHAPE('',$,#3315);
#3310=PRODUCT_DEFINITION_SHAPE('',$,#3316);
#3311=PRODUCT_DEFINITION_SHAPE($,$,#14);
#3312=SHAPE_REPRESENTATION('',(#1937,#2143),#3300);
#3313=SHAPE_REPRESENTATION('',(#1938),#3301);
#3314=PRODUCT_DEFINITION_CONTEXT('part definition',#3322,'design');
#3315=PRODUCT_DEFINITION('AetherFPV Drone 5(F)_objects',
'AetherFPV Drone 5(F)-9.3 v48',#3317,#3314);
#3316=PRODUCT_DEFINITION('Component4','Component4',#3318,#3314);
#3317=PRODUCT_DEFINITION_FORMATION('',$,#3324);
#3318=PRODUCT_DEFINITION_FORMATION('',$,#3325);
#3319=PRODUCT_RELATED_PRODUCT_CATEGORY('AetherFPV Drone 5(F)-9.3 v48',
'AetherFPV Drone 5(F)-9.3 v48',(#3324));
#3320=PRODUCT_RELATED_PRODUCT_CATEGORY('Component4','Component4',(#3325));
#3321=APPLICATION_PROTOCOL_DEFINITION('international standard',
'automotive_design',2009,#3322);
#3322=APPLICATION_CONTEXT(
'Core Data for Automotive Mechanical Design Process');
#3323=PRODUCT_CONTEXT('part definition',#3322,'mechanical');
#3324=PRODUCT('AetherFPV Drone 5(F)_objects',
'AetherFPV Drone 5(F)-9.3 v48',$,(#3323));
#3325=PRODUCT('Component4','Component4',$,(#3323));
#3326=PRESENTATION_STYLE_ASSIGNMENT((#3333));
#3327=PRESENTATION_STYLE_ASSIGNMENT((#3334));
#3328=PRESENTATION_STYLE_ASSIGNMENT((#3335));
#3329=PRESENTATION_STYLE_ASSIGNMENT((#3336));
#3330=PRESENTATION_STYLE_ASSIGNMENT((#3337));
#3331=PRESENTATION_STYLE_ASSIGNMENT((#3338));
#3332=PRESENTATION_STYLE_ASSIGNMENT((#3339));
#3333=SURFACE_STYLE_USAGE(.BOTH.,#3340);
#3334=SURFACE_STYLE_USAGE(.BOTH.,#3341);
#3335=SURFACE_STYLE_USAGE(.BOTH.,#3342);
#3336=SURFACE_STYLE_USAGE(.BOTH.,#3343);
#3337=SURFACE_STYLE_USAGE(.BOTH.,#3344);
#3338=SURFACE_STYLE_USAGE(.BOTH.,#3345);
#3339=SURFACE_STYLE_USAGE(.BOTH.,#3346);
#3340=SURFACE_SIDE_STYLE('',(#3347));
#3341=SURFACE_SIDE_STYLE('',(#3348));
#3342=SURFACE_SIDE_STYLE('',(#3349));
#3343=SURFACE_SIDE_STYLE('',(#3350));
#3344=SURFACE_SIDE_STYLE('',(#3351));
#3345=SURFACE_SIDE_STYLE('',(#3352));
#3346=SURFACE_SIDE_STYLE('',(#3353));
#3347=SURFACE_STYLE_FILL_AREA(#3354);
#3348=SURFACE_STYLE_FILL_AREA(#3355);
#3349=SURFACE_STYLE_FILL_AREA(#3356);
#3350=SURFACE_STYLE_FILL_AREA(#3357);
#3351=SURFACE_STYLE_FILL_AREA(#3358);
#3352=SURFACE_STYLE_FILL_AREA(#3359);
#3353=SURFACE_STYLE_FILL_AREA(#3360);
#3354=FILL_AREA_STYLE('Steel - Satin',(#3361));
#3355=FILL_AREA_STYLE('Opaque(76,76,76)',(#3362));
#3356=FILL_AREA_STYLE('Opaque(255,0,0)',(#3363));
#3357=FILL_AREA_STYLE('Carbon Fiber - Plain',(#3364));
#3358=FILL_AREA_STYLE('Aluminum - Polished',(#3365));
#3359=FILL_AREA_STYLE('Opaque(242,242,242)',(#3366));
#3360=FILL_AREA_STYLE('Opaque(255,255,0)',(#3367));
#3361=FILL_AREA_STYLE_COLOUR('Steel - Satin',#3368);
#3362=FILL_AREA_STYLE_COLOUR('Opaque(76,76,76)',#3369);
#3363=FILL_AREA_STYLE_COLOUR('Opaque(255,0,0)',#3370);
#3364=FILL_AREA_STYLE_COLOUR('Carbon Fiber - Plain',#3371);
#3365=FILL_AREA_STYLE_COLOUR('Aluminum - Polished',#3372);
#3366=FILL_AREA_STYLE_COLOUR('Opaque(242,242,242)',#3373);
#3367=FILL_AREA_STYLE_COLOUR('Opaque(255,255,0)',#3374);
#3368=COLOUR_RGB('Steel - Satin',0.627450980392157,0.627450980392157,0.627450980392157);
#3369=COLOUR_RGB('Opaque(76,76,76)',0.298039215686275,0.298039215686275,
0.298039215686275);
#3370=COLOUR_RGB('Opaque(255,0,0)',1.,0.,0.);
#3371=COLOUR_RGB('Carbon Fiber - Plain',0.0980392156862745,0.0980392156862745,
0.0980392156862745);
#3372=COLOUR_RGB('Aluminum - Polished',0.635294117647059,0.894117647058824,
0.72156862745098);
#3373=COLOUR_RGB('Opaque(242,242,242)',0.949019607843137,0.949019607843137,
0.949019607843137);
#3374=COLOUR_RGB('Opaque(255,255,0)',1.,1.,0.);
ENDSEC;
END-ISO-10303-21;
