ISO-10303-21;
HEADER;
/* Generated by software containing ST-Developer
 * from STEP Tools, Inc. (www.steptools.com) 
 */

FILE_DESCRIPTION(
/* description */ (''),
/* implementation_level */ '2;1');

FILE_NAME(
/* name */ 'Digital Mount.step',
/* time_stamp */ '2025-11-15T03:26:05+11:00',
/* author */ (''),
/* organization */ (''),
/* preprocessor_version */ 'ST-DEVELOPER v20.1',
/* originating_system */ 'Autodesk Translation Framework v14.21.0.0',
/* authorisation */ '');

FILE_SCHEMA (('AUTOMOTIVE_DESIGN { 1 0 10303 214 3 1 1 }'));
ENDSEC;

DATA;
#10=MECHANICAL_DESIGN_GEOMETRIC_PRESENTATION_REPRESENTATION('',(#13),#2170);
#11=SHAPE_REPRESENTATION_RELATIONSHIP('SRR','None',#2176,#12);
#12=ADVANCED_BREP_SHAPE_REPRESENTATION('',(#14),#2169);
#13=STYLED_ITEM('',(#2191),#14);
#14=MANIFOLD_SOLID_BREP('Body18',#674);
#15=(
BOUNDED_SURFACE()
B_SPLINE_SURFACE(3,1,((#2088,#2089),(#2090,#2091),(#2092,#2093),(#2094,
#2095)),.UNSPECIFIED.,.F.,.F.,.F.)
B_SPLINE_SURFACE_WITH_KNOTS((4,4),(2,2),(0.,1.),(15.4749999999952,18.0250000000001),
 .UNSPECIFIED.)
GEOMETRIC_REPRESENTATION_ITEM()
RATIONAL_B_SPLINE_SURFACE(((0.515033438208744,0.515033438208744),(0.494988853930419,
0.494988853930419),(0.494988853930419,0.494988853930419),(0.515033438208744,
0.515033438208744)))
REPRESENTATION_ITEM('')
SURFACE()
);
#16=(
BOUNDED_SURFACE()
B_SPLINE_SURFACE(4,1,((#2102,#2103),(#2104,#2105),(#2106,#2107),(#2108,
#2109),(#2110,#2111),(#2112,#2113),(#2114,#2115),(#2116,#2117)),
 .UNSPECIFIED.,.F.,.F.,.F.)
B_SPLINE_SURFACE_WITH_KNOTS((5,3,5),(2,2),(0.,0.5,1.),(15.4749999999948,
18.0250000000001),.UNSPECIFIED.)
GEOMETRIC_REPRESENTATION_ITEM()
RATIONAL_B_SPLINE_SURFACE(((0.585660577445553,0.585660577445553),(0.585660577445553,
0.585660577445553),(0.552249941952846,0.552249941952846),(0.585660577445553,
0.585660577445553),(0.585660577445553,0.585660577445553),(0.552249941952846,
0.552249941952846),(0.585660577445553,0.585660577445553),(0.585660577445553,
0.585660577445553)))
REPRESENTATION_ITEM('')
SURFACE()
);
#17=(
BOUNDED_SURFACE()
B_SPLINE_SURFACE(3,1,((#2118,#2119),(#2120,#2121),(#2122,#2123),(#2124,
#2125)),.UNSPECIFIED.,.F.,.F.,.F.)
B_SPLINE_SURFACE_WITH_KNOTS((4,4),(2,2),(0.,1.),(15.4749999999926,18.0250000000001),
 .UNSPECIFIED.)
GEOMETRIC_REPRESENTATION_ITEM()
RATIONAL_B_SPLINE_SURFACE(((0.52544766854978,0.52544766854978),(0.49151744381674,
0.49151744381674),(0.49151744381674,0.49151744381674),(0.52544766854978,
0.52544766854978)))
REPRESENTATION_ITEM('')
SURFACE()
);
#18=(
BOUNDED_SURFACE()
B_SPLINE_SURFACE(4,1,((#2132,#2133),(#2134,#2135),(#2136,#2137),(#2138,
#2139),(#2140,#2141),(#2142,#2143),(#2144,#2145),(#2146,#2147)),
 .UNSPECIFIED.,.F.,.F.,.F.)
B_SPLINE_SURFACE_WITH_KNOTS((5,3,5),(2,2),(0.,0.5,1.),(15.4749999999925,
18.0250000000001),.UNSPECIFIED.)
GEOMETRIC_REPRESENTATION_ITEM()
RATIONAL_B_SPLINE_SURFACE(((0.585660577441672,0.585660577441672),(0.585660577441672,
0.585660577441672),(0.552249941951771,0.552249941951771),(0.585660577441672,
0.585660577441672),(0.585660577441672,0.585660577441672),(0.552249941951771,
0.552249941951771),(0.585660577441672,0.585660577441672),(0.585660577441672,
0.585660577441672)))
REPRESENTATION_ITEM('')
SURFACE()
);
#19=(
BOUNDED_CURVE()
B_SPLINE_CURVE(4,(#1969,#1970,#1971,#1972,#1973,#1974,#1975,#1976),
 .UNSPECIFIED.,.F.,.F.)
B_SPLINE_CURVE_WITH_KNOTS((5,3,5),(0.,0.5,1.),.UNSPECIFIED.)
CURVE()
GEOMETRIC_REPRESENTATION_ITEM()
RATIONAL_B_SPLINE_CURVE((0.585660577441672,0.585660577441672,0.552249941951771,
0.585660577441672,0.585660577441672,0.552249941951771,0.585660577441672,
0.585660577441672))
REPRESENTATION_ITEM('')
);
#20=(
BOUNDED_CURVE()
B_SPLINE_CURVE(4,(#1995,#1996,#1997,#1998,#1999,#2000,#2001,#2002),
 .UNSPECIFIED.,.F.,.F.)
B_SPLINE_CURVE_WITH_KNOTS((5,3,5),(0.,0.5,1.),.UNSPECIFIED.)
CURVE()
GEOMETRIC_REPRESENTATION_ITEM()
RATIONAL_B_SPLINE_CURVE((0.585660577445553,0.585660577445553,0.552249941952846,
0.585660577445553,0.585660577445553,0.552249941952846,0.585660577445553,
0.585660577445553))
REPRESENTATION_ITEM('')
);
#21=CYLINDRICAL_SURFACE('',#705,2.4);
#22=CYLINDRICAL_SURFACE('',#726,1.95);
#23=CYLINDRICAL_SURFACE('',#727,1.95);
#24=CYLINDRICAL_SURFACE('',#728,4.);
#25=CYLINDRICAL_SURFACE('',#729,2.4);
#26=CYLINDRICAL_SURFACE('',#730,11.8042304022213);
#27=CYLINDRICAL_SURFACE('',#731,4.8);
#28=CYLINDRICAL_SURFACE('',#732,1.2);
#29=CYLINDRICAL_SURFACE('',#733,7.2);
#30=CYLINDRICAL_SURFACE('',#734,1.2);
#31=CYLINDRICAL_SURFACE('',#735,1.2);
#32=CYLINDRICAL_SURFACE('',#736,0.749999834788055);
#33=CYLINDRICAL_SURFACE('',#737,7.2500014661588);
#34=CYLINDRICAL_SURFACE('',#738,0.750000000000046);
#35=CYLINDRICAL_SURFACE('',#739,7.24999740116615);
#36=CYLINDRICAL_SURFACE('',#740,3.);
#37=CYLINDRICAL_SURFACE('',#741,5.);
#38=CYLINDRICAL_SURFACE('',#742,6.);
#39=CYLINDRICAL_SURFACE('',#743,4.);
#40=CYLINDRICAL_SURFACE('',#745,6.);
#41=CYLINDRICAL_SURFACE('',#746,6.);
#42=ELLIPSE('',#686,8.74982358261065,8.74820651629224);
#43=ELLIPSE('',#689,8.75263650337755,8.74987488234451);
#44=ELLIPSE('',#716,8.74982335674695,8.74820674349338);
#45=ELLIPSE('',#723,8.75263650905744,8.74987485876974);
#46=FACE_BOUND('',#140,.T.);
#47=FACE_BOUND('',#141,.T.);
#48=FACE_BOUND('',#142,.T.);
#49=FACE_BOUND('',#143,.T.);
#50=FACE_BOUND('',#145,.T.);
#51=FACE_BOUND('',#148,.T.);
#52=FACE_BOUND('',#149,.T.);
#53=FACE_BOUND('',#150,.T.);
#54=FACE_BOUND('',#151,.T.);
#55=CIRCLE('',#677,6.);
#56=CIRCLE('',#678,6.);
#57=CIRCLE('',#679,4.);
#58=CIRCLE('',#680,6.);
#59=CIRCLE('',#681,1.2);
#60=CIRCLE('',#682,1.2);
#61=CIRCLE('',#683,4.8);
#62=CIRCLE('',#684,1.2);
#63=CIRCLE('',#685,7.2);
#64=CIRCLE('',#687,0.750000000000046);
#65=CIRCLE('',#688,7.2499976260172);
#66=CIRCLE('',#690,7.2500014661588);
#67=CIRCLE('',#691,0.749999834788055);
#68=CIRCLE('',#693,6.);
#69=CIRCLE('',#694,6.);
#70=CIRCLE('',#695,4.);
#71=CIRCLE('',#696,6.);
#72=CIRCLE('',#697,2.4);
#73=CIRCLE('',#698,3.);
#74=CIRCLE('',#699,2.4);
#75=CIRCLE('',#700,4.);
#76=CIRCLE('',#701,1.95);
#77=CIRCLE('',#702,5.);
#78=CIRCLE('',#703,1.95);
#79=CIRCLE('',#704,11.8042304022213);
#80=CIRCLE('',#706,2.4);
#81=CIRCLE('',#708,3.);
#82=CIRCLE('',#709,2.4);
#83=CIRCLE('',#710,11.8042304022213);
#84=CIRCLE('',#711,1.95);
#85=CIRCLE('',#712,5.);
#86=CIRCLE('',#713,1.95);
#87=CIRCLE('',#714,4.);
#88=CIRCLE('',#715,0.750000000000046);
#89=CIRCLE('',#717,7.2499976260172);
#90=CIRCLE('',#718,1.2);
#91=CIRCLE('',#719,1.2);
#92=CIRCLE('',#720,4.8);
#93=CIRCLE('',#721,1.2);
#94=CIRCLE('',#722,7.2);
#95=CIRCLE('',#724,0.749999834788055);
#96=CIRCLE('',#725,7.2500014661588);
#97=PLANE('',#676);
#98=PLANE('',#692);
#99=PLANE('',#707);
#100=PLANE('',#744);
#101=FACE_OUTER_BOUND('',#137,.T.);
#102=FACE_OUTER_BOUND('',#138,.T.);
#103=FACE_OUTER_BOUND('',#139,.T.);
#104=FACE_OUTER_BOUND('',#144,.T.);
#105=FACE_OUTER_BOUND('',#146,.T.);
#106=FACE_OUTER_BOUND('',#147,.T.);
#107=FACE_OUTER_BOUND('',#152,.T.);
#108=FACE_OUTER_BOUND('',#153,.T.);
#109=FACE_OUTER_BOUND('',#154,.T.);
#110=FACE_OUTER_BOUND('',#155,.T.);
#111=FACE_OUTER_BOUND('',#156,.T.);
#112=FACE_OUTER_BOUND('',#157,.T.);
#113=FACE_OUTER_BOUND('',#158,.T.);
#114=FACE_OUTER_BOUND('',#159,.T.);
#115=FACE_OUTER_BOUND('',#160,.T.);
#116=FACE_OUTER_BOUND('',#161,.T.);
#117=FACE_OUTER_BOUND('',#162,.T.);
#118=FACE_OUTER_BOUND('',#163,.T.);
#119=FACE_OUTER_BOUND('',#164,.T.);
#120=FACE_OUTER_BOUND('',#165,.T.);
#121=FACE_OUTER_BOUND('',#166,.T.);
#122=FACE_OUTER_BOUND('',#167,.T.);
#123=FACE_OUTER_BOUND('',#168,.T.);
#124=FACE_OUTER_BOUND('',#169,.T.);
#125=FACE_OUTER_BOUND('',#170,.T.);
#126=FACE_OUTER_BOUND('',#171,.T.);
#127=FACE_OUTER_BOUND('',#172,.T.);
#128=FACE_OUTER_BOUND('',#173,.T.);
#129=FACE_OUTER_BOUND('',#174,.T.);
#130=FACE_OUTER_BOUND('',#175,.T.);
#131=FACE_OUTER_BOUND('',#176,.T.);
#132=FACE_OUTER_BOUND('',#177,.T.);
#133=FACE_OUTER_BOUND('',#178,.T.);
#134=FACE_OUTER_BOUND('',#179,.T.);
#135=FACE_OUTER_BOUND('',#180,.T.);
#136=FACE_OUTER_BOUND('',#181,.T.);
#137=EDGE_LOOP('',(#433,#434,#435,#436));
#138=EDGE_LOOP('',(#437,#438,#439,#440));
#139=EDGE_LOOP('',(#441,#442,#443,#444,#445,#446,#447,#448));
#140=EDGE_LOOP('',(#449));
#141=EDGE_LOOP('',(#450,#451,#452,#453));
#142=EDGE_LOOP('',(#454,#455,#456,#457));
#143=EDGE_LOOP('',(#458,#459,#460,#461));
#144=EDGE_LOOP('',(#462,#463,#464,#465,#466,#467,#468,#469));
#145=EDGE_LOOP('',(#470,#471,#472,#473,#474,#475,#476,#477,#478,#479,#480,
#481));
#146=EDGE_LOOP('',(#482,#483,#484,#485));
#147=EDGE_LOOP('',(#486,#487,#488,#489,#490,#491,#492,#493,#494,#495,#496,
#497));
#148=EDGE_LOOP('',(#498,#499,#500,#501));
#149=EDGE_LOOP('',(#502));
#150=EDGE_LOOP('',(#503,#504,#505,#506));
#151=EDGE_LOOP('',(#507,#508,#509,#510));
#152=EDGE_LOOP('',(#511,#512,#513,#514));
#153=EDGE_LOOP('',(#515,#516,#517,#518));
#154=EDGE_LOOP('',(#519,#520,#521,#522));
#155=EDGE_LOOP('',(#523,#524,#525,#526));
#156=EDGE_LOOP('',(#527,#528,#529,#530));
#157=EDGE_LOOP('',(#531,#532,#533,#534));
#158=EDGE_LOOP('',(#535,#536,#537,#538));
#159=EDGE_LOOP('',(#539,#540,#541,#542));
#160=EDGE_LOOP('',(#543,#544,#545,#546));
#161=EDGE_LOOP('',(#547,#548,#549,#550));
#162=EDGE_LOOP('',(#551,#552,#553,#554));
#163=EDGE_LOOP('',(#555,#556,#557,#558));
#164=EDGE_LOOP('',(#559,#560,#561,#562));
#165=EDGE_LOOP('',(#563,#564,#565,#566));
#166=EDGE_LOOP('',(#567,#568,#569,#570));
#167=EDGE_LOOP('',(#571,#572,#573,#574));
#168=EDGE_LOOP('',(#575,#576,#577,#578));
#169=EDGE_LOOP('',(#579,#580,#581,#582));
#170=EDGE_LOOP('',(#583,#584,#585,#586));
#171=EDGE_LOOP('',(#587,#588,#589,#590));
#172=EDGE_LOOP('',(#591,#592,#593,#594));
#173=EDGE_LOOP('',(#595,#596,#597,#598));
#174=EDGE_LOOP('',(#599,#600,#601,#602));
#175=EDGE_LOOP('',(#603,#604,#605,#606));
#176=EDGE_LOOP('',(#607,#608,#609,#610));
#177=EDGE_LOOP('',(#611,#612,#613,#614));
#178=EDGE_LOOP('',(#615,#616,#617,#618));
#179=EDGE_LOOP('',(#619,#620,#621,#622));
#180=EDGE_LOOP('',(#623,#624,#625,#626));
#181=EDGE_LOOP('',(#627,#628,#629,#630));
#182=LINE('',#1076,#217);
#183=LINE('',#1142,#218);
#184=LINE('',#1402,#219);
#185=LINE('',#1594,#220);
#186=LINE('',#1599,#221);
#187=LINE('',#1830,#222);
#188=LINE('',#1902,#223);
#189=LINE('',#1905,#224);
#190=LINE('',#2004,#225);
#191=LINE('',#2005,#226);
#192=LINE('',#2014,#227);
#193=LINE('',#2035,#228);
#194=LINE('',#2036,#229);
#195=LINE('',#2051,#230);
#196=LINE('',#2053,#231);
#197=LINE('',#2056,#232);
#198=LINE('',#2057,#233);
#199=LINE('',#2059,#234);
#200=LINE('',#2079,#235);
#201=LINE('',#2080,#236);
#202=LINE('',#2082,#237);
#203=LINE('',#2084,#238);
#204=LINE('',#2087,#239);
#205=LINE('',#2096,#240);
#206=LINE('',#2097,#241);
#207=LINE('',#2099,#242);
#208=LINE('',#2101,#243);
#209=LINE('',#2126,#244);
#210=LINE('',#2127,#245);
#211=LINE('',#2129,#246);
#212=LINE('',#2131,#247);
#213=LINE('',#2158,#248);
#214=LINE('',#2159,#249);
#215=LINE('',#2163,#250);
#216=LINE('',#2164,#251);
#217=VECTOR('',#749,1.);
#218=VECTOR('',#750,1.);
#219=VECTOR('',#751,1.);
#220=VECTOR('',#752,1.);
#221=VECTOR('',#757,1.);
#222=VECTOR('',#788,1.);
#223=VECTOR('',#815,1.);
#224=VECTOR('',#818,1.);
#225=VECTOR('',#859,1.);
#226=VECTOR('',#860,1.);
#227=VECTOR('',#861,1.);
#228=VECTOR('',#862,1.);
#229=VECTOR('',#863,1.);
#230=VECTOR('',#864,1.);
#231=VECTOR('',#867,1.);
#232=VECTOR('',#872,1.);
#233=VECTOR('',#873,1.);
#234=VECTOR('',#876,1.);
#235=VECTOR('',#879,1.);
#236=VECTOR('',#880,1.);
#237=VECTOR('',#883,1.);
#238=VECTOR('',#886,1.);
#239=VECTOR('',#891,1.2);
#240=VECTOR('',#892,1.);
#241=VECTOR('',#893,1.);
#242=VECTOR('',#896,1.);
#243=VECTOR('',#899,1.);
#244=VECTOR('',#900,1.);
#245=VECTOR('',#901,1.);
#246=VECTOR('',#904,1.);
#247=VECTOR('',#907,1.);
#248=VECTOR('',#912,1.);
#249=VECTOR('',#913,1.);
#250=VECTOR('',#920,1.);
#251=VECTOR('',#921,1.);
#252=B_SPLINE_CURVE_WITH_KNOTS('',3,(#1011,#1012,#1013,#1014,#1015,#1016,
#1017,#1018,#1019,#1020,#1021,#1022,#1023,#1024,#1025,#1026,#1027,#1028,
#1029,#1030,#1031,#1032,#1033,#1034,#1035,#1036,#1037,#1038,#1039,#1040,
#1041,#1042,#1043,#1044,#1045,#1046,#1047,#1048,#1049,#1050,#1051,#1052,
#1053,#1054,#1055,#1056,#1057,#1058,#1059,#1060,#1061,#1062,#1063,#1064,
#1065,#1066,#1067,#1068,#1069,#1070,#1071,#1072,#1073,#1074),
 .UNSPECIFIED.,.F.,.F.,(4,3,3,3,3,3,3,3,3,3,3,3,3,3,3,3,3,3,3,3,3,4),(0.183841811723085,
0.194645861889298,0.205521930349838,0.216458419159698,0.227441306212964,
0.238454478390845,0.249480329075215,0.260500571140835,0.271497157313014,
0.282427099395772,0.293299262998037,0.304103489810827,0.314831686437253,
0.325433144903931,0.335959333855611,0.346364700950503,0.35372875303594,
0.379304980915448,0.404982409496892,0.430696856198333,0.456436564336944,
0.469262449757371),.UNSPECIFIED.);
#253=B_SPLINE_CURVE_WITH_KNOTS('',3,(#1078,#1079,#1080,#1081,#1082,#1083,
#1084,#1085,#1086,#1087,#1088,#1089,#1090,#1091,#1092,#1093,#1094,#1095,
#1096,#1097,#1098,#1099,#1100,#1101,#1102,#1103,#1104,#1105,#1106,#1107,
#1108,#1109,#1110,#1111,#1112,#1113,#1114,#1115,#1116,#1117,#1118,#1119,
#1120,#1121,#1122,#1123,#1124,#1125,#1126,#1127,#1128,#1129,#1130,#1131,
#1132,#1133,#1134,#1135,#1136,#1137,#1138,#1139,#1140,#1141),
 .UNSPECIFIED.,.F.,.F.,(4,3,3,3,3,3,3,3,3,3,3,3,3,3,3,3,3,3,3,3,3,4),(0.183841811723085,
0.194645861889298,0.205521930349837,0.216458419159701,0.227441306212969,
0.238454478390851,0.249480329075214,0.260500571140826,0.271497157313005,
0.282427099395761,0.293299262998031,0.304103489810818,0.314831686437238,
0.325433144903913,0.335959333855593,0.346364700950488,0.35372875303594,
0.379304980915448,0.404982409496889,0.430696856198314,0.45643656433691,
0.46926244975735),.UNSPECIFIED.);
#254=B_SPLINE_CURVE_WITH_KNOTS('',3,(#1211,#1212,#1213,#1214,#1215,#1216,
#1217,#1218,#1219,#1220,#1221,#1222,#1223,#1224,#1225,#1226,#1227,#1228,
#1229,#1230,#1231,#1232,#1233,#1234,#1235,#1236,#1237,#1238,#1239,#1240,
#1241,#1242,#1243,#1244,#1245,#1246,#1247,#1248,#1249,#1250,#1251,#1252,
#1253,#1254,#1255,#1256,#1257,#1258,#1259,#1260,#1261,#1262,#1263,#1264,
#1265,#1266,#1267,#1268,#1269,#1270,#1271,#1272,#1273,#1274,#1275,#1276,
#1277,#1278,#1279,#1280,#1281,#1282,#1283,#1284,#1285,#1286,#1287,#1288,
#1289,#1290,#1291,#1292,#1293,#1294,#1295,#1296,#1297,#1298,#1299,#1300,
#1301,#1302,#1303,#1304,#1305,#1306,#1307,#1308,#1309,#1310,#1311,#1312,
#1313,#1314,#1315,#1316,#1317,#1318,#1319,#1320,#1321,#1322,#1323,#1324,
#1325,#1326,#1327,#1328,#1329,#1330,#1331,#1332,#1333,#1334,#1335,#1336,
#1337,#1338,#1339,#1340,#1341,#1342,#1343,#1344,#1345,#1346,#1347,#1348,
#1349,#1350,#1351,#1352,#1353,#1354,#1355,#1356,#1357,#1358,#1359,#1360,
#1361,#1362,#1363,#1364,#1365,#1366,#1367,#1368,#1369,#1370,#1371,#1372,
#1373,#1374,#1375,#1376,#1377,#1378,#1379,#1380,#1381,#1382,#1383,#1384,
#1385,#1386,#1387,#1388,#1389,#1390,#1391,#1392,#1393,#1394,#1395,#1396,
#1397,#1398,#1399,#1400),.UNSPECIFIED.,.F.,.F.,(4,3,3,3,3,3,3,3,3,3,3,3,
3,3,3,3,3,3,3,3,3,3,3,3,3,3,3,3,3,3,3,3,3,3,3,3,3,3,3,3,3,3,3,3,3,3,3,3,
3,3,3,3,3,3,3,3,3,3,3,3,3,3,3,4),(1.6910655189206E-12,0.181083485580719,
0.189555023918519,0.198099873050599,0.206710072524462,0.215375030144881,
0.224081555635394,0.232821144128976,0.24156123978027,0.25028655971396,0.258982563526691,
0.267607966313089,0.276183492892836,0.284665595343808,0.292280475293378,
0.302053154777641,0.31193104751735,0.321917058543942,0.332013440439514,
0.342221465791827,0.352541007598461,0.362970025504653,0.373972056688254,
0.384651853060838,0.395407507316238,0.406222804434226,0.417078240456477,
0.427951829557553,0.438820351318988,0.449660842840504,0.460828553040726,
0.471510695772861,0.482110183542468,0.492618618615246,0.503030270241826,
0.513291173337622,0.523464674836584,0.533506621111331,0.539002524442276,
0.562591315064139,0.586491559656677,0.610680889369233,0.635120884689839,
0.659754981505114,0.684537119136506,0.70931152345349,0.734000216515005,
0.758532853982266,0.782729582453943,0.806695414787379,0.83028323835645,
0.843009834752678,0.853388478006461,0.863854366263406,0.874400261689306,
0.885016374993519,0.895714521722118,0.906445131489043,0.917192719584117,
0.927940988092668,0.938658701218141,0.949343670021654,0.959956612229422,
0.968077468222406),.UNSPECIFIED.);
#255=B_SPLINE_CURVE_WITH_KNOTS('',3,(#1404,#1405,#1406,#1407,#1408,#1409,
#1410,#1411,#1412,#1413,#1414,#1415,#1416,#1417,#1418,#1419,#1420,#1421,
#1422,#1423,#1424,#1425,#1426,#1427,#1428,#1429,#1430,#1431,#1432,#1433,
#1434,#1435,#1436,#1437,#1438,#1439,#1440,#1441,#1442,#1443,#1444,#1445,
#1446,#1447,#1448,#1449,#1450,#1451,#1452,#1453,#1454,#1455,#1456,#1457,
#1458,#1459,#1460,#1461,#1462,#1463,#1464,#1465,#1466,#1467,#1468,#1469,
#1470,#1471,#1472,#1473,#1474,#1475,#1476,#1477,#1478,#1479,#1480,#1481,
#1482,#1483,#1484,#1485,#1486,#1487,#1488,#1489,#1490,#1491,#1492,#1493,
#1494,#1495,#1496,#1497,#1498,#1499,#1500,#1501,#1502,#1503,#1504,#1505,
#1506,#1507,#1508,#1509,#1510,#1511,#1512,#1513,#1514,#1515,#1516,#1517,
#1518,#1519,#1520,#1521,#1522,#1523,#1524,#1525,#1526,#1527,#1528,#1529,
#1530,#1531,#1532,#1533,#1534,#1535,#1536,#1537,#1538,#1539,#1540,#1541,
#1542,#1543,#1544,#1545,#1546,#1547,#1548,#1549,#1550,#1551,#1552,#1553,
#1554,#1555,#1556,#1557,#1558,#1559,#1560,#1561,#1562,#1563,#1564,#1565,
#1566,#1567,#1568,#1569,#1570,#1571,#1572,#1573,#1574,#1575,#1576,#1577,
#1578,#1579,#1580,#1581,#1582,#1583,#1584,#1585,#1586,#1587,#1588,#1589,
#1590,#1591,#1592,#1593),.UNSPECIFIED.,.F.,.F.,(4,3,3,3,3,3,3,3,3,3,3,3,
3,3,3,3,3,3,3,3,3,3,3,3,3,3,3,3,3,3,3,3,3,3,3,3,3,3,3,3,3,3,3,3,3,3,3,3,
3,3,3,3,3,3,3,3,3,3,3,3,3,3,3,4),(8.48427862653016E-13,0.181083485580731,
0.189555023918533,0.198099873050614,0.206710072524477,0.215375030144904,
0.224081555635412,0.232821144128993,0.241561239780285,0.250286559713966,
0.258982563526684,0.267607966313083,0.276183492892822,0.284665595343794,
0.292280475293388,0.30205315477765,0.311931047517346,0.321917058543949,
0.332013440439511,0.342221465791799,0.352541007598432,0.362970025504633,
0.373972056688236,0.384651853060823,0.395407507316225,0.406222804434216,
0.417078240456469,0.427951829557537,0.438820351318982,0.449660842840481,
0.460828553040706,0.471510695772846,0.482110183542451,0.492618618615225,
0.503030270241772,0.513291173337561,0.523464674836515,0.533506621111259,
0.539002524442282,0.562591315064164,0.58649155965672,0.610680889369259,
0.63512088468996,0.659754981505179,0.684537119136571,0.709311523453528,
0.73400021651501,0.758532853982388,0.782729582454046,0.806695414787488,
0.830283238356546,0.843009834752681,0.853388478006475,0.863854366263445,
0.874400261689352,0.885016374993595,0.89571452172219,0.906445131489107,
0.917192719584168,0.9279409880927,0.938658701218183,0.949343670021699,0.959956612229465,
0.968077468222406),.UNSPECIFIED.);
#256=B_SPLINE_CURVE_WITH_KNOTS('',3,(#1604,#1605,#1606,#1607),
 .UNSPECIFIED.,.F.,.F.,(4,4),(0.,1.),.UNSPECIFIED.);
#257=B_SPLINE_CURVE_WITH_KNOTS('',3,(#1621,#1622,#1623,#1624,#1625,#1626,
#1627,#1628,#1629,#1630,#1631,#1632,#1633,#1634,#1635,#1636,#1637,#1638,
#1639,#1640,#1641,#1642,#1643,#1644,#1645,#1646,#1647,#1648,#1649,#1650,
#1651,#1652,#1653,#1654,#1655,#1656,#1657,#1658,#1659,#1660,#1661,#1662,
#1663,#1664,#1665,#1666,#1667,#1668,#1669,#1670,#1671,#1672,#1673,#1674,
#1675,#1676,#1677,#1678,#1679,#1680,#1681,#1682,#1683,#1684,#1685,#1686,
#1687,#1688,#1689,#1690,#1691,#1692,#1693,#1694,#1695,#1696,#1697,#1698,
#1699,#1700,#1701,#1702,#1703,#1704,#1705,#1706,#1707,#1708,#1709,#1710,
#1711,#1712,#1713,#1714,#1715,#1716,#1717),.UNSPECIFIED.,.F.,.F.,(4,3,3,
3,3,3,3,3,3,3,3,3,3,3,3,3,3,3,3,3,3,3,3,3,3,3,3,3,3,3,3,3,4),(0.,0.0354858068006033,
0.0702198969543363,0.104333655977581,0.137953921652087,0.171203242211553,
0.204200524796918,0.237061847026804,0.269901358824714,0.302832245905209,
0.335967730940991,0.369422083003533,0.403311603648419,0.437755563130085,
0.472895840434455,0.489367845420878,0.498824055509899,0.502441836354679,
0.537854155457343,0.572546717445348,0.606642041341156,0.640257899537437,
0.6735082244634,0.706503962412282,0.73935388422921,0.772244022737002,0.805233841969416,
0.838418615801093,0.871894705249429,0.906061048900586,0.94066520927575,
0.976163455000376,1.),.UNSPECIFIED.);
#258=B_SPLINE_CURVE_WITH_KNOTS('',3,(#1727,#1728,#1729,#1730,#1731,#1732,
#1733,#1734,#1735,#1736,#1737,#1738,#1739,#1740,#1741,#1742,#1743,#1744,
#1745,#1746,#1747,#1748,#1749,#1750,#1751,#1752,#1753,#1754,#1755,#1756,
#1757,#1758,#1759,#1760,#1761,#1762,#1763,#1764,#1765,#1766,#1767,#1768,
#1769,#1770,#1771,#1772,#1773,#1774,#1775,#1776,#1777,#1778,#1779,#1780,
#1781,#1782,#1783,#1784,#1785,#1786,#1787,#1788,#1789,#1790,#1791,#1792,
#1793,#1794,#1795,#1796,#1797,#1798,#1799,#1800,#1801,#1802,#1803,#1804,
#1805,#1806,#1807,#1808,#1809,#1810,#1811,#1812,#1813,#1814,#1815,#1816,
#1817,#1818,#1819,#1820,#1821,#1822,#1823),.UNSPECIFIED.,.F.,.F.,(4,3,3,
3,3,3,3,3,3,3,3,3,3,3,3,3,3,3,3,3,3,3,3,3,3,3,3,3,3,3,3,3,4),(0.,0.0354839808492929,
0.0702175302667343,0.104331305283546,0.137951798800663,0.171201417357695,
0.204199031309295,0.237060727413933,0.269900673541168,0.3028320603225,0.335968093088418,
0.369423002460685,0.40331303875254,0.437757419235409,0.472897580533196,
0.489369531141534,0.498827181893248,0.502443513537111,0.537855795979073,
0.5725483271699,0.606643625887624,0.640259464324327,0.673509774749765,0.70650550333655,
0.739355420846341,0.77224556179769,0.805235387909295,0.838420173095503,
0.87189627843564,0.906062640420178,0.940666823015933,0.976165085342871,
1.),.UNSPECIFIED.);
#259=B_SPLINE_CURVE_WITH_KNOTS('',3,(#1835,#1836,#1837,#1838),
 .UNSPECIFIED.,.F.,.F.,(4,4),(-1.,0.),.UNSPECIFIED.);
#260=B_SPLINE_CURVE_WITH_KNOTS('',3,(#1853,#1854,#1855,#1856,#1857,#1858,
#1859),.UNSPECIFIED.,.F.,.F.,(4,1,1,1,4),(0.,0.25,0.5,0.75,1.),
 .UNSPECIFIED.);
#261=B_SPLINE_CURVE_WITH_KNOTS('',3,(#1861,#1862,#1863,#1864,#1865,#1866,
#1867,#1868,#1869),.UNSPECIFIED.,.F.,.F.,(4,1,1,1,1,1,4),(0.203060470154434,
0.285382231885171,0.428305785508137,0.571229339131103,0.714152892754068,
0.857076446377034,1.),.UNSPECIFIED.);
#262=B_SPLINE_CURVE_WITH_KNOTS('',3,(#1873,#1874,#1875,#1876),
 .UNSPECIFIED.,.F.,.F.,(4,4),(6.23760643133071E-5,0.938808459574206),
 .UNSPECIFIED.);
#263=B_SPLINE_CURVE_WITH_KNOTS('',3,(#1880,#1881,#1882,#1883,#1884,#1885,
#1886,#1887,#1888,#1889,#1890,#1891,#1892,#1893,#1894,#1895,#1896,#1897,
#1898),.UNSPECIFIED.,.F.,.F.,(4,3,3,3,3,3,4),(0.,0.16395706425383,0.282641176675898,
0.406811280886526,0.604540853924351,0.802270426962176,1.),.UNSPECIFIED.);
#264=B_SPLINE_CURVE_WITH_KNOTS('',3,(#1914,#1915,#1916,#1917,#1918,#1919,
#1920,#1921,#1922,#1923,#1924,#1925,#1926,#1927,#1928,#1929,#1930,#1931,
#1932),.UNSPECIFIED.,.F.,.F.,(4,3,3,3,3,3,4),(0.,0.163957064253816,0.282641176675886,
0.406811280886515,0.604540853924344,0.802270426962172,1.),.UNSPECIFIED.);
#265=B_SPLINE_CURVE_WITH_KNOTS('',3,(#1936,#1937,#1938,#1939),
 .UNSPECIFIED.,.F.,.F.,(4,4),(6.23760643242116E-5,0.938808459574219),
 .UNSPECIFIED.);
#266=B_SPLINE_CURVE_WITH_KNOTS('',3,(#1943,#1944,#1945,#1946,#1947,#1948,
#1949,#1950,#1951),.UNSPECIFIED.,.F.,.F.,(4,1,1,1,1,1,4),(0.203060470154434,
0.285382231885171,0.428305785508137,0.571229339131103,0.714152892754068,
0.857076446377034,1.),.UNSPECIFIED.);
#267=B_SPLINE_CURVE_WITH_KNOTS('',3,(#1953,#1954,#1955,#1956,#1957,#1958,
#1959),.UNSPECIFIED.,.F.,.F.,(4,1,1,1,4),(0.,0.25,0.5,0.75,1.),
 .UNSPECIFIED.);
#268=VERTEX_POINT('',#1009);
#269=VERTEX_POINT('',#1010);
#270=VERTEX_POINT('',#1075);
#271=VERTEX_POINT('',#1077);
#272=VERTEX_POINT('',#1209);
#273=VERTEX_POINT('',#1210);
#274=VERTEX_POINT('',#1401);
#275=VERTEX_POINT('',#1403);
#276=VERTEX_POINT('',#1596);
#277=VERTEX_POINT('',#1598);
#278=VERTEX_POINT('',#1601);
#279=VERTEX_POINT('',#1603);
#280=VERTEX_POINT('',#1609);
#281=VERTEX_POINT('',#1611);
#282=VERTEX_POINT('',#1612);
#283=VERTEX_POINT('',#1614);
#284=VERTEX_POINT('',#1616);
#285=VERTEX_POINT('',#1619);
#286=VERTEX_POINT('',#1620);
#287=VERTEX_POINT('',#1718);
#288=VERTEX_POINT('',#1720);
#289=VERTEX_POINT('',#1723);
#290=VERTEX_POINT('',#1724);
#291=VERTEX_POINT('',#1726);
#292=VERTEX_POINT('',#1824);
#293=VERTEX_POINT('',#1828);
#294=VERTEX_POINT('',#1829);
#295=VERTEX_POINT('',#1832);
#296=VERTEX_POINT('',#1834);
#297=VERTEX_POINT('',#1841);
#298=VERTEX_POINT('',#1842);
#299=VERTEX_POINT('',#1844);
#300=VERTEX_POINT('',#1846);
#301=VERTEX_POINT('',#1848);
#302=VERTEX_POINT('',#1850);
#303=VERTEX_POINT('',#1852);
#304=VERTEX_POINT('',#1860);
#305=VERTEX_POINT('',#1870);
#306=VERTEX_POINT('',#1872);
#307=VERTEX_POINT('',#1877);
#308=VERTEX_POINT('',#1879);
#309=VERTEX_POINT('',#1901);
#310=VERTEX_POINT('',#1903);
#311=VERTEX_POINT('',#1907);
#312=VERTEX_POINT('',#1909);
#313=VERTEX_POINT('',#1911);
#314=VERTEX_POINT('',#1913);
#315=VERTEX_POINT('',#1933);
#316=VERTEX_POINT('',#1935);
#317=VERTEX_POINT('',#1940);
#318=VERTEX_POINT('',#1942);
#319=VERTEX_POINT('',#1952);
#320=VERTEX_POINT('',#1960);
#321=VERTEX_POINT('',#1963);
#322=VERTEX_POINT('',#1964);
#323=VERTEX_POINT('',#1966);
#324=VERTEX_POINT('',#1968);
#325=VERTEX_POINT('',#1978);
#326=VERTEX_POINT('',#1980);
#327=VERTEX_POINT('',#1981);
#328=VERTEX_POINT('',#1983);
#329=VERTEX_POINT('',#1985);
#330=VERTEX_POINT('',#1988);
#331=VERTEX_POINT('',#1989);
#332=VERTEX_POINT('',#1991);
#333=VERTEX_POINT('',#1993);
#334=EDGE_CURVE('',#268,#269,#252,.T.);
#335=EDGE_CURVE('',#268,#270,#182,.T.);
#336=EDGE_CURVE('',#270,#271,#253,.T.);
#337=EDGE_CURVE('',#271,#269,#183,.T.);
#338=EDGE_CURVE('',#272,#273,#254,.T.);
#339=EDGE_CURVE('',#273,#274,#184,.T.);
#340=EDGE_CURVE('',#275,#274,#255,.T.);
#341=EDGE_CURVE('',#275,#272,#185,.T.);
#342=EDGE_CURVE('',#270,#276,#55,.T.);
#343=EDGE_CURVE('',#276,#277,#186,.T.);
#344=EDGE_CURVE('',#277,#273,#56,.T.);
#345=EDGE_CURVE('',#272,#278,#57,.T.);
#346=EDGE_CURVE('',#278,#279,#256,.T.);
#347=EDGE_CURVE('',#279,#271,#58,.T.);
#348=EDGE_CURVE('',#280,#280,#59,.T.);
#349=EDGE_CURVE('',#281,#282,#60,.T.);
#350=EDGE_CURVE('',#283,#281,#61,.T.);
#351=EDGE_CURVE('',#284,#283,#62,.T.);
#352=EDGE_CURVE('',#282,#284,#63,.T.);
#353=EDGE_CURVE('',#285,#286,#257,.T.);
#354=EDGE_CURVE('',#287,#285,#42,.T.);
#355=EDGE_CURVE('',#288,#287,#64,.T.);
#356=EDGE_CURVE('',#286,#288,#65,.T.);
#357=EDGE_CURVE('',#289,#290,#43,.T.);
#358=EDGE_CURVE('',#290,#291,#258,.T.);
#359=EDGE_CURVE('',#291,#292,#66,.T.);
#360=EDGE_CURVE('',#292,#289,#67,.T.);
#361=EDGE_CURVE('',#293,#294,#187,.T.);
#362=EDGE_CURVE('',#293,#268,#68,.T.);
#363=EDGE_CURVE('',#269,#295,#69,.T.);
#364=EDGE_CURVE('',#295,#296,#259,.T.);
#365=EDGE_CURVE('',#296,#275,#70,.T.);
#366=EDGE_CURVE('',#274,#294,#71,.T.);
#367=EDGE_CURVE('',#297,#298,#72,.T.);
#368=EDGE_CURVE('',#299,#297,#73,.T.);
#369=EDGE_CURVE('',#300,#299,#74,.T.);
#370=EDGE_CURVE('',#301,#300,#75,.T.);
#371=EDGE_CURVE('',#302,#301,#76,.T.);
#372=EDGE_CURVE('',#303,#302,#260,.T.);
#373=EDGE_CURVE('',#304,#303,#261,.T.);
#374=EDGE_CURVE('',#304,#305,#77,.T.);
#375=EDGE_CURVE('',#306,#305,#262,.T.);
#376=EDGE_CURVE('',#307,#306,#78,.T.);
#377=EDGE_CURVE('',#308,#307,#263,.T.);
#378=EDGE_CURVE('',#298,#308,#79,.T.);
#379=EDGE_CURVE('',#299,#309,#188,.T.);
#380=EDGE_CURVE('',#310,#309,#80,.T.);
#381=EDGE_CURVE('',#300,#310,#189,.T.);
#382=EDGE_CURVE('',#309,#311,#81,.T.);
#383=EDGE_CURVE('',#311,#312,#82,.T.);
#384=EDGE_CURVE('',#312,#313,#83,.T.);
#385=EDGE_CURVE('',#313,#314,#264,.T.);
#386=EDGE_CURVE('',#314,#315,#84,.T.);
#387=EDGE_CURVE('',#315,#316,#265,.T.);
#388=EDGE_CURVE('',#316,#317,#85,.T.);
#389=EDGE_CURVE('',#317,#318,#266,.T.);
#390=EDGE_CURVE('',#318,#319,#267,.T.);
#391=EDGE_CURVE('',#319,#320,#86,.T.);
#392=EDGE_CURVE('',#320,#310,#87,.T.);
#393=EDGE_CURVE('',#321,#322,#88,.T.);
#394=EDGE_CURVE('',#322,#323,#44,.T.);
#395=EDGE_CURVE('',#323,#324,#19,.T.);
#396=EDGE_CURVE('',#324,#321,#89,.T.);
#397=EDGE_CURVE('',#325,#325,#90,.T.);
#398=EDGE_CURVE('',#326,#327,#91,.T.);
#399=EDGE_CURVE('',#327,#328,#92,.T.);
#400=EDGE_CURVE('',#328,#329,#93,.T.);
#401=EDGE_CURVE('',#329,#326,#94,.T.);
#402=EDGE_CURVE('',#330,#331,#45,.T.);
#403=EDGE_CURVE('',#332,#330,#95,.T.);
#404=EDGE_CURVE('',#333,#332,#96,.T.);
#405=EDGE_CURVE('',#331,#333,#20,.T.);
#406=EDGE_CURVE('',#307,#314,#190,.T.);
#407=EDGE_CURVE('',#306,#315,#191,.T.);
#408=EDGE_CURVE('',#305,#316,#192,.T.);
#409=EDGE_CURVE('',#317,#304,#193,.T.);
#410=EDGE_CURVE('',#303,#318,#194,.T.);
#411=EDGE_CURVE('',#302,#319,#195,.T.);
#412=EDGE_CURVE('',#301,#320,#196,.T.);
#413=EDGE_CURVE('',#297,#311,#197,.T.);
#414=EDGE_CURVE('',#298,#312,#198,.T.);
#415=EDGE_CURVE('',#308,#313,#199,.T.);
#416=EDGE_CURVE('',#328,#281,#200,.T.);
#417=EDGE_CURVE('',#327,#283,#201,.T.);
#418=EDGE_CURVE('',#326,#284,#202,.T.);
#419=EDGE_CURVE('',#329,#282,#203,.T.);
#420=EDGE_CURVE('',#280,#325,#204,.T.);
#421=EDGE_CURVE('',#289,#330,#205,.T.);
#422=EDGE_CURVE('',#290,#331,#206,.T.);
#423=EDGE_CURVE('',#292,#332,#207,.T.);
#424=EDGE_CURVE('',#291,#333,#208,.T.);
#425=EDGE_CURVE('',#323,#285,#209,.T.);
#426=EDGE_CURVE('',#322,#287,#210,.T.);
#427=EDGE_CURVE('',#321,#288,#211,.T.);
#428=EDGE_CURVE('',#324,#286,#212,.T.);
#429=EDGE_CURVE('',#278,#296,#213,.T.);
#430=EDGE_CURVE('',#295,#279,#214,.T.);
#431=EDGE_CURVE('',#294,#277,#215,.T.);
#432=EDGE_CURVE('',#276,#293,#216,.T.);
#433=ORIENTED_EDGE('',*,*,#334,.F.);
#434=ORIENTED_EDGE('',*,*,#335,.T.);
#435=ORIENTED_EDGE('',*,*,#336,.T.);
#436=ORIENTED_EDGE('',*,*,#337,.T.);
#437=ORIENTED_EDGE('',*,*,#338,.T.);
#438=ORIENTED_EDGE('',*,*,#339,.T.);
#439=ORIENTED_EDGE('',*,*,#340,.F.);
#440=ORIENTED_EDGE('',*,*,#341,.T.);
#441=ORIENTED_EDGE('',*,*,#336,.F.);
#442=ORIENTED_EDGE('',*,*,#342,.T.);
#443=ORIENTED_EDGE('',*,*,#343,.T.);
#444=ORIENTED_EDGE('',*,*,#344,.T.);
#445=ORIENTED_EDGE('',*,*,#338,.F.);
#446=ORIENTED_EDGE('',*,*,#345,.T.);
#447=ORIENTED_EDGE('',*,*,#346,.T.);
#448=ORIENTED_EDGE('',*,*,#347,.T.);
#449=ORIENTED_EDGE('',*,*,#348,.T.);
#450=ORIENTED_EDGE('',*,*,#349,.F.);
#451=ORIENTED_EDGE('',*,*,#350,.F.);
#452=ORIENTED_EDGE('',*,*,#351,.F.);
#453=ORIENTED_EDGE('',*,*,#352,.F.);
#454=ORIENTED_EDGE('',*,*,#353,.F.);
#455=ORIENTED_EDGE('',*,*,#354,.F.);
#456=ORIENTED_EDGE('',*,*,#355,.F.);
#457=ORIENTED_EDGE('',*,*,#356,.F.);
#458=ORIENTED_EDGE('',*,*,#357,.T.);
#459=ORIENTED_EDGE('',*,*,#358,.T.);
#460=ORIENTED_EDGE('',*,*,#359,.T.);
#461=ORIENTED_EDGE('',*,*,#360,.T.);
#462=ORIENTED_EDGE('',*,*,#361,.F.);
#463=ORIENTED_EDGE('',*,*,#362,.T.);
#464=ORIENTED_EDGE('',*,*,#334,.T.);
#465=ORIENTED_EDGE('',*,*,#363,.T.);
#466=ORIENTED_EDGE('',*,*,#364,.T.);
#467=ORIENTED_EDGE('',*,*,#365,.T.);
#468=ORIENTED_EDGE('',*,*,#340,.T.);
#469=ORIENTED_EDGE('',*,*,#366,.T.);
#470=ORIENTED_EDGE('',*,*,#367,.F.);
#471=ORIENTED_EDGE('',*,*,#368,.F.);
#472=ORIENTED_EDGE('',*,*,#369,.F.);
#473=ORIENTED_EDGE('',*,*,#370,.F.);
#474=ORIENTED_EDGE('',*,*,#371,.F.);
#475=ORIENTED_EDGE('',*,*,#372,.F.);
#476=ORIENTED_EDGE('',*,*,#373,.F.);
#477=ORIENTED_EDGE('',*,*,#374,.T.);
#478=ORIENTED_EDGE('',*,*,#375,.F.);
#479=ORIENTED_EDGE('',*,*,#376,.F.);
#480=ORIENTED_EDGE('',*,*,#377,.F.);
#481=ORIENTED_EDGE('',*,*,#378,.F.);
#482=ORIENTED_EDGE('',*,*,#369,.T.);
#483=ORIENTED_EDGE('',*,*,#379,.T.);
#484=ORIENTED_EDGE('',*,*,#380,.F.);
#485=ORIENTED_EDGE('',*,*,#381,.F.);
#486=ORIENTED_EDGE('',*,*,#380,.T.);
#487=ORIENTED_EDGE('',*,*,#382,.T.);
#488=ORIENTED_EDGE('',*,*,#383,.T.);
#489=ORIENTED_EDGE('',*,*,#384,.T.);
#490=ORIENTED_EDGE('',*,*,#385,.T.);
#491=ORIENTED_EDGE('',*,*,#386,.T.);
#492=ORIENTED_EDGE('',*,*,#387,.T.);
#493=ORIENTED_EDGE('',*,*,#388,.T.);
#494=ORIENTED_EDGE('',*,*,#389,.T.);
#495=ORIENTED_EDGE('',*,*,#390,.T.);
#496=ORIENTED_EDGE('',*,*,#391,.T.);
#497=ORIENTED_EDGE('',*,*,#392,.T.);
#498=ORIENTED_EDGE('',*,*,#393,.T.);
#499=ORIENTED_EDGE('',*,*,#394,.T.);
#500=ORIENTED_EDGE('',*,*,#395,.T.);
#501=ORIENTED_EDGE('',*,*,#396,.T.);
#502=ORIENTED_EDGE('',*,*,#397,.F.);
#503=ORIENTED_EDGE('',*,*,#398,.T.);
#504=ORIENTED_EDGE('',*,*,#399,.T.);
#505=ORIENTED_EDGE('',*,*,#400,.T.);
#506=ORIENTED_EDGE('',*,*,#401,.T.);
#507=ORIENTED_EDGE('',*,*,#402,.F.);
#508=ORIENTED_EDGE('',*,*,#403,.F.);
#509=ORIENTED_EDGE('',*,*,#404,.F.);
#510=ORIENTED_EDGE('',*,*,#405,.F.);
#511=ORIENTED_EDGE('',*,*,#386,.F.);
#512=ORIENTED_EDGE('',*,*,#406,.F.);
#513=ORIENTED_EDGE('',*,*,#376,.T.);
#514=ORIENTED_EDGE('',*,*,#407,.T.);
#515=ORIENTED_EDGE('',*,*,#375,.T.);
#516=ORIENTED_EDGE('',*,*,#408,.T.);
#517=ORIENTED_EDGE('',*,*,#387,.F.);
#518=ORIENTED_EDGE('',*,*,#407,.F.);
#519=ORIENTED_EDGE('',*,*,#389,.F.);
#520=ORIENTED_EDGE('',*,*,#409,.T.);
#521=ORIENTED_EDGE('',*,*,#373,.T.);
#522=ORIENTED_EDGE('',*,*,#410,.T.);
#523=ORIENTED_EDGE('',*,*,#390,.F.);
#524=ORIENTED_EDGE('',*,*,#410,.F.);
#525=ORIENTED_EDGE('',*,*,#372,.T.);
#526=ORIENTED_EDGE('',*,*,#411,.T.);
#527=ORIENTED_EDGE('',*,*,#391,.F.);
#528=ORIENTED_EDGE('',*,*,#411,.F.);
#529=ORIENTED_EDGE('',*,*,#371,.T.);
#530=ORIENTED_EDGE('',*,*,#412,.T.);
#531=ORIENTED_EDGE('',*,*,#392,.F.);
#532=ORIENTED_EDGE('',*,*,#412,.F.);
#533=ORIENTED_EDGE('',*,*,#370,.T.);
#534=ORIENTED_EDGE('',*,*,#381,.T.);
#535=ORIENTED_EDGE('',*,*,#413,.F.);
#536=ORIENTED_EDGE('',*,*,#367,.T.);
#537=ORIENTED_EDGE('',*,*,#414,.T.);
#538=ORIENTED_EDGE('',*,*,#383,.F.);
#539=ORIENTED_EDGE('',*,*,#384,.F.);
#540=ORIENTED_EDGE('',*,*,#414,.F.);
#541=ORIENTED_EDGE('',*,*,#378,.T.);
#542=ORIENTED_EDGE('',*,*,#415,.T.);
#543=ORIENTED_EDGE('',*,*,#385,.F.);
#544=ORIENTED_EDGE('',*,*,#415,.F.);
#545=ORIENTED_EDGE('',*,*,#377,.T.);
#546=ORIENTED_EDGE('',*,*,#406,.T.);
#547=ORIENTED_EDGE('',*,*,#350,.T.);
#548=ORIENTED_EDGE('',*,*,#416,.F.);
#549=ORIENTED_EDGE('',*,*,#399,.F.);
#550=ORIENTED_EDGE('',*,*,#417,.T.);
#551=ORIENTED_EDGE('',*,*,#351,.T.);
#552=ORIENTED_EDGE('',*,*,#417,.F.);
#553=ORIENTED_EDGE('',*,*,#398,.F.);
#554=ORIENTED_EDGE('',*,*,#418,.T.);
#555=ORIENTED_EDGE('',*,*,#352,.T.);
#556=ORIENTED_EDGE('',*,*,#418,.F.);
#557=ORIENTED_EDGE('',*,*,#401,.F.);
#558=ORIENTED_EDGE('',*,*,#419,.T.);
#559=ORIENTED_EDGE('',*,*,#349,.T.);
#560=ORIENTED_EDGE('',*,*,#419,.F.);
#561=ORIENTED_EDGE('',*,*,#400,.F.);
#562=ORIENTED_EDGE('',*,*,#416,.T.);
#563=ORIENTED_EDGE('',*,*,#348,.F.);
#564=ORIENTED_EDGE('',*,*,#420,.T.);
#565=ORIENTED_EDGE('',*,*,#397,.T.);
#566=ORIENTED_EDGE('',*,*,#420,.F.);
#567=ORIENTED_EDGE('',*,*,#421,.T.);
#568=ORIENTED_EDGE('',*,*,#402,.T.);
#569=ORIENTED_EDGE('',*,*,#422,.F.);
#570=ORIENTED_EDGE('',*,*,#357,.F.);
#571=ORIENTED_EDGE('',*,*,#423,.T.);
#572=ORIENTED_EDGE('',*,*,#403,.T.);
#573=ORIENTED_EDGE('',*,*,#421,.F.);
#574=ORIENTED_EDGE('',*,*,#360,.F.);
#575=ORIENTED_EDGE('',*,*,#424,.T.);
#576=ORIENTED_EDGE('',*,*,#404,.T.);
#577=ORIENTED_EDGE('',*,*,#423,.F.);
#578=ORIENTED_EDGE('',*,*,#359,.F.);
#579=ORIENTED_EDGE('',*,*,#422,.T.);
#580=ORIENTED_EDGE('',*,*,#405,.T.);
#581=ORIENTED_EDGE('',*,*,#424,.F.);
#582=ORIENTED_EDGE('',*,*,#358,.F.);
#583=ORIENTED_EDGE('',*,*,#354,.T.);
#584=ORIENTED_EDGE('',*,*,#425,.F.);
#585=ORIENTED_EDGE('',*,*,#394,.F.);
#586=ORIENTED_EDGE('',*,*,#426,.T.);
#587=ORIENTED_EDGE('',*,*,#355,.T.);
#588=ORIENTED_EDGE('',*,*,#426,.F.);
#589=ORIENTED_EDGE('',*,*,#393,.F.);
#590=ORIENTED_EDGE('',*,*,#427,.T.);
#591=ORIENTED_EDGE('',*,*,#356,.T.);
#592=ORIENTED_EDGE('',*,*,#427,.F.);
#593=ORIENTED_EDGE('',*,*,#396,.F.);
#594=ORIENTED_EDGE('',*,*,#428,.T.);
#595=ORIENTED_EDGE('',*,*,#353,.T.);
#596=ORIENTED_EDGE('',*,*,#428,.F.);
#597=ORIENTED_EDGE('',*,*,#395,.F.);
#598=ORIENTED_EDGE('',*,*,#425,.T.);
#599=ORIENTED_EDGE('',*,*,#382,.F.);
#600=ORIENTED_EDGE('',*,*,#379,.F.);
#601=ORIENTED_EDGE('',*,*,#368,.T.);
#602=ORIENTED_EDGE('',*,*,#413,.T.);
#603=ORIENTED_EDGE('',*,*,#388,.F.);
#604=ORIENTED_EDGE('',*,*,#408,.F.);
#605=ORIENTED_EDGE('',*,*,#374,.F.);
#606=ORIENTED_EDGE('',*,*,#409,.F.);
#607=ORIENTED_EDGE('',*,*,#346,.F.);
#608=ORIENTED_EDGE('',*,*,#429,.T.);
#609=ORIENTED_EDGE('',*,*,#364,.F.);
#610=ORIENTED_EDGE('',*,*,#430,.T.);
#611=ORIENTED_EDGE('',*,*,#347,.F.);
#612=ORIENTED_EDGE('',*,*,#430,.F.);
#613=ORIENTED_EDGE('',*,*,#363,.F.);
#614=ORIENTED_EDGE('',*,*,#337,.F.);
#615=ORIENTED_EDGE('',*,*,#365,.F.);
#616=ORIENTED_EDGE('',*,*,#429,.F.);
#617=ORIENTED_EDGE('',*,*,#345,.F.);
#618=ORIENTED_EDGE('',*,*,#341,.F.);
#619=ORIENTED_EDGE('',*,*,#361,.T.);
#620=ORIENTED_EDGE('',*,*,#431,.T.);
#621=ORIENTED_EDGE('',*,*,#343,.F.);
#622=ORIENTED_EDGE('',*,*,#432,.T.);
#623=ORIENTED_EDGE('',*,*,#366,.F.);
#624=ORIENTED_EDGE('',*,*,#339,.F.);
#625=ORIENTED_EDGE('',*,*,#344,.F.);
#626=ORIENTED_EDGE('',*,*,#431,.F.);
#627=ORIENTED_EDGE('',*,*,#342,.F.);
#628=ORIENTED_EDGE('',*,*,#335,.F.);
#629=ORIENTED_EDGE('',*,*,#362,.F.);
#630=ORIENTED_EDGE('',*,*,#432,.F.);
#631=B_SPLINE_SURFACE_WITH_KNOTS('',5,1,((#927,#928),(#929,#930),(#931,
#932),(#933,#934),(#935,#936),(#937,#938),(#939,#940),(#941,#942),(#943,
#944),(#945,#946),(#947,#948),(#949,#950),(#951,#952),(#953,#954),(#955,
#956),(#957,#958),(#959,#960),(#961,#962),(#963,#964),(#965,#966),(#967,
#968),(#969,#970),(#971,#972),(#973,#974),(#975,#976),(#977,#978),(#979,
#980),(#981,#982),(#983,#984),(#985,#986),(#987,#988),(#989,#990),(#991,
#992),(#993,#994),(#995,#996),(#997,#998),(#999,#1000),(#1001,#1002),(#1003,
#1004),(#1005,#1006),(#1007,#1008)),.UNSPECIFIED.,.F.,.F.,.F.,(6,5,5,5,
5,5,5,5,6),(2,2),(0.,0.0472582649274643,0.109775248995637,0.141580639339196,
0.353731194617001,0.556627346900763,0.562978410393901,0.83273064013922,
1.),(-0.0100000000101742,1.01000000000012),.UNSPECIFIED.);
#632=B_SPLINE_SURFACE_WITH_KNOTS('',5,1,((#1143,#1144),(#1145,#1146),(#1147,
#1148),(#1149,#1150),(#1151,#1152),(#1153,#1154),(#1155,#1156),(#1157,#1158),
(#1159,#1160),(#1161,#1162),(#1163,#1164),(#1165,#1166),(#1167,#1168),(#1169,
#1170),(#1171,#1172),(#1173,#1174),(#1175,#1176),(#1177,#1178),(#1179,#1180),
(#1181,#1182),(#1183,#1184),(#1185,#1186),(#1187,#1188),(#1189,#1190),(#1191,
#1192),(#1193,#1194),(#1195,#1196),(#1197,#1198),(#1199,#1200),(#1201,#1202),
(#1203,#1204),(#1205,#1206),(#1207,#1208)),.UNSPECIFIED.,.F.,.F.,.F.,(6,
3,5,5,5,5,4,6),(2,2),(0.,0.0940818063706823,0.281400308164319,0.378167013418016,
0.592871385103552,0.85742698024865,0.99009900990099,1.),(-0.010000000009273,
1.00999999999781),.UNSPECIFIED.);
#633=B_SPLINE_SURFACE_WITH_KNOTS('',3,1,((#2006,#2007),(#2008,#2009),(#2010,
#2011),(#2012,#2013)),.UNSPECIFIED.,.F.,.F.,.F.,(4,4),(2,2),(0.,1.),(-0.0150000000000001,
1.515),.UNSPECIFIED.);
#634=B_SPLINE_SURFACE_WITH_KNOTS('',3,1,((#2015,#2016),(#2017,#2018),(#2019,
#2020),(#2021,#2022),(#2023,#2024),(#2025,#2026),(#2027,#2028),(#2029,#2030),
(#2031,#2032),(#2033,#2034)),.UNSPECIFIED.,.F.,.F.,.F.,(4,1,1,1,1,1,1,4),
(2,2),(0.,0.142458678262205,0.285382231885171,0.428305785508137,0.571229339131103,
0.714152892754068,0.857076446377034,1.),(-0.0149999999999994,1.51500000000001),
 .UNSPECIFIED.);
#635=B_SPLINE_SURFACE_WITH_KNOTS('',3,1,((#2037,#2038),(#2039,#2040),(#2041,
#2042),(#2043,#2044),(#2045,#2046),(#2047,#2048),(#2049,#2050)),
 .UNSPECIFIED.,.F.,.F.,.F.,(4,1,1,1,4),(2,2),(0.,0.25,0.5,0.75,1.),(-0.0150000000000005,
1.515),.UNSPECIFIED.);
#636=B_SPLINE_SURFACE_WITH_KNOTS('',3,1,((#2060,#2061),(#2062,#2063),(#2064,
#2065),(#2066,#2067),(#2068,#2069),(#2070,#2071),(#2072,#2073),(#2074,#2075),
(#2076,#2077)),.UNSPECIFIED.,.F.,.F.,.F.,(4,1,1,1,1,1,4),(2,2),(0.,0.166319429343323,
0.28466818195087,0.408487424851864,0.605658283234576,0.802829141617288,
1.),(-0.0150000000000002,1.51500000000001),.UNSPECIFIED.);
#637=B_SPLINE_SURFACE_WITH_KNOTS('',3,1,((#2150,#2151),(#2152,#2153),(#2154,
#2155),(#2156,#2157)),.UNSPECIFIED.,.F.,.F.,.F.,(4,4),(2,2),(0.,1.),(0.,
0.120000000006724),.UNSPECIFIED.);
#638=ADVANCED_FACE('',(#101),#631,.T.);
#639=ADVANCED_FACE('',(#102),#632,.T.);
#640=ADVANCED_FACE('',(#103,#46,#47,#48,#49),#97,.F.);
#641=ADVANCED_FACE('',(#104,#50),#98,.T.);
#642=ADVANCED_FACE('',(#105),#21,.T.);
#643=ADVANCED_FACE('',(#106,#51,#52,#53,#54),#99,.F.);
#644=ADVANCED_FACE('',(#107),#22,.T.);
#645=ADVANCED_FACE('',(#108),#633,.T.);
#646=ADVANCED_FACE('',(#109),#634,.T.);
#647=ADVANCED_FACE('',(#110),#635,.T.);
#648=ADVANCED_FACE('',(#111),#23,.T.);
#649=ADVANCED_FACE('',(#112),#24,.F.);
#650=ADVANCED_FACE('',(#113),#25,.T.);
#651=ADVANCED_FACE('',(#114),#26,.T.);
#652=ADVANCED_FACE('',(#115),#636,.T.);
#653=ADVANCED_FACE('',(#116),#27,.T.);
#654=ADVANCED_FACE('',(#117),#28,.F.);
#655=ADVANCED_FACE('',(#118),#29,.F.);
#656=ADVANCED_FACE('',(#119),#30,.F.);
#657=ADVANCED_FACE('',(#120),#31,.F.);
#658=ADVANCED_FACE('',(#121),#15,.T.);
#659=ADVANCED_FACE('',(#122),#32,.F.);
#660=ADVANCED_FACE('',(#123),#33,.T.);
#661=ADVANCED_FACE('',(#124),#16,.T.);
#662=ADVANCED_FACE('',(#125),#17,.F.);
#663=ADVANCED_FACE('',(#126),#34,.F.);
#664=ADVANCED_FACE('',(#127),#35,.T.);
#665=ADVANCED_FACE('',(#128),#18,.F.);
#666=ADVANCED_FACE('',(#129),#36,.F.);
#667=ADVANCED_FACE('',(#130),#37,.F.);
#668=ADVANCED_FACE('',(#131),#637,.T.);
#669=ADVANCED_FACE('',(#132),#38,.T.);
#670=ADVANCED_FACE('',(#133),#39,.T.);
#671=ADVANCED_FACE('',(#134),#100,.F.);
#672=ADVANCED_FACE('',(#135),#40,.F.);
#673=ADVANCED_FACE('',(#136),#41,.F.);
#674=CLOSED_SHELL('',(#638,#639,#640,#641,#642,#643,#644,#645,#646,#647,
#648,#649,#650,#651,#652,#653,#654,#655,#656,#657,#658,#659,#660,#661,#662,
#663,#664,#665,#666,#667,#668,#669,#670,#671,#672,#673));
#675=AXIS2_PLACEMENT_3D('',#926,#747,#748);
#676=AXIS2_PLACEMENT_3D('',#1595,#753,#754);
#677=AXIS2_PLACEMENT_3D('',#1597,#755,#756);
#678=AXIS2_PLACEMENT_3D('',#1600,#758,#759);
#679=AXIS2_PLACEMENT_3D('',#1602,#760,#761);
#680=AXIS2_PLACEMENT_3D('',#1608,#762,#763);
#681=AXIS2_PLACEMENT_3D('',#1610,#764,#765);
#682=AXIS2_PLACEMENT_3D('',#1613,#766,#767);
#683=AXIS2_PLACEMENT_3D('',#1615,#768,#769);
#684=AXIS2_PLACEMENT_3D('',#1617,#770,#771);
#685=AXIS2_PLACEMENT_3D('',#1618,#772,#773);
#686=AXIS2_PLACEMENT_3D('',#1719,#774,#775);
#687=AXIS2_PLACEMENT_3D('',#1721,#776,#777);
#688=AXIS2_PLACEMENT_3D('',#1722,#778,#779);
#689=AXIS2_PLACEMENT_3D('',#1725,#780,#781);
#690=AXIS2_PLACEMENT_3D('',#1825,#782,#783);
#691=AXIS2_PLACEMENT_3D('',#1826,#784,#785);
#692=AXIS2_PLACEMENT_3D('',#1827,#786,#787);
#693=AXIS2_PLACEMENT_3D('',#1831,#789,#790);
#694=AXIS2_PLACEMENT_3D('',#1833,#791,#792);
#695=AXIS2_PLACEMENT_3D('',#1839,#793,#794);
#696=AXIS2_PLACEMENT_3D('',#1840,#795,#796);
#697=AXIS2_PLACEMENT_3D('',#1843,#797,#798);
#698=AXIS2_PLACEMENT_3D('',#1845,#799,#800);
#699=AXIS2_PLACEMENT_3D('',#1847,#801,#802);
#700=AXIS2_PLACEMENT_3D('',#1849,#803,#804);
#701=AXIS2_PLACEMENT_3D('',#1851,#805,#806);
#702=AXIS2_PLACEMENT_3D('',#1871,#807,#808);
#703=AXIS2_PLACEMENT_3D('',#1878,#809,#810);
#704=AXIS2_PLACEMENT_3D('',#1899,#811,#812);
#705=AXIS2_PLACEMENT_3D('',#1900,#813,#814);
#706=AXIS2_PLACEMENT_3D('',#1904,#816,#817);
#707=AXIS2_PLACEMENT_3D('',#1906,#819,#820);
#708=AXIS2_PLACEMENT_3D('',#1908,#821,#822);
#709=AXIS2_PLACEMENT_3D('',#1910,#823,#824);
#710=AXIS2_PLACEMENT_3D('',#1912,#825,#826);
#711=AXIS2_PLACEMENT_3D('',#1934,#827,#828);
#712=AXIS2_PLACEMENT_3D('',#1941,#829,#830);
#713=AXIS2_PLACEMENT_3D('',#1961,#831,#832);
#714=AXIS2_PLACEMENT_3D('',#1962,#833,#834);
#715=AXIS2_PLACEMENT_3D('',#1965,#835,#836);
#716=AXIS2_PLACEMENT_3D('',#1967,#837,#838);
#717=AXIS2_PLACEMENT_3D('',#1977,#839,#840);
#718=AXIS2_PLACEMENT_3D('',#1979,#841,#842);
#719=AXIS2_PLACEMENT_3D('',#1982,#843,#844);
#720=AXIS2_PLACEMENT_3D('',#1984,#845,#846);
#721=AXIS2_PLACEMENT_3D('',#1986,#847,#848);
#722=AXIS2_PLACEMENT_3D('',#1987,#849,#850);
#723=AXIS2_PLACEMENT_3D('',#1990,#851,#852);
#724=AXIS2_PLACEMENT_3D('',#1992,#853,#854);
#725=AXIS2_PLACEMENT_3D('',#1994,#855,#856);
#726=AXIS2_PLACEMENT_3D('',#2003,#857,#858);
#727=AXIS2_PLACEMENT_3D('',#2052,#865,#866);
#728=AXIS2_PLACEMENT_3D('',#2054,#868,#869);
#729=AXIS2_PLACEMENT_3D('',#2055,#870,#871);
#730=AXIS2_PLACEMENT_3D('',#2058,#874,#875);
#731=AXIS2_PLACEMENT_3D('',#2078,#877,#878);
#732=AXIS2_PLACEMENT_3D('',#2081,#881,#882);
#733=AXIS2_PLACEMENT_3D('',#2083,#884,#885);
#734=AXIS2_PLACEMENT_3D('',#2085,#887,#888);
#735=AXIS2_PLACEMENT_3D('',#2086,#889,#890);
#736=AXIS2_PLACEMENT_3D('',#2098,#894,#895);
#737=AXIS2_PLACEMENT_3D('',#2100,#897,#898);
#738=AXIS2_PLACEMENT_3D('',#2128,#902,#903);
#739=AXIS2_PLACEMENT_3D('',#2130,#905,#906);
#740=AXIS2_PLACEMENT_3D('',#2148,#908,#909);
#741=AXIS2_PLACEMENT_3D('',#2149,#910,#911);
#742=AXIS2_PLACEMENT_3D('',#2160,#914,#915);
#743=AXIS2_PLACEMENT_3D('',#2161,#916,#917);
#744=AXIS2_PLACEMENT_3D('',#2162,#918,#919);
#745=AXIS2_PLACEMENT_3D('',#2165,#922,#923);
#746=AXIS2_PLACEMENT_3D('',#2166,#924,#925);
#747=DIRECTION('axis',(0.,0.,1.));
#748=DIRECTION('refdir',(1.,0.,0.));
#749=DIRECTION('',(1.,0.,0.));
#750=DIRECTION('',(-1.,0.,0.));
#751=DIRECTION('',(-1.,0.,0.));
#752=DIRECTION('',(1.,0.,0.));
#753=DIRECTION('center_axis',(-1.,-3.73645153276009E-17,4.53162261244758E-13));
#754=DIRECTION('ref_axis',(4.53162261244758E-13,1.67249301196928E-35,1.));
#755=DIRECTION('center_axis',(-1.,-3.73645153276009E-17,4.53162261244758E-13));
#756=DIRECTION('ref_axis',(4.53162261244758E-13,4.12180805090849E-33,1.));
#757=DIRECTION('',(3.00412996472966E-13,0.748630360603916,0.662987619177049));
#758=DIRECTION('center_axis',(-1.,-3.73645153276009E-17,4.53162261244758E-13));
#759=DIRECTION('ref_axis',(4.53162261244758E-13,4.12180805090849E-33,1.));
#760=DIRECTION('center_axis',(1.,3.73645153276009E-17,-4.53162261244758E-13));
#761=DIRECTION('ref_axis',(4.53162261244758E-13,-1.27961710804199E-33,1.));
#762=DIRECTION('center_axis',(1.,3.73645153276009E-17,-4.53162261244758E-13));
#763=DIRECTION('ref_axis',(4.53162261244758E-13,4.12180805090849E-33,1.));
#764=DIRECTION('center_axis',(-1.,-3.73645153276009E-17,4.53162261244758E-13));
#765=DIRECTION('ref_axis',(4.53162261244758E-13,2.57275086866712E-32,1.));
#766=DIRECTION('center_axis',(1.,3.73645153276009E-17,-4.53162261244758E-13));
#767=DIRECTION('ref_axis',(4.53162261244758E-13,2.57275086866712E-32,1.));
#768=DIRECTION('center_axis',(-1.,-3.73645153276009E-17,4.53162261244758E-13));
#769=DIRECTION('ref_axis',(4.53162261244758E-13,-1.27961710804199E-33,1.));
#770=DIRECTION('center_axis',(1.,3.73645153276009E-17,-4.53162261244758E-13));
#771=DIRECTION('ref_axis',(4.53162261244758E-13,2.57275086866712E-32,1.));
#772=DIRECTION('center_axis',(1.,3.73645153276009E-17,-4.53162261244758E-13));
#773=DIRECTION('ref_axis',(4.53162261244758E-13,-1.27961710804199E-33,1.));
#774=DIRECTION('center_axis',(1.,6.43778836632172E-14,-4.36431612827041E-13));
#775=DIRECTION('ref_axis',(2.78605985909451E-13,0.674883352761665,0.7379244271368));
#776=DIRECTION('center_axis',(1.,3.73645153276009E-17,-4.53162261244758E-13));
#777=DIRECTION('ref_axis',(4.53162261244758E-13,-6.6810422659471E-33,1.));
#778=DIRECTION('center_axis',(-1.,-1.03714301654032E-13,4.2120700291372E-13));
#779=DIRECTION('ref_axis',(-1.86211260690555E-13,0.979616356092478,-0.200877561903004));
#780=DIRECTION('center_axis',(-1.,-1.25971471707219E-14,4.63478042683365E-13));
#781=DIRECTION('ref_axis',(2.99085717408142E-13,0.746316017273381,0.66559176854976));
#782=DIRECTION('center_axis',(1.,3.73645153276009E-17,-4.53162261244758E-13));
#783=DIRECTION('ref_axis',(4.53162261244758E-13,-7.17424666962101E-34,1.));
#784=DIRECTION('center_axis',(-1.,-3.73645153276009E-17,4.53162261244758E-13));
#785=DIRECTION('ref_axis',(4.53162261244758E-13,-6.6847736059151E-33,1.));
#786=DIRECTION('center_axis',(-1.,-3.73645153276009E-17,4.53162261244758E-13));
#787=DIRECTION('ref_axis',(4.53162261244758E-13,1.67249301196928E-35,1.));
#788=DIRECTION('',(3.00412996472966E-13,0.748630360603916,0.662987619177049));
#789=DIRECTION('center_axis',(1.,3.73645153276009E-17,-4.53162261244758E-13));
#790=DIRECTION('ref_axis',(4.53162261244758E-13,4.12180805090849E-33,1.));
#791=DIRECTION('center_axis',(-1.,-3.73645153276009E-17,4.53162261244758E-13));
#792=DIRECTION('ref_axis',(4.53162261244758E-13,4.12180805090849E-33,1.));
#793=DIRECTION('center_axis',(-1.,-3.73645153276009E-17,4.53162261244758E-13));
#794=DIRECTION('ref_axis',(4.53162261244758E-13,-1.27961710804199E-33,1.));
#795=DIRECTION('center_axis',(1.,3.73645153276009E-17,-4.53162261244758E-13));
#796=DIRECTION('ref_axis',(4.53162261244758E-13,4.12180805090849E-33,1.));
#797=DIRECTION('center_axis',(-1.,0.,0.));
#798=DIRECTION('ref_axis',(0.,0.,-1.));
#799=DIRECTION('center_axis',(1.,0.,0.));
#800=DIRECTION('ref_axis',(0.,1.,0.));
#801=DIRECTION('center_axis',(-1.,0.,0.));
#802=DIRECTION('ref_axis',(0.,0.,-1.));
#803=DIRECTION('center_axis',(1.,0.,0.));
#804=DIRECTION('ref_axis',(0.,0.,-1.));
#805=DIRECTION('center_axis',(-1.,0.,0.));
#806=DIRECTION('ref_axis',(0.,0.,-1.));
#807=DIRECTION('center_axis',(-1.,0.,0.));
#808=DIRECTION('ref_axis',(0.,0.,-1.));
#809=DIRECTION('center_axis',(-1.,0.,0.));
#810=DIRECTION('ref_axis',(0.,0.,-1.));
#811=DIRECTION('center_axis',(-1.,0.,0.));
#812=DIRECTION('ref_axis',(0.,0.,-1.));
#813=DIRECTION('center_axis',(1.,0.,0.));
#814=DIRECTION('ref_axis',(0.,0.,-1.));
#815=DIRECTION('',(-1.,0.,0.));
#816=DIRECTION('center_axis',(-1.,0.,0.));
#817=DIRECTION('ref_axis',(0.,0.,-1.));
#818=DIRECTION('',(-1.,0.,0.));
#819=DIRECTION('center_axis',(1.,0.,0.));
#820=DIRECTION('ref_axis',(0.,0.,-1.));
#821=DIRECTION('center_axis',(1.,0.,0.));
#822=DIRECTION('ref_axis',(0.,1.,0.));
#823=DIRECTION('center_axis',(-1.,0.,0.));
#824=DIRECTION('ref_axis',(0.,0.,-1.));
#825=DIRECTION('center_axis',(-1.,0.,0.));
#826=DIRECTION('ref_axis',(0.,0.,-1.));
#827=DIRECTION('center_axis',(-1.,0.,0.));
#828=DIRECTION('ref_axis',(0.,0.,-1.));
#829=DIRECTION('center_axis',(1.,0.,0.));
#830=DIRECTION('ref_axis',(0.,0.,-1.));
#831=DIRECTION('center_axis',(-1.,0.,0.));
#832=DIRECTION('ref_axis',(0.,0.,-1.));
#833=DIRECTION('center_axis',(1.,0.,0.));
#834=DIRECTION('ref_axis',(0.,0.,-1.));
#835=DIRECTION('center_axis',(1.,0.,0.));
#836=DIRECTION('ref_axis',(0.,0.,-1.));
#837=DIRECTION('center_axis',(1.,2.54336236371907E-15,6.26644072170488E-16));
#838=DIRECTION('ref_axis',(-2.17897385529456E-15,0.674926478933806,0.737884982930277));
#839=DIRECTION('center_axis',(-1.,0.,0.));
#840=DIRECTION('ref_axis',(0.,0.979616356092478,-0.200877561903004));
#841=DIRECTION('center_axis',(-1.,0.,0.));
#842=DIRECTION('ref_axis',(0.,0.,-1.));
#843=DIRECTION('center_axis',(1.,0.,0.));
#844=DIRECTION('ref_axis',(0.,0.,-1.));
#845=DIRECTION('center_axis',(-1.,0.,0.));
#846=DIRECTION('ref_axis',(0.,0.,-1.));
#847=DIRECTION('center_axis',(1.,0.,0.));
#848=DIRECTION('ref_axis',(0.,0.,-1.));
#849=DIRECTION('center_axis',(1.,0.,0.));
#850=DIRECTION('ref_axis',(0.,0.,-1.));
#851=DIRECTION('center_axis',(-1.,0.,0.));
#852=DIRECTION('ref_axis',(0.,0.74631132845824,0.665597025996133));
#853=DIRECTION('center_axis',(-1.,0.,0.));
#854=DIRECTION('ref_axis',(0.,0.,-1.));
#855=DIRECTION('center_axis',(1.,0.,0.));
#856=DIRECTION('ref_axis',(0.,0.,-1.));
#857=DIRECTION('center_axis',(-1.,0.,0.));
#858=DIRECTION('ref_axis',(0.,0.,1.));
#859=DIRECTION('',(-1.,0.,0.));
#860=DIRECTION('',(-1.,0.,0.));
#861=DIRECTION('',(-1.,0.,0.));
#862=DIRECTION('',(1.,0.,0.));
#863=DIRECTION('',(-1.,0.,0.));
#864=DIRECTION('',(-1.,0.,0.));
#865=DIRECTION('center_axis',(-1.,0.,0.));
#866=DIRECTION('ref_axis',(0.,0.,1.));
#867=DIRECTION('',(-1.,0.,0.));
#868=DIRECTION('center_axis',(-1.,0.,0.));
#869=DIRECTION('ref_axis',(0.,0.,1.));
#870=DIRECTION('center_axis',(1.,0.,0.));
#871=DIRECTION('ref_axis',(0.,0.,-1.));
#872=DIRECTION('',(-1.,0.,0.));
#873=DIRECTION('',(-1.,0.,0.));
#874=DIRECTION('center_axis',(-1.,0.,0.));
#875=DIRECTION('ref_axis',(0.,0.,1.));
#876=DIRECTION('',(-1.,0.,0.));
#877=DIRECTION('center_axis',(-1.,0.,0.));
#878=DIRECTION('ref_axis',(0.,0.,1.));
#879=DIRECTION('',(1.,0.,0.));
#880=DIRECTION('',(1.,0.,0.));
#881=DIRECTION('center_axis',(-1.,0.,0.));
#882=DIRECTION('ref_axis',(0.,0.819152044288997,-0.573576436351039));
#883=DIRECTION('',(1.,0.,0.));
#884=DIRECTION('center_axis',(-1.,0.,0.));
#885=DIRECTION('ref_axis',(0.,0.,1.));
#886=DIRECTION('',(1.,0.,0.));
#887=DIRECTION('center_axis',(-1.,0.,0.));
#888=DIRECTION('ref_axis',(0.,0.,1.));
#889=DIRECTION('center_axis',(-1.,0.,0.));
#890=DIRECTION('ref_axis',(0.,0.,1.));
#891=DIRECTION('',(-1.,0.,0.));
#892=DIRECTION('',(-1.,0.,0.));
#893=DIRECTION('',(-1.,0.,0.));
#894=DIRECTION('center_axis',(-1.,0.,0.));
#895=DIRECTION('ref_axis',(0.,0.63275794911612,-0.774349648305183));
#896=DIRECTION('',(-1.,0.,0.));
#897=DIRECTION('center_axis',(-1.,0.,0.));
#898=DIRECTION('ref_axis',(0.,0.,1.));
#899=DIRECTION('',(-1.,0.,0.));
#900=DIRECTION('',(1.,0.,0.));
#901=DIRECTION('',(1.,0.,0.));
#902=DIRECTION('center_axis',(-1.,0.,0.));
#903=DIRECTION('ref_axis',(0.,-0.200877071666102,-0.979616456619044));
#904=DIRECTION('',(1.,0.,0.));
#905=DIRECTION('center_axis',(-1.,0.,0.));
#906=DIRECTION('ref_axis',(0.,0.970997447325054,0.239089851913939));
#907=DIRECTION('',(1.,0.,0.));
#908=DIRECTION('center_axis',(-1.,0.,0.));
#909=DIRECTION('ref_axis',(0.,0.,1.));
#910=DIRECTION('center_axis',(-1.,0.,0.));
#911=DIRECTION('ref_axis',(0.,0.602467016780533,-0.798143780087));
#912=DIRECTION('',(-1.,-4.47953813992128E-13,2.93097333455086E-12));
#913=DIRECTION('',(1.,4.47953813992128E-13,-2.93097333455086E-12));
#914=DIRECTION('center_axis',(-1.,0.,0.));
#915=DIRECTION('ref_axis',(0.,0.,1.));
#916=DIRECTION('center_axis',(1.,4.47953813992128E-13,-2.93097333455086E-12));
#917=DIRECTION('ref_axis',(2.15305598507484E-12,-0.789346470633615,0.613948002112765));
#918=DIRECTION('center_axis',(0.,-0.662987619177049,0.748630360603916));
#919=DIRECTION('ref_axis',(0.,-0.748630360603916,-0.662987619177049));
#920=DIRECTION('',(1.,0.,0.));
#921=DIRECTION('',(-1.,0.,0.));
#922=DIRECTION('center_axis',(-1.,0.,0.));
#923=DIRECTION('ref_axis',(0.,0.,1.));
#924=DIRECTION('center_axis',(-1.,0.,0.));
#925=DIRECTION('ref_axis',(0.,0.,1.));
#926=CARTESIAN_POINT('',(0.,0.,0.));
#927=CARTESIAN_POINT('Ctrl Pts',(-10.4515636505363,30.720633770685,-37.0995561929424));
#928=CARTESIAN_POINT('Ctrl Pts',(-11.4715636505466,30.720633770685,-37.0995561929424));
#929=CARTESIAN_POINT('Ctrl Pts',(-10.4515636505363,30.3706391003326,-37.1072411319389));
#930=CARTESIAN_POINT('Ctrl Pts',(-11.4715636505466,30.3706391003326,-37.1072411319389));
#931=CARTESIAN_POINT('Ctrl Pts',(-10.4515636505363,30.0222868054564,-37.191486744937));
#932=CARTESIAN_POINT('Ctrl Pts',(-11.4715636505466,30.0222868054564,-37.191486744937));
#933=CARTESIAN_POINT('Ctrl Pts',(-10.4515636505363,29.6980587247195,-37.351949346453));
#934=CARTESIAN_POINT('Ctrl Pts',(-11.4715636505466,29.6980587247195,-37.351949346453));
#935=CARTESIAN_POINT('Ctrl Pts',(-10.4515636505363,29.4197970613477,-37.577818901265));
#936=CARTESIAN_POINT('Ctrl Pts',(-11.4715636505466,29.4197970613477,-37.577818901265));
#937=CARTESIAN_POINT('Ctrl Pts',(-10.4515636505363,29.2014104683615,-37.8514292542031));
#938=CARTESIAN_POINT('Ctrl Pts',(-11.4715636505466,29.2014104683615,-37.8514292542031));
#939=CARTESIAN_POINT('Ctrl Pts',(-10.4515636505363,28.9125054791325,-38.2133901007349));
#940=CARTESIAN_POINT('Ctrl Pts',(-11.4715636505466,28.9125054791325,-38.2133901007349));
#941=CARTESIAN_POINT('Ctrl Pts',(-10.4515636505363,28.5759780599129,-38.5373442095887));
#942=CARTESIAN_POINT('Ctrl Pts',(-11.4715636505466,28.5759780599129,-38.5373442095887));
#943=CARTESIAN_POINT('Ctrl Pts',(-10.4515636505363,28.198488848356,-38.8149185099216));
#944=CARTESIAN_POINT('Ctrl Pts',(-11.4715636505466,28.198488848356,-38.8149185099216));
#945=CARTESIAN_POINT('Ctrl Pts',(-10.4515636505363,27.7889401439001,-39.0395668166025));
#946=CARTESIAN_POINT('Ctrl Pts',(-11.4715636505466,27.7889401439001,-39.0395668166025));
#947=CARTESIAN_POINT('Ctrl Pts',(-10.4515636505363,27.3573100002607,-39.2074273710673));
#948=CARTESIAN_POINT('Ctrl Pts',(-11.4715636505466,27.3573100002607,-39.2074273710673));
#949=CARTESIAN_POINT('Ctrl Pts',(-10.4515636505363,27.1377409902108,-39.2928175513256));
#950=CARTESIAN_POINT('Ctrl Pts',(-11.4715636505466,27.1377409902108,-39.2928175513256));
#951=CARTESIAN_POINT('Ctrl Pts',(-10.4515636505363,26.9431839270039,-39.4428727741342));
#952=CARTESIAN_POINT('Ctrl Pts',(-11.4715636505466,26.9431839270039,-39.4428727741342));
#953=CARTESIAN_POINT('Ctrl Pts',(-10.4515636505363,26.7996096976888,-39.6479180235489));
#954=CARTESIAN_POINT('Ctrl Pts',(-11.4715636505466,26.7996096976888,-39.6479180235489));
#955=CARTESIAN_POINT('Ctrl Pts',(-10.4515636505363,26.7251463467486,-39.882063768979));
#956=CARTESIAN_POINT('Ctrl Pts',(-11.4715636505466,26.7251463467486,-39.882063768979));
#957=CARTESIAN_POINT('Ctrl Pts',(-10.4515636505363,26.7200028487595,-40.1175963091662));
#958=CARTESIAN_POINT('Ctrl Pts',(-11.4715636505466,26.7200028487595,-40.1175963091662));
#959=CARTESIAN_POINT('Ctrl Pts',(-10.4515636505363,26.6857180177195,-41.6875771591244));
#960=CARTESIAN_POINT('Ctrl Pts',(-11.4715636505466,26.6857180177195,-41.6875771591244));
#961=CARTESIAN_POINT('Ctrl Pts',(-10.4515636505363,25.9520286355809,-43.24937718267));
#962=CARTESIAN_POINT('Ctrl Pts',(-11.4715636505466,25.9520286355809,-43.24937718267));
#963=CARTESIAN_POINT('Ctrl Pts',(-10.4515636505363,24.5122906049705,-44.3575963709059));
#964=CARTESIAN_POINT('Ctrl Pts',(-11.4715636505466,24.5122906049705,-44.3575963709059));
#965=CARTESIAN_POINT('Ctrl Pts',(-10.4515636505363,22.8147446231473,-44.6672060935307));
#966=CARTESIAN_POINT('Ctrl Pts',(-11.4715636505466,22.8147446231473,-44.6672060935307));
#967=CARTESIAN_POINT('Ctrl Pts',(-10.4515636505363,21.2882624854323,-44.2986040487993));
#968=CARTESIAN_POINT('Ctrl Pts',(-11.4715636505466,21.2882624854323,-44.2986040487993));
#969=CARTESIAN_POINT('Ctrl Pts',(-10.4515636505363,19.8272137867831,-43.9458023196023));
#970=CARTESIAN_POINT('Ctrl Pts',(-11.4715636505466,19.8272137867831,-43.9458023196023));
#971=CARTESIAN_POINT('Ctrl Pts',(-10.4515636505362,18.4141687831952,-43.3941532378426));
#972=CARTESIAN_POINT('Ctrl Pts',(-11.4715636505465,18.4141687831952,-43.3941532378426));
#973=CARTESIAN_POINT('Ctrl Pts',(-10.4515636505363,17.0852686658178,-42.6523150741517));
#974=CARTESIAN_POINT('Ctrl Pts',(-11.4715636505466,17.0852686658178,-42.6523150741517));
#975=CARTESIAN_POINT('Ctrl Pts',(-10.4515636505363,15.8740980230434,-41.7390361488413));
#976=CARTESIAN_POINT('Ctrl Pts',(-11.4715636505466,15.8740980230434,-41.7390361488413));
#977=CARTESIAN_POINT('Ctrl Pts',(-10.4515636505363,14.8069944183151,-40.6805361441415));
#978=CARTESIAN_POINT('Ctrl Pts',(-11.4715636505466,14.8069944183151,-40.6805361441415));
#979=CARTESIAN_POINT('Ctrl Pts',(-10.4515636505363,14.7736110663727,-40.6474219478897));
#980=CARTESIAN_POINT('Ctrl Pts',(-11.4715636505466,14.7736110663727,-40.6474219478897));
#981=CARTESIAN_POINT('Ctrl Pts',(-10.4515636505363,14.7411754912911,-40.6132947544533));
#982=CARTESIAN_POINT('Ctrl Pts',(-11.4715636505466,14.7411754912911,-40.6132947544533));
#983=CARTESIAN_POINT('Ctrl Pts',(-10.4515636505363,14.7097419427557,-40.5782151061502));
#984=CARTESIAN_POINT('Ctrl Pts',(-11.4715636505466,14.7097419427557,-40.5782151061502));
#985=CARTESIAN_POINT('Ctrl Pts',(-10.4515636505363,14.6793646704521,-40.5422435452983));
#986=CARTESIAN_POINT('Ctrl Pts',(-11.4715636505466,14.6793646704521,-40.5422435452983));
#987=CARTESIAN_POINT('Ctrl Pts',(-10.4515636505363,14.6500979240659,-40.5054406142157));
#988=CARTESIAN_POINT('Ctrl Pts',(-11.4715636505466,14.6500979240659,-40.5054406142157));
#989=CARTESIAN_POINT('Ctrl Pts',(-10.4515636505363,13.4078764401602,-38.9433472042295));
#990=CARTESIAN_POINT('Ctrl Pts',(-11.4715636505466,13.4078764401602,-38.9433472042295));
#991=CARTESIAN_POINT('Ctrl Pts',(-10.4515636505362,12.0220634235323,-37.4816010341329));
#992=CARTESIAN_POINT('Ctrl Pts',(-11.4715636505465,12.0220634235323,-37.4816010341329));
#993=CARTESIAN_POINT('Ctrl Pts',(-10.4515636505364,11.2905851341024,-35.4823779445151));
#994=CARTESIAN_POINT('Ctrl Pts',(-11.4715636505467,11.2905851341024,-35.4823779445151));
#995=CARTESIAN_POINT('Ctrl Pts',(-10.4515636505363,10.8427311519506,-33.5280500869856));
#996=CARTESIAN_POINT('Ctrl Pts',(-11.4715636505466,10.8427311519506,-33.5280500869856));
#997=CARTESIAN_POINT('Ctrl Pts',(-10.4515636505363,10.8474070982062,-31.5218729733747));
#998=CARTESIAN_POINT('Ctrl Pts',(-11.4715636505466,10.8474070982062,-31.5218729733747));
#999=CARTESIAN_POINT('Ctrl Pts',(-10.4515636505363,10.8502939833273,-30.2832781429035));
#1000=CARTESIAN_POINT('Ctrl Pts',(-11.4715636505466,10.8502939833273,-30.2832781429035));
#1001=CARTESIAN_POINT('Ctrl Pts',(-10.4515636505363,11.3380396001746,-29.0428967823386));
#1002=CARTESIAN_POINT('Ctrl Pts',(-11.4715636505466,11.3380396001746,-29.0428967823386));
#1003=CARTESIAN_POINT('Ctrl Pts',(-10.4515636505363,12.3174429172342,-28.0658471505616));
#1004=CARTESIAN_POINT('Ctrl Pts',(-11.4715636505466,12.3174429172342,-28.0658471505616));
#1005=CARTESIAN_POINT('Ctrl Pts',(-10.4515636505363,13.5589632810304,-27.5810490530291));
#1006=CARTESIAN_POINT('Ctrl Pts',(-11.4715636505466,13.5589632810304,-27.5810490530291));
#1007=CARTESIAN_POINT('Ctrl Pts',(-10.4515636505363,14.7975631834091,-27.5810870086898));
#1008=CARTESIAN_POINT('Ctrl Pts',(-11.4715636505466,14.7975631834091,-27.5810870086898));
#1009=CARTESIAN_POINT('',(-11.4615636505465,26.4115207976184,-41.6430268848279));
#1010=CARTESIAN_POINT('',(-11.4615636505398,17.3487207989218,-42.6702059060592));
#1011=CARTESIAN_POINT('Ctrl Pts',(-11.4615636505465,26.4115207976184,-41.6430268848279));
#1012=CARTESIAN_POINT('Ctrl Pts',(-11.4615636505465,26.3623479586406,-41.7670731671301));
#1013=CARTESIAN_POINT('Ctrl Pts',(-11.4615636505465,26.3075242397137,-41.8888742634421));
#1014=CARTESIAN_POINT('Ctrl Pts',(-11.4615636505465,26.2472791335217,-42.0079256057833));
#1015=CARTESIAN_POINT('Ctrl Pts',(-11.4615636505465,26.1866324418389,-42.1277705277989));
#1016=CARTESIAN_POINT('Ctrl Pts',(-11.4615636505465,26.1204920163064,-42.2448287147881));
#1017=CARTESIAN_POINT('Ctrl Pts',(-11.4615636505465,26.0491382949631,-42.3586118492712));
#1018=CARTESIAN_POINT('Ctrl Pts',(-11.4615636505465,25.9773881788395,-42.4730270887063));
#1019=CARTESIAN_POINT('Ctrl Pts',(-11.4615636505465,25.9003668706503,-42.5841305832815));
#1020=CARTESIAN_POINT('Ctrl Pts',(-11.4615636505465,25.8184034718443,-42.6914554836021));
#1021=CARTESIAN_POINT('Ctrl Pts',(-11.4615636505465,25.7360923418977,-42.7992357116732));
#1022=CARTESIAN_POINT('Ctrl Pts',(-11.4615636505465,25.6487973033475,-42.9032050128521));
#1023=CARTESIAN_POINT('Ctrl Pts',(-11.4615636505465,25.5568929018652,-43.0029234469925));
#1024=CARTESIAN_POINT('Ctrl Pts',(-11.4615636505465,25.4647350755559,-43.1029168530223));
#1025=CARTESIAN_POINT('Ctrl Pts',(-11.4615636505465,25.3679426508739,-43.1986357169259));
#1026=CARTESIAN_POINT('Ctrl Pts',(-11.4615636505465,25.2669314436617,-43.2896724560772));
#1027=CARTESIAN_POINT('Ctrl Pts',(-11.4615636505465,25.1658039510391,-43.3808139979021));
#1028=CARTESIAN_POINT('Ctrl Pts',(-11.4615636505465,25.0604481897196,-43.4672624366835));
#1029=CARTESIAN_POINT('Ctrl Pts',(-11.4615636505465,24.9513161921022,-43.5486477468143));
#1030=CARTESIAN_POINT('Ctrl Pts',(-11.4615636505465,24.8422397076408,-43.6299916579466));
#1031=CARTESIAN_POINT('Ctrl Pts',(-11.4615636505465,24.7293910698413,-43.7062774093057));
#1032=CARTESIAN_POINT('Ctrl Pts',(-11.4615636505465,24.6132527676784,-43.7771772230625));
#1033=CARTESIAN_POINT('Ctrl Pts',(-11.4615636505465,24.497363766328,-43.8479248442968));
#1034=CARTESIAN_POINT('Ctrl Pts',(-11.4615636505465,24.3781994558875,-43.9133094588341));
#1035=CARTESIAN_POINT('Ctrl Pts',(-11.4615636505465,24.2562665684327,-43.9730494969652));
#1036=CARTESIAN_POINT('Ctrl Pts',(-11.4615636505465,24.1350726472468,-44.0324274845126));
#1037=CARTESIAN_POINT('Ctrl Pts',(-11.4615636505465,24.0111438603525,-44.0862289736302));
#1038=CARTESIAN_POINT('Ctrl Pts',(-11.4615636505465,23.8850010490614,-44.1342232833189));
#1039=CARTESIAN_POINT('Ctrl Pts',(-11.4615636505465,23.7595250610625,-44.1819638827624));
#1040=CARTESIAN_POINT('Ctrl Pts',(-11.4615636505465,23.6318586372344,-44.2239584054386));
#1041=CARTESIAN_POINT('Ctrl Pts',(-11.4615636505465,23.5025337894165,-44.2600272352837));
#1042=CARTESIAN_POINT('Ctrl Pts',(-11.4615636505465,23.3740170525948,-44.2958706821609));
#1043=CARTESIAN_POINT('Ctrl Pts',(-11.4615636505465,23.2438627881955,-44.3258621431796));
#1044=CARTESIAN_POINT('Ctrl Pts',(-11.4615636505465,23.1126087316727,-44.3498741482785));
#1045=CARTESIAN_POINT('Ctrl Pts',(-11.4615636505465,22.982278320178,-44.3737171790256));
#1046=CARTESIAN_POINT('Ctrl Pts',(-11.4615636505465,22.8508637664423,-44.3916645096931));
#1047=CARTESIAN_POINT('Ctrl Pts',(-11.4615636505465,22.718903566981,-44.4036412432401));
#1048=CARTESIAN_POINT('Ctrl Pts',(-11.4615636505465,22.5885022868257,-44.4154764889656));
#1049=CARTESIAN_POINT('Ctrl Pts',(-11.4615636505465,22.4575683944946,-44.4214813174229));
#1050=CARTESIAN_POINT('Ctrl Pts',(-11.4615636505465,22.3266300225028,-44.4216334688356));
#1051=CARTESIAN_POINT('Ctrl Pts',(-11.4615636505465,22.196621302576,-44.4217845399854));
#1052=CARTESIAN_POINT('Ctrl Pts',(-11.4615636505465,22.066608365076,-44.4161656585492));
#1053=CARTESIAN_POINT('Ctrl Pts',(-11.4615636505465,21.9371135216674,-44.4048057520909));
#1054=CARTESIAN_POINT('Ctrl Pts',(-11.4615636505465,21.8091050478743,-44.393576237078));
#1055=CARTESIAN_POINT('Ctrl Pts',(-11.4615636505465,21.6816030302025,-44.376736691434));
#1056=CARTESIAN_POINT('Ctrl Pts',(-11.4615636505465,21.5551143812359,-44.3543657007497));
#1057=CARTESIAN_POINT('Ctrl Pts',(-11.4615636505465,21.4655962517253,-44.3385333769979));
#1058=CARTESIAN_POINT('Ctrl Pts',(-11.4615636505465,21.3765857349499,-44.3199316028958));
#1059=CARTESIAN_POINT('Ctrl Pts',(-11.4615636505465,21.2882624854323,-44.2986040487993));
#1060=CARTESIAN_POINT('Ctrl Pts',(-11.4615636505465,20.981262746062,-44.2244723384648));
#1061=CARTESIAN_POINT('Ctrl Pts',(-11.4615636505465,20.6768075117849,-44.1398011162122));
#1062=CARTESIAN_POINT('Ctrl Pts',(-11.4615636505465,20.3756141048854,-44.0447891252403));
#1063=CARTESIAN_POINT('Ctrl Pts',(-11.4615636505465,20.0732289278648,-43.9494011882835));
#1064=CARTESIAN_POINT('Ctrl Pts',(-11.4615636505465,19.7741316548241,-43.8435905673635));
#1065=CARTESIAN_POINT('Ctrl Pts',(-11.4615636505465,19.4790320259687,-43.7276083730229));
#1066=CARTESIAN_POINT('Ctrl Pts',(-11.4615636505465,19.1835069638018,-43.6114589717996));
#1067=CARTESIAN_POINT('Ctrl Pts',(-11.4615636505465,18.8919912894397,-43.4851087504463));
#1068=CARTESIAN_POINT('Ctrl Pts',(-11.4615636505465,18.6051785122144,-43.348858549175));
#1069=CARTESIAN_POINT('Ctrl Pts',(-11.4615636505465,18.3180839749717,-43.2124744980122));
#1070=CARTESIAN_POINT('Ctrl Pts',(-11.4615636505465,18.0357017885101,-43.0661711131649));
#1071=CARTESIAN_POINT('Ctrl Pts',(-11.4615636505465,17.7587050430697,-42.9102972476247));
#1072=CARTESIAN_POINT('Ctrl Pts',(-11.4615636505465,17.6206798370449,-42.8326265790728));
#1073=CARTESIAN_POINT('Ctrl Pts',(-11.4615636505465,17.4839914387031,-42.7525803333176));
#1074=CARTESIAN_POINT('Ctrl Pts',(-11.4615636505465,17.3487207989218,-42.6702059060592));
#1075=CARTESIAN_POINT('',(-10.4615636505465,26.4115207976184,-41.6430268848279));
#1076=CARTESIAN_POINT('',(-11.4615636505465,26.4115207976184,-41.6430268848279));
#1077=CARTESIAN_POINT('',(-10.4615636505364,17.3487207989225,-42.6702059060596));
#1078=CARTESIAN_POINT('Ctrl Pts',(-10.4615636505465,26.4115207976184,-41.6430268848279));
#1079=CARTESIAN_POINT('Ctrl Pts',(-10.4615636505465,26.3623479586406,-41.7670731671301));
#1080=CARTESIAN_POINT('Ctrl Pts',(-10.4615636505465,26.3075242397137,-41.8888742634421));
#1081=CARTESIAN_POINT('Ctrl Pts',(-10.4615636505465,26.2472791335217,-42.0079256057833));
#1082=CARTESIAN_POINT('Ctrl Pts',(-10.4615636505465,26.1866324418389,-42.1277705277989));
#1083=CARTESIAN_POINT('Ctrl Pts',(-10.4615636505465,26.1204920163064,-42.2448287147881));
#1084=CARTESIAN_POINT('Ctrl Pts',(-10.4615636505465,26.0491382949631,-42.3586118492712));
#1085=CARTESIAN_POINT('Ctrl Pts',(-10.4615636505465,25.9773881788395,-42.4730270887063));
#1086=CARTESIAN_POINT('Ctrl Pts',(-10.4615636505465,25.9003668706503,-42.5841305832815));
#1087=CARTESIAN_POINT('Ctrl Pts',(-10.4615636505465,25.8184034718443,-42.6914554836022));
#1088=CARTESIAN_POINT('Ctrl Pts',(-10.4615636505465,25.7360923418977,-42.7992357116733));
#1089=CARTESIAN_POINT('Ctrl Pts',(-10.4615636505465,25.6487973033474,-42.9032050128522));
#1090=CARTESIAN_POINT('Ctrl Pts',(-10.4615636505465,25.5568929018651,-43.0029234469926));
#1091=CARTESIAN_POINT('Ctrl Pts',(-10.4615636505465,25.4647350755557,-43.1029168530224));
#1092=CARTESIAN_POINT('Ctrl Pts',(-10.4615636505465,25.3679426508738,-43.1986357169261));
#1093=CARTESIAN_POINT('Ctrl Pts',(-10.4615636505465,25.2669314436615,-43.2896724560774));
#1094=CARTESIAN_POINT('Ctrl Pts',(-10.4615636505465,25.165803951039,-43.3808139979022));
#1095=CARTESIAN_POINT('Ctrl Pts',(-10.4615636505465,25.0604481897196,-43.4672624366836));
#1096=CARTESIAN_POINT('Ctrl Pts',(-10.4615636505465,24.9513161921023,-43.5486477468143));
#1097=CARTESIAN_POINT('Ctrl Pts',(-10.4615636505465,24.8422397076409,-43.6299916579465));
#1098=CARTESIAN_POINT('Ctrl Pts',(-10.4615636505465,24.7293910698415,-43.7062774093056));
#1099=CARTESIAN_POINT('Ctrl Pts',(-10.4615636505465,24.6132527676787,-43.7771772230624));
#1100=CARTESIAN_POINT('Ctrl Pts',(-10.4615636505465,24.4973637663283,-43.8479248442966));
#1101=CARTESIAN_POINT('Ctrl Pts',(-10.4615636505465,24.3781994558878,-43.9133094588339));
#1102=CARTESIAN_POINT('Ctrl Pts',(-10.4615636505465,24.256266568433,-43.9730494969651));
#1103=CARTESIAN_POINT('Ctrl Pts',(-10.4615636505465,24.1350726472472,-44.0324274845125));
#1104=CARTESIAN_POINT('Ctrl Pts',(-10.4615636505465,24.0111438603528,-44.08622897363));
#1105=CARTESIAN_POINT('Ctrl Pts',(-10.4615636505465,23.8850010490618,-44.1342232833188));
#1106=CARTESIAN_POINT('Ctrl Pts',(-10.4615636505465,23.7595250610628,-44.1819638827623));
#1107=CARTESIAN_POINT('Ctrl Pts',(-10.4615636505465,23.6318586372347,-44.2239584054385));
#1108=CARTESIAN_POINT('Ctrl Pts',(-10.4615636505465,23.5025337894167,-44.2600272352836));
#1109=CARTESIAN_POINT('Ctrl Pts',(-10.4615636505465,23.374017052595,-44.2958706821608));
#1110=CARTESIAN_POINT('Ctrl Pts',(-10.4615636505465,23.2438627881958,-44.3258621431796));
#1111=CARTESIAN_POINT('Ctrl Pts',(-10.4615636505465,23.112608731673,-44.3498741482785));
#1112=CARTESIAN_POINT('Ctrl Pts',(-10.4615636505465,22.9822783201784,-44.3737171790255));
#1113=CARTESIAN_POINT('Ctrl Pts',(-10.4615636505465,22.8508637664428,-44.3916645096931));
#1114=CARTESIAN_POINT('Ctrl Pts',(-10.4615636505465,22.7189035669815,-44.4036412432401));
#1115=CARTESIAN_POINT('Ctrl Pts',(-10.4615636505465,22.5885022868263,-44.4154764889656));
#1116=CARTESIAN_POINT('Ctrl Pts',(-10.4615636505465,22.4575683944952,-44.4214813174228));
#1117=CARTESIAN_POINT('Ctrl Pts',(-10.4615636505465,22.3266300225035,-44.4216334688356));
#1118=CARTESIAN_POINT('Ctrl Pts',(-10.4615636505465,22.1966213025767,-44.4217845399854));
#1119=CARTESIAN_POINT('Ctrl Pts',(-10.4615636505465,22.0666083650767,-44.4161656585492));
#1120=CARTESIAN_POINT('Ctrl Pts',(-10.4615636505465,21.9371135216681,-44.404805752091));
#1121=CARTESIAN_POINT('Ctrl Pts',(-10.4615636505465,21.8091050478749,-44.3935762370781));
#1122=CARTESIAN_POINT('Ctrl Pts',(-10.4615636505465,21.6816030302031,-44.3767366914341));
#1123=CARTESIAN_POINT('Ctrl Pts',(-10.4615636505465,21.5551143812365,-44.3543657007498));
#1124=CARTESIAN_POINT('Ctrl Pts',(-10.4615636505465,21.4655962517257,-44.338533376998));
#1125=CARTESIAN_POINT('Ctrl Pts',(-10.4615636505465,21.3765857349501,-44.3199316028959));
#1126=CARTESIAN_POINT('Ctrl Pts',(-10.4615636505465,21.2882624854323,-44.2986040487993));
#1127=CARTESIAN_POINT('Ctrl Pts',(-10.4615636505465,20.981262746062,-44.2244723384648));
#1128=CARTESIAN_POINT('Ctrl Pts',(-10.4615636505465,20.6768075117849,-44.1398011162122));
#1129=CARTESIAN_POINT('Ctrl Pts',(-10.4615636505465,20.3756141048854,-44.0447891252403));
#1130=CARTESIAN_POINT('Ctrl Pts',(-10.4615636505465,20.0732289278648,-43.9494011882836));
#1131=CARTESIAN_POINT('Ctrl Pts',(-10.4615636505465,19.7741316548241,-43.8435905673635));
#1132=CARTESIAN_POINT('Ctrl Pts',(-10.4615636505465,19.4790320259688,-43.7276083730229));
#1133=CARTESIAN_POINT('Ctrl Pts',(-10.4615636505465,19.1835069638021,-43.6114589717997));
#1134=CARTESIAN_POINT('Ctrl Pts',(-10.4615636505465,18.8919912894402,-43.4851087504465));
#1135=CARTESIAN_POINT('Ctrl Pts',(-10.4615636505465,18.605178512215,-43.3488585491753));
#1136=CARTESIAN_POINT('Ctrl Pts',(-10.4615636505465,18.3180839749724,-43.2124744980126));
#1137=CARTESIAN_POINT('Ctrl Pts',(-10.4615636505465,18.0357017885111,-43.0661711131654));
#1138=CARTESIAN_POINT('Ctrl Pts',(-10.4615636505465,17.7587050430708,-42.9102972476253));
#1139=CARTESIAN_POINT('Ctrl Pts',(-10.4615636505465,17.6206798370458,-42.8326265790734));
#1140=CARTESIAN_POINT('Ctrl Pts',(-10.4615636505465,17.4839914387039,-42.7525803333181));
#1141=CARTESIAN_POINT('Ctrl Pts',(-10.4615636505465,17.3487207989225,-42.6702059060596));
#1142=CARTESIAN_POINT('',(-10.4615636505364,17.3487207989225,-42.6702059060596));
#1143=CARTESIAN_POINT('Ctrl Pts',(-10.4515636505372,11.0256684542785,-27.580916916654));
#1144=CARTESIAN_POINT('Ctrl Pts',(-11.4715636505443,11.0256684542785,-27.580916916654));
#1145=CARTESIAN_POINT('Ctrl Pts',(-10.4515636505372,11.7800473997828,-27.5809614408957));
#1146=CARTESIAN_POINT('Ctrl Pts',(-11.4715636505443,11.7800473997828,-27.5809614408957));
#1147=CARTESIAN_POINT('Ctrl Pts',(-10.4515636505372,12.534426345442,-27.5810009099107));
#1148=CARTESIAN_POINT('Ctrl Pts',(-11.4715636505443,12.534426345442,-27.5810009099107));
#1149=CARTESIAN_POINT('Ctrl Pts',(-10.4515636505372,13.288805291262,-27.5810351260083));
#1150=CARTESIAN_POINT('Ctrl Pts',(-11.4715636505443,13.288805291262,-27.5810351260083));
#1151=CARTESIAN_POINT('Ctrl Pts',(-10.4515636505372,15.5451657509776,-27.5811211640854));
#1152=CARTESIAN_POINT('Ctrl Pts',(-11.4715636505443,15.5451657509776,-27.5811211640854));
#1153=CARTESIAN_POINT('Ctrl Pts',(-10.4515636505372,17.8015262122408,-27.5811566714457));
#1154=CARTESIAN_POINT('Ctrl Pts',(-11.4715636505443,17.8015262122408,-27.5811566714457));
#1155=CARTESIAN_POINT('Ctrl Pts',(-10.4515636505372,19.3035077270178,-27.5811651973397));
#1156=CARTESIAN_POINT('Ctrl Pts',(-11.4715636505443,19.3035077270178,-27.5811651973397));
#1157=CARTESIAN_POINT('Ctrl Pts',(-10.4515636505372,20.8054892417955,-27.5811658934966));
#1158=CARTESIAN_POINT('Ctrl Pts',(-11.4715636505443,20.8054892417955,-27.5811658934966));
#1159=CARTESIAN_POINT('Ctrl Pts',(-10.4515636505372,22.3074707565734,-27.5811660401443));
#1160=CARTESIAN_POINT('Ctrl Pts',(-11.4715636505443,22.3074707565734,-27.5811660401443));
#1161=CARTESIAN_POINT('Ctrl Pts',(-10.4515636505372,23.083252065442,-27.5811661158885));
#1162=CARTESIAN_POINT('Ctrl Pts',(-11.4715636505443,23.083252065442,-27.5811661158885));
#1163=CARTESIAN_POINT('Ctrl Pts',(-10.4515636505373,23.8597126537547,-27.3306069922054));
#1164=CARTESIAN_POINT('Ctrl Pts',(-11.4715636505444,23.8597126537547,-27.3306069922054));
#1165=CARTESIAN_POINT('Ctrl Pts',(-10.4515636505372,24.5262193888041,-26.8275042501344));
#1166=CARTESIAN_POINT('Ctrl Pts',(-11.4715636505443,24.5262193888041,-26.8275042501344));
#1167=CARTESIAN_POINT('Ctrl Pts',(-10.4515636505372,24.9799869693166,-26.1494438527218));
#1168=CARTESIAN_POINT('Ctrl Pts',(-11.4715636505443,24.9799869693166,-26.1494438527218));
#1169=CARTESIAN_POINT('Ctrl Pts',(-10.4515636505372,25.1926029426592,-25.4033667206085));
#1170=CARTESIAN_POINT('Ctrl Pts',(-11.4715636505443,25.1926029426592,-25.4033667206085));
#1171=CARTESIAN_POINT('Ctrl Pts',(-10.4515636505372,25.6634219599209,-23.751245778702));
#1172=CARTESIAN_POINT('Ctrl Pts',(-11.4715636505443,25.6634219599209,-23.751245778702));
#1173=CARTESIAN_POINT('Ctrl Pts',(-10.4515636505372,27.0258406281047,-22.3265798202644));
#1174=CARTESIAN_POINT('Ctrl Pts',(-11.4715636505443,27.0258406281047,-22.3265798202644));
#1175=CARTESIAN_POINT('Ctrl Pts',(-10.4515636505372,29.1425682885877,-21.9016168860408));
#1176=CARTESIAN_POINT('Ctrl Pts',(-11.4715636505443,29.1425682885877,-21.9016168860408));
#1177=CARTESIAN_POINT('Ctrl Pts',(-10.4515636505372,30.9592727240965,-22.6483289660706));
#1178=CARTESIAN_POINT('Ctrl Pts',(-11.4715636505443,30.9592727240965,-22.6483289660706));
#1179=CARTESIAN_POINT('Ctrl Pts',(-10.4515636505372,32.0484211384187,-23.9802444276799));
#1180=CARTESIAN_POINT('Ctrl Pts',(-11.4715636505443,32.0484211384187,-23.9802444276799));
#1181=CARTESIAN_POINT('Ctrl Pts',(-10.4515636505372,33.3916728155384,-25.6229018048215));
#1182=CARTESIAN_POINT('Ctrl Pts',(-11.4715636505443,33.3916728155384,-25.6229018048215));
#1183=CARTESIAN_POINT('Ctrl Pts',(-10.4515636505372,34.3688195194713,-27.561093164099));
#1184=CARTESIAN_POINT('Ctrl Pts',(-11.4715636505443,34.3688195194713,-27.561093164099));
#1185=CARTESIAN_POINT('Ctrl Pts',(-10.4515636505372,34.8945308978321,-29.6950226403784));
#1186=CARTESIAN_POINT('Ctrl Pts',(-11.4715636505443,34.8945308978321,-29.6950226403784));
#1187=CARTESIAN_POINT('Ctrl Pts',(-10.4515636505372,34.9296618087032,-31.8652779427283));
#1188=CARTESIAN_POINT('Ctrl Pts',(-11.4715636505443,34.9296618087032,-31.8652779427283));
#1189=CARTESIAN_POINT('Ctrl Pts',(-10.4515636505372,34.5034113162733,-33.9439712279696));
#1190=CARTESIAN_POINT('Ctrl Pts',(-11.4715636505443,34.5034113162733,-33.9439712279696));
#1191=CARTESIAN_POINT('Ctrl Pts',(-10.4515636505372,34.289759083843,-34.9858878211864));
#1192=CARTESIAN_POINT('Ctrl Pts',(-11.4715636505443,34.289759083843,-34.9858878211864));
#1193=CARTESIAN_POINT('Ctrl Pts',(-10.4515636505372,33.7255075561878,-35.9570831760527));
#1194=CARTESIAN_POINT('Ctrl Pts',(-11.4715636505443,33.7255075561878,-35.9570831760527));
#1195=CARTESIAN_POINT('Ctrl Pts',(-10.4515636505372,32.8406101227735,-36.6952622719158));
#1196=CARTESIAN_POINT('Ctrl Pts',(-11.4715636505443,32.8406101227735,-36.6952622719158));
#1197=CARTESIAN_POINT('Ctrl Pts',(-10.4515636505372,31.7839739683268,-37.0762081101183));
#1198=CARTESIAN_POINT('Ctrl Pts',(-11.4715636505443,31.7839739683268,-37.0762081101183));
#1199=CARTESIAN_POINT('Ctrl Pts',(-10.4515636505372,30.641279284315,-37.1012986034375));
#1200=CARTESIAN_POINT('Ctrl Pts',(-11.4715636505443,30.641279284315,-37.1012986034375));
#1201=CARTESIAN_POINT('Ctrl Pts',(-10.4515636505372,30.561924797945,-37.1030410139326));
#1202=CARTESIAN_POINT('Ctrl Pts',(-11.4715636505443,30.561924797945,-37.1030410139326));
#1203=CARTESIAN_POINT('Ctrl Pts',(-10.4515636505372,30.482570311575,-37.1047834244277));
#1204=CARTESIAN_POINT('Ctrl Pts',(-11.4715636505443,30.482570311575,-37.1047834244277));
#1205=CARTESIAN_POINT('Ctrl Pts',(-10.4515636505372,30.4032158252049,-37.1065258349228));
#1206=CARTESIAN_POINT('Ctrl Pts',(-11.4715636505443,30.4032158252049,-37.1065258349228));
#1207=CARTESIAN_POINT('Ctrl Pts',(-10.4515636505372,30.3238613388349,-37.1082682454179));
#1208=CARTESIAN_POINT('Ctrl Pts',(-11.4715636505443,30.3238613388349,-37.1082682454179));
#1209=CARTESIAN_POINT('',(-10.4615636505389,15.9896734862506,-27.5811181889584));
#1210=CARTESIAN_POINT('',(-10.4615636505442,31.6641566647866,-36.9638205256938));
#1211=CARTESIAN_POINT('Ctrl Pts',(-10.46156365054,15.9896734862506,-27.5811181889577));
#1212=CARTESIAN_POINT('Ctrl Pts',(-10.46156365054,18.0956059092908,-27.5811643327242));
#1213=CARTESIAN_POINT('Ctrl Pts',(-10.46156365054,20.2015383330279,-27.5811658345292));
#1214=CARTESIAN_POINT('Ctrl Pts',(-10.46156365054,22.3074707565734,-27.5811660401443));
#1215=CARTESIAN_POINT('Ctrl Pts',(-10.46156365054,22.405975537995,-27.5811660497619));
#1216=CARTESIAN_POINT('Ctrl Pts',(-10.46156365054,22.5044929070883,-27.5763140684972));
#1217=CARTESIAN_POINT('Ctrl Pts',(-10.46156365054,22.6025368125211,-27.5666277406132));
#1218=CARTESIAN_POINT('Ctrl Pts',(-10.46156365054,22.7014291679395,-27.5568575894184));
#1219=CARTESIAN_POINT('Ctrl Pts',(-10.46156365054,22.7998395822782,-27.5421691607716));
#1220=CARTESIAN_POINT('Ctrl Pts',(-10.46156365054,22.8972782541606,-27.5226331510641));
#1221=CARTESIAN_POINT('Ctrl Pts',(-10.46156365054,22.9954621294295,-27.5029477314733));
#1222=CARTESIAN_POINT('Ctrl Pts',(-10.46156365054,23.0926590813364,-27.478340418571));
#1223=CARTESIAN_POINT('Ctrl Pts',(-10.46156365054,23.188380905326,-27.4489350245888));
#1224=CARTESIAN_POINT('Ctrl Pts',(-10.46156365054,23.2847114898538,-27.4193426215973));
#1225=CARTESIAN_POINT('Ctrl Pts',(-10.46156365054,23.3795478537081,-27.3848910528205));
#1226=CARTESIAN_POINT('Ctrl Pts',(-10.46156365054,23.472409464902,-27.3457564877252));
#1227=CARTESIAN_POINT('Ctrl Pts',(-10.46156365054,23.5657165554115,-27.3064341847793));
#1228=CARTESIAN_POINT('Ctrl Pts',(-10.46156365054,23.6570296250052,-27.2623840042275));
#1229=CARTESIAN_POINT('Ctrl Pts',(-10.46156365054,23.7458824677409,-27.2138327155344));
#1230=CARTESIAN_POINT('Ctrl Pts',(-10.46156365054,23.8350727288664,-27.1650970534756));
#1231=CARTESIAN_POINT('Ctrl Pts',(-10.46156365054,23.9217837616078,-27.1118262032524));
#1232=CARTESIAN_POINT('Ctrl Pts',(-10.46156365054,24.0055696057924,-27.0542953443117));
#1233=CARTESIAN_POINT('Ctrl Pts',(-10.46156365054,24.0893603120637,-26.9967611468592));
#1234=CARTESIAN_POINT('Ctrl Pts',(-10.46156365054,24.1702252239113,-26.9349666466858));
#1235=CARTESIAN_POINT('Ctrl Pts',(-10.46156365054,24.2477479210529,-26.8692299747324));
#1236=CARTESIAN_POINT('Ctrl Pts',(-10.46156365054,24.3251395608781,-26.8036044350298));
#1237=CARTESIAN_POINT('Ctrl Pts',(-10.46156365054,24.3992000218247,-26.7340502521582));
#1238=CARTESIAN_POINT('Ctrl Pts',(-10.46156365054,24.4695484013245,-26.6609236043063));
#1239=CARTESIAN_POINT('Ctrl Pts',(-10.46156365054,24.5396604179611,-26.5880426539956));
#1240=CARTESIAN_POINT('Ctrl Pts',(-10.46156365054,24.6060850155879,-26.5116134217394));
#1241=CARTESIAN_POINT('Ctrl Pts',(-10.46156365054,24.6684820178558,-26.4320247170436));
#1242=CARTESIAN_POINT('Ctrl Pts',(-10.46156365054,24.7303724319832,-26.3530821763049));
#1243=CARTESIAN_POINT('Ctrl Pts',(-10.46156365054,24.7883001855066,-26.271031491433));
#1244=CARTESIAN_POINT('Ctrl Pts',(-10.46156365054,24.8419728991527,-26.186284359625));
#1245=CARTESIAN_POINT('Ctrl Pts',(-10.46156365054,24.895335251483,-26.1020272762895));
#1246=CARTESIAN_POINT('Ctrl Pts',(-10.46156365054,24.9444914279194,-26.015105052253));
#1247=CARTESIAN_POINT('Ctrl Pts',(-10.46156365054,24.9891963814081,-25.9259510219694));
#1248=CARTESIAN_POINT('Ctrl Pts',(-10.46156365054,25.0334143069234,-25.837768260042));
#1249=CARTESIAN_POINT('Ctrl Pts',(-10.46156365054,25.0732773148924,-25.7474022763755));
#1250=CARTESIAN_POINT('Ctrl Pts',(-10.46156365054,25.1085923493282,-25.655297341084));
#1251=CARTESIAN_POINT('Ctrl Pts',(-10.46156365054,25.1402967232376,-25.5726093484476));
#1252=CARTESIAN_POINT('Ctrl Pts',(-10.46156365054,25.1683360220566,-25.4885202217486));
#1253=CARTESIAN_POINT('Ctrl Pts',(-10.46156365054,25.1926029426592,-25.4033667206085));
#1254=CARTESIAN_POINT('Ctrl Pts',(-10.46156365054,25.2236849055851,-25.2942989897336));
#1255=CARTESIAN_POINT('Ctrl Pts',(-10.46156365054,25.2594334725765,-25.1864232898032));
#1256=CARTESIAN_POINT('Ctrl Pts',(-10.46156365054,25.299741199644,-25.0802047235477));
#1257=CARTESIAN_POINT('Ctrl Pts',(-10.46156365054,25.3404828821268,-24.9728426018157));
#1258=CARTESIAN_POINT('Ctrl Pts',(-10.46156365054,25.385882290772,-24.867173563823));
#1259=CARTESIAN_POINT('Ctrl Pts',(-10.46156365054,25.435784736352,-24.7636468930617));
#1260=CARTESIAN_POINT('Ctrl Pts',(-10.46156365054,25.4862333881999,-24.658987073097));
#1261=CARTESIAN_POINT('Ctrl Pts',(-10.46156365054,25.5412840487641,-24.5565168570845));
#1262=CARTESIAN_POINT('Ctrl Pts',(-10.46156365054,25.6007345134665,-24.4566677248708));
#1263=CARTESIAN_POINT('Ctrl Pts',(-10.46156365054,25.6608420573002,-24.3557150053029));
#1264=CARTESIAN_POINT('Ctrl Pts',(-10.46156365054,25.7254470427975,-24.2574417157784));
#1265=CARTESIAN_POINT('Ctrl Pts',(-10.46156365054,25.7942996894329,-24.1622592571552));
#1266=CARTESIAN_POINT('Ctrl Pts',(-10.46156365054,25.8639136927163,-24.0660242929105));
#1267=CARTESIAN_POINT('Ctrl Pts',(-10.46156365054,25.9378696413149,-23.9729489845227));
#1268=CARTESIAN_POINT('Ctrl Pts',(-10.46156365054,26.0158704278662,-23.8834220566186));
#1269=CARTESIAN_POINT('Ctrl Pts',(-10.46156365054,26.0947233254626,-23.7929171016013));
#1270=CARTESIAN_POINT('Ctrl Pts',(-10.46156365054,26.1777097255099,-23.7060385742229));
#1271=CARTESIAN_POINT('Ctrl Pts',(-10.46156365054,26.2644858840299,-23.6231495822016));
#1272=CARTESIAN_POINT('Ctrl Pts',(-10.46156365054,26.352182617857,-23.5393812523461));
#1273=CARTESIAN_POINT('Ctrl Pts',(-10.46156365054,26.4437497314242,-23.4596876527869));
#1274=CARTESIAN_POINT('Ctrl Pts',(-10.46156365054,26.5387981406117,-23.3844029879935));
#1275=CARTESIAN_POINT('Ctrl Pts',(-10.46156365054,26.6390689016017,-23.3049818730665));
#1276=CARTESIAN_POINT('Ctrl Pts',(-10.46156365054,26.7432140025708,-23.2304679590644));
#1277=CARTESIAN_POINT('Ctrl Pts',(-10.46156365054,26.8507401560252,-23.1612038852067));
#1278=CARTESIAN_POINT('Ctrl Pts',(-10.46156365054,26.95511701194,-23.0939684636385));
#1279=CARTESIAN_POINT('Ctrl Pts',(-10.46156365054,27.0626792947625,-23.0316796636532));
#1280=CARTESIAN_POINT('Ctrl Pts',(-10.46156365054,27.1729468310157,-22.9746043766495));
#1281=CARTESIAN_POINT('Ctrl Pts',(-10.46156365054,27.2839975902398,-22.9171236876809));
#1282=CARTESIAN_POINT('Ctrl Pts',(-10.46156365054,27.3977918778351,-22.8649309258516));
#1283=CARTESIAN_POINT('Ctrl Pts',(-10.46156365054,27.5138148220272,-22.818251238885));
#1284=CARTESIAN_POINT('Ctrl Pts',(-10.46156365054,27.6304811432147,-22.7713127010769));
#1285=CARTESIAN_POINT('Ctrl Pts',(-10.46156365054,27.7494005944184,-22.7299486294496));
#1286=CARTESIAN_POINT('Ctrl Pts',(-10.46156365054,27.870029686987,-22.6943388599499));
#1287=CARTESIAN_POINT('Ctrl Pts',(-10.46156365054,27.9911064713337,-22.6585969316096));
#1288=CARTESIAN_POINT('Ctrl Pts',(-10.46156365054,28.1139052824701,-22.6286521622618));
#1289=CARTESIAN_POINT('Ctrl Pts',(-10.46156365054,28.2378612973369,-22.6046360230237));
#1290=CARTESIAN_POINT('Ctrl Pts',(-10.46156365054,28.3620245985166,-22.5805797226287));
#1291=CARTESIAN_POINT('Ctrl Pts',(-10.46156365054,28.4873486383902,-22.5624719465572));
#1292=CARTESIAN_POINT('Ctrl Pts',(-10.46156365054,28.6132554949215,-22.5503935383679));
#1293=CARTESIAN_POINT('Ctrl Pts',(-10.46156365054,28.7391036759961,-22.5383207589914));
#1294=CARTESIAN_POINT('Ctrl Pts',(-10.46156365054,28.8655337885347,-22.5322717601471));
#1295=CARTESIAN_POINT('Ctrl Pts',(-10.46156365054,28.9919635879832,-22.5322755002368));
#1296=CARTESIAN_POINT('Ctrl Pts',(-10.46156365054,29.1180673212298,-22.5322792306807));
#1297=CARTESIAN_POINT('Ctrl Pts',(-10.46156365054,29.2441704045954,-22.5383045322714));
#1298=CARTESIAN_POINT('Ctrl Pts',(-10.46156365054,29.3696950767856,-22.5503283257785));
#1299=CARTESIAN_POINT('Ctrl Pts',(-10.46156365054,29.499008693167,-22.5627150557647));
#1300=CARTESIAN_POINT('Ctrl Pts',(-10.46156365054,29.6277080510412,-22.5814681919044));
#1301=CARTESIAN_POINT('Ctrl Pts',(-10.46156365054,29.7551671307599,-22.6065044908086));
#1302=CARTESIAN_POINT('Ctrl Pts',(-10.46156365054,29.8770843418668,-22.6304522216849));
#1303=CARTESIAN_POINT('Ctrl Pts',(-10.46156365054,29.9978665231046,-22.6601482634559));
#1304=CARTESIAN_POINT('Ctrl Pts',(-10.46156365054,30.1169756402536,-22.6954688596231));
#1305=CARTESIAN_POINT('Ctrl Pts',(-10.46156365054,30.235163129611,-22.7305161564509));
#1306=CARTESIAN_POINT('Ctrl Pts',(-10.46156365054,30.3517030593427,-22.7711012701177));
#1307=CARTESIAN_POINT('Ctrl Pts',(-10.46156365054,30.4660837628317,-22.8170543809511));
#1308=CARTESIAN_POINT('Ctrl Pts',(-10.46156365054,30.5794819026588,-22.8626127411363));
#1309=CARTESIAN_POINT('Ctrl Pts',(-10.46156365054,30.6907574872139,-22.913447230308));
#1310=CARTESIAN_POINT('Ctrl Pts',(-10.46156365054,30.7994298127431,-22.9693446436706));
#1311=CARTESIAN_POINT('Ctrl Pts',(-10.46156365054,30.9071012583033,-23.0247272378177));
#1312=CARTESIAN_POINT('Ctrl Pts',(-10.46156365054,31.0122169302853,-23.0850798825056));
#1313=CARTESIAN_POINT('Ctrl Pts',(-10.46156365054,31.1143307194511,-23.1501487760789));
#1314=CARTESIAN_POINT('Ctrl Pts',(-10.46156365054,31.2149660204537,-23.2142755482235));
#1315=CARTESIAN_POINT('Ctrl Pts',(-10.46156365054,31.3126855342819,-23.2829829047185));
#1316=CARTESIAN_POINT('Ctrl Pts',(-10.46156365054,31.4070864446854,-23.3559835877242));
#1317=CARTESIAN_POINT('Ctrl Pts',(-10.46156365054,31.5006832552709,-23.4283624564309));
#1318=CARTESIAN_POINT('Ctrl Pts',(-10.46156365054,31.5910175470375,-23.5049617864657));
#1319=CARTESIAN_POINT('Ctrl Pts',(-10.46156365054,31.6777237551743,-23.5854585145055));
#1320=CARTESIAN_POINT('Ctrl Pts',(-10.46156365054,31.7633087510468,-23.6649143260913));
#1321=CARTESIAN_POINT('Ctrl Pts',(-10.46156365054,31.8453587166895,-23.748167325332));
#1322=CARTESIAN_POINT('Ctrl Pts',(-10.46156365054,31.9235513296592,-23.8348654706044));
#1323=CARTESIAN_POINT('Ctrl Pts',(-10.46156365054,31.9663457273107,-23.8823149004613));
#1324=CARTESIAN_POINT('Ctrl Pts',(-10.46156365054,32.0079852550781,-23.930795539432));
#1325=CARTESIAN_POINT('Ctrl Pts',(-10.46156365054,32.0484211384187,-23.9802444276799));
#1326=CARTESIAN_POINT('Ctrl Pts',(-10.46156365054,32.2221323261074,-24.1926751797194));
#1327=CARTESIAN_POINT('Ctrl Pts',(-10.46156365054,32.3884933837579,-24.4110403835976));
#1328=CARTESIAN_POINT('Ctrl Pts',(-10.46156365054,32.5471226110288,-24.6348529928469));
#1329=CARTESIAN_POINT('Ctrl Pts',(-10.46156365054,32.7078462950902,-24.8616207059401));
#1330=CARTESIAN_POINT('Ctrl Pts',(-10.46156365054,32.8606324608409,-25.09398035211));
#1331=CARTESIAN_POINT('Ctrl Pts',(-10.46156365054,33.0051204547594,-25.3313854748152));
#1332=CARTESIAN_POINT('Ctrl Pts',(-10.46156365054,33.1513561014645,-25.5716621283167));
#1333=CARTESIAN_POINT('Ctrl Pts',(-10.46156365054,33.2890914500727,-25.8171067428332));
#1334=CARTESIAN_POINT('Ctrl Pts',(-10.46156365054,33.417992168167,-26.067116651456));
#1335=CARTESIAN_POINT('Ctrl Pts',(-10.46156365054,33.5482286395568,-26.3197173257804));
#1336=CARTESIAN_POINT('Ctrl Pts',(-10.46156365054,33.6694462605827,-26.5769780538716));
#1337=CARTESIAN_POINT('Ctrl Pts',(-10.46156365054,33.7813429294985,-26.8382455685028));
#1338=CARTESIAN_POINT('Ctrl Pts',(-10.46156365054,33.8941282774178,-27.1015880595991));
#1339=CARTESIAN_POINT('Ctrl Pts',(-10.46156365054,33.9974438700296,-27.36900084863));
#1340=CARTESIAN_POINT('Ctrl Pts',(-10.46156365054,34.0910260383015,-27.6397885413751));
#1341=CARTESIAN_POINT('Ctrl Pts',(-10.46156365054,34.1851705970141,-27.9122035570672));
#1342=CARTESIAN_POINT('Ctrl Pts',(-10.46156365054,34.2694642384734,-28.1880337489092));
#1343=CARTESIAN_POINT('Ctrl Pts',(-10.46156365054,34.343686932421,-28.46655050389));
#1344=CARTESIAN_POINT('Ctrl Pts',(-10.46156365054,34.4178864650321,-28.7449803471739));
#1345=CARTESIAN_POINT('Ctrl Pts',(-10.46156365054,34.4820212308351,-29.0260946394604));
#1346=CARTESIAN_POINT('Ctrl Pts',(-10.46156365054,34.5359215091495,-29.309151346442));
#1347=CARTESIAN_POINT('Ctrl Pts',(-10.46156365054,34.5896353103052,-29.5912287707166));
#1348=CARTESIAN_POINT('Ctrl Pts',(-10.46156365054,34.6331852420005,-29.875234756889));
#1349=CARTESIAN_POINT('Ctrl Pts',(-10.46156365054,34.6664544030973,-30.1604274810144));
#1350=CARTESIAN_POINT('Ctrl Pts',(-10.46156365054,34.6995132720296,-30.4438175208127));
#1351=CARTESIAN_POINT('Ctrl Pts',(-10.46156365054,34.7224208801469,-30.728378922493));
#1352=CARTESIAN_POINT('Ctrl Pts',(-10.46156365054,34.7351139159279,-31.0133828445404));
#1353=CARTESIAN_POINT('Ctrl Pts',(-10.46156365054,34.74763315446,-31.294484398515));
#1354=CARTESIAN_POINT('Ctrl Pts',(-10.46156365054,34.7502156481636,-31.576016052781));
#1355=CARTESIAN_POINT('Ctrl Pts',(-10.46156365054,34.7428509047438,-31.8572834815732));
#1356=CARTESIAN_POINT('Ctrl Pts',(-10.46156365054,34.7355564390401,-32.135866929215));
#1357=CARTESIAN_POINT('Ctrl Pts',(-10.46156365054,34.7185036609467,-32.4141908114149));
#1358=CARTESIAN_POINT('Ctrl Pts',(-10.46156365054,34.691732007472,-32.691590915243));
#1359=CARTESIAN_POINT('Ctrl Pts',(-10.46156365054,34.665382618474,-32.9646156371097));
#1360=CARTESIAN_POINT('Ctrl Pts',(-10.46156365054,34.6296185674611,-33.236745182173));
#1361=CARTESIAN_POINT('Ctrl Pts',(-10.46156365054,34.5845254505093,-33.5073613278903));
#1362=CARTESIAN_POINT('Ctrl Pts',(-10.46156365054,34.5601958680019,-33.6533698163276));
#1363=CARTESIAN_POINT('Ctrl Pts',(-10.46156365054,34.5331513795156,-33.7989380353697));
#1364=CARTESIAN_POINT('Ctrl Pts',(-10.46156365054,34.5034113162733,-33.9439712279696));
#1365=CARTESIAN_POINT('Ctrl Pts',(-10.46156365054,34.4791703281007,-34.062187113316));
#1366=CARTESIAN_POINT('Ctrl Pts',(-10.46156365054,34.4495091896789,-34.1793090635499));
#1367=CARTESIAN_POINT('Ctrl Pts',(-10.46156365054,34.4145474971196,-34.2948336121741));
#1368=CARTESIAN_POINT('Ctrl Pts',(-10.46156365054,34.3792919094043,-34.4113292838405));
#1369=CARTESIAN_POINT('Ctrl Pts',(-10.46156365054,34.338646415532,-34.5262003856611));
#1370=CARTESIAN_POINT('Ctrl Pts',(-10.46156365054,34.2927831644566,-34.6389500792657));
#1371=CARTESIAN_POINT('Ctrl Pts',(-10.46156365054,34.2465693087514,-34.7525616952952));
#1372=CARTESIAN_POINT('Ctrl Pts',(-10.46156365054,34.1950577701256,-34.864019136838));
#1373=CARTESIAN_POINT('Ctrl Pts',(-10.46156365054,34.1384725184301,-34.9728368098222));
#1374=CARTESIAN_POINT('Ctrl Pts',(-10.46156365054,34.081510504387,-35.0823790249919));
#1375=CARTESIAN_POINT('Ctrl Pts',(-10.46156365054,34.0194071593239,-35.1892459875708));
#1376=CARTESIAN_POINT('Ctrl Pts',(-10.46156365054,33.9524367776833,-35.2929684677211));
#1377=CARTESIAN_POINT('Ctrl Pts',(-10.46156365054,33.8849488987647,-35.3974924380202));
#1378=CARTESIAN_POINT('Ctrl Pts',(-10.46156365054,33.8125186496389,-35.4988229112296));
#1379=CARTESIAN_POINT('Ctrl Pts',(-10.46156365054,33.7354705013775,-35.5965095133541));
#1380=CARTESIAN_POINT('Ctrl Pts',(-10.46156365054,33.6581885540241,-35.6944925410174));
#1381=CARTESIAN_POINT('Ctrl Pts',(-10.46156365054,33.5762608545507,-35.7888093363244));
#1382=CARTESIAN_POINT('Ctrl Pts',(-10.46156365054,33.4900557110367,-35.8790386102828));
#1383=CARTESIAN_POINT('Ctrl Pts',(-10.46156365054,33.4037141708736,-35.9694106480035));
#1384=CARTESIAN_POINT('Ctrl Pts',(-10.46156365054,33.3130818683771,-36.0556820110807));
#1385=CARTESIAN_POINT('Ctrl Pts',(-10.46156365054,33.2185664553969,-36.1374658182538));
#1386=CARTESIAN_POINT('Ctrl Pts',(-10.46156365054,33.1240450587894,-36.2192548030355));
#1387=CARTESIAN_POINT('Ctrl Pts',(-10.46156365054,33.025640298416,-36.2965554641121));
#1388=CARTESIAN_POINT('Ctrl Pts',(-10.46156365054,32.9237939545887,-36.369020280362));
#1389=CARTESIAN_POINT('Ctrl Pts',(-10.46156365054,32.8222371414935,-36.4412790922478));
#1390=CARTESIAN_POINT('Ctrl Pts',(-10.46156365054,32.7172585354816,-36.5087293378349));
#1391=CARTESIAN_POINT('Ctrl Pts',(-10.46156365054,32.6093263312514,-36.5710684509138));
#1392=CARTESIAN_POINT('Ctrl Pts',(-10.46156365054,32.5017238771092,-36.6332171080657));
#1393=CARTESIAN_POINT('Ctrl Pts',(-10.46156365054,32.3911860909479,-36.6902856440532));
#1394=CARTESIAN_POINT('Ctrl Pts',(-10.46156365054,32.2782032035798,-36.7420186643875));
#1395=CARTESIAN_POINT('Ctrl Pts',(-10.46156365054,32.1659819256187,-36.7934029562031));
#1396=CARTESIAN_POINT('Ctrl Pts',(-10.46156365054,32.0513486514437,-36.839523285876));
#1397=CARTESIAN_POINT('Ctrl Pts',(-10.46156365054,31.9348060317386,-36.8801755208333));
#1398=CARTESIAN_POINT('Ctrl Pts',(-10.46156365054,31.8456294572184,-36.9112819698669));
#1399=CARTESIAN_POINT('Ctrl Pts',(-10.46156365054,31.7553354233964,-36.9391877190922));
#1400=CARTESIAN_POINT('Ctrl Pts',(-10.46156365054,31.6641566647866,-36.9638205256938));
#1401=CARTESIAN_POINT('',(-11.4615636505442,31.6641566647866,-36.9638205256938));
#1402=CARTESIAN_POINT('',(-10.4615636505442,31.6641566647866,-36.9638205256938));
#1403=CARTESIAN_POINT('',(-11.46156365054,15.9896734862207,-27.581118188957));
#1404=CARTESIAN_POINT('Ctrl Pts',(-11.46156365054,15.9896734862207,-27.5811181889577));
#1405=CARTESIAN_POINT('Ctrl Pts',(-11.46156365054,18.0956059092709,-27.5811643327242));
#1406=CARTESIAN_POINT('Ctrl Pts',(-11.46156365054,20.2015383330179,-27.5811658345292));
#1407=CARTESIAN_POINT('Ctrl Pts',(-11.46156365054,22.3074707565734,-27.5811660401443));
#1408=CARTESIAN_POINT('Ctrl Pts',(-11.46156365054,22.405975537995,-27.5811660497619));
#1409=CARTESIAN_POINT('Ctrl Pts',(-11.46156365054,22.5044929070884,-27.5763140684972));
#1410=CARTESIAN_POINT('Ctrl Pts',(-11.46156365054,22.6025368125212,-27.5666277406132));
#1411=CARTESIAN_POINT('Ctrl Pts',(-11.46156365054,22.7014291679396,-27.5568575894184));
#1412=CARTESIAN_POINT('Ctrl Pts',(-11.46156365054,22.7998395822783,-27.5421691607716));
#1413=CARTESIAN_POINT('Ctrl Pts',(-11.46156365054,22.8972782541607,-27.5226331510641));
#1414=CARTESIAN_POINT('Ctrl Pts',(-11.46156365054,22.9954621294297,-27.5029477314733));
#1415=CARTESIAN_POINT('Ctrl Pts',(-11.46156365054,23.0926590813365,-27.478340418571));
#1416=CARTESIAN_POINT('Ctrl Pts',(-11.46156365054,23.1883809053261,-27.4489350245888));
#1417=CARTESIAN_POINT('Ctrl Pts',(-11.46156365054,23.2847114898541,-27.4193426215972));
#1418=CARTESIAN_POINT('Ctrl Pts',(-11.46156365054,23.3795478537084,-27.3848910528204));
#1419=CARTESIAN_POINT('Ctrl Pts',(-11.46156365054,23.4724094649024,-27.345756487725));
#1420=CARTESIAN_POINT('Ctrl Pts',(-11.46156365054,23.5657165554118,-27.3064341847792));
#1421=CARTESIAN_POINT('Ctrl Pts',(-11.46156365054,23.6570296250054,-27.2623840042274));
#1422=CARTESIAN_POINT('Ctrl Pts',(-11.46156365054,23.7458824677411,-27.2138327155342));
#1423=CARTESIAN_POINT('Ctrl Pts',(-11.46156365054,23.8350727288666,-27.1650970534755));
#1424=CARTESIAN_POINT('Ctrl Pts',(-11.46156365054,23.921783761608,-27.1118262032522));
#1425=CARTESIAN_POINT('Ctrl Pts',(-11.46156365054,24.0055696057926,-27.0542953443115));
#1426=CARTESIAN_POINT('Ctrl Pts',(-11.46156365054,24.0893603120639,-26.9967611468591));
#1427=CARTESIAN_POINT('Ctrl Pts',(-11.46156365054,24.1702252239115,-26.9349666466857));
#1428=CARTESIAN_POINT('Ctrl Pts',(-11.46156365054,24.247747921053,-26.8692299747323));
#1429=CARTESIAN_POINT('Ctrl Pts',(-11.46156365054,24.3251395608781,-26.8036044350298));
#1430=CARTESIAN_POINT('Ctrl Pts',(-11.46156365054,24.3992000218246,-26.7340502521582));
#1431=CARTESIAN_POINT('Ctrl Pts',(-11.46156365054,24.4695484013244,-26.6609236043064));
#1432=CARTESIAN_POINT('Ctrl Pts',(-11.46156365054,24.5396604179609,-26.5880426539958));
#1433=CARTESIAN_POINT('Ctrl Pts',(-11.46156365054,24.6060850155876,-26.5116134217398));
#1434=CARTESIAN_POINT('Ctrl Pts',(-11.46156365054,24.6684820178554,-26.432024717044));
#1435=CARTESIAN_POINT('Ctrl Pts',(-11.46156365054,24.7303724319829,-26.3530821763054));
#1436=CARTESIAN_POINT('Ctrl Pts',(-11.46156365054,24.7883001855063,-26.2710314914334));
#1437=CARTESIAN_POINT('Ctrl Pts',(-11.46156365054,24.8419728991524,-26.1862843596255));
#1438=CARTESIAN_POINT('Ctrl Pts',(-11.46156365054,24.8953352514827,-26.10202727629));
#1439=CARTESIAN_POINT('Ctrl Pts',(-11.46156365054,24.9444914279191,-26.0151050522537));
#1440=CARTESIAN_POINT('Ctrl Pts',(-11.46156365054,24.9891963814078,-25.9259510219701));
#1441=CARTESIAN_POINT('Ctrl Pts',(-11.46156365054,25.033414306923,-25.8377682600428));
#1442=CARTESIAN_POINT('Ctrl Pts',(-11.46156365054,25.0732773148921,-25.7474022763763));
#1443=CARTESIAN_POINT('Ctrl Pts',(-11.46156365054,25.1085923493279,-25.6552973410848));
#1444=CARTESIAN_POINT('Ctrl Pts',(-11.46156365054,25.1402967232374,-25.5726093484482));
#1445=CARTESIAN_POINT('Ctrl Pts',(-11.46156365054,25.1683360220565,-25.4885202217489));
#1446=CARTESIAN_POINT('Ctrl Pts',(-11.46156365054,25.1926029426592,-25.4033667206085));
#1447=CARTESIAN_POINT('Ctrl Pts',(-11.46156365054,25.2236849055851,-25.2942989897336));
#1448=CARTESIAN_POINT('Ctrl Pts',(-11.46156365054,25.2594334725765,-25.1864232898032));
#1449=CARTESIAN_POINT('Ctrl Pts',(-11.46156365054,25.299741199644,-25.0802047235478));
#1450=CARTESIAN_POINT('Ctrl Pts',(-11.46156365054,25.3404828821267,-24.9728426018159));
#1451=CARTESIAN_POINT('Ctrl Pts',(-11.46156365054,25.3858822907719,-24.8671735638233));
#1452=CARTESIAN_POINT('Ctrl Pts',(-11.46156365054,25.4357847363518,-24.7636468930622));
#1453=CARTESIAN_POINT('Ctrl Pts',(-11.46156365054,25.4862333881998,-24.6589870730973));
#1454=CARTESIAN_POINT('Ctrl Pts',(-11.46156365054,25.541284048764,-24.5565168570847));
#1455=CARTESIAN_POINT('Ctrl Pts',(-11.46156365054,25.6007345134664,-24.4566677248709));
#1456=CARTESIAN_POINT('Ctrl Pts',(-11.46156365054,25.6608420573001,-24.3557150053031));
#1457=CARTESIAN_POINT('Ctrl Pts',(-11.46156365054,25.7254470427973,-24.2574417157787));
#1458=CARTESIAN_POINT('Ctrl Pts',(-11.46156365054,25.7942996894327,-24.1622592571555));
#1459=CARTESIAN_POINT('Ctrl Pts',(-11.46156365054,25.8639136927158,-24.066024292911));
#1460=CARTESIAN_POINT('Ctrl Pts',(-11.46156365054,25.9378696413143,-23.9729489845235));
#1461=CARTESIAN_POINT('Ctrl Pts',(-11.46156365054,26.0158704278654,-23.8834220566195));
#1462=CARTESIAN_POINT('Ctrl Pts',(-11.46156365054,26.0947233254617,-23.7929171016022));
#1463=CARTESIAN_POINT('Ctrl Pts',(-11.46156365054,26.177709725509,-23.7060385742238));
#1464=CARTESIAN_POINT('Ctrl Pts',(-11.46156365054,26.2644858840289,-23.6231495822025));
#1465=CARTESIAN_POINT('Ctrl Pts',(-11.46156365054,26.3521826178562,-23.5393812523469));
#1466=CARTESIAN_POINT('Ctrl Pts',(-11.46156365054,26.4437497314233,-23.4596876527876));
#1467=CARTESIAN_POINT('Ctrl Pts',(-11.46156365054,26.5387981406109,-23.3844029879942));
#1468=CARTESIAN_POINT('Ctrl Pts',(-11.46156365054,26.6390689016009,-23.3049818730671));
#1469=CARTESIAN_POINT('Ctrl Pts',(-11.46156365054,26.74321400257,-23.2304679590649));
#1470=CARTESIAN_POINT('Ctrl Pts',(-11.46156365054,26.8507401560244,-23.1612038852072));
#1471=CARTESIAN_POINT('Ctrl Pts',(-11.46156365054,26.9551170119392,-23.093968463639));
#1472=CARTESIAN_POINT('Ctrl Pts',(-11.46156365054,27.0626792947617,-23.0316796636537));
#1473=CARTESIAN_POINT('Ctrl Pts',(-11.46156365054,27.172946831015,-22.9746043766499));
#1474=CARTESIAN_POINT('Ctrl Pts',(-11.46156365054,27.2839975902391,-22.9171236876813));
#1475=CARTESIAN_POINT('Ctrl Pts',(-11.46156365054,27.3977918778344,-22.8649309258519));
#1476=CARTESIAN_POINT('Ctrl Pts',(-11.46156365054,27.5138148220266,-22.8182512388853));
#1477=CARTESIAN_POINT('Ctrl Pts',(-11.46156365054,27.630481143214,-22.7713127010772));
#1478=CARTESIAN_POINT('Ctrl Pts',(-11.46156365054,27.7494005944178,-22.7299486294498));
#1479=CARTESIAN_POINT('Ctrl Pts',(-11.46156365054,27.8700296869864,-22.6943388599501));
#1480=CARTESIAN_POINT('Ctrl Pts',(-11.46156365054,27.9911064713331,-22.6585969316097));
#1481=CARTESIAN_POINT('Ctrl Pts',(-11.46156365054,28.1139052824695,-22.628652162262));
#1482=CARTESIAN_POINT('Ctrl Pts',(-11.46156365054,28.2378612973363,-22.6046360230238));
#1483=CARTESIAN_POINT('Ctrl Pts',(-11.46156365054,28.3620245985159,-22.5805797226288));
#1484=CARTESIAN_POINT('Ctrl Pts',(-11.46156365054,28.4873486383895,-22.5624719465573));
#1485=CARTESIAN_POINT('Ctrl Pts',(-11.46156365054,28.6132554949207,-22.550393538368));
#1486=CARTESIAN_POINT('Ctrl Pts',(-11.46156365054,28.7391036759954,-22.5383207589915));
#1487=CARTESIAN_POINT('Ctrl Pts',(-11.46156365054,28.8655337885341,-22.5322717601471));
#1488=CARTESIAN_POINT('Ctrl Pts',(-11.46156365054,28.9919635879827,-22.5322755002368));
#1489=CARTESIAN_POINT('Ctrl Pts',(-11.46156365054,29.1180673212291,-22.5322792306807));
#1490=CARTESIAN_POINT('Ctrl Pts',(-11.46156365054,29.2441704045945,-22.5383045322713));
#1491=CARTESIAN_POINT('Ctrl Pts',(-11.46156365054,29.3696950767845,-22.5503283257784));
#1492=CARTESIAN_POINT('Ctrl Pts',(-11.46156365054,29.4990086931659,-22.5627150557645));
#1493=CARTESIAN_POINT('Ctrl Pts',(-11.46156365054,29.6277080510402,-22.5814681919042));
#1494=CARTESIAN_POINT('Ctrl Pts',(-11.46156365054,29.7551671307589,-22.6065044908084));
#1495=CARTESIAN_POINT('Ctrl Pts',(-11.46156365054,29.8770843418659,-22.6304522216847));
#1496=CARTESIAN_POINT('Ctrl Pts',(-11.46156365054,29.9978665231038,-22.6601482634557));
#1497=CARTESIAN_POINT('Ctrl Pts',(-11.46156365054,30.1169756402528,-22.6954688596229));
#1498=CARTESIAN_POINT('Ctrl Pts',(-11.46156365054,30.2351631296102,-22.7305161564506));
#1499=CARTESIAN_POINT('Ctrl Pts',(-11.46156365054,30.3517030593419,-22.7711012701174));
#1500=CARTESIAN_POINT('Ctrl Pts',(-11.46156365054,30.4660837628309,-22.8170543809508));
#1501=CARTESIAN_POINT('Ctrl Pts',(-11.46156365054,30.579481902658,-22.8626127411359));
#1502=CARTESIAN_POINT('Ctrl Pts',(-11.46156365054,30.690757487213,-22.9134472303076));
#1503=CARTESIAN_POINT('Ctrl Pts',(-11.46156365054,30.7994298127423,-22.9693446436701));
#1504=CARTESIAN_POINT('Ctrl Pts',(-11.46156365054,30.9071012583021,-23.0247272378171));
#1505=CARTESIAN_POINT('Ctrl Pts',(-11.46156365054,31.0122169302838,-23.0850798825047));
#1506=CARTESIAN_POINT('Ctrl Pts',(-11.46156365054,31.1143307194493,-23.1501487760778));
#1507=CARTESIAN_POINT('Ctrl Pts',(-11.46156365054,31.2149660204519,-23.2142755482222));
#1508=CARTESIAN_POINT('Ctrl Pts',(-11.46156365054,31.31268553428,-23.2829829047172));
#1509=CARTESIAN_POINT('Ctrl Pts',(-11.46156365054,31.4070864446835,-23.3559835877227));
#1510=CARTESIAN_POINT('Ctrl Pts',(-11.46156365054,31.500683255269,-23.4283624564294));
#1511=CARTESIAN_POINT('Ctrl Pts',(-11.46156365054,31.5910175470356,-23.5049617864641));
#1512=CARTESIAN_POINT('Ctrl Pts',(-11.46156365054,31.6777237551724,-23.5854585145037));
#1513=CARTESIAN_POINT('Ctrl Pts',(-11.46156365054,31.7633087510449,-23.6649143260894));
#1514=CARTESIAN_POINT('Ctrl Pts',(-11.46156365054,31.8453587166876,-23.74816732533));
#1515=CARTESIAN_POINT('Ctrl Pts',(-11.46156365054,31.9235513296574,-23.8348654706024));
#1516=CARTESIAN_POINT('Ctrl Pts',(-11.46156365054,31.9663457273095,-23.8823149004599));
#1517=CARTESIAN_POINT('Ctrl Pts',(-11.46156365054,32.0079852550775,-23.9307955394313));
#1518=CARTESIAN_POINT('Ctrl Pts',(-11.46156365054,32.0484211384187,-23.9802444276799));
#1519=CARTESIAN_POINT('Ctrl Pts',(-11.46156365054,32.2221323261076,-24.1926751797196));
#1520=CARTESIAN_POINT('Ctrl Pts',(-11.46156365054,32.3884933837582,-24.4110403835979));
#1521=CARTESIAN_POINT('Ctrl Pts',(-11.46156365054,32.5471226110292,-24.6348529928475));
#1522=CARTESIAN_POINT('Ctrl Pts',(-11.46156365054,32.7078462950907,-24.8616207059409));
#1523=CARTESIAN_POINT('Ctrl Pts',(-11.46156365054,32.8606324608415,-25.093980352111));
#1524=CARTESIAN_POINT('Ctrl Pts',(-11.46156365054,33.0051204547601,-25.3313854748163));
#1525=CARTESIAN_POINT('Ctrl Pts',(-11.46156365054,33.1513561014651,-25.5716621283177));
#1526=CARTESIAN_POINT('Ctrl Pts',(-11.46156365054,33.2890914500732,-25.817106742834));
#1527=CARTESIAN_POINT('Ctrl Pts',(-11.46156365054,33.4179921681674,-26.0671166514567));
#1528=CARTESIAN_POINT('Ctrl Pts',(-11.46156365054,33.5482286395576,-26.319717325782));
#1529=CARTESIAN_POINT('Ctrl Pts',(-11.46156365054,33.6694462605839,-26.5769780538743));
#1530=CARTESIAN_POINT('Ctrl Pts',(-11.46156365054,33.7813429295001,-26.8382455685065));
#1531=CARTESIAN_POINT('Ctrl Pts',(-11.46156365054,33.8941282774191,-27.1015880596022));
#1532=CARTESIAN_POINT('Ctrl Pts',(-11.46156365054,33.9974438700305,-27.3690008486325));
#1533=CARTESIAN_POINT('Ctrl Pts',(-11.46156365054,34.0910260383021,-27.639788541377));
#1534=CARTESIAN_POINT('Ctrl Pts',(-11.46156365054,34.1851705970147,-27.9122035570692));
#1535=CARTESIAN_POINT('Ctrl Pts',(-11.46156365054,34.269464238474,-28.1880337489112));
#1536=CARTESIAN_POINT('Ctrl Pts',(-11.46156365054,34.3436869324215,-28.466550503892));
#1537=CARTESIAN_POINT('Ctrl Pts',(-11.46156365054,34.4178864650325,-28.7449803471757));
#1538=CARTESIAN_POINT('Ctrl Pts',(-11.46156365054,34.4820212308354,-29.0260946394618));
#1539=CARTESIAN_POINT('Ctrl Pts',(-11.46156365054,34.5359215091497,-29.3091513464431));
#1540=CARTESIAN_POINT('Ctrl Pts',(-11.46156365054,34.5896353103053,-29.5912287707174));
#1541=CARTESIAN_POINT('Ctrl Pts',(-11.46156365054,34.6331852420005,-29.8752347568894));
#1542=CARTESIAN_POINT('Ctrl Pts',(-11.46156365054,34.6664544030973,-30.1604274810145));
#1543=CARTESIAN_POINT('Ctrl Pts',(-11.46156365054,34.6995132720297,-30.4438175208141));
#1544=CARTESIAN_POINT('Ctrl Pts',(-11.46156365054,34.7224208801471,-30.7283789224958));
#1545=CARTESIAN_POINT('Ctrl Pts',(-11.46156365054,34.735113915928,-31.0133828445445));
#1546=CARTESIAN_POINT('Ctrl Pts',(-11.46156365054,34.74763315446,-31.294484398519));
#1547=CARTESIAN_POINT('Ctrl Pts',(-11.46156365054,34.7502156481636,-31.5760160527847));
#1548=CARTESIAN_POINT('Ctrl Pts',(-11.46156365054,34.7428509047437,-31.8572834815767));
#1549=CARTESIAN_POINT('Ctrl Pts',(-11.46156365054,34.7355564390399,-32.1358669292186));
#1550=CARTESIAN_POINT('Ctrl Pts',(-11.46156365054,34.7185036609464,-32.4141908114185));
#1551=CARTESIAN_POINT('Ctrl Pts',(-11.46156365054,34.6917320074716,-32.6915909152467));
#1552=CARTESIAN_POINT('Ctrl Pts',(-11.46156365054,34.6653826184736,-32.9646156371133));
#1553=CARTESIAN_POINT('Ctrl Pts',(-11.46156365054,34.6296185674607,-33.2367451821763));
#1554=CARTESIAN_POINT('Ctrl Pts',(-11.46156365054,34.5845254505088,-33.5073613278935));
#1555=CARTESIAN_POINT('Ctrl Pts',(-11.46156365054,34.5601958680015,-33.6533698163298));
#1556=CARTESIAN_POINT('Ctrl Pts',(-11.46156365054,34.5331513795154,-33.7989380353708));
#1557=CARTESIAN_POINT('Ctrl Pts',(-11.46156365054,34.5034113162733,-33.9439712279696));
#1558=CARTESIAN_POINT('Ctrl Pts',(-11.46156365054,34.4791703281007,-34.0621871133161));
#1559=CARTESIAN_POINT('Ctrl Pts',(-11.46156365054,34.4495091896788,-34.1793090635502));
#1560=CARTESIAN_POINT('Ctrl Pts',(-11.46156365054,34.4145474971195,-34.2948336121745));
#1561=CARTESIAN_POINT('Ctrl Pts',(-11.46156365054,34.3792919094041,-34.4113292838412));
#1562=CARTESIAN_POINT('Ctrl Pts',(-11.46156365054,34.3386464155316,-34.5262003856621));
#1563=CARTESIAN_POINT('Ctrl Pts',(-11.46156365054,34.2927831644561,-34.6389500792669));
#1564=CARTESIAN_POINT('Ctrl Pts',(-11.46156365054,34.2465693087509,-34.7525616952965));
#1565=CARTESIAN_POINT('Ctrl Pts',(-11.46156365054,34.195057770125,-34.8640191368394));
#1566=CARTESIAN_POINT('Ctrl Pts',(-11.46156365054,34.1384725184294,-34.9728368098236));
#1567=CARTESIAN_POINT('Ctrl Pts',(-11.46156365054,34.0815105043861,-35.0823790249936));
#1568=CARTESIAN_POINT('Ctrl Pts',(-11.46156365054,34.0194071593227,-35.1892459875727));
#1569=CARTESIAN_POINT('Ctrl Pts',(-11.46156365054,33.9524367776819,-35.2929684677232));
#1570=CARTESIAN_POINT('Ctrl Pts',(-11.46156365054,33.8849488987632,-35.3974924380223));
#1571=CARTESIAN_POINT('Ctrl Pts',(-11.46156365054,33.8125186496374,-35.4988229112316));
#1572=CARTESIAN_POINT('Ctrl Pts',(-11.46156365054,33.7354705013759,-35.596509513356));
#1573=CARTESIAN_POINT('Ctrl Pts',(-11.46156365054,33.6581885540226,-35.6944925410192));
#1574=CARTESIAN_POINT('Ctrl Pts',(-11.46156365054,33.5762608545492,-35.7888093363261));
#1575=CARTESIAN_POINT('Ctrl Pts',(-11.46156365054,33.4900557110352,-35.8790386102844));
#1576=CARTESIAN_POINT('Ctrl Pts',(-11.46156365054,33.4037141708722,-35.969410648005));
#1577=CARTESIAN_POINT('Ctrl Pts',(-11.46156365054,33.3130818683757,-36.055682011082));
#1578=CARTESIAN_POINT('Ctrl Pts',(-11.46156365054,33.2185664553956,-36.137465818255));
#1579=CARTESIAN_POINT('Ctrl Pts',(-11.46156365054,33.1240450587882,-36.2192548030365));
#1580=CARTESIAN_POINT('Ctrl Pts',(-11.46156365054,33.0256402984149,-36.2965554641129));
#1581=CARTESIAN_POINT('Ctrl Pts',(-11.46156365054,32.9237939545878,-36.3690202803627));
#1582=CARTESIAN_POINT('Ctrl Pts',(-11.46156365054,32.8222371414925,-36.4412790922485));
#1583=CARTESIAN_POINT('Ctrl Pts',(-11.46156365054,32.7172585354804,-36.5087293378356));
#1584=CARTESIAN_POINT('Ctrl Pts',(-11.46156365054,32.6093263312502,-36.5710684509145));
#1585=CARTESIAN_POINT('Ctrl Pts',(-11.46156365054,32.5017238771079,-36.6332171080664));
#1586=CARTESIAN_POINT('Ctrl Pts',(-11.46156365054,32.3911860909466,-36.6902856440539));
#1587=CARTESIAN_POINT('Ctrl Pts',(-11.46156365054,32.2782032035784,-36.7420186643881));
#1588=CARTESIAN_POINT('Ctrl Pts',(-11.46156365054,32.1659819256173,-36.7934029562037));
#1589=CARTESIAN_POINT('Ctrl Pts',(-11.46156365054,32.0513486514423,-36.8395232858765));
#1590=CARTESIAN_POINT('Ctrl Pts',(-11.46156365054,31.9348060317372,-36.8801755208338));
#1591=CARTESIAN_POINT('Ctrl Pts',(-11.46156365054,31.8456294572174,-36.9112819698672));
#1592=CARTESIAN_POINT('Ctrl Pts',(-11.46156365054,31.755335423396,-36.9391877190923));
#1593=CARTESIAN_POINT('Ctrl Pts',(-11.46156365054,31.6641566647866,-36.9638205256938));
#1594=CARTESIAN_POINT('',(-11.4615636505465,15.9896734862503,-27.5811181889577));
#1595=CARTESIAN_POINT('Origin',(-10.4615636505465,16.4023941279981,-42.0390598717107));
#1596=CARTESIAN_POINT('',(-10.4615636505453,28.011338695773,-39.3623024285513));
#1597=CARTESIAN_POINT('Origin',(-10.4615636505473,31.9892644108353,-43.8540845921748));
#1598=CARTESIAN_POINT('',(-10.4615636505448,29.2510870771157,-38.2643803150773));
#1599=CARTESIAN_POINT('',(-10.4615636505484,20.1765735577173,-46.300776419241));
#1600=CARTESIAN_POINT('Origin',(-10.4615636505468,33.229012792178,-42.7561624787009));
#1601=CARTESIAN_POINT('',(-10.4615636505422,12.1126659055614,-32.5657459422959));
#1602=CARTESIAN_POINT('Origin',(-10.4615636505418,15.989585840957,-31.581118187999));
#1603=CARTESIAN_POINT('',(-10.4615636505456,14.9832978248966,-39.9751798798045));
#1604=CARTESIAN_POINT('Ctrl Pts',(-10.4615636505422,12.1126659055614,-32.5657459422958));
#1605=CARTESIAN_POINT('Ctrl Pts',(-10.4615636505254,12.8547652332457,-35.4877229686262));
#1606=CARTESIAN_POINT('Ctrl Pts',(-10.4615636505497,14.0942869180486,-37.9677421127483));
#1607=CARTESIAN_POINT('Ctrl Pts',(-10.4615636505759,14.9832978248967,-39.9751798798045));
#1608=CARTESIAN_POINT('Origin',(-10.4615636505445,20.4693913773296,-37.5456166404633));
#1609=CARTESIAN_POINT('',(-10.4615636505429,25.7625102427674,-36.3066208975186));
#1610=CARTESIAN_POINT('Origin',(-10.4615636505434,25.7625102427674,-35.1066208975186));
#1611=CARTESIAN_POINT('',(-10.4615636505434,20.9625102427674,-35.1066208975186));
#1612=CARTESIAN_POINT('',(-10.4615636505434,18.5625102427674,-35.1066208975186));
#1613=CARTESIAN_POINT('Origin',(-10.4615636505434,19.7625102427674,-35.1066208975186));
#1614=CARTESIAN_POINT('',(-10.4615636505451,23.0093433482823,-39.0385507101057));
#1615=CARTESIAN_POINT('Origin',(-10.4615636505434,25.7625102427674,-35.1066208975186));
#1616=CARTESIAN_POINT('',(-10.461563650546,21.6327599010398,-41.0045156163993));
#1617=CARTESIAN_POINT('Origin',(-10.4615636505456,22.3210516246611,-40.0215331632525));
#1618=CARTESIAN_POINT('Origin',(-10.4615636505434,25.7625102427674,-35.1066208975186));
#1619=CARTESIAN_POINT('',(-10.4615636505392,29.5712104077629,-26.0059361603786));
#1620=CARTESIAN_POINT('',(-10.4615636505397,28.4110273598665,-26.9559887983866));
#1621=CARTESIAN_POINT('Ctrl Pts',(-10.4615636505392,29.5712104077629,-26.0059361603786));
#1622=CARTESIAN_POINT('Ctrl Pts',(-10.4615636505392,29.5553345602538,-25.9865216467224));
#1623=CARTESIAN_POINT('Ctrl Pts',(-10.4615636505392,29.5381483699429,-25.9675041203954));
#1624=CARTESIAN_POINT('Ctrl Pts',(-10.4615636505392,29.5196535796713,-25.9491136461362));
#1625=CARTESIAN_POINT('Ctrl Pts',(-10.4615636505392,29.5015505753835,-25.9311127480736));
#1626=CARTESIAN_POINT('Ctrl Pts',(-10.4615636505392,29.4821935020111,-25.9137134211473));
#1627=CARTESIAN_POINT('Ctrl Pts',(-10.4615636505392,29.4616315719674,-25.8971428075545));
#1628=CARTESIAN_POINT('Ctrl Pts',(-10.4615636505392,29.4414368663206,-25.8808681357128));
#1629=CARTESIAN_POINT('Ctrl Pts',(-10.4615636505392,29.4200798672262,-25.8653937181844));
#1630=CARTESIAN_POINT('Ctrl Pts',(-10.4615636505392,29.3976566574778,-25.850933452765));
#1631=CARTESIAN_POINT('Ctrl Pts',(-10.4615636505392,29.3755578243206,-25.8366823711181));
#1632=CARTESIAN_POINT('Ctrl Pts',(-10.4615636505392,29.3524235700044,-25.823417193784));
#1633=CARTESIAN_POINT('Ctrl Pts',(-10.4615636505392,29.3283938142697,-25.8113283697989));
#1634=CARTESIAN_POINT('Ctrl Pts',(-10.4615636505392,29.3046291879242,-25.7993729263839));
#1635=CARTESIAN_POINT('Ctrl Pts',(-10.4615636505392,29.2799891271434,-25.7885688323953));
#1636=CARTESIAN_POINT('Ctrl Pts',(-10.4615636505392,29.2546519308453,-25.7790736032727));
#1637=CARTESIAN_POINT('Ctrl Pts',(-10.4615636505392,29.2295067966861,-25.7696503503069));
#1638=CARTESIAN_POINT('Ctrl Pts',(-10.4615636505392,29.2036756950975,-25.7615168619316));
#1639=CARTESIAN_POINT('Ctrl Pts',(-10.4615636505392,29.1773676014622,-25.7547895785799));
#1640=CARTESIAN_POINT('Ctrl Pts',(-10.4615636505392,29.1511679063823,-25.7480900139906));
#1641=CARTESIAN_POINT('Ctrl Pts',(-10.4615636505392,29.1244959561544,-25.7427855505622));
#1642=CARTESIAN_POINT('Ctrl Pts',(-10.4615636505392,29.0975818171122,-25.7389453378799));
#1643=CARTESIAN_POINT('Ctrl Pts',(-10.4615636505392,29.070685541289,-25.7351076739903));
#1644=CARTESIAN_POINT('Ctrl Pts',(-10.4615636505392,29.0435483193251,-25.7327325247032));
#1645=CARTESIAN_POINT('Ctrl Pts',(-10.4615636505392,29.0164103732751,-25.7318379341515));
#1646=CARTESIAN_POINT('Ctrl Pts',(-10.4615636505392,28.9891969164347,-25.7309408544194));
#1647=CARTESIAN_POINT('Ctrl Pts',(-10.4615636505392,28.9619836793665,-25.7315325144479));
#1648=CARTESIAN_POINT('Ctrl Pts',(-10.4615636505392,28.9350094220439,-25.7335787504335));
#1649=CARTESIAN_POINT('Ctrl Pts',(-10.4615636505392,28.9078675750088,-25.735637699581));
#1650=CARTESIAN_POINT('Ctrl Pts',(-10.4615636505392,28.8809685765265,-25.739169012451));
#1651=CARTESIAN_POINT('Ctrl Pts',(-10.4615636505392,28.8545381664551,-25.7440880308046));
#1652=CARTESIAN_POINT('Ctrl Pts',(-10.4615636505392,28.8278534131541,-25.7490543855034));
#1653=CARTESIAN_POINT('Ctrl Pts',(-10.4615636505392,28.801647063236,-25.7554346964579));
#1654=CARTESIAN_POINT('Ctrl Pts',(-10.4615636505392,28.7761210828117,-25.7630982198129));
#1655=CARTESIAN_POINT('Ctrl Pts',(-10.4615636505392,28.7502630647292,-25.7708614289901));
#1656=CARTESIAN_POINT('Ctrl Pts',(-10.4615636505392,28.7251037822213,-25.7799406755676));
#1657=CARTESIAN_POINT('Ctrl Pts',(-10.4615636505392,28.7008121501966,-25.7901659005299));
#1658=CARTESIAN_POINT('Ctrl Pts',(-10.4615636505392,28.6761231025712,-25.8005584120671));
#1659=CARTESIAN_POINT('Ctrl Pts',(-10.4615636505392,28.6523306312851,-25.8121338100242));
#1660=CARTESIAN_POINT('Ctrl Pts',(-10.4615636505392,28.6295633329035,-25.8246913442677));
#1661=CARTESIAN_POINT('Ctrl Pts',(-10.4615636505392,28.6063357716521,-25.8375027411633));
#1662=CARTESIAN_POINT('Ctrl Pts',(-10.4615636505392,28.5841752934856,-25.8513354479786));
#1663=CARTESIAN_POINT('Ctrl Pts',(-10.4615636505392,28.5631653917236,-25.8659675214008));
#1664=CARTESIAN_POINT('Ctrl Pts',(-10.4615636505392,28.5533170002727,-25.8728263058174));
#1665=CARTESIAN_POINT('Ctrl Pts',(-10.4615636505392,28.5437206680485,-25.8798606982285));
#1666=CARTESIAN_POINT('Ctrl Pts',(-10.4615636505392,28.5343811722265,-25.8870480519583));
#1667=CARTESIAN_POINT('Ctrl Pts',(-10.4615636505392,28.5290195763133,-25.8911741511738));
#1668=CARTESIAN_POINT('Ctrl Pts',(-10.4615636505392,28.523742581188,-25.8953506670244));
#1669=CARTESIAN_POINT('Ctrl Pts',(-10.4615636505392,28.5185507523825,-25.8995733840831));
#1670=CARTESIAN_POINT('Ctrl Pts',(-10.4615636505392,28.5165644493473,-25.9011889218877));
#1671=CARTESIAN_POINT('Ctrl Pts',(-10.4615636505392,28.5145904375063,-25.9028113001144));
#1672=CARTESIAN_POINT('Ctrl Pts',(-10.4615636505392,28.5126178758727,-25.9044495038322));
#1673=CARTESIAN_POINT('Ctrl Pts',(-10.4615636505392,28.493309635541,-25.9204849120826));
#1674=CARTESIAN_POINT('Ctrl Pts',(-10.4615636505392,28.4744075653684,-25.9378233401976));
#1675=CARTESIAN_POINT('Ctrl Pts',(-10.4615636505392,28.4561420338388,-25.9564607543012));
#1676=CARTESIAN_POINT('Ctrl Pts',(-10.4615636505392,28.4382477501293,-25.9747193620532));
#1677=CARTESIAN_POINT('Ctrl Pts',(-10.4615636505392,28.420965198472,-25.994224998777));
#1678=CARTESIAN_POINT('Ctrl Pts',(-10.4615636505392,28.404521487851,-26.0149259333655));
#1679=CARTESIAN_POINT('Ctrl Pts',(-10.4615636505392,28.3883608583804,-26.0352704980011));
#1680=CARTESIAN_POINT('Ctrl Pts',(-10.4615636505392,28.3730113168336,-26.0567696341665));
#1681=CARTESIAN_POINT('Ctrl Pts',(-10.4615636505392,28.3586862528961,-26.0793245873411));
#1682=CARTESIAN_POINT('Ctrl Pts',(-10.4615636505392,28.3445626352573,-26.1015623613496));
#1683=CARTESIAN_POINT('Ctrl Pts',(-10.4615636505392,28.3314357660921,-26.1248262843596));
#1684=CARTESIAN_POINT('Ctrl Pts',(-10.4615636505392,28.3194949470931,-26.1489737912707));
#1685=CARTESIAN_POINT('Ctrl Pts',(-10.4615636505392,28.3076839705807,-26.1728587221941));
#1686=CARTESIAN_POINT('Ctrl Pts',(-10.4615636505392,28.2970341964415,-26.1976076918882));
#1687=CARTESIAN_POINT('Ctrl Pts',(-10.4615636505392,28.2877012538927,-26.2230400678281));
#1688=CARTESIAN_POINT('Ctrl Pts',(-10.4615636505392,28.2784397706646,-26.2482777162962));
#1689=CARTESIAN_POINT('Ctrl Pts',(-10.4615636505392,28.2704756859716,-26.2741876896309));
#1690=CARTESIAN_POINT('Ctrl Pts',(-10.4615636505392,28.2639228471854,-26.3005593402402));
#1691=CARTESIAN_POINT('Ctrl Pts',(-10.4615636505392,28.2573989669758,-26.3268144481587));
#1692=CARTESIAN_POINT('Ctrl Pts',(-10.4615636505392,28.2522743274161,-26.3535263361073));
#1693=CARTESIAN_POINT('Ctrl Pts',(-10.4615636505392,28.2486149759555,-26.380464272097));
#1694=CARTESIAN_POINT('Ctrl Pts',(-10.4615636505392,28.2449511445146,-26.4074351869975));
#1695=CARTESIAN_POINT('Ctrl Pts',(-10.4615636505392,28.2427563950433,-26.4346317763268));
#1696=CARTESIAN_POINT('Ctrl Pts',(-10.4615636505392,28.2420455635742,-26.4618126928745));
#1697=CARTESIAN_POINT('Ctrl Pts',(-10.4615636505392,28.2413325777755,-26.4890759871067));
#1698=CARTESIAN_POINT('Ctrl Pts',(-10.4615636505392,28.24211242914,-26.5163225600044));
#1699=CARTESIAN_POINT('Ctrl Pts',(-10.4615636505392,28.244347451644,-26.5433133005462));
#1700=CARTESIAN_POINT('Ctrl Pts',(-10.4615636505392,28.246595682099,-26.5704635439022));
#1701=CARTESIAN_POINT('Ctrl Pts',(-10.4615636505392,28.250315966086,-26.5973540364128));
#1702=CARTESIAN_POINT('Ctrl Pts',(-10.4615636505392,28.2554202111576,-26.6237598812082));
#1703=CARTESIAN_POINT('Ctrl Pts',(-10.4615636505392,28.2605692643183,-26.6503975321627));
#1704=CARTESIAN_POINT('Ctrl Pts',(-10.4615636505392,28.2671260745649,-26.6765412534709));
#1705=CARTESIAN_POINT('Ctrl Pts',(-10.4615636505392,28.2749571368494,-26.7019913158364));
#1706=CARTESIAN_POINT('Ctrl Pts',(-10.4615636505392,28.2829496703136,-26.7279661411835));
#1707=CARTESIAN_POINT('Ctrl Pts',(-10.4615636505392,28.2922687804365,-26.7532178094337));
#1708=CARTESIAN_POINT('Ctrl Pts',(-10.4615636505392,28.3027383175361,-26.7775766767132));
#1709=CARTESIAN_POINT('Ctrl Pts',(-10.4615636505392,28.3133420141021,-26.8022476850746));
#1710=CARTESIAN_POINT('Ctrl Pts',(-10.4615636505392,28.3251248755716,-26.8260026062865));
#1711=CARTESIAN_POINT('Ctrl Pts',(-10.4615636505392,28.3378823180104,-26.8487150728542));
#1712=CARTESIAN_POINT('Ctrl Pts',(-10.4615636505392,28.3509693809994,-26.8720143730104));
#1713=CARTESIAN_POINT('Ctrl Pts',(-10.4615636505392,28.3650810742582,-26.8942165874905));
#1714=CARTESIAN_POINT('Ctrl Pts',(-10.4615636505392,28.3799886324058,-26.9152401618775));
#1715=CARTESIAN_POINT('Ctrl Pts',(-10.4615636505392,28.3899988363854,-26.929357179964));
#1716=CARTESIAN_POINT('Ctrl Pts',(-10.4615636505392,28.4003677616116,-26.9429439318553));
#1717=CARTESIAN_POINT('Ctrl Pts',(-10.4615636505392,28.4110273598664,-26.9559887983864));
#1718=CARTESIAN_POINT('',(-10.4615636505425,31.3686387087099,-33.3011643371615));
#1719=CARTESIAN_POINT('Origin',(-10.4615636505412,22.7980472106718,-31.5451677218978));
#1720=CARTESIAN_POINT('',(-10.4615636505424,29.8992140832139,-32.9998487418494));
#1721=CARTESIAN_POINT('Origin',(-10.4615636505425,30.6339263788122,-33.1505064721283));
#1722=CARTESIAN_POINT('Origin',(-10.4615636505411,22.7969979130413,-31.543486912548));
#1723=CARTESIAN_POINT('',(-10.4615636505443,16.0214348015795,-37.0801227618383));
#1724=CARTESIAN_POINT('',(-10.4615636505417,14.0474849143318,-31.5284989449072));
#1725=CARTESIAN_POINT('Origin',(-10.4615636505418,22.7988836677963,-31.5416443942223));
#1726=CARTESIAN_POINT('',(-10.4615636505417,15.5470019952273,-31.5323213696059));
#1727=CARTESIAN_POINT('Ctrl Pts',(-10.4615636505417,14.0474849143318,-31.5284989449072));
#1728=CARTESIAN_POINT('Ctrl Pts',(-10.4615636505417,14.0475304540399,-31.5034169086747));
#1729=CARTESIAN_POINT('Ctrl Pts',(-10.4615636505417,14.0488427313911,-31.477815621355));
#1730=CARTESIAN_POINT('Ctrl Pts',(-10.4615636505417,14.0515656377854,-31.4518744460663));
#1731=CARTESIAN_POINT('Ctrl Pts',(-10.4615636505417,14.0542309589119,-31.4264818865994));
#1732=CARTESIAN_POINT('Ctrl Pts',(-10.4615636505417,14.0582486337848,-31.4007640826981));
#1733=CARTESIAN_POINT('Ctrl Pts',(-10.4615636505417,14.0637239323371,-31.3749281508615));
#1734=CARTESIAN_POINT('Ctrl Pts',(-10.4615636505417,14.0691015314047,-31.3495532271694));
#1735=CARTESIAN_POINT('Ctrl Pts',(-10.4615636505417,14.0758858225401,-31.3240649780989));
#1736=CARTESIAN_POINT('Ctrl Pts',(-10.4615636505417,14.0841373831366,-31.29868987707));
#1737=CARTESIAN_POINT('Ctrl Pts',(-10.4615636505417,14.0922696270586,-31.2736816972594));
#1738=CARTESIAN_POINT('Ctrl Pts',(-10.4615636505417,14.1018274433289,-31.2487842047314));
#1739=CARTESIAN_POINT('Ctrl Pts',(-10.4615636505417,14.1128226162661,-31.2242333922677));
#1740=CARTESIAN_POINT('Ctrl Pts',(-10.4615636505417,14.1236964990645,-31.1999534051442));
#1741=CARTESIAN_POINT('Ctrl Pts',(-10.4615636505417,14.1359763923501,-31.1760133829373));
#1742=CARTESIAN_POINT('Ctrl Pts',(-10.4615636505417,14.1496235253898,-31.1526480311296));
#1743=CARTESIAN_POINT('Ctrl Pts',(-10.4615636505417,14.1631672244495,-31.1294597693615));
#1744=CARTESIAN_POINT('Ctrl Pts',(-10.4615636505417,14.1780574427452,-31.1068384213277));
#1745=CARTESIAN_POINT('Ctrl Pts',(-10.4615636505417,14.1942056833498,-31.0850062252038));
#1746=CARTESIAN_POINT('Ctrl Pts',(-10.4615636505417,14.2102874090211,-31.0632639563423));
#1747=CARTESIAN_POINT('Ctrl Pts',(-10.4615636505417,14.2276164741716,-31.0423052229784));
#1748=CARTESIAN_POINT('Ctrl Pts',(-10.4615636505417,14.2460581609582,-31.0223289213206));
#1749=CARTESIAN_POINT('Ctrl Pts',(-10.4615636505417,14.2644876418542,-31.00236584126));
#1750=CARTESIAN_POINT('Ctrl Pts',(-10.4615636505417,14.2840276884117,-30.9833846351849));
#1751=CARTESIAN_POINT('Ctrl Pts',(-10.4615636505417,14.3045034304159,-30.965550992403));
#1752=CARTESIAN_POINT('Ctrl Pts',(-10.4615636505417,14.3250361857671,-30.9476676930244));
#1753=CARTESIAN_POINT('Ctrl Pts',(-10.4615636505417,14.3465090755963,-30.9309389011306));
#1754=CARTESIAN_POINT('Ctrl Pts',(-10.4615636505417,14.3687153885474,-30.9154889057925));
#1755=CARTESIAN_POINT('Ctrl Pts',(-10.4615636505417,14.3910596985045,-30.8999428993289));
#1756=CARTESIAN_POINT('Ctrl Pts',(-10.4615636505417,14.4141456687008,-30.8856919288473));
#1757=CARTESIAN_POINT('Ctrl Pts',(-10.4615636505417,14.4377447909577,-30.8728129109457));
#1758=CARTESIAN_POINT('Ctrl Pts',(-10.4615636505417,14.4615710136666,-30.8598099549267));
#1759=CARTESIAN_POINT('Ctrl Pts',(-10.4615636505417,14.4859193584206,-30.8482055051574));
#1760=CARTESIAN_POINT('Ctrl Pts',(-10.4615636505417,14.5105506440561,-30.8380257318705));
#1761=CARTESIAN_POINT('Ctrl Pts',(-10.4615636505417,14.5355022932988,-30.8277135566887));
#1762=CARTESIAN_POINT('Ctrl Pts',(-10.4615636505417,14.5607433743806,-30.8188631050216));
#1763=CARTESIAN_POINT('Ctrl Pts',(-10.4615636505417,14.5860355044163,-30.8114491911941));
#1764=CARTESIAN_POINT('Ctrl Pts',(-10.4615636505417,14.6117413414555,-30.8039140069133));
#1765=CARTESIAN_POINT('Ctrl Pts',(-10.4615636505417,14.6374991099895,-30.7978622375914));
#1766=CARTESIAN_POINT('Ctrl Pts',(-10.4615636505417,14.66308230836,-30.7932194399525));
#1767=CARTESIAN_POINT('Ctrl Pts',(-10.4615636505417,14.689182290553,-30.7884828572177));
#1768=CARTESIAN_POINT('Ctrl Pts',(-10.4615636505417,14.7150999545625,-30.7852120431845));
#1769=CARTESIAN_POINT('Ctrl Pts',(-10.4615636505417,14.7406303960845,-30.7832876454608));
#1770=CARTESIAN_POINT('Ctrl Pts',(-10.4615636505417,14.752597790548,-30.7823855840278));
#1771=CARTESIAN_POINT('Ctrl Pts',(-10.4615636505417,14.7644806642409,-30.7817788641267));
#1772=CARTESIAN_POINT('Ctrl Pts',(-10.4615636505417,14.7762610107471,-30.7814529441492));
#1773=CARTESIAN_POINT('Ctrl Pts',(-10.4615636505417,14.7830248971647,-30.7812658116478));
#1774=CARTESIAN_POINT('Ctrl Pts',(-10.4615636505417,14.789755021175,-30.7811712269147));
#1775=CARTESIAN_POINT('Ctrl Pts',(-10.4615636505417,14.7964482806257,-30.7811662774317));
#1776=CARTESIAN_POINT('Ctrl Pts',(-10.4615636505417,14.799007589125,-30.7811643848928));
#1777=CARTESIAN_POINT('Ctrl Pts',(-10.4615636505417,14.8015617084739,-30.7811755480349));
#1778=CARTESIAN_POINT('Ctrl Pts',(-10.4615636505417,14.8041246906738,-30.781199886547));
#1779=CARTESIAN_POINT('Ctrl Pts',(-10.4615636505417,14.8292222366109,-30.7814382170844));
#1780=CARTESIAN_POINT('Ctrl Pts',(-10.4615636505417,14.8548278026351,-30.782943336383));
#1781=CARTESIAN_POINT('Ctrl Pts',(-10.4615636505417,14.8807602296591,-30.785857607897));
#1782=CARTESIAN_POINT('Ctrl Pts',(-10.4615636505417,14.9061655825859,-30.7887126471214));
#1783=CARTESIAN_POINT('Ctrl Pts',(-10.4615636505417,14.9318842158858,-30.7929208883913));
#1784=CARTESIAN_POINT('Ctrl Pts',(-10.4615636505417,14.957707374092,-30.7985856554936));
#1785=CARTESIAN_POINT('Ctrl Pts',(-10.4615636505417,14.9830859862212,-30.8041529035407));
#1786=CARTESIAN_POINT('Ctrl Pts',(-10.4615636505417,15.0085649199402,-30.8111275738304));
#1787=CARTESIAN_POINT('Ctrl Pts',(-10.4615636505417,15.0339163587661,-30.8195678669487));
#1788=CARTESIAN_POINT('Ctrl Pts',(-10.4615636505417,15.058911296595,-30.8278894696475));
#1789=CARTESIAN_POINT('Ctrl Pts',(-10.4615636505417,15.0837815015533,-30.83763618057));
#1790=CARTESIAN_POINT('Ctrl Pts',(-10.4615636505417,15.1082901644024,-30.8488170196862));
#1791=CARTESIAN_POINT('Ctrl Pts',(-10.4615636505417,15.1325323277915,-30.8598762818888));
#1792=CARTESIAN_POINT('Ctrl Pts',(-10.4615636505417,15.1564198702399,-30.8723388259673));
#1793=CARTESIAN_POINT('Ctrl Pts',(-10.4615636505417,15.1797180480293,-30.8861628909755));
#1794=CARTESIAN_POINT('Ctrl Pts',(-10.4615636505417,15.202837842734,-30.8998811116819));
#1795=CARTESIAN_POINT('Ctrl Pts',(-10.4615636505417,15.2253763410444,-30.9149399888953));
#1796=CARTESIAN_POINT('Ctrl Pts',(-10.4615636505417,15.2471122377277,-30.931248102466));
#1797=CARTESIAN_POINT('Ctrl Pts',(-10.4615636505417,15.2687520815388,-30.9474841490235));
#1798=CARTESIAN_POINT('Ctrl Pts',(-10.4615636505417,15.2895955385913,-30.9649580533124));
#1799=CARTESIAN_POINT('Ctrl Pts',(-10.4615636505417,15.3094456799168,-30.9835326347774));
#1800=CARTESIAN_POINT('Ctrl Pts',(-10.4615636505417,15.3293201269654,-31.0021299600922));
#1801=CARTESIAN_POINT('Ctrl Pts',(-10.4615636505417,15.3481980804298,-31.0218300694129));
#1802=CARTESIAN_POINT('Ctrl Pts',(-10.4615636505417,15.3659156129314,-31.0424552089407));
#1803=CARTESIAN_POINT('Ctrl Pts',(-10.4615636505417,15.3836868446576,-31.0631428602206));
#1804=CARTESIAN_POINT('Ctrl Pts',(-10.4615636505417,15.4002900776173,-31.0847603619579));
#1805=CARTESIAN_POINT('Ctrl Pts',(-10.4615636505417,15.4156035031199,-31.1070985361191));
#1806=CARTESIAN_POINT('Ctrl Pts',(-10.4615636505417,15.4310074259552,-31.1295687215781));
#1807=CARTESIAN_POINT('Ctrl Pts',(-10.4615636505417,15.4451059768499,-31.1527672037664));
#1808=CARTESIAN_POINT('Ctrl Pts',(-10.4615636505417,15.457825421249,-31.1764639781708));
#1809=CARTESIAN_POINT('Ctrl Pts',(-10.4615636505417,15.4706565261722,-31.2003687800771));
#1810=CARTESIAN_POINT('Ctrl Pts',(-10.4615636505417,15.4820842124563,-31.2247797063736));
#1811=CARTESIAN_POINT('Ctrl Pts',(-10.4615636505417,15.4920858500062,-31.2494575850906));
#1812=CARTESIAN_POINT('Ctrl Pts',(-10.4615636505417,15.5022937151535,-31.2746443064458));
#1813=CARTESIAN_POINT('Ctrl Pts',(-10.4615636505417,15.511016332866,-31.3001081556102));
#1814=CARTESIAN_POINT('Ctrl Pts',(-10.4615636505417,15.5182831372937,-31.3256063542814));
#1815=CARTESIAN_POINT('Ctrl Pts',(-10.4615636505417,15.5256430612861,-31.3514312964592));
#1816=CARTESIAN_POINT('Ctrl Pts',(-10.4615636505417,15.5315101838049,-31.3772906834406));
#1817=CARTESIAN_POINT('Ctrl Pts',(-10.4615636505417,15.5359633163359,-31.4029573325296));
#1818=CARTESIAN_POINT('Ctrl Pts',(-10.4615636505417,15.5405315059275,-31.4292871393353));
#1819=CARTESIAN_POINT('Ctrl Pts',(-10.4615636505417,15.5436123987909,-31.4554134604969));
#1820=CARTESIAN_POINT('Ctrl Pts',(-10.4615636505417,15.5453318568103,-31.4811285863998));
#1821=CARTESIAN_POINT('Ctrl Pts',(-10.4615636505417,15.5464863678332,-31.4983947225742));
#1822=CARTESIAN_POINT('Ctrl Pts',(-10.4615636505417,15.5470279433281,-31.5154763084776));
#1823=CARTESIAN_POINT('Ctrl Pts',(-10.4615636505417,15.5470019952273,-31.5323213696056));
#1824=CARTESIAN_POINT('',(-10.4615636505438,17.1829591273335,-36.1309859580428));
#1825=CARTESIAN_POINT('Origin',(-10.4615636505417,22.7969948599039,-31.5434892451079));
#1826=CARTESIAN_POINT('Origin',(-10.461563650544,16.6021970358605,-36.6055545587157));
#1827=CARTESIAN_POINT('Origin',(-11.4615636505465,16.4023941279981,-42.0390598717107));
#1828=CARTESIAN_POINT('',(-11.4615636505453,28.011338695773,-39.3623024285513));
#1829=CARTESIAN_POINT('',(-11.4615636505448,29.2510870771157,-38.2643803150773));
#1830=CARTESIAN_POINT('',(-11.4615636505484,20.1765735577173,-46.300776419241));
#1831=CARTESIAN_POINT('Origin',(-11.4615636505473,31.9892644108353,-43.8540845921748));
#1832=CARTESIAN_POINT('',(-11.4615636505456,14.9832978248962,-39.9751798798016));
#1833=CARTESIAN_POINT('Origin',(-11.4615636505445,20.4693913773296,-37.5456166404633));
#1834=CARTESIAN_POINT('',(-11.4615636505422,12.1126659055609,-32.5657459422929));
#1835=CARTESIAN_POINT('Ctrl Pts',(-11.4615636505759,14.9832978248962,-39.9751798798016));
#1836=CARTESIAN_POINT('Ctrl Pts',(-11.4615636505497,14.0942869180481,-37.9677421127454));
#1837=CARTESIAN_POINT('Ctrl Pts',(-11.4615636505254,12.8547652332452,-35.4877229686233));
#1838=CARTESIAN_POINT('Ctrl Pts',(-11.4615636505422,12.1126659055609,-32.5657459422929));
#1839=CARTESIAN_POINT('Origin',(-11.4615636505418,15.9895858409566,-31.581118187996));
#1840=CARTESIAN_POINT('Origin',(-11.4615636505468,33.229012792178,-42.7561624787009));
#1841=CARTESIAN_POINT('',(-11.4615636505465,24.7204795650784,-40.0739312428418));
#1842=CARTESIAN_POINT('',(-11.4615636505465,21.757712746923,-42.3544817929575));
#1843=CARTESIAN_POINT('Origin',(-11.4615636505465,22.321051624661,-40.0215331632525));
#1844=CARTESIAN_POINT('',(-11.4615636505465,26.6324010195819,-37.3434244285452));
#1845=CARTESIAN_POINT('Origin',(-11.4615636505465,27.7197644906,-40.1394288423284));
#1846=CARTESIAN_POINT('',(-11.4615636505465,27.6382750239952,-36.6037870491272));
#1847=CARTESIAN_POINT('Origin',(-11.4615636505465,25.7625102427673,-35.1066208975186));
#1848=CARTESIAN_POINT('',(-11.4615636505465,30.676729714166,-35.1000366397575));
#1849=CARTESIAN_POINT('Origin',(-11.4615636505465,30.76454274399,-39.0990726325696));
#1850=CARTESIAN_POINT('',(-11.4615636505465,32.5441784365462,-33.5422169212145));
#1851=CARTESIAN_POINT('Origin',(-11.4615636505465,30.6339263788122,-33.1505064721283));
#1852=CARTESIAN_POINT('',(-11.4615636505465,30.5001644317588,-25.2463017606166));
#1853=CARTESIAN_POINT('Ctrl Pts',(-11.4615636505465,30.5001644317588,-25.2463017606166));
#1854=CARTESIAN_POINT('Ctrl Pts',(-11.4615636505465,30.9593103653779,-25.8077895799813));
#1855=CARTESIAN_POINT('Ctrl Pts',(-11.4615636505465,31.7511503548831,-27.0209610377933));
#1856=CARTESIAN_POINT('Ctrl Pts',(-11.4615636505465,32.5425746965496,-29.142874297322));
#1857=CARTESIAN_POINT('Ctrl Pts',(-11.4615636505465,32.8274443492329,-31.3895842798846));
#1858=CARTESIAN_POINT('Ctrl Pts',(-11.4615636505465,32.6898743037722,-32.8317027370229));
#1859=CARTESIAN_POINT('Ctrl Pts',(-11.4615636505465,32.5441784365462,-33.5422169212145));
#1860=CARTESIAN_POINT('',(-11.4615636505465,27.1160242047845,-25.951500507575));
#1861=CARTESIAN_POINT('Ctrl Pts',(-11.4615636505465,27.116024204785,-25.9515005075733));
#1862=CARTESIAN_POINT('Ctrl Pts',(-11.4615636505465,27.1582645756073,-25.8032775202461));
#1863=CARTESIAN_POINT('Ctrl Pts',(-11.4615636505465,27.3191936443548,-25.4159354711605));
#1864=CARTESIAN_POINT('Ctrl Pts',(-11.4615636505465,27.7298341171156,-24.9403446237684));
#1865=CARTESIAN_POINT('Ctrl Pts',(-11.4615636505465,28.3671235287622,-24.5807252631946));
#1866=CARTESIAN_POINT('Ctrl Pts',(-11.4615636505465,29.1897724993511,-24.4808785590056));
#1867=CARTESIAN_POINT('Ctrl Pts',(-11.4615636505465,29.9786140616023,-24.74146347672));
#1868=CARTESIAN_POINT('Ctrl Pts',(-11.4615636505465,30.3457990527527,-25.0575289245808));
#1869=CARTESIAN_POINT('Ctrl Pts',(-11.4615636505465,30.5001644317588,-25.2463017606166));
#1870=CARTESIAN_POINT('',(-11.4615636505465,22.3074705613011,-29.5811660401443));
#1871=CARTESIAN_POINT('Origin',(-11.4615636505465,22.3074710494818,-24.5811660401443));
#1872=CARTESIAN_POINT('',(-11.4615636505459,14.7975018940306,-29.5811317126832));
#1873=CARTESIAN_POINT('Ctrl Pts',(-11.4615636505465,14.7975018940306,-29.5811317110046));
#1874=CARTESIAN_POINT('Ctrl Pts',(-11.4615636505465,17.3008247829684,-29.5811637195881));
#1875=CARTESIAN_POINT('Ctrl Pts',(-11.4615636505465,19.8041476722889,-29.5811657957295));
#1876=CARTESIAN_POINT('Ctrl Pts',(-11.4615636505465,22.3074705616328,-29.5811660401443));
#1877=CARTESIAN_POINT('',(-11.4615636505439,12.847371096916,-31.526534438261));
#1878=CARTESIAN_POINT('Origin',(-11.4615636505465,14.7973656809588,-31.5311317094223));
#1879=CARTESIAN_POINT('',(-11.4615636505465,16.215472267746,-39.2606100377322));
#1880=CARTESIAN_POINT('Ctrl Pts',(-11.4615636505465,16.215472267746,-39.2606100377322));
#1881=CARTESIAN_POINT('Ctrl Pts',(-11.4615636505465,15.9208255888971,-38.8900918642282));
#1882=CARTESIAN_POINT('Ctrl Pts',(-11.4615636505465,15.6261789100481,-38.5195736907242));
#1883=CARTESIAN_POINT('Ctrl Pts',(-11.4615636505465,15.3315322311992,-38.1490555172202));
#1884=CARTESIAN_POINT('Ctrl Pts',(-11.4615636505465,15.1182454190912,-37.8808473691986));
#1885=CARTESIAN_POINT('Ctrl Pts',(-11.4615636505465,14.9049586069832,-37.6126392211771));
#1886=CARTESIAN_POINT('Ctrl Pts',(-11.4615636505465,14.7061474885701,-37.3338414606142));
#1887=CARTESIAN_POINT('Ctrl Pts',(-11.4615636505465,14.4981466299228,-37.0421566994756));
#1888=CARTESIAN_POINT('Ctrl Pts',(-11.4615636505465,14.3059906275281,-36.7388807226051));
#1889=CARTESIAN_POINT('Ctrl Pts',(-11.4615636505465,14.1310162808549,-36.4268808591812));
#1890=CARTESIAN_POINT('Ctrl Pts',(-11.4615636505465,13.8523855824256,-35.9300495149954));
#1891=CARTESIAN_POINT('Ctrl Pts',(-11.4615636505465,13.6173235415459,-35.4110964363325));
#1892=CARTESIAN_POINT('Ctrl Pts',(-11.4615636505465,13.4270721238417,-34.8762050116902));
#1893=CARTESIAN_POINT('Ctrl Pts',(-11.4615636505465,13.2368207061375,-34.341313587048));
#1894=CARTESIAN_POINT('Ctrl Pts',(-11.4615636505465,13.0913799116087,-33.7904838164264));
#1895=CARTESIAN_POINT('Ctrl Pts',(-11.4615636505465,12.9936913913893,-33.2292945402547));
#1896=CARTESIAN_POINT('Ctrl Pts',(-11.4615636505465,12.8960028711698,-32.6681052640831));
#1897=CARTESIAN_POINT('Ctrl Pts',(-11.4615636505465,12.8460666252596,-32.0965564823613));
#1898=CARTESIAN_POINT('Ctrl Pts',(-11.4615636505465,12.8473710943112,-31.5265344382549));
#1899=CARTESIAN_POINT('Origin',(-11.4615636505465,24.5284707932995,-30.8800425806401));
#1900=CARTESIAN_POINT('Origin',(-12.9615636505465,25.7625102427673,-35.1066208975186));
#1901=CARTESIAN_POINT('',(-12.9615636505465,26.6324010195819,-37.3434244285452));
#1902=CARTESIAN_POINT('',(-11.4615636505465,26.6324010195819,-37.3434244285452));
#1903=CARTESIAN_POINT('',(-12.9615636505465,27.6382750239952,-36.6037870491272));
#1904=CARTESIAN_POINT('Origin',(-12.9615636505465,25.7625102427673,-35.1066208975186));
#1905=CARTESIAN_POINT('',(-11.4615636505465,27.6382750239952,-36.6037870491272));
#1906=CARTESIAN_POINT('Origin',(-12.9615636505465,13.4203235521396,-30.150168314716));
#1907=CARTESIAN_POINT('',(-12.9615636505465,24.7204795650784,-40.0739312428418));
#1908=CARTESIAN_POINT('Origin',(-12.9615636505465,27.7197644906,-40.1394288423284));
#1909=CARTESIAN_POINT('',(-12.9615636505465,21.7577127469228,-42.3544817929581));
#1910=CARTESIAN_POINT('Origin',(-12.9615636505465,22.321051624661,-40.0215331632525));
#1911=CARTESIAN_POINT('',(-12.9615636505465,16.2154722677459,-39.2606100377321));
#1912=CARTESIAN_POINT('Origin',(-12.9615636505465,24.5284707932995,-30.8800425806401));
#1913=CARTESIAN_POINT('',(-12.9615636505465,12.847371096916,-31.526534438261));
#1914=CARTESIAN_POINT('Ctrl Pts',(-12.9615636505465,16.2154722677459,-39.2606100377321));
#1915=CARTESIAN_POINT('Ctrl Pts',(-12.9615636505465,15.920825588897,-38.8900918642281));
#1916=CARTESIAN_POINT('Ctrl Pts',(-12.9615636505465,15.6261789100481,-38.5195736907242));
#1917=CARTESIAN_POINT('Ctrl Pts',(-12.9615636505465,15.3315322311992,-38.1490555172202));
#1918=CARTESIAN_POINT('Ctrl Pts',(-12.9615636505465,15.1182454190912,-37.8808473691986));
#1919=CARTESIAN_POINT('Ctrl Pts',(-12.9615636505465,14.9049586069832,-37.6126392211771));
#1920=CARTESIAN_POINT('Ctrl Pts',(-12.9615636505465,14.7061474885701,-37.3338414606142));
#1921=CARTESIAN_POINT('Ctrl Pts',(-12.9615636505465,14.4981466299228,-37.0421566994756));
#1922=CARTESIAN_POINT('Ctrl Pts',(-12.9615636505465,14.3059906275281,-36.7388807226051));
#1923=CARTESIAN_POINT('Ctrl Pts',(-12.9615636505465,14.1310162808549,-36.4268808591812));
#1924=CARTESIAN_POINT('Ctrl Pts',(-12.9615636505465,13.8523855824256,-35.9300495149954));
#1925=CARTESIAN_POINT('Ctrl Pts',(-12.9615636505465,13.6173235415459,-35.4110964363325));
#1926=CARTESIAN_POINT('Ctrl Pts',(-12.9615636505465,13.4270721238417,-34.8762050116902));
#1927=CARTESIAN_POINT('Ctrl Pts',(-12.9615636505465,13.2368207061375,-34.341313587048));
#1928=CARTESIAN_POINT('Ctrl Pts',(-12.9615636505465,13.0913799116087,-33.7904838164264));
#1929=CARTESIAN_POINT('Ctrl Pts',(-12.9615636505465,12.9936913913893,-33.2292945402547));
#1930=CARTESIAN_POINT('Ctrl Pts',(-12.9615636505465,12.8960028711698,-32.6681052640831));
#1931=CARTESIAN_POINT('Ctrl Pts',(-12.9615636505465,12.8460666252596,-32.0965564823613));
#1932=CARTESIAN_POINT('Ctrl Pts',(-12.9615636505465,12.8473710943112,-31.5265344382549));
#1933=CARTESIAN_POINT('',(-12.9615636505465,14.7975018940306,-29.5811317126832));
#1934=CARTESIAN_POINT('Origin',(-12.9615636505465,14.7973656809588,-31.5311317094223));
#1935=CARTESIAN_POINT('',(-12.9615636505465,22.3074705613012,-29.5811660401443));
#1936=CARTESIAN_POINT('Ctrl Pts',(-12.9615636505465,14.7975018940307,-29.5811317110046));
#1937=CARTESIAN_POINT('Ctrl Pts',(-12.9615636505465,17.3008247829685,-29.5811637195881));
#1938=CARTESIAN_POINT('Ctrl Pts',(-12.9615636505465,19.804147672289,-29.5811657957295));
#1939=CARTESIAN_POINT('Ctrl Pts',(-12.9615636505465,22.3074705616329,-29.5811660401443));
#1940=CARTESIAN_POINT('',(-12.9615636505465,27.1160242047845,-25.951500507575));
#1941=CARTESIAN_POINT('Origin',(-12.9615636505465,22.3074710494818,-24.5811660401443));
#1942=CARTESIAN_POINT('',(-12.9615636505465,30.5001644317588,-25.2463017606166));
#1943=CARTESIAN_POINT('Ctrl Pts',(-12.9615636505465,27.116024204785,-25.9515005075733));
#1944=CARTESIAN_POINT('Ctrl Pts',(-12.9615636505465,27.1582645756073,-25.8032775202461));
#1945=CARTESIAN_POINT('Ctrl Pts',(-12.9615636505465,27.3191936443548,-25.4159354711605));
#1946=CARTESIAN_POINT('Ctrl Pts',(-12.9615636505465,27.7298341171156,-24.9403446237684));
#1947=CARTESIAN_POINT('Ctrl Pts',(-12.9615636505465,28.3671235287622,-24.5807252631946));
#1948=CARTESIAN_POINT('Ctrl Pts',(-12.9615636505465,29.1897724993511,-24.4808785590056));
#1949=CARTESIAN_POINT('Ctrl Pts',(-12.9615636505465,29.9786140616023,-24.74146347672));
#1950=CARTESIAN_POINT('Ctrl Pts',(-12.9615636505465,30.3457990527527,-25.0575289245808));
#1951=CARTESIAN_POINT('Ctrl Pts',(-12.9615636505465,30.5001644317588,-25.2463017606166));
#1952=CARTESIAN_POINT('',(-12.9615636505465,32.5441784365462,-33.5422169212145));
#1953=CARTESIAN_POINT('Ctrl Pts',(-12.9615636505465,30.5001644317588,-25.2463017606166));
#1954=CARTESIAN_POINT('Ctrl Pts',(-12.9615636505465,30.9593103653779,-25.8077895799813));
#1955=CARTESIAN_POINT('Ctrl Pts',(-12.9615636505465,31.7511503548831,-27.0209610377933));
#1956=CARTESIAN_POINT('Ctrl Pts',(-12.9615636505465,32.5425746965496,-29.142874297322));
#1957=CARTESIAN_POINT('Ctrl Pts',(-12.9615636505465,32.8274443492329,-31.3895842798846));
#1958=CARTESIAN_POINT('Ctrl Pts',(-12.9615636505465,32.6898743037722,-32.8317027370229));
#1959=CARTESIAN_POINT('Ctrl Pts',(-12.9615636505465,32.5441784365462,-33.5422169212145));
#1960=CARTESIAN_POINT('',(-12.9615636505465,30.676729714166,-35.1000366397575));
#1961=CARTESIAN_POINT('Origin',(-12.9615636505465,30.6339263788122,-33.1505064721283));
#1962=CARTESIAN_POINT('Origin',(-12.9615636505465,30.76454274399,-39.0990726325696));
#1963=CARTESIAN_POINT('',(-12.9615636505465,29.8992140832139,-32.9998487418494));
#1964=CARTESIAN_POINT('',(-12.9615636505465,31.3686387087099,-33.3011643371615));
#1965=CARTESIAN_POINT('Origin',(-12.9615636505465,30.6339263788122,-33.1505064721283));
#1966=CARTESIAN_POINT('',(-12.9615636505465,29.5712104077629,-26.0059361603786));
#1967=CARTESIAN_POINT('Origin',(-12.9615636505465,22.7980471037074,-31.5451672916698));
#1968=CARTESIAN_POINT('',(-12.9615636505465,28.4110273598666,-26.9559887983867));
#1969=CARTESIAN_POINT('Ctrl Pts',(-12.9615636505465,29.5712104077629,-26.0059361603786));
#1970=CARTESIAN_POINT('Ctrl Pts',(-12.9615636505465,29.403440717493,-25.8007712429794));
#1971=CARTESIAN_POINT('Ctrl Pts',(-12.9615636505465,29.0778344091271,-25.6127406667026));
#1972=CARTESIAN_POINT('Ctrl Pts',(-12.9615636505465,28.7216673598457,-25.7332396238302));
#1973=CARTESIAN_POINT('Ctrl Pts',(-12.9615636505465,28.3115682103342,-26.0690621583723));
#1974=CARTESIAN_POINT('Ctrl Pts',(-12.9615636505465,28.1231997845103,-26.3944731320889));
#1975=CARTESIAN_POINT('Ctrl Pts',(-12.9615636505465,28.2433290065349,-26.7507650568899));
#1976=CARTESIAN_POINT('Ctrl Pts',(-12.9615636505465,28.4110273598666,-26.9559887983867));
#1977=CARTESIAN_POINT('Origin',(-12.9615636505465,22.7969979130413,-31.543486912548));
#1978=CARTESIAN_POINT('',(-12.9615636505465,25.7625102427674,-36.3066208975186));
#1979=CARTESIAN_POINT('Origin',(-12.9615636505465,25.7625102427674,-35.1066208975186));
#1980=CARTESIAN_POINT('',(-12.9615636505465,21.6327599010398,-41.0045156163993));
#1981=CARTESIAN_POINT('',(-12.9615636505465,23.0093433482823,-39.0385507101057));
#1982=CARTESIAN_POINT('Origin',(-12.9615636505465,22.3210516246611,-40.0215331632525));
#1983=CARTESIAN_POINT('',(-12.9615636505465,20.9625102427674,-35.1066208975186));
#1984=CARTESIAN_POINT('Origin',(-12.9615636505465,25.7625102427674,-35.1066208975186));
#1985=CARTESIAN_POINT('',(-12.9615636505465,18.5625102427674,-35.1066208975186));
#1986=CARTESIAN_POINT('Origin',(-12.9615636505465,19.7625102427674,-35.1066208975186));
#1987=CARTESIAN_POINT('Origin',(-12.9615636505465,25.7625102427674,-35.1066208975186));
#1988=CARTESIAN_POINT('',(-12.9615636505465,16.0214348015795,-37.0801227618383));
#1989=CARTESIAN_POINT('',(-12.9615636505465,14.0474849143318,-31.5284989449072));
#1990=CARTESIAN_POINT('Origin',(-12.9615636505465,22.7988836412005,-31.5416443554363));
#1991=CARTESIAN_POINT('',(-12.9615636505465,17.1829591273335,-36.1309859580428));
#1992=CARTESIAN_POINT('Origin',(-12.9615636505465,16.6021970358605,-36.6055545587157));
#1993=CARTESIAN_POINT('',(-12.9615636505465,15.5470019952273,-31.5323213696059));
#1994=CARTESIAN_POINT('Origin',(-12.9615636505465,22.7969948599039,-31.5434892451079));
#1995=CARTESIAN_POINT('Ctrl Pts',(-12.9615636505465,14.0474849143318,-31.5284989449072));
#1996=CARTESIAN_POINT('Ctrl Pts',(-12.9615636505465,14.0479661847569,-31.2634282464662));
#1997=CARTESIAN_POINT('Ctrl Pts',(-12.9615636505465,14.1816626923386,-30.9120022805333));
#1998=CARTESIAN_POINT('Ctrl Pts',(-12.9615636505465,14.5339100977285,-30.7804852433575));
#1999=CARTESIAN_POINT('Ctrl Pts',(-12.9615636505465,15.0639631322732,-30.7818518871482));
#2000=CARTESIAN_POINT('Ctrl Pts',(-12.9615636505465,15.4155276741765,-30.9151835733589));
#2001=CARTESIAN_POINT('Ctrl Pts',(-12.9615636505465,15.5474102424532,-31.2672942858573));
#2002=CARTESIAN_POINT('Ctrl Pts',(-12.9615636505465,15.5470019952273,-31.5323213696059));
#2003=CARTESIAN_POINT('Origin',(-12.2115636505465,14.7973656809588,-31.5311317094223));
#2004=CARTESIAN_POINT('',(-11.4615636505465,12.8473710943112,-31.5265344382549));
#2005=CARTESIAN_POINT('',(-11.4615636505465,14.7975018940306,-29.5811317128651));
#2006=CARTESIAN_POINT('Ctrl Pts',(-11.4465636505465,14.7970028855162,-29.5811317046237));
#2007=CARTESIAN_POINT('Ctrl Pts',(-12.9765636505465,14.7970028855162,-29.5811317046237));
#2008=CARTESIAN_POINT('Ctrl Pts',(-11.4465636505465,17.4636695517333,-29.5811658060298));
#2009=CARTESIAN_POINT('Ctrl Pts',(-12.9765636505465,17.4636695517333,-29.5811658060298));
#2010=CARTESIAN_POINT('Ctrl Pts',(-11.4465636505465,20.1303362183848,-29.5811659392021));
#2011=CARTESIAN_POINT('Ctrl Pts',(-12.9765636505465,20.1303362183848,-29.5811659392021));
#2012=CARTESIAN_POINT('Ctrl Pts',(-11.4465636505465,22.7970028850363,-29.5811660723743));
#2013=CARTESIAN_POINT('Ctrl Pts',(-12.9765636505465,22.7970028850363,-29.5811660723743));
#2014=CARTESIAN_POINT('',(-11.4615636505465,22.307470561301,-29.5811660401443));
#2015=CARTESIAN_POINT('Ctrl Pts',(-11.4465636505465,27.1330390558359,-27.0709030715935));
#2016=CARTESIAN_POINT('Ctrl Pts',(-12.9765636505465,27.1330390558359,-27.0709030715935));
#2017=CARTESIAN_POINT('Ctrl Pts',(-11.4465636505465,27.0578087784393,-26.8287121328271));
#2018=CARTESIAN_POINT('Ctrl Pts',(-12.9765636505465,27.0578087784393,-26.8287121328271));
#2019=CARTESIAN_POINT('Ctrl Pts',(-11.4465636505465,26.9917903294727,-26.2800590049259));
#2020=CARTESIAN_POINT('Ctrl Pts',(-12.9765636505465,26.9917903294727,-26.2800590049259));
#2021=CARTESIAN_POINT('Ctrl Pts',(-11.4465636505465,27.2516008885035,-25.4942192696783));
#2022=CARTESIAN_POINT('Ctrl Pts',(-12.9765636505465,27.2516008885035,-25.4942192696783));
#2023=CARTESIAN_POINT('Ctrl Pts',(-11.4465636505465,27.7298341171156,-24.9403446237684));
#2024=CARTESIAN_POINT('Ctrl Pts',(-12.9765636505465,27.7298341171156,-24.9403446237684));
#2025=CARTESIAN_POINT('Ctrl Pts',(-11.4465636505465,28.3671235287622,-24.5807252631946));
#2026=CARTESIAN_POINT('Ctrl Pts',(-12.9765636505465,28.3671235287622,-24.5807252631946));
#2027=CARTESIAN_POINT('Ctrl Pts',(-11.4465636505465,29.1897724993511,-24.4808785590056));
#2028=CARTESIAN_POINT('Ctrl Pts',(-12.9765636505465,29.1897724993511,-24.4808785590056));
#2029=CARTESIAN_POINT('Ctrl Pts',(-11.4465636505465,29.9786140616023,-24.74146347672));
#2030=CARTESIAN_POINT('Ctrl Pts',(-12.9765636505465,29.9786140616023,-24.74146347672));
#2031=CARTESIAN_POINT('Ctrl Pts',(-11.4465636505465,30.3457990527527,-25.0575289245808));
#2032=CARTESIAN_POINT('Ctrl Pts',(-12.9765636505465,30.3457990527527,-25.0575289245808));
#2033=CARTESIAN_POINT('Ctrl Pts',(-11.4465636505465,30.5001644317588,-25.2463017606166));
#2034=CARTESIAN_POINT('Ctrl Pts',(-12.9765636505465,30.5001644317588,-25.2463017606166));
#2035=CARTESIAN_POINT('',(-12.9615636505465,27.1160242047856,-25.9515005075713));
#2036=CARTESIAN_POINT('',(-11.4615636505465,30.5001644317588,-25.2463017606166));
#2037=CARTESIAN_POINT('Ctrl Pts',(-11.4465636505465,30.5001644317588,-25.2463017606166));
#2038=CARTESIAN_POINT('Ctrl Pts',(-12.9765636505465,30.5001644317588,-25.2463017606166));
#2039=CARTESIAN_POINT('Ctrl Pts',(-11.4465636505465,30.9593103653779,-25.8077895799813));
#2040=CARTESIAN_POINT('Ctrl Pts',(-12.9765636505465,30.9593103653779,-25.8077895799813));
#2041=CARTESIAN_POINT('Ctrl Pts',(-11.4465636505465,31.7511503548831,-27.0209610377933));
#2042=CARTESIAN_POINT('Ctrl Pts',(-12.9765636505465,31.7511503548831,-27.0209610377933));
#2043=CARTESIAN_POINT('Ctrl Pts',(-11.4465636505465,32.5425746965496,-29.142874297322));
#2044=CARTESIAN_POINT('Ctrl Pts',(-12.9765636505465,32.5425746965496,-29.142874297322));
#2045=CARTESIAN_POINT('Ctrl Pts',(-11.4465636505465,32.8274443492329,-31.3895842798846));
#2046=CARTESIAN_POINT('Ctrl Pts',(-12.9765636505465,32.8274443492329,-31.3895842798846));
#2047=CARTESIAN_POINT('Ctrl Pts',(-11.4465636505465,32.6898743037722,-32.8317027370229));
#2048=CARTESIAN_POINT('Ctrl Pts',(-12.9765636505465,32.6898743037722,-32.8317027370229));
#2049=CARTESIAN_POINT('Ctrl Pts',(-11.4465636505465,32.5441784365462,-33.5422169212145));
#2050=CARTESIAN_POINT('Ctrl Pts',(-12.9765636505465,32.5441784365462,-33.5422169212145));
#2051=CARTESIAN_POINT('',(-11.4615636505465,32.5441784365462,-33.5422169212145));
#2052=CARTESIAN_POINT('Origin',(-12.3219231505465,30.6339263788122,-33.1505064721283));
#2053=CARTESIAN_POINT('',(-11.4615636505465,30.676729714166,-35.1000366397575));
#2054=CARTESIAN_POINT('Origin',(-12.9615636505465,30.76454274399,-39.0990726325696));
#2055=CARTESIAN_POINT('Origin',(-12.9615636505465,22.321051624661,-40.0215331632525));
#2056=CARTESIAN_POINT('',(-11.4615636505465,24.7204795650784,-40.0739312428418));
#2057=CARTESIAN_POINT('',(-11.4615636505465,21.7577127469228,-42.3544817929581));
#2058=CARTESIAN_POINT('Origin',(-12.9615636505465,24.5284707932995,-30.8800425806401));
#2059=CARTESIAN_POINT('',(-12.9615636505465,16.215472267746,-39.2606100377322));
#2060=CARTESIAN_POINT('Ctrl Pts',(-11.4465636505465,16.2307493355966,-39.2798209492505));
#2061=CARTESIAN_POINT('Ctrl Pts',(-12.9765636505465,16.2307493355966,-39.2798209492505));
#2062=CARTESIAN_POINT('Ctrl Pts',(-11.4465636505465,15.9310103007975,-38.9028991385737));
#2063=CARTESIAN_POINT('Ctrl Pts',(-12.9765636505465,15.9310103007975,-38.9028991385737));
#2064=CARTESIAN_POINT('Ctrl Pts',(-11.4465636505465,15.4179844538903,-38.2577691798754));
#2065=CARTESIAN_POINT('Ctrl Pts',(-12.9765636505465,15.4179844538903,-38.2577691798754));
#2066=CARTESIAN_POINT('Ctrl Pts',(-11.4465636505465,14.6818129378137,-37.3320335612422));
#2067=CARTESIAN_POINT('Ctrl Pts',(-12.9765636505465,14.6818129378137,-37.3320335612422));
#2068=CARTESIAN_POINT('Ctrl Pts',(-11.4465636505465,13.9999997084441,-36.2559413725865));
#2069=CARTESIAN_POINT('Ctrl Pts',(-12.9765636505465,13.9999997084441,-36.2559413725865));
#2070=CARTESIAN_POINT('Ctrl Pts',(-11.4465636505465,13.3822615006662,-34.8921433576696));
#2071=CARTESIAN_POINT('Ctrl Pts',(-12.9765636505465,13.3822615006662,-34.8921433576696));
#2072=CARTESIAN_POINT('Ctrl Pts',(-11.4465636505465,12.94593911708,-33.2396540458048));
#2073=CARTESIAN_POINT('Ctrl Pts',(-12.9765636505465,12.94593911708,-33.2396540458048));
#2074=CARTESIAN_POINT('Ctrl Pts',(-11.4465636505465,12.8460666252596,-32.0965564823613));
#2075=CARTESIAN_POINT('Ctrl Pts',(-12.9765636505465,12.8460666252596,-32.0965564823613));
#2076=CARTESIAN_POINT('Ctrl Pts',(-11.4465636505465,12.8473710943112,-31.5265344382549));
#2077=CARTESIAN_POINT('Ctrl Pts',(-12.9765636505465,12.8473710943112,-31.5265344382549));
#2078=CARTESIAN_POINT('Origin',(5.0384363494535,25.7625102427674,-35.1066208975186));
#2079=CARTESIAN_POINT('',(5.0384363494535,20.9625102427674,-35.1066208975186));
#2080=CARTESIAN_POINT('',(5.0384363494535,23.0093433482823,-39.0385507101057));
#2081=CARTESIAN_POINT('Origin',(5.0384363494535,22.3210516246611,-40.0215331632525));
#2082=CARTESIAN_POINT('',(5.0384363494535,21.6327599010398,-41.0045156163993));
#2083=CARTESIAN_POINT('Origin',(5.0384363494535,25.7625102427674,-35.1066208975186));
#2084=CARTESIAN_POINT('',(5.0384363494535,18.5625102427674,-35.1066208975186));
#2085=CARTESIAN_POINT('Origin',(5.0384363494535,19.7625102427674,-35.1066208975186));
#2086=CARTESIAN_POINT('Origin',(5.0384363494535,25.7625102427674,-35.1066208975186));
#2087=CARTESIAN_POINT('',(5.0384363494535,25.7625102427674,-36.3066208975186));
#2088=CARTESIAN_POINT('Ctrl Pts',(-10.4365636505417,14.0474849143318,-31.5284989449072));
#2089=CARTESIAN_POINT('Ctrl Pts',(-12.9865636505466,14.0474849143318,-31.5284989449072));
#2090=CARTESIAN_POINT('Ctrl Pts',(-10.4365636505417,14.043774139734,-33.5722929599627));
#2091=CARTESIAN_POINT('Ctrl Pts',(-12.9865636505466,14.043774139734,-33.5722929599627));
#2092=CARTESIAN_POINT('Ctrl Pts',(-10.4365636505417,14.7284216319837,-35.4977719863836));
#2093=CARTESIAN_POINT('Ctrl Pts',(-12.9865636505466,14.7284216319837,-35.4977719863836));
#2094=CARTESIAN_POINT('Ctrl Pts',(-10.4365636505417,16.0214348015795,-37.0801227618383));
#2095=CARTESIAN_POINT('Ctrl Pts',(-12.9865636505466,16.0214348015795,-37.0801227618383));
#2096=CARTESIAN_POINT('',(5.0384363494535,16.0214348015795,-37.0801227618383));
#2097=CARTESIAN_POINT('',(5.03843634945349,14.0474849143318,-31.5284989449072));
#2098=CARTESIAN_POINT('Origin',(5.03843634945349,16.6021970358605,-36.6055545587157));
#2099=CARTESIAN_POINT('',(5.0384363494535,17.1829592361942,-36.1309858690874));
#2100=CARTESIAN_POINT('Origin',(5.0384363494535,22.7969948599039,-31.5434892451079));
#2101=CARTESIAN_POINT('',(5.0384363494535,15.5470019952273,-31.5323213696059));
#2102=CARTESIAN_POINT('Ctrl Pts',(-10.4365636505413,15.5470019952273,-31.5323213696059));
#2103=CARTESIAN_POINT('Ctrl Pts',(-12.9865636505466,15.5470019952273,-31.5323213696059));
#2104=CARTESIAN_POINT('Ctrl Pts',(-10.4365636505413,15.5474102424532,-31.2672942858573));
#2105=CARTESIAN_POINT('Ctrl Pts',(-12.9865636505466,15.5474102424532,-31.2672942858573));
#2106=CARTESIAN_POINT('Ctrl Pts',(-10.4365636505413,15.4155276741765,-30.9151835733589));
#2107=CARTESIAN_POINT('Ctrl Pts',(-12.9865636505466,15.4155276741765,-30.9151835733589));
#2108=CARTESIAN_POINT('Ctrl Pts',(-10.4365636505413,15.0639631322732,-30.7818518871482));
#2109=CARTESIAN_POINT('Ctrl Pts',(-12.9865636505466,15.0639631322732,-30.7818518871482));
#2110=CARTESIAN_POINT('Ctrl Pts',(-10.4365636505413,14.5339100977285,-30.7804852433575));
#2111=CARTESIAN_POINT('Ctrl Pts',(-12.9865636505466,14.5339100977285,-30.7804852433575));
#2112=CARTESIAN_POINT('Ctrl Pts',(-10.4365636505413,14.1816626923386,-30.9120022805333));
#2113=CARTESIAN_POINT('Ctrl Pts',(-12.9865636505466,14.1816626923386,-30.9120022805333));
#2114=CARTESIAN_POINT('Ctrl Pts',(-10.4365636505413,14.0479661847569,-31.2634282464662));
#2115=CARTESIAN_POINT('Ctrl Pts',(-12.9865636505466,14.0479661847569,-31.2634282464662));
#2116=CARTESIAN_POINT('Ctrl Pts',(-10.4365636505414,14.0474849143318,-31.5284989449072));
#2117=CARTESIAN_POINT('Ctrl Pts',(-12.9865636505466,14.0474849143318,-31.5284989449072));
#2118=CARTESIAN_POINT('Ctrl Pts',(-10.4365636505391,29.5712104077629,-26.0059361603786));
#2119=CARTESIAN_POINT('Ctrl Pts',(-12.9865636505466,29.5712104077629,-26.0059361603786));
#2120=CARTESIAN_POINT('Ctrl Pts',(-10.4365636505391,31.266095372599,-28.0786045503145));
#2121=CARTESIAN_POINT('Ctrl Pts',(-12.9865636505466,31.266095372599,-28.0786045503145));
#2122=CARTESIAN_POINT('Ctrl Pts',(-10.4365636505391,31.9064716538009,-30.6783175571641));
#2123=CARTESIAN_POINT('Ctrl Pts',(-12.9865636505466,31.9064716538009,-30.6783175571641));
#2124=CARTESIAN_POINT('Ctrl Pts',(-10.4365636505391,31.3686387087099,-33.3011643371615));
#2125=CARTESIAN_POINT('Ctrl Pts',(-12.9865636505466,31.3686387087099,-33.3011643371615));
#2126=CARTESIAN_POINT('',(5.0384363494535,29.5712104077629,-26.0059361603786));
#2127=CARTESIAN_POINT('',(5.0384363494535,31.3686387087099,-33.3011643371615));
#2128=CARTESIAN_POINT('Origin',(5.0384363494535,30.6339263788122,-33.1505064721283));
#2129=CARTESIAN_POINT('',(5.0384363494535,29.8992141691194,-32.9998487594649));
#2130=CARTESIAN_POINT('Origin',(-10.4365636505396,22.7969981280417,-31.543486845267));
#2131=CARTESIAN_POINT('',(5.0384363494535,28.4110273598666,-26.9559887983867));
#2132=CARTESIAN_POINT('Ctrl Pts',(-10.436563650539,28.4110273598666,-26.9559887983867));
#2133=CARTESIAN_POINT('Ctrl Pts',(-12.9865636505466,28.4110273598666,-26.9559887983867));
#2134=CARTESIAN_POINT('Ctrl Pts',(-10.436563650539,28.2433290065349,-26.7507650568899));
#2135=CARTESIAN_POINT('Ctrl Pts',(-12.9865636505466,28.2433290065349,-26.7507650568899));
#2136=CARTESIAN_POINT('Ctrl Pts',(-10.436563650539,28.1231997845103,-26.3944731320889));
#2137=CARTESIAN_POINT('Ctrl Pts',(-12.9865636505466,28.1231997845103,-26.3944731320889));
#2138=CARTESIAN_POINT('Ctrl Pts',(-10.436563650539,28.3115682103342,-26.0690621583723));
#2139=CARTESIAN_POINT('Ctrl Pts',(-12.9865636505466,28.3115682103342,-26.0690621583723));
#2140=CARTESIAN_POINT('Ctrl Pts',(-10.436563650539,28.7216673598457,-25.7332396238302));
#2141=CARTESIAN_POINT('Ctrl Pts',(-12.9865636505466,28.7216673598457,-25.7332396238302));
#2142=CARTESIAN_POINT('Ctrl Pts',(-10.436563650539,29.0778344091271,-25.6127406667026));
#2143=CARTESIAN_POINT('Ctrl Pts',(-12.9865636505466,29.0778344091271,-25.6127406667026));
#2144=CARTESIAN_POINT('Ctrl Pts',(-10.436563650539,29.403440717493,-25.8007712429794));
#2145=CARTESIAN_POINT('Ctrl Pts',(-12.9865636505466,29.403440717493,-25.8007712429794));
#2146=CARTESIAN_POINT('Ctrl Pts',(-10.436563650539,29.5712104077629,-26.0059361603786));
#2147=CARTESIAN_POINT('Ctrl Pts',(-12.9865636505466,29.5712104077629,-26.0059361603786));
#2148=CARTESIAN_POINT('Origin',(-11.4615636505465,27.7197644906,-40.1394288423284));
#2149=CARTESIAN_POINT('Origin',(-12.2115636505465,22.3074710494818,-24.5811660401443));
#2150=CARTESIAN_POINT('Ctrl Pts',(-11.4615636505422,12.1126659055609,-32.5657459422929));
#2151=CARTESIAN_POINT('Ctrl Pts',(-10.261563650475,12.1126659055615,-32.5657459422964));
#2152=CARTESIAN_POINT('Ctrl Pts',(-11.4615636505254,12.8547652332452,-35.4877229686233));
#2153=CARTESIAN_POINT('Ctrl Pts',(-10.2615636504582,12.8547652332458,-35.4877229686268));
#2154=CARTESIAN_POINT('Ctrl Pts',(-11.4615636505497,14.0942869180481,-37.9677421127454));
#2155=CARTESIAN_POINT('Ctrl Pts',(-10.2615636504825,14.0942869180487,-37.9677421127489));
#2156=CARTESIAN_POINT('Ctrl Pts',(-11.4615636505759,14.9832978248962,-39.9751798798016));
#2157=CARTESIAN_POINT('Ctrl Pts',(-10.2615636505087,14.9832978248968,-39.9751798798051));
#2158=CARTESIAN_POINT('',(-10.4615636505422,12.1126659055614,-32.5657459422959));
#2159=CARTESIAN_POINT('',(-11.4615636505456,14.9832978248962,-39.9751798798016));
#2160=CARTESIAN_POINT('Origin',(-10.9615636505369,20.4693913773296,-37.5456166404633));
#2161=CARTESIAN_POINT('Origin',(-10.9615636505398,15.9895858409568,-31.5811181879975));
#2162=CARTESIAN_POINT('Origin',(-10.4615636505465,25.2620786938183,-41.7970491862492));
#2163=CARTESIAN_POINT('',(-10.4615636505465,29.2510870771157,-38.2643803150773));
#2164=CARTESIAN_POINT('',(-10.4615636505465,28.011338695773,-39.3623024285513));
#2165=CARTESIAN_POINT('Origin',(-10.9615636505443,33.229012792178,-42.7561624787009));
#2166=CARTESIAN_POINT('Origin',(-10.9615636505465,31.9892644108353,-43.8540845921748));
#2167=UNCERTAINTY_MEASURE_WITH_UNIT(LENGTH_MEASURE(0.01),#2171,
'DISTANCE_ACCURACY_VALUE',
'Maximum model space distance between geometric entities at asserted c
onnectivities');
#2168=UNCERTAINTY_MEASURE_WITH_UNIT(LENGTH_MEASURE(0.01),#2171,
'DISTANCE_ACCURACY_VALUE',
'Maximum model space distance between geometric entities at asserted c
onnectivities');
#2169=(
GEOMETRIC_REPRESENTATION_CONTEXT(3)
GLOBAL_UNCERTAINTY_ASSIGNED_CONTEXT((#2167))
GLOBAL_UNIT_ASSIGNED_CONTEXT((#2171,#2172,#2173))
REPRESENTATION_CONTEXT('','3D')
);
#2170=(
GEOMETRIC_REPRESENTATION_CONTEXT(3)
GLOBAL_UNCERTAINTY_ASSIGNED_CONTEXT((#2168))
GLOBAL_UNIT_ASSIGNED_CONTEXT((#2171,#2172,#2173))
REPRESENTATION_CONTEXT('','3D')
);
#2171=(
LENGTH_UNIT()
NAMED_UNIT(*)
SI_UNIT(.MILLI.,.METRE.)
);
#2172=(
NAMED_UNIT(*)
PLANE_ANGLE_UNIT()
SI_UNIT($,.RADIAN.)
);
#2173=(
NAMED_UNIT(*)
SI_UNIT($,.STERADIAN.)
SOLID_ANGLE_UNIT()
);
#2174=SHAPE_DEFINITION_REPRESENTATION(#2175,#2176);
#2175=PRODUCT_DEFINITION_SHAPE('',$,#2178);
#2176=SHAPE_REPRESENTATION('',(#675),#2169);
#2177=PRODUCT_DEFINITION_CONTEXT('part definition',#2182,'design');
#2178=PRODUCT_DEFINITION('AetherFPV Drone 5(F)_objects',
'AetherFPV Drone 5(F)-9.3 v49',#2179,#2177);
#2179=PRODUCT_DEFINITION_FORMATION('',$,#2184);
#2180=PRODUCT_RELATED_PRODUCT_CATEGORY('AetherFPV Drone 5(F)-9.3 v49',
'AetherFPV Drone 5(F)-9.3 v49',(#2184));
#2181=APPLICATION_PROTOCOL_DEFINITION('international standard',
'automotive_design',2009,#2182);
#2182=APPLICATION_CONTEXT(
'Core Data for Automotive Mechanical Design Process');
#2183=PRODUCT_CONTEXT('part definition',#2182,'mechanical');
#2184=PRODUCT('AetherFPV Drone 5(F)_objects',
'AetherFPV Drone 5(F)-9.3 v49',$,(#2183));
#2185=PRESENTATION_STYLE_ASSIGNMENT((#2192));
#2186=PRESENTATION_STYLE_ASSIGNMENT((#2193));
#2187=PRESENTATION_STYLE_ASSIGNMENT((#2194));
#2188=PRESENTATION_STYLE_ASSIGNMENT((#2195));
#2189=PRESENTATION_STYLE_ASSIGNMENT((#2196));
#2190=PRESENTATION_STYLE_ASSIGNMENT((#2197));
#2191=PRESENTATION_STYLE_ASSIGNMENT((#2198));
#2192=SURFACE_STYLE_USAGE(.BOTH.,#2199);
#2193=SURFACE_STYLE_USAGE(.BOTH.,#2200);
#2194=SURFACE_STYLE_USAGE(.BOTH.,#2201);
#2195=SURFACE_STYLE_USAGE(.BOTH.,#2202);
#2196=SURFACE_STYLE_USAGE(.BOTH.,#2203);
#2197=SURFACE_STYLE_USAGE(.BOTH.,#2204);
#2198=SURFACE_STYLE_USAGE(.BOTH.,#2205);
#2199=SURFACE_SIDE_STYLE('',(#2206));
#2200=SURFACE_SIDE_STYLE('',(#2207));
#2201=SURFACE_SIDE_STYLE('',(#2208));
#2202=SURFACE_SIDE_STYLE('',(#2209));
#2203=SURFACE_SIDE_STYLE('',(#2210));
#2204=SURFACE_SIDE_STYLE('',(#2211));
#2205=SURFACE_SIDE_STYLE('',(#2212));
#2206=SURFACE_STYLE_FILL_AREA(#2213);
#2207=SURFACE_STYLE_FILL_AREA(#2214);
#2208=SURFACE_STYLE_FILL_AREA(#2215);
#2209=SURFACE_STYLE_FILL_AREA(#2216);
#2210=SURFACE_STYLE_FILL_AREA(#2217);
#2211=SURFACE_STYLE_FILL_AREA(#2218);
#2212=SURFACE_STYLE_FILL_AREA(#2219);
#2213=FILL_AREA_STYLE('Steel - Satin',(#2220));
#2214=FILL_AREA_STYLE('Opaque(76,76,76)',(#2221));
#2215=FILL_AREA_STYLE('Opaque(255,0,0)',(#2222));
#2216=FILL_AREA_STYLE('Carbon Fiber - Plain',(#2223));
#2217=FILL_AREA_STYLE('Aluminum - Polished',(#2224));
#2218=FILL_AREA_STYLE('Opaque(242,242,242)',(#2225));
#2219=FILL_AREA_STYLE('Opaque(255,255,0)',(#2226));
#2220=FILL_AREA_STYLE_COLOUR('Steel - Satin',#2227);
#2221=FILL_AREA_STYLE_COLOUR('Opaque(76,76,76)',#2228);
#2222=FILL_AREA_STYLE_COLOUR('Opaque(255,0,0)',#2229);
#2223=FILL_AREA_STYLE_COLOUR('Carbon Fiber - Plain',#2230);
#2224=FILL_AREA_STYLE_COLOUR('Aluminum - Polished',#2231);
#2225=FILL_AREA_STYLE_COLOUR('Opaque(242,242,242)',#2232);
#2226=FILL_AREA_STYLE_COLOUR('Opaque(255,255,0)',#2233);
#2227=COLOUR_RGB('Steel - Satin',0.627450980392157,0.627450980392157,0.627450980392157);
#2228=COLOUR_RGB('Opaque(76,76,76)',0.298039215686275,0.298039215686275,
0.298039215686275);
#2229=COLOUR_RGB('Opaque(255,0,0)',1.,0.,0.);
#2230=COLOUR_RGB('Carbon Fiber - Plain',0.0980392156862745,0.0980392156862745,
0.0980392156862745);
#2231=COLOUR_RGB('Aluminum - Polished',0.635294117647059,0.894117647058824,
0.72156862745098);
#2232=COLOUR_RGB('Opaque(242,242,242)',0.949019607843137,0.949019607843137,
0.949019607843137);
#2233=COLOUR_RGB('Opaque(255,255,0)',1.,1.,0.);
ENDSEC;
END-ISO-10303-21;
